relativePath,status,raw-egraph,raw-egraph-debruijn,java-egglog,java-egglog-debruijn,slotted-egraph,canonical
"classroom_fol/correct/4W7iJNHhMCRWQkKhq_inv12.als","CORRECT",false,true,false,true,true,true
"classroom_fol/correct/NR62BqTREnSs8AMAX_inv12.als","CORRECT",false,true,false,true,true,true
"classroom_fol/correct/P8hy2oGL6d5uGaoFA_inv12.als","CORRECT",false,true,false,true,true,true
"classroom_fol/correct/WNa9W24avPQhrnfQL_inv12.als","CORRECT",false,true,false,true,true,true
"classroom_fol/correct/WtpYmrhsNTfS5Hzof_inv12.als","CORRECT",false,true,false,true,true,true
"classroom_fol/correct/YoT7XzPQzDkE2xsEL_inv12.als","CORRECT",false,true,false,true,true,true
"classroom_fol/correct/aprau2HrFYQ3XEtBY_inv12.als","CORRECT",false,true,false,true,true,true
"classroom_fol/correct/dfYDGZ8dCRs5Ya9mf_inv12.als","CORRECT",false,true,false,true,true,true
"classroom_fol/correct/m3pFCWRFRwu84jd76_inv12.als","CORRECT",false,true,false,true,true,true
"classroom_fol/correct/sg8KQRoXzYYCwxYeD_inv12.als","CORRECT",false,true,false,true,true,true
"classroom_fol/correct/zvGv7Ceyf57H472NE_inv12.als","CORRECT",false,true,false,true,true,true
"classroom_rl/correct/2Dhd7qqqRcJ9rXox4_inv10.als","CORRECT",false,false,false,false,false,true
"classroom_rl/correct/2pi23j7uJ7BbD3oLW_inv12.als","CORRECT",false,true,false,true,true,true
"classroom_rl/correct/4N2TFZx89P2uPqBbZ_inv10.als","CORRECT",false,false,false,false,false,true
"classroom_rl/correct/4cjcymwSb2g9yRsii_inv12.als","CORRECT",false,true,false,true,true,true
"classroom_rl/correct/5MtmBXpjvP8nsTBsN_inv10.als","CORRECT",false,false,false,false,false,true
"classroom_rl/correct/5nq6i3ASZtjBFgQuB_inv12.als","CORRECT",false,true,false,true,true,true
"classroom_rl/correct/6kqWHbak5nQjsnJvg_inv10.als","CORRECT",false,false,false,false,false,true
"classroom_rl/correct/6sT6B6kLSPdpsZzhp_inv12.als","CORRECT",false,true,false,true,true,true
"classroom_rl/correct/9HgYvadiPc3LRLsNW_inv15.als","CORRECT",false,true,false,true,true,true
"classroom_rl/correct/CDBbdqakryNAt2Xyo_inv12.als","CORRECT",false,true,false,true,true,true
"classroom_rl/correct/CJYZKehHXCt4KNpAf_inv12.als","CORRECT",false,true,false,true,true,true
"classroom_rl/correct/CRpeJmDtoGzzW6pw3_inv10.als","CORRECT",false,false,false,false,false,true
"classroom_rl/correct/CjmZFaAvq94MSB9jc_inv15.als","CORRECT",false,true,false,true,true,true
"classroom_rl/correct/Ezunkzaa6Am54xd39_inv12.als","CORRECT",false,true,false,true,true,true
"classroom_rl/correct/FevdpoMdfyFWaNHcr_inv12.als","CORRECT",false,true,false,true,true,true
"classroom_rl/correct/H53BsZgoQ4KMJun7c_inv15.als","CORRECT",false,true,false,true,true,true
"classroom_rl/correct/H8xgqH4J3vHAH5BQB_inv12.als","CORRECT",false,true,false,true,true,true
"classroom_rl/correct/HLjCxetNYgbnhABEs_inv12.als","CORRECT",false,true,false,true,true,true
"classroom_rl/correct/KF9CFtksmKfmvLBQQ_inv12.als","CORRECT",false,true,false,true,true,true
"classroom_rl/correct/LxWJmyGHJycAiccBJ_inv15.als","CORRECT",false,true,false,true,true,true
"classroom_rl/correct/Pkajjb7EvjnWR5mb8_inv10.als","CORRECT",false,false,false,false,false,true
"classroom_rl/correct/QeSmeK5wsjbsGE3zc_inv10.als","CORRECT",false,false,false,false,false,true
"classroom_rl/correct/QoHqJte5oqzvYzbPz_inv12.als","CORRECT",false,true,false,true,true,true
"classroom_rl/correct/RHsyo9MDTknm5q3wg_inv12.als","CORRECT",false,true,false,true,true,true
"classroom_rl/correct/RuWxxzdvJLB32BneK_inv10.als","CORRECT",false,false,false,false,false,true
"classroom_rl/correct/S65r38gu4o7MkJacC_inv12.als","CORRECT",false,true,false,true,true,true
"classroom_rl/correct/SKQePC9WW6HYoRbK3_inv12.als","CORRECT",false,true,false,true,true,true
"classroom_rl/correct/SpgoMhTnmj2GyhZrx_inv12.als","CORRECT",false,true,false,true,true,true
"classroom_rl/correct/Tjx75WaFmozg4Y2jT_inv15.als","CORRECT",false,true,false,true,true,true
"classroom_rl/correct/WFGoxbHyB3Xm24Afx_inv12.als","CORRECT",false,true,false,true,true,true
"classroom_rl/correct/WTjBLoq8KzS2jW4Lb_inv12.als","CORRECT",false,true,false,true,true,true
"classroom_rl/correct/Wv99SvsygZPD4q2Kt_inv10.als","CORRECT",false,false,false,false,false,true
"classroom_rl/correct/YEt5sExvdZKxPCzDB_inv12.als","CORRECT",false,true,false,true,true,true
"classroom_rl/correct/ZqfGLbPibDcQmSZNf_inv15.als","CORRECT",false,true,false,true,true,true
"classroom_rl/correct/Zw8waeKnDhdoKYMxK_inv12.als","CORRECT",false,true,false,true,true,true
"classroom_rl/correct/aLoBmp3Yyq6StNHEQ_inv12.als","CORRECT",false,true,false,true,true,true
"classroom_rl/correct/aex5G5dZgWhn2mKgA_inv10.als","CORRECT",false,false,false,false,false,true
"classroom_rl/correct/ajRjcW5eatfZWMfQS_inv12.als","CORRECT",false,true,false,true,true,true
"classroom_rl/correct/augDymRJBdQt2AL2n_inv12.als","CORRECT",false,true,false,true,true,true
"classroom_rl/correct/auq9pxCaSvZrNeFci_inv10.als","CORRECT",false,false,false,false,false,true
"classroom_rl/correct/buwTLsNr6zjxspNGq_inv12.als","CORRECT",false,true,false,true,true,true
"classroom_rl/correct/dMHJogRN4zasaxXEY_inv12.als","CORRECT",false,true,false,true,true,true
"classroom_rl/correct/diH6uRbss7sXQ4xYh_inv12.als","CORRECT",false,true,false,true,true,true
"classroom_rl/correct/dtYYYnHikYSG2vmdA_inv12.als","CORRECT",false,true,false,true,true,true
"classroom_rl/correct/dwaotpWH2wN9N25kR_inv10.als","CORRECT",false,false,false,false,false,true
"classroom_rl/correct/dx8iBKMB8tbBEDauH_inv12.als","CORRECT",false,true,false,true,true,true
"classroom_rl/correct/eyH7PS4B3NKQBg5CB_inv12.als","CORRECT",false,true,false,true,true,true
"classroom_rl/correct/fBEerTfmerFEDDXnL_inv15.als","CORRECT",false,true,false,true,true,true
"classroom_rl/correct/fcMCyuQBtAL6KkFri_inv12.als","CORRECT",false,true,false,true,true,true
"classroom_rl/correct/fxCEQoNvQXDAyELys_inv15.als","CORRECT",false,true,false,true,true,true
"classroom_rl/correct/g9fg5Q6kjEjWAQnQo_inv12.als","CORRECT",false,true,false,true,true,true
"classroom_rl/correct/gD99od6CWvPxryRa8_inv12.als","CORRECT",false,true,false,true,true,true
"classroom_rl/correct/gdJRhqbkqSpzmmaCz_inv10.als","CORRECT",false,false,false,false,false,true
"classroom_rl/correct/hAgCHGPa3newLtWZr_inv12.als","CORRECT",false,true,false,true,true,true
"classroom_rl/correct/hdkjJTWitPrPj47ci_inv10.als","CORRECT",false,false,false,false,false,true
"classroom_rl/correct/hebSLBtHLEcMPj4K8_inv12.als","CORRECT",false,true,false,true,true,true
"classroom_rl/correct/hzFD6agTjQMZeTT72_inv12.als","CORRECT",false,true,false,true,true,true
"classroom_rl/correct/iTFupuXoRSjSWnRJu_inv12.als","CORRECT",false,true,false,true,true,true
"classroom_rl/correct/jNPf6NaEtKAuzx8M9_inv12.als","CORRECT",false,true,false,true,true,true
"classroom_rl/correct/mNXY2fGr2Wm9pTS4K_inv12.als","CORRECT",false,true,false,true,true,true
"classroom_rl/correct/mdKH9HMCx2JZoJhPp_inv12.als","CORRECT",false,true,false,true,true,true
"classroom_rl/correct/n4uJrysoC96LSqCvT_inv12.als","CORRECT",false,true,false,true,true,true
"classroom_rl/correct/ozvNWCJsLJccNiu8i_inv15.als","CORRECT",false,true,false,true,true,true
"classroom_rl/correct/pg5SihazPu6PeKY2j_inv15.als","CORRECT",false,true,false,true,true,true
"classroom_rl/correct/pzr9FighazSyioGM2_inv10.als","CORRECT",false,false,false,false,false,true
"classroom_rl/correct/rJKkqbANExDZ253Wp_inv10.als","CORRECT",false,false,false,false,false,true
"classroom_rl/correct/sAHTH6LbmHaJq9QPb_inv12.als","CORRECT",false,true,false,true,true,true
"classroom_rl/correct/sNsALJ59CD7YTPMKZ_inv15.als","CORRECT",false,true,false,true,true,true
"classroom_rl/correct/srvstTLoTAYi8cS6W_inv10.als","CORRECT",false,false,false,false,false,true
"classroom_rl/correct/tEcYH5PN6HavEz4q5_inv15.als","CORRECT",false,true,false,true,true,true
"classroom_rl/correct/tEdntWAaXbryPJJms_inv12.als","CORRECT",false,true,false,true,true,true
"classroom_rl/correct/tNuAhyMYZJJM2ty5B_inv12.als","CORRECT",false,true,false,true,true,true
"classroom_rl/correct/tZtCeTeYFbMTR7HwT_inv12.als","CORRECT",false,true,false,true,true,true
"classroom_rl/correct/tyLpTgaA5CwmLe5NJ_inv12.als","CORRECT",false,true,false,true,true,true
"classroom_rl/correct/vJDmyeuzWLXhpSnFZ_inv12.als","CORRECT",false,true,false,true,true,true
"classroom_rl/correct/vTbdkeQWqkmFun4HM_inv10.als","CORRECT",false,false,false,false,false,true
"classroom_rl/correct/withbSMoLmv4Wb9MY_inv10.als","CORRECT",false,false,false,false,false,true
"classroom_rl/correct/ywL3wDcLrgyZTSqw2_inv12.als","CORRECT",false,true,false,true,true,true
"classroom_rl/correct/zKr8rWFM2hd2tffTr_inv10.als","CORRECT",false,false,false,false,false,true
"classroom_rl/correct/zf64ekryZRD4JmBAJ_inv12.als","CORRECT",false,true,false,true,true,true
"classroom_rl/correct/znncpNLA7ANv2in9G_inv12.als","CORRECT",false,true,false,true,true,true
"coursesNew/correct/3GLu4XtdRL39mXA8X_inv4.als","CORRECT",false,true,false,true,true,true
"coursesNew/correct/AvkQam7cXX99qN6No_inv12.als","CORRECT",false,false,false,false,false,true
"coursesNew/correct/B67gPnc6iZbWzyPcS_inv8.als","CORRECT",false,true,false,true,true,true
"coursesNew/correct/Eqot8SgRNEdXcirLv_inv4.als","CORRECT",false,true,false,true,true,true
"coursesNew/correct/YP8WRqF8qhPDbhtQ6_inv12.als","CORRECT",false,false,false,false,false,true
"coursesNew/correct/YtfW2SwWcXpQJ7wTq_inv12.als","CORRECT",false,false,false,false,false,true
"coursesNew/correct/av2ik6nMzNQH74tK3_inv12.als","CORRECT",false,false,false,false,false,true
"coursesNew/correct/jEqPMMSEfRvSbzwee_inv4.als","CORRECT",false,true,false,true,true,true
"coursesNew/correct/nPFjR3XBs3xgHHNM2_inv8.als","CORRECT",false,true,false,true,true,true
"coursesNew/correct/px3DMMJLPFR3bDMPs_inv4.als","CORRECT",false,true,false,true,true,true
"coursesNew/correct/w7EATBdmaYSmRrfPW_inv7.als","CORRECT",false,false,false,false,false,true
"coursesOld/correct/4vzTBnGPNtk9pzWTk_inv4.als","CORRECT",false,true,false,true,true,true
"coursesOld/correct/E8s85biiWGb8vynJa_inv12.als","CORRECT",false,false,false,false,false,true
"coursesOld/correct/NrQ2msxw6kxDZiQji_inv4.als","CORRECT",false,true,false,true,true,true
"coursesOld/correct/bMMSsGsStryKTPvki_inv7.als","CORRECT",false,false,false,false,false,true
"cv_v1/correct/24Fpc5LRmo2Ja6WpF_inv2.als","CORRECT",false,true,false,true,true,true
"cv_v1/correct/MmZPigNATsXEFgQ8C_inv3.als","CORRECT",false,true,false,true,true,true
"cv_v1/correct/SFe5SB9Hu8dL2fJgN_inv3.als","CORRECT",false,true,false,true,true,true
"cv_v1/correct/eNRqhSgZDp7EKMrrt_inv2.als","CORRECT",false,true,false,true,true,true
"cv_v1/correct/fa7tBwaBzBuLPXF3E_inv4.als","CORRECT",false,false,false,false,false,true
"cv_v1/correct/hYAsNCFKzA86F4rBF_inv3.als","CORRECT",false,false,false,false,false,true
"cv_v1/correct/tij5htbGNcoxDRQKJ_inv3.als","CORRECT",false,false,false,false,false,true
"cv_v1/correct/twqEBwuPtGujZA8RB_inv3.als","CORRECT",false,false,false,false,false,true
"cv_v2/correct/cHSHvZhgwJwtEdK7z_inv3.als","CORRECT",false,true,false,true,true,true
"cv_v2/correct/kxdRtwLzfARCgcMvK_inv3.als","CORRECT",false,true,false,true,true,true
"graphs/correct/2Ph8JQmkLHYy7ERus_inv3.als","CORRECT",false,true,false,true,true,true
"graphs/correct/2mpJRKeXJt4us4Bwt_inv3.als","CORRECT",false,true,false,true,true,true
"graphs/correct/5FixEEKArERXE4Nag_inv3.als","CORRECT",false,true,false,true,true,true
"graphs/correct/BfzxXSYXC7xs6mgQw_inv3.als","CORRECT",false,true,false,true,true,true
"graphs/correct/DqqXAzgp2jssqPJbz_inv3.als","CORRECT",false,true,false,true,true,true
"graphs/correct/H3R3MBtFFZibw7ucw_inv3.als","CORRECT",false,true,false,true,true,true
"graphs/correct/Nm8SABkoMLXb8MBSS_inv3.als","CORRECT",false,true,false,true,true,true
"graphs/correct/Ro4cPBxJ6pZpNshv3_inv3.als","CORRECT",false,true,false,true,true,true
"graphs/correct/S6zmfRAAWNdDH9gK4_inv3.als","CORRECT",false,true,false,true,true,true
"graphs/correct/cL77F8QNj95tjuEBq_inv3.als","CORRECT",false,true,false,true,true,true
"graphs/correct/jiPdi6cBC2SFXJ2SF_inv3.als","CORRECT",false,true,false,true,true,true
"graphs/correct/txRjaXAQNJxoegEP9_inv3.als","CORRECT",false,true,false,true,true,true
"graphs/correct/wHQFZoSvQHesi8XEp_inv3.als","CORRECT",false,true,false,true,true,true
"graphs/correct/xPbGfiG9jeFWew5Eq_inv3.als","CORRECT",false,true,false,true,true,true
"graphs/correct/xR9sgNgL6Rk7cSAGR_inv3.als","CORRECT",false,true,false,true,true,true
"lts/correct/24koD4ukJs8N4CeoY_inv3.als","CORRECT",false,false,false,false,false,true
"lts/correct/393AxgCnhDqJ9858F_inv3.als","CORRECT",false,false,false,false,false,true
"lts/correct/3FANo9apJfBb9HYJb_inv5.als","CORRECT",false,true,false,true,true,true
"lts/correct/3h8iNjqADajovierX_inv3.als","CORRECT",false,false,false,false,false,true
"lts/correct/4QraZN2BXi2K2vF48_inv3.als","CORRECT",false,false,false,false,false,true
"lts/correct/4aQoKuThn3JDdgsJF_inv3.als","CORRECT",false,false,false,false,false,true
"lts/correct/CJJMSxesbf68KuLJf_inv3.als","CORRECT",false,true,false,true,true,true
"lts/correct/CZKo29Q4vTxkMCzBv_inv5.als","CORRECT",false,true,false,true,true,true
"lts/correct/Cgnk6C76ndcvgypXu_inv5.als","CORRECT",false,true,false,true,true,true
"lts/correct/KZRpBcygnZmZNBu4c_inv5.als","CORRECT",false,false,false,false,false,true
"lts/correct/KmkAEvXeyd3cfokQp_inv3.als","CORRECT",false,false,false,false,false,true
"lts/correct/LjS53b9SSaf2aCa35_inv5.als","CORRECT",false,false,false,false,false,true
"lts/correct/NfKLor3Zux6CDNkNq_inv5.als","CORRECT",false,true,false,true,true,true
"lts/correct/Q6mLuukLjXCHgAd9e_inv5.als","CORRECT",false,false,false,false,true,true
"lts/correct/QQZ9eHWE8cLisFa7K_inv5.als","CORRECT",false,true,false,true,true,true
"lts/correct/SiKLvSpDghaXhAafk_inv3.als","CORRECT",false,false,false,false,false,true
"lts/correct/SjPsRa6DaR3CJnMHE_inv3.als","CORRECT",false,false,false,false,false,true
"lts/correct/Svcffio6QetLzcyp2_inv7.als","CORRECT",false,true,false,true,true,true
"lts/correct/WSQNzmg5gomBLuZnh_inv1.als","CORRECT",false,true,false,true,true,true
"lts/correct/Ws4kqz9BHqKbXgDuM_inv3.als","CORRECT",false,false,false,false,false,true
"lts/correct/YSNi29vegS9bQ44ND_inv3.als","CORRECT",false,false,false,false,false,true
"lts/correct/ZJyY2s5yryBm8o73g_inv3.als","CORRECT",false,false,false,false,false,true
"lts/correct/bw54QzgvL2JSWgeEM_inv3.als","CORRECT",false,true,false,true,true,true
"lts/correct/eie4cNZtcH6CWytco_inv3.als","CORRECT",false,false,false,false,false,true
"lts/correct/g5Yam28ce8hpwX5MS_inv5.als","CORRECT",false,true,false,true,true,true
"lts/correct/guxeoTz3wKsTLTLC7_inv3.als","CORRECT",false,false,false,false,false,true
"lts/correct/j3KwLSwEzEMmw546k_inv1.als","CORRECT",false,true,false,true,true,true
"lts/correct/p2GL65ZbgJ3u5JxEr_inv3.als","CORRECT",false,false,false,false,false,true
"lts/correct/ptpWyLSRS5J3esaK8_inv5.als","CORRECT",false,true,false,true,true,true
"lts/correct/qo3DTD56zyBXdQzKk_inv5.als","CORRECT",false,true,false,true,true,true
"lts/correct/tHFYsHKCxHBrkHpHf_inv3.als","CORRECT",false,false,false,false,false,true
"lts/correct/u4eTaidT4h8vq3b9X_inv5.als","CORRECT",false,true,false,true,true,true
"lts/correct/uQ39cvsuuXcoBBtW8_inv5.als","CORRECT",false,true,false,true,true,true
"lts/correct/v2atha5YJjTgkbWjE_inv5.als","CORRECT",false,true,false,true,true,true
"lts/correct/vP8DBJB6eDTEoTyis_inv3.als","CORRECT",false,false,false,false,false,true
"lts/correct/w3CKBNyLSTA7FZzkR_inv3.als","CORRECT",false,false,false,false,false,true
"lts/correct/xW8jZkNo4SBYpaJJ5_inv1.als","CORRECT",false,true,false,true,true,true
"lts/correct/y5fiMo4aB9Q4iPY6G_inv3.als","CORRECT",false,false,false,false,false,true
"lts/correct/yFT8HWJNgKKZkSsuj_inv3.als","CORRECT",false,true,false,true,true,true
"lts/correct/zLjhS3e5wYJEDLaFZ_inv5.als","CORRECT",false,false,false,false,false,true
"productionLineNew/correct/2ayNd5S3iLrrgtY74_inv5.als","CORRECT",false,true,false,true,true,true
"productionLineNew/correct/4nHmS6XbFhhamgofv_inv4.als","CORRECT",false,true,false,true,true,true
"productionLineNew/correct/5Zs5JwsfHQZRMJaqa_inv5.als","CORRECT",false,true,false,true,true,true
"productionLineNew/correct/5mG8jr6oYqY6xvmX5_inv5.als","CORRECT",false,true,false,true,true,true
"productionLineNew/correct/6Be2yxMpgmcojxeqJ_inv5.als","CORRECT",false,true,false,true,true,true
"productionLineNew/correct/6fvKd5M3J4Zro7N67_inv6.als","CORRECT",false,true,false,true,true,true
"productionLineNew/correct/7WFkiPAQzKDMaqvJn_inv4.als","CORRECT",false,true,false,true,true,true
"productionLineNew/correct/85zohbcEAtpXpJjys_inv5.als","CORRECT",false,true,false,true,true,true
"productionLineNew/correct/9SaF9jPsn3jsFzHG6_inv4.als","CORRECT",false,true,false,true,true,true
"productionLineNew/correct/AGohzw2pbtqJDxFEc_inv5.als","CORRECT",false,true,false,true,true,true
"productionLineNew/correct/AKSWyuxZCv3LAAsKv_inv6.als","CORRECT",false,true,false,true,true,true
"productionLineNew/correct/EmXPfAqaT6gPytThg_inv5.als","CORRECT",false,true,false,true,false,false
"productionLineNew/correct/F27N8giQssQ3QJdYB_inv5.als","CORRECT",false,true,false,true,true,true
"productionLineNew/correct/FLxNSsrG5MQgngHH5_inv5.als","CORRECT",false,true,false,true,true,true
"productionLineNew/correct/FTZ8wZXNBPYPf6Rum_inv4.als","CORRECT",false,true,false,true,true,true
"productionLineNew/correct/GHP5Bq6fi7naQE2s8_inv5.als","CORRECT",false,true,false,true,true,true
"productionLineNew/correct/GcK6fGjsCEpLDBnf5_inv3.als","CORRECT",false,true,false,true,true,true
"productionLineNew/correct/H8tXtr5uAwfDtmrsN_inv6.als","CORRECT",false,true,false,true,true,true
"productionLineNew/correct/Je2M9rZRW2Y44zbYb_inv5.als","CORRECT",false,true,false,true,true,true
"productionLineNew/correct/K4LXTar8umtYTfqwe_inv5.als","CORRECT",false,true,false,true,true,true
"productionLineNew/correct/N8reNPDB5asHpQo25_inv5.als","CORRECT",false,true,false,true,true,true
"productionLineNew/correct/NBbr8fJqCsbP6eMk9_inv4.als","CORRECT",false,true,false,true,true,true
"productionLineNew/correct/NYkyeA3tKiruQiraE_inv3.als","CORRECT",false,true,false,true,true,true
"productionLineNew/correct/Nsc3SM3SfEgBT66Y3_inv4.als","CORRECT",false,true,false,true,true,true
"productionLineNew/correct/Pmb3wozmZ5izpGt3c_inv4.als","CORRECT",false,true,false,true,true,true
"productionLineNew/correct/RxbpbcaAqBz5rjAQ6_inv8.als","CORRECT",false,true,false,true,true,true
"productionLineNew/correct/Th8oNaqSbdiTTPv2a_inv5.als","CORRECT",false,true,false,true,true,true
"productionLineNew/correct/XL6jjSwc5i5MrBp93_inv5.als","CORRECT",false,true,false,true,true,true
"productionLineNew/correct/XZvKryu7K4GA2jhoD_inv5.als","CORRECT",false,true,false,true,true,true
"productionLineNew/correct/YbWjeE5Mp7rzPKfr7_inv4.als","CORRECT",false,true,false,true,true,true
"productionLineNew/correct/YscSZRdMcsCoWuLuv_inv3.als","CORRECT",false,true,false,true,true,true
"productionLineNew/correct/Z2CdjNWDeZR4mEfao_inv3.als","CORRECT",false,true,false,true,true,true
"productionLineNew/correct/aBwWDxa9sRWzPiDZm_inv5.als","CORRECT",false,true,false,true,true,true
"productionLineNew/correct/aLXhHcdtnHQ6dR3ir_inv4.als","CORRECT",false,true,false,true,true,true
"productionLineNew/correct/bKDwEs4bnpbnZtP24_inv6.als","CORRECT",false,true,false,true,true,true
"productionLineNew/correct/bZETsxpogchCYQtF4_inv3.als","CORRECT",false,true,false,true,true,true
"productionLineNew/correct/dGfvtqsdBPXP9A6FA_inv6.als","CORRECT",false,true,false,true,true,true
"productionLineNew/correct/gXz5Rb5FFxam8WWEa_inv5.als","CORRECT",false,true,false,true,true,true
"productionLineNew/correct/gvbWCv4dsJtqT97Wu_inv5.als","CORRECT",false,true,false,true,true,true
"productionLineNew/correct/h5ewDk9yquucoPo8N_inv3.als","CORRECT",false,true,false,true,true,true
"productionLineNew/correct/hYwgKzAifS2CS4LKM_inv4.als","CORRECT",false,true,false,true,true,true
"productionLineNew/correct/hh7evhiYiSxrAR3Sj_inv5.als","CORRECT",false,true,false,true,true,true
"productionLineNew/correct/iw3jM4bNHsQXbdGnF_inv4.als","CORRECT",false,true,false,true,true,true
"productionLineNew/correct/jtdsZYzREAnKHJSgs_inv4.als","CORRECT",false,true,false,true,true,true
"productionLineNew/correct/jzm2XEaaRJ2YgQ6j4_inv5.als","CORRECT",false,true,false,true,true,true
"productionLineNew/correct/m3JTs8RhQDqbpN89p_inv4.als","CORRECT",false,true,false,true,true,true
"productionLineNew/correct/mtLPrSyu62ESGJ9k3_inv3.als","CORRECT",false,true,false,true,true,true
"productionLineNew/correct/pCHrm5TDhMnPdXte5_inv4.als","CORRECT",false,true,false,true,true,true
"productionLineNew/correct/pGNpKmwnYdFdXrBay_inv5.als","CORRECT",false,true,false,true,true,true
"productionLineNew/correct/pHBYDZ37WEqZnBNfr_inv5.als","CORRECT",false,true,false,true,true,true
"productionLineNew/correct/sYtByCMMCvReBgngf_inv5.als","CORRECT",false,true,false,true,true,true
"productionLineNew/correct/u66vPh2BRf9PiYDpi_inv5.als","CORRECT",false,true,false,true,true,true
"productionLineNew/correct/ugp4Pb39SYLijfXhy_inv5.als","CORRECT",false,true,false,true,true,true
"productionLineNew/correct/v4TpkNEAdgYiavQHQ_inv4.als","CORRECT",false,true,false,true,true,true
"productionLineNew/correct/v9uLRJLGvCE5CYsLi_inv4.als","CORRECT",false,true,false,true,true,true
"productionLineNew/correct/vYxjDGzyjPd85Ejfn_inv3.als","CORRECT",false,true,false,true,true,true
"productionLineNew/correct/vf5iLge8HJLCmiuWz_inv5.als","CORRECT",false,true,false,true,true,true
"productionLineNew/correct/vjypK7EQ6wCMdwRD7_inv5.als","CORRECT",false,true,false,true,true,true
"productionLineNew/correct/xNPnReLsmtWxvHWrb_inv5.als","CORRECT",false,true,false,true,true,true
"productionLineNew/correct/zWnLc6zGGzypwSw3g_inv6.als","CORRECT",false,true,false,true,true,true
"productionLineNew/correct/ze9q8wjKfNSRLeasP_inv5.als","CORRECT",false,true,false,true,true,true
"productionLine_v1/correct/rjjkwbv7QNtxgnxKA_inv2.als","CORRECT",false,true,false,true,true,true
"productionLine_v1/correct/yc4EC9xFTdTZAmZiR_inv2.als","CORRECT",false,true,false,true,true,true
"productionLine_v2/correct/222aoei8cbgYT6dmg_inv5.als","CORRECT",false,true,false,true,true,true
"productionLine_v2/correct/2BNBMcc7uBfj3zgNC_inv4.als","CORRECT",false,false,false,false,true,true
"productionLine_v2/correct/2WPPbukmM9gq9McCc_inv6.als","CORRECT",false,true,false,true,true,true
"productionLine_v2/correct/2eH2GkpFybWSsBJrz_inv5.als","CORRECT",false,true,false,true,true,true
"productionLine_v2/correct/3ea38M3Xg9RTpRJjN_inv4.als","CORRECT",false,true,false,true,true,true
"productionLine_v2/correct/8WEQY98GiHPLrKMJE_inv4.als","CORRECT",false,true,false,true,true,true
"productionLine_v2/correct/BfhJLg4KcEzuaj6Qj_inv5.als","CORRECT",false,true,false,true,false,false
"productionLine_v2/correct/CHSzeMXJNwcpXtNz6_inv5.als","CORRECT",false,true,false,true,true,true
"productionLine_v2/correct/Ch4jXC8GSJETg4Sf4_inv3.als","CORRECT",false,true,false,true,true,true
"productionLine_v2/correct/GY7E9kf2XP3XhcWX6_inv3.als","CORRECT",false,true,false,true,true,true
"productionLine_v2/correct/LGJuhYPHJPfZ8jEpS_inv5.als","CORRECT",false,true,false,true,true,true
"productionLine_v2/correct/MSorksSxerhtpKoJp_inv5.als","CORRECT",false,true,false,true,true,true
"productionLine_v2/correct/NZDmEKYmCzauRfDdF_inv4.als","CORRECT",false,true,false,true,true,true
"productionLine_v2/correct/NhacN949SLtpPWErk_inv5.als","CORRECT",false,true,false,true,true,true
"productionLine_v2/correct/P6xoTKuJGBy9anf8Y_inv5.als","CORRECT",false,true,false,true,true,true
"productionLine_v2/correct/Q9bhEwejeGoERFWZS_inv5.als","CORRECT",false,true,false,true,true,true
"productionLine_v2/correct/RvbXi4j6gYaS8ZAh9_inv7.als","CORRECT",false,true,false,true,true,true
"productionLine_v2/correct/TbyXyGwPbZ6Xj7Xdu_inv5.als","CORRECT",false,true,false,true,true,true
"productionLine_v2/correct/XP5hm8WB7auGwTShX_inv5.als","CORRECT",false,true,false,true,true,true
"productionLine_v2/correct/Y2ESfu7TWCyAX7feL_inv5.als","CORRECT",false,true,false,true,true,true
"productionLine_v2/correct/ZbcmSziNPafe8wzbS_inv6.als","CORRECT",false,true,false,true,true,true
"productionLine_v2/correct/aNXjTtqAgR54m4jMb_inv3.als","CORRECT",false,true,false,true,true,true
"productionLine_v2/correct/fNbw6R2fF8oJHgsoA_inv5.als","CORRECT",false,true,false,true,true,true
"productionLine_v2/correct/ggtMcyFpy3LQQ8Akn_inv5.als","CORRECT",false,true,false,true,true,true
"productionLine_v2/correct/jj84FWNTciY3i798o_inv4.als","CORRECT",false,true,false,true,true,true
"productionLine_v2/correct/jvZLyiY6wWfJWYf7q_inv6.als","CORRECT",false,true,false,true,true,true
"productionLine_v2/correct/mY5mvyCdgR6QPe7Ms_inv5.als","CORRECT",false,true,false,true,true,true
"productionLine_v2/correct/p22DC6Pzhjo8P3M63_inv6.als","CORRECT",false,true,false,true,true,true
"productionLine_v2/correct/q95rBCxsNcxediq56_inv4.als","CORRECT",false,true,false,true,true,true
"productionLine_v2/correct/qDeH56Pbcz5uzS9eg_inv4.als","CORRECT",false,true,false,true,true,true
"productionLine_v2/correct/qp5G4YtgR8o3s8pCe_inv5.als","CORRECT",false,true,false,true,true,true
"productionLine_v2/correct/qxPwYSP7in6CDJd62_inv5.als","CORRECT",false,true,false,true,true,true
"productionLine_v2/correct/wDJsjj7XNK5XbhiB7_inv5.als","CORRECT",false,true,false,true,true,true
"productionLine_v2/correct/yD5A2HDu878xwBEHf_inv5.als","CORRECT",false,true,false,true,true,true
"productionLine_v2/correct/yGbxfpiHQMhtDjKyq_inv4.als","CORRECT",false,true,false,true,true,true
"productionLine_v2/correct/zYkLDTeR8Rtzi8MDQ_inv5.als","CORRECT",false,true,false,true,true,true
"socialMedia/correct/244re7BDFpx9kuHkS_inv1.als","CORRECT",false,true,false,true,true,true
"socialMedia/correct/25DcKue7K6CqMFPdZ_inv2.als","CORRECT",false,true,false,true,true,true
"socialMedia/correct/2852X856cZ384QYh9_inv2.als","CORRECT",false,true,false,true,true,true
"socialMedia/correct/2BeBQy77YxhmTY8Ac_inv2.als","CORRECT",false,true,false,true,true,true
"socialMedia/correct/2HSxBMy673nEBTjvn_inv2.als","CORRECT",false,true,false,true,true,true
"socialMedia/correct/2JkFTLzx8eWszzi9e_inv1.als","CORRECT",false,true,false,true,true,true
"socialMedia/correct/2MLXGPFRp8gjNJXyr_inv3.als","CORRECT",false,true,false,true,true,true
"socialMedia/correct/2X5xZyu9rXKmmR6ag_inv3.als","CORRECT",false,true,false,true,true,true
"socialMedia/correct/2c6jZ99cQNutKm8Wc_inv2.als","CORRECT",false,true,false,true,true,true
"socialMedia/correct/2iXxmwRAWXhH9KDzu_inv3.als","CORRECT",false,true,false,true,true,true
"socialMedia/correct/2ktrgb9SnAReaYDni_inv1.als","CORRECT",false,true,false,true,true,true
"socialMedia/correct/2pCCWs4K6hSKSD5o9_inv2.als","CORRECT",false,true,false,true,true,true
"socialMedia/correct/2tg5RsH8F7DfvYr7r_inv3.als","CORRECT",false,true,false,true,true,true
"socialMedia/correct/2vJ8x6J3wg3zEbeDe_inv2.als","CORRECT",false,true,false,true,true,true
"socialMedia/correct/2wrw6zyXngPcWry4h_inv2.als","CORRECT",false,true,false,true,true,true
"socialMedia/correct/2zpaDMoALnSnis6Aw_inv2.als","CORRECT",false,true,false,true,true,true
"socialMedia/correct/32oeSuLA6aEW7cq3B_inv3.als","CORRECT",false,true,false,true,true,true
"socialMedia/correct/36MyBR25SeP9JP3B4_inv2.als","CORRECT",false,true,false,true,true,true
"socialMedia/correct/3FRvou8z9HFgbkqjd_inv2.als","CORRECT",false,true,false,true,true,true
"socialMedia/correct/3GwZoAkMWgwet3MGy_inv3.als","CORRECT",false,true,false,true,true,true
"socialMedia/correct/3LqyZncvcrCDFK3q3_inv2.als","CORRECT",false,true,false,true,true,true
"socialMedia/correct/3NWZdGt2ibrguKoxz_inv2.als","CORRECT",false,true,false,true,true,true
"socialMedia/correct/3cwtyQ6jEwCLrYFNX_inv3.als","CORRECT",false,true,false,true,true,true
"socialMedia/correct/3d6Q36Mfz9eQ4mbbL_inv3.als","CORRECT",false,true,false,true,true,true
"socialMedia/correct/3tsD5yJeyhginDekC_inv2.als","CORRECT",false,true,false,true,true,true
"socialMedia/correct/3uAHx538hhkSkThvS_inv3.als","CORRECT",false,true,false,true,true,true
"socialMedia/correct/3wKZfyLb3DtMjbRHX_inv3.als","CORRECT",false,true,false,true,true,true
"socialMedia/correct/44BJXAp3GQzkJ9MKE_inv1.als","CORRECT",false,true,false,true,true,true
"socialMedia/correct/44NYJps6AugZnkxFa_inv1.als","CORRECT",false,true,false,true,true,true
"socialMedia/correct/46CnrczBN7GPcgDbd_inv2.als","CORRECT",false,true,false,true,true,true
"socialMedia/correct/47EHPG8AWy3o3RsRz_inv1.als","CORRECT",false,true,false,true,true,true
"socialMedia/correct/47nACbPK7ZaLrdv8m_inv1.als","CORRECT",false,true,false,true,true,true
"socialMedia/correct/4BFHRf78cHxnijLf8_inv1.als","CORRECT",false,true,false,true,true,true
"socialMedia/correct/4Cxc6TWs5qaajGKK5_inv3.als","CORRECT",false,true,false,true,true,true
"socialMedia/correct/4D5amJMMnubX9tuK2_inv3.als","CORRECT",false,true,false,true,true,true
"socialMedia/correct/4GssbshFicRT9DZaP_inv2.als","CORRECT",false,true,false,true,true,true
"socialMedia/correct/4JcEkRSBsr5wjWioT_inv2.als","CORRECT",false,true,false,true,true,true
"socialMedia/correct/4MhRmuZ4jmfoQWLHo_inv1.als","CORRECT",false,true,false,true,true,true
"socialMedia/correct/4T6TXBKeSAGZeEkAi_inv2.als","CORRECT",false,true,false,true,true,true
"socialMedia/correct/4YdSgNZ9ysXDLxd9m_inv3.als","CORRECT",false,true,false,true,true,true
"socialMedia/correct/4bGfvGs7oHukomXyg_inv1.als","CORRECT",false,true,false,true,true,true
"socialMedia/correct/4bwG3KFf9GwShtN2Z_inv3.als","CORRECT",false,true,false,true,true,true
"socialMedia/correct/4fg7KkecpXFZeSehA_inv2.als","CORRECT",false,true,false,true,true,true
"socialMedia/correct/4jKinhw62Drw6cQFp_inv2.als","CORRECT",false,true,false,true,true,true
"socialMedia/correct/4oJ4WMqe4BcZf7hhb_inv1.als","CORRECT",false,true,false,true,true,true
"socialMedia/correct/4qHzN8YnqTpL2DJeh_inv1.als","CORRECT",false,true,false,true,true,true
"socialMedia/correct/4yDZE8TRyMEXH3Bro_inv2.als","CORRECT",false,true,false,true,true,true
"socialMedia/correct/4zfWBeCbEZ8xoyaWg_inv1.als","CORRECT",false,true,false,true,true,true
"socialMedia/correct/52SNfNYnqsGRN6bNb_inv2.als","CORRECT",false,true,false,true,true,true
"socialMedia/correct/56apepTQDLpdoioh2_inv2.als","CORRECT",false,true,false,true,true,true
"socialMedia/correct/589TFh2XWb6YYCn8k_inv3.als","CORRECT",false,true,false,true,true,true
"socialMedia/correct/59eCtTeifQspNuewD_inv1.als","CORRECT",false,true,false,true,true,true
"socialMedia/correct/5CfRpBLzmoAZyyv5N_inv2.als","CORRECT",false,true,false,true,true,true
"socialMedia/correct/5GgT6Y3AGd5nsAEm7_inv2.als","CORRECT",false,true,false,true,true,true
"socialMedia/correct/5HiyyvPaSPoBGeZtj_inv1.als","CORRECT",false,true,false,true,true,true
"socialMedia/correct/5JPZzkiHAbsEAtTNg_inv1.als","CORRECT",false,true,false,true,true,true
"socialMedia/correct/5MQdqDM9bTjfEeCet_inv1.als","CORRECT",false,true,false,true,true,true
"socialMedia/correct/5Nsrfe7R3FMjXQ9pa_inv3.als","CORRECT",false,true,false,true,true,true
"socialMedia/correct/5PW9nqMqNQA7Lf4g8_inv1.als","CORRECT",false,true,false,true,true,true
"socialMedia/correct/5Pxu7Nf7ficYyGfQR_inv2.als","CORRECT",false,true,false,true,true,true
"socialMedia/correct/5X8Gqb67epb9gJrub_inv2.als","CORRECT",false,true,false,true,true,true
"socialMedia/correct/5ZQxgazxb6vgpb4Jz_inv2.als","CORRECT",false,true,false,true,true,true
"socialMedia/correct/5ZwSvsqkjrMuSMpY5_inv3.als","CORRECT",false,true,false,true,true,true
"socialMedia/correct/5cvHccCQMQRKtqaxC_inv2.als","CORRECT",false,true,false,true,true,true
"socialMedia/correct/5dJatgtFEqZRM8yPt_inv2.als","CORRECT",false,true,false,true,true,true
"socialMedia/correct/5dcj2z42quG2aaTfd_inv3.als","CORRECT",false,true,false,true,true,true
"socialMedia/correct/5jRwp3MFvtqqP8r6o_inv3.als","CORRECT",false,true,false,true,true,true
"socialMedia/correct/5kuGbBk2DDQ2AYbzW_inv7.als","CORRECT",false,true,false,true,true,true
"socialMedia/correct/5mMZbvm2gZWMCuAGN_inv2.als","CORRECT",false,true,false,true,true,true
"socialMedia/correct/5qyYqPCGko5GMcqfx_inv2.als","CORRECT",false,true,false,true,true,true
"socialMedia/correct/5seSsEC3NFqy6npxT_inv2.als","CORRECT",false,true,false,true,true,true
"socialMedia/correct/5vtsgnAL4e8doYDwh_inv2.als","CORRECT",false,true,false,true,true,true
"socialMedia/correct/5xr3yZ9PNcYq3JsdR_inv2.als","CORRECT",false,true,false,true,true,true
"socialMedia/correct/62WtTAinjET3aEgqC_inv2.als","CORRECT",false,true,false,true,true,true
"socialMedia/correct/68ZTqf2EEi5dr3bwk_inv1.als","CORRECT",false,true,false,true,true,true
"socialMedia/correct/6AasntdRGxvouZq6n_inv2.als","CORRECT",false,true,false,true,true,true
"socialMedia/correct/6BWwkrtHjo5Cpsyhu_inv1.als","CORRECT",false,true,false,true,true,true
"socialMedia/correct/6GhsGg3Dr8QhLKG7W_inv2.als","CORRECT",false,true,false,true,true,true
"socialMedia/correct/6J4ZK5qgKzxKYCJKM_inv3.als","CORRECT",false,true,false,true,true,true
"socialMedia/correct/6MkeLka2JzWyog6oR_inv2.als","CORRECT",false,true,false,true,true,true
"socialMedia/correct/6MyxfBBQsfjY6HaCP_inv3.als","CORRECT",false,true,false,true,true,true
"socialMedia/correct/6Ra9bHrk3dhvH7gdm_inv2.als","CORRECT",false,true,false,true,true,true
"socialMedia/correct/6cAJSvvgKBJXXKDpo_inv2.als","CORRECT",false,true,false,true,true,true
"socialMedia/correct/6cdWpGoxosQwTqunp_inv1.als","CORRECT",false,true,false,true,true,true
"socialMedia/correct/6edTSMpBuMtgowo4W_inv3.als","CORRECT",false,true,false,true,true,true
"socialMedia/correct/6gsJ6uXRDAGm6T2EY_inv1.als","CORRECT",false,true,false,true,true,true
"socialMedia/correct/6m5jLX5wje9CpQ4TB_inv3.als","CORRECT",false,true,false,true,true,true
"socialMedia/correct/6n4u5mMMP52hT7XBm_inv1.als","CORRECT",false,true,false,true,true,true
"socialMedia/correct/6s4vPv4xykt3Z2R5r_inv1.als","CORRECT",false,true,false,true,true,true
"socialMedia/correct/6weE6ftaPzFrobQSs_inv2.als","CORRECT",false,true,false,true,true,true
"socialMedia/correct/7BFwq2vCGtqqznjRA_inv1.als","CORRECT",false,true,false,true,true,true
"socialMedia/correct/7DKFuMdndYiHWgNX2_inv2.als","CORRECT",false,true,false,true,true,true
"socialMedia/correct/7Emfpdcdg9Hiavwnn_inv2.als","CORRECT",false,true,false,true,true,true
"socialMedia/correct/7MfXQHD6pRb5vbTRe_inv2.als","CORRECT",false,true,false,true,true,true
"socialMedia/correct/7QuJJybhPkft4WnKg_inv1.als","CORRECT",false,true,false,true,true,true
"socialMedia/correct/7Rf275tZxpmzc8FkF_inv7.als","CORRECT",false,true,false,true,true,true
"socialMedia/correct/7WA8XPJiLgdk8GWpv_inv2.als","CORRECT",false,true,false,true,true,true
"socialMedia/correct/7WYaAw8iXCQ88f5pz_inv2.als","CORRECT",false,true,false,true,true,true
"socialMedia/correct/7ak9WYxbAduLBYK7i_inv1.als","CORRECT",false,true,false,true,true,true
"socialMedia/correct/7huAjvk26AS9vKqvA_inv2.als","CORRECT",false,true,false,true,true,true
"socialMedia/correct/7owznQosWNdtvFjYE_inv1.als","CORRECT",false,true,false,true,true,true
"socialMedia/correct/7y5pmkb7crq5JwQqb_inv1.als","CORRECT",false,true,false,true,true,true
"socialMedia/correct/7yYHRzZRn5B46qvm8_inv3.als","CORRECT",false,true,false,true,true,true
"socialMedia/correct/82ysucAdWiyAA6y4Z_inv2.als","CORRECT",false,true,false,true,true,true
"socialMedia/correct/8AwaZcrdrv55R48Fb_inv7.als","CORRECT",false,true,false,true,true,true
"socialMedia/correct/8C5TryaJ9yXxuto2S_inv2.als","CORRECT",false,true,false,true,true,true
"socialMedia/correct/8DTpfyjQr4TDbNQdW_inv3.als","CORRECT",false,true,false,true,true,true
"socialMedia/correct/8KrKkQC5FFmivZrCd_inv1.als","CORRECT",false,true,false,true,true,true
"socialMedia/correct/8Q8gSX4ZtTj2fGrRE_inv2.als","CORRECT",false,true,false,true,true,true
"socialMedia/correct/8RsZqJxf8kcvri6Du_inv1.als","CORRECT",false,true,false,true,true,true
"socialMedia/correct/8Sg3tfXZrGab8wCEN_inv2.als","CORRECT",false,true,false,true,true,true
"socialMedia/correct/8T24tJNmsng6qjSMj_inv2.als","CORRECT",false,true,false,true,true,true
"socialMedia/correct/8ZagWmXJQLQpyDL9f_inv3.als","CORRECT",false,true,false,true,true,true
"socialMedia/correct/8c3r7eSe38wNPv9sH_inv3.als","CORRECT",false,true,false,true,true,true
"socialMedia/correct/8gRDuvdQLAB5HrtHd_inv2.als","CORRECT",false,true,false,true,true,true
"socialMedia/correct/8jZRueoLRDszgZiEo_inv2.als","CORRECT",false,true,false,true,true,true
"socialMedia/correct/95ucnvxwzudjd2zXs_inv2.als","CORRECT",false,true,false,true,true,true
"socialMedia/correct/9DHgRc85c2Phg755e_inv2.als","CORRECT",false,true,false,true,true,true
"socialMedia/correct/9LJFBEX6FivMjYD6y_inv2.als","CORRECT",false,true,false,true,true,true
"socialMedia/correct/9M3kCdPgAPMe3JX8z_inv2.als","CORRECT",false,true,false,true,true,true
"socialMedia/correct/9MA6dob6dSHeD3SAa_inv1.als","CORRECT",false,true,false,true,true,true
"socialMedia/correct/9RwbzcjcEvsgBtiJB_inv2.als","CORRECT",false,true,false,true,true,true
"socialMedia/correct/9bJ6oTn5azEEqbxX5_inv3.als","CORRECT",false,true,false,true,true,true
"socialMedia/correct/9eAtBGnzXCWz5RGca_inv2.als","CORRECT",false,true,false,true,true,true
"socialMedia/correct/9n88tkkhnirYc6oJ3_inv2.als","CORRECT",false,true,false,true,true,true
"socialMedia/correct/9oqeuc4PWDGqAtC3o_inv2.als","CORRECT",false,true,false,true,true,true
"socialMedia/correct/9q8AbyZjJ7oefoz6N_inv2.als","CORRECT",false,true,false,true,true,true
"socialMedia/correct/9txtFEveGRsmwXh4E_inv3.als","CORRECT",false,true,false,true,true,true
"socialMedia/correct/9xuNEQ687n843RzuF_inv2.als","CORRECT",false,true,false,true,true,true
"socialMedia/correct/9yzC2BoX6ZPYAhZov_inv1.als","CORRECT",false,true,false,true,true,true
"socialMedia/correct/A2FXTc8bzDHjG3mr6_inv1.als","CORRECT",false,true,false,true,true,true
"socialMedia/correct/A4Lzdf6cF67pHZ9mr_inv7.als","CORRECT",false,true,false,true,true,true
"socialMedia/correct/A4mgGzuPAz4SgocMy_inv1.als","CORRECT",false,true,false,true,true,true
"socialMedia/correct/A59aHT2mfhrYw8LKp_inv2.als","CORRECT",false,true,false,true,true,true
"socialMedia/correct/A6GCmdvaKZStnWt5K_inv1.als","CORRECT",false,true,false,true,true,true
"socialMedia/correct/A6d4s9Wh8wr3rupRJ_inv1.als","CORRECT",false,true,false,true,true,true
"socialMedia/correct/A8qfawRSfXHnn8dvW_inv2.als","CORRECT",false,true,false,true,true,true
"socialMedia/correct/ABcKXdLzDFiZz3swu_inv2.als","CORRECT",false,true,false,true,true,true
"socialMedia/correct/AHXJnNCRNcwuaweGN_inv2.als","CORRECT",false,true,false,true,true,true
"socialMedia/correct/AJji82LiZvRRRFacA_inv2.als","CORRECT",false,true,false,true,true,true
"socialMedia/correct/ANXhPmPNeXX2Q9cN7_inv2.als","CORRECT",false,true,false,true,true,true
"socialMedia/correct/AQAL3EsAbjWS8ryjj_inv1.als","CORRECT",false,true,false,true,true,true
"socialMedia/correct/AQwkmHJXwmTuQKtog_inv1.als","CORRECT",false,true,false,true,true,true
"socialMedia/correct/AR7x4XJ9DSz3XLnBo_inv2.als","CORRECT",false,true,false,true,true,true
"socialMedia/correct/ATD4ToYnCoYmcaXgp_inv2.als","CORRECT",false,true,false,true,true,true
"socialMedia/correct/AWXecCqj8qAT4kdpk_inv2.als","CORRECT",false,true,false,true,true,true
"socialMedia/correct/AZ4gFBYSvz6zvM7H5_inv2.als","CORRECT",false,true,false,true,true,true
"socialMedia/correct/AZBbDJsFpC22nrkbZ_inv2.als","CORRECT",false,true,false,true,true,true
"socialMedia/correct/AaFmAxrWeHGY7GRNd_inv2.als","CORRECT",false,true,false,true,true,true
"socialMedia/correct/AkdmMSgFifbppXFgn_inv3.als","CORRECT",false,true,false,true,true,true
"socialMedia/correct/AnKwcE88p2dh6BH57_inv2.als","CORRECT",false,true,false,true,true,true
"socialMedia/correct/ApdLGYFGDXMhvHWBT_inv2.als","CORRECT",false,true,false,true,true,true
"socialMedia/correct/Aq3bPEMetiX9mwBPe_inv1.als","CORRECT",false,true,false,true,true,true
"socialMedia/correct/AsujdEkSBgaiyZAit_inv3.als","CORRECT",false,true,false,true,true,true
"socialMedia/correct/AymnsmRcFdkXF3uR3_inv3.als","CORRECT",false,true,false,true,true,true
"socialMedia/correct/B9FchqK9QgPfTJCt7_inv1.als","CORRECT",false,true,false,true,true,true
"socialMedia/correct/BAvQAbPL6nFwrCKJz_inv1.als","CORRECT",false,true,false,true,true,true
"socialMedia/correct/BB22n4MahE68WaKZA_inv1.als","CORRECT",false,true,false,true,true,true
"socialMedia/correct/BFRqZAv2nK5zSTDCG_inv2.als","CORRECT",false,true,false,true,true,true
"socialMedia/correct/BHTutckDBX3HjqLAt_inv2.als","CORRECT",false,true,false,true,true,true
"socialMedia/correct/BWrwyKKEf5MuA7e2P_inv3.als","CORRECT",false,true,false,true,true,true
"socialMedia/correct/BXZEXmtNsWNP8bJnh_inv2.als","CORRECT",false,true,false,true,true,true
"socialMedia/correct/Bc3thPpiD5WRzJekg_inv3.als","CORRECT",false,true,false,true,true,true
"socialMedia/correct/BjhPFkGJ9JiSrRq4y_inv1.als","CORRECT",false,true,false,true,true,true
"socialMedia/correct/Br6CLfYid9vMz7yvL_inv1.als","CORRECT",false,true,false,true,true,true
"socialMedia/correct/BsNxbBEsBHTZchwNf_inv2.als","CORRECT",false,true,false,true,true,true
"socialMedia/correct/BwarjBL7etT5JzM2q_inv6.als","CORRECT",false,false,false,false,false,true
"socialMedia/correct/BxMRtHpwmCoqqhYXr_inv1.als","CORRECT",false,true,false,true,true,true
"socialMedia/correct/Bzzrqnf7PJnwMTBvF_inv3.als","CORRECT",false,true,false,true,true,true
"socialMedia/correct/C5xa5Lv4y5efLPKK5_inv2.als","CORRECT",false,true,false,true,true,true
"socialMedia/correct/CAbe8x9iAxzXG52eG_inv7.als","CORRECT",false,true,false,true,true,true
"socialMedia/correct/CCTijcoFxgdQZDKH9_inv1.als","CORRECT",false,true,false,true,true,true
"socialMedia/correct/CCumWuPBBSkt5LZWN_inv2.als","CORRECT",false,true,false,true,true,true
"socialMedia/correct/CKtLszjrayEnrBA4k_inv2.als","CORRECT",false,true,false,true,true,true
"socialMedia/correct/CM5putpHTKhEderDz_inv1.als","CORRECT",false,true,false,true,true,true
"socialMedia/correct/CMH8BGpij4tZKeoRv_inv2.als","CORRECT",false,true,false,true,true,true
"socialMedia/correct/CMYTmGJEtaXJcDuQF_inv2.als","CORRECT",false,true,false,true,true,true
"socialMedia/correct/CRsWwnYpPTz4jS6RC_inv1.als","CORRECT",false,true,false,true,true,true
"socialMedia/correct/CWsZbCk8PqxNczp4Y_inv2.als","CORRECT",false,true,false,true,true,true
"socialMedia/correct/CZkPz5rTeFtWzv8ET_inv2.als","CORRECT",false,true,false,true,true,true
"socialMedia/correct/CZtvJT5CdL9bz4FhZ_inv1.als","CORRECT",false,true,false,true,true,true
"socialMedia/correct/CZyhophwbtWN4yqcs_inv2.als","CORRECT",false,true,false,true,true,true
"socialMedia/correct/CbWYZu4xonSG5Agtr_inv2.als","CORRECT",false,true,false,true,true,true
"socialMedia/correct/Cci4Y9PrfYG7Qx9eN_inv3.als","CORRECT",false,true,false,true,true,true
"socialMedia/correct/CgdBxYhkQScEFCHoK_inv1.als","CORRECT",false,true,false,true,true,true
"socialMedia/correct/Cgdxt4mJGTKRFDEov_inv1.als","CORRECT",false,true,false,true,true,true
"socialMedia/correct/CjB3MNQFePjanefQW_inv2.als","CORRECT",false,true,false,true,true,true
"socialMedia/correct/Cjr54jvvrvqz7rKx8_inv2.als","CORRECT",false,true,false,true,true,true
"socialMedia/correct/CmRnkYBKa2Kjipypg_inv3.als","CORRECT",false,true,false,true,true,true
"socialMedia/correct/Co698mZnneKCcdbyv_inv1.als","CORRECT",false,true,false,true,true,true
"socialMedia/correct/CpuXjMpipRxXiAFRH_inv2.als","CORRECT",false,true,false,true,true,true
"socialMedia/correct/CrBYfo5hvya2WENpP_inv1.als","CORRECT",false,true,false,true,true,true
"socialMedia/correct/CttrCkXpai6zPmBbn_inv3.als","CORRECT",false,true,false,true,true,true
"socialMedia/correct/CvKgb3eaupb7WmT8j_inv1.als","CORRECT",false,true,false,true,true,true
"socialMedia/correct/CybdxzYzM3XTTSvkd_inv2.als","CORRECT",false,true,false,true,true,true
"socialMedia/correct/DBFAsbtGEMPLBeFbg_inv3.als","CORRECT",false,true,false,true,true,true
"socialMedia/correct/DBzcZcfaZb34rx7Na_inv2.als","CORRECT",false,true,false,true,true,true
"socialMedia/correct/DJH7BHiJvxTrC7aH4_inv3.als","CORRECT",false,true,false,true,true,true
"socialMedia/correct/DKRg2CYF3KKvPDwxT_inv2.als","CORRECT",false,true,false,true,true,true
"socialMedia/correct/DN6JQf2YJ22GZ4XMw_inv2.als","CORRECT",false,true,false,true,true,true
"socialMedia/correct/DWHp2zxfgRzSrWBZD_inv2.als","CORRECT",false,true,false,true,true,true
"socialMedia/correct/Dd8Rh2P3x3ukqgE7c_inv1.als","CORRECT",false,true,false,true,true,true
"socialMedia/correct/DdgfpA3CjwwSEe8bR_inv3.als","CORRECT",false,true,false,true,true,true
"socialMedia/correct/DdusLZkTW96pJzfD5_inv3.als","CORRECT",false,true,false,true,true,true
"socialMedia/correct/Dg9xx4Drs54QPtYGq_inv1.als","CORRECT",false,true,false,true,true,true
"socialMedia/correct/DhzK9e7EuKpPsAm2z_inv3.als","CORRECT",false,true,false,true,true,true
"socialMedia/correct/DipmQkhwZF2TNQLho_inv3.als","CORRECT",false,true,false,true,true,true
"socialMedia/correct/DkGQW67rPgfYSyAAv_inv2.als","CORRECT",false,true,false,true,true,true
"socialMedia/correct/DkYkAA7jj3ZKZFY4d_inv1.als","CORRECT",false,true,false,true,true,true
"socialMedia/correct/DnKuvxcnYzMwAFYdo_inv3.als","CORRECT",false,true,false,true,true,true
"socialMedia/correct/DoCgbZrawQqsdgP4f_inv2.als","CORRECT",false,true,false,true,true,true
"socialMedia/correct/DpbmZBFEQw3ypX6rR_inv2.als","CORRECT",false,true,false,true,true,true
"socialMedia/correct/E2Sx4f2cg5fuq8cZy_inv2.als","CORRECT",false,true,false,true,true,true
"socialMedia/correct/E38pdGzLynWRAwhex_inv3.als","CORRECT",false,true,false,true,true,true
"socialMedia/correct/E6MrQSMeQ7HAAqSf5_inv1.als","CORRECT",false,true,false,true,true,true
"socialMedia/correct/EEdEBBebZ3kKhnA6s_inv1.als","CORRECT",false,true,false,true,true,true
"socialMedia/correct/EGh8SHzpEyyhXLyKM_inv2.als","CORRECT",false,true,false,true,true,true
"socialMedia/correct/EGrum7xDMw5RMWWpg_inv2.als","CORRECT",false,true,false,true,true,true
"socialMedia/correct/EJ6uJrcPWNKryoifC_inv2.als","CORRECT",false,true,false,true,true,true
"socialMedia/correct/EJEfJu7e8ZQetcx9P_inv1.als","CORRECT",false,true,false,true,true,true
"socialMedia/correct/ELXD8CPvLqHuvbJzX_inv2.als","CORRECT",false,true,false,true,true,true
"socialMedia/correct/EMnKvkFEL3YXp2eBQ_inv2.als","CORRECT",false,true,false,true,true,true
"socialMedia/correct/EPuB4YQaRLL64CC5n_inv3.als","CORRECT",false,true,false,true,true,true
"socialMedia/correct/ERMcxarHF8vNaRFWY_inv2.als","CORRECT",false,true,false,true,true,true
"socialMedia/correct/ERg9QpDFafdwCyu4X_inv2.als","CORRECT",false,true,false,true,true,true
"socialMedia/correct/Eey93cycJR4QCr7JZ_inv1.als","CORRECT",false,true,false,true,true,true
"socialMedia/correct/EiqpuD8sJ9ovDnqFT_inv1.als","CORRECT",false,true,false,true,true,true
"socialMedia/correct/EmR7jFaGHr4QtGeGR_inv1.als","CORRECT",false,true,false,true,true,true
"socialMedia/correct/EuWgDk8Q3g5tf4jPB_inv2.als","CORRECT",false,true,false,true,true,true
"socialMedia/correct/EzMT493CjyxtKW5nX_inv2.als","CORRECT",false,true,false,true,true,true
"socialMedia/correct/EzhEbpJdLhRsAmYNx_inv2.als","CORRECT",false,true,false,true,true,true
"socialMedia/correct/F7ice6LQNQezDw7aW_inv3.als","CORRECT",false,true,false,true,true,true
"socialMedia/correct/FAmngvZ4bMvrwxkNn_inv2.als","CORRECT",false,true,false,true,true,true
"socialMedia/correct/FE45XDLRZByi4KAFd_inv2.als","CORRECT",false,true,false,true,true,true
"socialMedia/correct/FEbB4DtZDX8Pwf4yn_inv2.als","CORRECT",false,true,false,true,true,true
"socialMedia/correct/FFbMuxTL7Z7jff6Na_inv1.als","CORRECT",false,true,false,true,true,true
"socialMedia/correct/FFsbeZCYtoZAGewyt_inv1.als","CORRECT",false,true,false,true,true,true
"socialMedia/correct/FKCKknwQjcMinBL3y_inv3.als","CORRECT",false,true,false,true,true,true
"socialMedia/correct/FNE69MMwC2925i87Y_inv3.als","CORRECT",false,true,false,true,true,true
"socialMedia/correct/FNW4j4hjqWdn5wNuH_inv1.als","CORRECT",false,true,false,true,true,true
"socialMedia/correct/FWRwSuEnpLry87aEY_inv2.als","CORRECT",false,true,false,true,true,true
"socialMedia/correct/FXSaBcSvayh7vJbtW_inv2.als","CORRECT",false,true,false,true,true,true
"socialMedia/correct/FYbX5iYv7iahw6zFN_inv3.als","CORRECT",false,true,false,true,true,true
"socialMedia/correct/Fd5NAEtHqryRzRMGr_inv1.als","CORRECT",false,true,false,true,true,true
"socialMedia/correct/FhYDW6gp68iz9bRra_inv2.als","CORRECT",false,true,false,true,true,true
"socialMedia/correct/Fs8NhkeQaN4PiXdeo_inv2.als","CORRECT",false,true,false,true,true,true
"socialMedia/correct/FwS2W6e3Be2bZyfne_inv1.als","CORRECT",false,true,false,true,true,true
"socialMedia/correct/FwsxRLB75JoYGMetJ_inv3.als","CORRECT",false,true,false,true,true,true
"socialMedia/correct/Fyd4uB9fuDEtvRPwt_inv1.als","CORRECT",false,true,false,true,true,true
"socialMedia/correct/FzBjiqDMwDcpyYksm_inv3.als","CORRECT",false,true,false,true,true,true
"socialMedia/correct/G2WuixA4RnkuTXn5X_inv1.als","CORRECT",false,true,false,true,true,true
"socialMedia/correct/GDG9vJ6b2Pwsk8woJ_inv2.als","CORRECT",false,true,false,true,true,true
"socialMedia/correct/GJ447uRfeBz9FusRY_inv2.als","CORRECT",false,true,false,true,true,true
"socialMedia/correct/GSzPqEZvLRzJhzfh9_inv1.als","CORRECT",false,true,false,true,true,true
"socialMedia/correct/GZdNC8YJSaWzkqEAP_inv2.als","CORRECT",false,true,false,true,true,true
"socialMedia/correct/Gc7bWK6jY5c8CnnsG_inv2.als","CORRECT",false,true,false,true,true,true
"socialMedia/correct/Gne8NNeyzYhgSf46M_inv3.als","CORRECT",false,true,false,true,true,true
"socialMedia/correct/GovQFEyoitADRdw6M_inv2.als","CORRECT",false,true,false,true,true,true
"socialMedia/correct/GvDQccS7CNEqYotah_inv2.als","CORRECT",false,true,false,true,true,true
"socialMedia/correct/GvZwuMaMjYkot95HK_inv3.als","CORRECT",false,true,false,true,true,true
"socialMedia/correct/GxXpkir4GykkQfqJX_inv2.als","CORRECT",false,true,false,true,true,true
"socialMedia/correct/GxhyYvHJvDpLjLH5n_inv2.als","CORRECT",false,true,false,true,true,true
"socialMedia/correct/H4WPAfyat8QW3pKWW_inv3.als","CORRECT",false,true,false,true,true,true
"socialMedia/correct/H8W69qHmfoyZ9qfK3_inv2.als","CORRECT",false,true,false,true,true,true
"socialMedia/correct/HEc4ZwCnRNDxz9q7B_inv1.als","CORRECT",false,true,false,true,true,true
"socialMedia/correct/HJ8FfKs4z2yXJCJ65_inv2.als","CORRECT",false,true,false,true,true,true
"socialMedia/correct/HNEKWYNTmo54Xjqx9_inv2.als","CORRECT",false,true,false,true,true,true
"socialMedia/correct/HWWGYQvRyRedaNq9c_inv2.als","CORRECT",false,true,false,true,true,true
"socialMedia/correct/He4Qy6K9NnRpcF3wi_inv1.als","CORRECT",false,true,false,true,true,true
"socialMedia/correct/HhhgQxFSj6hyJjSRp_inv2.als","CORRECT",false,true,false,true,true,true
"socialMedia/correct/HkQCKuj5Hv3PoixFw_inv3.als","CORRECT",false,true,false,true,true,true
"socialMedia/correct/Hpb5kEqppaaae87Ti_inv2.als","CORRECT",false,true,false,true,true,true
"socialMedia/correct/Hx9aquThBqZSN8aRA_inv2.als","CORRECT",false,true,false,true,true,true
"socialMedia/correct/J2TvcyYby46iA6aJC_inv2.als","CORRECT",false,true,false,true,true,true
"socialMedia/correct/J4jTnQQXFjbtExeew_inv2.als","CORRECT",false,true,false,true,true,true
"socialMedia/correct/J85etupBYDs5fxo4R_inv3.als","CORRECT",false,true,false,true,true,true
"socialMedia/correct/J9KLhDRj8Btyi2b4w_inv1.als","CORRECT",false,true,false,true,true,true
"socialMedia/correct/J9jNThsYfuxaX2N6b_inv2.als","CORRECT",false,true,false,true,true,true
"socialMedia/correct/J9zrrwGQgSS3mWcZR_inv2.als","CORRECT",false,true,false,true,true,true
"socialMedia/correct/JCP4CjhPn7rC3CGnC_inv3.als","CORRECT",false,true,false,true,true,true
"socialMedia/correct/JEukL23nct7XN7Kug_inv1.als","CORRECT",false,true,false,true,true,true
"socialMedia/correct/JKan9Z8sEBPFdDXbf_inv3.als","CORRECT",false,true,false,true,true,true
"socialMedia/correct/JL2968zCShF8TYzgD_inv3.als","CORRECT",false,true,false,true,true,true
"socialMedia/correct/JL2ZrtCj4teFNqbAu_inv2.als","CORRECT",false,true,false,true,true,true
"socialMedia/correct/JLqCPJmRMcQTjhexr_inv3.als","CORRECT",false,true,false,true,true,true
"socialMedia/correct/JMxuDLpYGvvhCG2tJ_inv3.als","CORRECT",false,true,false,true,true,true
"socialMedia/correct/JSoezhNDkPaSc5cms_inv3.als","CORRECT",false,true,false,true,true,true
"socialMedia/correct/JZNgWuHautPYdLf45_inv1.als","CORRECT",false,true,false,true,true,true
"socialMedia/correct/JfFsR2584sbeXCfeK_inv2.als","CORRECT",false,true,false,true,true,true
"socialMedia/correct/JgtFgHFNk8Eb3JwSn_inv2.als","CORRECT",false,true,false,true,true,true
"socialMedia/correct/JsLDEngm3AqqHLxLa_inv2.als","CORRECT",false,true,false,true,true,true
"socialMedia/correct/Jy2oAiLMD3GBSFPtA_inv1.als","CORRECT",false,true,false,true,true,true
"socialMedia/correct/JyA7NJYpSmRfbywYg_inv2.als","CORRECT",false,true,false,true,true,true
"socialMedia/correct/K49ubvp5bQtReKDaG_inv2.als","CORRECT",false,true,false,true,true,true
"socialMedia/correct/K6tEbnij237wr8KhG_inv3.als","CORRECT",false,true,false,true,true,true
"socialMedia/correct/KE2pWWhPdRYv75t6b_inv2.als","CORRECT",false,true,false,true,true,true
"socialMedia/correct/KP2XWd5bPEmziSMPG_inv2.als","CORRECT",false,true,false,true,true,true
"socialMedia/correct/KZxp8FEnGvF72FoEm_inv1.als","CORRECT",false,true,false,true,true,true
"socialMedia/correct/KaXRf6c5oQDYsKfda_inv1.als","CORRECT",false,true,false,true,true,true
"socialMedia/correct/KdDRGY3XvE65mszTW_inv2.als","CORRECT",false,true,false,true,true,true
"socialMedia/correct/Ke2FfTv3h7SsFrRSM_inv3.als","CORRECT",false,true,false,true,true,true
"socialMedia/correct/Ket2AGgSGxJjwT8fG_inv3.als","CORRECT",false,true,false,true,true,true
"socialMedia/correct/KgztYDz6Ei3LyL2RP_inv2.als","CORRECT",false,true,false,true,true,true
"socialMedia/correct/Ktz3qrK8tcuZ3XYkt_inv2.als","CORRECT",false,true,false,true,true,true
"socialMedia/correct/KvivsM4z4o7q2vEox_inv2.als","CORRECT",false,true,false,true,true,true
"socialMedia/correct/KwEwZCimMdk7iJDyf_inv1.als","CORRECT",false,true,false,true,true,true
"socialMedia/correct/KwsJcgvavaBQGydFB_inv2.als","CORRECT",false,true,false,true,true,true
"socialMedia/correct/Kz7cHHbx5EgudeWvB_inv1.als","CORRECT",false,true,false,true,true,true
"socialMedia/correct/L78D7LPgJfZEDC93X_inv2.als","CORRECT",false,true,false,true,true,true
"socialMedia/correct/LAtXzmMyAdA469Mjj_inv3.als","CORRECT",false,true,false,true,true,true
"socialMedia/correct/LFZLjeyYeepsDwXAc_inv2.als","CORRECT",false,true,false,true,true,true
"socialMedia/correct/LGHfQNFz2iDJ6wiFQ_inv7.als","CORRECT",false,true,false,true,true,true
"socialMedia/correct/LJ8Wmnc5DAzb54NJD_inv2.als","CORRECT",false,true,false,true,true,true
"socialMedia/correct/LMy6d3q7EpXaDjNnW_inv2.als","CORRECT",false,true,false,true,true,true
"socialMedia/correct/LQErdSanRn4FQzgKi_inv2.als","CORRECT",false,true,false,true,true,true
"socialMedia/correct/LRGcmWDEnto6Jgs5s_inv1.als","CORRECT",false,true,false,true,true,true
"socialMedia/correct/LTXgkZj3v4pFTbF7E_inv1.als","CORRECT",false,true,false,true,true,true
"socialMedia/correct/LWTa5PfwCcDdwZQ4u_inv1.als","CORRECT",false,true,false,true,true,true
"socialMedia/correct/LbYp2vsrqMJdDeA8D_inv3.als","CORRECT",false,true,false,true,true,true
"socialMedia/correct/LdK6v62eMjGjpgBg5_inv3.als","CORRECT",false,true,false,true,true,true
"socialMedia/correct/LjzdMSbEFFvRoEnbb_inv2.als","CORRECT",false,true,false,true,true,true
"socialMedia/correct/LkhMFLc9MHRC8zeLw_inv2.als","CORRECT",false,true,false,true,true,true
"socialMedia/correct/Lmm4KfCcCXMYdz8wY_inv1.als","CORRECT",false,true,false,true,true,true
"socialMedia/correct/LqRBWT5DKMKhSYBZM_inv2.als","CORRECT",false,true,false,true,true,true
"socialMedia/correct/Lroj2t3Mb4YNeBy9K_inv2.als","CORRECT",false,true,false,true,true,true
"socialMedia/correct/M2nYcWgHqoHWFbGJJ_inv7.als","CORRECT",false,true,false,true,true,true
"socialMedia/correct/M42TYmBdZrHx36hND_inv5.als","CORRECT",false,true,false,true,true,true
"socialMedia/correct/M744PYdSQWWgsHEtt_inv2.als","CORRECT",false,true,false,true,true,true
"socialMedia/correct/MA3mdbjoor2iAyuAy_inv2.als","CORRECT",false,true,false,true,true,true
"socialMedia/correct/MARw78sWiEqG6kYF6_inv3.als","CORRECT",false,true,false,true,true,true
"socialMedia/correct/MBEHzmFkiA2vWp7vX_inv2.als","CORRECT",false,true,false,true,true,true
"socialMedia/correct/MDyuZGsThNG2hdbbS_inv1.als","CORRECT",false,true,false,true,true,true
"socialMedia/correct/MF3kZfCvBh8NbJ3kf_inv1.als","CORRECT",false,true,false,true,true,true
"socialMedia/correct/MSDNBwfXCsLbF3zhP_inv2.als","CORRECT",false,true,false,true,true,true
"socialMedia/correct/MTpLAY2HZMJEjnT7A_inv1.als","CORRECT",false,true,false,true,true,true
"socialMedia/correct/MZgAZWAmWkuutfmeQ_inv7.als","CORRECT",false,true,false,true,true,true
"socialMedia/correct/McYD4qy6WPGK9wqx5_inv2.als","CORRECT",false,true,false,true,true,true
"socialMedia/correct/McrFj5MGeNwgL6HPP_inv3.als","CORRECT",false,true,false,true,true,true
"socialMedia/correct/Mnxh4c2ipbTQtup2J_inv2.als","CORRECT",false,true,false,true,true,true
"socialMedia/correct/MvNH3EPCze342hmXG_inv2.als","CORRECT",false,true,false,true,true,true
"socialMedia/correct/MycHf7iTKxkXJGpiw_inv3.als","CORRECT",false,true,false,true,true,true
"socialMedia/correct/MzWeEjzWwrbpqJh6N_inv2.als","CORRECT",false,true,false,true,true,true
"socialMedia/correct/N29FngWm3hSwg2XgZ_inv1.als","CORRECT",false,true,false,true,true,true
"socialMedia/correct/N5rrmTKswhaRqGgE4_inv2.als","CORRECT",false,true,false,true,true,true
"socialMedia/correct/N7XZPkzSTCQnYnFKG_inv3.als","CORRECT",false,true,false,true,true,true
"socialMedia/correct/N7oRzxpyz87zctZ4S_inv1.als","CORRECT",false,true,false,true,true,true
"socialMedia/correct/N8WNDz4L84TKwYTc9_inv2.als","CORRECT",false,true,false,true,true,true
"socialMedia/correct/N8ipF8WzaRYHbdc7A_inv2.als","CORRECT",false,true,false,true,true,true
"socialMedia/correct/NAAzeaAMMYKrJ55x6_inv3.als","CORRECT",false,true,false,true,true,true
"socialMedia/correct/NDB8gH55KFqaCDCYj_inv2.als","CORRECT",false,true,false,true,true,true
"socialMedia/correct/NDamGXi7jDJrRf6rK_inv2.als","CORRECT",false,true,false,true,true,true
"socialMedia/correct/NKQdeQrXPt5EBvfRR_inv1.als","CORRECT",false,true,false,true,true,true
"socialMedia/correct/NMxN4xL6mhKJFdP8q_inv2.als","CORRECT",false,true,false,true,true,true
"socialMedia/correct/NNHQygbBeAzNqA3nh_inv1.als","CORRECT",false,true,false,true,true,true
"socialMedia/correct/NRt2pvEHa6xPStir7_inv1.als","CORRECT",false,true,false,true,true,true
"socialMedia/correct/NW2zaD4qX9DoJahN3_inv2.als","CORRECT",false,true,false,true,true,true
"socialMedia/correct/NZKTftW8SckvfsNo8_inv2.als","CORRECT",false,true,false,true,true,true
"socialMedia/correct/Nf2N54vs64rJKifXw_inv1.als","CORRECT",false,true,false,true,true,true
"socialMedia/correct/NkAefBjTwKjR6Kbv7_inv2.als","CORRECT",false,true,false,true,true,true
"socialMedia/correct/NmHXYaPr9TauJtGim_inv2.als","CORRECT",false,true,false,true,true,true
"socialMedia/correct/NqAFgDkDrSgfZtYrt_inv2.als","CORRECT",false,true,false,true,true,true
"socialMedia/correct/NqT9RedobWrHdkSM9_inv2.als","CORRECT",false,true,false,true,true,true
"socialMedia/correct/NsKiwBag6BfgRYqgb_inv2.als","CORRECT",false,true,false,true,true,true
"socialMedia/correct/NtBPsYFJRPXW73WRj_inv2.als","CORRECT",false,true,false,true,true,true
"socialMedia/correct/NtNkzjEHoRZJqRmik_inv1.als","CORRECT",false,true,false,true,true,true
"socialMedia/correct/Nv2nc6Kpv5tKXJjox_inv1.als","CORRECT",false,true,false,true,true,true
"socialMedia/correct/NwDcttv4TqbtLazkA_inv1.als","CORRECT",false,true,false,true,true,true
"socialMedia/correct/NzRip7ifCi3xub2aL_inv2.als","CORRECT",false,true,false,true,true,true
"socialMedia/correct/P7LZQofxD4SRYqTG8_inv1.als","CORRECT",false,true,false,true,true,true
"socialMedia/correct/P7dirsMi2d5jSLzdN_inv1.als","CORRECT",false,true,false,true,true,true
"socialMedia/correct/PAbraeoAPT6YW6wTT_inv2.als","CORRECT",false,true,false,true,true,true
"socialMedia/correct/PAnQ54umqbFMmwZif_inv1.als","CORRECT",false,true,false,true,true,true
"socialMedia/correct/PCScj5NGYuQPdFi7Q_inv2.als","CORRECT",false,true,false,true,true,true
"socialMedia/correct/PCrDS93gFjMHtjfbH_inv2.als","CORRECT",false,true,false,true,true,true
"socialMedia/correct/PDkhqC3BNBzex6qqe_inv2.als","CORRECT",false,true,false,true,true,true
"socialMedia/correct/PFhgMuvMZm74PssqZ_inv2.als","CORRECT",false,true,false,true,true,true
"socialMedia/correct/PHQhuwNHfQRPvQWmi_inv2.als","CORRECT",false,true,false,true,true,true
"socialMedia/correct/PHcyXsRtRux4pFBCN_inv2.als","CORRECT",false,true,false,true,true,true
"socialMedia/correct/PKANo7MMdqt886zMt_inv3.als","CORRECT",false,true,false,true,true,true
"socialMedia/correct/PLsEfj7Y3Jk4d7L6H_inv2.als","CORRECT",false,true,false,true,true,true
"socialMedia/correct/PMGtcdaiWyDw9Zk6s_inv3.als","CORRECT",false,true,false,true,true,true
"socialMedia/correct/PMXMPNjfqYmd4BnFM_inv3.als","CORRECT",false,true,false,true,true,true
"socialMedia/correct/PRqcv8AZW4JEoWoe4_inv2.als","CORRECT",false,true,false,true,true,true
"socialMedia/correct/PYi4iXMuYiFMQtbcP_inv2.als","CORRECT",false,true,false,true,true,true
"socialMedia/correct/PbYhau6Sb86uxSXye_inv1.als","CORRECT",false,true,false,true,true,true
"socialMedia/correct/Pcj7YZiC3oWyBQKJ7_inv3.als","CORRECT",false,true,false,true,true,true
"socialMedia/correct/PdM8kNhP3bQAyhKfb_inv2.als","CORRECT",false,true,false,true,true,true
"socialMedia/correct/PdSzAbQwBFFXXqa6J_inv2.als","CORRECT",false,true,false,true,true,true
"socialMedia/correct/PhzJBwbTwgF8Ec2yD_inv2.als","CORRECT",false,true,false,true,true,true
"socialMedia/correct/PiC8fmPoyj3RwPpsB_inv2.als","CORRECT",false,true,false,true,true,true
"socialMedia/correct/Pih8X4dCE7My4taKb_inv1.als","CORRECT",false,true,false,true,true,true
"socialMedia/correct/Pjh4i8shXoReqfEtM_inv3.als","CORRECT",false,true,false,true,true,true
"socialMedia/correct/PnLxqqCWkysdB8jHc_inv1.als","CORRECT",false,true,false,true,true,true
"socialMedia/correct/PoRfYRG4ZwywAkT4z_inv1.als","CORRECT",false,true,false,true,true,true
"socialMedia/correct/Ppyzg9DjoF2Za3QdN_inv1.als","CORRECT",false,true,false,true,true,true
"socialMedia/correct/PxoEgjMucupdGFa7v_inv2.als","CORRECT",false,true,false,true,true,true
"socialMedia/correct/Q3eSsRh73CnhKZijb_inv2.als","CORRECT",false,true,false,true,true,true
"socialMedia/correct/QANBB6LTnrwvp5xrH_inv2.als","CORRECT",false,true,false,true,true,true
"socialMedia/correct/QDLcmv9ZkG84bfSpi_inv2.als","CORRECT",false,true,false,true,true,true
"socialMedia/correct/QDYkbaEksc8bAmHqF_inv2.als","CORRECT",false,true,false,true,true,true
"socialMedia/correct/QEHNBYWEPEpnH9PBY_inv2.als","CORRECT",false,true,false,true,true,true
"socialMedia/correct/QLQqdoehtG4xsZnAy_inv3.als","CORRECT",false,true,false,true,true,true
"socialMedia/correct/QWk8qTT6wsaQnPmg2_inv1.als","CORRECT",false,true,false,true,true,true
"socialMedia/correct/QZMDruQHQdHoEkfDa_inv3.als","CORRECT",false,true,false,true,true,true
"socialMedia/correct/QcZpr985ymycsyupG_inv2.als","CORRECT",false,true,false,true,true,true
"socialMedia/correct/QgcRBT5yBCwWcss2L_inv1.als","CORRECT",false,true,false,true,true,true
"socialMedia/correct/QhoYHgaPGKZXxNCq4_inv2.als","CORRECT",false,true,false,true,true,true
"socialMedia/correct/QkivC6HbJ8kMQQAi5_inv2.als","CORRECT",false,true,false,true,true,true
"socialMedia/correct/QkuH3oMk4pTz5pXcb_inv2.als","CORRECT",false,true,false,true,true,true
"socialMedia/correct/QmaqsJBF67ADKJpBJ_inv1.als","CORRECT",false,true,false,true,true,true
"socialMedia/correct/QoNaef8ScD2AZ3dEk_inv7.als","CORRECT",false,true,false,true,true,true
"socialMedia/correct/Qp5BZsfBnCn8TJptB_inv2.als","CORRECT",false,true,false,true,true,true
"socialMedia/correct/R3AFbeTKgDYWZhAor_inv2.als","CORRECT",false,true,false,true,true,true
"socialMedia/correct/RA3B4AXFoDpeMHqAX_inv3.als","CORRECT",false,true,false,true,true,true
"socialMedia/correct/RBgQSr5A4GhGth9q3_inv2.als","CORRECT",false,true,false,true,true,true
"socialMedia/correct/RCPszBwwAveZ3Tqtj_inv2.als","CORRECT",false,true,false,true,true,true
"socialMedia/correct/REXbEjJiDWfNKDwSD_inv1.als","CORRECT",false,true,false,true,true,true
"socialMedia/correct/RX8RKghiYgDDzKLKE_inv2.als","CORRECT",false,true,false,true,true,true
"socialMedia/correct/RZPAogeZvqmqHmHzj_inv2.als","CORRECT",false,true,false,true,true,true
"socialMedia/correct/RatyhoyZBspeyc3JA_inv2.als","CORRECT",false,true,false,true,true,true
"socialMedia/correct/Rc2mp7yX5igKRQefR_inv2.als","CORRECT",false,true,false,true,true,true
"socialMedia/correct/Rc8NTC7Ccs8inXy5j_inv3.als","CORRECT",false,true,false,true,true,true
"socialMedia/correct/RcpaohpbMzQQ2ok59_inv2.als","CORRECT",false,true,false,true,true,true
"socialMedia/correct/RdzHk3pc9epmyqmTd_inv1.als","CORRECT",false,true,false,true,true,true
"socialMedia/correct/Re3hYQvbTnuN7sgsK_inv3.als","CORRECT",false,true,false,true,true,true
"socialMedia/correct/RgGPr8ayc66bixGiq_inv2.als","CORRECT",false,true,false,true,true,true
"socialMedia/correct/RgzTcghP4B7b24FZP_inv2.als","CORRECT",false,true,false,true,true,true
"socialMedia/correct/RidHACtXwyW68MZLs_inv2.als","CORRECT",false,true,false,true,true,true
"socialMedia/correct/Rjp5QhYQxcXWsvgX7_inv1.als","CORRECT",false,true,false,true,true,true
"socialMedia/correct/Rp9dtNuNKfjDctxjq_inv1.als","CORRECT",false,true,false,true,true,true
"socialMedia/correct/RpXwr9ppZ89JRZgE3_inv2.als","CORRECT",false,true,false,true,true,true
"socialMedia/correct/RrfaiR4vyLTAMxq3g_inv2.als","CORRECT",false,true,false,true,true,true
"socialMedia/correct/RvEc3j8wMhgoiNpMX_inv2.als","CORRECT",false,true,false,true,true,true
"socialMedia/correct/S4Biw8ZgPqwQqWYHe_inv2.als","CORRECT",false,true,false,true,true,true
"socialMedia/correct/S8o5wFTdEuTXRphC5_inv2.als","CORRECT",false,true,false,true,true,true
"socialMedia/correct/S9Bf4bjMsBKcj8Bs3_inv2.als","CORRECT",false,true,false,true,true,true
"socialMedia/correct/S9JkSDg7kzf3sMz2P_inv1.als","CORRECT",false,true,false,true,true,true
"socialMedia/correct/S9xj6bvLWxhMAtm4j_inv2.als","CORRECT",false,true,false,true,true,true
"socialMedia/correct/SCh9aGXGqJh3SpWDd_inv2.als","CORRECT",false,true,false,true,true,true
"socialMedia/correct/SCs7TtszDWCi5sXvd_inv2.als","CORRECT",false,true,false,true,true,true
"socialMedia/correct/SDJqPT7m52uTr2hr6_inv3.als","CORRECT",false,true,false,true,true,true
"socialMedia/correct/SErkSryXXLagfbdDh_inv2.als","CORRECT",false,true,false,true,true,true
"socialMedia/correct/SHRR5p6WqMiCwEWpw_inv2.als","CORRECT",false,true,false,true,true,true
"socialMedia/correct/SSjQv29WyJ4NcXc2a_inv3.als","CORRECT",false,true,false,true,true,true
"socialMedia/correct/SXQPeoCCgjJhs9SMr_inv7.als","CORRECT",false,true,false,true,true,true
"socialMedia/correct/SdzfyExxBxoGZQ7vD_inv2.als","CORRECT",false,true,false,true,true,true
"socialMedia/correct/SeHiDeRvmYR2if6dv_inv6.als","CORRECT",false,false,false,false,false,true
"socialMedia/correct/ShZ9TtgYkmfawfRb9_inv1.als","CORRECT",false,true,false,true,true,true
"socialMedia/correct/SiqtGQ9YWCaxaZQKK_inv6.als","CORRECT",false,false,false,false,false,true
"socialMedia/correct/SjWYQgRMAoajtwAxX_inv1.als","CORRECT",false,true,false,true,true,true
"socialMedia/correct/SqQ58xEYznvooBxY2_inv1.als","CORRECT",false,true,false,true,true,true
"socialMedia/correct/Ss6QjZmLcJeE48898_inv1.als","CORRECT",false,true,false,true,true,true
"socialMedia/correct/SutGfvWW8GY9zQzBi_inv2.als","CORRECT",false,true,false,true,true,true
"socialMedia/correct/Syj7gvCaTGqGCQR8Q_inv1.als","CORRECT",false,true,false,true,true,true
"socialMedia/correct/SzLet7tBhZWXSggxX_inv2.als","CORRECT",false,true,false,true,true,true
"socialMedia/correct/T59Z7Jc9vTXLdK6Ae_inv1.als","CORRECT",false,true,false,true,true,true
"socialMedia/correct/T95nEpQ79GTrTFWbm_inv1.als","CORRECT",false,true,false,true,true,true
"socialMedia/correct/T99pBpkpuzwXGmjCW_inv2.als","CORRECT",false,true,false,true,true,true
"socialMedia/correct/TApCM7pztKFeYocxM_inv3.als","CORRECT",false,true,false,true,true,true
"socialMedia/correct/TJzQzysPBjkt6Cxyv_inv1.als","CORRECT",false,true,false,true,true,true
"socialMedia/correct/TKgZA9Dp3qXtBf5GL_inv2.als","CORRECT",false,true,false,true,true,true
"socialMedia/correct/TKn5LMzrjqai2Mnuc_inv2.als","CORRECT",false,true,false,true,true,true
"socialMedia/correct/TNS5dMXh6yxPRrZKi_inv2.als","CORRECT",false,true,false,true,true,true
"socialMedia/correct/TPx9W3MCNMMmFQgeA_inv2.als","CORRECT",false,true,false,true,true,true
"socialMedia/correct/TQR4G7LNRw2tLN4xJ_inv1.als","CORRECT",false,true,false,true,true,true
"socialMedia/correct/TX5r4uHRuftiL2sKR_inv2.als","CORRECT",false,true,false,true,true,true
"socialMedia/correct/TcAEdE5tAKvi8C53v_inv7.als","CORRECT",false,true,false,true,true,true
"socialMedia/correct/TceN6BMbiuW8kB9nZ_inv3.als","CORRECT",false,true,false,true,true,true
"socialMedia/correct/TdPbsindz3EsTBZKX_inv1.als","CORRECT",false,true,false,true,true,true
"socialMedia/correct/TfwENhs78uG9x4KC9_inv2.als","CORRECT",false,true,false,true,true,true
"socialMedia/correct/TnASNwJnezb4dJPGJ_inv1.als","CORRECT",false,true,false,true,true,true
"socialMedia/correct/TrCMhB53ZpHptxnY7_inv2.als","CORRECT",false,true,false,true,true,true
"socialMedia/correct/Tw6ddpmXNG2QYBLX5_inv2.als","CORRECT",false,true,false,true,true,true
"socialMedia/correct/Twgfcb59f6gRPa7Lu_inv1.als","CORRECT",false,true,false,true,true,true
"socialMedia/correct/TxREcuNGxzCh7zAS3_inv2.als","CORRECT",false,true,false,true,true,true
"socialMedia/correct/W3wR4eNAxxJapsjGn_inv2.als","CORRECT",false,true,false,true,true,true
"socialMedia/correct/W4aC86a4vkz2v4jtX_inv2.als","CORRECT",false,true,false,true,true,true
"socialMedia/correct/WF5L3sa6MFazHGPMm_inv2.als","CORRECT",false,true,false,true,true,true
"socialMedia/correct/WGmRQ8zBhFEiGHa7v_inv2.als","CORRECT",false,true,false,true,true,true
"socialMedia/correct/WMwhxWy8AZc5xrvQ5_inv2.als","CORRECT",false,true,false,true,true,true
"socialMedia/correct/WNGdkgQ3NEiLuj2cK_inv1.als","CORRECT",false,true,false,true,true,true
"socialMedia/correct/WNb5TqNBbJRZvyE9H_inv2.als","CORRECT",false,true,false,true,true,true
"socialMedia/correct/WR3rLnKSacXz6FijK_inv2.als","CORRECT",false,true,false,true,true,true
"socialMedia/correct/WZ4nrxmFwpRWgeAF4_inv2.als","CORRECT",false,true,false,true,true,true
"socialMedia/correct/WZQe7LFt6ZzDoku3n_inv1.als","CORRECT",false,true,false,true,true,true
"socialMedia/correct/Wd4Jtj8JTkX9xe8mn_inv1.als","CORRECT",false,true,false,true,true,true
"socialMedia/correct/WeSF4LZcFKGmdQw6d_inv1.als","CORRECT",false,true,false,true,true,true
"socialMedia/correct/WgoujkaiiqnBNuy8q_inv1.als","CORRECT",false,true,false,true,true,true
"socialMedia/correct/WjcgFYjC7fDxrLP5Y_inv3.als","CORRECT",false,true,false,true,true,true
"socialMedia/correct/Wrq3WWzJxCiymjGuE_inv2.als","CORRECT",false,true,false,true,true,true
"socialMedia/correct/WukZoCqfZyxM9dkNT_inv3.als","CORRECT",false,true,false,true,true,true
"socialMedia/correct/X36qiTMPfFiAh8Noh_inv3.als","CORRECT",false,true,false,true,true,true
"socialMedia/correct/XAGrJZjk2hDJMnYXn_inv1.als","CORRECT",false,true,false,true,true,true
"socialMedia/correct/XAoov7ySmQqMxndoC_inv1.als","CORRECT",false,true,false,true,true,true
"socialMedia/correct/XFeSxKtY2kwxtJfas_inv2.als","CORRECT",false,true,false,true,true,true
"socialMedia/correct/XJAZgv7oSJYuNLJ8C_inv1.als","CORRECT",false,true,false,true,true,true
"socialMedia/correct/XJBP56PwmAAm4h82H_inv3.als","CORRECT",false,true,false,true,true,true
"socialMedia/correct/XW27rrsTesv8wJaFa_inv1.als","CORRECT",false,true,false,true,true,true
"socialMedia/correct/XXpG2FyBfZRPS3QF4_inv2.als","CORRECT",false,true,false,true,true,true
"socialMedia/correct/XXpQ9rXQ7fQE52caJ_inv8.als","CORRECT",false,true,false,true,true,true
"socialMedia/correct/Xac7XhXw7h685bjkh_inv3.als","CORRECT",false,true,false,true,true,true
"socialMedia/correct/XcNW6G7C6vTH6Gd8d_inv2.als","CORRECT",false,true,false,true,true,true
"socialMedia/correct/XeExpkibB2eS3JX7B_inv1.als","CORRECT",false,true,false,true,true,true
"socialMedia/correct/XhyoP8TgKkjWYb5r2_inv1.als","CORRECT",false,true,false,true,true,true
"socialMedia/correct/XkEYZQeGTTJcLotFR_inv2.als","CORRECT",false,true,false,true,true,true
"socialMedia/correct/Xshb7x3GsENxBHjnC_inv3.als","CORRECT",false,true,false,true,true,true
"socialMedia/correct/XuFX39rDH2tYCJsGw_inv3.als","CORRECT",false,true,false,true,true,true
"socialMedia/correct/XxaXbjd7NRM7FdKEv_inv1.als","CORRECT",false,true,false,true,true,true
"socialMedia/correct/Xz8QS69NPzPr6DuJ9_inv3.als","CORRECT",false,true,false,true,true,true
"socialMedia/correct/Y2YzbBzxp5Rr4yGWa_inv2.als","CORRECT",false,true,false,true,true,true
"socialMedia/correct/Y2wCnmXkqAiYMgwzj_inv2.als","CORRECT",false,true,false,true,true,true
"socialMedia/correct/Y4PJzrFeP6XnwKbT8_inv1.als","CORRECT",false,true,false,true,true,true
"socialMedia/correct/YDarrkZqafyfs9Y7f_inv2.als","CORRECT",false,true,false,true,true,true
"socialMedia/correct/YGJaiH9YTXGhhCtvp_inv3.als","CORRECT",false,true,false,true,true,true
"socialMedia/correct/YHEvfutAGagAJK6uL_inv1.als","CORRECT",false,true,false,true,true,true
"socialMedia/correct/YHNpFL3up7gpHftCW_inv1.als","CORRECT",false,true,false,true,true,true
"socialMedia/correct/YZSRyn5WxcB4SaJFB_inv1.als","CORRECT",false,true,false,true,true,true
"socialMedia/correct/YjSKrMF44zqDJJfjL_inv3.als","CORRECT",false,true,false,true,true,true
"socialMedia/correct/YjobXkyE3weCfir7v_inv2.als","CORRECT",false,true,false,true,true,true
"socialMedia/correct/YmokH7d399kjAHDwm_inv2.als","CORRECT",false,true,false,true,true,true
"socialMedia/correct/YpKePvJBB38WsnGc7_inv1.als","CORRECT",false,true,false,true,true,true
"socialMedia/correct/YpXMJWfhzZCH9vyjc_inv2.als","CORRECT",false,true,false,true,true,true
"socialMedia/correct/Yw9oifNZe6fQLyd4E_inv2.als","CORRECT",false,true,false,true,true,true
"socialMedia/correct/YyBicpAQwt9WGACHr_inv2.als","CORRECT",false,true,false,true,true,true
"socialMedia/correct/Z4fZNE9qssbbCd8nY_inv1.als","CORRECT",false,true,false,true,true,true
"socialMedia/correct/Z7NJiQvTrgS4wX5Ds_inv2.als","CORRECT",false,true,false,true,true,true
"socialMedia/correct/ZCMQZeSWnEuWYmSG8_inv1.als","CORRECT",false,true,false,true,true,true
"socialMedia/correct/ZFa8dfKxrxmCrCrhR_inv3.als","CORRECT",false,true,false,true,true,true
"socialMedia/correct/ZKE2hwBKn2RFbzeY3_inv2.als","CORRECT",false,true,false,true,true,true
"socialMedia/correct/ZKnuom6yvMCKKsgLG_inv2.als","CORRECT",false,true,false,true,true,true
"socialMedia/correct/ZQv953y5gHbRZrDrc_inv2.als","CORRECT",false,true,false,true,true,true
"socialMedia/correct/ZWC7HhjFPtiwozu6S_inv1.als","CORRECT",false,true,false,true,true,true
"socialMedia/correct/ZXjFw4m2wBm8NXPdX_inv3.als","CORRECT",false,true,false,true,true,true
"socialMedia/correct/ZeMLQXPchisQg6XPq_inv2.als","CORRECT",false,true,false,true,true,true
"socialMedia/correct/ZfkEEN2Rguc54dpJL_inv2.als","CORRECT",false,true,false,true,true,true
"socialMedia/correct/ZiebG5La3wunj6d69_inv2.als","CORRECT",false,true,false,true,true,true
"socialMedia/correct/ZjpTtTWpsn94EH6KN_inv2.als","CORRECT",false,true,false,true,true,true
"socialMedia/correct/ZsN9iX5S2uMYzGKXW_inv1.als","CORRECT",false,true,false,true,true,true
"socialMedia/correct/ZtWb6qbMLMbrtrfKd_inv2.als","CORRECT",false,true,false,true,true,true
"socialMedia/correct/ZuuJbXY72Kse37KFh_inv1.als","CORRECT",false,true,false,true,true,true
"socialMedia/correct/Zw2Ti9HpAA9qGQFWK_inv1.als","CORRECT",false,true,false,true,true,true
"socialMedia/correct/ZwJF2Kcw25zTLBtFo_inv1.als","CORRECT",false,true,false,true,true,true
"socialMedia/correct/a2GPZoFMrsmouuxtc_inv3.als","CORRECT",false,true,false,true,true,true
"socialMedia/correct/a3Z4e2rXgD8rFcFZK_inv1.als","CORRECT",false,true,false,true,true,true
"socialMedia/correct/a4Bg4Zi8Xi8koxiet_inv7.als","CORRECT",false,true,false,true,true,true
"socialMedia/correct/a9nKP9NeX7eEatBag_inv1.als","CORRECT",false,true,false,true,true,true
"socialMedia/correct/aDs3sC9j3rGcqMZri_inv1.als","CORRECT",false,true,false,true,true,true
"socialMedia/correct/aQBbL2vq7MuFJt47f_inv2.als","CORRECT",false,true,false,true,true,true
"socialMedia/correct/aQswuFsGM5rfHuN6g_inv1.als","CORRECT",false,true,false,true,true,true
"socialMedia/correct/aSLB5uTfLbBLtzpL7_inv1.als","CORRECT",false,true,false,true,true,true
"socialMedia/correct/aZFYmrYmzbXfShqDJ_inv1.als","CORRECT",false,true,false,true,true,true
"socialMedia/correct/acEnk2TDBfSwupvJw_inv2.als","CORRECT",false,true,false,true,true,true
"socialMedia/correct/af5hMeAvnjhnZ3HGz_inv3.als","CORRECT",false,true,false,true,true,true
"socialMedia/correct/am7L58uRYWN2nTxei_inv1.als","CORRECT",false,true,false,true,true,true
"socialMedia/correct/anhoZSdPe5Eo2bkbe_inv1.als","CORRECT",false,true,false,true,true,true
"socialMedia/correct/aqdMicTL6XLGmKreS_inv1.als","CORRECT",false,true,false,true,true,true
"socialMedia/correct/as9yxSYpTtJ4vFLFL_inv2.als","CORRECT",false,true,false,true,true,true
"socialMedia/correct/asF4kjKWgccCW2FdM_inv2.als","CORRECT",false,true,false,true,true,true
"socialMedia/correct/auXxxr3SFa7nivkoh_inv2.als","CORRECT",false,true,false,true,true,true
"socialMedia/correct/ayC3qgoJARkoR8CBn_inv2.als","CORRECT",false,true,false,true,true,true
"socialMedia/correct/b34MtqDvkLitePBhY_inv2.als","CORRECT",false,true,false,true,true,true
"socialMedia/correct/b4LEvKMRJprZyWFZE_inv2.als","CORRECT",false,true,false,true,true,true
"socialMedia/correct/b4dQiq3ehvv5mRsff_inv1.als","CORRECT",false,true,false,true,true,true
"socialMedia/correct/b4oZH2DmokGRGnFfZ_inv7.als","CORRECT",false,true,false,true,true,true
"socialMedia/correct/b8XQHGJXYBMAwfaKy_inv2.als","CORRECT",false,true,false,true,true,true
"socialMedia/correct/bBAZagMcrd3TKQHTB_inv1.als","CORRECT",false,true,false,true,true,true
"socialMedia/correct/bBxxNPMArDc7CsWuc_inv2.als","CORRECT",false,true,false,true,true,true
"socialMedia/correct/bELqpPgf3JM3ajCAP_inv3.als","CORRECT",false,true,false,true,true,true
"socialMedia/correct/bJBh95EJRFxgfgEon_inv1.als","CORRECT",false,true,false,true,true,true
"socialMedia/correct/bKgQL2KeguBYuvn2Z_inv2.als","CORRECT",false,true,false,true,true,true
"socialMedia/correct/bQ2hSwRbyGvGcsiQv_inv1.als","CORRECT",false,true,false,true,true,true
"socialMedia/correct/bRnxuiqXKhoFLxzdv_inv1.als","CORRECT",false,true,false,true,true,true
"socialMedia/correct/bTMmAaauvHnudeJpd_inv1.als","CORRECT",false,true,false,true,true,true
"socialMedia/correct/baTZBZb2YTJq7Kmc9_inv1.als","CORRECT",false,true,false,true,true,true
"socialMedia/correct/bc2SoHqMa6m7GZTrg_inv2.als","CORRECT",false,true,false,true,true,true
"socialMedia/correct/bceW8dtSNrCtFgze6_inv2.als","CORRECT",false,true,false,true,true,true
"socialMedia/correct/be9K2QiNc6gP2MobY_inv1.als","CORRECT",false,true,false,true,true,true
"socialMedia/correct/bk3vPsZgnNLbPkzbL_inv2.als","CORRECT",false,true,false,true,true,true
"socialMedia/correct/bpNiLeL4pP5GpuZeh_inv1.als","CORRECT",false,true,false,true,true,true
"socialMedia/correct/brRyjMPq6hrFtmZKA_inv7.als","CORRECT",false,true,false,true,true,true
"socialMedia/correct/buq64FG8R6v3sRB3Q_inv3.als","CORRECT",false,true,false,true,true,true
"socialMedia/correct/bvkNTNs4m7ANg2n3A_inv1.als","CORRECT",false,true,false,true,true,true
"socialMedia/correct/bvqNygqDcebNaAp2y_inv1.als","CORRECT",false,true,false,true,true,true
"socialMedia/correct/bz93riQjPzMyzTkMo_inv1.als","CORRECT",false,true,false,true,true,true
"socialMedia/correct/bzkRRx3ScRgMiWFB7_inv2.als","CORRECT",false,true,false,true,true,true
"socialMedia/correct/bzxDC27bB6efhwiFH_inv1.als","CORRECT",false,true,false,true,true,true
"socialMedia/correct/c7E9YGeDBidrg6k4p_inv2.als","CORRECT",false,true,false,true,true,true
"socialMedia/correct/cAXP9iZ6ejzYD42uP_inv2.als","CORRECT",false,true,false,true,true,true
"socialMedia/correct/cBb3vWSPvEzCRJHxj_inv2.als","CORRECT",false,true,false,true,true,true
"socialMedia/correct/cFAXez5f47yuoPozp_inv2.als","CORRECT",false,true,false,true,true,true
"socialMedia/correct/cFBa2kxHi8cz4qkym_inv2.als","CORRECT",false,true,false,true,true,true
"socialMedia/correct/cJXMmS73x7n2GJ3nP_inv2.als","CORRECT",false,true,false,true,true,true
"socialMedia/correct/cLfEMH9Xfsw2kzNaq_inv2.als","CORRECT",false,true,false,true,true,true
"socialMedia/correct/cMY4ybZdt9wn9aMmf_inv2.als","CORRECT",false,true,false,true,true,true
"socialMedia/correct/cMi6bNwtzFL9Qc7Wf_inv3.als","CORRECT",false,true,false,true,true,true
"socialMedia/correct/cNnF897tnFA6J2FBZ_inv3.als","CORRECT",false,true,false,true,true,true
"socialMedia/correct/cRrvzHjuyufL7PQon_inv2.als","CORRECT",false,true,false,true,true,true
"socialMedia/correct/cYZoNWYaiW5DmWadY_inv2.als","CORRECT",false,true,false,true,true,true
"socialMedia/correct/cZFCxakEkrWra3fcn_inv2.als","CORRECT",false,true,false,true,true,true
"socialMedia/correct/ce8h4WBKjAodx3ccx_inv1.als","CORRECT",false,true,false,true,true,true
"socialMedia/correct/cguuMGungkf6amnCA_inv3.als","CORRECT",false,true,false,true,true,true
"socialMedia/correct/cjh6GaLYm8gfPAf9c_inv2.als","CORRECT",false,true,false,true,true,true
"socialMedia/correct/ckdu5cGPqyXRX4ta7_inv3.als","CORRECT",false,true,false,true,true,true
"socialMedia/correct/crRz5t6sRiEm6GyRh_inv1.als","CORRECT",false,true,false,true,true,true
"socialMedia/correct/cwT4jhTWPrjDcb59M_inv2.als","CORRECT",false,true,false,true,true,true
"socialMedia/correct/d5gKST3JLZn3GjztL_inv3.als","CORRECT",false,true,false,true,true,true
"socialMedia/correct/d76jaCC8kCPArutAC_inv2.als","CORRECT",false,true,false,true,true,true
"socialMedia/correct/d8MSHbjY8zr8isFDZ_inv2.als","CORRECT",false,true,false,true,true,true
"socialMedia/correct/d8ZXmpSZE7N5G3Wff_inv3.als","CORRECT",false,true,false,true,true,true
"socialMedia/correct/d9HvxY72xaxopWTGG_inv2.als","CORRECT",false,true,false,true,true,true
"socialMedia/correct/dCmnc89nPFsXxbWhz_inv2.als","CORRECT",false,true,false,true,true,true
"socialMedia/correct/dHTEYASXjhRDP476P_inv1.als","CORRECT",false,true,false,true,true,true
"socialMedia/correct/dHYq5bkLyQhoE9Qfc_inv3.als","CORRECT",false,true,false,true,true,true
"socialMedia/correct/dJzTJGakFG3tPmxcX_inv2.als","CORRECT",false,true,false,true,true,true
"socialMedia/correct/dQS235oZy687dMgnY_inv2.als","CORRECT",false,true,false,true,true,true
"socialMedia/correct/ddiPGg3QxbDb4CNRa_inv1.als","CORRECT",false,true,false,true,true,true
"socialMedia/correct/dfPHKhriG3RpHcLBw_inv2.als","CORRECT",false,true,false,true,true,true
"socialMedia/correct/dhApRNH2J5u2PCASF_inv2.als","CORRECT",false,true,false,true,true,true
"socialMedia/correct/di55W4gYa9cXcwGB6_inv1.als","CORRECT",false,true,false,true,true,true
"socialMedia/correct/dkFpMzLEMLeseQ4Xc_inv1.als","CORRECT",false,true,false,true,true,true
"socialMedia/correct/dkRX4C2ftahzAhRPD_inv1.als","CORRECT",false,true,false,true,true,true
"socialMedia/correct/dpmX72NjPdYq3aJZD_inv2.als","CORRECT",false,true,false,true,true,true
"socialMedia/correct/drwRh49CFyTPs9iRf_inv2.als","CORRECT",false,true,false,true,true,true
"socialMedia/correct/dtqwe4AmH8QieJo6P_inv2.als","CORRECT",false,true,false,true,true,true
"socialMedia/correct/dvnAbbHFH5pvQwdnq_inv2.als","CORRECT",false,true,false,true,true,true
"socialMedia/correct/e3P3tprAzHopQinvs_inv2.als","CORRECT",false,true,false,true,true,true
"socialMedia/correct/eJ8x9ojMT3Xi9Hs4a_inv7.als","CORRECT",false,true,false,true,true,true
"socialMedia/correct/eP88kPxRS9RJr3za9_inv2.als","CORRECT",false,true,false,true,true,true
"socialMedia/correct/eTChrfmYvkwj58KNH_inv2.als","CORRECT",false,true,false,true,true,true
"socialMedia/correct/eXfTeZ2sJCqdbQgrw_inv1.als","CORRECT",false,true,false,true,true,true
"socialMedia/correct/ea4RL2AJonfXcsRtP_inv1.als","CORRECT",false,true,false,true,true,true
"socialMedia/correct/ecz3QExN46jW7Y6dN_inv2.als","CORRECT",false,true,false,true,true,true
"socialMedia/correct/egvhbuenCQkar4g8x_inv2.als","CORRECT",false,true,false,true,true,true
"socialMedia/correct/ejKEurnYRtYTC9fsj_inv1.als","CORRECT",false,true,false,true,true,true
"socialMedia/correct/ekaqj6JzfkT8zaNEJ_inv2.als","CORRECT",false,true,false,true,true,true
"socialMedia/correct/ekd7G8q7jRJLvDjkn_inv3.als","CORRECT",false,true,false,true,true,true
"socialMedia/correct/em4ZJSifxguT4zary_inv1.als","CORRECT",false,true,false,true,true,true
"socialMedia/correct/eqL6Mu3LfA3LyHxF3_inv1.als","CORRECT",false,true,false,true,true,true
"socialMedia/correct/es9umNGmGNTxTiFpi_inv1.als","CORRECT",false,true,false,true,true,true
"socialMedia/correct/f7J3ev5K56WAoBLH2_inv2.als","CORRECT",false,true,false,true,true,true
"socialMedia/correct/f7ki4RmpqXT7skerk_inv2.als","CORRECT",false,true,false,true,true,true
"socialMedia/correct/f7uCvbhszb27PfnZa_inv1.als","CORRECT",false,true,false,true,true,true
"socialMedia/correct/fAiqBJjZjukcxBKQ5_inv2.als","CORRECT",false,true,false,true,true,true
"socialMedia/correct/fGyfeRzYACQXYAduX_inv3.als","CORRECT",false,true,false,true,true,true
"socialMedia/correct/fLAqCxv2W4FwuEnHq_inv1.als","CORRECT",false,true,false,true,true,true
"socialMedia/correct/fRYDzMi5GXKyaNS6n_inv2.als","CORRECT",false,true,false,true,true,true
"socialMedia/correct/fT2Bsrw345FJFgFbp_inv2.als","CORRECT",false,true,false,true,true,true
"socialMedia/correct/fWr99EMrbFo9vuEtz_inv1.als","CORRECT",false,true,false,true,true,true
"socialMedia/correct/fXQsdniRd7rw7ABHS_inv2.als","CORRECT",false,true,false,true,true,true
"socialMedia/correct/fXZ9SqCogxkdaKgD7_inv2.als","CORRECT",false,true,false,true,true,true
"socialMedia/correct/fY433k3oabHfNdM7s_inv2.als","CORRECT",false,true,false,true,true,true
"socialMedia/correct/faio7Rywac9DoCtyB_inv2.als","CORRECT",false,true,false,true,true,true
"socialMedia/correct/fbHWJDa7Ykomf2Bi8_inv1.als","CORRECT",false,true,false,true,true,true
"socialMedia/correct/fi4mhHvDH3ThkjR5n_inv1.als","CORRECT",false,true,false,true,true,true
"socialMedia/correct/fmN6Jvs3B6ARxyp36_inv1.als","CORRECT",false,true,false,true,true,true
"socialMedia/correct/fobpACRoZBEWmSCf5_inv1.als","CORRECT",false,true,false,true,true,true
"socialMedia/correct/fvcYTmTBML5wLPoRb_inv7.als","CORRECT",false,true,false,true,true,true
"socialMedia/correct/fxE56pqCHgDuEmqNw_inv1.als","CORRECT",false,true,false,true,true,true
"socialMedia/correct/fyYpzRusin9qmd8F3_inv1.als","CORRECT",false,true,false,true,true,true
"socialMedia/correct/fzKNQzMW6Wt5Y62D8_inv2.als","CORRECT",false,true,false,true,true,true
"socialMedia/correct/g3BGgbtx6cDLrwK7C_inv3.als","CORRECT",false,true,false,true,true,true
"socialMedia/correct/g4ApxbEgLioReMybv_inv7.als","CORRECT",false,true,false,true,true,true
"socialMedia/correct/g4k8RJhBZDkYngkZx_inv2.als","CORRECT",false,true,false,true,true,true
"socialMedia/correct/g8FM6p2SdEDta7mdz_inv2.als","CORRECT",false,true,false,true,true,true
"socialMedia/correct/gADnMoajYF62G4pqX_inv2.als","CORRECT",false,true,false,true,true,true
"socialMedia/correct/gAWMLnGqz4tpQ2PDR_inv2.als","CORRECT",false,true,false,true,true,true
"socialMedia/correct/gHPrFTEgvhrJyiwCZ_inv2.als","CORRECT",false,true,false,true,true,true
"socialMedia/correct/gPwAKzesNGwNzQStR_inv1.als","CORRECT",false,true,false,true,true,true
"socialMedia/correct/gR2N6juGx8c3XanqG_inv3.als","CORRECT",false,true,false,true,true,true
"socialMedia/correct/gTZekAZTf5CReGxxv_inv2.als","CORRECT",false,true,false,true,true,true
"socialMedia/correct/gWqydkwhgaAqaoREJ_inv2.als","CORRECT",false,true,false,true,true,true
"socialMedia/correct/gXxXCDeJAKddpZKZP_inv2.als","CORRECT",false,true,false,true,true,true
"socialMedia/correct/gbe3KmanyN7K5rpc3_inv3.als","CORRECT",false,true,false,true,true,true
"socialMedia/correct/geBS82Sk6LpXXDf2e_inv2.als","CORRECT",false,true,false,true,true,true
"socialMedia/correct/gfK8ggRAaij6JvnwD_inv2.als","CORRECT",false,true,false,true,true,true
"socialMedia/correct/gkxL2gTEi8py5wmko_inv2.als","CORRECT",false,true,false,true,true,true
"socialMedia/correct/goLvKxaE7MytmJirw_inv1.als","CORRECT",false,true,false,true,true,true
"socialMedia/correct/grRgDNm9n8LjCtZ59_inv3.als","CORRECT",false,true,false,true,true,true
"socialMedia/correct/gwCr4J2vjD8GxR9cg_inv3.als","CORRECT",false,true,false,true,true,true
"socialMedia/correct/h6u9zCjjdjGtJKSLW_inv3.als","CORRECT",false,true,false,true,true,true
"socialMedia/correct/h9sWgS6wWDDrivuAc_inv2.als","CORRECT",false,true,false,true,true,true
"socialMedia/correct/hA2QtzfkXbLphadHC_inv2.als","CORRECT",false,true,false,true,true,true
"socialMedia/correct/hBim9WQnHyq5CA6zF_inv2.als","CORRECT",false,true,false,true,true,true
"socialMedia/correct/hC6smFJxRursv3mQt_inv2.als","CORRECT",false,true,false,true,true,true
"socialMedia/correct/hETkMirLYTXR2E93R_inv2.als","CORRECT",false,true,false,true,true,true
"socialMedia/correct/hJSuMhEX73tpnv8nn_inv1.als","CORRECT",false,true,false,true,true,true
"socialMedia/correct/hQa7wt6Sf6WEjLFFd_inv2.als","CORRECT",false,true,false,true,true,true
"socialMedia/correct/hSwNrciWoFFhWHHPJ_inv2.als","CORRECT",false,true,false,true,true,true
"socialMedia/correct/hdr9qbKeMJmXZAPMD_inv2.als","CORRECT",false,true,false,true,true,true
"socialMedia/correct/heQKtRe5x2xgNMg6R_inv1.als","CORRECT",false,true,false,true,true,true
"socialMedia/correct/heX3sc2k3mktzs4nR_inv2.als","CORRECT",false,true,false,true,true,true
"socialMedia/correct/heiDQQisBxNdsi6Hx_inv1.als","CORRECT",false,true,false,true,true,true
"socialMedia/correct/hgLDQtJ7kd8Bp6v9E_inv1.als","CORRECT",false,true,false,true,true,true
"socialMedia/correct/hpYmuT5LuxTLjsewM_inv1.als","CORRECT",false,true,false,true,true,true
"socialMedia/correct/htktxvCNj8ua8mNqr_inv3.als","CORRECT",false,true,false,true,true,true
"socialMedia/correct/huwDysdqFDPEyrC5a_inv2.als","CORRECT",false,true,false,true,true,true
"socialMedia/correct/i6CYwqADtkqQDWWFR_inv3.als","CORRECT",false,true,false,true,true,true
"socialMedia/correct/i8RGfhq8nGPWhFujn_inv1.als","CORRECT",false,true,false,true,true,true
"socialMedia/correct/iEdf8uW7aBLZNzcMQ_inv2.als","CORRECT",false,true,false,true,true,true
"socialMedia/correct/iHZHsyJFPhtoF7mEZ_inv2.als","CORRECT",false,true,false,true,true,true
"socialMedia/correct/iLbmL7sFCJ5L3APxC_inv3.als","CORRECT",false,true,false,true,true,true
"socialMedia/correct/iNezumjv2jaj4atqu_inv1.als","CORRECT",false,true,false,true,true,true
"socialMedia/correct/ibmf9naEP9Gyb5TGZ_inv3.als","CORRECT",false,true,false,true,true,true
"socialMedia/correct/iiTFzPadbZe4qyeRD_inv2.als","CORRECT",false,true,false,true,true,true
"socialMedia/correct/ikSwxTwZb38icj7rL_inv3.als","CORRECT",false,true,false,true,true,true
"socialMedia/correct/imrkA5b8m5tdyMeWm_inv2.als","CORRECT",false,true,false,true,true,true
"socialMedia/correct/io4vJdMoycSEuqJoT_inv1.als","CORRECT",false,true,false,true,true,true
"socialMedia/correct/itQeJZtfweQcaKuAc_inv3.als","CORRECT",false,true,false,true,true,true
"socialMedia/correct/ixCSD4Fxd9csmE8eH_inv3.als","CORRECT",false,true,false,true,true,true
"socialMedia/correct/j2mKWxcbt3L2uBMrf_inv1.als","CORRECT",false,true,false,true,true,true
"socialMedia/correct/j5x3xtQyiX8qyrmqC_inv2.als","CORRECT",false,true,false,true,true,true
"socialMedia/correct/j6KdEeBWMS6qkxEuL_inv2.als","CORRECT",false,true,false,true,true,true
"socialMedia/correct/j6NbHaMgAkT8JmELH_inv3.als","CORRECT",false,true,false,true,true,true
"socialMedia/correct/jK9j39quk9KnanQyF_inv2.als","CORRECT",false,true,false,true,true,true
"socialMedia/correct/jNfdoYMhNpq56xdqT_inv1.als","CORRECT",false,true,false,true,true,true
"socialMedia/correct/jQa63xzeZx9wqjMgP_inv1.als","CORRECT",false,true,false,true,true,true
"socialMedia/correct/jTHuE83AakSuMDfYZ_inv2.als","CORRECT",false,true,false,true,true,true
"socialMedia/correct/jaDSFb6KyGY3wCgeX_inv2.als","CORRECT",false,true,false,true,true,true
"socialMedia/correct/jdEDrQ9hsXJTXzLk7_inv1.als","CORRECT",false,true,false,true,true,true
"socialMedia/correct/jfZ2BDuu4gBg7H6zR_inv2.als","CORRECT",false,true,false,true,true,true
"socialMedia/correct/ji6gbjkSCTvrdM69F_inv2.als","CORRECT",false,true,false,true,true,true
"socialMedia/correct/jiBiraPnBd3sThZLK_inv1.als","CORRECT",false,true,false,true,true,true
"socialMedia/correct/jrmkZQJdWYps4Ej7z_inv2.als","CORRECT",false,true,false,true,true,true
"socialMedia/correct/jtYXdZEWf6nGjbdSX_inv1.als","CORRECT",false,true,false,true,true,true
"socialMedia/correct/juSi2FXm6HrzB7YJf_inv3.als","CORRECT",false,true,false,true,true,true
"socialMedia/correct/juyK4fuXGDk8coZLy_inv2.als","CORRECT",false,true,false,true,true,true
"socialMedia/correct/jzyHctfTzefWshoFh_inv1.als","CORRECT",false,true,false,true,true,true
"socialMedia/correct/k2Ss8iuAwRYMz3oQg_inv2.als","CORRECT",false,true,false,true,true,true
"socialMedia/correct/k6x2ePPgugC5zv8iX_inv2.als","CORRECT",false,true,false,true,true,true
"socialMedia/correct/kFSzFiWnxrbBFYdpi_inv2.als","CORRECT",false,true,false,true,true,true
"socialMedia/correct/kPd8J4FLWTMhhSFqQ_inv2.als","CORRECT",false,true,false,true,true,true
"socialMedia/correct/kR64qdRaSLMwK3tK4_inv3.als","CORRECT",false,true,false,true,true,true
"socialMedia/correct/kSPquvecxhSchMnN3_inv2.als","CORRECT",false,true,false,true,true,true
"socialMedia/correct/kSjfniL5rCq9TjFuN_inv1.als","CORRECT",false,true,false,true,true,true
"socialMedia/correct/kfyxd5nHtaT6C9btF_inv2.als","CORRECT",false,true,false,true,true,true
"socialMedia/correct/khdPbDsFk5QMvkL84_inv2.als","CORRECT",false,true,false,true,true,true
"socialMedia/correct/kipsZY6WJXfBLFJra_inv3.als","CORRECT",false,true,false,true,true,true
"socialMedia/correct/km6nFXXX4fs6stdvp_inv1.als","CORRECT",false,true,false,true,true,true
"socialMedia/correct/knvCHw5QnWxqC3xEm_inv3.als","CORRECT",false,true,false,true,true,true
"socialMedia/correct/kr8kB5ShYG6DNcwxf_inv2.als","CORRECT",false,true,false,true,true,true
"socialMedia/correct/kw6dZCukoWWiLZNsZ_inv2.als","CORRECT",false,true,false,true,true,true
"socialMedia/correct/kzTqQmLXoxinYAJHw_inv1.als","CORRECT",false,true,false,true,true,true
"socialMedia/correct/m6P8NhZnamyrFSNiK_inv3.als","CORRECT",false,true,false,true,true,true
"socialMedia/correct/m9esQkAhg9XasCnWE_inv5.als","CORRECT",false,true,false,true,true,true
"socialMedia/correct/mDenEdhDRCaPjZ7Fn_inv3.als","CORRECT",false,true,false,true,true,true
"socialMedia/correct/mDfNKh3kfGbG9SsZA_inv2.als","CORRECT",false,true,false,true,true,true
"socialMedia/correct/mFbhHXBXFXAJXkqXs_inv2.als","CORRECT",false,true,false,true,true,true
"socialMedia/correct/mKji7byKetSQZWwvN_inv2.als","CORRECT",false,true,false,true,true,true
"socialMedia/correct/mQW7R4k5Aarxeanbe_inv2.als","CORRECT",false,true,false,true,true,true
"socialMedia/correct/mQpKZqjMQFHtLMDvi_inv2.als","CORRECT",false,true,false,true,true,true
"socialMedia/correct/mQtaQfcjYRhgJyjkj_inv2.als","CORRECT",false,true,false,true,true,true
"socialMedia/correct/mR7gp8uMJBaQmPjDo_inv2.als","CORRECT",false,true,false,true,true,true
"socialMedia/correct/mSD7pQetAewnxnqdy_inv2.als","CORRECT",false,true,false,true,true,true
"socialMedia/correct/mScKXaR2YsHDvtN7v_inv1.als","CORRECT",false,true,false,true,true,true
"socialMedia/correct/mWoopW5fAHjwZpNKm_inv3.als","CORRECT",false,true,false,true,true,true
"socialMedia/correct/mZrM9ettfpp2xXSpt_inv1.als","CORRECT",false,true,false,true,true,true
"socialMedia/correct/magQjXTss83JqaWfu_inv2.als","CORRECT",false,true,false,true,true,true
"socialMedia/correct/mbnqb5F8jpetJMNii_inv3.als","CORRECT",false,true,false,true,true,true
"socialMedia/correct/mcEiND97ZpdGeRiEr_inv3.als","CORRECT",false,true,false,true,true,true
"socialMedia/correct/mfrPWPpYzEBQDSadH_inv2.als","CORRECT",false,true,false,true,true,true
"socialMedia/correct/mkcr7xGus5db5nEXu_inv2.als","CORRECT",false,true,false,true,true,true
"socialMedia/correct/mnApxvju66hQqDmnf_inv1.als","CORRECT",false,true,false,true,true,true
"socialMedia/correct/ms99vqkJWNBgaNRA4_inv2.als","CORRECT",false,true,false,true,true,true
"socialMedia/correct/mt8DWL8bpbmDEkXGN_inv3.als","CORRECT",false,true,false,true,true,true
"socialMedia/correct/n7HQDwNTdcrJeRbcP_inv1.als","CORRECT",false,true,false,true,true,true
"socialMedia/correct/nRSRgcgEhusS2DhSf_inv2.als","CORRECT",false,true,false,true,true,true
"socialMedia/correct/nYkepRn6Qc4DLJPtL_inv2.als","CORRECT",false,true,false,true,true,true
"socialMedia/correct/naM537g7oxrQpzPaC_inv2.als","CORRECT",false,true,false,true,true,true
"socialMedia/correct/ni5a3xF3XLmMZdi4A_inv2.als","CORRECT",false,true,false,true,true,true
"socialMedia/correct/nivYQFzyirbjnLgbe_inv1.als","CORRECT",false,true,false,true,true,true
"socialMedia/correct/njQ39de2pStdHbN2R_inv2.als","CORRECT",false,true,false,true,true,true
"socialMedia/correct/nvSDdecEcJnZWd7mR_inv3.als","CORRECT",false,true,false,true,true,true
"socialMedia/correct/nyJgYzketAYvcNn4t_inv3.als","CORRECT",false,true,false,true,true,true
"socialMedia/correct/o3LMXjCHWkBhz2ewJ_inv1.als","CORRECT",false,true,false,true,true,true
"socialMedia/correct/o5JbXzYGZEJ9MZaSb_inv2.als","CORRECT",false,true,false,true,true,true
"socialMedia/correct/oEwSaeW9kdGfpgbkg_inv2.als","CORRECT",false,true,false,true,true,true
"socialMedia/correct/oEyecTp3o2CcZvD5o_inv2.als","CORRECT",false,true,false,true,true,true
"socialMedia/correct/oKMYuYxHvvpjydvMh_inv1.als","CORRECT",false,true,false,true,true,true
"socialMedia/correct/oKRDYS63qrB3zcj3H_inv2.als","CORRECT",false,true,false,true,true,true
"socialMedia/correct/oTDDxCLbwn3WdkZi5_inv1.als","CORRECT",false,true,false,true,true,true
"socialMedia/correct/oXyXM7dM84jzG5bYA_inv1.als","CORRECT",false,true,false,true,true,true
"socialMedia/correct/oZCQZvRrHGF8dYgCP_inv2.als","CORRECT",false,true,false,true,true,true
"socialMedia/correct/oaSTTQGLpwMoWHAtH_inv2.als","CORRECT",false,true,false,true,true,true
"socialMedia/correct/oqc4NSo7xJ3s4Xkk3_inv1.als","CORRECT",false,true,false,true,true,true
"socialMedia/correct/or6i6zo8XNDHPsy64_inv2.als","CORRECT",false,true,false,true,true,true
"socialMedia/correct/orfhMfuxhrN6ynSdC_inv2.als","CORRECT",false,true,false,true,true,true
"socialMedia/correct/otTmjmq9dPwecKjus_inv1.als","CORRECT",false,true,false,true,true,true
"socialMedia/correct/ov5vzBbjFN5Zy7Art_inv2.als","CORRECT",false,true,false,true,true,true
"socialMedia/correct/ovvNCQCPGspnwZjKw_inv2.als","CORRECT",false,true,false,true,true,true
"socialMedia/correct/p6Ceeu8CttW5Q3Q2u_inv2.als","CORRECT",false,true,false,true,true,true
"socialMedia/correct/p7diW4qCHsLJgu5F8_inv1.als","CORRECT",false,true,false,true,true,true
"socialMedia/correct/pAqK6DxfTFEYtSTsT_inv2.als","CORRECT",false,true,false,true,true,true
"socialMedia/correct/pDkNmqTer4GKBfou7_inv1.als","CORRECT",false,true,false,true,true,true
"socialMedia/correct/pHq7Mj6htnkvoEnE2_inv1.als","CORRECT",false,true,false,true,true,true
"socialMedia/correct/pJdn3puh3ieyBte9K_inv2.als","CORRECT",false,true,false,true,true,true
"socialMedia/correct/pKq2N3XLjawBGMnfk_inv2.als","CORRECT",false,true,false,true,true,true
"socialMedia/correct/pLAsYYaYQBKBCKsKA_inv3.als","CORRECT",false,true,false,true,true,true
"socialMedia/correct/pLyGsjiK7e8rzyJ6F_inv1.als","CORRECT",false,true,false,true,true,true
"socialMedia/correct/pNuxvBLorMTbomBrt_inv1.als","CORRECT",false,true,false,true,true,true
"socialMedia/correct/pP7RCHt2Zep3DNLe8_inv2.als","CORRECT",false,true,false,true,true,true
"socialMedia/correct/pQu3PtNesztAu7gGf_inv2.als","CORRECT",false,true,false,true,true,true
"socialMedia/correct/pRXoRTNoiALCmc9Hf_inv3.als","CORRECT",false,true,false,true,true,true
"socialMedia/correct/pTB6AbbdhcAmFQXXX_inv2.als","CORRECT",false,true,false,true,true,true
"socialMedia/correct/pYGTRb6upFXE6f7b5_inv2.als","CORRECT",false,true,false,true,true,true
"socialMedia/correct/pZutD44ZqfBo35Zsr_inv3.als","CORRECT",false,true,false,true,true,true
"socialMedia/correct/paX8tJR8bkg4vGCep_inv2.als","CORRECT",false,true,false,true,true,true
"socialMedia/correct/pfFmgcmMWaomFXEMi_inv2.als","CORRECT",false,true,false,true,true,true
"socialMedia/correct/pnJZsmtqbt4esH8AG_inv2.als","CORRECT",false,true,false,true,true,true
"socialMedia/correct/pnvmgRP5hkezcRova_inv2.als","CORRECT",false,true,false,true,true,true
"socialMedia/correct/ppRrwnzzB8eP8pnyZ_inv3.als","CORRECT",false,true,false,true,true,true
"socialMedia/correct/ppvBCh7uPX3mb73em_inv2.als","CORRECT",false,true,false,true,true,true
"socialMedia/correct/prTFukaNnp8tkd8LN_inv1.als","CORRECT",false,true,false,true,true,true
"socialMedia/correct/psJmpJePrXNfiJpjX_inv1.als","CORRECT",false,true,false,true,true,true
"socialMedia/correct/ptQhX37W78B4aJQx5_inv2.als","CORRECT",false,true,false,true,true,true
"socialMedia/correct/puvBQggWyi2wfWmvW_inv7.als","CORRECT",false,true,false,true,true,true
"socialMedia/correct/pw3Rv5mumcFoGAhms_inv1.als","CORRECT",false,true,false,true,true,true
"socialMedia/correct/q35rw6f7Y8BajNPcD_inv1.als","CORRECT",false,true,false,true,true,true
"socialMedia/correct/q52aRi2iFCF4mS7CP_inv1.als","CORRECT",false,true,false,true,true,true
"socialMedia/correct/q584DdSH2iZwrhbcu_inv1.als","CORRECT",false,true,false,true,true,true
"socialMedia/correct/q5DFt7mawShyuZjTM_inv1.als","CORRECT",false,true,false,true,true,true
"socialMedia/correct/q7D4QtMnEWgCkoSNv_inv2.als","CORRECT",false,true,false,true,true,true
"socialMedia/correct/q8Z7twzfahqZjbN9H_inv2.als","CORRECT",false,true,false,true,true,true
"socialMedia/correct/qFc7qAmzwc4LiRi93_inv2.als","CORRECT",false,true,false,true,true,true
"socialMedia/correct/qLHTJR5Wy5duecEm8_inv3.als","CORRECT",false,true,false,true,true,true
"socialMedia/correct/qQhooxbdWPPeLkPHd_inv2.als","CORRECT",false,true,false,true,true,true
"socialMedia/correct/qQxqN2C45gCkhrmGX_inv1.als","CORRECT",false,true,false,true,true,true
"socialMedia/correct/qSoZ8NAGn4AqaXxc6_inv1.als","CORRECT",false,true,false,true,true,true
"socialMedia/correct/qZbAyCeECnazxW8Cb_inv2.als","CORRECT",false,true,false,true,true,true
"socialMedia/correct/qZpMpKFbDu6f5og85_inv2.als","CORRECT",false,true,false,true,true,true
"socialMedia/correct/qfRNWb4nyAMfPTwN9_inv2.als","CORRECT",false,true,false,true,true,true
"socialMedia/correct/qiQX4sLadFdTdi3j6_inv1.als","CORRECT",false,true,false,true,true,true
"socialMedia/correct/qjx5Tma2xwaq2EG6n_inv1.als","CORRECT",false,true,false,true,true,true
"socialMedia/correct/qnKj96bHmtterDQDm_inv2.als","CORRECT",false,true,false,true,true,true
"socialMedia/correct/qvJJERTYk3Wa2E4St_inv1.als","CORRECT",false,true,false,true,true,true
"socialMedia/correct/qxSTa6FfaTKt2FvsT_inv1.als","CORRECT",false,true,false,true,true,true
"socialMedia/correct/r3MSNDDqJJxRFqA7Z_inv2.als","CORRECT",false,true,false,true,true,true
"socialMedia/correct/r3v8A7Gx3WqJBg3zD_inv1.als","CORRECT",false,true,false,true,true,true
"socialMedia/correct/r887tLSMi4Hd5rwdL_inv3.als","CORRECT",false,true,false,true,true,true
"socialMedia/correct/r9xLguTi6FqQsMyAc_inv2.als","CORRECT",false,true,false,true,true,true
"socialMedia/correct/rB4Gz57mo4qFLQeim_inv2.als","CORRECT",false,true,false,true,true,true
"socialMedia/correct/rGuf7aYRhwc69hFZJ_inv2.als","CORRECT",false,true,false,true,true,true
"socialMedia/correct/rHBhqRiqSNQRiHkKy_inv3.als","CORRECT",false,true,false,true,true,true
"socialMedia/correct/rb4sLnR9HbLZmwZ39_inv2.als","CORRECT",false,true,false,true,true,true
"socialMedia/correct/rfi7HES8Ht5YKDoxR_inv2.als","CORRECT",false,true,false,true,true,true
"socialMedia/correct/rku5Y9F7tScEertbC_inv1.als","CORRECT",false,true,false,true,true,true
"socialMedia/correct/rqrX3tFMESJKoxcGK_inv2.als","CORRECT",false,true,false,true,true,true
"socialMedia/correct/s3P2rR66b9DbhWDh7_inv1.als","CORRECT",false,true,false,true,true,true
"socialMedia/correct/s3rTJjMQtQBrXfbGn_inv2.als","CORRECT",false,true,false,true,true,true
"socialMedia/correct/s9pZGwaJp9GGyspv4_inv2.als","CORRECT",false,true,false,true,true,true
"socialMedia/correct/sAsj5gheb8JD225QY_inv2.als","CORRECT",false,true,false,true,true,true
"socialMedia/correct/sMrshAzo4MYGunZWa_inv2.als","CORRECT",false,true,false,true,true,true
"socialMedia/correct/sRpqHKgXLqdppsNf3_inv3.als","CORRECT",false,true,false,true,true,true
"socialMedia/correct/sWLEQcoxxiMLmxG2W_inv1.als","CORRECT",false,true,false,true,true,true
"socialMedia/correct/sWRA268xDmJuK7Fso_inv2.als","CORRECT",false,true,false,true,true,true
"socialMedia/correct/sYmtGS5YThYoDyvGu_inv2.als","CORRECT",false,true,false,true,true,true
"socialMedia/correct/sacqw6abYEWwgqNMC_inv2.als","CORRECT",false,true,false,true,true,true
"socialMedia/correct/sbG2ZGBExeMj2BbaC_inv1.als","CORRECT",false,true,false,true,true,true
"socialMedia/correct/skiZdmh5XTtbZDY2f_inv2.als","CORRECT",false,true,false,true,true,true
"socialMedia/correct/spaqnTzMB3WNnZHmr_inv2.als","CORRECT",false,true,false,true,true,true
"socialMedia/correct/sq3f2QEAQbcqRx4AG_inv2.als","CORRECT",false,true,false,true,true,true
"socialMedia/correct/ssp6oDXartbMLPomb_inv2.als","CORRECT",false,true,false,true,true,true
"socialMedia/correct/suAME7pyoTrFwKHTB_inv1.als","CORRECT",false,true,false,true,true,true
"socialMedia/correct/sw2EurHp5ifQRMD5M_inv2.als","CORRECT",false,true,false,true,true,true
"socialMedia/correct/t6ei4kcHcMwXt4tv2_inv2.als","CORRECT",false,true,false,true,true,true
"socialMedia/correct/t6ycS2uGuetbwMG5P_inv2.als","CORRECT",false,true,false,true,true,true
"socialMedia/correct/tBYt8DZ6Bgp3A7kcg_inv1.als","CORRECT",false,true,false,true,true,true
"socialMedia/correct/tBiy53FKPyuxaiy4Q_inv2.als","CORRECT",false,true,false,true,true,true
"socialMedia/correct/tCYJXSrBpeyDtgfxB_inv1.als","CORRECT",false,true,false,true,true,true
"socialMedia/correct/tDYD6XqAm8vKWgYWo_inv1.als","CORRECT",false,true,false,true,true,true
"socialMedia/correct/tEycWaPhgiSrDAfXA_inv1.als","CORRECT",false,true,false,true,false,false
"socialMedia/correct/tFqLEYwbkyC9BxbTn_inv2.als","CORRECT",false,true,false,true,true,true
"socialMedia/correct/tG8cabrm5Gq9BPqJn_inv3.als","CORRECT",false,true,false,true,true,true
"socialMedia/correct/tPcnaZ6o6eGwRLWst_inv2.als","CORRECT",false,true,false,true,true,true
"socialMedia/correct/tPoxdH38cv9oHqoBY_inv2.als","CORRECT",false,true,false,true,true,true
"socialMedia/correct/tRWRqMZKcwpRcNa25_inv3.als","CORRECT",false,true,false,true,true,true
"socialMedia/correct/tbcs43hxiMQkgPZsi_inv1.als","CORRECT",false,true,false,true,true,true
"socialMedia/correct/tbpHXWAC3oSdnWCwo_inv2.als","CORRECT",false,true,false,true,true,true
"socialMedia/correct/tfPc2atPGmcGnicpY_inv2.als","CORRECT",false,true,false,true,true,true
"socialMedia/correct/tfpPNeS92wJnkp4r8_inv3.als","CORRECT",false,true,false,true,true,true
"socialMedia/correct/tfsjZcP6CxXJPRcnw_inv1.als","CORRECT",false,true,false,true,true,true
"socialMedia/correct/tixABYS7x6SF9HZi7_inv2.als","CORRECT",false,true,false,true,true,true
"socialMedia/correct/tnHBGRu3XEDFqJNPr_inv3.als","CORRECT",false,true,false,true,true,true
"socialMedia/correct/tpHiAP3baswuCEmAs_inv2.als","CORRECT",false,true,false,true,true,true
"socialMedia/correct/trEkL3ieXY2eMujWS_inv2.als","CORRECT",false,true,false,true,true,true
"socialMedia/correct/u3fucto46XrHKfrLJ_inv2.als","CORRECT",false,true,false,true,true,true
"socialMedia/correct/u4kY8LeA7znYMFdxK_inv1.als","CORRECT",false,true,false,true,true,true
"socialMedia/correct/u9x2x6JY8obCt2uxX_inv2.als","CORRECT",false,true,false,true,true,true
"socialMedia/correct/uMxeWMWNdRCdRJ5yz_inv1.als","CORRECT",false,true,false,true,true,true
"socialMedia/correct/uQKhDLxxocHxtr5Qy_inv2.als","CORRECT",false,true,false,true,true,true
"socialMedia/correct/uYRsdMYt95yriy37G_inv3.als","CORRECT",false,true,false,true,true,true
"socialMedia/correct/uYSG2bAEBPpKY7rzR_inv3.als","CORRECT",false,true,false,true,true,true
"socialMedia/correct/ub3CrwXG8AMbthQCX_inv2.als","CORRECT",false,true,false,true,true,true
"socialMedia/correct/ubntwwSk62W2rTBdq_inv2.als","CORRECT",false,true,false,true,true,true
"socialMedia/correct/uckYg3PQRt7pJcQ8x_inv3.als","CORRECT",false,true,false,true,true,true
"socialMedia/correct/uf5oeM4FTMAoazy7e_inv1.als","CORRECT",false,true,false,true,true,true
"socialMedia/correct/unFn8LP5znjQppqve_inv2.als","CORRECT",false,true,false,true,true,true
"socialMedia/correct/urckKFhPpStXHY8Z9_inv2.als","CORRECT",false,true,false,true,true,true
"socialMedia/correct/uvAXu4JFGFTDhnSRk_inv2.als","CORRECT",false,true,false,true,true,true
"socialMedia/correct/v4L9BwMXZyjynG5vm_inv2.als","CORRECT",false,true,false,true,true,true
"socialMedia/correct/vBSvbmH3u8uXYA8wY_inv2.als","CORRECT",false,true,false,true,true,true
"socialMedia/correct/vBdKbdYtZH9oPhxT2_inv3.als","CORRECT",false,true,false,true,true,true
"socialMedia/correct/vFDQZu255ejeJjKBj_inv1.als","CORRECT",false,true,false,true,true,true
"socialMedia/correct/vFsdGCxuGWR5hw3gd_inv7.als","CORRECT",false,true,false,true,true,true
"socialMedia/correct/vWX79WoG3zWvQCEAv_inv1.als","CORRECT",false,true,false,true,true,true
"socialMedia/correct/vWcsbikM8nNQtRzGY_inv3.als","CORRECT",false,true,false,true,true,true
"socialMedia/correct/vZZ7TeqdH25ExJTXH_inv1.als","CORRECT",false,true,false,true,true,true
"socialMedia/correct/vg33zKuWEsXozvcQk_inv3.als","CORRECT",false,true,false,true,true,true
"socialMedia/correct/vhPzuSJYh4pYsrSh3_inv3.als","CORRECT",false,true,false,true,true,true
"socialMedia/correct/vmYmH2o24dP3ByXWn_inv2.als","CORRECT",false,true,false,true,true,true
"socialMedia/correct/vmwNcvz486SoSyb5m_inv2.als","CORRECT",false,true,false,true,true,true
"socialMedia/correct/vuYGtgzGKZn4GsrnM_inv2.als","CORRECT",false,true,false,true,true,true
"socialMedia/correct/vw5jGjwrhAXxSos6k_inv3.als","CORRECT",false,true,false,true,true,true
"socialMedia/correct/w2r2XmT9i8mF9BBhr_inv1.als","CORRECT",false,true,false,true,true,true
"socialMedia/correct/w3MXNvkBLnG5M3iEX_inv7.als","CORRECT",false,true,false,true,true,true
"socialMedia/correct/w3PvmTY2baeu45NZG_inv2.als","CORRECT",false,true,false,true,true,true
"socialMedia/correct/w3XCZC8G7HiT5rJ7x_inv2.als","CORRECT",false,true,false,true,true,true
"socialMedia/correct/wCwizzPXyantkb685_inv1.als","CORRECT",false,true,false,true,true,true
"socialMedia/correct/wKkDSZhEfRkWFrK4D_inv1.als","CORRECT",false,true,false,true,true,true
"socialMedia/correct/wSshDouS8qD9MN8Kt_inv1.als","CORRECT",false,true,false,true,true,true
"socialMedia/correct/whtR2e7im6EwBMP8w_inv2.als","CORRECT",false,true,false,true,true,true
"socialMedia/correct/wj9syQyeQont33Pbq_inv2.als","CORRECT",false,true,false,true,true,true
"socialMedia/correct/wjfrRKi46DB9yzwjg_inv2.als","CORRECT",false,true,false,true,true,true
"socialMedia/correct/wpg35EHbD7znE6Q38_inv2.als","CORRECT",false,true,false,true,true,true
"socialMedia/correct/wrZMbEDMb5WWQfLLX_inv1.als","CORRECT",false,true,false,true,true,true
"socialMedia/correct/wytqwNuCMgqmDSsJg_inv2.als","CORRECT",false,true,false,true,true,true
"socialMedia/correct/wzJ3SKoeAmhbo8Yxe_inv2.als","CORRECT",false,true,false,true,true,true
"socialMedia/correct/x49j9db6SYtuGGQtk_inv2.als","CORRECT",false,true,false,true,true,true
"socialMedia/correct/x5H9AyxHZhnBB77Di_inv2.als","CORRECT",false,true,false,true,true,true
"socialMedia/correct/x6P23geHaYxAfSkxR_inv2.als","CORRECT",false,true,false,true,true,true
"socialMedia/correct/xCi9ZSxkKyETc7j4y_inv3.als","CORRECT",false,true,false,true,true,true
"socialMedia/correct/xD9nkZadYb2ZZwY9N_inv2.als","CORRECT",false,true,false,true,true,true
"socialMedia/correct/xDhz56W3HMpJLG7aG_inv2.als","CORRECT",false,true,false,true,true,true
"socialMedia/correct/xFDHa5NCRicFgJ5PR_inv1.als","CORRECT",false,true,false,true,true,true
"socialMedia/correct/xFWCghb2neAtSd7qw_inv3.als","CORRECT",false,true,false,true,true,true
"socialMedia/correct/xS45SCKucMNEcjku6_inv7.als","CORRECT",false,true,false,true,true,true
"socialMedia/correct/xW7awhYmWdYvBEvXH_inv2.als","CORRECT",false,true,false,true,true,true
"socialMedia/correct/xW8AKg3ea9HauBvA2_inv3.als","CORRECT",false,true,false,true,true,true
"socialMedia/correct/xXi7rmgvQcQK5d6JR_inv2.als","CORRECT",false,true,false,true,true,true
"socialMedia/correct/xXoaiXcrsHmqTXXNZ_inv3.als","CORRECT",false,true,false,true,true,true
"socialMedia/correct/xXtdGFrTjnXBMor2K_inv1.als","CORRECT",false,true,false,true,true,true
"socialMedia/correct/xYB7vfjwheYxSR9uq_inv2.als","CORRECT",false,true,false,true,true,true
"socialMedia/correct/xe8iCktmCJdNccjEN_inv2.als","CORRECT",false,true,false,true,true,true
"socialMedia/correct/xfBH8hTs7nrBDQgad_inv1.als","CORRECT",false,true,false,true,true,true
"socialMedia/correct/xhyiByMpy2yKkJ296_inv2.als","CORRECT",false,true,false,true,true,true
"socialMedia/correct/xiSeBPidjktjAW2bZ_inv1.als","CORRECT",false,true,false,true,true,true
"socialMedia/correct/xjdt9Wc5PKkDHCLG6_inv1.als","CORRECT",false,true,false,true,true,true
"socialMedia/correct/xk9CEwEvyLdNbfJBX_inv2.als","CORRECT",false,true,false,true,true,true
"socialMedia/correct/xkQoF8kbALRDFgZFf_inv2.als","CORRECT",false,true,false,true,true,true
"socialMedia/correct/xkucH42sju4quqSTs_inv1.als","CORRECT",false,true,false,true,true,true
"socialMedia/correct/xoPEeuiyAKRJrkLyL_inv2.als","CORRECT",false,true,false,true,true,true
"socialMedia/correct/xp7MvdNts5nnZXuQR_inv2.als","CORRECT",false,true,false,true,true,true
"socialMedia/correct/xquoWtJsraSbBSr4k_inv3.als","CORRECT",false,true,false,true,true,true
"socialMedia/correct/xuc8DLBbJwQQCk2qC_inv2.als","CORRECT",false,true,false,true,true,true
"socialMedia/correct/y5zPST2qGoH6QsjPr_inv1.als","CORRECT",false,true,false,true,true,true
"socialMedia/correct/yAHwkpnKZPJykQaae_inv2.als","CORRECT",false,true,false,true,true,true
"socialMedia/correct/yBdMrWqPbsNLmn4ec_inv1.als","CORRECT",false,true,false,true,true,true
"socialMedia/correct/yFTieyxEJEfREbHET_inv1.als","CORRECT",false,true,false,true,true,true
"socialMedia/correct/yFZ9E5RicM7dtBcgy_inv2.als","CORRECT",false,true,false,true,true,true
"socialMedia/correct/yLigBcvdgZDy4Wb3v_inv2.als","CORRECT",false,true,false,true,true,true
"socialMedia/correct/yMQLTyxeNvasMzYDA_inv2.als","CORRECT",false,true,false,true,true,true
"socialMedia/correct/yNgrADb6DdNddWtE2_inv2.als","CORRECT",false,true,false,true,true,true
"socialMedia/correct/yPAJiRsFddfpecNDt_inv2.als","CORRECT",false,true,false,true,true,true
"socialMedia/correct/yQW5hnJpnrg3QkbqG_inv2.als","CORRECT",false,true,false,true,true,true
"socialMedia/correct/yXmrdwnxxCx4SdKAT_inv2.als","CORRECT",false,true,false,true,true,true
"socialMedia/correct/yYs6bJj6K5DcWQTHa_inv1.als","CORRECT",false,true,false,true,true,true
"socialMedia/correct/ybdm6mMStRoRNdc7u_inv2.als","CORRECT",false,true,false,true,true,true
"socialMedia/correct/yeojZZ5zmBbe7pdMw_inv2.als","CORRECT",false,true,false,true,true,true
"socialMedia/correct/yes6NcsAjxBzeEbJA_inv3.als","CORRECT",false,true,false,true,true,true
"socialMedia/correct/yhwyfFP6JpCfhQLn9_inv2.als","CORRECT",false,true,false,true,true,true
"socialMedia/correct/yihEWd8imoTKmRe2J_inv1.als","CORRECT",false,true,false,true,true,true
"socialMedia/correct/ykYCk6oxJBS4eXqB5_inv3.als","CORRECT",false,true,false,true,true,true
"socialMedia/correct/ykee7eQfymouyyLzo_inv1.als","CORRECT",false,true,false,true,true,true
"socialMedia/correct/ymyG8DvZPZdgy3ogb_inv1.als","CORRECT",false,true,false,true,true,true
"socialMedia/correct/ynxTh7EXfPtM8AgBi_inv1.als","CORRECT",false,true,false,true,true,true
"socialMedia/correct/yqZ94Rhzn4kha6LMh_inv1.als","CORRECT",false,true,false,true,true,true
"socialMedia/correct/yqd3bQzHvKwD8Mg8E_inv2.als","CORRECT",false,true,false,true,true,true
"socialMedia/correct/yrXH5XN5EzKonESBr_inv3.als","CORRECT",false,true,false,true,true,true
"socialMedia/correct/yzbykEAswkgJW9Csb_inv1.als","CORRECT",false,true,false,true,true,true
"socialMedia/correct/z6nYQPGtPpJMN75x9_inv2.als","CORRECT",false,true,false,true,true,true
"socialMedia/correct/zCE8Cfmztcb5ZzQJS_inv2.als","CORRECT",false,true,false,true,true,true
"socialMedia/correct/zE9aqc8BZe2m8DcRG_inv2.als","CORRECT",false,true,false,true,true,true
"socialMedia/correct/zJYiHzTqCKBTTXnSm_inv2.als","CORRECT",false,true,false,true,true,true
"socialMedia/correct/zLw4MuxpKkhfTECdJ_inv1.als","CORRECT",false,true,false,true,true,true
"socialMedia/correct/zMHEREfsCvusR8J6p_inv3.als","CORRECT",false,true,false,true,true,true
"socialMedia/correct/zMJX4madYgvpGZEfi_inv2.als","CORRECT",false,true,false,true,true,true
"socialMedia/correct/zPNiiHRcsuK3m3xES_inv1.als","CORRECT",false,true,false,true,true,true
"socialMedia/correct/zXcN778wGdwXvjBLg_inv2.als","CORRECT",false,true,false,true,true,true
"socialMedia/correct/zayo87Ba8xgXKp5Tf_inv2.als","CORRECT",false,true,false,true,true,true
"socialMedia/correct/zdJmd4tdSmWKjExb5_inv3.als","CORRECT",false,true,false,true,true,true
"socialMedia/correct/zfvLE2m4jL9QGNT8F_inv2.als","CORRECT",false,true,false,true,true,true
"socialMedia/correct/zh3oaoL7wraCJ4wo5_inv1.als","CORRECT",false,true,false,true,true,true
"socialMedia/correct/zi6fER22EAuz27kSW_inv1.als","CORRECT",false,true,false,true,true,true
"socialMedia/correct/zkHX85ahdf6nj2Q6k_inv2.als","CORRECT",false,true,false,true,true,true
"socialMedia/correct/zm5fwizsDKoXj4d4G_inv2.als","CORRECT",false,true,false,true,true,true
"socialMedia/correct/zo35drcn6vhdNa3dh_inv1.als","CORRECT",false,true,false,true,true,true
"socialMedia/correct/zqp9oeA9YkzFq2xxP_inv1.als","CORRECT",false,true,false,true,true,true
"socialMedia/correct/zrPzesWSH2diTKJ5F_inv3.als","CORRECT",false,true,false,true,true,true
"socialMedia/correct/zwDwpWo9btkzXiZD3_inv3.als","CORRECT",false,true,false,true,true,true
"socialMedia/correct/zx5S4FqBkiggqPkqQ_inv2.als","CORRECT",false,true,false,true,true,true
"socialMedia/correct/zyEt5Zq5vu95Fpi8K_inv3.als","CORRECT",false,true,false,true,true,true
"trainStationNew/correct/22RPNQY9iXbiMaZA2_inv8.als","CORRECT",false,false,false,false,false,true
"trainStationNew/correct/28e92bPfTz3FW6d9a_inv8.als","CORRECT",false,false,false,false,false,true
"trainStationNew/correct/2dSCXLF2SNkJ3Lao4_inv2.als","CORRECT",false,true,false,true,true,true
"trainStationNew/correct/2vXy8jGAeGYuzSpmk_inv7.als","CORRECT",false,true,false,true,true,true
"trainStationNew/correct/2ygHoedKdid6QWsHf_inv7.als","CORRECT",false,true,false,true,true,true
"trainStationNew/correct/39asYeYuGwbeNF6E3_inv5.als","CORRECT",false,true,false,true,true,true
"trainStationNew/correct/3so52iSHR2t99GaN4_inv5.als","CORRECT",false,true,false,true,true,true
"trainStationNew/correct/4mNN3z28SdwhfHtn2_inv8.als","CORRECT",false,false,false,false,false,true
"trainStationNew/correct/4x5wwkJoT8qw7yBCq_inv6.als","CORRECT",false,true,false,true,true,true
"trainStationNew/correct/66rJ4TargtiCXqPt2_inv6.als","CORRECT",false,true,false,true,true,true
"trainStationNew/correct/6MK2GXr9Dr7zCs2gk_inv9.als","CORRECT",false,true,false,true,true,true
"trainStationNew/correct/7547evvWTGGBrixJD_inv6.als","CORRECT",false,true,false,true,true,true
"trainStationNew/correct/7C8hmhxER3gabEkdp_inv7.als","CORRECT",false,true,false,true,true,true
"trainStationNew/correct/7yf6otwpXhRdBn4Da_inv8.als","CORRECT",false,false,false,false,false,true
"trainStationNew/correct/8B7A8FDuYqBY9H3pi_inv8.als","CORRECT",false,true,false,true,true,true
"trainStationNew/correct/8SwCS8LHpwA3dDb5M_inv6.als","CORRECT",false,true,false,true,true,true
"trainStationNew/correct/8YFbrPvDWYWciWG29_inv8.als","CORRECT",false,false,false,false,false,true
"trainStationNew/correct/8iQPvRWi4arwBrh9q_inv2.als","CORRECT",false,true,false,true,true,true
"trainStationNew/correct/AEnqk4jM6mRwkWYQd_inv8.als","CORRECT",false,false,false,false,false,true
"trainStationNew/correct/ApdcNFqf2QTs47A5N_inv6.als","CORRECT",false,true,false,true,true,true
"trainStationNew/correct/CTHRBr92Sshurf5Kz_inv3.als","CORRECT",false,true,false,true,true,true
"trainStationNew/correct/CWH3hq7tsZFFK9yLM_inv8.als","CORRECT",false,true,false,true,true,true
"trainStationNew/correct/DwZbX5zydjm8DrcZB_inv6.als","CORRECT",false,true,false,true,true,true
"trainStationNew/correct/DxnSdcBffRFpyf94g_inv2.als","CORRECT",false,true,false,true,true,true
"trainStationNew/correct/EDmbzHxg3mDNd6R99_inv6.als","CORRECT",false,true,false,true,true,true
"trainStationNew/correct/GNW5CD9rxcdCWY8Ei_inv6.als","CORRECT",false,true,false,true,true,true
"trainStationNew/correct/GQdowhPW7zgmL6fDC_inv4.als","CORRECT",false,true,false,true,true,true
"trainStationNew/correct/GW6PywQGmojMy6Yf6_inv8.als","CORRECT",false,true,false,true,true,true
"trainStationNew/correct/HRQtYT84dXJWoqDtg_inv7.als","CORRECT",false,true,false,true,true,true
"trainStationNew/correct/JRk7cazCM95hsLwgd_inv9.als","CORRECT",false,true,false,true,true,true
"trainStationNew/correct/JfuyLyzR2QpPBuv7j_inv8.als","CORRECT",false,false,false,false,false,true
"trainStationNew/correct/KBFj8uPSbz3cpPhE7_inv8.als","CORRECT",false,false,false,false,false,true
"trainStationNew/correct/L57StopGah5igzZ6p_inv8.als","CORRECT",false,false,false,false,false,true
"trainStationNew/correct/LtMd4qYDq3wpn7Esy_inv5.als","CORRECT",false,true,false,true,true,true
"trainStationNew/correct/M3mkS4iQKX423mw7b_inv2.als","CORRECT",false,true,false,true,true,true
"trainStationNew/correct/MmYX89LTJ3dYckzqe_inv8.als","CORRECT",false,true,false,true,true,true
"trainStationNew/correct/N5CcyG3CeE9gBSvuC_inv8.als","CORRECT",false,false,false,false,false,true
"trainStationNew/correct/N7fzdwaAoKxm5BEkg_inv4.als","CORRECT",false,true,false,true,true,true
"trainStationNew/correct/NiSGA2qeCoxf5LT8J_inv2.als","CORRECT",false,true,false,true,true,true
"trainStationNew/correct/PCbKDr2GkJXttCDmq_inv8.als","CORRECT",false,true,false,true,true,true
"trainStationNew/correct/PgnJzTQS3hrErNtGs_inv6.als","CORRECT",false,true,false,true,true,true
"trainStationNew/correct/PhjEoeNyMQqBCLj6s_inv3.als","CORRECT",false,true,false,true,true,true
"trainStationNew/correct/RXa5XFZ2riLqYfMXF_inv8.als","CORRECT",false,true,false,true,true,true
"trainStationNew/correct/RawRdjG5NPe9tLzyR_inv6.als","CORRECT",false,true,false,true,true,true
"trainStationNew/correct/Rdy5GQkSyCW7kipzM_inv8.als","CORRECT",false,true,false,true,true,true
"trainStationNew/correct/Rw2X4C7cW2dWGoZv8_inv6.als","CORRECT",false,true,false,true,true,true
"trainStationNew/correct/SoMCsQjWDN3zFjRDr_inv3.als","CORRECT",false,true,false,true,true,true
"trainStationNew/correct/Tyyu2kswDN4AQq2qw_inv2.als","CORRECT",false,true,false,true,true,true
"trainStationNew/correct/WRreZPNRPdprdn5Qs_inv2.als","CORRECT",false,true,false,true,true,true
"trainStationNew/correct/YpE2Hk5qctbrYm7LK_inv8.als","CORRECT",false,true,false,true,true,true
"trainStationNew/correct/ZJR9GqfpqjJoThccT_inv8.als","CORRECT",false,false,false,false,false,true
"trainStationNew/correct/ZZMqnTRHmdjNrGf8S_inv7.als","CORRECT",false,true,false,true,true,true
"trainStationNew/correct/aM4CAZYi4mPtGQmbW_inv8.als","CORRECT",false,false,false,false,false,true
"trainStationNew/correct/auyHBTx4kFZrMevmd_inv6.als","CORRECT",false,true,false,true,true,true
"trainStationNew/correct/bdAJYKaRKsbZJ8dtM_inv8.als","CORRECT",false,false,false,false,false,true
"trainStationNew/correct/bkkTjnvDTS7XwEQeF_inv8.als","CORRECT",false,true,false,true,true,true
"trainStationNew/correct/cmrqZLreJnpWbwS8e_inv8.als","CORRECT",false,false,false,false,false,true
"trainStationNew/correct/cqctKwf4QKXsZzDFJ_inv4.als","CORRECT",false,true,false,true,true,true
"trainStationNew/correct/eMcCjwh36MD8xftYp_inv6.als","CORRECT",false,true,false,true,true,true
"trainStationNew/correct/eo87YkcPhXxx2k3Gc_inv2.als","CORRECT",false,true,false,true,true,true
"trainStationNew/correct/ezJ3qDWircpmnEgcc_inv8.als","CORRECT",false,true,false,true,true,true
"trainStationNew/correct/g4AeezKNEPDiiFtzh_inv6.als","CORRECT",false,true,false,true,true,true
"trainStationNew/correct/i4AX322BZd6yjdnsr_inv6.als","CORRECT",false,true,false,true,true,true
"trainStationNew/correct/iAC4r25pMQJ5MmZno_inv8.als","CORRECT",false,true,false,true,true,true
"trainStationNew/correct/iJRYLtbv7vmy2CiJ7_inv6.als","CORRECT",false,true,false,true,true,true
"trainStationNew/correct/k7rczbprR72CGrPYd_inv6.als","CORRECT",false,true,false,true,true,true
"trainStationNew/correct/knEhcEsKAfd6RJ2SP_inv8.als","CORRECT",false,true,false,true,true,true
"trainStationNew/correct/n4ySDvxAwA2rRBuNe_inv8.als","CORRECT",false,true,false,true,true,true
"trainStationNew/correct/nKx48KRwtComGQSFA_inv6.als","CORRECT",false,true,false,true,true,true
"trainStationNew/correct/pwg3j6Fc2DqhDFu9F_inv6.als","CORRECT",false,true,false,true,true,true
"trainStationNew/correct/r3iBxjnQdvp6MvAin_inv8.als","CORRECT",false,true,false,true,true,true
"trainStationNew/correct/rDA4bbSkMjEdGmCbJ_inv6.als","CORRECT",false,true,false,true,true,true
"trainStationNew/correct/roj4Bs5D6isAh3xhv_inv6.als","CORRECT",false,true,false,true,true,true
"trainStationNew/correct/s5TnutgC3hJL77zMX_inv6.als","CORRECT",false,true,false,true,true,true
"trainStationNew/correct/skfxqLk4zjjon7T5z_inv6.als","CORRECT",false,true,false,true,true,true
"trainStationNew/correct/sxJM7qninFT25fHLH_inv2.als","CORRECT",false,true,false,true,true,true
"trainStationNew/correct/tYxoPJyN9sAYD6WHE_inv6.als","CORRECT",false,true,false,true,true,true
"trainStationNew/correct/vE6z9RXND8gZzbdgS_inv8.als","CORRECT",false,false,false,false,false,true
"trainStationNew/correct/vGDcFQd5jFSxkdEAu_inv6.als","CORRECT",false,true,false,true,true,true
"trainStationNew/correct/wFJJkTwS2M6tLmHGF_inv8.als","CORRECT",false,false,false,false,false,true
"trainStationNew/correct/wMbPCDHJKt2PNDJr4_inv6.als","CORRECT",false,true,false,true,true,true
"trainStationNew/correct/wMgxCuM2XBySACHST_inv5.als","CORRECT",false,true,false,true,true,true
"trainStationNew/correct/wYofzbaXyTt6jYeco_inv6.als","CORRECT",false,true,false,true,true,true
"trainStationNew/correct/ww4dvWMJoahPSzJwY_inv8.als","CORRECT",false,false,false,false,false,true
"trainStationNew/correct/xw6nhXaKJaKs8ysaz_inv6.als","CORRECT",false,true,false,true,true,true
"trainStationNew/correct/yG7NRhoMFb3FsHwwf_inv8.als","CORRECT",false,true,false,true,true,true
"trainStationNew/correct/yS9bdPRSYkRtLGBSS_inv8.als","CORRECT",false,false,false,false,false,true
"trainStationNew/correct/zmpPPQnaWueMrn969_inv6.als","CORRECT",false,true,false,true,true,true
"trainStationNew/correct/zpPdkXvZSEkXzdCuX_inv6.als","CORRECT",false,true,false,true,true,true
"trainStationOld/correct/SMJBQiY2SiFdDS9eX_inv4.als","CORRECT",false,true,false,true,true,true
"trash_ltl/correct/2iuxG3nSGBuTqAPw9_inv13.als","CORRECT",false,true,false,true,true,true
"trash_ltl/correct/2rE2JTdLbFKNpbFWY_inv16.als","CORRECT",false,true,false,true,true,true
"trash_ltl/correct/35AWzDBDLbLPPRTCk_inv16.als","CORRECT",false,true,false,true,true,true
"trash_ltl/correct/3fZMYFZyTNK4CZmK2_inv19.als","CORRECT",false,true,false,true,true,true
"trash_ltl/correct/4AyTzSm6YpAT8yZ5F_inv19.als","CORRECT",false,true,false,true,true,true
"trash_ltl/correct/7T5HwvELfXM82C2FC_inv19.als","CORRECT",false,true,false,true,true,true
"trash_ltl/correct/98YTeLqWYKy2H78Xz_inv16.als","CORRECT",false,true,false,true,true,true
"trash_ltl/correct/9nNSDMWQkxHYi6QYq_inv19.als","CORRECT",false,true,false,true,true,true
"trash_ltl/correct/AsBN7Z8fpR4KLqdbC_inv20.als","CORRECT",false,true,false,true,true,true
"trash_ltl/correct/CJPWNNTBMJEC6QyK2_inv20.als","CORRECT",false,true,false,true,true,true
"trash_ltl/correct/E3WeZXB8sxftba6cz_inv20.als","CORRECT",false,true,false,true,true,true
"trash_ltl/correct/F9FRRM39XCyHHxcEa_inv20.als","CORRECT",false,true,false,true,true,true
"trash_ltl/correct/FjGvwm9Z3Ee3najJQ_inv19.als","CORRECT",false,true,false,true,true,true
"trash_ltl/correct/G9XGWNkFtFvSKAYtq_inv19.als","CORRECT",false,true,false,true,true,true
"trash_ltl/correct/KPuXEoLxCthaFaK44_inv16.als","CORRECT",false,true,false,true,true,true
"trash_ltl/correct/MrieKkxj52sFLSQLH_inv20.als","CORRECT",false,true,false,true,true,true
"trash_ltl/correct/Nvxeyhnc7M8vgktL7_inv16.als","CORRECT",false,true,false,true,true,true
"trash_ltl/correct/PCjA78DeQEfEsoor2_inv13.als","CORRECT",false,true,false,true,true,true
"trash_ltl/correct/PqB94uqkLuMmmyfR8_inv19.als","CORRECT",false,true,false,true,true,true
"trash_ltl/correct/QhKvJf8W8BD42Npnw_inv20.als","CORRECT",false,true,false,true,true,true
"trash_ltl/correct/RbuPixjB7aCQPbtC3_inv16.als","CORRECT",false,true,false,true,true,true
"trash_ltl/correct/S7BnGbbN4NF67Msb4_inv16.als","CORRECT",false,true,false,true,true,true
"trash_ltl/correct/SWLmK63wSB5Ea5Qbn_inv19.als","CORRECT",false,true,false,true,true,true
"trash_ltl/correct/WBGmGhPQXkg3EHivu_inv16.als","CORRECT",false,true,false,true,true,true
"trash_ltl/correct/WNYsH6CnqeocXFYYY_inv19.als","CORRECT",false,true,false,true,true,true
"trash_ltl/correct/YktDr6PGRkZccWgS2_inv20.als","CORRECT",false,true,false,true,true,true
"trash_ltl/correct/a856DAXQqEic5BG3k_inv19.als","CORRECT",false,true,false,true,true,true
"trash_ltl/correct/ehzmBCa3RASM2GKWX_inv16.als","CORRECT",false,true,false,true,true,true
"trash_ltl/correct/f4sPstxST639cnMYL_inv16.als","CORRECT",false,true,false,true,true,true
"trash_ltl/correct/fJKzvAvyrvAYjjBpH_inv19.als","CORRECT",false,true,false,true,true,true
"trash_ltl/correct/hgd5MC8n5C3tphAyR_inv16.als","CORRECT",false,true,false,true,true,true
"trash_ltl/correct/iM3jcy9c6bSPDPMPs_inv20.als","CORRECT",false,true,false,true,true,true
"trash_ltl/correct/jjXPAQwRW7EASJfmf_inv19.als","CORRECT",false,true,false,true,true,true
"trash_ltl/correct/jzGQPDfW2o2mY54QM_inv8.als","CORRECT",false,true,false,true,true,true
"trash_ltl/correct/kFoqCwiAMhuGQkZCa_inv16.als","CORRECT",false,true,false,true,true,true
"trash_ltl/correct/nKGJHjutkWrrdHBAP_inv19.als","CORRECT",false,true,false,true,true,true
"trash_ltl/correct/nLEuyd3p2ospkGPri_inv19.als","CORRECT",false,true,false,true,true,true
"trash_ltl/correct/nXSh6ym5FHHg33Gzy_inv19.als","CORRECT",false,true,false,true,true,true
"trash_ltl/correct/otxvPuapceC3aJTmv_inv19.als","CORRECT",false,true,false,true,true,true
"trash_ltl/correct/pe3erXMdqdbnM6iSb_inv16.als","CORRECT",false,true,false,true,true,true
"trash_ltl/correct/pxnuWDiuSxvjYdsmD_inv19.als","CORRECT",false,true,false,true,true,true
"trash_ltl/correct/rtmkdxbxmNmLBzFz5_inv20.als","CORRECT",false,true,false,true,true,true
"trash_ltl/correct/s8tP7GmKMCud5mXXf_inv19.als","CORRECT",false,true,false,true,true,true
"trash_ltl/correct/se9KQR4bBoTZh3kAn_inv20.als","CORRECT",false,true,false,true,true,true
"trash_ltl/correct/tBaAN3qFWkHWzL2GZ_inv19.als","CORRECT",false,true,false,true,true,true
"trash_ltl/correct/upbPZYaL4FFpray8E_inv20.als","CORRECT",false,true,false,true,true,true
"trash_ltl/correct/vsZGB5N5EsYh2GPYh_inv20.als","CORRECT",false,true,false,true,true,true
"trash_ltl/correct/w8RwCzjbXF27xvJkM_inv20.als","CORRECT",false,true,false,true,true,true
"trash_ltl/correct/wnCFaBL2wefciACYm_inv13.als","CORRECT",false,true,false,true,true,true
"trash_ltl/correct/woLjamYpFghaPgRbt_inv16.als","CORRECT",false,true,false,true,true,true
"trash_ltl/correct/xiQfbQyzvPaMYLHEA_inv8.als","CORRECT",false,true,false,true,true,true
"trash_ltl/correct/y3oiW88RTaA39rSjo_inv16.als","CORRECT",false,true,false,true,true,true
"trash_ltl/correct/yEfSQvjzZunSF2Woe_inv20.als","CORRECT",false,true,false,true,true,true
"trash_ltl/correct/ztY9PnxwmPPkriLbC_inv20.als","CORRECT",false,true,false,true,true,true
