relativePath,status,raw-egraph,raw-egraph-debruijn,java-egglog,java-egglog-debruijn,slotted-egraph,canonical
"alpha/CORRECT/generated_cap000000.als","CORRECT",false,true,false,true,true,true
"alpha/CORRECT/generated_cap000001.als","CORRECT",false,true,false,true,true,true
"alpha/CORRECT/generated_cap000002.als","CORRECT",false,true,false,true,true,true
"alpha/CORRECT/generated_cap000003.als","CORRECT",false,true,false,true,true,true
"alpha/CORRECT/generated_cap000004.als","CORRECT",false,true,false,true,true,true
"alpha/CORRECT/generated_cap000005.als","CORRECT",false,true,false,true,true,true
"alpha/CORRECT/generated_cap000006.als","CORRECT",false,true,false,true,true,true
"alpha/CORRECT/generated_cap000007.als","CORRECT",false,true,false,true,true,true
"alpha/CORRECT/generated_cap000008.als","CORRECT",false,true,false,true,true,true
"alpha/CORRECT/generated_cap000009.als","CORRECT",false,true,false,true,true,true
"alpha/CORRECT/generated_cap000010.als","CORRECT",false,true,false,true,true,true
"alpha/CORRECT/generated_cap000011.als","CORRECT",false,true,false,true,true,true
"alpha/CORRECT/generated_cap000012.als","CORRECT",false,true,false,true,true,true
"alpha/CORRECT/generated_cap000013.als","CORRECT",false,true,false,true,true,true
"alpha/CORRECT/generated_cap000014.als","CORRECT",false,true,false,true,true,true
"alpha/CORRECT/generated_cap000015.als","CORRECT",false,true,false,true,true,true
"alpha/CORRECT/generated_cap000016.als","CORRECT",false,true,false,true,true,true
"alpha/CORRECT/generated_cap000017.als","CORRECT",false,true,false,true,true,true
"alpha/CORRECT/generated_cap000018.als","CORRECT",false,true,false,true,true,true
"alpha/CORRECT/generated_cap000019.als","CORRECT",false,true,false,true,true,true
"alpha/CORRECT/generated_cap000020.als","CORRECT",false,true,false,true,true,true
"alpha/CORRECT/generated_cap000021.als","CORRECT",false,true,false,true,true,true
"alpha/CORRECT/generated_cap000022.als","CORRECT",false,true,false,true,true,true
"alpha/CORRECT/generated_cap000023.als","CORRECT",false,true,false,true,true,true
"alpha/CORRECT/generated_cap000024.als","CORRECT",false,true,false,true,true,true
"alpha/CORRECT/generated_cap000025.als","CORRECT",false,true,false,true,true,true
"alpha/CORRECT/generated_cap000026.als","CORRECT",false,true,false,true,true,true
"alpha/CORRECT/generated_cap000027.als","CORRECT",false,true,false,true,true,true
"alpha/CORRECT/generated_cap000028.als","CORRECT",false,true,false,true,true,true
"alpha/CORRECT/generated_cap000029.als","CORRECT",false,true,false,true,true,true
"alpha/CORRECT/generated_cap000030.als","CORRECT",false,true,false,true,true,true
"alpha/CORRECT/generated_cap000031.als","CORRECT",false,true,false,true,true,true
"alpha/CORRECT/generated_cap000032.als","CORRECT",false,true,false,true,true,true
"alpha/CORRECT/generated_cap000033.als","CORRECT",false,true,false,true,true,true
"alpha/CORRECT/generated_cap000034.als","CORRECT",false,true,false,true,true,true
"alpha/CORRECT/generated_cap000035.als","CORRECT",false,true,false,true,true,true
"alpha/CORRECT/generated_cap000036.als","CORRECT",false,true,false,true,true,true
"alpha/CORRECT/generated_cap000037.als","CORRECT",false,true,false,true,true,true
"alpha/CORRECT/generated_cap000038.als","CORRECT",false,true,false,true,true,true
"alpha/CORRECT/generated_cap000039.als","CORRECT",false,true,false,true,true,true
"alpha/CORRECT/generated_cap000040.als","CORRECT",false,true,false,true,true,true
"alpha/CORRECT/generated_cap000041.als","CORRECT",false,true,false,true,true,true
"alpha/CORRECT/generated_cap000042.als","CORRECT",false,true,false,true,true,true
"alpha/CORRECT/generated_cap000043.als","CORRECT",false,true,false,true,true,true
"alpha/CORRECT/generated_cap000044.als","CORRECT",false,true,false,true,true,true
"alpha/CORRECT/generated_cap000045.als","CORRECT",false,true,false,true,true,true
"alpha/CORRECT/generated_cap000046.als","CORRECT",false,true,false,true,true,true
"alpha/CORRECT/generated_cap000047.als","CORRECT",false,true,false,true,true,true
"alpha/CORRECT/generated_cap000048.als","CORRECT",false,true,false,true,true,true
"alpha/CORRECT/generated_cap000049.als","CORRECT",false,true,false,true,true,true
"alpha/CORRECT/generated_cap000050.als","CORRECT",false,true,false,true,true,true
"alpha/CORRECT/generated_cap000051.als","CORRECT",false,true,false,true,true,true
"alpha/CORRECT/generated_cap000052.als","CORRECT",false,true,false,true,true,true
"alpha/CORRECT/generated_cap000053.als","CORRECT",false,true,false,true,true,true
"alpha/CORRECT/generated_cap000054.als","CORRECT",false,true,false,true,true,true
"alpha/CORRECT/generated_cap000055.als","CORRECT",false,true,false,true,true,true
"alpha/CORRECT/generated_cap000056.als","CORRECT",false,true,false,true,true,true
"alpha/CORRECT/generated_cap000057.als","CORRECT",false,true,false,true,true,true
"alpha/CORRECT/generated_cap000058.als","CORRECT",false,true,false,true,true,true
"alpha/CORRECT/generated_cap000059.als","CORRECT",false,true,false,true,true,true
"alpha/CORRECT/generated_cap000060.als","CORRECT",false,true,false,true,true,true
"alpha/CORRECT/generated_cap000061.als","CORRECT",false,true,false,true,true,true
"alpha/CORRECT/generated_cap000062.als","CORRECT",false,true,false,true,true,true
"alpha/CORRECT/generated_cap000063.als","CORRECT",false,true,false,true,true,true
"alpha/CORRECT/generated_cap000064.als","CORRECT",false,true,false,true,true,true
"alpha/CORRECT/generated_cap000065.als","CORRECT",false,true,false,true,true,true
"alpha/CORRECT/generated_cap000066.als","CORRECT",false,true,false,true,true,true
"alpha/CORRECT/generated_cap000067.als","CORRECT",false,true,false,true,true,true
"alpha/CORRECT/generated_cap000068.als","CORRECT",false,true,false,true,true,true
"alpha/CORRECT/generated_cap000069.als","CORRECT",false,true,false,true,true,true
"alpha/CORRECT/generated_cap000070.als","CORRECT",false,true,false,true,true,true
"alpha/CORRECT/generated_cap000071.als","CORRECT",false,true,false,true,true,true
"alpha/CORRECT/generated_cap000072.als","CORRECT",false,true,false,true,true,true
"alpha/CORRECT/generated_cap000073.als","CORRECT",false,true,false,true,true,true
"alpha/CORRECT/generated_cap000074.als","CORRECT",false,true,false,true,true,true
"alpha/CORRECT/generated_cap000075.als","CORRECT",false,true,false,true,true,true
"alpha/CORRECT/generated_cap000076.als","CORRECT",false,true,false,true,true,true
"alpha/CORRECT/generated_cap000077.als","CORRECT",false,true,false,true,true,true
"alpha/CORRECT/generated_cap000078.als","CORRECT",false,true,false,true,true,true
"alpha/CORRECT/generated_cap000079.als","CORRECT",false,true,false,true,true,true
"alpha/CORRECT/generated_cap000080.als","CORRECT",false,true,false,true,true,true
"alpha/CORRECT/generated_cap000081.als","CORRECT",false,true,false,true,true,true
"alpha/CORRECT/generated_cap000082.als","CORRECT",false,true,false,true,true,true
"alpha/CORRECT/generated_cap000083.als","CORRECT",false,true,false,true,true,true
"alpha/CORRECT/generated_cap000084.als","CORRECT",false,true,false,true,true,true
"alpha/CORRECT/generated_cap000085.als","CORRECT",false,true,false,true,true,true
"alpha/CORRECT/generated_cap000086.als","CORRECT",false,true,false,true,true,true
"alpha/CORRECT/generated_cap000087.als","CORRECT",false,true,false,true,true,true
"alpha/CORRECT/generated_cap000088.als","CORRECT",false,true,false,true,true,true
"alpha/CORRECT/generated_cap000089.als","CORRECT",false,true,false,true,true,true
"alpha/CORRECT/generated_cap000090.als","CORRECT",false,true,false,true,true,true
"alpha/CORRECT/generated_cap000091.als","CORRECT",false,true,false,true,true,true
"alpha/CORRECT/generated_cap000092.als","CORRECT",false,true,false,true,true,true
"alpha/CORRECT/generated_cap000093.als","CORRECT",false,true,false,true,true,true
"alpha/CORRECT/generated_cap000094.als","CORRECT",false,true,false,true,true,true
"alpha/CORRECT/generated_cap000095.als","CORRECT",false,true,false,true,true,true
"alpha/CORRECT/generated_cap000096.als","CORRECT",false,true,false,true,true,true
"alpha/CORRECT/generated_cap000097.als","CORRECT",false,true,false,true,true,true
"alpha/CORRECT/generated_cap000098.als","CORRECT",false,true,false,true,true,true
"alpha/CORRECT/generated_cap000099.als","CORRECT",false,true,false,true,true,true
"alpha/CORRECT/generated_cap000100.als","CORRECT",false,true,false,true,true,true
"alpha/CORRECT/generated_cap000101.als","CORRECT",false,true,false,true,true,true
"alpha/CORRECT/generated_cap000102.als","CORRECT",false,true,false,true,true,true
"alpha/CORRECT/generated_cap000103.als","CORRECT",false,true,false,true,true,true
"alpha/CORRECT/generated_cap000104.als","CORRECT",false,true,false,true,true,true
"alpha/CORRECT/generated_cap000105.als","CORRECT",false,true,false,true,true,true
"alpha/CORRECT/generated_cap000106.als","CORRECT",false,true,false,true,true,true
"alpha/CORRECT/generated_cap000107.als","CORRECT",false,true,false,true,true,true
"alpha/CORRECT/generated_cap000108.als","CORRECT",false,true,false,true,true,true
"alpha/CORRECT/generated_cap000109.als","CORRECT",false,true,false,true,true,true
"alpha/CORRECT/generated_cap000110.als","CORRECT",false,true,false,true,true,true
"alpha/CORRECT/generated_cap000111.als","CORRECT",false,true,false,true,true,true
"alpha/CORRECT/generated_cap000112.als","CORRECT",false,true,false,true,true,true
"alpha/CORRECT/generated_cap000113.als","CORRECT",false,true,false,true,true,true
"alpha/CORRECT/generated_cap000114.als","CORRECT",false,true,false,true,true,true
"alpha/CORRECT/generated_cap000115.als","CORRECT",false,true,false,true,true,true
"alpha/CORRECT/generated_cap000116.als","CORRECT",false,true,false,true,true,true
"alpha/CORRECT/generated_cap000117.als","CORRECT",false,true,false,true,true,true
"alpha/CORRECT/generated_cap000118.als","CORRECT",false,true,false,true,true,true
"alpha/CORRECT/generated_cap000119.als","CORRECT",false,true,false,true,true,true
"alpha/CORRECT/generated_cap000120.als","CORRECT",false,true,false,true,true,true
"alpha/CORRECT/generated_cap000121.als","CORRECT",false,true,false,true,true,true
"alpha/CORRECT/generated_cap000122.als","CORRECT",false,true,false,true,true,true
"alpha/CORRECT/generated_cap000123.als","CORRECT",false,true,false,true,true,true
"alpha/CORRECT/generated_cap000124.als","CORRECT",false,true,false,true,true,true
"alpha/CORRECT/generated_cap000125.als","CORRECT",false,true,false,true,true,true
"alpha/CORRECT/generated_cap000126.als","CORRECT",false,true,false,true,true,true
"alpha/CORRECT/generated_cap000127.als","CORRECT",false,true,false,true,true,true
"alpha/CORRECT/generated_cap000128.als","CORRECT",false,true,false,true,true,true
"alpha/CORRECT/generated_cap000129.als","CORRECT",false,true,false,true,true,true
"alpha/CORRECT/generated_cap000130.als","CORRECT",false,true,false,true,true,true
"alpha/CORRECT/generated_cap000131.als","CORRECT",false,true,false,true,true,true
"alpha/CORRECT/generated_cap000132.als","CORRECT",false,true,false,true,true,true
"alpha/CORRECT/generated_cap000133.als","CORRECT",false,true,false,true,true,true
"alpha/CORRECT/generated_cap000134.als","CORRECT",false,true,false,true,true,true
"alpha/CORRECT/generated_cap000135.als","CORRECT",false,true,false,true,true,true
"alpha/CORRECT/generated_cap000136.als","CORRECT",false,true,false,true,true,true
"alpha/CORRECT/generated_cap000137.als","CORRECT",false,true,false,true,true,true
"alpha/CORRECT/generated_cap000138.als","CORRECT",false,true,false,true,true,true
"alpha/CORRECT/generated_cap000139.als","CORRECT",false,true,false,true,true,true
"alpha/CORRECT/generated_cap000140.als","CORRECT",false,true,false,true,true,true
"alpha/CORRECT/generated_cap000141.als","CORRECT",false,true,false,true,true,true
"alpha/CORRECT/generated_cap000142.als","CORRECT",false,true,false,true,true,true
"alpha/CORRECT/generated_cap000143.als","CORRECT",false,true,false,true,true,true
"alpha/CORRECT/generated_cap000144.als","CORRECT",false,true,false,true,true,true
"alpha/CORRECT/generated_cap000145.als","CORRECT",false,true,false,true,true,true
"alpha/CORRECT/generated_cap000146.als","CORRECT",false,true,false,true,true,true
"alpha/CORRECT/generated_cap000147.als","CORRECT",false,true,false,true,true,true
"alpha/CORRECT/generated_cap000148.als","CORRECT",false,true,false,true,true,true
"alpha/CORRECT/generated_cap000149.als","CORRECT",false,true,false,true,true,true
"alpha/CORRECT/generated_cap000150.als","CORRECT",false,true,false,true,true,true
"alpha/CORRECT/generated_cap000151.als","CORRECT",false,true,false,true,true,true
"alpha/CORRECT/generated_cap000152.als","CORRECT",false,true,false,true,true,true
"alpha/CORRECT/generated_cap000153.als","CORRECT",false,true,false,true,true,true
"alpha/CORRECT/generated_cap000154.als","CORRECT",false,true,false,true,true,true
"alpha/CORRECT/generated_cap000155.als","CORRECT",false,true,false,true,true,true
"alpha/CORRECT/generated_cap000156.als","CORRECT",false,true,false,true,true,true
"alpha/CORRECT/generated_cap000157.als","CORRECT",false,true,false,true,true,true
"alpha/CORRECT/generated_cap000158.als","CORRECT",false,true,false,true,true,true
"alpha/CORRECT/generated_cap000159.als","CORRECT",false,true,false,true,true,true
"alpha/CORRECT/generated_cap000160.als","CORRECT",false,true,false,true,true,true
"alpha/CORRECT/generated_cap000161.als","CORRECT",false,true,false,true,true,true
"alpha/CORRECT/generated_cap000162.als","CORRECT",false,true,false,true,true,true
"alpha/CORRECT/generated_cap000163.als","CORRECT",false,true,false,true,true,true
"alpha/CORRECT/generated_cap000164.als","CORRECT",false,true,false,true,true,true
"alpha/CORRECT/generated_cap000165.als","CORRECT",false,true,false,true,true,true
"alpha/CORRECT/generated_cap000166.als","CORRECT",false,true,false,true,true,true
"alpha/CORRECT/generated_cap000167.als","CORRECT",false,true,false,true,true,true
"alpha/CORRECT/generated_cap000168.als","CORRECT",false,true,false,true,true,true
"alpha/CORRECT/generated_cap000169.als","CORRECT",false,true,false,true,true,true
"alpha/CORRECT/generated_cap000170.als","CORRECT",false,true,false,true,true,true
"alpha/CORRECT/generated_cap000171.als","CORRECT",false,true,false,true,true,true
"alpha/CORRECT/generated_cap000172.als","CORRECT",false,true,false,true,true,true
"alpha/CORRECT/generated_cap000173.als","CORRECT",false,true,false,true,true,true
"alpha/CORRECT/generated_cap000174.als","CORRECT",false,true,false,true,true,true
"alpha/CORRECT/generated_cap000175.als","CORRECT",false,true,false,true,true,true
"alpha/CORRECT/generated_cap000176.als","CORRECT",false,true,false,true,true,true
"alpha/CORRECT/generated_cap000177.als","CORRECT",false,true,false,true,true,true
"alpha/CORRECT/generated_cap000178.als","CORRECT",false,true,false,true,true,true
"alpha/CORRECT/generated_cap000179.als","CORRECT",false,true,false,true,true,true
"alpha/CORRECT/generated_cap000180.als","CORRECT",false,true,false,true,true,true
"alpha/CORRECT/generated_cap000181.als","CORRECT",false,true,false,true,true,true
"alpha/CORRECT/generated_cap000182.als","CORRECT",false,true,false,true,true,true
"alpha/CORRECT/generated_cap000183.als","CORRECT",false,true,false,true,true,true
"alpha/CORRECT/generated_cap000184.als","CORRECT",false,true,false,true,true,true
"alpha/CORRECT/generated_cap000185.als","CORRECT",false,true,false,true,true,true
"alpha/CORRECT/generated_cap000186.als","CORRECT",false,true,false,true,true,true
"alpha/CORRECT/generated_cap000187.als","CORRECT",false,true,false,true,true,true
"alpha/CORRECT/generated_cap000188.als","CORRECT",false,true,false,true,true,true
"alpha/CORRECT/generated_cap000189.als","CORRECT",false,true,false,true,true,true
"alpha/CORRECT/generated_cap000190.als","CORRECT",false,true,false,true,true,true
"alpha/CORRECT/generated_cap000191.als","CORRECT",false,true,false,true,true,true
"alpha/CORRECT/generated_cap000192.als","CORRECT",false,true,false,true,true,true
"alpha/CORRECT/generated_cap000193.als","CORRECT",false,true,false,true,true,true
"alpha/CORRECT/generated_cap000194.als","CORRECT",false,true,false,true,true,true
"alpha/CORRECT/generated_cap000195.als","CORRECT",false,true,false,true,true,true
"alpha/CORRECT/generated_cap000196.als","CORRECT",false,true,false,true,true,true
"alpha/CORRECT/generated_cap000197.als","CORRECT",false,true,false,true,true,true
"alpha/CORRECT/generated_cap000198.als","CORRECT",false,true,false,true,true,true
"alpha/CORRECT/generated_cap000199.als","CORRECT",false,true,false,true,true,true
"alpha/CORRECT/generated_cap000200.als","CORRECT",false,true,false,true,true,true
"alpha/CORRECT/generated_cap000201.als","CORRECT",false,true,false,true,true,true
"alpha/CORRECT/generated_cap000202.als","CORRECT",false,true,false,true,true,true
"alpha/CORRECT/generated_cap000203.als","CORRECT",false,true,false,true,true,true
"alpha/CORRECT/generated_cap000204.als","CORRECT",false,true,false,true,true,true
"alpha/CORRECT/generated_cap000205.als","CORRECT",false,true,false,true,true,true
"alpha/CORRECT/generated_cap000206.als","CORRECT",false,true,false,true,true,true
"alpha/CORRECT/generated_cap000207.als","CORRECT",false,true,false,true,true,true
"alpha/CORRECT/generated_cap000208.als","CORRECT",false,true,false,true,true,true
"alpha/CORRECT/generated_cap000209.als","CORRECT",false,true,false,true,true,true
"alpha/CORRECT/generated_cap000210.als","CORRECT",false,true,false,true,true,true
"alpha/CORRECT/generated_cap000211.als","CORRECT",false,true,false,true,true,true
"alpha/CORRECT/generated_cap000212.als","CORRECT",false,true,false,true,true,true
"alpha/CORRECT/generated_cap000213.als","CORRECT",false,true,false,true,true,true
"alpha/CORRECT/generated_cap000214.als","CORRECT",false,true,false,true,true,true
"alpha/CORRECT/generated_cap000215.als","CORRECT",false,true,false,true,true,true
"alpha/CORRECT/generated_cap000216.als","CORRECT",false,true,false,true,true,true
"alpha/CORRECT/generated_cap000217.als","CORRECT",false,true,false,true,true,true
"alpha/CORRECT/generated_cap000218.als","CORRECT",false,true,false,true,true,true
"alpha/CORRECT/generated_cap000219.als","CORRECT",false,true,false,true,true,true
"alpha/CORRECT/generated_cap000220.als","CORRECT",false,true,false,true,true,true
"alpha/CORRECT/generated_cap000221.als","CORRECT",false,true,false,true,true,true
"alpha/CORRECT/generated_cap000222.als","CORRECT",false,true,false,true,true,true
"alpha/CORRECT/generated_cap000223.als","CORRECT",false,true,false,true,true,true
"alpha/CORRECT/generated_cap000224.als","CORRECT",false,true,false,true,true,true
"alpha/CORRECT/generated_cap000225.als","CORRECT",false,true,false,true,true,true
"alpha/CORRECT/generated_cap000226.als","CORRECT",false,true,false,true,true,true
"alpha/CORRECT/generated_cap000227.als","CORRECT",false,true,false,true,true,true
"alpha/CORRECT/generated_cap000228.als","CORRECT",false,true,false,true,true,true
"alpha/CORRECT/generated_cap000229.als","CORRECT",false,true,false,true,true,true
"alpha/CORRECT/generated_cap000230.als","CORRECT",false,true,false,true,true,true
"alpha/CORRECT/generated_cap000231.als","CORRECT",false,true,false,true,true,true
"alpha/CORRECT/generated_cap000232.als","CORRECT",false,true,false,true,true,true
"alpha/CORRECT/generated_cap000233.als","CORRECT",false,true,false,true,true,true
"alpha/CORRECT/generated_cap000234.als","CORRECT",false,true,false,true,true,true
"alpha/CORRECT/generated_cap000235.als","CORRECT",false,true,false,true,true,true
"alpha/CORRECT/generated_cap000236.als","CORRECT",false,true,false,true,true,true
"alpha/CORRECT/generated_cap000237.als","CORRECT",false,true,false,true,true,true
"alpha/CORRECT/generated_cap000238.als","CORRECT",false,true,false,true,true,true
"alpha/CORRECT/generated_cap000239.als","CORRECT",false,true,false,true,true,true
"alpha/CORRECT/generated_cap000240.als","CORRECT",false,true,false,true,true,true
"alpha/CORRECT/generated_cap000241.als","CORRECT",false,true,false,true,true,true
"alpha/CORRECT/generated_cap000242.als","CORRECT",false,true,false,true,true,true
"alpha/CORRECT/generated_cap000243.als","CORRECT",false,true,false,true,true,true
"alpha/CORRECT/generated_cap000244.als","CORRECT",false,true,false,true,true,true
"alpha/CORRECT/generated_cap000245.als","CORRECT",false,true,false,true,true,true
"alpha/CORRECT/generated_cap000246.als","CORRECT",false,true,false,true,true,true
"alpha/CORRECT/generated_cap000247.als","CORRECT",false,true,false,true,true,true
"alpha/CORRECT/generated_cap000248.als","CORRECT",false,true,false,true,true,true
"alpha/CORRECT/generated_cap000249.als","CORRECT",false,true,false,true,true,true
"alpha/CORRECT/generated_cap000250.als","CORRECT",false,true,false,true,true,true
"alpha/CORRECT/generated_cap000251.als","CORRECT",false,true,false,true,true,true
"alpha/CORRECT/generated_cap000252.als","CORRECT",false,true,false,true,true,true
"alpha/CORRECT/generated_cap000253.als","CORRECT",false,true,false,true,true,true
"alpha/CORRECT/generated_cap000254.als","CORRECT",false,true,false,true,true,true
"alpha/CORRECT/generated_cap000255.als","CORRECT",false,true,false,true,true,true
"alpha/CORRECT/generated_cap000256.als","CORRECT",false,true,false,true,true,true
"alpha/CORRECT/generated_cap000257.als","CORRECT",false,true,false,true,true,true
"alpha/CORRECT/generated_cap000258.als","CORRECT",false,true,false,true,true,true
"alpha/CORRECT/generated_cap000259.als","CORRECT",false,true,false,true,true,true
"alpha/CORRECT/generated_cap000260.als","CORRECT",false,true,false,true,true,true
"alpha/CORRECT/generated_cap000261.als","CORRECT",false,true,false,true,true,true
"alpha/CORRECT/generated_cap000262.als","CORRECT",false,true,false,true,true,true
"alpha/CORRECT/generated_cap000263.als","CORRECT",false,true,false,true,true,true
"alpha/CORRECT/generated_cap000264.als","CORRECT",false,true,false,true,true,true
"alpha/CORRECT/generated_cap000265.als","CORRECT",false,true,false,true,true,true
"alpha/CORRECT/generated_cap000266.als","CORRECT",false,true,false,true,true,true
"alpha/CORRECT/generated_cap000267.als","CORRECT",false,true,false,true,true,true
"alpha/CORRECT/generated_cap000268.als","CORRECT",false,true,false,true,true,true
"alpha/CORRECT/generated_cap000269.als","CORRECT",false,true,false,true,true,true
"alpha/CORRECT/generated_cap000270.als","CORRECT",false,true,false,true,true,true
"alpha/CORRECT/generated_cap000271.als","CORRECT",false,true,false,true,true,true
"alpha/CORRECT/generated_cap000272.als","CORRECT",false,true,false,true,true,true
"alpha/CORRECT/generated_cap000273.als","CORRECT",false,true,false,true,true,true
"alpha/CORRECT/generated_cap000274.als","CORRECT",false,true,false,true,true,true
"alpha/CORRECT/generated_cap000275.als","CORRECT",false,true,false,true,true,true
"alpha/CORRECT/generated_cap000276.als","CORRECT",false,true,false,true,true,true
"alpha/CORRECT/generated_cap000277.als","CORRECT",false,true,false,true,true,true
"alpha/CORRECT/generated_cap000278.als","CORRECT",false,true,false,true,true,true
"alpha/CORRECT/generated_cap000279.als","CORRECT",false,true,false,true,true,true
"alpha/CORRECT/generated_cap000280.als","CORRECT",false,true,false,true,true,true
"alpha/CORRECT/generated_cap000281.als","CORRECT",false,true,false,true,true,true
"alpha/CORRECT/generated_cap000282.als","CORRECT",false,true,false,true,true,true
"alpha/CORRECT/generated_cap000283.als","CORRECT",false,true,false,true,true,true
"alpha/CORRECT/generated_cap000284.als","CORRECT",false,true,false,true,true,true
"alpha/CORRECT/generated_cap000285.als","CORRECT",false,true,false,true,true,true
"alpha/CORRECT/generated_cap000286.als","CORRECT",false,true,false,true,true,true
"alpha/CORRECT/generated_cap000287.als","CORRECT",false,true,false,true,true,true
"alpha/CORRECT/generated_cap000288.als","CORRECT",false,true,false,true,true,true
"alpha/CORRECT/generated_cap000289.als","CORRECT",false,true,false,true,true,true
"alpha/CORRECT/generated_cap000290.als","CORRECT",false,true,false,true,true,true
"alpha/CORRECT/generated_cap000291.als","CORRECT",false,true,false,true,true,true
"alpha/CORRECT/generated_cap000292.als","CORRECT",false,true,false,true,true,true
"alpha/CORRECT/generated_cap000293.als","CORRECT",false,true,false,true,true,true
"alpha/CORRECT/generated_cap000294.als","CORRECT",false,true,false,true,true,true
"alpha/CORRECT/generated_cap000295.als","CORRECT",false,true,false,true,true,true
"alpha/CORRECT/generated_cap000296.als","CORRECT",false,true,false,true,true,true
"alpha/CORRECT/generated_cap000297.als","CORRECT",false,true,false,true,true,true
"alpha/CORRECT/generated_cap000298.als","CORRECT",false,true,false,true,true,true
"alpha/CORRECT/generated_cap000299.als","CORRECT",false,true,false,true,true,true
"alpha/CORRECT/generated_cap000300.als","CORRECT",false,true,false,true,true,true
"alpha/CORRECT/generated_cap000301.als","CORRECT",false,true,false,true,true,true
"alpha/CORRECT/generated_cap000302.als","CORRECT",false,true,false,true,true,true
"alpha/CORRECT/generated_cap000303.als","CORRECT",false,true,false,true,true,true
"alpha/CORRECT/generated_cap000304.als","CORRECT",false,true,false,true,true,true
"alpha/CORRECT/generated_cap000305.als","CORRECT",false,true,false,true,true,true
"alpha/CORRECT/generated_cap000306.als","CORRECT",false,true,false,true,true,true
"alpha/CORRECT/generated_cap000307.als","CORRECT",false,true,false,true,true,true
"alpha/CORRECT/generated_cap000308.als","CORRECT",false,true,false,true,true,true
"alpha/CORRECT/generated_cap000309.als","CORRECT",false,true,false,true,true,true
"alpha/CORRECT/generated_cap000310.als","CORRECT",false,true,false,true,true,true
"alpha/CORRECT/generated_cap000311.als","CORRECT",false,true,false,true,true,true
"alpha/CORRECT/generated_cap000312.als","CORRECT",false,true,false,true,true,true
"alpha/CORRECT/generated_cap000313.als","CORRECT",false,true,false,true,true,true
"alpha/CORRECT/generated_cap000314.als","CORRECT",false,true,false,true,true,true
"alpha/CORRECT/generated_cap000315.als","CORRECT",false,true,false,true,true,true
"alpha/CORRECT/generated_cap000316.als","CORRECT",false,true,false,true,true,true
"alpha/CORRECT/generated_cap000317.als","CORRECT",false,true,false,true,true,true
"alpha/CORRECT/generated_cap000318.als","CORRECT",false,true,false,true,true,true
"alpha/CORRECT/generated_cap000319.als","CORRECT",false,true,false,true,true,true
"alpha/CORRECT/generated_cap000320.als","CORRECT",false,true,false,true,true,true
"alpha/CORRECT/generated_cap000321.als","CORRECT",false,true,false,true,true,true
"alpha/CORRECT/generated_cap000322.als","CORRECT",false,true,false,true,true,true
"alpha/CORRECT/generated_cap000323.als","CORRECT",false,true,false,true,true,true
"alpha/CORRECT/generated_cap000324.als","CORRECT",false,true,false,true,true,true
"alpha/CORRECT/generated_cap000325.als","CORRECT",false,true,false,true,true,true
"alpha/CORRECT/generated_cap000326.als","CORRECT",false,true,false,true,true,true
"alpha/CORRECT/generated_cap000327.als","CORRECT",false,true,false,true,true,true
"alpha/CORRECT/generated_cap000328.als","CORRECT",false,true,false,true,true,true
"alpha/CORRECT/generated_cap000329.als","CORRECT",false,true,false,true,true,true
"alpha/CORRECT/generated_cap000330.als","CORRECT",false,true,false,true,true,true
"alpha/CORRECT/generated_cap000331.als","CORRECT",false,true,false,true,true,true
"alpha/CORRECT/generated_cap000332.als","CORRECT",false,true,false,true,true,true
"alpha/CORRECT/generated_cap000333.als","CORRECT",false,true,false,true,true,true
"alpha/CORRECT/generated_cap000334.als","CORRECT",false,true,false,true,true,true
"alpha/CORRECT/generated_cap000335.als","CORRECT",false,true,false,true,true,true
"alpha/CORRECT/generated_cap000336.als","CORRECT",false,true,false,true,true,true
"alpha/CORRECT/generated_cap000337.als","CORRECT",false,true,false,true,true,true
"alpha/CORRECT/generated_cap000338.als","CORRECT",false,true,false,true,true,true
"alpha/CORRECT/generated_cap000339.als","CORRECT",false,true,false,true,true,true
"alpha/CORRECT/generated_cap000340.als","CORRECT",false,true,false,true,true,true
"alpha/CORRECT/generated_cap000341.als","CORRECT",false,true,false,true,true,true
"alpha/CORRECT/generated_cap000342.als","CORRECT",false,true,false,true,true,true
"alpha/CORRECT/generated_cap000343.als","CORRECT",false,true,false,true,true,true
"alpha/CORRECT/generated_cap000344.als","CORRECT",false,true,false,true,true,true
"alpha/CORRECT/generated_cap000345.als","CORRECT",false,true,false,true,true,true
"alpha/CORRECT/generated_cap000346.als","CORRECT",false,true,false,true,true,true
"alpha/CORRECT/generated_cap000347.als","CORRECT",false,true,false,true,true,true
"alpha/CORRECT/generated_cap000348.als","CORRECT",false,true,false,true,true,true
"alpha/CORRECT/generated_cap000349.als","CORRECT",false,true,false,true,true,true
"alpha/CORRECT/generated_cap000350.als","CORRECT",false,true,false,true,true,true
"alpha/CORRECT/generated_cap000351.als","CORRECT",false,true,false,true,true,true
"alpha/CORRECT/generated_cap000352.als","CORRECT",false,true,false,true,true,true
"alpha/CORRECT/generated_cap000353.als","CORRECT",false,true,false,true,true,true
"alpha/CORRECT/generated_cap000354.als","CORRECT",false,true,false,true,true,true
"alpha/CORRECT/generated_cap000355.als","CORRECT",false,true,false,true,true,true
"alpha/CORRECT/generated_cap000356.als","CORRECT",false,true,false,true,true,true
"alpha/CORRECT/generated_cap000357.als","CORRECT",false,true,false,true,true,true
"alpha/CORRECT/generated_cap000358.als","CORRECT",false,true,false,true,true,true
"alpha/CORRECT/generated_cap000359.als","CORRECT",false,true,false,true,true,true
"alpha/CORRECT/generated_cap000360.als","CORRECT",false,true,false,true,true,true
"alpha/CORRECT/generated_cap000361.als","CORRECT",false,true,false,true,true,true
"alpha/CORRECT/generated_cap000362.als","CORRECT",false,true,false,true,true,true
"alpha/CORRECT/generated_cap000363.als","CORRECT",false,true,false,true,true,true
"alpha/CORRECT/generated_cap000364.als","CORRECT",false,true,false,true,true,true
"alpha/CORRECT/generated_cap000365.als","CORRECT",false,true,false,true,true,true
"alpha/CORRECT/generated_cap000366.als","CORRECT",false,true,false,true,true,true
"alpha/CORRECT/generated_cap000367.als","CORRECT",false,true,false,true,true,true
"alpha/CORRECT/generated_cap000368.als","CORRECT",false,true,false,true,true,true
"alpha/CORRECT/generated_cap000369.als","CORRECT",false,true,false,true,true,true
"alpha/CORRECT/generated_cap000370.als","CORRECT",false,true,false,true,true,true
"alpha/CORRECT/generated_cap000371.als","CORRECT",false,true,false,true,true,true
"alpha/CORRECT/generated_cap000372.als","CORRECT",false,true,false,true,true,true
"alpha/CORRECT/generated_cap000373.als","CORRECT",false,true,false,true,true,true
"alpha/CORRECT/generated_cap000374.als","CORRECT",false,true,false,true,true,true
"alpha/CORRECT/generated_cap000375.als","CORRECT",false,true,false,true,true,true
"alpha/CORRECT/generated_cap000376.als","CORRECT",false,true,false,true,true,true
"alpha/CORRECT/generated_cap000377.als","CORRECT",false,true,false,true,true,true
"alpha/CORRECT/generated_cap000378.als","CORRECT",false,true,false,true,true,true
"alpha/CORRECT/generated_cap000379.als","CORRECT",false,true,false,true,true,true
"alpha/CORRECT/generated_cap000380.als","CORRECT",false,true,false,true,true,true
"alpha/CORRECT/generated_cap000381.als","CORRECT",false,true,false,true,true,true
"alpha/CORRECT/generated_cap000382.als","CORRECT",false,true,false,true,true,true
"alpha/CORRECT/generated_cap000383.als","CORRECT",false,true,false,true,true,true
"alpha/CORRECT/generated_cap000384.als","CORRECT",false,true,false,true,true,true
"alpha/CORRECT/generated_cap000385.als","CORRECT",false,true,false,true,true,true
"alpha/CORRECT/generated_cap000386.als","CORRECT",false,true,false,true,true,true
"alpha/CORRECT/generated_cap000387.als","CORRECT",false,true,false,true,true,true
"alpha/CORRECT/generated_cap000388.als","CORRECT",false,true,false,true,true,true
"alpha/CORRECT/generated_cap000389.als","CORRECT",false,true,false,true,true,true
"alpha/CORRECT/generated_cap000390.als","CORRECT",false,true,false,true,true,true
"alpha/CORRECT/generated_cap000391.als","CORRECT",false,true,false,true,true,true
"alpha/CORRECT/generated_cap000392.als","CORRECT",false,true,false,true,true,true
"alpha/CORRECT/generated_cap000393.als","CORRECT",false,true,false,true,true,true
"alpha/CORRECT/generated_cap000394.als","CORRECT",false,true,false,true,true,true
"alpha/CORRECT/generated_cap000395.als","CORRECT",false,true,false,true,true,true
"alpha/CORRECT/generated_cap000396.als","CORRECT",false,true,false,true,true,true
"alpha/CORRECT/generated_cap000397.als","CORRECT",false,true,false,true,true,true
"alpha/CORRECT/generated_cap000398.als","CORRECT",false,true,false,true,true,true
"alpha/CORRECT/generated_cap000399.als","CORRECT",false,true,false,true,true,true
"alpha/CORRECT/generated_cap000400.als","CORRECT",false,true,false,true,true,true
"alpha/CORRECT/generated_cap000401.als","CORRECT",false,true,false,true,true,true
"alpha/CORRECT/generated_cap000402.als","CORRECT",false,true,false,true,true,true
"alpha/CORRECT/generated_cap000403.als","CORRECT",false,true,false,true,true,true
"alpha/CORRECT/generated_cap000404.als","CORRECT",false,true,false,true,true,true
"alpha/CORRECT/generated_cap000405.als","CORRECT",false,true,false,true,true,true
"alpha/CORRECT/generated_cap000406.als","CORRECT",false,true,false,true,true,true
"alpha/CORRECT/generated_cap000407.als","CORRECT",false,true,false,true,true,true
"alpha/CORRECT/generated_cap000408.als","CORRECT",false,true,false,true,true,true
"alpha/CORRECT/generated_cap000409.als","CORRECT",false,true,false,true,true,true
"alpha/CORRECT/generated_cap000410.als","CORRECT",false,true,false,true,true,true
"alpha/CORRECT/generated_cap000411.als","CORRECT",false,true,false,true,true,true
"alpha/CORRECT/generated_cap000412.als","CORRECT",false,true,false,true,true,true
"alpha/CORRECT/generated_cap000413.als","CORRECT",false,true,false,true,true,true
"alpha/CORRECT/generated_cap000414.als","CORRECT",false,true,false,true,true,true
"alpha/CORRECT/generated_cap000415.als","CORRECT",false,true,false,true,true,true
"alpha/CORRECT/generated_cap000416.als","CORRECT",false,true,false,true,true,true
"alpha/CORRECT/generated_cap000417.als","CORRECT",false,true,false,true,true,true
"alpha/CORRECT/generated_cap000418.als","CORRECT",false,true,false,true,true,true
"alpha/CORRECT/generated_cap000419.als","CORRECT",false,true,false,true,true,true
"alpha/CORRECT/generated_cap000420.als","CORRECT",false,true,false,true,true,true
"alpha/CORRECT/generated_cap000421.als","CORRECT",false,true,false,true,true,true
"alpha/CORRECT/generated_cap000422.als","CORRECT",false,true,false,true,true,true
"alpha/CORRECT/generated_cap000423.als","CORRECT",false,true,false,true,true,true
"alpha/CORRECT/generated_cap000424.als","CORRECT",false,true,false,true,true,true
"alpha/CORRECT/generated_cap000425.als","CORRECT",false,true,false,true,true,true
"alpha/CORRECT/generated_cap000426.als","CORRECT",false,true,false,true,true,true
"alpha/CORRECT/generated_cap000427.als","CORRECT",false,true,false,true,true,true
"alpha/CORRECT/generated_cap000428.als","CORRECT",false,true,false,true,true,true
"alpha/CORRECT/generated_cap000429.als","CORRECT",false,true,false,true,true,true
"alpha/CORRECT/generated_cap000430.als","CORRECT",false,true,false,true,true,true
"alpha/CORRECT/generated_cap000431.als","CORRECT",false,true,false,true,true,true
"alpha/CORRECT/generated_cap000432.als","CORRECT",false,true,false,true,true,true
"alpha/CORRECT/generated_cap000433.als","CORRECT",false,true,false,true,true,true
"alpha/CORRECT/generated_cap000434.als","CORRECT",false,true,false,true,true,true
"alpha/CORRECT/generated_cap000435.als","CORRECT",false,true,false,true,true,true
"alpha/CORRECT/generated_cap000436.als","CORRECT",false,true,false,true,true,true
"alpha/CORRECT/generated_cap000437.als","CORRECT",false,true,false,true,true,true
"alpha/CORRECT/generated_cap000438.als","CORRECT",false,true,false,true,true,true
"alpha/CORRECT/generated_cap000439.als","CORRECT",false,true,false,true,true,true
"alpha/CORRECT/generated_cap000440.als","CORRECT",false,true,false,true,true,true
"alpha/CORRECT/generated_cap000441.als","CORRECT",false,true,false,true,true,true
"alpha/CORRECT/generated_cap000442.als","CORRECT",false,true,false,true,true,true
"alpha/CORRECT/generated_cap000443.als","CORRECT",false,true,false,true,true,true
"alpha/CORRECT/generated_cap000444.als","CORRECT",false,true,false,true,true,true
"alpha/CORRECT/generated_cap000445.als","CORRECT",false,true,false,true,true,true
"alpha/CORRECT/generated_cap000446.als","CORRECT",false,true,false,true,true,true
"alpha/CORRECT/generated_cap000447.als","CORRECT",false,true,false,true,true,true
"alpha/CORRECT/generated_cap000448.als","CORRECT",false,true,false,true,true,true
"alpha/CORRECT/generated_cap000449.als","CORRECT",false,true,false,true,true,true
"alpha/CORRECT/generated_cap000450.als","CORRECT",false,true,false,true,true,true
"alpha/CORRECT/generated_cap000451.als","CORRECT",false,true,false,true,true,true
"alpha/CORRECT/generated_cap000452.als","CORRECT",false,true,false,true,true,true
"alpha/CORRECT/generated_cap000453.als","CORRECT",false,true,false,true,true,true
"alpha/CORRECT/generated_cap000454.als","CORRECT",false,true,false,true,true,true
"alpha/CORRECT/generated_cap000455.als","CORRECT",false,true,false,true,true,true
"alpha/CORRECT/generated_cap000456.als","CORRECT",false,true,false,true,true,true
"alpha/CORRECT/generated_cap000457.als","CORRECT",false,true,false,true,true,true
"alpha/CORRECT/generated_cap000458.als","CORRECT",false,true,false,true,true,true
"alpha/CORRECT/generated_cap000459.als","CORRECT",false,true,false,true,true,true
"alpha/CORRECT/generated_cap000460.als","CORRECT",false,true,false,true,true,true
"alpha/CORRECT/generated_cap000461.als","CORRECT",false,true,false,true,true,true
"alpha/CORRECT/generated_cap000462.als","CORRECT",false,true,false,true,true,true
"alpha/CORRECT/generated_cap000463.als","CORRECT",false,true,false,true,true,true
"alpha/CORRECT/generated_cap000464.als","CORRECT",false,true,false,true,true,true
"alpha/CORRECT/generated_cap000465.als","CORRECT",false,true,false,true,true,true
"alpha/CORRECT/generated_cap000466.als","CORRECT",false,true,false,true,true,true
"alpha/CORRECT/generated_cap000467.als","CORRECT",false,true,false,true,true,true
"alpha/CORRECT/generated_cap000468.als","CORRECT",false,true,false,true,true,true
"alpha/CORRECT/generated_cap000469.als","CORRECT",false,true,false,true,true,true
"alpha/CORRECT/generated_cap000470.als","CORRECT",false,true,false,true,true,true
"alpha/CORRECT/generated_cap000471.als","CORRECT",false,true,false,true,true,true
"alpha/CORRECT/generated_cap000472.als","CORRECT",false,true,false,true,true,true
"alpha/CORRECT/generated_cap000473.als","CORRECT",false,true,false,true,true,true
"alpha/CORRECT/generated_cap000474.als","CORRECT",false,true,false,true,true,true
"alpha/CORRECT/generated_cap000475.als","CORRECT",false,true,false,true,true,true
"alpha/CORRECT/generated_cap000476.als","CORRECT",false,true,false,true,true,true
"alpha/CORRECT/generated_cap000477.als","CORRECT",false,true,false,true,true,true
"alpha/CORRECT/generated_cap000478.als","CORRECT",false,true,false,true,true,true
"alpha/CORRECT/generated_cap000479.als","CORRECT",false,true,false,true,true,true
"alpha/CORRECT/generated_cap000480.als","CORRECT",false,true,false,true,true,true
"alpha/CORRECT/generated_cap000481.als","CORRECT",false,true,false,true,true,true
"alpha/CORRECT/generated_cap000482.als","CORRECT",false,true,false,true,true,true
"alpha/CORRECT/generated_cap000483.als","CORRECT",false,true,false,true,true,true
"alpha/CORRECT/generated_cap000484.als","CORRECT",false,true,false,true,true,true
"alpha/CORRECT/generated_cap000485.als","CORRECT",false,true,false,true,true,true
"alpha/CORRECT/generated_cap000486.als","CORRECT",false,true,false,true,true,true
"alpha/CORRECT/generated_cap000487.als","CORRECT",false,true,false,true,true,true
"alpha/CORRECT/generated_cap000488.als","CORRECT",false,true,false,true,true,true
"alpha/CORRECT/generated_cap000489.als","CORRECT",false,true,false,true,true,true
"alpha/CORRECT/generated_cap000490.als","CORRECT",false,true,false,true,true,true
"alpha/CORRECT/generated_cap000491.als","CORRECT",false,true,false,true,true,true
"alpha/CORRECT/generated_cap000492.als","CORRECT",false,true,false,true,true,true
"alpha/CORRECT/generated_cap000493.als","CORRECT",false,true,false,true,true,true
"alpha/CORRECT/generated_cap000494.als","CORRECT",false,true,false,true,true,true
"alpha/CORRECT/generated_cap000495.als","CORRECT",false,true,false,true,true,true
"alpha/CORRECT/generated_cap000496.als","CORRECT",false,true,false,true,true,true
"alpha/CORRECT/generated_cap000497.als","CORRECT",false,true,false,true,true,true
"alpha/CORRECT/generated_cap000498.als","CORRECT",false,true,false,true,true,true
"alpha/CORRECT/generated_cap000499.als","CORRECT",false,true,false,true,true,true
"alpha_ac/CORRECT/generated_cap003000.als","CORRECT",false,true,false,true,true,true
"alpha_ac/CORRECT/generated_cap003001.als","CORRECT",false,true,false,true,true,true
"alpha_ac/CORRECT/generated_cap003002.als","CORRECT",false,true,false,true,true,true
"alpha_ac/CORRECT/generated_cap003003.als","CORRECT",false,true,false,true,true,true
"alpha_ac/CORRECT/generated_cap003004.als","CORRECT",false,true,false,true,true,true
"alpha_ac/CORRECT/generated_cap003005.als","CORRECT",false,true,false,true,true,true
"alpha_ac/CORRECT/generated_cap003006.als","CORRECT",false,true,false,true,true,true
"alpha_ac/CORRECT/generated_cap003007.als","CORRECT",false,true,false,true,true,true
"alpha_ac/CORRECT/generated_cap003008.als","CORRECT",false,true,false,true,true,true
"alpha_ac/CORRECT/generated_cap003009.als","CORRECT",false,true,false,true,true,true
"alpha_ac/CORRECT/generated_cap003010.als","CORRECT",false,true,false,true,true,true
"alpha_ac/CORRECT/generated_cap003011.als","CORRECT",false,true,false,true,true,true
"alpha_ac/CORRECT/generated_cap003012.als","CORRECT",false,true,false,true,true,true
"alpha_ac/CORRECT/generated_cap003013.als","CORRECT",false,true,false,true,true,true
"alpha_ac/CORRECT/generated_cap003014.als","CORRECT",false,true,false,true,true,true
"alpha_ac/CORRECT/generated_cap003015.als","CORRECT",false,true,false,true,true,true
"alpha_ac/CORRECT/generated_cap003016.als","CORRECT",false,true,false,true,true,true
"alpha_ac/CORRECT/generated_cap003017.als","CORRECT",false,true,false,true,true,true
"alpha_ac/CORRECT/generated_cap003018.als","CORRECT",false,true,false,true,true,true
"alpha_ac/CORRECT/generated_cap003019.als","CORRECT",false,true,false,true,true,true
"alpha_ac/CORRECT/generated_cap003020.als","CORRECT",false,true,false,true,true,true
"alpha_ac/CORRECT/generated_cap003021.als","CORRECT",false,true,false,true,true,true
"alpha_ac/CORRECT/generated_cap003022.als","CORRECT",false,true,false,true,true,true
"alpha_ac/CORRECT/generated_cap003023.als","CORRECT",false,true,false,true,true,true
"alpha_ac/CORRECT/generated_cap003024.als","CORRECT",false,true,false,true,true,true
"alpha_ac/CORRECT/generated_cap003025.als","CORRECT",false,true,false,true,true,true
"alpha_ac/CORRECT/generated_cap003026.als","CORRECT",false,true,false,true,true,true
"alpha_ac/CORRECT/generated_cap003027.als","CORRECT",false,true,false,true,true,true
"alpha_ac/CORRECT/generated_cap003028.als","CORRECT",false,true,false,true,true,true
"alpha_ac/CORRECT/generated_cap003029.als","CORRECT",false,true,false,true,true,true
"alpha_ac/CORRECT/generated_cap003030.als","CORRECT",false,true,false,true,true,true
"alpha_ac/CORRECT/generated_cap003031.als","CORRECT",false,true,false,true,true,true
"alpha_ac/CORRECT/generated_cap003032.als","CORRECT",false,true,false,true,true,true
"alpha_ac/CORRECT/generated_cap003033.als","CORRECT",false,true,false,true,true,true
"alpha_ac/CORRECT/generated_cap003034.als","CORRECT",false,true,false,true,true,true
"alpha_ac/CORRECT/generated_cap003035.als","CORRECT",false,true,false,true,true,true
"alpha_ac/CORRECT/generated_cap003036.als","CORRECT",false,true,false,true,true,true
"alpha_ac/CORRECT/generated_cap003037.als","CORRECT",false,true,false,true,true,true
"alpha_ac/CORRECT/generated_cap003038.als","CORRECT",false,true,false,true,true,true
"alpha_ac/CORRECT/generated_cap003039.als","CORRECT",false,true,false,true,true,true
"alpha_ac/CORRECT/generated_cap003040.als","CORRECT",false,true,false,true,true,true
"alpha_ac/CORRECT/generated_cap003041.als","CORRECT",false,true,false,true,true,true
"alpha_ac/CORRECT/generated_cap003042.als","CORRECT",false,true,false,true,true,true
"alpha_ac/CORRECT/generated_cap003043.als","CORRECT",false,true,false,true,true,true
"alpha_ac/CORRECT/generated_cap003044.als","CORRECT",false,true,false,true,true,true
"alpha_ac/CORRECT/generated_cap003045.als","CORRECT",false,true,false,true,true,true
"alpha_ac/CORRECT/generated_cap003046.als","CORRECT",false,true,false,true,true,true
"alpha_ac/CORRECT/generated_cap003047.als","CORRECT",false,true,false,true,true,true
"alpha_ac/CORRECT/generated_cap003048.als","CORRECT",false,true,false,true,true,true
"alpha_ac/CORRECT/generated_cap003049.als","CORRECT",false,true,false,true,true,true
"alpha_ac/CORRECT/generated_cap003050.als","CORRECT",false,true,false,true,true,true
"alpha_ac/CORRECT/generated_cap003051.als","CORRECT",false,true,false,true,true,true
"alpha_ac/CORRECT/generated_cap003052.als","CORRECT",false,true,false,true,true,true
"alpha_ac/CORRECT/generated_cap003053.als","CORRECT",false,true,false,true,true,true
"alpha_ac/CORRECT/generated_cap003054.als","CORRECT",false,true,false,true,true,true
"alpha_ac/CORRECT/generated_cap003055.als","CORRECT",false,true,false,true,true,true
"alpha_ac/CORRECT/generated_cap003056.als","CORRECT",false,true,false,true,true,true
"alpha_ac/CORRECT/generated_cap003057.als","CORRECT",false,true,false,true,true,true
"alpha_ac/CORRECT/generated_cap003058.als","CORRECT",false,true,false,true,true,true
"alpha_ac/CORRECT/generated_cap003059.als","CORRECT",false,true,false,true,true,true
"alpha_ac/CORRECT/generated_cap003060.als","CORRECT",false,true,false,true,true,true
"alpha_ac/CORRECT/generated_cap003061.als","CORRECT",false,true,false,true,true,true
"alpha_ac/CORRECT/generated_cap003062.als","CORRECT",false,true,false,true,true,true
"alpha_ac/CORRECT/generated_cap003063.als","CORRECT",false,true,false,true,true,true
"alpha_ac/CORRECT/generated_cap003064.als","CORRECT",false,true,false,true,true,true
"alpha_ac/CORRECT/generated_cap003065.als","CORRECT",false,true,false,true,true,true
"alpha_ac/CORRECT/generated_cap003066.als","CORRECT",false,true,false,true,true,true
"alpha_ac/CORRECT/generated_cap003067.als","CORRECT",false,true,false,true,true,true
"alpha_ac/CORRECT/generated_cap003068.als","CORRECT",false,true,false,true,true,true
"alpha_ac/CORRECT/generated_cap003069.als","CORRECT",false,true,false,true,true,true
"alpha_ac/CORRECT/generated_cap003070.als","CORRECT",false,true,false,true,true,true
"alpha_ac/CORRECT/generated_cap003071.als","CORRECT",false,true,false,true,true,true
"alpha_ac/CORRECT/generated_cap003072.als","CORRECT",false,true,false,true,true,true
"alpha_ac/CORRECT/generated_cap003073.als","CORRECT",false,true,false,true,true,true
"alpha_ac/CORRECT/generated_cap003074.als","CORRECT",false,true,false,true,true,true
"alpha_ac/CORRECT/generated_cap003075.als","CORRECT",false,true,false,true,true,true
"alpha_ac/CORRECT/generated_cap003076.als","CORRECT",false,true,false,true,true,true
"alpha_ac/CORRECT/generated_cap003077.als","CORRECT",false,true,false,true,true,true
"alpha_ac/CORRECT/generated_cap003078.als","CORRECT",false,true,false,true,true,true
"alpha_ac/CORRECT/generated_cap003079.als","CORRECT",false,true,false,true,true,true
"alpha_ac/CORRECT/generated_cap003080.als","CORRECT",false,true,false,true,true,true
"alpha_ac/CORRECT/generated_cap003081.als","CORRECT",false,true,false,true,true,true
"alpha_ac/CORRECT/generated_cap003082.als","CORRECT",false,true,false,true,true,true
"alpha_ac/CORRECT/generated_cap003083.als","CORRECT",false,true,false,true,true,true
"alpha_ac/CORRECT/generated_cap003084.als","CORRECT",false,true,false,true,true,true
"alpha_ac/CORRECT/generated_cap003085.als","CORRECT",false,true,false,true,true,true
"alpha_ac/CORRECT/generated_cap003086.als","CORRECT",false,true,false,true,true,true
"alpha_ac/CORRECT/generated_cap003087.als","CORRECT",false,true,false,true,true,true
"alpha_ac/CORRECT/generated_cap003088.als","CORRECT",false,true,false,true,true,true
"alpha_ac/CORRECT/generated_cap003089.als","CORRECT",false,true,false,true,true,true
"alpha_ac/CORRECT/generated_cap003090.als","CORRECT",false,true,false,true,true,true
"alpha_ac/CORRECT/generated_cap003091.als","CORRECT",false,true,false,true,true,true
"alpha_ac/CORRECT/generated_cap003092.als","CORRECT",false,true,false,true,true,true
"alpha_ac/CORRECT/generated_cap003093.als","CORRECT",false,true,false,true,true,true
"alpha_ac/CORRECT/generated_cap003094.als","CORRECT",false,true,false,true,true,true
"alpha_ac/CORRECT/generated_cap003095.als","CORRECT",false,true,false,true,true,true
"alpha_ac/CORRECT/generated_cap003096.als","CORRECT",false,true,false,true,true,true
"alpha_ac/CORRECT/generated_cap003097.als","CORRECT",false,true,false,true,true,true
"alpha_ac/CORRECT/generated_cap003098.als","CORRECT",false,true,false,true,true,true
"alpha_ac/CORRECT/generated_cap003099.als","CORRECT",false,true,false,true,true,true
"alpha_ac/CORRECT/generated_cap003100.als","CORRECT",false,true,false,true,true,true
"alpha_ac/CORRECT/generated_cap003101.als","CORRECT",false,true,false,true,true,true
"alpha_ac/CORRECT/generated_cap003102.als","CORRECT",false,true,false,true,true,true
"alpha_ac/CORRECT/generated_cap003103.als","CORRECT",false,true,false,true,true,true
"alpha_ac/CORRECT/generated_cap003104.als","CORRECT",false,true,false,true,true,true
"alpha_ac/CORRECT/generated_cap003105.als","CORRECT",false,true,false,true,true,true
"alpha_ac/CORRECT/generated_cap003106.als","CORRECT",false,true,false,true,true,true
"alpha_ac/CORRECT/generated_cap003107.als","CORRECT",false,true,false,true,true,true
"alpha_ac/CORRECT/generated_cap003108.als","CORRECT",false,true,false,true,true,true
"alpha_ac/CORRECT/generated_cap003109.als","CORRECT",false,true,false,true,true,true
"alpha_ac/CORRECT/generated_cap003110.als","CORRECT",false,true,false,true,true,true
"alpha_ac/CORRECT/generated_cap003111.als","CORRECT",false,true,false,true,true,true
"alpha_ac/CORRECT/generated_cap003112.als","CORRECT",false,true,false,true,true,true
"alpha_ac/CORRECT/generated_cap003113.als","CORRECT",false,true,false,true,true,true
"alpha_ac/CORRECT/generated_cap003114.als","CORRECT",false,true,false,true,true,true
"alpha_ac/CORRECT/generated_cap003115.als","CORRECT",false,true,false,true,true,true
"alpha_ac/CORRECT/generated_cap003116.als","CORRECT",false,true,false,true,true,true
"alpha_ac/CORRECT/generated_cap003117.als","CORRECT",false,true,false,true,true,true
"alpha_ac/CORRECT/generated_cap003118.als","CORRECT",false,true,false,true,true,true
"alpha_ac/CORRECT/generated_cap003119.als","CORRECT",false,true,false,true,true,true
"alpha_ac/CORRECT/generated_cap003120.als","CORRECT",false,true,false,true,true,true
"alpha_ac/CORRECT/generated_cap003121.als","CORRECT",false,true,false,true,true,true
"alpha_ac/CORRECT/generated_cap003122.als","CORRECT",false,true,false,true,true,true
"alpha_ac/CORRECT/generated_cap003123.als","CORRECT",false,true,false,true,true,true
"alpha_ac/CORRECT/generated_cap003124.als","CORRECT",false,true,false,true,true,true
"alpha_ac/CORRECT/generated_cap003125.als","CORRECT",false,true,false,true,true,true
"alpha_ac/CORRECT/generated_cap003126.als","CORRECT",false,true,false,true,true,true
"alpha_ac/CORRECT/generated_cap003127.als","CORRECT",false,true,false,true,true,true
"alpha_ac/CORRECT/generated_cap003128.als","CORRECT",false,true,false,true,true,true
"alpha_ac/CORRECT/generated_cap003129.als","CORRECT",false,true,false,true,true,true
"alpha_ac/CORRECT/generated_cap003130.als","CORRECT",false,true,false,true,true,true
"alpha_ac/CORRECT/generated_cap003131.als","CORRECT",false,true,false,true,true,true
"alpha_ac/CORRECT/generated_cap003132.als","CORRECT",false,true,false,true,true,true
"alpha_ac/CORRECT/generated_cap003133.als","CORRECT",false,true,false,true,true,true
"alpha_ac/CORRECT/generated_cap003134.als","CORRECT",false,true,false,true,true,true
"alpha_ac/CORRECT/generated_cap003135.als","CORRECT",false,true,false,true,true,true
"alpha_ac/CORRECT/generated_cap003136.als","CORRECT",false,true,false,true,true,true
"alpha_ac/CORRECT/generated_cap003137.als","CORRECT",false,true,false,true,true,true
"alpha_ac/CORRECT/generated_cap003138.als","CORRECT",false,true,false,true,true,true
"alpha_ac/CORRECT/generated_cap003139.als","CORRECT",false,true,false,true,true,true
"alpha_ac/CORRECT/generated_cap003140.als","CORRECT",false,true,false,true,true,true
"alpha_ac/CORRECT/generated_cap003141.als","CORRECT",false,true,false,true,true,true
"alpha_ac/CORRECT/generated_cap003142.als","CORRECT",false,true,false,true,true,true
"alpha_ac/CORRECT/generated_cap003143.als","CORRECT",false,true,false,true,true,true
"alpha_ac/CORRECT/generated_cap003144.als","CORRECT",false,true,false,true,true,true
"alpha_ac/CORRECT/generated_cap003145.als","CORRECT",false,true,false,true,true,true
"alpha_ac/CORRECT/generated_cap003146.als","CORRECT",false,true,false,true,true,true
"alpha_ac/CORRECT/generated_cap003147.als","CORRECT",false,true,false,true,true,true
"alpha_ac/CORRECT/generated_cap003148.als","CORRECT",false,true,false,true,true,true
"alpha_ac/CORRECT/generated_cap003149.als","CORRECT",false,true,false,true,true,true
"alpha_ac/CORRECT/generated_cap003150.als","CORRECT",false,true,false,true,true,true
"alpha_ac/CORRECT/generated_cap003151.als","CORRECT",false,true,false,true,true,true
"alpha_ac/CORRECT/generated_cap003152.als","CORRECT",false,true,false,true,true,true
"alpha_ac/CORRECT/generated_cap003153.als","CORRECT",false,true,false,true,true,true
"alpha_ac/CORRECT/generated_cap003154.als","CORRECT",false,true,false,true,true,true
"alpha_ac/CORRECT/generated_cap003155.als","CORRECT",false,true,false,true,true,true
"alpha_ac/CORRECT/generated_cap003156.als","CORRECT",false,true,false,true,true,true
"alpha_ac/CORRECT/generated_cap003157.als","CORRECT",false,true,false,true,true,true
"alpha_ac/CORRECT/generated_cap003158.als","CORRECT",false,true,false,true,true,true
"alpha_ac/CORRECT/generated_cap003159.als","CORRECT",false,true,false,true,true,true
"alpha_ac/CORRECT/generated_cap003160.als","CORRECT",false,true,false,true,true,true
"alpha_ac/CORRECT/generated_cap003161.als","CORRECT",false,true,false,true,true,true
"alpha_ac/CORRECT/generated_cap003162.als","CORRECT",false,true,false,true,true,true
"alpha_ac/CORRECT/generated_cap003163.als","CORRECT",false,true,false,true,true,true
"alpha_ac/CORRECT/generated_cap003164.als","CORRECT",false,true,false,true,true,true
"alpha_ac/CORRECT/generated_cap003165.als","CORRECT",false,true,false,true,true,true
"alpha_ac/CORRECT/generated_cap003166.als","CORRECT",false,true,false,true,true,true
"alpha_ac/CORRECT/generated_cap003167.als","CORRECT",false,true,false,true,true,true
"alpha_ac/CORRECT/generated_cap003168.als","CORRECT",false,true,false,true,true,true
"alpha_ac/CORRECT/generated_cap003169.als","CORRECT",false,true,false,true,true,true
"alpha_ac/CORRECT/generated_cap003170.als","CORRECT",false,true,false,true,true,true
"alpha_ac/CORRECT/generated_cap003171.als","CORRECT",false,true,false,true,true,true
"alpha_ac/CORRECT/generated_cap003172.als","CORRECT",false,true,false,true,true,true
"alpha_ac/CORRECT/generated_cap003173.als","CORRECT",false,true,false,true,true,true
"alpha_ac/CORRECT/generated_cap003174.als","CORRECT",false,true,false,true,true,true
"alpha_ac/CORRECT/generated_cap003175.als","CORRECT",false,true,false,true,true,true
"alpha_ac/CORRECT/generated_cap003176.als","CORRECT",false,true,false,true,true,true
"alpha_ac/CORRECT/generated_cap003177.als","CORRECT",false,true,false,true,true,true
"alpha_ac/CORRECT/generated_cap003178.als","CORRECT",false,true,false,true,true,true
"alpha_ac/CORRECT/generated_cap003179.als","CORRECT",false,true,false,true,true,true
"alpha_ac/CORRECT/generated_cap003180.als","CORRECT",false,true,false,true,true,true
"alpha_ac/CORRECT/generated_cap003181.als","CORRECT",false,true,false,true,true,true
"alpha_ac/CORRECT/generated_cap003182.als","CORRECT",false,true,false,true,true,true
"alpha_ac/CORRECT/generated_cap003183.als","CORRECT",false,true,false,true,true,true
"alpha_ac/CORRECT/generated_cap003184.als","CORRECT",false,true,false,true,true,true
"alpha_ac/CORRECT/generated_cap003185.als","CORRECT",false,true,false,true,true,true
"alpha_ac/CORRECT/generated_cap003186.als","CORRECT",false,true,false,true,true,true
"alpha_ac/CORRECT/generated_cap003187.als","CORRECT",false,true,false,true,true,true
"alpha_ac/CORRECT/generated_cap003188.als","CORRECT",false,true,false,true,true,true
"alpha_ac/CORRECT/generated_cap003189.als","CORRECT",false,true,false,true,true,true
"alpha_ac/CORRECT/generated_cap003190.als","CORRECT",false,true,false,true,true,true
"alpha_ac/CORRECT/generated_cap003191.als","CORRECT",false,true,false,true,true,true
"alpha_ac/CORRECT/generated_cap003192.als","CORRECT",false,true,false,true,true,true
"alpha_ac/CORRECT/generated_cap003193.als","CORRECT",false,true,false,true,true,true
"alpha_ac/CORRECT/generated_cap003194.als","CORRECT",false,true,false,true,true,true
"alpha_ac/CORRECT/generated_cap003195.als","CORRECT",false,true,false,true,true,true
"alpha_ac/CORRECT/generated_cap003196.als","CORRECT",false,true,false,true,true,true
"alpha_ac/CORRECT/generated_cap003197.als","CORRECT",false,true,false,true,true,true
"alpha_ac/CORRECT/generated_cap003198.als","CORRECT",false,true,false,true,true,true
"alpha_ac/CORRECT/generated_cap003199.als","CORRECT",false,true,false,true,true,true
"alpha_ac/CORRECT/generated_cap003200.als","CORRECT",false,true,false,true,true,true
"alpha_ac/CORRECT/generated_cap003201.als","CORRECT",false,true,false,true,true,true
"alpha_ac/CORRECT/generated_cap003202.als","CORRECT",false,true,false,true,true,true
"alpha_ac/CORRECT/generated_cap003203.als","CORRECT",false,true,false,true,true,true
"alpha_ac/CORRECT/generated_cap003204.als","CORRECT",false,true,false,true,true,true
"alpha_ac/CORRECT/generated_cap003205.als","CORRECT",false,true,false,true,true,true
"alpha_ac/CORRECT/generated_cap003206.als","CORRECT",false,true,false,true,true,true
"alpha_ac/CORRECT/generated_cap003207.als","CORRECT",false,true,false,true,true,true
"alpha_ac/CORRECT/generated_cap003208.als","CORRECT",false,true,false,true,true,true
"alpha_ac/CORRECT/generated_cap003209.als","CORRECT",false,true,false,true,true,true
"alpha_ac/CORRECT/generated_cap003210.als","CORRECT",false,true,false,true,true,true
"alpha_ac/CORRECT/generated_cap003211.als","CORRECT",false,true,false,true,true,true
"alpha_ac/CORRECT/generated_cap003212.als","CORRECT",false,true,false,true,true,true
"alpha_ac/CORRECT/generated_cap003213.als","CORRECT",false,true,false,true,true,true
"alpha_ac/CORRECT/generated_cap003214.als","CORRECT",false,true,false,true,true,true
"alpha_ac/CORRECT/generated_cap003215.als","CORRECT",false,true,false,true,true,true
"alpha_ac/CORRECT/generated_cap003216.als","CORRECT",false,true,false,true,true,true
"alpha_ac/CORRECT/generated_cap003217.als","CORRECT",false,true,false,true,true,true
"alpha_ac/CORRECT/generated_cap003218.als","CORRECT",false,true,false,true,true,true
"alpha_ac/CORRECT/generated_cap003219.als","CORRECT",false,true,false,true,true,true
"alpha_ac/CORRECT/generated_cap003220.als","CORRECT",false,true,false,true,true,true
"alpha_ac/CORRECT/generated_cap003221.als","CORRECT",false,true,false,true,true,true
"alpha_ac/CORRECT/generated_cap003222.als","CORRECT",false,true,false,true,true,true
"alpha_ac/CORRECT/generated_cap003223.als","CORRECT",false,true,false,true,true,true
"alpha_ac/CORRECT/generated_cap003224.als","CORRECT",false,true,false,true,true,true
"alpha_ac/CORRECT/generated_cap003225.als","CORRECT",false,true,false,true,true,true
"alpha_ac/CORRECT/generated_cap003226.als","CORRECT",false,true,false,true,true,true
"alpha_ac/CORRECT/generated_cap003227.als","CORRECT",false,true,false,true,true,true
"alpha_ac/CORRECT/generated_cap003228.als","CORRECT",false,true,false,true,true,true
"alpha_ac/CORRECT/generated_cap003229.als","CORRECT",false,true,false,true,true,true
"alpha_ac/CORRECT/generated_cap003230.als","CORRECT",false,true,false,true,true,true
"alpha_ac/CORRECT/generated_cap003231.als","CORRECT",false,true,false,true,true,true
"alpha_ac/CORRECT/generated_cap003232.als","CORRECT",false,true,false,true,true,true
"alpha_ac/CORRECT/generated_cap003233.als","CORRECT",false,true,false,true,true,true
"alpha_ac/CORRECT/generated_cap003234.als","CORRECT",false,true,false,true,true,true
"alpha_ac/CORRECT/generated_cap003235.als","CORRECT",false,true,false,true,true,true
"alpha_ac/CORRECT/generated_cap003236.als","CORRECT",false,true,false,true,true,true
"alpha_ac/CORRECT/generated_cap003237.als","CORRECT",false,true,false,true,true,true
"alpha_ac/CORRECT/generated_cap003238.als","CORRECT",false,true,false,true,true,true
"alpha_ac/CORRECT/generated_cap003239.als","CORRECT",false,true,false,true,true,true
"alpha_ac/CORRECT/generated_cap003240.als","CORRECT",false,true,false,true,true,true
"alpha_ac/CORRECT/generated_cap003241.als","CORRECT",false,true,false,true,true,true
"alpha_ac/CORRECT/generated_cap003242.als","CORRECT",false,true,false,true,true,true
"alpha_ac/CORRECT/generated_cap003243.als","CORRECT",false,true,false,true,true,true
"alpha_ac/CORRECT/generated_cap003244.als","CORRECT",false,true,false,true,true,true
"alpha_ac/CORRECT/generated_cap003245.als","CORRECT",false,true,false,true,true,true
"alpha_ac/CORRECT/generated_cap003246.als","CORRECT",false,true,false,true,true,true
"alpha_ac/CORRECT/generated_cap003247.als","CORRECT",false,true,false,true,true,true
"alpha_ac/CORRECT/generated_cap003248.als","CORRECT",false,true,false,true,true,true
"alpha_ac/CORRECT/generated_cap003249.als","CORRECT",false,true,false,true,true,true
"alpha_ac/CORRECT/generated_cap003250.als","CORRECT",false,true,false,true,true,true
"alpha_ac/CORRECT/generated_cap003251.als","CORRECT",false,true,false,true,true,true
"alpha_ac/CORRECT/generated_cap003252.als","CORRECT",false,true,false,true,true,true
"alpha_ac/CORRECT/generated_cap003253.als","CORRECT",false,true,false,true,true,true
"alpha_ac/CORRECT/generated_cap003254.als","CORRECT",false,true,false,true,true,true
"alpha_ac/CORRECT/generated_cap003255.als","CORRECT",false,true,false,true,true,true
"alpha_ac/CORRECT/generated_cap003256.als","CORRECT",false,true,false,true,true,true
"alpha_ac/CORRECT/generated_cap003257.als","CORRECT",false,true,false,true,true,true
"alpha_ac/CORRECT/generated_cap003258.als","CORRECT",false,true,false,true,true,true
"alpha_ac/CORRECT/generated_cap003259.als","CORRECT",false,true,false,true,true,true
"alpha_ac/CORRECT/generated_cap003260.als","CORRECT",false,true,false,true,true,true
"alpha_ac/CORRECT/generated_cap003261.als","CORRECT",false,true,false,true,true,true
"alpha_ac/CORRECT/generated_cap003262.als","CORRECT",false,true,false,true,true,true
"alpha_ac/CORRECT/generated_cap003263.als","CORRECT",false,true,false,true,true,true
"alpha_ac/CORRECT/generated_cap003264.als","CORRECT",false,true,false,true,true,true
"alpha_ac/CORRECT/generated_cap003265.als","CORRECT",false,true,false,true,true,true
"alpha_ac/CORRECT/generated_cap003266.als","CORRECT",false,true,false,true,true,true
"alpha_ac/CORRECT/generated_cap003267.als","CORRECT",false,true,false,true,true,true
"alpha_ac/CORRECT/generated_cap003268.als","CORRECT",false,true,false,true,true,true
"alpha_ac/CORRECT/generated_cap003269.als","CORRECT",false,true,false,true,true,true
"alpha_ac/CORRECT/generated_cap003270.als","CORRECT",false,true,false,true,true,true
"alpha_ac/CORRECT/generated_cap003271.als","CORRECT",false,true,false,true,true,true
"alpha_ac/CORRECT/generated_cap003272.als","CORRECT",false,true,false,true,true,true
"alpha_ac/CORRECT/generated_cap003273.als","CORRECT",false,true,false,true,true,true
"alpha_ac/CORRECT/generated_cap003274.als","CORRECT",false,true,false,true,true,true
"alpha_ac/CORRECT/generated_cap003275.als","CORRECT",false,true,false,true,true,true
"alpha_ac/CORRECT/generated_cap003276.als","CORRECT",false,true,false,true,true,true
"alpha_ac/CORRECT/generated_cap003277.als","CORRECT",false,true,false,true,true,true
"alpha_ac/CORRECT/generated_cap003278.als","CORRECT",false,true,false,true,true,true
"alpha_ac/CORRECT/generated_cap003279.als","CORRECT",false,true,false,true,true,true
"alpha_ac/CORRECT/generated_cap003280.als","CORRECT",false,true,false,true,true,true
"alpha_ac/CORRECT/generated_cap003281.als","CORRECT",false,true,false,true,true,true
"alpha_ac/CORRECT/generated_cap003282.als","CORRECT",false,true,false,true,true,true
"alpha_ac/CORRECT/generated_cap003283.als","CORRECT",false,true,false,true,true,true
"alpha_ac/CORRECT/generated_cap003284.als","CORRECT",false,true,false,true,true,true
"alpha_ac/CORRECT/generated_cap003285.als","CORRECT",false,true,false,true,true,true
"alpha_ac/CORRECT/generated_cap003286.als","CORRECT",false,true,false,true,true,true
"alpha_ac/CORRECT/generated_cap003287.als","CORRECT",false,true,false,true,true,true
"alpha_ac/CORRECT/generated_cap003288.als","CORRECT",false,true,false,true,true,true
"alpha_ac/CORRECT/generated_cap003289.als","CORRECT",false,true,false,true,true,true
"alpha_ac/CORRECT/generated_cap003290.als","CORRECT",false,true,false,true,true,true
"alpha_ac/CORRECT/generated_cap003291.als","CORRECT",false,true,false,true,true,true
"alpha_ac/CORRECT/generated_cap003292.als","CORRECT",false,true,false,true,true,true
"alpha_ac/CORRECT/generated_cap003293.als","CORRECT",false,true,false,true,true,true
"alpha_ac/CORRECT/generated_cap003294.als","CORRECT",false,true,false,true,true,true
"alpha_ac/CORRECT/generated_cap003295.als","CORRECT",false,true,false,true,true,true
"alpha_ac/CORRECT/generated_cap003296.als","CORRECT",false,true,false,true,true,true
"alpha_ac/CORRECT/generated_cap003297.als","CORRECT",false,true,false,true,true,true
"alpha_ac/CORRECT/generated_cap003298.als","CORRECT",false,true,false,true,true,true
"alpha_ac/CORRECT/generated_cap003299.als","CORRECT",false,true,false,true,true,true
"alpha_ac/CORRECT/generated_cap003300.als","CORRECT",false,true,false,true,true,true
"alpha_ac/CORRECT/generated_cap003301.als","CORRECT",false,true,false,true,true,true
"alpha_ac/CORRECT/generated_cap003302.als","CORRECT",false,true,false,true,true,true
"alpha_ac/CORRECT/generated_cap003303.als","CORRECT",false,true,false,true,true,true
"alpha_ac/CORRECT/generated_cap003304.als","CORRECT",false,true,false,true,true,true
"alpha_ac/CORRECT/generated_cap003305.als","CORRECT",false,true,false,true,true,true
"alpha_ac/CORRECT/generated_cap003306.als","CORRECT",false,true,false,true,true,true
"alpha_ac/CORRECT/generated_cap003307.als","CORRECT",false,true,false,true,true,true
"alpha_ac/CORRECT/generated_cap003308.als","CORRECT",false,true,false,true,true,true
"alpha_ac/CORRECT/generated_cap003309.als","CORRECT",false,true,false,true,true,true
"alpha_ac/CORRECT/generated_cap003310.als","CORRECT",false,true,false,true,true,true
"alpha_ac/CORRECT/generated_cap003311.als","CORRECT",false,true,false,true,true,true
"alpha_ac/CORRECT/generated_cap003312.als","CORRECT",false,true,false,true,true,true
"alpha_ac/CORRECT/generated_cap003313.als","CORRECT",false,true,false,true,true,true
"alpha_ac/CORRECT/generated_cap003314.als","CORRECT",false,true,false,true,true,true
"alpha_ac/CORRECT/generated_cap003315.als","CORRECT",false,true,false,true,true,true
"alpha_ac/CORRECT/generated_cap003316.als","CORRECT",false,true,false,true,true,true
"alpha_ac/CORRECT/generated_cap003317.als","CORRECT",false,true,false,true,true,true
"alpha_ac/CORRECT/generated_cap003318.als","CORRECT",false,true,false,true,true,true
"alpha_ac/CORRECT/generated_cap003319.als","CORRECT",false,true,false,true,true,true
"alpha_ac/CORRECT/generated_cap003320.als","CORRECT",false,true,false,true,true,true
"alpha_ac/CORRECT/generated_cap003321.als","CORRECT",false,true,false,true,true,true
"alpha_ac/CORRECT/generated_cap003322.als","CORRECT",false,true,false,true,true,true
"alpha_ac/CORRECT/generated_cap003323.als","CORRECT",false,true,false,true,true,true
"alpha_ac/CORRECT/generated_cap003324.als","CORRECT",false,true,false,true,true,true
"alpha_ac/CORRECT/generated_cap003325.als","CORRECT",false,true,false,true,true,true
"alpha_ac/CORRECT/generated_cap003326.als","CORRECT",false,true,false,true,true,true
"alpha_ac/CORRECT/generated_cap003327.als","CORRECT",false,true,false,true,true,true
"alpha_ac/CORRECT/generated_cap003328.als","CORRECT",false,true,false,true,true,true
"alpha_ac/CORRECT/generated_cap003329.als","CORRECT",false,true,false,true,true,true
"alpha_ac/CORRECT/generated_cap003330.als","CORRECT",false,true,false,true,true,true
"alpha_ac/CORRECT/generated_cap003331.als","CORRECT",false,true,false,true,true,true
"alpha_ac/CORRECT/generated_cap003332.als","CORRECT",false,true,false,true,true,true
"alpha_ac/CORRECT/generated_cap003333.als","CORRECT",false,true,false,true,true,true
"alpha_ac/CORRECT/generated_cap003334.als","CORRECT",false,true,false,true,true,true
"alpha_ac/CORRECT/generated_cap003335.als","CORRECT",false,true,false,true,true,true
"alpha_ac/CORRECT/generated_cap003336.als","CORRECT",false,true,false,true,true,true
"alpha_ac/CORRECT/generated_cap003337.als","CORRECT",false,true,false,true,true,true
"alpha_ac/CORRECT/generated_cap003338.als","CORRECT",false,true,false,true,true,true
"alpha_ac/CORRECT/generated_cap003339.als","CORRECT",false,true,false,true,true,true
"alpha_ac/CORRECT/generated_cap003340.als","CORRECT",false,true,false,true,true,true
"alpha_ac/CORRECT/generated_cap003341.als","CORRECT",false,true,false,true,true,true
"alpha_ac/CORRECT/generated_cap003342.als","CORRECT",false,true,false,true,true,true
"alpha_ac/CORRECT/generated_cap003343.als","CORRECT",false,true,false,true,true,true
"alpha_ac/CORRECT/generated_cap003344.als","CORRECT",false,true,false,true,true,true
"alpha_ac/CORRECT/generated_cap003345.als","CORRECT",false,true,false,true,true,true
"alpha_ac/CORRECT/generated_cap003346.als","CORRECT",false,true,false,true,true,true
"alpha_ac/CORRECT/generated_cap003347.als","CORRECT",false,true,false,true,true,true
"alpha_ac/CORRECT/generated_cap003348.als","CORRECT",false,true,false,true,true,true
"alpha_ac/CORRECT/generated_cap003349.als","CORRECT",false,true,false,true,true,true
"alpha_ac/CORRECT/generated_cap003350.als","CORRECT",false,true,false,true,true,true
"alpha_ac/CORRECT/generated_cap003351.als","CORRECT",false,true,false,true,true,true
"alpha_ac/CORRECT/generated_cap003352.als","CORRECT",false,true,false,true,true,true
"alpha_ac/CORRECT/generated_cap003353.als","CORRECT",false,true,false,true,true,true
"alpha_ac/CORRECT/generated_cap003354.als","CORRECT",false,true,false,true,true,true
"alpha_ac/CORRECT/generated_cap003355.als","CORRECT",false,true,false,true,true,true
"alpha_ac/CORRECT/generated_cap003356.als","CORRECT",false,true,false,true,true,true
"alpha_ac/CORRECT/generated_cap003357.als","CORRECT",false,true,false,true,true,true
"alpha_ac/CORRECT/generated_cap003358.als","CORRECT",false,true,false,true,true,true
"alpha_ac/CORRECT/generated_cap003359.als","CORRECT",false,true,false,true,true,true
"alpha_ac/CORRECT/generated_cap003360.als","CORRECT",false,true,false,true,true,true
"alpha_ac/CORRECT/generated_cap003361.als","CORRECT",false,true,false,true,true,true
"alpha_ac/CORRECT/generated_cap003362.als","CORRECT",false,true,false,true,true,true
"alpha_ac/CORRECT/generated_cap003363.als","CORRECT",false,true,false,true,true,true
"alpha_ac/CORRECT/generated_cap003364.als","CORRECT",false,true,false,true,true,true
"alpha_ac/CORRECT/generated_cap003365.als","CORRECT",false,true,false,true,true,true
"alpha_ac/CORRECT/generated_cap003366.als","CORRECT",false,true,false,true,true,true
"alpha_ac/CORRECT/generated_cap003367.als","CORRECT",false,true,false,true,true,true
"alpha_ac/CORRECT/generated_cap003368.als","CORRECT",false,true,false,true,true,true
"alpha_ac/CORRECT/generated_cap003369.als","CORRECT",false,true,false,true,true,true
"alpha_ac/CORRECT/generated_cap003370.als","CORRECT",false,true,false,true,true,true
"alpha_ac/CORRECT/generated_cap003371.als","CORRECT",false,true,false,true,true,true
"alpha_ac/CORRECT/generated_cap003372.als","CORRECT",false,true,false,true,true,true
"alpha_ac/CORRECT/generated_cap003373.als","CORRECT",false,true,false,true,true,true
"alpha_ac/CORRECT/generated_cap003374.als","CORRECT",false,true,false,true,true,true
"alpha_ac/CORRECT/generated_cap003375.als","CORRECT",false,true,false,true,true,true
"alpha_ac/CORRECT/generated_cap003376.als","CORRECT",false,true,false,true,true,true
"alpha_ac/CORRECT/generated_cap003377.als","CORRECT",false,true,false,true,true,true
"alpha_ac/CORRECT/generated_cap003378.als","CORRECT",false,true,false,true,true,true
"alpha_ac/CORRECT/generated_cap003379.als","CORRECT",false,true,false,true,true,true
"alpha_ac/CORRECT/generated_cap003380.als","CORRECT",false,true,false,true,true,true
"alpha_ac/CORRECT/generated_cap003381.als","CORRECT",false,true,false,true,true,true
"alpha_ac/CORRECT/generated_cap003382.als","CORRECT",false,true,false,true,true,true
"alpha_ac/CORRECT/generated_cap003383.als","CORRECT",false,true,false,true,true,true
"alpha_ac/CORRECT/generated_cap003384.als","CORRECT",false,true,false,true,true,true
"alpha_ac/CORRECT/generated_cap003385.als","CORRECT",false,true,false,true,true,true
"alpha_ac/CORRECT/generated_cap003386.als","CORRECT",false,true,false,true,true,true
"alpha_ac/CORRECT/generated_cap003387.als","CORRECT",false,true,false,true,true,true
"alpha_ac/CORRECT/generated_cap003388.als","CORRECT",false,true,false,true,true,true
"alpha_ac/CORRECT/generated_cap003389.als","CORRECT",false,true,false,true,true,true
"alpha_ac/CORRECT/generated_cap003390.als","CORRECT",false,true,false,true,true,true
"alpha_ac/CORRECT/generated_cap003391.als","CORRECT",false,true,false,true,true,true
"alpha_ac/CORRECT/generated_cap003392.als","CORRECT",false,true,false,true,true,true
"alpha_ac/CORRECT/generated_cap003393.als","CORRECT",false,true,false,true,true,true
"alpha_ac/CORRECT/generated_cap003394.als","CORRECT",false,true,false,true,true,true
"alpha_ac/CORRECT/generated_cap003395.als","CORRECT",false,true,false,true,true,true
"alpha_ac/CORRECT/generated_cap003396.als","CORRECT",false,true,false,true,true,true
"alpha_ac/CORRECT/generated_cap003397.als","CORRECT",false,true,false,true,true,true
"alpha_ac/CORRECT/generated_cap003398.als","CORRECT",false,true,false,true,true,true
"alpha_ac/CORRECT/generated_cap003399.als","CORRECT",false,true,false,true,true,true
"alpha_ac/CORRECT/generated_cap003400.als","CORRECT",false,true,false,true,true,true
"alpha_ac/CORRECT/generated_cap003401.als","CORRECT",false,true,false,true,true,true
"alpha_ac/CORRECT/generated_cap003402.als","CORRECT",false,true,false,true,true,true
"alpha_ac/CORRECT/generated_cap003403.als","CORRECT",false,true,false,true,true,true
"alpha_ac/CORRECT/generated_cap003404.als","CORRECT",false,true,false,true,true,true
"alpha_ac/CORRECT/generated_cap003405.als","CORRECT",false,true,false,true,true,true
"alpha_ac/CORRECT/generated_cap003406.als","CORRECT",false,true,false,true,true,true
"alpha_ac/CORRECT/generated_cap003407.als","CORRECT",false,true,false,true,true,true
"alpha_ac/CORRECT/generated_cap003408.als","CORRECT",false,true,false,true,true,true
"alpha_ac/CORRECT/generated_cap003409.als","CORRECT",false,true,false,true,true,true
"alpha_ac/CORRECT/generated_cap003410.als","CORRECT",false,true,false,true,true,true
"alpha_ac/CORRECT/generated_cap003411.als","CORRECT",false,true,false,true,true,true
"alpha_ac/CORRECT/generated_cap003412.als","CORRECT",false,true,false,true,true,true
"alpha_ac/CORRECT/generated_cap003413.als","CORRECT",false,true,false,true,true,true
"alpha_ac/CORRECT/generated_cap003414.als","CORRECT",false,true,false,true,true,true
"alpha_ac/CORRECT/generated_cap003415.als","CORRECT",false,true,false,true,true,true
"alpha_ac/CORRECT/generated_cap003416.als","CORRECT",false,true,false,true,true,true
"alpha_ac/CORRECT/generated_cap003417.als","CORRECT",false,true,false,true,true,true
"alpha_ac/CORRECT/generated_cap003418.als","CORRECT",false,true,false,true,true,true
"alpha_ac/CORRECT/generated_cap003419.als","CORRECT",false,true,false,true,true,true
"alpha_ac/CORRECT/generated_cap003420.als","CORRECT",false,true,false,true,true,true
"alpha_ac/CORRECT/generated_cap003421.als","CORRECT",false,true,false,true,true,true
"alpha_ac/CORRECT/generated_cap003422.als","CORRECT",false,true,false,true,true,true
"alpha_ac/CORRECT/generated_cap003423.als","CORRECT",false,true,false,true,true,true
"alpha_ac/CORRECT/generated_cap003424.als","CORRECT",false,true,false,true,true,true
"alpha_ac/CORRECT/generated_cap003425.als","CORRECT",false,true,false,true,true,true
"alpha_ac/CORRECT/generated_cap003426.als","CORRECT",false,true,false,true,true,true
"alpha_ac/CORRECT/generated_cap003427.als","CORRECT",false,true,false,true,true,true
"alpha_ac/CORRECT/generated_cap003428.als","CORRECT",false,true,false,true,true,true
"alpha_ac/CORRECT/generated_cap003429.als","CORRECT",false,true,false,true,true,true
"alpha_ac/CORRECT/generated_cap003430.als","CORRECT",false,true,false,true,true,true
"alpha_ac/CORRECT/generated_cap003431.als","CORRECT",false,true,false,true,true,true
"alpha_ac/CORRECT/generated_cap003432.als","CORRECT",false,true,false,true,true,true
"alpha_ac/CORRECT/generated_cap003433.als","CORRECT",false,true,false,true,true,true
"alpha_ac/CORRECT/generated_cap003434.als","CORRECT",false,true,false,true,true,true
"alpha_ac/CORRECT/generated_cap003435.als","CORRECT",false,true,false,true,true,true
"alpha_ac/CORRECT/generated_cap003436.als","CORRECT",false,true,false,true,true,true
"alpha_ac/CORRECT/generated_cap003437.als","CORRECT",false,true,false,true,true,true
"alpha_ac/CORRECT/generated_cap003438.als","CORRECT",false,true,false,true,true,true
"alpha_ac/CORRECT/generated_cap003439.als","CORRECT",false,true,false,true,true,true
"alpha_ac/CORRECT/generated_cap003440.als","CORRECT",false,true,false,true,true,true
"alpha_ac/CORRECT/generated_cap003441.als","CORRECT",false,true,false,true,true,true
"alpha_ac/CORRECT/generated_cap003442.als","CORRECT",false,true,false,true,true,true
"alpha_ac/CORRECT/generated_cap003443.als","CORRECT",false,true,false,true,true,true
"alpha_ac/CORRECT/generated_cap003444.als","CORRECT",false,true,false,true,true,true
"alpha_ac/CORRECT/generated_cap003445.als","CORRECT",false,true,false,true,true,true
"alpha_ac/CORRECT/generated_cap003446.als","CORRECT",false,true,false,true,true,true
"alpha_ac/CORRECT/generated_cap003447.als","CORRECT",false,true,false,true,true,true
"alpha_ac/CORRECT/generated_cap003448.als","CORRECT",false,true,false,true,true,true
"alpha_ac/CORRECT/generated_cap003449.als","CORRECT",false,true,false,true,true,true
"alpha_ac/CORRECT/generated_cap003450.als","CORRECT",false,true,false,true,true,true
"alpha_ac/CORRECT/generated_cap003451.als","CORRECT",false,true,false,true,true,true
"alpha_ac/CORRECT/generated_cap003452.als","CORRECT",false,true,false,true,true,true
"alpha_ac/CORRECT/generated_cap003453.als","CORRECT",false,true,false,true,true,true
"alpha_ac/CORRECT/generated_cap003454.als","CORRECT",false,true,false,true,true,true
"alpha_ac/CORRECT/generated_cap003455.als","CORRECT",false,true,false,true,true,true
"alpha_ac/CORRECT/generated_cap003456.als","CORRECT",false,true,false,true,true,true
"alpha_ac/CORRECT/generated_cap003457.als","CORRECT",false,true,false,true,true,true
"alpha_ac/CORRECT/generated_cap003458.als","CORRECT",false,true,false,true,true,true
"alpha_ac/CORRECT/generated_cap003459.als","CORRECT",false,true,false,true,true,true
"alpha_ac/CORRECT/generated_cap003460.als","CORRECT",false,true,false,true,true,true
"alpha_ac/CORRECT/generated_cap003461.als","CORRECT",false,true,false,true,true,true
"alpha_ac/CORRECT/generated_cap003462.als","CORRECT",false,true,false,true,true,true
"alpha_ac/CORRECT/generated_cap003463.als","CORRECT",false,true,false,true,true,true
"alpha_ac/CORRECT/generated_cap003464.als","CORRECT",false,true,false,true,true,true
"alpha_ac/CORRECT/generated_cap003465.als","CORRECT",false,true,false,true,true,true
"alpha_ac/CORRECT/generated_cap003466.als","CORRECT",false,true,false,true,true,true
"alpha_ac/CORRECT/generated_cap003467.als","CORRECT",false,true,false,true,true,true
"alpha_ac/CORRECT/generated_cap003468.als","CORRECT",false,true,false,true,true,true
"alpha_ac/CORRECT/generated_cap003469.als","CORRECT",false,true,false,true,true,true
"alpha_ac/CORRECT/generated_cap003470.als","CORRECT",false,true,false,true,true,true
"alpha_ac/CORRECT/generated_cap003471.als","CORRECT",false,true,false,true,true,true
"alpha_ac/CORRECT/generated_cap003472.als","CORRECT",false,true,false,true,true,true
"alpha_ac/CORRECT/generated_cap003473.als","CORRECT",false,true,false,true,true,true
"alpha_ac/CORRECT/generated_cap003474.als","CORRECT",false,true,false,true,true,true
"alpha_ac/CORRECT/generated_cap003475.als","CORRECT",false,true,false,true,true,true
"alpha_ac/CORRECT/generated_cap003476.als","CORRECT",false,true,false,true,true,true
"alpha_ac/CORRECT/generated_cap003477.als","CORRECT",false,true,false,true,true,true
"alpha_ac/CORRECT/generated_cap003478.als","CORRECT",false,true,false,true,true,true
"alpha_ac/CORRECT/generated_cap003479.als","CORRECT",false,true,false,true,true,true
"alpha_ac/CORRECT/generated_cap003480.als","CORRECT",false,true,false,true,true,true
"alpha_ac/CORRECT/generated_cap003481.als","CORRECT",false,true,false,true,true,true
"alpha_ac/CORRECT/generated_cap003482.als","CORRECT",false,true,false,true,true,true
"alpha_ac/CORRECT/generated_cap003483.als","CORRECT",false,true,false,true,true,true
"alpha_ac/CORRECT/generated_cap003484.als","CORRECT",false,true,false,true,true,true
"alpha_ac/CORRECT/generated_cap003485.als","CORRECT",false,true,false,true,true,true
"alpha_ac/CORRECT/generated_cap003486.als","CORRECT",false,true,false,true,true,true
"alpha_ac/CORRECT/generated_cap003487.als","CORRECT",false,true,false,true,true,true
"alpha_ac/CORRECT/generated_cap003488.als","CORRECT",false,true,false,true,true,true
"alpha_ac/CORRECT/generated_cap003489.als","CORRECT",false,true,false,true,true,true
"alpha_ac/CORRECT/generated_cap003490.als","CORRECT",false,true,false,true,true,true
"alpha_ac/CORRECT/generated_cap003491.als","CORRECT",false,true,false,true,true,true
"alpha_ac/CORRECT/generated_cap003492.als","CORRECT",false,true,false,true,true,true
"alpha_ac/CORRECT/generated_cap003493.als","CORRECT",false,true,false,true,true,true
"alpha_ac/CORRECT/generated_cap003494.als","CORRECT",false,true,false,true,true,true
"alpha_ac/CORRECT/generated_cap003495.als","CORRECT",false,true,false,true,true,true
"alpha_ac/CORRECT/generated_cap003496.als","CORRECT",false,true,false,true,true,true
"alpha_ac/CORRECT/generated_cap003497.als","CORRECT",false,true,false,true,true,true
"alpha_ac/CORRECT/generated_cap003498.als","CORRECT",false,true,false,true,true,true
"alpha_ac/CORRECT/generated_cap003499.als","CORRECT",false,true,false,true,true,true
"alpha_binder_permutation/CORRECT/generated_cap003500.als","CORRECT",false,false,false,false,true,true
"alpha_binder_permutation/CORRECT/generated_cap003501.als","CORRECT",false,false,false,false,true,true
"alpha_binder_permutation/CORRECT/generated_cap003502.als","CORRECT",false,true,false,true,true,true
"alpha_binder_permutation/CORRECT/generated_cap003503.als","CORRECT",false,false,false,false,true,true
"alpha_binder_permutation/CORRECT/generated_cap003504.als","CORRECT",false,false,false,false,true,true
"alpha_binder_permutation/CORRECT/generated_cap003505.als","CORRECT",false,false,false,false,true,true
"alpha_binder_permutation/CORRECT/generated_cap003506.als","CORRECT",false,false,false,false,true,true
"alpha_binder_permutation/CORRECT/generated_cap003507.als","CORRECT",false,false,false,false,true,true
"alpha_binder_permutation/CORRECT/generated_cap003508.als","CORRECT",false,false,false,false,true,true
"alpha_binder_permutation/CORRECT/generated_cap003509.als","CORRECT",false,false,false,false,true,true
"alpha_binder_permutation/CORRECT/generated_cap003510.als","CORRECT",false,true,false,true,true,true
"alpha_binder_permutation/CORRECT/generated_cap003511.als","CORRECT",false,false,false,false,true,true
"alpha_binder_permutation/CORRECT/generated_cap003512.als","CORRECT",false,false,false,false,true,true
"alpha_binder_permutation/CORRECT/generated_cap003513.als","CORRECT",false,false,false,false,true,true
"alpha_binder_permutation/CORRECT/generated_cap003514.als","CORRECT",false,false,false,false,true,true
"alpha_binder_permutation/CORRECT/generated_cap003515.als","CORRECT",false,false,false,false,true,true
"alpha_binder_permutation/CORRECT/generated_cap003516.als","CORRECT",false,false,false,false,true,true
"alpha_binder_permutation/CORRECT/generated_cap003517.als","CORRECT",false,false,false,false,true,true
"alpha_binder_permutation/CORRECT/generated_cap003518.als","CORRECT",false,true,false,true,true,true
"alpha_binder_permutation/CORRECT/generated_cap003519.als","CORRECT",false,false,false,false,true,true
"alpha_binder_permutation/CORRECT/generated_cap003520.als","CORRECT",false,false,false,false,true,true
"alpha_binder_permutation/CORRECT/generated_cap003521.als","CORRECT",false,false,false,false,true,true
"alpha_binder_permutation/CORRECT/generated_cap003522.als","CORRECT",false,true,false,true,true,true
"alpha_binder_permutation/CORRECT/generated_cap003523.als","CORRECT",false,false,false,false,true,true
"alpha_binder_permutation/CORRECT/generated_cap003524.als","CORRECT",false,false,false,false,true,true
"alpha_binder_permutation/CORRECT/generated_cap003525.als","CORRECT",false,false,false,false,true,true
"alpha_binder_permutation/CORRECT/generated_cap003526.als","CORRECT",false,true,false,true,true,true
"alpha_binder_permutation/CORRECT/generated_cap003527.als","CORRECT",false,false,false,false,true,true
"alpha_binder_permutation/CORRECT/generated_cap003528.als","CORRECT",false,false,false,false,true,true
"alpha_binder_permutation/CORRECT/generated_cap003529.als","CORRECT",false,false,false,false,true,true
"alpha_binder_permutation/CORRECT/generated_cap003530.als","CORRECT",false,false,false,false,true,true
"alpha_binder_permutation/CORRECT/generated_cap003531.als","CORRECT",false,false,false,false,true,true
"alpha_binder_permutation/CORRECT/generated_cap003532.als","CORRECT",false,false,false,false,true,true
"alpha_binder_permutation/CORRECT/generated_cap003533.als","CORRECT",false,false,false,false,true,true
"alpha_binder_permutation/CORRECT/generated_cap003534.als","CORRECT",false,true,false,true,true,true
"alpha_binder_permutation/CORRECT/generated_cap003535.als","CORRECT",false,false,false,false,true,true
"alpha_binder_permutation/CORRECT/generated_cap003536.als","CORRECT",false,false,false,false,true,true
"alpha_binder_permutation/CORRECT/generated_cap003537.als","CORRECT",false,false,false,false,true,true
"alpha_binder_permutation/CORRECT/generated_cap003538.als","CORRECT",false,false,false,false,true,true
"alpha_binder_permutation/CORRECT/generated_cap003539.als","CORRECT",false,false,false,false,true,true
"alpha_binder_permutation/CORRECT/generated_cap003540.als","CORRECT",false,false,false,false,true,true
"alpha_binder_permutation/CORRECT/generated_cap003541.als","CORRECT",false,false,false,false,true,true
"alpha_binder_permutation/CORRECT/generated_cap003542.als","CORRECT",false,true,false,true,true,true
"alpha_binder_permutation/CORRECT/generated_cap003543.als","CORRECT",false,false,false,false,true,true
"alpha_binder_permutation/CORRECT/generated_cap003544.als","CORRECT",false,false,false,false,true,true
"alpha_binder_permutation/CORRECT/generated_cap003545.als","CORRECT",false,false,false,false,true,true
"alpha_binder_permutation/CORRECT/generated_cap003546.als","CORRECT",false,false,false,false,true,true
"alpha_binder_permutation/CORRECT/generated_cap003547.als","CORRECT",false,false,false,false,true,true
"alpha_binder_permutation/CORRECT/generated_cap003548.als","CORRECT",false,false,false,false,true,true
"alpha_binder_permutation/CORRECT/generated_cap003549.als","CORRECT",false,false,false,false,true,true
"alpha_binder_permutation/CORRECT/generated_cap003550.als","CORRECT",false,true,false,true,true,true
"alpha_binder_permutation/CORRECT/generated_cap003551.als","CORRECT",false,false,false,false,true,true
"alpha_binder_permutation/CORRECT/generated_cap003552.als","CORRECT",false,false,false,false,true,true
"alpha_binder_permutation/CORRECT/generated_cap003553.als","CORRECT",false,false,false,false,true,true
"alpha_binder_permutation/CORRECT/generated_cap003554.als","CORRECT",false,false,false,false,true,true
"alpha_binder_permutation/CORRECT/generated_cap003555.als","CORRECT",false,false,false,false,true,true
"alpha_binder_permutation/CORRECT/generated_cap003556.als","CORRECT",false,false,false,false,true,true
"alpha_binder_permutation/CORRECT/generated_cap003557.als","CORRECT",false,false,false,false,true,true
"alpha_binder_permutation/CORRECT/generated_cap003558.als","CORRECT",false,true,false,true,true,true
"alpha_binder_permutation/CORRECT/generated_cap003559.als","CORRECT",false,false,false,false,true,true
"alpha_binder_permutation/CORRECT/generated_cap003560.als","CORRECT",false,false,false,false,true,true
"alpha_binder_permutation/CORRECT/generated_cap003561.als","CORRECT",false,false,false,false,true,true
"alpha_binder_permutation/CORRECT/generated_cap003562.als","CORRECT",false,false,false,false,true,true
"alpha_binder_permutation/CORRECT/generated_cap003563.als","CORRECT",false,false,false,false,true,true
"alpha_binder_permutation/CORRECT/generated_cap003564.als","CORRECT",false,false,false,false,true,true
"alpha_binder_permutation/CORRECT/generated_cap003565.als","CORRECT",false,false,false,false,true,true
"alpha_binder_permutation/CORRECT/generated_cap003566.als","CORRECT",false,true,false,true,true,true
"alpha_binder_permutation/CORRECT/generated_cap003567.als","CORRECT",false,false,false,false,true,true
"alpha_binder_permutation/CORRECT/generated_cap003568.als","CORRECT",false,false,false,false,true,true
"alpha_binder_permutation/CORRECT/generated_cap003569.als","CORRECT",false,false,false,false,true,true
"alpha_binder_permutation/CORRECT/generated_cap003570.als","CORRECT",false,false,false,false,true,true
"alpha_binder_permutation/CORRECT/generated_cap003571.als","CORRECT",false,false,false,false,true,true
"alpha_binder_permutation/CORRECT/generated_cap003572.als","CORRECT",false,false,false,false,true,true
"alpha_binder_permutation/CORRECT/generated_cap003573.als","CORRECT",false,false,false,false,true,true
"alpha_binder_permutation/CORRECT/generated_cap003574.als","CORRECT",false,false,false,false,true,true
"alpha_binder_permutation/CORRECT/generated_cap003575.als","CORRECT",false,false,false,false,true,true
"alpha_binder_permutation/CORRECT/generated_cap003576.als","CORRECT",false,false,false,false,true,true
"alpha_binder_permutation/CORRECT/generated_cap003577.als","CORRECT",false,false,false,false,true,true
"alpha_binder_permutation/CORRECT/generated_cap003578.als","CORRECT",false,false,false,false,true,true
"alpha_binder_permutation/CORRECT/generated_cap003579.als","CORRECT",false,false,false,false,true,true
"alpha_binder_permutation/CORRECT/generated_cap003580.als","CORRECT",false,false,false,false,true,true
"alpha_binder_permutation/CORRECT/generated_cap003581.als","CORRECT",false,false,false,false,true,true
"alpha_binder_permutation/CORRECT/generated_cap003582.als","CORRECT",false,false,false,false,true,true
"alpha_binder_permutation/CORRECT/generated_cap003583.als","CORRECT",false,false,false,false,true,true
"alpha_binder_permutation/CORRECT/generated_cap003584.als","CORRECT",false,false,false,false,true,true
"alpha_binder_permutation/CORRECT/generated_cap003585.als","CORRECT",false,false,false,false,true,true
"alpha_binder_permutation/CORRECT/generated_cap003586.als","CORRECT",false,false,false,false,true,true
"alpha_binder_permutation/CORRECT/generated_cap003587.als","CORRECT",false,false,false,false,true,true
"alpha_binder_permutation/CORRECT/generated_cap003588.als","CORRECT",false,false,false,false,true,true
"alpha_binder_permutation/CORRECT/generated_cap003589.als","CORRECT",false,false,false,false,true,true
"alpha_binder_permutation/CORRECT/generated_cap003590.als","CORRECT",false,true,false,true,true,true
"alpha_binder_permutation/CORRECT/generated_cap003591.als","CORRECT",false,true,false,true,true,true
"alpha_binder_permutation/CORRECT/generated_cap003592.als","CORRECT",false,false,false,false,true,true
"alpha_binder_permutation/CORRECT/generated_cap003593.als","CORRECT",false,false,false,false,true,true
"alpha_binder_permutation/CORRECT/generated_cap003594.als","CORRECT",false,true,false,true,true,true
"alpha_binder_permutation/CORRECT/generated_cap003595.als","CORRECT",false,false,false,false,true,true
"alpha_binder_permutation/CORRECT/generated_cap003596.als","CORRECT",false,false,false,false,true,true
"alpha_binder_permutation/CORRECT/generated_cap003597.als","CORRECT",false,false,false,false,true,true
"alpha_binder_permutation/CORRECT/generated_cap003598.als","CORRECT",false,false,false,false,true,true
"alpha_binder_permutation/CORRECT/generated_cap003599.als","CORRECT",false,false,false,false,true,true
"alpha_binder_permutation/CORRECT/generated_cap003600.als","CORRECT",false,false,false,false,true,true
"alpha_binder_permutation/CORRECT/generated_cap003601.als","CORRECT",false,false,false,false,true,true
"alpha_binder_permutation/CORRECT/generated_cap003602.als","CORRECT",false,false,false,false,true,true
"alpha_binder_permutation/CORRECT/generated_cap003603.als","CORRECT",false,false,false,false,true,true
"alpha_binder_permutation/CORRECT/generated_cap003604.als","CORRECT",false,false,false,false,true,true
"alpha_binder_permutation/CORRECT/generated_cap003605.als","CORRECT",false,false,false,false,true,true
"alpha_binder_permutation/CORRECT/generated_cap003606.als","CORRECT",false,false,false,false,true,true
"alpha_binder_permutation/CORRECT/generated_cap003607.als","CORRECT",false,false,false,false,true,true
"alpha_binder_permutation/CORRECT/generated_cap003608.als","CORRECT",false,false,false,false,true,true
"alpha_binder_permutation/CORRECT/generated_cap003609.als","CORRECT",false,false,false,false,true,true
"alpha_binder_permutation/CORRECT/generated_cap003610.als","CORRECT",false,false,false,false,true,true
"alpha_binder_permutation/CORRECT/generated_cap003611.als","CORRECT",false,false,false,false,true,true
"alpha_binder_permutation/CORRECT/generated_cap003612.als","CORRECT",false,false,false,false,true,true
"alpha_binder_permutation/CORRECT/generated_cap003613.als","CORRECT",false,false,false,false,true,true
"alpha_binder_permutation/CORRECT/generated_cap003614.als","CORRECT",false,false,false,false,true,true
"alpha_binder_permutation/CORRECT/generated_cap003615.als","CORRECT",false,false,false,false,true,true
"alpha_binder_permutation/CORRECT/generated_cap003616.als","CORRECT",false,false,false,false,true,true
"alpha_binder_permutation/CORRECT/generated_cap003617.als","CORRECT",false,false,false,false,true,true
"alpha_binder_permutation/CORRECT/generated_cap003618.als","CORRECT",false,false,false,false,true,true
"alpha_binder_permutation/CORRECT/generated_cap003619.als","CORRECT",false,false,false,false,true,true
"alpha_binder_permutation/CORRECT/generated_cap003620.als","CORRECT",false,false,false,false,true,true
"alpha_binder_permutation/CORRECT/generated_cap003621.als","CORRECT",false,false,false,false,true,true
"alpha_binder_permutation/CORRECT/generated_cap003622.als","CORRECT",false,false,false,false,true,true
"alpha_binder_permutation/CORRECT/generated_cap003623.als","CORRECT",false,false,false,false,true,true
"alpha_binder_permutation/CORRECT/generated_cap003624.als","CORRECT",false,false,false,false,true,true
"alpha_binder_permutation/CORRECT/generated_cap003625.als","CORRECT",false,false,false,false,true,true
"alpha_binder_permutation/CORRECT/generated_cap003626.als","CORRECT",false,false,false,false,true,true
"alpha_binder_permutation/CORRECT/generated_cap003627.als","CORRECT",false,false,false,false,true,true
"alpha_binder_permutation/CORRECT/generated_cap003628.als","CORRECT",false,false,false,false,true,true
"alpha_binder_permutation/CORRECT/generated_cap003629.als","CORRECT",false,false,false,false,true,true
"alpha_binder_permutation/CORRECT/generated_cap003630.als","CORRECT",false,true,false,true,true,true
"alpha_binder_permutation/CORRECT/generated_cap003631.als","CORRECT",false,false,false,false,true,true
"alpha_binder_permutation/CORRECT/generated_cap003632.als","CORRECT",false,false,false,false,true,true
"alpha_binder_permutation/CORRECT/generated_cap003633.als","CORRECT",false,false,false,false,true,true
"alpha_binder_permutation/CORRECT/generated_cap003634.als","CORRECT",false,true,false,true,true,true
"alpha_binder_permutation/CORRECT/generated_cap003635.als","CORRECT",false,false,false,false,true,true
"alpha_binder_permutation/CORRECT/generated_cap003636.als","CORRECT",false,false,false,false,true,true
"alpha_binder_permutation/CORRECT/generated_cap003637.als","CORRECT",false,false,false,false,true,true
"alpha_binder_permutation/CORRECT/generated_cap003638.als","CORRECT",false,false,false,false,true,true
"alpha_binder_permutation/CORRECT/generated_cap003639.als","CORRECT",false,false,false,false,true,true
"alpha_binder_permutation/CORRECT/generated_cap003640.als","CORRECT",false,false,false,false,true,true
"alpha_binder_permutation/CORRECT/generated_cap003641.als","CORRECT",false,false,false,false,true,true
"alpha_binder_permutation/CORRECT/generated_cap003642.als","CORRECT",false,false,false,false,true,true
"alpha_binder_permutation/CORRECT/generated_cap003643.als","CORRECT",false,false,false,false,true,true
"alpha_binder_permutation/CORRECT/generated_cap003644.als","CORRECT",false,false,false,false,true,true
"alpha_binder_permutation/CORRECT/generated_cap003645.als","CORRECT",false,false,false,false,true,true
"alpha_binder_permutation/CORRECT/generated_cap003646.als","CORRECT",false,false,false,false,true,true
"alpha_binder_permutation/CORRECT/generated_cap003647.als","CORRECT",false,false,false,false,true,true
"alpha_binder_permutation/CORRECT/generated_cap003648.als","CORRECT",false,false,false,false,true,true
"alpha_binder_permutation/CORRECT/generated_cap003649.als","CORRECT",false,false,false,false,true,true
"alpha_binder_permutation/CORRECT/generated_cap003650.als","CORRECT",false,false,false,false,true,true
"alpha_binder_permutation/CORRECT/generated_cap003651.als","CORRECT",false,false,false,false,true,true
"alpha_binder_permutation/CORRECT/generated_cap003652.als","CORRECT",false,false,false,false,true,true
"alpha_binder_permutation/CORRECT/generated_cap003653.als","CORRECT",false,false,false,false,true,true
"alpha_binder_permutation/CORRECT/generated_cap003654.als","CORRECT",false,false,false,false,true,true
"alpha_binder_permutation/CORRECT/generated_cap003655.als","CORRECT",false,false,false,false,true,true
"alpha_binder_permutation/CORRECT/generated_cap003656.als","CORRECT",false,false,false,false,true,true
"alpha_binder_permutation/CORRECT/generated_cap003657.als","CORRECT",false,false,false,false,true,true
"alpha_binder_permutation/CORRECT/generated_cap003658.als","CORRECT",false,false,false,false,true,true
"alpha_binder_permutation/CORRECT/generated_cap003659.als","CORRECT",false,false,false,false,true,true
"alpha_binder_permutation/CORRECT/generated_cap003660.als","CORRECT",false,false,false,false,true,true
"alpha_binder_permutation/CORRECT/generated_cap003661.als","CORRECT",false,false,false,false,true,true
"alpha_binder_permutation/CORRECT/generated_cap003662.als","CORRECT",false,false,false,false,true,true
"alpha_binder_permutation/CORRECT/generated_cap003663.als","CORRECT",false,false,false,false,true,true
"alpha_binder_permutation/CORRECT/generated_cap003664.als","CORRECT",false,false,false,false,true,true
"alpha_binder_permutation/CORRECT/generated_cap003665.als","CORRECT",false,false,false,false,true,true
"alpha_binder_permutation/CORRECT/generated_cap003666.als","CORRECT",false,false,false,false,true,true
"alpha_binder_permutation/CORRECT/generated_cap003667.als","CORRECT",false,false,false,false,true,true
"alpha_binder_permutation/CORRECT/generated_cap003668.als","CORRECT",false,false,false,false,true,true
"alpha_binder_permutation/CORRECT/generated_cap003669.als","CORRECT",false,false,false,false,true,true
"alpha_binder_permutation/CORRECT/generated_cap003670.als","CORRECT",false,false,false,false,true,true
"alpha_binder_permutation/CORRECT/generated_cap003671.als","CORRECT",false,false,false,false,true,true
"alpha_binder_permutation/CORRECT/generated_cap003672.als","CORRECT",false,false,false,false,true,true
"alpha_binder_permutation/CORRECT/generated_cap003673.als","CORRECT",false,false,false,false,true,true
"alpha_binder_permutation/CORRECT/generated_cap003674.als","CORRECT",false,false,false,false,true,true
"alpha_binder_permutation/CORRECT/generated_cap003675.als","CORRECT",false,false,false,false,true,true
"alpha_binder_permutation/CORRECT/generated_cap003676.als","CORRECT",false,false,false,false,true,true
"alpha_binder_permutation/CORRECT/generated_cap003677.als","CORRECT",false,false,false,false,true,true
"alpha_binder_permutation/CORRECT/generated_cap003678.als","CORRECT",false,false,false,false,true,true
"alpha_binder_permutation/CORRECT/generated_cap003679.als","CORRECT",false,false,false,false,true,true
"alpha_binder_permutation/CORRECT/generated_cap003680.als","CORRECT",false,false,false,false,true,true
"alpha_binder_permutation/CORRECT/generated_cap003681.als","CORRECT",false,false,false,false,true,true
"alpha_binder_permutation/CORRECT/generated_cap003682.als","CORRECT",false,false,false,false,true,true
"alpha_binder_permutation/CORRECT/generated_cap003683.als","CORRECT",false,false,false,false,true,true
"alpha_binder_permutation/CORRECT/generated_cap003684.als","CORRECT",false,false,false,false,true,true
"alpha_binder_permutation/CORRECT/generated_cap003685.als","CORRECT",false,false,false,false,true,true
"alpha_binder_permutation/CORRECT/generated_cap003686.als","CORRECT",false,false,false,false,true,true
"alpha_binder_permutation/CORRECT/generated_cap003687.als","CORRECT",false,false,false,false,true,true
"alpha_binder_permutation/CORRECT/generated_cap003688.als","CORRECT",false,false,false,false,true,true
"alpha_binder_permutation/CORRECT/generated_cap003689.als","CORRECT",false,false,false,false,true,true
"alpha_binder_permutation/CORRECT/generated_cap003690.als","CORRECT",false,false,false,false,true,true
"alpha_binder_permutation/CORRECT/generated_cap003691.als","CORRECT",false,false,false,false,true,true
"alpha_binder_permutation/CORRECT/generated_cap003692.als","CORRECT",false,false,false,false,true,true
"alpha_binder_permutation/CORRECT/generated_cap003693.als","CORRECT",false,false,false,false,true,true
"alpha_binder_permutation/CORRECT/generated_cap003694.als","CORRECT",false,true,false,true,true,true
"alpha_binder_permutation/CORRECT/generated_cap003695.als","CORRECT",false,false,false,false,true,true
"alpha_binder_permutation/CORRECT/generated_cap003696.als","CORRECT",false,false,false,false,true,true
"alpha_binder_permutation/CORRECT/generated_cap003697.als","CORRECT",false,false,false,false,true,true
"alpha_binder_permutation/CORRECT/generated_cap003698.als","CORRECT",false,false,false,false,true,true
"alpha_binder_permutation/CORRECT/generated_cap003699.als","CORRECT",false,false,false,false,true,true
"alpha_binder_permutation/CORRECT/generated_cap003700.als","CORRECT",false,false,false,false,true,true
"alpha_binder_permutation/CORRECT/generated_cap003701.als","CORRECT",false,false,false,false,true,true
"alpha_binder_permutation/CORRECT/generated_cap003702.als","CORRECT",false,true,false,true,true,true
"alpha_binder_permutation/CORRECT/generated_cap003703.als","CORRECT",false,false,false,false,true,true
"alpha_binder_permutation/CORRECT/generated_cap003704.als","CORRECT",false,false,false,false,true,true
"alpha_binder_permutation/CORRECT/generated_cap003705.als","CORRECT",false,false,false,false,true,true
"alpha_binder_permutation/CORRECT/generated_cap003706.als","CORRECT",false,true,false,true,true,true
"alpha_binder_permutation/CORRECT/generated_cap003707.als","CORRECT",false,false,false,false,true,true
"alpha_binder_permutation/CORRECT/generated_cap003708.als","CORRECT",false,false,false,false,true,true
"alpha_binder_permutation/CORRECT/generated_cap003709.als","CORRECT",false,false,false,false,true,true
"alpha_binder_permutation/CORRECT/generated_cap003710.als","CORRECT",false,false,false,false,true,true
"alpha_binder_permutation/CORRECT/generated_cap003711.als","CORRECT",false,false,false,false,true,true
"alpha_binder_permutation/CORRECT/generated_cap003712.als","CORRECT",false,false,false,false,true,true
"alpha_binder_permutation/CORRECT/generated_cap003713.als","CORRECT",false,false,false,false,true,true
"alpha_binder_permutation/CORRECT/generated_cap003714.als","CORRECT",false,false,false,false,true,true
"alpha_binder_permutation/CORRECT/generated_cap003715.als","CORRECT",false,false,false,false,true,true
"alpha_binder_permutation/CORRECT/generated_cap003716.als","CORRECT",false,false,false,false,true,true
"alpha_binder_permutation/CORRECT/generated_cap003717.als","CORRECT",false,false,false,false,true,true
"alpha_binder_permutation/CORRECT/generated_cap003718.als","CORRECT",false,false,false,false,true,true
"alpha_binder_permutation/CORRECT/generated_cap003719.als","CORRECT",false,false,false,false,true,true
"alpha_binder_permutation/CORRECT/generated_cap003720.als","CORRECT",false,false,false,false,true,true
"alpha_binder_permutation/CORRECT/generated_cap003721.als","CORRECT",false,false,false,false,true,true
"alpha_binder_permutation/CORRECT/generated_cap003722.als","CORRECT",false,false,false,false,true,true
"alpha_binder_permutation/CORRECT/generated_cap003723.als","CORRECT",false,false,false,false,true,true
"alpha_binder_permutation/CORRECT/generated_cap003724.als","CORRECT",false,false,false,false,true,true
"alpha_binder_permutation/CORRECT/generated_cap003725.als","CORRECT",false,false,false,false,true,true
"alpha_binder_permutation/CORRECT/generated_cap003726.als","CORRECT",false,false,false,false,true,true
"alpha_binder_permutation/CORRECT/generated_cap003727.als","CORRECT",false,false,false,false,true,true
"alpha_binder_permutation/CORRECT/generated_cap003728.als","CORRECT",false,false,false,false,true,true
"alpha_binder_permutation/CORRECT/generated_cap003729.als","CORRECT",false,false,false,false,true,true
"alpha_binder_permutation/CORRECT/generated_cap003730.als","CORRECT",false,false,false,false,true,true
"alpha_binder_permutation/CORRECT/generated_cap003731.als","CORRECT",false,false,false,false,true,true
"alpha_binder_permutation/CORRECT/generated_cap003732.als","CORRECT",false,false,false,false,true,true
"alpha_binder_permutation/CORRECT/generated_cap003733.als","CORRECT",false,false,false,false,true,true
"alpha_binder_permutation/CORRECT/generated_cap003734.als","CORRECT",false,false,false,false,true,true
"alpha_binder_permutation/CORRECT/generated_cap003735.als","CORRECT",false,false,false,false,true,true
"alpha_binder_permutation/CORRECT/generated_cap003736.als","CORRECT",false,false,false,false,true,true
"alpha_binder_permutation/CORRECT/generated_cap003737.als","CORRECT",false,false,false,false,true,true
"alpha_binder_permutation/CORRECT/generated_cap003738.als","CORRECT",false,false,false,false,true,true
"alpha_binder_permutation/CORRECT/generated_cap003739.als","CORRECT",false,false,false,false,true,true
"alpha_binder_permutation/CORRECT/generated_cap003740.als","CORRECT",false,false,false,false,true,true
"alpha_binder_permutation/CORRECT/generated_cap003741.als","CORRECT",false,false,false,false,true,true
"alpha_binder_permutation/CORRECT/generated_cap003742.als","CORRECT",false,false,false,false,true,true
"alpha_binder_permutation/CORRECT/generated_cap003743.als","CORRECT",false,false,false,false,true,true
"alpha_binder_permutation/CORRECT/generated_cap003744.als","CORRECT",false,false,false,false,true,true
"alpha_binder_permutation/CORRECT/generated_cap003745.als","CORRECT",false,false,false,false,true,true
"alpha_binder_permutation/CORRECT/generated_cap003746.als","CORRECT",false,false,false,false,true,true
"alpha_binder_permutation/CORRECT/generated_cap003747.als","CORRECT",false,false,false,false,true,true
"alpha_binder_permutation/CORRECT/generated_cap003748.als","CORRECT",false,false,false,false,true,true
"alpha_binder_permutation/CORRECT/generated_cap003749.als","CORRECT",false,false,false,false,true,true
"alpha_binder_permutation/CORRECT/generated_cap003750.als","CORRECT",false,false,false,false,true,true
"alpha_binder_permutation/CORRECT/generated_cap003751.als","CORRECT",false,false,false,false,true,true
"alpha_binder_permutation/CORRECT/generated_cap003752.als","CORRECT",false,false,false,false,true,true
"alpha_binder_permutation/CORRECT/generated_cap003753.als","CORRECT",false,false,false,false,true,true
"alpha_binder_permutation/CORRECT/generated_cap003754.als","CORRECT",false,false,false,false,true,true
"alpha_binder_permutation/CORRECT/generated_cap003755.als","CORRECT",false,false,false,false,true,true
"alpha_binder_permutation/CORRECT/generated_cap003756.als","CORRECT",false,false,false,false,true,true
"alpha_binder_permutation/CORRECT/generated_cap003757.als","CORRECT",false,false,false,false,true,true
"alpha_binder_permutation/CORRECT/generated_cap003758.als","CORRECT",false,true,false,true,true,true
"alpha_binder_permutation/CORRECT/generated_cap003759.als","CORRECT",false,false,false,false,true,true
"alpha_binder_permutation/CORRECT/generated_cap003760.als","CORRECT",false,false,false,false,true,true
"alpha_binder_permutation/CORRECT/generated_cap003761.als","CORRECT",false,false,false,false,true,true
"alpha_binder_permutation/CORRECT/generated_cap003762.als","CORRECT",false,false,false,false,true,true
"alpha_binder_permutation/CORRECT/generated_cap003763.als","CORRECT",false,false,false,false,true,true
"alpha_binder_permutation/CORRECT/generated_cap003764.als","CORRECT",false,false,false,false,true,true
"alpha_binder_permutation/CORRECT/generated_cap003765.als","CORRECT",false,false,false,false,true,true
"alpha_binder_permutation/CORRECT/generated_cap003766.als","CORRECT",false,false,false,false,true,true
"alpha_binder_permutation/CORRECT/generated_cap003767.als","CORRECT",false,false,false,false,true,true
"alpha_binder_permutation/CORRECT/generated_cap003768.als","CORRECT",false,false,false,false,true,true
"alpha_binder_permutation/CORRECT/generated_cap003769.als","CORRECT",false,false,false,false,true,true
"alpha_binder_permutation/CORRECT/generated_cap003770.als","CORRECT",false,false,false,false,true,true
"alpha_binder_permutation/CORRECT/generated_cap003771.als","CORRECT",false,false,false,false,true,true
"alpha_binder_permutation/CORRECT/generated_cap003772.als","CORRECT",false,false,false,false,true,true
"alpha_binder_permutation/CORRECT/generated_cap003773.als","CORRECT",false,false,false,false,true,true
"alpha_binder_permutation/CORRECT/generated_cap003774.als","CORRECT",false,false,false,false,true,true
"alpha_binder_permutation/CORRECT/generated_cap003775.als","CORRECT",false,false,false,false,true,true
"alpha_binder_permutation/CORRECT/generated_cap003776.als","CORRECT",false,false,false,false,true,true
"alpha_binder_permutation/CORRECT/generated_cap003777.als","CORRECT",false,false,false,false,true,true
"alpha_binder_permutation/CORRECT/generated_cap003778.als","CORRECT",false,false,false,false,true,true
"alpha_binder_permutation/CORRECT/generated_cap003779.als","CORRECT",false,false,false,false,true,true
"alpha_binder_permutation/CORRECT/generated_cap003780.als","CORRECT",false,false,false,false,true,true
"alpha_binder_permutation/CORRECT/generated_cap003781.als","CORRECT",false,false,false,false,true,true
"alpha_binder_permutation/CORRECT/generated_cap003782.als","CORRECT",false,false,false,false,true,true
"alpha_binder_permutation/CORRECT/generated_cap003783.als","CORRECT",false,false,false,false,true,true
"alpha_binder_permutation/CORRECT/generated_cap003784.als","CORRECT",false,false,false,false,true,true
"alpha_binder_permutation/CORRECT/generated_cap003785.als","CORRECT",false,false,false,false,true,true
"alpha_binder_permutation/CORRECT/generated_cap003786.als","CORRECT",false,false,false,false,true,true
"alpha_binder_permutation/CORRECT/generated_cap003787.als","CORRECT",false,false,false,false,true,true
"alpha_binder_permutation/CORRECT/generated_cap003788.als","CORRECT",false,false,false,false,true,true
"alpha_binder_permutation/CORRECT/generated_cap003789.als","CORRECT",false,false,false,false,true,true
"alpha_binder_permutation/CORRECT/generated_cap003790.als","CORRECT",false,false,false,false,true,true
"alpha_binder_permutation/CORRECT/generated_cap003791.als","CORRECT",false,false,false,false,true,true
"alpha_binder_permutation/CORRECT/generated_cap003792.als","CORRECT",false,false,false,false,true,true
"alpha_binder_permutation/CORRECT/generated_cap003793.als","CORRECT",false,false,false,false,true,true
"alpha_binder_permutation/CORRECT/generated_cap003794.als","CORRECT",false,false,false,false,true,true
"alpha_binder_permutation/CORRECT/generated_cap003795.als","CORRECT",false,false,false,false,true,true
"alpha_binder_permutation/CORRECT/generated_cap003796.als","CORRECT",false,false,false,false,true,true
"alpha_binder_permutation/CORRECT/generated_cap003797.als","CORRECT",false,false,false,false,true,true
"alpha_binder_permutation/CORRECT/generated_cap003798.als","CORRECT",false,false,false,false,true,true
"alpha_binder_permutation/CORRECT/generated_cap003799.als","CORRECT",false,false,false,false,true,true
"alpha_binder_permutation/CORRECT/generated_cap003800.als","CORRECT",false,false,false,false,true,true
"alpha_binder_permutation/CORRECT/generated_cap003801.als","CORRECT",false,false,false,false,true,true
"alpha_binder_permutation/CORRECT/generated_cap003802.als","CORRECT",false,false,false,false,true,true
"alpha_binder_permutation/CORRECT/generated_cap003803.als","CORRECT",false,false,false,false,true,true
"alpha_binder_permutation/CORRECT/generated_cap003804.als","CORRECT",false,false,false,false,true,true
"alpha_binder_permutation/CORRECT/generated_cap003805.als","CORRECT",false,false,false,false,true,true
"alpha_binder_permutation/CORRECT/generated_cap003806.als","CORRECT",false,false,false,false,true,true
"alpha_binder_permutation/CORRECT/generated_cap003807.als","CORRECT",false,false,false,false,true,true
"alpha_binder_permutation/CORRECT/generated_cap003808.als","CORRECT",false,false,false,false,true,true
"alpha_binder_permutation/CORRECT/generated_cap003809.als","CORRECT",false,false,false,false,true,true
"alpha_binder_permutation/CORRECT/generated_cap003810.als","CORRECT",false,false,false,false,true,true
"alpha_binder_permutation/CORRECT/generated_cap003811.als","CORRECT",false,false,false,false,true,true
"alpha_binder_permutation/CORRECT/generated_cap003812.als","CORRECT",false,false,false,false,true,true
"alpha_binder_permutation/CORRECT/generated_cap003813.als","CORRECT",false,false,false,false,true,true
"alpha_binder_permutation/CORRECT/generated_cap003814.als","CORRECT",false,false,false,false,true,true
"alpha_binder_permutation/CORRECT/generated_cap003815.als","CORRECT",false,false,false,false,true,true
"alpha_binder_permutation/CORRECT/generated_cap003816.als","CORRECT",false,false,false,false,true,true
"alpha_binder_permutation/CORRECT/generated_cap003817.als","CORRECT",false,false,false,false,true,true
"alpha_binder_permutation/CORRECT/generated_cap003818.als","CORRECT",false,false,false,false,true,true
"alpha_binder_permutation/CORRECT/generated_cap003819.als","CORRECT",false,false,false,false,true,true
"alpha_binder_permutation/CORRECT/generated_cap003820.als","CORRECT",false,false,false,false,true,true
"alpha_binder_permutation/CORRECT/generated_cap003821.als","CORRECT",false,false,false,false,true,true
"alpha_binder_permutation/CORRECT/generated_cap003822.als","CORRECT",false,true,false,true,true,true
"alpha_binder_permutation/CORRECT/generated_cap003823.als","CORRECT",false,false,false,false,true,true
"alpha_binder_permutation/CORRECT/generated_cap003824.als","CORRECT",false,false,false,false,true,true
"alpha_binder_permutation/CORRECT/generated_cap003825.als","CORRECT",false,false,false,false,true,true
"alpha_binder_permutation/CORRECT/generated_cap003826.als","CORRECT",false,false,false,false,true,true
"alpha_binder_permutation/CORRECT/generated_cap003827.als","CORRECT",false,false,false,false,true,true
"alpha_binder_permutation/CORRECT/generated_cap003828.als","CORRECT",false,false,false,false,true,true
"alpha_binder_permutation/CORRECT/generated_cap003829.als","CORRECT",false,false,false,false,true,true
"alpha_binder_permutation/CORRECT/generated_cap003830.als","CORRECT",false,false,false,false,true,true
"alpha_binder_permutation/CORRECT/generated_cap003831.als","CORRECT",false,false,false,false,true,true
"alpha_binder_permutation/CORRECT/generated_cap003832.als","CORRECT",false,false,false,false,true,true
"alpha_binder_permutation/CORRECT/generated_cap003833.als","CORRECT",false,false,false,false,true,true
"alpha_binder_permutation/CORRECT/generated_cap003834.als","CORRECT",false,false,false,false,true,true
"alpha_binder_permutation/CORRECT/generated_cap003835.als","CORRECT",false,false,false,false,true,true
"alpha_binder_permutation/CORRECT/generated_cap003836.als","CORRECT",false,false,false,false,true,true
"alpha_binder_permutation/CORRECT/generated_cap003837.als","CORRECT",false,false,false,false,true,true
"alpha_binder_permutation/CORRECT/generated_cap003838.als","CORRECT",false,false,false,false,true,true
"alpha_binder_permutation/CORRECT/generated_cap003839.als","CORRECT",false,false,false,false,true,true
"alpha_binder_permutation/CORRECT/generated_cap003840.als","CORRECT",false,false,false,false,true,true
"alpha_binder_permutation/CORRECT/generated_cap003841.als","CORRECT",false,false,false,false,true,true
"alpha_binder_permutation/CORRECT/generated_cap003842.als","CORRECT",false,false,false,false,true,true
"alpha_binder_permutation/CORRECT/generated_cap003843.als","CORRECT",false,false,false,false,true,true
"alpha_binder_permutation/CORRECT/generated_cap003844.als","CORRECT",false,false,false,false,true,true
"alpha_binder_permutation/CORRECT/generated_cap003845.als","CORRECT",false,false,false,false,true,true
"alpha_binder_permutation/CORRECT/generated_cap003846.als","CORRECT",false,false,false,false,true,true
"alpha_binder_permutation/CORRECT/generated_cap003847.als","CORRECT",false,false,false,false,true,true
"alpha_binder_permutation/CORRECT/generated_cap003848.als","CORRECT",false,false,false,false,true,true
"alpha_binder_permutation/CORRECT/generated_cap003849.als","CORRECT",false,false,false,false,true,true
"alpha_binder_permutation/CORRECT/generated_cap003850.als","CORRECT",false,false,false,false,true,true
"alpha_binder_permutation/CORRECT/generated_cap003851.als","CORRECT",false,false,false,false,true,true
"alpha_binder_permutation/CORRECT/generated_cap003852.als","CORRECT",false,false,false,false,true,true
"alpha_binder_permutation/CORRECT/generated_cap003853.als","CORRECT",false,false,false,false,true,true
"alpha_binder_permutation/CORRECT/generated_cap003854.als","CORRECT",false,false,false,false,true,true
"alpha_binder_permutation/CORRECT/generated_cap003855.als","CORRECT",false,false,false,false,true,true
"alpha_binder_permutation/CORRECT/generated_cap003856.als","CORRECT",false,false,false,false,true,true
"alpha_binder_permutation/CORRECT/generated_cap003857.als","CORRECT",false,false,false,false,true,true
"alpha_binder_permutation/CORRECT/generated_cap003858.als","CORRECT",false,false,false,false,true,true
"alpha_binder_permutation/CORRECT/generated_cap003859.als","CORRECT",false,false,false,false,true,true
"alpha_binder_permutation/CORRECT/generated_cap003860.als","CORRECT",false,false,false,false,true,true
"alpha_binder_permutation/CORRECT/generated_cap003861.als","CORRECT",false,false,false,false,true,true
"alpha_binder_permutation/CORRECT/generated_cap003862.als","CORRECT",false,false,false,false,true,true
"alpha_binder_permutation/CORRECT/generated_cap003863.als","CORRECT",false,false,false,false,true,true
"alpha_binder_permutation/CORRECT/generated_cap003864.als","CORRECT",false,false,false,false,true,true
"alpha_binder_permutation/CORRECT/generated_cap003865.als","CORRECT",false,false,false,false,true,true
"alpha_binder_permutation/CORRECT/generated_cap003866.als","CORRECT",false,false,false,false,true,true
"alpha_binder_permutation/CORRECT/generated_cap003867.als","CORRECT",false,false,false,false,true,true
"alpha_binder_permutation/CORRECT/generated_cap003868.als","CORRECT",false,false,false,false,true,true
"alpha_binder_permutation/CORRECT/generated_cap003869.als","CORRECT",false,false,false,false,true,true
"alpha_binder_permutation/CORRECT/generated_cap003870.als","CORRECT",false,false,false,false,true,true
"alpha_binder_permutation/CORRECT/generated_cap003871.als","CORRECT",false,false,false,false,true,true
"alpha_binder_permutation/CORRECT/generated_cap003872.als","CORRECT",false,false,false,false,true,true
"alpha_binder_permutation/CORRECT/generated_cap003873.als","CORRECT",false,false,false,false,true,true
"alpha_binder_permutation/CORRECT/generated_cap003874.als","CORRECT",false,false,false,false,true,true
"alpha_binder_permutation/CORRECT/generated_cap003875.als","CORRECT",false,false,false,false,true,true
"alpha_binder_permutation/CORRECT/generated_cap003876.als","CORRECT",false,false,false,false,true,true
"alpha_binder_permutation/CORRECT/generated_cap003877.als","CORRECT",false,false,false,false,true,true
"alpha_binder_permutation/CORRECT/generated_cap003878.als","CORRECT",false,false,false,false,true,true
"alpha_binder_permutation/CORRECT/generated_cap003879.als","CORRECT",false,false,false,false,true,true
"alpha_binder_permutation/CORRECT/generated_cap003880.als","CORRECT",false,false,false,false,true,true
"alpha_binder_permutation/CORRECT/generated_cap003881.als","CORRECT",false,false,false,false,true,true
"alpha_binder_permutation/CORRECT/generated_cap003882.als","CORRECT",false,false,false,false,true,true
"alpha_binder_permutation/CORRECT/generated_cap003883.als","CORRECT",false,false,false,false,true,true
"alpha_binder_permutation/CORRECT/generated_cap003884.als","CORRECT",false,false,false,false,true,true
"alpha_binder_permutation/CORRECT/generated_cap003885.als","CORRECT",false,false,false,false,true,true
"alpha_binder_permutation/CORRECT/generated_cap003886.als","CORRECT",false,true,false,true,true,true
"alpha_binder_permutation/CORRECT/generated_cap003887.als","CORRECT",false,false,false,false,true,true
"alpha_binder_permutation/CORRECT/generated_cap003888.als","CORRECT",false,false,false,false,true,true
"alpha_binder_permutation/CORRECT/generated_cap003889.als","CORRECT",false,false,false,false,true,true
"alpha_binder_permutation/CORRECT/generated_cap003890.als","CORRECT",false,false,false,false,true,true
"alpha_binder_permutation/CORRECT/generated_cap003891.als","CORRECT",false,false,false,false,true,true
"alpha_binder_permutation/CORRECT/generated_cap003892.als","CORRECT",false,false,false,false,true,true
"alpha_binder_permutation/CORRECT/generated_cap003893.als","CORRECT",false,false,false,false,true,true
"alpha_binder_permutation/CORRECT/generated_cap003894.als","CORRECT",false,false,false,false,true,true
"alpha_binder_permutation/CORRECT/generated_cap003895.als","CORRECT",false,false,false,false,true,true
"alpha_binder_permutation/CORRECT/generated_cap003896.als","CORRECT",false,false,false,false,true,true
"alpha_binder_permutation/CORRECT/generated_cap003897.als","CORRECT",false,false,false,false,true,true
"alpha_binder_permutation/CORRECT/generated_cap003898.als","CORRECT",false,false,false,false,true,true
"alpha_binder_permutation/CORRECT/generated_cap003899.als","CORRECT",false,false,false,false,true,true
"alpha_binder_permutation/CORRECT/generated_cap003900.als","CORRECT",false,false,false,false,true,true
"alpha_binder_permutation/CORRECT/generated_cap003901.als","CORRECT",false,false,false,false,true,true
"alpha_binder_permutation/CORRECT/generated_cap003902.als","CORRECT",false,false,false,false,true,true
"alpha_binder_permutation/CORRECT/generated_cap003903.als","CORRECT",false,false,false,false,true,true
"alpha_binder_permutation/CORRECT/generated_cap003904.als","CORRECT",false,false,false,false,true,true
"alpha_binder_permutation/CORRECT/generated_cap003905.als","CORRECT",false,false,false,false,true,true
"alpha_binder_permutation/CORRECT/generated_cap003906.als","CORRECT",false,false,false,false,true,true
"alpha_binder_permutation/CORRECT/generated_cap003907.als","CORRECT",false,false,false,false,true,true
"alpha_binder_permutation/CORRECT/generated_cap003908.als","CORRECT",false,false,false,false,true,true
"alpha_binder_permutation/CORRECT/generated_cap003909.als","CORRECT",false,false,false,false,true,true
"alpha_binder_permutation/CORRECT/generated_cap003910.als","CORRECT",false,false,false,false,true,true
"alpha_binder_permutation/CORRECT/generated_cap003911.als","CORRECT",false,false,false,false,true,true
"alpha_binder_permutation/CORRECT/generated_cap003912.als","CORRECT",false,false,false,false,true,true
"alpha_binder_permutation/CORRECT/generated_cap003913.als","CORRECT",false,false,false,false,true,true
"alpha_binder_permutation/CORRECT/generated_cap003914.als","CORRECT",false,false,false,false,true,true
"alpha_binder_permutation/CORRECT/generated_cap003915.als","CORRECT",false,false,false,false,true,true
"alpha_binder_permutation/CORRECT/generated_cap003916.als","CORRECT",false,false,false,false,true,true
"alpha_binder_permutation/CORRECT/generated_cap003917.als","CORRECT",false,false,false,false,true,true
"alpha_binder_permutation/CORRECT/generated_cap003918.als","CORRECT",false,false,false,false,true,true
"alpha_binder_permutation/CORRECT/generated_cap003919.als","CORRECT",false,false,false,false,true,true
"alpha_binder_permutation/CORRECT/generated_cap003920.als","CORRECT",false,false,false,false,true,true
"alpha_binder_permutation/CORRECT/generated_cap003921.als","CORRECT",false,false,false,false,true,true
"alpha_binder_permutation/CORRECT/generated_cap003922.als","CORRECT",false,false,false,false,true,true
"alpha_binder_permutation/CORRECT/generated_cap003923.als","CORRECT",false,false,false,false,true,true
"alpha_binder_permutation/CORRECT/generated_cap003924.als","CORRECT",false,false,false,false,true,true
"alpha_binder_permutation/CORRECT/generated_cap003925.als","CORRECT",false,false,false,false,true,true
"alpha_binder_permutation/CORRECT/generated_cap003926.als","CORRECT",false,false,false,false,true,true
"alpha_binder_permutation/CORRECT/generated_cap003927.als","CORRECT",false,false,false,false,true,true
"alpha_binder_permutation/CORRECT/generated_cap003928.als","CORRECT",false,false,false,false,true,true
"alpha_binder_permutation/CORRECT/generated_cap003929.als","CORRECT",false,false,false,false,true,true
"alpha_binder_permutation/CORRECT/generated_cap003930.als","CORRECT",false,false,false,false,true,true
"alpha_binder_permutation/CORRECT/generated_cap003931.als","CORRECT",false,false,false,false,true,true
"alpha_binder_permutation/CORRECT/generated_cap003932.als","CORRECT",false,false,false,false,true,true
"alpha_binder_permutation/CORRECT/generated_cap003933.als","CORRECT",false,false,false,false,true,true
"alpha_binder_permutation/CORRECT/generated_cap003934.als","CORRECT",false,false,false,false,true,true
"alpha_binder_permutation/CORRECT/generated_cap003935.als","CORRECT",false,false,false,false,true,true
"alpha_binder_permutation/CORRECT/generated_cap003936.als","CORRECT",false,false,false,false,true,true
"alpha_binder_permutation/CORRECT/generated_cap003937.als","CORRECT",false,false,false,false,true,true
"alpha_binder_permutation/CORRECT/generated_cap003938.als","CORRECT",false,false,false,false,true,true
"alpha_binder_permutation/CORRECT/generated_cap003939.als","CORRECT",false,false,false,false,true,true
"alpha_binder_permutation/CORRECT/generated_cap003940.als","CORRECT",false,false,false,false,true,true
"alpha_binder_permutation/CORRECT/generated_cap003941.als","CORRECT",false,false,false,false,true,true
"alpha_binder_permutation/CORRECT/generated_cap003942.als","CORRECT",false,false,false,false,true,true
"alpha_binder_permutation/CORRECT/generated_cap003943.als","CORRECT",false,false,false,false,true,true
"alpha_binder_permutation/CORRECT/generated_cap003944.als","CORRECT",false,false,false,false,true,true
"alpha_binder_permutation/CORRECT/generated_cap003945.als","CORRECT",false,false,false,false,true,true
"alpha_binder_permutation/CORRECT/generated_cap003946.als","CORRECT",false,false,false,false,true,true
"alpha_binder_permutation/CORRECT/generated_cap003947.als","CORRECT",false,false,false,false,true,true
"alpha_binder_permutation/CORRECT/generated_cap003948.als","CORRECT",false,false,false,false,true,true
"alpha_binder_permutation/CORRECT/generated_cap003949.als","CORRECT",false,false,false,false,true,true
"alpha_binder_permutation/CORRECT/generated_cap003950.als","CORRECT",false,true,false,true,true,true
"alpha_binder_permutation/CORRECT/generated_cap003951.als","CORRECT",false,false,false,false,true,true
"alpha_binder_permutation/CORRECT/generated_cap003952.als","CORRECT",false,false,false,false,true,true
"alpha_binder_permutation/CORRECT/generated_cap003953.als","CORRECT",false,false,false,false,true,true
"alpha_binder_permutation/CORRECT/generated_cap003954.als","CORRECT",false,false,false,false,true,true
"alpha_binder_permutation/CORRECT/generated_cap003955.als","CORRECT",false,false,false,false,true,true
"alpha_binder_permutation/CORRECT/generated_cap003956.als","CORRECT",false,false,false,false,true,true
"alpha_binder_permutation/CORRECT/generated_cap003957.als","CORRECT",false,false,false,false,true,true
"alpha_binder_permutation/CORRECT/generated_cap003958.als","CORRECT",false,false,false,false,true,true
"alpha_binder_permutation/CORRECT/generated_cap003959.als","CORRECT",false,false,false,false,true,true
"alpha_binder_permutation/CORRECT/generated_cap003960.als","CORRECT",false,false,false,false,true,true
"alpha_binder_permutation/CORRECT/generated_cap003961.als","CORRECT",false,false,false,false,true,true
"alpha_binder_permutation/CORRECT/generated_cap003962.als","CORRECT",false,false,false,false,true,true
"alpha_binder_permutation/CORRECT/generated_cap003963.als","CORRECT",false,false,false,false,true,true
"alpha_binder_permutation/CORRECT/generated_cap003964.als","CORRECT",false,false,false,false,true,true
"alpha_binder_permutation/CORRECT/generated_cap003965.als","CORRECT",false,false,false,false,true,true
"alpha_binder_permutation/CORRECT/generated_cap003966.als","CORRECT",false,false,false,false,true,true
"alpha_binder_permutation/CORRECT/generated_cap003967.als","CORRECT",false,false,false,false,true,true
"alpha_binder_permutation/CORRECT/generated_cap003968.als","CORRECT",false,false,false,false,true,true
"alpha_binder_permutation/CORRECT/generated_cap003969.als","CORRECT",false,false,false,false,true,true
"alpha_binder_permutation/CORRECT/generated_cap003970.als","CORRECT",false,false,false,false,true,true
"alpha_binder_permutation/CORRECT/generated_cap003971.als","CORRECT",false,false,false,false,true,true
"alpha_binder_permutation/CORRECT/generated_cap003972.als","CORRECT",false,false,false,false,true,true
"alpha_binder_permutation/CORRECT/generated_cap003973.als","CORRECT",false,false,false,false,true,true
"alpha_binder_permutation/CORRECT/generated_cap003974.als","CORRECT",false,false,false,false,true,true
"alpha_binder_permutation/CORRECT/generated_cap003975.als","CORRECT",false,false,false,false,true,true
"alpha_binder_permutation/CORRECT/generated_cap003976.als","CORRECT",false,false,false,false,true,true
"alpha_binder_permutation/CORRECT/generated_cap003977.als","CORRECT",false,false,false,false,true,true
"alpha_binder_permutation/CORRECT/generated_cap003978.als","CORRECT",false,false,false,false,true,true
"alpha_binder_permutation/CORRECT/generated_cap003979.als","CORRECT",false,false,false,false,true,true
"alpha_binder_permutation/CORRECT/generated_cap003980.als","CORRECT",false,false,false,false,true,true
"alpha_binder_permutation/CORRECT/generated_cap003981.als","CORRECT",false,false,false,false,true,true
"alpha_binder_permutation/CORRECT/generated_cap003982.als","CORRECT",false,false,false,false,true,true
"alpha_binder_permutation/CORRECT/generated_cap003983.als","CORRECT",false,false,false,false,true,true
"alpha_binder_permutation/CORRECT/generated_cap003984.als","CORRECT",false,false,false,false,true,true
"alpha_binder_permutation/CORRECT/generated_cap003985.als","CORRECT",false,false,false,false,true,true
"alpha_binder_permutation/CORRECT/generated_cap003986.als","CORRECT",false,false,false,false,true,true
"alpha_binder_permutation/CORRECT/generated_cap003987.als","CORRECT",false,false,false,false,true,true
"alpha_binder_permutation/CORRECT/generated_cap003988.als","CORRECT",false,false,false,false,true,true
"alpha_binder_permutation/CORRECT/generated_cap003989.als","CORRECT",false,false,false,false,true,true
"alpha_binder_permutation/CORRECT/generated_cap003990.als","CORRECT",false,false,false,false,true,true
"alpha_binder_permutation/CORRECT/generated_cap003991.als","CORRECT",false,false,false,false,true,true
"alpha_binder_permutation/CORRECT/generated_cap003992.als","CORRECT",false,false,false,false,true,true
"alpha_binder_permutation/CORRECT/generated_cap003993.als","CORRECT",false,false,false,false,true,true
"alpha_binder_permutation/CORRECT/generated_cap003994.als","CORRECT",false,false,false,false,true,true
"alpha_binder_permutation/CORRECT/generated_cap003995.als","CORRECT",false,false,false,false,true,true
"alpha_binder_permutation/CORRECT/generated_cap003996.als","CORRECT",false,false,false,false,true,true
"alpha_binder_permutation/CORRECT/generated_cap003997.als","CORRECT",false,false,false,false,true,true
"alpha_binder_permutation/CORRECT/generated_cap003998.als","CORRECT",false,false,false,false,true,true
"alpha_binder_permutation/CORRECT/generated_cap003999.als","CORRECT",false,false,false,false,true,true
"binder_permutation/CORRECT/generated_cap001000.als","CORRECT",false,false,false,false,true,true
"binder_permutation/CORRECT/generated_cap001001.als","CORRECT",false,false,false,false,true,true
"binder_permutation/CORRECT/generated_cap001002.als","CORRECT",false,true,false,true,true,true
"binder_permutation/CORRECT/generated_cap001003.als","CORRECT",false,false,false,false,true,true
"binder_permutation/CORRECT/generated_cap001004.als","CORRECT",false,false,false,false,true,true
"binder_permutation/CORRECT/generated_cap001005.als","CORRECT",false,false,false,false,true,true
"binder_permutation/CORRECT/generated_cap001006.als","CORRECT",false,false,false,false,true,true
"binder_permutation/CORRECT/generated_cap001007.als","CORRECT",false,false,false,false,true,true
"binder_permutation/CORRECT/generated_cap001008.als","CORRECT",false,false,false,false,true,true
"binder_permutation/CORRECT/generated_cap001009.als","CORRECT",false,false,false,false,true,true
"binder_permutation/CORRECT/generated_cap001010.als","CORRECT",false,true,false,true,true,true
"binder_permutation/CORRECT/generated_cap001011.als","CORRECT",false,false,false,false,true,true
"binder_permutation/CORRECT/generated_cap001012.als","CORRECT",false,false,false,false,true,true
"binder_permutation/CORRECT/generated_cap001013.als","CORRECT",false,false,false,false,true,true
"binder_permutation/CORRECT/generated_cap001014.als","CORRECT",false,false,false,false,true,true
"binder_permutation/CORRECT/generated_cap001015.als","CORRECT",false,false,false,false,true,true
"binder_permutation/CORRECT/generated_cap001016.als","CORRECT",false,false,false,false,true,true
"binder_permutation/CORRECT/generated_cap001017.als","CORRECT",false,false,false,false,true,true
"binder_permutation/CORRECT/generated_cap001018.als","CORRECT",false,true,false,true,true,true
"binder_permutation/CORRECT/generated_cap001019.als","CORRECT",false,false,false,false,true,true
"binder_permutation/CORRECT/generated_cap001020.als","CORRECT",false,false,false,false,true,true
"binder_permutation/CORRECT/generated_cap001021.als","CORRECT",false,false,false,false,true,true
"binder_permutation/CORRECT/generated_cap001022.als","CORRECT",false,true,false,true,true,true
"binder_permutation/CORRECT/generated_cap001023.als","CORRECT",false,false,false,false,true,true
"binder_permutation/CORRECT/generated_cap001024.als","CORRECT",false,false,false,false,true,true
"binder_permutation/CORRECT/generated_cap001025.als","CORRECT",false,false,false,false,true,true
"binder_permutation/CORRECT/generated_cap001026.als","CORRECT",false,true,false,true,true,true
"binder_permutation/CORRECT/generated_cap001027.als","CORRECT",false,false,false,false,true,true
"binder_permutation/CORRECT/generated_cap001028.als","CORRECT",false,false,false,false,true,true
"binder_permutation/CORRECT/generated_cap001029.als","CORRECT",false,false,false,false,true,true
"binder_permutation/CORRECT/generated_cap001030.als","CORRECT",false,false,false,false,true,true
"binder_permutation/CORRECT/generated_cap001031.als","CORRECT",false,false,false,false,true,true
"binder_permutation/CORRECT/generated_cap001032.als","CORRECT",false,false,false,false,true,true
"binder_permutation/CORRECT/generated_cap001033.als","CORRECT",false,false,false,false,true,true
"binder_permutation/CORRECT/generated_cap001034.als","CORRECT",false,true,false,true,true,true
"binder_permutation/CORRECT/generated_cap001035.als","CORRECT",false,false,false,false,true,true
"binder_permutation/CORRECT/generated_cap001036.als","CORRECT",false,false,false,false,true,true
"binder_permutation/CORRECT/generated_cap001037.als","CORRECT",false,false,false,false,true,true
"binder_permutation/CORRECT/generated_cap001038.als","CORRECT",false,false,false,false,true,true
"binder_permutation/CORRECT/generated_cap001039.als","CORRECT",false,false,false,false,true,true
"binder_permutation/CORRECT/generated_cap001040.als","CORRECT",false,false,false,false,true,true
"binder_permutation/CORRECT/generated_cap001041.als","CORRECT",false,false,false,false,true,true
"binder_permutation/CORRECT/generated_cap001042.als","CORRECT",false,true,false,true,true,true
"binder_permutation/CORRECT/generated_cap001043.als","CORRECT",false,false,false,false,true,true
"binder_permutation/CORRECT/generated_cap001044.als","CORRECT",false,false,false,false,true,true
"binder_permutation/CORRECT/generated_cap001045.als","CORRECT",false,false,false,false,true,true
"binder_permutation/CORRECT/generated_cap001046.als","CORRECT",false,false,false,false,true,true
"binder_permutation/CORRECT/generated_cap001047.als","CORRECT",false,false,false,false,true,true
"binder_permutation/CORRECT/generated_cap001048.als","CORRECT",false,false,false,false,true,true
"binder_permutation/CORRECT/generated_cap001049.als","CORRECT",false,false,false,false,true,true
"binder_permutation/CORRECT/generated_cap001050.als","CORRECT",false,true,false,true,true,true
"binder_permutation/CORRECT/generated_cap001051.als","CORRECT",false,false,false,false,true,true
"binder_permutation/CORRECT/generated_cap001052.als","CORRECT",false,false,false,false,true,true
"binder_permutation/CORRECT/generated_cap001053.als","CORRECT",false,false,false,false,true,true
"binder_permutation/CORRECT/generated_cap001054.als","CORRECT",false,false,false,false,true,true
"binder_permutation/CORRECT/generated_cap001055.als","CORRECT",false,false,false,false,true,true
"binder_permutation/CORRECT/generated_cap001056.als","CORRECT",false,false,false,false,true,true
"binder_permutation/CORRECT/generated_cap001057.als","CORRECT",false,false,false,false,true,true
"binder_permutation/CORRECT/generated_cap001058.als","CORRECT",false,true,false,true,true,true
"binder_permutation/CORRECT/generated_cap001059.als","CORRECT",false,false,false,false,true,true
"binder_permutation/CORRECT/generated_cap001060.als","CORRECT",false,false,false,false,true,true
"binder_permutation/CORRECT/generated_cap001061.als","CORRECT",false,false,false,false,true,true
"binder_permutation/CORRECT/generated_cap001062.als","CORRECT",false,false,false,false,true,true
"binder_permutation/CORRECT/generated_cap001063.als","CORRECT",false,false,false,false,true,true
"binder_permutation/CORRECT/generated_cap001064.als","CORRECT",false,false,false,false,true,true
"binder_permutation/CORRECT/generated_cap001065.als","CORRECT",false,false,false,false,true,true
"binder_permutation/CORRECT/generated_cap001066.als","CORRECT",false,true,false,true,true,true
"binder_permutation/CORRECT/generated_cap001067.als","CORRECT",false,false,false,false,true,true
"binder_permutation/CORRECT/generated_cap001068.als","CORRECT",false,false,false,false,true,true
"binder_permutation/CORRECT/generated_cap001069.als","CORRECT",false,false,false,false,true,true
"binder_permutation/CORRECT/generated_cap001070.als","CORRECT",false,false,false,false,true,true
"binder_permutation/CORRECT/generated_cap001071.als","CORRECT",false,false,false,false,true,true
"binder_permutation/CORRECT/generated_cap001072.als","CORRECT",false,false,false,false,true,true
"binder_permutation/CORRECT/generated_cap001073.als","CORRECT",false,false,false,false,true,true
"binder_permutation/CORRECT/generated_cap001074.als","CORRECT",false,false,false,false,true,true
"binder_permutation/CORRECT/generated_cap001075.als","CORRECT",false,false,false,false,true,true
"binder_permutation/CORRECT/generated_cap001076.als","CORRECT",false,false,false,false,true,true
"binder_permutation/CORRECT/generated_cap001077.als","CORRECT",false,false,false,false,true,true
"binder_permutation/CORRECT/generated_cap001078.als","CORRECT",false,false,false,false,true,true
"binder_permutation/CORRECT/generated_cap001079.als","CORRECT",false,false,false,false,true,true
"binder_permutation/CORRECT/generated_cap001080.als","CORRECT",false,false,false,false,true,true
"binder_permutation/CORRECT/generated_cap001081.als","CORRECT",false,false,false,false,true,true
"binder_permutation/CORRECT/generated_cap001082.als","CORRECT",false,false,false,false,true,true
"binder_permutation/CORRECT/generated_cap001083.als","CORRECT",false,false,false,false,true,true
"binder_permutation/CORRECT/generated_cap001084.als","CORRECT",false,false,false,false,true,true
"binder_permutation/CORRECT/generated_cap001085.als","CORRECT",false,false,false,false,true,true
"binder_permutation/CORRECT/generated_cap001086.als","CORRECT",false,false,false,false,true,true
"binder_permutation/CORRECT/generated_cap001087.als","CORRECT",false,false,false,false,true,true
"binder_permutation/CORRECT/generated_cap001088.als","CORRECT",false,false,false,false,true,true
"binder_permutation/CORRECT/generated_cap001089.als","CORRECT",false,false,false,false,true,true
"binder_permutation/CORRECT/generated_cap001090.als","CORRECT",false,true,false,true,true,true
"binder_permutation/CORRECT/generated_cap001092.als","CORRECT",false,false,false,false,true,true
"binder_permutation/CORRECT/generated_cap001093.als","CORRECT",false,false,false,false,true,true
"binder_permutation/CORRECT/generated_cap001094.als","CORRECT",false,true,false,true,true,true
"binder_permutation/CORRECT/generated_cap001095.als","CORRECT",false,false,false,false,true,true
"binder_permutation/CORRECT/generated_cap001096.als","CORRECT",false,false,false,false,true,true
"binder_permutation/CORRECT/generated_cap001097.als","CORRECT",false,false,false,false,true,true
"binder_permutation/CORRECT/generated_cap001098.als","CORRECT",false,false,false,false,true,true
"binder_permutation/CORRECT/generated_cap001099.als","CORRECT",false,false,false,false,true,true
"binder_permutation/CORRECT/generated_cap001100.als","CORRECT",false,false,false,false,true,true
"binder_permutation/CORRECT/generated_cap001101.als","CORRECT",false,false,false,false,true,true
"binder_permutation/CORRECT/generated_cap001102.als","CORRECT",false,false,false,false,true,true
"binder_permutation/CORRECT/generated_cap001103.als","CORRECT",false,false,false,false,true,true
"binder_permutation/CORRECT/generated_cap001104.als","CORRECT",false,false,false,false,true,true
"binder_permutation/CORRECT/generated_cap001105.als","CORRECT",false,false,false,false,true,true
"binder_permutation/CORRECT/generated_cap001106.als","CORRECT",false,false,false,false,true,true
"binder_permutation/CORRECT/generated_cap001107.als","CORRECT",false,false,false,false,true,true
"binder_permutation/CORRECT/generated_cap001108.als","CORRECT",false,false,false,false,true,true
"binder_permutation/CORRECT/generated_cap001109.als","CORRECT",false,false,false,false,true,true
"binder_permutation/CORRECT/generated_cap001110.als","CORRECT",false,false,false,false,true,true
"binder_permutation/CORRECT/generated_cap001111.als","CORRECT",false,false,false,false,true,true
"binder_permutation/CORRECT/generated_cap001112.als","CORRECT",false,false,false,false,true,true
"binder_permutation/CORRECT/generated_cap001113.als","CORRECT",false,false,false,false,true,true
"binder_permutation/CORRECT/generated_cap001114.als","CORRECT",false,false,false,false,true,true
"binder_permutation/CORRECT/generated_cap001115.als","CORRECT",false,false,false,false,true,true
"binder_permutation/CORRECT/generated_cap001116.als","CORRECT",false,false,false,false,true,true
"binder_permutation/CORRECT/generated_cap001117.als","CORRECT",false,false,false,false,true,true
"binder_permutation/CORRECT/generated_cap001118.als","CORRECT",false,false,false,false,true,true
"binder_permutation/CORRECT/generated_cap001119.als","CORRECT",false,false,false,false,true,true
"binder_permutation/CORRECT/generated_cap001120.als","CORRECT",false,false,false,false,true,true
"binder_permutation/CORRECT/generated_cap001121.als","CORRECT",false,false,false,false,true,true
"binder_permutation/CORRECT/generated_cap001122.als","CORRECT",false,false,false,false,true,true
"binder_permutation/CORRECT/generated_cap001123.als","CORRECT",false,false,false,false,true,true
"binder_permutation/CORRECT/generated_cap001124.als","CORRECT",false,false,false,false,true,true
"binder_permutation/CORRECT/generated_cap001125.als","CORRECT",false,false,false,false,true,true
"binder_permutation/CORRECT/generated_cap001126.als","CORRECT",false,false,false,false,true,true
"binder_permutation/CORRECT/generated_cap001127.als","CORRECT",false,false,false,false,true,true
"binder_permutation/CORRECT/generated_cap001128.als","CORRECT",false,false,false,false,true,true
"binder_permutation/CORRECT/generated_cap001129.als","CORRECT",false,false,false,false,true,true
"binder_permutation/CORRECT/generated_cap001130.als","CORRECT",false,true,false,true,true,true
"binder_permutation/CORRECT/generated_cap001131.als","CORRECT",false,false,false,false,true,true
"binder_permutation/CORRECT/generated_cap001132.als","CORRECT",false,false,false,false,true,true
"binder_permutation/CORRECT/generated_cap001133.als","CORRECT",false,false,false,false,true,true
"binder_permutation/CORRECT/generated_cap001134.als","CORRECT",false,true,false,true,true,true
"binder_permutation/CORRECT/generated_cap001135.als","CORRECT",false,false,false,false,true,true
"binder_permutation/CORRECT/generated_cap001136.als","CORRECT",false,false,false,false,true,true
"binder_permutation/CORRECT/generated_cap001137.als","CORRECT",false,false,false,false,true,true
"binder_permutation/CORRECT/generated_cap001138.als","CORRECT",false,false,false,false,true,true
"binder_permutation/CORRECT/generated_cap001139.als","CORRECT",false,false,false,false,true,true
"binder_permutation/CORRECT/generated_cap001140.als","CORRECT",false,false,false,false,true,true
"binder_permutation/CORRECT/generated_cap001141.als","CORRECT",false,false,false,false,true,true
"binder_permutation/CORRECT/generated_cap001142.als","CORRECT",false,false,false,false,true,true
"binder_permutation/CORRECT/generated_cap001143.als","CORRECT",false,false,false,false,true,true
"binder_permutation/CORRECT/generated_cap001144.als","CORRECT",false,false,false,false,true,true
"binder_permutation/CORRECT/generated_cap001145.als","CORRECT",false,false,false,false,true,true
"binder_permutation/CORRECT/generated_cap001146.als","CORRECT",false,false,false,false,true,true
"binder_permutation/CORRECT/generated_cap001147.als","CORRECT",false,false,false,false,true,true
"binder_permutation/CORRECT/generated_cap001148.als","CORRECT",false,false,false,false,true,true
"binder_permutation/CORRECT/generated_cap001149.als","CORRECT",false,false,false,false,true,true
"binder_permutation/CORRECT/generated_cap001150.als","CORRECT",false,false,false,false,true,true
"binder_permutation/CORRECT/generated_cap001151.als","CORRECT",false,false,false,false,true,true
"binder_permutation/CORRECT/generated_cap001152.als","CORRECT",false,false,false,false,true,true
"binder_permutation/CORRECT/generated_cap001153.als","CORRECT",false,false,false,false,true,true
"binder_permutation/CORRECT/generated_cap001154.als","CORRECT",false,false,false,false,true,true
"binder_permutation/CORRECT/generated_cap001155.als","CORRECT",false,false,false,false,true,true
"binder_permutation/CORRECT/generated_cap001156.als","CORRECT",false,false,false,false,true,true
"binder_permutation/CORRECT/generated_cap001157.als","CORRECT",false,false,false,false,true,true
"binder_permutation/CORRECT/generated_cap001158.als","CORRECT",false,false,false,false,true,true
"binder_permutation/CORRECT/generated_cap001159.als","CORRECT",false,false,false,false,true,true
"binder_permutation/CORRECT/generated_cap001160.als","CORRECT",false,false,false,false,true,true
"binder_permutation/CORRECT/generated_cap001161.als","CORRECT",false,false,false,false,true,true
"binder_permutation/CORRECT/generated_cap001162.als","CORRECT",false,false,false,false,true,true
"binder_permutation/CORRECT/generated_cap001163.als","CORRECT",false,false,false,false,true,true
"binder_permutation/CORRECT/generated_cap001164.als","CORRECT",false,false,false,false,true,true
"binder_permutation/CORRECT/generated_cap001165.als","CORRECT",false,false,false,false,true,true
"binder_permutation/CORRECT/generated_cap001166.als","CORRECT",false,false,false,false,true,true
"binder_permutation/CORRECT/generated_cap001167.als","CORRECT",false,false,false,false,true,true
"binder_permutation/CORRECT/generated_cap001168.als","CORRECT",false,false,false,false,true,true
"binder_permutation/CORRECT/generated_cap001169.als","CORRECT",false,false,false,false,true,true
"binder_permutation/CORRECT/generated_cap001170.als","CORRECT",false,false,false,false,true,true
"binder_permutation/CORRECT/generated_cap001171.als","CORRECT",false,false,false,false,true,true
"binder_permutation/CORRECT/generated_cap001172.als","CORRECT",false,false,false,false,true,true
"binder_permutation/CORRECT/generated_cap001173.als","CORRECT",false,false,false,false,true,true
"binder_permutation/CORRECT/generated_cap001174.als","CORRECT",false,false,false,false,true,true
"binder_permutation/CORRECT/generated_cap001175.als","CORRECT",false,false,false,false,true,true
"binder_permutation/CORRECT/generated_cap001176.als","CORRECT",false,false,false,false,true,true
"binder_permutation/CORRECT/generated_cap001177.als","CORRECT",false,false,false,false,true,true
"binder_permutation/CORRECT/generated_cap001178.als","CORRECT",false,false,false,false,true,true
"binder_permutation/CORRECT/generated_cap001179.als","CORRECT",false,false,false,false,true,true
"binder_permutation/CORRECT/generated_cap001180.als","CORRECT",false,false,false,false,true,true
"binder_permutation/CORRECT/generated_cap001181.als","CORRECT",false,false,false,false,true,true
"binder_permutation/CORRECT/generated_cap001182.als","CORRECT",false,false,false,false,true,true
"binder_permutation/CORRECT/generated_cap001183.als","CORRECT",false,false,false,false,true,true
"binder_permutation/CORRECT/generated_cap001184.als","CORRECT",false,false,false,false,true,true
"binder_permutation/CORRECT/generated_cap001185.als","CORRECT",false,false,false,false,true,true
"binder_permutation/CORRECT/generated_cap001186.als","CORRECT",false,false,false,false,true,true
"binder_permutation/CORRECT/generated_cap001187.als","CORRECT",false,false,false,false,true,true
"binder_permutation/CORRECT/generated_cap001188.als","CORRECT",false,false,false,false,true,true
"binder_permutation/CORRECT/generated_cap001189.als","CORRECT",false,false,false,false,true,true
"binder_permutation/CORRECT/generated_cap001190.als","CORRECT",false,false,false,false,true,true
"binder_permutation/CORRECT/generated_cap001191.als","CORRECT",false,false,false,false,true,true
"binder_permutation/CORRECT/generated_cap001192.als","CORRECT",false,false,false,false,true,true
"binder_permutation/CORRECT/generated_cap001193.als","CORRECT",false,false,false,false,true,true
"binder_permutation/CORRECT/generated_cap001194.als","CORRECT",false,true,false,true,true,true
"binder_permutation/CORRECT/generated_cap001195.als","CORRECT",false,false,false,false,true,true
"binder_permutation/CORRECT/generated_cap001196.als","CORRECT",false,false,false,false,true,true
"binder_permutation/CORRECT/generated_cap001197.als","CORRECT",false,false,false,false,true,true
"binder_permutation/CORRECT/generated_cap001198.als","CORRECT",false,false,false,false,true,true
"binder_permutation/CORRECT/generated_cap001199.als","CORRECT",false,false,false,false,true,true
"binder_permutation/CORRECT/generated_cap001200.als","CORRECT",false,false,false,false,true,true
"binder_permutation/CORRECT/generated_cap001201.als","CORRECT",false,false,false,false,true,true
"binder_permutation/CORRECT/generated_cap001202.als","CORRECT",false,true,false,true,true,true
"binder_permutation/CORRECT/generated_cap001203.als","CORRECT",false,false,false,false,true,true
"binder_permutation/CORRECT/generated_cap001204.als","CORRECT",false,false,false,false,true,true
"binder_permutation/CORRECT/generated_cap001205.als","CORRECT",false,false,false,false,true,true
"binder_permutation/CORRECT/generated_cap001206.als","CORRECT",false,true,false,true,true,true
"binder_permutation/CORRECT/generated_cap001207.als","CORRECT",false,false,false,false,true,true
"binder_permutation/CORRECT/generated_cap001208.als","CORRECT",false,false,false,false,true,true
"binder_permutation/CORRECT/generated_cap001209.als","CORRECT",false,false,false,false,true,true
"binder_permutation/CORRECT/generated_cap001210.als","CORRECT",false,false,false,false,true,true
"binder_permutation/CORRECT/generated_cap001211.als","CORRECT",false,false,false,false,true,true
"binder_permutation/CORRECT/generated_cap001212.als","CORRECT",false,false,false,false,true,true
"binder_permutation/CORRECT/generated_cap001213.als","CORRECT",false,false,false,false,true,true
"binder_permutation/CORRECT/generated_cap001214.als","CORRECT",false,false,false,false,true,true
"binder_permutation/CORRECT/generated_cap001215.als","CORRECT",false,false,false,false,true,true
"binder_permutation/CORRECT/generated_cap001216.als","CORRECT",false,false,false,false,true,true
"binder_permutation/CORRECT/generated_cap001217.als","CORRECT",false,false,false,false,true,true
"binder_permutation/CORRECT/generated_cap001218.als","CORRECT",false,false,false,false,true,true
"binder_permutation/CORRECT/generated_cap001219.als","CORRECT",false,false,false,false,true,true
"binder_permutation/CORRECT/generated_cap001220.als","CORRECT",false,false,false,false,true,true
"binder_permutation/CORRECT/generated_cap001221.als","CORRECT",false,false,false,false,true,true
"binder_permutation/CORRECT/generated_cap001222.als","CORRECT",false,false,false,false,true,true
"binder_permutation/CORRECT/generated_cap001223.als","CORRECT",false,false,false,false,true,true
"binder_permutation/CORRECT/generated_cap001224.als","CORRECT",false,false,false,false,true,true
"binder_permutation/CORRECT/generated_cap001225.als","CORRECT",false,false,false,false,true,true
"binder_permutation/CORRECT/generated_cap001226.als","CORRECT",false,false,false,false,true,true
"binder_permutation/CORRECT/generated_cap001227.als","CORRECT",false,false,false,false,true,true
"binder_permutation/CORRECT/generated_cap001228.als","CORRECT",false,false,false,false,true,true
"binder_permutation/CORRECT/generated_cap001229.als","CORRECT",false,false,false,false,true,true
"binder_permutation/CORRECT/generated_cap001230.als","CORRECT",false,false,false,false,true,true
"binder_permutation/CORRECT/generated_cap001231.als","CORRECT",false,false,false,false,true,true
"binder_permutation/CORRECT/generated_cap001232.als","CORRECT",false,false,false,false,true,true
"binder_permutation/CORRECT/generated_cap001233.als","CORRECT",false,false,false,false,true,true
"binder_permutation/CORRECT/generated_cap001234.als","CORRECT",false,false,false,false,true,true
"binder_permutation/CORRECT/generated_cap001235.als","CORRECT",false,false,false,false,true,true
"binder_permutation/CORRECT/generated_cap001236.als","CORRECT",false,false,false,false,true,true
"binder_permutation/CORRECT/generated_cap001237.als","CORRECT",false,false,false,false,true,true
"binder_permutation/CORRECT/generated_cap001238.als","CORRECT",false,false,false,false,true,true
"binder_permutation/CORRECT/generated_cap001239.als","CORRECT",false,false,false,false,true,true
"binder_permutation/CORRECT/generated_cap001240.als","CORRECT",false,false,false,false,true,true
"binder_permutation/CORRECT/generated_cap001241.als","CORRECT",false,false,false,false,true,true
"binder_permutation/CORRECT/generated_cap001242.als","CORRECT",false,false,false,false,true,true
"binder_permutation/CORRECT/generated_cap001243.als","CORRECT",false,false,false,false,true,true
"binder_permutation/CORRECT/generated_cap001244.als","CORRECT",false,false,false,false,true,true
"binder_permutation/CORRECT/generated_cap001245.als","CORRECT",false,false,false,false,true,true
"binder_permutation/CORRECT/generated_cap001246.als","CORRECT",false,false,false,false,true,true
"binder_permutation/CORRECT/generated_cap001247.als","CORRECT",false,false,false,false,true,true
"binder_permutation/CORRECT/generated_cap001248.als","CORRECT",false,false,false,false,true,true
"binder_permutation/CORRECT/generated_cap001249.als","CORRECT",false,false,false,false,true,true
"binder_permutation/CORRECT/generated_cap001250.als","CORRECT",false,false,false,false,true,true
"binder_permutation/CORRECT/generated_cap001251.als","CORRECT",false,false,false,false,true,true
"binder_permutation/CORRECT/generated_cap001252.als","CORRECT",false,false,false,false,true,true
"binder_permutation/CORRECT/generated_cap001253.als","CORRECT",false,false,false,false,true,true
"binder_permutation/CORRECT/generated_cap001254.als","CORRECT",false,false,false,false,true,true
"binder_permutation/CORRECT/generated_cap001255.als","CORRECT",false,false,false,false,true,true
"binder_permutation/CORRECT/generated_cap001256.als","CORRECT",false,false,false,false,true,true
"binder_permutation/CORRECT/generated_cap001257.als","CORRECT",false,false,false,false,true,true
"binder_permutation/CORRECT/generated_cap001258.als","CORRECT",false,true,false,true,true,true
"binder_permutation/CORRECT/generated_cap001259.als","CORRECT",false,false,false,false,true,true
"binder_permutation/CORRECT/generated_cap001260.als","CORRECT",false,false,false,false,true,true
"binder_permutation/CORRECT/generated_cap001261.als","CORRECT",false,false,false,false,true,true
"binder_permutation/CORRECT/generated_cap001262.als","CORRECT",false,false,false,false,true,true
"binder_permutation/CORRECT/generated_cap001263.als","CORRECT",false,false,false,false,true,true
"binder_permutation/CORRECT/generated_cap001264.als","CORRECT",false,false,false,false,true,true
"binder_permutation/CORRECT/generated_cap001265.als","CORRECT",false,false,false,false,true,true
"binder_permutation/CORRECT/generated_cap001266.als","CORRECT",false,false,false,false,true,true
"binder_permutation/CORRECT/generated_cap001267.als","CORRECT",false,false,false,false,true,true
"binder_permutation/CORRECT/generated_cap001268.als","CORRECT",false,false,false,false,true,true
"binder_permutation/CORRECT/generated_cap001269.als","CORRECT",false,false,false,false,true,true
"binder_permutation/CORRECT/generated_cap001270.als","CORRECT",false,false,false,false,true,true
"binder_permutation/CORRECT/generated_cap001271.als","CORRECT",false,false,false,false,true,true
"binder_permutation/CORRECT/generated_cap001272.als","CORRECT",false,false,false,false,true,true
"binder_permutation/CORRECT/generated_cap001273.als","CORRECT",false,false,false,false,true,true
"binder_permutation/CORRECT/generated_cap001274.als","CORRECT",false,false,false,false,true,true
"binder_permutation/CORRECT/generated_cap001275.als","CORRECT",false,false,false,false,true,true
"binder_permutation/CORRECT/generated_cap001276.als","CORRECT",false,false,false,false,true,true
"binder_permutation/CORRECT/generated_cap001277.als","CORRECT",false,false,false,false,true,true
"binder_permutation/CORRECT/generated_cap001278.als","CORRECT",false,false,false,false,true,true
"binder_permutation/CORRECT/generated_cap001279.als","CORRECT",false,false,false,false,true,true
"binder_permutation/CORRECT/generated_cap001280.als","CORRECT",false,false,false,false,true,true
"binder_permutation/CORRECT/generated_cap001281.als","CORRECT",false,false,false,false,true,true
"binder_permutation/CORRECT/generated_cap001282.als","CORRECT",false,false,false,false,true,true
"binder_permutation/CORRECT/generated_cap001283.als","CORRECT",false,false,false,false,true,true
"binder_permutation/CORRECT/generated_cap001284.als","CORRECT",false,false,false,false,true,true
"binder_permutation/CORRECT/generated_cap001285.als","CORRECT",false,false,false,false,true,true
"binder_permutation/CORRECT/generated_cap001286.als","CORRECT",false,false,false,false,true,true
"binder_permutation/CORRECT/generated_cap001287.als","CORRECT",false,false,false,false,true,true
"binder_permutation/CORRECT/generated_cap001288.als","CORRECT",false,false,false,false,true,true
"binder_permutation/CORRECT/generated_cap001289.als","CORRECT",false,false,false,false,true,true
"binder_permutation/CORRECT/generated_cap001290.als","CORRECT",false,false,false,false,true,true
"binder_permutation/CORRECT/generated_cap001291.als","CORRECT",false,false,false,false,true,true
"binder_permutation/CORRECT/generated_cap001292.als","CORRECT",false,false,false,false,true,true
"binder_permutation/CORRECT/generated_cap001293.als","CORRECT",false,false,false,false,true,true
"binder_permutation/CORRECT/generated_cap001294.als","CORRECT",false,false,false,false,true,true
"binder_permutation/CORRECT/generated_cap001295.als","CORRECT",false,false,false,false,true,true
"binder_permutation/CORRECT/generated_cap001296.als","CORRECT",false,false,false,false,true,true
"binder_permutation/CORRECT/generated_cap001297.als","CORRECT",false,false,false,false,true,true
"binder_permutation/CORRECT/generated_cap001298.als","CORRECT",false,false,false,false,true,true
"binder_permutation/CORRECT/generated_cap001299.als","CORRECT",false,false,false,false,true,true
"binder_permutation/CORRECT/generated_cap001300.als","CORRECT",false,false,false,false,true,true
"binder_permutation/CORRECT/generated_cap001301.als","CORRECT",false,false,false,false,true,true
"binder_permutation/CORRECT/generated_cap001302.als","CORRECT",false,false,false,false,true,true
"binder_permutation/CORRECT/generated_cap001303.als","CORRECT",false,false,false,false,true,true
"binder_permutation/CORRECT/generated_cap001304.als","CORRECT",false,false,false,false,true,true
"binder_permutation/CORRECT/generated_cap001305.als","CORRECT",false,false,false,false,true,true
"binder_permutation/CORRECT/generated_cap001306.als","CORRECT",false,false,false,false,true,true
"binder_permutation/CORRECT/generated_cap001307.als","CORRECT",false,false,false,false,true,true
"binder_permutation/CORRECT/generated_cap001308.als","CORRECT",false,false,false,false,true,true
"binder_permutation/CORRECT/generated_cap001309.als","CORRECT",false,false,false,false,true,true
"binder_permutation/CORRECT/generated_cap001310.als","CORRECT",false,false,false,false,true,true
"binder_permutation/CORRECT/generated_cap001311.als","CORRECT",false,false,false,false,true,true
"binder_permutation/CORRECT/generated_cap001312.als","CORRECT",false,false,false,false,true,true
"binder_permutation/CORRECT/generated_cap001313.als","CORRECT",false,false,false,false,true,true
"binder_permutation/CORRECT/generated_cap001314.als","CORRECT",false,false,false,false,true,true
"binder_permutation/CORRECT/generated_cap001315.als","CORRECT",false,false,false,false,true,true
"binder_permutation/CORRECT/generated_cap001316.als","CORRECT",false,false,false,false,true,true
"binder_permutation/CORRECT/generated_cap001317.als","CORRECT",false,false,false,false,true,true
"binder_permutation/CORRECT/generated_cap001318.als","CORRECT",false,false,false,false,true,true
"binder_permutation/CORRECT/generated_cap001319.als","CORRECT",false,false,false,false,true,true
"binder_permutation/CORRECT/generated_cap001320.als","CORRECT",false,false,false,false,true,true
"binder_permutation/CORRECT/generated_cap001321.als","CORRECT",false,false,false,false,true,true
"binder_permutation/CORRECT/generated_cap001322.als","CORRECT",false,true,false,true,true,true
"binder_permutation/CORRECT/generated_cap001323.als","CORRECT",false,false,false,false,true,true
"binder_permutation/CORRECT/generated_cap001324.als","CORRECT",false,false,false,false,true,true
"binder_permutation/CORRECT/generated_cap001325.als","CORRECT",false,false,false,false,true,true
"binder_permutation/CORRECT/generated_cap001326.als","CORRECT",false,false,false,false,true,true
"binder_permutation/CORRECT/generated_cap001327.als","CORRECT",false,false,false,false,true,true
"binder_permutation/CORRECT/generated_cap001328.als","CORRECT",false,false,false,false,true,true
"binder_permutation/CORRECT/generated_cap001329.als","CORRECT",false,false,false,false,true,true
"binder_permutation/CORRECT/generated_cap001330.als","CORRECT",false,false,false,false,true,true
"binder_permutation/CORRECT/generated_cap001331.als","CORRECT",false,false,false,false,true,true
"binder_permutation/CORRECT/generated_cap001332.als","CORRECT",false,false,false,false,true,true
"binder_permutation/CORRECT/generated_cap001333.als","CORRECT",false,false,false,false,true,true
"binder_permutation/CORRECT/generated_cap001334.als","CORRECT",false,false,false,false,true,true
"binder_permutation/CORRECT/generated_cap001335.als","CORRECT",false,false,false,false,true,true
"binder_permutation/CORRECT/generated_cap001336.als","CORRECT",false,false,false,false,true,true
"binder_permutation/CORRECT/generated_cap001337.als","CORRECT",false,false,false,false,true,true
"binder_permutation/CORRECT/generated_cap001338.als","CORRECT",false,false,false,false,true,true
"binder_permutation/CORRECT/generated_cap001339.als","CORRECT",false,false,false,false,true,true
"binder_permutation/CORRECT/generated_cap001340.als","CORRECT",false,false,false,false,true,true
"binder_permutation/CORRECT/generated_cap001341.als","CORRECT",false,false,false,false,true,true
"binder_permutation/CORRECT/generated_cap001342.als","CORRECT",false,false,false,false,true,true
"binder_permutation/CORRECT/generated_cap001343.als","CORRECT",false,false,false,false,true,true
"binder_permutation/CORRECT/generated_cap001344.als","CORRECT",false,false,false,false,true,true
"binder_permutation/CORRECT/generated_cap001345.als","CORRECT",false,false,false,false,true,true
"binder_permutation/CORRECT/generated_cap001346.als","CORRECT",false,false,false,false,true,true
"binder_permutation/CORRECT/generated_cap001347.als","CORRECT",false,false,false,false,true,true
"binder_permutation/CORRECT/generated_cap001348.als","CORRECT",false,false,false,false,true,true
"binder_permutation/CORRECT/generated_cap001349.als","CORRECT",false,false,false,false,true,true
"binder_permutation/CORRECT/generated_cap001350.als","CORRECT",false,false,false,false,true,true
"binder_permutation/CORRECT/generated_cap001351.als","CORRECT",false,false,false,false,true,true
"binder_permutation/CORRECT/generated_cap001352.als","CORRECT",false,false,false,false,true,true
"binder_permutation/CORRECT/generated_cap001353.als","CORRECT",false,false,false,false,true,true
"binder_permutation/CORRECT/generated_cap001354.als","CORRECT",false,false,false,false,true,true
"binder_permutation/CORRECT/generated_cap001355.als","CORRECT",false,false,false,false,true,true
"binder_permutation/CORRECT/generated_cap001356.als","CORRECT",false,false,false,false,true,true
"binder_permutation/CORRECT/generated_cap001357.als","CORRECT",false,false,false,false,true,true
"binder_permutation/CORRECT/generated_cap001358.als","CORRECT",false,false,false,false,true,true
"binder_permutation/CORRECT/generated_cap001359.als","CORRECT",false,false,false,false,true,true
"binder_permutation/CORRECT/generated_cap001360.als","CORRECT",false,false,false,false,true,true
"binder_permutation/CORRECT/generated_cap001361.als","CORRECT",false,false,false,false,true,true
"binder_permutation/CORRECT/generated_cap001362.als","CORRECT",false,false,false,false,true,true
"binder_permutation/CORRECT/generated_cap001363.als","CORRECT",false,false,false,false,true,true
"binder_permutation/CORRECT/generated_cap001364.als","CORRECT",false,false,false,false,true,true
"binder_permutation/CORRECT/generated_cap001365.als","CORRECT",false,false,false,false,true,true
"binder_permutation/CORRECT/generated_cap001366.als","CORRECT",false,false,false,false,true,true
"binder_permutation/CORRECT/generated_cap001367.als","CORRECT",false,false,false,false,true,true
"binder_permutation/CORRECT/generated_cap001368.als","CORRECT",false,false,false,false,true,true
"binder_permutation/CORRECT/generated_cap001369.als","CORRECT",false,false,false,false,true,true
"binder_permutation/CORRECT/generated_cap001370.als","CORRECT",false,false,false,false,true,true
"binder_permutation/CORRECT/generated_cap001371.als","CORRECT",false,false,false,false,true,true
"binder_permutation/CORRECT/generated_cap001372.als","CORRECT",false,false,false,false,true,true
"binder_permutation/CORRECT/generated_cap001373.als","CORRECT",false,false,false,false,true,true
"binder_permutation/CORRECT/generated_cap001374.als","CORRECT",false,false,false,false,true,true
"binder_permutation/CORRECT/generated_cap001375.als","CORRECT",false,false,false,false,true,true
"binder_permutation/CORRECT/generated_cap001376.als","CORRECT",false,false,false,false,true,true
"binder_permutation/CORRECT/generated_cap001377.als","CORRECT",false,false,false,false,true,true
"binder_permutation/CORRECT/generated_cap001378.als","CORRECT",false,false,false,false,true,true
"binder_permutation/CORRECT/generated_cap001379.als","CORRECT",false,false,false,false,true,true
"binder_permutation/CORRECT/generated_cap001380.als","CORRECT",false,false,false,false,true,true
"binder_permutation/CORRECT/generated_cap001381.als","CORRECT",false,false,false,false,true,true
"binder_permutation/CORRECT/generated_cap001382.als","CORRECT",false,false,false,false,true,true
"binder_permutation/CORRECT/generated_cap001383.als","CORRECT",false,false,false,false,true,true
"binder_permutation/CORRECT/generated_cap001384.als","CORRECT",false,false,false,false,true,true
"binder_permutation/CORRECT/generated_cap001385.als","CORRECT",false,false,false,false,true,true
"binder_permutation/CORRECT/generated_cap001386.als","CORRECT",false,true,false,true,true,true
"binder_permutation/CORRECT/generated_cap001387.als","CORRECT",false,false,false,false,true,true
"binder_permutation/CORRECT/generated_cap001388.als","CORRECT",false,false,false,false,true,true
"binder_permutation/CORRECT/generated_cap001389.als","CORRECT",false,false,false,false,true,true
"binder_permutation/CORRECT/generated_cap001390.als","CORRECT",false,false,false,false,true,true
"binder_permutation/CORRECT/generated_cap001391.als","CORRECT",false,false,false,false,true,true
"binder_permutation/CORRECT/generated_cap001392.als","CORRECT",false,false,false,false,true,true
"binder_permutation/CORRECT/generated_cap001393.als","CORRECT",false,false,false,false,true,true
"binder_permutation/CORRECT/generated_cap001394.als","CORRECT",false,false,false,false,true,true
"binder_permutation/CORRECT/generated_cap001395.als","CORRECT",false,false,false,false,true,true
"binder_permutation/CORRECT/generated_cap001396.als","CORRECT",false,false,false,false,true,true
"binder_permutation/CORRECT/generated_cap001397.als","CORRECT",false,false,false,false,true,true
"binder_permutation/CORRECT/generated_cap001398.als","CORRECT",false,false,false,false,true,true
"binder_permutation/CORRECT/generated_cap001399.als","CORRECT",false,false,false,false,true,true
"binder_permutation/CORRECT/generated_cap001400.als","CORRECT",false,false,false,false,true,true
"binder_permutation/CORRECT/generated_cap001401.als","CORRECT",false,false,false,false,true,true
"binder_permutation/CORRECT/generated_cap001402.als","CORRECT",false,false,false,false,true,true
"binder_permutation/CORRECT/generated_cap001403.als","CORRECT",false,false,false,false,true,true
"binder_permutation/CORRECT/generated_cap001404.als","CORRECT",false,false,false,false,true,true
"binder_permutation/CORRECT/generated_cap001405.als","CORRECT",false,false,false,false,true,true
"binder_permutation/CORRECT/generated_cap001406.als","CORRECT",false,false,false,false,true,true
"binder_permutation/CORRECT/generated_cap001407.als","CORRECT",false,false,false,false,true,true
"binder_permutation/CORRECT/generated_cap001408.als","CORRECT",false,false,false,false,true,true
"binder_permutation/CORRECT/generated_cap001409.als","CORRECT",false,false,false,false,true,true
"binder_permutation/CORRECT/generated_cap001410.als","CORRECT",false,false,false,false,true,true
"binder_permutation/CORRECT/generated_cap001411.als","CORRECT",false,false,false,false,true,true
"binder_permutation/CORRECT/generated_cap001412.als","CORRECT",false,false,false,false,true,true
"binder_permutation/CORRECT/generated_cap001413.als","CORRECT",false,false,false,false,true,true
"binder_permutation/CORRECT/generated_cap001414.als","CORRECT",false,false,false,false,true,true
"binder_permutation/CORRECT/generated_cap001415.als","CORRECT",false,false,false,false,true,true
"binder_permutation/CORRECT/generated_cap001416.als","CORRECT",false,false,false,false,true,true
"binder_permutation/CORRECT/generated_cap001417.als","CORRECT",false,false,false,false,true,true
"binder_permutation/CORRECT/generated_cap001418.als","CORRECT",false,false,false,false,true,true
"binder_permutation/CORRECT/generated_cap001419.als","CORRECT",false,false,false,false,true,true
"binder_permutation/CORRECT/generated_cap001420.als","CORRECT",false,false,false,false,true,true
"binder_permutation/CORRECT/generated_cap001421.als","CORRECT",false,false,false,false,true,true
"binder_permutation/CORRECT/generated_cap001422.als","CORRECT",false,false,false,false,true,true
"binder_permutation/CORRECT/generated_cap001423.als","CORRECT",false,false,false,false,true,true
"binder_permutation/CORRECT/generated_cap001424.als","CORRECT",false,false,false,false,true,true
"binder_permutation/CORRECT/generated_cap001425.als","CORRECT",false,false,false,false,true,true
"binder_permutation/CORRECT/generated_cap001426.als","CORRECT",false,false,false,false,true,true
"binder_permutation/CORRECT/generated_cap001427.als","CORRECT",false,false,false,false,true,true
"binder_permutation/CORRECT/generated_cap001428.als","CORRECT",false,false,false,false,true,true
"binder_permutation/CORRECT/generated_cap001429.als","CORRECT",false,false,false,false,true,true
"binder_permutation/CORRECT/generated_cap001430.als","CORRECT",false,false,false,false,true,true
"binder_permutation/CORRECT/generated_cap001431.als","CORRECT",false,false,false,false,true,true
"binder_permutation/CORRECT/generated_cap001432.als","CORRECT",false,false,false,false,true,true
"binder_permutation/CORRECT/generated_cap001433.als","CORRECT",false,false,false,false,true,true
"binder_permutation/CORRECT/generated_cap001434.als","CORRECT",false,false,false,false,true,true
"binder_permutation/CORRECT/generated_cap001435.als","CORRECT",false,false,false,false,true,true
"binder_permutation/CORRECT/generated_cap001436.als","CORRECT",false,false,false,false,true,true
"binder_permutation/CORRECT/generated_cap001437.als","CORRECT",false,false,false,false,true,true
"binder_permutation/CORRECT/generated_cap001438.als","CORRECT",false,false,false,false,true,true
"binder_permutation/CORRECT/generated_cap001439.als","CORRECT",false,false,false,false,true,true
"binder_permutation/CORRECT/generated_cap001440.als","CORRECT",false,false,false,false,true,true
"binder_permutation/CORRECT/generated_cap001441.als","CORRECT",false,false,false,false,true,true
"binder_permutation/CORRECT/generated_cap001442.als","CORRECT",false,false,false,false,true,true
"binder_permutation/CORRECT/generated_cap001443.als","CORRECT",false,false,false,false,true,true
"binder_permutation/CORRECT/generated_cap001444.als","CORRECT",false,false,false,false,true,true
"binder_permutation/CORRECT/generated_cap001445.als","CORRECT",false,false,false,false,true,true
"binder_permutation/CORRECT/generated_cap001446.als","CORRECT",false,false,false,false,true,true
"binder_permutation/CORRECT/generated_cap001447.als","CORRECT",false,false,false,false,true,true
"binder_permutation/CORRECT/generated_cap001448.als","CORRECT",false,false,false,false,true,true
"binder_permutation/CORRECT/generated_cap001449.als","CORRECT",false,false,false,false,true,true
"binder_permutation/CORRECT/generated_cap001450.als","CORRECT",false,true,false,true,true,true
"binder_permutation/CORRECT/generated_cap001451.als","CORRECT",false,false,false,false,true,true
"binder_permutation/CORRECT/generated_cap001452.als","CORRECT",false,false,false,false,true,true
"binder_permutation/CORRECT/generated_cap001453.als","CORRECT",false,false,false,false,true,true
"binder_permutation/CORRECT/generated_cap001454.als","CORRECT",false,false,false,false,true,true
"binder_permutation/CORRECT/generated_cap001455.als","CORRECT",false,false,false,false,true,true
"binder_permutation/CORRECT/generated_cap001456.als","CORRECT",false,false,false,false,true,true
"binder_permutation/CORRECT/generated_cap001457.als","CORRECT",false,false,false,false,true,true
"binder_permutation/CORRECT/generated_cap001458.als","CORRECT",false,false,false,false,true,true
"binder_permutation/CORRECT/generated_cap001459.als","CORRECT",false,false,false,false,true,true
"binder_permutation/CORRECT/generated_cap001460.als","CORRECT",false,false,false,false,true,true
"binder_permutation/CORRECT/generated_cap001461.als","CORRECT",false,false,false,false,true,true
"binder_permutation/CORRECT/generated_cap001462.als","CORRECT",false,false,false,false,true,true
"binder_permutation/CORRECT/generated_cap001463.als","CORRECT",false,false,false,false,true,true
"binder_permutation/CORRECT/generated_cap001464.als","CORRECT",false,false,false,false,true,true
"binder_permutation/CORRECT/generated_cap001465.als","CORRECT",false,false,false,false,true,true
"binder_permutation/CORRECT/generated_cap001466.als","CORRECT",false,false,false,false,true,true
"binder_permutation/CORRECT/generated_cap001467.als","CORRECT",false,false,false,false,true,true
"binder_permutation/CORRECT/generated_cap001468.als","CORRECT",false,false,false,false,true,true
"binder_permutation/CORRECT/generated_cap001469.als","CORRECT",false,false,false,false,true,true
"binder_permutation/CORRECT/generated_cap001470.als","CORRECT",false,false,false,false,true,true
"binder_permutation/CORRECT/generated_cap001471.als","CORRECT",false,false,false,false,true,true
"binder_permutation/CORRECT/generated_cap001472.als","CORRECT",false,false,false,false,true,true
"binder_permutation/CORRECT/generated_cap001473.als","CORRECT",false,false,false,false,true,true
"binder_permutation/CORRECT/generated_cap001474.als","CORRECT",false,false,false,false,true,true
"binder_permutation/CORRECT/generated_cap001475.als","CORRECT",false,false,false,false,true,true
"binder_permutation/CORRECT/generated_cap001476.als","CORRECT",false,false,false,false,true,true
"binder_permutation/CORRECT/generated_cap001477.als","CORRECT",false,false,false,false,true,true
"binder_permutation/CORRECT/generated_cap001478.als","CORRECT",false,false,false,false,true,true
"binder_permutation/CORRECT/generated_cap001479.als","CORRECT",false,false,false,false,true,true
"binder_permutation/CORRECT/generated_cap001480.als","CORRECT",false,false,false,false,true,true
"binder_permutation/CORRECT/generated_cap001481.als","CORRECT",false,false,false,false,true,true
"binder_permutation/CORRECT/generated_cap001482.als","CORRECT",false,false,false,false,true,true
"binder_permutation/CORRECT/generated_cap001483.als","CORRECT",false,false,false,false,true,true
"binder_permutation/CORRECT/generated_cap001484.als","CORRECT",false,false,false,false,true,true
"binder_permutation/CORRECT/generated_cap001485.als","CORRECT",false,false,false,false,true,true
"binder_permutation/CORRECT/generated_cap001486.als","CORRECT",false,false,false,false,true,true
"binder_permutation/CORRECT/generated_cap001487.als","CORRECT",false,false,false,false,true,true
"binder_permutation/CORRECT/generated_cap001488.als","CORRECT",false,false,false,false,true,true
"binder_permutation/CORRECT/generated_cap001489.als","CORRECT",false,false,false,false,true,true
"binder_permutation/CORRECT/generated_cap001490.als","CORRECT",false,false,false,false,true,true
"binder_permutation/CORRECT/generated_cap001491.als","CORRECT",false,false,false,false,true,true
"binder_permutation/CORRECT/generated_cap001492.als","CORRECT",false,false,false,false,true,true
"binder_permutation/CORRECT/generated_cap001493.als","CORRECT",false,false,false,false,true,true
"binder_permutation/CORRECT/generated_cap001494.als","CORRECT",false,false,false,false,true,true
"binder_permutation/CORRECT/generated_cap001495.als","CORRECT",false,false,false,false,true,true
"binder_permutation/CORRECT/generated_cap001496.als","CORRECT",false,false,false,false,true,true
"binder_permutation/CORRECT/generated_cap001497.als","CORRECT",false,false,false,false,true,true
"binder_permutation/CORRECT/generated_cap001498.als","CORRECT",false,false,false,false,true,true
"binder_permutation/CORRECT/generated_cap001499.als","CORRECT",false,false,false,false,true,true
"binder_permutation_prenex/CORRECT/generated_cap004000.als","CORRECT",false,false,false,false,true,true
"binder_permutation_prenex/CORRECT/generated_cap004001.als","CORRECT",false,false,false,false,true,true
"binder_permutation_prenex/CORRECT/generated_cap004003.als","CORRECT",false,false,false,false,true,true
"binder_permutation_prenex/CORRECT/generated_cap004004.als","CORRECT",false,false,false,false,true,true
"binder_permutation_prenex/CORRECT/generated_cap004005.als","CORRECT",false,false,false,false,true,true
"binder_permutation_prenex/CORRECT/generated_cap004006.als","CORRECT",false,false,false,false,true,true
"binder_permutation_prenex/CORRECT/generated_cap004007.als","CORRECT",false,false,false,false,true,true
"binder_permutation_prenex/CORRECT/generated_cap004008.als","CORRECT",false,false,false,false,true,true
"binder_permutation_prenex/CORRECT/generated_cap004009.als","CORRECT",false,false,false,false,true,true
"binder_permutation_prenex/CORRECT/generated_cap004011.als","CORRECT",false,false,false,false,true,true
"binder_permutation_prenex/CORRECT/generated_cap004012.als","CORRECT",false,false,false,false,true,true
"binder_permutation_prenex/CORRECT/generated_cap004013.als","CORRECT",false,false,false,false,true,true
"binder_permutation_prenex/CORRECT/generated_cap004014.als","CORRECT",false,false,false,false,true,true
"binder_permutation_prenex/CORRECT/generated_cap004015.als","CORRECT",false,false,false,false,true,true
"binder_permutation_prenex/CORRECT/generated_cap004016.als","CORRECT",false,false,false,false,true,true
"binder_permutation_prenex/CORRECT/generated_cap004017.als","CORRECT",false,false,false,false,true,true
"binder_permutation_prenex/CORRECT/generated_cap004019.als","CORRECT",false,false,false,false,true,true
"binder_permutation_prenex/CORRECT/generated_cap004020.als","CORRECT",false,false,false,false,true,true
"binder_permutation_prenex/CORRECT/generated_cap004021.als","CORRECT",false,false,false,false,true,true
"binder_permutation_prenex/CORRECT/generated_cap004023.als","CORRECT",false,false,false,false,true,true
"binder_permutation_prenex/CORRECT/generated_cap004024.als","CORRECT",false,false,false,false,true,true
"binder_permutation_prenex/CORRECT/generated_cap004025.als","CORRECT",false,false,false,false,true,true
"binder_permutation_prenex/CORRECT/generated_cap004027.als","CORRECT",false,false,false,false,true,true
"binder_permutation_prenex/CORRECT/generated_cap004028.als","CORRECT",false,false,false,false,true,true
"binder_permutation_prenex/CORRECT/generated_cap004029.als","CORRECT",false,false,false,false,true,true
"binder_permutation_prenex/CORRECT/generated_cap004030.als","CORRECT",false,false,false,false,true,true
"binder_permutation_prenex/CORRECT/generated_cap004031.als","CORRECT",false,false,false,false,true,true
"binder_permutation_prenex/CORRECT/generated_cap004032.als","CORRECT",false,false,false,false,true,true
"binder_permutation_prenex/CORRECT/generated_cap004033.als","CORRECT",false,false,false,false,true,true
"binder_permutation_prenex/CORRECT/generated_cap004035.als","CORRECT",false,false,false,false,true,true
"binder_permutation_prenex/CORRECT/generated_cap004036.als","CORRECT",false,false,false,false,true,true
"binder_permutation_prenex/CORRECT/generated_cap004037.als","CORRECT",false,false,false,false,true,true
"binder_permutation_prenex/CORRECT/generated_cap004038.als","CORRECT",false,false,false,false,true,true
"binder_permutation_prenex/CORRECT/generated_cap004039.als","CORRECT",false,false,false,false,true,true
"binder_permutation_prenex/CORRECT/generated_cap004040.als","CORRECT",false,false,false,false,true,true
"binder_permutation_prenex/CORRECT/generated_cap004041.als","CORRECT",false,false,false,false,true,true
"binder_permutation_prenex/CORRECT/generated_cap004043.als","CORRECT",false,false,false,false,true,true
"binder_permutation_prenex/CORRECT/generated_cap004044.als","CORRECT",false,false,false,false,true,true
"binder_permutation_prenex/CORRECT/generated_cap004045.als","CORRECT",false,false,false,false,true,true
"binder_permutation_prenex/CORRECT/generated_cap004046.als","CORRECT",false,false,false,false,true,true
"binder_permutation_prenex/CORRECT/generated_cap004047.als","CORRECT",false,false,false,false,true,true
"binder_permutation_prenex/CORRECT/generated_cap004048.als","CORRECT",false,false,false,false,true,true
"binder_permutation_prenex/CORRECT/generated_cap004049.als","CORRECT",false,false,false,false,true,true
"binder_permutation_prenex/CORRECT/generated_cap004051.als","CORRECT",false,false,false,false,true,true
"binder_permutation_prenex/CORRECT/generated_cap004052.als","CORRECT",false,false,false,false,true,true
"binder_permutation_prenex/CORRECT/generated_cap004053.als","CORRECT",false,false,false,false,true,true
"binder_permutation_prenex/CORRECT/generated_cap004054.als","CORRECT",false,false,false,false,true,true
"binder_permutation_prenex/CORRECT/generated_cap004055.als","CORRECT",false,false,false,false,true,true
"binder_permutation_prenex/CORRECT/generated_cap004056.als","CORRECT",false,false,false,false,true,true
"binder_permutation_prenex/CORRECT/generated_cap004057.als","CORRECT",false,false,false,false,true,true
"binder_permutation_prenex/CORRECT/generated_cap004059.als","CORRECT",false,false,false,false,true,true
"binder_permutation_prenex/CORRECT/generated_cap004060.als","CORRECT",false,false,false,false,true,true
"binder_permutation_prenex/CORRECT/generated_cap004061.als","CORRECT",false,false,false,false,true,true
"binder_permutation_prenex/CORRECT/generated_cap004062.als","CORRECT",false,false,false,false,true,true
"binder_permutation_prenex/CORRECT/generated_cap004063.als","CORRECT",false,false,false,false,true,true
"binder_permutation_prenex/CORRECT/generated_cap004064.als","CORRECT",false,false,false,false,true,true
"binder_permutation_prenex/CORRECT/generated_cap004065.als","CORRECT",false,false,false,false,true,true
"binder_permutation_prenex/CORRECT/generated_cap004067.als","CORRECT",false,false,false,false,true,true
"binder_permutation_prenex/CORRECT/generated_cap004068.als","CORRECT",false,false,false,false,true,true
"binder_permutation_prenex/CORRECT/generated_cap004069.als","CORRECT",false,false,false,false,true,true
"binder_permutation_prenex/CORRECT/generated_cap004070.als","CORRECT",false,false,false,false,true,true
"binder_permutation_prenex/CORRECT/generated_cap004071.als","CORRECT",false,false,false,false,true,true
"binder_permutation_prenex/CORRECT/generated_cap004072.als","CORRECT",false,false,false,false,true,true
"binder_permutation_prenex/CORRECT/generated_cap004073.als","CORRECT",false,false,false,false,true,true
"binder_permutation_prenex/CORRECT/generated_cap004074.als","CORRECT",false,false,false,false,true,true
"binder_permutation_prenex/CORRECT/generated_cap004075.als","CORRECT",false,false,false,false,true,true
"binder_permutation_prenex/CORRECT/generated_cap004076.als","CORRECT",false,false,false,false,true,true
"binder_permutation_prenex/CORRECT/generated_cap004077.als","CORRECT",false,false,false,false,true,true
"binder_permutation_prenex/CORRECT/generated_cap004078.als","CORRECT",false,false,false,false,true,true
"binder_permutation_prenex/CORRECT/generated_cap004079.als","CORRECT",false,false,false,false,true,true
"binder_permutation_prenex/CORRECT/generated_cap004080.als","CORRECT",false,false,false,false,true,true
"binder_permutation_prenex/CORRECT/generated_cap004081.als","CORRECT",false,false,false,false,true,true
"binder_permutation_prenex/CORRECT/generated_cap004082.als","CORRECT",false,false,false,false,true,true
"binder_permutation_prenex/CORRECT/generated_cap004083.als","CORRECT",false,false,false,false,true,true
"binder_permutation_prenex/CORRECT/generated_cap004084.als","CORRECT",false,false,false,false,true,true
"binder_permutation_prenex/CORRECT/generated_cap004085.als","CORRECT",false,false,false,false,true,true
"binder_permutation_prenex/CORRECT/generated_cap004086.als","CORRECT",false,false,false,false,true,true
"binder_permutation_prenex/CORRECT/generated_cap004087.als","CORRECT",false,false,false,false,true,true
"binder_permutation_prenex/CORRECT/generated_cap004088.als","CORRECT",false,false,false,false,true,true
"binder_permutation_prenex/CORRECT/generated_cap004089.als","CORRECT",false,false,false,false,true,true
"binder_permutation_prenex/CORRECT/generated_cap004092.als","CORRECT",false,false,false,false,true,true
"binder_permutation_prenex/CORRECT/generated_cap004093.als","CORRECT",false,false,false,false,true,true
"binder_permutation_prenex/CORRECT/generated_cap004095.als","CORRECT",false,false,false,false,true,true
"binder_permutation_prenex/CORRECT/generated_cap004096.als","CORRECT",false,false,false,false,true,true
"binder_permutation_prenex/CORRECT/generated_cap004097.als","CORRECT",false,false,false,false,true,true
"binder_permutation_prenex/CORRECT/generated_cap004098.als","CORRECT",false,false,false,false,true,true
"binder_permutation_prenex/CORRECT/generated_cap004099.als","CORRECT",false,false,false,false,true,true
"binder_permutation_prenex/CORRECT/generated_cap004100.als","CORRECT",false,false,false,false,true,true
"binder_permutation_prenex/CORRECT/generated_cap004101.als","CORRECT",false,false,false,false,true,true
"binder_permutation_prenex/CORRECT/generated_cap004102.als","CORRECT",false,false,false,false,true,true
"binder_permutation_prenex/CORRECT/generated_cap004103.als","CORRECT",false,false,false,false,true,true
"binder_permutation_prenex/CORRECT/generated_cap004104.als","CORRECT",false,false,false,false,true,true
"binder_permutation_prenex/CORRECT/generated_cap004105.als","CORRECT",false,false,false,false,true,true
"binder_permutation_prenex/CORRECT/generated_cap004106.als","CORRECT",false,false,false,false,true,true
"binder_permutation_prenex/CORRECT/generated_cap004107.als","CORRECT",false,false,false,false,true,true
"binder_permutation_prenex/CORRECT/generated_cap004108.als","CORRECT",false,false,false,false,true,true
"binder_permutation_prenex/CORRECT/generated_cap004109.als","CORRECT",false,false,false,false,true,true
"binder_permutation_prenex/CORRECT/generated_cap004110.als","CORRECT",false,false,false,false,true,true
"binder_permutation_prenex/CORRECT/generated_cap004111.als","CORRECT",false,false,false,false,true,true
"binder_permutation_prenex/CORRECT/generated_cap004112.als","CORRECT",false,false,false,false,true,true
"binder_permutation_prenex/CORRECT/generated_cap004113.als","CORRECT",false,false,false,false,true,true
"binder_permutation_prenex/CORRECT/generated_cap004114.als","CORRECT",false,false,false,false,true,true
"binder_permutation_prenex/CORRECT/generated_cap004115.als","CORRECT",false,false,false,false,true,true
"binder_permutation_prenex/CORRECT/generated_cap004116.als","CORRECT",false,false,false,false,true,true
"binder_permutation_prenex/CORRECT/generated_cap004117.als","CORRECT",false,false,false,false,true,true
"binder_permutation_prenex/CORRECT/generated_cap004118.als","CORRECT",false,false,false,false,true,true
"binder_permutation_prenex/CORRECT/generated_cap004119.als","CORRECT",false,false,false,false,true,true
"binder_permutation_prenex/CORRECT/generated_cap004120.als","CORRECT",false,false,false,false,true,true
"binder_permutation_prenex/CORRECT/generated_cap004121.als","CORRECT",false,false,false,false,true,true
"binder_permutation_prenex/CORRECT/generated_cap004122.als","CORRECT",false,false,false,false,true,true
"binder_permutation_prenex/CORRECT/generated_cap004123.als","CORRECT",false,false,false,false,true,true
"binder_permutation_prenex/CORRECT/generated_cap004124.als","CORRECT",false,false,false,false,true,true
"binder_permutation_prenex/CORRECT/generated_cap004125.als","CORRECT",false,false,false,false,true,true
"binder_permutation_prenex/CORRECT/generated_cap004126.als","CORRECT",false,false,false,false,true,true
"binder_permutation_prenex/CORRECT/generated_cap004127.als","CORRECT",false,false,false,false,true,true
"binder_permutation_prenex/CORRECT/generated_cap004128.als","CORRECT",false,false,false,false,true,true
"binder_permutation_prenex/CORRECT/generated_cap004129.als","CORRECT",false,false,false,false,true,true
"binder_permutation_prenex/CORRECT/generated_cap004131.als","CORRECT",false,false,false,false,true,true
"binder_permutation_prenex/CORRECT/generated_cap004132.als","CORRECT",false,false,false,false,true,true
"binder_permutation_prenex/CORRECT/generated_cap004133.als","CORRECT",false,false,false,false,true,true
"binder_permutation_prenex/CORRECT/generated_cap004135.als","CORRECT",false,false,false,false,true,true
"binder_permutation_prenex/CORRECT/generated_cap004136.als","CORRECT",false,false,false,false,true,true
"binder_permutation_prenex/CORRECT/generated_cap004137.als","CORRECT",false,false,false,false,true,true
"binder_permutation_prenex/CORRECT/generated_cap004138.als","CORRECT",false,false,false,false,true,true
"binder_permutation_prenex/CORRECT/generated_cap004139.als","CORRECT",false,false,false,false,true,true
"binder_permutation_prenex/CORRECT/generated_cap004140.als","CORRECT",false,false,false,false,true,true
"binder_permutation_prenex/CORRECT/generated_cap004141.als","CORRECT",false,false,false,false,true,true
"binder_permutation_prenex/CORRECT/generated_cap004142.als","CORRECT",false,false,false,false,true,true
"binder_permutation_prenex/CORRECT/generated_cap004143.als","CORRECT",false,false,false,false,true,true
"binder_permutation_prenex/CORRECT/generated_cap004144.als","CORRECT",false,false,false,false,true,true
"binder_permutation_prenex/CORRECT/generated_cap004145.als","CORRECT",false,false,false,false,true,true
"binder_permutation_prenex/CORRECT/generated_cap004146.als","CORRECT",false,false,false,false,true,true
"binder_permutation_prenex/CORRECT/generated_cap004147.als","CORRECT",false,false,false,false,true,true
"binder_permutation_prenex/CORRECT/generated_cap004148.als","CORRECT",false,false,false,false,true,true
"binder_permutation_prenex/CORRECT/generated_cap004149.als","CORRECT",false,false,false,false,true,true
"binder_permutation_prenex/CORRECT/generated_cap004150.als","CORRECT",false,false,false,false,true,true
"binder_permutation_prenex/CORRECT/generated_cap004151.als","CORRECT",false,false,false,false,true,true
"binder_permutation_prenex/CORRECT/generated_cap004152.als","CORRECT",false,false,false,false,true,true
"binder_permutation_prenex/CORRECT/generated_cap004153.als","CORRECT",false,false,false,false,true,true
"binder_permutation_prenex/CORRECT/generated_cap004154.als","CORRECT",false,false,false,false,true,true
"binder_permutation_prenex/CORRECT/generated_cap004155.als","CORRECT",false,false,false,false,true,true
"binder_permutation_prenex/CORRECT/generated_cap004156.als","CORRECT",false,false,false,false,true,true
"binder_permutation_prenex/CORRECT/generated_cap004157.als","CORRECT",false,false,false,false,true,true
"binder_permutation_prenex/CORRECT/generated_cap004158.als","CORRECT",false,false,false,false,true,true
"binder_permutation_prenex/CORRECT/generated_cap004159.als","CORRECT",false,false,false,false,true,true
"binder_permutation_prenex/CORRECT/generated_cap004160.als","CORRECT",false,false,false,false,true,true
"binder_permutation_prenex/CORRECT/generated_cap004161.als","CORRECT",false,false,false,false,true,true
"binder_permutation_prenex/CORRECT/generated_cap004162.als","CORRECT",false,false,false,false,true,true
"binder_permutation_prenex/CORRECT/generated_cap004163.als","CORRECT",false,false,false,false,true,true
"binder_permutation_prenex/CORRECT/generated_cap004164.als","CORRECT",false,false,false,false,true,true
"binder_permutation_prenex/CORRECT/generated_cap004165.als","CORRECT",false,false,false,false,true,true
"binder_permutation_prenex/CORRECT/generated_cap004166.als","CORRECT",false,false,false,false,true,true
"binder_permutation_prenex/CORRECT/generated_cap004167.als","CORRECT",false,false,false,false,true,true
"binder_permutation_prenex/CORRECT/generated_cap004168.als","CORRECT",false,false,false,false,true,true
"binder_permutation_prenex/CORRECT/generated_cap004169.als","CORRECT",false,false,false,false,true,true
"binder_permutation_prenex/CORRECT/generated_cap004170.als","CORRECT",false,false,false,false,true,true
"binder_permutation_prenex/CORRECT/generated_cap004171.als","CORRECT",false,false,false,false,true,true
"binder_permutation_prenex/CORRECT/generated_cap004172.als","CORRECT",false,false,false,false,true,true
"binder_permutation_prenex/CORRECT/generated_cap004173.als","CORRECT",false,false,false,false,true,true
"binder_permutation_prenex/CORRECT/generated_cap004174.als","CORRECT",false,false,false,false,true,true
"binder_permutation_prenex/CORRECT/generated_cap004175.als","CORRECT",false,false,false,false,true,true
"binder_permutation_prenex/CORRECT/generated_cap004176.als","CORRECT",false,false,false,false,true,true
"binder_permutation_prenex/CORRECT/generated_cap004177.als","CORRECT",false,false,false,false,true,true
"binder_permutation_prenex/CORRECT/generated_cap004178.als","CORRECT",false,false,false,false,true,true
"binder_permutation_prenex/CORRECT/generated_cap004179.als","CORRECT",false,false,false,false,true,true
"binder_permutation_prenex/CORRECT/generated_cap004180.als","CORRECT",false,false,false,false,true,true
"binder_permutation_prenex/CORRECT/generated_cap004181.als","CORRECT",false,false,false,false,true,true
"binder_permutation_prenex/CORRECT/generated_cap004182.als","CORRECT",false,false,false,false,true,true
"binder_permutation_prenex/CORRECT/generated_cap004183.als","CORRECT",false,false,false,false,true,true
"binder_permutation_prenex/CORRECT/generated_cap004184.als","CORRECT",false,false,false,false,true,true
"binder_permutation_prenex/CORRECT/generated_cap004185.als","CORRECT",false,false,false,false,true,true
"binder_permutation_prenex/CORRECT/generated_cap004186.als","CORRECT",false,false,false,false,true,true
"binder_permutation_prenex/CORRECT/generated_cap004187.als","CORRECT",false,false,false,false,true,true
"binder_permutation_prenex/CORRECT/generated_cap004188.als","CORRECT",false,false,false,false,true,true
"binder_permutation_prenex/CORRECT/generated_cap004189.als","CORRECT",false,false,false,false,true,true
"binder_permutation_prenex/CORRECT/generated_cap004190.als","CORRECT",false,false,false,false,true,true
"binder_permutation_prenex/CORRECT/generated_cap004191.als","CORRECT",false,false,false,false,true,true
"binder_permutation_prenex/CORRECT/generated_cap004192.als","CORRECT",false,false,false,false,true,true
"binder_permutation_prenex/CORRECT/generated_cap004193.als","CORRECT",false,false,false,false,true,true
"binder_permutation_prenex/CORRECT/generated_cap004195.als","CORRECT",false,false,false,false,true,true
"binder_permutation_prenex/CORRECT/generated_cap004196.als","CORRECT",false,false,false,false,true,true
"binder_permutation_prenex/CORRECT/generated_cap004197.als","CORRECT",false,false,false,false,true,true
"binder_permutation_prenex/CORRECT/generated_cap004198.als","CORRECT",false,false,false,false,true,true
"binder_permutation_prenex/CORRECT/generated_cap004199.als","CORRECT",false,false,false,false,true,true
"binder_permutation_prenex/CORRECT/generated_cap004200.als","CORRECT",false,false,false,false,true,true
"binder_permutation_prenex/CORRECT/generated_cap004201.als","CORRECT",false,false,false,false,true,true
"binder_permutation_prenex/CORRECT/generated_cap004203.als","CORRECT",false,false,false,false,true,true
"binder_permutation_prenex/CORRECT/generated_cap004204.als","CORRECT",false,false,false,false,true,true
"binder_permutation_prenex/CORRECT/generated_cap004205.als","CORRECT",false,false,false,false,true,true
"binder_permutation_prenex/CORRECT/generated_cap004207.als","CORRECT",false,false,false,false,true,true
"binder_permutation_prenex/CORRECT/generated_cap004208.als","CORRECT",false,false,false,false,true,true
"binder_permutation_prenex/CORRECT/generated_cap004209.als","CORRECT",false,false,false,false,true,true
"binder_permutation_prenex/CORRECT/generated_cap004210.als","CORRECT",false,false,false,false,true,true
"binder_permutation_prenex/CORRECT/generated_cap004211.als","CORRECT",false,false,false,false,true,true
"binder_permutation_prenex/CORRECT/generated_cap004212.als","CORRECT",false,false,false,false,true,true
"binder_permutation_prenex/CORRECT/generated_cap004213.als","CORRECT",false,false,false,false,true,true
"binder_permutation_prenex/CORRECT/generated_cap004214.als","CORRECT",false,false,false,false,true,true
"binder_permutation_prenex/CORRECT/generated_cap004215.als","CORRECT",false,false,false,false,true,true
"binder_permutation_prenex/CORRECT/generated_cap004216.als","CORRECT",false,false,false,false,true,true
"binder_permutation_prenex/CORRECT/generated_cap004217.als","CORRECT",false,false,false,false,true,true
"binder_permutation_prenex/CORRECT/generated_cap004218.als","CORRECT",false,false,false,false,true,true
"binder_permutation_prenex/CORRECT/generated_cap004219.als","CORRECT",false,false,false,false,true,true
"binder_permutation_prenex/CORRECT/generated_cap004220.als","CORRECT",false,false,false,false,true,true
"binder_permutation_prenex/CORRECT/generated_cap004221.als","CORRECT",false,false,false,false,true,true
"binder_permutation_prenex/CORRECT/generated_cap004222.als","CORRECT",false,false,false,false,true,true
"binder_permutation_prenex/CORRECT/generated_cap004223.als","CORRECT",false,false,false,false,true,true
"binder_permutation_prenex/CORRECT/generated_cap004224.als","CORRECT",false,false,false,false,true,true
"binder_permutation_prenex/CORRECT/generated_cap004225.als","CORRECT",false,false,false,false,true,true
"binder_permutation_prenex/CORRECT/generated_cap004226.als","CORRECT",false,false,false,false,true,true
"binder_permutation_prenex/CORRECT/generated_cap004227.als","CORRECT",false,false,false,false,true,true
"binder_permutation_prenex/CORRECT/generated_cap004228.als","CORRECT",false,false,false,false,true,true
"binder_permutation_prenex/CORRECT/generated_cap004229.als","CORRECT",false,false,false,false,true,true
"binder_permutation_prenex/CORRECT/generated_cap004230.als","CORRECT",false,false,false,false,true,true
"binder_permutation_prenex/CORRECT/generated_cap004231.als","CORRECT",false,false,false,false,true,true
"binder_permutation_prenex/CORRECT/generated_cap004232.als","CORRECT",false,false,false,false,true,true
"binder_permutation_prenex/CORRECT/generated_cap004233.als","CORRECT",false,false,false,false,true,true
"binder_permutation_prenex/CORRECT/generated_cap004234.als","CORRECT",false,false,false,false,true,true
"binder_permutation_prenex/CORRECT/generated_cap004235.als","CORRECT",false,false,false,false,true,true
"binder_permutation_prenex/CORRECT/generated_cap004236.als","CORRECT",false,false,false,false,true,true
"binder_permutation_prenex/CORRECT/generated_cap004237.als","CORRECT",false,false,false,false,true,true
"binder_permutation_prenex/CORRECT/generated_cap004238.als","CORRECT",false,false,false,false,true,true
"binder_permutation_prenex/CORRECT/generated_cap004239.als","CORRECT",false,false,false,false,true,true
"binder_permutation_prenex/CORRECT/generated_cap004240.als","CORRECT",false,false,false,false,true,true
"binder_permutation_prenex/CORRECT/generated_cap004241.als","CORRECT",false,false,false,false,true,true
"binder_permutation_prenex/CORRECT/generated_cap004242.als","CORRECT",false,false,false,false,true,true
"binder_permutation_prenex/CORRECT/generated_cap004243.als","CORRECT",false,false,false,false,true,true
"binder_permutation_prenex/CORRECT/generated_cap004244.als","CORRECT",false,false,false,false,true,true
"binder_permutation_prenex/CORRECT/generated_cap004245.als","CORRECT",false,false,false,false,true,true
"binder_permutation_prenex/CORRECT/generated_cap004246.als","CORRECT",false,false,false,false,true,true
"binder_permutation_prenex/CORRECT/generated_cap004247.als","CORRECT",false,false,false,false,true,true
"binder_permutation_prenex/CORRECT/generated_cap004248.als","CORRECT",false,false,false,false,true,true
"binder_permutation_prenex/CORRECT/generated_cap004249.als","CORRECT",false,false,false,false,true,true
"binder_permutation_prenex/CORRECT/generated_cap004250.als","CORRECT",false,false,false,false,true,true
"binder_permutation_prenex/CORRECT/generated_cap004251.als","CORRECT",false,false,false,false,true,true
"binder_permutation_prenex/CORRECT/generated_cap004252.als","CORRECT",false,false,false,false,true,true
"binder_permutation_prenex/CORRECT/generated_cap004253.als","CORRECT",false,false,false,false,true,true
"binder_permutation_prenex/CORRECT/generated_cap004254.als","CORRECT",false,false,false,false,true,true
"binder_permutation_prenex/CORRECT/generated_cap004255.als","CORRECT",false,false,false,false,true,true
"binder_permutation_prenex/CORRECT/generated_cap004256.als","CORRECT",false,false,false,false,true,true
"binder_permutation_prenex/CORRECT/generated_cap004257.als","CORRECT",false,false,false,false,true,true
"binder_permutation_prenex/CORRECT/generated_cap004259.als","CORRECT",false,false,false,false,true,true
"binder_permutation_prenex/CORRECT/generated_cap004260.als","CORRECT",false,false,false,false,true,true
"binder_permutation_prenex/CORRECT/generated_cap004261.als","CORRECT",false,false,false,false,true,true
"binder_permutation_prenex/CORRECT/generated_cap004262.als","CORRECT",false,false,false,false,true,true
"binder_permutation_prenex/CORRECT/generated_cap004263.als","CORRECT",false,false,false,false,true,true
"binder_permutation_prenex/CORRECT/generated_cap004264.als","CORRECT",false,false,false,false,true,true
"binder_permutation_prenex/CORRECT/generated_cap004265.als","CORRECT",false,false,false,false,true,true
"binder_permutation_prenex/CORRECT/generated_cap004266.als","CORRECT",false,false,false,false,true,true
"binder_permutation_prenex/CORRECT/generated_cap004267.als","CORRECT",false,false,false,false,true,true
"binder_permutation_prenex/CORRECT/generated_cap004268.als","CORRECT",false,false,false,false,true,true
"binder_permutation_prenex/CORRECT/generated_cap004269.als","CORRECT",false,false,false,false,true,true
"binder_permutation_prenex/CORRECT/generated_cap004270.als","CORRECT",false,false,false,false,true,true
"binder_permutation_prenex/CORRECT/generated_cap004271.als","CORRECT",false,false,false,false,true,true
"binder_permutation_prenex/CORRECT/generated_cap004272.als","CORRECT",false,false,false,false,true,true
"binder_permutation_prenex/CORRECT/generated_cap004273.als","CORRECT",false,false,false,false,true,true
"binder_permutation_prenex/CORRECT/generated_cap004274.als","CORRECT",false,false,false,false,true,true
"binder_permutation_prenex/CORRECT/generated_cap004275.als","CORRECT",false,false,false,false,true,true
"binder_permutation_prenex/CORRECT/generated_cap004276.als","CORRECT",false,false,false,false,true,true
"binder_permutation_prenex/CORRECT/generated_cap004277.als","CORRECT",false,false,false,false,true,true
"binder_permutation_prenex/CORRECT/generated_cap004278.als","CORRECT",false,false,false,false,true,true
"binder_permutation_prenex/CORRECT/generated_cap004279.als","CORRECT",false,false,false,false,true,true
"binder_permutation_prenex/CORRECT/generated_cap004280.als","CORRECT",false,false,false,false,true,true
"binder_permutation_prenex/CORRECT/generated_cap004281.als","CORRECT",false,false,false,false,true,true
"binder_permutation_prenex/CORRECT/generated_cap004282.als","CORRECT",false,false,false,false,true,true
"binder_permutation_prenex/CORRECT/generated_cap004283.als","CORRECT",false,false,false,false,true,true
"binder_permutation_prenex/CORRECT/generated_cap004284.als","CORRECT",false,false,false,false,true,true
"binder_permutation_prenex/CORRECT/generated_cap004285.als","CORRECT",false,false,false,false,true,true
"binder_permutation_prenex/CORRECT/generated_cap004286.als","CORRECT",false,false,false,false,true,true
"binder_permutation_prenex/CORRECT/generated_cap004287.als","CORRECT",false,false,false,false,true,true
"binder_permutation_prenex/CORRECT/generated_cap004288.als","CORRECT",false,false,false,false,true,true
"binder_permutation_prenex/CORRECT/generated_cap004289.als","CORRECT",false,false,false,false,true,true
"binder_permutation_prenex/CORRECT/generated_cap004290.als","CORRECT",false,false,false,false,true,true
"binder_permutation_prenex/CORRECT/generated_cap004291.als","CORRECT",false,false,false,false,true,true
"binder_permutation_prenex/CORRECT/generated_cap004292.als","CORRECT",false,false,false,false,true,true
"binder_permutation_prenex/CORRECT/generated_cap004293.als","CORRECT",false,false,false,false,true,true
"binder_permutation_prenex/CORRECT/generated_cap004294.als","CORRECT",false,false,false,false,true,true
"binder_permutation_prenex/CORRECT/generated_cap004295.als","CORRECT",false,false,false,false,true,true
"binder_permutation_prenex/CORRECT/generated_cap004296.als","CORRECT",false,false,false,false,true,true
"binder_permutation_prenex/CORRECT/generated_cap004297.als","CORRECT",false,false,false,false,true,true
"binder_permutation_prenex/CORRECT/generated_cap004298.als","CORRECT",false,false,false,false,true,true
"binder_permutation_prenex/CORRECT/generated_cap004299.als","CORRECT",false,false,false,false,true,true
"binder_permutation_prenex/CORRECT/generated_cap004300.als","CORRECT",false,false,false,false,true,true
"binder_permutation_prenex/CORRECT/generated_cap004301.als","CORRECT",false,false,false,false,true,true
"binder_permutation_prenex/CORRECT/generated_cap004302.als","CORRECT",false,false,false,false,true,true
"binder_permutation_prenex/CORRECT/generated_cap004303.als","CORRECT",false,false,false,false,true,true
"binder_permutation_prenex/CORRECT/generated_cap004304.als","CORRECT",false,false,false,false,true,true
"binder_permutation_prenex/CORRECT/generated_cap004305.als","CORRECT",false,false,false,false,true,true
"binder_permutation_prenex/CORRECT/generated_cap004306.als","CORRECT",false,false,false,false,true,true
"binder_permutation_prenex/CORRECT/generated_cap004307.als","CORRECT",false,false,false,false,true,true
"binder_permutation_prenex/CORRECT/generated_cap004308.als","CORRECT",false,false,false,false,true,true
"binder_permutation_prenex/CORRECT/generated_cap004309.als","CORRECT",false,false,false,false,true,true
"binder_permutation_prenex/CORRECT/generated_cap004310.als","CORRECT",false,false,false,false,true,true
"binder_permutation_prenex/CORRECT/generated_cap004311.als","CORRECT",false,false,false,false,true,true
"binder_permutation_prenex/CORRECT/generated_cap004312.als","CORRECT",false,false,false,false,true,true
"binder_permutation_prenex/CORRECT/generated_cap004313.als","CORRECT",false,false,false,false,true,true
"binder_permutation_prenex/CORRECT/generated_cap004314.als","CORRECT",false,false,false,false,true,true
"binder_permutation_prenex/CORRECT/generated_cap004315.als","CORRECT",false,false,false,false,true,true
"binder_permutation_prenex/CORRECT/generated_cap004316.als","CORRECT",false,false,false,false,true,true
"binder_permutation_prenex/CORRECT/generated_cap004317.als","CORRECT",false,false,false,false,true,true
"binder_permutation_prenex/CORRECT/generated_cap004318.als","CORRECT",false,false,false,false,true,true
"binder_permutation_prenex/CORRECT/generated_cap004319.als","CORRECT",false,false,false,false,true,true
"binder_permutation_prenex/CORRECT/generated_cap004320.als","CORRECT",false,false,false,false,true,true
"binder_permutation_prenex/CORRECT/generated_cap004321.als","CORRECT",false,false,false,false,true,true
"binder_permutation_prenex/CORRECT/generated_cap004323.als","CORRECT",false,false,false,false,true,true
"binder_permutation_prenex/CORRECT/generated_cap004324.als","CORRECT",false,false,false,false,true,true
"binder_permutation_prenex/CORRECT/generated_cap004325.als","CORRECT",false,false,false,false,true,true
"binder_permutation_prenex/CORRECT/generated_cap004326.als","CORRECT",false,false,false,false,true,true
"binder_permutation_prenex/CORRECT/generated_cap004327.als","CORRECT",false,false,false,false,true,true
"binder_permutation_prenex/CORRECT/generated_cap004328.als","CORRECT",false,false,false,false,true,true
"binder_permutation_prenex/CORRECT/generated_cap004329.als","CORRECT",false,false,false,false,true,true
"binder_permutation_prenex/CORRECT/generated_cap004330.als","CORRECT",false,false,false,false,true,true
"binder_permutation_prenex/CORRECT/generated_cap004331.als","CORRECT",false,false,false,false,true,true
"binder_permutation_prenex/CORRECT/generated_cap004332.als","CORRECT",false,false,false,false,true,true
"binder_permutation_prenex/CORRECT/generated_cap004333.als","CORRECT",false,false,false,false,true,true
"binder_permutation_prenex/CORRECT/generated_cap004334.als","CORRECT",false,false,false,false,true,true
"binder_permutation_prenex/CORRECT/generated_cap004335.als","CORRECT",false,false,false,false,true,true
"binder_permutation_prenex/CORRECT/generated_cap004336.als","CORRECT",false,false,false,false,true,true
"binder_permutation_prenex/CORRECT/generated_cap004337.als","CORRECT",false,false,false,false,true,true
"binder_permutation_prenex/CORRECT/generated_cap004338.als","CORRECT",false,false,false,false,true,true
"binder_permutation_prenex/CORRECT/generated_cap004339.als","CORRECT",false,false,false,false,true,true
"binder_permutation_prenex/CORRECT/generated_cap004340.als","CORRECT",false,false,false,false,true,true
"binder_permutation_prenex/CORRECT/generated_cap004341.als","CORRECT",false,false,false,false,true,true
"binder_permutation_prenex/CORRECT/generated_cap004342.als","CORRECT",false,false,false,false,true,true
"binder_permutation_prenex/CORRECT/generated_cap004343.als","CORRECT",false,false,false,false,true,true
"binder_permutation_prenex/CORRECT/generated_cap004344.als","CORRECT",false,false,false,false,true,true
"binder_permutation_prenex/CORRECT/generated_cap004345.als","CORRECT",false,false,false,false,true,true
"binder_permutation_prenex/CORRECT/generated_cap004346.als","CORRECT",false,false,false,false,true,true
"binder_permutation_prenex/CORRECT/generated_cap004347.als","CORRECT",false,false,false,false,true,true
"binder_permutation_prenex/CORRECT/generated_cap004348.als","CORRECT",false,false,false,false,true,true
"binder_permutation_prenex/CORRECT/generated_cap004349.als","CORRECT",false,false,false,false,true,true
"binder_permutation_prenex/CORRECT/generated_cap004350.als","CORRECT",false,false,false,false,true,true
"binder_permutation_prenex/CORRECT/generated_cap004351.als","CORRECT",false,false,false,false,true,true
"binder_permutation_prenex/CORRECT/generated_cap004352.als","CORRECT",false,false,false,false,true,true
"binder_permutation_prenex/CORRECT/generated_cap004353.als","CORRECT",false,false,false,false,true,true
"binder_permutation_prenex/CORRECT/generated_cap004354.als","CORRECT",false,false,false,false,true,true
"binder_permutation_prenex/CORRECT/generated_cap004355.als","CORRECT",false,false,false,false,true,true
"binder_permutation_prenex/CORRECT/generated_cap004356.als","CORRECT",false,false,false,false,true,true
"binder_permutation_prenex/CORRECT/generated_cap004357.als","CORRECT",false,false,false,false,true,true
"binder_permutation_prenex/CORRECT/generated_cap004358.als","CORRECT",false,false,false,false,true,true
"binder_permutation_prenex/CORRECT/generated_cap004359.als","CORRECT",false,false,false,false,true,true
"binder_permutation_prenex/CORRECT/generated_cap004360.als","CORRECT",false,false,false,false,true,true
"binder_permutation_prenex/CORRECT/generated_cap004361.als","CORRECT",false,false,false,false,true,true
"binder_permutation_prenex/CORRECT/generated_cap004362.als","CORRECT",false,false,false,false,true,true
"binder_permutation_prenex/CORRECT/generated_cap004363.als","CORRECT",false,false,false,false,true,true
"binder_permutation_prenex/CORRECT/generated_cap004364.als","CORRECT",false,false,false,false,true,true
"binder_permutation_prenex/CORRECT/generated_cap004365.als","CORRECT",false,false,false,false,true,true
"binder_permutation_prenex/CORRECT/generated_cap004366.als","CORRECT",false,false,false,false,true,true
"binder_permutation_prenex/CORRECT/generated_cap004367.als","CORRECT",false,false,false,false,true,true
"binder_permutation_prenex/CORRECT/generated_cap004368.als","CORRECT",false,false,false,false,true,true
"binder_permutation_prenex/CORRECT/generated_cap004369.als","CORRECT",false,false,false,false,true,true
"binder_permutation_prenex/CORRECT/generated_cap004370.als","CORRECT",false,false,false,false,true,true
"binder_permutation_prenex/CORRECT/generated_cap004371.als","CORRECT",false,false,false,false,true,true
"binder_permutation_prenex/CORRECT/generated_cap004372.als","CORRECT",false,false,false,false,true,true
"binder_permutation_prenex/CORRECT/generated_cap004373.als","CORRECT",false,false,false,false,true,true
"binder_permutation_prenex/CORRECT/generated_cap004374.als","CORRECT",false,false,false,false,true,true
"binder_permutation_prenex/CORRECT/generated_cap004375.als","CORRECT",false,false,false,false,true,true
"binder_permutation_prenex/CORRECT/generated_cap004376.als","CORRECT",false,false,false,false,true,true
"binder_permutation_prenex/CORRECT/generated_cap004377.als","CORRECT",false,false,false,false,true,true
"binder_permutation_prenex/CORRECT/generated_cap004378.als","CORRECT",false,false,false,false,true,true
"binder_permutation_prenex/CORRECT/generated_cap004379.als","CORRECT",false,false,false,false,true,true
"binder_permutation_prenex/CORRECT/generated_cap004380.als","CORRECT",false,false,false,false,true,true
"binder_permutation_prenex/CORRECT/generated_cap004381.als","CORRECT",false,false,false,false,true,true
"binder_permutation_prenex/CORRECT/generated_cap004382.als","CORRECT",false,false,false,false,true,true
"binder_permutation_prenex/CORRECT/generated_cap004383.als","CORRECT",false,false,false,false,true,true
"binder_permutation_prenex/CORRECT/generated_cap004384.als","CORRECT",false,false,false,false,true,true
"binder_permutation_prenex/CORRECT/generated_cap004385.als","CORRECT",false,false,false,false,true,true
"binder_permutation_prenex/CORRECT/generated_cap004387.als","CORRECT",false,false,false,false,true,true
"binder_permutation_prenex/CORRECT/generated_cap004388.als","CORRECT",false,false,false,false,true,true
"binder_permutation_prenex/CORRECT/generated_cap004389.als","CORRECT",false,false,false,false,true,true
"binder_permutation_prenex/CORRECT/generated_cap004390.als","CORRECT",false,false,false,false,true,true
"binder_permutation_prenex/CORRECT/generated_cap004391.als","CORRECT",false,false,false,false,true,true
"binder_permutation_prenex/CORRECT/generated_cap004392.als","CORRECT",false,false,false,false,true,true
"binder_permutation_prenex/CORRECT/generated_cap004393.als","CORRECT",false,false,false,false,true,true
"binder_permutation_prenex/CORRECT/generated_cap004394.als","CORRECT",false,false,false,false,true,true
"binder_permutation_prenex/CORRECT/generated_cap004395.als","CORRECT",false,false,false,false,true,true
"binder_permutation_prenex/CORRECT/generated_cap004396.als","CORRECT",false,false,false,false,true,true
"binder_permutation_prenex/CORRECT/generated_cap004397.als","CORRECT",false,false,false,false,true,true
"binder_permutation_prenex/CORRECT/generated_cap004398.als","CORRECT",false,false,false,false,true,true
"binder_permutation_prenex/CORRECT/generated_cap004399.als","CORRECT",false,false,false,false,true,true
"binder_permutation_prenex/CORRECT/generated_cap004400.als","CORRECT",false,false,false,false,true,true
"binder_permutation_prenex/CORRECT/generated_cap004401.als","CORRECT",false,false,false,false,true,true
"binder_permutation_prenex/CORRECT/generated_cap004402.als","CORRECT",false,false,false,false,true,true
"binder_permutation_prenex/CORRECT/generated_cap004403.als","CORRECT",false,false,false,false,true,true
"binder_permutation_prenex/CORRECT/generated_cap004404.als","CORRECT",false,false,false,false,true,true
"binder_permutation_prenex/CORRECT/generated_cap004405.als","CORRECT",false,false,false,false,true,true
"binder_permutation_prenex/CORRECT/generated_cap004406.als","CORRECT",false,false,false,false,true,true
"binder_permutation_prenex/CORRECT/generated_cap004407.als","CORRECT",false,false,false,false,true,true
"binder_permutation_prenex/CORRECT/generated_cap004408.als","CORRECT",false,false,false,false,true,true
"binder_permutation_prenex/CORRECT/generated_cap004409.als","CORRECT",false,false,false,false,true,true
"binder_permutation_prenex/CORRECT/generated_cap004410.als","CORRECT",false,false,false,false,true,true
"binder_permutation_prenex/CORRECT/generated_cap004411.als","CORRECT",false,false,false,false,true,true
"binder_permutation_prenex/CORRECT/generated_cap004412.als","CORRECT",false,false,false,false,true,true
"binder_permutation_prenex/CORRECT/generated_cap004413.als","CORRECT",false,false,false,false,true,true
"binder_permutation_prenex/CORRECT/generated_cap004414.als","CORRECT",false,false,false,false,true,true
"binder_permutation_prenex/CORRECT/generated_cap004415.als","CORRECT",false,false,false,false,true,true
"binder_permutation_prenex/CORRECT/generated_cap004416.als","CORRECT",false,false,false,false,true,true
"binder_permutation_prenex/CORRECT/generated_cap004417.als","CORRECT",false,false,false,false,true,true
"binder_permutation_prenex/CORRECT/generated_cap004418.als","CORRECT",false,false,false,false,true,true
"binder_permutation_prenex/CORRECT/generated_cap004419.als","CORRECT",false,false,false,false,true,true
"binder_permutation_prenex/CORRECT/generated_cap004420.als","CORRECT",false,false,false,false,true,true
"binder_permutation_prenex/CORRECT/generated_cap004421.als","CORRECT",false,false,false,false,true,true
"binder_permutation_prenex/CORRECT/generated_cap004422.als","CORRECT",false,false,false,false,true,true
"binder_permutation_prenex/CORRECT/generated_cap004423.als","CORRECT",false,false,false,false,true,true
"binder_permutation_prenex/CORRECT/generated_cap004424.als","CORRECT",false,false,false,false,true,true
"binder_permutation_prenex/CORRECT/generated_cap004425.als","CORRECT",false,false,false,false,true,true
"binder_permutation_prenex/CORRECT/generated_cap004426.als","CORRECT",false,false,false,false,true,true
"binder_permutation_prenex/CORRECT/generated_cap004427.als","CORRECT",false,false,false,false,true,true
"binder_permutation_prenex/CORRECT/generated_cap004428.als","CORRECT",false,false,false,false,true,true
"binder_permutation_prenex/CORRECT/generated_cap004429.als","CORRECT",false,false,false,false,true,true
"binder_permutation_prenex/CORRECT/generated_cap004430.als","CORRECT",false,false,false,false,true,true
"binder_permutation_prenex/CORRECT/generated_cap004431.als","CORRECT",false,false,false,false,true,true
"binder_permutation_prenex/CORRECT/generated_cap004432.als","CORRECT",false,false,false,false,true,true
"binder_permutation_prenex/CORRECT/generated_cap004433.als","CORRECT",false,false,false,false,true,true
"binder_permutation_prenex/CORRECT/generated_cap004434.als","CORRECT",false,false,false,false,true,true
"binder_permutation_prenex/CORRECT/generated_cap004435.als","CORRECT",false,false,false,false,true,true
"binder_permutation_prenex/CORRECT/generated_cap004436.als","CORRECT",false,false,false,false,true,true
"binder_permutation_prenex/CORRECT/generated_cap004437.als","CORRECT",false,false,false,false,true,true
"binder_permutation_prenex/CORRECT/generated_cap004438.als","CORRECT",false,false,false,false,true,true
"binder_permutation_prenex/CORRECT/generated_cap004439.als","CORRECT",false,false,false,false,true,true
"binder_permutation_prenex/CORRECT/generated_cap004440.als","CORRECT",false,false,false,false,true,true
"binder_permutation_prenex/CORRECT/generated_cap004441.als","CORRECT",false,false,false,false,true,true
"binder_permutation_prenex/CORRECT/generated_cap004442.als","CORRECT",false,false,false,false,true,true
"binder_permutation_prenex/CORRECT/generated_cap004443.als","CORRECT",false,false,false,false,true,true
"binder_permutation_prenex/CORRECT/generated_cap004444.als","CORRECT",false,false,false,false,true,true
"binder_permutation_prenex/CORRECT/generated_cap004445.als","CORRECT",false,false,false,false,true,true
"binder_permutation_prenex/CORRECT/generated_cap004446.als","CORRECT",false,false,false,false,true,true
"binder_permutation_prenex/CORRECT/generated_cap004447.als","CORRECT",false,false,false,false,true,true
"binder_permutation_prenex/CORRECT/generated_cap004448.als","CORRECT",false,false,false,false,true,true
"binder_permutation_prenex/CORRECT/generated_cap004449.als","CORRECT",false,false,false,false,true,true
"binder_permutation_prenex/CORRECT/generated_cap004451.als","CORRECT",false,false,false,false,true,true
"binder_permutation_prenex/CORRECT/generated_cap004452.als","CORRECT",false,false,false,false,true,true
"binder_permutation_prenex/CORRECT/generated_cap004453.als","CORRECT",false,false,false,false,true,true
"binder_permutation_prenex/CORRECT/generated_cap004454.als","CORRECT",false,false,false,false,true,true
"binder_permutation_prenex/CORRECT/generated_cap004455.als","CORRECT",false,false,false,false,true,true
"binder_permutation_prenex/CORRECT/generated_cap004456.als","CORRECT",false,false,false,false,true,true
"binder_permutation_prenex/CORRECT/generated_cap004457.als","CORRECT",false,false,false,false,true,true
"binder_permutation_prenex/CORRECT/generated_cap004458.als","CORRECT",false,false,false,false,true,true
"binder_permutation_prenex/CORRECT/generated_cap004459.als","CORRECT",false,false,false,false,true,true
"binder_permutation_prenex/CORRECT/generated_cap004460.als","CORRECT",false,false,false,false,true,true
"binder_permutation_prenex/CORRECT/generated_cap004461.als","CORRECT",false,false,false,false,true,true
"binder_permutation_prenex/CORRECT/generated_cap004462.als","CORRECT",false,false,false,false,true,true
"binder_permutation_prenex/CORRECT/generated_cap004463.als","CORRECT",false,false,false,false,true,true
"binder_permutation_prenex/CORRECT/generated_cap004464.als","CORRECT",false,false,false,false,true,true
"binder_permutation_prenex/CORRECT/generated_cap004465.als","CORRECT",false,false,false,false,true,true
"binder_permutation_prenex/CORRECT/generated_cap004466.als","CORRECT",false,false,false,false,true,true
"binder_permutation_prenex/CORRECT/generated_cap004467.als","CORRECT",false,false,false,false,true,true
"binder_permutation_prenex/CORRECT/generated_cap004468.als","CORRECT",false,false,false,false,true,true
"binder_permutation_prenex/CORRECT/generated_cap004469.als","CORRECT",false,false,false,false,true,true
"binder_permutation_prenex/CORRECT/generated_cap004470.als","CORRECT",false,false,false,false,true,true
"binder_permutation_prenex/CORRECT/generated_cap004471.als","CORRECT",false,false,false,false,true,true
"binder_permutation_prenex/CORRECT/generated_cap004472.als","CORRECT",false,false,false,false,true,true
"binder_permutation_prenex/CORRECT/generated_cap004473.als","CORRECT",false,false,false,false,true,true
"binder_permutation_prenex/CORRECT/generated_cap004474.als","CORRECT",false,false,false,false,true,true
"binder_permutation_prenex/CORRECT/generated_cap004475.als","CORRECT",false,false,false,false,true,true
"binder_permutation_prenex/CORRECT/generated_cap004476.als","CORRECT",false,false,false,false,true,true
"binder_permutation_prenex/CORRECT/generated_cap004477.als","CORRECT",false,false,false,false,true,true
"binder_permutation_prenex/CORRECT/generated_cap004478.als","CORRECT",false,false,false,false,true,true
"binder_permutation_prenex/CORRECT/generated_cap004479.als","CORRECT",false,false,false,false,true,true
"binder_permutation_prenex/CORRECT/generated_cap004480.als","CORRECT",false,false,false,false,true,true
"binder_permutation_prenex/CORRECT/generated_cap004481.als","CORRECT",false,false,false,false,true,true
"binder_permutation_prenex/CORRECT/generated_cap004482.als","CORRECT",false,false,false,false,true,true
"binder_permutation_prenex/CORRECT/generated_cap004483.als","CORRECT",false,false,false,false,true,true
"binder_permutation_prenex/CORRECT/generated_cap004484.als","CORRECT",false,false,false,false,true,true
"binder_permutation_prenex/CORRECT/generated_cap004485.als","CORRECT",false,false,false,false,true,true
"binder_permutation_prenex/CORRECT/generated_cap004486.als","CORRECT",false,false,false,false,true,true
"binder_permutation_prenex/CORRECT/generated_cap004487.als","CORRECT",false,false,false,false,true,true
"binder_permutation_prenex/CORRECT/generated_cap004488.als","CORRECT",false,false,false,false,true,true
"binder_permutation_prenex/CORRECT/generated_cap004489.als","CORRECT",false,false,false,false,true,true
"binder_permutation_prenex/CORRECT/generated_cap004490.als","CORRECT",false,false,false,false,true,true
"binder_permutation_prenex/CORRECT/generated_cap004491.als","CORRECT",false,false,false,false,true,true
"binder_permutation_prenex/CORRECT/generated_cap004492.als","CORRECT",false,false,false,false,true,true
"binder_permutation_prenex/CORRECT/generated_cap004493.als","CORRECT",false,false,false,false,true,true
"binder_permutation_prenex/CORRECT/generated_cap004494.als","CORRECT",false,false,false,false,true,true
"binder_permutation_prenex/CORRECT/generated_cap004495.als","CORRECT",false,false,false,false,true,true
"binder_permutation_prenex/CORRECT/generated_cap004496.als","CORRECT",false,false,false,false,true,true
"binder_permutation_prenex/CORRECT/generated_cap004497.als","CORRECT",false,false,false,false,true,true
"binder_permutation_prenex/CORRECT/generated_cap004498.als","CORRECT",false,false,false,false,true,true
"binder_permutation_prenex/CORRECT/generated_cap004499.als","CORRECT",false,false,false,false,true,true
"mixed/CORRECT/generated_cap005000.als","CORRECT",false,false,false,false,true,true
"mixed/CORRECT/generated_cap005001.als","CORRECT",false,false,false,false,true,true
"mixed/CORRECT/generated_cap005003.als","CORRECT",false,false,false,false,true,true
"mixed/CORRECT/generated_cap005004.als","CORRECT",false,false,false,false,true,true
"mixed/CORRECT/generated_cap005005.als","CORRECT",false,false,false,false,true,true
"mixed/CORRECT/generated_cap005007.als","CORRECT",false,false,false,false,true,true
"mixed/CORRECT/generated_cap005008.als","CORRECT",false,false,false,false,true,true
"mixed/CORRECT/generated_cap005009.als","CORRECT",false,false,false,false,true,true
"mixed/CORRECT/generated_cap005011.als","CORRECT",false,false,false,false,true,true
"mixed/CORRECT/generated_cap005012.als","CORRECT",false,false,false,false,true,true
"mixed/CORRECT/generated_cap005013.als","CORRECT",false,false,false,false,true,true
"mixed/CORRECT/generated_cap005015.als","CORRECT",false,false,false,false,true,true
"mixed/CORRECT/generated_cap005016.als","CORRECT",false,false,false,false,true,true
"mixed/CORRECT/generated_cap005017.als","CORRECT",false,false,false,false,true,true
"mixed/CORRECT/generated_cap005019.als","CORRECT",false,false,false,false,true,true
"mixed/CORRECT/generated_cap005020.als","CORRECT",false,false,false,false,true,true
"mixed/CORRECT/generated_cap005023.als","CORRECT",false,false,false,false,true,true
"mixed/CORRECT/generated_cap005024.als","CORRECT",false,false,false,false,true,true
"mixed/CORRECT/generated_cap005025.als","CORRECT",false,false,false,false,true,true
"mixed/CORRECT/generated_cap005027.als","CORRECT",false,false,false,false,true,true
"mixed/CORRECT/generated_cap005028.als","CORRECT",false,false,false,false,true,true
"mixed/CORRECT/generated_cap005030.als","CORRECT",false,false,false,false,true,true
"mixed/CORRECT/generated_cap005031.als","CORRECT",false,false,false,false,true,true
"mixed/CORRECT/generated_cap005032.als","CORRECT",false,false,false,false,true,true
"mixed/CORRECT/generated_cap005035.als","CORRECT",false,false,false,false,true,true
"mixed/CORRECT/generated_cap005036.als","CORRECT",false,false,false,false,true,true
"mixed/CORRECT/generated_cap005037.als","CORRECT",false,false,false,false,true,true
"mixed/CORRECT/generated_cap005038.als","CORRECT",false,false,false,false,true,true
"mixed/CORRECT/generated_cap005039.als","CORRECT",false,false,false,false,true,true
"mixed/CORRECT/generated_cap005040.als","CORRECT",false,false,false,false,true,true
"mixed/CORRECT/generated_cap005041.als","CORRECT",false,false,false,false,true,true
"mixed/CORRECT/generated_cap005043.als","CORRECT",false,false,false,false,true,true
"mixed/CORRECT/generated_cap005044.als","CORRECT",false,false,false,false,true,true
"mixed/CORRECT/generated_cap005045.als","CORRECT",false,false,false,false,true,true
"mixed/CORRECT/generated_cap005046.als","CORRECT",false,false,false,false,true,true
"mixed/CORRECT/generated_cap005047.als","CORRECT",false,false,false,false,true,true
"mixed/CORRECT/generated_cap005048.als","CORRECT",false,false,false,false,true,true
"mixed/CORRECT/generated_cap005049.als","CORRECT",false,false,false,false,true,true
"mixed/CORRECT/generated_cap005051.als","CORRECT",false,false,false,false,true,true
"mixed/CORRECT/generated_cap005052.als","CORRECT",false,false,false,false,true,true
"mixed/CORRECT/generated_cap005053.als","CORRECT",false,false,false,false,true,true
"mixed/CORRECT/generated_cap005054.als","CORRECT",false,false,false,false,true,true
"mixed/CORRECT/generated_cap005055.als","CORRECT",false,false,false,false,true,true
"mixed/CORRECT/generated_cap005056.als","CORRECT",false,false,false,false,true,true
"mixed/CORRECT/generated_cap005057.als","CORRECT",false,false,false,false,true,true
"mixed/CORRECT/generated_cap005059.als","CORRECT",false,false,false,false,true,true
"mixed/CORRECT/generated_cap005060.als","CORRECT",false,false,false,false,true,true
"mixed/CORRECT/generated_cap005061.als","CORRECT",false,false,false,false,true,true
"mixed/CORRECT/generated_cap005062.als","CORRECT",false,false,false,false,true,true
"mixed/CORRECT/generated_cap005063.als","CORRECT",false,false,false,false,true,true
"mixed/CORRECT/generated_cap005064.als","CORRECT",false,false,false,false,true,true
"mixed/CORRECT/generated_cap005065.als","CORRECT",false,false,false,false,true,true
"mixed/CORRECT/generated_cap005067.als","CORRECT",false,false,false,false,true,true
"mixed/CORRECT/generated_cap005068.als","CORRECT",false,false,false,false,true,true
"mixed/CORRECT/generated_cap005069.als","CORRECT",false,false,false,false,true,true
"mixed/CORRECT/generated_cap005071.als","CORRECT",false,false,false,false,true,true
"mixed/CORRECT/generated_cap005072.als","CORRECT",false,false,false,false,true,true
"mixed/CORRECT/generated_cap005075.als","CORRECT",false,false,false,false,true,true
"mixed/CORRECT/generated_cap005076.als","CORRECT",false,false,false,false,true,true
"mixed/CORRECT/generated_cap005077.als","CORRECT",false,false,false,false,true,true
"mixed/CORRECT/generated_cap005079.als","CORRECT",false,false,false,false,true,true
"mixed/CORRECT/generated_cap005080.als","CORRECT",false,false,false,false,true,true
"mixed/CORRECT/generated_cap005081.als","CORRECT",false,false,false,false,true,true
"mixed/CORRECT/generated_cap005083.als","CORRECT",false,false,false,false,true,true
"mixed/CORRECT/generated_cap005084.als","CORRECT",false,false,false,false,true,true
"mixed/CORRECT/generated_cap005086.als","CORRECT",false,false,false,false,true,true
"mixed/CORRECT/generated_cap005087.als","CORRECT",false,false,false,false,true,true
"mixed/CORRECT/generated_cap005088.als","CORRECT",false,false,false,false,true,true
"mixed/CORRECT/generated_cap005089.als","CORRECT",false,false,false,false,true,true
"mixed/CORRECT/generated_cap005092.als","CORRECT",false,false,false,false,true,true
"mixed/CORRECT/generated_cap005093.als","CORRECT",false,false,false,false,true,true
"mixed/CORRECT/generated_cap005095.als","CORRECT",false,false,false,false,true,true
"mixed/CORRECT/generated_cap005096.als","CORRECT",false,false,false,false,true,true
"mixed/CORRECT/generated_cap005097.als","CORRECT",false,false,false,false,true,true
"mixed/CORRECT/generated_cap005098.als","CORRECT",false,false,false,false,true,true
"mixed/CORRECT/generated_cap005099.als","CORRECT",false,false,false,false,true,true
"mixed/CORRECT/generated_cap005100.als","CORRECT",false,false,false,false,true,true
"mixed/CORRECT/generated_cap005101.als","CORRECT",false,false,false,false,true,true
"mixed/CORRECT/generated_cap005102.als","CORRECT",false,false,false,false,true,true
"mixed/CORRECT/generated_cap005103.als","CORRECT",false,false,false,false,true,true
"mixed/CORRECT/generated_cap005104.als","CORRECT",false,false,false,false,true,true
"mixed/CORRECT/generated_cap005105.als","CORRECT",false,false,false,false,true,true
"mixed/CORRECT/generated_cap005106.als","CORRECT",false,false,false,false,true,true
"mixed/CORRECT/generated_cap005107.als","CORRECT",false,false,false,false,true,true
"mixed/CORRECT/generated_cap005108.als","CORRECT",false,false,false,false,true,true
"mixed/CORRECT/generated_cap005109.als","CORRECT",false,false,false,false,true,true
"mixed/CORRECT/generated_cap005111.als","CORRECT",false,false,false,false,true,true
"mixed/CORRECT/generated_cap005112.als","CORRECT",false,false,false,false,true,true
"mixed/CORRECT/generated_cap005113.als","CORRECT",false,false,false,false,true,true
"mixed/CORRECT/generated_cap005114.als","CORRECT",false,false,false,false,true,true
"mixed/CORRECT/generated_cap005115.als","CORRECT",false,false,false,false,true,true
"mixed/CORRECT/generated_cap005116.als","CORRECT",false,false,false,false,true,true
"mixed/CORRECT/generated_cap005117.als","CORRECT",false,false,false,false,true,true
"mixed/CORRECT/generated_cap005118.als","CORRECT",false,false,false,false,true,true
"mixed/CORRECT/generated_cap005119.als","CORRECT",false,false,false,false,true,true
"mixed/CORRECT/generated_cap005120.als","CORRECT",false,false,false,false,true,true
"mixed/CORRECT/generated_cap005121.als","CORRECT",false,false,false,false,true,true
"mixed/CORRECT/generated_cap005122.als","CORRECT",false,false,false,false,true,true
"mixed/CORRECT/generated_cap005123.als","CORRECT",false,false,false,false,true,true
"mixed/CORRECT/generated_cap005124.als","CORRECT",false,false,false,false,true,true
"mixed/CORRECT/generated_cap005125.als","CORRECT",false,false,false,false,true,true
"mixed/CORRECT/generated_cap005126.als","CORRECT",false,false,false,false,true,true
"mixed/CORRECT/generated_cap005127.als","CORRECT",false,false,false,false,true,true
"mixed/CORRECT/generated_cap005128.als","CORRECT",false,false,false,false,true,true
"mixed/CORRECT/generated_cap005129.als","CORRECT",false,false,false,false,true,true
"mixed/CORRECT/generated_cap005131.als","CORRECT",false,false,false,false,true,true
"mixed/CORRECT/generated_cap005132.als","CORRECT",false,false,false,false,true,true
"mixed/CORRECT/generated_cap005133.als","CORRECT",false,false,false,false,true,true
"mixed/CORRECT/generated_cap005135.als","CORRECT",false,false,false,false,true,true
"mixed/CORRECT/generated_cap005136.als","CORRECT",false,false,false,false,true,true
"mixed/CORRECT/generated_cap005137.als","CORRECT",false,false,false,false,true,true
"mixed/CORRECT/generated_cap005138.als","CORRECT",false,false,false,false,true,true
"mixed/CORRECT/generated_cap005139.als","CORRECT",false,false,false,false,true,true
"mixed/CORRECT/generated_cap005140.als","CORRECT",false,false,false,false,true,true
"mixed/CORRECT/generated_cap005141.als","CORRECT",false,false,false,false,true,true
"mixed/CORRECT/generated_cap005142.als","CORRECT",false,false,false,false,true,true
"mixed/CORRECT/generated_cap005143.als","CORRECT",false,false,false,false,true,true
"mixed/CORRECT/generated_cap005144.als","CORRECT",false,false,false,false,true,true
"mixed/CORRECT/generated_cap005145.als","CORRECT",false,false,false,false,true,true
"mixed/CORRECT/generated_cap005146.als","CORRECT",false,false,false,false,true,true
"mixed/CORRECT/generated_cap005147.als","CORRECT",false,false,false,false,true,true
"mixed/CORRECT/generated_cap005148.als","CORRECT",false,false,false,false,true,true
"mixed/CORRECT/generated_cap005150.als","CORRECT",false,false,false,false,true,true
"mixed/CORRECT/generated_cap005151.als","CORRECT",false,false,false,false,true,true
"mixed/CORRECT/generated_cap005152.als","CORRECT",false,false,false,false,true,true
"mixed/CORRECT/generated_cap005153.als","CORRECT",false,false,false,false,true,true
"mixed/CORRECT/generated_cap005154.als","CORRECT",false,false,false,false,true,true
"mixed/CORRECT/generated_cap005155.als","CORRECT",false,false,false,false,true,true
"mixed/CORRECT/generated_cap005156.als","CORRECT",false,false,false,false,true,true
"mixed/CORRECT/generated_cap005157.als","CORRECT",false,false,false,false,true,true
"mixed/CORRECT/generated_cap005158.als","CORRECT",false,false,false,false,true,true
"mixed/CORRECT/generated_cap005159.als","CORRECT",false,false,false,false,true,true
"mixed/CORRECT/generated_cap005160.als","CORRECT",false,false,false,false,true,true
"mixed/CORRECT/generated_cap005161.als","CORRECT",false,false,false,false,true,true
"mixed/CORRECT/generated_cap005162.als","CORRECT",false,false,false,false,true,true
"mixed/CORRECT/generated_cap005163.als","CORRECT",false,false,false,false,true,true
"mixed/CORRECT/generated_cap005164.als","CORRECT",false,false,false,false,true,true
"mixed/CORRECT/generated_cap005165.als","CORRECT",false,false,false,false,true,true
"mixed/CORRECT/generated_cap005166.als","CORRECT",false,false,false,false,true,true
"mixed/CORRECT/generated_cap005167.als","CORRECT",false,false,false,false,true,true
"mixed/CORRECT/generated_cap005168.als","CORRECT",false,false,false,false,true,true
"mixed/CORRECT/generated_cap005169.als","CORRECT",false,false,false,false,true,true
"mixed/CORRECT/generated_cap005170.als","CORRECT",false,false,false,false,true,true
"mixed/CORRECT/generated_cap005171.als","CORRECT",false,false,false,false,true,true
"mixed/CORRECT/generated_cap005172.als","CORRECT",false,false,false,false,true,true
"mixed/CORRECT/generated_cap005173.als","CORRECT",false,false,false,false,true,true
"mixed/CORRECT/generated_cap005174.als","CORRECT",false,false,false,false,true,true
"mixed/CORRECT/generated_cap005175.als","CORRECT",false,false,false,false,true,true
"mixed/CORRECT/generated_cap005176.als","CORRECT",false,false,false,false,true,true
"mixed/CORRECT/generated_cap005177.als","CORRECT",false,false,false,false,true,true
"mixed/CORRECT/generated_cap005178.als","CORRECT",false,false,false,false,true,true
"mixed/CORRECT/generated_cap005179.als","CORRECT",false,false,false,false,true,true
"mixed/CORRECT/generated_cap005180.als","CORRECT",false,false,false,false,true,true
"mixed/CORRECT/generated_cap005181.als","CORRECT",false,false,false,false,true,true
"mixed/CORRECT/generated_cap005182.als","CORRECT",false,false,false,false,true,true
"mixed/CORRECT/generated_cap005183.als","CORRECT",false,false,false,false,true,true
"mixed/CORRECT/generated_cap005184.als","CORRECT",false,false,false,false,true,true
"mixed/CORRECT/generated_cap005185.als","CORRECT",false,false,false,false,true,true
"mixed/CORRECT/generated_cap005186.als","CORRECT",false,false,false,false,true,true
"mixed/CORRECT/generated_cap005187.als","CORRECT",false,false,false,false,true,true
"mixed/CORRECT/generated_cap005188.als","CORRECT",false,false,false,false,true,true
"mixed/CORRECT/generated_cap005189.als","CORRECT",false,false,false,false,true,true
"mixed/CORRECT/generated_cap005190.als","CORRECT",false,false,false,false,true,true
"mixed/CORRECT/generated_cap005191.als","CORRECT",false,false,false,false,true,true
"mixed/CORRECT/generated_cap005192.als","CORRECT",false,false,false,false,true,true
"mixed/CORRECT/generated_cap005193.als","CORRECT",false,false,false,false,true,true
"mixed/CORRECT/generated_cap005195.als","CORRECT",false,false,false,false,true,true
"mixed/CORRECT/generated_cap005196.als","CORRECT",false,false,false,false,true,true
"mixed/CORRECT/generated_cap005197.als","CORRECT",false,false,false,false,true,true
"mixed/CORRECT/generated_cap005198.als","CORRECT",false,false,false,false,true,true
"mixed/CORRECT/generated_cap005199.als","CORRECT",false,false,false,false,true,true
"mixed/CORRECT/generated_cap005200.als","CORRECT",false,false,false,false,true,true
"mixed/CORRECT/generated_cap005201.als","CORRECT",false,false,false,false,true,true
"mixed/CORRECT/generated_cap005203.als","CORRECT",false,false,false,false,true,true
"mixed/CORRECT/generated_cap005204.als","CORRECT",false,false,false,false,true,true
"mixed/CORRECT/generated_cap005205.als","CORRECT",false,false,false,false,true,true
"mixed/CORRECT/generated_cap005207.als","CORRECT",false,false,false,false,true,true
"mixed/CORRECT/generated_cap005208.als","CORRECT",false,false,false,false,true,true
"mixed/CORRECT/generated_cap005209.als","CORRECT",false,false,false,false,true,true
"mixed/CORRECT/generated_cap005210.als","CORRECT",false,false,false,false,true,true
"mixed/CORRECT/generated_cap005211.als","CORRECT",false,false,false,false,true,true
"mixed/CORRECT/generated_cap005212.als","CORRECT",false,false,false,false,true,true
"mixed/CORRECT/generated_cap005214.als","CORRECT",false,false,false,false,true,true
"mixed/CORRECT/generated_cap005215.als","CORRECT",false,false,false,false,true,true
"mixed/CORRECT/generated_cap005216.als","CORRECT",false,false,false,false,true,true
"mixed/CORRECT/generated_cap005217.als","CORRECT",false,false,false,false,true,true
"mixed/CORRECT/generated_cap005218.als","CORRECT",false,false,false,false,true,true
"mixed/CORRECT/generated_cap005219.als","CORRECT",false,false,false,false,true,true
"mixed/CORRECT/generated_cap005220.als","CORRECT",false,false,false,false,true,true
"mixed/CORRECT/generated_cap005221.als","CORRECT",false,false,false,false,true,true
"mixed/CORRECT/generated_cap005222.als","CORRECT",false,false,false,false,true,true
"mixed/CORRECT/generated_cap005223.als","CORRECT",false,false,false,false,true,true
"mixed/CORRECT/generated_cap005224.als","CORRECT",false,false,false,false,true,true
"mixed/CORRECT/generated_cap005225.als","CORRECT",false,false,false,false,true,true
"mixed/CORRECT/generated_cap005226.als","CORRECT",false,false,false,false,true,true
"mixed/CORRECT/generated_cap005227.als","CORRECT",false,false,false,false,true,true
"mixed/CORRECT/generated_cap005228.als","CORRECT",false,false,false,false,true,true
"mixed/CORRECT/generated_cap005229.als","CORRECT",false,false,false,false,true,true
"mixed/CORRECT/generated_cap005230.als","CORRECT",false,false,false,false,true,true
"mixed/CORRECT/generated_cap005231.als","CORRECT",false,false,false,false,true,true
"mixed/CORRECT/generated_cap005232.als","CORRECT",false,false,false,false,true,true
"mixed/CORRECT/generated_cap005233.als","CORRECT",false,false,false,false,true,true
"mixed/CORRECT/generated_cap005234.als","CORRECT",false,false,false,false,true,true
"mixed/CORRECT/generated_cap005235.als","CORRECT",false,false,false,false,true,true
"mixed/CORRECT/generated_cap005236.als","CORRECT",false,false,false,false,true,true
"mixed/CORRECT/generated_cap005237.als","CORRECT",false,false,false,false,true,true
"mixed/CORRECT/generated_cap005238.als","CORRECT",false,false,false,false,true,true
"mixed/CORRECT/generated_cap005239.als","CORRECT",false,false,false,false,true,true
"mixed/CORRECT/generated_cap005240.als","CORRECT",false,false,false,false,true,true
"mixed/CORRECT/generated_cap005241.als","CORRECT",false,false,false,false,true,true
"mixed/CORRECT/generated_cap005242.als","CORRECT",false,false,false,false,true,true
"mixed/CORRECT/generated_cap005243.als","CORRECT",false,false,false,false,true,true
"mixed/CORRECT/generated_cap005244.als","CORRECT",false,false,false,false,true,true
"mixed/CORRECT/generated_cap005245.als","CORRECT",false,false,false,false,true,true
"mixed/CORRECT/generated_cap005246.als","CORRECT",false,false,false,false,true,true
"mixed/CORRECT/generated_cap005247.als","CORRECT",false,false,false,false,true,true
"mixed/CORRECT/generated_cap005248.als","CORRECT",false,false,false,false,true,true
"mixed/CORRECT/generated_cap005249.als","CORRECT",false,false,false,false,true,true
"mixed/CORRECT/generated_cap005250.als","CORRECT",false,false,false,false,true,true
"mixed/CORRECT/generated_cap005251.als","CORRECT",false,false,false,false,true,true
"mixed/CORRECT/generated_cap005252.als","CORRECT",false,false,false,false,true,true
"mixed/CORRECT/generated_cap005253.als","CORRECT",false,false,false,false,true,true
"mixed/CORRECT/generated_cap005254.als","CORRECT",false,false,false,false,true,true
"mixed/CORRECT/generated_cap005255.als","CORRECT",false,false,false,false,true,true
"mixed/CORRECT/generated_cap005256.als","CORRECT",false,false,false,false,true,true
"mixed/CORRECT/generated_cap005257.als","CORRECT",false,false,false,false,true,true
"mixed/CORRECT/generated_cap005259.als","CORRECT",false,false,false,false,true,true
"mixed/CORRECT/generated_cap005260.als","CORRECT",false,false,false,false,true,true
"mixed/CORRECT/generated_cap005261.als","CORRECT",false,false,false,false,true,true
"mixed/CORRECT/generated_cap005262.als","CORRECT",false,false,false,false,true,true
"mixed/CORRECT/generated_cap005263.als","CORRECT",false,false,false,false,true,true
"mixed/CORRECT/generated_cap005264.als","CORRECT",false,false,false,false,true,true
"mixed/CORRECT/generated_cap005265.als","CORRECT",false,false,false,false,true,true
"mixed/CORRECT/generated_cap005266.als","CORRECT",false,false,false,false,true,true
"mixed/CORRECT/generated_cap005267.als","CORRECT",false,false,false,false,true,true
"mixed/CORRECT/generated_cap005268.als","CORRECT",false,false,false,false,true,true
"mixed/CORRECT/generated_cap005269.als","CORRECT",false,false,false,false,true,true
"mixed/CORRECT/generated_cap005270.als","CORRECT",false,false,false,false,true,true
"mixed/CORRECT/generated_cap005271.als","CORRECT",false,false,false,false,true,true
"mixed/CORRECT/generated_cap005272.als","CORRECT",false,false,false,false,true,true
"mixed/CORRECT/generated_cap005273.als","CORRECT",false,false,false,false,true,true
"mixed/CORRECT/generated_cap005274.als","CORRECT",false,false,false,false,true,true
"mixed/CORRECT/generated_cap005275.als","CORRECT",false,false,false,false,true,true
"mixed/CORRECT/generated_cap005276.als","CORRECT",false,false,false,false,true,true
"mixed/CORRECT/generated_cap005278.als","CORRECT",false,false,false,false,true,true
"mixed/CORRECT/generated_cap005279.als","CORRECT",false,false,false,false,true,true
"mixed/CORRECT/generated_cap005280.als","CORRECT",false,false,false,false,true,true
"mixed/CORRECT/generated_cap005281.als","CORRECT",false,false,false,false,true,true
"mixed/CORRECT/generated_cap005282.als","CORRECT",false,false,false,false,true,true
"mixed/CORRECT/generated_cap005283.als","CORRECT",false,false,false,false,true,true
"mixed/CORRECT/generated_cap005284.als","CORRECT",false,false,false,false,true,true
"mixed/CORRECT/generated_cap005285.als","CORRECT",false,false,false,false,true,true
"mixed/CORRECT/generated_cap005286.als","CORRECT",false,false,false,false,true,true
"mixed/CORRECT/generated_cap005287.als","CORRECT",false,false,false,false,true,true
"mixed/CORRECT/generated_cap005288.als","CORRECT",false,false,false,false,true,true
"mixed/CORRECT/generated_cap005289.als","CORRECT",false,false,false,false,true,true
"mixed/CORRECT/generated_cap005290.als","CORRECT",false,false,false,false,true,true
"mixed/CORRECT/generated_cap005291.als","CORRECT",false,false,false,false,true,true
"mixed/CORRECT/generated_cap005292.als","CORRECT",false,false,false,false,true,true
"mixed/CORRECT/generated_cap005293.als","CORRECT",false,false,false,false,true,true
"mixed/CORRECT/generated_cap005294.als","CORRECT",false,false,false,false,true,true
"mixed/CORRECT/generated_cap005295.als","CORRECT",false,false,false,false,true,true
"mixed/CORRECT/generated_cap005296.als","CORRECT",false,false,false,false,true,true
"mixed/CORRECT/generated_cap005297.als","CORRECT",false,false,false,false,true,true
"mixed/CORRECT/generated_cap005298.als","CORRECT",false,false,false,false,true,true
"mixed/CORRECT/generated_cap005299.als","CORRECT",false,false,false,false,true,true
"mixed/CORRECT/generated_cap005300.als","CORRECT",false,false,false,false,true,true
"mixed/CORRECT/generated_cap005301.als","CORRECT",false,false,false,false,true,true
"mixed/CORRECT/generated_cap005302.als","CORRECT",false,false,false,false,true,true
"mixed/CORRECT/generated_cap005303.als","CORRECT",false,false,false,false,true,true
"mixed/CORRECT/generated_cap005304.als","CORRECT",false,false,false,false,true,true
"mixed/CORRECT/generated_cap005305.als","CORRECT",false,false,false,false,true,true
"mixed/CORRECT/generated_cap005306.als","CORRECT",false,false,false,false,true,true
"mixed/CORRECT/generated_cap005307.als","CORRECT",false,false,false,false,true,true
"mixed/CORRECT/generated_cap005308.als","CORRECT",false,false,false,false,true,true
"mixed/CORRECT/generated_cap005309.als","CORRECT",false,false,false,false,true,true
"mixed/CORRECT/generated_cap005310.als","CORRECT",false,false,false,false,true,true
"mixed/CORRECT/generated_cap005311.als","CORRECT",false,false,false,false,true,true
"mixed/CORRECT/generated_cap005312.als","CORRECT",false,false,false,false,true,true
"mixed/CORRECT/generated_cap005313.als","CORRECT",false,false,false,false,true,true
"mixed/CORRECT/generated_cap005314.als","CORRECT",false,false,false,false,true,true
"mixed/CORRECT/generated_cap005315.als","CORRECT",false,false,false,false,true,true
"mixed/CORRECT/generated_cap005316.als","CORRECT",false,false,false,false,true,true
"mixed/CORRECT/generated_cap005317.als","CORRECT",false,false,false,false,true,true
"mixed/CORRECT/generated_cap005318.als","CORRECT",false,false,false,false,true,true
"mixed/CORRECT/generated_cap005319.als","CORRECT",false,false,false,false,true,true
"mixed/CORRECT/generated_cap005320.als","CORRECT",false,false,false,false,true,true
"mixed/CORRECT/generated_cap005321.als","CORRECT",false,false,false,false,true,true
"mixed/CORRECT/generated_cap005323.als","CORRECT",false,false,false,false,true,true
"mixed/CORRECT/generated_cap005324.als","CORRECT",false,false,false,false,true,true
"mixed/CORRECT/generated_cap005325.als","CORRECT",false,false,false,false,true,true
"mixed/CORRECT/generated_cap005326.als","CORRECT",false,false,false,false,true,true
"mixed/CORRECT/generated_cap005327.als","CORRECT",false,false,false,false,true,true
"mixed/CORRECT/generated_cap005328.als","CORRECT",false,false,false,false,true,true
"mixed/CORRECT/generated_cap005329.als","CORRECT",false,false,false,false,true,true
"mixed/CORRECT/generated_cap005330.als","CORRECT",false,false,false,false,true,true
"mixed/CORRECT/generated_cap005331.als","CORRECT",false,false,false,false,true,true
"mixed/CORRECT/generated_cap005332.als","CORRECT",false,false,false,false,true,true
"mixed/CORRECT/generated_cap005333.als","CORRECT",false,false,false,false,true,true
"mixed/CORRECT/generated_cap005334.als","CORRECT",false,false,false,false,true,true
"mixed/CORRECT/generated_cap005335.als","CORRECT",false,false,false,false,true,true
"mixed/CORRECT/generated_cap005336.als","CORRECT",false,false,false,false,true,true
"mixed/CORRECT/generated_cap005337.als","CORRECT",false,false,false,false,true,true
"mixed/CORRECT/generated_cap005338.als","CORRECT",false,false,false,false,true,true
"mixed/CORRECT/generated_cap005339.als","CORRECT",false,false,false,false,true,true
"mixed/CORRECT/generated_cap005340.als","CORRECT",false,false,false,false,true,true
"mixed/CORRECT/generated_cap005343.als","CORRECT",false,false,false,false,true,true
"mixed/CORRECT/generated_cap005344.als","CORRECT",false,false,false,false,true,true
"mixed/CORRECT/generated_cap005345.als","CORRECT",false,false,false,false,true,true
"mixed/CORRECT/generated_cap005347.als","CORRECT",false,false,false,false,true,true
"mixed/CORRECT/generated_cap005348.als","CORRECT",false,false,false,false,true,true
"mixed/CORRECT/generated_cap005350.als","CORRECT",false,false,false,false,true,true
"mixed/CORRECT/generated_cap005351.als","CORRECT",false,false,false,false,true,true
"mixed/CORRECT/generated_cap005352.als","CORRECT",false,false,false,false,true,true
"mixed/CORRECT/generated_cap005353.als","CORRECT",false,false,false,false,true,true
"mixed/CORRECT/generated_cap005355.als","CORRECT",false,false,false,false,true,true
"mixed/CORRECT/generated_cap005356.als","CORRECT",false,false,false,false,true,true
"mixed/CORRECT/generated_cap005358.als","CORRECT",false,false,false,false,true,true
"mixed/CORRECT/generated_cap005359.als","CORRECT",false,false,false,false,true,true
"mixed/CORRECT/generated_cap005360.als","CORRECT",false,false,false,false,true,true
"mixed/CORRECT/generated_cap005363.als","CORRECT",false,false,false,false,true,true
"mixed/CORRECT/generated_cap005364.als","CORRECT",false,false,false,false,true,true
"mixed/CORRECT/generated_cap005366.als","CORRECT",false,false,false,false,true,true
"mixed/CORRECT/generated_cap005367.als","CORRECT",false,false,false,false,true,true
"mixed/CORRECT/generated_cap005368.als","CORRECT",false,false,false,false,true,true
"mixed/CORRECT/generated_cap005369.als","CORRECT",false,false,false,false,true,true
"mixed/CORRECT/generated_cap005371.als","CORRECT",false,false,false,false,true,true
"mixed/CORRECT/generated_cap005372.als","CORRECT",false,false,false,false,true,true
"mixed/CORRECT/generated_cap005374.als","CORRECT",false,false,false,false,true,true
"mixed/CORRECT/generated_cap005375.als","CORRECT",false,false,false,false,true,true
"mixed/CORRECT/generated_cap005376.als","CORRECT",false,false,false,false,true,true
"mixed/CORRECT/generated_cap005377.als","CORRECT",false,false,false,false,true,true
"mixed/CORRECT/generated_cap005379.als","CORRECT",false,false,false,false,true,true
"mixed/CORRECT/generated_cap005380.als","CORRECT",false,false,false,false,true,true
"mixed/CORRECT/generated_cap005382.als","CORRECT",false,false,false,false,true,true
"mixed/CORRECT/generated_cap005383.als","CORRECT",false,false,false,false,true,true
"mixed/CORRECT/generated_cap005384.als","CORRECT",false,false,false,false,true,true
"mixed/CORRECT/generated_cap005385.als","CORRECT",false,false,false,false,true,true
"mixed/CORRECT/generated_cap005387.als","CORRECT",false,false,false,false,true,true
"mixed/CORRECT/generated_cap005388.als","CORRECT",false,false,false,false,true,true
"mixed/CORRECT/generated_cap005390.als","CORRECT",false,false,false,false,true,true
"mixed/CORRECT/generated_cap005391.als","CORRECT",false,false,false,false,true,true
"mixed/CORRECT/generated_cap005392.als","CORRECT",false,false,false,false,true,true
"mixed/CORRECT/generated_cap005393.als","CORRECT",false,false,false,false,true,true
"mixed/CORRECT/generated_cap005395.als","CORRECT",false,false,false,false,true,true
"mixed/CORRECT/generated_cap005396.als","CORRECT",false,false,false,false,true,true
"mixed/CORRECT/generated_cap005398.als","CORRECT",false,false,false,false,true,true
"mixed/CORRECT/generated_cap005399.als","CORRECT",false,false,false,false,true,true
"mixed/CORRECT/generated_cap005400.als","CORRECT",false,false,false,false,true,true
"mixed/CORRECT/generated_cap005401.als","CORRECT",false,false,false,false,true,true
"mixed/CORRECT/generated_cap005403.als","CORRECT",false,false,false,false,true,true
"mixed/CORRECT/generated_cap005404.als","CORRECT",false,false,false,false,true,true
"mixed/CORRECT/generated_cap005406.als","CORRECT",false,false,false,false,true,true
"mixed/CORRECT/generated_cap005407.als","CORRECT",false,false,false,false,true,true
"mixed/CORRECT/generated_cap005408.als","CORRECT",false,false,false,false,true,true
"mixed/CORRECT/generated_cap005409.als","CORRECT",false,false,false,false,true,true
"mixed/CORRECT/generated_cap005411.als","CORRECT",false,false,false,false,true,true
"mixed/CORRECT/generated_cap005412.als","CORRECT",false,false,false,false,true,true
"mixed/CORRECT/generated_cap005413.als","CORRECT",false,false,false,false,true,true
"mixed/CORRECT/generated_cap005415.als","CORRECT",false,false,false,false,true,true
"mixed/CORRECT/generated_cap005416.als","CORRECT",false,false,false,false,true,true
"mixed/CORRECT/generated_cap005417.als","CORRECT",false,false,false,false,true,true
"mixed/CORRECT/generated_cap005418.als","CORRECT",false,false,false,false,true,true
"mixed/CORRECT/generated_cap005419.als","CORRECT",false,false,false,false,true,true
"mixed/CORRECT/generated_cap005420.als","CORRECT",false,false,false,false,true,true
"mixed/CORRECT/generated_cap005421.als","CORRECT",false,false,false,false,true,true
"mixed/CORRECT/generated_cap005422.als","CORRECT",false,false,false,false,true,true
"mixed/CORRECT/generated_cap005423.als","CORRECT",false,false,false,false,true,true
"mixed/CORRECT/generated_cap005424.als","CORRECT",false,false,false,false,true,true
"mixed/CORRECT/generated_cap005425.als","CORRECT",false,false,false,false,true,true
"mixed/CORRECT/generated_cap005426.als","CORRECT",false,false,false,false,true,true
"mixed/CORRECT/generated_cap005427.als","CORRECT",false,false,false,false,true,true
"mixed/CORRECT/generated_cap005428.als","CORRECT",false,false,false,false,true,true
"mixed/CORRECT/generated_cap005431.als","CORRECT",false,false,false,false,true,true
"mixed/CORRECT/generated_cap005432.als","CORRECT",false,false,false,false,true,true
"mixed/CORRECT/generated_cap005434.als","CORRECT",false,false,false,false,true,true
"mixed/CORRECT/generated_cap005435.als","CORRECT",false,false,false,false,true,true
"mixed/CORRECT/generated_cap005436.als","CORRECT",false,false,false,false,true,true
"mixed/CORRECT/generated_cap005437.als","CORRECT",false,false,false,false,true,true
"mixed/CORRECT/generated_cap005438.als","CORRECT",false,false,false,false,true,true
"mixed/CORRECT/generated_cap005439.als","CORRECT",false,false,false,false,true,true
"mixed/CORRECT/generated_cap005440.als","CORRECT",false,false,false,false,true,true
"mixed/CORRECT/generated_cap005441.als","CORRECT",false,false,false,false,true,true
"mixed/CORRECT/generated_cap005442.als","CORRECT",false,false,false,false,true,true
"mixed/CORRECT/generated_cap005443.als","CORRECT",false,false,false,false,true,true
"mixed/CORRECT/generated_cap005444.als","CORRECT",false,false,false,false,true,true
"mixed/CORRECT/generated_cap005445.als","CORRECT",false,false,false,false,true,true
"mixed/CORRECT/generated_cap005446.als","CORRECT",false,false,false,false,true,true
"mixed/CORRECT/generated_cap005447.als","CORRECT",false,false,false,false,true,true
"mixed/CORRECT/generated_cap005448.als","CORRECT",false,false,false,false,true,true
"mixed/CORRECT/generated_cap005449.als","CORRECT",false,false,false,false,true,true
"mixed/CORRECT/generated_cap005451.als","CORRECT",false,false,false,false,true,true
"mixed/CORRECT/generated_cap005452.als","CORRECT",false,false,false,false,true,true
"mixed/CORRECT/generated_cap005453.als","CORRECT",false,false,false,false,true,true
"mixed/CORRECT/generated_cap005454.als","CORRECT",false,false,false,false,true,true
"mixed/CORRECT/generated_cap005455.als","CORRECT",false,false,false,false,true,true
"mixed/CORRECT/generated_cap005456.als","CORRECT",false,false,false,false,true,true
"mixed/CORRECT/generated_cap005457.als","CORRECT",false,false,false,false,true,true
"mixed/CORRECT/generated_cap005458.als","CORRECT",false,false,false,false,true,true
"mixed/CORRECT/generated_cap005459.als","CORRECT",false,false,false,false,true,true
"mixed/CORRECT/generated_cap005460.als","CORRECT",false,false,false,false,true,true
"mixed/CORRECT/generated_cap005461.als","CORRECT",false,false,false,false,true,true
"mixed/CORRECT/generated_cap005462.als","CORRECT",false,false,false,false,true,true
"mixed/CORRECT/generated_cap005463.als","CORRECT",false,false,false,false,true,true
"mixed/CORRECT/generated_cap005464.als","CORRECT",false,false,false,false,true,true
"mixed/CORRECT/generated_cap005465.als","CORRECT",false,false,false,false,true,true
"mixed/CORRECT/generated_cap005466.als","CORRECT",false,false,false,false,true,true
"mixed/CORRECT/generated_cap005467.als","CORRECT",false,false,false,false,true,true
"mixed/CORRECT/generated_cap005468.als","CORRECT",false,false,false,false,true,true
"mixed/CORRECT/generated_cap005470.als","CORRECT",false,false,false,false,true,true
"mixed/CORRECT/generated_cap005471.als","CORRECT",false,false,false,false,true,true
"mixed/CORRECT/generated_cap005472.als","CORRECT",false,false,false,false,true,true
"mixed/CORRECT/generated_cap005474.als","CORRECT",false,false,false,false,true,true
"mixed/CORRECT/generated_cap005475.als","CORRECT",false,false,false,false,true,true
"mixed/CORRECT/generated_cap005476.als","CORRECT",false,false,false,false,true,true
"mixed/CORRECT/generated_cap005477.als","CORRECT",false,false,false,false,true,true
"mixed/CORRECT/generated_cap005478.als","CORRECT",false,false,false,false,true,true
"mixed/CORRECT/generated_cap005479.als","CORRECT",false,false,false,false,true,true
"mixed/CORRECT/generated_cap005480.als","CORRECT",false,false,false,false,true,true
"mixed/CORRECT/generated_cap005481.als","CORRECT",false,false,false,false,true,true
"mixed/CORRECT/generated_cap005482.als","CORRECT",false,false,false,false,true,true
"mixed/CORRECT/generated_cap005483.als","CORRECT",false,false,false,false,true,true
"mixed/CORRECT/generated_cap005484.als","CORRECT",false,false,false,false,true,true
"mixed/CORRECT/generated_cap005485.als","CORRECT",false,false,false,false,true,true
"mixed/CORRECT/generated_cap005486.als","CORRECT",false,false,false,false,true,true
"mixed/CORRECT/generated_cap005487.als","CORRECT",false,false,false,false,true,true
"mixed/CORRECT/generated_cap005488.als","CORRECT",false,false,false,false,true,true
"mixed/CORRECT/generated_cap005489.als","CORRECT",false,false,false,false,true,true
"mixed/CORRECT/generated_cap005490.als","CORRECT",false,false,false,false,true,true
"mixed/CORRECT/generated_cap005491.als","CORRECT",false,false,false,false,true,true
"mixed/CORRECT/generated_cap005492.als","CORRECT",false,false,false,false,true,true
"mixed/CORRECT/generated_cap005493.als","CORRECT",false,false,false,false,true,true
"mixed/CORRECT/generated_cap005494.als","CORRECT",false,false,false,false,true,true
"mixed/CORRECT/generated_cap005495.als","CORRECT",false,false,false,false,true,true
"mixed/CORRECT/generated_cap005496.als","CORRECT",false,false,false,false,true,true
"mixed/CORRECT/generated_cap005497.als","CORRECT",false,false,false,false,true,true
"mixed/CORRECT/generated_cap005498.als","CORRECT",false,false,false,false,true,true
"mixed/CORRECT/generated_cap005499.als","CORRECT",false,false,false,false,true,true
