relativePath,status,raw-egraph,raw-egraph-debruijn,java-egglog,java-egglog-debruijn,slotted-egraph,canonical,typed-slotted-port-egraph
"ac_logical/CORRECT/generated_cap004500.als","CORRECT",0,0,0,0,0,0,0
"ac_logical/CORRECT/generated_cap004501.als","CORRECT",0,0,0,0,0,0,0
"ac_logical/CORRECT/generated_cap004502.als","CORRECT",0,0,0,0,0,0,0
"ac_logical/CORRECT/generated_cap004503.als","CORRECT",0,0,0,0,0,0,0
"ac_logical/CORRECT/generated_cap004504.als","CORRECT",0,0,0,0,0,0,0
"ac_logical/CORRECT/generated_cap004505.als","CORRECT",0,0,0,0,0,0,0
"ac_logical/CORRECT/generated_cap004506.als","CORRECT",0,0,0,0,0,0,0
"ac_logical/CORRECT/generated_cap004507.als","CORRECT",0,0,0,0,0,0,0
"ac_logical/CORRECT/generated_cap004508.als","CORRECT",0,0,0,0,0,0,0
"ac_logical/CORRECT/generated_cap004509.als","CORRECT",0,0,0,0,0,0,0
"ac_logical/CORRECT/generated_cap004510.als","CORRECT",0,0,0,0,0,0,0
"ac_logical/CORRECT/generated_cap004511.als","CORRECT",0,0,0,0,0,0,0
"ac_logical/CORRECT/generated_cap004512.als","CORRECT",0,0,0,0,0,0,0
"ac_logical/CORRECT/generated_cap004513.als","CORRECT",0,0,0,0,0,0,0
"ac_logical/CORRECT/generated_cap004514.als","CORRECT",0,0,0,0,0,0,0
"ac_logical/CORRECT/generated_cap004515.als","CORRECT",0,0,0,0,0,0,0
"ac_logical/CORRECT/generated_cap004516.als","CORRECT",0,0,0,0,0,0,0
"ac_logical/CORRECT/generated_cap004517.als","CORRECT",0,0,0,0,0,0,0
"ac_logical/CORRECT/generated_cap004518.als","CORRECT",0,0,0,0,0,0,0
"ac_logical/CORRECT/generated_cap004519.als","CORRECT",0,0,0,0,0,0,0
"ac_logical/CORRECT/generated_cap004520.als","CORRECT",0,0,0,0,0,0,0
"ac_logical/CORRECT/generated_cap004521.als","CORRECT",0,0,0,0,0,0,0
"ac_logical/CORRECT/generated_cap004522.als","CORRECT",0,0,0,0,0,0,0
"ac_logical/CORRECT/generated_cap004523.als","CORRECT",0,0,0,0,0,0,0
"ac_logical/CORRECT/generated_cap004524.als","CORRECT",0,0,0,0,0,0,0
"ac_logical/CORRECT/generated_cap004525.als","CORRECT",0,0,0,0,0,0,0
"ac_logical/CORRECT/generated_cap004526.als","CORRECT",0,0,0,0,0,0,0
"ac_logical/CORRECT/generated_cap004527.als","CORRECT",0,0,0,0,0,0,0
"ac_logical/CORRECT/generated_cap004528.als","CORRECT",0,0,0,0,0,0,0
"ac_logical/CORRECT/generated_cap004529.als","CORRECT",0,0,0,0,0,0,0
"ac_logical/CORRECT/generated_cap004530.als","CORRECT",0,0,0,0,0,0,0
"ac_logical/CORRECT/generated_cap004531.als","CORRECT",0,0,0,0,0,0,0
"ac_logical/CORRECT/generated_cap004532.als","CORRECT",0,0,0,0,0,0,0
"ac_logical/CORRECT/generated_cap004533.als","CORRECT",0,0,0,0,0,0,0
"ac_logical/CORRECT/generated_cap004534.als","CORRECT",0,0,0,0,0,0,0
"ac_logical/CORRECT/generated_cap004535.als","CORRECT",0,0,0,0,0,0,0
"ac_logical/CORRECT/generated_cap004536.als","CORRECT",0,0,0,0,0,0,0
"ac_logical/CORRECT/generated_cap004537.als","CORRECT",0,0,0,0,0,0,0
"ac_logical/CORRECT/generated_cap004538.als","CORRECT",0,0,0,0,0,0,0
"ac_logical/CORRECT/generated_cap004539.als","CORRECT",0,0,0,0,0,0,0
"ac_logical/CORRECT/generated_cap004540.als","CORRECT",0,0,0,0,0,0,0
"ac_logical/CORRECT/generated_cap004541.als","CORRECT",0,0,0,0,0,0,0
"ac_logical/CORRECT/generated_cap004542.als","CORRECT",0,0,0,0,0,0,0
"ac_logical/CORRECT/generated_cap004543.als","CORRECT",0,0,0,0,0,0,0
"ac_logical/CORRECT/generated_cap004544.als","CORRECT",0,0,0,0,0,0,0
"ac_logical/CORRECT/generated_cap004545.als","CORRECT",0,0,0,0,0,0,0
"ac_logical/CORRECT/generated_cap004546.als","CORRECT",0,0,0,0,0,0,0
"ac_logical/CORRECT/generated_cap004547.als","CORRECT",0,0,0,0,0,0,0
"ac_logical/CORRECT/generated_cap004548.als","CORRECT",0,0,0,0,0,0,0
"ac_logical/CORRECT/generated_cap004549.als","CORRECT",0,0,0,0,0,0,0
"ac_logical/CORRECT/generated_cap004550.als","CORRECT",0,0,0,0,0,0,0
"ac_logical/CORRECT/generated_cap004551.als","CORRECT",0,0,0,0,0,0,0
"ac_logical/CORRECT/generated_cap004552.als","CORRECT",0,0,0,0,0,0,0
"ac_logical/CORRECT/generated_cap004553.als","CORRECT",0,0,0,0,0,0,0
"ac_logical/CORRECT/generated_cap004554.als","CORRECT",0,0,0,0,0,0,0
"ac_logical/CORRECT/generated_cap004555.als","CORRECT",0,0,0,0,0,0,0
"ac_logical/CORRECT/generated_cap004556.als","CORRECT",0,0,0,0,0,0,0
"ac_logical/CORRECT/generated_cap004557.als","CORRECT",0,0,0,0,0,0,0
"ac_logical/CORRECT/generated_cap004558.als","CORRECT",0,0,0,0,0,0,0
"ac_logical/CORRECT/generated_cap004559.als","CORRECT",0,0,0,0,0,0,0
"ac_logical/CORRECT/generated_cap004560.als","CORRECT",0,0,0,0,0,0,0
"ac_logical/CORRECT/generated_cap004561.als","CORRECT",0,0,0,0,0,0,0
"ac_logical/CORRECT/generated_cap004562.als","CORRECT",0,0,0,0,0,0,0
"ac_logical/CORRECT/generated_cap004563.als","CORRECT",0,0,0,0,0,0,0
"ac_logical/CORRECT/generated_cap004564.als","CORRECT",0,0,0,0,0,0,0
"ac_logical/CORRECT/generated_cap004565.als","CORRECT",0,0,0,0,0,0,0
"ac_logical/CORRECT/generated_cap004566.als","CORRECT",0,0,0,0,0,0,0
"ac_logical/CORRECT/generated_cap004567.als","CORRECT",0,0,0,0,0,0,0
"ac_logical/CORRECT/generated_cap004568.als","CORRECT",0,0,0,0,0,0,0
"ac_logical/CORRECT/generated_cap004569.als","CORRECT",0,0,0,0,0,0,0
"ac_logical/CORRECT/generated_cap004570.als","CORRECT",0,0,0,0,0,0,0
"ac_logical/CORRECT/generated_cap004571.als","CORRECT",0,0,0,0,0,0,0
"ac_logical/CORRECT/generated_cap004572.als","CORRECT",0,0,0,0,0,0,0
"ac_logical/CORRECT/generated_cap004573.als","CORRECT",0,0,0,0,0,0,0
"ac_logical/CORRECT/generated_cap004574.als","CORRECT",0,0,0,0,0,0,0
"ac_logical/CORRECT/generated_cap004575.als","CORRECT",0,0,0,0,0,0,0
"ac_logical/CORRECT/generated_cap004576.als","CORRECT",0,0,0,0,0,0,0
"ac_logical/CORRECT/generated_cap004577.als","CORRECT",0,0,0,0,0,0,0
"ac_logical/CORRECT/generated_cap004578.als","CORRECT",0,0,0,0,0,0,0
"ac_logical/CORRECT/generated_cap004579.als","CORRECT",0,0,0,0,0,0,0
"ac_logical/CORRECT/generated_cap004580.als","CORRECT",0,0,0,0,0,0,0
"ac_logical/CORRECT/generated_cap004581.als","CORRECT",0,0,0,0,0,0,0
"ac_logical/CORRECT/generated_cap004582.als","CORRECT",0,0,0,0,0,0,0
"ac_logical/CORRECT/generated_cap004583.als","CORRECT",0,0,0,0,0,0,0
"ac_logical/CORRECT/generated_cap004584.als","CORRECT",0,0,0,0,0,0,0
"ac_logical/CORRECT/generated_cap004585.als","CORRECT",0,0,0,0,0,0,0
"ac_logical/CORRECT/generated_cap004586.als","CORRECT",0,0,0,0,0,0,0
"ac_logical/CORRECT/generated_cap004587.als","CORRECT",0,0,0,0,0,0,0
"ac_logical/CORRECT/generated_cap004588.als","CORRECT",0,0,0,0,0,0,0
"ac_logical/CORRECT/generated_cap004589.als","CORRECT",0,0,0,0,0,0,0
"ac_logical/CORRECT/generated_cap004590.als","CORRECT",0,0,0,0,0,0,0
"ac_logical/CORRECT/generated_cap004591.als","CORRECT",0,0,0,0,0,0,0
"ac_logical/CORRECT/generated_cap004592.als","CORRECT",0,0,0,0,0,0,0
"ac_logical/CORRECT/generated_cap004593.als","CORRECT",0,0,0,0,0,0,0
"ac_logical/CORRECT/generated_cap004594.als","CORRECT",0,0,0,0,0,0,0
"ac_logical/CORRECT/generated_cap004595.als","CORRECT",0,0,0,0,0,0,0
"ac_logical/CORRECT/generated_cap004596.als","CORRECT",0,0,0,0,0,0,0
"ac_logical/CORRECT/generated_cap004597.als","CORRECT",0,0,0,0,0,0,0
"ac_logical/CORRECT/generated_cap004598.als","CORRECT",0,0,0,0,0,0,0
"ac_logical/CORRECT/generated_cap004599.als","CORRECT",0,0,0,0,0,0,0
"ac_logical/CORRECT/generated_cap004600.als","CORRECT",0,0,0,0,0,0,0
"ac_logical/CORRECT/generated_cap004601.als","CORRECT",0,0,0,0,0,0,0
"ac_logical/CORRECT/generated_cap004602.als","CORRECT",0,0,0,0,0,0,0
"ac_logical/CORRECT/generated_cap004603.als","CORRECT",0,0,0,0,0,0,0
"ac_logical/CORRECT/generated_cap004604.als","CORRECT",0,0,0,0,0,0,0
"ac_logical/CORRECT/generated_cap004605.als","CORRECT",0,0,0,0,0,0,0
"ac_logical/CORRECT/generated_cap004606.als","CORRECT",0,0,0,0,0,0,0
"ac_logical/CORRECT/generated_cap004607.als","CORRECT",0,0,0,0,0,0,0
"ac_logical/CORRECT/generated_cap004608.als","CORRECT",0,0,0,0,0,0,0
"ac_logical/CORRECT/generated_cap004609.als","CORRECT",0,0,0,0,0,0,0
"ac_logical/CORRECT/generated_cap004610.als","CORRECT",0,0,0,0,0,0,0
"ac_logical/CORRECT/generated_cap004611.als","CORRECT",0,0,0,0,0,0,0
"ac_logical/CORRECT/generated_cap004612.als","CORRECT",0,0,0,0,0,0,0
"ac_logical/CORRECT/generated_cap004613.als","CORRECT",0,0,0,0,0,0,0
"ac_logical/CORRECT/generated_cap004614.als","CORRECT",0,0,0,0,0,0,0
"ac_logical/CORRECT/generated_cap004615.als","CORRECT",0,0,0,0,0,0,0
"ac_logical/CORRECT/generated_cap004616.als","CORRECT",0,0,0,0,0,0,0
"ac_logical/CORRECT/generated_cap004617.als","CORRECT",0,0,0,0,0,0,0
"ac_logical/CORRECT/generated_cap004618.als","CORRECT",0,0,0,0,0,0,0
"ac_logical/CORRECT/generated_cap004619.als","CORRECT",0,0,0,0,0,0,0
"ac_logical/CORRECT/generated_cap004620.als","CORRECT",0,0,0,0,0,0,0
"ac_logical/CORRECT/generated_cap004621.als","CORRECT",0,0,0,0,0,0,0
"ac_logical/CORRECT/generated_cap004622.als","CORRECT",0,0,0,0,0,5,5
"ac_logical/CORRECT/generated_cap004623.als","CORRECT",0,0,0,0,0,0,0
"ac_logical/CORRECT/generated_cap004624.als","CORRECT",0,0,0,0,0,0,0
"ac_logical/CORRECT/generated_cap004625.als","CORRECT",0,0,0,0,0,0,0
"ac_logical/CORRECT/generated_cap004626.als","CORRECT",0,0,0,0,0,0,0
"ac_logical/CORRECT/generated_cap004627.als","CORRECT",0,0,0,0,0,0,0
"ac_logical/CORRECT/generated_cap004628.als","CORRECT",0,0,0,0,0,0,0
"ac_logical/CORRECT/generated_cap004629.als","CORRECT",0,0,0,0,0,0,0
"ac_logical/CORRECT/generated_cap004630.als","CORRECT",0,0,0,0,0,0,0
"ac_logical/CORRECT/generated_cap004631.als","CORRECT",0,0,0,0,0,0,0
"ac_logical/CORRECT/generated_cap004632.als","CORRECT",0,0,0,0,0,0,0
"ac_logical/CORRECT/generated_cap004633.als","CORRECT",0,0,0,0,0,0,0
"ac_logical/CORRECT/generated_cap004634.als","CORRECT",0,0,0,0,0,0,0
"ac_logical/CORRECT/generated_cap004635.als","CORRECT",0,0,0,0,0,0,0
"ac_logical/CORRECT/generated_cap004636.als","CORRECT",0,0,0,0,0,0,0
"ac_logical/CORRECT/generated_cap004637.als","CORRECT",0,0,0,0,0,0,0
"ac_logical/CORRECT/generated_cap004638.als","CORRECT",0,0,0,0,0,0,0
"ac_logical/CORRECT/generated_cap004639.als","CORRECT",0,0,0,0,0,0,0
"ac_logical/CORRECT/generated_cap004640.als","CORRECT",0,0,0,0,0,0,0
"ac_logical/CORRECT/generated_cap004641.als","CORRECT",0,0,0,0,0,0,0
"ac_logical/CORRECT/generated_cap004642.als","CORRECT",0,0,0,0,0,0,0
"ac_logical/CORRECT/generated_cap004643.als","CORRECT",0,0,0,0,0,0,0
"ac_logical/CORRECT/generated_cap004644.als","CORRECT",0,0,0,0,0,0,0
"ac_logical/CORRECT/generated_cap004645.als","CORRECT",0,0,0,0,0,0,0
"ac_logical/CORRECT/generated_cap004646.als","CORRECT",0,0,0,0,0,0,0
"ac_logical/CORRECT/generated_cap004647.als","CORRECT",0,0,0,0,0,0,0
"ac_logical/CORRECT/generated_cap004648.als","CORRECT",0,0,0,0,0,0,0
"ac_logical/CORRECT/generated_cap004649.als","CORRECT",0,0,0,0,0,0,0
"ac_logical/CORRECT/generated_cap004650.als","CORRECT",0,0,0,0,0,0,0
"ac_logical/CORRECT/generated_cap004651.als","CORRECT",0,0,0,0,0,0,0
"ac_logical/CORRECT/generated_cap004652.als","CORRECT",0,0,0,0,0,0,0
"ac_logical/CORRECT/generated_cap004653.als","CORRECT",0,0,0,0,0,0,0
"ac_logical/CORRECT/generated_cap004654.als","CORRECT",0,0,0,0,0,0,0
"ac_logical/CORRECT/generated_cap004655.als","CORRECT",0,0,0,0,0,0,0
"ac_logical/CORRECT/generated_cap004656.als","CORRECT",0,0,0,0,0,0,0
"ac_logical/CORRECT/generated_cap004657.als","CORRECT",0,0,0,0,0,0,0
"ac_logical/CORRECT/generated_cap004658.als","CORRECT",0,0,0,0,0,0,0
"ac_logical/CORRECT/generated_cap004659.als","CORRECT",0,0,0,0,0,0,0
"ac_logical/CORRECT/generated_cap004660.als","CORRECT",0,0,0,0,0,0,0
"ac_logical/CORRECT/generated_cap004661.als","CORRECT",0,0,0,0,0,0,0
"ac_logical/CORRECT/generated_cap004662.als","CORRECT",0,0,0,0,0,0,0
"ac_logical/CORRECT/generated_cap004663.als","CORRECT",0,0,0,0,0,0,0
"ac_logical/CORRECT/generated_cap004664.als","CORRECT",0,0,0,0,0,0,0
"ac_logical/CORRECT/generated_cap004665.als","CORRECT",0,0,0,0,0,0,0
"ac_logical/CORRECT/generated_cap004666.als","CORRECT",0,0,0,0,0,0,0
"ac_logical/CORRECT/generated_cap004667.als","CORRECT",0,0,0,0,0,0,0
"ac_logical/CORRECT/generated_cap004668.als","CORRECT",0,0,0,0,0,0,0
"ac_logical/CORRECT/generated_cap004669.als","CORRECT",0,0,0,0,0,0,0
"ac_logical/CORRECT/generated_cap004670.als","CORRECT",0,0,0,0,0,0,0
"ac_logical/CORRECT/generated_cap004671.als","CORRECT",0,0,0,0,0,0,0
"ac_logical/CORRECT/generated_cap004672.als","CORRECT",0,0,0,0,0,0,0
"ac_logical/CORRECT/generated_cap004673.als","CORRECT",0,0,0,0,0,0,0
"ac_logical/CORRECT/generated_cap004674.als","CORRECT",0,0,0,0,0,0,0
"ac_logical/CORRECT/generated_cap004675.als","CORRECT",0,0,0,0,0,0,0
"ac_logical/CORRECT/generated_cap004676.als","CORRECT",0,0,0,0,0,0,0
"ac_logical/CORRECT/generated_cap004677.als","CORRECT",0,0,0,0,0,0,0
"ac_logical/CORRECT/generated_cap004678.als","CORRECT",0,0,0,0,0,0,0
"ac_logical/CORRECT/generated_cap004679.als","CORRECT",0,0,0,0,0,0,0
"ac_logical/CORRECT/generated_cap004680.als","CORRECT",0,0,0,0,0,0,0
"ac_logical/CORRECT/generated_cap004681.als","CORRECT",0,0,0,0,0,0,0
"ac_logical/CORRECT/generated_cap004682.als","CORRECT",0,0,0,0,0,0,0
"ac_logical/CORRECT/generated_cap004683.als","CORRECT",0,0,0,0,0,0,0
"ac_logical/CORRECT/generated_cap004684.als","CORRECT",0,0,0,0,0,0,0
"ac_logical/CORRECT/generated_cap004685.als","CORRECT",0,0,0,0,0,0,0
"ac_logical/CORRECT/generated_cap004686.als","CORRECT",0,0,0,0,0,0,0
"ac_logical/CORRECT/generated_cap004687.als","CORRECT",0,0,0,0,0,0,0
"ac_logical/CORRECT/generated_cap004688.als","CORRECT",0,0,0,0,0,0,0
"ac_logical/CORRECT/generated_cap004689.als","CORRECT",0,0,0,0,0,0,0
"ac_logical/CORRECT/generated_cap004690.als","CORRECT",0,0,0,0,0,0,0
"ac_logical/CORRECT/generated_cap004691.als","CORRECT",0,0,0,0,0,0,0
"ac_logical/CORRECT/generated_cap004692.als","CORRECT",0,0,0,0,0,0,0
"ac_logical/CORRECT/generated_cap004693.als","CORRECT",0,0,0,0,0,0,0
"ac_logical/CORRECT/generated_cap004694.als","CORRECT",0,0,0,0,0,0,0
"ac_logical/CORRECT/generated_cap004695.als","CORRECT",0,0,0,0,0,0,0
"ac_logical/CORRECT/generated_cap004696.als","CORRECT",0,0,0,0,0,0,0
"ac_logical/CORRECT/generated_cap004697.als","CORRECT",0,0,0,0,0,0,0
"ac_logical/CORRECT/generated_cap004698.als","CORRECT",0,0,0,0,0,0,0
"ac_logical/CORRECT/generated_cap004699.als","CORRECT",0,0,0,0,0,0,0
"ac_logical/CORRECT/generated_cap004700.als","CORRECT",0,0,0,0,0,0,0
"ac_logical/CORRECT/generated_cap004701.als","CORRECT",0,0,0,0,0,0,0
"ac_logical/CORRECT/generated_cap004702.als","CORRECT",0,0,0,0,0,0,0
"ac_logical/CORRECT/generated_cap004703.als","CORRECT",0,0,0,0,0,0,0
"ac_logical/CORRECT/generated_cap004704.als","CORRECT",0,0,0,0,0,0,0
"ac_logical/CORRECT/generated_cap004705.als","CORRECT",0,0,0,0,0,0,0
"ac_logical/CORRECT/generated_cap004706.als","CORRECT",0,0,0,0,0,0,0
"ac_logical/CORRECT/generated_cap004707.als","CORRECT",0,0,0,0,0,0,0
"ac_logical/CORRECT/generated_cap004708.als","CORRECT",0,0,0,0,0,0,0
"ac_logical/CORRECT/generated_cap004709.als","CORRECT",0,0,0,0,0,0,0
"ac_logical/CORRECT/generated_cap004710.als","CORRECT",0,0,0,0,0,0,0
"ac_logical/CORRECT/generated_cap004711.als","CORRECT",0,0,0,0,0,0,0
"ac_logical/CORRECT/generated_cap004712.als","CORRECT",0,0,0,0,0,0,0
"ac_logical/CORRECT/generated_cap004713.als","CORRECT",0,0,0,0,0,0,0
"ac_logical/CORRECT/generated_cap004714.als","CORRECT",0,0,0,0,0,0,0
"ac_logical/CORRECT/generated_cap004715.als","CORRECT",0,0,0,0,0,0,0
"ac_logical/CORRECT/generated_cap004716.als","CORRECT",0,0,0,0,0,0,0
"ac_logical/CORRECT/generated_cap004717.als","CORRECT",0,0,0,0,0,0,0
"ac_logical/CORRECT/generated_cap004718.als","CORRECT",0,0,0,0,0,0,0
"ac_logical/CORRECT/generated_cap004719.als","CORRECT",0,0,0,0,0,0,0
"ac_logical/CORRECT/generated_cap004720.als","CORRECT",0,0,0,0,0,0,0
"ac_logical/CORRECT/generated_cap004721.als","CORRECT",0,0,0,0,0,0,0
"ac_logical/CORRECT/generated_cap004722.als","CORRECT",0,0,0,0,0,0,0
"ac_logical/CORRECT/generated_cap004723.als","CORRECT",0,0,0,0,0,0,0
"ac_logical/CORRECT/generated_cap004724.als","CORRECT",0,0,0,0,0,0,0
"ac_logical/CORRECT/generated_cap004725.als","CORRECT",0,0,0,0,0,0,0
"ac_logical/CORRECT/generated_cap004726.als","CORRECT",0,0,0,0,0,0,0
"ac_logical/CORRECT/generated_cap004727.als","CORRECT",0,0,0,0,0,0,0
"ac_logical/CORRECT/generated_cap004728.als","CORRECT",0,0,0,0,0,0,0
"ac_logical/CORRECT/generated_cap004729.als","CORRECT",0,0,0,0,0,0,0
"ac_logical/CORRECT/generated_cap004730.als","CORRECT",0,0,0,0,0,0,0
"ac_logical/CORRECT/generated_cap004731.als","CORRECT",0,0,0,0,0,0,0
"ac_logical/CORRECT/generated_cap004732.als","CORRECT",0,0,0,0,0,0,0
"ac_logical/CORRECT/generated_cap004733.als","CORRECT",0,0,0,0,0,0,0
"ac_logical/CORRECT/generated_cap004734.als","CORRECT",0,0,0,0,0,0,0
"ac_logical/CORRECT/generated_cap004735.als","CORRECT",0,0,0,0,0,0,0
"ac_logical/CORRECT/generated_cap004736.als","CORRECT",0,0,0,0,0,0,0
"ac_logical/CORRECT/generated_cap004737.als","CORRECT",0,0,0,0,0,0,0
"ac_logical/CORRECT/generated_cap004738.als","CORRECT",0,0,0,0,0,0,0
"ac_logical/CORRECT/generated_cap004739.als","CORRECT",0,0,0,0,0,0,0
"ac_logical/CORRECT/generated_cap004740.als","CORRECT",0,0,0,0,0,0,0
"ac_logical/CORRECT/generated_cap004741.als","CORRECT",0,0,0,0,0,0,0
"ac_logical/CORRECT/generated_cap004742.als","CORRECT",0,0,0,0,0,0,0
"ac_logical/CORRECT/generated_cap004743.als","CORRECT",0,0,0,0,0,0,0
"ac_logical/CORRECT/generated_cap004744.als","CORRECT",0,0,0,0,0,0,0
"ac_logical/CORRECT/generated_cap004745.als","CORRECT",0,0,0,0,0,0,0
"ac_logical/CORRECT/generated_cap004746.als","CORRECT",0,0,0,0,0,0,0
"ac_logical/CORRECT/generated_cap004747.als","CORRECT",0,0,0,0,0,0,0
"ac_logical/CORRECT/generated_cap004748.als","CORRECT",0,0,0,0,0,0,0
"ac_logical/CORRECT/generated_cap004749.als","CORRECT",0,0,0,0,0,0,0
"ac_logical/CORRECT/generated_cap004750.als","CORRECT",0,0,0,0,0,0,0
"ac_logical/CORRECT/generated_cap004751.als","CORRECT",0,0,0,0,0,0,0
"ac_logical/CORRECT/generated_cap004752.als","CORRECT",0,0,0,0,0,0,0
"ac_logical/CORRECT/generated_cap004753.als","CORRECT",0,0,0,0,0,0,0
"ac_logical/CORRECT/generated_cap004754.als","CORRECT",0,0,0,0,0,0,0
"ac_logical/CORRECT/generated_cap004755.als","CORRECT",0,0,0,0,0,0,0
"ac_logical/CORRECT/generated_cap004756.als","CORRECT",0,0,0,0,0,0,0
"ac_logical/CORRECT/generated_cap004757.als","CORRECT",0,0,0,0,0,0,0
"ac_logical/CORRECT/generated_cap004758.als","CORRECT",0,0,0,0,0,0,0
"ac_logical/CORRECT/generated_cap004759.als","CORRECT",0,0,0,0,0,0,0
"ac_logical/CORRECT/generated_cap004760.als","CORRECT",0,0,0,0,0,0,0
"ac_logical/CORRECT/generated_cap004761.als","CORRECT",0,0,0,0,0,0,0
"ac_logical/CORRECT/generated_cap004762.als","CORRECT",0,0,0,0,0,0,0
"ac_logical/CORRECT/generated_cap004763.als","CORRECT",0,0,0,0,0,0,0
"ac_logical/CORRECT/generated_cap004764.als","CORRECT",0,0,0,0,0,0,0
"ac_logical/CORRECT/generated_cap004765.als","CORRECT",0,0,0,0,0,0,0
"ac_logical/CORRECT/generated_cap004766.als","CORRECT",0,0,0,0,0,0,0
"ac_logical/CORRECT/generated_cap004767.als","CORRECT",0,0,0,0,0,0,0
"ac_logical/CORRECT/generated_cap004768.als","CORRECT",0,0,0,0,0,0,0
"ac_logical/CORRECT/generated_cap004769.als","CORRECT",0,0,0,0,0,0,0
"ac_logical/CORRECT/generated_cap004770.als","CORRECT",0,0,0,0,0,0,0
"ac_logical/CORRECT/generated_cap004771.als","CORRECT",0,0,0,0,0,0,0
"ac_logical/CORRECT/generated_cap004772.als","CORRECT",0,0,0,0,0,0,0
"ac_logical/CORRECT/generated_cap004773.als","CORRECT",0,0,0,0,0,0,0
"ac_logical/CORRECT/generated_cap004774.als","CORRECT",0,0,0,0,0,0,0
"ac_logical/CORRECT/generated_cap004775.als","CORRECT",0,0,0,0,0,0,0
"ac_logical/CORRECT/generated_cap004776.als","CORRECT",0,0,0,0,0,0,0
"ac_logical/CORRECT/generated_cap004777.als","CORRECT",0,0,0,0,0,0,0
"ac_logical/CORRECT/generated_cap004778.als","CORRECT",0,0,0,0,0,0,0
"ac_logical/CORRECT/generated_cap004779.als","CORRECT",0,0,0,0,0,0,0
"ac_logical/CORRECT/generated_cap004780.als","CORRECT",0,0,0,0,0,0,0
"ac_logical/CORRECT/generated_cap004781.als","CORRECT",0,0,0,0,0,0,0
"ac_logical/CORRECT/generated_cap004782.als","CORRECT",0,0,0,0,0,0,0
"ac_logical/CORRECT/generated_cap004783.als","CORRECT",0,0,0,0,0,0,0
"ac_logical/CORRECT/generated_cap004784.als","CORRECT",0,0,0,0,0,0,0
"ac_logical/CORRECT/generated_cap004785.als","CORRECT",0,0,0,0,0,0,0
"ac_logical/CORRECT/generated_cap004786.als","CORRECT",0,0,0,0,0,0,0
"ac_logical/CORRECT/generated_cap004787.als","CORRECT",0,0,0,0,0,0,0
"ac_logical/CORRECT/generated_cap004788.als","CORRECT",0,0,0,0,0,0,0
"ac_logical/CORRECT/generated_cap004789.als","CORRECT",0,0,0,0,0,0,0
"ac_logical/CORRECT/generated_cap004790.als","CORRECT",0,0,0,0,0,0,0
"ac_logical/CORRECT/generated_cap004791.als","CORRECT",0,0,0,0,0,0,0
"ac_logical/CORRECT/generated_cap004792.als","CORRECT",0,0,0,0,0,0,0
"ac_logical/CORRECT/generated_cap004793.als","CORRECT",0,0,0,0,0,0,0
"ac_logical/CORRECT/generated_cap004794.als","CORRECT",0,0,0,0,0,0,0
"ac_logical/CORRECT/generated_cap004795.als","CORRECT",0,0,0,0,0,0,0
"ac_logical/CORRECT/generated_cap004796.als","CORRECT",0,0,0,0,0,0,0
"ac_logical/CORRECT/generated_cap004797.als","CORRECT",0,0,0,0,0,0,0
"ac_logical/CORRECT/generated_cap004798.als","CORRECT",0,0,0,0,0,4,4
"ac_logical/CORRECT/generated_cap004799.als","CORRECT",0,0,0,0,0,0,0
"ac_logical/CORRECT/generated_cap004800.als","CORRECT",0,0,0,0,0,0,0
"ac_logical/CORRECT/generated_cap004801.als","CORRECT",0,0,0,0,0,0,0
"ac_logical/CORRECT/generated_cap004802.als","CORRECT",0,0,0,0,0,0,0
"ac_logical/CORRECT/generated_cap004803.als","CORRECT",0,0,0,0,0,0,0
"ac_logical/CORRECT/generated_cap004804.als","CORRECT",0,0,0,0,0,0,0
"ac_logical/CORRECT/generated_cap004805.als","CORRECT",0,0,0,0,0,0,0
"ac_logical/CORRECT/generated_cap004806.als","CORRECT",0,0,0,0,0,0,0
"ac_logical/CORRECT/generated_cap004807.als","CORRECT",0,0,0,0,0,0,0
"ac_logical/CORRECT/generated_cap004808.als","CORRECT",0,0,0,0,0,0,0
"ac_logical/CORRECT/generated_cap004809.als","CORRECT",0,0,0,0,0,0,0
"ac_logical/CORRECT/generated_cap004810.als","CORRECT",0,0,0,0,0,0,0
"ac_logical/CORRECT/generated_cap004811.als","CORRECT",0,0,0,0,0,0,0
"ac_logical/CORRECT/generated_cap004812.als","CORRECT",0,0,0,0,0,0,0
"ac_logical/CORRECT/generated_cap004813.als","CORRECT",0,0,0,0,0,0,0
"ac_logical/CORRECT/generated_cap004814.als","CORRECT",0,0,0,0,0,0,0
"ac_logical/CORRECT/generated_cap004815.als","CORRECT",0,0,0,0,0,0,0
"ac_logical/CORRECT/generated_cap004816.als","CORRECT",0,0,0,0,0,0,0
"ac_logical/CORRECT/generated_cap004817.als","CORRECT",0,0,0,0,0,0,0
"ac_logical/CORRECT/generated_cap004818.als","CORRECT",0,0,0,0,0,0,0
"ac_logical/CORRECT/generated_cap004819.als","CORRECT",0,0,0,0,0,0,0
"ac_logical/CORRECT/generated_cap004820.als","CORRECT",0,0,0,0,0,0,0
"ac_logical/CORRECT/generated_cap004821.als","CORRECT",0,0,0,0,0,0,0
"ac_logical/CORRECT/generated_cap004822.als","CORRECT",0,0,0,0,0,0,0
"ac_logical/CORRECT/generated_cap004823.als","CORRECT",0,0,0,0,0,0,0
"ac_logical/CORRECT/generated_cap004824.als","CORRECT",0,0,0,0,0,0,0
"ac_logical/CORRECT/generated_cap004825.als","CORRECT",0,0,0,0,0,0,0
"ac_logical/CORRECT/generated_cap004826.als","CORRECT",0,0,0,0,0,0,0
"ac_logical/CORRECT/generated_cap004827.als","CORRECT",0,0,0,0,0,0,0
"ac_logical/CORRECT/generated_cap004828.als","CORRECT",0,0,0,0,0,0,0
"ac_logical/CORRECT/generated_cap004829.als","CORRECT",0,0,0,0,0,0,0
"ac_logical/CORRECT/generated_cap004830.als","CORRECT",0,0,0,0,0,0,0
"ac_logical/CORRECT/generated_cap004831.als","CORRECT",0,0,0,0,0,0,0
"ac_logical/CORRECT/generated_cap004832.als","CORRECT",0,0,0,0,0,0,0
"ac_logical/CORRECT/generated_cap004833.als","CORRECT",0,0,0,0,0,0,0
"ac_logical/CORRECT/generated_cap004834.als","CORRECT",0,0,0,0,0,0,0
"ac_logical/CORRECT/generated_cap004835.als","CORRECT",0,0,0,0,0,0,0
"ac_logical/CORRECT/generated_cap004836.als","CORRECT",0,0,0,0,0,0,0
"ac_logical/CORRECT/generated_cap004837.als","CORRECT",0,0,0,0,0,0,0
"ac_logical/CORRECT/generated_cap004838.als","CORRECT",0,0,0,0,0,0,0
"ac_logical/CORRECT/generated_cap004839.als","CORRECT",0,0,0,0,0,0,0
"ac_logical/CORRECT/generated_cap004840.als","CORRECT",0,0,0,0,0,0,0
"ac_logical/CORRECT/generated_cap004841.als","CORRECT",0,0,0,0,0,0,0
"ac_logical/CORRECT/generated_cap004842.als","CORRECT",0,0,0,0,0,0,0
"ac_logical/CORRECT/generated_cap004843.als","CORRECT",0,0,0,0,0,0,0
"ac_logical/CORRECT/generated_cap004844.als","CORRECT",0,0,0,0,0,0,0
"ac_logical/CORRECT/generated_cap004845.als","CORRECT",0,0,0,0,0,0,0
"ac_logical/CORRECT/generated_cap004846.als","CORRECT",0,0,0,0,0,0,0
"ac_logical/CORRECT/generated_cap004847.als","CORRECT",0,0,0,0,0,0,0
"ac_logical/CORRECT/generated_cap004848.als","CORRECT",0,0,0,0,0,0,0
"ac_logical/CORRECT/generated_cap004849.als","CORRECT",0,0,0,0,0,0,0
"ac_logical/CORRECT/generated_cap004850.als","CORRECT",0,0,0,0,0,0,0
"ac_logical/CORRECT/generated_cap004851.als","CORRECT",0,0,0,0,0,0,0
"ac_logical/CORRECT/generated_cap004852.als","CORRECT",0,0,0,0,0,0,0
"ac_logical/CORRECT/generated_cap004853.als","CORRECT",0,0,0,0,0,0,0
"ac_logical/CORRECT/generated_cap004854.als","CORRECT",0,0,0,0,0,0,0
"ac_logical/CORRECT/generated_cap004855.als","CORRECT",0,0,0,0,0,0,0
"ac_logical/CORRECT/generated_cap004856.als","CORRECT",0,0,0,0,0,0,0
"ac_logical/CORRECT/generated_cap004857.als","CORRECT",0,0,0,0,0,0,0
"ac_logical/CORRECT/generated_cap004858.als","CORRECT",0,0,0,0,0,0,0
"ac_logical/CORRECT/generated_cap004859.als","CORRECT",0,0,0,0,0,0,0
"ac_logical/CORRECT/generated_cap004860.als","CORRECT",0,0,0,0,0,0,0
"ac_logical/CORRECT/generated_cap004861.als","CORRECT",0,0,0,0,0,0,0
"ac_logical/CORRECT/generated_cap004862.als","CORRECT",0,0,0,0,0,0,0
"ac_logical/CORRECT/generated_cap004863.als","CORRECT",0,0,0,0,0,0,0
"ac_logical/CORRECT/generated_cap004864.als","CORRECT",0,0,0,0,0,0,0
"ac_logical/CORRECT/generated_cap004865.als","CORRECT",0,0,0,0,0,0,0
"ac_logical/CORRECT/generated_cap004866.als","CORRECT",0,0,0,0,0,0,0
"ac_logical/CORRECT/generated_cap004867.als","CORRECT",0,0,0,0,0,0,0
"ac_logical/CORRECT/generated_cap004868.als","CORRECT",0,0,0,0,0,0,0
"ac_logical/CORRECT/generated_cap004869.als","CORRECT",0,0,0,0,0,0,0
"ac_logical/CORRECT/generated_cap004870.als","CORRECT",0,0,0,0,0,0,0
"ac_logical/CORRECT/generated_cap004871.als","CORRECT",0,0,0,0,0,0,0
"ac_logical/CORRECT/generated_cap004872.als","CORRECT",0,0,0,0,0,0,0
"ac_logical/CORRECT/generated_cap004873.als","CORRECT",0,0,0,0,0,0,0
"ac_logical/CORRECT/generated_cap004874.als","CORRECT",0,0,0,0,0,0,0
"ac_logical/CORRECT/generated_cap004875.als","CORRECT",0,0,0,0,0,0,0
"ac_logical/CORRECT/generated_cap004876.als","CORRECT",0,0,0,0,0,0,0
"ac_logical/CORRECT/generated_cap004877.als","CORRECT",0,0,0,0,0,0,0
"ac_logical/CORRECT/generated_cap004878.als","CORRECT",0,0,0,0,0,0,0
"ac_logical/CORRECT/generated_cap004879.als","CORRECT",0,0,0,0,0,0,0
"ac_logical/CORRECT/generated_cap004880.als","CORRECT",0,0,0,0,0,0,0
"ac_logical/CORRECT/generated_cap004881.als","CORRECT",0,0,0,0,0,0,0
"ac_logical/CORRECT/generated_cap004882.als","CORRECT",0,0,0,0,0,0,0
"ac_logical/CORRECT/generated_cap004883.als","CORRECT",0,0,0,0,0,0,0
"ac_logical/CORRECT/generated_cap004884.als","CORRECT",0,0,0,0,0,0,0
"ac_logical/CORRECT/generated_cap004885.als","CORRECT",0,0,0,0,0,0,0
"ac_logical/CORRECT/generated_cap004886.als","CORRECT",0,0,0,0,0,0,0
"ac_logical/CORRECT/generated_cap004887.als","CORRECT",0,0,0,0,0,0,0
"ac_logical/CORRECT/generated_cap004888.als","CORRECT",0,0,0,0,0,0,0
"ac_logical/CORRECT/generated_cap004889.als","CORRECT",0,0,0,0,0,0,0
"ac_logical/CORRECT/generated_cap004890.als","CORRECT",0,0,0,0,0,0,0
"ac_logical/CORRECT/generated_cap004891.als","CORRECT",0,0,0,0,0,0,0
"ac_logical/CORRECT/generated_cap004892.als","CORRECT",0,0,0,0,0,0,0
"ac_logical/CORRECT/generated_cap004893.als","CORRECT",0,0,0,0,0,0,0
"ac_logical/CORRECT/generated_cap004894.als","CORRECT",0,0,0,0,0,0,0
"ac_logical/CORRECT/generated_cap004895.als","CORRECT",0,0,0,0,0,0,0
"ac_logical/CORRECT/generated_cap004896.als","CORRECT",0,0,0,0,0,0,0
"ac_logical/CORRECT/generated_cap004897.als","CORRECT",0,0,0,0,0,0,0
"ac_logical/CORRECT/generated_cap004898.als","CORRECT",0,0,0,0,0,0,0
"ac_logical/CORRECT/generated_cap004899.als","CORRECT",0,0,0,0,0,0,0
"ac_logical/CORRECT/generated_cap004900.als","CORRECT",0,0,0,0,0,0,0
"ac_logical/CORRECT/generated_cap004901.als","CORRECT",0,0,0,0,0,0,0
"ac_logical/CORRECT/generated_cap004902.als","CORRECT",0,0,0,0,0,0,0
"ac_logical/CORRECT/generated_cap004903.als","CORRECT",0,0,0,0,0,0,0
"ac_logical/CORRECT/generated_cap004904.als","CORRECT",0,0,0,0,0,0,0
"ac_logical/CORRECT/generated_cap004905.als","CORRECT",0,0,0,0,0,0,0
"ac_logical/CORRECT/generated_cap004906.als","CORRECT",0,0,0,0,0,0,0
"ac_logical/CORRECT/generated_cap004907.als","CORRECT",0,0,0,0,0,0,0
"ac_logical/CORRECT/generated_cap004908.als","CORRECT",0,0,0,0,0,0,0
"ac_logical/CORRECT/generated_cap004909.als","CORRECT",0,0,0,0,0,0,0
"ac_logical/CORRECT/generated_cap004910.als","CORRECT",0,0,0,0,0,0,0
"ac_logical/CORRECT/generated_cap004911.als","CORRECT",0,0,0,0,0,0,0
"ac_logical/CORRECT/generated_cap004912.als","CORRECT",0,0,0,0,0,0,0
"ac_logical/CORRECT/generated_cap004913.als","CORRECT",0,0,0,0,0,0,0
"ac_logical/CORRECT/generated_cap004914.als","CORRECT",0,0,0,0,0,0,0
"ac_logical/CORRECT/generated_cap004915.als","CORRECT",0,0,0,0,0,0,0
"ac_logical/CORRECT/generated_cap004916.als","CORRECT",0,0,0,0,0,0,0
"ac_logical/CORRECT/generated_cap004917.als","CORRECT",0,0,0,0,0,0,0
"ac_logical/CORRECT/generated_cap004918.als","CORRECT",0,0,0,0,0,0,0
"ac_logical/CORRECT/generated_cap004919.als","CORRECT",0,0,0,0,0,0,0
"ac_logical/CORRECT/generated_cap004920.als","CORRECT",0,0,0,0,0,0,0
"ac_logical/CORRECT/generated_cap004921.als","CORRECT",0,0,0,0,0,0,0
"ac_logical/CORRECT/generated_cap004922.als","CORRECT",0,0,0,0,0,0,0
"ac_logical/CORRECT/generated_cap004923.als","CORRECT",0,0,0,0,0,0,0
"ac_logical/CORRECT/generated_cap004924.als","CORRECT",0,0,0,0,0,0,0
"ac_logical/CORRECT/generated_cap004925.als","CORRECT",0,0,0,0,0,0,0
"ac_logical/CORRECT/generated_cap004926.als","CORRECT",0,0,0,0,0,0,0
"ac_logical/CORRECT/generated_cap004927.als","CORRECT",0,0,0,0,0,0,0
"ac_logical/CORRECT/generated_cap004928.als","CORRECT",0,0,0,0,0,0,0
"ac_logical/CORRECT/generated_cap004929.als","CORRECT",0,0,0,0,0,0,0
"ac_logical/CORRECT/generated_cap004930.als","CORRECT",0,0,0,0,0,0,0
"ac_logical/CORRECT/generated_cap004931.als","CORRECT",0,0,0,0,0,0,0
"ac_logical/CORRECT/generated_cap004932.als","CORRECT",0,0,0,0,0,0,0
"ac_logical/CORRECT/generated_cap004933.als","CORRECT",0,0,0,0,0,0,0
"ac_logical/CORRECT/generated_cap004934.als","CORRECT",0,0,0,0,0,0,0
"ac_logical/CORRECT/generated_cap004935.als","CORRECT",0,0,0,0,0,0,0
"ac_logical/CORRECT/generated_cap004936.als","CORRECT",0,0,0,0,0,0,0
"ac_logical/CORRECT/generated_cap004937.als","CORRECT",0,0,0,0,0,0,0
"ac_logical/CORRECT/generated_cap004938.als","CORRECT",0,0,0,0,0,0,0
"ac_logical/CORRECT/generated_cap004939.als","CORRECT",0,0,0,0,0,0,0
"ac_logical/CORRECT/generated_cap004940.als","CORRECT",0,0,0,0,0,0,0
"ac_logical/CORRECT/generated_cap004941.als","CORRECT",0,0,0,0,0,0,0
"ac_logical/CORRECT/generated_cap004942.als","CORRECT",0,0,0,0,0,0,0
"ac_logical/CORRECT/generated_cap004943.als","CORRECT",0,0,0,0,0,0,0
"ac_logical/CORRECT/generated_cap004944.als","CORRECT",0,0,0,0,0,0,0
"ac_logical/CORRECT/generated_cap004945.als","CORRECT",0,0,0,0,0,0,0
"ac_logical/CORRECT/generated_cap004946.als","CORRECT",0,0,0,0,0,0,0
"ac_logical/CORRECT/generated_cap004947.als","CORRECT",0,0,0,0,0,0,0
"ac_logical/CORRECT/generated_cap004948.als","CORRECT",0,0,0,0,0,0,0
"ac_logical/CORRECT/generated_cap004949.als","CORRECT",0,0,0,0,0,0,0
"ac_logical/CORRECT/generated_cap004950.als","CORRECT",0,0,0,0,0,0,0
"ac_logical/CORRECT/generated_cap004951.als","CORRECT",0,0,0,0,0,0,0
"ac_logical/CORRECT/generated_cap004952.als","CORRECT",0,0,0,0,0,0,0
"ac_logical/CORRECT/generated_cap004953.als","CORRECT",0,0,0,0,0,0,0
"ac_logical/CORRECT/generated_cap004954.als","CORRECT",0,0,0,0,0,0,0
"ac_logical/CORRECT/generated_cap004955.als","CORRECT",0,0,0,0,0,0,0
"ac_logical/CORRECT/generated_cap004956.als","CORRECT",0,0,0,0,0,0,0
"ac_logical/CORRECT/generated_cap004957.als","CORRECT",0,0,0,0,0,0,0
"ac_logical/CORRECT/generated_cap004958.als","CORRECT",0,0,0,0,0,0,0
"ac_logical/CORRECT/generated_cap004959.als","CORRECT",0,0,0,0,0,0,0
"ac_logical/CORRECT/generated_cap004960.als","CORRECT",0,0,0,0,0,0,0
"ac_logical/CORRECT/generated_cap004961.als","CORRECT",0,0,0,0,0,0,0
"ac_logical/CORRECT/generated_cap004962.als","CORRECT",0,0,0,0,0,0,0
"ac_logical/CORRECT/generated_cap004963.als","CORRECT",0,0,0,0,0,0,0
"ac_logical/CORRECT/generated_cap004964.als","CORRECT",0,0,0,0,0,0,0
"ac_logical/CORRECT/generated_cap004965.als","CORRECT",0,0,0,0,0,0,0
"ac_logical/CORRECT/generated_cap004966.als","CORRECT",0,0,0,0,0,0,0
"ac_logical/CORRECT/generated_cap004967.als","CORRECT",0,0,0,0,0,0,0
"ac_logical/CORRECT/generated_cap004968.als","CORRECT",0,0,0,0,0,0,0
"ac_logical/CORRECT/generated_cap004969.als","CORRECT",0,0,0,0,0,0,0
"ac_logical/CORRECT/generated_cap004970.als","CORRECT",0,0,0,0,0,0,0
"ac_logical/CORRECT/generated_cap004971.als","CORRECT",0,0,0,0,0,0,0
"ac_logical/CORRECT/generated_cap004972.als","CORRECT",0,0,0,0,0,0,0
"ac_logical/CORRECT/generated_cap004973.als","CORRECT",0,0,0,0,0,0,0
"ac_logical/CORRECT/generated_cap004974.als","CORRECT",0,0,0,0,0,0,0
"ac_logical/CORRECT/generated_cap004975.als","CORRECT",0,0,0,0,0,0,0
"ac_logical/CORRECT/generated_cap004976.als","CORRECT",0,0,0,0,0,0,0
"ac_logical/CORRECT/generated_cap004977.als","CORRECT",0,0,0,0,0,0,0
"ac_logical/CORRECT/generated_cap004978.als","CORRECT",0,0,0,0,0,0,0
"ac_logical/CORRECT/generated_cap004979.als","CORRECT",0,0,0,0,0,0,0
"ac_logical/CORRECT/generated_cap004980.als","CORRECT",0,0,0,0,0,0,0
"ac_logical/CORRECT/generated_cap004981.als","CORRECT",0,0,0,0,0,0,0
"ac_logical/CORRECT/generated_cap004982.als","CORRECT",0,0,0,0,0,0,0
"ac_logical/CORRECT/generated_cap004983.als","CORRECT",0,0,0,0,0,0,0
"ac_logical/CORRECT/generated_cap004984.als","CORRECT",0,0,0,0,0,0,0
"ac_logical/CORRECT/generated_cap004985.als","CORRECT",0,0,0,0,0,0,0
"ac_logical/CORRECT/generated_cap004986.als","CORRECT",0,0,0,0,0,0,0
"ac_logical/CORRECT/generated_cap004987.als","CORRECT",0,0,0,0,0,0,0
"ac_logical/CORRECT/generated_cap004988.als","CORRECT",0,0,0,0,0,0,0
"ac_logical/CORRECT/generated_cap004989.als","CORRECT",0,0,0,0,0,0,0
"ac_logical/CORRECT/generated_cap004990.als","CORRECT",0,0,0,0,0,0,0
"ac_logical/CORRECT/generated_cap004991.als","CORRECT",0,0,0,0,0,0,0
"ac_logical/CORRECT/generated_cap004992.als","CORRECT",0,0,0,0,0,0,0
"ac_logical/CORRECT/generated_cap004993.als","CORRECT",0,0,0,0,0,0,0
"ac_logical/CORRECT/generated_cap004994.als","CORRECT",0,0,0,0,0,0,0
"ac_logical/CORRECT/generated_cap004995.als","CORRECT",0,0,0,0,0,0,0
"ac_logical/CORRECT/generated_cap004996.als","CORRECT",0,0,0,0,0,0,0
"ac_logical/CORRECT/generated_cap004997.als","CORRECT",0,0,0,0,0,0,0
"ac_logical/CORRECT/generated_cap004998.als","CORRECT",0,0,0,0,0,0,0
"ac_logical/CORRECT/generated_cap004999.als","CORRECT",0,0,0,0,0,0,0
"aci/CORRECT/generated_cap000500.als","CORRECT",0,0,0,0,0,0,0
"aci/CORRECT/generated_cap000501.als","CORRECT",0,0,0,0,0,0,0
"aci/CORRECT/generated_cap000502.als","CORRECT",0,0,0,0,0,0,0
"aci/CORRECT/generated_cap000503.als","CORRECT",0,0,0,0,0,0,0
"aci/CORRECT/generated_cap000504.als","CORRECT",0,0,0,0,0,0,0
"aci/CORRECT/generated_cap000505.als","CORRECT",0,0,0,0,0,0,0
"aci/CORRECT/generated_cap000506.als","CORRECT",0,0,0,0,0,0,0
"aci/CORRECT/generated_cap000507.als","CORRECT",0,0,0,0,0,0,0
"aci/CORRECT/generated_cap000508.als","CORRECT",0,0,0,0,0,0,0
"aci/CORRECT/generated_cap000509.als","CORRECT",0,0,0,0,0,0,0
"aci/CORRECT/generated_cap000510.als","CORRECT",0,0,0,0,0,0,0
"aci/CORRECT/generated_cap000511.als","CORRECT",0,0,0,0,0,0,0
"aci/CORRECT/generated_cap000512.als","CORRECT",0,0,0,0,0,0,0
"aci/CORRECT/generated_cap000513.als","CORRECT",0,0,0,0,0,0,0
"aci/CORRECT/generated_cap000514.als","CORRECT",0,0,0,0,0,0,0
"aci/CORRECT/generated_cap000515.als","CORRECT",0,0,0,0,0,0,0
"aci/CORRECT/generated_cap000516.als","CORRECT",0,0,0,0,0,0,0
"aci/CORRECT/generated_cap000517.als","CORRECT",0,0,0,0,0,0,0
"aci/CORRECT/generated_cap000518.als","CORRECT",0,0,0,0,0,0,0
"aci/CORRECT/generated_cap000519.als","CORRECT",0,0,0,0,0,0,0
"aci/CORRECT/generated_cap000520.als","CORRECT",0,0,0,0,0,0,0
"aci/CORRECT/generated_cap000521.als","CORRECT",0,0,0,0,0,0,0
"aci/CORRECT/generated_cap000522.als","CORRECT",0,0,0,0,0,0,0
"aci/CORRECT/generated_cap000523.als","CORRECT",0,0,0,0,0,0,0
"aci/CORRECT/generated_cap000524.als","CORRECT",0,0,0,0,0,1,1
"aci/CORRECT/generated_cap000525.als","CORRECT",0,0,0,0,0,0,0
"aci/CORRECT/generated_cap000526.als","CORRECT",0,0,0,0,0,0,0
"aci/CORRECT/generated_cap000527.als","CORRECT",0,0,0,0,0,0,0
"aci/CORRECT/generated_cap000528.als","CORRECT",0,0,0,0,0,0,0
"aci/CORRECT/generated_cap000529.als","CORRECT",0,0,0,0,0,0,0
"aci/CORRECT/generated_cap000530.als","CORRECT",0,0,0,0,0,0,0
"aci/CORRECT/generated_cap000531.als","CORRECT",0,0,0,0,0,0,0
"aci/CORRECT/generated_cap000532.als","CORRECT",0,0,0,0,0,0,0
"aci/CORRECT/generated_cap000533.als","CORRECT",0,0,0,0,0,0,0
"aci/CORRECT/generated_cap000534.als","CORRECT",0,0,0,0,0,0,0
"aci/CORRECT/generated_cap000535.als","CORRECT",0,0,0,0,0,0,0
"aci/CORRECT/generated_cap000536.als","CORRECT",0,0,0,0,0,0,0
"aci/CORRECT/generated_cap000537.als","CORRECT",0,0,0,0,0,0,0
"aci/CORRECT/generated_cap000538.als","CORRECT",0,0,0,0,0,0,0
"aci/CORRECT/generated_cap000539.als","CORRECT",0,0,0,0,0,0,0
"aci/CORRECT/generated_cap000540.als","CORRECT",0,0,0,0,0,0,0
"aci/CORRECT/generated_cap000541.als","CORRECT",0,0,0,0,0,0,0
"aci/CORRECT/generated_cap000542.als","CORRECT",0,0,0,0,0,0,0
"aci/CORRECT/generated_cap000543.als","CORRECT",0,0,0,0,0,0,0
"aci/CORRECT/generated_cap000544.als","CORRECT",0,0,0,0,0,0,0
"aci/CORRECT/generated_cap000545.als","CORRECT",0,0,0,0,0,0,0
"aci/CORRECT/generated_cap000546.als","CORRECT",0,0,0,0,0,0,0
"aci/CORRECT/generated_cap000547.als","CORRECT",0,0,0,0,0,0,0
"aci/CORRECT/generated_cap000548.als","CORRECT",0,0,0,0,0,0,0
"aci/CORRECT/generated_cap000549.als","CORRECT",0,0,0,0,0,0,0
"aci/CORRECT/generated_cap000550.als","CORRECT",0,0,0,0,0,0,0
"aci/CORRECT/generated_cap000551.als","CORRECT",0,0,0,0,0,0,0
"aci/CORRECT/generated_cap000552.als","CORRECT",0,0,0,0,0,0,0
"aci/CORRECT/generated_cap000553.als","CORRECT",0,0,0,0,0,0,0
"aci/CORRECT/generated_cap000554.als","CORRECT",0,0,0,0,0,0,0
"aci/CORRECT/generated_cap000555.als","CORRECT",0,0,0,0,0,0,0
"aci/CORRECT/generated_cap000556.als","CORRECT",0,0,0,0,0,4,4
"aci/CORRECT/generated_cap000557.als","CORRECT",0,0,0,0,0,0,0
"aci/CORRECT/generated_cap000558.als","CORRECT",0,0,0,0,0,0,0
"aci/CORRECT/generated_cap000559.als","CORRECT",0,0,0,0,0,0,0
"aci/CORRECT/generated_cap000560.als","CORRECT",0,0,0,0,0,0,0
"aci/CORRECT/generated_cap000561.als","CORRECT",0,0,0,0,0,0,0
"aci/CORRECT/generated_cap000562.als","CORRECT",0,0,0,0,0,0,0
"aci/CORRECT/generated_cap000563.als","CORRECT",0,0,0,0,0,0,0
"aci/CORRECT/generated_cap000564.als","CORRECT",0,0,0,0,0,0,0
"aci/CORRECT/generated_cap000565.als","CORRECT",0,0,0,0,0,0,0
"aci/CORRECT/generated_cap000566.als","CORRECT",0,0,0,0,0,0,0
"aci/CORRECT/generated_cap000567.als","CORRECT",0,0,0,0,0,0,0
"aci/CORRECT/generated_cap000568.als","CORRECT",0,0,0,0,0,0,0
"aci/CORRECT/generated_cap000569.als","CORRECT",0,0,0,0,0,0,0
"aci/CORRECT/generated_cap000570.als","CORRECT",0,0,0,0,0,0,0
"aci/CORRECT/generated_cap000571.als","CORRECT",0,0,0,0,0,0,0
"aci/CORRECT/generated_cap000572.als","CORRECT",0,0,0,0,0,0,0
"aci/CORRECT/generated_cap000573.als","CORRECT",0,0,0,0,0,0,0
"aci/CORRECT/generated_cap000574.als","CORRECT",0,0,0,0,0,0,0
"aci/CORRECT/generated_cap000575.als","CORRECT",0,0,0,0,0,0,0
"aci/CORRECT/generated_cap000576.als","CORRECT",0,0,0,0,0,0,0
"aci/CORRECT/generated_cap000577.als","CORRECT",0,0,0,0,0,0,0
"aci/CORRECT/generated_cap000578.als","CORRECT",0,0,0,0,0,0,0
"aci/CORRECT/generated_cap000579.als","CORRECT",0,0,0,0,0,0,0
"aci/CORRECT/generated_cap000580.als","CORRECT",0,0,0,0,0,0,0
"aci/CORRECT/generated_cap000581.als","CORRECT",0,0,0,0,0,0,0
"aci/CORRECT/generated_cap000582.als","CORRECT",0,0,0,0,0,0,0
"aci/CORRECT/generated_cap000583.als","CORRECT",0,0,0,0,0,0,0
"aci/CORRECT/generated_cap000584.als","CORRECT",0,0,0,0,0,0,0
"aci/CORRECT/generated_cap000585.als","CORRECT",0,0,0,0,0,0,0
"aci/CORRECT/generated_cap000586.als","CORRECT",0,0,0,0,0,0,0
"aci/CORRECT/generated_cap000587.als","CORRECT",0,0,0,0,0,0,0
"aci/CORRECT/generated_cap000588.als","CORRECT",0,0,0,0,0,0,0
"aci/CORRECT/generated_cap000589.als","CORRECT",0,0,0,0,0,0,0
"aci/CORRECT/generated_cap000590.als","CORRECT",0,0,0,0,0,0,0
"aci/CORRECT/generated_cap000591.als","CORRECT",0,0,0,0,0,0,0
"aci/CORRECT/generated_cap000592.als","CORRECT",0,0,0,0,0,0,0
"aci/CORRECT/generated_cap000593.als","CORRECT",0,0,0,0,0,0,0
"aci/CORRECT/generated_cap000594.als","CORRECT",0,0,0,0,0,0,0
"aci/CORRECT/generated_cap000595.als","CORRECT",0,0,0,0,0,0,0
"aci/CORRECT/generated_cap000596.als","CORRECT",0,0,0,0,0,0,0
"aci/CORRECT/generated_cap000597.als","CORRECT",0,0,0,0,0,0,0
"aci/CORRECT/generated_cap000598.als","CORRECT",0,0,0,0,0,0,0
"aci/CORRECT/generated_cap000599.als","CORRECT",0,0,0,0,0,0,0
"aci/CORRECT/generated_cap000600.als","CORRECT",0,0,0,0,0,0,0
"aci/CORRECT/generated_cap000601.als","CORRECT",0,0,0,0,0,0,0
"aci/CORRECT/generated_cap000602.als","CORRECT",0,0,0,0,0,0,0
"aci/CORRECT/generated_cap000603.als","CORRECT",0,0,0,0,0,0,0
"aci/CORRECT/generated_cap000604.als","CORRECT",0,0,0,0,0,0,0
"aci/CORRECT/generated_cap000605.als","CORRECT",0,0,0,0,0,0,0
"aci/CORRECT/generated_cap000606.als","CORRECT",0,0,0,0,0,0,0
"aci/CORRECT/generated_cap000607.als","CORRECT",0,0,0,0,0,0,0
"aci/CORRECT/generated_cap000608.als","CORRECT",0,0,0,0,0,0,0
"aci/CORRECT/generated_cap000609.als","CORRECT",0,0,0,0,0,0,0
"aci/CORRECT/generated_cap000610.als","CORRECT",0,0,0,0,0,0,0
"aci/CORRECT/generated_cap000611.als","CORRECT",0,0,0,0,0,0,0
"aci/CORRECT/generated_cap000612.als","CORRECT",0,0,0,0,0,0,0
"aci/CORRECT/generated_cap000613.als","CORRECT",0,0,0,0,0,0,0
"aci/CORRECT/generated_cap000614.als","CORRECT",0,0,0,0,0,0,0
"aci/CORRECT/generated_cap000615.als","CORRECT",0,0,0,0,0,0,0
"aci/CORRECT/generated_cap000616.als","CORRECT",0,0,0,0,0,0,0
"aci/CORRECT/generated_cap000617.als","CORRECT",0,0,0,0,0,0,0
"aci/CORRECT/generated_cap000618.als","CORRECT",0,0,0,0,0,0,0
"aci/CORRECT/generated_cap000619.als","CORRECT",0,0,0,0,0,0,0
"aci/CORRECT/generated_cap000620.als","CORRECT",0,0,0,0,0,0,0
"aci/CORRECT/generated_cap000621.als","CORRECT",0,0,0,0,0,0,0
"aci/CORRECT/generated_cap000622.als","CORRECT",0,0,0,0,0,0,0
"aci/CORRECT/generated_cap000623.als","CORRECT",0,0,0,0,0,0,0
"aci/CORRECT/generated_cap000624.als","CORRECT",0,0,0,0,0,0,0
"aci/CORRECT/generated_cap000625.als","CORRECT",0,0,0,0,0,0,0
"aci/CORRECT/generated_cap000626.als","CORRECT",0,0,0,0,0,0,0
"aci/CORRECT/generated_cap000627.als","CORRECT",0,0,0,0,0,0,0
"aci/CORRECT/generated_cap000628.als","CORRECT",0,0,0,0,0,0,0
"aci/CORRECT/generated_cap000629.als","CORRECT",0,0,0,0,0,0,0
"aci/CORRECT/generated_cap000630.als","CORRECT",0,0,0,0,0,0,0
"aci/CORRECT/generated_cap000631.als","CORRECT",0,0,0,0,0,0,0
"aci/CORRECT/generated_cap000632.als","CORRECT",0,0,0,0,0,0,0
"aci/CORRECT/generated_cap000633.als","CORRECT",0,0,0,0,0,0,0
"aci/CORRECT/generated_cap000634.als","CORRECT",0,0,0,0,0,0,0
"aci/CORRECT/generated_cap000635.als","CORRECT",0,0,0,0,0,0,0
"aci/CORRECT/generated_cap000636.als","CORRECT",0,0,0,0,0,0,0
"aci/CORRECT/generated_cap000637.als","CORRECT",0,0,0,0,0,0,0
"aci/CORRECT/generated_cap000638.als","CORRECT",0,0,0,0,0,0,0
"aci/CORRECT/generated_cap000639.als","CORRECT",0,0,0,0,0,0,0
"aci/CORRECT/generated_cap000640.als","CORRECT",0,0,0,0,0,0,0
"aci/CORRECT/generated_cap000641.als","CORRECT",0,0,0,0,0,0,0
"aci/CORRECT/generated_cap000642.als","CORRECT",0,0,0,0,0,0,0
"aci/CORRECT/generated_cap000643.als","CORRECT",0,0,0,0,0,0,0
"aci/CORRECT/generated_cap000644.als","CORRECT",0,0,0,0,0,0,0
"aci/CORRECT/generated_cap000645.als","CORRECT",0,0,0,0,0,0,0
"aci/CORRECT/generated_cap000646.als","CORRECT",0,0,0,0,0,0,0
"aci/CORRECT/generated_cap000647.als","CORRECT",0,0,0,0,0,0,0
"aci/CORRECT/generated_cap000648.als","CORRECT",0,0,0,0,0,0,0
"aci/CORRECT/generated_cap000649.als","CORRECT",0,0,0,0,0,0,0
"aci/CORRECT/generated_cap000650.als","CORRECT",0,0,0,0,0,0,0
"aci/CORRECT/generated_cap000651.als","CORRECT",0,0,0,0,0,0,0
"aci/CORRECT/generated_cap000652.als","CORRECT",0,0,0,0,0,0,0
"aci/CORRECT/generated_cap000653.als","CORRECT",0,0,0,0,0,0,0
"aci/CORRECT/generated_cap000654.als","CORRECT",0,0,0,0,0,0,0
"aci/CORRECT/generated_cap000655.als","CORRECT",0,0,0,0,0,0,0
"aci/CORRECT/generated_cap000656.als","CORRECT",0,0,0,0,0,0,0
"aci/CORRECT/generated_cap000657.als","CORRECT",0,0,0,0,0,0,0
"aci/CORRECT/generated_cap000658.als","CORRECT",0,0,0,0,0,0,0
"aci/CORRECT/generated_cap000659.als","CORRECT",0,0,0,0,0,0,0
"aci/CORRECT/generated_cap000660.als","CORRECT",0,0,0,0,0,0,0
"aci/CORRECT/generated_cap000661.als","CORRECT",0,0,0,0,0,0,0
"aci/CORRECT/generated_cap000662.als","CORRECT",0,0,0,0,0,0,0
"aci/CORRECT/generated_cap000663.als","CORRECT",0,0,0,0,0,0,0
"aci/CORRECT/generated_cap000664.als","CORRECT",0,0,0,0,0,0,0
"aci/CORRECT/generated_cap000665.als","CORRECT",0,0,0,0,0,0,0
"aci/CORRECT/generated_cap000666.als","CORRECT",0,0,0,0,0,0,0
"aci/CORRECT/generated_cap000667.als","CORRECT",0,0,0,0,0,0,0
"aci/CORRECT/generated_cap000668.als","CORRECT",0,0,0,0,0,0,0
"aci/CORRECT/generated_cap000669.als","CORRECT",0,0,0,0,0,0,0
"aci/CORRECT/generated_cap000670.als","CORRECT",0,0,0,0,0,0,0
"aci/CORRECT/generated_cap000671.als","CORRECT",0,0,0,0,0,0,0
"aci/CORRECT/generated_cap000672.als","CORRECT",0,0,0,0,0,0,0
"aci/CORRECT/generated_cap000673.als","CORRECT",0,0,0,0,0,0,0
"aci/CORRECT/generated_cap000674.als","CORRECT",0,0,0,0,0,0,0
"aci/CORRECT/generated_cap000675.als","CORRECT",0,0,0,0,0,0,0
"aci/CORRECT/generated_cap000676.als","CORRECT",0,0,0,0,0,0,0
"aci/CORRECT/generated_cap000677.als","CORRECT",0,0,0,0,0,0,0
"aci/CORRECT/generated_cap000678.als","CORRECT",0,0,0,0,0,0,0
"aci/CORRECT/generated_cap000679.als","CORRECT",0,0,0,0,0,0,0
"aci/CORRECT/generated_cap000680.als","CORRECT",0,0,0,0,0,0,0
"aci/CORRECT/generated_cap000681.als","CORRECT",0,0,0,0,0,0,0
"aci/CORRECT/generated_cap000682.als","CORRECT",0,0,0,0,0,0,0
"aci/CORRECT/generated_cap000683.als","CORRECT",0,0,0,0,0,0,0
"aci/CORRECT/generated_cap000684.als","CORRECT",0,0,0,0,0,0,0
"aci/CORRECT/generated_cap000685.als","CORRECT",0,0,0,0,0,0,0
"aci/CORRECT/generated_cap000686.als","CORRECT",0,0,0,0,0,0,0
"aci/CORRECT/generated_cap000687.als","CORRECT",0,0,0,0,0,0,0
"aci/CORRECT/generated_cap000688.als","CORRECT",0,0,0,0,0,0,0
"aci/CORRECT/generated_cap000689.als","CORRECT",0,0,0,0,0,0,0
"aci/CORRECT/generated_cap000690.als","CORRECT",0,0,0,0,0,0,0
"aci/CORRECT/generated_cap000691.als","CORRECT",0,0,0,0,0,0,0
"aci/CORRECT/generated_cap000692.als","CORRECT",0,0,0,0,0,0,0
"aci/CORRECT/generated_cap000693.als","CORRECT",0,0,0,0,0,0,0
"aci/CORRECT/generated_cap000694.als","CORRECT",0,0,0,0,0,0,0
"aci/CORRECT/generated_cap000695.als","CORRECT",0,0,0,0,0,0,0
"aci/CORRECT/generated_cap000696.als","CORRECT",0,0,0,0,0,0,0
"aci/CORRECT/generated_cap000697.als","CORRECT",0,0,0,0,0,0,0
"aci/CORRECT/generated_cap000698.als","CORRECT",0,0,0,0,0,0,0
"aci/CORRECT/generated_cap000699.als","CORRECT",0,0,0,0,0,0,0
"aci/CORRECT/generated_cap000700.als","CORRECT",0,0,0,0,0,0,0
"aci/CORRECT/generated_cap000701.als","CORRECT",0,0,0,0,0,0,0
"aci/CORRECT/generated_cap000702.als","CORRECT",0,0,0,0,0,0,0
"aci/CORRECT/generated_cap000703.als","CORRECT",0,0,0,0,0,0,0
"aci/CORRECT/generated_cap000704.als","CORRECT",0,0,0,0,0,0,0
"aci/CORRECT/generated_cap000705.als","CORRECT",0,0,0,0,0,0,0
"aci/CORRECT/generated_cap000706.als","CORRECT",0,0,0,0,0,0,0
"aci/CORRECT/generated_cap000707.als","CORRECT",0,0,0,0,0,0,0
"aci/CORRECT/generated_cap000708.als","CORRECT",0,0,0,0,0,0,0
"aci/CORRECT/generated_cap000709.als","CORRECT",0,0,0,0,0,0,0
"aci/CORRECT/generated_cap000710.als","CORRECT",0,0,0,0,0,0,0
"aci/CORRECT/generated_cap000711.als","CORRECT",0,0,0,0,0,0,0
"aci/CORRECT/generated_cap000712.als","CORRECT",0,0,0,0,0,0,0
"aci/CORRECT/generated_cap000713.als","CORRECT",0,0,0,0,0,0,0
"aci/CORRECT/generated_cap000714.als","CORRECT",0,0,0,0,0,0,0
"aci/CORRECT/generated_cap000715.als","CORRECT",0,0,0,0,0,0,0
"aci/CORRECT/generated_cap000716.als","CORRECT",0,0,0,0,0,2,2
"aci/CORRECT/generated_cap000717.als","CORRECT",0,0,0,0,0,0,0
"aci/CORRECT/generated_cap000718.als","CORRECT",0,0,0,0,0,0,0
"aci/CORRECT/generated_cap000719.als","CORRECT",0,0,0,0,0,0,0
"aci/CORRECT/generated_cap000720.als","CORRECT",0,0,0,0,0,0,0
"aci/CORRECT/generated_cap000721.als","CORRECT",0,0,0,0,0,0,0
"aci/CORRECT/generated_cap000722.als","CORRECT",0,0,0,0,0,0,0
"aci/CORRECT/generated_cap000723.als","CORRECT",0,0,0,0,0,0,0
"aci/CORRECT/generated_cap000724.als","CORRECT",0,0,0,0,0,0,0
"aci/CORRECT/generated_cap000725.als","CORRECT",0,0,0,0,0,0,0
"aci/CORRECT/generated_cap000726.als","CORRECT",0,0,0,0,0,0,0
"aci/CORRECT/generated_cap000727.als","CORRECT",0,0,0,0,0,0,0
"aci/CORRECT/generated_cap000728.als","CORRECT",0,0,0,0,0,0,0
"aci/CORRECT/generated_cap000729.als","CORRECT",0,0,0,0,0,0,0
"aci/CORRECT/generated_cap000730.als","CORRECT",0,0,0,0,0,0,0
"aci/CORRECT/generated_cap000731.als","CORRECT",0,0,0,0,0,0,0
"aci/CORRECT/generated_cap000732.als","CORRECT",0,0,0,0,0,0,0
"aci/CORRECT/generated_cap000733.als","CORRECT",0,0,0,0,0,0,0
"aci/CORRECT/generated_cap000734.als","CORRECT",0,0,0,0,0,0,0
"aci/CORRECT/generated_cap000735.als","CORRECT",0,0,0,0,0,5,5
"aci/CORRECT/generated_cap000736.als","CORRECT",0,0,0,0,0,0,0
"aci/CORRECT/generated_cap000737.als","CORRECT",0,0,0,0,0,0,0
"aci/CORRECT/generated_cap000738.als","CORRECT",0,0,0,0,0,0,0
"aci/CORRECT/generated_cap000739.als","CORRECT",0,0,0,0,0,0,0
"aci/CORRECT/generated_cap000740.als","CORRECT",0,0,0,0,0,0,0
"aci/CORRECT/generated_cap000741.als","CORRECT",0,0,0,0,0,0,0
"aci/CORRECT/generated_cap000742.als","CORRECT",0,0,0,0,0,0,0
"aci/CORRECT/generated_cap000743.als","CORRECT",0,0,0,0,0,0,0
"aci/CORRECT/generated_cap000744.als","CORRECT",0,0,0,0,0,0,0
"aci/CORRECT/generated_cap000745.als","CORRECT",0,0,0,0,0,0,0
"aci/CORRECT/generated_cap000746.als","CORRECT",0,0,0,0,0,0,0
"aci/CORRECT/generated_cap000747.als","CORRECT",0,0,0,0,0,0,0
"aci/CORRECT/generated_cap000748.als","CORRECT",0,0,0,0,0,0,0
"aci/CORRECT/generated_cap000749.als","CORRECT",0,0,0,0,0,0,0
"aci/CORRECT/generated_cap000750.als","CORRECT",0,0,0,0,0,0,0
"aci/CORRECT/generated_cap000751.als","CORRECT",0,0,0,0,0,0,0
"aci/CORRECT/generated_cap000752.als","CORRECT",0,0,0,0,0,0,0
"aci/CORRECT/generated_cap000753.als","CORRECT",0,0,0,0,0,0,0
"aci/CORRECT/generated_cap000754.als","CORRECT",0,0,0,0,0,0,0
"aci/CORRECT/generated_cap000755.als","CORRECT",0,0,0,0,0,0,0
"aci/CORRECT/generated_cap000756.als","CORRECT",0,0,0,0,0,0,0
"aci/CORRECT/generated_cap000757.als","CORRECT",0,0,0,0,0,0,0
"aci/CORRECT/generated_cap000758.als","CORRECT",0,0,0,0,0,0,0
"aci/CORRECT/generated_cap000759.als","CORRECT",0,0,0,0,0,0,0
"aci/CORRECT/generated_cap000760.als","CORRECT",0,0,0,0,0,0,0
"aci/CORRECT/generated_cap000761.als","CORRECT",0,0,0,0,0,0,0
"aci/CORRECT/generated_cap000762.als","CORRECT",0,0,0,0,0,0,0
"aci/CORRECT/generated_cap000763.als","CORRECT",0,0,0,0,0,0,0
"aci/CORRECT/generated_cap000764.als","CORRECT",0,0,0,0,0,0,0
"aci/CORRECT/generated_cap000765.als","CORRECT",0,0,0,0,0,0,0
"aci/CORRECT/generated_cap000766.als","CORRECT",0,0,0,0,0,0,0
"aci/CORRECT/generated_cap000767.als","CORRECT",0,0,0,0,0,0,0
"aci/CORRECT/generated_cap000768.als","CORRECT",0,0,0,0,0,0,0
"aci/CORRECT/generated_cap000769.als","CORRECT",0,0,0,0,0,0,0
"aci/CORRECT/generated_cap000770.als","CORRECT",0,0,0,0,0,0,0
"aci/CORRECT/generated_cap000771.als","CORRECT",0,0,0,0,0,0,0
"aci/CORRECT/generated_cap000772.als","CORRECT",0,0,0,0,0,0,0
"aci/CORRECT/generated_cap000773.als","CORRECT",0,0,0,0,0,0,0
"aci/CORRECT/generated_cap000774.als","CORRECT",0,0,0,0,0,0,0
"aci/CORRECT/generated_cap000775.als","CORRECT",0,0,0,0,0,0,0
"aci/CORRECT/generated_cap000776.als","CORRECT",0,0,0,0,0,0,0
"aci/CORRECT/generated_cap000777.als","CORRECT",0,0,0,0,0,0,0
"aci/CORRECT/generated_cap000778.als","CORRECT",0,0,0,0,0,0,0
"aci/CORRECT/generated_cap000779.als","CORRECT",0,0,0,0,0,0,0
"aci/CORRECT/generated_cap000780.als","CORRECT",0,0,0,0,0,0,0
"aci/CORRECT/generated_cap000781.als","CORRECT",0,0,0,0,0,0,0
"aci/CORRECT/generated_cap000782.als","CORRECT",0,0,0,0,0,0,0
"aci/CORRECT/generated_cap000783.als","CORRECT",0,0,0,0,0,0,0
"aci/CORRECT/generated_cap000784.als","CORRECT",0,0,0,0,0,0,0
"aci/CORRECT/generated_cap000785.als","CORRECT",0,0,0,0,0,0,0
"aci/CORRECT/generated_cap000786.als","CORRECT",0,0,0,0,0,0,0
"aci/CORRECT/generated_cap000787.als","CORRECT",0,0,0,0,0,0,0
"aci/CORRECT/generated_cap000788.als","CORRECT",0,0,0,0,0,0,0
"aci/CORRECT/generated_cap000789.als","CORRECT",0,0,0,0,0,0,0
"aci/CORRECT/generated_cap000790.als","CORRECT",0,0,0,0,0,0,0
"aci/CORRECT/generated_cap000791.als","CORRECT",0,0,0,0,0,0,0
"aci/CORRECT/generated_cap000792.als","CORRECT",0,0,0,0,0,0,0
"aci/CORRECT/generated_cap000793.als","CORRECT",0,0,0,0,0,0,0
"aci/CORRECT/generated_cap000794.als","CORRECT",0,0,0,0,0,0,0
"aci/CORRECT/generated_cap000795.als","CORRECT",0,0,0,0,0,0,0
"aci/CORRECT/generated_cap000796.als","CORRECT",0,0,0,0,0,0,0
"aci/CORRECT/generated_cap000797.als","CORRECT",0,0,0,0,0,0,0
"aci/CORRECT/generated_cap000798.als","CORRECT",0,0,0,0,0,0,0
"aci/CORRECT/generated_cap000799.als","CORRECT",0,0,0,0,0,0,0
"aci/CORRECT/generated_cap000800.als","CORRECT",0,0,0,0,0,0,0
"aci/CORRECT/generated_cap000801.als","CORRECT",0,0,0,0,0,0,0
"aci/CORRECT/generated_cap000802.als","CORRECT",0,0,0,0,0,0,0
"aci/CORRECT/generated_cap000803.als","CORRECT",0,0,0,0,0,0,0
"aci/CORRECT/generated_cap000804.als","CORRECT",0,0,0,0,0,0,0
"aci/CORRECT/generated_cap000805.als","CORRECT",0,0,0,0,0,0,0
"aci/CORRECT/generated_cap000806.als","CORRECT",0,0,0,0,0,0,0
"aci/CORRECT/generated_cap000807.als","CORRECT",0,0,0,0,0,0,0
"aci/CORRECT/generated_cap000808.als","CORRECT",0,0,0,0,0,0,0
"aci/CORRECT/generated_cap000809.als","CORRECT",0,0,0,0,0,0,0
"aci/CORRECT/generated_cap000810.als","CORRECT",0,0,0,0,0,0,0
"aci/CORRECT/generated_cap000811.als","CORRECT",0,0,0,0,0,0,0
"aci/CORRECT/generated_cap000812.als","CORRECT",0,0,0,0,0,0,0
"aci/CORRECT/generated_cap000813.als","CORRECT",0,0,0,0,0,0,0
"aci/CORRECT/generated_cap000814.als","CORRECT",0,0,0,0,0,0,0
"aci/CORRECT/generated_cap000815.als","CORRECT",0,0,0,0,0,0,0
"aci/CORRECT/generated_cap000816.als","CORRECT",0,0,0,0,0,0,0
"aci/CORRECT/generated_cap000817.als","CORRECT",0,0,0,0,0,0,0
"aci/CORRECT/generated_cap000818.als","CORRECT",0,0,0,0,0,0,0
"aci/CORRECT/generated_cap000819.als","CORRECT",0,0,0,0,0,0,0
"aci/CORRECT/generated_cap000820.als","CORRECT",0,0,0,0,0,0,0
"aci/CORRECT/generated_cap000821.als","CORRECT",0,0,0,0,0,0,0
"aci/CORRECT/generated_cap000822.als","CORRECT",0,0,0,0,0,0,0
"aci/CORRECT/generated_cap000823.als","CORRECT",0,0,0,0,0,0,0
"aci/CORRECT/generated_cap000824.als","CORRECT",0,0,0,0,0,0,0
"aci/CORRECT/generated_cap000825.als","CORRECT",0,0,0,0,0,0,0
"aci/CORRECT/generated_cap000826.als","CORRECT",0,0,0,0,0,0,0
"aci/CORRECT/generated_cap000827.als","CORRECT",0,0,0,0,0,0,0
"aci/CORRECT/generated_cap000828.als","CORRECT",0,0,0,0,0,0,0
"aci/CORRECT/generated_cap000829.als","CORRECT",0,0,0,0,0,0,0
"aci/CORRECT/generated_cap000830.als","CORRECT",0,0,0,0,0,0,0
"aci/CORRECT/generated_cap000831.als","CORRECT",0,0,0,0,0,0,0
"aci/CORRECT/generated_cap000832.als","CORRECT",0,0,0,0,0,0,0
"aci/CORRECT/generated_cap000833.als","CORRECT",0,0,0,0,0,0,0
"aci/CORRECT/generated_cap000834.als","CORRECT",0,0,0,0,0,0,0
"aci/CORRECT/generated_cap000835.als","CORRECT",0,0,0,0,0,0,0
"aci/CORRECT/generated_cap000836.als","CORRECT",0,0,0,0,0,0,0
"aci/CORRECT/generated_cap000837.als","CORRECT",0,0,0,0,0,0,0
"aci/CORRECT/generated_cap000838.als","CORRECT",0,0,0,0,0,0,0
"aci/CORRECT/generated_cap000839.als","CORRECT",0,0,0,0,0,0,0
"aci/CORRECT/generated_cap000840.als","CORRECT",0,0,0,0,0,0,0
"aci/CORRECT/generated_cap000841.als","CORRECT",0,0,0,0,0,0,0
"aci/CORRECT/generated_cap000842.als","CORRECT",0,0,0,0,0,0,0
"aci/CORRECT/generated_cap000843.als","CORRECT",0,0,0,0,0,0,0
"aci/CORRECT/generated_cap000844.als","CORRECT",0,0,0,0,0,0,0
"aci/CORRECT/generated_cap000845.als","CORRECT",0,0,0,0,0,0,0
"aci/CORRECT/generated_cap000846.als","CORRECT",0,0,0,0,0,0,0
"aci/CORRECT/generated_cap000847.als","CORRECT",0,0,0,0,0,0,0
"aci/CORRECT/generated_cap000848.als","CORRECT",0,0,0,0,0,0,0
"aci/CORRECT/generated_cap000849.als","CORRECT",0,0,0,0,0,0,0
"aci/CORRECT/generated_cap000850.als","CORRECT",0,0,0,0,0,0,0
"aci/CORRECT/generated_cap000851.als","CORRECT",0,0,0,0,0,0,0
"aci/CORRECT/generated_cap000852.als","CORRECT",0,0,0,0,0,0,0
"aci/CORRECT/generated_cap000853.als","CORRECT",0,0,0,0,0,0,0
"aci/CORRECT/generated_cap000854.als","CORRECT",0,0,0,0,0,0,0
"aci/CORRECT/generated_cap000855.als","CORRECT",0,0,0,0,0,0,0
"aci/CORRECT/generated_cap000856.als","CORRECT",0,0,0,0,0,0,0
"aci/CORRECT/generated_cap000857.als","CORRECT",0,0,0,0,0,0,0
"aci/CORRECT/generated_cap000858.als","CORRECT",0,0,0,0,0,0,0
"aci/CORRECT/generated_cap000859.als","CORRECT",0,0,0,0,0,0,0
"aci/CORRECT/generated_cap000860.als","CORRECT",0,0,0,0,0,0,0
"aci/CORRECT/generated_cap000861.als","CORRECT",0,0,0,0,0,0,0
"aci/CORRECT/generated_cap000862.als","CORRECT",0,0,0,0,0,0,0
"aci/CORRECT/generated_cap000863.als","CORRECT",0,0,0,0,0,0,0
"aci/CORRECT/generated_cap000864.als","CORRECT",0,0,0,0,0,0,0
"aci/CORRECT/generated_cap000865.als","CORRECT",0,0,0,0,0,0,0
"aci/CORRECT/generated_cap000866.als","CORRECT",0,0,0,0,0,0,0
"aci/CORRECT/generated_cap000867.als","CORRECT",0,0,0,0,0,0,0
"aci/CORRECT/generated_cap000868.als","CORRECT",0,0,0,0,0,0,0
"aci/CORRECT/generated_cap000869.als","CORRECT",0,0,0,0,0,0,0
"aci/CORRECT/generated_cap000870.als","CORRECT",0,0,0,0,0,0,0
"aci/CORRECT/generated_cap000871.als","CORRECT",0,0,0,0,0,0,0
"aci/CORRECT/generated_cap000872.als","CORRECT",0,0,0,0,0,0,0
"aci/CORRECT/generated_cap000873.als","CORRECT",0,0,0,0,0,0,0
"aci/CORRECT/generated_cap000874.als","CORRECT",0,0,0,0,0,0,0
"aci/CORRECT/generated_cap000875.als","CORRECT",0,0,0,0,0,0,0
"aci/CORRECT/generated_cap000876.als","CORRECT",0,0,0,0,0,0,0
"aci/CORRECT/generated_cap000877.als","CORRECT",0,0,0,0,0,0,0
"aci/CORRECT/generated_cap000878.als","CORRECT",0,0,0,0,0,0,0
"aci/CORRECT/generated_cap000879.als","CORRECT",0,0,0,0,0,0,0
"aci/CORRECT/generated_cap000880.als","CORRECT",0,0,0,0,0,0,0
"aci/CORRECT/generated_cap000881.als","CORRECT",0,0,0,0,0,0,0
"aci/CORRECT/generated_cap000882.als","CORRECT",0,0,0,0,0,0,0
"aci/CORRECT/generated_cap000883.als","CORRECT",0,0,0,0,0,0,0
"aci/CORRECT/generated_cap000884.als","CORRECT",0,0,0,0,0,0,0
"aci/CORRECT/generated_cap000885.als","CORRECT",0,0,0,0,0,0,0
"aci/CORRECT/generated_cap000886.als","CORRECT",0,0,0,0,0,0,0
"aci/CORRECT/generated_cap000887.als","CORRECT",0,0,0,0,0,0,0
"aci/CORRECT/generated_cap000888.als","CORRECT",0,0,0,0,0,0,0
"aci/CORRECT/generated_cap000889.als","CORRECT",0,0,0,0,0,0,0
"aci/CORRECT/generated_cap000890.als","CORRECT",0,0,0,0,0,0,0
"aci/CORRECT/generated_cap000891.als","CORRECT",0,0,0,0,0,0,0
"aci/CORRECT/generated_cap000892.als","CORRECT",0,0,0,0,0,0,0
"aci/CORRECT/generated_cap000893.als","CORRECT",0,0,0,0,0,0,0
"aci/CORRECT/generated_cap000894.als","CORRECT",0,0,0,0,0,0,0
"aci/CORRECT/generated_cap000895.als","CORRECT",0,0,0,0,0,0,0
"aci/CORRECT/generated_cap000896.als","CORRECT",0,0,0,0,0,0,0
"aci/CORRECT/generated_cap000897.als","CORRECT",0,0,0,0,0,0,0
"aci/CORRECT/generated_cap000898.als","CORRECT",0,0,0,0,0,0,0
"aci/CORRECT/generated_cap000899.als","CORRECT",0,0,0,0,0,0,0
"aci/CORRECT/generated_cap000900.als","CORRECT",0,0,0,0,0,0,0
"aci/CORRECT/generated_cap000901.als","CORRECT",0,0,0,0,0,0,0
"aci/CORRECT/generated_cap000902.als","CORRECT",0,0,0,0,0,0,0
"aci/CORRECT/generated_cap000903.als","CORRECT",0,0,0,0,0,0,0
"aci/CORRECT/generated_cap000904.als","CORRECT",0,0,0,0,0,0,0
"aci/CORRECT/generated_cap000905.als","CORRECT",0,0,0,0,0,0,0
"aci/CORRECT/generated_cap000906.als","CORRECT",0,0,0,0,0,0,0
"aci/CORRECT/generated_cap000907.als","CORRECT",0,0,0,0,0,0,0
"aci/CORRECT/generated_cap000908.als","CORRECT",0,0,0,0,0,0,0
"aci/CORRECT/generated_cap000909.als","CORRECT",0,0,0,0,0,0,0
"aci/CORRECT/generated_cap000910.als","CORRECT",0,0,0,0,0,0,0
"aci/CORRECT/generated_cap000911.als","CORRECT",0,0,0,0,0,0,0
"aci/CORRECT/generated_cap000912.als","CORRECT",0,0,0,0,0,0,0
"aci/CORRECT/generated_cap000913.als","CORRECT",0,0,0,0,0,0,0
"aci/CORRECT/generated_cap000914.als","CORRECT",0,0,0,0,0,0,0
"aci/CORRECT/generated_cap000915.als","CORRECT",0,0,0,0,0,0,0
"aci/CORRECT/generated_cap000916.als","CORRECT",0,0,0,0,0,0,0
"aci/CORRECT/generated_cap000917.als","CORRECT",0,0,0,0,0,0,0
"aci/CORRECT/generated_cap000918.als","CORRECT",0,0,0,0,0,0,0
"aci/CORRECT/generated_cap000919.als","CORRECT",0,0,0,0,0,0,0
"aci/CORRECT/generated_cap000920.als","CORRECT",0,0,0,0,0,0,0
"aci/CORRECT/generated_cap000921.als","CORRECT",0,0,0,0,0,0,0
"aci/CORRECT/generated_cap000922.als","CORRECT",0,0,0,0,0,0,0
"aci/CORRECT/generated_cap000923.als","CORRECT",0,0,0,0,0,0,0
"aci/CORRECT/generated_cap000924.als","CORRECT",0,0,0,0,0,0,0
"aci/CORRECT/generated_cap000925.als","CORRECT",0,0,0,0,0,0,0
"aci/CORRECT/generated_cap000926.als","CORRECT",0,0,0,0,0,0,0
"aci/CORRECT/generated_cap000927.als","CORRECT",0,0,0,0,0,0,0
"aci/CORRECT/generated_cap000928.als","CORRECT",0,0,0,0,0,0,0
"aci/CORRECT/generated_cap000929.als","CORRECT",0,0,0,0,0,0,0
"aci/CORRECT/generated_cap000930.als","CORRECT",0,0,0,0,0,0,0
"aci/CORRECT/generated_cap000931.als","CORRECT",0,0,0,0,0,0,0
"aci/CORRECT/generated_cap000932.als","CORRECT",0,0,0,0,0,0,0
"aci/CORRECT/generated_cap000933.als","CORRECT",0,0,0,0,0,0,0
"aci/CORRECT/generated_cap000934.als","CORRECT",0,0,0,0,0,0,0
"aci/CORRECT/generated_cap000935.als","CORRECT",0,0,0,0,0,0,0
"aci/CORRECT/generated_cap000936.als","CORRECT",0,0,0,0,0,0,0
"aci/CORRECT/generated_cap000937.als","CORRECT",0,0,0,0,0,0,0
"aci/CORRECT/generated_cap000938.als","CORRECT",0,0,0,0,0,0,0
"aci/CORRECT/generated_cap000939.als","CORRECT",0,0,0,0,0,0,0
"aci/CORRECT/generated_cap000940.als","CORRECT",0,0,0,0,0,0,0
"aci/CORRECT/generated_cap000941.als","CORRECT",0,0,0,0,0,0,0
"aci/CORRECT/generated_cap000942.als","CORRECT",0,0,0,0,0,0,0
"aci/CORRECT/generated_cap000943.als","CORRECT",0,0,0,0,0,0,0
"aci/CORRECT/generated_cap000944.als","CORRECT",0,0,0,0,0,0,0
"aci/CORRECT/generated_cap000945.als","CORRECT",0,0,0,0,0,0,0
"aci/CORRECT/generated_cap000946.als","CORRECT",0,0,0,0,0,0,0
"aci/CORRECT/generated_cap000947.als","CORRECT",0,0,0,0,0,0,0
"aci/CORRECT/generated_cap000948.als","CORRECT",0,0,0,0,0,0,0
"aci/CORRECT/generated_cap000949.als","CORRECT",0,0,0,0,0,0,0
"aci/CORRECT/generated_cap000950.als","CORRECT",0,0,0,0,0,0,0
"aci/CORRECT/generated_cap000951.als","CORRECT",0,0,0,0,0,0,0
"aci/CORRECT/generated_cap000952.als","CORRECT",0,0,0,0,0,0,0
"aci/CORRECT/generated_cap000953.als","CORRECT",0,0,0,0,0,0,0
"aci/CORRECT/generated_cap000954.als","CORRECT",0,0,0,0,0,0,0
"aci/CORRECT/generated_cap000955.als","CORRECT",0,0,0,0,0,0,0
"aci/CORRECT/generated_cap000956.als","CORRECT",0,0,0,0,0,0,0
"aci/CORRECT/generated_cap000957.als","CORRECT",0,0,0,0,0,0,0
"aci/CORRECT/generated_cap000958.als","CORRECT",0,0,0,0,0,0,0
"aci/CORRECT/generated_cap000959.als","CORRECT",0,0,0,0,0,0,0
"aci/CORRECT/generated_cap000960.als","CORRECT",0,0,0,0,0,0,0
"aci/CORRECT/generated_cap000961.als","CORRECT",0,0,0,0,0,0,0
"aci/CORRECT/generated_cap000962.als","CORRECT",0,0,0,0,0,0,0
"aci/CORRECT/generated_cap000963.als","CORRECT",0,0,0,0,0,0,0
"aci/CORRECT/generated_cap000964.als","CORRECT",0,0,0,0,0,0,0
"aci/CORRECT/generated_cap000965.als","CORRECT",0,0,0,0,0,0,0
"aci/CORRECT/generated_cap000966.als","CORRECT",0,0,0,0,0,0,0
"aci/CORRECT/generated_cap000967.als","CORRECT",0,0,0,0,0,0,0
"aci/CORRECT/generated_cap000968.als","CORRECT",0,0,0,0,0,0,0
"aci/CORRECT/generated_cap000969.als","CORRECT",0,0,0,0,0,0,0
"aci/CORRECT/generated_cap000970.als","CORRECT",0,0,0,0,0,0,0
"aci/CORRECT/generated_cap000971.als","CORRECT",0,0,0,0,0,0,0
"aci/CORRECT/generated_cap000972.als","CORRECT",0,0,0,0,0,0,0
"aci/CORRECT/generated_cap000973.als","CORRECT",0,0,0,0,0,0,0
"aci/CORRECT/generated_cap000974.als","CORRECT",0,0,0,0,0,0,0
"aci/CORRECT/generated_cap000975.als","CORRECT",0,0,0,0,0,0,0
"aci/CORRECT/generated_cap000976.als","CORRECT",0,0,0,0,0,0,0
"aci/CORRECT/generated_cap000977.als","CORRECT",0,0,0,0,0,0,0
"aci/CORRECT/generated_cap000978.als","CORRECT",0,0,0,0,0,0,0
"aci/CORRECT/generated_cap000979.als","CORRECT",0,0,0,0,0,0,0
"aci/CORRECT/generated_cap000980.als","CORRECT",0,0,0,0,0,0,0
"aci/CORRECT/generated_cap000981.als","CORRECT",0,0,0,0,0,0,0
"aci/CORRECT/generated_cap000982.als","CORRECT",0,0,0,0,0,0,0
"aci/CORRECT/generated_cap000983.als","CORRECT",0,0,0,0,0,0,0
"aci/CORRECT/generated_cap000984.als","CORRECT",0,0,0,0,0,0,0
"aci/CORRECT/generated_cap000985.als","CORRECT",0,0,0,0,0,0,0
"aci/CORRECT/generated_cap000986.als","CORRECT",0,0,0,0,0,0,0
"aci/CORRECT/generated_cap000987.als","CORRECT",0,0,0,0,0,0,0
"aci/CORRECT/generated_cap000988.als","CORRECT",0,0,0,0,0,0,0
"aci/CORRECT/generated_cap000989.als","CORRECT",0,0,0,0,0,0,0
"aci/CORRECT/generated_cap000990.als","CORRECT",0,0,0,0,0,0,0
"aci/CORRECT/generated_cap000991.als","CORRECT",0,0,0,0,0,0,0
"aci/CORRECT/generated_cap000992.als","CORRECT",0,0,0,0,0,0,0
"aci/CORRECT/generated_cap000993.als","CORRECT",0,0,0,0,0,0,0
"aci/CORRECT/generated_cap000994.als","CORRECT",0,0,0,0,0,0,0
"aci/CORRECT/generated_cap000995.als","CORRECT",0,0,0,0,0,0,0
"aci/CORRECT/generated_cap000996.als","CORRECT",0,0,0,0,0,0,0
"aci/CORRECT/generated_cap000997.als","CORRECT",0,0,0,0,0,0,0
"aci/CORRECT/generated_cap000998.als","CORRECT",0,0,0,0,0,0,0
"aci/CORRECT/generated_cap000999.als","CORRECT",0,0,0,0,0,0,0
"alpha/CORRECT/generated_cap000000.als","CORRECT",4,0,4,0,0,0,0
"alpha/CORRECT/generated_cap000001.als","CORRECT",4,0,4,0,0,0,0
"alpha/CORRECT/generated_cap000002.als","CORRECT",1,0,1,0,0,0,0
"alpha/CORRECT/generated_cap000003.als","CORRECT",4,0,4,0,0,0,0
"alpha/CORRECT/generated_cap000004.als","CORRECT",4,0,4,0,0,0,0
"alpha/CORRECT/generated_cap000005.als","CORRECT",4,0,4,0,0,0,0
"alpha/CORRECT/generated_cap000006.als","CORRECT",4,0,4,0,0,0,0
"alpha/CORRECT/generated_cap000007.als","CORRECT",4,0,4,0,0,0,0
"alpha/CORRECT/generated_cap000008.als","CORRECT",4,0,4,0,0,0,0
"alpha/CORRECT/generated_cap000009.als","CORRECT",4,0,4,0,0,0,0
"alpha/CORRECT/generated_cap000010.als","CORRECT",1,0,1,0,0,0,0
"alpha/CORRECT/generated_cap000011.als","CORRECT",4,0,4,0,0,0,0
"alpha/CORRECT/generated_cap000012.als","CORRECT",4,0,4,0,0,0,0
"alpha/CORRECT/generated_cap000013.als","CORRECT",4,0,4,0,0,0,0
"alpha/CORRECT/generated_cap000014.als","CORRECT",4,0,4,0,0,0,0
"alpha/CORRECT/generated_cap000015.als","CORRECT",4,0,4,0,0,0,0
"alpha/CORRECT/generated_cap000016.als","CORRECT",4,0,4,0,0,0,0
"alpha/CORRECT/generated_cap000017.als","CORRECT",4,0,4,0,0,0,0
"alpha/CORRECT/generated_cap000018.als","CORRECT",1,0,1,0,0,0,0
"alpha/CORRECT/generated_cap000019.als","CORRECT",4,0,4,0,0,0,0
"alpha/CORRECT/generated_cap000020.als","CORRECT",4,0,4,0,0,0,0
"alpha/CORRECT/generated_cap000021.als","CORRECT",4,0,4,0,0,0,0
"alpha/CORRECT/generated_cap000022.als","CORRECT",1,0,1,0,0,0,0
"alpha/CORRECT/generated_cap000023.als","CORRECT",4,0,4,0,0,0,0
"alpha/CORRECT/generated_cap000024.als","CORRECT",4,0,4,0,0,0,0
"alpha/CORRECT/generated_cap000025.als","CORRECT",4,0,4,0,0,0,0
"alpha/CORRECT/generated_cap000026.als","CORRECT",1,0,1,0,0,0,0
"alpha/CORRECT/generated_cap000027.als","CORRECT",4,0,4,0,0,0,0
"alpha/CORRECT/generated_cap000028.als","CORRECT",4,0,4,0,0,0,0
"alpha/CORRECT/generated_cap000029.als","CORRECT",4,0,4,0,0,0,0
"alpha/CORRECT/generated_cap000030.als","CORRECT",4,0,4,0,0,0,0
"alpha/CORRECT/generated_cap000031.als","CORRECT",4,0,4,0,0,0,0
"alpha/CORRECT/generated_cap000032.als","CORRECT",4,0,4,0,0,0,0
"alpha/CORRECT/generated_cap000033.als","CORRECT",4,0,4,0,0,0,0
"alpha/CORRECT/generated_cap000034.als","CORRECT",1,0,1,0,0,0,0
"alpha/CORRECT/generated_cap000035.als","CORRECT",4,0,4,0,0,0,0
"alpha/CORRECT/generated_cap000036.als","CORRECT",4,0,4,0,0,0,0
"alpha/CORRECT/generated_cap000037.als","CORRECT",4,0,4,0,0,0,0
"alpha/CORRECT/generated_cap000038.als","CORRECT",4,0,4,0,0,0,0
"alpha/CORRECT/generated_cap000039.als","CORRECT",4,0,4,0,0,0,0
"alpha/CORRECT/generated_cap000040.als","CORRECT",4,0,4,0,0,0,0
"alpha/CORRECT/generated_cap000041.als","CORRECT",4,0,4,0,0,0,0
"alpha/CORRECT/generated_cap000042.als","CORRECT",1,0,1,0,0,0,0
"alpha/CORRECT/generated_cap000043.als","CORRECT",4,0,4,0,0,0,0
"alpha/CORRECT/generated_cap000044.als","CORRECT",4,0,4,0,0,0,0
"alpha/CORRECT/generated_cap000045.als","CORRECT",4,0,4,0,0,0,0
"alpha/CORRECT/generated_cap000046.als","CORRECT",4,0,4,0,0,0,0
"alpha/CORRECT/generated_cap000047.als","CORRECT",4,0,4,0,0,0,0
"alpha/CORRECT/generated_cap000048.als","CORRECT",4,0,4,0,0,0,0
"alpha/CORRECT/generated_cap000049.als","CORRECT",4,0,4,0,0,0,0
"alpha/CORRECT/generated_cap000050.als","CORRECT",1,0,1,0,0,0,0
"alpha/CORRECT/generated_cap000051.als","CORRECT",4,0,4,0,0,0,0
"alpha/CORRECT/generated_cap000052.als","CORRECT",4,0,4,0,0,0,0
"alpha/CORRECT/generated_cap000053.als","CORRECT",4,0,4,0,0,0,0
"alpha/CORRECT/generated_cap000054.als","CORRECT",4,0,4,0,0,0,0
"alpha/CORRECT/generated_cap000055.als","CORRECT",4,0,4,0,0,0,0
"alpha/CORRECT/generated_cap000056.als","CORRECT",4,0,4,0,0,0,0
"alpha/CORRECT/generated_cap000057.als","CORRECT",4,0,4,0,0,0,0
"alpha/CORRECT/generated_cap000058.als","CORRECT",1,0,1,0,0,0,0
"alpha/CORRECT/generated_cap000059.als","CORRECT",4,0,4,0,0,0,0
"alpha/CORRECT/generated_cap000060.als","CORRECT",4,0,4,0,0,0,0
"alpha/CORRECT/generated_cap000061.als","CORRECT",4,0,4,0,0,0,0
"alpha/CORRECT/generated_cap000062.als","CORRECT",4,0,4,0,0,0,0
"alpha/CORRECT/generated_cap000063.als","CORRECT",4,0,4,0,0,0,0
"alpha/CORRECT/generated_cap000064.als","CORRECT",4,0,4,0,0,0,0
"alpha/CORRECT/generated_cap000065.als","CORRECT",4,0,4,0,0,0,0
"alpha/CORRECT/generated_cap000066.als","CORRECT",1,0,1,0,0,0,0
"alpha/CORRECT/generated_cap000067.als","CORRECT",4,0,4,0,0,0,0
"alpha/CORRECT/generated_cap000068.als","CORRECT",4,0,4,0,0,0,0
"alpha/CORRECT/generated_cap000069.als","CORRECT",4,0,4,0,0,0,0
"alpha/CORRECT/generated_cap000070.als","CORRECT",4,0,4,0,0,0,0
"alpha/CORRECT/generated_cap000071.als","CORRECT",4,0,4,0,0,0,0
"alpha/CORRECT/generated_cap000072.als","CORRECT",4,0,4,0,0,0,0
"alpha/CORRECT/generated_cap000073.als","CORRECT",4,0,4,0,0,0,0
"alpha/CORRECT/generated_cap000074.als","CORRECT",4,0,4,0,0,0,0
"alpha/CORRECT/generated_cap000075.als","CORRECT",4,0,4,0,0,0,0
"alpha/CORRECT/generated_cap000076.als","CORRECT",4,0,4,0,0,0,0
"alpha/CORRECT/generated_cap000077.als","CORRECT",4,0,4,0,0,0,0
"alpha/CORRECT/generated_cap000078.als","CORRECT",4,0,4,0,0,0,0
"alpha/CORRECT/generated_cap000079.als","CORRECT",4,0,4,0,0,0,0
"alpha/CORRECT/generated_cap000080.als","CORRECT",4,0,4,0,0,0,0
"alpha/CORRECT/generated_cap000081.als","CORRECT",4,0,4,0,0,0,0
"alpha/CORRECT/generated_cap000082.als","CORRECT",4,0,4,0,0,0,0
"alpha/CORRECT/generated_cap000083.als","CORRECT",4,0,4,0,0,0,0
"alpha/CORRECT/generated_cap000084.als","CORRECT",4,0,4,0,0,0,0
"alpha/CORRECT/generated_cap000085.als","CORRECT",4,0,4,0,0,0,0
"alpha/CORRECT/generated_cap000086.als","CORRECT",4,0,4,0,0,0,0
"alpha/CORRECT/generated_cap000087.als","CORRECT",4,0,4,0,0,0,0
"alpha/CORRECT/generated_cap000088.als","CORRECT",4,0,4,0,0,0,0
"alpha/CORRECT/generated_cap000089.als","CORRECT",4,0,4,0,0,0,0
"alpha/CORRECT/generated_cap000090.als","CORRECT",1,0,1,0,0,0,0
"alpha/CORRECT/generated_cap000091.als","CORRECT",1,0,1,0,0,0,0
"alpha/CORRECT/generated_cap000092.als","CORRECT",4,0,4,0,0,0,0
"alpha/CORRECT/generated_cap000093.als","CORRECT",4,0,4,0,0,0,0
"alpha/CORRECT/generated_cap000094.als","CORRECT",1,0,1,0,0,0,0
"alpha/CORRECT/generated_cap000095.als","CORRECT",4,0,4,0,0,0,0
"alpha/CORRECT/generated_cap000096.als","CORRECT",4,0,4,0,0,0,0
"alpha/CORRECT/generated_cap000097.als","CORRECT",4,0,4,0,0,0,0
"alpha/CORRECT/generated_cap000098.als","CORRECT",4,0,4,0,0,0,0
"alpha/CORRECT/generated_cap000099.als","CORRECT",4,0,4,0,0,0,0
"alpha/CORRECT/generated_cap000100.als","CORRECT",4,0,4,0,0,0,0
"alpha/CORRECT/generated_cap000101.als","CORRECT",4,0,4,0,0,0,0
"alpha/CORRECT/generated_cap000102.als","CORRECT",4,0,4,0,0,0,0
"alpha/CORRECT/generated_cap000103.als","CORRECT",4,0,4,0,0,0,0
"alpha/CORRECT/generated_cap000104.als","CORRECT",4,0,4,0,0,0,0
"alpha/CORRECT/generated_cap000105.als","CORRECT",4,0,4,0,0,0,0
"alpha/CORRECT/generated_cap000106.als","CORRECT",4,0,4,0,0,0,0
"alpha/CORRECT/generated_cap000107.als","CORRECT",4,0,4,0,0,0,0
"alpha/CORRECT/generated_cap000108.als","CORRECT",4,0,4,0,0,0,0
"alpha/CORRECT/generated_cap000109.als","CORRECT",4,0,4,0,0,0,0
"alpha/CORRECT/generated_cap000110.als","CORRECT",4,0,4,0,0,0,0
"alpha/CORRECT/generated_cap000111.als","CORRECT",4,0,4,0,0,0,0
"alpha/CORRECT/generated_cap000112.als","CORRECT",4,0,4,0,0,0,0
"alpha/CORRECT/generated_cap000113.als","CORRECT",4,0,4,0,0,0,0
"alpha/CORRECT/generated_cap000114.als","CORRECT",4,0,4,0,0,0,0
"alpha/CORRECT/generated_cap000115.als","CORRECT",4,0,4,0,0,0,0
"alpha/CORRECT/generated_cap000116.als","CORRECT",4,0,4,0,0,0,0
"alpha/CORRECT/generated_cap000117.als","CORRECT",4,0,4,0,0,0,0
"alpha/CORRECT/generated_cap000118.als","CORRECT",4,0,4,0,0,0,0
"alpha/CORRECT/generated_cap000119.als","CORRECT",4,0,4,0,0,0,0
"alpha/CORRECT/generated_cap000120.als","CORRECT",4,0,4,0,0,0,0
"alpha/CORRECT/generated_cap000121.als","CORRECT",4,0,4,0,0,0,0
"alpha/CORRECT/generated_cap000122.als","CORRECT",4,0,4,0,0,0,0
"alpha/CORRECT/generated_cap000123.als","CORRECT",4,0,4,0,0,0,0
"alpha/CORRECT/generated_cap000124.als","CORRECT",4,0,4,0,0,0,0
"alpha/CORRECT/generated_cap000125.als","CORRECT",4,0,4,0,0,0,0
"alpha/CORRECT/generated_cap000126.als","CORRECT",4,0,4,0,0,0,0
"alpha/CORRECT/generated_cap000127.als","CORRECT",4,0,4,0,0,0,0
"alpha/CORRECT/generated_cap000128.als","CORRECT",4,0,4,0,0,0,0
"alpha/CORRECT/generated_cap000129.als","CORRECT",4,0,4,0,0,0,0
"alpha/CORRECT/generated_cap000130.als","CORRECT",1,0,1,0,0,0,0
"alpha/CORRECT/generated_cap000131.als","CORRECT",4,0,4,0,0,0,0
"alpha/CORRECT/generated_cap000132.als","CORRECT",4,0,4,0,0,0,0
"alpha/CORRECT/generated_cap000133.als","CORRECT",4,0,4,0,0,0,0
"alpha/CORRECT/generated_cap000134.als","CORRECT",1,0,1,0,0,0,0
"alpha/CORRECT/generated_cap000135.als","CORRECT",4,0,4,0,0,0,0
"alpha/CORRECT/generated_cap000136.als","CORRECT",4,0,4,0,0,0,0
"alpha/CORRECT/generated_cap000137.als","CORRECT",4,0,4,0,0,0,0
"alpha/CORRECT/generated_cap000138.als","CORRECT",4,0,4,0,0,0,0
"alpha/CORRECT/generated_cap000139.als","CORRECT",4,0,4,0,0,0,0
"alpha/CORRECT/generated_cap000140.als","CORRECT",4,0,4,0,0,0,0
"alpha/CORRECT/generated_cap000141.als","CORRECT",4,0,4,0,0,0,0
"alpha/CORRECT/generated_cap000142.als","CORRECT",4,0,4,0,0,0,0
"alpha/CORRECT/generated_cap000143.als","CORRECT",4,0,4,0,0,0,0
"alpha/CORRECT/generated_cap000144.als","CORRECT",4,0,4,0,0,0,0
"alpha/CORRECT/generated_cap000145.als","CORRECT",4,0,4,0,0,0,0
"alpha/CORRECT/generated_cap000146.als","CORRECT",4,0,4,0,0,0,0
"alpha/CORRECT/generated_cap000147.als","CORRECT",4,0,4,0,0,0,0
"alpha/CORRECT/generated_cap000148.als","CORRECT",4,0,4,0,0,0,0
"alpha/CORRECT/generated_cap000149.als","CORRECT",4,0,4,0,0,0,0
"alpha/CORRECT/generated_cap000150.als","CORRECT",4,0,4,0,0,0,0
"alpha/CORRECT/generated_cap000151.als","CORRECT",4,0,4,0,0,0,0
"alpha/CORRECT/generated_cap000152.als","CORRECT",4,0,4,0,0,0,0
"alpha/CORRECT/generated_cap000153.als","CORRECT",4,0,4,0,0,0,0
"alpha/CORRECT/generated_cap000154.als","CORRECT",4,0,4,0,0,0,0
"alpha/CORRECT/generated_cap000155.als","CORRECT",4,0,4,0,0,0,0
"alpha/CORRECT/generated_cap000156.als","CORRECT",4,0,4,0,0,0,0
"alpha/CORRECT/generated_cap000157.als","CORRECT",4,0,4,0,0,0,0
"alpha/CORRECT/generated_cap000158.als","CORRECT",4,0,4,0,0,0,0
"alpha/CORRECT/generated_cap000159.als","CORRECT",4,0,4,0,0,0,0
"alpha/CORRECT/generated_cap000160.als","CORRECT",4,0,4,0,0,0,0
"alpha/CORRECT/generated_cap000161.als","CORRECT",4,0,4,0,0,0,0
"alpha/CORRECT/generated_cap000162.als","CORRECT",4,0,4,0,0,0,0
"alpha/CORRECT/generated_cap000163.als","CORRECT",4,0,4,0,0,0,0
"alpha/CORRECT/generated_cap000164.als","CORRECT",4,0,4,0,0,0,0
"alpha/CORRECT/generated_cap000165.als","CORRECT",4,0,4,0,0,0,0
"alpha/CORRECT/generated_cap000166.als","CORRECT",4,0,4,0,0,0,0
"alpha/CORRECT/generated_cap000167.als","CORRECT",4,0,4,0,0,0,0
"alpha/CORRECT/generated_cap000168.als","CORRECT",4,0,4,0,0,0,0
"alpha/CORRECT/generated_cap000169.als","CORRECT",4,0,4,0,0,0,0
"alpha/CORRECT/generated_cap000170.als","CORRECT",4,0,4,0,0,0,0
"alpha/CORRECT/generated_cap000171.als","CORRECT",4,0,4,0,0,0,0
"alpha/CORRECT/generated_cap000172.als","CORRECT",4,0,4,0,0,0,0
"alpha/CORRECT/generated_cap000173.als","CORRECT",4,0,4,0,0,0,0
"alpha/CORRECT/generated_cap000174.als","CORRECT",4,0,4,0,0,0,0
"alpha/CORRECT/generated_cap000175.als","CORRECT",4,0,4,0,0,0,0
"alpha/CORRECT/generated_cap000176.als","CORRECT",4,0,4,0,0,0,0
"alpha/CORRECT/generated_cap000177.als","CORRECT",4,0,4,0,0,0,0
"alpha/CORRECT/generated_cap000178.als","CORRECT",4,0,4,0,0,0,0
"alpha/CORRECT/generated_cap000179.als","CORRECT",4,0,4,0,0,0,0
"alpha/CORRECT/generated_cap000180.als","CORRECT",4,0,4,0,0,0,0
"alpha/CORRECT/generated_cap000181.als","CORRECT",4,0,4,0,0,0,0
"alpha/CORRECT/generated_cap000182.als","CORRECT",4,0,4,0,0,0,0
"alpha/CORRECT/generated_cap000183.als","CORRECT",4,0,4,0,0,0,0
"alpha/CORRECT/generated_cap000184.als","CORRECT",4,0,4,0,0,0,0
"alpha/CORRECT/generated_cap000185.als","CORRECT",4,0,4,0,0,0,0
"alpha/CORRECT/generated_cap000186.als","CORRECT",4,0,4,0,0,0,0
"alpha/CORRECT/generated_cap000187.als","CORRECT",4,0,4,0,0,0,0
"alpha/CORRECT/generated_cap000188.als","CORRECT",4,0,4,0,0,0,0
"alpha/CORRECT/generated_cap000189.als","CORRECT",4,0,4,0,0,0,0
"alpha/CORRECT/generated_cap000190.als","CORRECT",4,0,4,0,0,0,0
"alpha/CORRECT/generated_cap000191.als","CORRECT",4,0,4,0,0,0,0
"alpha/CORRECT/generated_cap000192.als","CORRECT",4,0,4,0,0,0,0
"alpha/CORRECT/generated_cap000193.als","CORRECT",4,0,4,0,0,0,0
"alpha/CORRECT/generated_cap000194.als","CORRECT",1,0,1,0,0,0,0
"alpha/CORRECT/generated_cap000195.als","CORRECT",4,0,4,0,0,0,0
"alpha/CORRECT/generated_cap000196.als","CORRECT",4,0,4,0,0,0,0
"alpha/CORRECT/generated_cap000197.als","CORRECT",4,0,4,0,0,0,0
"alpha/CORRECT/generated_cap000198.als","CORRECT",4,0,4,0,0,0,0
"alpha/CORRECT/generated_cap000199.als","CORRECT",4,0,4,0,0,0,0
"alpha/CORRECT/generated_cap000200.als","CORRECT",4,0,4,0,0,0,0
"alpha/CORRECT/generated_cap000201.als","CORRECT",4,0,4,0,0,0,0
"alpha/CORRECT/generated_cap000202.als","CORRECT",1,0,1,0,0,0,0
"alpha/CORRECT/generated_cap000203.als","CORRECT",4,0,4,0,0,0,0
"alpha/CORRECT/generated_cap000204.als","CORRECT",4,0,4,0,0,0,0
"alpha/CORRECT/generated_cap000205.als","CORRECT",4,0,4,0,0,0,0
"alpha/CORRECT/generated_cap000206.als","CORRECT",1,0,1,0,0,0,0
"alpha/CORRECT/generated_cap000207.als","CORRECT",4,0,4,0,0,0,0
"alpha/CORRECT/generated_cap000208.als","CORRECT",4,0,4,0,0,0,0
"alpha/CORRECT/generated_cap000209.als","CORRECT",4,0,4,0,0,0,0
"alpha/CORRECT/generated_cap000210.als","CORRECT",4,0,4,0,0,0,0
"alpha/CORRECT/generated_cap000211.als","CORRECT",4,0,4,0,0,0,0
"alpha/CORRECT/generated_cap000212.als","CORRECT",4,0,4,0,0,0,0
"alpha/CORRECT/generated_cap000213.als","CORRECT",4,0,4,0,0,0,0
"alpha/CORRECT/generated_cap000214.als","CORRECT",4,0,4,0,0,0,0
"alpha/CORRECT/generated_cap000215.als","CORRECT",4,0,4,0,0,0,0
"alpha/CORRECT/generated_cap000216.als","CORRECT",4,0,4,0,0,0,0
"alpha/CORRECT/generated_cap000217.als","CORRECT",4,0,4,0,0,0,0
"alpha/CORRECT/generated_cap000218.als","CORRECT",4,0,4,0,0,0,0
"alpha/CORRECT/generated_cap000219.als","CORRECT",4,0,4,0,0,0,0
"alpha/CORRECT/generated_cap000220.als","CORRECT",4,0,4,0,0,0,0
"alpha/CORRECT/generated_cap000221.als","CORRECT",4,0,4,0,0,0,0
"alpha/CORRECT/generated_cap000222.als","CORRECT",4,0,4,0,0,0,0
"alpha/CORRECT/generated_cap000223.als","CORRECT",4,0,4,0,0,0,0
"alpha/CORRECT/generated_cap000224.als","CORRECT",4,0,4,0,0,0,0
"alpha/CORRECT/generated_cap000225.als","CORRECT",4,0,4,0,0,0,0
"alpha/CORRECT/generated_cap000226.als","CORRECT",4,0,4,0,0,0,0
"alpha/CORRECT/generated_cap000227.als","CORRECT",4,0,4,0,0,0,0
"alpha/CORRECT/generated_cap000228.als","CORRECT",4,0,4,0,0,0,0
"alpha/CORRECT/generated_cap000229.als","CORRECT",4,0,4,0,0,0,0
"alpha/CORRECT/generated_cap000230.als","CORRECT",4,0,4,0,0,0,0
"alpha/CORRECT/generated_cap000231.als","CORRECT",4,0,4,0,0,0,0
"alpha/CORRECT/generated_cap000232.als","CORRECT",4,0,4,0,0,0,0
"alpha/CORRECT/generated_cap000233.als","CORRECT",4,0,4,0,0,0,0
"alpha/CORRECT/generated_cap000234.als","CORRECT",4,0,4,0,0,0,0
"alpha/CORRECT/generated_cap000235.als","CORRECT",4,0,4,0,0,0,0
"alpha/CORRECT/generated_cap000236.als","CORRECT",4,0,4,0,0,0,0
"alpha/CORRECT/generated_cap000237.als","CORRECT",4,0,4,0,0,0,0
"alpha/CORRECT/generated_cap000238.als","CORRECT",4,0,4,0,0,0,0
"alpha/CORRECT/generated_cap000239.als","CORRECT",4,0,4,0,0,0,0
"alpha/CORRECT/generated_cap000240.als","CORRECT",4,0,4,0,0,0,0
"alpha/CORRECT/generated_cap000241.als","CORRECT",4,0,4,0,0,0,0
"alpha/CORRECT/generated_cap000242.als","CORRECT",4,0,4,0,0,0,0
"alpha/CORRECT/generated_cap000243.als","CORRECT",4,0,4,0,0,0,0
"alpha/CORRECT/generated_cap000244.als","CORRECT",4,0,4,0,0,0,0
"alpha/CORRECT/generated_cap000245.als","CORRECT",4,0,4,0,0,0,0
"alpha/CORRECT/generated_cap000246.als","CORRECT",4,0,4,0,0,0,0
"alpha/CORRECT/generated_cap000247.als","CORRECT",4,0,4,0,0,0,0
"alpha/CORRECT/generated_cap000248.als","CORRECT",4,0,4,0,0,0,0
"alpha/CORRECT/generated_cap000249.als","CORRECT",4,0,4,0,0,0,0
"alpha/CORRECT/generated_cap000250.als","CORRECT",4,0,4,0,0,0,0
"alpha/CORRECT/generated_cap000251.als","CORRECT",4,0,4,0,0,0,0
"alpha/CORRECT/generated_cap000252.als","CORRECT",4,0,4,0,0,0,0
"alpha/CORRECT/generated_cap000253.als","CORRECT",4,0,4,0,0,0,0
"alpha/CORRECT/generated_cap000254.als","CORRECT",4,0,4,0,0,0,0
"alpha/CORRECT/generated_cap000255.als","CORRECT",4,0,4,0,0,0,0
"alpha/CORRECT/generated_cap000256.als","CORRECT",4,0,4,0,0,0,0
"alpha/CORRECT/generated_cap000257.als","CORRECT",4,0,4,0,0,0,0
"alpha/CORRECT/generated_cap000258.als","CORRECT",1,0,1,0,0,0,0
"alpha/CORRECT/generated_cap000259.als","CORRECT",4,0,4,0,0,0,0
"alpha/CORRECT/generated_cap000260.als","CORRECT",4,0,4,0,0,0,0
"alpha/CORRECT/generated_cap000261.als","CORRECT",4,0,4,0,0,0,0
"alpha/CORRECT/generated_cap000262.als","CORRECT",4,0,4,0,0,0,0
"alpha/CORRECT/generated_cap000263.als","CORRECT",4,0,4,0,0,0,0
"alpha/CORRECT/generated_cap000264.als","CORRECT",4,0,4,0,0,0,0
"alpha/CORRECT/generated_cap000265.als","CORRECT",4,0,4,0,0,0,0
"alpha/CORRECT/generated_cap000266.als","CORRECT",4,0,4,0,0,0,0
"alpha/CORRECT/generated_cap000267.als","CORRECT",4,0,4,0,0,0,0
"alpha/CORRECT/generated_cap000268.als","CORRECT",4,0,4,0,0,0,0
"alpha/CORRECT/generated_cap000269.als","CORRECT",4,0,4,0,0,0,0
"alpha/CORRECT/generated_cap000270.als","CORRECT",4,0,4,0,0,0,0
"alpha/CORRECT/generated_cap000271.als","CORRECT",4,0,4,0,0,0,0
"alpha/CORRECT/generated_cap000272.als","CORRECT",4,0,4,0,0,0,0
"alpha/CORRECT/generated_cap000273.als","CORRECT",4,0,4,0,0,0,0
"alpha/CORRECT/generated_cap000274.als","CORRECT",4,0,4,0,0,0,0
"alpha/CORRECT/generated_cap000275.als","CORRECT",4,0,4,0,0,0,0
"alpha/CORRECT/generated_cap000276.als","CORRECT",4,0,4,0,0,0,0
"alpha/CORRECT/generated_cap000277.als","CORRECT",4,0,4,0,0,0,0
"alpha/CORRECT/generated_cap000278.als","CORRECT",4,0,4,0,0,0,0
"alpha/CORRECT/generated_cap000279.als","CORRECT",4,0,4,0,0,0,0
"alpha/CORRECT/generated_cap000280.als","CORRECT",4,0,4,0,0,0,0
"alpha/CORRECT/generated_cap000281.als","CORRECT",4,0,4,0,0,0,0
"alpha/CORRECT/generated_cap000282.als","CORRECT",4,0,4,0,0,0,0
"alpha/CORRECT/generated_cap000283.als","CORRECT",4,0,4,0,0,0,0
"alpha/CORRECT/generated_cap000284.als","CORRECT",4,0,4,0,0,0,0
"alpha/CORRECT/generated_cap000285.als","CORRECT",4,0,4,0,0,0,0
"alpha/CORRECT/generated_cap000286.als","CORRECT",4,0,4,0,0,0,0
"alpha/CORRECT/generated_cap000287.als","CORRECT",4,0,4,0,0,0,0
"alpha/CORRECT/generated_cap000288.als","CORRECT",4,0,4,0,0,0,0
"alpha/CORRECT/generated_cap000289.als","CORRECT",4,0,4,0,0,0,0
"alpha/CORRECT/generated_cap000290.als","CORRECT",4,0,4,0,0,0,0
"alpha/CORRECT/generated_cap000291.als","CORRECT",4,0,4,0,0,0,0
"alpha/CORRECT/generated_cap000292.als","CORRECT",4,0,4,0,0,0,0
"alpha/CORRECT/generated_cap000293.als","CORRECT",4,0,4,0,0,0,0
"alpha/CORRECT/generated_cap000294.als","CORRECT",4,0,4,0,0,0,0
"alpha/CORRECT/generated_cap000295.als","CORRECT",4,0,4,0,0,0,0
"alpha/CORRECT/generated_cap000296.als","CORRECT",4,0,4,0,0,0,0
"alpha/CORRECT/generated_cap000297.als","CORRECT",4,0,4,0,0,0,0
"alpha/CORRECT/generated_cap000298.als","CORRECT",4,0,4,0,0,0,0
"alpha/CORRECT/generated_cap000299.als","CORRECT",4,0,4,0,0,0,0
"alpha/CORRECT/generated_cap000300.als","CORRECT",4,0,4,0,0,0,0
"alpha/CORRECT/generated_cap000301.als","CORRECT",4,0,4,0,0,0,0
"alpha/CORRECT/generated_cap000302.als","CORRECT",4,0,4,0,0,0,0
"alpha/CORRECT/generated_cap000303.als","CORRECT",4,0,4,0,0,0,0
"alpha/CORRECT/generated_cap000304.als","CORRECT",4,0,4,0,0,0,0
"alpha/CORRECT/generated_cap000305.als","CORRECT",4,0,4,0,0,0,0
"alpha/CORRECT/generated_cap000306.als","CORRECT",4,0,4,0,0,0,0
"alpha/CORRECT/generated_cap000307.als","CORRECT",4,0,4,0,0,0,0
"alpha/CORRECT/generated_cap000308.als","CORRECT",4,0,4,0,0,0,0
"alpha/CORRECT/generated_cap000309.als","CORRECT",4,0,4,0,0,0,0
"alpha/CORRECT/generated_cap000310.als","CORRECT",4,0,4,0,0,0,0
"alpha/CORRECT/generated_cap000311.als","CORRECT",4,0,4,0,0,0,0
"alpha/CORRECT/generated_cap000312.als","CORRECT",4,0,4,0,0,0,0
"alpha/CORRECT/generated_cap000313.als","CORRECT",4,0,4,0,0,0,0
"alpha/CORRECT/generated_cap000314.als","CORRECT",4,0,4,0,0,0,0
"alpha/CORRECT/generated_cap000315.als","CORRECT",4,0,4,0,0,0,0
"alpha/CORRECT/generated_cap000316.als","CORRECT",4,0,4,0,0,0,0
"alpha/CORRECT/generated_cap000317.als","CORRECT",4,0,4,0,0,0,0
"alpha/CORRECT/generated_cap000318.als","CORRECT",4,0,4,0,0,0,0
"alpha/CORRECT/generated_cap000319.als","CORRECT",4,0,4,0,0,0,0
"alpha/CORRECT/generated_cap000320.als","CORRECT",4,0,4,0,0,0,0
"alpha/CORRECT/generated_cap000321.als","CORRECT",4,0,4,0,0,0,0
"alpha/CORRECT/generated_cap000322.als","CORRECT",1,0,1,0,0,0,0
"alpha/CORRECT/generated_cap000323.als","CORRECT",4,0,4,0,0,0,0
"alpha/CORRECT/generated_cap000324.als","CORRECT",4,0,4,0,0,0,0
"alpha/CORRECT/generated_cap000325.als","CORRECT",4,0,4,0,0,0,0
"alpha/CORRECT/generated_cap000326.als","CORRECT",4,0,4,0,0,0,0
"alpha/CORRECT/generated_cap000327.als","CORRECT",4,0,4,0,0,0,0
"alpha/CORRECT/generated_cap000328.als","CORRECT",4,0,4,0,0,0,0
"alpha/CORRECT/generated_cap000329.als","CORRECT",4,0,4,0,0,0,0
"alpha/CORRECT/generated_cap000330.als","CORRECT",4,0,4,0,0,0,0
"alpha/CORRECT/generated_cap000331.als","CORRECT",4,0,4,0,0,0,0
"alpha/CORRECT/generated_cap000332.als","CORRECT",4,0,4,0,0,0,0
"alpha/CORRECT/generated_cap000333.als","CORRECT",4,0,4,0,0,0,0
"alpha/CORRECT/generated_cap000334.als","CORRECT",4,0,4,0,0,0,0
"alpha/CORRECT/generated_cap000335.als","CORRECT",4,0,4,0,0,0,0
"alpha/CORRECT/generated_cap000336.als","CORRECT",4,0,4,0,0,0,0
"alpha/CORRECT/generated_cap000337.als","CORRECT",4,0,4,0,0,0,0
"alpha/CORRECT/generated_cap000338.als","CORRECT",4,0,4,0,0,0,0
"alpha/CORRECT/generated_cap000339.als","CORRECT",4,0,4,0,0,0,0
"alpha/CORRECT/generated_cap000340.als","CORRECT",4,0,4,0,0,0,0
"alpha/CORRECT/generated_cap000341.als","CORRECT",4,0,4,0,0,0,0
"alpha/CORRECT/generated_cap000342.als","CORRECT",4,0,4,0,0,0,0
"alpha/CORRECT/generated_cap000343.als","CORRECT",4,0,4,0,0,0,0
"alpha/CORRECT/generated_cap000344.als","CORRECT",4,0,4,0,0,0,0
"alpha/CORRECT/generated_cap000345.als","CORRECT",4,0,4,0,0,0,0
"alpha/CORRECT/generated_cap000346.als","CORRECT",4,0,4,0,0,0,0
"alpha/CORRECT/generated_cap000347.als","CORRECT",4,0,4,0,0,0,0
"alpha/CORRECT/generated_cap000348.als","CORRECT",4,0,4,0,0,0,0
"alpha/CORRECT/generated_cap000349.als","CORRECT",4,0,4,0,0,0,0
"alpha/CORRECT/generated_cap000350.als","CORRECT",4,0,4,0,0,0,0
"alpha/CORRECT/generated_cap000351.als","CORRECT",4,0,4,0,0,0,0
"alpha/CORRECT/generated_cap000352.als","CORRECT",4,0,4,0,0,0,0
"alpha/CORRECT/generated_cap000353.als","CORRECT",4,0,4,0,0,0,0
"alpha/CORRECT/generated_cap000354.als","CORRECT",4,0,4,0,0,0,0
"alpha/CORRECT/generated_cap000355.als","CORRECT",4,0,4,0,0,0,0
"alpha/CORRECT/generated_cap000356.als","CORRECT",4,0,4,0,0,0,0
"alpha/CORRECT/generated_cap000357.als","CORRECT",4,0,4,0,0,0,0
"alpha/CORRECT/generated_cap000358.als","CORRECT",4,0,4,0,0,0,0
"alpha/CORRECT/generated_cap000359.als","CORRECT",4,0,4,0,0,0,0
"alpha/CORRECT/generated_cap000360.als","CORRECT",4,0,4,0,0,0,0
"alpha/CORRECT/generated_cap000361.als","CORRECT",4,0,4,0,0,0,0
"alpha/CORRECT/generated_cap000362.als","CORRECT",4,0,4,0,0,0,0
"alpha/CORRECT/generated_cap000363.als","CORRECT",4,0,4,0,0,0,0
"alpha/CORRECT/generated_cap000364.als","CORRECT",4,0,4,0,0,0,0
"alpha/CORRECT/generated_cap000365.als","CORRECT",4,0,4,0,0,0,0
"alpha/CORRECT/generated_cap000366.als","CORRECT",4,0,4,0,0,0,0
"alpha/CORRECT/generated_cap000367.als","CORRECT",4,0,4,0,0,0,0
"alpha/CORRECT/generated_cap000368.als","CORRECT",4,0,4,0,0,0,0
"alpha/CORRECT/generated_cap000369.als","CORRECT",4,0,4,0,0,0,0
"alpha/CORRECT/generated_cap000370.als","CORRECT",4,0,4,0,0,0,0
"alpha/CORRECT/generated_cap000371.als","CORRECT",4,0,4,0,0,0,0
"alpha/CORRECT/generated_cap000372.als","CORRECT",4,0,4,0,0,0,0
"alpha/CORRECT/generated_cap000373.als","CORRECT",4,0,4,0,0,0,0
"alpha/CORRECT/generated_cap000374.als","CORRECT",4,0,4,0,0,0,0
"alpha/CORRECT/generated_cap000375.als","CORRECT",4,0,4,0,0,0,0
"alpha/CORRECT/generated_cap000376.als","CORRECT",4,0,4,0,0,0,0
"alpha/CORRECT/generated_cap000377.als","CORRECT",4,0,4,0,0,0,0
"alpha/CORRECT/generated_cap000378.als","CORRECT",4,0,4,0,0,0,0
"alpha/CORRECT/generated_cap000379.als","CORRECT",4,0,4,0,0,0,0
"alpha/CORRECT/generated_cap000380.als","CORRECT",4,0,4,0,0,0,0
"alpha/CORRECT/generated_cap000381.als","CORRECT",4,0,4,0,0,0,0
"alpha/CORRECT/generated_cap000382.als","CORRECT",4,0,4,0,0,0,0
"alpha/CORRECT/generated_cap000383.als","CORRECT",4,0,4,0,0,0,0
"alpha/CORRECT/generated_cap000384.als","CORRECT",4,0,4,0,0,0,0
"alpha/CORRECT/generated_cap000385.als","CORRECT",4,0,4,0,0,0,0
"alpha/CORRECT/generated_cap000386.als","CORRECT",1,0,1,0,0,0,0
"alpha/CORRECT/generated_cap000387.als","CORRECT",4,0,4,0,0,0,0
"alpha/CORRECT/generated_cap000388.als","CORRECT",4,0,4,0,0,0,0
"alpha/CORRECT/generated_cap000389.als","CORRECT",4,0,4,0,0,0,0
"alpha/CORRECT/generated_cap000390.als","CORRECT",4,0,4,0,0,0,0
"alpha/CORRECT/generated_cap000391.als","CORRECT",4,0,4,0,0,0,0
"alpha/CORRECT/generated_cap000392.als","CORRECT",4,0,4,0,0,0,0
"alpha/CORRECT/generated_cap000393.als","CORRECT",4,0,4,0,0,0,0
"alpha/CORRECT/generated_cap000394.als","CORRECT",4,0,4,0,0,0,0
"alpha/CORRECT/generated_cap000395.als","CORRECT",4,0,4,0,0,0,0
"alpha/CORRECT/generated_cap000396.als","CORRECT",4,0,4,0,0,0,0
"alpha/CORRECT/generated_cap000397.als","CORRECT",4,0,4,0,0,0,0
"alpha/CORRECT/generated_cap000398.als","CORRECT",4,0,4,0,0,0,0
"alpha/CORRECT/generated_cap000399.als","CORRECT",4,0,4,0,0,0,0
"alpha/CORRECT/generated_cap000400.als","CORRECT",4,0,4,0,0,0,0
"alpha/CORRECT/generated_cap000401.als","CORRECT",4,0,4,0,0,0,0
"alpha/CORRECT/generated_cap000402.als","CORRECT",4,0,4,0,0,0,0
"alpha/CORRECT/generated_cap000403.als","CORRECT",4,0,4,0,0,0,0
"alpha/CORRECT/generated_cap000404.als","CORRECT",4,0,4,0,0,0,0
"alpha/CORRECT/generated_cap000405.als","CORRECT",4,0,4,0,0,0,0
"alpha/CORRECT/generated_cap000406.als","CORRECT",4,0,4,0,0,0,0
"alpha/CORRECT/generated_cap000407.als","CORRECT",4,0,4,0,0,0,0
"alpha/CORRECT/generated_cap000408.als","CORRECT",4,0,4,0,0,0,0
"alpha/CORRECT/generated_cap000409.als","CORRECT",4,0,4,0,0,0,0
"alpha/CORRECT/generated_cap000410.als","CORRECT",4,0,4,0,0,0,0
"alpha/CORRECT/generated_cap000411.als","CORRECT",4,0,4,0,0,0,0
"alpha/CORRECT/generated_cap000412.als","CORRECT",4,0,4,0,0,0,0
"alpha/CORRECT/generated_cap000413.als","CORRECT",4,0,4,0,0,0,0
"alpha/CORRECT/generated_cap000414.als","CORRECT",4,0,4,0,0,0,0
"alpha/CORRECT/generated_cap000415.als","CORRECT",4,0,4,0,0,0,0
"alpha/CORRECT/generated_cap000416.als","CORRECT",4,0,4,0,0,0,0
"alpha/CORRECT/generated_cap000417.als","CORRECT",4,0,4,0,0,0,0
"alpha/CORRECT/generated_cap000418.als","CORRECT",4,0,4,0,0,0,0
"alpha/CORRECT/generated_cap000419.als","CORRECT",4,0,4,0,0,0,0
"alpha/CORRECT/generated_cap000420.als","CORRECT",4,0,4,0,0,0,0
"alpha/CORRECT/generated_cap000421.als","CORRECT",4,0,4,0,0,0,0
"alpha/CORRECT/generated_cap000422.als","CORRECT",4,0,4,0,0,0,0
"alpha/CORRECT/generated_cap000423.als","CORRECT",4,0,4,0,0,0,0
"alpha/CORRECT/generated_cap000424.als","CORRECT",4,0,4,0,0,0,0
"alpha/CORRECT/generated_cap000425.als","CORRECT",4,0,4,0,0,0,0
"alpha/CORRECT/generated_cap000426.als","CORRECT",4,0,4,0,0,0,0
"alpha/CORRECT/generated_cap000427.als","CORRECT",4,0,4,0,0,0,0
"alpha/CORRECT/generated_cap000428.als","CORRECT",4,0,4,0,0,0,0
"alpha/CORRECT/generated_cap000429.als","CORRECT",4,0,4,0,0,0,0
"alpha/CORRECT/generated_cap000430.als","CORRECT",4,0,4,0,0,0,0
"alpha/CORRECT/generated_cap000431.als","CORRECT",4,0,4,0,0,0,0
"alpha/CORRECT/generated_cap000432.als","CORRECT",4,0,4,0,0,0,0
"alpha/CORRECT/generated_cap000433.als","CORRECT",4,0,4,0,0,0,0
"alpha/CORRECT/generated_cap000434.als","CORRECT",4,0,4,0,0,0,0
"alpha/CORRECT/generated_cap000435.als","CORRECT",4,0,4,0,0,0,0
"alpha/CORRECT/generated_cap000436.als","CORRECT",4,0,4,0,0,0,0
"alpha/CORRECT/generated_cap000437.als","CORRECT",4,0,4,0,0,0,0
"alpha/CORRECT/generated_cap000438.als","CORRECT",4,0,4,0,0,0,0
"alpha/CORRECT/generated_cap000439.als","CORRECT",4,0,4,0,0,0,0
"alpha/CORRECT/generated_cap000440.als","CORRECT",4,0,4,0,0,0,0
"alpha/CORRECT/generated_cap000441.als","CORRECT",4,0,4,0,0,0,0
"alpha/CORRECT/generated_cap000442.als","CORRECT",4,0,4,0,0,0,0
"alpha/CORRECT/generated_cap000443.als","CORRECT",4,0,4,0,0,0,0
"alpha/CORRECT/generated_cap000444.als","CORRECT",4,0,4,0,0,0,0
"alpha/CORRECT/generated_cap000445.als","CORRECT",4,0,4,0,0,0,0
"alpha/CORRECT/generated_cap000446.als","CORRECT",4,0,4,0,0,0,0
"alpha/CORRECT/generated_cap000447.als","CORRECT",4,0,4,0,0,0,0
"alpha/CORRECT/generated_cap000448.als","CORRECT",4,0,4,0,0,0,0
"alpha/CORRECT/generated_cap000449.als","CORRECT",4,0,4,0,0,0,0
"alpha/CORRECT/generated_cap000450.als","CORRECT",1,0,1,0,0,0,0
"alpha/CORRECT/generated_cap000451.als","CORRECT",4,0,4,0,0,0,0
"alpha/CORRECT/generated_cap000452.als","CORRECT",4,0,4,0,0,0,0
"alpha/CORRECT/generated_cap000453.als","CORRECT",4,0,4,0,0,0,0
"alpha/CORRECT/generated_cap000454.als","CORRECT",4,0,4,0,0,0,0
"alpha/CORRECT/generated_cap000455.als","CORRECT",4,0,4,0,0,0,0
"alpha/CORRECT/generated_cap000456.als","CORRECT",4,0,4,0,0,0,0
"alpha/CORRECT/generated_cap000457.als","CORRECT",4,0,4,0,0,0,0
"alpha/CORRECT/generated_cap000458.als","CORRECT",4,0,4,0,0,0,0
"alpha/CORRECT/generated_cap000459.als","CORRECT",4,0,4,0,0,0,0
"alpha/CORRECT/generated_cap000460.als","CORRECT",4,0,4,0,0,0,0
"alpha/CORRECT/generated_cap000461.als","CORRECT",4,0,4,0,0,0,0
"alpha/CORRECT/generated_cap000462.als","CORRECT",4,0,4,0,0,0,0
"alpha/CORRECT/generated_cap000463.als","CORRECT",4,0,4,0,0,0,0
"alpha/CORRECT/generated_cap000464.als","CORRECT",4,0,4,0,0,0,0
"alpha/CORRECT/generated_cap000465.als","CORRECT",4,0,4,0,0,0,0
"alpha/CORRECT/generated_cap000466.als","CORRECT",4,0,4,0,0,0,0
"alpha/CORRECT/generated_cap000467.als","CORRECT",4,0,4,0,0,0,0
"alpha/CORRECT/generated_cap000468.als","CORRECT",4,0,4,0,0,0,0
"alpha/CORRECT/generated_cap000469.als","CORRECT",4,0,4,0,0,0,0
"alpha/CORRECT/generated_cap000470.als","CORRECT",4,0,4,0,0,0,0
"alpha/CORRECT/generated_cap000471.als","CORRECT",4,0,4,0,0,0,0
"alpha/CORRECT/generated_cap000472.als","CORRECT",4,0,4,0,0,0,0
"alpha/CORRECT/generated_cap000473.als","CORRECT",4,0,4,0,0,0,0
"alpha/CORRECT/generated_cap000474.als","CORRECT",4,0,4,0,0,0,0
"alpha/CORRECT/generated_cap000475.als","CORRECT",4,0,4,0,0,0,0
"alpha/CORRECT/generated_cap000476.als","CORRECT",4,0,4,0,0,0,0
"alpha/CORRECT/generated_cap000477.als","CORRECT",4,0,4,0,0,0,0
"alpha/CORRECT/generated_cap000478.als","CORRECT",4,0,4,0,0,0,0
"alpha/CORRECT/generated_cap000479.als","CORRECT",4,0,4,0,0,0,0
"alpha/CORRECT/generated_cap000480.als","CORRECT",4,0,4,0,0,0,0
"alpha/CORRECT/generated_cap000481.als","CORRECT",4,0,4,0,0,0,0
"alpha/CORRECT/generated_cap000482.als","CORRECT",4,0,4,0,0,0,0
"alpha/CORRECT/generated_cap000483.als","CORRECT",4,0,4,0,0,0,0
"alpha/CORRECT/generated_cap000484.als","CORRECT",4,0,4,0,0,0,0
"alpha/CORRECT/generated_cap000485.als","CORRECT",4,0,4,0,0,0,0
"alpha/CORRECT/generated_cap000486.als","CORRECT",4,0,4,0,0,0,0
"alpha/CORRECT/generated_cap000487.als","CORRECT",4,0,4,0,0,0,0
"alpha/CORRECT/generated_cap000488.als","CORRECT",4,0,4,0,0,0,0
"alpha/CORRECT/generated_cap000489.als","CORRECT",4,0,4,0,0,0,0
"alpha/CORRECT/generated_cap000490.als","CORRECT",4,0,4,0,0,0,0
"alpha/CORRECT/generated_cap000491.als","CORRECT",4,0,4,0,0,0,0
"alpha/CORRECT/generated_cap000492.als","CORRECT",4,0,4,0,0,0,0
"alpha/CORRECT/generated_cap000493.als","CORRECT",4,0,4,0,0,0,0
"alpha/CORRECT/generated_cap000494.als","CORRECT",4,0,4,0,0,0,0
"alpha/CORRECT/generated_cap000495.als","CORRECT",4,0,4,0,0,0,0
"alpha/CORRECT/generated_cap000496.als","CORRECT",4,0,4,0,0,0,0
"alpha/CORRECT/generated_cap000497.als","CORRECT",4,0,4,0,0,0,0
"alpha/CORRECT/generated_cap000498.als","CORRECT",4,0,4,0,0,0,0
"alpha/CORRECT/generated_cap000499.als","CORRECT",4,0,4,0,0,0,0
"alpha_ac/CORRECT/generated_cap003000.als","CORRECT",3,0,3,0,0,0,0
"alpha_ac/CORRECT/generated_cap003001.als","CORRECT",3,0,3,0,0,0,0
"alpha_ac/CORRECT/generated_cap003002.als","CORRECT",1,0,1,0,0,0,0
"alpha_ac/CORRECT/generated_cap003003.als","CORRECT",3,0,3,0,0,0,0
"alpha_ac/CORRECT/generated_cap003004.als","CORRECT",3,0,3,0,0,0,0
"alpha_ac/CORRECT/generated_cap003005.als","CORRECT",3,0,3,0,0,0,0
"alpha_ac/CORRECT/generated_cap003006.als","CORRECT",1,0,1,0,0,0,0
"alpha_ac/CORRECT/generated_cap003007.als","CORRECT",3,0,3,0,0,0,0
"alpha_ac/CORRECT/generated_cap003008.als","CORRECT",3,0,3,0,0,0,0
"alpha_ac/CORRECT/generated_cap003009.als","CORRECT",3,0,3,0,0,0,0
"alpha_ac/CORRECT/generated_cap003010.als","CORRECT",1,0,1,0,0,0,0
"alpha_ac/CORRECT/generated_cap003011.als","CORRECT",3,0,3,0,0,0,0
"alpha_ac/CORRECT/generated_cap003012.als","CORRECT",3,0,3,0,0,0,0
"alpha_ac/CORRECT/generated_cap003013.als","CORRECT",3,0,3,0,0,0,0
"alpha_ac/CORRECT/generated_cap003014.als","CORRECT",1,0,1,0,0,0,0
"alpha_ac/CORRECT/generated_cap003015.als","CORRECT",3,0,3,0,0,0,0
"alpha_ac/CORRECT/generated_cap003016.als","CORRECT",3,0,3,0,0,0,0
"alpha_ac/CORRECT/generated_cap003017.als","CORRECT",3,0,3,0,0,0,0
"alpha_ac/CORRECT/generated_cap003018.als","CORRECT",1,0,1,0,0,0,0
"alpha_ac/CORRECT/generated_cap003019.als","CORRECT",3,0,3,0,0,0,0
"alpha_ac/CORRECT/generated_cap003020.als","CORRECT",3,0,3,0,0,0,0
"alpha_ac/CORRECT/generated_cap003021.als","CORRECT",1,0,1,0,0,0,0
"alpha_ac/CORRECT/generated_cap003022.als","CORRECT",1,0,1,0,0,0,0
"alpha_ac/CORRECT/generated_cap003023.als","CORRECT",3,0,3,0,0,0,0
"alpha_ac/CORRECT/generated_cap003024.als","CORRECT",3,0,3,0,0,0,0
"alpha_ac/CORRECT/generated_cap003025.als","CORRECT",3,0,3,0,0,0,0
"alpha_ac/CORRECT/generated_cap003026.als","CORRECT",1,0,1,0,0,0,0
"alpha_ac/CORRECT/generated_cap003027.als","CORRECT",3,0,3,0,0,0,0
"alpha_ac/CORRECT/generated_cap003028.als","CORRECT",3,0,3,0,0,0,0
"alpha_ac/CORRECT/generated_cap003029.als","CORRECT",1,0,1,0,0,0,0
"alpha_ac/CORRECT/generated_cap003030.als","CORRECT",3,0,3,0,0,0,0
"alpha_ac/CORRECT/generated_cap003031.als","CORRECT",3,0,3,0,0,0,0
"alpha_ac/CORRECT/generated_cap003032.als","CORRECT",3,0,3,0,0,0,0
"alpha_ac/CORRECT/generated_cap003033.als","CORRECT",1,0,1,0,0,0,0
"alpha_ac/CORRECT/generated_cap003034.als","CORRECT",1,0,1,0,0,0,0
"alpha_ac/CORRECT/generated_cap003035.als","CORRECT",3,0,3,0,0,0,0
"alpha_ac/CORRECT/generated_cap003036.als","CORRECT",3,0,3,0,0,0,0
"alpha_ac/CORRECT/generated_cap003037.als","CORRECT",3,0,3,0,0,0,0
"alpha_ac/CORRECT/generated_cap003038.als","CORRECT",3,0,3,0,0,0,0
"alpha_ac/CORRECT/generated_cap003039.als","CORRECT",3,0,3,0,0,0,0
"alpha_ac/CORRECT/generated_cap003040.als","CORRECT",3,0,3,0,0,0,0
"alpha_ac/CORRECT/generated_cap003041.als","CORRECT",3,0,3,0,0,0,0
"alpha_ac/CORRECT/generated_cap003042.als","CORRECT",1,0,1,0,0,0,0
"alpha_ac/CORRECT/generated_cap003043.als","CORRECT",3,0,3,0,0,0,0
"alpha_ac/CORRECT/generated_cap003044.als","CORRECT",3,0,3,0,0,0,0
"alpha_ac/CORRECT/generated_cap003045.als","CORRECT",3,0,3,0,0,0,0
"alpha_ac/CORRECT/generated_cap003046.als","CORRECT",3,0,3,0,0,0,0
"alpha_ac/CORRECT/generated_cap003047.als","CORRECT",3,0,3,0,0,0,0
"alpha_ac/CORRECT/generated_cap003048.als","CORRECT",3,0,3,0,0,0,0
"alpha_ac/CORRECT/generated_cap003049.als","CORRECT",3,0,3,0,0,0,0
"alpha_ac/CORRECT/generated_cap003050.als","CORRECT",1,0,1,0,0,0,0
"alpha_ac/CORRECT/generated_cap003051.als","CORRECT",3,0,3,0,0,0,0
"alpha_ac/CORRECT/generated_cap003052.als","CORRECT",3,0,3,0,0,0,0
"alpha_ac/CORRECT/generated_cap003053.als","CORRECT",3,0,3,0,0,0,0
"alpha_ac/CORRECT/generated_cap003054.als","CORRECT",3,0,3,0,0,0,0
"alpha_ac/CORRECT/generated_cap003055.als","CORRECT",3,0,3,0,0,0,0
"alpha_ac/CORRECT/generated_cap003056.als","CORRECT",3,0,3,0,0,0,0
"alpha_ac/CORRECT/generated_cap003057.als","CORRECT",3,0,3,0,0,0,0
"alpha_ac/CORRECT/generated_cap003058.als","CORRECT",1,0,1,0,0,0,0
"alpha_ac/CORRECT/generated_cap003059.als","CORRECT",3,0,3,0,0,0,0
"alpha_ac/CORRECT/generated_cap003060.als","CORRECT",3,0,3,0,0,0,0
"alpha_ac/CORRECT/generated_cap003061.als","CORRECT",3,0,3,0,0,0,0
"alpha_ac/CORRECT/generated_cap003062.als","CORRECT",3,0,3,0,0,0,0
"alpha_ac/CORRECT/generated_cap003063.als","CORRECT",3,0,3,0,0,0,0
"alpha_ac/CORRECT/generated_cap003064.als","CORRECT",3,0,3,0,0,0,0
"alpha_ac/CORRECT/generated_cap003065.als","CORRECT",3,0,3,0,0,0,0
"alpha_ac/CORRECT/generated_cap003066.als","CORRECT",1,0,1,0,0,0,0
"alpha_ac/CORRECT/generated_cap003067.als","CORRECT",3,0,3,0,0,0,0
"alpha_ac/CORRECT/generated_cap003068.als","CORRECT",3,0,3,0,0,0,0
"alpha_ac/CORRECT/generated_cap003069.als","CORRECT",3,0,3,0,0,0,0
"alpha_ac/CORRECT/generated_cap003070.als","CORRECT",1,0,1,0,0,0,0
"alpha_ac/CORRECT/generated_cap003071.als","CORRECT",3,0,3,0,0,0,0
"alpha_ac/CORRECT/generated_cap003072.als","CORRECT",3,0,3,0,0,0,0
"alpha_ac/CORRECT/generated_cap003073.als","CORRECT",1,0,1,0,0,0,0
"alpha_ac/CORRECT/generated_cap003074.als","CORRECT",1,0,1,0,0,0,0
"alpha_ac/CORRECT/generated_cap003075.als","CORRECT",3,0,3,0,0,0,0
"alpha_ac/CORRECT/generated_cap003076.als","CORRECT",3,0,3,0,0,0,0
"alpha_ac/CORRECT/generated_cap003077.als","CORRECT",3,0,3,0,0,0,0
"alpha_ac/CORRECT/generated_cap003078.als","CORRECT",1,0,1,0,0,0,0
"alpha_ac/CORRECT/generated_cap003079.als","CORRECT",3,0,3,0,0,0,0
"alpha_ac/CORRECT/generated_cap003080.als","CORRECT",3,0,3,0,0,0,0
"alpha_ac/CORRECT/generated_cap003081.als","CORRECT",3,0,3,0,0,0,0
"alpha_ac/CORRECT/generated_cap003082.als","CORRECT",1,0,1,0,0,0,0
"alpha_ac/CORRECT/generated_cap003083.als","CORRECT",3,0,3,0,0,0,0
"alpha_ac/CORRECT/generated_cap003084.als","CORRECT",3,0,3,0,0,0,0
"alpha_ac/CORRECT/generated_cap003085.als","CORRECT",1,0,1,0,0,0,0
"alpha_ac/CORRECT/generated_cap003086.als","CORRECT",3,0,3,0,0,0,0
"alpha_ac/CORRECT/generated_cap003087.als","CORRECT",3,0,3,0,0,0,0
"alpha_ac/CORRECT/generated_cap003088.als","CORRECT",3,0,3,0,0,0,0
"alpha_ac/CORRECT/generated_cap003089.als","CORRECT",3,0,3,0,0,0,0
"alpha_ac/CORRECT/generated_cap003090.als","CORRECT",1,0,1,0,0,0,0
"alpha_ac/CORRECT/generated_cap003091.als","CORRECT",1,0,1,0,0,0,0
"alpha_ac/CORRECT/generated_cap003092.als","CORRECT",3,0,3,0,0,0,0
"alpha_ac/CORRECT/generated_cap003093.als","CORRECT",3,0,3,0,0,0,0
"alpha_ac/CORRECT/generated_cap003094.als","CORRECT",1,0,1,0,0,0,0
"alpha_ac/CORRECT/generated_cap003095.als","CORRECT",3,0,3,0,0,0,0
"alpha_ac/CORRECT/generated_cap003096.als","CORRECT",3,0,3,0,0,0,0
"alpha_ac/CORRECT/generated_cap003097.als","CORRECT",3,0,3,0,0,0,0
"alpha_ac/CORRECT/generated_cap003098.als","CORRECT",3,0,3,0,0,0,0
"alpha_ac/CORRECT/generated_cap003099.als","CORRECT",3,0,3,0,0,0,0
"alpha_ac/CORRECT/generated_cap003100.als","CORRECT",3,0,3,0,0,0,0
"alpha_ac/CORRECT/generated_cap003101.als","CORRECT",3,0,3,0,0,0,0
"alpha_ac/CORRECT/generated_cap003102.als","CORRECT",3,0,3,0,0,0,0
"alpha_ac/CORRECT/generated_cap003103.als","CORRECT",3,0,3,0,0,0,0
"alpha_ac/CORRECT/generated_cap003104.als","CORRECT",3,0,3,0,0,0,0
"alpha_ac/CORRECT/generated_cap003105.als","CORRECT",3,0,3,0,0,0,0
"alpha_ac/CORRECT/generated_cap003106.als","CORRECT",3,0,3,0,0,0,0
"alpha_ac/CORRECT/generated_cap003107.als","CORRECT",3,0,3,0,0,0,0
"alpha_ac/CORRECT/generated_cap003108.als","CORRECT",3,0,3,0,0,0,0
"alpha_ac/CORRECT/generated_cap003109.als","CORRECT",3,0,3,0,0,0,0
"alpha_ac/CORRECT/generated_cap003110.als","CORRECT",1,0,1,0,0,0,0
"alpha_ac/CORRECT/generated_cap003111.als","CORRECT",3,0,3,0,0,0,0
"alpha_ac/CORRECT/generated_cap003112.als","CORRECT",3,0,3,0,0,0,0
"alpha_ac/CORRECT/generated_cap003113.als","CORRECT",3,0,3,0,0,0,0
"alpha_ac/CORRECT/generated_cap003114.als","CORRECT",3,0,3,0,0,0,0
"alpha_ac/CORRECT/generated_cap003115.als","CORRECT",3,0,3,0,0,0,0
"alpha_ac/CORRECT/generated_cap003116.als","CORRECT",3,0,3,0,0,0,0
"alpha_ac/CORRECT/generated_cap003117.als","CORRECT",3,0,3,0,0,0,0
"alpha_ac/CORRECT/generated_cap003118.als","CORRECT",3,0,3,0,0,0,0
"alpha_ac/CORRECT/generated_cap003119.als","CORRECT",3,0,3,0,0,0,0
"alpha_ac/CORRECT/generated_cap003120.als","CORRECT",3,0,3,0,0,0,0
"alpha_ac/CORRECT/generated_cap003121.als","CORRECT",3,0,3,0,0,0,0
"alpha_ac/CORRECT/generated_cap003122.als","CORRECT",3,0,3,0,0,0,0
"alpha_ac/CORRECT/generated_cap003123.als","CORRECT",3,0,3,0,0,0,0
"alpha_ac/CORRECT/generated_cap003124.als","CORRECT",3,0,3,0,0,0,0
"alpha_ac/CORRECT/generated_cap003125.als","CORRECT",3,0,3,0,0,0,0
"alpha_ac/CORRECT/generated_cap003126.als","CORRECT",3,0,3,0,0,0,0
"alpha_ac/CORRECT/generated_cap003127.als","CORRECT",3,0,3,0,0,0,0
"alpha_ac/CORRECT/generated_cap003128.als","CORRECT",3,0,3,0,0,0,0
"alpha_ac/CORRECT/generated_cap003129.als","CORRECT",3,0,3,0,0,0,0
"alpha_ac/CORRECT/generated_cap003130.als","CORRECT",1,0,1,0,0,0,0
"alpha_ac/CORRECT/generated_cap003131.als","CORRECT",3,0,3,0,0,0,0
"alpha_ac/CORRECT/generated_cap003132.als","CORRECT",3,0,3,0,0,0,0
"alpha_ac/CORRECT/generated_cap003133.als","CORRECT",3,0,3,0,0,0,0
"alpha_ac/CORRECT/generated_cap003134.als","CORRECT",1,0,1,0,0,0,0
"alpha_ac/CORRECT/generated_cap003135.als","CORRECT",3,0,3,0,0,0,0
"alpha_ac/CORRECT/generated_cap003136.als","CORRECT",3,0,3,0,0,0,0
"alpha_ac/CORRECT/generated_cap003137.als","CORRECT",3,0,3,0,0,0,0
"alpha_ac/CORRECT/generated_cap003138.als","CORRECT",3,0,3,0,0,0,0
"alpha_ac/CORRECT/generated_cap003139.als","CORRECT",3,0,3,0,0,0,0
"alpha_ac/CORRECT/generated_cap003140.als","CORRECT",3,0,3,0,0,0,0
"alpha_ac/CORRECT/generated_cap003141.als","CORRECT",3,0,3,0,0,0,0
"alpha_ac/CORRECT/generated_cap003142.als","CORRECT",3,0,3,0,0,0,0
"alpha_ac/CORRECT/generated_cap003143.als","CORRECT",3,0,3,0,0,0,0
"alpha_ac/CORRECT/generated_cap003144.als","CORRECT",3,0,3,0,0,0,0
"alpha_ac/CORRECT/generated_cap003145.als","CORRECT",3,0,3,0,0,0,0
"alpha_ac/CORRECT/generated_cap003146.als","CORRECT",3,0,3,0,0,0,0
"alpha_ac/CORRECT/generated_cap003147.als","CORRECT",3,0,3,0,0,0,0
"alpha_ac/CORRECT/generated_cap003148.als","CORRECT",3,0,3,0,0,0,0
"alpha_ac/CORRECT/generated_cap003149.als","CORRECT",1,0,1,0,0,0,0
"alpha_ac/CORRECT/generated_cap003150.als","CORRECT",3,0,3,0,0,0,0
"alpha_ac/CORRECT/generated_cap003151.als","CORRECT",3,0,3,0,0,0,0
"alpha_ac/CORRECT/generated_cap003152.als","CORRECT",3,0,3,0,0,0,0
"alpha_ac/CORRECT/generated_cap003153.als","CORRECT",3,0,3,0,0,0,0
"alpha_ac/CORRECT/generated_cap003154.als","CORRECT",3,0,3,0,0,0,0
"alpha_ac/CORRECT/generated_cap003155.als","CORRECT",3,0,3,0,0,0,0
"alpha_ac/CORRECT/generated_cap003156.als","CORRECT",3,0,3,0,0,0,0
"alpha_ac/CORRECT/generated_cap003157.als","CORRECT",3,0,3,0,0,0,0
"alpha_ac/CORRECT/generated_cap003158.als","CORRECT",3,0,3,0,0,0,0
"alpha_ac/CORRECT/generated_cap003159.als","CORRECT",3,0,3,0,0,0,0
"alpha_ac/CORRECT/generated_cap003160.als","CORRECT",3,0,3,0,0,0,0
"alpha_ac/CORRECT/generated_cap003161.als","CORRECT",3,0,3,0,0,0,0
"alpha_ac/CORRECT/generated_cap003162.als","CORRECT",3,0,3,0,0,0,0
"alpha_ac/CORRECT/generated_cap003163.als","CORRECT",3,0,3,0,0,0,0
"alpha_ac/CORRECT/generated_cap003164.als","CORRECT",3,0,3,0,0,0,0
"alpha_ac/CORRECT/generated_cap003165.als","CORRECT",3,0,3,0,0,0,0
"alpha_ac/CORRECT/generated_cap003166.als","CORRECT",3,0,3,0,0,0,0
"alpha_ac/CORRECT/generated_cap003167.als","CORRECT",3,0,3,0,0,0,0
"alpha_ac/CORRECT/generated_cap003168.als","CORRECT",3,0,3,0,0,0,0
"alpha_ac/CORRECT/generated_cap003169.als","CORRECT",3,0,3,0,0,0,0
"alpha_ac/CORRECT/generated_cap003170.als","CORRECT",3,0,3,0,0,0,0
"alpha_ac/CORRECT/generated_cap003171.als","CORRECT",3,0,3,0,0,0,0
"alpha_ac/CORRECT/generated_cap003172.als","CORRECT",3,0,3,0,0,0,0
"alpha_ac/CORRECT/generated_cap003173.als","CORRECT",3,0,3,0,0,0,0
"alpha_ac/CORRECT/generated_cap003174.als","CORRECT",3,0,3,0,0,0,0
"alpha_ac/CORRECT/generated_cap003175.als","CORRECT",3,0,3,0,0,0,0
"alpha_ac/CORRECT/generated_cap003176.als","CORRECT",3,0,3,0,0,0,0
"alpha_ac/CORRECT/generated_cap003177.als","CORRECT",3,0,3,0,0,0,0
"alpha_ac/CORRECT/generated_cap003178.als","CORRECT",3,0,3,0,0,0,0
"alpha_ac/CORRECT/generated_cap003179.als","CORRECT",3,0,3,0,0,0,0
"alpha_ac/CORRECT/generated_cap003180.als","CORRECT",3,0,3,0,0,0,0
"alpha_ac/CORRECT/generated_cap003181.als","CORRECT",3,0,3,0,0,0,0
"alpha_ac/CORRECT/generated_cap003182.als","CORRECT",3,0,3,0,0,0,0
"alpha_ac/CORRECT/generated_cap003183.als","CORRECT",3,0,3,0,0,0,0
"alpha_ac/CORRECT/generated_cap003184.als","CORRECT",3,0,3,0,0,0,0
"alpha_ac/CORRECT/generated_cap003185.als","CORRECT",3,0,3,0,0,0,0
"alpha_ac/CORRECT/generated_cap003186.als","CORRECT",3,0,3,0,0,0,0
"alpha_ac/CORRECT/generated_cap003187.als","CORRECT",3,0,3,0,0,0,0
"alpha_ac/CORRECT/generated_cap003188.als","CORRECT",3,0,3,0,0,0,0
"alpha_ac/CORRECT/generated_cap003189.als","CORRECT",3,0,3,0,0,0,0
"alpha_ac/CORRECT/generated_cap003190.als","CORRECT",3,0,3,0,0,0,0
"alpha_ac/CORRECT/generated_cap003191.als","CORRECT",3,0,3,0,0,0,0
"alpha_ac/CORRECT/generated_cap003192.als","CORRECT",3,0,3,0,0,0,0
"alpha_ac/CORRECT/generated_cap003193.als","CORRECT",3,0,3,0,0,0,0
"alpha_ac/CORRECT/generated_cap003194.als","CORRECT",1,0,1,0,0,0,0
"alpha_ac/CORRECT/generated_cap003195.als","CORRECT",3,0,3,0,0,0,0
"alpha_ac/CORRECT/generated_cap003196.als","CORRECT",3,0,3,0,0,0,0
"alpha_ac/CORRECT/generated_cap003197.als","CORRECT",3,0,3,0,0,0,0
"alpha_ac/CORRECT/generated_cap003198.als","CORRECT",3,0,3,0,0,0,0
"alpha_ac/CORRECT/generated_cap003199.als","CORRECT",3,0,3,0,0,0,0
"alpha_ac/CORRECT/generated_cap003200.als","CORRECT",3,0,3,0,0,0,0
"alpha_ac/CORRECT/generated_cap003201.als","CORRECT",3,0,3,0,0,0,0
"alpha_ac/CORRECT/generated_cap003202.als","CORRECT",1,0,1,0,0,0,0
"alpha_ac/CORRECT/generated_cap003203.als","CORRECT",3,0,3,0,0,0,0
"alpha_ac/CORRECT/generated_cap003204.als","CORRECT",3,0,3,0,0,0,0
"alpha_ac/CORRECT/generated_cap003205.als","CORRECT",3,0,3,0,0,0,0
"alpha_ac/CORRECT/generated_cap003206.als","CORRECT",1,0,1,0,0,0,0
"alpha_ac/CORRECT/generated_cap003207.als","CORRECT",3,0,3,0,0,0,0
"alpha_ac/CORRECT/generated_cap003208.als","CORRECT",3,0,3,0,0,0,0
"alpha_ac/CORRECT/generated_cap003209.als","CORRECT",3,0,3,0,0,0,0
"alpha_ac/CORRECT/generated_cap003210.als","CORRECT",3,0,3,0,0,0,0
"alpha_ac/CORRECT/generated_cap003211.als","CORRECT",3,0,3,0,0,0,0
"alpha_ac/CORRECT/generated_cap003212.als","CORRECT",3,0,3,0,0,0,0
"alpha_ac/CORRECT/generated_cap003213.als","CORRECT",1,0,1,0,0,0,0
"alpha_ac/CORRECT/generated_cap003214.als","CORRECT",3,0,3,0,0,0,0
"alpha_ac/CORRECT/generated_cap003215.als","CORRECT",3,0,3,0,0,0,0
"alpha_ac/CORRECT/generated_cap003216.als","CORRECT",3,0,3,0,0,0,0
"alpha_ac/CORRECT/generated_cap003217.als","CORRECT",3,0,3,0,0,0,0
"alpha_ac/CORRECT/generated_cap003218.als","CORRECT",3,0,3,0,0,0,0
"alpha_ac/CORRECT/generated_cap003219.als","CORRECT",3,0,3,0,0,0,0
"alpha_ac/CORRECT/generated_cap003220.als","CORRECT",3,0,3,0,0,0,0
"alpha_ac/CORRECT/generated_cap003221.als","CORRECT",3,0,3,0,0,0,0
"alpha_ac/CORRECT/generated_cap003222.als","CORRECT",3,0,3,0,0,0,0
"alpha_ac/CORRECT/generated_cap003223.als","CORRECT",3,0,3,0,0,0,0
"alpha_ac/CORRECT/generated_cap003224.als","CORRECT",3,0,3,0,0,0,0
"alpha_ac/CORRECT/generated_cap003225.als","CORRECT",3,0,3,0,0,0,0
"alpha_ac/CORRECT/generated_cap003226.als","CORRECT",3,0,3,0,0,0,0
"alpha_ac/CORRECT/generated_cap003227.als","CORRECT",3,0,3,0,0,0,0
"alpha_ac/CORRECT/generated_cap003228.als","CORRECT",3,0,3,0,0,0,0
"alpha_ac/CORRECT/generated_cap003229.als","CORRECT",3,0,3,0,0,0,0
"alpha_ac/CORRECT/generated_cap003230.als","CORRECT",3,0,3,0,0,0,0
"alpha_ac/CORRECT/generated_cap003231.als","CORRECT",3,0,3,0,0,0,0
"alpha_ac/CORRECT/generated_cap003232.als","CORRECT",3,0,3,0,0,0,0
"alpha_ac/CORRECT/generated_cap003233.als","CORRECT",3,0,3,0,0,0,0
"alpha_ac/CORRECT/generated_cap003234.als","CORRECT",3,0,3,0,0,0,0
"alpha_ac/CORRECT/generated_cap003235.als","CORRECT",3,0,3,0,0,0,0
"alpha_ac/CORRECT/generated_cap003236.als","CORRECT",3,0,3,0,0,0,0
"alpha_ac/CORRECT/generated_cap003237.als","CORRECT",3,0,3,0,0,0,0
"alpha_ac/CORRECT/generated_cap003238.als","CORRECT",3,0,3,0,0,0,0
"alpha_ac/CORRECT/generated_cap003239.als","CORRECT",3,0,3,0,0,0,0
"alpha_ac/CORRECT/generated_cap003240.als","CORRECT",3,0,3,0,0,0,0
"alpha_ac/CORRECT/generated_cap003241.als","CORRECT",3,0,3,0,0,0,0
"alpha_ac/CORRECT/generated_cap003242.als","CORRECT",3,0,3,0,0,0,0
"alpha_ac/CORRECT/generated_cap003243.als","CORRECT",3,0,3,0,0,0,0
"alpha_ac/CORRECT/generated_cap003244.als","CORRECT",3,0,3,0,0,0,0
"alpha_ac/CORRECT/generated_cap003245.als","CORRECT",3,0,3,0,0,0,0
"alpha_ac/CORRECT/generated_cap003246.als","CORRECT",3,0,3,0,0,0,0
"alpha_ac/CORRECT/generated_cap003247.als","CORRECT",3,0,3,0,0,0,0
"alpha_ac/CORRECT/generated_cap003248.als","CORRECT",3,0,3,0,0,0,0
"alpha_ac/CORRECT/generated_cap003249.als","CORRECT",3,0,3,0,0,0,0
"alpha_ac/CORRECT/generated_cap003250.als","CORRECT",3,0,3,0,0,0,0
"alpha_ac/CORRECT/generated_cap003251.als","CORRECT",3,0,3,0,0,0,0
"alpha_ac/CORRECT/generated_cap003252.als","CORRECT",3,0,3,0,0,0,0
"alpha_ac/CORRECT/generated_cap003253.als","CORRECT",3,0,3,0,0,0,0
"alpha_ac/CORRECT/generated_cap003254.als","CORRECT",3,0,3,0,0,0,0
"alpha_ac/CORRECT/generated_cap003255.als","CORRECT",3,0,3,0,0,0,0
"alpha_ac/CORRECT/generated_cap003256.als","CORRECT",3,0,3,0,0,0,0
"alpha_ac/CORRECT/generated_cap003257.als","CORRECT",3,0,3,0,0,0,0
"alpha_ac/CORRECT/generated_cap003258.als","CORRECT",1,0,1,0,0,0,0
"alpha_ac/CORRECT/generated_cap003259.als","CORRECT",3,0,3,0,0,0,0
"alpha_ac/CORRECT/generated_cap003260.als","CORRECT",3,0,3,0,0,0,0
"alpha_ac/CORRECT/generated_cap003261.als","CORRECT",3,0,3,0,0,0,0
"alpha_ac/CORRECT/generated_cap003262.als","CORRECT",3,0,3,0,0,0,0
"alpha_ac/CORRECT/generated_cap003263.als","CORRECT",3,0,3,0,0,0,0
"alpha_ac/CORRECT/generated_cap003264.als","CORRECT",3,0,3,0,0,0,0
"alpha_ac/CORRECT/generated_cap003265.als","CORRECT",3,0,3,0,0,0,0
"alpha_ac/CORRECT/generated_cap003266.als","CORRECT",3,0,3,0,0,0,0
"alpha_ac/CORRECT/generated_cap003267.als","CORRECT",3,0,3,0,0,0,0
"alpha_ac/CORRECT/generated_cap003268.als","CORRECT",3,0,3,0,0,0,0
"alpha_ac/CORRECT/generated_cap003269.als","CORRECT",3,0,3,0,0,0,0
"alpha_ac/CORRECT/generated_cap003270.als","CORRECT",3,0,3,0,0,0,0
"alpha_ac/CORRECT/generated_cap003271.als","CORRECT",3,0,3,0,0,0,0
"alpha_ac/CORRECT/generated_cap003272.als","CORRECT",3,0,3,0,0,0,0
"alpha_ac/CORRECT/generated_cap003273.als","CORRECT",3,0,3,0,0,0,0
"alpha_ac/CORRECT/generated_cap003274.als","CORRECT",3,0,3,0,0,0,0
"alpha_ac/CORRECT/generated_cap003275.als","CORRECT",3,0,3,0,0,0,0
"alpha_ac/CORRECT/generated_cap003276.als","CORRECT",3,0,3,0,0,0,0
"alpha_ac/CORRECT/generated_cap003277.als","CORRECT",1,0,1,0,0,0,0
"alpha_ac/CORRECT/generated_cap003278.als","CORRECT",3,0,3,0,0,0,0
"alpha_ac/CORRECT/generated_cap003279.als","CORRECT",3,0,3,0,0,0,0
"alpha_ac/CORRECT/generated_cap003280.als","CORRECT",3,0,3,0,0,0,0
"alpha_ac/CORRECT/generated_cap003281.als","CORRECT",3,0,3,0,0,0,0
"alpha_ac/CORRECT/generated_cap003282.als","CORRECT",3,0,3,0,0,0,0
"alpha_ac/CORRECT/generated_cap003283.als","CORRECT",3,0,3,0,0,0,0
"alpha_ac/CORRECT/generated_cap003284.als","CORRECT",3,0,3,0,0,0,0
"alpha_ac/CORRECT/generated_cap003285.als","CORRECT",3,0,3,0,0,0,0
"alpha_ac/CORRECT/generated_cap003286.als","CORRECT",3,0,3,0,0,0,0
"alpha_ac/CORRECT/generated_cap003287.als","CORRECT",3,0,3,0,0,0,0
"alpha_ac/CORRECT/generated_cap003288.als","CORRECT",3,0,3,0,0,0,0
"alpha_ac/CORRECT/generated_cap003289.als","CORRECT",3,0,3,0,0,0,0
"alpha_ac/CORRECT/generated_cap003290.als","CORRECT",3,0,3,0,0,0,0
"alpha_ac/CORRECT/generated_cap003291.als","CORRECT",3,0,3,0,0,0,0
"alpha_ac/CORRECT/generated_cap003292.als","CORRECT",3,0,3,0,0,0,0
"alpha_ac/CORRECT/generated_cap003293.als","CORRECT",3,0,3,0,0,0,0
"alpha_ac/CORRECT/generated_cap003294.als","CORRECT",3,0,3,0,0,0,0
"alpha_ac/CORRECT/generated_cap003295.als","CORRECT",3,0,3,0,0,0,0
"alpha_ac/CORRECT/generated_cap003296.als","CORRECT",3,0,3,0,0,0,0
"alpha_ac/CORRECT/generated_cap003297.als","CORRECT",3,0,3,0,0,0,0
"alpha_ac/CORRECT/generated_cap003298.als","CORRECT",3,0,3,0,0,0,0
"alpha_ac/CORRECT/generated_cap003299.als","CORRECT",3,0,3,0,0,0,0
"alpha_ac/CORRECT/generated_cap003300.als","CORRECT",3,0,3,0,0,0,0
"alpha_ac/CORRECT/generated_cap003301.als","CORRECT",3,0,3,0,0,0,0
"alpha_ac/CORRECT/generated_cap003302.als","CORRECT",3,0,3,0,0,0,0
"alpha_ac/CORRECT/generated_cap003303.als","CORRECT",3,0,3,0,0,0,0
"alpha_ac/CORRECT/generated_cap003304.als","CORRECT",3,0,3,0,0,0,0
"alpha_ac/CORRECT/generated_cap003305.als","CORRECT",3,0,3,0,0,0,0
"alpha_ac/CORRECT/generated_cap003306.als","CORRECT",3,0,3,0,0,0,0
"alpha_ac/CORRECT/generated_cap003307.als","CORRECT",3,0,3,0,0,0,0
"alpha_ac/CORRECT/generated_cap003308.als","CORRECT",3,0,3,0,0,0,0
"alpha_ac/CORRECT/generated_cap003309.als","CORRECT",3,0,3,0,0,0,0
"alpha_ac/CORRECT/generated_cap003310.als","CORRECT",3,0,3,0,0,0,0
"alpha_ac/CORRECT/generated_cap003311.als","CORRECT",3,0,3,0,0,0,0
"alpha_ac/CORRECT/generated_cap003312.als","CORRECT",3,0,3,0,0,0,0
"alpha_ac/CORRECT/generated_cap003313.als","CORRECT",3,0,3,0,0,0,0
"alpha_ac/CORRECT/generated_cap003314.als","CORRECT",3,0,3,0,0,0,0
"alpha_ac/CORRECT/generated_cap003315.als","CORRECT",3,0,3,0,0,0,0
"alpha_ac/CORRECT/generated_cap003316.als","CORRECT",3,0,3,0,0,0,0
"alpha_ac/CORRECT/generated_cap003317.als","CORRECT",3,0,3,0,0,0,0
"alpha_ac/CORRECT/generated_cap003318.als","CORRECT",3,0,3,0,0,0,0
"alpha_ac/CORRECT/generated_cap003319.als","CORRECT",3,0,3,0,0,0,0
"alpha_ac/CORRECT/generated_cap003320.als","CORRECT",3,0,3,0,0,0,0
"alpha_ac/CORRECT/generated_cap003321.als","CORRECT",3,0,3,0,0,0,0
"alpha_ac/CORRECT/generated_cap003322.als","CORRECT",1,0,1,0,0,0,0
"alpha_ac/CORRECT/generated_cap003323.als","CORRECT",3,0,3,0,0,0,0
"alpha_ac/CORRECT/generated_cap003324.als","CORRECT",3,0,3,0,0,0,0
"alpha_ac/CORRECT/generated_cap003325.als","CORRECT",3,0,3,0,0,0,0
"alpha_ac/CORRECT/generated_cap003326.als","CORRECT",3,0,3,0,0,0,0
"alpha_ac/CORRECT/generated_cap003327.als","CORRECT",3,0,3,0,0,0,0
"alpha_ac/CORRECT/generated_cap003328.als","CORRECT",3,0,3,0,0,0,0
"alpha_ac/CORRECT/generated_cap003329.als","CORRECT",3,0,3,0,0,0,0
"alpha_ac/CORRECT/generated_cap003330.als","CORRECT",3,0,3,0,0,0,0
"alpha_ac/CORRECT/generated_cap003331.als","CORRECT",3,0,3,0,0,0,0
"alpha_ac/CORRECT/generated_cap003332.als","CORRECT",3,0,3,0,0,0,0
"alpha_ac/CORRECT/generated_cap003333.als","CORRECT",3,0,3,0,0,0,0
"alpha_ac/CORRECT/generated_cap003334.als","CORRECT",3,0,3,0,0,0,0
"alpha_ac/CORRECT/generated_cap003335.als","CORRECT",3,0,3,0,0,0,0
"alpha_ac/CORRECT/generated_cap003336.als","CORRECT",3,0,3,0,0,0,0
"alpha_ac/CORRECT/generated_cap003337.als","CORRECT",3,0,3,0,0,0,0
"alpha_ac/CORRECT/generated_cap003338.als","CORRECT",3,0,3,0,0,0,0
"alpha_ac/CORRECT/generated_cap003339.als","CORRECT",3,0,3,0,0,0,0
"alpha_ac/CORRECT/generated_cap003340.als","CORRECT",3,0,3,0,0,0,0
"alpha_ac/CORRECT/generated_cap003341.als","CORRECT",1,0,1,0,0,0,0
"alpha_ac/CORRECT/generated_cap003342.als","CORRECT",1,0,1,0,0,0,0
"alpha_ac/CORRECT/generated_cap003343.als","CORRECT",3,0,3,0,0,0,0
"alpha_ac/CORRECT/generated_cap003344.als","CORRECT",3,0,3,0,0,0,0
"alpha_ac/CORRECT/generated_cap003345.als","CORRECT",3,0,3,0,0,0,0
"alpha_ac/CORRECT/generated_cap003346.als","CORRECT",1,0,1,0,0,0,0
"alpha_ac/CORRECT/generated_cap003347.als","CORRECT",3,0,3,0,0,0,0
"alpha_ac/CORRECT/generated_cap003348.als","CORRECT",3,0,3,0,0,0,0
"alpha_ac/CORRECT/generated_cap003349.als","CORRECT",1,0,1,0,0,0,0
"alpha_ac/CORRECT/generated_cap003350.als","CORRECT",3,0,3,0,0,0,0
"alpha_ac/CORRECT/generated_cap003351.als","CORRECT",3,0,3,0,0,0,0
"alpha_ac/CORRECT/generated_cap003352.als","CORRECT",3,0,3,0,0,0,0
"alpha_ac/CORRECT/generated_cap003353.als","CORRECT",3,0,3,0,0,0,0
"alpha_ac/CORRECT/generated_cap003354.als","CORRECT",1,0,1,0,0,0,0
"alpha_ac/CORRECT/generated_cap003355.als","CORRECT",3,0,3,0,0,0,0
"alpha_ac/CORRECT/generated_cap003356.als","CORRECT",3,0,3,0,0,0,0
"alpha_ac/CORRECT/generated_cap003357.als","CORRECT",1,0,1,0,0,0,0
"alpha_ac/CORRECT/generated_cap003358.als","CORRECT",3,0,3,0,0,0,0
"alpha_ac/CORRECT/generated_cap003359.als","CORRECT",3,0,3,0,0,0,0
"alpha_ac/CORRECT/generated_cap003360.als","CORRECT",3,0,3,0,0,0,0
"alpha_ac/CORRECT/generated_cap003361.als","CORRECT",1,0,1,0,0,0,0
"alpha_ac/CORRECT/generated_cap003362.als","CORRECT",1,0,1,0,0,0,0
"alpha_ac/CORRECT/generated_cap003363.als","CORRECT",3,0,3,0,0,0,0
"alpha_ac/CORRECT/generated_cap003364.als","CORRECT",3,0,3,0,0,0,0
"alpha_ac/CORRECT/generated_cap003365.als","CORRECT",1,0,1,0,0,0,0
"alpha_ac/CORRECT/generated_cap003366.als","CORRECT",3,0,3,0,0,0,0
"alpha_ac/CORRECT/generated_cap003367.als","CORRECT",3,0,3,0,0,0,0
"alpha_ac/CORRECT/generated_cap003368.als","CORRECT",3,0,3,0,0,0,0
"alpha_ac/CORRECT/generated_cap003369.als","CORRECT",3,0,3,0,0,0,0
"alpha_ac/CORRECT/generated_cap003370.als","CORRECT",1,0,1,0,0,0,0
"alpha_ac/CORRECT/generated_cap003371.als","CORRECT",3,0,3,0,0,0,0
"alpha_ac/CORRECT/generated_cap003372.als","CORRECT",3,0,3,0,0,0,0
"alpha_ac/CORRECT/generated_cap003373.als","CORRECT",1,0,1,0,0,0,0
"alpha_ac/CORRECT/generated_cap003374.als","CORRECT",3,0,3,0,0,0,0
"alpha_ac/CORRECT/generated_cap003375.als","CORRECT",3,0,3,0,0,0,0
"alpha_ac/CORRECT/generated_cap003376.als","CORRECT",3,0,3,0,0,0,0
"alpha_ac/CORRECT/generated_cap003377.als","CORRECT",3,0,3,0,0,0,0
"alpha_ac/CORRECT/generated_cap003378.als","CORRECT",1,0,1,0,0,0,0
"alpha_ac/CORRECT/generated_cap003379.als","CORRECT",3,0,3,0,0,0,0
"alpha_ac/CORRECT/generated_cap003380.als","CORRECT",3,0,3,0,0,0,0
"alpha_ac/CORRECT/generated_cap003381.als","CORRECT",1,0,1,0,0,0,0
"alpha_ac/CORRECT/generated_cap003382.als","CORRECT",3,0,3,0,0,0,0
"alpha_ac/CORRECT/generated_cap003383.als","CORRECT",3,0,3,0,0,0,0
"alpha_ac/CORRECT/generated_cap003384.als","CORRECT",3,0,3,0,0,0,0
"alpha_ac/CORRECT/generated_cap003385.als","CORRECT",3,0,3,0,0,0,0
"alpha_ac/CORRECT/generated_cap003386.als","CORRECT",1,0,1,0,0,0,0
"alpha_ac/CORRECT/generated_cap003387.als","CORRECT",3,0,3,0,0,0,0
"alpha_ac/CORRECT/generated_cap003388.als","CORRECT",3,0,3,0,0,0,0
"alpha_ac/CORRECT/generated_cap003389.als","CORRECT",1,0,1,0,0,0,0
"alpha_ac/CORRECT/generated_cap003390.als","CORRECT",3,0,3,0,0,0,0
"alpha_ac/CORRECT/generated_cap003391.als","CORRECT",3,0,3,0,0,0,0
"alpha_ac/CORRECT/generated_cap003392.als","CORRECT",3,0,3,0,0,0,0
"alpha_ac/CORRECT/generated_cap003393.als","CORRECT",3,0,3,0,0,0,0
"alpha_ac/CORRECT/generated_cap003394.als","CORRECT",1,0,1,0,0,0,0
"alpha_ac/CORRECT/generated_cap003395.als","CORRECT",3,0,3,0,0,0,0
"alpha_ac/CORRECT/generated_cap003396.als","CORRECT",3,0,3,0,0,0,0
"alpha_ac/CORRECT/generated_cap003397.als","CORRECT",1,0,1,0,0,0,0
"alpha_ac/CORRECT/generated_cap003398.als","CORRECT",3,0,3,0,0,0,0
"alpha_ac/CORRECT/generated_cap003399.als","CORRECT",3,0,3,0,0,0,0
"alpha_ac/CORRECT/generated_cap003400.als","CORRECT",3,0,3,0,0,0,0
"alpha_ac/CORRECT/generated_cap003401.als","CORRECT",3,0,3,0,0,0,0
"alpha_ac/CORRECT/generated_cap003402.als","CORRECT",1,0,1,0,0,0,0
"alpha_ac/CORRECT/generated_cap003403.als","CORRECT",3,0,3,0,0,0,0
"alpha_ac/CORRECT/generated_cap003404.als","CORRECT",3,0,3,0,0,0,0
"alpha_ac/CORRECT/generated_cap003405.als","CORRECT",1,0,1,0,0,0,0
"alpha_ac/CORRECT/generated_cap003406.als","CORRECT",3,0,3,0,0,0,0
"alpha_ac/CORRECT/generated_cap003407.als","CORRECT",3,0,3,0,0,0,0
"alpha_ac/CORRECT/generated_cap003408.als","CORRECT",3,0,3,0,0,0,0
"alpha_ac/CORRECT/generated_cap003409.als","CORRECT",3,0,3,0,0,0,0
"alpha_ac/CORRECT/generated_cap003410.als","CORRECT",1,0,1,0,0,0,0
"alpha_ac/CORRECT/generated_cap003411.als","CORRECT",3,0,3,0,0,0,0
"alpha_ac/CORRECT/generated_cap003412.als","CORRECT",3,0,3,0,0,0,0
"alpha_ac/CORRECT/generated_cap003413.als","CORRECT",3,0,3,0,0,0,0
"alpha_ac/CORRECT/generated_cap003414.als","CORRECT",1,0,1,0,0,0,0
"alpha_ac/CORRECT/generated_cap003415.als","CORRECT",3,0,3,0,0,0,0
"alpha_ac/CORRECT/generated_cap003416.als","CORRECT",3,0,3,0,0,0,0
"alpha_ac/CORRECT/generated_cap003417.als","CORRECT",3,0,3,0,0,0,0
"alpha_ac/CORRECT/generated_cap003418.als","CORRECT",3,0,3,0,0,0,0
"alpha_ac/CORRECT/generated_cap003419.als","CORRECT",3,0,3,0,0,0,0
"alpha_ac/CORRECT/generated_cap003420.als","CORRECT",3,0,3,0,0,0,0
"alpha_ac/CORRECT/generated_cap003421.als","CORRECT",3,0,3,0,0,0,0
"alpha_ac/CORRECT/generated_cap003422.als","CORRECT",3,0,3,0,0,0,0
"alpha_ac/CORRECT/generated_cap003423.als","CORRECT",3,0,3,0,0,0,0
"alpha_ac/CORRECT/generated_cap003424.als","CORRECT",3,0,3,0,0,0,0
"alpha_ac/CORRECT/generated_cap003425.als","CORRECT",3,0,3,0,0,0,0
"alpha_ac/CORRECT/generated_cap003426.als","CORRECT",3,0,3,0,0,0,0
"alpha_ac/CORRECT/generated_cap003427.als","CORRECT",3,0,3,0,0,0,0
"alpha_ac/CORRECT/generated_cap003428.als","CORRECT",3,0,3,0,0,0,0
"alpha_ac/CORRECT/generated_cap003429.als","CORRECT",1,0,1,0,0,0,0
"alpha_ac/CORRECT/generated_cap003430.als","CORRECT",1,0,1,0,0,0,0
"alpha_ac/CORRECT/generated_cap003431.als","CORRECT",3,0,3,0,0,0,0
"alpha_ac/CORRECT/generated_cap003432.als","CORRECT",3,0,3,0,0,0,0
"alpha_ac/CORRECT/generated_cap003433.als","CORRECT",1,0,1,0,0,0,0
"alpha_ac/CORRECT/generated_cap003434.als","CORRECT",3,0,3,0,0,0,0
"alpha_ac/CORRECT/generated_cap003435.als","CORRECT",3,0,3,0,0,0,0
"alpha_ac/CORRECT/generated_cap003436.als","CORRECT",3,0,3,0,0,0,0
"alpha_ac/CORRECT/generated_cap003437.als","CORRECT",3,0,3,0,0,0,0
"alpha_ac/CORRECT/generated_cap003438.als","CORRECT",3,0,3,0,0,0,0
"alpha_ac/CORRECT/generated_cap003439.als","CORRECT",3,0,3,0,0,0,0
"alpha_ac/CORRECT/generated_cap003440.als","CORRECT",3,0,3,0,0,0,0
"alpha_ac/CORRECT/generated_cap003441.als","CORRECT",3,0,3,0,0,0,0
"alpha_ac/CORRECT/generated_cap003442.als","CORRECT",3,0,3,0,0,0,0
"alpha_ac/CORRECT/generated_cap003443.als","CORRECT",3,0,3,0,0,0,0
"alpha_ac/CORRECT/generated_cap003444.als","CORRECT",3,0,3,0,0,0,0
"alpha_ac/CORRECT/generated_cap003445.als","CORRECT",3,0,3,0,0,0,0
"alpha_ac/CORRECT/generated_cap003446.als","CORRECT",3,0,3,0,0,0,0
"alpha_ac/CORRECT/generated_cap003447.als","CORRECT",3,0,3,0,0,0,0
"alpha_ac/CORRECT/generated_cap003448.als","CORRECT",3,0,3,0,0,0,0
"alpha_ac/CORRECT/generated_cap003449.als","CORRECT",3,0,3,0,0,0,0
"alpha_ac/CORRECT/generated_cap003450.als","CORRECT",1,0,1,0,0,0,0
"alpha_ac/CORRECT/generated_cap003451.als","CORRECT",3,0,3,0,0,0,0
"alpha_ac/CORRECT/generated_cap003452.als","CORRECT",3,0,3,0,0,0,0
"alpha_ac/CORRECT/generated_cap003453.als","CORRECT",3,0,3,0,0,0,0
"alpha_ac/CORRECT/generated_cap003454.als","CORRECT",3,0,3,0,0,0,0
"alpha_ac/CORRECT/generated_cap003455.als","CORRECT",3,0,3,0,0,0,0
"alpha_ac/CORRECT/generated_cap003456.als","CORRECT",3,0,3,0,0,0,0
"alpha_ac/CORRECT/generated_cap003457.als","CORRECT",3,0,3,0,0,0,0
"alpha_ac/CORRECT/generated_cap003458.als","CORRECT",3,0,3,0,0,0,0
"alpha_ac/CORRECT/generated_cap003459.als","CORRECT",3,0,3,0,0,0,0
"alpha_ac/CORRECT/generated_cap003460.als","CORRECT",3,0,3,0,0,0,0
"alpha_ac/CORRECT/generated_cap003461.als","CORRECT",3,0,3,0,0,0,0
"alpha_ac/CORRECT/generated_cap003462.als","CORRECT",3,0,3,0,0,0,0
"alpha_ac/CORRECT/generated_cap003463.als","CORRECT",3,0,3,0,0,0,0
"alpha_ac/CORRECT/generated_cap003464.als","CORRECT",3,0,3,0,0,0,0
"alpha_ac/CORRECT/generated_cap003465.als","CORRECT",3,0,3,0,0,0,0
"alpha_ac/CORRECT/generated_cap003466.als","CORRECT",3,0,3,0,0,0,0
"alpha_ac/CORRECT/generated_cap003467.als","CORRECT",3,0,3,0,0,0,0
"alpha_ac/CORRECT/generated_cap003468.als","CORRECT",3,0,3,0,0,0,0
"alpha_ac/CORRECT/generated_cap003469.als","CORRECT",1,0,1,0,0,0,0
"alpha_ac/CORRECT/generated_cap003470.als","CORRECT",3,0,3,0,0,0,0
"alpha_ac/CORRECT/generated_cap003471.als","CORRECT",3,0,3,0,0,0,0
"alpha_ac/CORRECT/generated_cap003472.als","CORRECT",3,0,3,0,0,0,0
"alpha_ac/CORRECT/generated_cap003473.als","CORRECT",1,0,1,0,0,0,0
"alpha_ac/CORRECT/generated_cap003474.als","CORRECT",3,0,3,0,0,0,0
"alpha_ac/CORRECT/generated_cap003475.als","CORRECT",3,0,3,0,0,0,0
"alpha_ac/CORRECT/generated_cap003476.als","CORRECT",3,0,3,0,0,0,0
"alpha_ac/CORRECT/generated_cap003477.als","CORRECT",3,0,3,0,0,0,0
"alpha_ac/CORRECT/generated_cap003478.als","CORRECT",3,0,3,0,0,0,0
"alpha_ac/CORRECT/generated_cap003479.als","CORRECT",3,0,3,0,0,0,0
"alpha_ac/CORRECT/generated_cap003480.als","CORRECT",3,0,3,0,0,0,0
"alpha_ac/CORRECT/generated_cap003481.als","CORRECT",3,0,3,0,0,0,0
"alpha_ac/CORRECT/generated_cap003482.als","CORRECT",3,0,3,0,0,0,0
"alpha_ac/CORRECT/generated_cap003483.als","CORRECT",3,0,3,0,0,0,0
"alpha_ac/CORRECT/generated_cap003484.als","CORRECT",3,0,3,0,0,0,0
"alpha_ac/CORRECT/generated_cap003485.als","CORRECT",3,0,3,0,0,0,0
"alpha_ac/CORRECT/generated_cap003486.als","CORRECT",3,0,3,0,0,0,0
"alpha_ac/CORRECT/generated_cap003487.als","CORRECT",3,0,3,0,0,0,0
"alpha_ac/CORRECT/generated_cap003488.als","CORRECT",3,0,3,0,0,0,0
"alpha_ac/CORRECT/generated_cap003489.als","CORRECT",3,0,3,0,0,0,0
"alpha_ac/CORRECT/generated_cap003490.als","CORRECT",3,0,3,0,0,0,0
"alpha_ac/CORRECT/generated_cap003491.als","CORRECT",3,0,3,0,0,0,0
"alpha_ac/CORRECT/generated_cap003492.als","CORRECT",3,0,3,0,0,0,0
"alpha_ac/CORRECT/generated_cap003493.als","CORRECT",3,0,3,0,0,0,0
"alpha_ac/CORRECT/generated_cap003494.als","CORRECT",3,0,3,0,0,0,0
"alpha_ac/CORRECT/generated_cap003495.als","CORRECT",3,0,3,0,0,0,0
"alpha_ac/CORRECT/generated_cap003496.als","CORRECT",3,0,3,0,0,0,0
"alpha_ac/CORRECT/generated_cap003497.als","CORRECT",3,0,3,0,0,0,0
"alpha_ac/CORRECT/generated_cap003498.als","CORRECT",3,0,3,0,0,0,0
"alpha_ac/CORRECT/generated_cap003499.als","CORRECT",3,0,3,0,0,0,0
"alpha_binder_permutation/CORRECT/generated_cap003500.als","CORRECT",4,2,4,2,0,0,0
"alpha_binder_permutation/CORRECT/generated_cap003501.als","CORRECT",4,2,4,2,0,0,0
"alpha_binder_permutation/CORRECT/generated_cap003502.als","CORRECT",2,0,2,0,0,0,0
"alpha_binder_permutation/CORRECT/generated_cap003503.als","CORRECT",4,2,4,2,0,0,0
"alpha_binder_permutation/CORRECT/generated_cap003504.als","CORRECT",4,2,4,2,0,0,0
"alpha_binder_permutation/CORRECT/generated_cap003505.als","CORRECT",4,2,4,2,0,0,0
"alpha_binder_permutation/CORRECT/generated_cap003506.als","CORRECT",4,2,4,2,0,0,0
"alpha_binder_permutation/CORRECT/generated_cap003507.als","CORRECT",4,2,4,2,0,0,0
"alpha_binder_permutation/CORRECT/generated_cap003508.als","CORRECT",4,2,4,2,0,0,0
"alpha_binder_permutation/CORRECT/generated_cap003509.als","CORRECT",4,2,4,2,0,0,0
"alpha_binder_permutation/CORRECT/generated_cap003510.als","CORRECT",2,0,2,0,0,0,0
"alpha_binder_permutation/CORRECT/generated_cap003511.als","CORRECT",4,2,4,2,0,0,0
"alpha_binder_permutation/CORRECT/generated_cap003512.als","CORRECT",4,2,4,2,0,0,0
"alpha_binder_permutation/CORRECT/generated_cap003513.als","CORRECT",4,2,4,2,0,0,0
"alpha_binder_permutation/CORRECT/generated_cap003514.als","CORRECT",4,2,4,2,0,0,0
"alpha_binder_permutation/CORRECT/generated_cap003515.als","CORRECT",4,2,4,2,0,0,0
"alpha_binder_permutation/CORRECT/generated_cap003516.als","CORRECT",4,2,4,2,0,0,0
"alpha_binder_permutation/CORRECT/generated_cap003517.als","CORRECT",4,2,4,2,0,0,0
"alpha_binder_permutation/CORRECT/generated_cap003518.als","CORRECT",2,0,2,0,0,0,0
"alpha_binder_permutation/CORRECT/generated_cap003519.als","CORRECT",4,2,4,2,0,0,0
"alpha_binder_permutation/CORRECT/generated_cap003520.als","CORRECT",4,2,4,2,0,0,0
"alpha_binder_permutation/CORRECT/generated_cap003521.als","CORRECT",4,2,4,2,0,0,0
"alpha_binder_permutation/CORRECT/generated_cap003522.als","CORRECT",2,0,2,0,0,0,0
"alpha_binder_permutation/CORRECT/generated_cap003523.als","CORRECT",4,2,4,2,0,0,0
"alpha_binder_permutation/CORRECT/generated_cap003524.als","CORRECT",4,2,4,2,0,0,0
"alpha_binder_permutation/CORRECT/generated_cap003525.als","CORRECT",4,2,4,2,0,0,0
"alpha_binder_permutation/CORRECT/generated_cap003526.als","CORRECT",2,0,2,0,0,0,0
"alpha_binder_permutation/CORRECT/generated_cap003527.als","CORRECT",4,2,4,2,0,0,0
"alpha_binder_permutation/CORRECT/generated_cap003528.als","CORRECT",4,2,4,2,0,0,0
"alpha_binder_permutation/CORRECT/generated_cap003529.als","CORRECT",4,2,4,2,0,0,0
"alpha_binder_permutation/CORRECT/generated_cap003530.als","CORRECT",4,2,4,2,0,0,0
"alpha_binder_permutation/CORRECT/generated_cap003531.als","CORRECT",4,2,4,2,0,0,0
"alpha_binder_permutation/CORRECT/generated_cap003532.als","CORRECT",4,2,4,2,0,0,0
"alpha_binder_permutation/CORRECT/generated_cap003533.als","CORRECT",4,2,4,2,0,0,0
"alpha_binder_permutation/CORRECT/generated_cap003534.als","CORRECT",2,0,2,0,0,0,0
"alpha_binder_permutation/CORRECT/generated_cap003535.als","CORRECT",4,2,4,2,0,0,0
"alpha_binder_permutation/CORRECT/generated_cap003536.als","CORRECT",4,2,4,2,0,0,0
"alpha_binder_permutation/CORRECT/generated_cap003537.als","CORRECT",4,2,4,2,0,0,0
"alpha_binder_permutation/CORRECT/generated_cap003538.als","CORRECT",4,2,4,2,0,0,0
"alpha_binder_permutation/CORRECT/generated_cap003539.als","CORRECT",4,2,4,2,0,0,0
"alpha_binder_permutation/CORRECT/generated_cap003540.als","CORRECT",4,2,4,2,0,0,0
"alpha_binder_permutation/CORRECT/generated_cap003541.als","CORRECT",4,2,4,2,0,0,0
"alpha_binder_permutation/CORRECT/generated_cap003542.als","CORRECT",2,0,2,0,0,0,0
"alpha_binder_permutation/CORRECT/generated_cap003543.als","CORRECT",4,2,4,2,0,0,0
"alpha_binder_permutation/CORRECT/generated_cap003544.als","CORRECT",4,2,4,2,0,0,0
"alpha_binder_permutation/CORRECT/generated_cap003545.als","CORRECT",4,2,4,2,0,0,0
"alpha_binder_permutation/CORRECT/generated_cap003546.als","CORRECT",4,2,4,2,0,0,0
"alpha_binder_permutation/CORRECT/generated_cap003547.als","CORRECT",4,2,4,2,0,0,0
"alpha_binder_permutation/CORRECT/generated_cap003548.als","CORRECT",4,2,4,2,0,0,0
"alpha_binder_permutation/CORRECT/generated_cap003549.als","CORRECT",4,2,4,2,0,0,0
"alpha_binder_permutation/CORRECT/generated_cap003550.als","CORRECT",2,0,2,0,0,0,0
"alpha_binder_permutation/CORRECT/generated_cap003551.als","CORRECT",4,2,4,2,0,0,0
"alpha_binder_permutation/CORRECT/generated_cap003552.als","CORRECT",4,2,4,2,0,0,0
"alpha_binder_permutation/CORRECT/generated_cap003553.als","CORRECT",4,2,4,2,0,0,0
"alpha_binder_permutation/CORRECT/generated_cap003554.als","CORRECT",4,2,4,2,0,0,0
"alpha_binder_permutation/CORRECT/generated_cap003555.als","CORRECT",4,2,4,2,0,0,0
"alpha_binder_permutation/CORRECT/generated_cap003556.als","CORRECT",4,2,4,2,0,0,0
"alpha_binder_permutation/CORRECT/generated_cap003557.als","CORRECT",4,2,4,2,0,0,0
"alpha_binder_permutation/CORRECT/generated_cap003558.als","CORRECT",2,0,2,0,0,0,0
"alpha_binder_permutation/CORRECT/generated_cap003559.als","CORRECT",4,2,4,2,0,0,0
"alpha_binder_permutation/CORRECT/generated_cap003560.als","CORRECT",4,2,4,2,0,0,0
"alpha_binder_permutation/CORRECT/generated_cap003561.als","CORRECT",4,2,4,2,0,0,0
"alpha_binder_permutation/CORRECT/generated_cap003562.als","CORRECT",4,2,4,2,0,0,0
"alpha_binder_permutation/CORRECT/generated_cap003563.als","CORRECT",4,2,4,2,0,0,0
"alpha_binder_permutation/CORRECT/generated_cap003564.als","CORRECT",4,2,4,2,0,0,0
"alpha_binder_permutation/CORRECT/generated_cap003565.als","CORRECT",4,2,4,2,0,0,0
"alpha_binder_permutation/CORRECT/generated_cap003566.als","CORRECT",2,0,2,0,0,0,0
"alpha_binder_permutation/CORRECT/generated_cap003567.als","CORRECT",4,2,4,2,0,0,0
"alpha_binder_permutation/CORRECT/generated_cap003568.als","CORRECT",4,2,4,2,0,0,0
"alpha_binder_permutation/CORRECT/generated_cap003569.als","CORRECT",4,2,4,2,0,0,0
"alpha_binder_permutation/CORRECT/generated_cap003570.als","CORRECT",4,2,4,2,0,0,0
"alpha_binder_permutation/CORRECT/generated_cap003571.als","CORRECT",4,2,4,2,0,0,0
"alpha_binder_permutation/CORRECT/generated_cap003572.als","CORRECT",4,2,4,2,0,0,0
"alpha_binder_permutation/CORRECT/generated_cap003573.als","CORRECT",4,2,4,2,0,0,0
"alpha_binder_permutation/CORRECT/generated_cap003574.als","CORRECT",4,2,4,2,0,0,0
"alpha_binder_permutation/CORRECT/generated_cap003575.als","CORRECT",4,2,4,2,0,0,0
"alpha_binder_permutation/CORRECT/generated_cap003576.als","CORRECT",4,2,4,2,0,0,0
"alpha_binder_permutation/CORRECT/generated_cap003577.als","CORRECT",4,2,4,2,0,0,0
"alpha_binder_permutation/CORRECT/generated_cap003578.als","CORRECT",4,2,4,2,0,0,0
"alpha_binder_permutation/CORRECT/generated_cap003579.als","CORRECT",4,2,4,2,0,0,0
"alpha_binder_permutation/CORRECT/generated_cap003580.als","CORRECT",4,2,4,2,0,0,0
"alpha_binder_permutation/CORRECT/generated_cap003581.als","CORRECT",4,2,4,2,0,0,0
"alpha_binder_permutation/CORRECT/generated_cap003582.als","CORRECT",4,2,4,2,0,0,0
"alpha_binder_permutation/CORRECT/generated_cap003583.als","CORRECT",4,2,4,2,0,0,0
"alpha_binder_permutation/CORRECT/generated_cap003584.als","CORRECT",4,2,4,2,0,0,0
"alpha_binder_permutation/CORRECT/generated_cap003585.als","CORRECT",4,2,4,2,0,0,0
"alpha_binder_permutation/CORRECT/generated_cap003586.als","CORRECT",4,2,4,2,0,0,0
"alpha_binder_permutation/CORRECT/generated_cap003587.als","CORRECT",4,2,4,2,0,0,0
"alpha_binder_permutation/CORRECT/generated_cap003588.als","CORRECT",4,2,4,2,0,0,0
"alpha_binder_permutation/CORRECT/generated_cap003589.als","CORRECT",4,2,4,2,0,0,0
"alpha_binder_permutation/CORRECT/generated_cap003590.als","CORRECT",2,0,2,0,0,0,0
"alpha_binder_permutation/CORRECT/generated_cap003591.als","CORRECT",2,0,2,0,0,0,0
"alpha_binder_permutation/CORRECT/generated_cap003592.als","CORRECT",4,2,4,2,0,0,0
"alpha_binder_permutation/CORRECT/generated_cap003593.als","CORRECT",4,2,4,2,0,0,0
"alpha_binder_permutation/CORRECT/generated_cap003594.als","CORRECT",2,0,2,0,0,0,0
"alpha_binder_permutation/CORRECT/generated_cap003595.als","CORRECT",4,2,4,2,0,0,0
"alpha_binder_permutation/CORRECT/generated_cap003596.als","CORRECT",4,2,4,2,0,0,0
"alpha_binder_permutation/CORRECT/generated_cap003597.als","CORRECT",4,2,4,2,0,0,0
"alpha_binder_permutation/CORRECT/generated_cap003598.als","CORRECT",4,2,4,2,0,0,0
"alpha_binder_permutation/CORRECT/generated_cap003599.als","CORRECT",4,2,4,2,0,0,0
"alpha_binder_permutation/CORRECT/generated_cap003600.als","CORRECT",4,2,4,2,0,0,0
"alpha_binder_permutation/CORRECT/generated_cap003601.als","CORRECT",4,2,4,2,0,0,0
"alpha_binder_permutation/CORRECT/generated_cap003602.als","CORRECT",4,2,4,2,0,0,0
"alpha_binder_permutation/CORRECT/generated_cap003603.als","CORRECT",4,2,4,2,0,0,0
"alpha_binder_permutation/CORRECT/generated_cap003604.als","CORRECT",4,2,4,2,0,0,0
"alpha_binder_permutation/CORRECT/generated_cap003605.als","CORRECT",4,2,4,2,0,0,0
"alpha_binder_permutation/CORRECT/generated_cap003606.als","CORRECT",4,2,4,2,0,0,0
"alpha_binder_permutation/CORRECT/generated_cap003607.als","CORRECT",4,2,4,2,0,0,0
"alpha_binder_permutation/CORRECT/generated_cap003608.als","CORRECT",4,2,4,2,0,0,0
"alpha_binder_permutation/CORRECT/generated_cap003609.als","CORRECT",4,2,4,2,0,0,0
"alpha_binder_permutation/CORRECT/generated_cap003610.als","CORRECT",4,2,4,2,0,0,0
"alpha_binder_permutation/CORRECT/generated_cap003611.als","CORRECT",4,2,4,2,0,0,0
"alpha_binder_permutation/CORRECT/generated_cap003612.als","CORRECT",4,2,4,2,0,0,0
"alpha_binder_permutation/CORRECT/generated_cap003613.als","CORRECT",4,2,4,2,0,0,0
"alpha_binder_permutation/CORRECT/generated_cap003614.als","CORRECT",4,2,4,2,0,0,0
"alpha_binder_permutation/CORRECT/generated_cap003615.als","CORRECT",4,2,4,2,0,0,0
"alpha_binder_permutation/CORRECT/generated_cap003616.als","CORRECT",4,2,4,2,0,0,0
"alpha_binder_permutation/CORRECT/generated_cap003617.als","CORRECT",4,2,4,2,0,0,0
"alpha_binder_permutation/CORRECT/generated_cap003618.als","CORRECT",4,2,4,2,0,0,0
"alpha_binder_permutation/CORRECT/generated_cap003619.als","CORRECT",4,2,4,2,0,0,0
"alpha_binder_permutation/CORRECT/generated_cap003620.als","CORRECT",4,2,4,2,0,0,0
"alpha_binder_permutation/CORRECT/generated_cap003621.als","CORRECT",4,2,4,2,0,0,0
"alpha_binder_permutation/CORRECT/generated_cap003622.als","CORRECT",4,2,4,2,0,0,0
"alpha_binder_permutation/CORRECT/generated_cap003623.als","CORRECT",4,2,4,2,0,0,0
"alpha_binder_permutation/CORRECT/generated_cap003624.als","CORRECT",4,2,4,2,0,0,0
"alpha_binder_permutation/CORRECT/generated_cap003625.als","CORRECT",4,2,4,2,0,0,0
"alpha_binder_permutation/CORRECT/generated_cap003626.als","CORRECT",4,2,4,2,0,0,0
"alpha_binder_permutation/CORRECT/generated_cap003627.als","CORRECT",4,2,4,2,0,0,0
"alpha_binder_permutation/CORRECT/generated_cap003628.als","CORRECT",4,2,4,2,0,0,0
"alpha_binder_permutation/CORRECT/generated_cap003629.als","CORRECT",4,2,4,2,0,0,0
"alpha_binder_permutation/CORRECT/generated_cap003630.als","CORRECT",2,0,2,0,0,0,0
"alpha_binder_permutation/CORRECT/generated_cap003631.als","CORRECT",4,2,4,2,0,0,0
"alpha_binder_permutation/CORRECT/generated_cap003632.als","CORRECT",4,2,4,2,0,0,0
"alpha_binder_permutation/CORRECT/generated_cap003633.als","CORRECT",4,2,4,2,0,0,0
"alpha_binder_permutation/CORRECT/generated_cap003634.als","CORRECT",2,0,2,0,0,0,0
"alpha_binder_permutation/CORRECT/generated_cap003635.als","CORRECT",4,2,4,2,0,0,0
"alpha_binder_permutation/CORRECT/generated_cap003636.als","CORRECT",4,2,4,2,0,0,0
"alpha_binder_permutation/CORRECT/generated_cap003637.als","CORRECT",4,2,4,2,0,0,0
"alpha_binder_permutation/CORRECT/generated_cap003638.als","CORRECT",4,2,4,2,0,0,0
"alpha_binder_permutation/CORRECT/generated_cap003639.als","CORRECT",4,2,4,2,0,0,0
"alpha_binder_permutation/CORRECT/generated_cap003640.als","CORRECT",4,2,4,2,0,0,0
"alpha_binder_permutation/CORRECT/generated_cap003641.als","CORRECT",4,2,4,2,0,0,0
"alpha_binder_permutation/CORRECT/generated_cap003642.als","CORRECT",4,2,4,2,0,0,0
"alpha_binder_permutation/CORRECT/generated_cap003643.als","CORRECT",4,2,4,2,0,0,0
"alpha_binder_permutation/CORRECT/generated_cap003644.als","CORRECT",4,2,4,2,0,0,0
"alpha_binder_permutation/CORRECT/generated_cap003645.als","CORRECT",4,2,4,2,0,0,0
"alpha_binder_permutation/CORRECT/generated_cap003646.als","CORRECT",4,2,4,2,0,0,0
"alpha_binder_permutation/CORRECT/generated_cap003647.als","CORRECT",4,2,4,2,0,0,0
"alpha_binder_permutation/CORRECT/generated_cap003648.als","CORRECT",4,2,4,2,0,0,0
"alpha_binder_permutation/CORRECT/generated_cap003649.als","CORRECT",4,2,4,2,0,0,0
"alpha_binder_permutation/CORRECT/generated_cap003650.als","CORRECT",4,2,4,2,0,0,0
"alpha_binder_permutation/CORRECT/generated_cap003651.als","CORRECT",4,2,4,2,0,0,0
"alpha_binder_permutation/CORRECT/generated_cap003652.als","CORRECT",4,2,4,2,0,0,0
"alpha_binder_permutation/CORRECT/generated_cap003653.als","CORRECT",4,2,4,2,0,0,0
"alpha_binder_permutation/CORRECT/generated_cap003654.als","CORRECT",4,2,4,2,0,0,0
"alpha_binder_permutation/CORRECT/generated_cap003655.als","CORRECT",4,2,4,2,0,0,0
"alpha_binder_permutation/CORRECT/generated_cap003656.als","CORRECT",4,2,4,2,0,0,0
"alpha_binder_permutation/CORRECT/generated_cap003657.als","CORRECT",4,2,4,2,0,0,0
"alpha_binder_permutation/CORRECT/generated_cap003658.als","CORRECT",4,2,4,2,0,0,0
"alpha_binder_permutation/CORRECT/generated_cap003659.als","CORRECT",4,2,4,2,0,0,0
"alpha_binder_permutation/CORRECT/generated_cap003660.als","CORRECT",4,2,4,2,0,0,0
"alpha_binder_permutation/CORRECT/generated_cap003661.als","CORRECT",4,2,4,2,0,0,0
"alpha_binder_permutation/CORRECT/generated_cap003662.als","CORRECT",4,2,4,2,0,0,0
"alpha_binder_permutation/CORRECT/generated_cap003663.als","CORRECT",4,2,4,2,0,0,0
"alpha_binder_permutation/CORRECT/generated_cap003664.als","CORRECT",4,2,4,2,0,0,0
"alpha_binder_permutation/CORRECT/generated_cap003665.als","CORRECT",4,2,4,2,0,0,0
"alpha_binder_permutation/CORRECT/generated_cap003666.als","CORRECT",4,2,4,2,0,0,0
"alpha_binder_permutation/CORRECT/generated_cap003667.als","CORRECT",4,2,4,2,0,0,0
"alpha_binder_permutation/CORRECT/generated_cap003668.als","CORRECT",4,2,4,2,0,0,0
"alpha_binder_permutation/CORRECT/generated_cap003669.als","CORRECT",4,2,4,2,0,0,0
"alpha_binder_permutation/CORRECT/generated_cap003670.als","CORRECT",4,2,4,2,0,0,0
"alpha_binder_permutation/CORRECT/generated_cap003671.als","CORRECT",4,2,4,2,0,0,0
"alpha_binder_permutation/CORRECT/generated_cap003672.als","CORRECT",4,2,4,2,0,0,0
"alpha_binder_permutation/CORRECT/generated_cap003673.als","CORRECT",4,2,4,2,0,0,0
"alpha_binder_permutation/CORRECT/generated_cap003674.als","CORRECT",4,2,4,2,0,0,0
"alpha_binder_permutation/CORRECT/generated_cap003675.als","CORRECT",4,2,4,2,0,0,0
"alpha_binder_permutation/CORRECT/generated_cap003676.als","CORRECT",4,2,4,2,0,0,0
"alpha_binder_permutation/CORRECT/generated_cap003677.als","CORRECT",4,2,4,2,0,0,0
"alpha_binder_permutation/CORRECT/generated_cap003678.als","CORRECT",4,2,4,2,0,0,0
"alpha_binder_permutation/CORRECT/generated_cap003679.als","CORRECT",4,2,4,2,0,0,0
"alpha_binder_permutation/CORRECT/generated_cap003680.als","CORRECT",4,2,4,2,0,0,0
"alpha_binder_permutation/CORRECT/generated_cap003681.als","CORRECT",4,2,4,2,0,0,0
"alpha_binder_permutation/CORRECT/generated_cap003682.als","CORRECT",4,2,4,2,0,0,0
"alpha_binder_permutation/CORRECT/generated_cap003683.als","CORRECT",4,2,4,2,0,0,0
"alpha_binder_permutation/CORRECT/generated_cap003684.als","CORRECT",4,2,4,2,0,0,0
"alpha_binder_permutation/CORRECT/generated_cap003685.als","CORRECT",4,2,4,2,0,0,0
"alpha_binder_permutation/CORRECT/generated_cap003686.als","CORRECT",4,2,4,2,0,0,0
"alpha_binder_permutation/CORRECT/generated_cap003687.als","CORRECT",4,2,4,2,0,0,0
"alpha_binder_permutation/CORRECT/generated_cap003688.als","CORRECT",4,2,4,2,0,0,0
"alpha_binder_permutation/CORRECT/generated_cap003689.als","CORRECT",4,2,4,2,0,0,0
"alpha_binder_permutation/CORRECT/generated_cap003690.als","CORRECT",4,2,4,2,0,0,0
"alpha_binder_permutation/CORRECT/generated_cap003691.als","CORRECT",4,2,4,2,0,0,0
"alpha_binder_permutation/CORRECT/generated_cap003692.als","CORRECT",4,2,4,2,0,0,0
"alpha_binder_permutation/CORRECT/generated_cap003693.als","CORRECT",4,2,4,2,0,0,0
"alpha_binder_permutation/CORRECT/generated_cap003694.als","CORRECT",2,0,2,0,0,0,0
"alpha_binder_permutation/CORRECT/generated_cap003695.als","CORRECT",4,2,4,2,0,0,0
"alpha_binder_permutation/CORRECT/generated_cap003696.als","CORRECT",4,2,4,2,0,0,0
"alpha_binder_permutation/CORRECT/generated_cap003697.als","CORRECT",4,2,4,2,0,0,0
"alpha_binder_permutation/CORRECT/generated_cap003698.als","CORRECT",4,2,4,2,0,0,0
"alpha_binder_permutation/CORRECT/generated_cap003699.als","CORRECT",4,2,4,2,0,0,0
"alpha_binder_permutation/CORRECT/generated_cap003700.als","CORRECT",4,2,4,2,0,0,0
"alpha_binder_permutation/CORRECT/generated_cap003701.als","CORRECT",4,2,4,2,0,0,0
"alpha_binder_permutation/CORRECT/generated_cap003702.als","CORRECT",2,0,2,0,0,0,0
"alpha_binder_permutation/CORRECT/generated_cap003703.als","CORRECT",4,2,4,2,0,0,0
"alpha_binder_permutation/CORRECT/generated_cap003704.als","CORRECT",4,2,4,2,0,0,0
"alpha_binder_permutation/CORRECT/generated_cap003705.als","CORRECT",4,2,4,2,0,0,0
"alpha_binder_permutation/CORRECT/generated_cap003706.als","CORRECT",2,0,2,0,0,0,0
"alpha_binder_permutation/CORRECT/generated_cap003707.als","CORRECT",4,2,4,2,0,0,0
"alpha_binder_permutation/CORRECT/generated_cap003708.als","CORRECT",4,2,4,2,0,0,0
"alpha_binder_permutation/CORRECT/generated_cap003709.als","CORRECT",4,2,4,2,0,0,0
"alpha_binder_permutation/CORRECT/generated_cap003710.als","CORRECT",4,2,4,2,0,0,0
"alpha_binder_permutation/CORRECT/generated_cap003711.als","CORRECT",4,2,4,2,0,0,0
"alpha_binder_permutation/CORRECT/generated_cap003712.als","CORRECT",4,2,4,2,0,0,0
"alpha_binder_permutation/CORRECT/generated_cap003713.als","CORRECT",4,2,4,2,0,0,0
"alpha_binder_permutation/CORRECT/generated_cap003714.als","CORRECT",4,2,4,2,0,0,0
"alpha_binder_permutation/CORRECT/generated_cap003715.als","CORRECT",4,2,4,2,0,0,0
"alpha_binder_permutation/CORRECT/generated_cap003716.als","CORRECT",4,2,4,2,0,0,0
"alpha_binder_permutation/CORRECT/generated_cap003717.als","CORRECT",4,2,4,2,0,0,0
"alpha_binder_permutation/CORRECT/generated_cap003718.als","CORRECT",4,2,4,2,0,0,0
"alpha_binder_permutation/CORRECT/generated_cap003719.als","CORRECT",4,2,4,2,0,0,0
"alpha_binder_permutation/CORRECT/generated_cap003720.als","CORRECT",4,2,4,2,0,0,0
"alpha_binder_permutation/CORRECT/generated_cap003721.als","CORRECT",4,2,4,2,0,0,0
"alpha_binder_permutation/CORRECT/generated_cap003722.als","CORRECT",4,2,4,2,0,0,0
"alpha_binder_permutation/CORRECT/generated_cap003723.als","CORRECT",4,2,4,2,0,0,0
"alpha_binder_permutation/CORRECT/generated_cap003724.als","CORRECT",4,2,4,2,0,0,0
"alpha_binder_permutation/CORRECT/generated_cap003725.als","CORRECT",4,2,4,2,0,0,0
"alpha_binder_permutation/CORRECT/generated_cap003726.als","CORRECT",4,2,4,2,0,0,0
"alpha_binder_permutation/CORRECT/generated_cap003727.als","CORRECT",4,2,4,2,0,0,0
"alpha_binder_permutation/CORRECT/generated_cap003728.als","CORRECT",4,2,4,2,0,0,0
"alpha_binder_permutation/CORRECT/generated_cap003729.als","CORRECT",4,2,4,2,0,0,0
"alpha_binder_permutation/CORRECT/generated_cap003730.als","CORRECT",4,2,4,2,0,0,0
"alpha_binder_permutation/CORRECT/generated_cap003731.als","CORRECT",4,2,4,2,0,0,0
"alpha_binder_permutation/CORRECT/generated_cap003732.als","CORRECT",4,2,4,2,0,0,0
"alpha_binder_permutation/CORRECT/generated_cap003733.als","CORRECT",4,2,4,2,0,0,0
"alpha_binder_permutation/CORRECT/generated_cap003734.als","CORRECT",4,2,4,2,0,0,0
"alpha_binder_permutation/CORRECT/generated_cap003735.als","CORRECT",4,2,4,2,0,0,0
"alpha_binder_permutation/CORRECT/generated_cap003736.als","CORRECT",4,2,4,2,0,0,0
"alpha_binder_permutation/CORRECT/generated_cap003737.als","CORRECT",4,2,4,2,0,0,0
"alpha_binder_permutation/CORRECT/generated_cap003738.als","CORRECT",4,2,4,2,0,0,0
"alpha_binder_permutation/CORRECT/generated_cap003739.als","CORRECT",4,2,4,2,0,0,0
"alpha_binder_permutation/CORRECT/generated_cap003740.als","CORRECT",4,2,4,2,0,0,0
"alpha_binder_permutation/CORRECT/generated_cap003741.als","CORRECT",4,2,4,2,0,0,0
"alpha_binder_permutation/CORRECT/generated_cap003742.als","CORRECT",4,2,4,2,0,0,0
"alpha_binder_permutation/CORRECT/generated_cap003743.als","CORRECT",4,2,4,2,0,0,0
"alpha_binder_permutation/CORRECT/generated_cap003744.als","CORRECT",4,2,4,2,0,0,0
"alpha_binder_permutation/CORRECT/generated_cap003745.als","CORRECT",4,2,4,2,0,0,0
"alpha_binder_permutation/CORRECT/generated_cap003746.als","CORRECT",4,2,4,2,0,0,0
"alpha_binder_permutation/CORRECT/generated_cap003747.als","CORRECT",4,2,4,2,0,0,0
"alpha_binder_permutation/CORRECT/generated_cap003748.als","CORRECT",4,2,4,2,0,0,0
"alpha_binder_permutation/CORRECT/generated_cap003749.als","CORRECT",4,2,4,2,0,0,0
"alpha_binder_permutation/CORRECT/generated_cap003750.als","CORRECT",4,2,4,2,0,0,0
"alpha_binder_permutation/CORRECT/generated_cap003751.als","CORRECT",4,2,4,2,0,0,0
"alpha_binder_permutation/CORRECT/generated_cap003752.als","CORRECT",4,2,4,2,0,0,0
"alpha_binder_permutation/CORRECT/generated_cap003753.als","CORRECT",4,2,4,2,0,0,0
"alpha_binder_permutation/CORRECT/generated_cap003754.als","CORRECT",4,2,4,2,0,0,0
"alpha_binder_permutation/CORRECT/generated_cap003755.als","CORRECT",4,2,4,2,0,0,0
"alpha_binder_permutation/CORRECT/generated_cap003756.als","CORRECT",4,2,4,2,0,0,0
"alpha_binder_permutation/CORRECT/generated_cap003757.als","CORRECT",4,2,4,2,0,0,0
"alpha_binder_permutation/CORRECT/generated_cap003758.als","CORRECT",2,0,2,0,0,0,0
"alpha_binder_permutation/CORRECT/generated_cap003759.als","CORRECT",4,2,4,2,0,0,0
"alpha_binder_permutation/CORRECT/generated_cap003760.als","CORRECT",4,2,4,2,0,0,0
"alpha_binder_permutation/CORRECT/generated_cap003761.als","CORRECT",4,2,4,2,0,0,0
"alpha_binder_permutation/CORRECT/generated_cap003762.als","CORRECT",4,2,4,2,0,0,0
"alpha_binder_permutation/CORRECT/generated_cap003763.als","CORRECT",4,2,4,2,0,0,0
"alpha_binder_permutation/CORRECT/generated_cap003764.als","CORRECT",4,2,4,2,0,0,0
"alpha_binder_permutation/CORRECT/generated_cap003765.als","CORRECT",4,2,4,2,0,0,0
"alpha_binder_permutation/CORRECT/generated_cap003766.als","CORRECT",4,2,4,2,0,0,0
"alpha_binder_permutation/CORRECT/generated_cap003767.als","CORRECT",4,2,4,2,0,0,0
"alpha_binder_permutation/CORRECT/generated_cap003768.als","CORRECT",4,2,4,2,0,0,0
"alpha_binder_permutation/CORRECT/generated_cap003769.als","CORRECT",4,2,4,2,0,0,0
"alpha_binder_permutation/CORRECT/generated_cap003770.als","CORRECT",4,2,4,2,0,0,0
"alpha_binder_permutation/CORRECT/generated_cap003771.als","CORRECT",4,2,4,2,0,0,0
"alpha_binder_permutation/CORRECT/generated_cap003772.als","CORRECT",4,2,4,2,0,0,0
"alpha_binder_permutation/CORRECT/generated_cap003773.als","CORRECT",4,2,4,2,0,0,0
"alpha_binder_permutation/CORRECT/generated_cap003774.als","CORRECT",4,2,4,2,0,0,0
"alpha_binder_permutation/CORRECT/generated_cap003775.als","CORRECT",4,2,4,2,0,0,0
"alpha_binder_permutation/CORRECT/generated_cap003776.als","CORRECT",4,2,4,2,0,0,0
"alpha_binder_permutation/CORRECT/generated_cap003777.als","CORRECT",4,2,4,2,0,0,0
"alpha_binder_permutation/CORRECT/generated_cap003778.als","CORRECT",4,2,4,2,0,0,0
"alpha_binder_permutation/CORRECT/generated_cap003779.als","CORRECT",4,2,4,2,0,0,0
"alpha_binder_permutation/CORRECT/generated_cap003780.als","CORRECT",4,2,4,2,0,0,0
"alpha_binder_permutation/CORRECT/generated_cap003781.als","CORRECT",4,2,4,2,0,0,0
"alpha_binder_permutation/CORRECT/generated_cap003782.als","CORRECT",4,2,4,2,0,0,0
"alpha_binder_permutation/CORRECT/generated_cap003783.als","CORRECT",4,2,4,2,0,0,0
"alpha_binder_permutation/CORRECT/generated_cap003784.als","CORRECT",4,2,4,2,0,0,0
"alpha_binder_permutation/CORRECT/generated_cap003785.als","CORRECT",4,2,4,2,0,0,0
"alpha_binder_permutation/CORRECT/generated_cap003786.als","CORRECT",4,2,4,2,0,0,0
"alpha_binder_permutation/CORRECT/generated_cap003787.als","CORRECT",4,2,4,2,0,0,0
"alpha_binder_permutation/CORRECT/generated_cap003788.als","CORRECT",4,2,4,2,0,0,0
"alpha_binder_permutation/CORRECT/generated_cap003789.als","CORRECT",4,2,4,2,0,0,0
"alpha_binder_permutation/CORRECT/generated_cap003790.als","CORRECT",4,2,4,2,0,0,0
"alpha_binder_permutation/CORRECT/generated_cap003791.als","CORRECT",4,2,4,2,0,0,0
"alpha_binder_permutation/CORRECT/generated_cap003792.als","CORRECT",4,2,4,2,0,0,0
"alpha_binder_permutation/CORRECT/generated_cap003793.als","CORRECT",4,2,4,2,0,0,0
"alpha_binder_permutation/CORRECT/generated_cap003794.als","CORRECT",4,2,4,2,0,0,0
"alpha_binder_permutation/CORRECT/generated_cap003795.als","CORRECT",4,2,4,2,0,0,0
"alpha_binder_permutation/CORRECT/generated_cap003796.als","CORRECT",4,2,4,2,0,0,0
"alpha_binder_permutation/CORRECT/generated_cap003797.als","CORRECT",4,2,4,2,0,0,0
"alpha_binder_permutation/CORRECT/generated_cap003798.als","CORRECT",4,2,4,2,0,0,0
"alpha_binder_permutation/CORRECT/generated_cap003799.als","CORRECT",4,2,4,2,0,0,0
"alpha_binder_permutation/CORRECT/generated_cap003800.als","CORRECT",4,2,4,2,0,0,0
"alpha_binder_permutation/CORRECT/generated_cap003801.als","CORRECT",4,2,4,2,0,0,0
"alpha_binder_permutation/CORRECT/generated_cap003802.als","CORRECT",4,2,4,2,0,0,0
"alpha_binder_permutation/CORRECT/generated_cap003803.als","CORRECT",4,2,4,2,0,0,0
"alpha_binder_permutation/CORRECT/generated_cap003804.als","CORRECT",4,2,4,2,0,0,0
"alpha_binder_permutation/CORRECT/generated_cap003805.als","CORRECT",4,2,4,2,0,0,0
"alpha_binder_permutation/CORRECT/generated_cap003806.als","CORRECT",4,2,4,2,0,0,0
"alpha_binder_permutation/CORRECT/generated_cap003807.als","CORRECT",4,2,4,2,0,0,0
"alpha_binder_permutation/CORRECT/generated_cap003808.als","CORRECT",4,2,4,2,0,0,0
"alpha_binder_permutation/CORRECT/generated_cap003809.als","CORRECT",4,2,4,2,0,0,0
"alpha_binder_permutation/CORRECT/generated_cap003810.als","CORRECT",4,2,4,2,0,0,0
"alpha_binder_permutation/CORRECT/generated_cap003811.als","CORRECT",4,2,4,2,0,0,0
"alpha_binder_permutation/CORRECT/generated_cap003812.als","CORRECT",4,2,4,2,0,0,0
"alpha_binder_permutation/CORRECT/generated_cap003813.als","CORRECT",4,2,4,2,0,0,0
"alpha_binder_permutation/CORRECT/generated_cap003814.als","CORRECT",4,2,4,2,0,0,0
"alpha_binder_permutation/CORRECT/generated_cap003815.als","CORRECT",4,2,4,2,0,0,0
"alpha_binder_permutation/CORRECT/generated_cap003816.als","CORRECT",4,2,4,2,0,0,0
"alpha_binder_permutation/CORRECT/generated_cap003817.als","CORRECT",4,2,4,2,0,0,0
"alpha_binder_permutation/CORRECT/generated_cap003818.als","CORRECT",4,2,4,2,0,0,0
"alpha_binder_permutation/CORRECT/generated_cap003819.als","CORRECT",4,2,4,2,0,0,0
"alpha_binder_permutation/CORRECT/generated_cap003820.als","CORRECT",4,2,4,2,0,0,0
"alpha_binder_permutation/CORRECT/generated_cap003821.als","CORRECT",4,2,4,2,0,0,0
"alpha_binder_permutation/CORRECT/generated_cap003822.als","CORRECT",2,0,2,0,0,0,0
"alpha_binder_permutation/CORRECT/generated_cap003823.als","CORRECT",4,2,4,2,0,0,0
"alpha_binder_permutation/CORRECT/generated_cap003824.als","CORRECT",4,2,4,2,0,0,0
"alpha_binder_permutation/CORRECT/generated_cap003825.als","CORRECT",4,2,4,2,0,0,0
"alpha_binder_permutation/CORRECT/generated_cap003826.als","CORRECT",4,2,4,2,0,0,0
"alpha_binder_permutation/CORRECT/generated_cap003827.als","CORRECT",4,2,4,2,0,0,0
"alpha_binder_permutation/CORRECT/generated_cap003828.als","CORRECT",4,2,4,2,0,0,0
"alpha_binder_permutation/CORRECT/generated_cap003829.als","CORRECT",4,2,4,2,0,0,0
"alpha_binder_permutation/CORRECT/generated_cap003830.als","CORRECT",4,2,4,2,0,0,0
"alpha_binder_permutation/CORRECT/generated_cap003831.als","CORRECT",4,2,4,2,0,0,0
"alpha_binder_permutation/CORRECT/generated_cap003832.als","CORRECT",4,2,4,2,0,0,0
"alpha_binder_permutation/CORRECT/generated_cap003833.als","CORRECT",4,2,4,2,0,0,0
"alpha_binder_permutation/CORRECT/generated_cap003834.als","CORRECT",4,2,4,2,0,0,0
"alpha_binder_permutation/CORRECT/generated_cap003835.als","CORRECT",4,2,4,2,0,0,0
"alpha_binder_permutation/CORRECT/generated_cap003836.als","CORRECT",4,2,4,2,0,0,0
"alpha_binder_permutation/CORRECT/generated_cap003837.als","CORRECT",4,2,4,2,0,0,0
"alpha_binder_permutation/CORRECT/generated_cap003838.als","CORRECT",4,2,4,2,0,0,0
"alpha_binder_permutation/CORRECT/generated_cap003839.als","CORRECT",4,2,4,2,0,0,0
"alpha_binder_permutation/CORRECT/generated_cap003840.als","CORRECT",4,2,4,2,0,0,0
"alpha_binder_permutation/CORRECT/generated_cap003841.als","CORRECT",4,2,4,2,0,0,0
"alpha_binder_permutation/CORRECT/generated_cap003842.als","CORRECT",4,2,4,2,0,0,0
"alpha_binder_permutation/CORRECT/generated_cap003843.als","CORRECT",4,2,4,2,0,0,0
"alpha_binder_permutation/CORRECT/generated_cap003844.als","CORRECT",4,2,4,2,0,0,0
"alpha_binder_permutation/CORRECT/generated_cap003845.als","CORRECT",4,2,4,2,0,0,0
"alpha_binder_permutation/CORRECT/generated_cap003846.als","CORRECT",4,2,4,2,0,0,0
"alpha_binder_permutation/CORRECT/generated_cap003847.als","CORRECT",4,2,4,2,0,0,0
"alpha_binder_permutation/CORRECT/generated_cap003848.als","CORRECT",4,2,4,2,0,0,0
"alpha_binder_permutation/CORRECT/generated_cap003849.als","CORRECT",4,2,4,2,0,0,0
"alpha_binder_permutation/CORRECT/generated_cap003850.als","CORRECT",4,2,4,2,0,0,0
"alpha_binder_permutation/CORRECT/generated_cap003851.als","CORRECT",4,2,4,2,0,0,0
"alpha_binder_permutation/CORRECT/generated_cap003852.als","CORRECT",4,2,4,2,0,0,0
"alpha_binder_permutation/CORRECT/generated_cap003853.als","CORRECT",4,2,4,2,0,0,0
"alpha_binder_permutation/CORRECT/generated_cap003854.als","CORRECT",4,2,4,2,0,0,0
"alpha_binder_permutation/CORRECT/generated_cap003855.als","CORRECT",4,2,4,2,0,0,0
"alpha_binder_permutation/CORRECT/generated_cap003856.als","CORRECT",4,2,4,2,0,0,0
"alpha_binder_permutation/CORRECT/generated_cap003857.als","CORRECT",4,2,4,2,0,0,0
"alpha_binder_permutation/CORRECT/generated_cap003858.als","CORRECT",4,2,4,2,0,0,0
"alpha_binder_permutation/CORRECT/generated_cap003859.als","CORRECT",4,2,4,2,0,0,0
"alpha_binder_permutation/CORRECT/generated_cap003860.als","CORRECT",4,2,4,2,0,0,0
"alpha_binder_permutation/CORRECT/generated_cap003861.als","CORRECT",4,2,4,2,0,0,0
"alpha_binder_permutation/CORRECT/generated_cap003862.als","CORRECT",4,2,4,2,0,0,0
"alpha_binder_permutation/CORRECT/generated_cap003863.als","CORRECT",4,2,4,2,0,0,0
"alpha_binder_permutation/CORRECT/generated_cap003864.als","CORRECT",4,2,4,2,0,0,0
"alpha_binder_permutation/CORRECT/generated_cap003865.als","CORRECT",4,2,4,2,0,0,0
"alpha_binder_permutation/CORRECT/generated_cap003866.als","CORRECT",4,2,4,2,0,0,0
"alpha_binder_permutation/CORRECT/generated_cap003867.als","CORRECT",4,2,4,2,0,0,0
"alpha_binder_permutation/CORRECT/generated_cap003868.als","CORRECT",4,2,4,2,0,0,0
"alpha_binder_permutation/CORRECT/generated_cap003869.als","CORRECT",4,2,4,2,0,0,0
"alpha_binder_permutation/CORRECT/generated_cap003870.als","CORRECT",4,2,4,2,0,0,0
"alpha_binder_permutation/CORRECT/generated_cap003871.als","CORRECT",4,2,4,2,0,0,0
"alpha_binder_permutation/CORRECT/generated_cap003872.als","CORRECT",4,2,4,2,0,0,0
"alpha_binder_permutation/CORRECT/generated_cap003873.als","CORRECT",4,2,4,2,0,0,0
"alpha_binder_permutation/CORRECT/generated_cap003874.als","CORRECT",4,2,4,2,0,0,0
"alpha_binder_permutation/CORRECT/generated_cap003875.als","CORRECT",4,2,4,2,0,0,0
"alpha_binder_permutation/CORRECT/generated_cap003876.als","CORRECT",4,2,4,2,0,0,0
"alpha_binder_permutation/CORRECT/generated_cap003877.als","CORRECT",4,2,4,2,0,0,0
"alpha_binder_permutation/CORRECT/generated_cap003878.als","CORRECT",4,2,4,2,0,0,0
"alpha_binder_permutation/CORRECT/generated_cap003879.als","CORRECT",4,2,4,2,0,0,0
"alpha_binder_permutation/CORRECT/generated_cap003880.als","CORRECT",4,2,4,2,0,0,0
"alpha_binder_permutation/CORRECT/generated_cap003881.als","CORRECT",4,2,4,2,0,0,0
"alpha_binder_permutation/CORRECT/generated_cap003882.als","CORRECT",4,2,4,2,0,0,0
"alpha_binder_permutation/CORRECT/generated_cap003883.als","CORRECT",4,2,4,2,0,0,0
"alpha_binder_permutation/CORRECT/generated_cap003884.als","CORRECT",4,2,4,2,0,0,0
"alpha_binder_permutation/CORRECT/generated_cap003885.als","CORRECT",4,2,4,2,0,0,0
"alpha_binder_permutation/CORRECT/generated_cap003886.als","CORRECT",2,0,2,0,0,0,0
"alpha_binder_permutation/CORRECT/generated_cap003887.als","CORRECT",4,2,4,2,0,0,0
"alpha_binder_permutation/CORRECT/generated_cap003888.als","CORRECT",4,2,4,2,0,0,0
"alpha_binder_permutation/CORRECT/generated_cap003889.als","CORRECT",4,2,4,2,0,0,0
"alpha_binder_permutation/CORRECT/generated_cap003890.als","CORRECT",4,2,4,2,0,0,0
"alpha_binder_permutation/CORRECT/generated_cap003891.als","CORRECT",4,2,4,2,0,0,0
"alpha_binder_permutation/CORRECT/generated_cap003892.als","CORRECT",4,2,4,2,0,0,0
"alpha_binder_permutation/CORRECT/generated_cap003893.als","CORRECT",4,2,4,2,0,0,0
"alpha_binder_permutation/CORRECT/generated_cap003894.als","CORRECT",4,2,4,2,0,0,0
"alpha_binder_permutation/CORRECT/generated_cap003895.als","CORRECT",4,2,4,2,0,0,0
"alpha_binder_permutation/CORRECT/generated_cap003896.als","CORRECT",4,2,4,2,0,0,0
"alpha_binder_permutation/CORRECT/generated_cap003897.als","CORRECT",4,2,4,2,0,0,0
"alpha_binder_permutation/CORRECT/generated_cap003898.als","CORRECT",4,2,4,2,0,0,0
"alpha_binder_permutation/CORRECT/generated_cap003899.als","CORRECT",4,2,4,2,0,0,0
"alpha_binder_permutation/CORRECT/generated_cap003900.als","CORRECT",4,2,4,2,0,0,0
"alpha_binder_permutation/CORRECT/generated_cap003901.als","CORRECT",4,2,4,2,0,0,0
"alpha_binder_permutation/CORRECT/generated_cap003902.als","CORRECT",4,2,4,2,0,0,0
"alpha_binder_permutation/CORRECT/generated_cap003903.als","CORRECT",4,2,4,2,0,0,0
"alpha_binder_permutation/CORRECT/generated_cap003904.als","CORRECT",4,2,4,2,0,0,0
"alpha_binder_permutation/CORRECT/generated_cap003905.als","CORRECT",4,2,4,2,0,0,0
"alpha_binder_permutation/CORRECT/generated_cap003906.als","CORRECT",4,2,4,2,0,0,0
"alpha_binder_permutation/CORRECT/generated_cap003907.als","CORRECT",4,2,4,2,0,0,0
"alpha_binder_permutation/CORRECT/generated_cap003908.als","CORRECT",4,2,4,2,0,0,0
"alpha_binder_permutation/CORRECT/generated_cap003909.als","CORRECT",4,2,4,2,0,0,0
"alpha_binder_permutation/CORRECT/generated_cap003910.als","CORRECT",4,2,4,2,0,0,0
"alpha_binder_permutation/CORRECT/generated_cap003911.als","CORRECT",4,2,4,2,0,0,0
"alpha_binder_permutation/CORRECT/generated_cap003912.als","CORRECT",4,2,4,2,0,0,0
"alpha_binder_permutation/CORRECT/generated_cap003913.als","CORRECT",4,2,4,2,0,0,0
"alpha_binder_permutation/CORRECT/generated_cap003914.als","CORRECT",4,2,4,2,0,0,0
"alpha_binder_permutation/CORRECT/generated_cap003915.als","CORRECT",4,2,4,2,0,0,0
"alpha_binder_permutation/CORRECT/generated_cap003916.als","CORRECT",4,2,4,2,0,0,0
"alpha_binder_permutation/CORRECT/generated_cap003917.als","CORRECT",4,2,4,2,0,0,0
"alpha_binder_permutation/CORRECT/generated_cap003918.als","CORRECT",4,2,4,2,0,0,0
"alpha_binder_permutation/CORRECT/generated_cap003919.als","CORRECT",4,2,4,2,0,0,0
"alpha_binder_permutation/CORRECT/generated_cap003920.als","CORRECT",4,2,4,2,0,0,0
"alpha_binder_permutation/CORRECT/generated_cap003921.als","CORRECT",4,2,4,2,0,0,0
"alpha_binder_permutation/CORRECT/generated_cap003922.als","CORRECT",4,2,4,2,0,0,0
"alpha_binder_permutation/CORRECT/generated_cap003923.als","CORRECT",4,2,4,2,0,0,0
"alpha_binder_permutation/CORRECT/generated_cap003924.als","CORRECT",4,2,4,2,0,0,0
"alpha_binder_permutation/CORRECT/generated_cap003925.als","CORRECT",4,2,4,2,0,0,0
"alpha_binder_permutation/CORRECT/generated_cap003926.als","CORRECT",4,2,4,2,0,0,0
"alpha_binder_permutation/CORRECT/generated_cap003927.als","CORRECT",4,2,4,2,0,0,0
"alpha_binder_permutation/CORRECT/generated_cap003928.als","CORRECT",4,2,4,2,0,0,0
"alpha_binder_permutation/CORRECT/generated_cap003929.als","CORRECT",4,2,4,2,0,0,0
"alpha_binder_permutation/CORRECT/generated_cap003930.als","CORRECT",4,2,4,2,0,0,0
"alpha_binder_permutation/CORRECT/generated_cap003931.als","CORRECT",4,2,4,2,0,0,0
"alpha_binder_permutation/CORRECT/generated_cap003932.als","CORRECT",4,2,4,2,0,0,0
"alpha_binder_permutation/CORRECT/generated_cap003933.als","CORRECT",4,2,4,2,0,0,0
"alpha_binder_permutation/CORRECT/generated_cap003934.als","CORRECT",4,2,4,2,0,0,0
"alpha_binder_permutation/CORRECT/generated_cap003935.als","CORRECT",4,2,4,2,0,0,0
"alpha_binder_permutation/CORRECT/generated_cap003936.als","CORRECT",4,2,4,2,0,0,0
"alpha_binder_permutation/CORRECT/generated_cap003937.als","CORRECT",4,2,4,2,0,0,0
"alpha_binder_permutation/CORRECT/generated_cap003938.als","CORRECT",4,2,4,2,0,0,0
"alpha_binder_permutation/CORRECT/generated_cap003939.als","CORRECT",4,2,4,2,0,0,0
"alpha_binder_permutation/CORRECT/generated_cap003940.als","CORRECT",4,2,4,2,0,0,0
"alpha_binder_permutation/CORRECT/generated_cap003941.als","CORRECT",4,2,4,2,0,0,0
"alpha_binder_permutation/CORRECT/generated_cap003942.als","CORRECT",4,2,4,2,0,0,0
"alpha_binder_permutation/CORRECT/generated_cap003943.als","CORRECT",4,2,4,2,0,0,0
"alpha_binder_permutation/CORRECT/generated_cap003944.als","CORRECT",4,2,4,2,0,0,0
"alpha_binder_permutation/CORRECT/generated_cap003945.als","CORRECT",4,2,4,2,0,0,0
"alpha_binder_permutation/CORRECT/generated_cap003946.als","CORRECT",4,2,4,2,0,0,0
"alpha_binder_permutation/CORRECT/generated_cap003947.als","CORRECT",4,2,4,2,0,0,0
"alpha_binder_permutation/CORRECT/generated_cap003948.als","CORRECT",4,2,4,2,0,0,0
"alpha_binder_permutation/CORRECT/generated_cap003949.als","CORRECT",4,2,4,2,0,0,0
"alpha_binder_permutation/CORRECT/generated_cap003950.als","CORRECT",2,0,2,0,0,0,0
"alpha_binder_permutation/CORRECT/generated_cap003951.als","CORRECT",4,2,4,2,0,0,0
"alpha_binder_permutation/CORRECT/generated_cap003952.als","CORRECT",4,2,4,2,0,0,0
"alpha_binder_permutation/CORRECT/generated_cap003953.als","CORRECT",4,2,4,2,0,0,0
"alpha_binder_permutation/CORRECT/generated_cap003954.als","CORRECT",4,2,4,2,0,0,0
"alpha_binder_permutation/CORRECT/generated_cap003955.als","CORRECT",4,2,4,2,0,0,0
"alpha_binder_permutation/CORRECT/generated_cap003956.als","CORRECT",4,2,4,2,0,0,0
"alpha_binder_permutation/CORRECT/generated_cap003957.als","CORRECT",4,2,4,2,0,0,0
"alpha_binder_permutation/CORRECT/generated_cap003958.als","CORRECT",4,2,4,2,0,0,0
"alpha_binder_permutation/CORRECT/generated_cap003959.als","CORRECT",4,2,4,2,0,0,0
"alpha_binder_permutation/CORRECT/generated_cap003960.als","CORRECT",4,2,4,2,0,0,0
"alpha_binder_permutation/CORRECT/generated_cap003961.als","CORRECT",4,2,4,2,0,0,0
"alpha_binder_permutation/CORRECT/generated_cap003962.als","CORRECT",4,2,4,2,0,0,0
"alpha_binder_permutation/CORRECT/generated_cap003963.als","CORRECT",4,2,4,2,0,0,0
"alpha_binder_permutation/CORRECT/generated_cap003964.als","CORRECT",4,2,4,2,0,0,0
"alpha_binder_permutation/CORRECT/generated_cap003965.als","CORRECT",4,2,4,2,0,0,0
"alpha_binder_permutation/CORRECT/generated_cap003966.als","CORRECT",4,2,4,2,0,0,0
"alpha_binder_permutation/CORRECT/generated_cap003967.als","CORRECT",4,2,4,2,0,0,0
"alpha_binder_permutation/CORRECT/generated_cap003968.als","CORRECT",4,2,4,2,0,0,0
"alpha_binder_permutation/CORRECT/generated_cap003969.als","CORRECT",4,2,4,2,0,0,0
"alpha_binder_permutation/CORRECT/generated_cap003970.als","CORRECT",4,2,4,2,0,0,0
"alpha_binder_permutation/CORRECT/generated_cap003971.als","CORRECT",4,2,4,2,0,0,0
"alpha_binder_permutation/CORRECT/generated_cap003972.als","CORRECT",4,2,4,2,0,0,0
"alpha_binder_permutation/CORRECT/generated_cap003973.als","CORRECT",4,2,4,2,0,0,0
"alpha_binder_permutation/CORRECT/generated_cap003974.als","CORRECT",4,2,4,2,0,0,0
"alpha_binder_permutation/CORRECT/generated_cap003975.als","CORRECT",4,2,4,2,0,0,0
"alpha_binder_permutation/CORRECT/generated_cap003976.als","CORRECT",4,2,4,2,0,0,0
"alpha_binder_permutation/CORRECT/generated_cap003977.als","CORRECT",4,2,4,2,0,0,0
"alpha_binder_permutation/CORRECT/generated_cap003978.als","CORRECT",4,2,4,2,0,0,0
"alpha_binder_permutation/CORRECT/generated_cap003979.als","CORRECT",4,2,4,2,0,0,0
"alpha_binder_permutation/CORRECT/generated_cap003980.als","CORRECT",4,2,4,2,0,0,0
"alpha_binder_permutation/CORRECT/generated_cap003981.als","CORRECT",4,2,4,2,0,0,0
"alpha_binder_permutation/CORRECT/generated_cap003982.als","CORRECT",4,2,4,2,0,0,0
"alpha_binder_permutation/CORRECT/generated_cap003983.als","CORRECT",4,2,4,2,0,0,0
"alpha_binder_permutation/CORRECT/generated_cap003984.als","CORRECT",4,2,4,2,0,0,0
"alpha_binder_permutation/CORRECT/generated_cap003985.als","CORRECT",4,2,4,2,0,0,0
"alpha_binder_permutation/CORRECT/generated_cap003986.als","CORRECT",4,2,4,2,0,0,0
"alpha_binder_permutation/CORRECT/generated_cap003987.als","CORRECT",4,2,4,2,0,0,0
"alpha_binder_permutation/CORRECT/generated_cap003988.als","CORRECT",4,2,4,2,0,0,0
"alpha_binder_permutation/CORRECT/generated_cap003989.als","CORRECT",4,2,4,2,0,0,0
"alpha_binder_permutation/CORRECT/generated_cap003990.als","CORRECT",4,2,4,2,0,0,0
"alpha_binder_permutation/CORRECT/generated_cap003991.als","CORRECT",4,2,4,2,0,0,0
"alpha_binder_permutation/CORRECT/generated_cap003992.als","CORRECT",4,2,4,2,0,0,0
"alpha_binder_permutation/CORRECT/generated_cap003993.als","CORRECT",4,2,4,2,0,0,0
"alpha_binder_permutation/CORRECT/generated_cap003994.als","CORRECT",4,2,4,2,0,0,0
"alpha_binder_permutation/CORRECT/generated_cap003995.als","CORRECT",4,2,4,2,0,0,0
"alpha_binder_permutation/CORRECT/generated_cap003996.als","CORRECT",4,2,4,2,0,0,0
"alpha_binder_permutation/CORRECT/generated_cap003997.als","CORRECT",4,2,4,2,0,0,0
"alpha_binder_permutation/CORRECT/generated_cap003998.als","CORRECT",4,2,4,2,0,0,0
"alpha_binder_permutation/CORRECT/generated_cap003999.als","CORRECT",4,2,4,2,0,0,0
"binder_permutation/CORRECT/generated_cap001000.als","CORRECT",4,2,4,2,0,0,0
"binder_permutation/CORRECT/generated_cap001001.als","CORRECT",7,2,7,2,0,0,0
"binder_permutation/CORRECT/generated_cap001002.als","CORRECT",2,0,2,0,0,0,0
"binder_permutation/CORRECT/generated_cap001003.als","CORRECT",7,2,7,2,0,0,0
"binder_permutation/CORRECT/generated_cap001004.als","CORRECT",4,2,4,2,0,0,0
"binder_permutation/CORRECT/generated_cap001005.als","CORRECT",7,2,7,2,0,0,0
"binder_permutation/CORRECT/generated_cap001006.als","CORRECT",4,2,4,2,0,0,0
"binder_permutation/CORRECT/generated_cap001007.als","CORRECT",7,2,7,2,0,0,0
"binder_permutation/CORRECT/generated_cap001008.als","CORRECT",4,2,4,2,0,0,0
"binder_permutation/CORRECT/generated_cap001009.als","CORRECT",7,2,7,2,0,0,0
"binder_permutation/CORRECT/generated_cap001010.als","CORRECT",2,0,2,0,0,0,0
"binder_permutation/CORRECT/generated_cap001011.als","CORRECT",7,2,7,2,0,0,0
"binder_permutation/CORRECT/generated_cap001012.als","CORRECT",4,2,4,2,0,0,0
"binder_permutation/CORRECT/generated_cap001013.als","CORRECT",7,2,7,2,0,0,0
"binder_permutation/CORRECT/generated_cap001014.als","CORRECT",4,2,4,2,0,0,0
"binder_permutation/CORRECT/generated_cap001015.als","CORRECT",7,2,7,2,0,0,0
"binder_permutation/CORRECT/generated_cap001016.als","CORRECT",4,2,4,2,0,0,0
"binder_permutation/CORRECT/generated_cap001017.als","CORRECT",7,2,7,2,0,0,0
"binder_permutation/CORRECT/generated_cap001018.als","CORRECT",2,0,2,0,0,0,0
"binder_permutation/CORRECT/generated_cap001019.als","CORRECT",7,2,7,2,0,0,0
"binder_permutation/CORRECT/generated_cap001020.als","CORRECT",4,2,4,2,0,0,0
"binder_permutation/CORRECT/generated_cap001021.als","CORRECT",7,2,7,2,0,0,0
"binder_permutation/CORRECT/generated_cap001022.als","CORRECT",2,0,2,0,0,0,0
"binder_permutation/CORRECT/generated_cap001023.als","CORRECT",7,2,7,2,0,0,0
"binder_permutation/CORRECT/generated_cap001024.als","CORRECT",4,2,4,2,0,0,0
"binder_permutation/CORRECT/generated_cap001025.als","CORRECT",7,2,7,2,0,0,0
"binder_permutation/CORRECT/generated_cap001026.als","CORRECT",2,0,2,0,0,0,0
"binder_permutation/CORRECT/generated_cap001027.als","CORRECT",7,2,7,2,0,0,0
"binder_permutation/CORRECT/generated_cap001028.als","CORRECT",4,2,4,2,0,0,0
"binder_permutation/CORRECT/generated_cap001029.als","CORRECT",7,2,7,2,0,0,0
"binder_permutation/CORRECT/generated_cap001030.als","CORRECT",4,2,4,2,0,0,0
"binder_permutation/CORRECT/generated_cap001031.als","CORRECT",7,2,7,2,0,0,0
"binder_permutation/CORRECT/generated_cap001032.als","CORRECT",4,2,4,2,0,0,0
"binder_permutation/CORRECT/generated_cap001033.als","CORRECT",7,2,7,2,0,0,0
"binder_permutation/CORRECT/generated_cap001034.als","CORRECT",2,0,2,0,0,0,0
"binder_permutation/CORRECT/generated_cap001035.als","CORRECT",7,2,7,2,0,0,0
"binder_permutation/CORRECT/generated_cap001036.als","CORRECT",4,2,4,2,0,0,0
"binder_permutation/CORRECT/generated_cap001037.als","CORRECT",7,2,7,2,0,0,0
"binder_permutation/CORRECT/generated_cap001038.als","CORRECT",4,2,4,2,0,0,0
"binder_permutation/CORRECT/generated_cap001039.als","CORRECT",7,2,7,2,0,0,0
"binder_permutation/CORRECT/generated_cap001040.als","CORRECT",4,2,4,2,0,0,0
"binder_permutation/CORRECT/generated_cap001041.als","CORRECT",7,2,7,2,0,0,0
"binder_permutation/CORRECT/generated_cap001042.als","CORRECT",2,0,2,0,0,0,0
"binder_permutation/CORRECT/generated_cap001043.als","CORRECT",7,2,7,2,0,0,0
"binder_permutation/CORRECT/generated_cap001044.als","CORRECT",4,2,4,2,0,0,0
"binder_permutation/CORRECT/generated_cap001045.als","CORRECT",7,2,7,2,0,0,0
"binder_permutation/CORRECT/generated_cap001046.als","CORRECT",4,2,4,2,0,0,0
"binder_permutation/CORRECT/generated_cap001047.als","CORRECT",7,2,7,2,0,0,0
"binder_permutation/CORRECT/generated_cap001048.als","CORRECT",4,2,4,2,0,0,0
"binder_permutation/CORRECT/generated_cap001049.als","CORRECT",7,2,7,2,0,0,0
"binder_permutation/CORRECT/generated_cap001050.als","CORRECT",2,0,2,0,0,0,0
"binder_permutation/CORRECT/generated_cap001051.als","CORRECT",7,2,7,2,0,0,0
"binder_permutation/CORRECT/generated_cap001052.als","CORRECT",4,2,4,2,0,0,0
"binder_permutation/CORRECT/generated_cap001053.als","CORRECT",7,2,7,2,0,0,0
"binder_permutation/CORRECT/generated_cap001054.als","CORRECT",4,2,4,2,0,0,0
"binder_permutation/CORRECT/generated_cap001055.als","CORRECT",7,2,7,2,0,0,0
"binder_permutation/CORRECT/generated_cap001056.als","CORRECT",4,2,4,2,0,0,0
"binder_permutation/CORRECT/generated_cap001057.als","CORRECT",7,2,7,2,0,0,0
"binder_permutation/CORRECT/generated_cap001058.als","CORRECT",2,0,2,0,0,0,0
"binder_permutation/CORRECT/generated_cap001059.als","CORRECT",7,2,7,2,0,0,0
"binder_permutation/CORRECT/generated_cap001060.als","CORRECT",4,2,4,2,0,0,0
"binder_permutation/CORRECT/generated_cap001061.als","CORRECT",7,2,7,2,0,0,0
"binder_permutation/CORRECT/generated_cap001062.als","CORRECT",4,2,4,2,0,0,0
"binder_permutation/CORRECT/generated_cap001063.als","CORRECT",7,2,7,2,0,0,0
"binder_permutation/CORRECT/generated_cap001064.als","CORRECT",4,2,4,2,0,0,0
"binder_permutation/CORRECT/generated_cap001065.als","CORRECT",7,2,7,2,0,0,0
"binder_permutation/CORRECT/generated_cap001066.als","CORRECT",2,0,2,0,0,0,0
"binder_permutation/CORRECT/generated_cap001067.als","CORRECT",7,2,7,2,0,0,0
"binder_permutation/CORRECT/generated_cap001068.als","CORRECT",4,2,4,2,0,0,0
"binder_permutation/CORRECT/generated_cap001069.als","CORRECT",7,2,7,2,0,0,0
"binder_permutation/CORRECT/generated_cap001070.als","CORRECT",4,2,4,2,0,0,0
"binder_permutation/CORRECT/generated_cap001071.als","CORRECT",7,2,7,2,0,0,0
"binder_permutation/CORRECT/generated_cap001072.als","CORRECT",4,2,4,2,0,0,0
"binder_permutation/CORRECT/generated_cap001073.als","CORRECT",7,2,7,2,0,0,0
"binder_permutation/CORRECT/generated_cap001074.als","CORRECT",4,2,4,2,0,0,0
"binder_permutation/CORRECT/generated_cap001075.als","CORRECT",7,2,7,2,0,0,0
"binder_permutation/CORRECT/generated_cap001076.als","CORRECT",4,2,4,2,0,0,0
"binder_permutation/CORRECT/generated_cap001077.als","CORRECT",7,2,7,2,0,0,0
"binder_permutation/CORRECT/generated_cap001078.als","CORRECT",4,2,4,2,0,0,0
"binder_permutation/CORRECT/generated_cap001079.als","CORRECT",7,2,7,2,0,0,0
"binder_permutation/CORRECT/generated_cap001080.als","CORRECT",4,2,4,2,0,0,0
"binder_permutation/CORRECT/generated_cap001081.als","CORRECT",7,2,7,2,0,0,0
"binder_permutation/CORRECT/generated_cap001082.als","CORRECT",4,2,4,2,0,0,0
"binder_permutation/CORRECT/generated_cap001083.als","CORRECT",7,2,7,2,0,0,0
"binder_permutation/CORRECT/generated_cap001084.als","CORRECT",4,2,4,2,0,0,0
"binder_permutation/CORRECT/generated_cap001085.als","CORRECT",7,2,7,2,0,0,0
"binder_permutation/CORRECT/generated_cap001086.als","CORRECT",4,2,4,2,0,0,0
"binder_permutation/CORRECT/generated_cap001087.als","CORRECT",7,2,7,2,0,0,0
"binder_permutation/CORRECT/generated_cap001088.als","CORRECT",4,2,4,2,0,0,0
"binder_permutation/CORRECT/generated_cap001089.als","CORRECT",7,2,7,2,0,0,0
"binder_permutation/CORRECT/generated_cap001090.als","CORRECT",2,0,2,0,0,0,0
"binder_permutation/CORRECT/generated_cap001091.als","CORRECT",0,0,0,0,0,0,0
"binder_permutation/CORRECT/generated_cap001092.als","CORRECT",4,2,4,2,0,0,0
"binder_permutation/CORRECT/generated_cap001093.als","CORRECT",7,2,7,2,0,0,0
"binder_permutation/CORRECT/generated_cap001094.als","CORRECT",2,0,2,0,0,0,0
"binder_permutation/CORRECT/generated_cap001095.als","CORRECT",7,2,7,2,0,0,0
"binder_permutation/CORRECT/generated_cap001096.als","CORRECT",4,2,4,2,0,0,0
"binder_permutation/CORRECT/generated_cap001097.als","CORRECT",7,2,7,2,0,0,0
"binder_permutation/CORRECT/generated_cap001098.als","CORRECT",4,2,4,2,0,0,0
"binder_permutation/CORRECT/generated_cap001099.als","CORRECT",7,2,7,2,0,0,0
"binder_permutation/CORRECT/generated_cap001100.als","CORRECT",4,2,4,2,0,0,0
"binder_permutation/CORRECT/generated_cap001101.als","CORRECT",7,2,7,2,0,0,0
"binder_permutation/CORRECT/generated_cap001102.als","CORRECT",4,2,4,2,0,0,0
"binder_permutation/CORRECT/generated_cap001103.als","CORRECT",7,2,7,2,0,0,0
"binder_permutation/CORRECT/generated_cap001104.als","CORRECT",4,2,4,2,0,0,0
"binder_permutation/CORRECT/generated_cap001105.als","CORRECT",7,2,7,2,0,0,0
"binder_permutation/CORRECT/generated_cap001106.als","CORRECT",4,2,4,2,0,0,0
"binder_permutation/CORRECT/generated_cap001107.als","CORRECT",7,2,7,2,0,0,0
"binder_permutation/CORRECT/generated_cap001108.als","CORRECT",4,2,4,2,0,0,0
"binder_permutation/CORRECT/generated_cap001109.als","CORRECT",7,2,7,2,0,0,0
"binder_permutation/CORRECT/generated_cap001110.als","CORRECT",4,2,4,2,0,0,0
"binder_permutation/CORRECT/generated_cap001111.als","CORRECT",7,2,7,2,0,0,0
"binder_permutation/CORRECT/generated_cap001112.als","CORRECT",4,2,4,2,0,0,0
"binder_permutation/CORRECT/generated_cap001113.als","CORRECT",7,2,7,2,0,0,0
"binder_permutation/CORRECT/generated_cap001114.als","CORRECT",4,2,4,2,0,0,0
"binder_permutation/CORRECT/generated_cap001115.als","CORRECT",7,2,7,2,0,0,0
"binder_permutation/CORRECT/generated_cap001116.als","CORRECT",4,2,4,2,0,0,0
"binder_permutation/CORRECT/generated_cap001117.als","CORRECT",7,2,7,2,0,0,0
"binder_permutation/CORRECT/generated_cap001118.als","CORRECT",4,2,4,2,0,0,0
"binder_permutation/CORRECT/generated_cap001119.als","CORRECT",7,2,7,2,0,0,0
"binder_permutation/CORRECT/generated_cap001120.als","CORRECT",4,2,4,2,0,0,0
"binder_permutation/CORRECT/generated_cap001121.als","CORRECT",7,2,7,2,0,0,0
"binder_permutation/CORRECT/generated_cap001122.als","CORRECT",4,2,4,2,0,0,0
"binder_permutation/CORRECT/generated_cap001123.als","CORRECT",7,2,7,2,0,0,0
"binder_permutation/CORRECT/generated_cap001124.als","CORRECT",4,2,4,2,0,0,0
"binder_permutation/CORRECT/generated_cap001125.als","CORRECT",7,2,7,2,0,0,0
"binder_permutation/CORRECT/generated_cap001126.als","CORRECT",4,2,4,2,0,0,0
"binder_permutation/CORRECT/generated_cap001127.als","CORRECT",7,2,7,2,0,0,0
"binder_permutation/CORRECT/generated_cap001128.als","CORRECT",4,2,4,2,0,0,0
"binder_permutation/CORRECT/generated_cap001129.als","CORRECT",7,2,7,2,0,0,0
"binder_permutation/CORRECT/generated_cap001130.als","CORRECT",2,0,2,0,0,0,0
"binder_permutation/CORRECT/generated_cap001131.als","CORRECT",7,2,7,2,0,0,0
"binder_permutation/CORRECT/generated_cap001132.als","CORRECT",4,2,4,2,0,0,0
"binder_permutation/CORRECT/generated_cap001133.als","CORRECT",7,2,7,2,0,0,0
"binder_permutation/CORRECT/generated_cap001134.als","CORRECT",2,0,2,0,0,0,0
"binder_permutation/CORRECT/generated_cap001135.als","CORRECT",7,2,7,2,0,0,0
"binder_permutation/CORRECT/generated_cap001136.als","CORRECT",4,2,4,2,0,0,0
"binder_permutation/CORRECT/generated_cap001137.als","CORRECT",7,2,7,2,0,0,0
"binder_permutation/CORRECT/generated_cap001138.als","CORRECT",4,2,4,2,0,0,0
"binder_permutation/CORRECT/generated_cap001139.als","CORRECT",7,2,7,2,0,0,0
"binder_permutation/CORRECT/generated_cap001140.als","CORRECT",4,2,4,2,0,0,0
"binder_permutation/CORRECT/generated_cap001141.als","CORRECT",7,2,7,2,0,0,0
"binder_permutation/CORRECT/generated_cap001142.als","CORRECT",4,2,4,2,0,0,0
"binder_permutation/CORRECT/generated_cap001143.als","CORRECT",7,2,7,2,0,0,0
"binder_permutation/CORRECT/generated_cap001144.als","CORRECT",4,2,4,2,0,0,0
"binder_permutation/CORRECT/generated_cap001145.als","CORRECT",7,2,7,2,0,0,0
"binder_permutation/CORRECT/generated_cap001146.als","CORRECT",4,2,4,2,0,0,0
"binder_permutation/CORRECT/generated_cap001147.als","CORRECT",7,2,7,2,0,0,0
"binder_permutation/CORRECT/generated_cap001148.als","CORRECT",4,2,4,2,0,0,0
"binder_permutation/CORRECT/generated_cap001149.als","CORRECT",7,2,7,2,0,0,0
"binder_permutation/CORRECT/generated_cap001150.als","CORRECT",4,2,4,2,0,0,0
"binder_permutation/CORRECT/generated_cap001151.als","CORRECT",7,2,7,2,0,0,0
"binder_permutation/CORRECT/generated_cap001152.als","CORRECT",4,2,4,2,0,0,0
"binder_permutation/CORRECT/generated_cap001153.als","CORRECT",7,2,7,2,0,0,0
"binder_permutation/CORRECT/generated_cap001154.als","CORRECT",4,2,4,2,0,0,0
"binder_permutation/CORRECT/generated_cap001155.als","CORRECT",7,2,7,2,0,0,0
"binder_permutation/CORRECT/generated_cap001156.als","CORRECT",4,2,4,2,0,0,0
"binder_permutation/CORRECT/generated_cap001157.als","CORRECT",7,2,7,2,0,0,0
"binder_permutation/CORRECT/generated_cap001158.als","CORRECT",4,2,4,2,0,0,0
"binder_permutation/CORRECT/generated_cap001159.als","CORRECT",7,2,7,2,0,0,0
"binder_permutation/CORRECT/generated_cap001160.als","CORRECT",4,2,4,2,0,0,0
"binder_permutation/CORRECT/generated_cap001161.als","CORRECT",7,2,7,2,0,0,0
"binder_permutation/CORRECT/generated_cap001162.als","CORRECT",4,2,4,2,0,0,0
"binder_permutation/CORRECT/generated_cap001163.als","CORRECT",7,2,7,2,0,0,0
"binder_permutation/CORRECT/generated_cap001164.als","CORRECT",4,2,4,2,0,0,0
"binder_permutation/CORRECT/generated_cap001165.als","CORRECT",7,2,7,2,0,0,0
"binder_permutation/CORRECT/generated_cap001166.als","CORRECT",4,2,4,2,0,0,0
"binder_permutation/CORRECT/generated_cap001167.als","CORRECT",7,2,7,2,0,0,0
"binder_permutation/CORRECT/generated_cap001168.als","CORRECT",4,2,4,2,0,0,0
"binder_permutation/CORRECT/generated_cap001169.als","CORRECT",7,2,7,2,0,0,0
"binder_permutation/CORRECT/generated_cap001170.als","CORRECT",4,2,4,2,0,0,0
"binder_permutation/CORRECT/generated_cap001171.als","CORRECT",7,2,7,2,0,0,0
"binder_permutation/CORRECT/generated_cap001172.als","CORRECT",4,2,4,2,0,0,0
"binder_permutation/CORRECT/generated_cap001173.als","CORRECT",7,2,7,2,0,0,0
"binder_permutation/CORRECT/generated_cap001174.als","CORRECT",4,2,4,2,0,0,0
"binder_permutation/CORRECT/generated_cap001175.als","CORRECT",7,2,7,2,0,0,0
"binder_permutation/CORRECT/generated_cap001176.als","CORRECT",4,2,4,2,0,0,0
"binder_permutation/CORRECT/generated_cap001177.als","CORRECT",7,2,7,2,0,0,0
"binder_permutation/CORRECT/generated_cap001178.als","CORRECT",4,2,4,2,0,0,0
"binder_permutation/CORRECT/generated_cap001179.als","CORRECT",7,2,7,2,0,0,0
"binder_permutation/CORRECT/generated_cap001180.als","CORRECT",4,2,4,2,0,0,0
"binder_permutation/CORRECT/generated_cap001181.als","CORRECT",7,2,7,2,0,0,0
"binder_permutation/CORRECT/generated_cap001182.als","CORRECT",4,2,4,2,0,0,0
"binder_permutation/CORRECT/generated_cap001183.als","CORRECT",7,2,7,2,0,0,0
"binder_permutation/CORRECT/generated_cap001184.als","CORRECT",4,2,4,2,0,0,0
"binder_permutation/CORRECT/generated_cap001185.als","CORRECT",7,2,7,2,0,0,0
"binder_permutation/CORRECT/generated_cap001186.als","CORRECT",4,2,4,2,0,0,0
"binder_permutation/CORRECT/generated_cap001187.als","CORRECT",7,2,7,2,0,0,0
"binder_permutation/CORRECT/generated_cap001188.als","CORRECT",4,2,4,2,0,0,0
"binder_permutation/CORRECT/generated_cap001189.als","CORRECT",7,2,7,2,0,0,0
"binder_permutation/CORRECT/generated_cap001190.als","CORRECT",4,2,4,2,0,0,0
"binder_permutation/CORRECT/generated_cap001191.als","CORRECT",7,2,7,2,0,0,0
"binder_permutation/CORRECT/generated_cap001192.als","CORRECT",4,2,4,2,0,0,0
"binder_permutation/CORRECT/generated_cap001193.als","CORRECT",7,2,7,2,0,0,0
"binder_permutation/CORRECT/generated_cap001194.als","CORRECT",2,0,2,0,0,0,0
"binder_permutation/CORRECT/generated_cap001195.als","CORRECT",7,2,7,2,0,0,0
"binder_permutation/CORRECT/generated_cap001196.als","CORRECT",4,2,4,2,0,0,0
"binder_permutation/CORRECT/generated_cap001197.als","CORRECT",7,2,7,2,0,0,0
"binder_permutation/CORRECT/generated_cap001198.als","CORRECT",4,2,4,2,0,0,0
"binder_permutation/CORRECT/generated_cap001199.als","CORRECT",7,2,7,2,0,0,0
"binder_permutation/CORRECT/generated_cap001200.als","CORRECT",4,2,4,2,0,0,0
"binder_permutation/CORRECT/generated_cap001201.als","CORRECT",7,2,7,2,0,0,0
"binder_permutation/CORRECT/generated_cap001202.als","CORRECT",2,0,2,0,0,0,0
"binder_permutation/CORRECT/generated_cap001203.als","CORRECT",7,2,7,2,0,0,0
"binder_permutation/CORRECT/generated_cap001204.als","CORRECT",4,2,4,2,0,0,0
"binder_permutation/CORRECT/generated_cap001205.als","CORRECT",7,2,7,2,0,0,0
"binder_permutation/CORRECT/generated_cap001206.als","CORRECT",2,0,2,0,0,0,0
"binder_permutation/CORRECT/generated_cap001207.als","CORRECT",7,2,7,2,0,0,0
"binder_permutation/CORRECT/generated_cap001208.als","CORRECT",4,2,4,2,0,0,0
"binder_permutation/CORRECT/generated_cap001209.als","CORRECT",7,2,7,2,0,0,0
"binder_permutation/CORRECT/generated_cap001210.als","CORRECT",4,2,4,2,0,0,0
"binder_permutation/CORRECT/generated_cap001211.als","CORRECT",7,2,7,2,0,0,0
"binder_permutation/CORRECT/generated_cap001212.als","CORRECT",4,2,4,2,0,0,0
"binder_permutation/CORRECT/generated_cap001213.als","CORRECT",7,2,7,2,0,0,0
"binder_permutation/CORRECT/generated_cap001214.als","CORRECT",4,2,4,2,0,0,0
"binder_permutation/CORRECT/generated_cap001215.als","CORRECT",7,2,7,2,0,0,0
"binder_permutation/CORRECT/generated_cap001216.als","CORRECT",4,2,4,2,0,0,0
"binder_permutation/CORRECT/generated_cap001217.als","CORRECT",7,2,7,2,0,0,0
"binder_permutation/CORRECT/generated_cap001218.als","CORRECT",4,2,4,2,0,0,0
"binder_permutation/CORRECT/generated_cap001219.als","CORRECT",7,2,7,2,0,0,0
"binder_permutation/CORRECT/generated_cap001220.als","CORRECT",4,2,4,2,0,0,0
"binder_permutation/CORRECT/generated_cap001221.als","CORRECT",7,2,7,2,0,0,0
"binder_permutation/CORRECT/generated_cap001222.als","CORRECT",4,2,4,2,0,0,0
"binder_permutation/CORRECT/generated_cap001223.als","CORRECT",7,2,7,2,0,0,0
"binder_permutation/CORRECT/generated_cap001224.als","CORRECT",4,2,4,2,0,0,0
"binder_permutation/CORRECT/generated_cap001225.als","CORRECT",7,2,7,2,0,0,0
"binder_permutation/CORRECT/generated_cap001226.als","CORRECT",4,2,4,2,0,0,0
"binder_permutation/CORRECT/generated_cap001227.als","CORRECT",7,2,7,2,0,0,0
"binder_permutation/CORRECT/generated_cap001228.als","CORRECT",4,2,4,2,0,0,0
"binder_permutation/CORRECT/generated_cap001229.als","CORRECT",7,2,7,2,0,0,0
"binder_permutation/CORRECT/generated_cap001230.als","CORRECT",4,2,4,2,0,0,0
"binder_permutation/CORRECT/generated_cap001231.als","CORRECT",7,2,7,2,0,0,0
"binder_permutation/CORRECT/generated_cap001232.als","CORRECT",4,2,4,2,0,0,0
"binder_permutation/CORRECT/generated_cap001233.als","CORRECT",7,2,7,2,0,0,0
"binder_permutation/CORRECT/generated_cap001234.als","CORRECT",4,2,4,2,0,0,0
"binder_permutation/CORRECT/generated_cap001235.als","CORRECT",7,2,7,2,0,0,0
"binder_permutation/CORRECT/generated_cap001236.als","CORRECT",4,2,4,2,0,0,0
"binder_permutation/CORRECT/generated_cap001237.als","CORRECT",7,2,7,2,0,0,0
"binder_permutation/CORRECT/generated_cap001238.als","CORRECT",4,2,4,2,0,0,0
"binder_permutation/CORRECT/generated_cap001239.als","CORRECT",7,2,7,2,0,0,0
"binder_permutation/CORRECT/generated_cap001240.als","CORRECT",4,2,4,2,0,0,0
"binder_permutation/CORRECT/generated_cap001241.als","CORRECT",7,2,7,2,0,0,0
"binder_permutation/CORRECT/generated_cap001242.als","CORRECT",4,2,4,2,0,0,0
"binder_permutation/CORRECT/generated_cap001243.als","CORRECT",7,2,7,2,0,0,0
"binder_permutation/CORRECT/generated_cap001244.als","CORRECT",4,2,4,2,0,0,0
"binder_permutation/CORRECT/generated_cap001245.als","CORRECT",7,2,7,2,0,0,0
"binder_permutation/CORRECT/generated_cap001246.als","CORRECT",4,2,4,2,0,0,0
"binder_permutation/CORRECT/generated_cap001247.als","CORRECT",7,2,7,2,0,0,0
"binder_permutation/CORRECT/generated_cap001248.als","CORRECT",4,2,4,2,0,0,0
"binder_permutation/CORRECT/generated_cap001249.als","CORRECT",7,2,7,2,0,0,0
"binder_permutation/CORRECT/generated_cap001250.als","CORRECT",4,2,4,2,0,0,0
"binder_permutation/CORRECT/generated_cap001251.als","CORRECT",7,2,7,2,0,0,0
"binder_permutation/CORRECT/generated_cap001252.als","CORRECT",4,2,4,2,0,0,0
"binder_permutation/CORRECT/generated_cap001253.als","CORRECT",7,2,7,2,0,0,0
"binder_permutation/CORRECT/generated_cap001254.als","CORRECT",4,2,4,2,0,0,0
"binder_permutation/CORRECT/generated_cap001255.als","CORRECT",7,2,7,2,0,0,0
"binder_permutation/CORRECT/generated_cap001256.als","CORRECT",4,2,4,2,0,0,0
"binder_permutation/CORRECT/generated_cap001257.als","CORRECT",7,2,7,2,0,0,0
"binder_permutation/CORRECT/generated_cap001258.als","CORRECT",2,0,2,0,0,0,0
"binder_permutation/CORRECT/generated_cap001259.als","CORRECT",7,2,7,2,0,0,0
"binder_permutation/CORRECT/generated_cap001260.als","CORRECT",4,2,4,2,0,0,0
"binder_permutation/CORRECT/generated_cap001261.als","CORRECT",7,2,7,2,0,0,0
"binder_permutation/CORRECT/generated_cap001262.als","CORRECT",4,2,4,2,0,0,0
"binder_permutation/CORRECT/generated_cap001263.als","CORRECT",7,2,7,2,0,0,0
"binder_permutation/CORRECT/generated_cap001264.als","CORRECT",4,2,4,2,0,0,0
"binder_permutation/CORRECT/generated_cap001265.als","CORRECT",7,2,7,2,0,0,0
"binder_permutation/CORRECT/generated_cap001266.als","CORRECT",4,2,4,2,0,0,0
"binder_permutation/CORRECT/generated_cap001267.als","CORRECT",7,2,7,2,0,0,0
"binder_permutation/CORRECT/generated_cap001268.als","CORRECT",4,2,4,2,0,0,0
"binder_permutation/CORRECT/generated_cap001269.als","CORRECT",7,2,7,2,0,0,0
"binder_permutation/CORRECT/generated_cap001270.als","CORRECT",4,2,4,2,0,0,0
"binder_permutation/CORRECT/generated_cap001271.als","CORRECT",7,2,7,2,0,0,0
"binder_permutation/CORRECT/generated_cap001272.als","CORRECT",4,2,4,2,0,0,0
"binder_permutation/CORRECT/generated_cap001273.als","CORRECT",7,2,7,2,0,0,0
"binder_permutation/CORRECT/generated_cap001274.als","CORRECT",4,2,4,2,0,0,0
"binder_permutation/CORRECT/generated_cap001275.als","CORRECT",7,2,7,2,0,0,0
"binder_permutation/CORRECT/generated_cap001276.als","CORRECT",4,2,4,2,0,0,0
"binder_permutation/CORRECT/generated_cap001277.als","CORRECT",7,2,7,2,0,0,0
"binder_permutation/CORRECT/generated_cap001278.als","CORRECT",4,2,4,2,0,0,0
"binder_permutation/CORRECT/generated_cap001279.als","CORRECT",7,2,7,2,0,0,0
"binder_permutation/CORRECT/generated_cap001280.als","CORRECT",4,2,4,2,0,0,0
"binder_permutation/CORRECT/generated_cap001281.als","CORRECT",7,2,7,2,0,0,0
"binder_permutation/CORRECT/generated_cap001282.als","CORRECT",4,2,4,2,0,0,0
"binder_permutation/CORRECT/generated_cap001283.als","CORRECT",7,2,7,2,0,0,0
"binder_permutation/CORRECT/generated_cap001284.als","CORRECT",4,2,4,2,0,0,0
"binder_permutation/CORRECT/generated_cap001285.als","CORRECT",7,2,7,2,0,0,0
"binder_permutation/CORRECT/generated_cap001286.als","CORRECT",4,2,4,2,0,0,0
"binder_permutation/CORRECT/generated_cap001287.als","CORRECT",7,2,7,2,0,0,0
"binder_permutation/CORRECT/generated_cap001288.als","CORRECT",4,2,4,2,0,0,0
"binder_permutation/CORRECT/generated_cap001289.als","CORRECT",7,2,7,2,0,0,0
"binder_permutation/CORRECT/generated_cap001290.als","CORRECT",4,2,4,2,0,0,0
"binder_permutation/CORRECT/generated_cap001291.als","CORRECT",7,2,7,2,0,0,0
"binder_permutation/CORRECT/generated_cap001292.als","CORRECT",4,2,4,2,0,0,0
"binder_permutation/CORRECT/generated_cap001293.als","CORRECT",7,2,7,2,0,0,0
"binder_permutation/CORRECT/generated_cap001294.als","CORRECT",4,2,4,2,0,0,0
"binder_permutation/CORRECT/generated_cap001295.als","CORRECT",7,2,7,2,0,0,0
"binder_permutation/CORRECT/generated_cap001296.als","CORRECT",4,2,4,2,0,0,0
"binder_permutation/CORRECT/generated_cap001297.als","CORRECT",7,2,7,2,0,0,0
"binder_permutation/CORRECT/generated_cap001298.als","CORRECT",4,2,4,2,0,0,0
"binder_permutation/CORRECT/generated_cap001299.als","CORRECT",7,2,7,2,0,0,0
"binder_permutation/CORRECT/generated_cap001300.als","CORRECT",4,2,4,2,0,0,0
"binder_permutation/CORRECT/generated_cap001301.als","CORRECT",7,2,7,2,0,0,0
"binder_permutation/CORRECT/generated_cap001302.als","CORRECT",4,2,4,2,0,0,0
"binder_permutation/CORRECT/generated_cap001303.als","CORRECT",7,2,7,2,0,0,0
"binder_permutation/CORRECT/generated_cap001304.als","CORRECT",4,2,4,2,0,0,0
"binder_permutation/CORRECT/generated_cap001305.als","CORRECT",7,2,7,2,0,0,0
"binder_permutation/CORRECT/generated_cap001306.als","CORRECT",4,2,4,2,0,0,0
"binder_permutation/CORRECT/generated_cap001307.als","CORRECT",7,2,7,2,0,0,0
"binder_permutation/CORRECT/generated_cap001308.als","CORRECT",4,2,4,2,0,0,0
"binder_permutation/CORRECT/generated_cap001309.als","CORRECT",7,2,7,2,0,0,0
"binder_permutation/CORRECT/generated_cap001310.als","CORRECT",4,2,4,2,0,0,0
"binder_permutation/CORRECT/generated_cap001311.als","CORRECT",7,2,7,2,0,0,0
"binder_permutation/CORRECT/generated_cap001312.als","CORRECT",4,2,4,2,0,0,0
"binder_permutation/CORRECT/generated_cap001313.als","CORRECT",7,2,7,2,0,0,0
"binder_permutation/CORRECT/generated_cap001314.als","CORRECT",4,2,4,2,0,0,0
"binder_permutation/CORRECT/generated_cap001315.als","CORRECT",7,2,7,2,0,0,0
"binder_permutation/CORRECT/generated_cap001316.als","CORRECT",4,2,4,2,0,0,0
"binder_permutation/CORRECT/generated_cap001317.als","CORRECT",7,2,7,2,0,0,0
"binder_permutation/CORRECT/generated_cap001318.als","CORRECT",4,2,4,2,0,0,0
"binder_permutation/CORRECT/generated_cap001319.als","CORRECT",7,2,7,2,0,0,0
"binder_permutation/CORRECT/generated_cap001320.als","CORRECT",4,2,4,2,0,0,0
"binder_permutation/CORRECT/generated_cap001321.als","CORRECT",7,2,7,2,0,0,0
"binder_permutation/CORRECT/generated_cap001322.als","CORRECT",2,0,2,0,0,0,0
"binder_permutation/CORRECT/generated_cap001323.als","CORRECT",7,2,7,2,0,0,0
"binder_permutation/CORRECT/generated_cap001324.als","CORRECT",4,2,4,2,0,0,0
"binder_permutation/CORRECT/generated_cap001325.als","CORRECT",7,2,7,2,0,0,0
"binder_permutation/CORRECT/generated_cap001326.als","CORRECT",4,2,4,2,0,0,0
"binder_permutation/CORRECT/generated_cap001327.als","CORRECT",7,2,7,2,0,0,0
"binder_permutation/CORRECT/generated_cap001328.als","CORRECT",4,2,4,2,0,0,0
"binder_permutation/CORRECT/generated_cap001329.als","CORRECT",7,2,7,2,0,0,0
"binder_permutation/CORRECT/generated_cap001330.als","CORRECT",4,2,4,2,0,0,0
"binder_permutation/CORRECT/generated_cap001331.als","CORRECT",7,2,7,2,0,0,0
"binder_permutation/CORRECT/generated_cap001332.als","CORRECT",4,2,4,2,0,0,0
"binder_permutation/CORRECT/generated_cap001333.als","CORRECT",7,2,7,2,0,0,0
"binder_permutation/CORRECT/generated_cap001334.als","CORRECT",4,2,4,2,0,0,0
"binder_permutation/CORRECT/generated_cap001335.als","CORRECT",7,2,7,2,0,0,0
"binder_permutation/CORRECT/generated_cap001336.als","CORRECT",4,2,4,2,0,0,0
"binder_permutation/CORRECT/generated_cap001337.als","CORRECT",7,2,7,2,0,0,0
"binder_permutation/CORRECT/generated_cap001338.als","CORRECT",4,2,4,2,0,0,0
"binder_permutation/CORRECT/generated_cap001339.als","CORRECT",7,2,7,2,0,0,0
"binder_permutation/CORRECT/generated_cap001340.als","CORRECT",4,2,4,2,0,0,0
"binder_permutation/CORRECT/generated_cap001341.als","CORRECT",7,2,7,2,0,0,0
"binder_permutation/CORRECT/generated_cap001342.als","CORRECT",4,2,4,2,0,0,0
"binder_permutation/CORRECT/generated_cap001343.als","CORRECT",7,2,7,2,0,0,0
"binder_permutation/CORRECT/generated_cap001344.als","CORRECT",4,2,4,2,0,0,0
"binder_permutation/CORRECT/generated_cap001345.als","CORRECT",7,2,7,2,0,0,0
"binder_permutation/CORRECT/generated_cap001346.als","CORRECT",4,2,4,2,0,0,0
"binder_permutation/CORRECT/generated_cap001347.als","CORRECT",7,2,7,2,0,0,0
"binder_permutation/CORRECT/generated_cap001348.als","CORRECT",4,2,4,2,0,0,0
"binder_permutation/CORRECT/generated_cap001349.als","CORRECT",7,2,7,2,0,0,0
"binder_permutation/CORRECT/generated_cap001350.als","CORRECT",4,2,4,2,0,0,0
"binder_permutation/CORRECT/generated_cap001351.als","CORRECT",7,2,7,2,0,0,0
"binder_permutation/CORRECT/generated_cap001352.als","CORRECT",4,2,4,2,0,0,0
"binder_permutation/CORRECT/generated_cap001353.als","CORRECT",7,2,7,2,0,0,0
"binder_permutation/CORRECT/generated_cap001354.als","CORRECT",4,2,4,2,0,0,0
"binder_permutation/CORRECT/generated_cap001355.als","CORRECT",7,2,7,2,0,0,0
"binder_permutation/CORRECT/generated_cap001356.als","CORRECT",4,2,4,2,0,0,0
"binder_permutation/CORRECT/generated_cap001357.als","CORRECT",7,2,7,2,0,0,0
"binder_permutation/CORRECT/generated_cap001358.als","CORRECT",4,2,4,2,0,0,0
"binder_permutation/CORRECT/generated_cap001359.als","CORRECT",7,2,7,2,0,0,0
"binder_permutation/CORRECT/generated_cap001360.als","CORRECT",4,2,4,2,0,0,0
"binder_permutation/CORRECT/generated_cap001361.als","CORRECT",7,2,7,2,0,0,0
"binder_permutation/CORRECT/generated_cap001362.als","CORRECT",4,2,4,2,0,0,0
"binder_permutation/CORRECT/generated_cap001363.als","CORRECT",7,2,7,2,0,0,0
"binder_permutation/CORRECT/generated_cap001364.als","CORRECT",4,2,4,2,0,0,0
"binder_permutation/CORRECT/generated_cap001365.als","CORRECT",7,2,7,2,0,0,0
"binder_permutation/CORRECT/generated_cap001366.als","CORRECT",4,2,4,2,0,0,0
"binder_permutation/CORRECT/generated_cap001367.als","CORRECT",7,2,7,2,0,0,0
"binder_permutation/CORRECT/generated_cap001368.als","CORRECT",4,2,4,2,0,0,0
"binder_permutation/CORRECT/generated_cap001369.als","CORRECT",7,2,7,2,0,0,0
"binder_permutation/CORRECT/generated_cap001370.als","CORRECT",4,2,4,2,0,0,0
"binder_permutation/CORRECT/generated_cap001371.als","CORRECT",7,2,7,2,0,0,0
"binder_permutation/CORRECT/generated_cap001372.als","CORRECT",4,2,4,2,0,0,0
"binder_permutation/CORRECT/generated_cap001373.als","CORRECT",7,2,7,2,0,0,0
"binder_permutation/CORRECT/generated_cap001374.als","CORRECT",4,2,4,2,0,0,0
"binder_permutation/CORRECT/generated_cap001375.als","CORRECT",7,2,7,2,0,0,0
"binder_permutation/CORRECT/generated_cap001376.als","CORRECT",4,2,4,2,0,0,0
"binder_permutation/CORRECT/generated_cap001377.als","CORRECT",7,2,7,2,0,0,0
"binder_permutation/CORRECT/generated_cap001378.als","CORRECT",4,2,4,2,0,0,0
"binder_permutation/CORRECT/generated_cap001379.als","CORRECT",7,2,7,2,0,0,0
"binder_permutation/CORRECT/generated_cap001380.als","CORRECT",4,2,4,2,0,0,0
"binder_permutation/CORRECT/generated_cap001381.als","CORRECT",7,2,7,2,0,0,0
"binder_permutation/CORRECT/generated_cap001382.als","CORRECT",4,2,4,2,0,0,0
"binder_permutation/CORRECT/generated_cap001383.als","CORRECT",7,2,7,2,0,0,0
"binder_permutation/CORRECT/generated_cap001384.als","CORRECT",4,2,4,2,0,0,0
"binder_permutation/CORRECT/generated_cap001385.als","CORRECT",7,2,7,2,0,0,0
"binder_permutation/CORRECT/generated_cap001386.als","CORRECT",2,0,2,0,0,0,0
"binder_permutation/CORRECT/generated_cap001387.als","CORRECT",7,2,7,2,0,0,0
"binder_permutation/CORRECT/generated_cap001388.als","CORRECT",4,2,4,2,0,0,0
"binder_permutation/CORRECT/generated_cap001389.als","CORRECT",7,2,7,2,0,0,0
"binder_permutation/CORRECT/generated_cap001390.als","CORRECT",4,2,4,2,0,0,0
"binder_permutation/CORRECT/generated_cap001391.als","CORRECT",7,2,7,2,0,0,0
"binder_permutation/CORRECT/generated_cap001392.als","CORRECT",4,2,4,2,0,0,0
"binder_permutation/CORRECT/generated_cap001393.als","CORRECT",7,2,7,2,0,0,0
"binder_permutation/CORRECT/generated_cap001394.als","CORRECT",4,2,4,2,0,0,0
"binder_permutation/CORRECT/generated_cap001395.als","CORRECT",7,2,7,2,0,0,0
"binder_permutation/CORRECT/generated_cap001396.als","CORRECT",4,2,4,2,0,0,0
"binder_permutation/CORRECT/generated_cap001397.als","CORRECT",7,2,7,2,0,0,0
"binder_permutation/CORRECT/generated_cap001398.als","CORRECT",4,2,4,2,0,0,0
"binder_permutation/CORRECT/generated_cap001399.als","CORRECT",7,2,7,2,0,0,0
"binder_permutation/CORRECT/generated_cap001400.als","CORRECT",4,2,4,2,0,0,0
"binder_permutation/CORRECT/generated_cap001401.als","CORRECT",7,2,7,2,0,0,0
"binder_permutation/CORRECT/generated_cap001402.als","CORRECT",4,2,4,2,0,0,0
"binder_permutation/CORRECT/generated_cap001403.als","CORRECT",7,2,7,2,0,0,0
"binder_permutation/CORRECT/generated_cap001404.als","CORRECT",4,2,4,2,0,0,0
"binder_permutation/CORRECT/generated_cap001405.als","CORRECT",7,2,7,2,0,0,0
"binder_permutation/CORRECT/generated_cap001406.als","CORRECT",4,2,4,2,0,0,0
"binder_permutation/CORRECT/generated_cap001407.als","CORRECT",7,2,7,2,0,0,0
"binder_permutation/CORRECT/generated_cap001408.als","CORRECT",4,2,4,2,0,0,0
"binder_permutation/CORRECT/generated_cap001409.als","CORRECT",7,2,7,2,0,0,0
"binder_permutation/CORRECT/generated_cap001410.als","CORRECT",4,2,4,2,0,0,0
"binder_permutation/CORRECT/generated_cap001411.als","CORRECT",7,2,7,2,0,0,0
"binder_permutation/CORRECT/generated_cap001412.als","CORRECT",4,2,4,2,0,0,0
"binder_permutation/CORRECT/generated_cap001413.als","CORRECT",7,2,7,2,0,0,0
"binder_permutation/CORRECT/generated_cap001414.als","CORRECT",4,2,4,2,0,0,0
"binder_permutation/CORRECT/generated_cap001415.als","CORRECT",7,2,7,2,0,0,0
"binder_permutation/CORRECT/generated_cap001416.als","CORRECT",4,2,4,2,0,0,0
"binder_permutation/CORRECT/generated_cap001417.als","CORRECT",7,2,7,2,0,0,0
"binder_permutation/CORRECT/generated_cap001418.als","CORRECT",4,2,4,2,0,0,0
"binder_permutation/CORRECT/generated_cap001419.als","CORRECT",7,2,7,2,0,0,0
"binder_permutation/CORRECT/generated_cap001420.als","CORRECT",4,2,4,2,0,0,0
"binder_permutation/CORRECT/generated_cap001421.als","CORRECT",7,2,7,2,0,0,0
"binder_permutation/CORRECT/generated_cap001422.als","CORRECT",4,2,4,2,0,0,0
"binder_permutation/CORRECT/generated_cap001423.als","CORRECT",7,2,7,2,0,0,0
"binder_permutation/CORRECT/generated_cap001424.als","CORRECT",4,2,4,2,0,0,0
"binder_permutation/CORRECT/generated_cap001425.als","CORRECT",7,2,7,2,0,0,0
"binder_permutation/CORRECT/generated_cap001426.als","CORRECT",4,2,4,2,0,0,0
"binder_permutation/CORRECT/generated_cap001427.als","CORRECT",7,2,7,2,0,0,0
"binder_permutation/CORRECT/generated_cap001428.als","CORRECT",4,2,4,2,0,0,0
"binder_permutation/CORRECT/generated_cap001429.als","CORRECT",7,2,7,2,0,0,0
"binder_permutation/CORRECT/generated_cap001430.als","CORRECT",4,2,4,2,0,0,0
"binder_permutation/CORRECT/generated_cap001431.als","CORRECT",7,2,7,2,0,0,0
"binder_permutation/CORRECT/generated_cap001432.als","CORRECT",4,2,4,2,0,0,0
"binder_permutation/CORRECT/generated_cap001433.als","CORRECT",7,2,7,2,0,0,0
"binder_permutation/CORRECT/generated_cap001434.als","CORRECT",4,2,4,2,0,0,0
"binder_permutation/CORRECT/generated_cap001435.als","CORRECT",7,2,7,2,0,0,0
"binder_permutation/CORRECT/generated_cap001436.als","CORRECT",4,2,4,2,0,0,0
"binder_permutation/CORRECT/generated_cap001437.als","CORRECT",7,2,7,2,0,0,0
"binder_permutation/CORRECT/generated_cap001438.als","CORRECT",4,2,4,2,0,0,0
"binder_permutation/CORRECT/generated_cap001439.als","CORRECT",7,2,7,2,0,0,0
"binder_permutation/CORRECT/generated_cap001440.als","CORRECT",4,2,4,2,0,0,0
"binder_permutation/CORRECT/generated_cap001441.als","CORRECT",7,2,7,2,0,0,0
"binder_permutation/CORRECT/generated_cap001442.als","CORRECT",4,2,4,2,0,0,0
"binder_permutation/CORRECT/generated_cap001443.als","CORRECT",7,2,7,2,0,0,0
"binder_permutation/CORRECT/generated_cap001444.als","CORRECT",4,2,4,2,0,0,0
"binder_permutation/CORRECT/generated_cap001445.als","CORRECT",7,2,7,2,0,0,0
"binder_permutation/CORRECT/generated_cap001446.als","CORRECT",4,2,4,2,0,0,0
"binder_permutation/CORRECT/generated_cap001447.als","CORRECT",7,2,7,2,0,0,0
"binder_permutation/CORRECT/generated_cap001448.als","CORRECT",4,2,4,2,0,0,0
"binder_permutation/CORRECT/generated_cap001449.als","CORRECT",7,2,7,2,0,0,0
"binder_permutation/CORRECT/generated_cap001450.als","CORRECT",2,0,2,0,0,0,0
"binder_permutation/CORRECT/generated_cap001451.als","CORRECT",7,2,7,2,0,0,0
"binder_permutation/CORRECT/generated_cap001452.als","CORRECT",4,2,4,2,0,0,0
"binder_permutation/CORRECT/generated_cap001453.als","CORRECT",7,2,7,2,0,0,0
"binder_permutation/CORRECT/generated_cap001454.als","CORRECT",4,2,4,2,0,0,0
"binder_permutation/CORRECT/generated_cap001455.als","CORRECT",7,2,7,2,0,0,0
"binder_permutation/CORRECT/generated_cap001456.als","CORRECT",4,2,4,2,0,0,0
"binder_permutation/CORRECT/generated_cap001457.als","CORRECT",7,2,7,2,0,0,0
"binder_permutation/CORRECT/generated_cap001458.als","CORRECT",4,2,4,2,0,0,0
"binder_permutation/CORRECT/generated_cap001459.als","CORRECT",7,2,7,2,0,0,0
"binder_permutation/CORRECT/generated_cap001460.als","CORRECT",4,2,4,2,0,0,0
"binder_permutation/CORRECT/generated_cap001461.als","CORRECT",7,2,7,2,0,0,0
"binder_permutation/CORRECT/generated_cap001462.als","CORRECT",4,2,4,2,0,0,0
"binder_permutation/CORRECT/generated_cap001463.als","CORRECT",7,2,7,2,0,0,0
"binder_permutation/CORRECT/generated_cap001464.als","CORRECT",4,2,4,2,0,0,0
"binder_permutation/CORRECT/generated_cap001465.als","CORRECT",7,2,7,2,0,0,0
"binder_permutation/CORRECT/generated_cap001466.als","CORRECT",4,2,4,2,0,0,0
"binder_permutation/CORRECT/generated_cap001467.als","CORRECT",7,2,7,2,0,0,0
"binder_permutation/CORRECT/generated_cap001468.als","CORRECT",4,2,4,2,0,0,0
"binder_permutation/CORRECT/generated_cap001469.als","CORRECT",7,2,7,2,0,0,0
"binder_permutation/CORRECT/generated_cap001470.als","CORRECT",4,2,4,2,0,0,0
"binder_permutation/CORRECT/generated_cap001471.als","CORRECT",7,2,7,2,0,0,0
"binder_permutation/CORRECT/generated_cap001472.als","CORRECT",4,2,4,2,0,0,0
"binder_permutation/CORRECT/generated_cap001473.als","CORRECT",7,2,7,2,0,0,0
"binder_permutation/CORRECT/generated_cap001474.als","CORRECT",4,2,4,2,0,0,0
"binder_permutation/CORRECT/generated_cap001475.als","CORRECT",7,2,7,2,0,0,0
"binder_permutation/CORRECT/generated_cap001476.als","CORRECT",4,2,4,2,0,0,0
"binder_permutation/CORRECT/generated_cap001477.als","CORRECT",7,2,7,2,0,0,0
"binder_permutation/CORRECT/generated_cap001478.als","CORRECT",4,2,4,2,0,0,0
"binder_permutation/CORRECT/generated_cap001479.als","CORRECT",7,2,7,2,0,0,0
"binder_permutation/CORRECT/generated_cap001480.als","CORRECT",4,2,4,2,0,0,0
"binder_permutation/CORRECT/generated_cap001481.als","CORRECT",7,2,7,2,0,0,0
"binder_permutation/CORRECT/generated_cap001482.als","CORRECT",4,2,4,2,0,0,0
"binder_permutation/CORRECT/generated_cap001483.als","CORRECT",7,2,7,2,0,0,0
"binder_permutation/CORRECT/generated_cap001484.als","CORRECT",4,2,4,2,0,0,0
"binder_permutation/CORRECT/generated_cap001485.als","CORRECT",7,2,7,2,0,0,0
"binder_permutation/CORRECT/generated_cap001486.als","CORRECT",4,2,4,2,0,0,0
"binder_permutation/CORRECT/generated_cap001487.als","CORRECT",7,2,7,2,0,0,0
"binder_permutation/CORRECT/generated_cap001488.als","CORRECT",4,2,4,2,0,0,0
"binder_permutation/CORRECT/generated_cap001489.als","CORRECT",7,2,7,2,0,0,0
"binder_permutation/CORRECT/generated_cap001490.als","CORRECT",4,2,4,2,0,0,0
"binder_permutation/CORRECT/generated_cap001491.als","CORRECT",7,2,7,2,0,0,0
"binder_permutation/CORRECT/generated_cap001492.als","CORRECT",4,2,4,2,0,0,0
"binder_permutation/CORRECT/generated_cap001493.als","CORRECT",7,2,7,2,0,0,0
"binder_permutation/CORRECT/generated_cap001494.als","CORRECT",4,2,4,2,0,0,0
"binder_permutation/CORRECT/generated_cap001495.als","CORRECT",7,2,7,2,0,0,0
"binder_permutation/CORRECT/generated_cap001496.als","CORRECT",4,2,4,2,0,0,0
"binder_permutation/CORRECT/generated_cap001497.als","CORRECT",7,2,7,2,0,0,0
"binder_permutation/CORRECT/generated_cap001498.als","CORRECT",4,2,4,2,0,0,0
"binder_permutation/CORRECT/generated_cap001499.als","CORRECT",7,2,7,2,0,0,0
"binder_permutation_prenex/CORRECT/generated_cap004000.als","CORRECT",4,2,4,2,0,0,0
"binder_permutation_prenex/CORRECT/generated_cap004001.als","CORRECT",4,2,4,2,0,0,0
"binder_permutation_prenex/CORRECT/generated_cap004002.als","CORRECT",0,0,0,0,0,0,0
"binder_permutation_prenex/CORRECT/generated_cap004003.als","CORRECT",4,2,4,2,0,0,0
"binder_permutation_prenex/CORRECT/generated_cap004004.als","CORRECT",4,2,4,2,0,0,0
"binder_permutation_prenex/CORRECT/generated_cap004005.als","CORRECT",4,2,4,2,0,0,0
"binder_permutation_prenex/CORRECT/generated_cap004006.als","CORRECT",4,2,4,2,0,0,0
"binder_permutation_prenex/CORRECT/generated_cap004007.als","CORRECT",4,2,4,2,0,0,0
"binder_permutation_prenex/CORRECT/generated_cap004008.als","CORRECT",4,2,4,2,0,0,0
"binder_permutation_prenex/CORRECT/generated_cap004009.als","CORRECT",4,2,4,2,0,0,0
"binder_permutation_prenex/CORRECT/generated_cap004010.als","CORRECT",0,0,0,0,0,0,0
"binder_permutation_prenex/CORRECT/generated_cap004011.als","CORRECT",4,2,4,2,0,0,0
"binder_permutation_prenex/CORRECT/generated_cap004012.als","CORRECT",4,2,4,2,0,0,0
"binder_permutation_prenex/CORRECT/generated_cap004013.als","CORRECT",4,2,4,2,0,0,0
"binder_permutation_prenex/CORRECT/generated_cap004014.als","CORRECT",4,2,4,2,0,0,0
"binder_permutation_prenex/CORRECT/generated_cap004015.als","CORRECT",4,2,4,2,0,0,0
"binder_permutation_prenex/CORRECT/generated_cap004016.als","CORRECT",4,2,4,2,0,0,0
"binder_permutation_prenex/CORRECT/generated_cap004017.als","CORRECT",4,2,4,2,0,0,0
"binder_permutation_prenex/CORRECT/generated_cap004018.als","CORRECT",0,0,0,0,0,0,0
"binder_permutation_prenex/CORRECT/generated_cap004019.als","CORRECT",4,2,4,2,0,0,0
"binder_permutation_prenex/CORRECT/generated_cap004020.als","CORRECT",4,2,4,2,0,0,0
"binder_permutation_prenex/CORRECT/generated_cap004021.als","CORRECT",4,2,4,2,0,0,0
"binder_permutation_prenex/CORRECT/generated_cap004022.als","CORRECT",0,0,0,0,0,0,0
"binder_permutation_prenex/CORRECT/generated_cap004023.als","CORRECT",4,2,4,2,0,0,0
"binder_permutation_prenex/CORRECT/generated_cap004024.als","CORRECT",4,2,4,2,0,0,0
"binder_permutation_prenex/CORRECT/generated_cap004025.als","CORRECT",4,2,4,2,0,0,0
"binder_permutation_prenex/CORRECT/generated_cap004026.als","CORRECT",0,0,0,0,0,0,0
"binder_permutation_prenex/CORRECT/generated_cap004027.als","CORRECT",4,2,4,2,0,0,0
"binder_permutation_prenex/CORRECT/generated_cap004028.als","CORRECT",4,2,4,2,0,0,0
"binder_permutation_prenex/CORRECT/generated_cap004029.als","CORRECT",4,2,4,2,0,0,0
"binder_permutation_prenex/CORRECT/generated_cap004030.als","CORRECT",4,2,4,2,0,0,0
"binder_permutation_prenex/CORRECT/generated_cap004031.als","CORRECT",4,2,4,2,0,0,0
"binder_permutation_prenex/CORRECT/generated_cap004032.als","CORRECT",4,2,4,2,0,0,0
"binder_permutation_prenex/CORRECT/generated_cap004033.als","CORRECT",4,2,4,2,0,0,0
"binder_permutation_prenex/CORRECT/generated_cap004034.als","CORRECT",0,0,0,0,0,0,0
"binder_permutation_prenex/CORRECT/generated_cap004035.als","CORRECT",4,2,4,2,0,0,0
"binder_permutation_prenex/CORRECT/generated_cap004036.als","CORRECT",4,2,4,2,0,0,0
"binder_permutation_prenex/CORRECT/generated_cap004037.als","CORRECT",4,2,4,2,0,0,0
"binder_permutation_prenex/CORRECT/generated_cap004038.als","CORRECT",4,2,4,2,0,0,0
"binder_permutation_prenex/CORRECT/generated_cap004039.als","CORRECT",4,2,4,2,0,0,0
"binder_permutation_prenex/CORRECT/generated_cap004040.als","CORRECT",4,2,4,2,0,0,0
"binder_permutation_prenex/CORRECT/generated_cap004041.als","CORRECT",4,2,4,2,0,0,0
"binder_permutation_prenex/CORRECT/generated_cap004042.als","CORRECT",0,0,0,0,0,0,0
"binder_permutation_prenex/CORRECT/generated_cap004043.als","CORRECT",4,2,4,2,0,0,0
"binder_permutation_prenex/CORRECT/generated_cap004044.als","CORRECT",4,2,4,2,0,0,0
"binder_permutation_prenex/CORRECT/generated_cap004045.als","CORRECT",4,2,4,2,0,0,0
"binder_permutation_prenex/CORRECT/generated_cap004046.als","CORRECT",4,2,4,2,0,0,0
"binder_permutation_prenex/CORRECT/generated_cap004047.als","CORRECT",4,2,4,2,0,0,0
"binder_permutation_prenex/CORRECT/generated_cap004048.als","CORRECT",4,2,4,2,0,0,0
"binder_permutation_prenex/CORRECT/generated_cap004049.als","CORRECT",4,2,4,2,0,0,0
"binder_permutation_prenex/CORRECT/generated_cap004050.als","CORRECT",0,0,0,0,0,0,0
"binder_permutation_prenex/CORRECT/generated_cap004051.als","CORRECT",4,2,4,2,0,0,0
"binder_permutation_prenex/CORRECT/generated_cap004052.als","CORRECT",4,2,4,2,0,0,0
"binder_permutation_prenex/CORRECT/generated_cap004053.als","CORRECT",4,2,4,2,0,0,0
"binder_permutation_prenex/CORRECT/generated_cap004054.als","CORRECT",4,2,4,2,0,0,0
"binder_permutation_prenex/CORRECT/generated_cap004055.als","CORRECT",4,2,4,2,0,0,0
"binder_permutation_prenex/CORRECT/generated_cap004056.als","CORRECT",4,2,4,2,0,0,0
"binder_permutation_prenex/CORRECT/generated_cap004057.als","CORRECT",4,2,4,2,0,0,0
"binder_permutation_prenex/CORRECT/generated_cap004058.als","CORRECT",0,0,0,0,0,0,0
"binder_permutation_prenex/CORRECT/generated_cap004059.als","CORRECT",4,2,4,2,0,0,0
"binder_permutation_prenex/CORRECT/generated_cap004060.als","CORRECT",4,2,4,2,0,0,0
"binder_permutation_prenex/CORRECT/generated_cap004061.als","CORRECT",4,2,4,2,0,0,0
"binder_permutation_prenex/CORRECT/generated_cap004062.als","CORRECT",4,2,4,2,0,0,0
"binder_permutation_prenex/CORRECT/generated_cap004063.als","CORRECT",4,2,4,2,0,0,0
"binder_permutation_prenex/CORRECT/generated_cap004064.als","CORRECT",4,2,4,2,0,0,0
"binder_permutation_prenex/CORRECT/generated_cap004065.als","CORRECT",4,2,4,2,0,0,0
"binder_permutation_prenex/CORRECT/generated_cap004066.als","CORRECT",0,0,0,0,0,0,0
"binder_permutation_prenex/CORRECT/generated_cap004067.als","CORRECT",4,2,4,2,0,0,0
"binder_permutation_prenex/CORRECT/generated_cap004068.als","CORRECT",4,2,4,2,0,0,0
"binder_permutation_prenex/CORRECT/generated_cap004069.als","CORRECT",4,2,4,2,0,0,0
"binder_permutation_prenex/CORRECT/generated_cap004070.als","CORRECT",4,2,4,2,0,0,0
"binder_permutation_prenex/CORRECT/generated_cap004071.als","CORRECT",4,2,4,2,0,0,0
"binder_permutation_prenex/CORRECT/generated_cap004072.als","CORRECT",4,2,4,2,0,0,0
"binder_permutation_prenex/CORRECT/generated_cap004073.als","CORRECT",4,2,4,2,0,0,0
"binder_permutation_prenex/CORRECT/generated_cap004074.als","CORRECT",4,2,4,2,0,0,0
"binder_permutation_prenex/CORRECT/generated_cap004075.als","CORRECT",4,2,4,2,0,0,0
"binder_permutation_prenex/CORRECT/generated_cap004076.als","CORRECT",4,2,4,2,0,0,0
"binder_permutation_prenex/CORRECT/generated_cap004077.als","CORRECT",4,2,4,2,0,0,0
"binder_permutation_prenex/CORRECT/generated_cap004078.als","CORRECT",4,2,4,2,0,0,0
"binder_permutation_prenex/CORRECT/generated_cap004079.als","CORRECT",4,2,4,2,0,0,0
"binder_permutation_prenex/CORRECT/generated_cap004080.als","CORRECT",4,2,4,2,0,0,0
"binder_permutation_prenex/CORRECT/generated_cap004081.als","CORRECT",4,2,4,2,0,0,0
"binder_permutation_prenex/CORRECT/generated_cap004082.als","CORRECT",4,2,4,2,0,0,0
"binder_permutation_prenex/CORRECT/generated_cap004083.als","CORRECT",4,2,4,2,0,0,0
"binder_permutation_prenex/CORRECT/generated_cap004084.als","CORRECT",4,2,4,2,0,0,0
"binder_permutation_prenex/CORRECT/generated_cap004085.als","CORRECT",4,2,4,2,0,0,0
"binder_permutation_prenex/CORRECT/generated_cap004086.als","CORRECT",4,2,4,2,0,0,0
"binder_permutation_prenex/CORRECT/generated_cap004087.als","CORRECT",4,2,4,2,0,0,0
"binder_permutation_prenex/CORRECT/generated_cap004088.als","CORRECT",4,2,4,2,0,0,0
"binder_permutation_prenex/CORRECT/generated_cap004089.als","CORRECT",4,2,4,2,0,0,0
"binder_permutation_prenex/CORRECT/generated_cap004090.als","CORRECT",0,0,0,0,0,0,0
"binder_permutation_prenex/CORRECT/generated_cap004091.als","CORRECT",0,0,0,0,0,0,0
"binder_permutation_prenex/CORRECT/generated_cap004092.als","CORRECT",4,2,4,2,0,0,0
"binder_permutation_prenex/CORRECT/generated_cap004093.als","CORRECT",4,2,4,2,0,0,0
"binder_permutation_prenex/CORRECT/generated_cap004094.als","CORRECT",0,0,0,0,0,0,0
"binder_permutation_prenex/CORRECT/generated_cap004095.als","CORRECT",4,2,4,2,0,0,0
"binder_permutation_prenex/CORRECT/generated_cap004096.als","CORRECT",4,2,4,2,0,0,0
"binder_permutation_prenex/CORRECT/generated_cap004097.als","CORRECT",4,2,4,2,0,0,0
"binder_permutation_prenex/CORRECT/generated_cap004098.als","CORRECT",4,2,4,2,0,0,0
"binder_permutation_prenex/CORRECT/generated_cap004099.als","CORRECT",4,2,4,2,0,0,0
"binder_permutation_prenex/CORRECT/generated_cap004100.als","CORRECT",4,2,4,2,0,0,0
"binder_permutation_prenex/CORRECT/generated_cap004101.als","CORRECT",4,2,4,2,0,0,0
"binder_permutation_prenex/CORRECT/generated_cap004102.als","CORRECT",4,2,4,2,0,0,0
"binder_permutation_prenex/CORRECT/generated_cap004103.als","CORRECT",4,2,4,2,0,0,0
"binder_permutation_prenex/CORRECT/generated_cap004104.als","CORRECT",4,2,4,2,0,0,0
"binder_permutation_prenex/CORRECT/generated_cap004105.als","CORRECT",4,2,4,2,0,0,0
"binder_permutation_prenex/CORRECT/generated_cap004106.als","CORRECT",4,2,4,2,0,0,0
"binder_permutation_prenex/CORRECT/generated_cap004107.als","CORRECT",4,2,4,2,0,0,0
"binder_permutation_prenex/CORRECT/generated_cap004108.als","CORRECT",4,2,4,2,0,0,0
"binder_permutation_prenex/CORRECT/generated_cap004109.als","CORRECT",4,2,4,2,0,0,0
"binder_permutation_prenex/CORRECT/generated_cap004110.als","CORRECT",4,2,4,2,0,0,0
"binder_permutation_prenex/CORRECT/generated_cap004111.als","CORRECT",4,2,4,2,0,0,0
"binder_permutation_prenex/CORRECT/generated_cap004112.als","CORRECT",4,2,4,2,0,0,0
"binder_permutation_prenex/CORRECT/generated_cap004113.als","CORRECT",4,2,4,2,0,0,0
"binder_permutation_prenex/CORRECT/generated_cap004114.als","CORRECT",4,2,4,2,0,0,0
"binder_permutation_prenex/CORRECT/generated_cap004115.als","CORRECT",4,2,4,2,0,0,0
"binder_permutation_prenex/CORRECT/generated_cap004116.als","CORRECT",4,2,4,2,0,0,0
"binder_permutation_prenex/CORRECT/generated_cap004117.als","CORRECT",4,2,4,2,0,0,0
"binder_permutation_prenex/CORRECT/generated_cap004118.als","CORRECT",4,2,4,2,0,0,0
"binder_permutation_prenex/CORRECT/generated_cap004119.als","CORRECT",4,2,4,2,0,0,0
"binder_permutation_prenex/CORRECT/generated_cap004120.als","CORRECT",4,2,4,2,0,0,0
"binder_permutation_prenex/CORRECT/generated_cap004121.als","CORRECT",4,2,4,2,0,0,0
"binder_permutation_prenex/CORRECT/generated_cap004122.als","CORRECT",4,2,4,2,0,0,0
"binder_permutation_prenex/CORRECT/generated_cap004123.als","CORRECT",4,2,4,2,0,0,0
"binder_permutation_prenex/CORRECT/generated_cap004124.als","CORRECT",4,2,4,2,0,0,0
"binder_permutation_prenex/CORRECT/generated_cap004125.als","CORRECT",4,2,4,2,0,0,0
"binder_permutation_prenex/CORRECT/generated_cap004126.als","CORRECT",4,2,4,2,0,0,0
"binder_permutation_prenex/CORRECT/generated_cap004127.als","CORRECT",4,2,4,2,0,0,0
"binder_permutation_prenex/CORRECT/generated_cap004128.als","CORRECT",4,2,4,2,0,0,0
"binder_permutation_prenex/CORRECT/generated_cap004129.als","CORRECT",4,2,4,2,0,0,0
"binder_permutation_prenex/CORRECT/generated_cap004130.als","CORRECT",0,0,0,0,0,0,0
"binder_permutation_prenex/CORRECT/generated_cap004131.als","CORRECT",4,2,4,2,0,0,0
"binder_permutation_prenex/CORRECT/generated_cap004132.als","CORRECT",4,2,4,2,0,0,0
"binder_permutation_prenex/CORRECT/generated_cap004133.als","CORRECT",4,2,4,2,0,0,0
"binder_permutation_prenex/CORRECT/generated_cap004134.als","CORRECT",0,0,0,0,0,0,0
"binder_permutation_prenex/CORRECT/generated_cap004135.als","CORRECT",4,2,4,2,0,0,0
"binder_permutation_prenex/CORRECT/generated_cap004136.als","CORRECT",4,2,4,2,0,0,0
"binder_permutation_prenex/CORRECT/generated_cap004137.als","CORRECT",4,2,4,2,0,0,0
"binder_permutation_prenex/CORRECT/generated_cap004138.als","CORRECT",4,2,4,2,0,0,0
"binder_permutation_prenex/CORRECT/generated_cap004139.als","CORRECT",4,2,4,2,0,0,0
"binder_permutation_prenex/CORRECT/generated_cap004140.als","CORRECT",4,2,4,2,0,0,0
"binder_permutation_prenex/CORRECT/generated_cap004141.als","CORRECT",4,2,4,2,0,0,0
"binder_permutation_prenex/CORRECT/generated_cap004142.als","CORRECT",4,2,4,2,0,0,0
"binder_permutation_prenex/CORRECT/generated_cap004143.als","CORRECT",4,2,4,2,0,0,0
"binder_permutation_prenex/CORRECT/generated_cap004144.als","CORRECT",4,2,4,2,0,0,0
"binder_permutation_prenex/CORRECT/generated_cap004145.als","CORRECT",4,2,4,2,0,0,0
"binder_permutation_prenex/CORRECT/generated_cap004146.als","CORRECT",4,2,4,2,0,0,0
"binder_permutation_prenex/CORRECT/generated_cap004147.als","CORRECT",4,2,4,2,0,0,0
"binder_permutation_prenex/CORRECT/generated_cap004148.als","CORRECT",4,2,4,2,0,0,0
"binder_permutation_prenex/CORRECT/generated_cap004149.als","CORRECT",4,2,4,2,0,0,0
"binder_permutation_prenex/CORRECT/generated_cap004150.als","CORRECT",4,2,4,2,0,0,0
"binder_permutation_prenex/CORRECT/generated_cap004151.als","CORRECT",4,2,4,2,0,0,0
"binder_permutation_prenex/CORRECT/generated_cap004152.als","CORRECT",4,2,4,2,0,0,0
"binder_permutation_prenex/CORRECT/generated_cap004153.als","CORRECT",4,2,4,2,0,0,0
"binder_permutation_prenex/CORRECT/generated_cap004154.als","CORRECT",4,2,4,2,0,0,0
"binder_permutation_prenex/CORRECT/generated_cap004155.als","CORRECT",4,2,4,2,0,0,0
"binder_permutation_prenex/CORRECT/generated_cap004156.als","CORRECT",4,2,4,2,0,0,0
"binder_permutation_prenex/CORRECT/generated_cap004157.als","CORRECT",4,2,4,2,0,0,0
"binder_permutation_prenex/CORRECT/generated_cap004158.als","CORRECT",4,2,4,2,0,0,0
"binder_permutation_prenex/CORRECT/generated_cap004159.als","CORRECT",4,2,4,2,0,0,0
"binder_permutation_prenex/CORRECT/generated_cap004160.als","CORRECT",4,2,4,2,0,0,0
"binder_permutation_prenex/CORRECT/generated_cap004161.als","CORRECT",4,2,4,2,0,0,0
"binder_permutation_prenex/CORRECT/generated_cap004162.als","CORRECT",4,2,4,2,0,0,0
"binder_permutation_prenex/CORRECT/generated_cap004163.als","CORRECT",4,2,4,2,0,0,0
"binder_permutation_prenex/CORRECT/generated_cap004164.als","CORRECT",4,2,4,2,0,0,0
"binder_permutation_prenex/CORRECT/generated_cap004165.als","CORRECT",4,2,4,2,0,0,0
"binder_permutation_prenex/CORRECT/generated_cap004166.als","CORRECT",4,2,4,2,0,0,0
"binder_permutation_prenex/CORRECT/generated_cap004167.als","CORRECT",4,2,4,2,0,0,0
"binder_permutation_prenex/CORRECT/generated_cap004168.als","CORRECT",4,2,4,2,0,0,0
"binder_permutation_prenex/CORRECT/generated_cap004169.als","CORRECT",4,2,4,2,0,0,0
"binder_permutation_prenex/CORRECT/generated_cap004170.als","CORRECT",4,2,4,2,0,0,0
"binder_permutation_prenex/CORRECT/generated_cap004171.als","CORRECT",4,2,4,2,0,0,0
"binder_permutation_prenex/CORRECT/generated_cap004172.als","CORRECT",4,2,4,2,0,0,0
"binder_permutation_prenex/CORRECT/generated_cap004173.als","CORRECT",4,2,4,2,0,0,0
"binder_permutation_prenex/CORRECT/generated_cap004174.als","CORRECT",4,2,4,2,0,0,0
"binder_permutation_prenex/CORRECT/generated_cap004175.als","CORRECT",4,2,4,2,0,0,0
"binder_permutation_prenex/CORRECT/generated_cap004176.als","CORRECT",4,2,4,2,0,0,0
"binder_permutation_prenex/CORRECT/generated_cap004177.als","CORRECT",4,2,4,2,0,0,0
"binder_permutation_prenex/CORRECT/generated_cap004178.als","CORRECT",4,2,4,2,0,0,0
"binder_permutation_prenex/CORRECT/generated_cap004179.als","CORRECT",4,2,4,2,0,0,0
"binder_permutation_prenex/CORRECT/generated_cap004180.als","CORRECT",4,2,4,2,0,0,0
"binder_permutation_prenex/CORRECT/generated_cap004181.als","CORRECT",4,2,4,2,0,0,0
"binder_permutation_prenex/CORRECT/generated_cap004182.als","CORRECT",4,2,4,2,0,0,0
"binder_permutation_prenex/CORRECT/generated_cap004183.als","CORRECT",4,2,4,2,0,0,0
"binder_permutation_prenex/CORRECT/generated_cap004184.als","CORRECT",4,2,4,2,0,0,0
"binder_permutation_prenex/CORRECT/generated_cap004185.als","CORRECT",4,2,4,2,0,0,0
"binder_permutation_prenex/CORRECT/generated_cap004186.als","CORRECT",4,2,4,2,0,0,0
"binder_permutation_prenex/CORRECT/generated_cap004187.als","CORRECT",4,2,4,2,0,0,0
"binder_permutation_prenex/CORRECT/generated_cap004188.als","CORRECT",4,2,4,2,0,0,0
"binder_permutation_prenex/CORRECT/generated_cap004189.als","CORRECT",4,2,4,2,0,0,0
"binder_permutation_prenex/CORRECT/generated_cap004190.als","CORRECT",4,2,4,2,0,0,0
"binder_permutation_prenex/CORRECT/generated_cap004191.als","CORRECT",4,2,4,2,0,0,0
"binder_permutation_prenex/CORRECT/generated_cap004192.als","CORRECT",4,2,4,2,0,0,0
"binder_permutation_prenex/CORRECT/generated_cap004193.als","CORRECT",4,2,4,2,0,0,0
"binder_permutation_prenex/CORRECT/generated_cap004194.als","CORRECT",0,0,0,0,0,0,0
"binder_permutation_prenex/CORRECT/generated_cap004195.als","CORRECT",4,2,4,2,0,0,0
"binder_permutation_prenex/CORRECT/generated_cap004196.als","CORRECT",4,2,4,2,0,0,0
"binder_permutation_prenex/CORRECT/generated_cap004197.als","CORRECT",4,2,4,2,0,0,0
"binder_permutation_prenex/CORRECT/generated_cap004198.als","CORRECT",4,2,4,2,0,0,0
"binder_permutation_prenex/CORRECT/generated_cap004199.als","CORRECT",4,2,4,2,0,0,0
"binder_permutation_prenex/CORRECT/generated_cap004200.als","CORRECT",4,2,4,2,0,0,0
"binder_permutation_prenex/CORRECT/generated_cap004201.als","CORRECT",4,2,4,2,0,0,0
"binder_permutation_prenex/CORRECT/generated_cap004202.als","CORRECT",0,0,0,0,0,0,0
"binder_permutation_prenex/CORRECT/generated_cap004203.als","CORRECT",4,2,4,2,0,0,0
"binder_permutation_prenex/CORRECT/generated_cap004204.als","CORRECT",4,2,4,2,0,0,0
"binder_permutation_prenex/CORRECT/generated_cap004205.als","CORRECT",4,2,4,2,0,0,0
"binder_permutation_prenex/CORRECT/generated_cap004206.als","CORRECT",0,0,0,0,0,0,0
"binder_permutation_prenex/CORRECT/generated_cap004207.als","CORRECT",4,2,4,2,0,0,0
"binder_permutation_prenex/CORRECT/generated_cap004208.als","CORRECT",4,2,4,2,0,0,0
"binder_permutation_prenex/CORRECT/generated_cap004209.als","CORRECT",4,2,4,2,0,0,0
"binder_permutation_prenex/CORRECT/generated_cap004210.als","CORRECT",4,2,4,2,0,0,0
"binder_permutation_prenex/CORRECT/generated_cap004211.als","CORRECT",4,2,4,2,0,0,0
"binder_permutation_prenex/CORRECT/generated_cap004212.als","CORRECT",4,2,4,2,0,0,0
"binder_permutation_prenex/CORRECT/generated_cap004213.als","CORRECT",4,2,4,2,0,0,0
"binder_permutation_prenex/CORRECT/generated_cap004214.als","CORRECT",4,2,4,2,0,0,0
"binder_permutation_prenex/CORRECT/generated_cap004215.als","CORRECT",4,2,4,2,0,0,0
"binder_permutation_prenex/CORRECT/generated_cap004216.als","CORRECT",4,2,4,2,0,0,0
"binder_permutation_prenex/CORRECT/generated_cap004217.als","CORRECT",4,2,4,2,0,0,0
"binder_permutation_prenex/CORRECT/generated_cap004218.als","CORRECT",4,2,4,2,0,0,0
"binder_permutation_prenex/CORRECT/generated_cap004219.als","CORRECT",4,2,4,2,0,0,0
"binder_permutation_prenex/CORRECT/generated_cap004220.als","CORRECT",4,2,4,2,0,0,0
"binder_permutation_prenex/CORRECT/generated_cap004221.als","CORRECT",4,2,4,2,0,0,0
"binder_permutation_prenex/CORRECT/generated_cap004222.als","CORRECT",4,2,4,2,0,0,0
"binder_permutation_prenex/CORRECT/generated_cap004223.als","CORRECT",4,2,4,2,0,0,0
"binder_permutation_prenex/CORRECT/generated_cap004224.als","CORRECT",4,2,4,2,0,0,0
"binder_permutation_prenex/CORRECT/generated_cap004225.als","CORRECT",4,2,4,2,0,0,0
"binder_permutation_prenex/CORRECT/generated_cap004226.als","CORRECT",4,2,4,2,0,0,0
"binder_permutation_prenex/CORRECT/generated_cap004227.als","CORRECT",4,2,4,2,0,0,0
"binder_permutation_prenex/CORRECT/generated_cap004228.als","CORRECT",4,2,4,2,0,0,0
"binder_permutation_prenex/CORRECT/generated_cap004229.als","CORRECT",4,2,4,2,0,0,0
"binder_permutation_prenex/CORRECT/generated_cap004230.als","CORRECT",4,2,4,2,0,0,0
"binder_permutation_prenex/CORRECT/generated_cap004231.als","CORRECT",4,2,4,2,0,0,0
"binder_permutation_prenex/CORRECT/generated_cap004232.als","CORRECT",4,2,4,2,0,0,0
"binder_permutation_prenex/CORRECT/generated_cap004233.als","CORRECT",4,2,4,2,0,0,0
"binder_permutation_prenex/CORRECT/generated_cap004234.als","CORRECT",4,2,4,2,0,0,0
"binder_permutation_prenex/CORRECT/generated_cap004235.als","CORRECT",4,2,4,2,0,0,0
"binder_permutation_prenex/CORRECT/generated_cap004236.als","CORRECT",4,2,4,2,0,0,0
"binder_permutation_prenex/CORRECT/generated_cap004237.als","CORRECT",4,2,4,2,0,0,0
"binder_permutation_prenex/CORRECT/generated_cap004238.als","CORRECT",4,2,4,2,0,0,0
"binder_permutation_prenex/CORRECT/generated_cap004239.als","CORRECT",4,2,4,2,0,0,0
"binder_permutation_prenex/CORRECT/generated_cap004240.als","CORRECT",4,2,4,2,0,0,0
"binder_permutation_prenex/CORRECT/generated_cap004241.als","CORRECT",4,2,4,2,0,0,0
"binder_permutation_prenex/CORRECT/generated_cap004242.als","CORRECT",4,2,4,2,0,0,0
"binder_permutation_prenex/CORRECT/generated_cap004243.als","CORRECT",4,2,4,2,0,0,0
"binder_permutation_prenex/CORRECT/generated_cap004244.als","CORRECT",4,2,4,2,0,0,0
"binder_permutation_prenex/CORRECT/generated_cap004245.als","CORRECT",4,2,4,2,0,0,0
"binder_permutation_prenex/CORRECT/generated_cap004246.als","CORRECT",4,2,4,2,0,0,0
"binder_permutation_prenex/CORRECT/generated_cap004247.als","CORRECT",4,2,4,2,0,0,0
"binder_permutation_prenex/CORRECT/generated_cap004248.als","CORRECT",4,2,4,2,0,0,0
"binder_permutation_prenex/CORRECT/generated_cap004249.als","CORRECT",4,2,4,2,0,0,0
"binder_permutation_prenex/CORRECT/generated_cap004250.als","CORRECT",4,2,4,2,0,0,0
"binder_permutation_prenex/CORRECT/generated_cap004251.als","CORRECT",4,2,4,2,0,0,0
"binder_permutation_prenex/CORRECT/generated_cap004252.als","CORRECT",4,2,4,2,0,0,0
"binder_permutation_prenex/CORRECT/generated_cap004253.als","CORRECT",4,2,4,2,0,0,0
"binder_permutation_prenex/CORRECT/generated_cap004254.als","CORRECT",4,2,4,2,0,0,0
"binder_permutation_prenex/CORRECT/generated_cap004255.als","CORRECT",4,2,4,2,0,0,0
"binder_permutation_prenex/CORRECT/generated_cap004256.als","CORRECT",4,2,4,2,0,0,0
"binder_permutation_prenex/CORRECT/generated_cap004257.als","CORRECT",4,2,4,2,0,0,0
"binder_permutation_prenex/CORRECT/generated_cap004258.als","CORRECT",0,0,0,0,0,0,0
"binder_permutation_prenex/CORRECT/generated_cap004259.als","CORRECT",4,2,4,2,0,0,0
"binder_permutation_prenex/CORRECT/generated_cap004260.als","CORRECT",4,2,4,2,0,0,0
"binder_permutation_prenex/CORRECT/generated_cap004261.als","CORRECT",4,2,4,2,0,0,0
"binder_permutation_prenex/CORRECT/generated_cap004262.als","CORRECT",4,2,4,2,0,0,0
"binder_permutation_prenex/CORRECT/generated_cap004263.als","CORRECT",4,2,4,2,0,0,0
"binder_permutation_prenex/CORRECT/generated_cap004264.als","CORRECT",4,2,4,2,0,0,0
"binder_permutation_prenex/CORRECT/generated_cap004265.als","CORRECT",4,2,4,2,0,0,0
"binder_permutation_prenex/CORRECT/generated_cap004266.als","CORRECT",4,2,4,2,0,0,0
"binder_permutation_prenex/CORRECT/generated_cap004267.als","CORRECT",4,2,4,2,0,0,0
"binder_permutation_prenex/CORRECT/generated_cap004268.als","CORRECT",4,2,4,2,0,0,0
"binder_permutation_prenex/CORRECT/generated_cap004269.als","CORRECT",4,2,4,2,0,0,0
"binder_permutation_prenex/CORRECT/generated_cap004270.als","CORRECT",4,2,4,2,0,0,0
"binder_permutation_prenex/CORRECT/generated_cap004271.als","CORRECT",4,2,4,2,0,0,0
"binder_permutation_prenex/CORRECT/generated_cap004272.als","CORRECT",4,2,4,2,0,0,0
"binder_permutation_prenex/CORRECT/generated_cap004273.als","CORRECT",4,2,4,2,0,0,0
"binder_permutation_prenex/CORRECT/generated_cap004274.als","CORRECT",4,2,4,2,0,0,0
"binder_permutation_prenex/CORRECT/generated_cap004275.als","CORRECT",4,2,4,2,0,0,0
"binder_permutation_prenex/CORRECT/generated_cap004276.als","CORRECT",4,2,4,2,0,0,0
"binder_permutation_prenex/CORRECT/generated_cap004277.als","CORRECT",4,2,4,2,0,0,0
"binder_permutation_prenex/CORRECT/generated_cap004278.als","CORRECT",4,2,4,2,0,0,0
"binder_permutation_prenex/CORRECT/generated_cap004279.als","CORRECT",4,2,4,2,0,0,0
"binder_permutation_prenex/CORRECT/generated_cap004280.als","CORRECT",4,2,4,2,0,0,0
"binder_permutation_prenex/CORRECT/generated_cap004281.als","CORRECT",4,2,4,2,0,0,0
"binder_permutation_prenex/CORRECT/generated_cap004282.als","CORRECT",4,2,4,2,0,0,0
"binder_permutation_prenex/CORRECT/generated_cap004283.als","CORRECT",4,2,4,2,0,0,0
"binder_permutation_prenex/CORRECT/generated_cap004284.als","CORRECT",4,2,4,2,0,0,0
"binder_permutation_prenex/CORRECT/generated_cap004285.als","CORRECT",4,2,4,2,0,0,0
"binder_permutation_prenex/CORRECT/generated_cap004286.als","CORRECT",4,2,4,2,0,0,0
"binder_permutation_prenex/CORRECT/generated_cap004287.als","CORRECT",4,2,4,2,0,0,0
"binder_permutation_prenex/CORRECT/generated_cap004288.als","CORRECT",4,2,4,2,0,0,0
"binder_permutation_prenex/CORRECT/generated_cap004289.als","CORRECT",4,2,4,2,0,0,0
"binder_permutation_prenex/CORRECT/generated_cap004290.als","CORRECT",4,2,4,2,0,0,0
"binder_permutation_prenex/CORRECT/generated_cap004291.als","CORRECT",4,2,4,2,0,0,0
"binder_permutation_prenex/CORRECT/generated_cap004292.als","CORRECT",4,2,4,2,0,0,0
"binder_permutation_prenex/CORRECT/generated_cap004293.als","CORRECT",4,2,4,2,0,0,0
"binder_permutation_prenex/CORRECT/generated_cap004294.als","CORRECT",4,2,4,2,0,0,0
"binder_permutation_prenex/CORRECT/generated_cap004295.als","CORRECT",4,2,4,2,0,0,0
"binder_permutation_prenex/CORRECT/generated_cap004296.als","CORRECT",4,2,4,2,0,0,0
"binder_permutation_prenex/CORRECT/generated_cap004297.als","CORRECT",4,2,4,2,0,0,0
"binder_permutation_prenex/CORRECT/generated_cap004298.als","CORRECT",4,2,4,2,0,0,0
"binder_permutation_prenex/CORRECT/generated_cap004299.als","CORRECT",4,2,4,2,0,0,0
"binder_permutation_prenex/CORRECT/generated_cap004300.als","CORRECT",4,2,4,2,0,0,0
"binder_permutation_prenex/CORRECT/generated_cap004301.als","CORRECT",4,2,4,2,0,0,0
"binder_permutation_prenex/CORRECT/generated_cap004302.als","CORRECT",4,2,4,2,0,0,0
"binder_permutation_prenex/CORRECT/generated_cap004303.als","CORRECT",4,2,4,2,0,0,0
"binder_permutation_prenex/CORRECT/generated_cap004304.als","CORRECT",4,2,4,2,0,0,0
"binder_permutation_prenex/CORRECT/generated_cap004305.als","CORRECT",4,2,4,2,0,0,0
"binder_permutation_prenex/CORRECT/generated_cap004306.als","CORRECT",4,2,4,2,0,0,0
"binder_permutation_prenex/CORRECT/generated_cap004307.als","CORRECT",4,2,4,2,0,0,0
"binder_permutation_prenex/CORRECT/generated_cap004308.als","CORRECT",4,2,4,2,0,0,0
"binder_permutation_prenex/CORRECT/generated_cap004309.als","CORRECT",4,2,4,2,0,0,0
"binder_permutation_prenex/CORRECT/generated_cap004310.als","CORRECT",4,2,4,2,0,0,0
"binder_permutation_prenex/CORRECT/generated_cap004311.als","CORRECT",4,2,4,2,0,0,0
"binder_permutation_prenex/CORRECT/generated_cap004312.als","CORRECT",4,2,4,2,0,0,0
"binder_permutation_prenex/CORRECT/generated_cap004313.als","CORRECT",4,2,4,2,0,0,0
"binder_permutation_prenex/CORRECT/generated_cap004314.als","CORRECT",4,2,4,2,0,0,0
"binder_permutation_prenex/CORRECT/generated_cap004315.als","CORRECT",4,2,4,2,0,0,0
"binder_permutation_prenex/CORRECT/generated_cap004316.als","CORRECT",4,2,4,2,0,0,0
"binder_permutation_prenex/CORRECT/generated_cap004317.als","CORRECT",4,2,4,2,0,0,0
"binder_permutation_prenex/CORRECT/generated_cap004318.als","CORRECT",4,2,4,2,0,0,0
"binder_permutation_prenex/CORRECT/generated_cap004319.als","CORRECT",4,2,4,2,0,0,0
"binder_permutation_prenex/CORRECT/generated_cap004320.als","CORRECT",4,2,4,2,0,0,0
"binder_permutation_prenex/CORRECT/generated_cap004321.als","CORRECT",4,2,4,2,0,0,0
"binder_permutation_prenex/CORRECT/generated_cap004322.als","CORRECT",0,0,0,0,0,0,0
"binder_permutation_prenex/CORRECT/generated_cap004323.als","CORRECT",4,2,4,2,0,0,0
"binder_permutation_prenex/CORRECT/generated_cap004324.als","CORRECT",4,2,4,2,0,0,0
"binder_permutation_prenex/CORRECT/generated_cap004325.als","CORRECT",4,2,4,2,0,0,0
"binder_permutation_prenex/CORRECT/generated_cap004326.als","CORRECT",4,2,4,2,0,0,0
"binder_permutation_prenex/CORRECT/generated_cap004327.als","CORRECT",4,2,4,2,0,0,0
"binder_permutation_prenex/CORRECT/generated_cap004328.als","CORRECT",4,2,4,2,0,0,0
"binder_permutation_prenex/CORRECT/generated_cap004329.als","CORRECT",4,2,4,2,0,0,0
"binder_permutation_prenex/CORRECT/generated_cap004330.als","CORRECT",4,2,4,2,0,0,0
"binder_permutation_prenex/CORRECT/generated_cap004331.als","CORRECT",4,2,4,2,0,0,0
"binder_permutation_prenex/CORRECT/generated_cap004332.als","CORRECT",4,2,4,2,0,0,0
"binder_permutation_prenex/CORRECT/generated_cap004333.als","CORRECT",4,2,4,2,0,0,0
"binder_permutation_prenex/CORRECT/generated_cap004334.als","CORRECT",4,2,4,2,0,0,0
"binder_permutation_prenex/CORRECT/generated_cap004335.als","CORRECT",4,2,4,2,0,0,0
"binder_permutation_prenex/CORRECT/generated_cap004336.als","CORRECT",4,2,4,2,0,0,0
"binder_permutation_prenex/CORRECT/generated_cap004337.als","CORRECT",4,2,4,2,0,0,0
"binder_permutation_prenex/CORRECT/generated_cap004338.als","CORRECT",4,2,4,2,0,0,0
"binder_permutation_prenex/CORRECT/generated_cap004339.als","CORRECT",4,2,4,2,0,0,0
"binder_permutation_prenex/CORRECT/generated_cap004340.als","CORRECT",4,2,4,2,0,0,0
"binder_permutation_prenex/CORRECT/generated_cap004341.als","CORRECT",4,2,4,2,0,0,0
"binder_permutation_prenex/CORRECT/generated_cap004342.als","CORRECT",4,2,4,2,0,0,0
"binder_permutation_prenex/CORRECT/generated_cap004343.als","CORRECT",4,2,4,2,0,0,0
"binder_permutation_prenex/CORRECT/generated_cap004344.als","CORRECT",4,2,4,2,0,0,0
"binder_permutation_prenex/CORRECT/generated_cap004345.als","CORRECT",4,2,4,2,0,0,0
"binder_permutation_prenex/CORRECT/generated_cap004346.als","CORRECT",4,2,4,2,0,0,0
"binder_permutation_prenex/CORRECT/generated_cap004347.als","CORRECT",4,2,4,2,0,0,0
"binder_permutation_prenex/CORRECT/generated_cap004348.als","CORRECT",4,2,4,2,0,0,0
"binder_permutation_prenex/CORRECT/generated_cap004349.als","CORRECT",4,2,4,2,0,0,0
"binder_permutation_prenex/CORRECT/generated_cap004350.als","CORRECT",4,2,4,2,0,0,0
"binder_permutation_prenex/CORRECT/generated_cap004351.als","CORRECT",4,2,4,2,0,0,0
"binder_permutation_prenex/CORRECT/generated_cap004352.als","CORRECT",4,2,4,2,0,0,0
"binder_permutation_prenex/CORRECT/generated_cap004353.als","CORRECT",4,2,4,2,0,0,0
"binder_permutation_prenex/CORRECT/generated_cap004354.als","CORRECT",4,2,4,2,0,0,0
"binder_permutation_prenex/CORRECT/generated_cap004355.als","CORRECT",4,2,4,2,0,0,0
"binder_permutation_prenex/CORRECT/generated_cap004356.als","CORRECT",4,2,4,2,0,0,0
"binder_permutation_prenex/CORRECT/generated_cap004357.als","CORRECT",4,2,4,2,0,0,0
"binder_permutation_prenex/CORRECT/generated_cap004358.als","CORRECT",4,2,4,2,0,0,0
"binder_permutation_prenex/CORRECT/generated_cap004359.als","CORRECT",4,2,4,2,0,0,0
"binder_permutation_prenex/CORRECT/generated_cap004360.als","CORRECT",4,2,4,2,0,0,0
"binder_permutation_prenex/CORRECT/generated_cap004361.als","CORRECT",4,2,4,2,0,0,0
"binder_permutation_prenex/CORRECT/generated_cap004362.als","CORRECT",4,2,4,2,0,0,0
"binder_permutation_prenex/CORRECT/generated_cap004363.als","CORRECT",4,2,4,2,0,0,0
"binder_permutation_prenex/CORRECT/generated_cap004364.als","CORRECT",4,2,4,2,0,0,0
"binder_permutation_prenex/CORRECT/generated_cap004365.als","CORRECT",4,2,4,2,0,0,0
"binder_permutation_prenex/CORRECT/generated_cap004366.als","CORRECT",4,2,4,2,0,0,0
"binder_permutation_prenex/CORRECT/generated_cap004367.als","CORRECT",4,2,4,2,0,0,0
"binder_permutation_prenex/CORRECT/generated_cap004368.als","CORRECT",4,2,4,2,0,0,0
"binder_permutation_prenex/CORRECT/generated_cap004369.als","CORRECT",4,2,4,2,0,0,0
"binder_permutation_prenex/CORRECT/generated_cap004370.als","CORRECT",4,2,4,2,0,0,0
"binder_permutation_prenex/CORRECT/generated_cap004371.als","CORRECT",4,2,4,2,0,0,0
"binder_permutation_prenex/CORRECT/generated_cap004372.als","CORRECT",4,2,4,2,0,0,0
"binder_permutation_prenex/CORRECT/generated_cap004373.als","CORRECT",4,2,4,2,0,0,0
"binder_permutation_prenex/CORRECT/generated_cap004374.als","CORRECT",4,2,4,2,0,0,0
"binder_permutation_prenex/CORRECT/generated_cap004375.als","CORRECT",4,2,4,2,0,0,0
"binder_permutation_prenex/CORRECT/generated_cap004376.als","CORRECT",4,2,4,2,0,0,0
"binder_permutation_prenex/CORRECT/generated_cap004377.als","CORRECT",4,2,4,2,0,0,0
"binder_permutation_prenex/CORRECT/generated_cap004378.als","CORRECT",4,2,4,2,0,0,0
"binder_permutation_prenex/CORRECT/generated_cap004379.als","CORRECT",4,2,4,2,0,0,0
"binder_permutation_prenex/CORRECT/generated_cap004380.als","CORRECT",4,2,4,2,0,0,0
"binder_permutation_prenex/CORRECT/generated_cap004381.als","CORRECT",4,2,4,2,0,0,0
"binder_permutation_prenex/CORRECT/generated_cap004382.als","CORRECT",4,2,4,2,0,0,0
"binder_permutation_prenex/CORRECT/generated_cap004383.als","CORRECT",4,2,4,2,0,0,0
"binder_permutation_prenex/CORRECT/generated_cap004384.als","CORRECT",4,2,4,2,0,0,0
"binder_permutation_prenex/CORRECT/generated_cap004385.als","CORRECT",4,2,4,2,0,0,0
"binder_permutation_prenex/CORRECT/generated_cap004386.als","CORRECT",0,0,0,0,0,0,0
"binder_permutation_prenex/CORRECT/generated_cap004387.als","CORRECT",4,2,4,2,0,0,0
"binder_permutation_prenex/CORRECT/generated_cap004388.als","CORRECT",4,2,4,2,0,0,0
"binder_permutation_prenex/CORRECT/generated_cap004389.als","CORRECT",4,2,4,2,0,0,0
"binder_permutation_prenex/CORRECT/generated_cap004390.als","CORRECT",4,2,4,2,0,0,0
"binder_permutation_prenex/CORRECT/generated_cap004391.als","CORRECT",4,2,4,2,0,0,0
"binder_permutation_prenex/CORRECT/generated_cap004392.als","CORRECT",4,2,4,2,0,0,0
"binder_permutation_prenex/CORRECT/generated_cap004393.als","CORRECT",4,2,4,2,0,0,0
"binder_permutation_prenex/CORRECT/generated_cap004394.als","CORRECT",4,2,4,2,0,0,0
"binder_permutation_prenex/CORRECT/generated_cap004395.als","CORRECT",4,2,4,2,0,0,0
"binder_permutation_prenex/CORRECT/generated_cap004396.als","CORRECT",4,2,4,2,0,0,0
"binder_permutation_prenex/CORRECT/generated_cap004397.als","CORRECT",4,2,4,2,0,0,0
"binder_permutation_prenex/CORRECT/generated_cap004398.als","CORRECT",4,2,4,2,0,0,0
"binder_permutation_prenex/CORRECT/generated_cap004399.als","CORRECT",4,2,4,2,0,0,0
"binder_permutation_prenex/CORRECT/generated_cap004400.als","CORRECT",4,2,4,2,0,0,0
"binder_permutation_prenex/CORRECT/generated_cap004401.als","CORRECT",4,2,4,2,0,0,0
"binder_permutation_prenex/CORRECT/generated_cap004402.als","CORRECT",4,2,4,2,0,0,0
"binder_permutation_prenex/CORRECT/generated_cap004403.als","CORRECT",4,2,4,2,0,0,0
"binder_permutation_prenex/CORRECT/generated_cap004404.als","CORRECT",4,2,4,2,0,0,0
"binder_permutation_prenex/CORRECT/generated_cap004405.als","CORRECT",4,2,4,2,0,0,0
"binder_permutation_prenex/CORRECT/generated_cap004406.als","CORRECT",4,2,4,2,0,0,0
"binder_permutation_prenex/CORRECT/generated_cap004407.als","CORRECT",4,2,4,2,0,0,0
"binder_permutation_prenex/CORRECT/generated_cap004408.als","CORRECT",4,2,4,2,0,0,0
"binder_permutation_prenex/CORRECT/generated_cap004409.als","CORRECT",4,2,4,2,0,0,0
"binder_permutation_prenex/CORRECT/generated_cap004410.als","CORRECT",4,2,4,2,0,0,0
"binder_permutation_prenex/CORRECT/generated_cap004411.als","CORRECT",4,2,4,2,0,0,0
"binder_permutation_prenex/CORRECT/generated_cap004412.als","CORRECT",4,2,4,2,0,0,0
"binder_permutation_prenex/CORRECT/generated_cap004413.als","CORRECT",4,2,4,2,0,0,0
"binder_permutation_prenex/CORRECT/generated_cap004414.als","CORRECT",4,2,4,2,0,0,0
"binder_permutation_prenex/CORRECT/generated_cap004415.als","CORRECT",4,2,4,2,0,0,0
"binder_permutation_prenex/CORRECT/generated_cap004416.als","CORRECT",4,2,4,2,0,0,0
"binder_permutation_prenex/CORRECT/generated_cap004417.als","CORRECT",4,2,4,2,0,0,0
"binder_permutation_prenex/CORRECT/generated_cap004418.als","CORRECT",4,2,4,2,0,0,0
"binder_permutation_prenex/CORRECT/generated_cap004419.als","CORRECT",4,2,4,2,0,0,0
"binder_permutation_prenex/CORRECT/generated_cap004420.als","CORRECT",4,2,4,2,0,0,0
"binder_permutation_prenex/CORRECT/generated_cap004421.als","CORRECT",4,2,4,2,0,0,0
"binder_permutation_prenex/CORRECT/generated_cap004422.als","CORRECT",4,2,4,2,0,0,0
"binder_permutation_prenex/CORRECT/generated_cap004423.als","CORRECT",4,2,4,2,0,0,0
"binder_permutation_prenex/CORRECT/generated_cap004424.als","CORRECT",4,2,4,2,0,0,0
"binder_permutation_prenex/CORRECT/generated_cap004425.als","CORRECT",4,2,4,2,0,0,0
"binder_permutation_prenex/CORRECT/generated_cap004426.als","CORRECT",4,2,4,2,0,0,0
"binder_permutation_prenex/CORRECT/generated_cap004427.als","CORRECT",4,2,4,2,0,0,0
"binder_permutation_prenex/CORRECT/generated_cap004428.als","CORRECT",4,2,4,2,0,0,0
"binder_permutation_prenex/CORRECT/generated_cap004429.als","CORRECT",4,2,4,2,0,0,0
"binder_permutation_prenex/CORRECT/generated_cap004430.als","CORRECT",4,2,4,2,0,0,0
"binder_permutation_prenex/CORRECT/generated_cap004431.als","CORRECT",4,2,4,2,0,0,0
"binder_permutation_prenex/CORRECT/generated_cap004432.als","CORRECT",4,2,4,2,0,0,0
"binder_permutation_prenex/CORRECT/generated_cap004433.als","CORRECT",4,2,4,2,0,0,0
"binder_permutation_prenex/CORRECT/generated_cap004434.als","CORRECT",4,2,4,2,0,0,0
"binder_permutation_prenex/CORRECT/generated_cap004435.als","CORRECT",4,2,4,2,0,0,0
"binder_permutation_prenex/CORRECT/generated_cap004436.als","CORRECT",4,2,4,2,0,0,0
"binder_permutation_prenex/CORRECT/generated_cap004437.als","CORRECT",4,2,4,2,0,0,0
"binder_permutation_prenex/CORRECT/generated_cap004438.als","CORRECT",4,2,4,2,0,0,0
"binder_permutation_prenex/CORRECT/generated_cap004439.als","CORRECT",4,2,4,2,0,0,0
"binder_permutation_prenex/CORRECT/generated_cap004440.als","CORRECT",4,2,4,2,0,0,0
"binder_permutation_prenex/CORRECT/generated_cap004441.als","CORRECT",4,2,4,2,0,0,0
"binder_permutation_prenex/CORRECT/generated_cap004442.als","CORRECT",4,2,4,2,0,0,0
"binder_permutation_prenex/CORRECT/generated_cap004443.als","CORRECT",4,2,4,2,0,0,0
"binder_permutation_prenex/CORRECT/generated_cap004444.als","CORRECT",4,2,4,2,0,0,0
"binder_permutation_prenex/CORRECT/generated_cap004445.als","CORRECT",4,2,4,2,0,0,0
"binder_permutation_prenex/CORRECT/generated_cap004446.als","CORRECT",4,2,4,2,0,0,0
"binder_permutation_prenex/CORRECT/generated_cap004447.als","CORRECT",4,2,4,2,0,0,0
"binder_permutation_prenex/CORRECT/generated_cap004448.als","CORRECT",4,2,4,2,0,0,0
"binder_permutation_prenex/CORRECT/generated_cap004449.als","CORRECT",4,2,4,2,0,0,0
"binder_permutation_prenex/CORRECT/generated_cap004450.als","CORRECT",0,0,0,0,0,0,0
"binder_permutation_prenex/CORRECT/generated_cap004451.als","CORRECT",4,2,4,2,0,0,0
"binder_permutation_prenex/CORRECT/generated_cap004452.als","CORRECT",4,2,4,2,0,0,0
"binder_permutation_prenex/CORRECT/generated_cap004453.als","CORRECT",4,2,4,2,0,0,0
"binder_permutation_prenex/CORRECT/generated_cap004454.als","CORRECT",4,2,4,2,0,0,0
"binder_permutation_prenex/CORRECT/generated_cap004455.als","CORRECT",4,2,4,2,0,0,0
"binder_permutation_prenex/CORRECT/generated_cap004456.als","CORRECT",4,2,4,2,0,0,0
"binder_permutation_prenex/CORRECT/generated_cap004457.als","CORRECT",4,2,4,2,0,0,0
"binder_permutation_prenex/CORRECT/generated_cap004458.als","CORRECT",4,2,4,2,0,0,0
"binder_permutation_prenex/CORRECT/generated_cap004459.als","CORRECT",4,2,4,2,0,0,0
"binder_permutation_prenex/CORRECT/generated_cap004460.als","CORRECT",4,2,4,2,0,0,0
"binder_permutation_prenex/CORRECT/generated_cap004461.als","CORRECT",4,2,4,2,0,0,0
"binder_permutation_prenex/CORRECT/generated_cap004462.als","CORRECT",4,2,4,2,0,0,0
"binder_permutation_prenex/CORRECT/generated_cap004463.als","CORRECT",4,2,4,2,0,0,0
"binder_permutation_prenex/CORRECT/generated_cap004464.als","CORRECT",4,2,4,2,0,0,0
"binder_permutation_prenex/CORRECT/generated_cap004465.als","CORRECT",4,2,4,2,0,0,0
"binder_permutation_prenex/CORRECT/generated_cap004466.als","CORRECT",4,2,4,2,0,0,0
"binder_permutation_prenex/CORRECT/generated_cap004467.als","CORRECT",4,2,4,2,0,0,0
"binder_permutation_prenex/CORRECT/generated_cap004468.als","CORRECT",4,2,4,2,0,0,0
"binder_permutation_prenex/CORRECT/generated_cap004469.als","CORRECT",4,2,4,2,0,0,0
"binder_permutation_prenex/CORRECT/generated_cap004470.als","CORRECT",4,2,4,2,0,0,0
"binder_permutation_prenex/CORRECT/generated_cap004471.als","CORRECT",4,2,4,2,0,0,0
"binder_permutation_prenex/CORRECT/generated_cap004472.als","CORRECT",4,2,4,2,0,0,0
"binder_permutation_prenex/CORRECT/generated_cap004473.als","CORRECT",4,2,4,2,0,0,0
"binder_permutation_prenex/CORRECT/generated_cap004474.als","CORRECT",4,2,4,2,0,0,0
"binder_permutation_prenex/CORRECT/generated_cap004475.als","CORRECT",4,2,4,2,0,0,0
"binder_permutation_prenex/CORRECT/generated_cap004476.als","CORRECT",4,2,4,2,0,0,0
"binder_permutation_prenex/CORRECT/generated_cap004477.als","CORRECT",4,2,4,2,0,0,0
"binder_permutation_prenex/CORRECT/generated_cap004478.als","CORRECT",4,2,4,2,0,0,0
"binder_permutation_prenex/CORRECT/generated_cap004479.als","CORRECT",4,2,4,2,0,0,0
"binder_permutation_prenex/CORRECT/generated_cap004480.als","CORRECT",4,2,4,2,0,0,0
"binder_permutation_prenex/CORRECT/generated_cap004481.als","CORRECT",4,2,4,2,0,0,0
"binder_permutation_prenex/CORRECT/generated_cap004482.als","CORRECT",4,2,4,2,0,0,0
"binder_permutation_prenex/CORRECT/generated_cap004483.als","CORRECT",4,2,4,2,0,0,0
"binder_permutation_prenex/CORRECT/generated_cap004484.als","CORRECT",4,2,4,2,0,0,0
"binder_permutation_prenex/CORRECT/generated_cap004485.als","CORRECT",4,2,4,2,0,0,0
"binder_permutation_prenex/CORRECT/generated_cap004486.als","CORRECT",4,2,4,2,0,0,0
"binder_permutation_prenex/CORRECT/generated_cap004487.als","CORRECT",4,2,4,2,0,0,0
"binder_permutation_prenex/CORRECT/generated_cap004488.als","CORRECT",4,2,4,2,0,0,0
"binder_permutation_prenex/CORRECT/generated_cap004489.als","CORRECT",4,2,4,2,0,0,0
"binder_permutation_prenex/CORRECT/generated_cap004490.als","CORRECT",4,2,4,2,0,0,0
"binder_permutation_prenex/CORRECT/generated_cap004491.als","CORRECT",4,2,4,2,0,0,0
"binder_permutation_prenex/CORRECT/generated_cap004492.als","CORRECT",4,2,4,2,0,0,0
"binder_permutation_prenex/CORRECT/generated_cap004493.als","CORRECT",4,2,4,2,0,0,0
"binder_permutation_prenex/CORRECT/generated_cap004494.als","CORRECT",4,2,4,2,0,0,0
"binder_permutation_prenex/CORRECT/generated_cap004495.als","CORRECT",4,2,4,2,0,0,0
"binder_permutation_prenex/CORRECT/generated_cap004496.als","CORRECT",4,2,4,2,0,0,0
"binder_permutation_prenex/CORRECT/generated_cap004497.als","CORRECT",4,2,4,2,0,0,0
"binder_permutation_prenex/CORRECT/generated_cap004498.als","CORRECT",4,2,4,2,0,0,0
"binder_permutation_prenex/CORRECT/generated_cap004499.als","CORRECT",4,2,4,2,0,0,0
"logical_normalization/CORRECT/generated_cap002000.als","CORRECT",0,0,0,0,0,0,0
"logical_normalization/CORRECT/generated_cap002001.als","CORRECT",0,0,0,0,0,0,0
"logical_normalization/CORRECT/generated_cap002002.als","CORRECT",0,0,0,0,0,0,0
"logical_normalization/CORRECT/generated_cap002003.als","CORRECT",0,0,0,0,0,0,0
"logical_normalization/CORRECT/generated_cap002004.als","CORRECT",0,0,0,0,0,0,0
"logical_normalization/CORRECT/generated_cap002005.als","CORRECT",0,0,0,0,0,0,0
"logical_normalization/CORRECT/generated_cap002006.als","CORRECT",0,0,0,0,0,0,0
"logical_normalization/CORRECT/generated_cap002007.als","CORRECT",0,0,0,0,0,0,0
"logical_normalization/CORRECT/generated_cap002008.als","CORRECT",0,0,0,0,0,0,0
"logical_normalization/CORRECT/generated_cap002009.als","CORRECT",0,0,0,0,0,0,0
"logical_normalization/CORRECT/generated_cap002010.als","CORRECT",0,0,0,0,0,0,0
"logical_normalization/CORRECT/generated_cap002011.als","CORRECT",0,0,0,0,0,0,0
"logical_normalization/CORRECT/generated_cap002012.als","CORRECT",0,0,0,0,0,0,0
"logical_normalization/CORRECT/generated_cap002013.als","CORRECT",0,0,0,0,0,0,0
"logical_normalization/CORRECT/generated_cap002014.als","CORRECT",0,0,0,0,0,0,0
"logical_normalization/CORRECT/generated_cap002015.als","CORRECT",0,0,0,0,0,0,0
"logical_normalization/CORRECT/generated_cap002016.als","CORRECT",0,0,0,0,0,0,0
"logical_normalization/CORRECT/generated_cap002017.als","CORRECT",0,0,0,0,0,0,0
"logical_normalization/CORRECT/generated_cap002018.als","CORRECT",0,0,0,0,0,0,0
"logical_normalization/CORRECT/generated_cap002019.als","CORRECT",0,0,0,0,0,0,0
"logical_normalization/CORRECT/generated_cap002020.als","CORRECT",0,0,0,0,0,0,0
"logical_normalization/CORRECT/generated_cap002021.als","CORRECT",0,0,0,0,0,0,0
"logical_normalization/CORRECT/generated_cap002022.als","CORRECT",0,0,0,0,0,0,0
"logical_normalization/CORRECT/generated_cap002023.als","CORRECT",0,0,0,0,0,0,0
"logical_normalization/CORRECT/generated_cap002024.als","CORRECT",0,0,0,0,0,0,0
"logical_normalization/CORRECT/generated_cap002025.als","CORRECT",0,0,0,0,0,0,0
"logical_normalization/CORRECT/generated_cap002026.als","CORRECT",0,0,0,0,0,0,0
"logical_normalization/CORRECT/generated_cap002027.als","CORRECT",0,0,0,0,0,0,0
"logical_normalization/CORRECT/generated_cap002028.als","CORRECT",0,0,0,0,0,0,0
"logical_normalization/CORRECT/generated_cap002029.als","CORRECT",0,0,0,0,0,0,0
"logical_normalization/CORRECT/generated_cap002030.als","CORRECT",0,0,0,0,0,0,0
"logical_normalization/CORRECT/generated_cap002031.als","CORRECT",0,0,0,0,0,0,0
"logical_normalization/CORRECT/generated_cap002032.als","CORRECT",0,0,0,0,0,0,0
"logical_normalization/CORRECT/generated_cap002033.als","CORRECT",0,0,0,0,0,0,0
"logical_normalization/CORRECT/generated_cap002034.als","CORRECT",0,0,0,0,0,0,0
"logical_normalization/CORRECT/generated_cap002035.als","CORRECT",0,0,0,0,0,0,0
"logical_normalization/CORRECT/generated_cap002036.als","CORRECT",0,0,0,0,0,0,0
"logical_normalization/CORRECT/generated_cap002037.als","CORRECT",0,0,0,0,0,0,0
"logical_normalization/CORRECT/generated_cap002038.als","CORRECT",0,0,0,0,0,0,0
"logical_normalization/CORRECT/generated_cap002039.als","CORRECT",0,0,0,0,0,0,0
"logical_normalization/CORRECT/generated_cap002040.als","CORRECT",0,0,0,0,0,0,0
"logical_normalization/CORRECT/generated_cap002041.als","CORRECT",0,0,0,0,0,0,0
"logical_normalization/CORRECT/generated_cap002042.als","CORRECT",0,0,0,0,0,0,0
"logical_normalization/CORRECT/generated_cap002043.als","CORRECT",0,0,0,0,0,0,0
"logical_normalization/CORRECT/generated_cap002044.als","CORRECT",0,0,0,0,0,0,0
"logical_normalization/CORRECT/generated_cap002045.als","CORRECT",0,0,0,0,0,0,0
"logical_normalization/CORRECT/generated_cap002046.als","CORRECT",0,0,0,0,0,0,0
"logical_normalization/CORRECT/generated_cap002047.als","CORRECT",0,0,0,0,0,0,0
"logical_normalization/CORRECT/generated_cap002048.als","CORRECT",0,0,0,0,0,0,0
"logical_normalization/CORRECT/generated_cap002049.als","CORRECT",0,0,0,0,0,0,0
"logical_normalization/CORRECT/generated_cap002050.als","CORRECT",0,0,0,0,0,0,0
"logical_normalization/CORRECT/generated_cap002051.als","CORRECT",0,0,0,0,0,0,0
"logical_normalization/CORRECT/generated_cap002052.als","CORRECT",0,0,0,0,0,0,0
"logical_normalization/CORRECT/generated_cap002053.als","CORRECT",0,0,0,0,0,0,0
"logical_normalization/CORRECT/generated_cap002054.als","CORRECT",0,0,0,0,0,0,0
"logical_normalization/CORRECT/generated_cap002055.als","CORRECT",0,0,0,0,0,0,0
"logical_normalization/CORRECT/generated_cap002056.als","CORRECT",0,0,0,0,0,0,0
"logical_normalization/CORRECT/generated_cap002057.als","CORRECT",0,0,0,0,0,0,0
"logical_normalization/CORRECT/generated_cap002058.als","CORRECT",0,0,0,0,0,0,0
"logical_normalization/CORRECT/generated_cap002059.als","CORRECT",0,0,0,0,0,0,0
"logical_normalization/CORRECT/generated_cap002060.als","CORRECT",0,0,0,0,0,0,0
"logical_normalization/CORRECT/generated_cap002061.als","CORRECT",0,0,0,0,0,0,0
"logical_normalization/CORRECT/generated_cap002062.als","CORRECT",0,0,0,0,0,0,0
"logical_normalization/CORRECT/generated_cap002063.als","CORRECT",0,0,0,0,0,0,0
"logical_normalization/CORRECT/generated_cap002064.als","CORRECT",0,0,0,0,0,0,0
"logical_normalization/CORRECT/generated_cap002065.als","CORRECT",0,0,0,0,0,0,0
"logical_normalization/CORRECT/generated_cap002066.als","CORRECT",0,0,0,0,0,0,0
"logical_normalization/CORRECT/generated_cap002067.als","CORRECT",0,0,0,0,0,0,0
"logical_normalization/CORRECT/generated_cap002068.als","CORRECT",0,0,0,0,0,0,0
"logical_normalization/CORRECT/generated_cap002069.als","CORRECT",0,0,0,0,0,0,0
"logical_normalization/CORRECT/generated_cap002070.als","CORRECT",0,0,0,0,0,0,0
"logical_normalization/CORRECT/generated_cap002071.als","CORRECT",0,0,0,0,0,0,0
"logical_normalization/CORRECT/generated_cap002072.als","CORRECT",0,0,0,0,0,0,0
"logical_normalization/CORRECT/generated_cap002073.als","CORRECT",0,0,0,0,0,0,0
"logical_normalization/CORRECT/generated_cap002074.als","CORRECT",0,0,0,0,0,0,0
"logical_normalization/CORRECT/generated_cap002075.als","CORRECT",0,0,0,0,0,0,0
"logical_normalization/CORRECT/generated_cap002076.als","CORRECT",0,0,0,0,0,0,0
"logical_normalization/CORRECT/generated_cap002077.als","CORRECT",0,0,0,0,0,0,0
"logical_normalization/CORRECT/generated_cap002078.als","CORRECT",0,0,0,0,0,0,0
"logical_normalization/CORRECT/generated_cap002079.als","CORRECT",0,0,0,0,0,0,0
"logical_normalization/CORRECT/generated_cap002080.als","CORRECT",0,0,0,0,0,0,0
"logical_normalization/CORRECT/generated_cap002081.als","CORRECT",0,0,0,0,0,0,0
"logical_normalization/CORRECT/generated_cap002082.als","CORRECT",0,0,0,0,0,0,0
"logical_normalization/CORRECT/generated_cap002083.als","CORRECT",0,0,0,0,0,0,0
"logical_normalization/CORRECT/generated_cap002084.als","CORRECT",0,0,0,0,0,0,0
"logical_normalization/CORRECT/generated_cap002085.als","CORRECT",0,0,0,0,0,0,0
"logical_normalization/CORRECT/generated_cap002086.als","CORRECT",0,0,0,0,0,0,0
"logical_normalization/CORRECT/generated_cap002087.als","CORRECT",0,0,0,0,0,0,0
"logical_normalization/CORRECT/generated_cap002088.als","CORRECT",0,0,0,0,0,0,0
"logical_normalization/CORRECT/generated_cap002089.als","CORRECT",0,0,0,0,0,0,0
"logical_normalization/CORRECT/generated_cap002090.als","CORRECT",0,0,0,0,0,0,0
"logical_normalization/CORRECT/generated_cap002091.als","CORRECT",0,0,0,0,0,0,0
"logical_normalization/CORRECT/generated_cap002092.als","CORRECT",0,0,0,0,0,0,0
"logical_normalization/CORRECT/generated_cap002093.als","CORRECT",0,0,0,0,0,0,0
"logical_normalization/CORRECT/generated_cap002094.als","CORRECT",0,0,0,0,0,0,0
"logical_normalization/CORRECT/generated_cap002095.als","CORRECT",0,0,0,0,0,0,0
"logical_normalization/CORRECT/generated_cap002096.als","CORRECT",0,0,0,0,0,0,0
"logical_normalization/CORRECT/generated_cap002097.als","CORRECT",0,0,0,0,0,0,0
"logical_normalization/CORRECT/generated_cap002098.als","CORRECT",0,0,0,0,0,0,0
"logical_normalization/CORRECT/generated_cap002099.als","CORRECT",0,0,0,0,0,0,0
"logical_normalization/CORRECT/generated_cap002100.als","CORRECT",0,0,0,0,0,0,0
"logical_normalization/CORRECT/generated_cap002101.als","CORRECT",0,0,0,0,0,0,0
"logical_normalization/CORRECT/generated_cap002102.als","CORRECT",0,0,0,0,0,0,0
"logical_normalization/CORRECT/generated_cap002103.als","CORRECT",0,0,0,0,0,0,0
"logical_normalization/CORRECT/generated_cap002104.als","CORRECT",0,0,0,0,0,0,0
"logical_normalization/CORRECT/generated_cap002105.als","CORRECT",0,0,0,0,0,0,0
"logical_normalization/CORRECT/generated_cap002106.als","CORRECT",0,0,0,0,0,0,0
"logical_normalization/CORRECT/generated_cap002107.als","CORRECT",0,0,0,0,0,0,0
"logical_normalization/CORRECT/generated_cap002108.als","CORRECT",0,0,0,0,0,0,0
"logical_normalization/CORRECT/generated_cap002109.als","CORRECT",0,0,0,0,0,0,0
"logical_normalization/CORRECT/generated_cap002110.als","CORRECT",0,0,0,0,0,0,0
"logical_normalization/CORRECT/generated_cap002111.als","CORRECT",0,0,0,0,0,0,0
"logical_normalization/CORRECT/generated_cap002112.als","CORRECT",0,0,0,0,0,0,0
"logical_normalization/CORRECT/generated_cap002113.als","CORRECT",0,0,0,0,0,0,0
"logical_normalization/CORRECT/generated_cap002114.als","CORRECT",0,0,0,0,0,0,0
"logical_normalization/CORRECT/generated_cap002115.als","CORRECT",0,0,0,0,0,0,0
"logical_normalization/CORRECT/generated_cap002116.als","CORRECT",0,0,0,0,0,0,0
"logical_normalization/CORRECT/generated_cap002117.als","CORRECT",0,0,0,0,0,0,0
"logical_normalization/CORRECT/generated_cap002118.als","CORRECT",0,0,0,0,0,0,0
"logical_normalization/CORRECT/generated_cap002119.als","CORRECT",0,0,0,0,0,0,0
"logical_normalization/CORRECT/generated_cap002120.als","CORRECT",0,0,0,0,0,0,0
"logical_normalization/CORRECT/generated_cap002121.als","CORRECT",0,0,0,0,0,0,0
"logical_normalization/CORRECT/generated_cap002122.als","CORRECT",0,0,0,0,0,0,0
"logical_normalization/CORRECT/generated_cap002123.als","CORRECT",0,0,0,0,0,0,0
"logical_normalization/CORRECT/generated_cap002124.als","CORRECT",0,0,0,0,0,0,0
"logical_normalization/CORRECT/generated_cap002125.als","CORRECT",0,0,0,0,0,0,0
"logical_normalization/CORRECT/generated_cap002126.als","CORRECT",0,0,0,0,0,0,0
"logical_normalization/CORRECT/generated_cap002127.als","CORRECT",0,0,0,0,0,0,0
"logical_normalization/CORRECT/generated_cap002128.als","CORRECT",0,0,0,0,0,0,0
"logical_normalization/CORRECT/generated_cap002129.als","CORRECT",0,0,0,0,0,0,0
"logical_normalization/CORRECT/generated_cap002130.als","CORRECT",0,0,0,0,0,0,0
"logical_normalization/CORRECT/generated_cap002131.als","CORRECT",0,0,0,0,0,0,0
"logical_normalization/CORRECT/generated_cap002132.als","CORRECT",0,0,0,0,0,0,0
"logical_normalization/CORRECT/generated_cap002133.als","CORRECT",0,0,0,0,0,0,0
"logical_normalization/CORRECT/generated_cap002134.als","CORRECT",0,0,0,0,0,0,0
"logical_normalization/CORRECT/generated_cap002135.als","CORRECT",0,0,0,0,0,0,0
"logical_normalization/CORRECT/generated_cap002136.als","CORRECT",0,0,0,0,0,0,0
"logical_normalization/CORRECT/generated_cap002137.als","CORRECT",0,0,0,0,0,0,0
"logical_normalization/CORRECT/generated_cap002138.als","CORRECT",0,0,0,0,0,0,0
"logical_normalization/CORRECT/generated_cap002139.als","CORRECT",0,0,0,0,0,0,0
"logical_normalization/CORRECT/generated_cap002140.als","CORRECT",0,0,0,0,0,0,0
"logical_normalization/CORRECT/generated_cap002141.als","CORRECT",0,0,0,0,0,0,0
"logical_normalization/CORRECT/generated_cap002142.als","CORRECT",0,0,0,0,0,0,0
"logical_normalization/CORRECT/generated_cap002143.als","CORRECT",0,0,0,0,0,0,0
"logical_normalization/CORRECT/generated_cap002144.als","CORRECT",0,0,0,0,0,0,0
"logical_normalization/CORRECT/generated_cap002145.als","CORRECT",0,0,0,0,0,0,0
"logical_normalization/CORRECT/generated_cap002146.als","CORRECT",0,0,0,0,0,0,0
"logical_normalization/CORRECT/generated_cap002147.als","CORRECT",0,0,0,0,0,0,0
"logical_normalization/CORRECT/generated_cap002148.als","CORRECT",0,0,0,0,0,0,0
"logical_normalization/CORRECT/generated_cap002149.als","CORRECT",0,0,0,0,0,0,0
"logical_normalization/CORRECT/generated_cap002150.als","CORRECT",0,0,0,0,0,0,0
"logical_normalization/CORRECT/generated_cap002151.als","CORRECT",0,0,0,0,0,0,0
"logical_normalization/CORRECT/generated_cap002152.als","CORRECT",0,0,0,0,0,0,0
"logical_normalization/CORRECT/generated_cap002153.als","CORRECT",0,0,0,0,0,0,0
"logical_normalization/CORRECT/generated_cap002154.als","CORRECT",0,0,0,0,0,0,0
"logical_normalization/CORRECT/generated_cap002155.als","CORRECT",0,0,0,0,0,0,0
"logical_normalization/CORRECT/generated_cap002156.als","CORRECT",0,0,0,0,0,0,0
"logical_normalization/CORRECT/generated_cap002157.als","CORRECT",0,0,0,0,0,0,0
"logical_normalization/CORRECT/generated_cap002158.als","CORRECT",0,0,0,0,0,0,0
"logical_normalization/CORRECT/generated_cap002159.als","CORRECT",0,0,0,0,0,0,0
"logical_normalization/CORRECT/generated_cap002160.als","CORRECT",0,0,0,0,0,0,0
"logical_normalization/CORRECT/generated_cap002161.als","CORRECT",0,0,0,0,0,0,0
"logical_normalization/CORRECT/generated_cap002162.als","CORRECT",0,0,0,0,0,0,0
"logical_normalization/CORRECT/generated_cap002163.als","CORRECT",0,0,0,0,0,0,0
"logical_normalization/CORRECT/generated_cap002164.als","CORRECT",0,0,0,0,0,0,0
"logical_normalization/CORRECT/generated_cap002165.als","CORRECT",0,0,0,0,0,0,0
"logical_normalization/CORRECT/generated_cap002166.als","CORRECT",0,0,0,0,0,0,0
"logical_normalization/CORRECT/generated_cap002167.als","CORRECT",0,0,0,0,0,0,0
"logical_normalization/CORRECT/generated_cap002168.als","CORRECT",0,0,0,0,0,0,0
"logical_normalization/CORRECT/generated_cap002169.als","CORRECT",0,0,0,0,0,0,0
"logical_normalization/CORRECT/generated_cap002170.als","CORRECT",0,0,0,0,0,0,0
"logical_normalization/CORRECT/generated_cap002171.als","CORRECT",0,0,0,0,0,0,0
"logical_normalization/CORRECT/generated_cap002172.als","CORRECT",0,0,0,0,0,0,0
"logical_normalization/CORRECT/generated_cap002173.als","CORRECT",0,0,0,0,0,0,0
"logical_normalization/CORRECT/generated_cap002174.als","CORRECT",0,0,0,0,0,0,0
"logical_normalization/CORRECT/generated_cap002175.als","CORRECT",0,0,0,0,0,0,0
"logical_normalization/CORRECT/generated_cap002176.als","CORRECT",0,0,0,0,0,0,0
"logical_normalization/CORRECT/generated_cap002177.als","CORRECT",0,0,0,0,0,0,0
"logical_normalization/CORRECT/generated_cap002178.als","CORRECT",0,0,0,0,0,0,0
"logical_normalization/CORRECT/generated_cap002179.als","CORRECT",0,0,0,0,0,0,0
"logical_normalization/CORRECT/generated_cap002180.als","CORRECT",0,0,0,0,0,0,0
"logical_normalization/CORRECT/generated_cap002181.als","CORRECT",0,0,0,0,0,0,0
"logical_normalization/CORRECT/generated_cap002182.als","CORRECT",0,0,0,0,0,0,0
"logical_normalization/CORRECT/generated_cap002183.als","CORRECT",0,0,0,0,0,0,0
"logical_normalization/CORRECT/generated_cap002184.als","CORRECT",0,0,0,0,0,0,0
"logical_normalization/CORRECT/generated_cap002185.als","CORRECT",0,0,0,0,0,0,0
"logical_normalization/CORRECT/generated_cap002186.als","CORRECT",0,0,0,0,0,0,0
"logical_normalization/CORRECT/generated_cap002187.als","CORRECT",0,0,0,0,0,0,0
"logical_normalization/CORRECT/generated_cap002188.als","CORRECT",0,0,0,0,0,0,0
"logical_normalization/CORRECT/generated_cap002189.als","CORRECT",0,0,0,0,0,0,0
"logical_normalization/CORRECT/generated_cap002190.als","CORRECT",0,0,0,0,0,0,0
"logical_normalization/CORRECT/generated_cap002191.als","CORRECT",0,0,0,0,0,0,0
"logical_normalization/CORRECT/generated_cap002192.als","CORRECT",0,0,0,0,0,0,0
"logical_normalization/CORRECT/generated_cap002193.als","CORRECT",0,0,0,0,0,0,0
"logical_normalization/CORRECT/generated_cap002194.als","CORRECT",0,0,0,0,0,0,0
"logical_normalization/CORRECT/generated_cap002195.als","CORRECT",0,0,0,0,0,0,0
"logical_normalization/CORRECT/generated_cap002196.als","CORRECT",0,0,0,0,0,0,0
"logical_normalization/CORRECT/generated_cap002197.als","CORRECT",0,0,0,0,0,0,0
"logical_normalization/CORRECT/generated_cap002198.als","CORRECT",0,0,0,0,0,0,0
"logical_normalization/CORRECT/generated_cap002199.als","CORRECT",0,0,0,0,0,0,0
"logical_normalization/CORRECT/generated_cap002200.als","CORRECT",0,0,0,0,0,0,0
"logical_normalization/CORRECT/generated_cap002201.als","CORRECT",0,0,0,0,0,0,0
"logical_normalization/CORRECT/generated_cap002202.als","CORRECT",0,0,0,0,0,0,0
"logical_normalization/CORRECT/generated_cap002203.als","CORRECT",0,0,0,0,0,0,0
"logical_normalization/CORRECT/generated_cap002204.als","CORRECT",0,0,0,0,0,0,0
"logical_normalization/CORRECT/generated_cap002205.als","CORRECT",0,0,0,0,0,0,0
"logical_normalization/CORRECT/generated_cap002206.als","CORRECT",0,0,0,0,0,0,0
"logical_normalization/CORRECT/generated_cap002207.als","CORRECT",0,0,0,0,0,0,0
"logical_normalization/CORRECT/generated_cap002208.als","CORRECT",0,0,0,0,0,0,0
"logical_normalization/CORRECT/generated_cap002209.als","CORRECT",0,0,0,0,0,0,0
"logical_normalization/CORRECT/generated_cap002210.als","CORRECT",0,0,0,0,0,0,0
"logical_normalization/CORRECT/generated_cap002211.als","CORRECT",0,0,0,0,0,0,0
"logical_normalization/CORRECT/generated_cap002212.als","CORRECT",0,0,0,0,0,0,0
"logical_normalization/CORRECT/generated_cap002213.als","CORRECT",0,0,0,0,0,0,0
"logical_normalization/CORRECT/generated_cap002214.als","CORRECT",0,0,0,0,0,0,0
"logical_normalization/CORRECT/generated_cap002215.als","CORRECT",0,0,0,0,0,0,0
"logical_normalization/CORRECT/generated_cap002216.als","CORRECT",0,0,0,0,0,0,0
"logical_normalization/CORRECT/generated_cap002217.als","CORRECT",0,0,0,0,0,0,0
"logical_normalization/CORRECT/generated_cap002218.als","CORRECT",0,0,0,0,0,0,0
"logical_normalization/CORRECT/generated_cap002219.als","CORRECT",0,0,0,0,0,0,0
"logical_normalization/CORRECT/generated_cap002220.als","CORRECT",0,0,0,0,0,0,0
"logical_normalization/CORRECT/generated_cap002221.als","CORRECT",0,0,0,0,0,0,0
"logical_normalization/CORRECT/generated_cap002222.als","CORRECT",0,0,0,0,0,0,0
"logical_normalization/CORRECT/generated_cap002223.als","CORRECT",0,0,0,0,0,0,0
"logical_normalization/CORRECT/generated_cap002224.als","CORRECT",0,0,0,0,0,0,0
"logical_normalization/CORRECT/generated_cap002225.als","CORRECT",0,0,0,0,0,0,0
"logical_normalization/CORRECT/generated_cap002226.als","CORRECT",0,0,0,0,0,0,0
"logical_normalization/CORRECT/generated_cap002227.als","CORRECT",0,0,0,0,0,0,0
"logical_normalization/CORRECT/generated_cap002228.als","CORRECT",0,0,0,0,0,0,0
"logical_normalization/CORRECT/generated_cap002229.als","CORRECT",0,0,0,0,0,0,0
"logical_normalization/CORRECT/generated_cap002230.als","CORRECT",0,0,0,0,0,0,0
"logical_normalization/CORRECT/generated_cap002231.als","CORRECT",0,0,0,0,0,0,0
"logical_normalization/CORRECT/generated_cap002232.als","CORRECT",0,0,0,0,0,0,0
"logical_normalization/CORRECT/generated_cap002233.als","CORRECT",0,0,0,0,0,0,0
"logical_normalization/CORRECT/generated_cap002234.als","CORRECT",0,0,0,0,0,0,0
"logical_normalization/CORRECT/generated_cap002235.als","CORRECT",0,0,0,0,0,0,0
"logical_normalization/CORRECT/generated_cap002236.als","CORRECT",0,0,0,0,0,0,0
"logical_normalization/CORRECT/generated_cap002237.als","CORRECT",0,0,0,0,0,0,0
"logical_normalization/CORRECT/generated_cap002238.als","CORRECT",0,0,0,0,0,0,0
"logical_normalization/CORRECT/generated_cap002239.als","CORRECT",0,0,0,0,0,0,0
"logical_normalization/CORRECT/generated_cap002240.als","CORRECT",0,0,0,0,0,0,0
"logical_normalization/CORRECT/generated_cap002241.als","CORRECT",0,0,0,0,0,0,0
"logical_normalization/CORRECT/generated_cap002242.als","CORRECT",0,0,0,0,0,0,0
"logical_normalization/CORRECT/generated_cap002243.als","CORRECT",0,0,0,0,0,0,0
"logical_normalization/CORRECT/generated_cap002244.als","CORRECT",0,0,0,0,0,0,0
"logical_normalization/CORRECT/generated_cap002245.als","CORRECT",0,0,0,0,0,0,0
"logical_normalization/CORRECT/generated_cap002246.als","CORRECT",0,0,0,0,0,0,0
"logical_normalization/CORRECT/generated_cap002247.als","CORRECT",0,0,0,0,0,0,0
"logical_normalization/CORRECT/generated_cap002248.als","CORRECT",0,0,0,0,0,0,0
"logical_normalization/CORRECT/generated_cap002249.als","CORRECT",0,0,0,0,0,0,0
"logical_normalization/CORRECT/generated_cap002250.als","CORRECT",0,0,0,0,0,0,0
"logical_normalization/CORRECT/generated_cap002251.als","CORRECT",0,0,0,0,0,0,0
"logical_normalization/CORRECT/generated_cap002252.als","CORRECT",0,0,0,0,0,0,0
"logical_normalization/CORRECT/generated_cap002253.als","CORRECT",0,0,0,0,0,0,0
"logical_normalization/CORRECT/generated_cap002254.als","CORRECT",0,0,0,0,0,0,0
"logical_normalization/CORRECT/generated_cap002255.als","CORRECT",0,0,0,0,0,0,0
"logical_normalization/CORRECT/generated_cap002256.als","CORRECT",0,0,0,0,0,0,0
"logical_normalization/CORRECT/generated_cap002257.als","CORRECT",0,0,0,0,0,0,0
"logical_normalization/CORRECT/generated_cap002258.als","CORRECT",0,0,0,0,0,0,0
"logical_normalization/CORRECT/generated_cap002259.als","CORRECT",0,0,0,0,0,0,0
"logical_normalization/CORRECT/generated_cap002260.als","CORRECT",0,0,0,0,0,0,0
"logical_normalization/CORRECT/generated_cap002261.als","CORRECT",0,0,0,0,0,0,0
"logical_normalization/CORRECT/generated_cap002262.als","CORRECT",0,0,0,0,0,0,0
"logical_normalization/CORRECT/generated_cap002263.als","CORRECT",0,0,0,0,0,0,0
"logical_normalization/CORRECT/generated_cap002264.als","CORRECT",0,0,0,0,0,0,0
"logical_normalization/CORRECT/generated_cap002265.als","CORRECT",0,0,0,0,0,0,0
"logical_normalization/CORRECT/generated_cap002266.als","CORRECT",0,0,0,0,0,0,0
"logical_normalization/CORRECT/generated_cap002267.als","CORRECT",0,0,0,0,0,0,0
"logical_normalization/CORRECT/generated_cap002268.als","CORRECT",0,0,0,0,0,0,0
"logical_normalization/CORRECT/generated_cap002269.als","CORRECT",0,0,0,0,0,0,0
"logical_normalization/CORRECT/generated_cap002270.als","CORRECT",0,0,0,0,0,0,0
"logical_normalization/CORRECT/generated_cap002271.als","CORRECT",0,0,0,0,0,0,0
"logical_normalization/CORRECT/generated_cap002272.als","CORRECT",0,0,0,0,0,0,0
"logical_normalization/CORRECT/generated_cap002273.als","CORRECT",0,0,0,0,0,0,0
"logical_normalization/CORRECT/generated_cap002274.als","CORRECT",0,0,0,0,0,0,0
"logical_normalization/CORRECT/generated_cap002275.als","CORRECT",0,0,0,0,0,0,0
"logical_normalization/CORRECT/generated_cap002276.als","CORRECT",0,0,0,0,0,0,0
"logical_normalization/CORRECT/generated_cap002277.als","CORRECT",0,0,0,0,0,0,0
"logical_normalization/CORRECT/generated_cap002278.als","CORRECT",0,0,0,0,0,0,0
"logical_normalization/CORRECT/generated_cap002279.als","CORRECT",0,0,0,0,0,0,0
"logical_normalization/CORRECT/generated_cap002280.als","CORRECT",0,0,0,0,0,0,0
"logical_normalization/CORRECT/generated_cap002281.als","CORRECT",0,0,0,0,0,0,0
"logical_normalization/CORRECT/generated_cap002282.als","CORRECT",0,0,0,0,0,0,0
"logical_normalization/CORRECT/generated_cap002283.als","CORRECT",0,0,0,0,0,0,0
"logical_normalization/CORRECT/generated_cap002284.als","CORRECT",0,0,0,0,0,0,0
"logical_normalization/CORRECT/generated_cap002285.als","CORRECT",0,0,0,0,0,0,0
"logical_normalization/CORRECT/generated_cap002286.als","CORRECT",0,0,0,0,0,0,0
"logical_normalization/CORRECT/generated_cap002287.als","CORRECT",0,0,0,0,0,0,0
"logical_normalization/CORRECT/generated_cap002288.als","CORRECT",0,0,0,0,0,0,0
"logical_normalization/CORRECT/generated_cap002289.als","CORRECT",0,0,0,0,0,0,0
"logical_normalization/CORRECT/generated_cap002290.als","CORRECT",0,0,0,0,0,0,0
"logical_normalization/CORRECT/generated_cap002291.als","CORRECT",0,0,0,0,0,0,0
"logical_normalization/CORRECT/generated_cap002292.als","CORRECT",0,0,0,0,0,0,0
"logical_normalization/CORRECT/generated_cap002293.als","CORRECT",0,0,0,0,0,0,0
"logical_normalization/CORRECT/generated_cap002294.als","CORRECT",0,0,0,0,0,0,0
"logical_normalization/CORRECT/generated_cap002295.als","CORRECT",0,0,0,0,0,0,0
"logical_normalization/CORRECT/generated_cap002296.als","CORRECT",0,0,0,0,0,0,0
"logical_normalization/CORRECT/generated_cap002297.als","CORRECT",0,0,0,0,0,0,0
"logical_normalization/CORRECT/generated_cap002298.als","CORRECT",0,0,0,0,0,0,0
"logical_normalization/CORRECT/generated_cap002299.als","CORRECT",0,0,0,0,0,0,0
"logical_normalization/CORRECT/generated_cap002300.als","CORRECT",0,0,0,0,0,0,0
"logical_normalization/CORRECT/generated_cap002301.als","CORRECT",0,0,0,0,0,0,0
"logical_normalization/CORRECT/generated_cap002302.als","CORRECT",0,0,0,0,0,0,0
"logical_normalization/CORRECT/generated_cap002303.als","CORRECT",0,0,0,0,0,0,0
"logical_normalization/CORRECT/generated_cap002304.als","CORRECT",0,0,0,0,0,0,0
"logical_normalization/CORRECT/generated_cap002305.als","CORRECT",0,0,0,0,0,0,0
"logical_normalization/CORRECT/generated_cap002306.als","CORRECT",0,0,0,0,0,0,0
"logical_normalization/CORRECT/generated_cap002307.als","CORRECT",0,0,0,0,0,0,0
"logical_normalization/CORRECT/generated_cap002308.als","CORRECT",0,0,0,0,0,0,0
"logical_normalization/CORRECT/generated_cap002309.als","CORRECT",0,0,0,0,0,0,0
"logical_normalization/CORRECT/generated_cap002310.als","CORRECT",0,0,0,0,0,0,0
"logical_normalization/CORRECT/generated_cap002311.als","CORRECT",0,0,0,0,0,0,0
"logical_normalization/CORRECT/generated_cap002312.als","CORRECT",0,0,0,0,0,0,0
"logical_normalization/CORRECT/generated_cap002313.als","CORRECT",0,0,0,0,0,0,0
"logical_normalization/CORRECT/generated_cap002314.als","CORRECT",0,0,0,0,0,0,0
"logical_normalization/CORRECT/generated_cap002315.als","CORRECT",0,0,0,0,0,0,0
"logical_normalization/CORRECT/generated_cap002316.als","CORRECT",0,0,0,0,0,0,0
"logical_normalization/CORRECT/generated_cap002317.als","CORRECT",0,0,0,0,0,0,0
"logical_normalization/CORRECT/generated_cap002318.als","CORRECT",0,0,0,0,0,0,0
"logical_normalization/CORRECT/generated_cap002319.als","CORRECT",0,0,0,0,0,0,0
"logical_normalization/CORRECT/generated_cap002320.als","CORRECT",0,0,0,0,0,0,0
"logical_normalization/CORRECT/generated_cap002321.als","CORRECT",0,0,0,0,0,0,0
"logical_normalization/CORRECT/generated_cap002322.als","CORRECT",0,0,0,0,0,0,0
"logical_normalization/CORRECT/generated_cap002323.als","CORRECT",0,0,0,0,0,0,0
"logical_normalization/CORRECT/generated_cap002324.als","CORRECT",0,0,0,0,0,0,0
"logical_normalization/CORRECT/generated_cap002325.als","CORRECT",0,0,0,0,0,0,0
"logical_normalization/CORRECT/generated_cap002326.als","CORRECT",0,0,0,0,0,0,0
"logical_normalization/CORRECT/generated_cap002327.als","CORRECT",0,0,0,0,0,0,0
"logical_normalization/CORRECT/generated_cap002328.als","CORRECT",0,0,0,0,0,0,0
"logical_normalization/CORRECT/generated_cap002329.als","CORRECT",0,0,0,0,0,0,0
"logical_normalization/CORRECT/generated_cap002330.als","CORRECT",0,0,0,0,0,0,0
"logical_normalization/CORRECT/generated_cap002331.als","CORRECT",0,0,0,0,0,0,0
"logical_normalization/CORRECT/generated_cap002332.als","CORRECT",0,0,0,0,0,0,0
"logical_normalization/CORRECT/generated_cap002333.als","CORRECT",0,0,0,0,0,0,0
"logical_normalization/CORRECT/generated_cap002334.als","CORRECT",0,0,0,0,0,0,0
"logical_normalization/CORRECT/generated_cap002335.als","CORRECT",0,0,0,0,0,0,0
"logical_normalization/CORRECT/generated_cap002336.als","CORRECT",0,0,0,0,0,0,0
"logical_normalization/CORRECT/generated_cap002337.als","CORRECT",0,0,0,0,0,0,0
"logical_normalization/CORRECT/generated_cap002338.als","CORRECT",0,0,0,0,0,0,0
"logical_normalization/CORRECT/generated_cap002339.als","CORRECT",0,0,0,0,0,0,0
"logical_normalization/CORRECT/generated_cap002340.als","CORRECT",0,0,0,0,0,0,0
"logical_normalization/CORRECT/generated_cap002341.als","CORRECT",0,0,0,0,0,0,0
"logical_normalization/CORRECT/generated_cap002342.als","CORRECT",0,0,0,0,0,0,0
"logical_normalization/CORRECT/generated_cap002343.als","CORRECT",0,0,0,0,0,0,0
"logical_normalization/CORRECT/generated_cap002344.als","CORRECT",0,0,0,0,0,0,0
"logical_normalization/CORRECT/generated_cap002345.als","CORRECT",0,0,0,0,0,0,0
"logical_normalization/CORRECT/generated_cap002346.als","CORRECT",0,0,0,0,0,0,0
"logical_normalization/CORRECT/generated_cap002347.als","CORRECT",0,0,0,0,0,0,0
"logical_normalization/CORRECT/generated_cap002348.als","CORRECT",0,0,0,0,0,0,0
"logical_normalization/CORRECT/generated_cap002349.als","CORRECT",0,0,0,0,0,0,0
"logical_normalization/CORRECT/generated_cap002350.als","CORRECT",0,0,0,0,0,0,0
"logical_normalization/CORRECT/generated_cap002351.als","CORRECT",0,0,0,0,0,0,0
"logical_normalization/CORRECT/generated_cap002352.als","CORRECT",0,0,0,0,0,0,0
"logical_normalization/CORRECT/generated_cap002353.als","CORRECT",0,0,0,0,0,0,0
"logical_normalization/CORRECT/generated_cap002354.als","CORRECT",0,0,0,0,0,0,0
"logical_normalization/CORRECT/generated_cap002355.als","CORRECT",0,0,0,0,0,0,0
"logical_normalization/CORRECT/generated_cap002356.als","CORRECT",0,0,0,0,0,0,0
"logical_normalization/CORRECT/generated_cap002357.als","CORRECT",0,0,0,0,0,0,0
"logical_normalization/CORRECT/generated_cap002358.als","CORRECT",0,0,0,0,0,0,0
"logical_normalization/CORRECT/generated_cap002359.als","CORRECT",0,0,0,0,0,0,0
"logical_normalization/CORRECT/generated_cap002360.als","CORRECT",0,0,0,0,0,0,0
"logical_normalization/CORRECT/generated_cap002361.als","CORRECT",0,0,0,0,0,0,0
"logical_normalization/CORRECT/generated_cap002362.als","CORRECT",0,0,0,0,0,0,0
"logical_normalization/CORRECT/generated_cap002363.als","CORRECT",0,0,0,0,0,0,0
"logical_normalization/CORRECT/generated_cap002364.als","CORRECT",0,0,0,0,0,0,0
"logical_normalization/CORRECT/generated_cap002365.als","CORRECT",0,0,0,0,0,0,0
"logical_normalization/CORRECT/generated_cap002366.als","CORRECT",0,0,0,0,0,0,0
"logical_normalization/CORRECT/generated_cap002367.als","CORRECT",0,0,0,0,0,0,0
"logical_normalization/CORRECT/generated_cap002368.als","CORRECT",0,0,0,0,0,0,0
"logical_normalization/CORRECT/generated_cap002369.als","CORRECT",0,0,0,0,0,0,0
"logical_normalization/CORRECT/generated_cap002370.als","CORRECT",0,0,0,0,0,0,0
"logical_normalization/CORRECT/generated_cap002371.als","CORRECT",0,0,0,0,0,0,0
"logical_normalization/CORRECT/generated_cap002372.als","CORRECT",0,0,0,0,0,0,0
"logical_normalization/CORRECT/generated_cap002373.als","CORRECT",0,0,0,0,0,0,0
"logical_normalization/CORRECT/generated_cap002374.als","CORRECT",0,0,0,0,0,0,0
"logical_normalization/CORRECT/generated_cap002375.als","CORRECT",0,0,0,0,0,0,0
"logical_normalization/CORRECT/generated_cap002376.als","CORRECT",0,0,0,0,0,0,0
"logical_normalization/CORRECT/generated_cap002377.als","CORRECT",0,0,0,0,0,0,0
"logical_normalization/CORRECT/generated_cap002378.als","CORRECT",0,0,0,0,0,0,0
"logical_normalization/CORRECT/generated_cap002379.als","CORRECT",0,0,0,0,0,0,0
"logical_normalization/CORRECT/generated_cap002380.als","CORRECT",0,0,0,0,0,0,0
"logical_normalization/CORRECT/generated_cap002381.als","CORRECT",0,0,0,0,0,0,0
"logical_normalization/CORRECT/generated_cap002382.als","CORRECT",0,0,0,0,0,0,0
"logical_normalization/CORRECT/generated_cap002383.als","CORRECT",0,0,0,0,0,0,0
"logical_normalization/CORRECT/generated_cap002384.als","CORRECT",0,0,0,0,0,0,0
"logical_normalization/CORRECT/generated_cap002385.als","CORRECT",0,0,0,0,0,0,0
"logical_normalization/CORRECT/generated_cap002386.als","CORRECT",0,0,0,0,0,0,0
"logical_normalization/CORRECT/generated_cap002387.als","CORRECT",0,0,0,0,0,0,0
"logical_normalization/CORRECT/generated_cap002388.als","CORRECT",0,0,0,0,0,0,0
"logical_normalization/CORRECT/generated_cap002389.als","CORRECT",0,0,0,0,0,0,0
"logical_normalization/CORRECT/generated_cap002390.als","CORRECT",0,0,0,0,0,0,0
"logical_normalization/CORRECT/generated_cap002391.als","CORRECT",0,0,0,0,0,0,0
"logical_normalization/CORRECT/generated_cap002392.als","CORRECT",0,0,0,0,0,0,0
"logical_normalization/CORRECT/generated_cap002393.als","CORRECT",0,0,0,0,0,0,0
"logical_normalization/CORRECT/generated_cap002394.als","CORRECT",0,0,0,0,0,0,0
"logical_normalization/CORRECT/generated_cap002395.als","CORRECT",0,0,0,0,0,0,0
"logical_normalization/CORRECT/generated_cap002396.als","CORRECT",0,0,0,0,0,0,0
"logical_normalization/CORRECT/generated_cap002397.als","CORRECT",0,0,0,0,0,0,0
"logical_normalization/CORRECT/generated_cap002398.als","CORRECT",0,0,0,0,0,0,0
"logical_normalization/CORRECT/generated_cap002399.als","CORRECT",0,0,0,0,0,0,0
"logical_normalization/CORRECT/generated_cap002400.als","CORRECT",0,0,0,0,0,0,0
"logical_normalization/CORRECT/generated_cap002401.als","CORRECT",0,0,0,0,0,0,0
"logical_normalization/CORRECT/generated_cap002402.als","CORRECT",0,0,0,0,0,0,0
"logical_normalization/CORRECT/generated_cap002403.als","CORRECT",0,0,0,0,0,0,0
"logical_normalization/CORRECT/generated_cap002404.als","CORRECT",0,0,0,0,0,0,0
"logical_normalization/CORRECT/generated_cap002405.als","CORRECT",0,0,0,0,0,0,0
"logical_normalization/CORRECT/generated_cap002406.als","CORRECT",0,0,0,0,0,0,0
"logical_normalization/CORRECT/generated_cap002407.als","CORRECT",0,0,0,0,0,0,0
"logical_normalization/CORRECT/generated_cap002408.als","CORRECT",0,0,0,0,0,0,0
"logical_normalization/CORRECT/generated_cap002409.als","CORRECT",0,0,0,0,0,0,0
"logical_normalization/CORRECT/generated_cap002410.als","CORRECT",0,0,0,0,0,0,0
"logical_normalization/CORRECT/generated_cap002411.als","CORRECT",0,0,0,0,0,0,0
"logical_normalization/CORRECT/generated_cap002412.als","CORRECT",0,0,0,0,0,0,0
"logical_normalization/CORRECT/generated_cap002413.als","CORRECT",0,0,0,0,0,0,0
"logical_normalization/CORRECT/generated_cap002414.als","CORRECT",0,0,0,0,0,0,0
"logical_normalization/CORRECT/generated_cap002415.als","CORRECT",0,0,0,0,0,0,0
"logical_normalization/CORRECT/generated_cap002416.als","CORRECT",0,0,0,0,0,0,0
"logical_normalization/CORRECT/generated_cap002417.als","CORRECT",0,0,0,0,0,0,0
"logical_normalization/CORRECT/generated_cap002418.als","CORRECT",0,0,0,0,0,0,0
"logical_normalization/CORRECT/generated_cap002419.als","CORRECT",0,0,0,0,0,0,0
"logical_normalization/CORRECT/generated_cap002420.als","CORRECT",0,0,0,0,0,0,0
"logical_normalization/CORRECT/generated_cap002421.als","CORRECT",0,0,0,0,0,0,0
"logical_normalization/CORRECT/generated_cap002422.als","CORRECT",0,0,0,0,0,0,0
"logical_normalization/CORRECT/generated_cap002423.als","CORRECT",0,0,0,0,0,0,0
"logical_normalization/CORRECT/generated_cap002424.als","CORRECT",0,0,0,0,0,0,0
"logical_normalization/CORRECT/generated_cap002425.als","CORRECT",0,0,0,0,0,0,0
"logical_normalization/CORRECT/generated_cap002426.als","CORRECT",0,0,0,0,0,0,0
"logical_normalization/CORRECT/generated_cap002427.als","CORRECT",0,0,0,0,0,0,0
"logical_normalization/CORRECT/generated_cap002428.als","CORRECT",0,0,0,0,0,0,0
"logical_normalization/CORRECT/generated_cap002429.als","CORRECT",0,0,0,0,0,0,0
"logical_normalization/CORRECT/generated_cap002430.als","CORRECT",0,0,0,0,0,0,0
"logical_normalization/CORRECT/generated_cap002431.als","CORRECT",0,0,0,0,0,0,0
"logical_normalization/CORRECT/generated_cap002432.als","CORRECT",0,0,0,0,0,0,0
"logical_normalization/CORRECT/generated_cap002433.als","CORRECT",0,0,0,0,0,0,0
"logical_normalization/CORRECT/generated_cap002434.als","CORRECT",0,0,0,0,0,0,0
"logical_normalization/CORRECT/generated_cap002435.als","CORRECT",0,0,0,0,0,0,0
"logical_normalization/CORRECT/generated_cap002436.als","CORRECT",0,0,0,0,0,0,0
"logical_normalization/CORRECT/generated_cap002437.als","CORRECT",0,0,0,0,0,0,0
"logical_normalization/CORRECT/generated_cap002438.als","CORRECT",0,0,0,0,0,0,0
"logical_normalization/CORRECT/generated_cap002439.als","CORRECT",0,0,0,0,0,0,0
"logical_normalization/CORRECT/generated_cap002440.als","CORRECT",0,0,0,0,0,0,0
"logical_normalization/CORRECT/generated_cap002441.als","CORRECT",0,0,0,0,0,0,0
"logical_normalization/CORRECT/generated_cap002442.als","CORRECT",0,0,0,0,0,0,0
"logical_normalization/CORRECT/generated_cap002443.als","CORRECT",0,0,0,0,0,0,0
"logical_normalization/CORRECT/generated_cap002444.als","CORRECT",0,0,0,0,0,0,0
"logical_normalization/CORRECT/generated_cap002445.als","CORRECT",0,0,0,0,0,0,0
"logical_normalization/CORRECT/generated_cap002446.als","CORRECT",0,0,0,0,0,0,0
"logical_normalization/CORRECT/generated_cap002447.als","CORRECT",0,0,0,0,0,0,0
"logical_normalization/CORRECT/generated_cap002448.als","CORRECT",0,0,0,0,0,0,0
"logical_normalization/CORRECT/generated_cap002449.als","CORRECT",0,0,0,0,0,0,0
"logical_normalization/CORRECT/generated_cap002450.als","CORRECT",0,0,0,0,0,0,0
"logical_normalization/CORRECT/generated_cap002451.als","CORRECT",0,0,0,0,0,0,0
"logical_normalization/CORRECT/generated_cap002452.als","CORRECT",0,0,0,0,0,0,0
"logical_normalization/CORRECT/generated_cap002453.als","CORRECT",0,0,0,0,0,0,0
"logical_normalization/CORRECT/generated_cap002454.als","CORRECT",0,0,0,0,0,0,0
"logical_normalization/CORRECT/generated_cap002455.als","CORRECT",0,0,0,0,0,0,0
"logical_normalization/CORRECT/generated_cap002456.als","CORRECT",0,0,0,0,0,0,0
"logical_normalization/CORRECT/generated_cap002457.als","CORRECT",0,0,0,0,0,0,0
"logical_normalization/CORRECT/generated_cap002458.als","CORRECT",0,0,0,0,0,0,0
"logical_normalization/CORRECT/generated_cap002459.als","CORRECT",0,0,0,0,0,0,0
"logical_normalization/CORRECT/generated_cap002460.als","CORRECT",0,0,0,0,0,0,0
"logical_normalization/CORRECT/generated_cap002461.als","CORRECT",0,0,0,0,0,0,0
"logical_normalization/CORRECT/generated_cap002462.als","CORRECT",0,0,0,0,0,0,0
"logical_normalization/CORRECT/generated_cap002463.als","CORRECT",0,0,0,0,0,0,0
"logical_normalization/CORRECT/generated_cap002464.als","CORRECT",0,0,0,0,0,0,0
"logical_normalization/CORRECT/generated_cap002465.als","CORRECT",0,0,0,0,0,0,0
"logical_normalization/CORRECT/generated_cap002466.als","CORRECT",0,0,0,0,0,0,0
"logical_normalization/CORRECT/generated_cap002467.als","CORRECT",0,0,0,0,0,0,0
"logical_normalization/CORRECT/generated_cap002468.als","CORRECT",0,0,0,0,0,0,0
"logical_normalization/CORRECT/generated_cap002469.als","CORRECT",0,0,0,0,0,0,0
"logical_normalization/CORRECT/generated_cap002470.als","CORRECT",0,0,0,0,0,0,0
"logical_normalization/CORRECT/generated_cap002471.als","CORRECT",0,0,0,0,0,0,0
"logical_normalization/CORRECT/generated_cap002472.als","CORRECT",0,0,0,0,0,0,0
"logical_normalization/CORRECT/generated_cap002473.als","CORRECT",0,0,0,0,0,0,0
"logical_normalization/CORRECT/generated_cap002474.als","CORRECT",0,0,0,0,0,0,0
"logical_normalization/CORRECT/generated_cap002475.als","CORRECT",0,0,0,0,0,0,0
"logical_normalization/CORRECT/generated_cap002476.als","CORRECT",0,0,0,0,0,0,0
"logical_normalization/CORRECT/generated_cap002477.als","CORRECT",0,0,0,0,0,0,0
"logical_normalization/CORRECT/generated_cap002478.als","CORRECT",0,0,0,0,0,0,0
"logical_normalization/CORRECT/generated_cap002479.als","CORRECT",0,0,0,0,0,0,0
"logical_normalization/CORRECT/generated_cap002480.als","CORRECT",0,0,0,0,0,0,0
"logical_normalization/CORRECT/generated_cap002481.als","CORRECT",0,0,0,0,0,0,0
"logical_normalization/CORRECT/generated_cap002482.als","CORRECT",0,0,0,0,0,0,0
"logical_normalization/CORRECT/generated_cap002483.als","CORRECT",0,0,0,0,0,0,0
"logical_normalization/CORRECT/generated_cap002484.als","CORRECT",0,0,0,0,0,0,0
"logical_normalization/CORRECT/generated_cap002485.als","CORRECT",0,0,0,0,0,0,0
"logical_normalization/CORRECT/generated_cap002486.als","CORRECT",0,0,0,0,0,0,0
"logical_normalization/CORRECT/generated_cap002487.als","CORRECT",0,0,0,0,0,0,0
"logical_normalization/CORRECT/generated_cap002488.als","CORRECT",0,0,0,0,0,0,0
"logical_normalization/CORRECT/generated_cap002489.als","CORRECT",0,0,0,0,0,0,0
"logical_normalization/CORRECT/generated_cap002490.als","CORRECT",0,0,0,0,0,0,0
"logical_normalization/CORRECT/generated_cap002491.als","CORRECT",0,0,0,0,0,0,0
"logical_normalization/CORRECT/generated_cap002492.als","CORRECT",0,0,0,0,0,0,0
"logical_normalization/CORRECT/generated_cap002493.als","CORRECT",0,0,0,0,0,0,0
"logical_normalization/CORRECT/generated_cap002494.als","CORRECT",0,0,0,0,0,0,0
"logical_normalization/CORRECT/generated_cap002495.als","CORRECT",0,0,0,0,0,0,0
"logical_normalization/CORRECT/generated_cap002496.als","CORRECT",0,0,0,0,0,0,0
"logical_normalization/CORRECT/generated_cap002497.als","CORRECT",0,0,0,0,0,0,0
"logical_normalization/CORRECT/generated_cap002498.als","CORRECT",0,0,0,0,0,0,0
"logical_normalization/CORRECT/generated_cap002499.als","CORRECT",0,0,0,0,0,0,0
"mixed/CORRECT/generated_cap005000.als","CORRECT",4,2,4,2,0,0,0
"mixed/CORRECT/generated_cap005001.als","CORRECT",4,2,4,2,0,0,0
"mixed/CORRECT/generated_cap005002.als","CORRECT",0,0,0,0,0,0,0
"mixed/CORRECT/generated_cap005003.als","CORRECT",4,2,4,2,0,0,0
"mixed/CORRECT/generated_cap005004.als","CORRECT",4,2,4,2,0,0,0
"mixed/CORRECT/generated_cap005005.als","CORRECT",4,2,4,2,0,0,0
"mixed/CORRECT/generated_cap005006.als","CORRECT",0,0,0,0,0,0,0
"mixed/CORRECT/generated_cap005007.als","CORRECT",4,2,4,2,0,0,0
"mixed/CORRECT/generated_cap005008.als","CORRECT",4,2,4,2,0,0,0
"mixed/CORRECT/generated_cap005009.als","CORRECT",4,2,4,2,0,0,0
"mixed/CORRECT/generated_cap005010.als","CORRECT",0,0,0,0,0,0,0
"mixed/CORRECT/generated_cap005011.als","CORRECT",4,2,4,2,0,0,0
"mixed/CORRECT/generated_cap005012.als","CORRECT",4,2,4,2,0,0,0
"mixed/CORRECT/generated_cap005013.als","CORRECT",4,2,4,2,0,0,0
"mixed/CORRECT/generated_cap005014.als","CORRECT",0,0,0,0,0,0,0
"mixed/CORRECT/generated_cap005015.als","CORRECT",4,2,4,2,0,0,0
"mixed/CORRECT/generated_cap005016.als","CORRECT",4,2,4,2,0,0,0
"mixed/CORRECT/generated_cap005017.als","CORRECT",4,2,4,2,0,0,0
"mixed/CORRECT/generated_cap005018.als","CORRECT",0,0,0,0,0,0,0
"mixed/CORRECT/generated_cap005019.als","CORRECT",4,2,4,2,0,0,0
"mixed/CORRECT/generated_cap005020.als","CORRECT",4,2,4,2,0,0,0
"mixed/CORRECT/generated_cap005021.als","CORRECT",0,0,0,0,0,0,0
"mixed/CORRECT/generated_cap005022.als","CORRECT",0,0,0,0,0,0,0
"mixed/CORRECT/generated_cap005023.als","CORRECT",4,2,4,2,0,0,0
"mixed/CORRECT/generated_cap005024.als","CORRECT",4,2,4,2,0,0,0
"mixed/CORRECT/generated_cap005025.als","CORRECT",4,2,4,2,0,0,0
"mixed/CORRECT/generated_cap005026.als","CORRECT",0,0,0,0,0,0,0
"mixed/CORRECT/generated_cap005027.als","CORRECT",4,2,4,2,0,0,0
"mixed/CORRECT/generated_cap005028.als","CORRECT",4,2,4,2,0,0,0
"mixed/CORRECT/generated_cap005029.als","CORRECT",0,0,0,0,0,0,0
"mixed/CORRECT/generated_cap005030.als","CORRECT",4,2,4,2,0,0,0
"mixed/CORRECT/generated_cap005031.als","CORRECT",4,2,4,2,0,0,0
"mixed/CORRECT/generated_cap005032.als","CORRECT",4,2,4,2,0,0,0
"mixed/CORRECT/generated_cap005033.als","CORRECT",0,0,0,0,0,0,0
"mixed/CORRECT/generated_cap005034.als","CORRECT",0,0,0,0,0,0,0
"mixed/CORRECT/generated_cap005035.als","CORRECT",4,2,4,2,0,0,0
"mixed/CORRECT/generated_cap005036.als","CORRECT",4,2,4,2,0,0,0
"mixed/CORRECT/generated_cap005037.als","CORRECT",4,2,4,2,0,0,0
"mixed/CORRECT/generated_cap005038.als","CORRECT",4,2,4,2,0,0,0
"mixed/CORRECT/generated_cap005039.als","CORRECT",4,2,4,2,0,0,0
"mixed/CORRECT/generated_cap005040.als","CORRECT",4,2,4,2,0,0,0
"mixed/CORRECT/generated_cap005041.als","CORRECT",4,2,4,2,0,0,0
"mixed/CORRECT/generated_cap005042.als","CORRECT",0,0,0,0,0,0,0
"mixed/CORRECT/generated_cap005043.als","CORRECT",4,2,4,2,0,0,0
"mixed/CORRECT/generated_cap005044.als","CORRECT",4,2,4,2,0,0,0
"mixed/CORRECT/generated_cap005045.als","CORRECT",4,2,4,2,0,0,0
"mixed/CORRECT/generated_cap005046.als","CORRECT",4,2,4,2,0,0,0
"mixed/CORRECT/generated_cap005047.als","CORRECT",4,2,4,2,0,0,0
"mixed/CORRECT/generated_cap005048.als","CORRECT",4,2,4,2,0,0,0
"mixed/CORRECT/generated_cap005049.als","CORRECT",4,2,4,2,0,0,0
"mixed/CORRECT/generated_cap005050.als","CORRECT",0,0,0,0,0,0,0
"mixed/CORRECT/generated_cap005051.als","CORRECT",4,2,4,2,0,0,0
"mixed/CORRECT/generated_cap005052.als","CORRECT",4,2,4,2,0,0,0
"mixed/CORRECT/generated_cap005053.als","CORRECT",4,2,4,2,0,0,0
"mixed/CORRECT/generated_cap005054.als","CORRECT",4,2,4,2,0,0,0
"mixed/CORRECT/generated_cap005055.als","CORRECT",4,2,4,2,0,0,0
"mixed/CORRECT/generated_cap005056.als","CORRECT",4,2,4,2,0,0,0
"mixed/CORRECT/generated_cap005057.als","CORRECT",4,2,4,2,0,0,0
"mixed/CORRECT/generated_cap005058.als","CORRECT",0,0,0,0,0,0,0
"mixed/CORRECT/generated_cap005059.als","CORRECT",4,2,4,2,0,0,0
"mixed/CORRECT/generated_cap005060.als","CORRECT",4,2,4,2,0,0,0
"mixed/CORRECT/generated_cap005061.als","CORRECT",4,2,4,2,0,0,0
"mixed/CORRECT/generated_cap005062.als","CORRECT",4,2,4,2,0,0,0
"mixed/CORRECT/generated_cap005063.als","CORRECT",4,2,4,2,0,0,0
"mixed/CORRECT/generated_cap005064.als","CORRECT",4,2,4,2,0,0,0
"mixed/CORRECT/generated_cap005065.als","CORRECT",4,2,4,2,0,0,0
"mixed/CORRECT/generated_cap005066.als","CORRECT",0,0,0,0,0,0,0
"mixed/CORRECT/generated_cap005067.als","CORRECT",4,2,4,2,0,0,0
"mixed/CORRECT/generated_cap005068.als","CORRECT",4,2,4,2,0,0,0
"mixed/CORRECT/generated_cap005069.als","CORRECT",4,2,4,2,0,0,0
"mixed/CORRECT/generated_cap005070.als","CORRECT",0,0,0,0,0,0,0
"mixed/CORRECT/generated_cap005071.als","CORRECT",4,2,4,2,0,0,0
"mixed/CORRECT/generated_cap005072.als","CORRECT",4,2,4,2,0,0,0
"mixed/CORRECT/generated_cap005073.als","CORRECT",0,0,0,0,0,0,0
"mixed/CORRECT/generated_cap005074.als","CORRECT",0,0,0,0,0,0,0
"mixed/CORRECT/generated_cap005075.als","CORRECT",4,2,4,2,0,0,0
"mixed/CORRECT/generated_cap005076.als","CORRECT",4,2,4,2,0,0,0
"mixed/CORRECT/generated_cap005077.als","CORRECT",4,2,4,2,0,0,0
"mixed/CORRECT/generated_cap005078.als","CORRECT",0,0,0,0,0,0,0
"mixed/CORRECT/generated_cap005079.als","CORRECT",4,2,4,2,0,0,0
"mixed/CORRECT/generated_cap005080.als","CORRECT",4,2,4,2,0,0,0
"mixed/CORRECT/generated_cap005081.als","CORRECT",4,2,4,2,0,0,0
"mixed/CORRECT/generated_cap005082.als","CORRECT",0,0,0,0,0,0,0
"mixed/CORRECT/generated_cap005083.als","CORRECT",4,2,4,2,0,0,0
"mixed/CORRECT/generated_cap005084.als","CORRECT",4,2,4,2,0,0,0
"mixed/CORRECT/generated_cap005085.als","CORRECT",0,0,0,0,0,0,0
"mixed/CORRECT/generated_cap005086.als","CORRECT",4,2,4,2,0,0,0
"mixed/CORRECT/generated_cap005087.als","CORRECT",4,2,4,2,0,0,0
"mixed/CORRECT/generated_cap005088.als","CORRECT",4,2,4,2,0,0,0
"mixed/CORRECT/generated_cap005089.als","CORRECT",4,2,4,2,0,0,0
"mixed/CORRECT/generated_cap005090.als","CORRECT",0,0,0,0,0,0,0
"mixed/CORRECT/generated_cap005091.als","CORRECT",0,0,0,0,0,0,0
"mixed/CORRECT/generated_cap005092.als","CORRECT",4,2,4,2,0,0,0
"mixed/CORRECT/generated_cap005093.als","CORRECT",4,2,4,2,0,0,0
"mixed/CORRECT/generated_cap005094.als","CORRECT",0,0,0,0,0,0,0
"mixed/CORRECT/generated_cap005095.als","CORRECT",4,2,4,2,0,0,0
"mixed/CORRECT/generated_cap005096.als","CORRECT",4,2,4,2,0,0,0
"mixed/CORRECT/generated_cap005097.als","CORRECT",4,2,4,2,0,0,0
"mixed/CORRECT/generated_cap005098.als","CORRECT",4,2,4,2,0,0,0
"mixed/CORRECT/generated_cap005099.als","CORRECT",4,2,4,2,0,0,0
"mixed/CORRECT/generated_cap005100.als","CORRECT",4,2,4,2,0,0,0
"mixed/CORRECT/generated_cap005101.als","CORRECT",4,2,4,2,0,0,0
"mixed/CORRECT/generated_cap005102.als","CORRECT",4,2,4,2,0,0,0
"mixed/CORRECT/generated_cap005103.als","CORRECT",4,2,4,2,0,0,0
"mixed/CORRECT/generated_cap005104.als","CORRECT",4,2,4,2,0,0,0
"mixed/CORRECT/generated_cap005105.als","CORRECT",4,2,4,2,0,0,0
"mixed/CORRECT/generated_cap005106.als","CORRECT",4,2,4,2,0,0,0
"mixed/CORRECT/generated_cap005107.als","CORRECT",4,2,4,2,0,0,0
"mixed/CORRECT/generated_cap005108.als","CORRECT",4,2,4,2,0,0,0
"mixed/CORRECT/generated_cap005109.als","CORRECT",4,2,4,2,0,0,0
"mixed/CORRECT/generated_cap005110.als","CORRECT",0,0,0,0,0,0,0
"mixed/CORRECT/generated_cap005111.als","CORRECT",4,2,4,2,0,0,0
"mixed/CORRECT/generated_cap005112.als","CORRECT",4,2,4,2,0,0,0
"mixed/CORRECT/generated_cap005113.als","CORRECT",4,2,4,2,0,0,0
"mixed/CORRECT/generated_cap005114.als","CORRECT",4,2,4,2,0,0,0
"mixed/CORRECT/generated_cap005115.als","CORRECT",4,2,4,2,0,0,0
"mixed/CORRECT/generated_cap005116.als","CORRECT",4,2,4,2,0,0,0
"mixed/CORRECT/generated_cap005117.als","CORRECT",4,2,4,2,0,0,0
"mixed/CORRECT/generated_cap005118.als","CORRECT",4,2,4,2,0,0,0
"mixed/CORRECT/generated_cap005119.als","CORRECT",4,2,4,2,0,0,0
"mixed/CORRECT/generated_cap005120.als","CORRECT",4,2,4,2,0,0,0
"mixed/CORRECT/generated_cap005121.als","CORRECT",4,2,4,2,0,0,0
"mixed/CORRECT/generated_cap005122.als","CORRECT",4,2,4,2,0,5,5
"mixed/CORRECT/generated_cap005123.als","CORRECT",4,2,4,2,0,0,0
"mixed/CORRECT/generated_cap005124.als","CORRECT",4,2,4,2,0,0,0
"mixed/CORRECT/generated_cap005125.als","CORRECT",4,2,4,2,0,0,0
"mixed/CORRECT/generated_cap005126.als","CORRECT",4,2,4,2,0,0,0
"mixed/CORRECT/generated_cap005127.als","CORRECT",4,2,4,2,0,0,0
"mixed/CORRECT/generated_cap005128.als","CORRECT",4,2,4,2,0,0,0
"mixed/CORRECT/generated_cap005129.als","CORRECT",4,2,4,2,0,0,0
"mixed/CORRECT/generated_cap005130.als","CORRECT",0,0,0,0,0,0,0
"mixed/CORRECT/generated_cap005131.als","CORRECT",4,2,4,2,0,0,0
"mixed/CORRECT/generated_cap005132.als","CORRECT",4,2,4,2,0,0,0
"mixed/CORRECT/generated_cap005133.als","CORRECT",4,2,4,2,0,0,0
"mixed/CORRECT/generated_cap005134.als","CORRECT",0,0,0,0,0,0,0
"mixed/CORRECT/generated_cap005135.als","CORRECT",4,2,4,2,0,0,0
"mixed/CORRECT/generated_cap005136.als","CORRECT",4,2,4,2,0,0,0
"mixed/CORRECT/generated_cap005137.als","CORRECT",4,2,4,2,0,0,0
"mixed/CORRECT/generated_cap005138.als","CORRECT",4,2,4,2,0,0,0
"mixed/CORRECT/generated_cap005139.als","CORRECT",4,2,4,2,0,0,0
"mixed/CORRECT/generated_cap005140.als","CORRECT",4,2,4,2,0,0,0
"mixed/CORRECT/generated_cap005141.als","CORRECT",4,2,4,2,0,0,0
"mixed/CORRECT/generated_cap005142.als","CORRECT",4,2,4,2,0,0,0
"mixed/CORRECT/generated_cap005143.als","CORRECT",4,2,4,2,0,0,0
"mixed/CORRECT/generated_cap005144.als","CORRECT",4,2,4,2,0,0,0
"mixed/CORRECT/generated_cap005145.als","CORRECT",4,2,4,2,0,0,0
"mixed/CORRECT/generated_cap005146.als","CORRECT",4,2,4,2,0,0,0
"mixed/CORRECT/generated_cap005147.als","CORRECT",4,2,4,2,0,0,0
"mixed/CORRECT/generated_cap005148.als","CORRECT",4,2,4,2,0,0,0
"mixed/CORRECT/generated_cap005149.als","CORRECT",0,0,0,0,0,0,0
"mixed/CORRECT/generated_cap005150.als","CORRECT",4,2,4,2,0,0,0
"mixed/CORRECT/generated_cap005151.als","CORRECT",4,2,4,2,0,0,0
"mixed/CORRECT/generated_cap005152.als","CORRECT",4,2,4,2,0,0,0
"mixed/CORRECT/generated_cap005153.als","CORRECT",4,2,4,2,0,0,0
"mixed/CORRECT/generated_cap005154.als","CORRECT",4,2,4,2,0,0,0
"mixed/CORRECT/generated_cap005155.als","CORRECT",4,2,4,2,0,0,0
"mixed/CORRECT/generated_cap005156.als","CORRECT",4,2,4,2,0,0,0
"mixed/CORRECT/generated_cap005157.als","CORRECT",4,2,4,2,0,0,0
"mixed/CORRECT/generated_cap005158.als","CORRECT",4,2,4,2,0,0,0
"mixed/CORRECT/generated_cap005159.als","CORRECT",4,2,4,2,0,0,0
"mixed/CORRECT/generated_cap005160.als","CORRECT",4,2,4,2,0,0,0
"mixed/CORRECT/generated_cap005161.als","CORRECT",4,2,4,2,0,0,0
"mixed/CORRECT/generated_cap005162.als","CORRECT",4,2,4,2,0,0,0
"mixed/CORRECT/generated_cap005163.als","CORRECT",4,2,4,2,0,0,0
"mixed/CORRECT/generated_cap005164.als","CORRECT",4,2,4,2,0,0,0
"mixed/CORRECT/generated_cap005165.als","CORRECT",4,2,4,2,0,0,0
"mixed/CORRECT/generated_cap005166.als","CORRECT",4,2,4,2,0,0,0
"mixed/CORRECT/generated_cap005167.als","CORRECT",4,2,4,2,0,0,0
"mixed/CORRECT/generated_cap005168.als","CORRECT",4,2,4,2,0,0,0
"mixed/CORRECT/generated_cap005169.als","CORRECT",4,2,4,2,0,0,0
"mixed/CORRECT/generated_cap005170.als","CORRECT",4,2,4,2,0,0,0
"mixed/CORRECT/generated_cap005171.als","CORRECT",4,2,4,2,0,0,0
"mixed/CORRECT/generated_cap005172.als","CORRECT",4,2,4,2,0,0,0
"mixed/CORRECT/generated_cap005173.als","CORRECT",4,2,4,2,0,0,0
"mixed/CORRECT/generated_cap005174.als","CORRECT",4,2,4,2,0,0,0
"mixed/CORRECT/generated_cap005175.als","CORRECT",4,2,4,2,0,0,0
"mixed/CORRECT/generated_cap005176.als","CORRECT",4,2,4,2,0,0,0
"mixed/CORRECT/generated_cap005177.als","CORRECT",4,2,4,2,0,0,0
"mixed/CORRECT/generated_cap005178.als","CORRECT",4,2,4,2,0,0,0
"mixed/CORRECT/generated_cap005179.als","CORRECT",4,2,4,2,0,0,0
"mixed/CORRECT/generated_cap005180.als","CORRECT",4,2,4,2,0,0,0
"mixed/CORRECT/generated_cap005181.als","CORRECT",4,2,4,2,0,0,0
"mixed/CORRECT/generated_cap005182.als","CORRECT",4,2,4,2,0,0,0
"mixed/CORRECT/generated_cap005183.als","CORRECT",4,2,4,2,0,0,0
"mixed/CORRECT/generated_cap005184.als","CORRECT",4,2,4,2,0,0,0
"mixed/CORRECT/generated_cap005185.als","CORRECT",4,2,4,2,0,0,0
"mixed/CORRECT/generated_cap005186.als","CORRECT",4,2,4,2,0,0,0
"mixed/CORRECT/generated_cap005187.als","CORRECT",4,2,4,2,0,0,0
"mixed/CORRECT/generated_cap005188.als","CORRECT",4,2,4,2,0,0,0
"mixed/CORRECT/generated_cap005189.als","CORRECT",4,2,4,2,0,0,0
"mixed/CORRECT/generated_cap005190.als","CORRECT",4,2,4,2,0,0,0
"mixed/CORRECT/generated_cap005191.als","CORRECT",4,2,4,2,0,0,0
"mixed/CORRECT/generated_cap005192.als","CORRECT",4,2,4,2,0,0,0
"mixed/CORRECT/generated_cap005193.als","CORRECT",4,2,4,2,0,0,0
"mixed/CORRECT/generated_cap005194.als","CORRECT",0,0,0,0,0,0,0
"mixed/CORRECT/generated_cap005195.als","CORRECT",4,2,4,2,0,0,0
"mixed/CORRECT/generated_cap005196.als","CORRECT",4,2,4,2,0,0,0
"mixed/CORRECT/generated_cap005197.als","CORRECT",4,2,4,2,0,0,0
"mixed/CORRECT/generated_cap005198.als","CORRECT",4,2,4,2,0,0,0
"mixed/CORRECT/generated_cap005199.als","CORRECT",4,2,4,2,0,0,0
"mixed/CORRECT/generated_cap005200.als","CORRECT",4,2,4,2,0,0,0
"mixed/CORRECT/generated_cap005201.als","CORRECT",4,2,4,2,0,0,0
"mixed/CORRECT/generated_cap005202.als","CORRECT",0,0,0,0,0,0,0
"mixed/CORRECT/generated_cap005203.als","CORRECT",4,2,4,2,0,0,0
"mixed/CORRECT/generated_cap005204.als","CORRECT",4,2,4,2,0,0,0
"mixed/CORRECT/generated_cap005205.als","CORRECT",4,2,4,2,0,0,0
"mixed/CORRECT/generated_cap005206.als","CORRECT",0,0,0,0,0,0,0
"mixed/CORRECT/generated_cap005207.als","CORRECT",4,2,4,2,0,0,0
"mixed/CORRECT/generated_cap005208.als","CORRECT",4,2,4,2,0,0,0
"mixed/CORRECT/generated_cap005209.als","CORRECT",4,2,4,2,0,0,0
"mixed/CORRECT/generated_cap005210.als","CORRECT",4,2,4,2,0,0,0
"mixed/CORRECT/generated_cap005211.als","CORRECT",4,2,4,2,0,0,0
"mixed/CORRECT/generated_cap005212.als","CORRECT",4,2,4,2,0,0,0
"mixed/CORRECT/generated_cap005213.als","CORRECT",0,0,0,0,0,0,0
"mixed/CORRECT/generated_cap005214.als","CORRECT",4,2,4,2,0,0,0
"mixed/CORRECT/generated_cap005215.als","CORRECT",4,2,4,2,0,0,0
"mixed/CORRECT/generated_cap005216.als","CORRECT",4,2,4,2,0,0,0
"mixed/CORRECT/generated_cap005217.als","CORRECT",4,2,4,2,0,0,0
"mixed/CORRECT/generated_cap005218.als","CORRECT",4,2,4,2,0,0,0
"mixed/CORRECT/generated_cap005219.als","CORRECT",4,2,4,2,0,0,0
"mixed/CORRECT/generated_cap005220.als","CORRECT",4,2,4,2,0,0,0
"mixed/CORRECT/generated_cap005221.als","CORRECT",4,2,4,2,0,0,0
"mixed/CORRECT/generated_cap005222.als","CORRECT",4,2,4,2,0,0,0
"mixed/CORRECT/generated_cap005223.als","CORRECT",4,2,4,2,0,0,0
"mixed/CORRECT/generated_cap005224.als","CORRECT",4,2,4,2,0,0,0
"mixed/CORRECT/generated_cap005225.als","CORRECT",4,2,4,2,0,0,0
"mixed/CORRECT/generated_cap005226.als","CORRECT",4,2,4,2,0,0,0
"mixed/CORRECT/generated_cap005227.als","CORRECT",4,2,4,2,0,0,0
"mixed/CORRECT/generated_cap005228.als","CORRECT",4,2,4,2,0,0,0
"mixed/CORRECT/generated_cap005229.als","CORRECT",4,2,4,2,0,0,0
"mixed/CORRECT/generated_cap005230.als","CORRECT",4,2,4,2,0,0,0
"mixed/CORRECT/generated_cap005231.als","CORRECT",4,2,4,2,0,0,0
"mixed/CORRECT/generated_cap005232.als","CORRECT",4,2,4,2,0,0,0
"mixed/CORRECT/generated_cap005233.als","CORRECT",4,2,4,2,0,0,0
"mixed/CORRECT/generated_cap005234.als","CORRECT",4,2,4,2,0,0,0
"mixed/CORRECT/generated_cap005235.als","CORRECT",4,2,4,2,0,0,0
"mixed/CORRECT/generated_cap005236.als","CORRECT",4,2,4,2,0,0,0
"mixed/CORRECT/generated_cap005237.als","CORRECT",4,2,4,2,0,0,0
"mixed/CORRECT/generated_cap005238.als","CORRECT",4,2,4,2,0,0,0
"mixed/CORRECT/generated_cap005239.als","CORRECT",4,2,4,2,0,0,0
"mixed/CORRECT/generated_cap005240.als","CORRECT",4,2,4,2,0,0,0
"mixed/CORRECT/generated_cap005241.als","CORRECT",4,2,4,2,0,0,0
"mixed/CORRECT/generated_cap005242.als","CORRECT",4,2,4,2,0,0,0
"mixed/CORRECT/generated_cap005243.als","CORRECT",4,2,4,2,0,0,0
"mixed/CORRECT/generated_cap005244.als","CORRECT",4,2,4,2,0,0,0
"mixed/CORRECT/generated_cap005245.als","CORRECT",4,2,4,2,0,0,0
"mixed/CORRECT/generated_cap005246.als","CORRECT",4,2,4,2,0,0,0
"mixed/CORRECT/generated_cap005247.als","CORRECT",4,2,4,2,0,0,0
"mixed/CORRECT/generated_cap005248.als","CORRECT",4,2,4,2,0,0,0
"mixed/CORRECT/generated_cap005249.als","CORRECT",4,2,4,2,0,0,0
"mixed/CORRECT/generated_cap005250.als","CORRECT",4,2,4,2,0,0,0
"mixed/CORRECT/generated_cap005251.als","CORRECT",4,2,4,2,0,0,0
"mixed/CORRECT/generated_cap005252.als","CORRECT",4,2,4,2,0,0,0
"mixed/CORRECT/generated_cap005253.als","CORRECT",4,2,4,2,0,0,0
"mixed/CORRECT/generated_cap005254.als","CORRECT",4,2,4,2,0,0,0
"mixed/CORRECT/generated_cap005255.als","CORRECT",4,2,4,2,0,0,0
"mixed/CORRECT/generated_cap005256.als","CORRECT",4,2,4,2,0,0,0
"mixed/CORRECT/generated_cap005257.als","CORRECT",4,2,4,2,0,0,0
"mixed/CORRECT/generated_cap005258.als","CORRECT",0,0,0,0,0,0,0
"mixed/CORRECT/generated_cap005259.als","CORRECT",4,2,4,2,0,0,0
"mixed/CORRECT/generated_cap005260.als","CORRECT",4,2,4,2,0,0,0
"mixed/CORRECT/generated_cap005261.als","CORRECT",4,2,4,2,0,0,0
"mixed/CORRECT/generated_cap005262.als","CORRECT",4,2,4,2,0,0,0
"mixed/CORRECT/generated_cap005263.als","CORRECT",4,2,4,2,0,0,0
"mixed/CORRECT/generated_cap005264.als","CORRECT",4,2,4,2,0,0,0
"mixed/CORRECT/generated_cap005265.als","CORRECT",4,2,4,2,0,0,0
"mixed/CORRECT/generated_cap005266.als","CORRECT",4,2,4,2,0,0,0
"mixed/CORRECT/generated_cap005267.als","CORRECT",4,2,4,2,0,0,0
"mixed/CORRECT/generated_cap005268.als","CORRECT",4,2,4,2,0,0,0
"mixed/CORRECT/generated_cap005269.als","CORRECT",4,2,4,2,0,0,0
"mixed/CORRECT/generated_cap005270.als","CORRECT",4,2,4,2,0,0,0
"mixed/CORRECT/generated_cap005271.als","CORRECT",4,2,4,2,0,0,0
"mixed/CORRECT/generated_cap005272.als","CORRECT",4,2,4,2,0,0,0
"mixed/CORRECT/generated_cap005273.als","CORRECT",4,2,4,2,0,0,0
"mixed/CORRECT/generated_cap005274.als","CORRECT",4,2,4,2,0,0,0
"mixed/CORRECT/generated_cap005275.als","CORRECT",4,2,4,2,0,0,0
"mixed/CORRECT/generated_cap005276.als","CORRECT",4,2,4,2,0,0,0
"mixed/CORRECT/generated_cap005277.als","CORRECT",0,0,0,0,0,0,0
"mixed/CORRECT/generated_cap005278.als","CORRECT",4,2,4,2,0,0,0
"mixed/CORRECT/generated_cap005279.als","CORRECT",4,2,4,2,0,0,0
"mixed/CORRECT/generated_cap005280.als","CORRECT",4,2,4,2,0,0,0
"mixed/CORRECT/generated_cap005281.als","CORRECT",4,2,4,2,0,0,0
"mixed/CORRECT/generated_cap005282.als","CORRECT",4,2,4,2,0,0,0
"mixed/CORRECT/generated_cap005283.als","CORRECT",4,2,4,2,0,0,0
"mixed/CORRECT/generated_cap005284.als","CORRECT",4,2,4,2,0,0,0
"mixed/CORRECT/generated_cap005285.als","CORRECT",4,2,4,2,0,0,0
"mixed/CORRECT/generated_cap005286.als","CORRECT",4,2,4,2,0,0,0
"mixed/CORRECT/generated_cap005287.als","CORRECT",4,2,4,2,0,0,0
"mixed/CORRECT/generated_cap005288.als","CORRECT",4,2,4,2,0,0,0
"mixed/CORRECT/generated_cap005289.als","CORRECT",4,2,4,2,0,0,0
"mixed/CORRECT/generated_cap005290.als","CORRECT",4,2,4,2,0,0,0
"mixed/CORRECT/generated_cap005291.als","CORRECT",4,2,4,2,0,0,0
"mixed/CORRECT/generated_cap005292.als","CORRECT",4,2,4,2,0,0,0
"mixed/CORRECT/generated_cap005293.als","CORRECT",4,2,4,2,0,0,0
"mixed/CORRECT/generated_cap005294.als","CORRECT",4,2,4,2,0,0,0
"mixed/CORRECT/generated_cap005295.als","CORRECT",4,2,4,2,0,0,0
"mixed/CORRECT/generated_cap005296.als","CORRECT",4,2,4,2,0,0,0
"mixed/CORRECT/generated_cap005297.als","CORRECT",4,2,4,2,0,0,0
"mixed/CORRECT/generated_cap005298.als","CORRECT",4,2,4,2,0,4,4
"mixed/CORRECT/generated_cap005299.als","CORRECT",4,2,4,2,0,0,0
"mixed/CORRECT/generated_cap005300.als","CORRECT",4,2,4,2,0,0,0
"mixed/CORRECT/generated_cap005301.als","CORRECT",4,2,4,2,0,0,0
"mixed/CORRECT/generated_cap005302.als","CORRECT",4,2,4,2,0,0,0
"mixed/CORRECT/generated_cap005303.als","CORRECT",4,2,4,2,0,0,0
"mixed/CORRECT/generated_cap005304.als","CORRECT",4,2,4,2,0,0,0
"mixed/CORRECT/generated_cap005305.als","CORRECT",4,2,4,2,0,0,0
"mixed/CORRECT/generated_cap005306.als","CORRECT",4,2,4,2,0,0,0
"mixed/CORRECT/generated_cap005307.als","CORRECT",4,2,4,2,0,0,0
"mixed/CORRECT/generated_cap005308.als","CORRECT",4,2,4,2,0,0,0
"mixed/CORRECT/generated_cap005309.als","CORRECT",4,2,4,2,0,0,0
"mixed/CORRECT/generated_cap005310.als","CORRECT",4,2,4,2,0,0,0
"mixed/CORRECT/generated_cap005311.als","CORRECT",4,2,4,2,0,0,0
"mixed/CORRECT/generated_cap005312.als","CORRECT",4,2,4,2,0,0,0
"mixed/CORRECT/generated_cap005313.als","CORRECT",4,2,4,2,0,0,0
"mixed/CORRECT/generated_cap005314.als","CORRECT",4,2,4,2,0,0,0
"mixed/CORRECT/generated_cap005315.als","CORRECT",4,2,4,2,0,0,0
"mixed/CORRECT/generated_cap005316.als","CORRECT",4,2,4,2,0,0,0
"mixed/CORRECT/generated_cap005317.als","CORRECT",4,2,4,2,0,0,0
"mixed/CORRECT/generated_cap005318.als","CORRECT",4,2,4,2,0,0,0
"mixed/CORRECT/generated_cap005319.als","CORRECT",4,2,4,2,0,0,0
"mixed/CORRECT/generated_cap005320.als","CORRECT",4,2,4,2,0,0,0
"mixed/CORRECT/generated_cap005321.als","CORRECT",4,2,4,2,0,0,0
"mixed/CORRECT/generated_cap005322.als","CORRECT",0,0,0,0,0,0,0
"mixed/CORRECT/generated_cap005323.als","CORRECT",4,2,4,2,0,0,0
"mixed/CORRECT/generated_cap005324.als","CORRECT",4,2,4,2,0,0,0
"mixed/CORRECT/generated_cap005325.als","CORRECT",4,2,4,2,0,0,0
"mixed/CORRECT/generated_cap005326.als","CORRECT",4,2,4,2,0,0,0
"mixed/CORRECT/generated_cap005327.als","CORRECT",4,2,4,2,0,0,0
"mixed/CORRECT/generated_cap005328.als","CORRECT",4,2,4,2,0,0,0
"mixed/CORRECT/generated_cap005329.als","CORRECT",4,2,4,2,0,0,0
"mixed/CORRECT/generated_cap005330.als","CORRECT",4,2,4,2,0,0,0
"mixed/CORRECT/generated_cap005331.als","CORRECT",4,2,4,2,0,0,0
"mixed/CORRECT/generated_cap005332.als","CORRECT",4,2,4,2,0,0,0
"mixed/CORRECT/generated_cap005333.als","CORRECT",4,2,4,2,0,0,0
"mixed/CORRECT/generated_cap005334.als","CORRECT",4,2,4,2,0,0,0
"mixed/CORRECT/generated_cap005335.als","CORRECT",4,2,4,2,0,0,0
"mixed/CORRECT/generated_cap005336.als","CORRECT",4,2,4,2,0,0,0
"mixed/CORRECT/generated_cap005337.als","CORRECT",4,2,4,2,0,0,0
"mixed/CORRECT/generated_cap005338.als","CORRECT",4,2,4,2,0,0,0
"mixed/CORRECT/generated_cap005339.als","CORRECT",4,2,4,2,0,0,0
"mixed/CORRECT/generated_cap005340.als","CORRECT",4,2,4,2,0,0,0
"mixed/CORRECT/generated_cap005341.als","CORRECT",0,0,0,0,0,0,0
"mixed/CORRECT/generated_cap005342.als","CORRECT",0,0,0,0,0,0,0
"mixed/CORRECT/generated_cap005343.als","CORRECT",4,2,4,2,0,0,0
"mixed/CORRECT/generated_cap005344.als","CORRECT",4,2,4,2,0,0,0
"mixed/CORRECT/generated_cap005345.als","CORRECT",4,2,4,2,0,0,0
"mixed/CORRECT/generated_cap005346.als","CORRECT",0,0,0,0,0,0,0
"mixed/CORRECT/generated_cap005347.als","CORRECT",4,2,4,2,0,0,0
"mixed/CORRECT/generated_cap005348.als","CORRECT",4,2,4,2,0,0,0
"mixed/CORRECT/generated_cap005349.als","CORRECT",0,0,0,0,0,0,0
"mixed/CORRECT/generated_cap005350.als","CORRECT",4,2,4,2,0,0,0
"mixed/CORRECT/generated_cap005351.als","CORRECT",4,2,4,2,0,0,0
"mixed/CORRECT/generated_cap005352.als","CORRECT",4,2,4,2,0,0,0
"mixed/CORRECT/generated_cap005353.als","CORRECT",4,2,4,2,0,0,0
"mixed/CORRECT/generated_cap005354.als","CORRECT",0,0,0,0,0,0,0
"mixed/CORRECT/generated_cap005355.als","CORRECT",4,2,4,2,0,0,0
"mixed/CORRECT/generated_cap005356.als","CORRECT",4,2,4,2,0,0,0
"mixed/CORRECT/generated_cap005357.als","CORRECT",0,0,0,0,0,0,0
"mixed/CORRECT/generated_cap005358.als","CORRECT",4,2,4,2,0,0,0
"mixed/CORRECT/generated_cap005359.als","CORRECT",4,2,4,2,0,0,0
"mixed/CORRECT/generated_cap005360.als","CORRECT",4,2,4,2,0,0,0
"mixed/CORRECT/generated_cap005361.als","CORRECT",0,0,0,0,0,0,0
"mixed/CORRECT/generated_cap005362.als","CORRECT",0,0,0,0,0,0,0
"mixed/CORRECT/generated_cap005363.als","CORRECT",4,2,4,2,0,0,0
"mixed/CORRECT/generated_cap005364.als","CORRECT",4,2,4,2,0,0,0
"mixed/CORRECT/generated_cap005365.als","CORRECT",0,0,0,0,0,0,0
"mixed/CORRECT/generated_cap005366.als","CORRECT",4,2,4,2,0,0,0
"mixed/CORRECT/generated_cap005367.als","CORRECT",4,2,4,2,0,0,0
"mixed/CORRECT/generated_cap005368.als","CORRECT",4,2,4,2,0,0,0
"mixed/CORRECT/generated_cap005369.als","CORRECT",4,2,4,2,0,0,0
"mixed/CORRECT/generated_cap005370.als","CORRECT",0,0,0,0,0,0,0
"mixed/CORRECT/generated_cap005371.als","CORRECT",4,2,4,2,0,0,0
"mixed/CORRECT/generated_cap005372.als","CORRECT",4,2,4,2,0,0,0
"mixed/CORRECT/generated_cap005373.als","CORRECT",0,0,0,0,0,0,0
"mixed/CORRECT/generated_cap005374.als","CORRECT",4,2,4,2,0,0,0
"mixed/CORRECT/generated_cap005375.als","CORRECT",4,2,4,2,0,0,0
"mixed/CORRECT/generated_cap005376.als","CORRECT",4,2,4,2,0,0,0
"mixed/CORRECT/generated_cap005377.als","CORRECT",4,2,4,2,0,0,0
"mixed/CORRECT/generated_cap005378.als","CORRECT",0,0,0,0,0,0,0
"mixed/CORRECT/generated_cap005379.als","CORRECT",4,2,4,2,0,0,0
"mixed/CORRECT/generated_cap005380.als","CORRECT",4,2,4,2,0,0,0
"mixed/CORRECT/generated_cap005381.als","CORRECT",0,0,0,0,0,0,0
"mixed/CORRECT/generated_cap005382.als","CORRECT",4,2,4,2,0,0,0
"mixed/CORRECT/generated_cap005383.als","CORRECT",4,2,4,2,0,0,0
"mixed/CORRECT/generated_cap005384.als","CORRECT",4,2,4,2,0,0,0
"mixed/CORRECT/generated_cap005385.als","CORRECT",4,2,4,2,0,0,0
"mixed/CORRECT/generated_cap005386.als","CORRECT",0,0,0,0,0,0,0
"mixed/CORRECT/generated_cap005387.als","CORRECT",4,2,4,2,0,0,0
"mixed/CORRECT/generated_cap005388.als","CORRECT",4,2,4,2,0,0,0
"mixed/CORRECT/generated_cap005389.als","CORRECT",0,0,0,0,0,0,0
"mixed/CORRECT/generated_cap005390.als","CORRECT",4,2,4,2,0,0,0
"mixed/CORRECT/generated_cap005391.als","CORRECT",4,2,4,2,0,0,0
"mixed/CORRECT/generated_cap005392.als","CORRECT",4,2,4,2,0,0,0
"mixed/CORRECT/generated_cap005393.als","CORRECT",4,2,4,2,0,0,0
"mixed/CORRECT/generated_cap005394.als","CORRECT",0,0,0,0,0,0,0
"mixed/CORRECT/generated_cap005395.als","CORRECT",4,2,4,2,0,0,0
"mixed/CORRECT/generated_cap005396.als","CORRECT",4,2,4,2,0,0,0
"mixed/CORRECT/generated_cap005397.als","CORRECT",0,0,0,0,0,0,0
"mixed/CORRECT/generated_cap005398.als","CORRECT",4,2,4,2,0,0,0
"mixed/CORRECT/generated_cap005399.als","CORRECT",4,2,4,2,0,0,0
"mixed/CORRECT/generated_cap005400.als","CORRECT",4,2,4,2,0,0,0
"mixed/CORRECT/generated_cap005401.als","CORRECT",4,2,4,2,0,0,0
"mixed/CORRECT/generated_cap005402.als","CORRECT",0,0,0,0,0,0,0
"mixed/CORRECT/generated_cap005403.als","CORRECT",4,2,4,2,0,0,0
"mixed/CORRECT/generated_cap005404.als","CORRECT",4,2,4,2,0,0,0
"mixed/CORRECT/generated_cap005405.als","CORRECT",0,0,0,0,0,0,0
"mixed/CORRECT/generated_cap005406.als","CORRECT",4,2,4,2,0,0,0
"mixed/CORRECT/generated_cap005407.als","CORRECT",4,2,4,2,0,0,0
"mixed/CORRECT/generated_cap005408.als","CORRECT",4,2,4,2,0,0,0
"mixed/CORRECT/generated_cap005409.als","CORRECT",4,2,4,2,0,0,0
"mixed/CORRECT/generated_cap005410.als","CORRECT",0,0,0,0,0,0,0
"mixed/CORRECT/generated_cap005411.als","CORRECT",4,2,4,2,0,0,0
"mixed/CORRECT/generated_cap005412.als","CORRECT",4,2,4,2,0,0,0
"mixed/CORRECT/generated_cap005413.als","CORRECT",4,2,4,2,0,0,0
"mixed/CORRECT/generated_cap005414.als","CORRECT",0,0,0,0,0,0,0
"mixed/CORRECT/generated_cap005415.als","CORRECT",4,2,4,2,0,0,0
"mixed/CORRECT/generated_cap005416.als","CORRECT",4,2,4,2,0,0,0
"mixed/CORRECT/generated_cap005417.als","CORRECT",4,2,4,2,0,0,0
"mixed/CORRECT/generated_cap005418.als","CORRECT",4,2,4,2,0,0,0
"mixed/CORRECT/generated_cap005419.als","CORRECT",4,2,4,2,0,0,0
"mixed/CORRECT/generated_cap005420.als","CORRECT",4,2,4,2,0,0,0
"mixed/CORRECT/generated_cap005421.als","CORRECT",4,2,4,2,0,0,0
"mixed/CORRECT/generated_cap005422.als","CORRECT",4,2,4,2,0,0,0
"mixed/CORRECT/generated_cap005423.als","CORRECT",4,2,4,2,0,0,0
"mixed/CORRECT/generated_cap005424.als","CORRECT",4,2,4,2,0,0,0
"mixed/CORRECT/generated_cap005425.als","CORRECT",4,2,4,2,0,0,0
"mixed/CORRECT/generated_cap005426.als","CORRECT",4,2,4,2,0,0,0
"mixed/CORRECT/generated_cap005427.als","CORRECT",4,2,4,2,0,0,0
"mixed/CORRECT/generated_cap005428.als","CORRECT",4,2,4,2,0,0,0
"mixed/CORRECT/generated_cap005429.als","CORRECT",0,0,0,0,0,0,0
"mixed/CORRECT/generated_cap005430.als","CORRECT",0,0,0,0,0,0,0
"mixed/CORRECT/generated_cap005431.als","CORRECT",4,2,4,2,0,0,0
"mixed/CORRECT/generated_cap005432.als","CORRECT",4,2,4,2,0,0,0
"mixed/CORRECT/generated_cap005433.als","CORRECT",0,0,0,0,0,0,0
"mixed/CORRECT/generated_cap005434.als","CORRECT",4,2,4,2,0,0,0
"mixed/CORRECT/generated_cap005435.als","CORRECT",4,2,4,2,0,0,0
"mixed/CORRECT/generated_cap005436.als","CORRECT",4,2,4,2,0,0,0
"mixed/CORRECT/generated_cap005437.als","CORRECT",4,2,4,2,0,0,0
"mixed/CORRECT/generated_cap005438.als","CORRECT",4,2,4,2,0,0,0
"mixed/CORRECT/generated_cap005439.als","CORRECT",4,2,4,2,0,0,0
"mixed/CORRECT/generated_cap005440.als","CORRECT",4,2,4,2,0,0,0
"mixed/CORRECT/generated_cap005441.als","CORRECT",4,2,4,2,0,0,0
"mixed/CORRECT/generated_cap005442.als","CORRECT",4,2,4,2,0,0,0
"mixed/CORRECT/generated_cap005443.als","CORRECT",4,2,4,2,0,0,0
"mixed/CORRECT/generated_cap005444.als","CORRECT",4,2,4,2,0,0,0
"mixed/CORRECT/generated_cap005445.als","CORRECT",4,2,4,2,0,0,0
"mixed/CORRECT/generated_cap005446.als","CORRECT",4,2,4,2,0,0,0
"mixed/CORRECT/generated_cap005447.als","CORRECT",4,2,4,2,0,0,0
"mixed/CORRECT/generated_cap005448.als","CORRECT",4,2,4,2,0,0,0
"mixed/CORRECT/generated_cap005449.als","CORRECT",4,2,4,2,0,0,0
"mixed/CORRECT/generated_cap005450.als","CORRECT",0,0,0,0,0,0,0
"mixed/CORRECT/generated_cap005451.als","CORRECT",4,2,4,2,0,0,0
"mixed/CORRECT/generated_cap005452.als","CORRECT",4,2,4,2,0,0,0
"mixed/CORRECT/generated_cap005453.als","CORRECT",4,2,4,2,0,0,0
"mixed/CORRECT/generated_cap005454.als","CORRECT",4,2,4,2,0,0,0
"mixed/CORRECT/generated_cap005455.als","CORRECT",4,2,4,2,0,0,0
"mixed/CORRECT/generated_cap005456.als","CORRECT",4,2,4,2,0,0,0
"mixed/CORRECT/generated_cap005457.als","CORRECT",4,2,4,2,0,0,0
"mixed/CORRECT/generated_cap005458.als","CORRECT",4,2,4,2,0,0,0
"mixed/CORRECT/generated_cap005459.als","CORRECT",4,2,4,2,0,0,0
"mixed/CORRECT/generated_cap005460.als","CORRECT",4,2,4,2,0,0,0
"mixed/CORRECT/generated_cap005461.als","CORRECT",4,2,4,2,0,0,0
"mixed/CORRECT/generated_cap005462.als","CORRECT",4,2,4,2,0,0,0
"mixed/CORRECT/generated_cap005463.als","CORRECT",4,2,4,2,0,0,0
"mixed/CORRECT/generated_cap005464.als","CORRECT",4,2,4,2,0,0,0
"mixed/CORRECT/generated_cap005465.als","CORRECT",4,2,4,2,0,0,0
"mixed/CORRECT/generated_cap005466.als","CORRECT",4,2,4,2,0,0,0
"mixed/CORRECT/generated_cap005467.als","CORRECT",4,2,4,2,0,0,0
"mixed/CORRECT/generated_cap005468.als","CORRECT",4,2,4,2,0,0,0
"mixed/CORRECT/generated_cap005469.als","CORRECT",0,0,0,0,0,0,0
"mixed/CORRECT/generated_cap005470.als","CORRECT",4,2,4,2,0,0,0
"mixed/CORRECT/generated_cap005471.als","CORRECT",4,2,4,2,0,0,0
"mixed/CORRECT/generated_cap005472.als","CORRECT",4,2,4,2,0,0,0
"mixed/CORRECT/generated_cap005473.als","CORRECT",0,0,0,0,0,0,0
"mixed/CORRECT/generated_cap005474.als","CORRECT",4,2,4,2,0,0,0
"mixed/CORRECT/generated_cap005475.als","CORRECT",4,2,4,2,0,0,0
"mixed/CORRECT/generated_cap005476.als","CORRECT",4,2,4,2,0,0,0
"mixed/CORRECT/generated_cap005477.als","CORRECT",4,2,4,2,0,0,0
"mixed/CORRECT/generated_cap005478.als","CORRECT",4,2,4,2,0,0,0
"mixed/CORRECT/generated_cap005479.als","CORRECT",4,2,4,2,0,0,0
"mixed/CORRECT/generated_cap005480.als","CORRECT",4,2,4,2,0,0,0
"mixed/CORRECT/generated_cap005481.als","CORRECT",4,2,4,2,0,0,0
"mixed/CORRECT/generated_cap005482.als","CORRECT",4,2,4,2,0,0,0
"mixed/CORRECT/generated_cap005483.als","CORRECT",4,2,4,2,0,0,0
"mixed/CORRECT/generated_cap005484.als","CORRECT",4,2,4,2,0,0,0
"mixed/CORRECT/generated_cap005485.als","CORRECT",4,2,4,2,0,0,0
"mixed/CORRECT/generated_cap005486.als","CORRECT",4,2,4,2,0,0,0
"mixed/CORRECT/generated_cap005487.als","CORRECT",4,2,4,2,0,0,0
"mixed/CORRECT/generated_cap005488.als","CORRECT",4,2,4,2,0,0,0
"mixed/CORRECT/generated_cap005489.als","CORRECT",4,2,4,2,0,0,0
"mixed/CORRECT/generated_cap005490.als","CORRECT",4,2,4,2,0,0,0
"mixed/CORRECT/generated_cap005491.als","CORRECT",4,2,4,2,0,0,0
"mixed/CORRECT/generated_cap005492.als","CORRECT",4,2,4,2,0,0,0
"mixed/CORRECT/generated_cap005493.als","CORRECT",4,2,4,2,0,0,0
"mixed/CORRECT/generated_cap005494.als","CORRECT",4,2,4,2,0,0,0
"mixed/CORRECT/generated_cap005495.als","CORRECT",4,2,4,2,0,0,0
"mixed/CORRECT/generated_cap005496.als","CORRECT",4,2,4,2,0,0,0
"mixed/CORRECT/generated_cap005497.als","CORRECT",4,2,4,2,0,0,0
"mixed/CORRECT/generated_cap005498.als","CORRECT",4,2,4,2,0,0,0
"mixed/CORRECT/generated_cap005499.als","CORRECT",4,2,4,2,0,0,0
"safe_prenex/CORRECT/generated_cap001500.als","CORRECT",0,0,0,0,0,0,0
"safe_prenex/CORRECT/generated_cap001501.als","CORRECT",0,0,0,0,0,0,0
"safe_prenex/CORRECT/generated_cap001502.als","CORRECT",0,0,0,0,0,0,0
"safe_prenex/CORRECT/generated_cap001503.als","CORRECT",0,0,0,0,0,0,0
"safe_prenex/CORRECT/generated_cap001504.als","CORRECT",0,0,0,0,0,0,0
"safe_prenex/CORRECT/generated_cap001505.als","CORRECT",0,0,0,0,0,0,0
"safe_prenex/CORRECT/generated_cap001506.als","CORRECT",0,0,0,0,0,0,0
"safe_prenex/CORRECT/generated_cap001507.als","CORRECT",0,0,0,0,0,0,0
"safe_prenex/CORRECT/generated_cap001508.als","CORRECT",0,0,0,0,0,0,0
"safe_prenex/CORRECT/generated_cap001509.als","CORRECT",0,0,0,0,0,0,0
"safe_prenex/CORRECT/generated_cap001510.als","CORRECT",0,0,0,0,0,0,0
"safe_prenex/CORRECT/generated_cap001511.als","CORRECT",0,0,0,0,0,0,0
"safe_prenex/CORRECT/generated_cap001512.als","CORRECT",0,0,0,0,0,0,0
"safe_prenex/CORRECT/generated_cap001513.als","CORRECT",0,0,0,0,0,0,0
"safe_prenex/CORRECT/generated_cap001514.als","CORRECT",0,0,0,0,0,0,0
"safe_prenex/CORRECT/generated_cap001515.als","CORRECT",0,0,0,0,0,0,0
"safe_prenex/CORRECT/generated_cap001516.als","CORRECT",0,0,0,0,0,0,0
"safe_prenex/CORRECT/generated_cap001517.als","CORRECT",0,0,0,0,0,0,0
"safe_prenex/CORRECT/generated_cap001518.als","CORRECT",0,0,0,0,0,0,0
"safe_prenex/CORRECT/generated_cap001519.als","CORRECT",0,0,0,0,0,0,0
"safe_prenex/CORRECT/generated_cap001520.als","CORRECT",0,0,0,0,0,0,0
"safe_prenex/CORRECT/generated_cap001521.als","CORRECT",0,0,0,0,0,0,0
"safe_prenex/CORRECT/generated_cap001522.als","CORRECT",0,0,0,0,0,0,0
"safe_prenex/CORRECT/generated_cap001523.als","CORRECT",0,0,0,0,0,0,0
"safe_prenex/CORRECT/generated_cap001524.als","CORRECT",0,0,0,0,0,0,0
"safe_prenex/CORRECT/generated_cap001525.als","CORRECT",0,0,0,0,0,0,0
"safe_prenex/CORRECT/generated_cap001526.als","CORRECT",0,0,0,0,0,0,0
"safe_prenex/CORRECT/generated_cap001527.als","CORRECT",0,0,0,0,0,0,0
"safe_prenex/CORRECT/generated_cap001528.als","CORRECT",0,0,0,0,0,0,0
"safe_prenex/CORRECT/generated_cap001529.als","CORRECT",0,0,0,0,0,0,0
"safe_prenex/CORRECT/generated_cap001530.als","CORRECT",0,0,0,0,0,0,0
"safe_prenex/CORRECT/generated_cap001531.als","CORRECT",0,0,0,0,0,0,0
"safe_prenex/CORRECT/generated_cap001532.als","CORRECT",0,0,0,0,0,0,0
"safe_prenex/CORRECT/generated_cap001533.als","CORRECT",0,0,0,0,0,0,0
"safe_prenex/CORRECT/generated_cap001534.als","CORRECT",0,0,0,0,0,0,0
"safe_prenex/CORRECT/generated_cap001535.als","CORRECT",0,0,0,0,0,0,0
"safe_prenex/CORRECT/generated_cap001536.als","CORRECT",0,0,0,0,0,0,0
"safe_prenex/CORRECT/generated_cap001537.als","CORRECT",0,0,0,0,0,0,0
"safe_prenex/CORRECT/generated_cap001538.als","CORRECT",0,0,0,0,0,0,0
"safe_prenex/CORRECT/generated_cap001539.als","CORRECT",0,0,0,0,0,0,0
"safe_prenex/CORRECT/generated_cap001540.als","CORRECT",0,0,0,0,0,0,0
"safe_prenex/CORRECT/generated_cap001541.als","CORRECT",0,0,0,0,0,0,0
"safe_prenex/CORRECT/generated_cap001542.als","CORRECT",0,0,0,0,0,0,0
"safe_prenex/CORRECT/generated_cap001543.als","CORRECT",0,0,0,0,0,0,0
"safe_prenex/CORRECT/generated_cap001544.als","CORRECT",0,0,0,0,0,0,0
"safe_prenex/CORRECT/generated_cap001545.als","CORRECT",0,0,0,0,0,0,0
"safe_prenex/CORRECT/generated_cap001546.als","CORRECT",0,0,0,0,0,0,0
"safe_prenex/CORRECT/generated_cap001547.als","CORRECT",0,0,0,0,0,0,0
"safe_prenex/CORRECT/generated_cap001548.als","CORRECT",0,0,0,0,0,0,0
"safe_prenex/CORRECT/generated_cap001549.als","CORRECT",0,0,0,0,0,0,0
"safe_prenex/CORRECT/generated_cap001550.als","CORRECT",0,0,0,0,0,0,0
"safe_prenex/CORRECT/generated_cap001551.als","CORRECT",0,0,0,0,0,0,0
"safe_prenex/CORRECT/generated_cap001552.als","CORRECT",0,0,0,0,0,0,0
"safe_prenex/CORRECT/generated_cap001553.als","CORRECT",0,0,0,0,0,0,0
"safe_prenex/CORRECT/generated_cap001554.als","CORRECT",0,0,0,0,0,0,0
"safe_prenex/CORRECT/generated_cap001555.als","CORRECT",0,0,0,0,0,0,0
"safe_prenex/CORRECT/generated_cap001556.als","CORRECT",0,0,0,0,0,0,0
"safe_prenex/CORRECT/generated_cap001557.als","CORRECT",0,0,0,0,0,0,0
"safe_prenex/CORRECT/generated_cap001558.als","CORRECT",0,0,0,0,0,0,0
"safe_prenex/CORRECT/generated_cap001559.als","CORRECT",0,0,0,0,0,0,0
"safe_prenex/CORRECT/generated_cap001560.als","CORRECT",0,0,0,0,0,0,0
"safe_prenex/CORRECT/generated_cap001561.als","CORRECT",0,0,0,0,0,0,0
"safe_prenex/CORRECT/generated_cap001562.als","CORRECT",0,0,0,0,0,0,0
"safe_prenex/CORRECT/generated_cap001563.als","CORRECT",0,0,0,0,0,0,0
"safe_prenex/CORRECT/generated_cap001564.als","CORRECT",0,0,0,0,0,0,0
"safe_prenex/CORRECT/generated_cap001565.als","CORRECT",0,0,0,0,0,0,0
"safe_prenex/CORRECT/generated_cap001566.als","CORRECT",0,0,0,0,0,0,0
"safe_prenex/CORRECT/generated_cap001567.als","CORRECT",0,0,0,0,0,0,0
"safe_prenex/CORRECT/generated_cap001568.als","CORRECT",0,0,0,0,0,0,0
"safe_prenex/CORRECT/generated_cap001569.als","CORRECT",0,0,0,0,0,0,0
"safe_prenex/CORRECT/generated_cap001570.als","CORRECT",0,0,0,0,0,0,0
"safe_prenex/CORRECT/generated_cap001571.als","CORRECT",0,0,0,0,0,0,0
"safe_prenex/CORRECT/generated_cap001572.als","CORRECT",0,0,0,0,0,0,0
"safe_prenex/CORRECT/generated_cap001573.als","CORRECT",0,0,0,0,0,0,0
"safe_prenex/CORRECT/generated_cap001574.als","CORRECT",0,0,0,0,0,0,0
"safe_prenex/CORRECT/generated_cap001575.als","CORRECT",0,0,0,0,0,0,0
"safe_prenex/CORRECT/generated_cap001576.als","CORRECT",0,0,0,0,0,0,0
"safe_prenex/CORRECT/generated_cap001577.als","CORRECT",0,0,0,0,0,0,0
"safe_prenex/CORRECT/generated_cap001578.als","CORRECT",0,0,0,0,0,0,0
"safe_prenex/CORRECT/generated_cap001579.als","CORRECT",0,0,0,0,0,0,0
"safe_prenex/CORRECT/generated_cap001580.als","CORRECT",0,0,0,0,0,0,0
"safe_prenex/CORRECT/generated_cap001581.als","CORRECT",0,0,0,0,0,0,0
"safe_prenex/CORRECT/generated_cap001582.als","CORRECT",0,0,0,0,0,0,0
"safe_prenex/CORRECT/generated_cap001583.als","CORRECT",0,0,0,0,0,0,0
"safe_prenex/CORRECT/generated_cap001584.als","CORRECT",0,0,0,0,0,0,0
"safe_prenex/CORRECT/generated_cap001585.als","CORRECT",0,0,0,0,0,0,0
"safe_prenex/CORRECT/generated_cap001586.als","CORRECT",0,0,0,0,0,0,0
"safe_prenex/CORRECT/generated_cap001587.als","CORRECT",0,0,0,0,0,0,0
"safe_prenex/CORRECT/generated_cap001588.als","CORRECT",0,0,0,0,0,0,0
"safe_prenex/CORRECT/generated_cap001589.als","CORRECT",0,0,0,0,0,0,0
"safe_prenex/CORRECT/generated_cap001590.als","CORRECT",0,0,0,0,0,0,0
"safe_prenex/CORRECT/generated_cap001591.als","CORRECT",0,0,0,0,0,0,0
"safe_prenex/CORRECT/generated_cap001592.als","CORRECT",0,0,0,0,0,0,0
"safe_prenex/CORRECT/generated_cap001593.als","CORRECT",0,0,0,0,0,0,0
"safe_prenex/CORRECT/generated_cap001594.als","CORRECT",0,0,0,0,0,0,0
"safe_prenex/CORRECT/generated_cap001595.als","CORRECT",0,0,0,0,0,0,0
"safe_prenex/CORRECT/generated_cap001596.als","CORRECT",0,0,0,0,0,0,0
"safe_prenex/CORRECT/generated_cap001597.als","CORRECT",0,0,0,0,0,0,0
"safe_prenex/CORRECT/generated_cap001598.als","CORRECT",0,0,0,0,0,0,0
"safe_prenex/CORRECT/generated_cap001599.als","CORRECT",0,0,0,0,0,0,0
"safe_prenex/CORRECT/generated_cap001600.als","CORRECT",0,0,0,0,0,0,0
"safe_prenex/CORRECT/generated_cap001601.als","CORRECT",0,0,0,0,0,0,0
"safe_prenex/CORRECT/generated_cap001602.als","CORRECT",0,0,0,0,0,0,0
"safe_prenex/CORRECT/generated_cap001603.als","CORRECT",0,0,0,0,0,0,0
"safe_prenex/CORRECT/generated_cap001604.als","CORRECT",0,0,0,0,0,0,0
"safe_prenex/CORRECT/generated_cap001605.als","CORRECT",0,0,0,0,0,0,0
"safe_prenex/CORRECT/generated_cap001606.als","CORRECT",0,0,0,0,0,0,0
"safe_prenex/CORRECT/generated_cap001607.als","CORRECT",0,0,0,0,0,0,0
"safe_prenex/CORRECT/generated_cap001608.als","CORRECT",0,0,0,0,0,0,0
"safe_prenex/CORRECT/generated_cap001609.als","CORRECT",0,0,0,0,0,0,0
"safe_prenex/CORRECT/generated_cap001610.als","CORRECT",0,0,0,0,0,0,0
"safe_prenex/CORRECT/generated_cap001611.als","CORRECT",0,0,0,0,0,0,0
"safe_prenex/CORRECT/generated_cap001612.als","CORRECT",0,0,0,0,0,0,0
"safe_prenex/CORRECT/generated_cap001613.als","CORRECT",0,0,0,0,0,0,0
"safe_prenex/CORRECT/generated_cap001614.als","CORRECT",0,0,0,0,0,0,0
"safe_prenex/CORRECT/generated_cap001615.als","CORRECT",0,0,0,0,0,0,0
"safe_prenex/CORRECT/generated_cap001616.als","CORRECT",0,0,0,0,0,0,0
"safe_prenex/CORRECT/generated_cap001617.als","CORRECT",0,0,0,0,0,0,0
"safe_prenex/CORRECT/generated_cap001618.als","CORRECT",0,0,0,0,0,0,0
"safe_prenex/CORRECT/generated_cap001619.als","CORRECT",0,0,0,0,0,0,0
"safe_prenex/CORRECT/generated_cap001620.als","CORRECT",0,0,0,0,0,0,0
"safe_prenex/CORRECT/generated_cap001621.als","CORRECT",0,0,0,0,0,0,0
"safe_prenex/CORRECT/generated_cap001622.als","CORRECT",0,0,0,0,0,0,0
"safe_prenex/CORRECT/generated_cap001623.als","CORRECT",0,0,0,0,0,0,0
"safe_prenex/CORRECT/generated_cap001624.als","CORRECT",0,0,0,0,0,0,0
"safe_prenex/CORRECT/generated_cap001625.als","CORRECT",0,0,0,0,0,0,0
"safe_prenex/CORRECT/generated_cap001626.als","CORRECT",0,0,0,0,0,0,0
"safe_prenex/CORRECT/generated_cap001627.als","CORRECT",0,0,0,0,0,0,0
"safe_prenex/CORRECT/generated_cap001628.als","CORRECT",0,0,0,0,0,0,0
"safe_prenex/CORRECT/generated_cap001629.als","CORRECT",0,0,0,0,0,0,0
"safe_prenex/CORRECT/generated_cap001630.als","CORRECT",0,0,0,0,0,0,0
"safe_prenex/CORRECT/generated_cap001631.als","CORRECT",0,0,0,0,0,0,0
"safe_prenex/CORRECT/generated_cap001632.als","CORRECT",0,0,0,0,0,0,0
"safe_prenex/CORRECT/generated_cap001633.als","CORRECT",0,0,0,0,0,0,0
"safe_prenex/CORRECT/generated_cap001634.als","CORRECT",0,0,0,0,0,0,0
"safe_prenex/CORRECT/generated_cap001635.als","CORRECT",0,0,0,0,0,0,0
"safe_prenex/CORRECT/generated_cap001636.als","CORRECT",0,0,0,0,0,0,0
"safe_prenex/CORRECT/generated_cap001637.als","CORRECT",0,0,0,0,0,0,0
"safe_prenex/CORRECT/generated_cap001638.als","CORRECT",0,0,0,0,0,0,0
"safe_prenex/CORRECT/generated_cap001639.als","CORRECT",0,0,0,0,0,0,0
"safe_prenex/CORRECT/generated_cap001640.als","CORRECT",0,0,0,0,0,0,0
"safe_prenex/CORRECT/generated_cap001641.als","CORRECT",0,0,0,0,0,0,0
"safe_prenex/CORRECT/generated_cap001642.als","CORRECT",0,0,0,0,0,0,0
"safe_prenex/CORRECT/generated_cap001643.als","CORRECT",0,0,0,0,0,0,0
"safe_prenex/CORRECT/generated_cap001644.als","CORRECT",0,0,0,0,0,0,0
"safe_prenex/CORRECT/generated_cap001645.als","CORRECT",0,0,0,0,0,0,0
"safe_prenex/CORRECT/generated_cap001646.als","CORRECT",0,0,0,0,0,0,0
"safe_prenex/CORRECT/generated_cap001647.als","CORRECT",0,0,0,0,0,0,0
"safe_prenex/CORRECT/generated_cap001648.als","CORRECT",0,0,0,0,0,0,0
"safe_prenex/CORRECT/generated_cap001649.als","CORRECT",0,0,0,0,0,0,0
"safe_prenex/CORRECT/generated_cap001650.als","CORRECT",0,0,0,0,0,0,0
"safe_prenex/CORRECT/generated_cap001651.als","CORRECT",0,0,0,0,0,0,0
"safe_prenex/CORRECT/generated_cap001652.als","CORRECT",0,0,0,0,0,0,0
"safe_prenex/CORRECT/generated_cap001653.als","CORRECT",0,0,0,0,0,0,0
"safe_prenex/CORRECT/generated_cap001654.als","CORRECT",0,0,0,0,0,0,0
"safe_prenex/CORRECT/generated_cap001655.als","CORRECT",0,0,0,0,0,0,0
"safe_prenex/CORRECT/generated_cap001656.als","CORRECT",0,0,0,0,0,0,0
"safe_prenex/CORRECT/generated_cap001657.als","CORRECT",0,0,0,0,0,0,0
"safe_prenex/CORRECT/generated_cap001658.als","CORRECT",0,0,0,0,0,0,0
"safe_prenex/CORRECT/generated_cap001659.als","CORRECT",0,0,0,0,0,0,0
"safe_prenex/CORRECT/generated_cap001660.als","CORRECT",0,0,0,0,0,0,0
"safe_prenex/CORRECT/generated_cap001661.als","CORRECT",0,0,0,0,0,0,0
"safe_prenex/CORRECT/generated_cap001662.als","CORRECT",0,0,0,0,0,0,0
"safe_prenex/CORRECT/generated_cap001663.als","CORRECT",0,0,0,0,0,0,0
"safe_prenex/CORRECT/generated_cap001664.als","CORRECT",0,0,0,0,0,0,0
"safe_prenex/CORRECT/generated_cap001665.als","CORRECT",0,0,0,0,0,0,0
"safe_prenex/CORRECT/generated_cap001666.als","CORRECT",0,0,0,0,0,0,0
"safe_prenex/CORRECT/generated_cap001667.als","CORRECT",0,0,0,0,0,0,0
"safe_prenex/CORRECT/generated_cap001668.als","CORRECT",0,0,0,0,0,0,0
"safe_prenex/CORRECT/generated_cap001669.als","CORRECT",0,0,0,0,0,0,0
"safe_prenex/CORRECT/generated_cap001670.als","CORRECT",0,0,0,0,0,0,0
"safe_prenex/CORRECT/generated_cap001671.als","CORRECT",0,0,0,0,0,0,0
"safe_prenex/CORRECT/generated_cap001672.als","CORRECT",0,0,0,0,0,0,0
"safe_prenex/CORRECT/generated_cap001673.als","CORRECT",0,0,0,0,0,0,0
"safe_prenex/CORRECT/generated_cap001674.als","CORRECT",0,0,0,0,0,0,0
"safe_prenex/CORRECT/generated_cap001675.als","CORRECT",0,0,0,0,0,0,0
"safe_prenex/CORRECT/generated_cap001676.als","CORRECT",0,0,0,0,0,0,0
"safe_prenex/CORRECT/generated_cap001677.als","CORRECT",0,0,0,0,0,0,0
"safe_prenex/CORRECT/generated_cap001678.als","CORRECT",0,0,0,0,0,0,0
"safe_prenex/CORRECT/generated_cap001679.als","CORRECT",0,0,0,0,0,0,0
"safe_prenex/CORRECT/generated_cap001680.als","CORRECT",0,0,0,0,0,0,0
"safe_prenex/CORRECT/generated_cap001681.als","CORRECT",0,0,0,0,0,0,0
"safe_prenex/CORRECT/generated_cap001682.als","CORRECT",0,0,0,0,0,0,0
"safe_prenex/CORRECT/generated_cap001683.als","CORRECT",0,0,0,0,0,0,0
"safe_prenex/CORRECT/generated_cap001684.als","CORRECT",0,0,0,0,0,0,0
"safe_prenex/CORRECT/generated_cap001685.als","CORRECT",0,0,0,0,0,0,0
"safe_prenex/CORRECT/generated_cap001686.als","CORRECT",0,0,0,0,0,0,0
"safe_prenex/CORRECT/generated_cap001687.als","CORRECT",0,0,0,0,0,0,0
"safe_prenex/CORRECT/generated_cap001688.als","CORRECT",0,0,0,0,0,0,0
"safe_prenex/CORRECT/generated_cap001689.als","CORRECT",0,0,0,0,0,0,0
"safe_prenex/CORRECT/generated_cap001690.als","CORRECT",0,0,0,0,0,0,0
"safe_prenex/CORRECT/generated_cap001691.als","CORRECT",0,0,0,0,0,0,0
"safe_prenex/CORRECT/generated_cap001692.als","CORRECT",0,0,0,0,0,0,0
"safe_prenex/CORRECT/generated_cap001693.als","CORRECT",0,0,0,0,0,0,0
"safe_prenex/CORRECT/generated_cap001694.als","CORRECT",0,0,0,0,0,0,0
"safe_prenex/CORRECT/generated_cap001695.als","CORRECT",0,0,0,0,0,0,0
"safe_prenex/CORRECT/generated_cap001696.als","CORRECT",0,0,0,0,0,0,0
"safe_prenex/CORRECT/generated_cap001697.als","CORRECT",0,0,0,0,0,0,0
"safe_prenex/CORRECT/generated_cap001698.als","CORRECT",0,0,0,0,0,0,0
"safe_prenex/CORRECT/generated_cap001699.als","CORRECT",0,0,0,0,0,0,0
"safe_prenex/CORRECT/generated_cap001700.als","CORRECT",0,0,0,0,0,0,0
"safe_prenex/CORRECT/generated_cap001701.als","CORRECT",0,0,0,0,0,0,0
"safe_prenex/CORRECT/generated_cap001702.als","CORRECT",0,0,0,0,0,0,0
"safe_prenex/CORRECT/generated_cap001703.als","CORRECT",0,0,0,0,0,0,0
"safe_prenex/CORRECT/generated_cap001704.als","CORRECT",0,0,0,0,0,0,0
"safe_prenex/CORRECT/generated_cap001705.als","CORRECT",0,0,0,0,0,0,0
"safe_prenex/CORRECT/generated_cap001706.als","CORRECT",0,0,0,0,0,0,0
"safe_prenex/CORRECT/generated_cap001707.als","CORRECT",0,0,0,0,0,0,0
"safe_prenex/CORRECT/generated_cap001708.als","CORRECT",0,0,0,0,0,0,0
"safe_prenex/CORRECT/generated_cap001709.als","CORRECT",0,0,0,0,0,0,0
"safe_prenex/CORRECT/generated_cap001710.als","CORRECT",0,0,0,0,0,0,0
"safe_prenex/CORRECT/generated_cap001711.als","CORRECT",0,0,0,0,0,0,0
"safe_prenex/CORRECT/generated_cap001712.als","CORRECT",0,0,0,0,0,0,0
"safe_prenex/CORRECT/generated_cap001713.als","CORRECT",0,0,0,0,0,0,0
"safe_prenex/CORRECT/generated_cap001714.als","CORRECT",0,0,0,0,0,0,0
"safe_prenex/CORRECT/generated_cap001715.als","CORRECT",0,0,0,0,0,0,0
"safe_prenex/CORRECT/generated_cap001716.als","CORRECT",0,0,0,0,0,0,0
"safe_prenex/CORRECT/generated_cap001717.als","CORRECT",0,0,0,0,0,0,0
"safe_prenex/CORRECT/generated_cap001718.als","CORRECT",0,0,0,0,0,0,0
"safe_prenex/CORRECT/generated_cap001719.als","CORRECT",0,0,0,0,0,0,0
"safe_prenex/CORRECT/generated_cap001720.als","CORRECT",0,0,0,0,0,0,0
"safe_prenex/CORRECT/generated_cap001721.als","CORRECT",0,0,0,0,0,0,0
"safe_prenex/CORRECT/generated_cap001722.als","CORRECT",0,0,0,0,0,0,0
"safe_prenex/CORRECT/generated_cap001723.als","CORRECT",0,0,0,0,0,0,0
"safe_prenex/CORRECT/generated_cap001724.als","CORRECT",0,0,0,0,0,0,0
"safe_prenex/CORRECT/generated_cap001725.als","CORRECT",0,0,0,0,0,0,0
"safe_prenex/CORRECT/generated_cap001726.als","CORRECT",0,0,0,0,0,0,0
"safe_prenex/CORRECT/generated_cap001727.als","CORRECT",0,0,0,0,0,0,0
"safe_prenex/CORRECT/generated_cap001728.als","CORRECT",0,0,0,0,0,0,0
"safe_prenex/CORRECT/generated_cap001729.als","CORRECT",0,0,0,0,0,0,0
"safe_prenex/CORRECT/generated_cap001730.als","CORRECT",0,0,0,0,0,0,0
"safe_prenex/CORRECT/generated_cap001731.als","CORRECT",0,0,0,0,0,0,0
"safe_prenex/CORRECT/generated_cap001732.als","CORRECT",0,0,0,0,0,0,0
"safe_prenex/CORRECT/generated_cap001733.als","CORRECT",0,0,0,0,0,0,0
"safe_prenex/CORRECT/generated_cap001734.als","CORRECT",0,0,0,0,0,0,0
"safe_prenex/CORRECT/generated_cap001735.als","CORRECT",0,0,0,0,0,0,0
"safe_prenex/CORRECT/generated_cap001736.als","CORRECT",0,0,0,0,0,0,0
"safe_prenex/CORRECT/generated_cap001737.als","CORRECT",0,0,0,0,0,0,0
"safe_prenex/CORRECT/generated_cap001738.als","CORRECT",0,0,0,0,0,0,0
"safe_prenex/CORRECT/generated_cap001739.als","CORRECT",0,0,0,0,0,0,0
"safe_prenex/CORRECT/generated_cap001740.als","CORRECT",0,0,0,0,0,0,0
"safe_prenex/CORRECT/generated_cap001741.als","CORRECT",0,0,0,0,0,0,0
"safe_prenex/CORRECT/generated_cap001742.als","CORRECT",0,0,0,0,0,0,0
"safe_prenex/CORRECT/generated_cap001743.als","CORRECT",0,0,0,0,0,0,0
"safe_prenex/CORRECT/generated_cap001744.als","CORRECT",0,0,0,0,0,0,0
"safe_prenex/CORRECT/generated_cap001745.als","CORRECT",0,0,0,0,0,0,0
"safe_prenex/CORRECT/generated_cap001746.als","CORRECT",0,0,0,0,0,0,0
"safe_prenex/CORRECT/generated_cap001747.als","CORRECT",0,0,0,0,0,0,0
"safe_prenex/CORRECT/generated_cap001748.als","CORRECT",0,0,0,0,0,0,0
"safe_prenex/CORRECT/generated_cap001749.als","CORRECT",0,0,0,0,0,0,0
"safe_prenex/CORRECT/generated_cap001750.als","CORRECT",0,0,0,0,0,0,0
"safe_prenex/CORRECT/generated_cap001751.als","CORRECT",0,0,0,0,0,0,0
"safe_prenex/CORRECT/generated_cap001752.als","CORRECT",0,0,0,0,0,0,0
"safe_prenex/CORRECT/generated_cap001753.als","CORRECT",0,0,0,0,0,0,0
"safe_prenex/CORRECT/generated_cap001754.als","CORRECT",0,0,0,0,0,0,0
"safe_prenex/CORRECT/generated_cap001755.als","CORRECT",0,0,0,0,0,0,0
"safe_prenex/CORRECT/generated_cap001756.als","CORRECT",0,0,0,0,0,0,0
"safe_prenex/CORRECT/generated_cap001757.als","CORRECT",0,0,0,0,0,0,0
"safe_prenex/CORRECT/generated_cap001758.als","CORRECT",0,0,0,0,0,0,0
"safe_prenex/CORRECT/generated_cap001759.als","CORRECT",0,0,0,0,0,0,0
"safe_prenex/CORRECT/generated_cap001760.als","CORRECT",0,0,0,0,0,0,0
"safe_prenex/CORRECT/generated_cap001761.als","CORRECT",0,0,0,0,0,0,0
"safe_prenex/CORRECT/generated_cap001762.als","CORRECT",0,0,0,0,0,0,0
"safe_prenex/CORRECT/generated_cap001763.als","CORRECT",0,0,0,0,0,0,0
"safe_prenex/CORRECT/generated_cap001764.als","CORRECT",0,0,0,0,0,0,0
"safe_prenex/CORRECT/generated_cap001765.als","CORRECT",0,0,0,0,0,0,0
"safe_prenex/CORRECT/generated_cap001766.als","CORRECT",0,0,0,0,0,0,0
"safe_prenex/CORRECT/generated_cap001767.als","CORRECT",0,0,0,0,0,0,0
"safe_prenex/CORRECT/generated_cap001768.als","CORRECT",0,0,0,0,0,0,0
"safe_prenex/CORRECT/generated_cap001769.als","CORRECT",0,0,0,0,0,0,0
"safe_prenex/CORRECT/generated_cap001770.als","CORRECT",0,0,0,0,0,0,0
"safe_prenex/CORRECT/generated_cap001771.als","CORRECT",0,0,0,0,0,0,0
"safe_prenex/CORRECT/generated_cap001772.als","CORRECT",0,0,0,0,0,0,0
"safe_prenex/CORRECT/generated_cap001773.als","CORRECT",0,0,0,0,0,0,0
"safe_prenex/CORRECT/generated_cap001774.als","CORRECT",0,0,0,0,0,0,0
"safe_prenex/CORRECT/generated_cap001775.als","CORRECT",0,0,0,0,0,0,0
"safe_prenex/CORRECT/generated_cap001776.als","CORRECT",0,0,0,0,0,0,0
"safe_prenex/CORRECT/generated_cap001777.als","CORRECT",0,0,0,0,0,0,0
"safe_prenex/CORRECT/generated_cap001778.als","CORRECT",0,0,0,0,0,0,0
"safe_prenex/CORRECT/generated_cap001779.als","CORRECT",0,0,0,0,0,0,0
"safe_prenex/CORRECT/generated_cap001780.als","CORRECT",0,0,0,0,0,0,0
"safe_prenex/CORRECT/generated_cap001781.als","CORRECT",0,0,0,0,0,0,0
"safe_prenex/CORRECT/generated_cap001782.als","CORRECT",0,0,0,0,0,0,0
"safe_prenex/CORRECT/generated_cap001783.als","CORRECT",0,0,0,0,0,0,0
"safe_prenex/CORRECT/generated_cap001784.als","CORRECT",0,0,0,0,0,0,0
"safe_prenex/CORRECT/generated_cap001785.als","CORRECT",0,0,0,0,0,0,0
"safe_prenex/CORRECT/generated_cap001786.als","CORRECT",0,0,0,0,0,0,0
"safe_prenex/CORRECT/generated_cap001787.als","CORRECT",0,0,0,0,0,0,0
"safe_prenex/CORRECT/generated_cap001788.als","CORRECT",0,0,0,0,0,0,0
"safe_prenex/CORRECT/generated_cap001789.als","CORRECT",0,0,0,0,0,0,0
"safe_prenex/CORRECT/generated_cap001790.als","CORRECT",0,0,0,0,0,0,0
"safe_prenex/CORRECT/generated_cap001791.als","CORRECT",0,0,0,0,0,0,0
"safe_prenex/CORRECT/generated_cap001792.als","CORRECT",0,0,0,0,0,0,0
"safe_prenex/CORRECT/generated_cap001793.als","CORRECT",0,0,0,0,0,0,0
"safe_prenex/CORRECT/generated_cap001794.als","CORRECT",0,0,0,0,0,0,0
"safe_prenex/CORRECT/generated_cap001795.als","CORRECT",0,0,0,0,0,0,0
"safe_prenex/CORRECT/generated_cap001796.als","CORRECT",0,0,0,0,0,0,0
"safe_prenex/CORRECT/generated_cap001797.als","CORRECT",0,0,0,0,0,0,0
"safe_prenex/CORRECT/generated_cap001798.als","CORRECT",0,0,0,0,0,0,0
"safe_prenex/CORRECT/generated_cap001799.als","CORRECT",0,0,0,0,0,0,0
"safe_prenex/CORRECT/generated_cap001800.als","CORRECT",0,0,0,0,0,0,0
"safe_prenex/CORRECT/generated_cap001801.als","CORRECT",0,0,0,0,0,0,0
"safe_prenex/CORRECT/generated_cap001802.als","CORRECT",0,0,0,0,0,0,0
"safe_prenex/CORRECT/generated_cap001803.als","CORRECT",0,0,0,0,0,0,0
"safe_prenex/CORRECT/generated_cap001804.als","CORRECT",0,0,0,0,0,0,0
"safe_prenex/CORRECT/generated_cap001805.als","CORRECT",0,0,0,0,0,0,0
"safe_prenex/CORRECT/generated_cap001806.als","CORRECT",0,0,0,0,0,0,0
"safe_prenex/CORRECT/generated_cap001807.als","CORRECT",0,0,0,0,0,0,0
"safe_prenex/CORRECT/generated_cap001808.als","CORRECT",0,0,0,0,0,0,0
"safe_prenex/CORRECT/generated_cap001809.als","CORRECT",0,0,0,0,0,0,0
"safe_prenex/CORRECT/generated_cap001810.als","CORRECT",0,0,0,0,0,0,0
"safe_prenex/CORRECT/generated_cap001811.als","CORRECT",0,0,0,0,0,0,0
"safe_prenex/CORRECT/generated_cap001812.als","CORRECT",0,0,0,0,0,0,0
"safe_prenex/CORRECT/generated_cap001813.als","CORRECT",0,0,0,0,0,0,0
"safe_prenex/CORRECT/generated_cap001814.als","CORRECT",0,0,0,0,0,0,0
"safe_prenex/CORRECT/generated_cap001815.als","CORRECT",0,0,0,0,0,0,0
"safe_prenex/CORRECT/generated_cap001816.als","CORRECT",0,0,0,0,0,0,0
"safe_prenex/CORRECT/generated_cap001817.als","CORRECT",0,0,0,0,0,0,0
"safe_prenex/CORRECT/generated_cap001818.als","CORRECT",0,0,0,0,0,0,0
"safe_prenex/CORRECT/generated_cap001819.als","CORRECT",0,0,0,0,0,0,0
"safe_prenex/CORRECT/generated_cap001820.als","CORRECT",0,0,0,0,0,0,0
"safe_prenex/CORRECT/generated_cap001821.als","CORRECT",0,0,0,0,0,0,0
"safe_prenex/CORRECT/generated_cap001822.als","CORRECT",0,0,0,0,0,0,0
"safe_prenex/CORRECT/generated_cap001823.als","CORRECT",0,0,0,0,0,0,0
"safe_prenex/CORRECT/generated_cap001824.als","CORRECT",0,0,0,0,0,0,0
"safe_prenex/CORRECT/generated_cap001825.als","CORRECT",0,0,0,0,0,0,0
"safe_prenex/CORRECT/generated_cap001826.als","CORRECT",0,0,0,0,0,0,0
"safe_prenex/CORRECT/generated_cap001827.als","CORRECT",0,0,0,0,0,0,0
"safe_prenex/CORRECT/generated_cap001828.als","CORRECT",0,0,0,0,0,0,0
"safe_prenex/CORRECT/generated_cap001829.als","CORRECT",0,0,0,0,0,0,0
"safe_prenex/CORRECT/generated_cap001830.als","CORRECT",0,0,0,0,0,0,0
"safe_prenex/CORRECT/generated_cap001831.als","CORRECT",0,0,0,0,0,0,0
"safe_prenex/CORRECT/generated_cap001832.als","CORRECT",0,0,0,0,0,0,0
"safe_prenex/CORRECT/generated_cap001833.als","CORRECT",0,0,0,0,0,0,0
"safe_prenex/CORRECT/generated_cap001834.als","CORRECT",0,0,0,0,0,0,0
"safe_prenex/CORRECT/generated_cap001835.als","CORRECT",0,0,0,0,0,0,0
"safe_prenex/CORRECT/generated_cap001836.als","CORRECT",0,0,0,0,0,0,0
"safe_prenex/CORRECT/generated_cap001837.als","CORRECT",0,0,0,0,0,0,0
"safe_prenex/CORRECT/generated_cap001838.als","CORRECT",0,0,0,0,0,0,0
"safe_prenex/CORRECT/generated_cap001839.als","CORRECT",0,0,0,0,0,0,0
"safe_prenex/CORRECT/generated_cap001840.als","CORRECT",0,0,0,0,0,0,0
"safe_prenex/CORRECT/generated_cap001841.als","CORRECT",0,0,0,0,0,0,0
"safe_prenex/CORRECT/generated_cap001842.als","CORRECT",0,0,0,0,0,0,0
"safe_prenex/CORRECT/generated_cap001843.als","CORRECT",0,0,0,0,0,0,0
"safe_prenex/CORRECT/generated_cap001844.als","CORRECT",0,0,0,0,0,0,0
"safe_prenex/CORRECT/generated_cap001845.als","CORRECT",0,0,0,0,0,0,0
"safe_prenex/CORRECT/generated_cap001846.als","CORRECT",0,0,0,0,0,0,0
"safe_prenex/CORRECT/generated_cap001847.als","CORRECT",0,0,0,0,0,0,0
"safe_prenex/CORRECT/generated_cap001848.als","CORRECT",0,0,0,0,0,0,0
"safe_prenex/CORRECT/generated_cap001849.als","CORRECT",0,0,0,0,0,0,0
"safe_prenex/CORRECT/generated_cap001850.als","CORRECT",0,0,0,0,0,0,0
"safe_prenex/CORRECT/generated_cap001851.als","CORRECT",0,0,0,0,0,0,0
"safe_prenex/CORRECT/generated_cap001852.als","CORRECT",0,0,0,0,0,0,0
"safe_prenex/CORRECT/generated_cap001853.als","CORRECT",0,0,0,0,0,0,0
"safe_prenex/CORRECT/generated_cap001854.als","CORRECT",0,0,0,0,0,0,0
"safe_prenex/CORRECT/generated_cap001855.als","CORRECT",0,0,0,0,0,0,0
"safe_prenex/CORRECT/generated_cap001856.als","CORRECT",0,0,0,0,0,0,0
"safe_prenex/CORRECT/generated_cap001857.als","CORRECT",0,0,0,0,0,0,0
"safe_prenex/CORRECT/generated_cap001858.als","CORRECT",0,0,0,0,0,0,0
"safe_prenex/CORRECT/generated_cap001859.als","CORRECT",0,0,0,0,0,0,0
"safe_prenex/CORRECT/generated_cap001860.als","CORRECT",0,0,0,0,0,0,0
"safe_prenex/CORRECT/generated_cap001861.als","CORRECT",0,0,0,0,0,0,0
"safe_prenex/CORRECT/generated_cap001862.als","CORRECT",0,0,0,0,0,0,0
"safe_prenex/CORRECT/generated_cap001863.als","CORRECT",0,0,0,0,0,0,0
"safe_prenex/CORRECT/generated_cap001864.als","CORRECT",0,0,0,0,0,0,0
"safe_prenex/CORRECT/generated_cap001865.als","CORRECT",0,0,0,0,0,0,0
"safe_prenex/CORRECT/generated_cap001866.als","CORRECT",0,0,0,0,0,0,0
"safe_prenex/CORRECT/generated_cap001867.als","CORRECT",0,0,0,0,0,0,0
"safe_prenex/CORRECT/generated_cap001868.als","CORRECT",0,0,0,0,0,0,0
"safe_prenex/CORRECT/generated_cap001869.als","CORRECT",0,0,0,0,0,0,0
"safe_prenex/CORRECT/generated_cap001870.als","CORRECT",0,0,0,0,0,0,0
"safe_prenex/CORRECT/generated_cap001871.als","CORRECT",0,0,0,0,0,0,0
"safe_prenex/CORRECT/generated_cap001872.als","CORRECT",0,0,0,0,0,0,0
"safe_prenex/CORRECT/generated_cap001873.als","CORRECT",0,0,0,0,0,0,0
"safe_prenex/CORRECT/generated_cap001874.als","CORRECT",0,0,0,0,0,0,0
"safe_prenex/CORRECT/generated_cap001875.als","CORRECT",0,0,0,0,0,0,0
"safe_prenex/CORRECT/generated_cap001876.als","CORRECT",0,0,0,0,0,0,0
"safe_prenex/CORRECT/generated_cap001877.als","CORRECT",0,0,0,0,0,0,0
"safe_prenex/CORRECT/generated_cap001878.als","CORRECT",0,0,0,0,0,0,0
"safe_prenex/CORRECT/generated_cap001879.als","CORRECT",0,0,0,0,0,0,0
"safe_prenex/CORRECT/generated_cap001880.als","CORRECT",0,0,0,0,0,0,0
"safe_prenex/CORRECT/generated_cap001881.als","CORRECT",0,0,0,0,0,0,0
"safe_prenex/CORRECT/generated_cap001882.als","CORRECT",0,0,0,0,0,0,0
"safe_prenex/CORRECT/generated_cap001883.als","CORRECT",0,0,0,0,0,0,0
"safe_prenex/CORRECT/generated_cap001884.als","CORRECT",0,0,0,0,0,0,0
"safe_prenex/CORRECT/generated_cap001885.als","CORRECT",0,0,0,0,0,0,0
"safe_prenex/CORRECT/generated_cap001886.als","CORRECT",0,0,0,0,0,0,0
"safe_prenex/CORRECT/generated_cap001887.als","CORRECT",0,0,0,0,0,0,0
"safe_prenex/CORRECT/generated_cap001888.als","CORRECT",0,0,0,0,0,0,0
"safe_prenex/CORRECT/generated_cap001889.als","CORRECT",0,0,0,0,0,0,0
"safe_prenex/CORRECT/generated_cap001890.als","CORRECT",0,0,0,0,0,0,0
"safe_prenex/CORRECT/generated_cap001891.als","CORRECT",0,0,0,0,0,0,0
"safe_prenex/CORRECT/generated_cap001892.als","CORRECT",0,0,0,0,0,0,0
"safe_prenex/CORRECT/generated_cap001893.als","CORRECT",0,0,0,0,0,0,0
"safe_prenex/CORRECT/generated_cap001894.als","CORRECT",0,0,0,0,0,0,0
"safe_prenex/CORRECT/generated_cap001895.als","CORRECT",0,0,0,0,0,0,0
"safe_prenex/CORRECT/generated_cap001896.als","CORRECT",0,0,0,0,0,0,0
"safe_prenex/CORRECT/generated_cap001897.als","CORRECT",0,0,0,0,0,0,0
"safe_prenex/CORRECT/generated_cap001898.als","CORRECT",0,0,0,0,0,0,0
"safe_prenex/CORRECT/generated_cap001899.als","CORRECT",0,0,0,0,0,0,0
"safe_prenex/CORRECT/generated_cap001900.als","CORRECT",0,0,0,0,0,0,0
"safe_prenex/CORRECT/generated_cap001901.als","CORRECT",0,0,0,0,0,0,0
"safe_prenex/CORRECT/generated_cap001902.als","CORRECT",0,0,0,0,0,0,0
"safe_prenex/CORRECT/generated_cap001903.als","CORRECT",0,0,0,0,0,0,0
"safe_prenex/CORRECT/generated_cap001904.als","CORRECT",0,0,0,0,0,0,0
"safe_prenex/CORRECT/generated_cap001905.als","CORRECT",0,0,0,0,0,0,0
"safe_prenex/CORRECT/generated_cap001906.als","CORRECT",0,0,0,0,0,0,0
"safe_prenex/CORRECT/generated_cap001907.als","CORRECT",0,0,0,0,0,0,0
"safe_prenex/CORRECT/generated_cap001908.als","CORRECT",0,0,0,0,0,0,0
"safe_prenex/CORRECT/generated_cap001909.als","CORRECT",0,0,0,0,0,0,0
"safe_prenex/CORRECT/generated_cap001910.als","CORRECT",0,0,0,0,0,0,0
"safe_prenex/CORRECT/generated_cap001911.als","CORRECT",0,0,0,0,0,0,0
"safe_prenex/CORRECT/generated_cap001912.als","CORRECT",0,0,0,0,0,0,0
"safe_prenex/CORRECT/generated_cap001913.als","CORRECT",0,0,0,0,0,0,0
"safe_prenex/CORRECT/generated_cap001914.als","CORRECT",0,0,0,0,0,0,0
"safe_prenex/CORRECT/generated_cap001915.als","CORRECT",0,0,0,0,0,0,0
"safe_prenex/CORRECT/generated_cap001916.als","CORRECT",0,0,0,0,0,0,0
"safe_prenex/CORRECT/generated_cap001917.als","CORRECT",0,0,0,0,0,0,0
"safe_prenex/CORRECT/generated_cap001918.als","CORRECT",0,0,0,0,0,0,0
"safe_prenex/CORRECT/generated_cap001919.als","CORRECT",0,0,0,0,0,0,0
"safe_prenex/CORRECT/generated_cap001920.als","CORRECT",0,0,0,0,0,0,0
"safe_prenex/CORRECT/generated_cap001921.als","CORRECT",0,0,0,0,0,0,0
"safe_prenex/CORRECT/generated_cap001922.als","CORRECT",0,0,0,0,0,0,0
"safe_prenex/CORRECT/generated_cap001923.als","CORRECT",0,0,0,0,0,0,0
"safe_prenex/CORRECT/generated_cap001924.als","CORRECT",0,0,0,0,0,0,0
"safe_prenex/CORRECT/generated_cap001925.als","CORRECT",0,0,0,0,0,0,0
"safe_prenex/CORRECT/generated_cap001926.als","CORRECT",0,0,0,0,0,0,0
"safe_prenex/CORRECT/generated_cap001927.als","CORRECT",0,0,0,0,0,0,0
"safe_prenex/CORRECT/generated_cap001928.als","CORRECT",0,0,0,0,0,0,0
"safe_prenex/CORRECT/generated_cap001929.als","CORRECT",0,0,0,0,0,0,0
"safe_prenex/CORRECT/generated_cap001930.als","CORRECT",0,0,0,0,0,0,0
"safe_prenex/CORRECT/generated_cap001931.als","CORRECT",0,0,0,0,0,0,0
"safe_prenex/CORRECT/generated_cap001932.als","CORRECT",0,0,0,0,0,0,0
"safe_prenex/CORRECT/generated_cap001933.als","CORRECT",0,0,0,0,0,0,0
"safe_prenex/CORRECT/generated_cap001934.als","CORRECT",0,0,0,0,0,0,0
"safe_prenex/CORRECT/generated_cap001935.als","CORRECT",0,0,0,0,0,0,0
"safe_prenex/CORRECT/generated_cap001936.als","CORRECT",0,0,0,0,0,0,0
"safe_prenex/CORRECT/generated_cap001937.als","CORRECT",0,0,0,0,0,0,0
"safe_prenex/CORRECT/generated_cap001938.als","CORRECT",0,0,0,0,0,0,0
"safe_prenex/CORRECT/generated_cap001939.als","CORRECT",0,0,0,0,0,0,0
"safe_prenex/CORRECT/generated_cap001940.als","CORRECT",0,0,0,0,0,0,0
"safe_prenex/CORRECT/generated_cap001941.als","CORRECT",0,0,0,0,0,0,0
"safe_prenex/CORRECT/generated_cap001942.als","CORRECT",0,0,0,0,0,0,0
"safe_prenex/CORRECT/generated_cap001943.als","CORRECT",0,0,0,0,0,0,0
"safe_prenex/CORRECT/generated_cap001944.als","CORRECT",0,0,0,0,0,0,0
"safe_prenex/CORRECT/generated_cap001945.als","CORRECT",0,0,0,0,0,0,0
"safe_prenex/CORRECT/generated_cap001946.als","CORRECT",0,0,0,0,0,0,0
"safe_prenex/CORRECT/generated_cap001947.als","CORRECT",0,0,0,0,0,0,0
"safe_prenex/CORRECT/generated_cap001948.als","CORRECT",0,0,0,0,0,0,0
"safe_prenex/CORRECT/generated_cap001949.als","CORRECT",0,0,0,0,0,0,0
"safe_prenex/CORRECT/generated_cap001950.als","CORRECT",0,0,0,0,0,0,0
"safe_prenex/CORRECT/generated_cap001951.als","CORRECT",0,0,0,0,0,0,0
"safe_prenex/CORRECT/generated_cap001952.als","CORRECT",0,0,0,0,0,0,0
"safe_prenex/CORRECT/generated_cap001953.als","CORRECT",0,0,0,0,0,0,0
"safe_prenex/CORRECT/generated_cap001954.als","CORRECT",0,0,0,0,0,0,0
"safe_prenex/CORRECT/generated_cap001955.als","CORRECT",0,0,0,0,0,0,0
"safe_prenex/CORRECT/generated_cap001956.als","CORRECT",0,0,0,0,0,0,0
"safe_prenex/CORRECT/generated_cap001957.als","CORRECT",0,0,0,0,0,0,0
"safe_prenex/CORRECT/generated_cap001958.als","CORRECT",0,0,0,0,0,0,0
"safe_prenex/CORRECT/generated_cap001959.als","CORRECT",0,0,0,0,0,0,0
"safe_prenex/CORRECT/generated_cap001960.als","CORRECT",0,0,0,0,0,0,0
"safe_prenex/CORRECT/generated_cap001961.als","CORRECT",0,0,0,0,0,0,0
"safe_prenex/CORRECT/generated_cap001962.als","CORRECT",0,0,0,0,0,0,0
"safe_prenex/CORRECT/generated_cap001963.als","CORRECT",0,0,0,0,0,0,0
"safe_prenex/CORRECT/generated_cap001964.als","CORRECT",0,0,0,0,0,0,0
"safe_prenex/CORRECT/generated_cap001965.als","CORRECT",0,0,0,0,0,0,0
"safe_prenex/CORRECT/generated_cap001966.als","CORRECT",0,0,0,0,0,0,0
"safe_prenex/CORRECT/generated_cap001967.als","CORRECT",0,0,0,0,0,0,0
"safe_prenex/CORRECT/generated_cap001968.als","CORRECT",0,0,0,0,0,0,0
"safe_prenex/CORRECT/generated_cap001969.als","CORRECT",0,0,0,0,0,0,0
"safe_prenex/CORRECT/generated_cap001970.als","CORRECT",0,0,0,0,0,0,0
"safe_prenex/CORRECT/generated_cap001971.als","CORRECT",0,0,0,0,0,0,0
"safe_prenex/CORRECT/generated_cap001972.als","CORRECT",0,0,0,0,0,0,0
"safe_prenex/CORRECT/generated_cap001973.als","CORRECT",0,0,0,0,0,0,0
"safe_prenex/CORRECT/generated_cap001974.als","CORRECT",0,0,0,0,0,0,0
"safe_prenex/CORRECT/generated_cap001975.als","CORRECT",0,0,0,0,0,0,0
"safe_prenex/CORRECT/generated_cap001976.als","CORRECT",0,0,0,0,0,0,0
"safe_prenex/CORRECT/generated_cap001977.als","CORRECT",0,0,0,0,0,0,0
"safe_prenex/CORRECT/generated_cap001978.als","CORRECT",0,0,0,0,0,0,0
"safe_prenex/CORRECT/generated_cap001979.als","CORRECT",0,0,0,0,0,0,0
"safe_prenex/CORRECT/generated_cap001980.als","CORRECT",0,0,0,0,0,0,0
"safe_prenex/CORRECT/generated_cap001981.als","CORRECT",0,0,0,0,0,0,0
"safe_prenex/CORRECT/generated_cap001982.als","CORRECT",0,0,0,0,0,0,0
"safe_prenex/CORRECT/generated_cap001983.als","CORRECT",0,0,0,0,0,0,0
"safe_prenex/CORRECT/generated_cap001984.als","CORRECT",0,0,0,0,0,0,0
"safe_prenex/CORRECT/generated_cap001985.als","CORRECT",0,0,0,0,0,0,0
"safe_prenex/CORRECT/generated_cap001986.als","CORRECT",0,0,0,0,0,0,0
"safe_prenex/CORRECT/generated_cap001987.als","CORRECT",0,0,0,0,0,0,0
"safe_prenex/CORRECT/generated_cap001988.als","CORRECT",0,0,0,0,0,0,0
"safe_prenex/CORRECT/generated_cap001989.als","CORRECT",0,0,0,0,0,0,0
"safe_prenex/CORRECT/generated_cap001990.als","CORRECT",0,0,0,0,0,0,0
"safe_prenex/CORRECT/generated_cap001991.als","CORRECT",0,0,0,0,0,0,0
"safe_prenex/CORRECT/generated_cap001992.als","CORRECT",0,0,0,0,0,0,0
"safe_prenex/CORRECT/generated_cap001993.als","CORRECT",0,0,0,0,0,0,0
"safe_prenex/CORRECT/generated_cap001994.als","CORRECT",0,0,0,0,0,0,0
"safe_prenex/CORRECT/generated_cap001995.als","CORRECT",0,0,0,0,0,0,0
"safe_prenex/CORRECT/generated_cap001996.als","CORRECT",0,0,0,0,0,0,0
"safe_prenex/CORRECT/generated_cap001997.als","CORRECT",0,0,0,0,0,0,0
"safe_prenex/CORRECT/generated_cap001998.als","CORRECT",0,0,0,0,0,0,0
"safe_prenex/CORRECT/generated_cap001999.als","CORRECT",0,0,0,0,0,0,0
"temporal_normalization/CORRECT/generated_cap002500.als","CORRECT",0,0,0,0,0,0,0
"temporal_normalization/CORRECT/generated_cap002501.als","CORRECT",0,0,0,0,0,0,0
"temporal_normalization/CORRECT/generated_cap002502.als","CORRECT",0,0,0,0,0,0,0
"temporal_normalization/CORRECT/generated_cap002503.als","CORRECT",0,0,0,0,0,0,0
"temporal_normalization/CORRECT/generated_cap002504.als","CORRECT",0,0,0,0,0,0,0
"temporal_normalization/CORRECT/generated_cap002505.als","CORRECT",0,0,0,0,0,0,0
"temporal_normalization/CORRECT/generated_cap002506.als","CORRECT",0,0,0,0,0,0,0
"temporal_normalization/CORRECT/generated_cap002507.als","CORRECT",0,0,0,0,0,0,0
"temporal_normalization/CORRECT/generated_cap002508.als","CORRECT",0,0,0,0,0,0,0
"temporal_normalization/CORRECT/generated_cap002509.als","CORRECT",0,0,0,0,0,0,0
"temporal_normalization/CORRECT/generated_cap002510.als","CORRECT",0,0,0,0,0,0,0
"temporal_normalization/CORRECT/generated_cap002511.als","CORRECT",0,0,0,0,0,0,0
"temporal_normalization/CORRECT/generated_cap002512.als","CORRECT",0,0,0,0,0,0,0
"temporal_normalization/CORRECT/generated_cap002513.als","CORRECT",0,0,0,0,0,0,0
"temporal_normalization/CORRECT/generated_cap002514.als","CORRECT",0,0,0,0,0,0,0
"temporal_normalization/CORRECT/generated_cap002515.als","CORRECT",0,0,0,0,0,0,0
"temporal_normalization/CORRECT/generated_cap002516.als","CORRECT",0,0,0,0,0,0,0
"temporal_normalization/CORRECT/generated_cap002517.als","CORRECT",0,0,0,0,0,0,0
"temporal_normalization/CORRECT/generated_cap002518.als","CORRECT",0,0,0,0,0,0,0
"temporal_normalization/CORRECT/generated_cap002519.als","CORRECT",0,0,0,0,0,0,0
"temporal_normalization/CORRECT/generated_cap002520.als","CORRECT",0,0,0,0,0,0,0
"temporal_normalization/CORRECT/generated_cap002521.als","CORRECT",0,0,0,0,0,0,0
"temporal_normalization/CORRECT/generated_cap002522.als","CORRECT",0,0,0,0,0,0,0
"temporal_normalization/CORRECT/generated_cap002523.als","CORRECT",0,0,0,0,0,0,0
"temporal_normalization/CORRECT/generated_cap002524.als","CORRECT",0,0,0,0,0,0,0
"temporal_normalization/CORRECT/generated_cap002525.als","CORRECT",0,0,0,0,0,0,0
"temporal_normalization/CORRECT/generated_cap002526.als","CORRECT",0,0,0,0,0,0,0
"temporal_normalization/CORRECT/generated_cap002527.als","CORRECT",0,0,0,0,0,0,0
"temporal_normalization/CORRECT/generated_cap002528.als","CORRECT",0,0,0,0,0,0,0
"temporal_normalization/CORRECT/generated_cap002529.als","CORRECT",0,0,0,0,0,0,0
"temporal_normalization/CORRECT/generated_cap002530.als","CORRECT",0,0,0,0,0,0,0
"temporal_normalization/CORRECT/generated_cap002531.als","CORRECT",0,0,0,0,0,0,0
"temporal_normalization/CORRECT/generated_cap002532.als","CORRECT",0,0,0,0,0,0,0
"temporal_normalization/CORRECT/generated_cap002533.als","CORRECT",0,0,0,0,0,0,0
"temporal_normalization/CORRECT/generated_cap002534.als","CORRECT",0,0,0,0,0,0,0
"temporal_normalization/CORRECT/generated_cap002535.als","CORRECT",0,0,0,0,0,0,0
"temporal_normalization/CORRECT/generated_cap002536.als","CORRECT",0,0,0,0,0,0,0
"temporal_normalization/CORRECT/generated_cap002537.als","CORRECT",0,0,0,0,0,0,0
"temporal_normalization/CORRECT/generated_cap002538.als","CORRECT",0,0,0,0,0,0,0
"temporal_normalization/CORRECT/generated_cap002539.als","CORRECT",0,0,0,0,0,0,0
"temporal_normalization/CORRECT/generated_cap002540.als","CORRECT",0,0,0,0,0,0,0
"temporal_normalization/CORRECT/generated_cap002541.als","CORRECT",0,0,0,0,0,0,0
"temporal_normalization/CORRECT/generated_cap002542.als","CORRECT",0,0,0,0,0,0,0
"temporal_normalization/CORRECT/generated_cap002543.als","CORRECT",0,0,0,0,0,0,0
"temporal_normalization/CORRECT/generated_cap002544.als","CORRECT",0,0,0,0,0,0,0
"temporal_normalization/CORRECT/generated_cap002545.als","CORRECT",0,0,0,0,0,0,0
"temporal_normalization/CORRECT/generated_cap002546.als","CORRECT",0,0,0,0,0,0,0
"temporal_normalization/CORRECT/generated_cap002547.als","CORRECT",0,0,0,0,0,0,0
"temporal_normalization/CORRECT/generated_cap002548.als","CORRECT",0,0,0,0,0,0,0
"temporal_normalization/CORRECT/generated_cap002549.als","CORRECT",0,0,0,0,0,0,0
"temporal_normalization/CORRECT/generated_cap002550.als","CORRECT",0,0,0,0,0,0,0
"temporal_normalization/CORRECT/generated_cap002551.als","CORRECT",0,0,0,0,0,0,0
"temporal_normalization/CORRECT/generated_cap002552.als","CORRECT",0,0,0,0,0,0,0
"temporal_normalization/CORRECT/generated_cap002553.als","CORRECT",0,0,0,0,0,0,0
"temporal_normalization/CORRECT/generated_cap002554.als","CORRECT",0,0,0,0,0,0,0
"temporal_normalization/CORRECT/generated_cap002555.als","CORRECT",0,0,0,0,0,0,0
"temporal_normalization/CORRECT/generated_cap002556.als","CORRECT",0,0,0,0,0,0,0
"temporal_normalization/CORRECT/generated_cap002557.als","CORRECT",0,0,0,0,0,0,0
"temporal_normalization/CORRECT/generated_cap002558.als","CORRECT",0,0,0,0,0,0,0
"temporal_normalization/CORRECT/generated_cap002559.als","CORRECT",0,0,0,0,0,0,0
"temporal_normalization/CORRECT/generated_cap002560.als","CORRECT",0,0,0,0,0,0,0
"temporal_normalization/CORRECT/generated_cap002561.als","CORRECT",0,0,0,0,0,0,0
"temporal_normalization/CORRECT/generated_cap002562.als","CORRECT",0,0,0,0,0,0,0
"temporal_normalization/CORRECT/generated_cap002563.als","CORRECT",0,0,0,0,0,0,0
"temporal_normalization/CORRECT/generated_cap002564.als","CORRECT",0,0,0,0,0,0,0
"temporal_normalization/CORRECT/generated_cap002565.als","CORRECT",0,0,0,0,0,0,0
"temporal_normalization/CORRECT/generated_cap002566.als","CORRECT",0,0,0,0,0,0,0
"temporal_normalization/CORRECT/generated_cap002567.als","CORRECT",0,0,0,0,0,0,0
"temporal_normalization/CORRECT/generated_cap002568.als","CORRECT",0,0,0,0,0,0,0
"temporal_normalization/CORRECT/generated_cap002569.als","CORRECT",0,0,0,0,0,0,0
"temporal_normalization/CORRECT/generated_cap002570.als","CORRECT",0,0,0,0,0,0,0
"temporal_normalization/CORRECT/generated_cap002571.als","CORRECT",0,0,0,0,0,0,0
"temporal_normalization/CORRECT/generated_cap002572.als","CORRECT",0,0,0,0,0,0,0
"temporal_normalization/CORRECT/generated_cap002573.als","CORRECT",0,0,0,0,0,0,0
"temporal_normalization/CORRECT/generated_cap002574.als","CORRECT",0,0,0,0,0,0,0
"temporal_normalization/CORRECT/generated_cap002575.als","CORRECT",0,0,0,0,0,0,0
"temporal_normalization/CORRECT/generated_cap002576.als","CORRECT",0,0,0,0,0,0,0
"temporal_normalization/CORRECT/generated_cap002577.als","CORRECT",0,0,0,0,0,0,0
"temporal_normalization/CORRECT/generated_cap002578.als","CORRECT",0,0,0,0,0,0,0
"temporal_normalization/CORRECT/generated_cap002579.als","CORRECT",0,0,0,0,0,0,0
"temporal_normalization/CORRECT/generated_cap002580.als","CORRECT",0,0,0,0,0,0,0
"temporal_normalization/CORRECT/generated_cap002581.als","CORRECT",0,0,0,0,0,0,0
"temporal_normalization/CORRECT/generated_cap002582.als","CORRECT",0,0,0,0,0,0,0
"temporal_normalization/CORRECT/generated_cap002583.als","CORRECT",0,0,0,0,0,0,0
"temporal_normalization/CORRECT/generated_cap002584.als","CORRECT",0,0,0,0,0,0,0
"temporal_normalization/CORRECT/generated_cap002585.als","CORRECT",0,0,0,0,0,0,0
"temporal_normalization/CORRECT/generated_cap002586.als","CORRECT",0,0,0,0,0,0,0
"temporal_normalization/CORRECT/generated_cap002587.als","CORRECT",0,0,0,0,0,0,0
"temporal_normalization/CORRECT/generated_cap002588.als","CORRECT",0,0,0,0,0,0,0
"temporal_normalization/CORRECT/generated_cap002589.als","CORRECT",0,0,0,0,0,0,0
"temporal_normalization/CORRECT/generated_cap002590.als","CORRECT",0,0,0,0,0,0,0
"temporal_normalization/CORRECT/generated_cap002591.als","CORRECT",0,0,0,0,0,0,0
"temporal_normalization/CORRECT/generated_cap002592.als","CORRECT",0,0,0,0,0,0,0
"temporal_normalization/CORRECT/generated_cap002593.als","CORRECT",0,0,0,0,0,0,0
"temporal_normalization/CORRECT/generated_cap002594.als","CORRECT",0,0,0,0,0,0,0
"temporal_normalization/CORRECT/generated_cap002595.als","CORRECT",0,0,0,0,0,0,0
"temporal_normalization/CORRECT/generated_cap002596.als","CORRECT",0,0,0,0,0,0,0
"temporal_normalization/CORRECT/generated_cap002597.als","CORRECT",0,0,0,0,0,0,0
"temporal_normalization/CORRECT/generated_cap002598.als","CORRECT",0,0,0,0,0,0,0
"temporal_normalization/CORRECT/generated_cap002599.als","CORRECT",0,0,0,0,0,0,0
"temporal_normalization/CORRECT/generated_cap002600.als","CORRECT",0,0,0,0,0,0,0
"temporal_normalization/CORRECT/generated_cap002601.als","CORRECT",0,0,0,0,0,0,0
"temporal_normalization/CORRECT/generated_cap002602.als","CORRECT",0,0,0,0,0,0,0
"temporal_normalization/CORRECT/generated_cap002603.als","CORRECT",0,0,0,0,0,0,0
"temporal_normalization/CORRECT/generated_cap002604.als","CORRECT",0,0,0,0,0,0,0
"temporal_normalization/CORRECT/generated_cap002605.als","CORRECT",0,0,0,0,0,0,0
"temporal_normalization/CORRECT/generated_cap002606.als","CORRECT",0,0,0,0,0,0,0
"temporal_normalization/CORRECT/generated_cap002607.als","CORRECT",0,0,0,0,0,0,0
"temporal_normalization/CORRECT/generated_cap002608.als","CORRECT",0,0,0,0,0,0,0
"temporal_normalization/CORRECT/generated_cap002609.als","CORRECT",0,0,0,0,0,0,0
"temporal_normalization/CORRECT/generated_cap002610.als","CORRECT",0,0,0,0,0,0,0
"temporal_normalization/CORRECT/generated_cap002611.als","CORRECT",0,0,0,0,0,0,0
"temporal_normalization/CORRECT/generated_cap002612.als","CORRECT",0,0,0,0,0,0,0
"temporal_normalization/CORRECT/generated_cap002613.als","CORRECT",0,0,0,0,0,0,0
"temporal_normalization/CORRECT/generated_cap002614.als","CORRECT",0,0,0,0,0,0,0
"temporal_normalization/CORRECT/generated_cap002615.als","CORRECT",0,0,0,0,0,0,0
"temporal_normalization/CORRECT/generated_cap002616.als","CORRECT",0,0,0,0,0,0,0
"temporal_normalization/CORRECT/generated_cap002617.als","CORRECT",0,0,0,0,0,0,0
"temporal_normalization/CORRECT/generated_cap002618.als","CORRECT",0,0,0,0,0,0,0
"temporal_normalization/CORRECT/generated_cap002619.als","CORRECT",0,0,0,0,0,0,0
"temporal_normalization/CORRECT/generated_cap002620.als","CORRECT",0,0,0,0,0,0,0
"temporal_normalization/CORRECT/generated_cap002621.als","CORRECT",0,0,0,0,0,0,0
"temporal_normalization/CORRECT/generated_cap002622.als","CORRECT",0,0,0,0,0,0,0
"temporal_normalization/CORRECT/generated_cap002623.als","CORRECT",0,0,0,0,0,0,0
"temporal_normalization/CORRECT/generated_cap002624.als","CORRECT",0,0,0,0,0,0,0
"temporal_normalization/CORRECT/generated_cap002625.als","CORRECT",0,0,0,0,0,0,0
"temporal_normalization/CORRECT/generated_cap002626.als","CORRECT",0,0,0,0,0,0,0
"temporal_normalization/CORRECT/generated_cap002627.als","CORRECT",0,0,0,0,0,0,0
"temporal_normalization/CORRECT/generated_cap002628.als","CORRECT",0,0,0,0,0,0,0
"temporal_normalization/CORRECT/generated_cap002629.als","CORRECT",0,0,0,0,0,0,0
"temporal_normalization/CORRECT/generated_cap002630.als","CORRECT",0,0,0,0,0,0,0
"temporal_normalization/CORRECT/generated_cap002631.als","CORRECT",0,0,0,0,0,0,0
"temporal_normalization/CORRECT/generated_cap002632.als","CORRECT",0,0,0,0,0,0,0
"temporal_normalization/CORRECT/generated_cap002633.als","CORRECT",0,0,0,0,0,0,0
"temporal_normalization/CORRECT/generated_cap002634.als","CORRECT",0,0,0,0,0,0,0
"temporal_normalization/CORRECT/generated_cap002635.als","CORRECT",0,0,0,0,0,0,0
"temporal_normalization/CORRECT/generated_cap002636.als","CORRECT",0,0,0,0,0,0,0
"temporal_normalization/CORRECT/generated_cap002637.als","CORRECT",0,0,0,0,0,0,0
"temporal_normalization/CORRECT/generated_cap002638.als","CORRECT",0,0,0,0,0,0,0
"temporal_normalization/CORRECT/generated_cap002639.als","CORRECT",0,0,0,0,0,0,0
"temporal_normalization/CORRECT/generated_cap002640.als","CORRECT",0,0,0,0,0,0,0
"temporal_normalization/CORRECT/generated_cap002641.als","CORRECT",0,0,0,0,0,0,0
"temporal_normalization/CORRECT/generated_cap002642.als","CORRECT",0,0,0,0,0,0,0
"temporal_normalization/CORRECT/generated_cap002643.als","CORRECT",0,0,0,0,0,0,0
"temporal_normalization/CORRECT/generated_cap002644.als","CORRECT",0,0,0,0,0,0,0
"temporal_normalization/CORRECT/generated_cap002645.als","CORRECT",0,0,0,0,0,0,0
"temporal_normalization/CORRECT/generated_cap002646.als","CORRECT",0,0,0,0,0,0,0
"temporal_normalization/CORRECT/generated_cap002647.als","CORRECT",0,0,0,0,0,0,0
"temporal_normalization/CORRECT/generated_cap002648.als","CORRECT",0,0,0,0,0,0,0
"temporal_normalization/CORRECT/generated_cap002649.als","CORRECT",0,0,0,0,0,0,0
"temporal_normalization/CORRECT/generated_cap002650.als","CORRECT",0,0,0,0,0,0,0
"temporal_normalization/CORRECT/generated_cap002651.als","CORRECT",0,0,0,0,0,0,0
"temporal_normalization/CORRECT/generated_cap002652.als","CORRECT",0,0,0,0,0,0,0
"temporal_normalization/CORRECT/generated_cap002653.als","CORRECT",0,0,0,0,0,0,0
"temporal_normalization/CORRECT/generated_cap002654.als","CORRECT",0,0,0,0,0,0,0
"temporal_normalization/CORRECT/generated_cap002655.als","CORRECT",0,0,0,0,0,0,0
"temporal_normalization/CORRECT/generated_cap002656.als","CORRECT",0,0,0,0,0,0,0
"temporal_normalization/CORRECT/generated_cap002657.als","CORRECT",0,0,0,0,0,0,0
"temporal_normalization/CORRECT/generated_cap002658.als","CORRECT",0,0,0,0,0,0,0
"temporal_normalization/CORRECT/generated_cap002659.als","CORRECT",0,0,0,0,0,0,0
"temporal_normalization/CORRECT/generated_cap002660.als","CORRECT",0,0,0,0,0,0,0
"temporal_normalization/CORRECT/generated_cap002661.als","CORRECT",0,0,0,0,0,0,0
"temporal_normalization/CORRECT/generated_cap002662.als","CORRECT",0,0,0,0,0,0,0
"temporal_normalization/CORRECT/generated_cap002663.als","CORRECT",0,0,0,0,0,0,0
"temporal_normalization/CORRECT/generated_cap002664.als","CORRECT",0,0,0,0,0,0,0
"temporal_normalization/CORRECT/generated_cap002665.als","CORRECT",0,0,0,0,0,0,0
"temporal_normalization/CORRECT/generated_cap002666.als","CORRECT",0,0,0,0,0,0,0
"temporal_normalization/CORRECT/generated_cap002667.als","CORRECT",0,0,0,0,0,0,0
"temporal_normalization/CORRECT/generated_cap002668.als","CORRECT",0,0,0,0,0,0,0
"temporal_normalization/CORRECT/generated_cap002669.als","CORRECT",0,0,0,0,0,0,0
"temporal_normalization/CORRECT/generated_cap002670.als","CORRECT",0,0,0,0,0,0,0
"temporal_normalization/CORRECT/generated_cap002671.als","CORRECT",0,0,0,0,0,0,0
"temporal_normalization/CORRECT/generated_cap002672.als","CORRECT",0,0,0,0,0,0,0
"temporal_normalization/CORRECT/generated_cap002673.als","CORRECT",0,0,0,0,0,0,0
"temporal_normalization/CORRECT/generated_cap002674.als","CORRECT",0,0,0,0,0,0,0
"temporal_normalization/CORRECT/generated_cap002675.als","CORRECT",0,0,0,0,0,0,0
"temporal_normalization/CORRECT/generated_cap002676.als","CORRECT",0,0,0,0,0,0,0
"temporal_normalization/CORRECT/generated_cap002677.als","CORRECT",0,0,0,0,0,0,0
"temporal_normalization/CORRECT/generated_cap002678.als","CORRECT",0,0,0,0,0,0,0
"temporal_normalization/CORRECT/generated_cap002679.als","CORRECT",0,0,0,0,0,0,0
"temporal_normalization/CORRECT/generated_cap002680.als","CORRECT",0,0,0,0,0,0,0
"temporal_normalization/CORRECT/generated_cap002681.als","CORRECT",0,0,0,0,0,0,0
"temporal_normalization/CORRECT/generated_cap002682.als","CORRECT",0,0,0,0,0,0,0
"temporal_normalization/CORRECT/generated_cap002683.als","CORRECT",0,0,0,0,0,0,0
"temporal_normalization/CORRECT/generated_cap002684.als","CORRECT",0,0,0,0,0,0,0
"temporal_normalization/CORRECT/generated_cap002685.als","CORRECT",0,0,0,0,0,0,0
"temporal_normalization/CORRECT/generated_cap002686.als","CORRECT",0,0,0,0,0,0,0
"temporal_normalization/CORRECT/generated_cap002687.als","CORRECT",0,0,0,0,0,0,0
"temporal_normalization/CORRECT/generated_cap002688.als","CORRECT",0,0,0,0,0,0,0
"temporal_normalization/CORRECT/generated_cap002689.als","CORRECT",0,0,0,0,0,0,0
"temporal_normalization/CORRECT/generated_cap002690.als","CORRECT",0,0,0,0,0,0,0
"temporal_normalization/CORRECT/generated_cap002691.als","CORRECT",0,0,0,0,0,0,0
"temporal_normalization/CORRECT/generated_cap002692.als","CORRECT",0,0,0,0,0,0,0
"temporal_normalization/CORRECT/generated_cap002693.als","CORRECT",0,0,0,0,0,0,0
"temporal_normalization/CORRECT/generated_cap002694.als","CORRECT",0,0,0,0,0,0,0
"temporal_normalization/CORRECT/generated_cap002695.als","CORRECT",0,0,0,0,0,0,0
"temporal_normalization/CORRECT/generated_cap002696.als","CORRECT",0,0,0,0,0,0,0
"temporal_normalization/CORRECT/generated_cap002697.als","CORRECT",0,0,0,0,0,0,0
"temporal_normalization/CORRECT/generated_cap002698.als","CORRECT",0,0,0,0,0,0,0
"temporal_normalization/CORRECT/generated_cap002699.als","CORRECT",0,0,0,0,0,0,0
"temporal_normalization/CORRECT/generated_cap002700.als","CORRECT",0,0,0,0,0,0,0
"temporal_normalization/CORRECT/generated_cap002701.als","CORRECT",0,0,0,0,0,0,0
"temporal_normalization/CORRECT/generated_cap002702.als","CORRECT",0,0,0,0,0,0,0
"temporal_normalization/CORRECT/generated_cap002703.als","CORRECT",0,0,0,0,0,0,0
"temporal_normalization/CORRECT/generated_cap002704.als","CORRECT",0,0,0,0,0,0,0
"temporal_normalization/CORRECT/generated_cap002705.als","CORRECT",0,0,0,0,0,0,0
"temporal_normalization/CORRECT/generated_cap002706.als","CORRECT",0,0,0,0,0,0,0
"temporal_normalization/CORRECT/generated_cap002707.als","CORRECT",0,0,0,0,0,0,0
"temporal_normalization/CORRECT/generated_cap002708.als","CORRECT",0,0,0,0,0,0,0
"temporal_normalization/CORRECT/generated_cap002709.als","CORRECT",0,0,0,0,0,0,0
"temporal_normalization/CORRECT/generated_cap002710.als","CORRECT",0,0,0,0,0,0,0
"temporal_normalization/CORRECT/generated_cap002711.als","CORRECT",0,0,0,0,0,0,0
"temporal_normalization/CORRECT/generated_cap002712.als","CORRECT",0,0,0,0,0,0,0
"temporal_normalization/CORRECT/generated_cap002713.als","CORRECT",0,0,0,0,0,0,0
"temporal_normalization/CORRECT/generated_cap002714.als","CORRECT",0,0,0,0,0,0,0
"temporal_normalization/CORRECT/generated_cap002715.als","CORRECT",0,0,0,0,0,0,0
"temporal_normalization/CORRECT/generated_cap002716.als","CORRECT",0,0,0,0,0,0,0
"temporal_normalization/CORRECT/generated_cap002717.als","CORRECT",0,0,0,0,0,0,0
"temporal_normalization/CORRECT/generated_cap002718.als","CORRECT",0,0,0,0,0,0,0
"temporal_normalization/CORRECT/generated_cap002719.als","CORRECT",0,0,0,0,0,0,0
"temporal_normalization/CORRECT/generated_cap002720.als","CORRECT",0,0,0,0,0,0,0
"temporal_normalization/CORRECT/generated_cap002721.als","CORRECT",0,0,0,0,0,0,0
"temporal_normalization/CORRECT/generated_cap002722.als","CORRECT",0,0,0,0,0,0,0
"temporal_normalization/CORRECT/generated_cap002723.als","CORRECT",0,0,0,0,0,0,0
"temporal_normalization/CORRECT/generated_cap002724.als","CORRECT",0,0,0,0,0,0,0
"temporal_normalization/CORRECT/generated_cap002725.als","CORRECT",0,0,0,0,0,0,0
"temporal_normalization/CORRECT/generated_cap002726.als","CORRECT",0,0,0,0,0,0,0
"temporal_normalization/CORRECT/generated_cap002727.als","CORRECT",0,0,0,0,0,0,0
"temporal_normalization/CORRECT/generated_cap002728.als","CORRECT",0,0,0,0,0,0,0
"temporal_normalization/CORRECT/generated_cap002729.als","CORRECT",0,0,0,0,0,0,0
"temporal_normalization/CORRECT/generated_cap002730.als","CORRECT",0,0,0,0,0,0,0
"temporal_normalization/CORRECT/generated_cap002731.als","CORRECT",0,0,0,0,0,0,0
"temporal_normalization/CORRECT/generated_cap002732.als","CORRECT",0,0,0,0,0,0,0
"temporal_normalization/CORRECT/generated_cap002733.als","CORRECT",0,0,0,0,0,0,0
"temporal_normalization/CORRECT/generated_cap002734.als","CORRECT",0,0,0,0,0,0,0
"temporal_normalization/CORRECT/generated_cap002735.als","CORRECT",0,0,0,0,0,0,0
"temporal_normalization/CORRECT/generated_cap002736.als","CORRECT",0,0,0,0,0,0,0
"temporal_normalization/CORRECT/generated_cap002737.als","CORRECT",0,0,0,0,0,0,0
"temporal_normalization/CORRECT/generated_cap002738.als","CORRECT",0,0,0,0,0,0,0
"temporal_normalization/CORRECT/generated_cap002739.als","CORRECT",0,0,0,0,0,0,0
"temporal_normalization/CORRECT/generated_cap002740.als","CORRECT",0,0,0,0,0,0,0
"temporal_normalization/CORRECT/generated_cap002741.als","CORRECT",0,0,0,0,0,0,0
"temporal_normalization/CORRECT/generated_cap002742.als","CORRECT",0,0,0,0,0,0,0
"temporal_normalization/CORRECT/generated_cap002743.als","CORRECT",0,0,0,0,0,0,0
"temporal_normalization/CORRECT/generated_cap002744.als","CORRECT",0,0,0,0,0,0,0
"temporal_normalization/CORRECT/generated_cap002745.als","CORRECT",0,0,0,0,0,0,0
"temporal_normalization/CORRECT/generated_cap002746.als","CORRECT",0,0,0,0,0,0,0
"temporal_normalization/CORRECT/generated_cap002747.als","CORRECT",0,0,0,0,0,0,0
"temporal_normalization/CORRECT/generated_cap002748.als","CORRECT",0,0,0,0,0,0,0
"temporal_normalization/CORRECT/generated_cap002749.als","CORRECT",0,0,0,0,0,0,0
"temporal_normalization/CORRECT/generated_cap002750.als","CORRECT",0,0,0,0,0,0,0
"temporal_normalization/CORRECT/generated_cap002751.als","CORRECT",0,0,0,0,0,0,0
"temporal_normalization/CORRECT/generated_cap002752.als","CORRECT",0,0,0,0,0,0,0
"temporal_normalization/CORRECT/generated_cap002753.als","CORRECT",0,0,0,0,0,0,0
"temporal_normalization/CORRECT/generated_cap002754.als","CORRECT",0,0,0,0,0,0,0
"temporal_normalization/CORRECT/generated_cap002755.als","CORRECT",0,0,0,0,0,0,0
"temporal_normalization/CORRECT/generated_cap002756.als","CORRECT",0,0,0,0,0,0,0
"temporal_normalization/CORRECT/generated_cap002757.als","CORRECT",0,0,0,0,0,0,0
"temporal_normalization/CORRECT/generated_cap002758.als","CORRECT",0,0,0,0,0,0,0
"temporal_normalization/CORRECT/generated_cap002759.als","CORRECT",0,0,0,0,0,0,0
"temporal_normalization/CORRECT/generated_cap002760.als","CORRECT",0,0,0,0,0,0,0
"temporal_normalization/CORRECT/generated_cap002761.als","CORRECT",0,0,0,0,0,0,0
"temporal_normalization/CORRECT/generated_cap002762.als","CORRECT",0,0,0,0,0,0,0
"temporal_normalization/CORRECT/generated_cap002763.als","CORRECT",0,0,0,0,0,0,0
"temporal_normalization/CORRECT/generated_cap002764.als","CORRECT",0,0,0,0,0,0,0
"temporal_normalization/CORRECT/generated_cap002765.als","CORRECT",0,0,0,0,0,0,0
"temporal_normalization/CORRECT/generated_cap002766.als","CORRECT",0,0,0,0,0,0,0
"temporal_normalization/CORRECT/generated_cap002767.als","CORRECT",0,0,0,0,0,0,0
"temporal_normalization/CORRECT/generated_cap002768.als","CORRECT",0,0,0,0,0,0,0
"temporal_normalization/CORRECT/generated_cap002769.als","CORRECT",0,0,0,0,0,0,0
"temporal_normalization/CORRECT/generated_cap002770.als","CORRECT",0,0,0,0,0,0,0
"temporal_normalization/CORRECT/generated_cap002771.als","CORRECT",0,0,0,0,0,0,0
"temporal_normalization/CORRECT/generated_cap002772.als","CORRECT",0,0,0,0,0,0,0
"temporal_normalization/CORRECT/generated_cap002773.als","CORRECT",0,0,0,0,0,0,0
"temporal_normalization/CORRECT/generated_cap002774.als","CORRECT",0,0,0,0,0,0,0
"temporal_normalization/CORRECT/generated_cap002775.als","CORRECT",0,0,0,0,0,0,0
"temporal_normalization/CORRECT/generated_cap002776.als","CORRECT",0,0,0,0,0,0,0
"temporal_normalization/CORRECT/generated_cap002777.als","CORRECT",0,0,0,0,0,0,0
"temporal_normalization/CORRECT/generated_cap002778.als","CORRECT",0,0,0,0,0,0,0
"temporal_normalization/CORRECT/generated_cap002779.als","CORRECT",0,0,0,0,0,0,0
"temporal_normalization/CORRECT/generated_cap002780.als","CORRECT",0,0,0,0,0,0,0
"temporal_normalization/CORRECT/generated_cap002781.als","CORRECT",0,0,0,0,0,0,0
"temporal_normalization/CORRECT/generated_cap002782.als","CORRECT",0,0,0,0,0,0,0
"temporal_normalization/CORRECT/generated_cap002783.als","CORRECT",0,0,0,0,0,0,0
"temporal_normalization/CORRECT/generated_cap002784.als","CORRECT",0,0,0,0,0,0,0
"temporal_normalization/CORRECT/generated_cap002785.als","CORRECT",0,0,0,0,0,0,0
"temporal_normalization/CORRECT/generated_cap002786.als","CORRECT",0,0,0,0,0,0,0
"temporal_normalization/CORRECT/generated_cap002787.als","CORRECT",0,0,0,0,0,0,0
"temporal_normalization/CORRECT/generated_cap002788.als","CORRECT",0,0,0,0,0,0,0
"temporal_normalization/CORRECT/generated_cap002789.als","CORRECT",0,0,0,0,0,0,0
"temporal_normalization/CORRECT/generated_cap002790.als","CORRECT",0,0,0,0,0,0,0
"temporal_normalization/CORRECT/generated_cap002791.als","CORRECT",0,0,0,0,0,0,0
"temporal_normalization/CORRECT/generated_cap002792.als","CORRECT",0,0,0,0,0,0,0
"temporal_normalization/CORRECT/generated_cap002793.als","CORRECT",0,0,0,0,0,0,0
"temporal_normalization/CORRECT/generated_cap002794.als","CORRECT",0,0,0,0,0,0,0
"temporal_normalization/CORRECT/generated_cap002795.als","CORRECT",0,0,0,0,0,0,0
"temporal_normalization/CORRECT/generated_cap002796.als","CORRECT",0,0,0,0,0,0,0
"temporal_normalization/CORRECT/generated_cap002797.als","CORRECT",0,0,0,0,0,0,0
"temporal_normalization/CORRECT/generated_cap002798.als","CORRECT",0,0,0,0,0,0,0
"temporal_normalization/CORRECT/generated_cap002799.als","CORRECT",0,0,0,0,0,0,0
"temporal_normalization/CORRECT/generated_cap002800.als","CORRECT",0,0,0,0,0,0,0
"temporal_normalization/CORRECT/generated_cap002801.als","CORRECT",0,0,0,0,0,0,0
"temporal_normalization/CORRECT/generated_cap002802.als","CORRECT",0,0,0,0,0,0,0
"temporal_normalization/CORRECT/generated_cap002803.als","CORRECT",0,0,0,0,0,0,0
"temporal_normalization/CORRECT/generated_cap002804.als","CORRECT",0,0,0,0,0,0,0
"temporal_normalization/CORRECT/generated_cap002805.als","CORRECT",0,0,0,0,0,0,0
"temporal_normalization/CORRECT/generated_cap002806.als","CORRECT",0,0,0,0,0,0,0
"temporal_normalization/CORRECT/generated_cap002807.als","CORRECT",0,0,0,0,0,0,0
"temporal_normalization/CORRECT/generated_cap002808.als","CORRECT",0,0,0,0,0,0,0
"temporal_normalization/CORRECT/generated_cap002809.als","CORRECT",0,0,0,0,0,0,0
"temporal_normalization/CORRECT/generated_cap002810.als","CORRECT",0,0,0,0,0,0,0
"temporal_normalization/CORRECT/generated_cap002811.als","CORRECT",0,0,0,0,0,0,0
"temporal_normalization/CORRECT/generated_cap002812.als","CORRECT",0,0,0,0,0,0,0
"temporal_normalization/CORRECT/generated_cap002813.als","CORRECT",0,0,0,0,0,0,0
"temporal_normalization/CORRECT/generated_cap002814.als","CORRECT",0,0,0,0,0,0,0
"temporal_normalization/CORRECT/generated_cap002815.als","CORRECT",0,0,0,0,0,0,0
"temporal_normalization/CORRECT/generated_cap002816.als","CORRECT",0,0,0,0,0,0,0
"temporal_normalization/CORRECT/generated_cap002817.als","CORRECT",0,0,0,0,0,0,0
"temporal_normalization/CORRECT/generated_cap002818.als","CORRECT",0,0,0,0,0,0,0
"temporal_normalization/CORRECT/generated_cap002819.als","CORRECT",0,0,0,0,0,0,0
"temporal_normalization/CORRECT/generated_cap002820.als","CORRECT",0,0,0,0,0,0,0
"temporal_normalization/CORRECT/generated_cap002821.als","CORRECT",0,0,0,0,0,0,0
"temporal_normalization/CORRECT/generated_cap002822.als","CORRECT",0,0,0,0,0,0,0
"temporal_normalization/CORRECT/generated_cap002823.als","CORRECT",0,0,0,0,0,0,0
"temporal_normalization/CORRECT/generated_cap002824.als","CORRECT",0,0,0,0,0,0,0
"temporal_normalization/CORRECT/generated_cap002825.als","CORRECT",0,0,0,0,0,0,0
"temporal_normalization/CORRECT/generated_cap002826.als","CORRECT",0,0,0,0,0,0,0
"temporal_normalization/CORRECT/generated_cap002827.als","CORRECT",0,0,0,0,0,0,0
"temporal_normalization/CORRECT/generated_cap002828.als","CORRECT",0,0,0,0,0,0,0
"temporal_normalization/CORRECT/generated_cap002829.als","CORRECT",0,0,0,0,0,0,0
"temporal_normalization/CORRECT/generated_cap002830.als","CORRECT",0,0,0,0,0,0,0
"temporal_normalization/CORRECT/generated_cap002831.als","CORRECT",0,0,0,0,0,0,0
"temporal_normalization/CORRECT/generated_cap002832.als","CORRECT",0,0,0,0,0,0,0
"temporal_normalization/CORRECT/generated_cap002833.als","CORRECT",0,0,0,0,0,0,0
"temporal_normalization/CORRECT/generated_cap002834.als","CORRECT",0,0,0,0,0,0,0
"temporal_normalization/CORRECT/generated_cap002835.als","CORRECT",0,0,0,0,0,0,0
"temporal_normalization/CORRECT/generated_cap002836.als","CORRECT",0,0,0,0,0,0,0
"temporal_normalization/CORRECT/generated_cap002837.als","CORRECT",0,0,0,0,0,0,0
"temporal_normalization/CORRECT/generated_cap002838.als","CORRECT",0,0,0,0,0,0,0
"temporal_normalization/CORRECT/generated_cap002839.als","CORRECT",0,0,0,0,0,0,0
"temporal_normalization/CORRECT/generated_cap002840.als","CORRECT",0,0,0,0,0,0,0
"temporal_normalization/CORRECT/generated_cap002841.als","CORRECT",0,0,0,0,0,0,0
"temporal_normalization/CORRECT/generated_cap002842.als","CORRECT",0,0,0,0,0,0,0
"temporal_normalization/CORRECT/generated_cap002843.als","CORRECT",0,0,0,0,0,0,0
"temporal_normalization/CORRECT/generated_cap002844.als","CORRECT",0,0,0,0,0,0,0
"temporal_normalization/CORRECT/generated_cap002845.als","CORRECT",0,0,0,0,0,0,0
"temporal_normalization/CORRECT/generated_cap002846.als","CORRECT",0,0,0,0,0,0,0
"temporal_normalization/CORRECT/generated_cap002847.als","CORRECT",0,0,0,0,0,0,0
"temporal_normalization/CORRECT/generated_cap002848.als","CORRECT",0,0,0,0,0,0,0
"temporal_normalization/CORRECT/generated_cap002849.als","CORRECT",0,0,0,0,0,0,0
"temporal_normalization/CORRECT/generated_cap002850.als","CORRECT",0,0,0,0,0,0,0
"temporal_normalization/CORRECT/generated_cap002851.als","CORRECT",0,0,0,0,0,0,0
"temporal_normalization/CORRECT/generated_cap002852.als","CORRECT",0,0,0,0,0,0,0
"temporal_normalization/CORRECT/generated_cap002853.als","CORRECT",0,0,0,0,0,0,0
"temporal_normalization/CORRECT/generated_cap002854.als","CORRECT",0,0,0,0,0,0,0
"temporal_normalization/CORRECT/generated_cap002855.als","CORRECT",0,0,0,0,0,0,0
"temporal_normalization/CORRECT/generated_cap002856.als","CORRECT",0,0,0,0,0,0,0
"temporal_normalization/CORRECT/generated_cap002857.als","CORRECT",0,0,0,0,0,0,0
"temporal_normalization/CORRECT/generated_cap002858.als","CORRECT",0,0,0,0,0,0,0
"temporal_normalization/CORRECT/generated_cap002859.als","CORRECT",0,0,0,0,0,0,0
"temporal_normalization/CORRECT/generated_cap002860.als","CORRECT",0,0,0,0,0,0,0
"temporal_normalization/CORRECT/generated_cap002861.als","CORRECT",0,0,0,0,0,0,0
"temporal_normalization/CORRECT/generated_cap002862.als","CORRECT",0,0,0,0,0,0,0
"temporal_normalization/CORRECT/generated_cap002863.als","CORRECT",0,0,0,0,0,0,0
"temporal_normalization/CORRECT/generated_cap002864.als","CORRECT",0,0,0,0,0,0,0
"temporal_normalization/CORRECT/generated_cap002865.als","CORRECT",0,0,0,0,0,0,0
"temporal_normalization/CORRECT/generated_cap002866.als","CORRECT",0,0,0,0,0,0,0
"temporal_normalization/CORRECT/generated_cap002867.als","CORRECT",0,0,0,0,0,0,0
"temporal_normalization/CORRECT/generated_cap002868.als","CORRECT",0,0,0,0,0,0,0
"temporal_normalization/CORRECT/generated_cap002869.als","CORRECT",0,0,0,0,0,0,0
"temporal_normalization/CORRECT/generated_cap002870.als","CORRECT",0,0,0,0,0,0,0
"temporal_normalization/CORRECT/generated_cap002871.als","CORRECT",0,0,0,0,0,0,0
"temporal_normalization/CORRECT/generated_cap002872.als","CORRECT",0,0,0,0,0,0,0
"temporal_normalization/CORRECT/generated_cap002873.als","CORRECT",0,0,0,0,0,0,0
"temporal_normalization/CORRECT/generated_cap002874.als","CORRECT",0,0,0,0,0,0,0
"temporal_normalization/CORRECT/generated_cap002875.als","CORRECT",0,0,0,0,0,0,0
"temporal_normalization/CORRECT/generated_cap002876.als","CORRECT",0,0,0,0,0,0,0
"temporal_normalization/CORRECT/generated_cap002877.als","CORRECT",0,0,0,0,0,0,0
"temporal_normalization/CORRECT/generated_cap002878.als","CORRECT",0,0,0,0,0,0,0
"temporal_normalization/CORRECT/generated_cap002879.als","CORRECT",0,0,0,0,0,0,0
"temporal_normalization/CORRECT/generated_cap002880.als","CORRECT",0,0,0,0,0,0,0
"temporal_normalization/CORRECT/generated_cap002881.als","CORRECT",0,0,0,0,0,0,0
"temporal_normalization/CORRECT/generated_cap002882.als","CORRECT",0,0,0,0,0,0,0
"temporal_normalization/CORRECT/generated_cap002883.als","CORRECT",0,0,0,0,0,0,0
"temporal_normalization/CORRECT/generated_cap002884.als","CORRECT",0,0,0,0,0,0,0
"temporal_normalization/CORRECT/generated_cap002885.als","CORRECT",0,0,0,0,0,0,0
"temporal_normalization/CORRECT/generated_cap002886.als","CORRECT",0,0,0,0,0,0,0
"temporal_normalization/CORRECT/generated_cap002887.als","CORRECT",0,0,0,0,0,0,0
"temporal_normalization/CORRECT/generated_cap002888.als","CORRECT",0,0,0,0,0,0,0
"temporal_normalization/CORRECT/generated_cap002889.als","CORRECT",0,0,0,0,0,0,0
"temporal_normalization/CORRECT/generated_cap002890.als","CORRECT",0,0,0,0,0,0,0
"temporal_normalization/CORRECT/generated_cap002891.als","CORRECT",0,0,0,0,0,0,0
"temporal_normalization/CORRECT/generated_cap002892.als","CORRECT",0,0,0,0,0,0,0
"temporal_normalization/CORRECT/generated_cap002893.als","CORRECT",0,0,0,0,0,0,0
"temporal_normalization/CORRECT/generated_cap002894.als","CORRECT",0,0,0,0,0,0,0
"temporal_normalization/CORRECT/generated_cap002895.als","CORRECT",0,0,0,0,0,0,0
"temporal_normalization/CORRECT/generated_cap002896.als","CORRECT",0,0,0,0,0,0,0
"temporal_normalization/CORRECT/generated_cap002897.als","CORRECT",0,0,0,0,0,0,0
"temporal_normalization/CORRECT/generated_cap002898.als","CORRECT",0,0,0,0,0,0,0
"temporal_normalization/CORRECT/generated_cap002899.als","CORRECT",0,0,0,0,0,0,0
"temporal_normalization/CORRECT/generated_cap002900.als","CORRECT",0,0,0,0,0,0,0
"temporal_normalization/CORRECT/generated_cap002901.als","CORRECT",0,0,0,0,0,0,0
"temporal_normalization/CORRECT/generated_cap002902.als","CORRECT",0,0,0,0,0,0,0
"temporal_normalization/CORRECT/generated_cap002903.als","CORRECT",0,0,0,0,0,0,0
"temporal_normalization/CORRECT/generated_cap002904.als","CORRECT",0,0,0,0,0,0,0
"temporal_normalization/CORRECT/generated_cap002905.als","CORRECT",0,0,0,0,0,0,0
"temporal_normalization/CORRECT/generated_cap002906.als","CORRECT",0,0,0,0,0,0,0
"temporal_normalization/CORRECT/generated_cap002907.als","CORRECT",0,0,0,0,0,0,0
"temporal_normalization/CORRECT/generated_cap002908.als","CORRECT",0,0,0,0,0,0,0
"temporal_normalization/CORRECT/generated_cap002909.als","CORRECT",0,0,0,0,0,0,0
"temporal_normalization/CORRECT/generated_cap002910.als","CORRECT",0,0,0,0,0,0,0
"temporal_normalization/CORRECT/generated_cap002911.als","CORRECT",0,0,0,0,0,0,0
"temporal_normalization/CORRECT/generated_cap002912.als","CORRECT",0,0,0,0,0,0,0
"temporal_normalization/CORRECT/generated_cap002913.als","CORRECT",0,0,0,0,0,0,0
"temporal_normalization/CORRECT/generated_cap002914.als","CORRECT",0,0,0,0,0,0,0
"temporal_normalization/CORRECT/generated_cap002915.als","CORRECT",0,0,0,0,0,0,0
"temporal_normalization/CORRECT/generated_cap002916.als","CORRECT",0,0,0,0,0,0,0
"temporal_normalization/CORRECT/generated_cap002917.als","CORRECT",0,0,0,0,0,0,0
"temporal_normalization/CORRECT/generated_cap002918.als","CORRECT",0,0,0,0,0,0,0
"temporal_normalization/CORRECT/generated_cap002919.als","CORRECT",0,0,0,0,0,0,0
"temporal_normalization/CORRECT/generated_cap002920.als","CORRECT",0,0,0,0,0,0,0
"temporal_normalization/CORRECT/generated_cap002921.als","CORRECT",0,0,0,0,0,0,0
"temporal_normalization/CORRECT/generated_cap002922.als","CORRECT",0,0,0,0,0,0,0
"temporal_normalization/CORRECT/generated_cap002923.als","CORRECT",0,0,0,0,0,0,0
"temporal_normalization/CORRECT/generated_cap002924.als","CORRECT",0,0,0,0,0,0,0
"temporal_normalization/CORRECT/generated_cap002925.als","CORRECT",0,0,0,0,0,0,0
"temporal_normalization/CORRECT/generated_cap002926.als","CORRECT",0,0,0,0,0,0,0
"temporal_normalization/CORRECT/generated_cap002927.als","CORRECT",0,0,0,0,0,0,0
"temporal_normalization/CORRECT/generated_cap002928.als","CORRECT",0,0,0,0,0,0,0
"temporal_normalization/CORRECT/generated_cap002929.als","CORRECT",0,0,0,0,0,0,0
"temporal_normalization/CORRECT/generated_cap002930.als","CORRECT",0,0,0,0,0,0,0
"temporal_normalization/CORRECT/generated_cap002931.als","CORRECT",0,0,0,0,0,0,0
"temporal_normalization/CORRECT/generated_cap002932.als","CORRECT",0,0,0,0,0,0,0
"temporal_normalization/CORRECT/generated_cap002933.als","CORRECT",0,0,0,0,0,0,0
"temporal_normalization/CORRECT/generated_cap002934.als","CORRECT",0,0,0,0,0,0,0
"temporal_normalization/CORRECT/generated_cap002935.als","CORRECT",0,0,0,0,0,0,0
"temporal_normalization/CORRECT/generated_cap002936.als","CORRECT",0,0,0,0,0,0,0
"temporal_normalization/CORRECT/generated_cap002937.als","CORRECT",0,0,0,0,0,0,0
"temporal_normalization/CORRECT/generated_cap002938.als","CORRECT",0,0,0,0,0,0,0
"temporal_normalization/CORRECT/generated_cap002939.als","CORRECT",0,0,0,0,0,0,0
"temporal_normalization/CORRECT/generated_cap002940.als","CORRECT",0,0,0,0,0,0,0
"temporal_normalization/CORRECT/generated_cap002941.als","CORRECT",0,0,0,0,0,0,0
"temporal_normalization/CORRECT/generated_cap002942.als","CORRECT",0,0,0,0,0,0,0
"temporal_normalization/CORRECT/generated_cap002943.als","CORRECT",0,0,0,0,0,0,0
"temporal_normalization/CORRECT/generated_cap002944.als","CORRECT",0,0,0,0,0,0,0
"temporal_normalization/CORRECT/generated_cap002945.als","CORRECT",0,0,0,0,0,0,0
"temporal_normalization/CORRECT/generated_cap002946.als","CORRECT",0,0,0,0,0,0,0
"temporal_normalization/CORRECT/generated_cap002947.als","CORRECT",0,0,0,0,0,0,0
"temporal_normalization/CORRECT/generated_cap002948.als","CORRECT",0,0,0,0,0,0,0
"temporal_normalization/CORRECT/generated_cap002949.als","CORRECT",0,0,0,0,0,0,0
"temporal_normalization/CORRECT/generated_cap002950.als","CORRECT",0,0,0,0,0,0,0
"temporal_normalization/CORRECT/generated_cap002951.als","CORRECT",0,0,0,0,0,0,0
"temporal_normalization/CORRECT/generated_cap002952.als","CORRECT",0,0,0,0,0,0,0
"temporal_normalization/CORRECT/generated_cap002953.als","CORRECT",0,0,0,0,0,0,0
"temporal_normalization/CORRECT/generated_cap002954.als","CORRECT",0,0,0,0,0,0,0
"temporal_normalization/CORRECT/generated_cap002955.als","CORRECT",0,0,0,0,0,0,0
"temporal_normalization/CORRECT/generated_cap002956.als","CORRECT",0,0,0,0,0,0,0
"temporal_normalization/CORRECT/generated_cap002957.als","CORRECT",0,0,0,0,0,0,0
"temporal_normalization/CORRECT/generated_cap002958.als","CORRECT",0,0,0,0,0,0,0
"temporal_normalization/CORRECT/generated_cap002959.als","CORRECT",0,0,0,0,0,0,0
"temporal_normalization/CORRECT/generated_cap002960.als","CORRECT",0,0,0,0,0,0,0
"temporal_normalization/CORRECT/generated_cap002961.als","CORRECT",0,0,0,0,0,0,0
"temporal_normalization/CORRECT/generated_cap002962.als","CORRECT",0,0,0,0,0,0,0
"temporal_normalization/CORRECT/generated_cap002963.als","CORRECT",0,0,0,0,0,0,0
"temporal_normalization/CORRECT/generated_cap002964.als","CORRECT",0,0,0,0,0,0,0
"temporal_normalization/CORRECT/generated_cap002965.als","CORRECT",0,0,0,0,0,0,0
"temporal_normalization/CORRECT/generated_cap002966.als","CORRECT",0,0,0,0,0,0,0
"temporal_normalization/CORRECT/generated_cap002967.als","CORRECT",0,0,0,0,0,0,0
"temporal_normalization/CORRECT/generated_cap002968.als","CORRECT",0,0,0,0,0,0,0
"temporal_normalization/CORRECT/generated_cap002969.als","CORRECT",0,0,0,0,0,0,0
"temporal_normalization/CORRECT/generated_cap002970.als","CORRECT",0,0,0,0,0,0,0
"temporal_normalization/CORRECT/generated_cap002971.als","CORRECT",0,0,0,0,0,0,0
"temporal_normalization/CORRECT/generated_cap002972.als","CORRECT",0,0,0,0,0,0,0
"temporal_normalization/CORRECT/generated_cap002973.als","CORRECT",0,0,0,0,0,0,0
"temporal_normalization/CORRECT/generated_cap002974.als","CORRECT",0,0,0,0,0,0,0
"temporal_normalization/CORRECT/generated_cap002975.als","CORRECT",0,0,0,0,0,0,0
"temporal_normalization/CORRECT/generated_cap002976.als","CORRECT",0,0,0,0,0,0,0
"temporal_normalization/CORRECT/generated_cap002977.als","CORRECT",0,0,0,0,0,0,0
"temporal_normalization/CORRECT/generated_cap002978.als","CORRECT",0,0,0,0,0,0,0
"temporal_normalization/CORRECT/generated_cap002979.als","CORRECT",0,0,0,0,0,0,0
"temporal_normalization/CORRECT/generated_cap002980.als","CORRECT",0,0,0,0,0,0,0
"temporal_normalization/CORRECT/generated_cap002981.als","CORRECT",0,0,0,0,0,0,0
"temporal_normalization/CORRECT/generated_cap002982.als","CORRECT",0,0,0,0,0,0,0
"temporal_normalization/CORRECT/generated_cap002983.als","CORRECT",0,0,0,0,0,0,0
"temporal_normalization/CORRECT/generated_cap002984.als","CORRECT",0,0,0,0,0,0,0
"temporal_normalization/CORRECT/generated_cap002985.als","CORRECT",0,0,0,0,0,0,0
"temporal_normalization/CORRECT/generated_cap002986.als","CORRECT",0,0,0,0,0,0,0
"temporal_normalization/CORRECT/generated_cap002987.als","CORRECT",0,0,0,0,0,0,0
"temporal_normalization/CORRECT/generated_cap002988.als","CORRECT",0,0,0,0,0,0,0
"temporal_normalization/CORRECT/generated_cap002989.als","CORRECT",0,0,0,0,0,0,0
"temporal_normalization/CORRECT/generated_cap002990.als","CORRECT",0,0,0,0,0,0,0
"temporal_normalization/CORRECT/generated_cap002991.als","CORRECT",0,0,0,0,0,0,0
"temporal_normalization/CORRECT/generated_cap002992.als","CORRECT",0,0,0,0,0,0,0
"temporal_normalization/CORRECT/generated_cap002993.als","CORRECT",0,0,0,0,0,0,0
"temporal_normalization/CORRECT/generated_cap002994.als","CORRECT",0,0,0,0,0,0,0
"temporal_normalization/CORRECT/generated_cap002995.als","CORRECT",0,0,0,0,0,0,0
"temporal_normalization/CORRECT/generated_cap002996.als","CORRECT",0,0,0,0,0,0,0
"temporal_normalization/CORRECT/generated_cap002997.als","CORRECT",0,0,0,0,0,0,0
"temporal_normalization/CORRECT/generated_cap002998.als","CORRECT",0,0,0,0,0,0,0
"temporal_normalization/CORRECT/generated_cap002999.als","CORRECT",0,0,0,0,0,0,0
