relativePath,success,skipped,retried,distance,rawAstNodes,masgVertices,masgEdges,maxNormalizedNodes,maxNormalizationProxyBytes,normalForms,quantifiers,temporalNodes,canonicalSize,eclasses,enodes,metadataEntries,distanceScratchBytes,largestScratchBufferBytes,scratchArrays,scratchMatrices,error
"classroom_fol/both/2C2m8AtvMH8brGMdj_inv11.als",true,false,false,22,70,34,69,51,5840,2,6,2,41,33,33,33,1552,208,50,3,""
"classroom_fol/both/3SxYJRiH8stfuntkE_inv11.als",true,false,false,15,59,32,57,39,4496,2,5,2,32,25,25,25,1264,176,41,3,""
"classroom_fol/both/4DmBDdJhWp2GyaEyp_inv12.als",true,false,false,6,39,25,36,23,2704,2,3,2,18,13,13,13,272,112,10,2,""
"classroom_fol/both/4Mv3reeCvogRZFthA_inv11.als",true,false,false,14,53,31,50,32,3712,2,4,2,29,23,23,23,1104,176,36,3,""
"classroom_fol/both/6x57PegH2vSTCDBiH_inv11.als",true,false,false,15,59,33,57,39,4496,2,5,2,32,25,25,25,1264,176,41,3,""
"classroom_fol/both/7pubhyTo48QCAb4nJ_inv6.als",true,false,false,5,31,22,30,19,2256,2,3,2,16,11,11,11,272,112,10,2,""
"classroom_fol/both/AFE9Sse33emvMxdxZ_inv15.als",true,false,false,21,67,32,63,49,5616,2,5,2,33,26,26,26,656,176,22,2,""
"classroom_fol/both/AQruDZmAAjDf5MTsY_inv12.als",true,false,false,15,57,30,56,43,4944,2,5,2,26,19,19,19,400,176,14,2,""
"classroom_fol/both/BM8HcikX2jv2pmiB4_inv11.als",true,false,false,15,59,33,57,39,4496,2,5,2,32,25,25,25,1264,176,41,3,""
"classroom_fol/both/BpJp9WQfimvbpT5iq_inv8.als",true,false,false,15,44,27,44,33,3824,2,4,2,26,20,20,20,432,144,15,2,""
"classroom_fol/both/C8eJfRyewP9Ke8WbQ_inv11.als",true,false,false,14,53,31,50,32,3712,2,4,2,29,23,23,23,1104,176,36,3,""
"classroom_fol/both/CZHFgLjmksaMCBW5v_inv12.als",true,false,false,19,55,30,54,41,4720,2,5,2,30,23,23,23,400,176,14,2,""
"classroom_fol/both/DHCtRkmNWNH42XQZA_inv4.als",true,false,false,2,18,13,11,7,912,2,0,2,13,11,11,11,752,176,23,3,""
"classroom_fol/both/DgaFZJdR4RsgDGBAz_inv4.als",true,false,false,7,27,18,22,17,2032,2,1,2,17,14,14,14,320,80,11,2,""
"classroom_fol/both/FToP3HiR3DaKXaGyy_inv14.als",true,false,false,20,70,33,65,38,4384,2,5,2,40,33,33,33,1056,176,33,2,""
"classroom_fol/both/HdfBKJE8EGLZpCgFD_inv4.als",true,false,false,7,27,18,22,17,2032,2,1,2,17,14,14,14,320,80,11,2,""
"classroom_fol/both/Kr4wZeZzLs8bzZC95_inv14.als",true,false,false,13,64,33,59,32,3712,2,5,2,34,27,27,27,1328,176,40,3,""
"classroom_fol/both/Lkp7PxWgQFRBKqDLX_inv14.als",true,false,false,20,74,36,68,41,4720,2,5,2,41,34,34,34,1792,256,53,3,""
"classroom_fol/both/Mc8KtSNRnXKdhW7Bf_inv14.als",true,false,false,22,84,39,77,50,5728,2,6,2,46,38,38,38,1960,256,58,3,""
"classroom_fol/both/Qioc93EkwofwoDTGK_inv15.als",true,false,false,19,45,27,40,26,3040,2,4,2,29,23,23,23,560,144,19,2,""
"classroom_fol/both/RNwtaZS8kjgDxoGTb_inv3.als",true,false,false,7,25,17,21,17,2032,2,1,2,16,13,13,13,304,80,11,2,""
"classroom_fol/both/SRukYumSZct7wFcQZ_inv12.als",true,false,false,8,42,26,41,28,3264,2,4,2,19,13,13,13,304,144,11,2,""
"classroom_fol/both/SkLhQeLn5BG7PM3Wa_inv14.als",true,false,false,18,71,35,68,41,4720,2,6,2,40,32,32,32,1560,216,47,3,""
"classroom_fol/both/T7GTEgnYErdSEr8D8_inv8.als",true,false,false,6,33,22,32,21,2480,2,3,2,16,11,11,11,272,112,10,2,""
"classroom_fol/both/X5tTsb5wfWrPNYHFu_inv8.als",true,false,false,15,44,27,44,33,3824,2,4,2,26,20,20,20,432,144,15,2,""
"classroom_fol/both/Y95p8i3BHfrNaTQyW_inv11.als",true,false,false,23,67,33,66,48,5504,2,6,2,41,33,33,33,1616,208,52,3,""
"classroom_fol/both/Yf4p6uqi8BmRzAJ2m_inv3.als",true,false,false,7,25,17,21,17,2032,2,1,2,16,13,13,13,304,80,11,2,""
"classroom_fol/both/ZNPHyDTAwMRjjSK2M_inv14.als",true,false,false,20,68,35,65,38,4384,2,5,2,42,35,35,35,1712,176,52,3,""
"classroom_fol/both/ZdaX49jLfcAqAeTBf_inv6.als",true,false,false,10,36,24,34,23,2704,2,3,2,20,15,15,15,336,112,12,2,""
"classroom_fol/both/c5ickXkZfKqQn3nNL_inv11.als",true,false,false,11,56,32,53,35,4048,2,4,2,31,25,25,25,1136,176,36,3,""
"classroom_fol/both/fXD3ydAucxS9hfJ4p_inv12.als",true,false,false,19,57,30,56,43,4944,2,5,2,30,23,23,23,400,176,14,2,""
"classroom_fol/both/gLWyqRe3i8C3EHMSp_inv8.als",true,false,false,15,44,27,44,33,3824,2,4,2,26,20,20,20,432,144,15,2,""
"classroom_fol/both/mtJDsyoD5zttsXJbG_inv14.als",true,false,false,20,76,37,70,43,4944,2,5,2,41,34,34,34,1792,256,53,3,""
"classroom_fol/both/oAikYjAkrcMySBQTr_inv12.als",true,false,false,5,39,25,38,25,2928,2,4,2,18,12,12,12,256,144,9,2,""
"classroom_fol/both/oTxY5Q2wXZLhFSERt_inv14.als",true,false,false,13,64,33,59,32,3712,2,5,2,34,27,27,27,1328,176,40,3,""
"classroom_fol/both/ofv4vDiousArs6q7t_inv8.als",true,false,false,15,44,27,44,33,3824,2,4,2,26,20,20,20,432,144,15,2,""
"classroom_fol/both/p4CvdfT3Hgkv23mmf_inv14.als",true,false,false,19,77,37,73,46,5280,2,6,2,41,33,33,33,1768,256,52,3,""
"classroom_fol/both/qda7vzy3BcmESdv32_inv5.als",true,false,false,3,21,16,17,13,1584,2,1,2,13,10,10,10,192,80,7,2,""
"classroom_fol/both/sxLrF5nEoi2FxEWwH_inv8.als",true,false,false,6,23,17,18,13,1584,2,1,2,14,11,11,11,208,48,8,2,""
"classroom_fol/both/tHBniXay6kd9pECyA_inv11.als",true,false,false,15,59,32,57,39,4496,2,5,2,32,25,25,25,1264,176,41,3,""
"classroom_fol/both/tWDdiNMzhKu9QxzSb_inv11.als",true,false,false,15,59,33,57,39,4496,2,5,2,32,25,25,25,1264,176,41,3,""
"classroom_fol/both/tw9h2LYW3Z2uHjbtx_inv14.als",true,false,false,25,79,37,75,48,5504,2,6,2,45,37,37,37,1224,216,38,2,""
"classroom_fol/both/vkGs5xoodaZsuAswS_inv12.als",true,false,false,8,42,26,41,28,3264,2,4,2,19,13,13,13,304,144,11,2,""
"classroom_fol/both/wyS9TiMdY8SthSJe4_inv5.als",true,false,false,10,33,21,30,26,3040,2,2,2,19,15,15,15,336,112,12,2,""
"classroom_fol/both/xbgAGxLRBAwgbtjYp_inv14.als",true,false,false,22,77,36,73,46,5280,2,6,2,45,37,37,37,1960,256,58,3,""
"classroom_fol/both/zvLtgJQix8mfFDfQ6_inv5.als",true,false,false,5,18,13,11,7,912,2,0,2,13,11,11,11,208,48,8,2,""
"classroom_fol/correct/3EEs5aZNhGozBy4BB_inv6.als",true,false,false,5,33,23,32,21,2480,2,3,2,16,11,11,11,272,112,10,2,""
"classroom_fol/correct/6Z4SWWTR2rRQfL5ib_inv4.als",false,true,false,-1,20,0,0,0,0,0,0,0,0,0,0,0,0,0,0,0,""
"classroom_fol/correct/8xZ3SYPbjx9TdJCie_inv2.als",true,false,false,3,17,13,14,12,1472,2,1,2,10,7,7,7,176,80,7,2,""
"classroom_fol/correct/9Zr36nBekJGbCYLaj_inv6.als",false,true,false,-1,26,0,0,0,0,0,0,0,0,0,0,0,0,0,0,0,""
"classroom_fol/correct/9gPdrp3KzupXoR2zC_inv2.als",true,false,false,3,17,13,14,12,1472,2,1,2,10,7,7,7,176,80,7,2,""
"classroom_fol/correct/AJJAPTdhWpPh49CNP_inv4.als",true,false,false,7,33,19,25,20,2368,2,1,2,17,14,14,14,320,80,11,2,""
"classroom_fol/correct/AXACv4pioPDNZB7f5_inv3.als",true,false,false,7,27,18,22,18,2144,2,1,2,16,13,13,13,304,80,11,2,""
"classroom_fol/correct/BB7TFQF7S6cJJZJMb_inv11.als",true,false,false,17,61,33,59,41,4720,2,5,2,36,29,29,29,1456,176,47,3,""
"classroom_fol/correct/DtDHrTbjfm8qHHKcG_inv2.als",true,false,false,3,17,13,14,12,1472,2,1,2,10,7,7,7,176,80,7,2,""
"classroom_fol/correct/DuvWyh2j5jD5aYhs3_inv8.als",true,false,false,15,42,26,42,31,3600,2,4,2,26,20,20,20,432,144,15,2,""
"classroom_fol/correct/F7xeQrqHZNdJoJJjr_inv2.als",false,true,false,-1,10,0,0,0,0,0,0,0,0,0,0,0,0,0,0,0,""
"classroom_fol/correct/JYdGHp2NLrTDAM7fR_inv4.als",true,false,false,7,27,18,22,17,2032,2,1,2,17,14,14,14,320,80,11,2,""
"classroom_fol/correct/Jf2wo86HLQRkbcnWR_inv4.als",true,false,false,7,27,18,22,17,2032,2,1,2,17,14,14,14,320,80,11,2,""
"classroom_fol/correct/JrY8rfzeATiAaisGb_inv10.als",true,false,false,7,45,26,46,28,3264,2,5,2,20,13,13,13,336,176,11,2,""
"classroom_fol/correct/KLbYprsTbKTopTXnx_inv8.als",true,false,false,15,42,26,42,31,3600,2,4,2,26,20,20,20,432,144,15,2,""
"classroom_fol/correct/LDnqpJrKLxhWkjsPE_inv1.als",true,false,false,2,19,14,15,12,1472,2,1,2,11,8,8,8,192,80,7,2,""
"classroom_fol/correct/M2RbBwS9Nhj6JMiW7_inv9.als",true,false,false,16,47,28,46,33,3824,2,4,2,28,22,22,22,560,144,19,2,""
"classroom_fol/correct/NWqikXFmYhYDBSqMt_inv7.als",true,false,false,6,31,23,27,15,1808,2,2,2,17,13,13,13,240,80,9,2,""
"classroom_fol/correct/PD2eNgCX4efYYZqkp_inv9.als",true,false,false,16,45,28,44,31,3600,2,4,2,28,22,22,22,560,144,19,2,""
"classroom_fol/correct/PKwooxLeQyjZYeEas_inv4.als",true,false,false,7,27,18,22,17,2032,2,1,2,17,14,14,14,320,80,11,2,""
"classroom_fol/correct/QdAnuxpLtoMfoA68M_inv5.als",false,true,false,-1,16,0,0,0,0,0,0,0,0,0,0,0,0,0,0,0,""
"classroom_fol/correct/RPbxTA5dtQbZnJcA3_inv7.als",true,false,false,8,36,25,34,21,2480,2,3,2,18,13,13,13,272,112,10,2,""
"classroom_fol/correct/S4XXJDs8zXHhdgZ9Q_inv5.als",true,false,false,7,28,18,25,21,2480,2,2,2,15,11,11,11,272,112,10,2,""
"classroom_fol/correct/SQYpjpAtakKoyoFSp_inv3.als",true,false,false,7,25,18,20,16,1920,2,1,2,16,13,13,13,304,80,11,2,""
"classroom_fol/correct/WNa9W24avPQhrnfQL_inv12.als",true,false,false,0,32,22,28,15,1808,2,2,2,16,12,12,12,192,80,7,2,""
"classroom_fol/correct/XwX8tdS6Dv3i9ypwD_inv11.als",true,false,false,17,63,33,61,43,4944,2,5,2,36,29,29,29,1456,176,47,3,""
"classroom_fol/correct/Y8yR4sm2JNRAhoBRh_inv11.als",true,false,false,10,48,31,44,26,3040,2,3,2,32,27,27,27,1296,176,41,3,""
"classroom_fol/correct/YoTC59YzKmkXxavcm_inv9.als",true,false,false,16,47,28,46,33,3824,2,4,2,28,22,22,22,560,144,19,2,""
"classroom_fol/correct/annJMvvX48KMGPXry_inv2.als",true,false,false,3,17,13,14,12,1472,2,1,2,10,7,7,7,176,80,7,2,""
"classroom_fol/correct/d4ggBMQzDLhzaw3H5_inv11.als",true,false,false,17,64,34,62,44,5056,2,5,2,36,29,29,29,1456,176,47,3,""
"classroom_fol/correct/d57Y6rnY8RLywudfp_inv3.als",true,false,false,7,25,18,20,16,1920,2,1,2,16,13,13,13,304,80,11,2,""
"classroom_fol/correct/fzbwBZ3jzjfNqfKgH_inv14.als",true,false,false,16,73,37,69,42,4832,2,6,2,41,33,33,33,1768,256,52,3,""
"classroom_fol/correct/hJFobmjKtcPdF5guY_inv10.als",true,false,false,7,45,26,46,28,3264,2,5,2,20,13,13,13,336,176,11,2,""
"classroom_fol/correct/hhtwpHrDotZPvPesd_inv1.als",false,true,false,-1,14,0,0,0,0,0,0,0,0,0,0,0,0,0,0,0,""
"classroom_fol/correct/hjfFYBnk4fCggueCf_inv1.als",false,true,false,-1,14,0,0,0,0,0,0,0,0,0,0,0,0,0,0,0,""
"classroom_fol/correct/j8hJ8DZg6EEBGPfKb_inv10.als",true,false,false,7,45,26,46,28,3264,2,5,2,20,13,13,13,336,176,11,2,""
"classroom_fol/correct/jzMgZrqjcQwDf987n_inv12.als",true,false,false,15,53,30,53,40,4608,2,5,2,26,19,19,19,400,176,14,2,""
"classroom_fol/correct/kPChmnjQPXSjRog7A_inv11.als",true,false,false,17,61,33,59,41,4720,2,5,2,36,29,29,29,1456,176,47,3,""
"classroom_fol/correct/nKZL3HgiqTHbP9jFB_inv13.als",true,false,false,15,36,22,29,24,2816,2,2,2,24,20,20,20,352,112,12,2,""
"classroom_fol/correct/nivHQCYLv8okTwfbK_inv8.als",true,false,false,15,42,26,42,31,3600,2,4,2,26,20,20,20,432,144,15,2,""
"classroom_fol/correct/q9saDqagWTYd9289s_inv9.als",true,false,false,16,47,28,46,33,3824,2,4,2,28,22,22,22,560,144,19,2,""
"classroom_fol/correct/qkb4Z4E46RDj6mBKL_inv1.als",true,false,false,2,19,14,15,12,1472,2,1,2,11,8,8,8,192,80,7,2,""
"classroom_fol/correct/sXex8zjZ4ZT6WtBnn_inv2.als",true,false,false,3,17,13,14,12,1472,2,1,2,10,7,7,7,176,80,7,2,""
"classroom_fol/correct/sbXoYe2A6jATKGrEw_inv1.als",true,false,false,2,19,14,15,12,1472,2,1,2,11,8,8,8,192,80,7,2,""
"classroom_fol/correct/t5pC84okue5uzqZhr_inv1.als",true,false,false,1,14,10,8,5,688,2,0,2,10,8,8,8,160,48,6,2,""
"classroom_fol/correct/thPT4E7P5tBABe95h_inv9.als",true,false,false,16,45,28,44,31,3600,2,4,2,28,22,22,22,560,144,19,2,""
"classroom_fol/correct/trJ3tDRf3epMQFNG7_inv4.als",true,false,false,7,27,18,22,17,2032,2,1,2,17,14,14,14,320,80,11,2,""
"classroom_fol/correct/uJpea4dtPQWTcdTms_inv5.als",true,false,false,7,28,18,25,21,2480,2,2,2,15,11,11,11,272,112,10,2,""
"classroom_fol/correct/w3AuYgruGRvsmuy6Y_inv8.als",false,true,false,-1,26,0,0,0,0,0,0,0,0,0,0,0,0,0,0,0,""
"classroom_fol/correct/xwZCeAvyb6hMeaM3p_inv3.als",true,false,false,7,25,18,20,16,1920,2,1,2,16,13,13,13,304,80,11,2,""
"classroom_fol/correct/yjpvCR93RvfA4oCs3_inv7.als",true,false,false,7,26,19,20,15,1808,2,1,2,16,13,13,13,208,48,8,2,""
"classroom_fol/over/2tKk2jApChAdcy5R9_inv3.als",true,false,false,7,25,17,21,17,2032,2,1,2,16,13,13,13,304,80,11,2,""
"classroom_fol/over/5TzLMFMBJbTb9qadB_inv12.als",true,false,false,14,51,28,50,37,4272,2,4,2,25,19,19,19,368,144,13,2,""
"classroom_fol/over/6aHuDqTg4rcy6dqbK_inv11.als",true,false,false,19,63,35,61,43,4944,2,5,2,35,28,28,28,832,176,30,2,""
"classroom_fol/over/BJTQWnKi3mvkFQScv_inv7.als",true,false,false,8,36,25,34,21,2480,2,3,2,18,13,13,13,272,112,10,2,""
"classroom_fol/over/LcjYY9pLzqJAnCcwb_inv9.als",true,false,false,4,31,23,27,15,1808,2,2,2,17,13,13,13,256,80,9,2,""
"classroom_fol/over/NzfW3iAp6FAXWRaCz_inv15.als",true,false,false,17,45,27,40,26,3040,2,4,2,29,23,23,23,560,144,19,2,""
"classroom_fol/over/Nzt9MA7Cd5SXQ2hHK_inv10.als",true,false,false,5,45,26,46,28,3264,2,5,2,20,13,13,13,336,176,11,2,""
"classroom_fol/over/P38DmMXaJwmy5Dhde_inv6.als",true,false,false,10,38,25,36,25,2928,2,3,2,20,15,15,15,336,112,12,2,""
"classroom_fol/over/SXrK8BDDH9nyZfWYh_inv8.als",true,false,false,2,21,16,17,13,1584,2,1,2,13,10,10,10,160,48,6,2,""
"classroom_fol/over/YnLhgTvhMNvY8vyM5_inv12.als",true,false,false,15,55,30,55,42,4832,2,5,2,26,19,19,19,400,176,14,2,""
"classroom_fol/over/Yv3gnwY8ubsBdYwkf_inv11.als",true,false,false,15,59,33,57,39,4496,2,5,2,32,25,25,25,1264,176,41,3,""
"classroom_fol/over/jqd5YgjPAArMgSSCc_inv12.als",true,false,false,16,53,31,53,40,4608,2,5,2,27,20,20,20,400,176,14,2,""
"classroom_fol/over/o4CacviNWTfbCpaGK_inv11.als",true,false,false,8,48,31,44,26,3040,2,3,2,28,23,23,23,1104,176,35,3,""
"classroom_fol/over/oBsAtHyAoNCjvNewX_inv9.als",true,false,false,4,31,23,27,15,1808,2,2,2,17,13,13,13,256,80,9,2,""
"classroom_fol/over/rxpjszuJZpmw5A7Tb_inv10.als",true,false,false,4,28,18,24,20,2368,2,2,2,15,11,11,11,168,56,6,2,""
"classroom_fol/under/4PYuRyxdggckeojd6_inv11.als",true,false,false,17,61,33,59,41,4720,2,5,2,36,29,29,29,1456,176,47,3,""
"classroom_fol/under/7K57Ma2zfP5JbwrkN_inv11.als",true,false,false,17,63,32,61,43,4944,2,5,2,36,29,29,29,1456,176,47,3,""
"classroom_fol/under/Nc3DdEGhK2XdqnwvR_inv12.als",true,false,false,14,49,28,47,34,3936,2,4,2,25,19,19,19,368,144,13,2,""
"classroom_fol/under/Si2XvWnwt988B83mi_inv14.als",true,false,false,17,75,36,71,44,5056,2,6,2,41,33,33,33,1768,256,52,3,""
"classroom_fol/under/d98o3pnf4h33i825k_inv15.als",true,false,false,9,30,21,22,16,1920,2,1,2,18,15,15,15,272,48,10,2,""
"classroom_fol/under/ixhGNooMZGbqFi5Mu_inv12.als",true,false,false,15,57,30,56,43,4944,2,5,2,26,19,19,19,400,176,14,2,""
"classroom_fol/under/mKJXDkSnG5qdLAtcu_inv15.als",true,false,false,19,46,27,41,27,3152,2,4,2,29,23,23,23,560,144,19,2,""
"classroom_fol/under/tCNHpM6pgmhpj26Z9_inv14.als",true,false,false,17,81,36,77,50,5728,2,6,2,41,33,33,33,1768,256,52,3,""
"classroom_fol/under/zBGMCi32NvzzXMw5o_inv11.als",true,false,false,17,59,33,57,39,4496,2,5,2,36,29,29,29,1456,176,47,3,""
"classroom_rl/both/2fnt32ozy5BMzJ6hM_inv3.als",true,false,false,7,25,17,21,17,2032,2,1,2,16,13,13,13,304,80,11,2,""
"classroom_rl/both/5mGSEW6EWn22R6XTy_inv4.als",true,false,false,7,27,18,22,17,2032,2,1,2,17,14,14,14,320,80,11,2,""
"classroom_rl/both/BRLW4CcGCam5jfBfs_inv2.als",true,false,false,2,12,9,7,5,688,2,0,2,9,7,7,7,144,48,6,2,""
"classroom_rl/both/BX2yjbhDHJDW6tMRT_inv10.als",true,false,false,9,38,25,35,20,2368,2,3,2,20,15,15,15,208,96,7,2,""
"classroom_rl/both/D57GSPWN5PLrerAcJ_inv15.als",true,false,false,42,85,33,78,64,7296,2,5,2,55,48,48,48,1136,176,40,2,""
"classroom_rl/both/D6EfqCC4sus2mvRXt_inv11.als",true,false,false,8,39,26,34,20,2368,2,2,2,24,20,20,20,848,176,26,3,""
"classroom_rl/both/DEoN9fvn9KpBoC6ki_inv11.als",true,false,false,7,43,28,37,20,2368,2,2,2,27,23,23,23,1072,176,34,3,""
"classroom_rl/both/EBvfzZpkXvtR5ypHy_inv9.als",true,false,false,6,29,22,26,15,1808,2,2,2,16,12,12,12,192,80,7,2,""
"classroom_rl/both/GsotnYJqYdHoxaHtw_inv15.als",true,false,false,42,85,33,78,64,7296,2,5,2,55,48,48,48,1136,176,40,2,""
"classroom_rl/both/KBhnpxZCt5c22ddvz_inv4.als",true,false,false,2,18,13,11,7,912,2,0,2,13,11,11,11,752,176,23,3,""
"classroom_rl/both/LCmgJ2MTcs5xkNuuT_inv11.als",true,false,false,7,41,26,36,20,2368,2,2,2,26,22,22,22,976,176,30,3,""
"classroom_rl/both/WMdBwdaamGXuoyXef_inv11.als",true,false,false,15,48,29,40,22,2592,2,2,2,28,24,24,24,512,80,19,2,""
"classroom_rl/both/XNtNjk7iqWNFqZWRu_inv10.als",true,false,false,2,32,21,31,20,2368,2,3,2,16,11,11,11,208,96,7,2,""
"classroom_rl/both/XZLvjj5BK3CcGDwmi_inv9.als",true,false,false,10,34,21,25,15,1808,2,1,2,21,18,18,18,336,48,12,2,""
"classroom_rl/both/Yd9q9CeZQT66GFw33_inv10.als",true,false,false,8,38,24,35,20,2368,2,3,2,19,14,14,14,208,96,7,2,""
"classroom_rl/both/aKdAwbDnDvczEK8nj_inv6.als",true,false,false,2,21,16,17,13,1584,2,1,2,13,10,10,10,160,48,6,2,""
"classroom_rl/both/amFT2vdGawCLnnpCD_inv5.als",true,false,false,3,21,16,17,13,1584,2,1,2,13,10,10,10,192,80,7,2,""
"classroom_rl/both/cSREHSiMCwEsJHY9E_inv7.als",true,false,false,6,32,23,28,15,1808,2,2,2,17,13,13,13,192,80,7,2,""
"classroom_rl/both/cgcah7aNPG4Soy8BF_inv15.als",true,false,false,21,52,30,47,33,3824,2,4,2,33,27,27,27,672,144,23,2,""
"classroom_rl/both/cwtaMG8B7wTEMpfqX_inv12.als",true,false,false,2,27,18,21,15,1808,2,1,2,15,12,12,12,160,48,6,2,""
"classroom_rl/both/fro6KyNJBBFWy2AZZ_inv12.als",true,false,false,8,44,26,43,30,3488,2,4,2,19,13,13,13,304,144,11,2,""
"classroom_rl/both/k5nvNhDqjDxHy8ceM_inv14.als",true,false,false,19,77,36,69,42,4832,2,5,2,42,35,35,35,1792,256,53,3,""
"classroom_rl/both/otpmPmCaDEQwGrXQd_inv14.als",true,false,false,17,55,29,47,29,3376,2,3,2,30,25,25,25,464,96,15,2,""
"classroom_rl/both/tBphzouEMMqdtN3Ci_inv10.als",true,false,false,6,37,24,34,20,2368,2,3,2,19,14,14,14,320,96,11,2,""
"classroom_rl/both/vCqT93df32uzCKt8E_inv15.als",true,false,false,27,59,31,55,41,4720,2,4,2,39,33,33,33,800,144,27,2,""
"classroom_rl/both/wQ4e3XwJXGokP4cTp_inv10.als",true,false,false,4,37,23,34,20,2368,2,3,2,18,13,13,13,256,96,9,2,""
"classroom_rl/both/zvgDe7bDFqzetkCKb_inv14.als",true,false,false,23,79,36,74,47,5392,2,6,2,46,38,38,38,1624,216,49,3,""
"classroom_rl/correct/2vpnrwLB8i3hkaeft_inv9.als",true,false,false,12,34,22,25,15,1808,2,1,2,21,18,18,18,336,48,12,2,""
"classroom_rl/correct/46S7BYrZnGBhS4H6f_inv4.als",true,false,false,17,36,21,29,24,2816,2,1,2,26,23,23,23,320,80,11,2,""
"classroom_rl/correct/5MBX4pFGeHjfD5Bkg_inv7.als",true,false,false,7,26,19,20,15,1808,2,1,2,16,13,13,13,208,48,8,2,""
"classroom_rl/correct/6jP7uoKoE538CX7gv_inv6.als",true,false,false,2,28,21,25,14,1696,2,2,2,15,11,11,11,240,80,9,2,""
"classroom_rl/correct/8gDpFrA2zh8Dyh84N_inv7.als",true,false,false,6,31,23,27,15,1808,2,2,2,17,13,13,13,240,80,9,2,""
"classroom_rl/correct/9Zfiwcm4BFnE9jLND_inv8.als",false,true,false,-1,26,0,0,0,0,0,0,0,0,0,0,0,0,0,0,0,""
"classroom_rl/correct/BgADKchMPqNBktzK5_inv14.als",true,false,false,12,61,32,55,29,3376,2,4,2,35,29,29,29,1416,176,43,3,""
"classroom_rl/correct/CcdRmR7sZwx3iEXut_inv1.als",true,false,false,2,19,14,15,12,1472,2,1,2,11,8,8,8,192,80,7,2,""
"classroom_rl/correct/CzF4MCEMhSa9wqM6D_inv5.als",false,true,false,-1,16,0,0,0,0,0,0,0,0,0,0,0,0,0,0,0,""
"classroom_rl/correct/HQNae8zto8PnMw8ia_inv8.als",false,true,false,-1,26,0,0,0,0,0,0,0,0,0,0,0,0,0,0,0,""
"classroom_rl/correct/HbDXYzahnymHvEsLQ_inv9.als",true,false,false,0,32,24,28,15,1808,2,2,2,18,14,14,14,784,176,24,3,""
"classroom_rl/correct/JEbcHjXgjDzmyxNGq_inv6.als",true,false,false,7,28,22,26,15,1808,2,2,2,16,12,12,12,240,80,9,2,""
"classroom_rl/correct/K7Y3F4keok6SZGwnz_inv1.als",true,false,false,1,14,10,8,5,688,2,0,2,10,8,8,8,160,48,6,2,""
"classroom_rl/correct/P8RjjC4yr57b8Da24_inv6.als",false,true,false,-1,26,0,0,0,0,0,0,0,0,0,0,0,0,0,0,0,""
"classroom_rl/correct/Pkajjb7EvjnWR5mb8_inv10.als",true,false,false,0,40,23,40,22,2592,2,4,2,18,12,12,12,248,136,8,2,""
"classroom_rl/correct/QMdAMkDDQsSKE75jR_inv4.als",true,false,false,1,20,14,12,7,912,2,0,2,14,12,12,12,752,176,23,3,""
"classroom_rl/correct/Qryt562LzT2GeCaRP_inv6.als",true,false,false,2,28,21,25,14,1696,2,2,2,15,11,11,11,240,80,9,2,""
"classroom_rl/correct/Ruax2cFku4rfh7CXK_inv10.als",true,false,false,7,45,26,46,28,3264,2,5,2,20,13,13,13,336,176,11,2,""
"classroom_rl/correct/SYrqFqSS7AbkrXHpG_inv9.als",true,false,false,3,34,25,29,16,1920,2,2,2,19,15,15,15,784,176,24,3,""
"classroom_rl/correct/TJk7Ad8x3biY59JJJ_inv11.als",true,false,false,0,44,28,38,20,2368,2,2,2,28,24,24,24,1568,176,47,4,""
"classroom_rl/correct/XG62iBhGcfhPsYEeD_inv1.als",true,false,false,2,19,14,15,12,1472,2,1,2,11,8,8,8,192,80,7,2,""
"classroom_rl/correct/YEAAtk8ezbXwtSkAu_inv14.als",true,false,false,16,73,37,69,42,4832,2,6,2,41,33,33,33,1768,256,52,3,""
"classroom_rl/correct/ZgKXX64tZmGFzFf6N_inv2.als",false,true,false,-1,10,0,0,0,0,0,0,0,0,0,0,0,0,0,0,0,""
"classroom_rl/correct/aex5G5dZgWhn2mKgA_inv10.als",true,false,false,0,40,23,40,22,2592,2,4,2,18,12,12,12,248,136,8,2,""
"classroom_rl/correct/b9wtMw7avLyCtmmpm_inv3.als",true,false,false,2,18,13,11,7,912,2,0,2,13,11,11,11,736,176,23,3,""
"classroom_rl/correct/cMwAduzxSdFpKjSQZ_inv13.als",false,true,false,-1,22,0,0,0,0,0,0,0,0,0,0,0,0,0,0,0,""
"classroom_rl/correct/d5CMz8CGatRwYz3sg_inv2.als",false,true,false,-1,10,0,0,0,0,0,0,0,0,0,0,0,0,0,0,0,""
"classroom_rl/correct/fs2znQpk2dwmRyjqM_inv2.als",false,true,false,-1,10,0,0,0,0,0,0,0,0,0,0,0,0,0,0,0,""
"classroom_rl/correct/jBw2pR4qRo9eRpjnn_inv8.als",false,true,false,-1,26,0,0,0,0,0,0,0,0,0,0,0,0,0,0,0,""
"classroom_rl/correct/kXZCb7STDd32cXqqJ_inv1.als",true,false,false,1,14,10,8,5,688,2,0,2,10,8,8,8,160,48,6,2,""
"classroom_rl/correct/n4GTv7PJs7jx8PdaB_inv7.als",true,false,false,8,28,20,21,15,1808,2,1,2,17,14,14,14,272,48,10,2,""
"classroom_rl/correct/nnyLmWECCgGfao2MD_inv11.als",true,false,false,17,61,33,59,41,4720,2,5,2,36,29,29,29,1456,176,47,3,""
"classroom_rl/correct/o9msPS7RcwKyu75FB_inv3.als",true,false,false,0,16,12,10,6,800,2,0,2,12,10,10,10,688,176,21,3,""
"classroom_rl/correct/pLNAYAGFQ3yjMBiEx_inv9.als",true,false,false,0,32,24,28,15,1808,2,2,2,18,14,14,14,784,176,24,3,""
"classroom_rl/correct/pw6YpWNt77bgPXb6S_inv13.als",false,true,false,-1,22,0,0,0,0,0,0,0,0,0,0,0,0,0,0,0,""
"classroom_rl/correct/qRDCYRzZtWjtaWprk_inv10.als",false,true,false,-1,38,0,0,0,0,0,0,0,0,0,0,0,0,0,0,0,""
"classroom_rl/correct/t2PtawfSKuoZ77dgL_inv6.als",true,false,false,5,23,17,18,13,1584,2,1,2,14,11,11,11,208,48,8,2,""
"classroom_rl/correct/uWzQu9JtwZYAquG4n_inv3.als",false,true,false,-1,16,0,0,0,0,0,0,0,0,0,0,0,0,0,0,0,""
"classroom_rl/correct/uebgoqavudR9ETJZR_inv10.als",false,true,false,-1,38,0,0,0,0,0,0,0,0,0,0,0,0,0,0,0,""
"classroom_rl/correct/uyfxgLtAYM9rznv5h_inv3.als",false,true,false,-1,16,0,0,0,0,0,0,0,0,0,0,0,0,0,0,0,""
"classroom_rl/correct/vBNAFGKW5PqZY9can_inv11.als",true,false,false,0,44,28,38,20,2368,2,2,2,28,24,24,24,1568,176,47,4,""
"classroom_rl/correct/wJ3fASo5F6TZ9dCvN_inv11.als",true,false,false,3,46,29,39,21,2480,2,2,2,29,25,25,25,1568,176,47,4,""
"classroom_rl/correct/y9JMgEzufeo3iYGQr_inv8.als",false,true,false,-1,26,0,0,0,0,0,0,0,0,0,0,0,0,0,0,0,""
"classroom_rl/correct/yarNR7uLjx9rDjJtY_inv14.als",true,false,false,16,77,34,72,45,5168,2,6,2,41,33,33,33,1768,256,52,3,""
"classroom_rl/correct/zDfoMiHbYfojibarj_inv1.als",true,false,false,1,14,10,8,5,688,2,0,2,10,8,8,8,160,48,6,2,""
"classroom_rl/correct/zno5FcNaBLNJc29dC_inv1.als",true,false,false,2,19,14,15,12,1472,2,1,2,11,8,8,8,192,80,7,2,""
"classroom_rl/over/2QPoQpn7Dzjw4BFwM_inv9.als",true,false,false,5,29,22,26,15,1808,2,2,2,16,12,12,12,192,80,7,2,""
"classroom_rl/over/8CTJybAxY6rTciEoQ_inv10.als",true,false,false,3,35,22,33,20,2368,2,3,2,17,12,12,12,208,96,7,2,""
"classroom_rl/over/8Nk4Zz9TjxXeJW9t2_inv11.als",true,false,false,15,63,34,60,42,4832,2,4,2,38,32,32,32,1456,176,46,3,""
"classroom_rl/over/Hsta4CZd3yDLGjx4a_inv6.als",true,false,false,5,25,17,19,13,1584,2,1,2,15,12,12,12,208,48,8,2,""
"classroom_rl/over/TCua2QkSzKPyZtCWj_inv8.als",true,false,false,4,21,16,17,13,1584,2,1,2,13,10,10,10,160,48,6,2,""
"classroom_rl/over/WBDBX59HdYLpWrQHu_inv10.als",true,false,false,9,32,21,27,20,2368,2,2,2,18,14,14,14,280,56,10,2,""
"classroom_rl/over/YsBfaAgZt5cNcSoiR_inv11.als",true,false,false,13,40,26,33,20,2368,2,2,2,22,18,18,18,288,80,11,2,""
"classroom_rl/over/dwayKCh7NHmNPw8av_inv3.als",true,false,false,7,25,17,23,19,2256,2,2,2,13,9,9,9,208,112,8,2,""
"classroom_rl/over/f5p3DfaAEQECrR2Kx_inv9.als",true,false,false,5,29,22,26,15,1808,2,2,2,16,12,12,12,192,80,7,2,""
"classroom_rl/over/fzuJWDzFBTPRJcJSz_inv7.als",true,false,false,5,30,20,23,15,1808,2,1,2,19,16,16,16,816,176,25,3,""
"classroom_rl/over/gdWuELxQKarbprpix_inv9.als",true,false,false,7,28,19,21,15,1808,2,1,2,17,14,14,14,272,48,10,2,""
"classroom_rl/over/hYXyMPGWxaRtWuAkZ_inv10.als",true,false,false,2,40,23,40,22,2592,2,4,2,18,12,12,12,248,136,8,2,""
"classroom_rl/over/msC2FWsZGxXJmb9oA_inv10.als",true,false,false,3,39,23,38,20,2368,2,4,2,18,12,12,12,248,136,8,2,""
"classroom_rl/over/wv3g8DZbTt8ai8YYq_inv11.als",true,false,false,13,38,25,33,20,2368,2,2,2,22,18,18,18,288,80,11,2,""
"classroom_rl/over/y6cSErPDLqsHPWqbZ_inv9.als",true,false,false,11,34,22,25,15,1808,2,1,2,21,18,18,18,336,48,12,2,""
"classroom_rl/under/AqLg8saCjLMDY3LRc_inv14.als",true,false,false,15,79,36,74,47,5392,2,6,2,41,33,33,33,1768,256,52,3,""
"classroom_rl/under/G5xY7qRXjax3DgMie_inv14.als",true,false,false,18,72,36,66,39,4496,2,5,2,40,33,34,33,1792,256,53,3,""
"classroom_rl/under/JMwnktTEzudDjPuxw_inv11.als",true,false,false,5,49,32,41,23,2704,2,2,2,31,27,27,27,1792,176,55,4,""
"classroom_rl/under/LSyfv3fZkrpxTKaHd_inv8.als",true,false,false,10,31,20,23,13,1584,2,1,2,19,16,16,16,208,48,8,2,""
"classroom_rl/under/RDgTFjMHCkFssiWHc_inv6.als",true,false,false,2,28,21,25,14,1696,2,2,2,15,11,11,11,240,80,9,2,""
"classroom_rl/under/SPnau24wzWmd4bQCR_inv11.als",true,false,false,9,47,30,40,22,2592,2,2,2,29,25,25,25,1568,176,47,4,""
"classroom_rl/under/ep3cqiLq7zcpLPzcz_inv11.als",true,false,false,15,48,30,42,24,2816,2,2,2,32,28,28,28,1296,176,42,3,""
"classroom_rl/under/fvRfJsHgpoKT3JF9G_inv12.als",true,false,false,13,38,25,35,22,2592,2,3,2,23,18,18,18,336,112,12,2,""
"classroom_rl/under/gawJ4zxN9cEwDxRw8_inv10.als",true,false,false,6,39,23,39,21,2480,2,4,2,20,14,14,14,360,136,12,2,""
"classroom_rl/under/hPbAmbe6wiMu5Ha2K_inv5.als",true,false,false,3,21,16,17,13,1584,2,1,2,13,10,10,10,192,80,7,2,""
"coursesNew/both/2ssLWTomENiQ6WThs_inv6.als",true,false,false,14,49,27,46,30,3488,2,4,2,27,21,21,21,512,144,17,2,""
"coursesNew/both/2uvYYBLEbcSCXqyWh_inv10.als",true,false,false,17,44,25,39,32,3712,2,3,2,26,21,21,21,384,144,13,2,""
"coursesNew/both/3nMRF22LtoPzMTnx8_inv9.als",true,false,false,30,78,33,73,50,5728,2,5,2,48,41,41,41,1328,176,44,2,""
"coursesNew/both/4Bp25AJkTbJwTF6sF_inv6.als",true,false,false,20,60,28,57,41,4720,2,4,2,33,27,27,27,512,144,17,2,""
"coursesNew/both/5TvX7MDJN22SSvqyR_inv13.als",true,false,false,9,68,36,66,36,4160,2,4,2,42,36,36,36,2264,176,70,4,""
"coursesNew/both/5oou3wguBtjdML7d6_inv9.als",true,false,false,19,58,26,50,27,3152,2,3,2,35,30,30,30,720,112,24,2,""
"coursesNew/both/8fb2SGqDQaKaKs9B6_inv10.als",true,false,false,16,36,22,29,22,2592,2,0,2,27,25,25,25,224,48,8,2,""
"coursesNew/both/8qSvx7A6KNGDY8PPF_inv1.als",true,false,false,12,35,22,29,24,2816,2,2,2,21,17,17,17,352,112,12,2,""
"coursesNew/both/99rNgMWJ3ry48nY7B_inv12.als",true,false,false,12,40,24,40,22,2592,2,4,2,23,17,17,17,360,136,12,2,""
"coursesNew/both/9Biiom6S55chb9NPB_inv13.als",true,false,false,29,83,37,82,52,5952,2,6,2,52,44,44,44,2344,216,75,3,""
"coursesNew/both/9EjtztZ777DSRHrPH_inv1.als",true,false,false,11,35,22,30,25,2928,2,2,2,20,16,16,16,352,112,12,2,""
"coursesNew/both/9bYBdEgxZbEfutcXM_inv14.als",true,false,false,21,66,35,65,40,4608,2,6,2,52,44,46,44,2992,304,87,4,""
"coursesNew/both/BZ35ufPJXg9zrMhQt_inv9.als",true,false,false,33,74,33,67,44,5056,2,5,2,47,40,40,40,1104,176,36,2,""
"coursesNew/both/CYGuJJndkk4cKi8iS_inv9.als",true,false,false,17,50,26,41,25,2928,2,2,2,29,25,25,25,432,80,15,2,""
"coursesNew/both/DqogvdzFALxLwBzS2_inv6.als",true,false,false,24,63,30,60,44,5056,2,4,2,39,33,33,33,640,144,21,2,""
"coursesNew/both/EGfgFaQDzX6cFYWKJ_inv9.als",true,false,false,18,60,29,52,29,3376,2,3,2,34,29,29,29,688,112,24,2,""
"coursesNew/both/EbREd8BqbAvYbov69_inv1.als",true,false,false,12,26,19,20,15,1808,2,1,2,20,17,17,17,320,80,11,2,""
"coursesNew/both/EpFqQLDxbZw9ZJ7Sw_inv8.als",true,false,false,13,40,25,33,18,2144,2,2,2,23,19,19,19,368,80,13,2,""
"coursesNew/both/GELNyDg4fBXSBX3nC_inv9.als",true,false,false,23,65,29,56,33,3824,2,3,2,38,33,34,33,1040,112,36,2,""
"coursesNew/both/Ggk5dJuYJETTSkLgF_inv1.als",true,false,false,10,27,17,18,13,1584,2,0,2,19,17,17,17,288,48,10,2,""
"coursesNew/both/Ju8WZEeNiuSk2Bwt6_inv7.als",true,false,false,14,50,27,50,30,3488,2,5,2,28,21,21,21,656,176,21,2,""
"coursesNew/both/KEcDTYWJLN4BWFxAi_inv3.als",true,false,false,11,33,21,28,23,2704,2,2,2,20,16,16,16,352,112,12,2,""
"coursesNew/both/Ldkn9vdC7JJZsg7M7_inv10.als",true,false,false,7,34,20,29,22,2592,2,2,2,17,13,13,13,288,112,10,2,""
"coursesNew/both/LpCt2ZzeNsNNqetbA_inv4.als",true,false,false,5,33,22,32,21,2480,2,3,2,16,11,11,11,272,112,10,2,""
"coursesNew/both/NDBGqdXh6J9irAYbo_inv1.als",true,false,false,6,30,19,26,21,2480,2,2,2,16,12,12,12,288,112,10,2,""
"coursesNew/both/P284E5uJbdkq4shsM_inv9.als",true,false,false,31,69,29,64,41,4720,2,5,2,44,37,37,37,1040,176,34,2,""
"coursesNew/both/P3ZLLQJT87zq7GkrQ_inv9.als",true,false,false,9,51,27,42,25,2928,2,2,2,29,25,25,25,976,176,30,3,""
"coursesNew/both/PdwFWmRmZPTHXj2ao_inv9.als",true,false,false,18,54,28,47,25,2928,2,3,2,34,29,29,29,688,112,24,2,""
"coursesNew/both/QJrAEPTb9BPRNrwN8_inv7.als",true,false,false,19,62,32,61,41,4720,2,5,2,33,26,26,26,848,176,27,2,""
"coursesNew/both/RMH7MMiCdxbn3AYEx_inv7.als",true,false,false,10,38,24,35,22,2592,2,3,2,20,15,15,15,208,96,7,2,""
"coursesNew/both/Rt76yjc8Xxp7XT5zK_inv9.als",true,false,false,25,66,33,59,36,4160,2,4,2,38,32,32,32,816,144,27,2,""
"coursesNew/both/SwNXMFvLYLgoFBfx4_inv9.als",true,false,false,14,50,24,36,25,2928,2,1,2,29,26,26,26,992,176,31,3,""
"coursesNew/both/Xfys8sfhhNZgF8cHc_inv7.als",true,false,false,39,69,31,65,61,6960,2,5,2,55,48,48,48,1040,176,33,2,""
"coursesNew/both/YWyiR7ekgGot3czvT_inv4.als",true,false,false,5,33,23,32,21,2480,2,3,2,16,11,11,11,272,112,10,2,""
"coursesNew/both/YYpCEdDtcpPERXdkR_inv6.als",true,false,false,5,41,24,37,21,2480,2,3,2,21,16,16,16,352,112,12,2,""
"coursesNew/both/ZbFDuhmvPHq8Nm6Fs_inv7.als",true,false,false,17,46,27,44,24,2816,2,4,2,31,25,25,25,808,136,26,2,""
"coursesNew/both/aLpuR33Fi7xAnsgCN_inv7.als",true,false,false,26,70,35,66,46,5280,2,5,2,41,34,34,34,1104,176,35,2,""
"coursesNew/both/ak9zJqmaMJT6CcJuR_inv9.als",true,false,false,18,47,25,39,25,2928,2,2,2,27,23,23,23,304,80,11,2,""
"coursesNew/both/asvNsRfC8gnPGfpvW_inv4.als",true,false,false,5,31,22,30,19,2256,2,3,2,16,11,11,11,272,112,10,2,""
"coursesNew/both/bSv5tTdivnzG5JKaN_inv9.als",true,false,false,21,57,31,52,29,3376,2,5,2,34,27,27,27,656,176,22,2,""
"coursesNew/both/dQ2Bw7WSFS9vCamwA_inv1.als",true,false,false,6,25,18,19,14,1696,2,1,2,15,12,12,12,256,80,9,2,""
"coursesNew/both/dkJ4NFSLDukGsDzwf_inv4.als",true,false,false,5,27,20,25,14,1696,2,2,2,15,11,11,11,240,80,9,2,""
"coursesNew/both/hCbekykvHneSDCH29_inv4.als",true,false,false,2,27,21,24,13,1584,2,2,2,14,10,10,10,192,80,7,2,""
"coursesNew/both/hDFik8ypWeG8ddnaz_inv7.als",true,false,false,12,53,29,52,32,3712,2,5,2,28,21,21,21,656,176,21,2,""
"coursesNew/both/ir2oNyScQJGLZqsHp_inv9.als",true,false,false,25,60,28,55,32,3712,2,4,2,38,32,32,32,816,144,27,2,""
"coursesNew/both/j5R454DK23GfhPwx5_inv7.als",true,false,false,12,45,27,43,23,2704,2,4,2,22,16,16,16,296,136,10,2,""
"coursesNew/both/oeoWycChLgrTNwi4s_inv9.als",true,false,false,20,59,30,53,30,3488,2,4,2,33,27,27,27,624,144,21,2,""
"coursesNew/both/uD5Et8ev8XHrNXwg5_inv15.als",true,false,false,39,109,42,115,58,6624,2,8,2,84,74,76,74,6600,808,178,3,""
"coursesNew/both/uSFDH7q5bNS3X4xuw_inv3.als",true,false,false,24,50,27,46,41,4720,2,3,2,33,28,28,28,448,144,15,2,""
"coursesNew/both/xB8Hj8Ni8MDtgybZ2_inv5.als",true,false,false,20,56,29,56,31,3600,2,5,2,38,31,31,31,1552,176,48,3,""
"coursesNew/both/zFuuTnDS75QK6Z2jg_inv6.als",true,false,false,24,60,29,57,41,4720,2,4,2,36,30,30,30,512,144,17,2,""
"coursesNew/both/zZriNpy7MdwJQKYdS_inv5.als",true,false,false,19,52,28,51,27,3152,2,4,2,35,29,29,29,1272,176,39,3,""
"coursesNew/correct/3E3YoQ6wmnhzwxxBs_inv5.als",true,false,false,10,66,31,64,39,4496,2,5,2,49,42,42,42,9632,256,285,12,""
"coursesNew/correct/3E7gNT3rL33AJCkJw_inv6.als",true,false,false,5,30,17,23,18,2144,2,1,2,18,15,15,15,288,48,10,2,""
"coursesNew/correct/6XwfSdiH8gaTD3iXz_inv1.als",true,false,false,11,33,21,28,23,2704,2,2,2,20,16,16,16,352,112,12,2,""
"coursesNew/correct/7Nafh62oryZ7kxxYu_inv10.als",true,false,false,17,40,25,35,28,3264,2,3,2,26,21,21,21,384,144,13,2,""
"coursesNew/correct/8HQBJdCHuXK5HSmJj_inv4.als",true,false,false,5,33,23,32,21,2480,2,3,2,16,11,11,11,272,112,10,2,""
"coursesNew/correct/8WiY4LLDLKm6ngt2D_inv1.als",true,false,false,11,33,21,28,23,2704,2,2,2,20,16,16,16,352,112,12,2,""
"coursesNew/correct/Bpzx3Dw8ZLG99yWcz_inv5.als",true,false,false,15,66,34,65,40,4608,2,5,2,50,43,43,43,9632,256,285,12,""
"coursesNew/correct/C3oxBE3hybjZkQ3zG_inv2.als",true,false,false,11,33,21,28,23,2704,2,2,2,20,16,16,16,352,112,12,2,""
"coursesNew/correct/C6hosKn3qiGywxDN6_inv1.als",true,false,false,12,26,19,20,15,1808,2,1,2,20,17,18,17,320,80,11,2,""
"coursesNew/correct/ESrpSXycp3tQaKnFk_inv4.als",true,false,false,6,23,17,18,13,1584,2,1,2,14,11,11,11,208,48,8,2,""
"coursesNew/correct/HmLRw9jfW8xxfBRmP_inv3.als",true,false,false,6,30,20,26,21,2480,2,2,2,16,12,12,12,288,112,10,2,""
"coursesNew/correct/KXJks5oDGNMXskp7H_inv2.als",true,false,false,11,33,21,28,23,2704,2,2,2,20,16,16,16,352,112,12,2,""
"coursesNew/correct/L6BN5ioqgHeTDYc4x_inv11.als",true,false,false,6,40,25,34,18,2144,2,2,2,23,19,19,19,448,80,15,2,""
"coursesNew/correct/M25WozwmR36EzL9PM_inv10.als",true,false,false,14,42,24,37,30,3488,2,3,2,23,18,18,18,384,144,13,2,""
"coursesNew/correct/NKGs4ycsi4gR8mfZE_inv5.als",true,false,false,16,54,28,49,27,3152,2,3,2,39,34,34,34,1728,176,54,3,""
"coursesNew/correct/PYTW6dJjrdqB8cD9B_inv1.als",true,false,false,11,35,21,30,25,2928,2,2,2,20,16,16,16,352,112,12,2,""
"coursesNew/correct/RigsjiQjNmwpv6NSd_inv5.als",true,false,false,10,62,33,61,36,4160,2,5,2,47,40,41,40,8736,176,261,12,""
"coursesNew/correct/SorgHXmhjMiaFqjNN_inv5.als",true,false,false,16,71,32,71,46,5280,2,6,2,53,45,45,45,10920,304,314,12,""
"coursesNew/correct/ZJTfkhpFjhNWAvZSb_inv5.als",true,false,false,16,71,32,71,46,5280,2,6,2,53,45,45,45,10920,304,314,12,""
"coursesNew/correct/ZLhmcDSASvHvWdkXy_inv2.als",true,false,false,15,34,22,29,24,2816,2,2,2,23,19,20,19,352,112,12,2,""
"coursesNew/correct/ZPKfZ6i7dyCFdrgMa_inv10.als",true,false,false,4,34,21,28,21,2480,2,2,2,18,14,14,14,288,112,10,2,""
"coursesNew/correct/cGLZh2KZHArq6xQqR_inv1.als",true,false,false,11,30,19,26,21,2480,2,2,2,20,16,16,16,352,112,12,2,""
"coursesNew/correct/d9LRHaMW6nH4YgTZc_inv5.als",true,false,false,21,46,23,38,27,3152,2,2,2,35,31,31,31,904,56,30,2,""
"coursesNew/correct/eyZTfBDhcA7BcSENR_inv1.als",true,false,false,11,33,21,28,23,2704,2,2,2,20,16,16,16,352,112,12,2,""
"coursesNew/correct/f9fBhn2qzngvyzhoS_inv5.als",true,false,false,16,69,32,69,44,5056,2,6,2,53,45,45,45,10920,304,314,12,""
"coursesNew/correct/fbq35NX6SXBDY2m6y_inv1.als",true,false,false,4,20,14,12,7,912,2,0,2,14,12,12,12,224,48,8,2,""
"coursesNew/correct/jRsJfRmYK7dWpGmhi_inv10.als",true,false,false,13,36,21,30,23,2704,2,2,2,22,18,18,18,352,112,12,2,""
"coursesNew/correct/kdr6PYpZZMEeCKukd_inv10.als",true,false,false,14,39,24,32,25,2928,2,2,2,23,19,19,19,352,112,12,2,""
"coursesNew/correct/kye2emcPuz33hYsAk_inv4.als",false,true,false,-1,26,0,0,0,0,0,0,0,0,0,0,0,0,0,0,0,""
"coursesNew/correct/mef7FMhgNJRNfchcp_inv4.als",true,false,false,3,33,23,32,21,2480,2,3,2,16,11,11,11,272,112,10,2,""
"coursesNew/correct/owyufQQe43jfXXnxn_inv3.als",true,false,false,10,27,20,21,16,1920,2,1,2,17,14,14,14,256,80,9,2,""
"coursesNew/correct/tJufQAw3eMGvg96qW_inv1.als",true,false,false,11,33,21,28,23,2704,2,2,2,20,16,16,16,352,112,12,2,""
"coursesNew/correct/tXBDsdrrKXEavFDwW_inv1.als",true,false,false,12,26,19,20,15,1808,2,1,2,20,17,18,17,320,80,11,2,""
"coursesNew/correct/vXnZNxyJ3uty7xFFA_inv1.als",true,false,false,12,26,19,20,15,1808,2,1,2,20,17,18,17,320,80,11,2,""
"coursesNew/correct/vi222EiDscZtyc75x_inv4.als",true,false,false,5,33,23,32,21,2480,2,3,2,16,11,11,11,272,112,10,2,""
"coursesNew/correct/vmkBdtjP2N6c6FtRE_inv5.als",true,false,false,16,54,28,49,27,3152,2,3,2,39,34,34,34,1728,176,54,3,""
"coursesNew/correct/wSXrR5BPqbSNLbdNG_inv1.als",true,false,false,12,26,19,20,15,1808,2,1,2,20,17,18,17,320,80,11,2,""
"coursesNew/correct/wuy2tAZ8eJf4CDEet_inv5.als",true,false,false,10,62,29,61,36,4160,2,5,2,51,44,44,44,10784,304,309,12,""
"coursesNew/correct/xaXL9D67ZiKM633yZ_inv5.als",true,false,false,11,62,32,61,36,4160,2,5,2,47,40,41,40,8736,176,261,12,""
"coursesNew/correct/yBK3okscnXFnjcmkk_inv5.als",true,false,false,10,60,29,56,31,3600,2,4,2,48,42,42,42,8440,176,252,12,""
"coursesNew/correct/ykRgaybdSZWpYtMZw_inv1.als",true,false,false,12,26,19,20,15,1808,2,1,2,20,17,18,17,320,80,11,2,""
"coursesNew/over/3LjrJFFaTksAiGhTq_inv11.als",true,false,false,9,25,16,20,18,2144,2,1,2,15,12,12,12,160,48,6,2,""
"coursesNew/over/DiToH53fzpZDraQzP_inv5.als",true,false,false,18,59,32,59,34,3936,2,5,2,44,37,37,37,6496,256,195,8,""
"coursesNew/over/GrTJPofYeafCr4atm_inv3.als",true,false,false,11,35,22,31,26,3040,2,2,2,20,16,16,16,352,112,12,2,""
"coursesNew/over/ZQdhmjMYGtfJ66mEK_inv3.als",true,false,false,6,30,20,26,21,2480,2,2,2,16,12,12,12,288,112,10,2,""
"coursesNew/over/me5gk4a9ycCe9Dtpb_inv9.als",true,false,false,32,79,32,74,51,5840,2,4,2,51,45,45,45,1584,144,53,2,""
"coursesNew/over/q2aqkRqxmW2zNCGyC_inv7.als",true,false,false,27,68,30,68,48,5504,2,6,2,43,35,35,35,1144,216,36,2,""
"coursesNew/over/tdF7o6BzcWn4RGae9_inv4.als",true,false,false,5,25,19,23,13,1584,2,2,2,13,9,9,9,176,80,7,2,""
"coursesNew/over/ufZ5mthgkMRTKQNaY_inv15.als",true,false,false,42,90,36,96,58,6624,2,7,2,79,70,71,70,4440,592,121,3,""
"coursesNew/under/4Wbuir8hfv7QpmJc3_inv9.als",true,false,false,26,63,31,55,32,3712,2,3,2,41,36,37,36,1104,112,38,2,""
"coursesNew/under/8nrDHwGP6cpQpq2pn_inv8.als",true,false,false,12,45,27,42,27,3152,2,3,2,26,21,21,21,592,112,20,2,""
"coursesNew/under/BgCTZXiZtW29NrGxT_inv12.als",true,false,false,17,50,28,51,33,3824,2,5,2,28,21,21,21,400,176,13,2,""
"coursesNew/under/Co7Nt4FFBwLvaJaKC_inv7.als",true,false,false,35,77,33,74,54,6176,2,6,2,50,42,42,42,1400,216,44,2,""
"coursesNew/under/D8bpycYTp9zrbqDH4_inv6.als",true,false,false,21,53,27,50,34,3936,2,4,2,33,27,27,27,512,144,17,2,""
"coursesNew/under/DgWQfxqeaai62n6M2_inv11.als",true,false,false,13,48,27,44,28,3264,2,3,2,26,21,21,21,480,112,16,2,""
"coursesNew/under/EBZRoMp6sYL99uW9P_inv13.als",true,false,false,29,88,38,91,61,6960,2,6,2,54,46,46,46,2600,256,82,3,""
"coursesNew/under/FXZ3o6BBwFRvTXP3M_inv7.als",true,false,false,17,48,26,46,26,3040,2,4,2,30,24,24,24,616,136,20,2,""
"coursesNew/under/LuDzsnECg4vvAfufo_inv8.als",true,false,false,11,40,26,38,23,2704,2,3,2,24,19,19,19,464,112,16,2,""
"coursesNew/under/MqYasTxxAwCKDChcf_inv6.als",true,false,false,21,53,27,51,35,4048,2,4,2,33,27,27,27,512,144,17,2,""
"coursesNew/under/QYzgWaALX8mLLqmck_inv6.als",true,false,false,1,40,22,34,18,2144,2,2,2,22,18,18,18,448,80,15,2,""
"coursesNew/under/T7WXrnYaG7okPGb84_inv11.als",true,false,false,15,51,28,48,32,3712,2,4,2,28,22,22,22,512,144,17,2,""
"coursesNew/under/TKFBuMjsDkD6JQ2FD_inv8.als",true,false,false,1,36,24,32,17,2032,2,2,2,22,18,18,18,976,176,30,3,""
"coursesNew/under/XQraJ5E9rxYCAyKAf_inv10.als",true,false,false,14,42,24,37,30,3488,2,3,2,23,18,18,18,384,144,13,2,""
"coursesNew/under/XbYEZyw56Z8ABfRNx_inv8.als",true,false,false,1,36,24,32,17,2032,2,2,2,22,18,18,18,976,176,30,3,""
"coursesNew/under/ad5C75f3SqBtMxiAw_inv5.als",true,false,false,25,62,32,61,36,4160,2,5,2,47,40,40,40,2976,176,95,2,""
"coursesNew/under/bGDy3YCcwwrJjLwyF_inv9.als",true,false,false,38,76,32,66,43,4944,2,3,2,53,48,48,48,1152,112,40,2,""
"coursesNew/under/fpSPxDkwJEbxZSEdF_inv12.als",true,false,false,1,38,24,38,20,2368,2,4,2,18,12,12,12,248,136,8,2,""
"coursesNew/under/frM88EqYaoirJfBMK_inv14.als",true,false,false,23,52,28,51,27,3152,2,5,2,44,37,38,37,1736,256,52,3,""
"coursesNew/under/h9iuiw6nTbYnAaPPF_inv11.als",true,false,false,15,51,28,48,32,3712,2,4,2,28,22,22,22,512,144,17,2,""
"coursesNew/under/iuksjTHt7E75Ln2ms_inv5.als",true,false,false,20,50,28,48,27,3152,2,4,2,35,29,29,29,744,136,24,2,""
"coursesNew/under/jhd66Zf2LTGH9vz5c_inv11.als",true,false,false,15,51,29,48,32,3712,2,4,2,29,23,23,23,512,144,17,2,""
"coursesNew/under/jjyDpCizxTLPTtTZA_inv14.als",true,false,false,25,48,29,47,27,3152,2,5,2,42,35,36,35,1544,256,46,3,""
"coursesNew/under/jmFcsSynf4XHaCeo7_inv8.als",true,false,false,1,36,24,32,17,2032,2,2,2,22,18,18,18,976,176,30,3,""
"coursesNew/under/kdGJiB4Av6tbhynAL_inv5.als",true,false,false,23,63,31,62,37,4272,2,5,2,45,38,38,38,1632,176,53,2,""
"coursesNew/under/o2HkEncu7DkpHtSuN_inv8.als",true,false,false,1,36,24,32,17,2032,2,2,2,22,18,18,18,976,176,30,3,""
"coursesNew/under/sCSCn5zLH9PyZtPzY_inv4.als",true,false,false,4,28,21,25,14,1696,2,2,2,15,11,11,11,240,80,9,2,""
"coursesNew/under/sEBfhdCPCBkBGG2qb_inv7.als",true,false,false,20,52,27,52,32,3712,2,5,2,34,27,27,27,784,176,25,2,""
"coursesNew/under/sRL6iKSGfAHTTi5Cs_inv1.als",true,false,false,12,28,20,21,16,1920,2,1,2,21,18,18,18,320,80,11,2,""
"coursesNew/under/sWXy2cQnamMcNCEFW_inv12.als",true,false,false,13,42,24,42,24,2816,2,4,2,24,18,18,18,360,136,12,2,""
"coursesNew/under/w4oxjFHAdKukugj4M_inv7.als",true,false,false,17,50,28,48,28,3264,2,4,2,31,25,25,25,616,136,20,2,""
"coursesNew/under/wikrxBGQgb5TAMcdj_inv7.als",true,false,false,17,48,26,46,26,3040,2,4,2,30,24,24,24,616,136,20,2,""
"coursesNew/under/xCRoPqpuGysiWM6gF_inv8.als",true,false,false,11,35,23,31,17,2032,2,2,2,20,16,16,16,240,80,9,2,""
"coursesNew/under/yJeFxdrJtasAEg5KT_inv12.als",true,false,false,7,45,28,46,28,3264,2,5,2,21,14,14,14,400,176,13,2,""
"coursesNew/under/zcbXZiLp5z6bpoZJL_inv14.als",true,false,false,27,46,29,45,27,3152,2,5,2,40,33,34,33,696,136,22,2,""
"coursesOld/both/34TLiZmGTEy8mquRo_inv15.als",true,false,false,45,89,37,89,58,6624,2,7,2,70,61,62,61,3424,464,92,3,""
"coursesOld/both/3SoD8Zzr7uCzo372W_inv9.als",true,false,false,27,76,32,69,46,5280,2,4,2,44,38,38,38,1216,144,41,2,""
"coursesOld/both/3mf7WnvvjteEJyuXk_inv8.als",true,false,false,11,37,24,32,17,2032,2,2,2,21,17,17,17,304,80,11,2,""
"coursesOld/both/3tJoQEiqhaKNxeG7R_inv4.als",true,false,false,6,24,18,19,13,1584,2,1,2,15,12,12,12,160,48,6,2,""
"coursesOld/both/3vG9ZeLzm77AfcvcJ_inv9.als",true,false,false,21,55,30,49,26,3040,2,4,2,33,27,27,27,624,144,21,2,""
"coursesOld/both/4XRdf6mpKiod8kJxg_inv9.als",true,false,false,28,62,32,58,35,4048,2,5,2,40,33,33,33,784,176,26,2,""
"coursesOld/both/4jRcMXm2Qt3hvvdd5_inv8.als",true,false,false,14,45,27,42,27,3152,2,3,2,26,21,21,21,592,112,20,2,""
"coursesOld/both/5RHpJyWoYWcWSdGwk_inv12.als",true,false,false,11,40,25,37,20,2368,2,3,2,21,16,16,16,208,96,7,2,""
"coursesOld/both/5WustsHt8gDfjuRXP_inv7.als",true,false,false,10,38,24,35,22,2592,2,3,2,20,15,15,15,208,96,7,2,""
"coursesOld/both/679zLPiTyY5J94SNN_inv9.als",true,false,false,21,55,29,49,26,3040,2,4,2,33,27,27,27,624,144,21,2,""
"coursesOld/both/6Bw3RrJsWy3dcAEYr_inv13.als",true,false,false,20,80,37,80,50,5728,2,6,2,47,39,39,39,2040,216,65,3,""
"coursesOld/both/6YjxFFZyhTwDwjsoL_inv12.als",true,false,false,8,42,26,40,22,2592,2,4,2,20,14,14,14,248,136,8,2,""
"coursesOld/both/7nMz7FigexuKcRazu_inv5.als",true,false,false,15,50,28,46,27,3152,2,3,2,40,35,35,35,5552,176,167,8,""
"coursesOld/both/87iQRafYJH8Tq5p5W_inv9.als",true,false,false,20,54,28,47,25,2928,2,3,2,33,28,29,28,704,112,24,2,""
"coursesOld/both/8QKN5GPpiMCQY4FSv_inv7.als",true,false,false,19,45,26,44,24,2816,2,5,2,35,28,28,28,976,176,31,2,""
"coursesOld/both/8QhTpCwuK5MrJ8vbZ_inv9.als",true,false,false,23,63,32,57,34,3936,2,4,2,39,33,33,33,976,144,33,2,""
"coursesOld/both/A2yE56NRnj5MZ2m35_inv9.als",true,false,false,24,59,32,54,31,3600,2,4,2,36,30,30,30,688,144,23,2,""
"coursesOld/both/Ady5BwG4WAFQPReqx_inv9.als",true,false,false,23,66,31,59,36,4160,2,4,2,36,30,30,30,688,144,23,2,""
"coursesOld/both/BShD5pdeLZJRBuz9e_inv3.als",true,false,false,5,18,13,11,7,912,2,0,2,13,11,11,11,224,48,8,2,""
"coursesOld/both/BT43HevocznbybKGg_inv9.als",true,false,false,22,68,32,62,39,4496,2,4,2,36,30,30,30,688,144,23,2,""
"coursesOld/both/BiEJ6sGpxDtCYGr4m_inv12.als",true,false,false,45,77,32,77,59,6736,2,7,2,56,47,47,47,480,256,15,2,""
"coursesOld/both/C2eRC9WdTgJBCfscm_inv1.als",true,false,false,13,38,22,32,27,3152,2,2,2,22,18,18,18,352,112,12,2,""
"coursesOld/both/CzxsoRg6fawrPZcsY_inv4.als",true,false,false,16,44,27,44,33,3824,2,4,2,26,20,20,20,432,144,15,2,""
"coursesOld/both/DA4TRQRSsndACFKs4_inv14.als",true,false,false,19,50,28,49,27,3152,2,5,2,40,37,39,33,1608,256,48,3,""
"coursesOld/both/DpxoocMLcS7Szq8nG_inv3.als",true,false,false,11,35,22,30,25,2928,2,2,2,20,16,16,16,352,112,12,2,""
"coursesOld/both/EBb8uJ55YXd3omLxp_inv1.als",true,false,false,10,30,20,23,18,2144,2,1,2,19,16,16,16,320,80,11,2,""
"coursesOld/both/EKLTHNpq9aMDYqpDf_inv2.als",true,false,false,6,23,17,18,13,1584,2,1,2,14,11,11,11,256,80,9,2,""
"coursesOld/both/FC6cPssX8cKvgjrNK_inv9.als",true,false,false,26,67,33,61,38,4384,2,4,2,39,33,33,33,752,144,25,2,""
"coursesOld/both/Fqc2A4dBrLd29EozM_inv3.als",true,false,false,7,28,19,24,19,2256,2,2,2,16,12,12,12,288,112,10,2,""
"coursesOld/both/G5PwN8SMjuGoSbb4k_inv7.als",true,false,false,10,38,23,35,22,2592,2,3,2,20,15,15,15,208,96,7,2,""
"coursesOld/both/GJsX7q7DPHcqjT28A_inv15.als",true,false,false,49,130,48,138,80,9088,2,10,2,94,82,83,82,9088,1136,239,3,""
"coursesOld/both/GpupqMAB9BZfkoFdA_inv9.als",true,false,false,11,49,26,40,25,2928,2,2,2,28,24,24,24,976,176,30,3,""
"coursesOld/both/H4vxZTxAQEFTWMdM5_inv7.als",true,false,false,10,38,24,35,22,2592,2,3,2,20,15,15,15,208,96,7,2,""
"coursesOld/both/HFhtKNyWcfYPpbPAv_inv9.als",true,false,false,16,40,21,30,25,2928,2,1,2,24,21,21,21,208,48,8,2,""
"coursesOld/both/HejEGpGucsFBXN8dn_inv5.als",true,false,false,21,52,29,50,27,3152,2,4,2,35,29,29,29,744,136,24,2,""
"coursesOld/both/J3rxTrKE8CWxReuDi_inv12.als",true,false,false,14,48,29,48,30,3488,2,5,2,26,19,19,19,400,176,13,2,""
"coursesOld/both/JQNPooHBurh37PcDn_inv8.als",true,false,false,13,40,25,33,18,2144,2,2,2,23,19,19,19,368,80,13,2,""
"coursesOld/both/JjT24RAa2i6GckwLo_inv9.als",true,false,false,25,63,31,57,34,3936,2,4,2,38,32,32,32,816,144,27,2,""
"coursesOld/both/L5dSqcZrYukv6C9PK_inv2.als",true,false,false,10,25,18,19,14,1696,2,1,2,19,16,16,16,320,80,11,2,""
"coursesOld/both/LK7GWtaA6jxJngGjb_inv4.als",true,false,false,18,44,28,45,34,3936,2,5,2,27,20,20,20,464,176,16,2,""
"coursesOld/both/Lbphi7XQuHnh4wiAt_inv9.als",true,false,false,21,57,30,51,28,3264,2,4,2,33,27,27,27,624,144,21,2,""
"coursesOld/both/MDsKigmBCaTkZ47bt_inv1.als",true,false,false,11,33,21,28,23,2704,2,2,2,20,16,16,16,352,112,12,2,""
"coursesOld/both/Mgzyahbw9wvYossk7_inv9.als",true,false,false,41,88,33,83,60,6848,2,5,2,59,52,52,52,1808,176,60,2,""
"coursesOld/both/NcYSiNJjYeJcFwDGH_inv7.als",true,false,false,8,39,25,38,22,2592,2,4,2,20,14,14,14,248,136,8,2,""
"coursesOld/both/PFnzsCDuQtBb755PZ_inv7.als",true,false,false,12,46,26,44,24,2816,2,4,2,26,24,25,20,616,136,20,2,""
"coursesOld/both/PdhrJoM2PrSJScX3s_inv9.als",true,false,false,21,63,30,57,34,3936,2,4,2,33,27,27,27,624,144,21,2,""
"coursesOld/both/PmAW5LZuKdyCJjSvT_inv7.als",true,false,false,11,48,29,46,26,3040,2,4,2,26,20,20,20,616,136,20,2,""
"coursesOld/both/QQvZLK9H5uRTghWbA_inv15.als",true,false,false,47,90,37,94,58,6624,2,7,2,68,59,60,59,2000,208,63,2,""
"coursesOld/both/QSz9hek8jtjeZu7sx_inv15.als",true,false,false,42,138,45,147,87,9872,2,10,2,99,87,88,87,10216,1336,268,3,""
"coursesOld/both/QqmZnjL3bMzFfLaPN_inv3.als",true,false,false,12,35,22,29,24,2816,2,2,2,21,17,17,17,352,112,12,2,""
"coursesOld/both/QrvhZSSfzMp9M4KZg_inv7.als",true,false,false,9,38,25,35,22,2592,2,3,2,21,16,16,16,336,96,11,2,""
"coursesOld/both/QxJfuXyci4ahg9xnA_inv13.als",true,false,false,13,73,35,70,40,4608,2,4,2,50,44,44,44,2952,256,91,4,""
"coursesOld/both/RKBbMH3oyAKpM7mu4_inv7.als",true,false,false,17,46,26,44,24,2816,2,4,2,30,24,24,24,616,136,20,2,""
"coursesOld/both/RNKn7BbgDJbYsacHR_inv15.als",true,false,false,34,127,43,132,74,8416,2,10,2,88,76,77,76,7880,1056,208,3,""
"coursesOld/both/RaJvPeXXeH45wwSWD_inv9.als",true,false,false,33,77,33,72,49,5616,2,5,2,51,44,44,44,1328,176,44,2,""
"coursesOld/both/RqSybnhjBzbWWdYAp_inv14.als",true,false,false,23,61,29,58,33,3824,2,5,2,51,44,45,44,2232,256,68,3,""
"coursesOld/both/Rs5tgsWBeR9xQbQmY_inv5.als",true,false,false,15,50,28,46,27,3152,2,3,2,40,35,35,35,5552,176,167,8,""
"coursesOld/both/SubYNZGWvPjGTTjeX_inv1.als",true,false,false,7,28,19,21,16,1920,2,1,2,16,13,13,13,256,80,9,2,""
"coursesOld/both/SvqwoPrXm88RTMNHe_inv9.als",true,false,false,23,68,31,61,38,4384,2,4,2,36,30,30,30,688,144,23,2,""
"coursesOld/both/Sw7QhZNeofkfuxZjd_inv14.als",true,false,false,23,56,27,54,29,3376,2,5,2,49,42,43,42,2104,256,64,3,""
"coursesOld/both/T33gavjStCjorZEQ8_inv8.als",true,false,false,14,43,26,40,25,2928,2,3,2,26,21,21,21,592,112,20,2,""
"coursesOld/both/TaH75xgdrDcbCftcY_inv8.als",true,false,false,8,35,22,26,17,2032,2,1,2,22,19,19,19,816,176,25,3,""
"coursesOld/both/WuieNSrxd3AdGM4Qw_inv9.als",true,false,false,13,52,27,41,25,2928,2,2,2,29,25,25,25,480,80,17,2,""
"coursesOld/both/XBCTMehrYp6gC2WX8_inv1.als",true,false,false,5,25,18,19,14,1696,2,1,2,15,12,12,12,256,80,9,2,""
"coursesOld/both/XuNKvKhSJwFGxX4nH_inv9.als",true,false,false,52,95,39,86,63,7184,2,5,2,68,61,61,61,2032,176,70,2,""
"coursesOld/both/Ysr6E5TdFZfhRSQZi_inv9.als",true,false,false,26,67,32,63,40,4608,2,5,2,37,30,30,30,720,176,24,2,""
"coursesOld/both/ZxE5n9D6LAjrihMBP_inv7.als",true,false,false,4,43,25,39,22,2592,2,3,2,24,19,19,19,992,176,30,3,""
"coursesOld/both/a98TBeynfwh7Su4gC_inv9.als",true,false,false,28,69,32,62,39,4496,2,4,2,44,38,38,38,1168,144,39,2,""
"coursesOld/both/acLLoFGt5pLzWvxx8_inv9.als",true,false,false,32,58,30,50,39,4496,2,3,2,48,43,43,43,1392,112,48,2,""
"coursesOld/both/arWdMaiL8ETmbq2ZR_inv1.als",true,false,false,10,30,21,24,19,2256,2,1,2,19,16,16,16,320,80,11,2,""
"coursesOld/both/bDdjj8SDNHfjccAG7_inv14.als",true,false,false,22,55,28,52,27,3152,2,5,2,46,39,40,39,1800,256,54,3,""
"coursesOld/both/bq4DGtmEHyMiBDW8L_inv4.als",true,false,false,5,33,23,32,21,2480,2,3,2,16,11,11,11,272,112,10,2,""
"coursesOld/both/cDjavECh2odDQswMr_inv11.als",true,false,false,12,44,27,40,24,2816,2,3,2,25,20,20,20,480,112,16,2,""
"coursesOld/both/cEdtdkf7Rc3tJG6fZ_inv14.als",true,false,false,28,67,31,66,41,4720,2,7,2,53,44,45,44,2840,408,82,3,""
"coursesOld/both/cWEo7aHS8ZW6zSqRx_inv3.als",true,false,false,17,41,23,38,33,3824,2,3,2,26,21,21,21,448,144,15,2,""
"coursesOld/both/cetkmy4G9dABeSuEZ_inv7.als",true,false,false,16,53,30,52,32,3712,2,5,2,32,25,25,25,784,176,25,2,""
"coursesOld/both/cq8jRqfBXoCvAGFhQ_inv9.als",true,false,false,23,69,31,58,35,4048,2,3,2,40,35,35,35,1040,112,36,2,""
"coursesOld/both/cwuyq2vX9s8KXiP84_inv9.als",true,false,false,28,69,33,65,42,4832,2,5,2,41,34,34,34,1024,176,34,2,""
"coursesOld/both/dt7wXd6iuPWGb2caj_inv13.als",true,false,false,12,76,36,74,44,5056,2,4,2,49,43,43,43,2824,256,87,4,""
"coursesOld/both/fFkqbZowuq3kvCXLR_inv1.als",true,false,false,11,35,22,30,25,2928,2,2,2,20,16,16,16,352,112,12,2,""
"coursesOld/both/fotDCdztRyN6YcL8p_inv14.als",true,false,false,22,59,29,56,31,3600,2,5,2,51,44,45,44,2440,256,73,4,""
"coursesOld/both/fsjBeqAAPJukpz5JC_inv12.als",true,false,false,14,55,29,55,37,4272,2,5,2,26,19,19,19,400,176,13,2,""
"coursesOld/both/ftgPsHxASucda3rxb_inv4.als",true,false,false,11,42,26,42,31,3600,2,4,2,21,20,21,15,368,144,13,2,""
"coursesOld/both/gPwvdkePw3tEYpkE4_inv6.als",true,false,false,16,48,25,43,27,3152,2,3,2,28,23,23,23,480,112,16,2,""
"coursesOld/both/gmfombLSTZaZTjyXQ_inv6.als",true,false,false,34,51,27,48,45,5168,2,5,2,47,40,40,40,544,176,18,2,""
"coursesOld/both/hrDAWsiquHgkCig4i_inv13.als",true,false,false,12,76,36,74,44,5056,2,4,2,49,43,43,43,2824,256,87,4,""
"coursesOld/both/iDwzPCzGWbxGx7Jsz_inv9.als",true,false,false,23,60,32,54,31,3600,2,4,2,36,30,30,30,688,144,23,2,""
"coursesOld/both/ih3S6BgkzxArGxJuH_inv7.als",true,false,false,22,62,32,61,41,4720,2,5,2,37,30,30,30,912,176,29,2,""
"coursesOld/both/iifbCa6fJ727vjoSd_inv2.als",true,false,false,12,33,23,27,22,2592,2,1,2,21,18,18,18,384,80,13,2,""
"coursesOld/both/im4nX2edGGk7RbAFS_inv11.als",true,false,false,16,47,26,39,23,2704,2,2,2,25,21,21,21,320,80,11,2,""
"coursesOld/both/kMLMyuuLh7HQ3G6bg_inv7.als",true,false,false,25,71,31,70,50,5728,2,6,2,39,31,31,31,1080,216,34,2,""
"coursesOld/both/mCLLsBGPz2wsSFgWT_inv9.als",true,false,false,9,58,27,46,25,2928,2,2,2,32,28,28,28,1104,176,34,3,""
"coursesOld/both/nNz9f7zAesWryrFTy_inv12.als",true,false,false,14,54,29,54,36,4160,2,5,2,26,19,19,19,400,176,13,2,""
"coursesOld/both/neoFkLEbW3qnjF9NM_inv9.als",true,false,false,35,71,33,65,42,4832,2,5,2,47,40,40,40,1104,176,36,2,""
"coursesOld/both/ny4kLqpLkEX8zZX3F_inv1.als",true,false,false,11,35,22,30,25,2928,2,2,2,20,16,16,16,352,112,12,2,""
"coursesOld/both/pQsi9NM7vQPWmznfT_inv12.als",true,false,false,17,56,29,55,37,4272,2,5,2,30,23,23,23,464,176,15,2,""
"coursesOld/both/qYAD2RogCXf2EQocn_inv9.als",true,false,false,22,68,32,62,39,4496,2,4,2,36,30,30,30,688,144,23,2,""
"coursesOld/both/rbJ8S4kLFEbjccqXN_inv9.als",true,false,false,19,57,30,50,27,3152,2,3,2,34,29,30,29,816,112,28,2,""
"coursesOld/both/rnvTd8yFnRXDPB3Bc_inv12.als",true,false,false,17,56,29,55,37,4272,2,5,2,30,23,23,23,464,176,15,2,""
"coursesOld/both/sQ7oBtaRWWLcyfkFn_inv8.als",true,false,false,7,28,19,22,17,2032,2,1,2,18,15,15,15,288,48,10,2,""
"coursesOld/both/sk4hkR8cScWXYSKCL_inv6.als",true,false,false,6,38,23,35,19,2256,2,3,2,20,15,15,15,352,112,12,2,""
"coursesOld/both/tuuGdRfAkYyYHqY8Q_inv4.als",true,false,false,15,42,26,42,31,3600,2,4,2,26,20,20,20,432,144,15,2,""
"coursesOld/both/u9fcrsC8NyNF5ivYq_inv9.als",true,false,false,23,67,32,60,37,4272,2,4,2,40,34,34,34,944,144,31,2,""
"coursesOld/both/uFKuAMRp3tNF96Mwx_inv9.als",true,false,false,21,58,30,50,27,3152,2,3,2,34,29,29,29,704,112,24,2,""
"coursesOld/both/uReNSGmTRRrfGPsEh_inv5.als",true,false,false,20,56,30,50,27,3152,2,3,2,40,35,35,35,1728,176,54,3,""
"coursesOld/both/uXM4vMYa7bE6JGBhG_inv9.als",true,false,false,23,70,31,64,41,4720,2,4,2,39,33,33,33,976,144,33,2,""
"coursesOld/both/vjScKFyDeSuEphJGs_inv10.als",true,false,false,22,37,23,31,33,3824,2,2,2,31,27,28,27,352,112,12,2,""
"coursesOld/both/w7LjQAhaCctwDsomX_inv13.als",true,false,false,9,64,31,63,33,3824,2,4,2,43,37,37,37,2216,176,68,4,""
"coursesOld/both/wHCHXeqLhg22Grcb4_inv9.als",true,false,false,18,47,26,40,25,2928,2,3,2,27,22,22,22,272,112,10,2,""
"coursesOld/both/xpubJ4YbjbLPYPrAu_inv6.als",true,false,false,19,58,30,55,39,4496,2,4,2,32,26,26,26,640,144,21,2,""
"coursesOld/both/xvsemAKC28q5aPHGS_inv5.als",true,false,false,12,53,27,47,27,3152,2,3,2,41,36,36,36,5904,176,179,8,""
"coursesOld/both/yfSDtmrhur8v7hAJg_inv4.als",true,false,false,3,26,20,24,13,1584,2,2,2,14,10,10,10,192,80,7,2,""
"coursesOld/both/yh3rp3MavmXnd5ns8_inv9.als",true,false,false,23,61,33,56,33,3824,2,4,2,36,30,30,30,688,144,23,2,""
"coursesOld/both/zB7H9XmWwTfvP4wwy_inv13.als",true,false,false,20,74,36,76,46,5280,2,5,2,47,40,40,40,2080,176,66,3,""
"coursesOld/both/zMPt3KcwjTcTExmRQ_inv6.als",true,false,false,21,58,28,55,39,4496,2,4,2,33,27,27,27,512,144,17,2,""
"coursesOld/both/zXzhPwTJvQNgGCey9_inv6.als",true,false,false,11,43,25,36,20,2368,2,2,2,25,21,21,21,448,80,15,2,""
"coursesOld/both/zw8MBLBiu5u6Jv76w_inv9.als",true,false,false,21,55,31,49,26,3040,2,4,2,33,27,27,27,624,144,21,2,""
"coursesOld/correct/23Ev6sdTEmeupyMwH_inv2.als",true,false,false,7,21,15,13,8,1024,2,0,2,15,13,13,13,224,48,8,2,""
"coursesOld/correct/2gQ4xiA5pAc9nT3bG_inv2.als",true,false,false,11,35,21,30,25,2928,2,2,2,20,16,16,16,352,112,12,2,""
"coursesOld/correct/7JMCKdCSyrcthHdZc_inv4.als",true,false,false,5,33,23,32,21,2480,2,3,2,16,11,11,11,272,112,10,2,""
"coursesOld/correct/9uKNpc6AxpHAHBWts_inv2.als",true,false,false,11,33,21,28,23,2704,2,2,2,20,16,16,16,352,112,12,2,""
"coursesOld/correct/AKfA78TSm7NBAqKnd_inv2.als",true,false,false,11,33,21,28,23,2704,2,2,2,20,16,16,16,352,112,12,2,""
"coursesOld/correct/AxEMSgvWuEt8wxGkZ_inv1.als",true,false,false,13,36,24,30,25,2928,2,2,2,21,17,17,17,352,112,12,2,""
"coursesOld/correct/C7fcthTgaMZsREWdT_inv1.als",true,false,false,11,35,21,30,25,2928,2,2,2,20,16,16,16,352,112,12,2,""
"coursesOld/correct/CenkLyy9d4Hs2NqRZ_inv5.als",true,false,false,14,57,31,54,29,3376,2,4,2,42,36,36,36,5944,176,180,8,""
"coursesOld/correct/Cnoi6hzMFcWvmnv4F_inv4.als",true,false,false,6,23,17,18,13,1584,2,1,2,14,11,11,11,208,48,8,2,""
"coursesOld/correct/EgaH8kbH4zoHqZjS6_inv2.als",true,false,false,4,20,14,12,7,912,2,0,2,14,12,12,12,224,48,8,2,""
"coursesOld/correct/EuKuzvxyRs924yB2g_inv1.als",true,false,false,13,35,22,29,24,2816,2,2,2,22,18,18,18,352,112,12,2,""
"coursesOld/correct/F8Xc5KqBAAcjH7dM7_inv10.als",true,false,false,4,26,17,16,9,1136,2,0,2,17,15,15,15,288,48,10,2,""
"coursesOld/correct/FApHGmDPXb54HjXkn_inv3.als",true,false,false,6,23,17,18,13,1584,2,1,2,14,11,11,11,256,80,9,2,""
"coursesOld/correct/FmE4CXEA6M5yY8PTh_inv10.als",true,false,false,9,27,17,17,10,1248,2,0,2,17,15,15,15,224,48,8,2,""
"coursesOld/correct/FtjQZ6dyqt6nLib5Q_inv1.als",true,false,false,12,28,20,21,16,1920,2,1,2,21,18,18,18,320,80,11,2,""
"coursesOld/correct/GWq2NFcht7uaBLkug_inv3.als",true,false,false,6,23,17,18,13,1584,2,1,2,14,11,11,11,256,80,9,2,""
"coursesOld/correct/Hi6oAKp2cvnNBNZFj_inv4.als",true,false,false,5,33,23,32,21,2480,2,3,2,16,11,11,11,272,112,10,2,""
"coursesOld/correct/J4zTn5yLMpPhyTztY_inv1.als",true,false,false,11,35,21,30,25,2928,2,2,2,20,16,16,16,352,112,12,2,""
"coursesOld/correct/JJamB3dcHvuyE7GTp_inv1.als",true,false,false,11,33,21,28,23,2704,2,2,2,20,16,16,16,352,112,12,2,""
"coursesOld/correct/JSyfv8wRQZDufxryK_inv3.als",true,false,false,6,23,17,18,13,1584,2,1,2,14,11,11,11,256,80,9,2,""
"coursesOld/correct/JiLvwxBPRyY7CA2pL_inv1.als",true,false,false,11,33,21,28,23,2704,2,2,2,20,16,16,16,352,112,12,2,""
"coursesOld/correct/KrmN2pFG3xRJed8sZ_inv5.als",true,false,false,16,71,32,71,46,5280,2,6,2,53,45,45,45,10920,304,314,12,""
"coursesOld/correct/LThkZj7upfGDP6jFm_inv2.als",true,false,false,10,28,20,22,17,2032,2,1,2,18,15,15,15,320,80,11,2,""
"coursesOld/correct/MBp6XaHkd4x6SHEMM_inv4.als",true,false,false,5,29,22,26,15,1808,2,2,2,16,12,12,12,192,80,7,2,""
"coursesOld/correct/MQSuHsFsLyQEmFqzt_inv2.als",true,false,false,4,20,14,12,7,912,2,0,2,14,12,12,12,224,48,8,2,""
"coursesOld/correct/NCtGTHhnyoaXXMdMs_inv12.als",true,false,false,10,32,21,27,20,2368,2,2,2,18,14,14,14,216,56,8,2,""
"coursesOld/correct/PvY5TP6u3yFSaHZ7x_inv5.als",true,false,false,14,57,31,54,29,3376,2,4,2,42,36,36,36,5944,176,180,8,""
"coursesOld/correct/RakPhBuLdRgeCPwEc_inv1.als",true,false,false,4,20,14,12,7,912,2,0,2,14,12,12,12,224,48,8,2,""
"coursesOld/correct/Rpoq7Yf7cmkwicnMa_inv5.als",true,false,false,10,60,29,56,31,3600,2,4,2,48,42,42,42,8440,176,252,12,""
"coursesOld/correct/SKiTPeCd5mXDEetdL_inv4.als",true,false,false,5,33,23,32,21,2480,2,3,2,16,11,11,11,272,112,10,2,""
"coursesOld/correct/SPzZZ7bDCmGrK7G88_inv1.als",true,false,false,7,21,15,13,8,1024,2,0,2,15,13,13,13,224,48,8,2,""
"coursesOld/correct/STYc7M435cm96Cygs_inv2.als",true,false,false,13,31,21,26,21,2480,2,2,2,22,18,18,18,352,112,12,2,""
"coursesOld/correct/Sj2ZREnCh7mGKANqw_inv1.als",true,false,false,11,35,21,30,25,2928,2,2,2,20,16,16,16,352,112,12,2,""
"coursesOld/correct/SrtYDFtro4LeatuDz_inv1.als",true,false,false,11,33,21,28,23,2704,2,2,2,20,16,16,16,352,112,12,2,""
"coursesOld/correct/T7ESXjnSe3dwLKhjd_inv1.als",true,false,false,25,44,25,36,31,3600,2,2,2,34,30,30,30,352,112,12,2,""
"coursesOld/correct/THg3P4Hy39qDWQr4W_inv1.als",true,false,false,11,33,21,28,23,2704,2,2,2,20,16,16,16,352,112,12,2,""
"coursesOld/correct/TcBJGeahTAN4rdL6T_inv2.als",true,false,false,10,28,20,22,17,2032,2,1,2,18,15,15,15,320,80,11,2,""
"coursesOld/correct/TnFHgfSuAXYLw5Pep_inv2.als",true,false,false,7,21,15,13,8,1024,2,0,2,15,13,13,13,224,48,8,2,""
"coursesOld/correct/WpXSduWzv9Ze4dB2L_inv5.als",true,false,false,16,71,32,71,46,5280,2,6,2,53,45,45,45,10920,304,314,12,""
"coursesOld/correct/XYXsejxr64TtibjEv_inv10.als",false,true,false,-1,26,0,0,0,0,0,0,0,0,0,0,0,0,0,0,0,""
"coursesOld/correct/YfCukusLT6wpPJJRx_inv10.als",true,false,false,2,31,20,23,16,1920,2,1,2,17,14,14,14,256,80,9,2,""
"coursesOld/correct/YsAEytvCJrHipKgbq_inv3.als",true,false,false,4,25,18,19,14,1696,2,1,2,15,12,12,12,256,80,9,2,""
"coursesOld/correct/b9d2udtgfwzMYeNkW_inv4.als",false,true,false,-1,26,0,0,0,0,0,0,0,0,0,0,0,0,0,0,0,""
"coursesOld/correct/cFgXHNwFYNJsBdreA_inv2.als",false,true,false,-1,20,0,0,0,0,0,0,0,0,0,0,0,0,0,0,0,""
"coursesOld/correct/cfsoLKto2b54mYZhf_inv9.als",true,false,false,35,61,32,56,33,3824,2,5,2,47,40,40,40,1104,176,36,2,""
"coursesOld/correct/ec8H9gxqQMT7qQXTt_inv5.als",true,false,false,20,47,25,40,27,3152,2,2,2,36,32,32,32,1560,176,49,3,""
"coursesOld/correct/gT72Pv74onivrBzJy_inv1.als",true,false,false,4,20,14,12,7,912,2,0,2,14,12,12,12,224,48,8,2,""
"coursesOld/correct/giNNkdE2WhpohkXj9_inv4.als",false,true,false,-1,26,0,0,0,0,0,0,0,0,0,0,0,0,0,0,0,""
"coursesOld/correct/hTovYGXvoSDvrhzki_inv1.als",true,false,false,4,20,14,12,7,912,2,0,2,14,12,12,12,224,48,8,2,""
"coursesOld/correct/huciP8pzn8MdbrWub_inv2.als",true,false,false,7,27,19,20,15,1808,2,1,2,16,13,13,13,256,80,9,2,""
"coursesOld/correct/ii6aprHu8sTHtM9yj_inv1.als",true,false,false,11,33,21,28,23,2704,2,2,2,20,16,16,16,352,112,12,2,""
"coursesOld/correct/kGaqv6m2CXhKAB4Di_inv1.als",true,false,false,11,35,21,30,25,2928,2,2,2,20,16,16,16,352,112,12,2,""
"coursesOld/correct/myvgnjxyqFZBz3SGK_inv2.als",true,false,false,9,24,17,15,10,1248,2,0,2,17,15,15,15,224,48,8,2,""
"coursesOld/correct/mzL8ZeANGgdiyA8Sw_inv5.als",true,false,false,19,65,32,64,39,4496,2,5,2,45,38,38,38,6784,256,201,8,""
"coursesOld/correct/oTPwiyzJZeLrJwWQM_inv2.als",true,false,false,10,28,20,22,17,2032,2,1,2,18,15,15,15,320,80,11,2,""
"coursesOld/correct/ohCTEz6thtvGmitPg_inv10.als",true,false,false,2,31,20,23,16,1920,2,1,2,17,14,14,14,256,80,9,2,""
"coursesOld/correct/pGNvX8g3Ad8vMCYrH_inv10.als",true,false,false,2,31,20,23,16,1920,2,1,2,17,14,14,14,256,80,9,2,""
"coursesOld/correct/pyonoJbeMJX8YCqnM_inv2.als",true,false,false,5,20,13,12,7,912,2,0,2,14,12,12,12,224,48,8,2,""
"coursesOld/correct/qRRYyJ5EMdzzNmEbJ_inv2.als",true,false,false,13,34,23,29,24,2816,2,2,2,21,17,17,17,352,112,12,2,""
"coursesOld/correct/r74wsoRhPpqTyHKhz_inv10.als",false,true,false,-1,26,0,0,0,0,0,0,0,0,0,0,0,0,0,0,0,""
"coursesOld/correct/rRQK4iSN9twgbKgBN_inv5.als",true,false,false,20,37,21,32,27,3152,2,2,2,29,25,25,25,296,56,10,2,""
"coursesOld/correct/spB5iEKy2CehxYyH2_inv4.als",true,false,false,5,33,23,32,21,2480,2,3,2,16,11,11,11,272,112,10,2,""
"coursesOld/correct/tyvuLQPqwrnJpseMS_inv4.als",true,false,false,5,33,23,32,21,2480,2,3,2,16,11,11,11,272,112,10,2,""
"coursesOld/correct/uTRBfNjtEGsMiNtLF_inv11.als",true,false,false,14,48,27,43,27,3152,2,3,2,27,22,22,22,480,112,16,2,""
"coursesOld/correct/uaddssx4Ft7Ymnnbq_inv11.als",true,false,false,3,42,25,35,19,2256,2,2,2,23,19,19,19,448,80,15,2,""
"coursesOld/correct/v5WqYq63653hrSX7e_inv1.als",true,false,false,11,33,21,28,23,2704,2,2,2,20,16,16,16,352,112,12,2,""
"coursesOld/correct/vZ9fuvBk8BauN5owb_inv2.als",true,false,false,11,35,21,30,25,2928,2,2,2,20,16,16,16,352,112,12,2,""
"coursesOld/correct/vrtmgAr3s7jAieMQv_inv10.als",true,false,false,4,26,16,16,9,1136,2,0,2,16,14,14,14,224,48,8,2,""
"coursesOld/correct/wNF2QaBwcGXsAbXp7_inv1.als",true,false,false,11,33,21,28,23,2704,2,2,2,20,16,16,16,352,112,12,2,""
"coursesOld/correct/wSxpA99Em8fFAbkHB_inv4.als",true,false,false,5,33,23,32,21,2480,2,3,2,16,11,11,11,272,112,10,2,""
"coursesOld/correct/whBqc9CXz7GGS6biT_inv1.als",true,false,false,4,20,14,12,7,912,2,0,2,14,12,12,12,224,48,8,2,""
"coursesOld/correct/wsqpRSjKymhjDZ27m_inv7.als",true,false,false,25,67,31,66,46,5280,2,6,2,42,34,34,34,1144,216,36,2,""
"coursesOld/correct/xLeE64L3ArWxKqJ56_inv1.als",true,false,false,11,33,21,28,23,2704,2,2,2,20,16,16,16,352,112,12,2,""
"coursesOld/correct/yGW4cHts4dQoZbLRW_inv10.als",true,false,false,14,42,24,37,30,3488,2,3,2,23,18,18,18,384,144,13,2,""
"coursesOld/correct/zdpDJocfmxkjevXG8_inv1.als",true,false,false,6,25,18,19,14,1696,2,1,2,15,12,12,12,256,80,9,2,""
"coursesOld/over/6NNjFvYpqwCdGmphe_inv1.als",true,false,false,10,25,18,19,14,1696,2,1,2,19,16,16,16,320,80,11,2,""
"coursesOld/over/8t3k2gpfWPc83mgvD_inv12.als",true,false,false,21,60,32,63,45,5168,2,7,2,34,25,25,25,544,256,17,2,""
"coursesOld/over/BET6xP2djQHGLcevL_inv3.als",true,false,false,5,25,18,19,14,1696,2,1,2,15,12,12,12,256,80,9,2,""
"coursesOld/over/CE436FBZ2Cewv6hsj_inv3.als",true,false,false,6,30,20,26,21,2480,2,2,2,16,12,12,12,288,112,10,2,""
"coursesOld/over/CfRkHsq53avdGmbBC_inv1.als",true,false,false,11,33,21,29,24,2816,2,2,2,20,16,16,16,352,112,12,2,""
"coursesOld/over/DRXRZ2XQNhKxNbRKm_inv6.als",true,false,false,7,37,22,32,18,2144,2,2,2,21,17,17,17,448,80,15,2,""
"coursesOld/over/DZo3g3xqoBMqpPNKc_inv9.als",true,false,false,49,71,32,66,62,7072,2,5,2,68,61,61,61,2256,176,78,2,""
"coursesOld/over/DeEYzguKKgdX2gpZM_inv9.als",true,false,false,20,59,29,53,30,3488,2,4,2,33,27,27,27,624,144,21,2,""
"coursesOld/over/EeLAmkfMXorMhD6ye_inv3.als",true,false,false,7,30,20,26,21,2480,2,2,2,16,12,12,12,288,112,10,2,""
"coursesOld/over/GJXcgRiD6NetkkbEX_inv7.als",true,false,false,41,81,33,82,62,7072,2,7,2,56,47,47,47,1120,256,35,2,""
"coursesOld/over/Gp6SAw5iAuR8Mg2wW_inv3.als",true,false,false,6,30,20,26,21,2480,2,2,2,16,12,12,12,288,112,10,2,""
"coursesOld/over/JLi7f9GgHQqzpZ5Sf_inv5.als",true,false,false,16,71,31,71,46,5280,2,6,2,53,45,45,45,10920,304,314,12,""
"coursesOld/over/PNbiQ4wMdZ4mFh6wp_inv3.als",true,false,false,5,25,18,19,14,1696,2,1,2,15,12,12,12,256,80,9,2,""
"coursesOld/over/QhxTbkWnR9y7eB2Bh_inv3.als",true,false,false,18,40,24,34,29,3376,2,2,2,27,23,23,23,352,112,12,2,""
"coursesOld/over/YfJc8cchF9W2BurtB_inv1.als",true,false,false,9,30,20,23,18,2144,2,1,2,19,16,16,16,320,80,11,2,""
"coursesOld/over/YjjwmwGCfzgG9uQd7_inv3.als",true,false,false,7,30,20,26,21,2480,2,2,2,16,12,12,12,288,112,10,2,""
"coursesOld/over/Zn35LZxMk2vySMZHN_inv4.als",true,false,false,5,25,17,19,13,1584,2,1,2,15,12,12,12,208,48,8,2,""
"coursesOld/over/euauGEoHmYSteMQtH_inv3.als",true,false,false,5,20,14,12,7,912,2,0,2,14,12,12,12,224,48,8,2,""
"coursesOld/over/g2D8MNMzMDe2F8bXj_inv9.als",true,false,false,21,55,31,50,27,3152,2,5,2,34,27,27,27,656,176,22,2,""
"coursesOld/over/gEBwR5SHmD9xzocoq_inv15.als",true,false,false,40,94,33,99,58,6624,2,6,2,68,60,61,60,3824,464,105,3,""
"coursesOld/over/jD8KGcm28DQ6BMcGx_inv3.als",true,false,false,5,25,18,19,14,1696,2,1,2,15,12,12,12,256,80,9,2,""
"coursesOld/over/ovegfva2v7zkXiFfT_inv3.als",true,false,false,11,35,22,31,26,3040,2,2,2,20,16,16,16,352,112,12,2,""
"coursesOld/over/pSzTNHib9CKKjuWd2_inv3.als",true,false,false,6,30,20,26,21,2480,2,2,2,16,12,12,12,288,112,10,2,""
"coursesOld/over/piJiAWhWN4BPD2Mn7_inv4.als",true,false,false,14,37,19,27,16,1920,2,1,2,23,20,20,20,208,48,8,2,""
"coursesOld/over/qQj9KinQtTj2vKYS5_inv1.als",true,false,false,5,20,14,12,7,912,2,0,2,14,12,12,12,224,48,8,2,""
"coursesOld/over/qbaRR5Rj6823cyEx2_inv12.als",true,false,false,10,32,21,27,20,2368,2,2,2,18,14,14,14,216,56,8,2,""
"coursesOld/over/rgGofRyutkLSKsJLe_inv3.als",true,false,false,1,20,14,12,7,912,2,0,2,14,12,12,12,224,48,8,2,""
"coursesOld/over/tLa756BxfLoL8zjBN_inv4.als",true,false,false,37,58,27,58,47,5392,2,5,2,46,39,39,39,400,176,14,2,""
"coursesOld/over/u3nnuK7x2zMat9NKM_inv3.als",true,false,false,6,30,20,26,21,2480,2,2,2,16,12,12,12,288,112,10,2,""
"coursesOld/over/uWuYZ3vwN9AHwgXrd_inv15.als",true,false,false,30,94,38,99,58,6624,2,8,2,81,71,72,71,5968,656,163,3,""
"coursesOld/over/v9sS33yynNzvPR57o_inv3.als",true,false,false,1,20,14,12,7,912,2,0,2,14,12,12,12,224,48,8,2,""
"coursesOld/over/yvHCdPJDEcqchAYXe_inv3.als",true,false,false,1,20,14,12,7,912,2,0,2,14,12,12,12,224,48,8,2,""
"coursesOld/under/2ErrMTaweHZnbDbQq_inv4.als",true,false,false,5,33,23,32,21,2480,2,3,2,16,11,11,11,272,112,10,2,""
"coursesOld/under/2rFLpYadXbeDCc6ME_inv12.als",true,false,false,13,47,27,45,27,3152,2,4,2,26,20,20,20,360,136,12,2,""
"coursesOld/under/3sfxbTwyyYTB2qsAm_inv5.als",true,false,false,16,56,29,54,29,3376,2,4,2,40,34,34,34,2936,176,89,5,""
"coursesOld/under/4TT66bQvjpn37trtM_inv10.als",true,false,false,5,18,12,12,9,1136,2,0,2,13,11,11,11,160,48,6,2,""
"coursesOld/under/5fdizJuvx9qcdHtbF_inv12.als",true,false,false,13,48,27,46,28,3264,2,4,2,25,19,19,19,360,136,12,2,""
"coursesOld/under/89rd6A7sQALuCpBL7_inv12.als",true,false,false,14,50,29,48,30,3488,2,4,2,26,20,20,20,360,136,12,2,""
"coursesOld/under/8j9er83HoRqmCtEFf_inv10.als",true,false,false,9,27,17,17,10,1248,2,0,2,17,15,15,15,224,48,8,2,""
"coursesOld/under/97LWiP2x38wjcsGFC_inv8.als",true,false,false,12,45,27,42,27,3152,2,3,2,26,21,21,21,592,112,20,2,""
"coursesOld/under/9Y2q4RA4LzLjPgLv4_inv8.als",true,false,false,11,35,23,31,17,2032,2,2,2,20,16,16,16,240,80,9,2,""
"coursesOld/under/AemdwS8F7GBcNCzo2_inv4.als",true,false,false,1,26,20,24,13,1584,2,2,2,14,10,10,10,192,80,7,2,""
"coursesOld/under/B6vg6pcQkoEndCdJJ_inv7.als",true,false,false,1,44,26,42,22,2592,2,4,2,24,18,18,18,1032,176,31,3,""
"coursesOld/under/BBmWh8ijveSSEmpZX_inv6.als",true,false,false,1,40,22,34,18,2144,2,2,2,22,18,18,18,448,80,15,2,""
"coursesOld/under/BCaepDFQG2S8tzn5S_inv11.als",true,false,false,7,36,23,31,18,2144,2,2,2,19,15,15,15,320,80,11,2,""
"coursesOld/under/DdpDmcf6pZFCN8T5B_inv12.als",true,false,false,12,45,27,44,26,3040,2,4,2,24,18,18,18,360,136,12,2,""
"coursesOld/under/ErCbCQNDRSb9CCAQ2_inv9.als",true,false,false,33,71,33,65,42,4832,2,5,2,47,40,40,40,1104,176,36,2,""
"coursesOld/under/FMAwGFJKwcj5A86cx_inv6.als",true,false,false,1,40,22,34,18,2144,2,2,2,22,18,18,18,448,80,15,2,""
"coursesOld/under/GmAoA4s8iwWN9X8wa_inv12.als",true,false,false,15,43,26,42,24,2816,2,4,2,26,20,20,20,360,136,12,2,""
"coursesOld/under/HHMWtG2Q6TjPzsZ9j_inv6.als",true,false,false,1,40,22,34,18,2144,2,2,2,22,18,18,18,448,80,15,2,""
"coursesOld/under/Ht9PWztGQRtTu8Ejf_inv5.als",true,false,false,20,47,27,46,27,3152,2,4,2,31,25,25,25,376,136,12,2,""
"coursesOld/under/J46Tn4NFBWJvrtWnc_inv5.als",true,false,false,20,45,27,41,27,3152,2,3,2,32,27,27,27,576,96,19,2,""
"coursesOld/under/JASjhTee9M68CzcBP_inv8.als",true,false,false,11,35,23,31,17,2032,2,2,2,20,16,16,16,240,80,9,2,""
"coursesOld/under/JQAQaX7agB39cQaLb_inv4.als",true,false,false,13,44,27,44,33,3824,2,4,2,23,17,17,17,368,144,13,2,""
"coursesOld/under/Kjx4JqdXorxoSLn42_inv8.als",true,false,false,10,32,22,29,17,2032,2,2,2,19,15,15,15,240,80,9,2,""
"coursesOld/under/LFPGeYhmHwZmvKMQA_inv6.als",true,false,false,23,58,29,55,39,4496,2,4,2,36,30,30,30,512,144,17,2,""
"coursesOld/under/LWZxdMu2dDesM3BaC_inv11.als",true,false,false,5,40,24,34,18,2144,2,2,2,22,18,18,18,448,80,15,2,""
"coursesOld/under/Mc8iqKCsvu3TnEySu_inv8.als",true,false,false,8,41,26,38,23,2704,2,3,2,24,19,19,19,1056,176,33,3,""
"coursesOld/under/MmkwfJMaNSNdZRqMH_inv8.als",true,false,false,14,45,27,42,27,3152,2,3,2,26,21,21,21,592,112,20,2,""
"coursesOld/under/NPZQgX2vbpNAPPTDH_inv7.als",true,false,false,2,44,26,42,22,2592,2,4,2,24,18,18,18,1032,176,31,3,""
"coursesOld/under/P7XqLF4XXm7Sbi5rT_inv6.als",true,false,false,1,40,22,34,18,2144,2,2,2,22,18,18,18,448,80,15,2,""
"coursesOld/under/PJAgBE4cRkAY3WqrM_inv1.als",true,false,false,7,30,19,26,21,2480,2,2,2,16,12,12,12,288,112,10,2,""
"coursesOld/under/PnA53aCMnbxsHMCPs_inv8.als",true,false,false,8,26,18,21,17,2032,2,1,2,17,14,14,14,160,48,6,2,""
"coursesOld/under/QiceenBa65pdzgZxa_inv8.als",true,false,false,10,36,23,32,17,2032,2,2,2,20,16,16,16,192,80,7,2,""
"coursesOld/under/Qp7tyMHrWyCABuKQm_inv9.als",true,false,false,29,76,32,69,46,5280,2,4,2,41,40,41,35,880,144,29,2,""
"coursesOld/under/RKFCWtXk5apuoFfP5_inv8.als",true,false,false,14,43,27,40,25,2928,2,3,2,26,21,21,21,592,112,20,2,""
"coursesOld/under/Rv5shxBNBRZkQGsfL_inv8.als",true,false,false,13,41,25,34,19,2256,2,2,2,23,19,19,19,368,80,13,2,""
"coursesOld/under/SoY3DFXk5j75mmGLF_inv4.als",true,false,false,16,42,26,42,31,3600,2,4,2,26,20,20,20,432,144,15,2,""
"coursesOld/under/WAEimR4ABJKaMtXCL_inv1.als",true,false,false,7,28,19,24,19,2256,2,2,2,16,12,12,12,288,112,10,2,""
"coursesOld/under/WSHHQfmyhBSvfHPzr_inv11.als",true,false,false,5,41,24,34,18,2144,2,2,2,22,18,18,18,448,80,15,2,""
"coursesOld/under/XDxPmf7Hb976B5AAL_inv5.als",true,false,false,20,52,28,50,27,3152,2,4,2,35,29,29,29,744,136,24,2,""
"coursesOld/under/XMJJw5D2MnspNkArw_inv6.als",true,false,false,1,40,22,34,18,2144,2,2,2,22,18,18,18,448,80,15,2,""
"coursesOld/under/XQKumkP6ftdpYDcXr_inv12.als",true,false,false,1,38,24,38,20,2368,2,4,2,18,12,12,12,248,136,8,2,""
"coursesOld/under/YkRG7LvHLofLGsGq3_inv9.als",true,false,false,14,50,26,40,25,2928,2,2,2,28,24,24,24,480,80,17,2,""
"coursesOld/under/ZqbTfnEEhCeNWJg2J_inv5.als",true,false,false,28,67,31,65,40,4608,2,4,2,49,43,43,43,1928,136,62,2,""
"coursesOld/under/av5RxcQinrDeJi2tw_inv6.als",true,false,false,1,40,22,34,18,2144,2,2,2,22,18,18,18,448,80,15,2,""
"coursesOld/under/bAR4cEbbANYwkfCMY_inv1.als",true,false,false,10,30,20,23,18,2144,2,1,2,19,16,16,16,320,80,11,2,""
"coursesOld/under/bYASRJjF5KSwHqHWW_inv9.als",true,false,false,29,77,33,68,45,5168,2,4,2,45,39,39,39,1072,144,35,2,""
"coursesOld/under/bsZQXgTyj7WGtCGPw_inv12.als",true,false,false,1,38,24,38,20,2368,2,4,2,18,12,12,12,248,136,8,2,""
"coursesOld/under/cGivHLyg6H3idMdBt_inv14.als",true,false,false,25,48,29,48,27,3152,2,5,2,42,35,36,35,1544,256,46,3,""
"coursesOld/under/cPuf7x8ezzoRK8Wno_inv5.als",true,false,false,20,43,25,40,27,3152,2,3,2,31,26,26,26,576,96,19,2,""
"coursesOld/under/dRDPxfbwBPtDj36yn_inv4.als",true,false,false,5,29,22,26,15,1808,2,2,2,16,12,12,12,192,80,7,2,""
"coursesOld/under/doXdXZpQkXRjJkyLe_inv11.als",true,false,false,15,43,25,39,23,2704,2,3,2,27,22,22,22,480,112,16,2,""
"coursesOld/under/eLa2LuDRswRzs28pk_inv5.als",true,false,false,14,62,31,56,31,3600,2,4,2,44,38,38,38,5944,176,180,8,""
"coursesOld/under/eWPJtAAv8tiqnQcyT_inv6.als",true,false,false,1,40,22,34,18,2144,2,2,2,22,18,18,18,448,80,15,2,""
"coursesOld/under/ejPgSEEY5RwoCcNMA_inv6.als",true,false,false,15,45,23,41,25,2928,2,3,2,27,22,22,22,480,112,16,2,""
"coursesOld/under/fHQAnZ4Z5359XFS6A_inv7.als",true,false,false,15,51,29,48,28,3264,2,4,2,30,24,24,24,616,136,20,2,""
"coursesOld/under/gv5vg8tGqAjQFNxrd_inv14.als",true,false,false,25,64,34,66,41,4720,2,7,2,53,44,45,44,2840,408,82,3,""
"coursesOld/under/hGcpKH7wTpmv9tZyz_inv12.als",true,false,false,2,38,24,38,20,2368,2,4,2,18,12,12,12,248,136,8,2,""
"coursesOld/under/hXYnGmkE5Twddz4KJ_inv13.als",true,false,false,24,79,38,82,52,5952,2,6,2,48,40,40,40,2168,216,69,3,""
"coursesOld/under/hYZM7pc4oYykHeRfn_inv12.als",true,false,false,19,54,30,54,36,4160,2,5,2,31,24,24,24,400,176,13,2,""
"coursesOld/under/hzL8sX9vQx7KanwzL_inv8.als",true,false,false,12,45,27,42,27,3152,2,3,2,26,21,21,21,592,112,20,2,""
"coursesOld/under/j7ZC8pwRWEsDmWS2Y_inv3.als",true,false,false,4,20,14,12,7,912,2,0,2,14,12,12,12,224,48,8,2,""
"coursesOld/under/kDh9EaTXE3uizdTPn_inv11.als",true,false,false,15,55,29,52,36,4160,2,4,2,29,23,23,23,512,144,17,2,""
"coursesOld/under/msifvo47dmkKrmrHG_inv12.als",true,false,false,17,52,29,52,34,3936,2,5,2,30,23,23,23,400,176,13,2,""
"coursesOld/under/nHmg4odtxpfECkPvw_inv2.als",true,false,false,11,33,20,28,23,2704,2,2,2,20,16,16,16,352,112,12,2,""
"coursesOld/under/nigrFEt4dDmqoALa5_inv13.als",true,false,false,21,73,35,75,45,5168,2,5,2,47,40,40,40,2128,176,68,3,""
"coursesOld/under/pefaAvp7R77peAbRA_inv12.als",true,false,false,10,48,28,49,31,3600,2,5,2,22,15,15,15,288,176,9,2,""
"coursesOld/under/pkZW22BvADvuH4bKh_inv7.als",true,false,false,17,46,26,44,24,2816,2,4,2,30,24,24,24,616,136,20,2,""
"coursesOld/under/psz6ujnojpLH5Kw9E_inv11.als",true,false,false,14,50,28,45,29,3376,2,3,2,28,23,23,23,480,112,16,2,""
"coursesOld/under/qQHuMBSvDisMbu2cH_inv1.als",true,false,false,11,33,21,28,23,2704,2,2,2,20,16,16,16,352,112,12,2,""
"coursesOld/under/qcpESc627KR6HAk49_inv14.als",true,false,false,24,44,27,43,27,3152,2,5,2,38,31,32,31,808,136,26,2,""
"coursesOld/under/qkBkzJKCfPLwCsnxM_inv7.als",true,false,false,17,46,26,44,24,2816,2,4,2,30,24,24,24,616,136,20,2,""
"coursesOld/under/re4GtLaa7wBfBCdQi_inv12.als",true,false,false,21,60,31,62,44,5056,2,6,2,33,25,25,25,504,216,16,2,""
"coursesOld/under/sFCLMEkreAan7cKLL_inv6.als",true,false,false,24,58,29,55,39,4496,2,4,2,36,30,30,30,512,144,17,2,""
"coursesOld/under/sLHESdLW3zQwEvRrC_inv10.als",true,false,false,6,25,16,19,12,1472,2,1,2,14,11,11,11,192,80,7,2,""
"coursesOld/under/sf7QK5Qo5znDs4AR7_inv11.als",true,false,false,10,55,27,50,34,3936,2,4,2,17,23,24,11,192,144,7,2,""
"coursesOld/under/tPzWijBPQW3GKcTuG_inv13.als",true,false,false,24,71,36,73,43,4944,2,5,2,48,41,41,41,2304,176,74,3,""
"coursesOld/under/uAqnvpCuFztFiTprj_inv4.als",true,false,false,14,41,25,38,27,3152,2,3,2,24,19,19,19,336,112,12,2,""
"coursesOld/under/uCSgijjdPrLWR7k53_inv5.als",true,false,false,22,57,29,54,29,3376,2,4,2,39,33,34,33,1112,136,36,2,""
"coursesOld/under/xQNp2qhk5gghXGnEw_inv11.als",true,false,false,15,55,28,52,36,4160,2,4,2,28,22,22,22,512,144,17,2,""
"coursesOld/under/xk6ALSit7qEvgFT3i_inv11.als",true,false,false,17,44,28,37,21,2480,2,2,2,26,22,22,22,320,80,11,2,""
"coursesOld/under/yJLtpZMajBS8SQF8r_inv10.als",true,false,false,6,25,16,19,12,1472,2,1,2,14,11,11,11,192,80,7,2,""
"coursesOld/under/ybCHuZX85y925gd2n_inv8.als",true,false,false,11,32,23,30,17,2032,2,3,2,20,15,15,15,272,112,10,2,""
"coursesOld/under/yebbea2XxqrTALF5T_inv5.als",true,false,false,18,52,29,51,27,3152,2,4,2,35,29,29,29,1272,176,39,3,""
"coursesOld/under/z5RdfCpgnKvQanBwx_inv7.als",true,false,false,28,71,31,70,50,5728,2,6,2,42,34,34,34,1144,216,36,2,""
"coursesOld/under/zJgDbB9gohTvYG7cS_inv7.als",true,false,false,28,71,31,70,50,5728,2,6,2,42,34,34,34,1144,216,36,2,""
"cv_v1/both/84Jmro8FH5iwQDPAk_inv4.als",true,false,false,22,61,34,59,35,4048,2,6,2,46,38,38,38,2208,304,64,3,""
"cv_v1/both/DDopZbnPDNMd9Ez4y_inv4.als",true,false,false,22,54,31,46,26,3040,2,4,2,40,34,34,34,976,96,31,2,""
"cv_v1/both/jDXQkiJQiCh3dL26y_inv3.als",true,false,false,29,60,29,47,33,3824,2,3,2,46,41,42,41,1432,56,46,2,""
"cv_v1/both/nZDY56fE96QKF8e84_inv4.als",true,false,false,26,46,24,36,26,3040,2,3,2,36,31,31,31,600,56,20,2,""
"cv_v1/correct/ACfWDLm3pitJQvD4e_inv1.als",false,true,false,-1,34,0,0,0,0,0,0,0,0,0,0,0,0,0,0,0,""
"cv_v1/correct/cHwwkssE5F7MnmkKh_inv3.als",true,false,false,12,78,40,74,43,4944,2,6,2,62,54,56,54,5440,464,154,5,""
"cv_v1/correct/edG6a4geNcPHz2yJD_inv1.als",false,true,false,-1,34,0,0,0,0,0,0,0,0,0,0,0,0,0,0,0,""
"cv_v1/correct/iwJkxoLoXzGodest8_inv1.als",true,false,false,10,42,25,39,25,2928,2,3,2,25,20,20,20,480,112,16,2,""
"cv_v1/over/9aNZQSMrZ3bqTFdns_inv4.als",true,false,false,24,51,27,44,26,3040,2,4,2,37,31,31,31,592,96,19,2,""
"cv_v1/over/RNBmWwMcGDpp7KK7F_inv1.als",true,false,false,4,34,22,30,16,1920,2,2,2,20,16,16,16,448,80,15,2,""
"cv_v1/over/g6Jnp8kjhy7Ydf25q_inv4.als",true,false,false,14,64,34,60,36,4160,2,6,2,49,41,42,41,2400,304,70,3,""
"cv_v1/over/p2BYXpLf8D4bKcrXu_inv3.als",true,false,false,19,67,34,61,33,3824,2,5,2,53,46,47,46,3288,408,96,3,""
"cv_v1/under/DzpXbkYKDq6A7HgJQ_inv2.als",true,false,false,11,44,27,36,20,2368,2,2,2,25,21,21,21,976,176,30,3,""
"cv_v1/under/LCYCcPNXMQg6Pntas_inv4.als",true,false,false,23,72,36,68,44,5056,2,6,2,55,47,47,47,3248,408,93,3,""
"cv_v1/under/RFxzwXAqhbugWecZi_inv4.als",true,false,false,8,46,29,45,26,3040,2,6,2,45,37,38,37,4384,304,125,4,""
"cv_v1/under/oBcXhrxbvBquKt6Ry_inv1.als",true,false,false,8,20,14,17,16,1920,2,1,2,13,10,10,10,96,48,4,2,""
"cv_v1/under/upMhrGDzjgfBYhxJC_inv1.als",true,false,false,12,36,23,32,18,2144,2,2,2,22,18,18,18,448,80,15,2,""
"cv_v1/under/zAA5nR3suT9cBjZD5_inv4.als",true,false,false,19,54,32,50,26,3040,2,5,2,41,34,34,34,1736,256,52,3,""
"cv_v2/both/L4LZiqZdK5AszNGyA_inv4.als",true,false,false,91,105,39,97,66,7648,3,7,3,96,86,86,86,136,80,5,2,""
"cv_v2/both/dGb3fpcxxymrRaTiF_inv4.als",true,false,false,31,54,29,47,34,3936,2,4,2,41,35,35,35,400,96,13,2,""
"cv_v2/both/gPzqymCB4TzAZAuEJ_inv4.als",true,false,false,26,61,31,52,34,3936,2,4,2,47,41,41,41,1648,256,49,3,""
"cv_v2/both/mWDrcQ49NCeSoPuNm_inv4.als",true,false,false,19,63,31,58,34,3936,2,6,2,56,48,48,48,4768,304,137,4,""
"cv_v2/both/w3LLmo8KSdQk7FWw4_inv4.als",true,false,false,20,62,32,57,34,3936,2,6,2,57,49,50,49,4576,304,133,4,""
"cv_v2/correct/65jfeXCaQqrmMEvad_inv1.als",true,false,false,7,24,16,19,16,1920,2,1,2,15,12,12,12,160,48,6,2,""
"cv_v2/over/iKzY9jPFtQBpsugzu_inv2.als",true,false,false,1,40,26,34,18,2144,2,2,2,22,18,18,18,976,176,30,3,""
"cv_v2/under/GpnCt3zp5bjiyg3BX_inv4.als",true,false,false,31,69,32,59,34,3936,2,4,2,37,46,47,31,144,96,5,2,""
"graphs/both/3ZrrchF3Y7Gjzi4sd_inv6.als",true,false,false,8,35,20,24,18,2144,2,1,2,20,17,17,17,224,48,8,2,""
"graphs/both/Aq8MxyYK4XNwcd6Hf_inv3.als",true,false,false,2,33,22,28,15,1808,2,2,2,18,14,14,14,256,80,9,2,""
"graphs/both/CmPbQMPg4xWpGfT8u_inv6.als",true,false,false,8,35,20,24,18,2144,2,1,2,20,17,17,17,224,48,8,2,""
"graphs/both/HJniLjFByfTqysbd6_inv1.als",true,false,false,31,48,19,46,42,4832,2,4,2,39,33,33,33,384,176,14,2,""
"graphs/both/HiZaMaYKSPagXESod_inv8.als",true,false,false,18,46,20,41,37,4272,2,3,2,27,22,22,22,400,144,15,2,""
"graphs/both/MTQWfA2Hqbv2FZH2L_inv4.als",true,false,false,27,41,22,36,31,3600,2,3,2,36,31,31,31,384,144,13,2,""
"graphs/both/NYuR2BGgEHCmCMyxs_inv6.als",true,false,false,14,48,26,39,23,2704,2,3,2,29,24,24,24,1104,176,35,3,""
"graphs/both/RAoqZ2ut3CTCTXoNN_inv1.als",true,false,false,5,23,15,18,14,1696,2,1,2,14,11,11,11,240,80,9,2,""
"graphs/both/Y4huvwtn8bjGD25D7_inv1.als",true,false,false,7,28,16,21,17,2032,2,1,2,16,13,13,13,240,80,9,2,""
"graphs/both/iGXoL2tFLaymLQcfG_inv7.als",true,false,false,8,33,18,24,15,1808,2,1,2,20,17,17,17,320,48,12,2,""
"graphs/both/omokZLebvHCW3K7H8_inv6.als",true,false,false,13,48,25,38,22,2592,2,2,2,27,23,23,23,480,80,17,2,""
"graphs/correct/55Ssa7ymvrmGBEAdy_inv7.als",true,false,false,1,34,22,28,15,1808,2,2,2,18,14,14,14,256,80,9,2,""
"graphs/correct/66fP5NqZqMHndZLMJ_inv6.als",true,false,false,3,45,27,35,19,2256,2,3,2,25,20,20,20,880,176,27,3,""
"graphs/correct/6TcqzRvpfrd9cKSmF_inv2.als",true,false,false,14,36,19,28,23,2704,2,2,2,22,18,18,18,432,112,16,2,""
"graphs/correct/6YibYRT2vNQo2d7kL_inv4.als",true,false,false,5,26,17,20,15,1808,2,2,2,16,12,12,12,288,112,10,2,""
"graphs/correct/76bG2w6LexaarRbA2_inv2.als",false,true,false,-1,22,0,0,0,0,0,0,0,0,0,0,0,0,0,0,0,""
"graphs/correct/9YCBJZujgdF7oduxR_inv6.als",true,false,false,1,46,26,34,18,2144,2,2,2,24,20,20,20,848,176,26,3,""
"graphs/correct/9aYhTs3pGkZX2r5Lx_inv2.als",false,true,false,-1,22,0,0,0,0,0,0,0,0,0,0,0,0,0,0,0,""
"graphs/correct/BCipuHA8WW8vtD6Yo_inv1.als",true,false,false,13,31,16,27,23,2704,2,2,2,21,17,17,17,320,112,12,2,""
"graphs/correct/BecrsMLhoaEzHYuGX_inv1.als",true,false,false,12,32,17,25,21,2480,2,2,2,21,17,17,17,320,112,12,2,""
"graphs/correct/D8ijyQBCH5okZ3R4F_inv6.als",true,false,false,3,45,27,35,19,2256,2,3,2,25,20,20,20,880,176,27,3,""
"graphs/correct/DtMn2H7krDJXyqnPD_inv5.als",true,false,false,5,22,16,18,14,1696,2,1,2,14,11,11,11,240,80,9,2,""
"graphs/correct/FZqL9tJBwdzACYP6n_inv3.als",true,false,false,5,27,18,21,15,1808,2,1,2,17,14,14,14,224,48,8,2,""
"graphs/correct/J9YLX4ooC69fp4xuL_inv2.als",true,false,false,7,28,16,21,16,1920,2,1,2,16,13,13,13,240,80,9,2,""
"graphs/correct/JPWgRMRsKjArpYmQ8_inv8.als",true,false,false,14,33,17,27,23,2704,2,2,2,22,18,18,18,320,112,12,2,""
"graphs/correct/JTZBzLBZKbQzqrccp_inv2.als",true,false,false,14,34,19,26,21,2480,2,2,2,22,18,18,18,432,112,16,2,""
"graphs/correct/KNsnexeuTbC8bT2q3_inv5.als",true,false,false,5,22,16,18,14,1696,2,1,2,14,11,11,11,240,80,9,2,""
"graphs/correct/KT9gcQjsiLBHckKsf_inv8.als",true,false,false,8,29,15,22,18,2144,2,1,2,17,14,14,14,288,80,11,2,""
"graphs/correct/Nm8SABkoMLXb8MBSS_inv3.als",true,false,false,0,32,22,28,15,1808,2,2,2,18,14,14,14,256,80,9,2,""
"graphs/correct/Pn4QAqeqAqTtzLHme_inv1.als",true,false,false,12,32,17,25,21,2480,2,2,2,21,17,17,17,320,112,12,2,""
"graphs/correct/QTqswobtcE75gzwYC_inv4.als",false,true,false,-1,22,0,0,0,0,0,0,0,0,0,0,0,0,0,0,0,""
"graphs/correct/WzKL5ApSTw8xRbPgg_inv1.als",false,true,false,-1,18,0,0,0,0,0,0,0,0,0,0,0,0,0,0,0,""
"graphs/correct/Yfjwq7aYqmkn6h2dt_inv1.als",true,false,false,13,30,17,25,21,2480,2,2,2,21,17,17,17,320,112,12,2,""
"graphs/correct/ajdnwWQxbxa34GE9s_inv1.als",true,false,false,6,26,15,20,16,1920,2,1,2,16,13,13,13,816,176,26,3,""
"graphs/correct/gipF97YGsCnTQLXHX_inv5.als",false,true,false,-1,16,0,0,0,0,0,0,0,0,0,0,0,0,0,0,0,""
"graphs/correct/jPAoE7mhu9vy7NHet_inv3.als",true,false,false,9,33,23,29,16,1920,2,2,2,19,15,15,15,304,80,11,2,""
"graphs/correct/ju7tRYQ7jvzhTsixB_inv5.als",true,false,false,5,22,16,18,14,1696,2,1,2,14,11,11,11,240,80,9,2,""
"graphs/correct/oGSQFYZaYwmeWBWhe_inv6.als",true,false,false,5,48,27,36,20,2368,2,2,2,26,22,22,22,912,176,28,3,""
"graphs/correct/pxZz94kZxLodX2mei_inv2.als",true,false,false,14,40,19,31,26,3040,2,2,2,22,18,18,18,432,112,16,2,""
"graphs/correct/q82BymWyYjJYauExd_inv8.als",true,false,false,14,33,17,27,23,2704,2,2,2,22,18,18,18,320,112,12,2,""
"graphs/correct/qhNEZeGFFEM4QTBrc_inv1.als",true,false,false,12,32,17,25,21,2480,2,2,2,21,17,17,17,320,112,12,2,""
"graphs/correct/tauKxGXhHBGFSZDQQ_inv3.als",false,true,false,-1,32,0,0,0,0,0,0,0,0,0,0,0,0,0,0,0,""
"graphs/correct/ud37uziuykypA5fbc_inv4.als",true,false,false,8,25,17,20,15,1808,2,2,2,16,12,12,12,288,112,10,2,""
"graphs/correct/vzuMpX3aAWpHYJJSB_inv5.als",true,false,false,6,23,16,18,14,1696,2,1,2,14,11,11,11,240,80,9,2,""
"graphs/correct/z66rTac8NGdTfBYjh_inv1.als",true,false,false,12,32,17,25,21,2480,2,2,2,21,17,17,17,320,112,12,2,""
"graphs/over/4NEcnKQaMqpQs6bnA_inv2.als",true,false,false,12,32,19,26,21,2480,2,2,2,22,18,18,18,432,112,16,2,""
"graphs/over/7j7QaZpgCGRNhJjtz_inv6.als",true,false,false,14,48,26,40,24,2816,2,3,2,29,24,24,24,576,112,20,2,""
"graphs/over/8BHjuz4cYKwaQiMmP_inv6.als",true,false,false,9,42,25,33,18,2144,2,2,2,23,19,19,19,320,80,11,2,""
"graphs/over/EqQcc6nrFgTr6foNT_inv6.als",true,false,false,13,46,26,37,21,2480,2,3,2,27,22,22,22,512,112,18,2,""
"graphs/over/Fm7xWusqegp8HESC3_inv3.als",true,false,false,7,23,16,18,15,1808,2,1,2,14,11,11,11,224,48,8,2,""
"graphs/over/JAKjA8EQMhziAtCCz_inv7.als",true,false,false,1,34,22,28,15,1808,2,2,2,18,14,14,14,784,176,24,3,""
"graphs/over/RBWuxgYHS5F5n9dFS_inv7.als",true,false,false,1,34,22,28,15,1808,2,2,2,18,14,14,14,784,176,24,3,""
"graphs/over/TC4TEQrF4DhYb4Geo_inv6.als",true,false,false,11,49,26,37,21,2480,2,2,2,27,23,23,23,480,80,17,2,""
"graphs/over/X45LdbnEpMn24KuPR_inv6.als",true,false,false,7,40,24,31,18,2144,2,2,2,21,17,17,17,256,80,9,2,""
"graphs/over/aMaRMPmYjYjXW2Zsa_inv6.als",true,false,false,6,40,24,31,18,2144,2,2,2,21,17,17,17,256,80,9,2,""
"graphs/over/cmSeTjNiK42fW6KS9_inv6.als",true,false,false,5,44,25,33,18,2144,2,2,2,23,19,19,19,896,176,28,3,""
"graphs/over/eHSj4hDRMwnQWs3mh_inv7.als",true,false,false,1,34,22,28,15,1808,2,2,2,18,14,14,14,784,176,24,3,""
"graphs/over/jLperDbhw7gY5H3p9_inv6.als",true,false,false,2,46,26,34,18,2144,2,2,2,24,20,20,20,848,176,26,3,""
"graphs/over/rCTnnMzuy9wXq3LZi_inv6.als",true,false,false,11,51,26,39,23,2704,2,2,2,28,24,24,24,480,80,17,2,""
"graphs/over/vAnRJbuLfMQ6Cj4su_inv6.als",true,false,false,5,40,24,31,18,2144,2,2,2,21,17,17,17,256,80,9,2,""
"graphs/over/wtdt5k7DMxiF8owFe_inv6.als",true,false,false,10,49,26,37,21,2480,2,2,2,27,23,23,23,480,80,17,2,""
"graphs/over/zmQJaCGmHeFayAAEL_inv6.als",true,false,false,10,36,20,24,18,2144,2,1,2,20,17,17,17,816,176,25,3,""
"graphs/under/24x44bRJZ9CAYuAMK_inv2.als",true,false,false,14,38,19,30,25,2928,2,2,2,22,18,18,18,432,112,16,2,""
"graphs/under/5gB4acASY5jnRvzat_inv4.als",true,false,false,7,25,16,19,14,1696,2,1,2,15,12,12,12,256,80,9,2,""
"graphs/under/6PneyhSLzx8DXNcmG_inv7.als",true,false,false,18,50,25,41,28,3264,2,2,2,30,26,26,26,512,80,19,2,""
"graphs/under/NemPqt2YphHcf46gD_inv4.als",true,false,false,9,27,18,21,16,1920,2,2,2,17,13,13,13,288,112,10,2,""
"graphs/under/hhsfxaenckZEp7mS6_inv6.als",true,false,false,16,49,24,34,18,2144,2,1,2,29,26,26,26,464,48,16,2,""
"lts/both/9jnsGAmqkqqR8a5nz_inv7.als",true,false,false,46,73,35,64,54,6176,2,3,2,61,56,56,56,592,96,19,2,""
"lts/both/KfLhft5cB8i7yZHsJ_inv6.als",true,false,false,2,24,13,15,9,1136,2,0,2,15,13,13,13,224,48,8,2,""
"lts/both/M4iprMBMqJ7s7WcsL_inv1.als",true,false,false,2,21,16,17,13,1584,2,1,2,13,10,10,10,160,48,6,2,""
"lts/both/R2ZWco5MTdCE7jA6F_inv4.als",true,false,false,25,67,33,61,45,5168,2,3,2,37,32,32,32,320,96,11,2,""
"lts/both/WDR8xjdBjgbaG2DGq_inv3.als",true,false,false,3,35,21,33,20,2368,2,3,2,17,12,12,12,208,96,7,2,""
"lts/both/WmoLLJtzBKpK3DNiG_inv7.als",true,false,false,47,71,34,63,54,6176,2,3,2,60,55,55,55,592,96,19,2,""
"lts/both/XtStHJyofFiqScFDs_inv4.als",true,false,false,26,76,39,72,45,5168,2,4,2,42,36,36,36,792,136,26,2,""
"lts/both/bSjzWCrfvATtzCfAj_inv4.als",true,false,false,10,81,38,79,45,5168,2,3,2,51,46,46,46,2640,304,77,4,""
"lts/both/cgucDDLKnhkYGt6GK_inv4.als",true,false,false,22,62,30,53,45,5168,2,2,2,36,32,32,32,296,56,10,2,""
"lts/both/d75QkQERzu6hHAhBp_inv1.als",true,false,false,2,21,16,17,13,1584,2,1,2,13,10,10,10,160,48,6,2,""
"lts/both/dS5gvKSTTh4tfFiNv_inv1.als",true,false,false,8,27,19,21,13,1584,2,1,2,17,14,14,14,160,48,6,2,""
"lts/both/eoXqNDJSnaHk4yxDA_inv4.als",true,false,false,22,67,34,64,45,5168,2,4,2,36,30,30,30,312,136,10,2,""
"lts/both/f9kAqGC4jNZDXccj6_inv5.als",true,false,false,8,39,22,34,21,2480,2,3,2,21,16,16,16,528,96,17,2,""
"lts/both/fj9iNv23ovtsT9QMj_inv7.als",true,false,false,40,88,39,80,54,6176,2,3,2,77,72,72,72,4320,304,124,5,""
"lts/both/mZxnwsWEgbzmxaEae_inv4.als",true,false,false,22,67,34,64,45,5168,2,4,2,36,30,30,30,312,136,10,2,""
"lts/both/pYcZ6tkWPHXwGJptj_inv4.als",true,false,false,30,72,35,68,45,5168,2,4,2,42,36,36,36,472,136,16,2,""
"lts/both/q5sh6eEjWhDiSr9Xi_inv3.als",true,false,false,3,35,21,33,20,2368,2,3,2,17,12,12,12,208,96,7,2,""
"lts/both/r7oCvtf3EZTaTYdmQ_inv1.als",true,false,false,3,21,16,17,13,1584,2,1,2,13,10,10,10,160,48,6,2,""
"lts/correct/46bXj8Z4Tjcizr8Qj_inv5.als",true,false,false,12,50,22,42,23,2704,2,4,2,30,24,24,24,1880,176,56,4,""
"lts/correct/4SxScxsexGDXpx6uy_inv1.als",false,true,false,-1,26,0,0,0,0,0,0,0,0,0,0,0,0,0,0,0,""
"lts/correct/5KTbGd2aX2B78ZJpi_inv1.als",false,true,false,-1,26,0,0,0,0,0,0,0,0,0,0,0,0,0,0,0,""
"lts/correct/9B3pn3p6KJKBFSKqi_inv3.als",false,true,false,-1,38,0,0,0,0,0,0,0,0,0,0,0,0,0,0,0,""
"lts/correct/Cdv3ah6uGmQYkSHAR_inv6.als",true,false,false,0,26,14,16,9,1136,2,0,2,16,14,14,14,752,176,23,3,""
"lts/correct/MsWuwCu7QtZYF7EtL_inv5.als",true,false,false,16,50,24,47,28,3264,2,5,2,29,22,22,22,864,176,27,2,""
"lts/correct/Ni3FMkW8unC6kwE3v_inv5.als",true,false,false,27,64,23,55,36,4160,2,4,2,38,32,32,32,504,136,16,2,""
"lts/correct/QerayaWG5Wh5Pf6gc_inv2.als",false,true,false,-1,10,0,0,0,0,0,0,0,0,0,0,0,0,0,0,0,""
"lts/correct/XnWWCFSEzd2uYufma_inv3.als",false,true,false,-1,38,0,0,0,0,0,0,0,0,0,0,0,0,0,0,0,""
"lts/correct/aM2rokP7MryDphPeY_inv5.als",false,true,false,-1,46,0,0,0,0,0,0,0,0,0,0,0,0,0,0,0,""
"lts/correct/gpFpk9NSacLo85EM6_inv1.als",false,true,false,-1,26,0,0,0,0,0,0,0,0,0,0,0,0,0,0,0,""
"lts/correct/kiYfP7XuKctM342RD_inv4.als",true,false,false,14,86,39,78,45,5168,2,2,2,53,49,49,49,3336,256,99,5,""
"lts/correct/sTnAggtzHZijNK4K9_inv3.als",true,false,false,5,38,24,38,20,2368,2,4,2,19,13,13,13,248,136,8,2,""
"lts/correct/uBvS4dNpzkq6gCcLi_inv4.als",true,false,false,38,95,30,76,45,5168,2,2,2,49,45,45,45,376,56,14,2,""
"lts/correct/wdCtEMGTB9kY456TM_inv5.als",false,true,false,-1,46,0,0,0,0,0,0,0,0,0,0,0,0,0,0,0,""
"lts/correct/xgbwpDi74m37kZ2aW_inv1.als",false,true,false,-1,26,0,0,0,0,0,0,0,0,0,0,0,0,0,0,0,""
"lts/correct/zWrsR8yYBeqXdrsjq_inv6.als",true,false,false,0,26,14,16,9,1136,2,0,2,16,14,14,14,752,176,23,3,""
"lts/over/5yvqu5J2HbcoGi7qo_inv7.als",true,false,false,29,89,40,78,54,6176,2,2,2,74,70,70,70,5160,304,150,6,""
"lts/over/9PCRRK95bPmRMGF94_inv7.als",true,false,false,48,75,35,72,54,6176,2,5,2,61,54,54,54,544,176,17,2,""
"lts/over/FugAgSd8nfejwYd2o_inv3.als",true,false,false,1,38,23,38,20,2368,2,4,2,18,12,12,12,248,136,8,2,""
"lts/over/GP5dKC7LR9RvNxG4k_inv3.als",true,false,false,2,32,21,31,20,2368,2,3,2,16,11,11,11,208,96,7,2,""
"lts/over/HtB3PSrCuEsmSWqSC_inv5.als",true,false,false,8,41,22,35,21,2480,2,3,2,22,17,17,17,528,96,17,2,""
"lts/over/JSaKgHrd93ibnYCZn_inv4.als",true,false,false,19,66,33,60,45,5168,2,3,2,37,32,32,32,336,96,11,2,""
"lts/over/MQxAHQiF58JzQgPKL_inv7.als",true,false,false,48,66,30,56,54,6176,2,2,2,59,55,55,55,520,56,18,2,""
"lts/over/QXrAHxoYFzyYt4QBg_inv4.als",true,false,false,26,67,34,61,45,5168,2,2,2,42,38,38,38,712,56,24,2,""
"lts/over/RkGdF39CNGZ8Gcfjt_inv3.als",true,false,false,1,36,23,36,20,2368,2,4,2,17,11,11,11,248,136,8,2,""
"lts/over/StkXCAuZX92NmwNb6_inv4.als",true,false,false,24,59,29,52,45,5168,2,2,2,34,30,30,30,232,56,8,2,""
"lts/over/eCnxjJi2ko6CmGHFk_inv3.als",true,false,false,5,35,22,33,20,2368,2,3,2,18,13,13,13,208,96,7,2,""
"lts/over/fmyz7EY9ow9yRwif8_inv3.als",true,false,false,1,38,23,38,20,2368,2,4,2,18,12,12,12,248,136,8,2,""
"lts/over/fvrfagJ7Tufr2szqH_inv1.als",true,false,false,3,31,22,27,16,1920,2,2,2,16,12,12,12,240,80,9,2,""
"lts/over/hoTR4AJ4ZCDMKBHHg_inv7.als",true,false,false,48,71,34,63,54,6176,2,3,2,60,55,55,55,560,96,19,2,""
"lts/over/m8movEagEAvnAxq9M_inv7.als",true,false,false,87,108,38,107,61,7296,2,9,2,106,95,95,95,2496,336,81,2,""
"lts/over/wX3sL9ckwpQn56ZyN_inv5.als",true,false,false,10,36,18,28,21,2480,2,2,2,21,17,17,17,296,56,10,2,""
"lts/over/y3TawmuvppgmzRcyG_inv3.als",true,false,false,2,32,21,31,20,2368,2,3,2,16,11,11,11,208,96,7,2,""
"lts/under/2ScAY54DuHc4x4P52_inv4.als",true,false,false,25,69,30,57,45,5168,2,2,2,39,35,35,35,360,56,12,2,""
"lts/under/2TDHcXTHqoegbXPaA_inv5.als",true,false,false,9,40,22,37,21,2480,2,4,2,21,15,15,15,568,136,18,2,""
"lts/under/3SsFFefksKBBesALp_inv2.als",true,false,false,5,16,13,15,13,1584,2,2,2,11,7,7,7,208,112,8,2,""
"lts/under/NfNXXH7cNTfCBmms4_inv7.als",true,false,false,63,85,35,72,54,6176,2,2,2,79,75,75,75,2280,56,74,2,""
"lts/under/QfGMycTadX2nTR58P_inv3.als",true,false,false,2,39,23,38,20,2368,2,4,2,18,12,12,12,248,136,8,2,""
"lts/under/YxzbZ5Zga22QxjsXW_inv4.als",true,false,false,22,64,32,59,45,5168,2,3,2,36,31,31,31,336,96,11,2,""
"lts/under/a7rPte2P3M9D5ktyM_inv5.als",true,false,false,16,58,27,57,38,4384,2,7,2,33,24,24,24,944,256,29,2,""
"lts/under/fhdBnuf8YSxSXsg5M_inv3.als",true,false,false,2,38,23,38,20,2368,2,4,2,18,12,12,12,248,136,8,2,""
"lts/under/membjtCyCcNXpaoFd_inv3.als",true,false,false,8,42,25,40,22,2592,2,4,2,21,15,15,15,248,136,8,2,""
"lts/under/nJd9n4QPgQqrSFLbc_inv3.als",true,false,false,2,38,23,38,20,2368,2,4,2,18,12,12,12,248,136,8,2,""
"lts/under/pw4CeSHwtAP2D8DEJ_inv2.als",true,false,false,3,15,12,13,11,1360,2,1,2,9,6,6,6,128,80,5,2,""
"lts/under/rb85AHqSRSzMMogds_inv5.als",true,false,false,6,41,22,35,21,2480,2,3,2,22,17,17,17,528,96,17,2,""
"lts/under/xsyap4w7LmghmodZk_inv4.als",true,false,false,32,86,40,77,45,5168,2,3,2,53,48,48,48,1776,256,55,3,""
"productionLineNew/both/8uXMGGqCKhPFraKne_inv6.als",true,false,false,11,41,24,39,26,3040,2,3,2,24,19,19,19,448,112,16,2,""
"productionLineNew/both/B9SK2L4s6JYSK9Fjs_inv2.als",true,false,false,12,33,21,29,24,2816,2,2,2,20,16,16,16,352,112,12,2,""
"productionLineNew/both/BsT5yrhAb6s8StRDj_inv10.als",true,false,false,9,61,27,51,27,3152,2,3,2,38,33,33,33,1568,176,48,3,""
"productionLineNew/both/Bzkso7wmrzHJud45H_inv7.als",true,false,false,11,47,29,39,22,2592,2,2,2,28,24,24,24,1760,256,52,4,""
"productionLineNew/both/DxavwxvMvojr87kDr_inv9.als",true,false,false,29,65,34,56,31,3600,2,3,2,45,40,40,40,1472,112,50,2,""
"productionLineNew/both/M6AuQuWk9d8vrcocL_inv9.als",true,false,false,22,46,27,38,27,3152,2,2,2,31,27,27,27,368,80,13,2,""
"productionLineNew/both/Q6paNvXpy2gvH8vjZ_inv1.als",true,false,false,16,41,24,36,31,3600,2,3,2,24,19,20,19,384,144,13,2,""
"productionLineNew/both/dvXsentXmJJph5TXk_inv9.als",true,false,false,40,81,35,72,47,5616,2,5,2,70,63,63,63,5744,304,172,5,""
"productionLineNew/both/eSqvHZhSE5fmrSrQw_inv7.als",true,false,false,12,46,28,40,23,2704,2,2,2,28,24,24,24,1264,256,39,3,""
"productionLineNew/both/iZTZ6Nb27raeo83MR_inv4.als",true,false,false,21,54,30,55,31,3600,2,5,2,37,30,32,30,1520,176,48,3,""
"productionLineNew/both/kPTx2RiZ7QNCQQf3a_inv2.als",true,false,false,13,36,21,32,27,3152,2,2,2,21,17,17,17,352,112,12,2,""
"productionLineNew/both/obfc8Pp9RSB3e8CEd_inv2.als",true,false,false,16,37,22,32,27,3152,2,2,2,25,21,21,21,352,112,12,2,""
"productionLineNew/both/rAhPhTGeunLeSfvpx_inv7.als",true,false,false,10,44,26,37,20,2368,2,2,2,27,23,23,23,1072,176,34,3,""
"productionLineNew/both/rXoat6wgiHuWQfdj2_inv7.als",true,false,false,8,41,26,35,19,2256,2,2,2,25,21,21,21,1008,176,32,3,""
"productionLineNew/both/tcaoySQtg5SPGwHKM_inv8.als",true,false,false,13,46,28,38,21,2480,2,2,2,30,26,28,26,1152,176,36,3,""
"productionLineNew/both/tyTYdw4DEAw8QmL6f_inv9.als",true,false,false,20,51,30,42,27,3152,2,2,2,35,31,31,31,736,80,25,2,""
"productionLineNew/both/uko4rtLsxNi8HGzPK_inv8.als",true,false,false,14,45,29,37,20,2368,2,2,2,29,25,26,25,1072,176,34,3,""
"productionLineNew/both/vqGqFmxSpPkwf4Rmg_inv10.als",true,false,false,9,61,27,51,27,3152,2,3,2,38,33,33,33,1568,176,48,3,""
"productionLineNew/both/xvsNQbjgWBnN4e8Z8_inv7.als",true,false,false,8,41,26,35,19,2256,2,2,2,25,21,21,21,1008,176,32,3,""
"productionLineNew/both/zisWMDxZHqmu95rYK_inv7.als",true,false,false,6,43,27,36,19,2256,2,2,2,26,22,22,22,1072,176,34,3,""
"productionLineNew/correct/39rhe4wTMk4tqAcB2_inv6.als",true,false,false,10,36,25,33,20,2368,2,3,2,23,18,18,18,400,112,14,2,""
"productionLineNew/correct/6zSdqzqaFwtXWiPC3_inv6.als",true,false,false,0,32,22,28,15,1808,2,2,2,18,14,14,14,256,80,9,2,""
"productionLineNew/correct/CngmGMJ4fRXcyszWS_inv4.als",true,false,false,19,45,25,39,26,3040,2,2,2,35,31,33,31,1624,176,53,3,""
"productionLineNew/correct/Dy3NCA6HTBngB4rxR_inv2.als",true,false,false,20,37,22,32,27,3152,2,2,2,29,25,25,25,352,112,12,2,""
"productionLineNew/correct/H8tXtr5uAwfDtmrsN_inv6.als",true,false,false,0,32,22,28,15,1808,2,2,2,18,14,14,14,256,80,9,2,""
"productionLineNew/correct/JA9A7T9aBbTnFH9A7_inv1.als",true,false,false,7,27,18,22,17,2032,2,1,2,17,14,14,14,320,80,11,2,""
"productionLineNew/correct/KRZrHmBpkPxXsyHyX_inv9.als",true,false,false,72,135,37,118,93,10544,2,2,2,105,101,101,101,6256,304,195,4,""
"productionLineNew/correct/LqboPKaCewnrj2i9L_inv8.als",true,false,false,7,49,29,43,26,3040,2,3,2,37,32,34,32,3744,256,110,7,""
"productionLineNew/correct/M9MB25SFEcXohhdx7_inv7.als",true,false,false,11,46,27,42,25,2928,2,3,2,29,24,24,24,1296,256,40,3,""
"productionLineNew/correct/SJSQHjYi5Xhz4XHTq_inv1.als",true,false,false,7,27,18,22,17,2032,2,1,2,17,14,14,14,320,80,11,2,""
"productionLineNew/correct/XMRpku3eLKaxM2c8d_inv3.als",true,false,false,5,33,23,32,21,2480,2,3,2,16,11,11,11,272,112,10,2,""
"productionLineNew/correct/YnRGNPuNAjHvBNG6t_inv3.als",false,true,false,-1,26,0,0,0,0,0,0,0,0,0,0,0,0,0,0,0,""
"productionLineNew/correct/aicon39WnRbQF7kqw_inv2.als",true,false,false,25,42,23,39,34,3936,2,3,2,34,29,29,29,384,144,13,2,""
"productionLineNew/correct/b3HGckGggYuTr47mj_inv2.als",true,false,false,19,35,21,31,26,3040,2,2,2,28,24,24,24,352,112,12,2,""
"productionLineNew/correct/cP8WyaSJrDXXA9mCq_inv3.als",false,true,false,-1,26,0,0,0,0,0,0,0,0,0,0,0,0,0,0,0,""
"productionLineNew/correct/dfxAgqC2E4dJupzW6_inv2.als",true,false,false,19,35,21,31,26,3040,2,2,2,28,24,24,24,352,112,12,2,""
"productionLineNew/correct/dq3ppwPo6E6BjDwEx_inv1.als",true,false,false,7,27,18,22,17,2032,2,1,2,17,14,14,14,320,80,11,2,""
"productionLineNew/correct/iRbPkAJsB7h5XWTbo_inv4.als",true,false,false,9,64,32,66,42,4832,2,6,2,49,41,43,41,9512,256,286,12,""
"productionLineNew/correct/nFhsDkqeYRS78efMj_inv8.als",true,false,false,4,46,30,38,21,2480,2,2,2,30,26,28,26,2144,176,64,5,""
"productionLineNew/correct/ofEqNrpobK6ffuhge_inv8.als",true,false,false,18,58,33,54,37,4272,2,4,2,35,29,30,29,1520,256,47,3,""
"productionLineNew/correct/rnPoKPJBqiY3tt5L5_inv7.als",true,false,false,11,49,29,45,28,3264,2,3,2,29,24,24,24,1296,256,40,3,""
"productionLineNew/correct/rxzKdgGCNJPyvAgo4_inv1.als",true,false,false,12,33,19,26,21,2480,2,1,2,21,18,18,18,320,80,11,2,""
"productionLineNew/correct/sxdT8wTTgdRgQBzn7_inv1.als",true,false,false,7,27,18,22,17,2032,2,1,2,17,14,14,14,320,80,11,2,""
"productionLineNew/correct/wT8M398E32SC2Jp4R_inv1.als",true,false,false,7,27,18,22,17,2032,2,1,2,17,14,14,14,320,80,11,2,""
"productionLineNew/correct/xmrWmubk3zH42d699_inv6.als",true,false,false,2,34,23,29,16,1920,2,2,2,19,15,15,15,256,80,9,2,""
"productionLineNew/correct/zkjmX7PCsqcwLdLHC_inv6.als",true,false,false,0,34,23,29,16,1920,2,2,2,18,14,14,14,256,80,9,2,""
"productionLineNew/over/2RtzhmgEtCcYBZGtk_inv8.als",true,false,false,16,48,32,40,23,2704,2,2,2,32,28,29,28,1136,176,36,3,""
"productionLineNew/over/3qkWcbxkMGqdMXsam_inv9.als",true,false,false,23,65,34,53,28,3264,2,2,2,48,44,44,44,2848,256,88,4,""
"productionLineNew/over/EdmigJk6R6WWcXpcp_inv3.als",true,false,false,6,30,21,30,19,2256,2,3,2,14,9,9,9,208,112,8,2,""
"productionLineNew/over/FK7WdwT2v3tB2rKXH_inv7.als",true,false,false,11,36,24,31,19,2256,2,2,2,21,17,17,17,304,80,11,2,""
"productionLineNew/over/FYTLT2W9FxWrjD78Y_inv7.als",true,false,false,10,51,28,46,29,3376,2,3,2,33,28,28,28,1424,256,44,3,""
"productionLineNew/over/ShfrMPY5FLPAjibwv_inv3.als",true,false,false,6,23,17,18,13,1584,2,1,2,14,11,11,11,208,48,8,2,""
"productionLineNew/over/cjtnPCR3NBr6rEcxr_inv8.als",true,false,false,15,55,33,50,33,3824,2,4,2,38,32,33,32,1712,256,53,3,""
"productionLineNew/over/fP63Wrd8HoSy57KtB_inv7.als",true,false,false,10,46,31,39,22,2592,2,2,2,29,25,25,25,1072,176,34,3,""
"productionLineNew/over/ghLNGjZ8xjKKzKHAA_inv5.als",true,false,false,23,59,31,58,37,4272,2,5,2,39,32,32,32,1792,304,55,3,""
"productionLineNew/over/ibu6W7tZfMGunHr8K_inv2.als",true,false,false,23,39,25,35,30,3488,2,2,2,32,28,28,28,352,112,12,2,""
"productionLineNew/over/o5PLAaoSjNp96Czoq_inv8.als",true,false,false,17,53,31,47,30,3488,2,3,2,33,28,29,28,1360,256,42,3,""
"productionLineNew/over/vJnk2bBJLWYCX59Za_inv10.als",true,false,false,10,65,30,57,33,3824,2,4,2,39,33,33,33,1608,176,49,3,""
"productionLineNew/under/6d9pT683yHRpdvyzn_inv8.als",true,false,false,15,51,30,47,30,3488,2,4,2,32,26,27,26,1264,176,40,3,""
"productionLineNew/under/8ZXXZhbujGtyCpMXx_inv5.als",true,false,false,18,55,31,51,30,3488,2,3,2,32,27,27,27,1312,256,42,3,""
"productionLineNew/under/AXmDXzCe46an7o3P3_inv9.als",true,false,false,11,66,33,52,27,3152,2,2,2,48,44,44,44,3328,304,101,4,""
"productionLineNew/under/AzxYFY56Dbsr2bRFZ_inv9.als",true,false,false,22,49,28,40,27,3152,2,2,2,33,29,29,29,560,80,19,2,""
"productionLineNew/under/GmmKZzoEouufCJdeh_inv4.als",true,false,false,16,48,27,48,26,3040,2,4,2,34,28,30,28,1480,176,47,3,""
"productionLineNew/under/MzfiwWPJgyd4rSyCA_inv2.als",true,false,false,6,23,17,18,13,1584,2,1,2,14,11,11,11,256,80,9,2,""
"productionLineNew/under/PLn2DB8GhiueytuEf_inv9.als",true,false,false,28,58,31,50,27,3152,2,3,2,45,40,40,40,1648,112,56,2,""
"productionLineNew/under/RFNBkgkCXtbNxvXPY_inv4.als",true,false,false,13,54,29,53,29,3376,2,3,2,41,36,38,36,1424,96,47,2,""
"productionLineNew/under/YW3oWZaEqsKEru6MN_inv2.als",true,false,false,7,29,19,25,20,2368,2,2,2,15,11,11,11,288,112,10,2,""
"productionLineNew/under/gn2NFP96kMijmYrnS_inv4.als",true,false,false,25,68,32,68,44,5056,2,4,2,50,44,46,44,1912,136,64,2,""
"productionLineNew/under/mX4WEKyAmG27SHsrC_inv6.als",true,false,false,8,35,24,31,18,2144,2,2,2,21,17,17,17,368,80,13,2,""
"productionLineNew/under/pcBJP6Y8pAgkHSewh_inv4.als",true,false,false,13,48,29,47,26,3040,2,3,2,36,31,33,31,944,96,31,2,""
"productionLineNew/under/sGMu5ojNusoohGiqC_inv2.als",true,false,false,15,37,22,33,28,3264,2,2,2,24,20,20,20,352,112,12,2,""
"productionLineNew/under/sRmQfEKbap4bkiEYH_inv6.als",true,false,false,2,30,21,27,15,1808,2,2,2,17,13,13,13,256,80,9,2,""
"productionLineNew/under/u7tTSwMPH7eJc3T25_inv2.als",true,false,false,7,27,19,23,18,2144,2,2,2,15,11,11,11,288,112,10,2,""
"productionLine_v1/both/7uG7wnZyQrmXZqrpk_inv4.als",true,false,false,17,48,25,44,26,3040,2,3,2,31,26,26,26,656,96,21,2,""
"productionLine_v1/both/B5d58Ft9Ty56N4FJg_inv4.als",true,false,false,7,49,25,48,26,3040,2,4,2,36,30,30,30,1608,176,49,3,""
"productionLine_v1/correct/7zsJ7rERdqrqSK6RF_inv3.als",true,false,false,11,45,26,43,28,3264,2,4,2,26,20,20,20,496,144,17,2,""
"productionLine_v1/correct/LeQBhohseDduiQgp8_inv1.als",false,true,false,-1,26,0,0,0,0,0,0,0,0,0,0,0,0,0,0,0,""
"productionLine_v1/correct/N38PR8RJxKptrvQzg_inv4.als",true,false,false,31,65,32,63,39,4496,2,3,2,47,42,42,42,848,96,27,2,""
"productionLine_v1/correct/RyftPe728gN9LZ82f_inv3.als",true,false,false,4,38,24,32,17,2032,2,2,2,21,17,17,17,848,176,26,3,""
"productionLine_v1/correct/pr4eFBSnTMRNGP48g_inv3.als",true,false,false,4,38,24,32,17,2032,2,2,2,21,17,17,17,848,176,26,3,""
"productionLine_v1/correct/qxCPdKSGdgy8KWsd9_inv2.als",true,false,false,1,32,22,28,15,1808,2,2,2,18,14,14,14,256,80,9,2,""
"productionLine_v1/correct/vXYDby4LBoC4Ax8Pa_inv1.als",true,false,false,5,23,17,18,13,1584,2,1,2,14,11,11,11,208,48,8,2,""
"productionLine_v1/over/XmtYDpt2suL8ou4YQ_inv4.als",true,false,false,8,51,26,51,27,3152,2,4,2,38,32,32,32,1672,176,51,3,""
"productionLine_v1/over/dZicaWP2bjgQQJzja_inv4.als",true,false,false,9,58,26,52,28,3264,2,3,2,40,35,35,35,2224,176,67,4,""
"productionLine_v1/under/LAoxfGWn9mkPooxN5_inv4.als",true,false,false,9,47,26,48,26,3040,2,4,2,36,30,30,30,1480,176,45,3,""
"productionLine_v1/under/LdAABbbWc3JoCZ8vN_inv1.als",true,false,false,5,16,13,14,13,1584,2,1,2,10,7,7,7,96,48,4,2,""
"productionLine_v1/under/r2BLPcaXvm4trtHWw_inv2.als",true,false,false,10,32,20,23,15,1808,2,1,2,19,16,16,16,272,48,10,2,""
"productionLine_v2/both/2nG2u6Gz2WtGjbioM_inv3.als",true,false,false,11,37,24,35,24,2816,2,3,2,21,16,16,16,336,112,12,2,""
"productionLine_v2/both/3uACAipCbnA6jCCp3_inv2.als",true,false,false,7,28,19,24,19,2256,2,2,2,16,12,12,12,288,112,10,2,""
"productionLine_v2/both/76SiKzu3o2dav8kdx_inv2.als",true,false,false,22,44,22,40,35,4048,2,3,2,31,26,26,26,384,144,13,2,""
"productionLine_v2/both/7Z7RgQ6aRMf5Ehceb_inv10.als",true,false,false,16,44,24,39,26,3040,2,3,2,28,23,23,23,528,96,17,2,""
"productionLine_v2/both/DtSHjsNkBLWBFFx7p_inv4.als",true,false,false,28,76,33,76,52,5952,2,8,2,46,36,38,36,2232,304,65,3,""
"productionLine_v2/both/FM7cGB5mKpByKQRmz_inv6.als",true,false,false,4,31,21,27,15,1808,2,2,2,17,13,13,13,256,80,9,2,""
"productionLine_v2/both/GfPRxXKgsa3vn8rSB_inv10.als",true,false,false,33,80,35,73,49,5616,2,6,2,57,49,49,49,2024,216,63,3,""
"productionLine_v2/both/HtcBMMkpWQPW6io2j_inv2.als",true,false,false,10,25,16,17,12,1472,2,0,2,18,16,16,16,288,48,10,2,""
"productionLine_v2/both/JDciCd6MaCwSuXCx5_inv10.als",true,false,false,18,54,26,45,26,3040,2,3,2,32,27,27,27,656,96,21,2,""
"productionLine_v2/both/L2DHuA7wnkiCcw2eJ_inv8.als",true,false,false,16,40,26,36,19,2256,2,3,2,25,20,21,20,336,112,12,2,""
"productionLine_v2/both/PEksExWNC3tssiJTF_inv4.als",true,false,false,11,64,33,66,42,4832,2,6,2,49,41,43,41,9512,256,286,12,""
"productionLine_v2/both/RucPQ9Kbj8owpSCcQ_inv10.als",true,false,false,18,53,26,45,26,3040,2,3,2,32,27,27,27,656,96,21,2,""
"productionLine_v2/both/WEWx9XGYZjqj8ZCW4_inv9.als",true,false,false,21,50,28,41,27,3152,2,2,2,34,30,30,30,544,80,19,2,""
"productionLine_v2/both/buMAp38WKDnbDuqee_inv7.als",true,false,false,8,46,28,42,25,2928,2,3,2,26,21,21,21,1040,176,33,3,""
"productionLine_v2/both/cHn8coh9wBNcKgfWC_inv7.als",true,false,false,8,41,26,35,19,2256,2,2,2,25,21,21,21,1008,176,32,3,""
"productionLine_v2/both/dyrRyJQenCB4Zo438_inv8.als",true,false,false,13,45,29,37,20,2368,2,2,2,29,25,26,25,1072,176,34,3,""
"productionLine_v2/both/eNcb7rK2joFv64NFq_inv5.als",true,false,false,13,66,30,56,35,4048,2,2,2,42,38,39,38,2016,304,60,3,""
"productionLine_v2/both/fESn8og38zrXB6MbP_inv8.als",true,false,false,13,45,29,37,20,2368,2,2,2,29,25,26,25,1072,176,34,3,""
"productionLine_v2/both/g5ZsPnLuGvSauM9io_inv9.als",true,false,false,25,64,33,54,29,3376,2,4,2,40,34,34,34,1088,144,37,2,""
"productionLine_v2/both/mCjuyCJ7fhEb2pqJi_inv10.als",true,false,false,34,86,33,73,49,5616,2,4,2,55,49,49,49,1752,176,55,3,""
"productionLine_v2/both/naZhMS62mLgcxdqxg_inv10.als",true,false,false,21,45,25,41,26,3040,3,4,3,32,26,26,26,896,176,27,3,""
"productionLine_v2/both/oBAjTtXMKxTWJwtgA_inv5.als",true,false,false,23,58,30,53,32,3712,2,3,2,41,36,36,36,1840,176,59,3,""
"productionLine_v2/both/q5HMhBhBAtXNLqEnL_inv7.als",true,false,false,2,42,28,36,19,2256,2,2,2,26,22,22,22,1552,176,47,4,""
"productionLine_v2/both/tspCo5Pcc6Sm5AFiK_inv2.als",true,false,false,13,35,20,31,26,3040,2,2,2,22,18,18,18,352,112,12,2,""
"productionLine_v2/both/utxSfbToi6ibjgQff_inv8.als",true,false,false,14,40,26,33,19,2256,2,2,2,25,21,22,21,304,80,11,2,""
"productionLine_v2/both/wDYvpH7v5DovkQuei_inv10.als",true,false,false,20,64,30,61,37,4272,2,6,2,48,40,40,40,2472,304,71,3,""
"productionLine_v2/both/ySMmhEqt5KLAsLPC9_inv4.als",true,false,false,18,40,23,36,26,3040,2,2,2,32,28,30,28,1400,176,45,3,""
"productionLine_v2/both/zjeyBPLpBhwZwtzsz_inv10.als",true,false,false,11,51,27,44,26,3040,2,3,2,33,28,28,28,1376,176,42,3,""
"productionLine_v2/correct/6yiiBwBY5PdJxWwu5_inv9.als",true,false,false,26,86,39,73,48,5504,2,4,2,65,59,59,59,6176,408,188,6,""
"productionLine_v2/correct/7pdMD9XbzBhW49Nx5_inv1.als",true,false,false,7,27,18,22,17,2032,2,1,2,17,14,14,14,320,80,11,2,""
"productionLine_v2/correct/8AieDLNfp3zMFs2iF_inv6.als",true,false,false,0,32,22,28,15,1808,2,2,2,18,14,14,14,256,80,9,2,""
"productionLine_v2/correct/8qc55ALvAtN2onxxG_inv3.als",false,true,false,-1,26,0,0,0,0,0,0,0,0,0,0,0,0,0,0,0,""
"productionLine_v2/correct/9boqmR3EF8hMiv5L3_inv1.als",true,false,false,1,20,14,12,7,912,2,0,2,14,12,12,12,752,176,23,3,""
"productionLine_v2/correct/AqKATHLMYSGKzpArG_inv4.als",true,false,false,11,64,33,66,42,4832,2,6,2,49,41,43,41,9512,256,286,12,""
"productionLine_v2/correct/AyfsSo792h6gnHqRm_inv2.als",true,false,false,20,37,22,32,27,3152,2,2,2,29,25,25,25,352,112,12,2,""
"productionLine_v2/correct/AzgZ6Abn62K82Nqrw_inv8.als",true,false,false,19,53,30,49,32,3712,2,4,2,38,32,33,32,1824,304,54,3,""
"productionLine_v2/correct/BzCYnK4aqdcYQJSS7_inv2.als",true,false,false,25,42,23,39,34,3936,2,3,2,34,29,29,29,384,144,13,2,""
"productionLine_v2/correct/DDpADHbMgXBmJTLBN_inv4.als",true,false,false,20,44,25,38,26,3040,2,2,2,34,30,32,30,1400,176,45,3,""
"productionLine_v2/correct/EpGtDY4pyN9c4cB7i_inv1.als",true,false,false,7,27,18,22,17,2032,2,1,2,17,14,14,14,320,80,11,2,""
"productionLine_v2/correct/FKS9XndqP3rJNNp36_inv8.als",true,false,false,15,36,23,27,19,2256,2,1,2,25,22,23,22,400,48,14,2,""
"productionLine_v2/correct/GxfMR8Q3yqSox7PCs_inv4.als",true,false,false,13,64,32,66,42,4832,2,6,2,49,41,43,41,9512,256,286,12,""
"productionLine_v2/correct/HCWkhWJtBJpxieYJd_inv6.als",true,false,false,0,32,22,28,15,1808,2,2,2,18,14,14,14,256,80,9,2,""
"productionLine_v2/correct/JMp3rrep3xc6WoBKT_inv1.als",true,false,false,7,27,18,22,17,2032,2,1,2,17,14,14,14,320,80,11,2,""
"productionLine_v2/correct/JQ5eSzumvR2DQZpHS_inv4.als",true,false,false,13,64,32,66,42,4832,2,6,2,49,41,43,41,9512,256,286,12,""
"productionLine_v2/correct/LMzMTw7KBzs9PYL8P_inv3.als",true,false,false,19,50,27,50,39,4496,2,4,2,30,24,24,24,368,144,13,2,""
"productionLine_v2/correct/LnLng5yZ7Fgdspo9x_inv1.als",true,false,false,7,27,18,22,17,2032,2,1,2,17,14,14,14,320,80,11,2,""
"productionLine_v2/correct/NaCkLGiRsC9KijTNt_inv1.als",false,true,false,-1,20,0,0,0,0,0,0,0,0,0,0,0,0,0,0,0,""
"productionLine_v2/correct/NrL6Q5epYRWrgAqC2_inv2.als",true,false,false,25,42,23,39,34,3936,2,3,2,34,29,29,29,384,144,13,2,""
"productionLine_v2/correct/NxLYCGz6KoqxqQi8y_inv3.als",true,false,false,3,33,23,32,21,2480,2,3,2,16,11,11,11,272,112,10,2,""
"productionLine_v2/correct/PaKzuqwabBRwrC2og_inv4.als",true,false,false,19,35,21,31,26,3040,2,2,2,28,24,26,24,296,56,10,2,""
"productionLine_v2/correct/Pg7WqujokoZdhgBSJ_inv9.als",true,false,false,38,89,38,80,55,6288,2,5,2,71,64,64,64,6800,408,202,6,""
"productionLine_v2/correct/Py5gziK64re23vF7M_inv1.als",true,false,false,3,25,18,19,14,1696,2,1,2,15,12,12,12,784,176,24,3,""
"productionLine_v2/correct/SED6qaHPaqYWfSo2h_inv3.als",true,false,false,5,33,23,32,21,2480,2,3,2,16,11,11,11,272,112,10,2,""
"productionLine_v2/correct/SJLzd5Kyv4vAF4T2t_inv2.als",true,false,false,19,35,21,31,26,3040,2,2,2,28,24,24,24,352,112,12,2,""
"productionLine_v2/correct/TkLuitvmGAqEG26Kc_inv4.als",true,false,false,9,45,26,43,26,3040,2,3,2,37,32,34,32,5360,176,163,8,""
"productionLine_v2/correct/Tp5xNLL4MtQ9HFz4e_inv2.als",false,true,false,-1,20,0,0,0,0,0,0,0,0,0,0,0,0,0,0,0,""
"productionLine_v2/correct/X2np8Tyu5F5PjjZa2_inv4.als",true,false,false,4,54,29,52,28,3264,2,4,2,44,38,40,38,8408,176,256,12,""
"productionLine_v2/correct/XWwnNJrDN4oHXj7JR_inv1.als",true,false,false,7,27,18,22,17,2032,2,1,2,17,14,14,14,320,80,11,2,""
"productionLine_v2/correct/Xsn5CFpmw8chhQGhM_inv1.als",true,false,false,7,27,18,22,17,2032,2,1,2,17,14,14,14,320,80,11,2,""
"productionLine_v2/correct/ZYLWpf73WQgs99x9u_inv2.als",false,true,false,-1,20,0,0,0,0,0,0,0,0,0,0,0,0,0,0,0,""
"productionLine_v2/correct/cJ4CsRkmYGh8MkBhP_inv3.als",false,true,false,-1,26,0,0,0,0,0,0,0,0,0,0,0,0,0,0,0,""
"productionLine_v2/correct/hTqZg7PTnWhGZdRdm_inv7.als",true,false,false,11,44,27,40,23,2704,2,3,2,29,24,24,24,1296,256,40,3,""
"productionLine_v2/correct/hirdRd2eFGN6Zbj6v_inv2.als",true,false,false,25,42,23,39,34,3936,2,3,2,34,29,29,29,384,144,13,2,""
"productionLine_v2/correct/nbfXo2RCbKoCBcXGC_inv9.als",true,false,false,17,84,35,67,42,4832,2,3,2,61,56,56,56,5264,408,160,5,""
"productionLine_v2/correct/oFW8mS5C8mtX2xe84_inv4.als",true,false,false,19,35,21,31,26,3040,2,2,2,28,24,26,24,296,56,10,2,""
"productionLine_v2/correct/oXJBNQwLmc578PS3S_inv9.als",true,false,false,38,89,38,80,55,6288,2,5,2,71,64,64,64,6800,408,202,6,""
"productionLine_v2/correct/rm5J5X4qp9HDiCgc7_inv3.als",true,false,false,17,45,27,43,32,3712,2,3,2,26,21,21,21,336,112,12,2,""
"productionLine_v2/correct/rz7bvhgyP8nYcQDw6_inv3.als",true,false,false,3,33,23,32,21,2480,2,3,2,16,11,11,11,272,112,10,2,""
"productionLine_v2/correct/tykwuDuxPQX35PiBs_inv2.als",true,false,false,26,44,24,40,35,4048,2,3,2,35,30,30,30,384,144,13,2,""
"productionLine_v2/correct/u38TKZ4Fg9oyy9E3K_inv9.als",true,false,false,17,70,34,60,35,4048,2,2,2,50,46,46,46,4224,304,128,5,""
"productionLine_v2/correct/v2riJrmemK6QFsC56_inv4.als",true,false,false,19,35,21,31,26,3040,2,2,2,28,24,26,24,296,56,10,2,""
"productionLine_v2/correct/vAd5sh7mDAGz2pmSv_inv2.als",true,false,false,19,35,21,31,26,3040,2,2,2,28,24,24,24,352,112,12,2,""
"productionLine_v2/correct/wcLP5wC68pMv7Yyaa_inv2.als",true,false,false,27,49,24,47,42,4832,2,4,2,36,30,30,30,416,176,14,2,""
"productionLine_v2/correct/x9AEzo3uT8TdkFtMw_inv9.als",true,false,false,49,107,39,96,71,8080,2,6,2,82,74,75,74,8032,408,242,7,""
"productionLine_v2/over/DLZWdR3AvpgWmBsuT_inv6.als",true,false,false,6,26,18,20,15,1808,2,1,2,16,13,13,13,224,48,8,2,""
"productionLine_v2/over/DZbDEoLADG2cyEsv3_inv9.als",true,false,false,11,73,34,56,31,3600,2,2,2,52,48,49,48,4000,408,120,4,""
"productionLine_v2/over/FKF9prXFcAbW5z8Kd_inv9.als",true,false,false,12,75,35,57,32,3712,2,2,2,53,49,49,49,3920,408,118,4,""
"productionLine_v2/over/GYGdn5bSBF6435vkp_inv2.als",true,false,false,5,24,17,19,14,1696,2,1,2,15,12,12,12,256,80,9,2,""
"productionLine_v2/over/HvhiXJhTe9eLzxsng_inv10.als",true,false,false,27,77,33,69,45,5168,2,5,2,53,46,46,46,1792,176,56,3,""
"productionLine_v2/over/JQ2DFbRZhB4AvQbxZ_inv10.als",true,false,false,29,78,33,69,45,5168,2,5,2,53,46,46,46,2080,176,66,3,""
"productionLine_v2/over/Lvj8huaqgAogsQ2dE_inv5.als",true,false,false,14,57,31,52,31,3600,2,3,2,35,30,31,30,1472,256,46,3,""
"productionLine_v2/over/YtyfFQnLKjCxZCmkQ_inv5.als",true,false,false,14,48,27,42,23,2704,2,2,2,30,26,26,26,1168,176,38,3,""
"productionLine_v2/over/ZrEcHrCgLEMxBTHdx_inv9.als",true,false,false,19,63,32,51,27,3152,2,2,2,43,39,39,39,2320,304,70,3,""
"productionLine_v2/over/dqiPCb8kw9R4xc3fH_inv5.als",true,false,false,19,70,30,64,43,4944,2,4,2,44,38,38,38,1472,144,49,2,""
"productionLine_v2/over/eF6hSSWM2Mx5a4jvi_inv5.als",true,false,false,22,59,30,55,34,3936,2,4,2,38,32,32,32,1760,304,54,3,""
"productionLine_v2/over/ggSB5pN6cZrE6NptS_inv7.als",true,false,false,10,41,26,37,20,2368,2,3,2,27,22,22,22,1104,176,35,3,""
"productionLine_v2/over/gucGwLETYcnMYjST4_inv7.als",true,false,false,11,36,24,31,19,2256,2,2,2,21,17,17,17,304,80,11,2,""
"productionLine_v2/over/ksbEahnxvC7s7Rebr_inv7.als",true,false,false,2,44,29,37,20,2368,2,2,2,27,23,23,23,1552,176,47,4,""
"productionLine_v2/over/oLD74cgLZG5DiaJYz_inv2.als",true,false,false,9,26,17,17,12,1472,2,0,2,18,16,16,16,288,48,10,2,""
"productionLine_v2/over/pfQF77Ew3GkxkKtJq_inv8.als",true,false,false,13,45,28,37,20,2368,2,2,2,29,25,26,25,1072,176,34,3,""
"productionLine_v2/over/s4G6swui9j59PNpjh_inv9.als",true,false,false,19,66,35,57,32,3712,2,2,2,47,43,43,43,3024,256,94,4,""
"productionLine_v2/over/sQ57c8Wcxvotk2PYA_inv9.als",true,false,false,30,102,36,83,58,6624,2,4,2,75,69,70,69,7576,592,224,6,""
"productionLine_v2/over/tRxqAERTzJNJaZ6ar_inv9.als",true,false,false,12,74,35,57,32,3712,2,2,2,53,49,50,49,4112,408,124,4,""
"productionLine_v2/over/udBmbBjfF9Qz4BDLk_inv9.als",true,false,false,33,83,34,74,49,5616,2,5,2,63,56,56,56,5616,304,171,6,""
"productionLine_v2/over/ydfKnWi8Gqxb7B8BC_inv9.als",true,false,false,38,103,37,84,59,6736,2,4,2,76,70,70,70,7880,808,222,6,""
"productionLine_v2/over/yhxJZ2ZBv2gKubuEv_inv6.als",true,false,false,9,36,23,31,18,2144,2,2,2,20,16,16,16,304,80,11,2,""
"productionLine_v2/over/zPhWtifXj95vRpj7E_inv5.als",true,false,false,22,61,30,57,36,4160,2,4,2,38,32,32,32,1760,304,54,3,""
"productionLine_v2/under/4q2yNgrCkKmQZQdRn_inv6.als",true,false,false,9,38,25,36,23,2704,2,3,2,22,17,17,17,400,112,14,2,""
"productionLine_v2/under/6b5X4pojbQbriatAE_inv9.als",true,false,false,20,66,34,56,31,3600,2,3,2,42,37,37,37,2176,256,68,3,""
"productionLine_v2/under/7DYTtDwCe7dKvNLTu_inv2.als",true,false,false,12,33,21,29,24,2816,2,2,2,20,16,16,16,352,112,12,2,""
"productionLine_v2/under/DLfA7LpavmhdgWtq5_inv4.als",true,false,false,16,48,27,48,26,3040,2,4,2,34,28,30,28,1480,176,47,3,""
"productionLine_v2/under/Dto2XqDivCvwqpR69_inv4.als",true,false,false,11,54,29,52,28,3264,2,4,2,40,34,36,34,5592,176,172,8,""
"productionLine_v2/under/GnAjWfbfpAfz8JgSg_inv5.als",true,false,false,15,44,27,38,23,2704,2,2,2,26,22,22,22,416,80,15,2,""
"productionLine_v2/under/JvgdGjsgL3PR6Gkao_inv6.als",true,false,false,2,30,21,27,15,1808,2,2,2,17,13,13,13,256,80,9,2,""
"productionLine_v2/under/Niu4eEsWBnfaEDYuE_inv9.als",true,false,false,22,49,28,40,27,3152,2,2,2,33,29,29,29,560,80,19,2,""
"productionLine_v2/under/QEEYPamP2dMiDkvoy_inv2.als",true,false,false,20,37,21,32,27,3152,2,2,2,29,25,25,25,352,112,12,2,""
"productionLine_v2/under/Sxejis4fuRuYEN4Lt_inv6.als",true,false,false,5,31,21,27,15,1808,2,2,2,17,13,13,13,256,80,9,2,""
"productionLine_v2/under/XnjAP46KKCum5LEcY_inv2.als",true,false,false,38,60,26,59,54,6176,2,5,2,47,40,40,40,448,208,15,2,""
"productionLine_v2/under/aYpi2ossa69vPFcGu_inv9.als",true,false,false,18,60,32,52,27,3152,2,3,2,38,33,33,33,1680,256,52,3,""
"productionLine_v2/under/an95zHqwDDTS5jGgo_inv2.als",true,false,false,12,33,20,29,24,2816,2,2,2,20,16,16,16,352,112,12,2,""
"productionLine_v2/under/cNfnKyC6ufcNqfk5T_inv9.als",true,false,false,2,64,34,51,27,3152,2,2,2,47,43,43,43,3408,304,103,4,""
"productionLine_v2/under/csZEDqa9Cw2KLNRpx_inv4.als",true,false,false,5,52,28,52,28,3264,2,4,2,44,38,42,38,8024,176,240,12,""
"productionLine_v2/under/dAATnGqQ8a48XkhFc_inv5.als",true,false,false,26,68,31,64,43,4944,2,4,2,42,36,36,36,2016,304,62,3,""
"productionLine_v2/under/im3THc2ThbufZAagE_inv1.als",true,false,false,13,38,23,33,28,3264,2,2,2,23,19,19,19,416,112,14,2,""
"productionLine_v2/under/juj6E426EQFBDqzB8_inv10.als",true,false,false,11,61,30,58,34,3936,2,5,2,35,28,28,28,1456,176,44,3,""
"productionLine_v2/under/kmDBYqvx92eDbyhYz_inv2.als",true,false,false,22,39,24,34,29,3376,2,2,2,31,27,27,27,352,112,12,2,""
"productionLine_v2/under/m2ZGn2EQ23ZpNgpwc_inv9.als",true,false,false,54,91,39,81,60,6960,2,5,2,83,76,77,76,6640,408,199,6,""
"productionLine_v2/under/m6qfnZaCGmkAqSJzi_inv4.als",true,false,false,19,45,27,43,26,3040,2,4,2,34,28,30,28,728,136,24,2,""
"productionLine_v2/under/njcMzaAC69qNNSM9G_inv6.als",true,false,false,17,44,27,40,27,3152,2,3,2,28,23,23,23,528,112,18,2,""
"productionLine_v2/under/oNZ2rqD8ApE5Bejiv_inv6.als",true,false,false,11,35,24,32,19,2256,2,3,2,22,17,17,17,400,112,14,2,""
"productionLine_v2/under/paJruXvckDsrSeteg_inv10.als",true,false,false,16,57,28,48,26,3040,2,3,2,35,30,30,30,912,96,29,2,""
"productionLine_v2/under/q4SMyuXyeHwMuGE2j_inv4.als",true,false,false,17,67,32,68,44,5056,2,6,2,52,44,46,44,10728,304,314,12,""
"productionLine_v2/under/ztPQZWebh8kxhaxqh_inv2.als",true,false,false,4,20,14,12,7,912,2,0,2,14,12,12,12,224,48,8,2,""
"socialMedia/both/2khZvGqYj3sB4HnYX_inv7.als",true,false,false,71,81,30,70,80,9088,2,5,2,89,82,82,82,2656,176,84,2,""
"socialMedia/both/2xxCqnJck3R7dMehS_inv3.als",true,false,false,22,62,33,58,40,4608,2,4,2,38,32,32,32,896,144,29,2,""
"socialMedia/both/3HhGRWExEMnYMQDdh_inv3.als",true,false,false,22,59,33,53,35,4048,2,4,2,39,33,33,33,1024,144,33,2,""
"socialMedia/both/3R8vNPHWz4T45ofHF_inv2.als",true,false,false,11,30,22,27,15,1808,2,2,2,21,17,17,17,320,80,11,2,""
"socialMedia/both/3T8FpahF2Pqsmkcug_inv3.als",true,false,false,24,68,33,64,46,5280,2,4,2,41,35,35,35,896,144,29,2,""
"socialMedia/both/3w2nPTkd6m9DSEy4x_inv7.als",true,false,false,27,61,28,56,34,3936,2,4,2,44,38,38,38,1152,144,37,2,""
"socialMedia/both/4Q7qMzWnGZwfZ2N7H_inv5.als",true,false,false,12,43,26,39,25,2928,2,3,2,25,20,20,20,480,112,16,2,""
"socialMedia/both/5LjMeyG93FfbExa2L_inv7.als",true,false,false,29,65,28,56,34,3936,2,4,2,44,38,38,38,1152,144,37,2,""
"socialMedia/both/5SM8hHRYSpBeqBbTY_inv3.als",true,false,false,28,62,30,57,39,4496,2,4,2,43,37,37,37,832,144,27,2,""
"socialMedia/both/5htiCRQ5aJrBzvrhZ_inv5.als",true,false,false,8,37,24,35,21,2480,2,3,2,19,14,14,14,352,112,12,2,""
"socialMedia/both/5oyofWsAoN9TnYMrq_inv4.als",true,false,false,15,61,27,57,43,4944,2,4,2,36,30,30,30,1888,304,54,3,""
"socialMedia/both/5w75zc3s7SPyJRKRX_inv1.als",true,false,false,5,33,23,32,21,2480,2,3,2,16,11,11,11,272,112,10,2,""
"socialMedia/both/5z2m8DZMZzA3RyCQ5_inv7.als",true,false,false,22,58,27,52,30,3488,2,3,2,38,33,33,33,800,112,26,2,""
"socialMedia/both/6vjL9Wt2dARb9DEzJ_inv3.als",true,false,false,17,58,31,52,34,3936,2,3,2,33,28,28,28,800,112,26,2,""
"socialMedia/both/6yeu5xqCLyqcZgNsF_inv5.als",true,false,false,7,35,24,33,19,2256,2,3,2,19,14,14,14,352,112,12,2,""
"socialMedia/both/8A6ceCbY2nJGbiN4H_inv5.als",true,false,false,11,42,26,39,25,2928,2,3,2,23,18,18,18,480,112,16,2,""
"socialMedia/both/8GFpb27rr7BAWjQmN_inv7.als",true,false,false,48,78,31,73,51,5952,2,5,2,65,58,58,58,1696,176,54,2,""
"socialMedia/both/8nih524faRabTSekF_inv5.als",true,false,false,7,37,24,35,21,2480,2,3,2,19,14,14,14,352,112,12,2,""
"socialMedia/both/9SkNo8Nok8iei6J7c_inv3.als",true,false,false,8,46,26,38,20,2368,2,2,2,27,23,23,23,576,80,19,2,""
"socialMedia/both/9Sq8j8RZ2q5vpdnwv_inv3.als",true,false,false,17,55,31,51,33,3824,2,4,2,34,28,28,28,832,144,27,2,""
"socialMedia/both/9g5Lh5RGweCKdLqvt_inv7.als",true,false,false,67,81,31,77,82,9312,2,5,2,88,81,81,81,2656,176,84,2,""
"socialMedia/both/A4X5vxqKZgX2WyxN9_inv5.als",true,false,false,3,32,23,28,16,1920,2,2,2,18,14,14,14,848,176,26,3,""
"socialMedia/both/AMnXXvxHsp3qp69ws_inv8.als",true,false,false,23,71,33,58,33,3824,2,3,2,46,41,41,41,1504,176,46,3,""
"socialMedia/both/AQDcJLCNDtPPDZtgY_inv7.als",true,false,false,26,65,32,61,39,4496,2,4,2,45,39,39,39,1024,144,33,2,""
"socialMedia/both/AzJPCqQTfSfs9smdn_inv3.als",true,false,false,20,64,33,58,40,4608,2,4,2,37,31,31,31,960,144,31,2,""
"socialMedia/both/B5EGZJqmajLcAirmz_inv3.als",true,false,false,45,80,35,77,59,6736,2,6,2,61,53,53,53,1216,208,39,2,""
"socialMedia/both/BWw38wFxzjXFBfXwt_inv7.als",true,false,false,11,44,23,38,24,2816,2,2,2,27,23,23,23,448,80,15,2,""
"socialMedia/both/BapHcy3JwpZ2REDz8_inv5.als",true,false,false,7,32,23,28,16,1920,2,2,2,18,14,14,14,320,80,11,2,""
"socialMedia/both/CCRoeSsne3Jsaejvk_inv3.als",true,false,false,11,43,26,39,21,2480,2,3,2,28,23,23,23,608,112,20,2,""
"socialMedia/both/CEiM3v4phM34jfgT9_inv7.als",true,false,false,44,81,29,78,56,6400,2,4,2,61,55,55,55,1280,144,41,2,""
"socialMedia/both/CYoNJzRW6Eeuzarni_inv8.als",true,false,false,23,61,33,51,27,3152,2,3,2,40,35,35,35,1248,176,38,3,""
"socialMedia/both/CeXfaPpcRRMijrsQn_inv5.als",true,false,false,8,37,24,35,21,2480,2,3,2,19,14,14,14,352,112,12,2,""
"socialMedia/both/CjuRPETCWmKKYhYsT_inv7.als",true,false,false,32,55,27,50,44,5056,2,3,2,53,48,48,48,1440,112,46,2,""
"socialMedia/both/CysPGMrrxq7YFGdBf_inv7.als",true,false,false,41,68,29,65,43,4944,2,5,2,58,51,51,51,1568,176,50,2,""
"socialMedia/both/D8pqxi9EM9kt86vev_inv3.als",true,false,false,18,57,31,53,35,4048,2,4,2,34,28,28,28,832,144,27,2,""
"socialMedia/both/D9Wc99T9HeJBFb7Hr_inv6.als",true,false,false,13,55,29,54,34,3936,2,5,2,28,21,21,21,656,176,21,2,""
"socialMedia/both/DXb69cN2sJ2PjR9Fo_inv5.als",true,false,false,8,38,24,35,21,2480,2,3,2,19,14,14,14,352,112,12,2,""
"socialMedia/both/DphFnNDG28muvCREi_inv4.als",true,false,false,16,51,25,48,34,3936,2,4,2,37,31,31,31,1024,144,33,2,""
"socialMedia/both/DrxH2eJiRsGddrqWq_inv4.als",true,false,false,10,34,22,29,16,1920,2,2,2,23,19,19,19,448,80,15,2,""
"socialMedia/both/DtRsK6uBKWEedPBCy_inv3.als",true,false,false,11,43,26,39,21,2480,2,3,2,28,23,23,23,608,112,20,2,""
"socialMedia/both/EEeyfwY4qdqwpHHAn_inv5.als",true,false,false,14,42,27,38,24,2816,2,3,2,26,21,21,21,608,112,20,2,""
"socialMedia/both/Eomyo34jgrF6gva8w_inv4.als",true,false,false,7,46,25,41,27,3152,2,3,2,29,24,24,24,1264,176,39,3,""
"socialMedia/both/EuZm29Dzr6XH3rscM_inv1.als",true,false,false,3,26,20,24,13,1584,2,2,2,14,10,10,10,192,80,7,2,""
"socialMedia/both/F6cjBANgDjEewbpRH_inv5.als",true,false,false,9,37,25,35,21,2480,2,3,2,19,14,14,14,352,112,12,2,""
"socialMedia/both/FAwS67LHqQqC7gqtz_inv4.als",true,false,false,5,46,24,41,27,3152,2,3,2,29,24,24,24,1264,176,39,3,""
"socialMedia/both/GDLiBD7sdroJcAsbT_inv3.als",true,false,false,26,69,34,64,46,5280,2,4,2,41,35,35,35,896,144,29,2,""
"socialMedia/both/GJFmcjShsNA9SXwDo_inv3.als",true,false,false,34,71,34,67,49,5616,2,5,2,50,43,43,43,992,176,32,2,""
"socialMedia/both/GYxC7jKLykcSHFjrJ_inv7.als",true,false,false,27,61,28,56,34,3936,2,4,2,44,38,38,38,1152,144,37,2,""
"socialMedia/both/HcgpTBj3cbYTqdLTb_inv7.als",true,false,false,21,57,25,49,27,3152,2,2,2,36,32,32,32,704,80,23,2,""
"socialMedia/both/J8L64cvbKKhoRa4Gw_inv6.als",true,false,false,10,38,25,35,22,2592,2,3,2,20,15,15,15,208,96,7,2,""
"socialMedia/both/JPnppFdafi5TxSvAi_inv3.als",true,false,false,39,70,36,67,49,5616,2,6,2,54,46,46,46,1024,208,33,2,""
"socialMedia/both/Jx2s9hmiHHZDAJLYZ_inv5.als",true,false,false,11,37,25,33,19,2256,2,3,2,23,18,18,18,480,112,16,2,""
"socialMedia/both/K2WM98yHyPrBKHwEi_inv7.als",true,false,false,40,77,29,74,52,5952,2,4,2,56,50,50,50,1408,144,45,2,""
"socialMedia/both/KEguN4pe8XZMJdnSv_inv3.als",true,false,false,10,40,25,34,20,2368,2,2,2,22,18,18,18,320,80,11,2,""
"socialMedia/both/KSkjKbjFsCWH6mBda_inv7.als",true,false,false,26,74,29,68,46,5280,2,4,2,42,36,36,36,1088,144,35,2,""
"socialMedia/both/Kbz5xcNAvcmitPL27_inv8.als",true,false,false,10,61,34,54,29,3376,2,4,2,43,37,37,37,2328,176,70,4,""
"socialMedia/both/KvNi94FoofRSwx4Zy_inv7.als",true,false,false,46,74,29,70,48,5504,2,5,2,63,56,56,56,1760,176,56,2,""
"socialMedia/both/L2aPBBrHvmNqkwcZQ_inv3.als",true,false,false,11,43,27,38,20,2368,2,2,2,26,22,22,22,576,80,19,2,""
"socialMedia/both/Lu8nbQcw7dtEkY53N_inv5.als",true,false,false,16,43,26,39,25,2928,2,3,2,28,23,23,23,608,112,20,2,""
"socialMedia/both/LvhgSXS9RQYCfDGvY_inv8.als",true,false,false,18,58,33,49,27,3152,2,3,2,38,33,33,33,1248,176,38,3,""
"socialMedia/both/M8y2doQL3h46xMPXB_inv4.als",true,false,false,19,49,27,43,29,3376,2,3,2,35,30,30,30,864,112,28,2,""
"socialMedia/both/MmgY6YSGtBtDnsYdB_inv5.als",true,false,false,7,33,24,29,16,1920,2,2,2,19,15,15,15,320,80,11,2,""
"socialMedia/both/NDxuTMDDXHoGBZwnq_inv5.als",true,false,false,34,55,30,54,40,4608,2,5,2,46,39,39,39,544,176,18,2,""
"socialMedia/both/NKwFydMjq6ynpGnyW_inv6.als",true,false,false,15,55,30,54,34,3936,2,5,2,28,21,21,21,656,176,21,2,""
"socialMedia/both/NTZhwp65zXGcKKWsM_inv5.als",true,false,false,8,37,24,35,21,2480,2,3,2,19,14,14,14,352,112,12,2,""
"socialMedia/both/NiPxErrWi3BLv2oMn_inv7.als",true,false,false,12,52,24,44,24,2816,2,2,2,32,28,28,28,1104,176,34,3,""
"socialMedia/both/NmwvynYtavGwspuAa_inv5.als",true,false,false,11,42,26,39,25,2928,2,3,2,23,18,18,18,480,112,16,2,""
"socialMedia/both/PhxQxhnw76fDAjriN_inv8.als",true,false,false,21,75,36,71,46,5280,2,5,2,44,37,37,37,2048,304,58,3,""
"socialMedia/both/PzNXjpNqrmLvPMicE_inv4.als",true,false,false,18,62,27,57,43,4944,2,4,2,36,30,30,30,1888,304,54,3,""
"socialMedia/both/QKCkTxWvaGaiN78qj_inv7.als",true,false,false,12,52,24,44,24,2816,2,2,2,32,28,28,28,1104,176,34,3,""
"socialMedia/both/QWdnWaPJpAnDwZhdr_inv7.als",true,false,false,38,58,27,51,45,5168,2,4,2,56,50,50,50,1600,144,51,2,""
"socialMedia/both/QyqCRiretPPkkd5y6_inv4.als",true,false,false,12,54,28,50,36,4160,2,4,2,35,29,29,29,1696,256,51,3,""
"socialMedia/both/R6gyHiZcLkYN3Y8pm_inv5.als",true,false,false,11,36,25,33,19,2256,2,3,2,23,18,18,18,480,112,16,2,""
"socialMedia/both/RcrCY7ZkonxMhdwpK_inv5.als",true,false,false,8,32,23,28,16,1920,2,2,2,18,14,14,14,320,80,11,2,""
"socialMedia/both/RegvnqMje9jX2aeiE_inv3.als",true,false,false,9,43,26,39,21,2480,2,3,2,22,17,17,17,352,112,12,2,""
"socialMedia/both/RyHxsaaKEopWafC2m_inv3.als",true,false,false,13,56,29,52,34,3936,2,4,2,29,23,23,23,640,144,21,2,""
"socialMedia/both/SEpWSLcaPeWDRzoy6_inv5.als",true,false,false,8,35,24,33,19,2256,2,3,2,19,14,14,14,352,112,12,2,""
"socialMedia/both/SGC4NmgTHt7fy7KTT_inv5.als",true,false,false,7,32,23,28,16,1920,2,2,2,18,14,14,14,320,80,11,2,""
"socialMedia/both/SGbBJqhqNdiNhrcw6_inv7.als",true,false,false,22,61,27,56,34,3936,2,3,2,37,32,32,32,800,112,26,2,""
"socialMedia/both/SQSQeyYppDBxMePoC_inv5.als",true,false,false,8,32,23,28,16,1920,2,2,2,18,14,14,14,320,80,11,2,""
"socialMedia/both/T5z9FyEXyvLYs8igG_inv3.als",true,false,false,21,58,33,53,35,4048,2,4,2,39,33,33,33,1024,144,33,2,""
"socialMedia/both/TTRFnx4Tj4Ty5jzNG_inv7.als",true,false,false,28,61,28,56,34,3936,2,4,2,43,37,37,37,1024,144,33,2,""
"socialMedia/both/TcNxHKYte3YWsmd8n_inv5.als",true,false,false,11,36,25,33,19,2256,2,3,2,23,18,18,18,480,112,16,2,""
"socialMedia/both/TpjetahcXPSe72fR9_inv6.als",true,false,false,14,43,27,38,22,2592,2,3,2,27,22,22,22,576,96,19,2,""
"socialMedia/both/WEgMzmuY6NorT8pXk_inv8.als",true,false,false,21,66,34,60,35,4048,2,5,2,41,34,34,34,1728,256,51,3,""
"socialMedia/both/WLxrLBDXyaEYCnJPC_inv3.als",true,false,false,30,62,30,57,39,4496,2,4,2,45,39,39,39,832,144,27,2,""
"socialMedia/both/WTzfvgYLhZ3vD5Mum_inv2.als",true,false,false,5,27,20,25,14,1696,2,2,2,15,11,11,11,256,80,9,2,""
"socialMedia/both/WXnzoEqW3apFkPBGZ_inv5.als",true,false,false,11,37,25,34,20,2368,2,3,2,23,18,18,18,480,112,16,2,""
"socialMedia/both/WbqmSM9hG6cPcYW6G_inv5.als",true,false,false,17,48,27,45,31,3600,2,3,2,30,25,25,25,608,112,20,2,""
"socialMedia/both/WfCSmxHNtCq9iqiX3_inv6.als",true,false,false,13,51,31,51,31,3600,2,5,2,28,21,21,21,656,176,21,2,""
"socialMedia/both/XQrzwJQnWNFRYqP4B_inv4.als",true,false,false,12,38,23,35,21,2480,2,3,2,23,18,18,18,352,112,12,2,""
"socialMedia/both/XbaiXhRFbPeGobvcS_inv8.als",true,false,false,22,70,37,65,40,4608,2,5,2,46,39,39,39,2240,176,67,4,""
"socialMedia/both/YEu8owzhxQzpwDHoK_inv3.als",true,false,false,9,46,28,41,23,2704,2,3,2,26,21,21,21,544,112,18,2,""
"socialMedia/both/YTrkMC8RJmhHGeGnP_inv7.als",true,false,false,61,77,30,72,74,8416,2,5,2,82,75,75,75,2464,176,78,2,""
"socialMedia/both/ZXkh59M8xtrrCQRRb_inv8.als",true,false,false,24,69,36,65,40,4608,2,5,2,46,39,39,39,2176,304,62,3,""
"socialMedia/both/aFzrwZktkHwKS3doQ_inv8.als",true,false,false,19,64,35,57,32,3712,2,4,2,44,38,38,38,1944,256,58,3,""
"socialMedia/both/asX64berBj6Xj2J3A_inv4.als",true,false,false,5,46,24,41,27,3152,2,3,2,29,24,24,24,1264,176,39,3,""
"socialMedia/both/b8NhwShkLnHCK227n_inv8.als",true,false,false,25,71,35,60,35,4048,2,3,2,48,43,43,43,1104,96,35,2,""
"socialMedia/both/beK2LcDbwFKpRwG2q_inv7.als",true,false,false,58,74,28,65,68,7744,2,5,2,77,70,70,70,1760,176,56,2,""
"socialMedia/both/cW3xDb3LDgvCJLSw3_inv1.als",true,false,false,5,33,22,32,21,2480,2,3,2,16,11,11,11,272,112,10,2,""
"socialMedia/both/ci2gMjNZmyyBxzwjm_inv8.als",true,false,false,21,64,34,58,33,3824,2,5,2,41,34,34,34,1728,256,51,3,""
"socialMedia/both/dmag8LkLT3JBWGHHJ_inv4.als",true,false,false,18,61,27,58,44,5056,2,4,2,37,31,31,31,1696,256,51,3,""
"socialMedia/both/dnbpHXy7tn3SXpcFC_inv3.als",true,false,false,14,52,30,45,27,3152,2,3,2,31,26,26,26,672,112,22,2,""
"socialMedia/both/e7T7hML6C37Ctu6mH_inv7.als",true,false,false,58,74,28,65,68,7744,2,5,2,77,70,70,70,1760,176,56,2,""
"socialMedia/both/eW7DvvTKuAEkntzdk_inv1.als",true,false,false,10,37,25,36,25,2928,2,3,2,21,16,16,16,336,112,12,2,""
"socialMedia/both/ek5nxhsf78TywT33L_inv7.als",true,false,false,37,78,29,67,45,5168,2,4,2,52,46,46,46,1408,144,45,2,""
"socialMedia/both/eyAAkJJzNW9tS2ddK_inv7.als",true,false,false,23,55,27,51,29,3376,2,4,2,38,32,32,32,832,144,27,2,""
"socialMedia/both/f8vBnmqrqQErz7PL8_inv7.als",true,false,false,29,70,30,65,43,4944,2,4,2,48,42,42,42,1280,144,41,2,""
"socialMedia/both/fAK43Aas5dpkWjht6_inv5.als",true,false,false,12,39,25,37,23,2704,2,3,2,25,20,20,20,480,112,16,2,""
"socialMedia/both/fX4N5RF3CiomSHLco_inv7.als",true,false,false,23,55,27,51,29,3376,2,4,2,38,32,32,32,832,144,27,2,""
"socialMedia/both/ftjGFLYhfiaDMpjAQ_inv4.als",true,false,false,11,40,24,36,22,2592,2,3,2,24,19,19,19,480,112,16,2,""
"socialMedia/both/gAfjXqfJiP3QFMyKg_inv6.als",true,false,false,6,41,27,37,22,2592,2,3,2,22,17,17,17,864,176,26,3,""
"socialMedia/both/gBJMgbMcFAqkyC9xg_inv4.als",true,false,false,5,46,24,41,27,3152,2,3,2,29,24,24,24,1264,176,39,3,""
"socialMedia/both/gPPvBJTwQx5mproPx_inv7.als",true,false,false,22,57,26,52,30,3488,2,3,2,39,34,34,34,928,112,30,2,""
"socialMedia/both/h55zbq7zkfLQ6SiaS_inv7.als",true,false,false,54,74,28,63,72,8192,2,5,2,75,68,68,68,1888,176,60,2,""
"socialMedia/both/hJMW27wTWS7wxdZWB_inv7.als",true,false,false,29,67,28,60,38,4384,2,3,2,47,42,42,42,1184,112,38,2,""
"socialMedia/both/hNLkN7h3568koL5sP_inv3.als",true,false,false,20,62,33,58,40,4608,2,4,2,37,31,31,31,960,144,31,2,""
"socialMedia/both/hviAsudQhzi2hrjM5_inv3.als",true,false,false,66,112,35,109,91,10320,2,8,2,82,72,72,72,1664,272,53,2,""
"socialMedia/both/iPo6vTnYMbLqashSn_inv5.als",true,false,false,7,32,23,28,16,1920,2,2,2,18,14,14,14,320,80,11,2,""
"socialMedia/both/j9pXyxLszNWiuNkMT_inv7.als",true,false,false,21,57,25,49,27,3152,2,2,2,36,32,32,32,704,80,23,2,""
"socialMedia/both/jwZBL387v5bg3sdMX_inv1.als",true,false,false,28,56,28,56,45,5168,2,4,2,38,32,32,32,432,144,15,2,""
"socialMedia/both/k9Ra459iztpKGcsmz_inv7.als",true,false,false,43,64,30,58,40,4944,2,4,2,58,52,52,52,1600,144,51,2,""
"socialMedia/both/kj2bbzRtAKwNAafMX_inv3.als",true,false,false,30,79,34,70,52,5952,2,4,2,46,40,40,40,1344,144,43,2,""
"socialMedia/both/knfZDCznpgCaaWuWf_inv7.als",true,false,false,49,65,29,62,62,7072,2,5,2,69,62,62,62,2016,176,64,2,""
"socialMedia/both/m6Fikoyc3YNd3n8Mq_inv5.als",true,false,false,8,37,24,35,21,2480,2,3,2,19,14,14,14,352,112,12,2,""
"socialMedia/both/mYgi2vxY4FajhYzWY_inv8.als",true,false,false,14,58,31,49,27,3152,2,3,2,37,32,32,32,1376,176,42,3,""
"socialMedia/both/o4CyKQDgCd5vzGu3L_inv5.als",true,false,false,8,35,24,33,19,2256,2,3,2,19,14,14,14,352,112,12,2,""
"socialMedia/both/oKZEdRhnyN9rMYCkr_inv5.als",true,false,false,17,48,29,46,32,3712,2,3,2,29,24,24,24,480,112,16,2,""
"socialMedia/both/oSA45CGeTktKTLdRo_inv7.als",true,false,false,18,53,26,47,25,2928,2,3,2,36,31,31,31,800,112,26,2,""
"socialMedia/both/pFtFEvAnqTje6mAq8_inv3.als",true,false,false,18,52,31,46,28,3264,2,4,2,34,28,28,28,832,144,27,2,""
"socialMedia/both/pQju7BTwMin7N3ffR_inv4.als",true,false,false,3,46,24,41,27,3152,2,3,2,29,24,24,24,1264,176,39,3,""
"socialMedia/both/pf2SYt7AMub3Wy52r_inv3.als",true,false,false,20,67,32,61,43,4944,2,4,2,37,31,31,31,960,144,31,2,""
"socialMedia/both/piXdtPpvQwghnawgC_inv3.als",true,false,false,17,54,31,47,29,3376,2,3,2,34,29,29,29,800,112,26,2,""
"socialMedia/both/pjPR9LKSBzXBEfGnt_inv5.als",true,false,false,6,35,25,30,16,1920,2,2,2,20,16,16,16,848,176,26,3,""
"socialMedia/both/pvZz7baDgntrpdb7b_inv3.als",true,false,false,22,62,34,59,41,4720,2,5,2,37,30,30,30,864,176,28,2,""
"socialMedia/both/quzPkBxrRCaQXGZJt_inv7.als",true,false,false,27,61,28,56,34,3936,2,4,2,44,38,38,38,1152,144,37,2,""
"socialMedia/both/qwWAk4i8zn5WgA5gp_inv5.als",true,false,false,12,39,25,35,21,2480,2,2,2,24,20,20,20,448,80,15,2,""
"socialMedia/both/qyz2DP3Tr5m5EYdBH_inv7.als",true,false,false,26,65,32,61,39,4496,2,4,2,45,39,39,39,1152,144,37,2,""
"socialMedia/both/sLFcyZ995Tc6vuYzR_inv7.als",true,false,false,17,48,25,43,24,2816,2,3,2,32,27,27,27,608,112,20,2,""
"socialMedia/both/sWafwcyzB3b74ou5p_inv3.als",true,false,false,25,61,34,55,37,4272,2,4,2,40,34,34,34,768,144,25,2,""
"socialMedia/both/tFeD3LDRCYfoN7Rid_inv4.als",true,false,false,8,50,27,46,32,3712,2,4,2,30,24,24,24,1296,176,40,3,""
"socialMedia/both/tKZoXM4isq8XvfHRy_inv3.als",true,false,false,12,48,29,42,24,2816,2,3,2,27,22,22,22,480,112,16,2,""
"socialMedia/both/te7ZzT64BD5DLuj5M_inv6.als",true,false,false,10,43,26,41,22,2592,2,4,2,22,16,16,16,296,136,10,2,""
"socialMedia/both/uDBC9R2Fo4G8G9y2Z_inv7.als",true,false,false,17,65,27,57,35,4048,2,3,2,40,35,35,35,992,112,32,2,""
"socialMedia/both/uNXQ83fS3Cwu47ZXt_inv3.als",true,false,false,60,101,35,99,81,9200,2,9,2,76,65,65,65,1632,304,52,2,""
"socialMedia/both/uR9NQ8meu2fPWCsdE_inv3.als",true,false,false,21,67,34,65,47,5392,2,4,2,38,32,32,32,704,144,23,2,""
"socialMedia/both/uTiQqgkCTPYwZBZCP_inv3.als",true,false,false,13,53,29,48,30,3488,2,4,2,29,23,23,23,640,144,21,2,""
"socialMedia/both/ucME7HWaT2MaPpgyD_inv3.als",true,false,false,17,54,31,47,29,3376,2,3,2,35,30,30,30,864,112,28,2,""
"socialMedia/both/uweeZpyLzz6Nko5hN_inv5.als",true,false,false,8,37,24,35,21,2480,2,3,2,19,14,14,14,352,112,12,2,""
"socialMedia/both/v6tiyHpCEvGE6AK79_inv5.als",true,false,false,8,35,24,33,19,2256,2,3,2,19,14,14,14,352,112,12,2,""
"socialMedia/both/veZ8vEtTacxLRfPz7_inv7.als",true,false,false,46,74,29,70,48,5504,2,5,2,64,57,57,57,1632,176,52,2,""
"socialMedia/both/vptQpaSeN8xKfsNYw_inv7.als",true,false,false,28,61,28,56,34,3936,2,4,2,43,37,37,37,1024,144,33,2,""
"socialMedia/both/vzxnGZm3oJw8K2XRE_inv2.als",true,false,false,3,24,16,19,14,1696,2,1,2,15,12,12,12,224,48,8,2,""
"socialMedia/both/wRohSFYPWGnKiAnbK_inv7.als",true,false,false,51,83,29,78,56,6400,2,6,2,69,61,61,61,1984,208,63,2,""
"socialMedia/both/wS64y6QWKFQdArwqf_inv5.als",true,false,false,13,42,25,37,23,2704,2,2,2,26,22,22,22,448,80,15,2,""
"socialMedia/both/wyjiifCtzsvmjCuSh_inv7.als",true,false,false,15,63,26,52,30,3488,2,2,2,38,34,34,34,1168,176,36,3,""
"socialMedia/both/wzvMw5WYXDgQjJaZM_inv3.als",true,false,false,20,61,33,55,37,4272,2,4,2,37,31,31,31,960,144,31,2,""
"socialMedia/both/xSPXcXoNDFYtxsur5_inv8.als",true,false,false,19,65,32,59,34,3936,2,4,2,44,38,38,38,1944,256,58,3,""
"socialMedia/both/xpwtn69r8SzYJnZCm_inv5.als",true,false,false,10,42,26,39,25,2928,2,3,2,23,18,18,18,480,112,16,2,""
"socialMedia/both/yFehbEzmdjrnY46cT_inv3.als",true,false,false,23,58,33,53,35,4048,2,4,2,39,33,33,33,1024,144,33,2,""
"socialMedia/both/ybCp3ioSTLgabBKpc_inv5.als",true,false,false,8,37,24,35,21,2480,2,3,2,19,14,14,14,352,112,12,2,""
"socialMedia/both/z5txnESD9RCfwivNZ_inv7.als",true,false,false,62,70,29,65,70,7968,2,5,2,81,74,74,74,1888,176,60,2,""
"socialMedia/both/zkp53GsHv9ff49cNP_inv5.als",true,false,false,10,42,26,39,25,2928,2,3,2,23,18,18,18,480,112,16,2,""
"socialMedia/both/zzJvkSKGbeeGSgLR6_inv7.als",true,false,false,51,83,29,78,56,6400,2,6,2,69,61,61,61,1984,208,63,2,""
"socialMedia/correct/2Ckb7q5RBRNqYRRoG_inv3.als",true,false,false,16,56,31,50,32,3712,2,3,2,32,27,27,27,736,112,24,2,""
"socialMedia/correct/2HxSHXvPZcASPk4RK_inv4.als",true,false,false,8,49,25,43,29,3376,2,3,2,31,26,26,26,1264,176,39,3,""
"socialMedia/correct/3qLEm2Yzp4mjCDhmX_inv7.als",true,false,false,51,92,30,87,65,7408,2,5,2,68,61,61,61,1568,176,50,2,""
"socialMedia/correct/47EHPG8AWy3o3RsRz_inv1.als",true,false,false,0,26,20,24,13,1584,2,2,2,14,10,10,10,192,80,7,2,""
"socialMedia/correct/5sEZYKWMEhTgwxQG6_inv2.als",true,false,false,5,22,16,18,14,1696,2,1,2,14,11,11,11,224,48,8,2,""
"socialMedia/correct/692QbXRy9sfyRc2MP_inv2.als",true,false,false,4,29,20,26,14,1696,2,2,2,16,12,12,12,256,80,9,2,""
"socialMedia/correct/6TmmHWMuXLXiz8wng_inv3.als",true,false,false,17,54,31,47,29,3376,2,3,2,34,29,29,29,800,112,26,2,""
"socialMedia/correct/6o8sNPB3MN34HpfoT_inv6.als",true,false,false,10,43,26,41,22,2592,2,4,2,22,16,16,16,296,136,10,2,""
"socialMedia/correct/75BWQqQcLfvDDZ5N8_inv1.als",false,true,false,-1,26,0,0,0,0,0,0,0,0,0,0,0,0,0,0,0,""
"socialMedia/correct/7ddGX7WnGNp5C7AxE_inv1.als",true,false,false,7,28,22,26,15,1808,2,2,2,16,12,12,12,240,80,9,2,""
"socialMedia/correct/7in5GzKaGEcumv6d4_inv4.als",true,false,false,8,42,24,35,21,2480,2,2,2,29,25,25,25,1232,176,38,3,""
"socialMedia/correct/7wudm6nPLT2j8szBS_inv8.als",true,false,false,30,82,38,78,53,6064,2,5,2,54,47,47,47,2240,256,67,3,""
"socialMedia/correct/8DTy5jeiD23FXtPcA_inv3.als",true,false,false,17,56,31,49,31,3600,2,3,2,34,29,29,29,800,112,26,2,""
"socialMedia/correct/8MXFkANmoDAbwkyCx_inv7.als",true,false,false,59,71,30,67,72,8192,2,5,2,79,72,72,72,2336,176,74,2,""
"socialMedia/correct/8y5QJtJafRhWroZ9M_inv4.als",true,false,false,8,42,24,35,21,2480,2,2,2,29,25,25,25,1232,176,38,3,""
"socialMedia/correct/9fR2Ti3TtTuA9Tyzf_inv2.als",true,false,false,2,28,20,26,14,1696,2,2,2,16,12,12,12,256,80,9,2,""
"socialMedia/correct/9g6hmG8JTq3whZaFN_inv8.als",true,false,false,17,70,35,63,38,4384,2,4,2,42,36,36,36,1688,256,50,3,""
"socialMedia/correct/9kBxii4dEG8hnYtB9_inv3.als",true,false,false,12,46,28,38,20,2368,2,2,2,26,22,22,22,512,80,17,2,""
"socialMedia/correct/9rT9rBbwJoGFKbtao_inv2.als",true,false,false,4,29,20,26,14,1696,2,2,2,16,12,12,12,256,80,9,2,""
"socialMedia/correct/9txtFEveGRsmwXh4E_inv3.als",true,false,false,0,46,28,38,20,2368,2,2,2,26,22,22,22,512,80,17,2,""
"socialMedia/correct/9wL23HvAxL6tHfKjH_inv4.als",true,false,false,6,46,24,41,27,3152,2,3,2,32,27,27,27,1536,256,46,3,""
"socialMedia/correct/A5YJGuhx7fTXz6AAb_inv2.als",true,false,false,2,28,20,26,14,1696,2,2,2,16,12,12,12,256,80,9,2,""
"socialMedia/correct/ALyKZ6goLcssiGfPW_inv3.als",true,false,false,16,56,31,50,32,3712,2,3,2,32,27,27,27,736,112,24,2,""
"socialMedia/correct/ANcJtBaaD3ge5PEqX_inv4.als",true,false,false,7,44,24,39,25,2928,2,3,2,29,24,24,24,1264,176,39,3,""
"socialMedia/correct/AsujdEkSBgaiyZAit_inv3.als",true,false,false,0,46,28,38,20,2368,2,2,2,26,22,22,22,512,80,17,2,""
"socialMedia/correct/B7w4w9Fp7KQcTFDY6_inv6.als",true,false,false,13,55,30,55,35,4048,2,5,2,28,21,21,21,656,176,21,2,""
"socialMedia/correct/B88AyGF6mryRmigh5_inv1.als",true,false,false,38,61,29,63,52,5952,2,6,2,47,39,39,39,432,208,15,2,""
"socialMedia/correct/BgvdJKSBZtym6ryN3_inv8.als",true,false,false,9,68,33,61,36,4160,2,4,2,44,38,38,38,2344,256,69,4,""
"socialMedia/correct/Cjr54jvvrvqz7rKx8_inv2.als",true,false,false,0,28,20,26,14,1696,2,2,2,16,12,12,12,256,80,9,2,""
"socialMedia/correct/Cn2GY7bNA4fahffRE_inv7.als",true,false,false,59,75,30,71,75,8528,2,5,2,79,72,72,72,2336,176,74,2,""
"socialMedia/correct/DsTbpQey8s8mAyN47_inv4.als",true,false,false,8,49,25,44,30,3488,2,3,2,32,27,27,27,1536,256,46,3,""
"socialMedia/correct/E5jZ59Pwai2Az5HsD_inv4.als",true,false,false,5,46,23,41,27,3152,2,3,2,29,24,24,24,1264,176,39,3,""
"socialMedia/correct/ERNpiDLfzzGk49XNx_inv4.als",true,false,false,1,41,22,34,20,2368,2,2,2,28,24,24,24,1232,176,38,3,""
"socialMedia/correct/EbX5y4qa8xK8xucSi_inv1.als",true,false,false,5,33,23,32,21,2480,2,3,2,16,11,11,11,272,112,10,2,""
"socialMedia/correct/EiqpuD8sJ9ovDnqFT_inv1.als",true,false,false,0,26,20,24,13,1584,2,2,2,14,10,10,10,192,80,7,2,""
"socialMedia/correct/EkXHXEPR3xzstQPgY_inv1.als",true,false,false,42,63,27,65,54,6176,2,6,2,51,43,43,43,432,208,15,2,""
"socialMedia/correct/EzhEbpJdLhRsAmYNx_inv2.als",true,false,false,0,28,20,26,14,1696,2,2,2,16,12,12,12,256,80,9,2,""
"socialMedia/correct/FKCKknwQjcMinBL3y_inv3.als",true,false,false,0,46,28,38,20,2368,2,2,2,26,22,22,22,512,80,17,2,""
"socialMedia/correct/FYftiHMAt8Zvggrjp_inv4.als",true,false,false,8,51,25,46,32,3712,2,3,2,32,27,27,27,1536,256,46,3,""
"socialMedia/correct/Fj5KnWe7FpEprkeMZ_inv1.als",true,false,false,5,33,23,32,21,2480,2,3,2,16,11,11,11,272,112,10,2,""
"socialMedia/correct/FkSYDDfHMjSD8WrJ3_inv3.als",true,false,false,16,56,31,50,32,3712,2,3,2,32,27,27,27,736,112,24,2,""
"socialMedia/correct/G4LC7ZsoZLr29Y4q5_inv4.als",true,false,false,5,44,23,39,25,2928,2,3,2,29,24,24,24,1264,176,39,3,""
"socialMedia/correct/GFbNrEXvLKbzPoTxo_inv8.als",true,false,false,18,68,34,61,36,4160,2,4,2,42,36,36,36,1688,256,50,3,""
"socialMedia/correct/GJ447uRfeBz9FusRY_inv2.als",true,false,false,0,28,20,26,14,1696,2,2,2,16,12,12,12,256,80,9,2,""
"socialMedia/correct/Gm3LCXLXeksSGiy7E_inv6.als",true,false,false,11,40,25,36,22,2592,2,3,2,21,16,16,16,256,96,9,2,""
"socialMedia/correct/Go5jZDz6Hvt9FHEGD_inv8.als",true,false,false,17,68,34,60,35,4048,2,4,2,46,40,40,40,2216,256,65,4,""
"socialMedia/correct/H2A87WWSiYaFx98tG_inv3.als",true,false,false,12,46,28,38,20,2368,2,2,2,26,22,22,22,512,80,17,2,""
"socialMedia/correct/HP5PrwRxSJ2sdXjcc_inv6.als",true,false,false,11,40,25,36,22,2592,2,3,2,21,16,16,16,256,96,9,2,""
"socialMedia/correct/HYRDBXx4kkytfgczk_inv1.als",false,true,false,-1,26,0,0,0,0,0,0,0,0,0,0,0,0,0,0,0,""
"socialMedia/correct/HYXDBHhiE3qYfc6Yr_inv4.als",true,false,false,12,31,16,23,16,1920,2,1,2,22,19,19,19,288,48,10,2,""
"socialMedia/correct/Hx9aquThBqZSN8aRA_inv2.als",true,false,false,0,28,20,26,14,1696,2,2,2,16,12,12,12,256,80,9,2,""
"socialMedia/correct/Hzy92xEDP2TGyTpQm_inv8.als",true,false,false,16,68,34,61,36,4160,2,4,2,42,36,36,36,1688,256,50,3,""
"socialMedia/correct/JL2ZrtCj4teFNqbAu_inv2.als",true,false,false,0,28,20,26,14,1696,2,2,2,16,12,12,12,256,80,9,2,""
"socialMedia/correct/JaYjtoB8jb4YxGXh5_inv6.als",true,false,false,13,55,30,55,35,4048,2,5,2,28,21,21,21,656,176,21,2,""
"socialMedia/correct/JuN9AXkfxfmkyPpK9_inv1.als",true,false,false,6,23,17,18,13,1584,2,1,2,14,11,11,11,208,48,8,2,""
"socialMedia/correct/Kw8jENAg2R4woL2s5_inv4.als",true,false,false,5,41,22,34,20,2368,2,2,2,27,23,23,23,1104,176,34,3,""
"socialMedia/correct/L4XPLF7G3nvZoqhWn_inv1.als",true,false,false,5,33,23,32,21,2480,2,3,2,16,11,11,11,272,112,10,2,""
"socialMedia/correct/LYyAQaLXEGMRtreFA_inv6.als",true,false,false,11,55,30,55,35,4048,2,5,2,28,21,21,21,656,176,21,2,""
"socialMedia/correct/M744PYdSQWWgsHEtt_inv2.als",true,false,false,0,28,20,26,14,1696,2,2,2,16,12,12,12,256,80,9,2,""
"socialMedia/correct/MF3kZfCvBh8NbJ3kf_inv1.als",true,false,false,0,26,20,24,13,1584,2,2,2,14,10,10,10,192,80,7,2,""
"socialMedia/correct/MRArw5YxdgDcno2K2_inv1.als",true,false,false,7,28,22,26,15,1808,2,2,2,16,12,12,12,240,80,9,2,""
"socialMedia/correct/MaJqW7aQXsN6kbT2c_inv4.als",true,false,false,8,49,25,44,30,3488,2,3,2,32,27,27,27,1536,256,46,3,""
"socialMedia/correct/Mqt9Nf4peocJpgXjk_inv4.als",true,false,false,8,49,25,44,30,3488,2,3,2,32,27,27,27,1536,256,46,3,""
"socialMedia/correct/NWBqNsfuGfJfGLXu6_inv1.als",false,true,false,-1,26,0,0,0,0,0,0,0,0,0,0,0,0,0,0,0,""
"socialMedia/correct/PDkhqC3BNBzex6qqe_inv2.als",true,false,false,0,28,20,26,14,1696,2,2,2,16,12,12,12,256,80,9,2,""
"socialMedia/correct/PQwDzfojgMGaJXr6J_inv1.als",false,true,false,-1,26,0,0,0,0,0,0,0,0,0,0,0,0,0,0,0,""
"socialMedia/correct/PWRa46o8wcBFLJnAt_inv1.als",true,false,false,5,33,23,32,21,2480,2,3,2,16,11,11,11,272,112,10,2,""
"socialMedia/correct/Pf6vmaKjCouC7tz9z_inv1.als",true,false,false,5,33,23,32,21,2480,2,3,2,16,11,11,11,272,112,10,2,""
"socialMedia/correct/Pp9jfyuLvDijvum9o_inv1.als",true,false,false,5,33,23,32,21,2480,2,3,2,16,11,11,11,272,112,10,2,""
"socialMedia/correct/PyWwCWCbJgHxwKa9H_inv1.als",true,false,false,5,33,23,32,21,2480,2,3,2,16,11,11,11,272,112,10,2,""
"socialMedia/correct/Qvj6WtheGqFTZyW52_inv2.als",true,false,false,9,32,23,31,19,2256,2,3,2,21,16,16,16,352,112,12,2,""
"socialMedia/correct/R2xQEmPrX54X93zzr_inv1.als",true,false,false,5,33,23,32,21,2480,2,3,2,16,11,11,11,272,112,10,2,""
"socialMedia/correct/R4LG2Spn6sx3kE2zD_inv1.als",true,false,false,5,33,23,32,21,2480,2,3,2,16,11,11,11,272,112,10,2,""
"socialMedia/correct/RwodFzb7zmQZGDRAG_inv2.als",true,false,false,9,33,23,31,19,2256,2,3,2,21,16,16,16,352,112,12,2,""
"socialMedia/correct/SGKbHjeT6vLSu7Nda_inv3.als",true,false,false,17,56,31,50,32,3712,2,3,2,32,27,27,27,736,112,24,2,""
"socialMedia/correct/SdGgo4NS76DNgg3zG_inv8.als",true,false,false,29,77,37,71,46,5280,2,5,2,51,44,44,44,1968,176,60,3,""
"socialMedia/correct/Sew2Ab7A6XjeSSaac_inv4.als",true,false,false,7,44,24,37,23,2704,2,2,2,30,26,26,26,1360,176,42,3,""
"socialMedia/correct/SqQ58xEYznvooBxY2_inv1.als",true,false,false,0,26,20,24,13,1584,2,2,2,14,10,10,10,192,80,7,2,""
"socialMedia/correct/SuktFg43x8yvtTayG_inv1.als",false,true,false,-1,26,0,0,0,0,0,0,0,0,0,0,0,0,0,0,0,""
"socialMedia/correct/T2tWWNXjP5agWPte2_inv2.als",true,false,false,5,31,21,27,15,1808,2,2,2,16,12,12,12,256,80,9,2,""
"socialMedia/correct/TGChAPTpdLofzX9Js_inv6.als",true,false,false,10,43,26,41,22,2592,2,4,2,22,16,16,16,296,136,10,2,""
"socialMedia/correct/TJzQzysPBjkt6Cxyv_inv1.als",true,false,false,0,26,20,24,13,1584,2,2,2,14,10,10,10,192,80,7,2,""
"socialMedia/correct/WpNucr7Kxks9X76n7_inv6.als",true,false,false,13,53,30,53,33,3824,2,5,2,28,21,21,21,656,176,21,2,""
"socialMedia/correct/Wpm4FDX4qrLuT8jho_inv6.als",true,false,false,10,43,26,41,22,2592,2,4,2,22,16,16,16,296,136,10,2,""
"socialMedia/correct/XEbAXFtrfDs7Lnkt5_inv1.als",true,false,false,5,33,23,32,21,2480,2,3,2,16,11,11,11,272,112,10,2,""
"socialMedia/correct/XmExqqCQfwjqrRKyj_inv2.als",true,false,false,2,28,20,26,14,1696,2,2,2,16,12,12,12,256,80,9,2,""
"socialMedia/correct/XqS99XXtjvCtMyGXb_inv4.als",true,false,false,13,51,25,48,34,3936,2,4,2,36,30,30,30,1888,304,54,3,""
"socialMedia/correct/YKycAQueLSjvhvwFt_inv1.als",true,false,false,5,33,23,32,21,2480,2,3,2,16,11,11,11,272,112,10,2,""
"socialMedia/correct/YmdFcF9adwW8XZscz_inv3.als",true,false,false,16,58,31,52,34,3936,2,3,2,32,27,27,27,736,112,24,2,""
"socialMedia/correct/YuB5m7osHqFTgFdui_inv6.als",true,false,false,11,50,28,50,30,3488,2,5,2,28,21,21,21,656,176,21,2,""
"socialMedia/correct/Z5fScPZmp8SQyivix_inv4.als",true,false,false,13,54,27,50,36,4160,2,4,2,35,29,29,29,1696,256,51,3,""
"socialMedia/correct/ZjpTtTWpsn94EH6KN_inv2.als",true,false,false,0,28,20,26,14,1696,2,2,2,16,12,12,12,256,80,9,2,""
"socialMedia/correct/ZwnoChvGd7Btd2GXp_inv1.als",true,false,false,6,23,17,18,13,1584,2,1,2,14,11,11,11,208,48,8,2,""
"socialMedia/correct/as3vZoz36n2SQupvt_inv8.als",true,false,false,18,68,34,61,36,4160,2,4,2,42,36,36,36,1688,256,50,3,""
"socialMedia/correct/asF4kjKWgccCW2FdM_inv2.als",true,false,false,0,28,20,26,14,1696,2,2,2,16,12,12,12,256,80,9,2,""
"socialMedia/correct/bQb4BqaYnvvpM4S4L_inv8.als",true,false,false,18,68,34,61,36,4160,2,4,2,42,36,36,36,1688,256,50,3,""
"socialMedia/correct/bWM74QyQi6GF5wTJT_inv1.als",false,true,false,-1,26,0,0,0,0,0,0,0,0,0,0,0,0,0,0,0,""
"socialMedia/correct/c7kcaoN65BxH8tMaW_inv6.als",true,false,false,10,50,28,50,30,3488,2,5,2,27,20,20,20,528,176,17,2,""
"socialMedia/correct/cAwshXt4R6YH7fMKp_inv4.als",true,false,false,8,42,24,35,21,2480,2,2,2,29,25,25,25,1232,176,38,3,""
"socialMedia/correct/dEwcj63wMM8jpe3e3_inv1.als",true,false,false,7,28,22,26,15,1808,2,2,2,16,12,12,12,240,80,9,2,""
"socialMedia/correct/dHTEYASXjhRDP476P_inv1.als",true,false,false,0,26,20,24,13,1584,2,2,2,14,10,10,10,192,80,7,2,""
"socialMedia/correct/dJzTJGakFG3tPmxcX_inv2.als",true,false,false,0,28,20,26,14,1696,2,2,2,16,12,12,12,256,80,9,2,""
"socialMedia/correct/dLZCsZJRb2EJybJfS_inv6.als",true,false,false,10,50,28,50,30,3488,2,5,2,27,20,20,20,528,176,17,2,""
"socialMedia/correct/dXFsqNyPZS9vFz2Hh_inv3.als",true,false,false,4,49,30,40,22,2592,2,2,2,28,24,24,24,576,80,19,2,""
"socialMedia/correct/f7ki4RmpqXT7skerk_inv2.als",true,false,false,0,28,20,26,14,1696,2,2,2,16,12,12,12,256,80,9,2,""
"socialMedia/correct/fX7AHTahCCpr6GBob_inv1.als",true,false,false,54,76,29,72,61,6960,2,6,2,63,55,55,55,432,208,15,2,""
"socialMedia/correct/fc9EbvYLjEbfxQesS_inv3.als",true,false,false,16,56,31,50,32,3712,2,3,2,32,27,27,27,736,112,24,2,""
"socialMedia/correct/gADnMoajYF62G4pqX_inv2.als",true,false,false,0,28,20,26,14,1696,2,2,2,16,12,12,12,256,80,9,2,""
"socialMedia/correct/hWWhzfNDrbhTwEQZ8_inv4.als",true,false,false,8,42,24,35,21,2480,2,2,2,29,25,25,25,1232,176,38,3,""
"socialMedia/correct/hX6oKGqpygdBTpszq_inv6.als",true,false,false,10,43,26,41,22,2592,2,4,2,22,16,16,16,296,136,10,2,""
"socialMedia/correct/iL6LtoTSJ7JwhXEoq_inv1.als",true,false,false,5,33,23,32,21,2480,2,3,2,16,11,11,11,272,112,10,2,""
"socialMedia/correct/j5x3xtQyiX8qyrmqC_inv2.als",true,false,false,0,28,20,26,14,1696,2,2,2,16,12,12,12,256,80,9,2,""
"socialMedia/correct/jtNRbtCbD9ovvLmPC_inv8.als",true,false,false,15,66,34,58,33,3824,2,4,2,41,35,35,35,1544,176,47,3,""
"socialMedia/correct/mWoopW5fAHjwZpNKm_inv3.als",true,false,false,0,46,28,38,20,2368,2,2,2,26,22,22,22,512,80,17,2,""
"socialMedia/correct/magQjXTss83JqaWfu_inv2.als",true,false,false,0,28,20,26,14,1696,2,2,2,16,12,12,12,256,80,9,2,""
"socialMedia/correct/msnirLE7QB8WF8rJm_inv6.als",true,false,false,10,43,26,41,22,2592,2,4,2,22,16,16,16,296,136,10,2,""
"socialMedia/correct/nALi33noN254a2ekj_inv2.als",true,false,false,16,42,25,39,27,3152,2,3,2,27,22,22,22,480,112,16,2,""
"socialMedia/correct/nWuDHKH4v9vDTnDz4_inv3.als",true,false,false,8,46,28,38,20,2368,2,2,2,26,22,22,22,448,80,15,2,""
"socialMedia/correct/ntadA8M6cP3ZziEqx_inv6.als",true,false,false,7,43,26,38,22,2592,2,3,2,23,18,18,18,912,176,28,3,""
"socialMedia/correct/nvSDdecEcJnZWd7mR_inv3.als",true,false,false,0,46,28,38,20,2368,2,2,2,26,22,22,22,512,80,17,2,""
"socialMedia/correct/oCpBKCn4qXBMLp2eL_inv6.als",true,false,false,10,43,26,41,22,2592,2,4,2,22,16,16,16,296,136,10,2,""
"socialMedia/correct/oHJJJRTkn5DmoFnZs_inv6.als",true,false,false,4,44,27,42,22,2592,2,4,2,23,17,17,17,904,176,27,3,""
"socialMedia/correct/oapWYxjGQNHhbgWs7_inv1.als",true,false,false,5,33,23,32,21,2480,2,3,2,16,11,11,11,272,112,10,2,""
"socialMedia/correct/ooMNeXSBng9QaiEdB_inv2.als",true,false,false,2,30,21,27,15,1808,2,2,2,16,12,12,12,256,80,9,2,""
"socialMedia/correct/p9TBbFs5omzoNpWgu_inv1.als",true,false,false,6,23,17,18,13,1584,2,1,2,14,11,11,11,208,48,8,2,""
"socialMedia/correct/pAkpgXazvTcnFg4ZY_inv1.als",false,true,false,-1,26,0,0,0,0,0,0,0,0,0,0,0,0,0,0,0,""
"socialMedia/correct/ppvBCh7uPX3mb73em_inv2.als",true,false,false,0,28,20,26,14,1696,2,2,2,16,12,12,12,256,80,9,2,""
"socialMedia/correct/ptQhX37W78B4aJQx5_inv2.als",true,false,false,0,28,20,26,14,1696,2,2,2,16,12,12,12,256,80,9,2,""
"socialMedia/correct/q689x6oDdTJqgqN5Q_inv3.als",true,false,false,26,68,34,64,46,5280,2,4,2,41,35,35,35,896,144,29,2,""
"socialMedia/correct/qA73D2rPX4vogNG4C_inv1.als",true,false,false,5,33,23,32,21,2480,2,3,2,16,11,11,11,272,112,10,2,""
"socialMedia/correct/qZpMpKFbDu6f5og85_inv2.als",true,false,false,0,28,20,26,14,1696,2,2,2,16,12,12,12,256,80,9,2,""
"socialMedia/correct/qf73mGjpwgTuvBzGN_inv3.als",true,false,false,12,46,28,38,20,2368,2,2,2,26,22,22,22,512,80,17,2,""
"socialMedia/correct/qqDGPzGPrmwgie2h4_inv1.als",true,false,false,3,28,21,25,14,1696,2,2,2,15,11,11,11,192,80,7,2,""
"socialMedia/correct/rDG8MgnvRxDQbaF5s_inv3.als",true,false,false,16,56,32,50,32,3712,2,3,2,32,27,27,27,736,112,24,2,""
"socialMedia/correct/rHMpp2fTXzB8Av5Ru_inv1.als",true,false,false,6,23,17,18,13,1584,2,1,2,14,11,11,11,208,48,8,2,""
"socialMedia/correct/rkuNooR9cRFAY5C9W_inv3.als",true,false,false,26,68,35,64,46,5280,2,4,2,41,35,35,35,896,144,29,2,""
"socialMedia/correct/rqQMxGnNwQXGeiPyH_inv2.als",true,false,false,4,29,20,26,14,1696,2,2,2,16,12,12,12,256,80,9,2,""
"socialMedia/correct/spaqnTzMB3WNnZHmr_inv2.als",true,false,false,0,28,20,26,14,1696,2,2,2,16,12,12,12,256,80,9,2,""
"socialMedia/correct/sw2EurHp5ifQRMD5M_inv2.als",true,false,false,0,28,20,26,14,1696,2,2,2,16,12,12,12,256,80,9,2,""
"socialMedia/correct/tBahFXyziY6bkmh6S_inv6.als",true,false,false,10,43,26,41,22,2592,2,4,2,22,16,16,16,296,136,10,2,""
"socialMedia/correct/tSRywz7wuDuaQRt4t_inv1.als",true,false,false,5,33,23,32,21,2480,2,3,2,16,11,11,11,272,112,10,2,""
"socialMedia/correct/tYpEfyWZebLPRm9qq_inv8.als",true,false,false,16,70,34,63,38,4384,2,4,2,42,36,36,36,1688,256,50,3,""
"socialMedia/correct/tfuzf3fJZBhtatqrQ_inv1.als",true,false,false,11,39,24,36,25,2928,2,3,2,20,19,21,15,336,112,12,2,""
"socialMedia/correct/uQKhDLxxocHxtr5Qy_inv2.als",true,false,false,0,28,20,26,14,1696,2,2,2,16,12,12,12,256,80,9,2,""
"socialMedia/correct/uf5oeM4FTMAoazy7e_inv1.als",true,false,false,0,26,20,24,13,1584,2,2,2,14,10,10,10,192,80,7,2,""
"socialMedia/correct/vAakEitTRNJJYKWtC_inv1.als",false,true,false,-1,26,0,0,0,0,0,0,0,0,0,0,0,0,0,0,0,""
"socialMedia/correct/vxyWJKMaeL9MAkvqb_inv8.als",true,false,false,16,68,34,61,36,4160,2,4,2,42,36,36,36,1688,256,50,3,""
"socialMedia/correct/wRJ6sHCmYYpdR9wG5_inv7.als",false,true,false,-1,54,0,0,0,0,0,0,0,0,0,0,0,0,0,0,0,""
"socialMedia/correct/wXNn4vkyB2yzHGFT4_inv2.als",true,false,false,4,29,20,26,14,1696,2,2,2,16,12,12,12,256,80,9,2,""
"socialMedia/correct/wzZfzL5GMwSNBRhjg_inv2.als",true,false,false,9,33,23,31,19,2256,2,3,2,21,16,16,16,352,112,12,2,""
"socialMedia/correct/xMH5WFF9E4yphYTjB_inv3.als",true,false,false,16,58,31,52,34,3936,2,3,2,32,27,27,27,736,112,24,2,""
"socialMedia/correct/xjdt9Wc5PKkDHCLG6_inv1.als",true,false,false,0,26,20,24,13,1584,2,2,2,14,10,10,10,192,80,7,2,""
"socialMedia/correct/yPAJiRsFddfpecNDt_inv2.als",true,false,false,0,28,20,26,14,1696,2,2,2,16,12,12,12,256,80,9,2,""
"socialMedia/correct/yzbykEAswkgJW9Csb_inv1.als",true,false,false,0,26,20,24,13,1584,2,2,2,14,10,10,10,192,80,7,2,""
"socialMedia/correct/zdJmd4tdSmWKjExb5_inv3.als",true,false,false,0,46,28,38,20,2368,2,2,2,26,22,22,22,512,80,17,2,""
"socialMedia/correct/zsCkNRo3bGcC4YqJ9_inv8.als",true,false,false,19,61,32,51,27,3152,2,3,2,38,33,33,33,848,96,27,2,""
"socialMedia/over/3v2kT8mQpohe545bm_inv4.als",true,false,false,9,51,26,48,34,3936,2,4,2,30,24,24,24,1296,176,40,3,""
"socialMedia/over/3whaYMoEhA9mHEmEA_inv1.als",true,false,false,4,33,23,32,21,2480,2,3,2,16,11,11,11,272,112,10,2,""
"socialMedia/over/4LNXb3H3CZnTHTveu_inv3.als",true,false,false,19,51,30,44,26,3040,2,3,2,32,27,27,27,608,112,20,2,""
"socialMedia/over/6AsaBw9ANoSzToRqn_inv3.als",true,false,false,46,77,35,73,55,6288,2,6,2,62,54,54,54,1088,208,35,2,""
"socialMedia/over/6RKPjqoASGaQfAXQy_inv3.als",true,false,false,11,51,28,43,25,2928,2,2,2,30,26,26,26,640,80,21,2,""
"socialMedia/over/6g2QAPfJCu5beZpn2_inv8.als",true,false,false,27,77,37,73,48,5504,2,5,2,51,44,44,44,1968,176,60,3,""
"socialMedia/over/7XJ5LPwNxzhd53zjN_inv3.als",true,false,false,5,43,26,36,20,2368,2,2,2,24,20,20,20,448,80,15,2,""
"socialMedia/over/88bNZ2TkyPLMSymih_inv3.als",true,false,false,46,77,35,75,57,6512,2,6,2,62,54,54,54,1152,208,37,2,""
"socialMedia/over/8QSMLPBbJSkaKArjR_inv2.als",true,false,false,4,27,20,25,14,1696,2,2,2,15,11,11,11,256,80,9,2,""
"socialMedia/over/9SY8oQLebDDfvauLS_inv2.als",true,false,false,5,22,16,18,14,1696,2,1,2,14,11,11,11,224,48,8,2,""
"socialMedia/over/B8PxMPTqqnh4tkTZt_inv1.als",true,false,false,2,26,20,24,13,1584,2,2,2,14,10,10,10,192,80,7,2,""
"socialMedia/over/BeoSFWZ56xCYZjpXP_inv3.als",true,false,false,26,69,34,64,46,5280,2,4,2,41,35,35,35,896,144,29,2,""
"socialMedia/over/C3bC6eC6oai55tqzN_inv4.als",true,false,false,24,46,23,41,36,4160,2,3,2,41,36,36,36,992,112,32,2,""
"socialMedia/over/FijhStnATsXDJEjPx_inv2.als",true,false,false,8,25,17,20,14,1696,2,1,2,16,13,13,13,224,48,8,2,""
"socialMedia/over/HSxR9Pmw4rXF4GSyT_inv3.als",true,false,false,5,43,26,36,20,2368,2,2,2,24,20,20,20,448,80,15,2,""
"socialMedia/over/Hvai6d36x3vHskMi6_inv6.als",true,false,false,4,46,28,44,24,2816,2,4,2,24,18,18,18,1032,176,31,3,""
"socialMedia/over/J5JGud3rETdq5KkXx_inv8.als",true,false,false,86,142,40,140,115,13008,2,10,2,111,99,99,99,3944,376,122,2,""
"socialMedia/over/MAFwkB77KeP3oqTTv_inv4.als",true,false,false,8,44,24,39,25,2928,2,3,2,27,22,22,22,1136,176,35,3,""
"socialMedia/over/N8s52paw3yXgTnC8W_inv1.als",true,false,false,3,28,21,25,14,1696,2,2,2,15,11,11,11,240,80,9,2,""
"socialMedia/over/N9xNaGRQvtrqMBWeE_inv3.als",true,false,false,8,38,25,32,20,2368,2,2,2,21,17,17,17,320,80,11,2,""
"socialMedia/over/NTkPNW7Wsq4Rcqnp8_inv1.als",true,false,false,5,33,23,32,21,2480,2,3,2,16,11,11,11,272,112,10,2,""
"socialMedia/over/Ni9WZedghw882mncm_inv3.als",true,false,false,54,84,36,83,65,7408,2,7,2,69,60,60,60,1312,240,42,2,""
"socialMedia/over/QHLqsbWgZDSbuMciK_inv6.als",true,false,false,9,42,26,41,22,2592,2,4,2,21,15,15,15,296,136,10,2,""
"socialMedia/over/QSEgEcjwPeXdw6wnf_inv8.als",true,false,false,29,84,37,81,56,6400,2,6,2,54,46,46,46,2536,256,76,3,""
"socialMedia/over/Qs74omSrdcHvWjqyo_inv3.als",true,false,false,12,43,26,39,21,2480,2,3,2,26,21,21,21,544,112,18,2,""
"socialMedia/over/SyqThPKs3PxS4Wqir_inv2.als",true,false,false,4,27,20,25,14,1696,2,2,2,15,11,11,11,256,80,9,2,""
"socialMedia/over/TsjQuiDox9LfWTLzn_inv1.als",true,false,false,6,33,23,32,21,2480,2,3,2,16,11,11,11,272,112,10,2,""
"socialMedia/over/WcdwWozGZeiTe6XcH_inv3.als",true,false,false,46,77,35,75,57,6512,2,6,2,62,54,54,54,1152,208,37,2,""
"socialMedia/over/ZNS2XYdiyZkkSSM5N_inv3.als",true,false,false,21,54,30,47,29,3376,2,4,2,35,29,29,29,704,144,23,2,""
"socialMedia/over/bKmdBGS3go35sM9Dw_inv1.als",true,false,false,27,52,27,47,36,4160,2,4,2,36,30,30,30,368,144,13,2,""
"socialMedia/over/fcCEzzLDmYYay5ddy_inv3.als",true,false,false,37,70,33,66,48,5504,2,5,2,51,44,44,44,864,176,28,2,""
"socialMedia/over/fwzbGTKrCvRTaY942_inv2.als",true,false,false,4,24,16,19,14,1696,2,1,2,15,12,12,12,224,48,8,2,""
"socialMedia/over/g5bBx3YAQHSfizQxb_inv8.als",true,false,false,40,79,38,73,48,5504,2,6,2,62,54,54,54,2392,216,73,3,""
"socialMedia/over/gXjzrgK54DPpcsuQP_inv8.als",true,false,false,10,50,29,46,27,3152,2,4,2,33,27,27,27,1160,176,35,3,""
"socialMedia/over/hGEuqJeuPEStmtghe_inv3.als",true,false,false,24,44,27,38,31,3600,2,2,2,39,35,35,35,704,80,23,2,""
"socialMedia/over/hHBnKitYaSZAeFxrF_inv1.als",true,false,false,5,33,23,32,21,2480,2,3,2,16,11,11,11,272,112,10,2,""
"socialMedia/over/jbfdLmpX2tY7yxoAP_inv3.als",true,false,false,21,60,33,56,38,4384,2,4,2,38,32,32,32,832,144,27,2,""
"socialMedia/over/jhq8262dN3bixfoLu_inv4.als",true,false,false,12,33,21,28,16,1920,2,2,2,22,18,18,18,320,80,11,2,""
"socialMedia/over/kA7sCkjHhSnBfvawY_inv1.als",true,false,false,21,44,26,41,30,3488,2,4,2,30,24,24,24,368,144,13,2,""
"socialMedia/over/mKt49RcBYjKH2kprN_inv6.als",true,false,false,12,45,27,43,23,2704,2,4,2,22,16,16,16,296,136,10,2,""
"socialMedia/over/nNr97sbrERiis2GwK_inv1.als",true,false,false,6,35,24,33,22,2592,2,3,2,17,12,12,12,272,112,10,2,""
"socialMedia/over/ozgqjySPEnWyXfudW_inv8.als",true,false,false,17,64,32,53,28,3264,2,3,2,40,35,35,35,976,96,31,2,""
"socialMedia/over/p4etaEfQ43kwgAske_inv3.als",true,false,false,36,66,31,63,45,5168,2,5,2,52,45,45,45,928,176,30,2,""
"socialMedia/over/pRPwMQ2xGf3cwPgj3_inv3.als",true,false,false,23,61,33,57,39,4496,2,4,2,38,32,32,32,832,144,27,2,""
"socialMedia/over/pzBkJQnYhYJZhd3vq_inv3.als",true,false,false,13,48,27,43,25,2928,2,3,2,29,24,24,24,608,112,20,2,""
"socialMedia/over/q3CpHt8Ysz7o6ohng_inv8.als",true,false,false,21,67,36,62,37,4272,2,5,2,46,39,39,39,2240,176,67,4,""
"socialMedia/over/qZjarYwHuyNiGBAoi_inv6.als",true,false,false,10,46,29,46,26,3040,2,5,2,22,15,15,15,336,176,11,2,""
"socialMedia/over/rpKiQpzeWo2C54tqz_inv3.als",true,false,false,19,51,30,44,26,3040,2,3,2,32,27,27,27,608,112,20,2,""
"socialMedia/over/tKxZ9ySu7HwaQeA2G_inv3.als",true,false,false,21,66,32,61,43,4944,2,4,2,37,31,31,31,960,144,31,2,""
"socialMedia/over/vbCDJERoNRmMy4kqj_inv3.als",true,false,false,48,81,36,77,59,6736,2,6,2,64,56,56,56,1152,208,37,2,""
"socialMedia/over/wNMLxenaqAjJ6bwTZ_inv4.als",true,false,false,3,39,22,35,21,2480,2,3,2,29,24,24,24,1264,176,39,3,""
"socialMedia/over/whTDMgaRwuZX7pntS_inv3.als",true,false,false,19,55,31,51,33,3824,2,4,2,35,29,29,29,704,144,23,2,""
"socialMedia/over/wzJLpZcvr5wGEt3EG_inv3.als",true,false,false,50,91,35,87,69,7856,2,6,2,66,58,58,58,1216,208,39,2,""
"socialMedia/over/xFA9FsFFahpWuxLQf_inv5.als",true,false,false,9,39,26,38,24,2816,2,3,2,23,18,18,18,480,112,16,2,""
"socialMedia/over/xT7ak7cytYhgK8AXE_inv3.als",true,false,false,11,51,28,43,25,2928,2,2,2,30,26,26,26,640,80,21,2,""
"socialMedia/over/xkSqHCxfvNNMmG3Y9_inv2.als",true,false,false,8,27,18,21,14,1696,2,1,2,17,14,14,14,224,48,8,2,""
"socialMedia/over/ySoA5n4YeL2BbEruH_inv8.als",true,false,false,25,71,36,67,42,4832,2,5,2,48,41,41,41,1840,176,56,3,""
"socialMedia/under/2Xre7NskHsAc2CRHw_inv1.als",true,false,false,4,28,21,25,14,1696,2,2,2,15,11,11,11,240,80,9,2,""
"socialMedia/under/2pjs9JovRdeSwcNPR_inv7.als",true,false,false,21,58,27,52,30,3488,2,3,2,39,34,34,34,928,112,30,2,""
"socialMedia/under/2z8XcWDhdebrnxiLd_inv7.als",true,false,false,29,74,30,68,46,5280,2,4,2,45,39,39,39,1152,144,37,2,""
"socialMedia/under/3AEX5XMMAw4wwvPuz_inv5.als",true,false,false,12,40,25,37,23,2704,2,3,2,25,20,20,20,480,112,16,2,""
"socialMedia/under/3FqZjJXt5WD9SYoyX_inv5.als",true,false,false,10,41,26,39,25,2928,2,3,2,23,18,18,18,480,112,16,2,""
"socialMedia/under/3GzGWzc6cZ9GW9p7S_inv5.als",true,false,false,14,41,27,38,24,2816,2,3,2,26,21,21,21,608,112,20,2,""
"socialMedia/under/3ouAjJfbHpk2HLPPG_inv7.als",true,false,false,21,62,26,56,34,3936,2,3,2,41,36,36,36,992,112,32,2,""
"socialMedia/under/47rMTDgrHuG8rWjsj_inv1.als",true,false,false,5,23,17,18,13,1584,2,1,2,14,11,11,11,208,48,8,2,""
"socialMedia/under/5BkcpQMpMJ4T4xGQC_inv4.als",true,false,false,8,44,23,39,25,2928,2,3,2,27,22,22,22,1136,176,35,3,""
"socialMedia/under/5cf7gFJkrkGW3NZ7d_inv1.als",true,false,false,5,33,23,32,21,2480,2,3,2,16,11,11,11,272,112,10,2,""
"socialMedia/under/5uu89NJJg8kkyiD85_inv5.als",true,false,false,7,34,24,30,16,1920,2,2,2,20,16,16,16,448,80,15,2,""
"socialMedia/under/6SBqEg5TDnxrreFeq_inv5.als",true,false,false,12,39,25,37,23,2704,2,3,2,25,20,20,20,480,112,16,2,""
"socialMedia/under/6i5QrhjGHBy3fJDDR_inv7.als",true,false,false,38,71,28,66,44,5056,2,4,2,56,50,50,50,1408,144,45,2,""
"socialMedia/under/6iekc9SjYFMKQDbEh_inv7.als",true,false,false,13,52,24,44,24,2816,2,2,2,32,28,28,28,576,80,19,2,""
"socialMedia/under/8iAEB3W8woZhtQ2Z3_inv4.als",true,false,false,10,50,27,48,34,3936,2,4,2,30,24,24,24,1296,176,40,3,""
"socialMedia/under/9uXG3tHcBNae3ZqEa_inv7.als",true,false,false,27,67,29,62,40,4608,2,4,2,44,38,38,38,1152,144,37,2,""
"socialMedia/under/AA9M7YmHgZm84zj7d_inv5.als",true,false,false,7,34,24,30,16,1920,2,2,2,20,16,16,16,448,80,15,2,""
"socialMedia/under/AHBeA3zkFiaM3uLN7_inv1.als",true,false,false,16,44,26,44,33,3824,2,4,2,26,20,20,20,432,144,15,2,""
"socialMedia/under/AMfsEWnBynvqHzE4Y_inv1.als",true,false,false,4,28,21,25,14,1696,2,2,2,15,11,11,11,240,80,9,2,""
"socialMedia/under/BdZqbMJegmLaEZrsC_inv7.als",true,false,false,32,71,29,62,40,4608,2,4,2,47,41,41,41,1216,144,39,2,""
"socialMedia/under/Bn9pQTw2z8uLS69Wm_inv7.als",true,false,false,38,58,27,52,48,5504,2,3,2,57,52,52,52,1568,112,50,2,""
"socialMedia/under/C2No8t2bHr4ffN6Ne_inv7.als",true,false,false,24,62,27,57,35,4048,2,3,2,42,37,37,37,992,112,32,2,""
"socialMedia/under/C8iGWoP4fSugx9k5Y_inv7.als",true,false,false,29,65,28,60,38,4384,2,3,2,45,40,40,40,1120,112,36,2,""
"socialMedia/under/CLeKMqo8hNf2rKiw8_inv7.als",true,false,false,24,62,26,57,35,4048,2,3,2,42,37,37,37,992,112,32,2,""
"socialMedia/under/CzbPmLmSg3KJ7bSzE_inv5.als",true,false,false,10,39,26,37,23,2704,2,3,2,23,18,18,18,480,112,16,2,""
"socialMedia/under/D8ykMtAEtHCibHZyG_inv4.als",true,false,false,12,39,22,35,21,2480,2,3,2,25,20,20,20,480,112,16,2,""
"socialMedia/under/DWtsohAPBrNBJxrqA_inv5.als",true,false,false,10,41,26,39,25,2928,2,3,2,23,18,18,18,480,112,16,2,""
"socialMedia/under/DiZGMJdzStJdW2Tt3_inv7.als",true,false,false,49,88,31,81,59,6736,2,5,2,68,61,61,61,1952,176,62,2,""
"socialMedia/under/EmhWokTbQi3mrZ7NF_inv7.als",true,false,false,1,54,24,46,24,2816,2,2,2,34,30,30,30,768,80,25,2,""
"socialMedia/under/H53tgT8nfk3Wgsb59_inv5.als",true,false,false,7,34,24,30,16,1920,2,2,2,20,16,16,16,448,80,15,2,""
"socialMedia/under/HMsdrCjdChwWJyFe6_inv5.als",true,false,false,8,34,24,30,16,1920,2,2,2,20,16,16,16,320,80,11,2,""
"socialMedia/under/HSjiNa8kymMiZLrND_inv7.als",true,false,false,24,52,27,50,28,3264,2,4,2,37,31,31,31,832,144,27,2,""
"socialMedia/under/Hb5AnbvJKPErcg2pY_inv1.als",true,false,false,16,44,26,44,33,3824,2,4,2,26,20,20,20,432,144,15,2,""
"socialMedia/under/HvJkpiajbnY5wPa8A_inv7.als",true,false,false,30,74,30,65,43,4944,2,4,2,46,40,40,40,1152,144,37,2,""
"socialMedia/under/JBu3WQojbaeQKMMi6_inv7.als",true,false,false,32,72,29,64,42,4832,2,4,2,47,41,41,41,1216,144,39,2,""
"socialMedia/under/JHmnQAFgMoEqFseGT_inv5.als",true,false,false,9,39,26,38,24,2816,2,3,2,23,18,18,18,480,112,16,2,""
"socialMedia/under/JQSouzd8nzmB9Ba82_inv1.als",true,false,false,4,28,21,25,14,1696,2,2,2,15,11,11,11,240,80,9,2,""
"socialMedia/under/JgYkb2v25gWPveCMM_inv7.als",true,false,false,28,64,29,60,38,4384,2,4,2,45,39,39,39,1088,144,35,2,""
"socialMedia/under/JoQaLCgDQbxqHkBaW_inv5.als",true,false,false,12,39,25,37,23,2704,2,3,2,25,20,20,20,480,112,16,2,""
"socialMedia/under/JusPFwMKTFg9Cvhf6_inv7.als",true,false,false,24,61,28,55,33,3824,2,3,2,42,37,37,37,992,112,32,2,""
"socialMedia/under/LH7sjMbZ2KLR8oNNX_inv7.als",true,false,false,33,70,30,65,43,4944,2,4,2,50,44,44,44,1280,144,41,2,""
"socialMedia/under/LJhowxzQMFGtbnPby_inv1.als",true,false,false,16,44,26,44,33,3824,2,4,2,26,20,20,20,432,144,15,2,""
"socialMedia/under/Mgq48aq6gck6qLCwT_inv7.als",true,false,false,29,62,30,56,34,3936,2,3,2,44,39,39,39,992,112,32,2,""
"socialMedia/under/MgwNzWNwavi8KXtrE_inv7.als",true,false,false,18,51,25,45,24,2816,2,3,2,33,28,28,28,608,112,20,2,""
"socialMedia/under/PaYNHmo6ku3qCDJ68_inv1.als",true,false,false,5,33,23,32,21,2480,2,3,2,16,11,11,11,272,112,10,2,""
"socialMedia/under/Pdmto7dg89jinmqjM_inv5.als",true,false,false,10,39,26,37,23,2704,2,3,2,23,18,18,18,480,112,16,2,""
"socialMedia/under/QaKyTWSAyKKK9o4Mh_inv5.als",true,false,false,14,40,27,38,24,2816,2,3,2,26,21,21,21,608,112,20,2,""
"socialMedia/under/Qowkrze2mQ42s6Pd4_inv7.als",true,false,false,27,69,29,63,41,4720,2,4,2,42,36,36,36,1024,144,33,2,""
"socialMedia/under/R4oaNQT8M6TwMbor2_inv4.als",true,false,false,12,45,26,37,23,2704,2,2,2,31,27,28,27,1360,176,42,3,""
"socialMedia/under/RTk2EzuXWFLWBgvij_inv5.als",true,false,false,5,34,24,30,16,1920,2,2,2,20,16,16,16,448,80,15,2,""
"socialMedia/under/RZKhPvuJmNz6bTQ9P_inv1.als",true,false,false,5,33,23,32,21,2480,2,3,2,16,11,11,11,272,112,10,2,""
"socialMedia/under/S3JdZzkq763BN5Hib_inv5.als",true,false,false,10,39,26,37,23,2704,2,3,2,23,18,18,18,480,112,16,2,""
"socialMedia/under/SLxZ4KQ2BvF75RQt2_inv1.als",true,false,false,16,42,26,42,31,3600,2,4,2,26,20,20,20,432,144,15,2,""
"socialMedia/under/SxYzZw2JYfbWvtveT_inv7.als",true,false,false,18,61,27,55,33,3824,2,3,2,40,35,35,35,928,112,30,2,""
"socialMedia/under/Tgq9zbQL7hTN4S5Yo_inv7.als",true,false,false,22,58,27,52,30,3488,2,3,2,39,34,34,34,928,112,30,2,""
"socialMedia/under/WcKHNFiryTX9pLKzL_inv5.als",true,false,false,17,52,28,48,34,3936,2,3,2,29,24,24,24,736,112,24,2,""
"socialMedia/under/XLmkwAN7S3s3ZYwNw_inv2.als",true,false,false,4,24,18,23,14,1696,2,2,2,13,9,9,9,192,80,7,2,""
"socialMedia/under/XPkW8w5BX9smYxYFo_inv7.als",true,false,false,26,70,28,63,41,4720,2,3,2,44,39,39,39,1120,112,36,2,""
"socialMedia/under/Y3723reEeLRbEsruJ_inv7.als",true,false,false,24,61,28,55,33,3824,2,3,2,42,37,37,37,992,112,32,2,""
"socialMedia/under/YJxFydeiqyrT8JZTE_inv7.als",true,false,false,1,54,24,46,24,2816,2,2,2,34,30,30,30,768,80,25,2,""
"socialMedia/under/YyYJXHSNEntgHjzXA_inv5.als",true,false,false,17,44,28,41,27,3152,2,3,2,29,24,24,24,736,112,24,2,""
"socialMedia/under/aTHdQPXsSXrMiqQAk_inv7.als",true,false,false,24,62,28,57,35,4048,2,3,2,42,37,37,37,1056,112,34,2,""
"socialMedia/under/aXZKmJuqzKkqhwj4v_inv7.als",true,false,false,67,108,32,96,74,8416,2,7,2,84,75,75,75,2336,240,74,2,""
"socialMedia/under/cQmde7BzWx96G2hsE_inv7.als",true,false,false,24,58,27,52,30,3488,2,3,2,38,33,33,33,800,112,26,2,""
"socialMedia/under/daz2o9b8LK2LtAcac_inv7.als",true,false,false,30,75,30,67,45,5168,2,4,2,46,40,40,40,1152,144,37,2,""
"socialMedia/under/dd4s59yyDtD55GEDL_inv1.als",true,false,false,1,26,20,24,13,1584,2,2,2,14,10,10,10,192,80,7,2,""
"socialMedia/under/dipDS9QnFFfZBuKfq_inv5.als",true,false,false,10,39,26,38,24,2816,2,3,2,23,18,18,18,480,112,16,2,""
"socialMedia/under/eLmW6S5XPgmGo47gj_inv1.als",true,false,false,5,33,23,32,21,2480,2,3,2,16,11,11,11,272,112,10,2,""
"socialMedia/under/gBF5jreMy3T7TEbon_inv7.als",true,false,false,26,61,28,55,33,3824,2,3,2,41,36,36,36,928,112,30,2,""
"socialMedia/under/gMk7ovxih7XhKWeqx_inv1.als",true,false,false,5,33,23,32,21,2480,2,3,2,16,11,11,11,272,112,10,2,""
"socialMedia/under/hGbgMnGRDqPAmQKZ3_inv7.als",true,false,false,26,64,28,58,36,4160,2,3,2,44,39,39,39,1120,112,36,2,""
"socialMedia/under/hgJ4anL3SMXuSZSZy_inv5.als",true,false,false,9,41,26,39,25,2928,2,3,2,23,18,18,18,480,112,16,2,""
"socialMedia/under/i43B6DRB67qDB9tti_inv1.als",true,false,false,16,42,26,42,31,3600,2,4,2,26,20,20,20,432,144,15,2,""
"socialMedia/under/iJxsE6aD79mu53Ndr_inv1.als",true,false,false,1,26,20,24,13,1584,2,2,2,14,10,10,10,192,80,7,2,""
"socialMedia/under/igQ4rxRaCukHBNwYs_inv7.als",true,false,false,37,78,29,73,51,5840,2,4,2,52,46,46,46,1408,144,45,2,""
"socialMedia/under/ivskftAWLair45ANM_inv6.als",true,false,false,13,40,26,36,22,2592,2,3,2,26,21,21,21,576,96,19,2,""
"socialMedia/under/j5u2NseD4yhE6buiA_inv8.als",true,false,false,20,55,31,47,27,3152,2,3,2,35,30,30,30,720,96,23,2,""
"socialMedia/under/jnHXJrP66mDbRyFwS_inv1.als",true,false,false,5,33,23,32,21,2480,2,3,2,16,11,11,11,272,112,10,2,""
"socialMedia/under/mNaphxdbD59SGfk6P_inv3.als",true,false,false,2,46,28,38,20,2368,2,2,2,26,22,22,22,512,80,17,2,""
"socialMedia/under/mRGBMDYpPyqW2xH65_inv7.als",true,false,false,7,54,24,46,24,2816,2,2,2,34,30,30,30,768,80,25,2,""
"socialMedia/under/mrSpYuGR7vycuQyWA_inv5.als",true,false,false,9,39,26,37,23,2704,2,3,2,23,18,18,18,480,112,16,2,""
"socialMedia/under/nAaatuTv8dZGc5tjj_inv7.als",true,false,false,24,63,28,56,34,3936,2,3,2,42,37,37,37,992,112,32,2,""
"socialMedia/under/oJNQbevM7wd8nfHoA_inv5.als",true,false,false,12,39,25,37,23,2704,2,3,2,25,20,20,20,480,112,16,2,""
"socialMedia/under/oJTXvg3Ez6XHC6fXH_inv1.als",true,false,false,5,33,23,32,21,2480,2,3,2,16,11,11,11,272,112,10,2,""
"socialMedia/under/oLxYb4jg7Pax9XKnS_inv1.als",true,false,false,4,28,21,25,14,1696,2,2,2,15,11,11,11,240,80,9,2,""
"socialMedia/under/owkGthz4eY4NdDLBt_inv7.als",true,false,false,28,64,29,60,38,4384,2,4,2,45,39,39,39,1088,144,35,2,""
"socialMedia/under/pWpaT9HKBc8mHtezY_inv7.als",true,false,false,1,54,24,46,24,2816,2,2,2,34,30,30,30,768,80,25,2,""
"socialMedia/under/pinmzXERbqGE8F3J8_inv7.als",true,false,false,32,66,28,60,38,4384,2,3,2,46,41,41,41,1120,112,36,2,""
"socialMedia/under/q23bGFy3TATMTAC8A_inv5.als",true,false,false,5,34,24,30,16,1920,2,2,2,20,16,16,16,448,80,15,2,""
"socialMedia/under/qJXDHmnYuCpoaeu92_inv4.als",true,false,false,5,41,23,35,21,2480,2,2,2,28,24,24,24,1232,176,38,3,""
"socialMedia/under/quSHHnDTf8axatAtc_inv7.als",true,false,false,24,58,27,52,30,3488,2,3,2,38,33,33,33,800,112,26,2,""
"socialMedia/under/r7WT3YYzbhvyZinvH_inv7.als",true,false,false,29,62,28,55,33,3824,2,3,2,43,38,38,38,992,112,32,2,""
"socialMedia/under/rfrHHDo3dePvSnKWG_inv7.als",true,false,false,12,47,23,40,24,2816,2,2,2,28,24,24,24,448,80,15,2,""
"socialMedia/under/s2JsGjdM7hMdrswMB_inv7.als",true,false,false,1,54,24,46,24,2816,2,2,2,34,30,30,30,768,80,25,2,""
"socialMedia/under/sFhoxZwD48NwEDg6X_inv7.als",true,false,false,30,67,29,62,40,4608,2,4,2,47,41,41,41,1216,144,39,2,""
"socialMedia/under/sYmsMbZzFHYJguctE_inv7.als",true,false,false,26,63,28,58,36,4160,2,3,2,41,36,36,36,928,112,30,2,""
"socialMedia/under/tMJ4GMPGaD4rmhb8P_inv5.als",true,false,false,13,37,25,35,21,2480,2,3,2,25,20,20,20,480,112,16,2,""
"socialMedia/under/vMDLJ9iXWw7xrdn4R_inv7.als",true,false,false,38,81,30,73,51,5840,2,4,2,53,50,51,47,1344,144,43,2,""
"socialMedia/under/wo5JcsWiJ7htpQPe5_inv4.als",true,false,false,16,58,29,55,41,4720,2,4,2,36,30,30,30,1424,176,44,3,""
"socialMedia/under/xZCWsMaTzqBDewsLt_inv7.als",true,false,false,45,78,31,71,49,5616,2,4,2,62,56,56,56,1792,144,57,2,""
"socialMedia/under/yKX4yQXcJ32iLmcD9_inv1.als",true,false,false,4,28,21,25,14,1696,2,2,2,15,11,11,11,240,80,9,2,""
"socialMedia/under/yKeTABQuu8dGpDpwC_inv7.als",true,false,false,27,64,28,61,39,4496,2,4,2,44,38,38,38,1152,144,37,2,""
"socialMedia/under/z2EGdDQQqnG573PJc_inv1.als",true,false,false,1,26,20,24,13,1584,2,2,2,14,10,10,10,192,80,7,2,""
"socialMedia/under/zAyruimCc3wE9PEcy_inv7.als",true,false,false,36,73,30,68,46,5280,2,4,2,53,47,47,47,1344,144,43,2,""
"socialMedia/under/zKiJ3KD2ntRWuwgxL_inv5.als",true,false,false,10,41,26,39,25,2928,2,3,2,23,18,18,18,480,112,16,2,""
"socialMedia/under/zZW698f8YLGwq8Dfh_inv7.als",true,false,false,13,52,24,44,24,2816,2,2,2,32,28,28,28,576,80,19,2,""
"socialMedia/under/zZthL6R9N5RdYDMK4_inv8.als",true,false,false,21,67,33,64,39,4496,2,5,2,46,39,39,39,2176,304,62,3,""
"trainStationNew/both/2E9K4MYqH6JPoFrn7_inv1.als",true,false,false,9,32,19,27,21,2480,2,1,2,21,18,18,18,912,176,30,3,""
"trainStationNew/both/2FfGhjHGhYFLjYQz6_inv9.als",true,false,false,15,53,31,47,27,3152,2,3,2,31,26,26,26,1200,176,39,3,""
"trainStationNew/both/2P8FQo5TZJFC8zjHh_inv1.als",true,false,false,26,50,25,48,42,4832,2,4,2,36,30,30,30,1008,176,33,3,""
"trainStationNew/both/47kdTCMSLz7N9DvRs_inv3.als",true,false,false,14,47,30,43,28,3264,2,3,2,40,35,36,35,2864,176,89,5,""
"trainStationNew/both/4C4EeMkP8ga6uux92_inv1.als",true,false,false,7,25,17,21,15,1808,2,1,2,15,12,12,12,288,80,11,2,""
"trainStationNew/both/5NmpbutnKWbSwJCbX_inv9.als",true,false,false,16,40,24,30,22,2592,2,1,2,25,22,22,22,384,48,14,2,""
"trainStationNew/both/5QiTziuZYeT9sCdnr_inv10.als",true,false,false,17,53,31,51,31,3600,2,5,2,35,28,28,28,1552,256,47,3,""
"trainStationNew/both/5RSyTz2QnCzDP9EjX_inv4.als",true,false,false,17,40,26,34,25,2928,2,2,2,33,29,30,29,800,80,27,2,""
"trainStationNew/both/6LxqF9pgZcqtwsZ9g_inv6.als",true,false,false,19,36,25,31,27,3152,2,2,2,31,27,27,27,560,80,19,2,""
"trainStationNew/both/7s3kfzdZQmJRARRds_inv9.als",true,false,false,16,54,31,50,30,3488,2,4,2,32,26,26,26,1232,176,40,3,""
"trainStationNew/both/9PRM6wHSf4fXrhjok_inv9.als",true,false,false,20,55,34,51,31,3600,2,4,2,35,29,29,29,1472,256,47,3,""
"trainStationNew/both/9wEHJtTezbj2oW6Hc_inv9.als",true,false,false,10,59,33,55,35,4048,2,4,2,33,27,27,27,2320,176,70,5,""
"trainStationNew/both/AQa3HAkFtQuiyWAHu_inv3.als",true,false,false,4,38,26,33,27,3152,2,2,2,42,38,39,38,4240,176,130,7,""
"trainStationNew/both/AcXSN3jbMa95LjKYW_inv5.als",true,false,false,16,44,29,39,37,4272,2,2,2,51,47,48,47,4784,256,144,7,""
"trainStationNew/both/B3gphBAQ9YERrQZvT_inv5.als",true,false,false,21,44,28,42,41,4720,2,4,2,56,50,51,50,5136,256,158,7,""
"trainStationNew/both/BfguZwjCrPThgjRi7_inv9.als",true,false,false,19,56,31,52,40,4608,2,4,2,44,38,38,38,1472,144,49,2,""
"trainStationNew/both/C4Zu76pz7SWMcAxzK_inv1.als",true,false,false,12,31,20,26,20,2368,2,1,2,23,20,20,20,480,80,19,2,""
"trainStationNew/both/CMZaE6QvLeTMT4bH6_inv9.als",true,false,false,16,58,31,54,34,3936,2,4,2,32,26,26,26,1232,176,40,3,""
"trainStationNew/both/F3yZQcprsT2xx6Mxj_inv9.als",true,false,false,14,48,29,40,22,2592,2,2,2,30,26,26,26,1168,176,38,3,""
"trainStationNew/both/HB5BMmN6oSJshn7e4_inv9.als",true,false,false,19,57,34,53,33,3824,2,4,2,35,29,29,29,1472,256,47,3,""
"trainStationNew/both/HDh9tpKBiHPpvdvfK_inv8.als",true,false,false,10,39,25,35,20,2368,2,3,2,21,16,16,16,320,96,11,2,""
"trainStationNew/both/JGmskNHjgwpFCAmwE_inv7.als",true,false,false,23,53,25,47,34,3936,2,3,2,34,29,29,29,640,112,24,2,""
"trainStationNew/both/JSrjQA6RLmCiv6uhS_inv4.als",true,false,false,18,33,24,29,25,2928,2,2,2,28,24,25,24,448,80,15,2,""
"trainStationNew/both/JT978Za7W88HtKiLg_inv8.als",true,false,false,14,43,28,38,20,2368,2,3,2,24,19,19,19,432,96,15,2,""
"trainStationNew/both/KsjZTBqo6m8vjoWFr_inv5.als",true,false,false,9,38,27,33,27,3152,2,2,2,43,39,40,39,4144,176,126,7,""
"trainStationNew/both/LkeDsmpnyD7jkmabg_inv6.als",true,false,false,8,26,19,20,15,1808,2,1,2,16,13,13,13,208,48,8,2,""
"trainStationNew/both/Lm5iKTcGhremtzpEu_inv1.als",true,false,false,5,26,17,23,17,2032,2,1,2,17,14,14,14,912,176,30,3,""
"trainStationNew/both/MSPrQAuBZZM3TsZ5C_inv9.als",true,false,false,17,58,32,54,34,3936,2,4,2,32,26,26,26,704,144,25,2,""
"trainStationNew/both/MX53CGSvDMB9fiH5A_inv9.als",true,false,false,16,42,26,32,22,2592,2,1,2,27,24,24,24,512,48,18,2,""
"trainStationNew/both/NFTBmKqLgf668oNmm_inv9.als",true,false,false,16,54,31,50,30,3488,2,4,2,32,26,26,26,1232,176,40,3,""
"trainStationNew/both/NLiPKumAui5ZJ8HFq_inv3.als",true,false,false,14,38,28,35,25,2928,2,2,2,33,29,30,29,1232,176,38,3,""
"trainStationNew/both/QdDywgZgaSk8qenTY_inv1.als",true,false,false,5,26,17,23,17,2032,2,1,2,17,14,14,14,912,176,30,3,""
"trainStationNew/both/RBbn7zsy9tb2cKyMa_inv9.als",true,false,false,31,52,31,43,37,4272,2,2,2,48,44,44,44,1408,80,47,2,""
"trainStationNew/both/RbiX5h7T8EQu7FqxE_inv8.als",true,false,false,5,32,21,26,20,2368,2,2,2,18,14,14,14,232,56,8,2,""
"trainStationNew/both/RuKwcc4iZFELuNuBe_inv3.als",true,false,false,19,31,21,24,25,2928,2,1,2,29,26,27,26,512,48,18,2,""
"trainStationNew/both/SzWLg3dZqEKGttjEf_inv9.als",true,false,false,15,58,32,53,33,3824,2,4,2,33,27,27,27,1360,176,44,3,""
"trainStationNew/both/T3rEZcngBvo7uNWH2_inv3.als",true,false,false,17,38,28,34,25,2928,2,2,2,33,29,30,29,704,80,23,2,""
"trainStationNew/both/WqdEHfCwA9NPxN9Ej_inv10.als",true,false,false,12,45,28,40,22,2592,2,3,2,30,25,25,25,1216,176,38,3,""
"trainStationNew/both/Y9JxNjAycuvWJD2da_inv10.als",true,false,false,12,47,30,42,22,2592,2,3,2,33,28,28,28,1776,176,53,4,""
"trainStationNew/both/YjEuKi4e8nCYCBGi8_inv10.als",true,false,false,7,46,30,41,22,2592,2,3,2,31,26,26,26,1760,176,53,4,""
"trainStationNew/both/ZMcEJBtBTbozhNRna_inv3.als",true,false,false,18,37,27,32,25,2928,2,2,2,35,31,33,31,1024,80,35,2,""
"trainStationNew/both/aPXKrNPCFWBBnvNxW_inv5.als",true,false,false,27,47,29,45,47,5392,2,4,2,62,56,57,56,5856,304,176,7,""
"trainStationNew/both/awa9QoL8H9rnjiak4_inv9.als",true,false,false,30,56,32,49,40,4608,2,3,2,47,42,42,42,1440,112,48,2,""
"trainStationNew/both/cfJL3ErnYcBFdm4Fh_inv7.als",true,false,false,14,40,25,36,23,2704,2,3,2,25,20,20,20,464,112,16,2,""
"trainStationNew/both/cuHG9wMwyoMPdxfYw_inv3.als",true,false,false,17,33,24,29,25,2928,2,2,2,28,24,25,24,320,80,11,2,""
"trainStationNew/both/dx2FsCxRs5GjgFCo9_inv3.als",true,false,false,22,44,28,40,25,2928,2,3,2,38,33,34,33,1056,112,36,2,""
"trainStationNew/both/eYkXh9kZEvuWAzB6T_inv5.als",true,false,false,21,47,29,39,25,2928,2,2,2,39,35,36,35,1040,80,35,2,""
"trainStationNew/both/fADk8s3EY86hmvpBC_inv3.als",true,false,false,16,36,26,32,25,2928,2,2,2,31,27,29,27,672,80,23,2,""
"trainStationNew/both/fhh3R2bcfop5Nkyw9_inv3.als",true,false,false,22,61,29,53,38,4384,2,3,2,51,46,47,46,5296,256,159,7,""
"trainStationNew/both/gouQ92Tyt4JKHjB9H_inv5.als",true,false,false,21,46,28,42,27,3152,2,4,2,40,34,35,34,1088,144,37,2,""
"trainStationNew/both/heKj3G4NieaMsLqA9_inv3.als",true,false,false,19,36,27,32,25,2928,2,2,2,35,31,32,31,928,80,31,2,""
"trainStationNew/both/hsHAJXhjSu7NrAB8x_inv9.als",true,false,false,21,63,35,58,38,4384,2,4,2,39,33,33,33,1728,256,55,3,""
"trainStationNew/both/i5uRa2JFX3fkE9mWD_inv5.als",true,false,false,23,59,31,54,39,4496,2,4,2,46,40,41,40,3504,256,108,5,""
"trainStationNew/both/j55ueEJDb4ztZzTsy_inv9.als",true,false,false,21,54,33,50,30,3488,2,4,2,35,29,29,29,800,144,29,2,""
"trainStationNew/both/k63HQriJn97GT2YKg_inv9.als",true,false,false,16,41,25,31,22,2592,2,1,2,27,24,24,24,480,48,18,2,""
"trainStationNew/both/kuh9TBoSMx9JFPDRA_inv8.als",true,false,false,18,49,30,44,26,3040,2,3,2,29,24,24,24,496,96,17,2,""
"trainStationNew/both/mbW53NTLh7mqWAoyy_inv5.als",true,false,false,25,45,30,43,43,5056,2,6,2,64,56,57,56,5920,304,178,7,""
"trainStationNew/both/nAxunbK5BkBBaXmYZ_inv10.als",true,false,false,11,49,30,43,23,2704,2,3,2,33,28,28,28,2304,176,68,5,""
"trainStationNew/both/oR2CG8q4kTa39tAzX_inv6.als",true,false,false,8,39,26,37,24,2816,2,3,2,22,17,17,17,400,112,14,2,""
"trainStationNew/both/ooAJD6G94wzAgZEYH_inv9.als",true,false,false,16,61,33,54,34,3936,2,4,2,32,26,26,26,1232,176,40,3,""
"trainStationNew/both/ovkiM5857dbpa7jq3_inv4.als",true,false,false,14,42,29,35,31,3600,2,2,2,46,42,43,42,4240,176,130,7,""
"trainStationNew/both/oz3CRWHcBmiW72hB4_inv5.als",true,false,false,20,47,29,44,29,3376,2,4,2,37,31,32,31,1488,176,48,3,""
"trainStationNew/both/qgDorsjF2gqGXqGLv_inv10.als",true,false,false,11,45,28,40,22,2592,2,3,2,30,25,25,25,1216,176,38,3,""
"trainStationNew/both/sBHNh4WYiH6LgApLE_inv4.als",true,false,false,17,45,27,42,27,3152,2,3,2,34,29,30,29,1360,176,43,3,""
"trainStationNew/both/sPLKgYH3rEfxNJcaP_inv7.als",true,false,false,13,41,26,37,24,2816,2,3,2,25,20,20,20,464,112,16,2,""
"trainStationNew/both/scx5wR2duqfkLtzK9_inv8.als",true,false,false,4,37,24,33,20,2368,2,3,2,19,14,14,14,272,96,9,2,""
"trainStationNew/both/twLSntjtrkewEvvbz_inv8.als",true,false,false,5,32,21,26,20,2368,2,2,2,18,14,14,14,232,56,8,2,""
"trainStationNew/both/uCqzQ3buvArqv59XS_inv9.als",true,false,false,15,60,32,55,35,4048,2,4,2,33,27,27,27,1360,176,44,3,""
"trainStationNew/both/ueyBBmcF7WKWz4QgT_inv3.als",true,false,false,19,38,26,33,25,2928,2,2,2,32,28,29,28,672,80,23,2,""
"trainStationNew/both/vStJ8iSpyXNRRFZXm_inv10.als",true,false,false,12,55,31,54,34,3936,2,5,2,32,25,25,25,1296,176,40,3,""
"trainStationNew/both/wWtSoANCjRxpGppjW_inv9.als",true,false,false,29,50,31,42,35,4048,2,2,2,46,42,43,42,1408,80,47,2,""
"trainStationNew/both/xAgjzykX2ET8eWC4b_inv8.als",true,false,false,16,46,30,43,25,2928,2,4,2,28,22,23,22,536,136,18,2,""
"trainStationNew/both/yicMthTJ8A8XMpwYm_inv9.als",true,false,false,17,42,26,32,22,2592,2,1,2,28,25,25,25,640,48,22,2,""
"trainStationNew/both/z6PjiB6obpuaq34FS_inv9.als",true,false,false,15,60,32,55,35,4048,2,4,2,33,27,27,27,1360,176,44,3,""
"trainStationNew/both/zziEsGtWr8mJAAu5T_inv2.als",true,false,false,4,26,20,24,13,1584,2,2,2,14,10,10,10,192,80,7,2,""
"trainStationNew/correct/6gkeEyyoQ6h4XcPus_inv9.als",true,false,false,8,52,32,46,26,3040,2,3,2,32,27,27,27,2288,176,69,5,""
"trainStationNew/correct/6nihToQjFGSTKAYzq_inv2.als",true,false,false,5,33,23,32,21,2480,2,3,2,16,11,11,11,272,112,10,2,""
"trainStationNew/correct/6pPZk3zCdzTfuQhcD_inv7.als",true,false,false,0,32,22,28,15,1808,2,2,2,18,14,14,14,256,80,9,2,""
"trainStationNew/correct/8vfHeQxoyrTpuWshQ_inv1.als",true,false,false,6,24,14,18,12,1472,2,0,2,18,16,16,16,688,176,21,3,""
"trainStationNew/correct/9HgotPeCcG2GtfjTn_inv4.als",true,false,false,4,38,27,33,27,3152,2,2,2,42,38,40,38,4048,176,122,7,""
"trainStationNew/correct/9Ry6hNvdexizN7FpM_inv1.als",true,false,false,8,30,18,28,22,2592,2,2,2,18,14,14,14,944,176,31,3,""
"trainStationNew/correct/AFwCu8YC8jNqSezq4_inv3.als",false,true,false,-1,36,0,0,0,0,0,0,0,0,0,0,0,0,0,0,0,""
"trainStationNew/correct/AWc75fKewuhEyyziP_inv10.als",true,false,false,10,47,29,42,22,2592,2,3,2,32,27,27,27,2304,176,68,5,""
"trainStationNew/correct/AnQuGm7dFJbXZHgTe_inv4.als",false,true,false,-1,36,0,0,0,0,0,0,0,0,0,0,0,0,0,0,0,""
"trainStationNew/correct/CDKDuqJXaaBb7AfMy_inv7.als",true,false,false,0,32,22,28,15,1808,2,2,2,18,14,14,14,256,80,9,2,""
"trainStationNew/correct/CieorkNWuzueaB3JK_inv9.als",false,true,false,-1,50,0,0,0,0,0,0,0,0,0,0,0,0,0,0,0,""
"trainStationNew/correct/ED24e72nkwCtwTSRx_inv5.als",true,false,false,10,51,29,46,31,3600,2,2,2,45,41,42,41,4240,176,130,7,""
"trainStationNew/correct/FpiY5GFYkWt6PDKBC_inv4.als",true,false,false,0,36,26,32,25,2928,2,2,2,40,36,38,36,4048,176,122,7,""
"trainStationNew/correct/Fu7QomJ2aKAvRAXzf_inv3.als",true,false,false,0,36,26,32,25,2928,2,2,2,40,36,38,36,4048,176,122,7,""
"trainStationNew/correct/GPyDjfpJx7fBNwpJ3_inv10.als",true,false,false,24,66,33,64,44,5056,2,5,2,42,35,35,35,1872,256,57,3,""
"trainStationNew/correct/JFdXd6rwttXPEmyg2_inv3.als",true,false,false,0,36,26,32,25,2928,2,2,2,40,36,38,36,4048,176,122,7,""
"trainStationNew/correct/KwFzuqRBo4oD2TNhD_inv1.als",true,false,false,8,30,18,28,22,2592,2,2,2,18,14,14,14,944,176,31,3,""
"trainStationNew/correct/LXMTP5L7RN8Z6WyQx_inv8.als",true,false,false,2,37,24,33,20,2368,2,3,2,19,14,14,14,272,96,9,2,""
"trainStationNew/correct/M2ZfhHkSfXJdTp4Qw_inv6.als",true,false,false,8,36,25,34,21,2480,2,3,2,18,13,13,13,272,112,10,2,""
"trainStationNew/correct/PAs6edLdBoMRoqy2T_inv7.als",true,false,false,0,32,22,28,15,1808,2,2,2,18,14,14,14,256,80,9,2,""
"trainStationNew/correct/QGe2G5aDAxykdnGWN_inv2.als",true,false,false,15,44,27,42,31,3600,2,3,2,25,20,20,20,336,112,12,2,""
"trainStationNew/correct/Qoapxbriw4NYEGauW_inv1.als",true,false,false,8,30,18,28,22,2592,2,2,2,18,14,14,14,944,176,31,3,""
"trainStationNew/correct/QvYYHThdH8PyH6FtF_inv1.als",false,true,false,-1,18,0,0,0,0,0,0,0,0,0,0,0,0,0,0,0,""
"trainStationNew/correct/QxsT8qnPMd5D6np8f_inv6.als",true,false,false,8,36,25,34,21,2480,2,3,2,18,13,13,13,272,112,10,2,""
"trainStationNew/correct/TMhuqZT2KZEd6fW5D_inv2.als",true,false,false,5,33,23,32,21,2480,2,3,2,16,11,11,11,272,112,10,2,""
"trainStationNew/correct/X4oT8L3umYu99a2dj_inv3.als",false,true,false,-1,36,0,0,0,0,0,0,0,0,0,0,0,0,0,0,0,""
"trainStationNew/correct/X9MNcNGtBZovS7vtq_inv9.als",false,true,false,-1,50,0,0,0,0,0,0,0,0,0,0,0,0,0,0,0,""
"trainStationNew/correct/ZSKi22i7gCn6Et4CX_inv1.als",true,false,false,8,30,18,28,22,2592,2,2,2,18,14,14,14,944,176,31,3,""
"trainStationNew/correct/ZZyrxcmRFCruEre6P_inv3.als",false,true,false,-1,36,0,0,0,0,0,0,0,0,0,0,0,0,0,0,0,""
"trainStationNew/correct/aJtDwzqW6zXFbbEwL_inv3.als",true,false,false,23,57,30,53,38,4384,2,3,2,51,46,47,46,5296,256,159,7,""
"trainStationNew/correct/amd4Z2NpP6R3Hz2Sb_inv3.als",true,false,false,7,48,28,45,30,3488,2,3,2,44,39,41,39,4592,256,137,7,""
"trainStationNew/correct/cayg34JYjWp8DMz4S_inv3.als",true,false,false,4,38,27,33,27,3152,2,2,2,42,38,40,38,4048,176,122,7,""
"trainStationNew/correct/dAATeP43SaAirycwR_inv1.als",false,true,false,-1,18,0,0,0,0,0,0,0,0,0,0,0,0,0,0,0,""
"trainStationNew/correct/drFjxdu2EPimRM8jR_inv2.als",false,true,false,-1,26,0,0,0,0,0,0,0,0,0,0,0,0,0,0,0,""
"trainStationNew/correct/eXvWHBMwLges4gvi6_inv6.als",true,false,false,8,36,25,34,21,2480,2,3,2,18,13,13,13,272,112,10,2,""
"trainStationNew/correct/fjkiNnftxkLEJjkkh_inv3.als",false,true,false,-1,36,0,0,0,0,0,0,0,0,0,0,0,0,0,0,0,""
"trainStationNew/correct/fzt7BZ2xWY36v4eTP_inv2.als",false,true,false,-1,26,0,0,0,0,0,0,0,0,0,0,0,0,0,0,0,""
"trainStationNew/correct/g5AC5bdqEDxzK9QwQ_inv6.als",true,false,false,12,37,27,32,19,2256,2,2,2,22,18,18,18,368,80,13,2,""
"trainStationNew/correct/g88RZ5Ph3hxP2oEjM_inv9.als",true,false,false,11,54,32,48,28,3264,2,3,2,35,30,30,30,2528,256,76,5,""
"trainStationNew/correct/hYanqTZKWJyK8LsX5_inv4.als",false,true,false,-1,36,0,0,0,0,0,0,0,0,0,0,0,0,0,0,0,""
"trainStationNew/correct/i7xebxmorgf8mNfLZ_inv2.als",true,false,false,5,33,23,32,21,2480,2,3,2,16,11,11,11,272,112,10,2,""
"trainStationNew/correct/iRSo9ka5edT4HDTkY_inv3.als",true,false,false,14,38,28,34,29,3376,2,2,2,44,40,41,40,4240,176,130,7,""
"trainStationNew/correct/jYePfZjaF8jfW7PqP_inv4.als",true,false,false,18,43,27,40,37,4272,2,4,2,51,45,46,45,4944,256,150,7,""
"trainStationNew/correct/jhMB4way7XE6iNsk9_inv1.als",true,false,false,0,18,12,14,8,1024,2,0,2,14,12,12,12,688,176,21,3,""
"trainStationNew/correct/kKDpxSsTfqK6KDnDZ_inv1.als",false,true,false,-1,18,0,0,0,0,0,0,0,0,0,0,0,0,0,0,0,""
"trainStationNew/correct/kQXchKrdQa9D7pz2e_inv9.als",true,false,false,8,52,32,46,26,3040,2,3,2,32,27,27,27,2288,176,69,5,""
"trainStationNew/correct/mibb2CsWrLWSkqqxi_inv3.als",true,false,false,29,63,32,61,46,5280,2,5,2,60,53,55,53,6160,304,179,7,""
"trainStationNew/correct/oCoYfnawhmvXebqLy_inv4.als",true,false,false,19,31,21,24,25,2928,2,1,2,29,26,27,26,512,48,18,2,""
"trainStationNew/correct/pFH89c8ppyAFwWGPF_inv4.als",true,false,false,10,40,27,34,29,3376,2,2,2,44,40,41,40,4240,176,130,7,""
"trainStationNew/correct/roj4Bs5D6isAh3xhv_inv6.als",true,false,false,0,32,24,28,15,1808,2,2,2,18,14,14,14,784,176,24,3,""
"trainStationNew/correct/vPppmYxopJWEZrFja_inv3.als",true,false,false,4,38,27,33,27,3152,2,2,2,42,38,39,38,4240,176,130,7,""
"trainStationNew/correct/wFJJkTwS2M6tLmHGF_inv8.als",true,false,false,0,42,25,40,22,2592,2,4,2,20,14,14,14,312,136,10,2,""
"trainStationNew/correct/wiB8favN3MduCfja3_inv3.als",true,false,false,4,38,27,33,27,3152,2,2,2,42,38,40,38,4048,176,122,7,""
"trainStationNew/correct/wvCiCi5peCJb6dFor_inv2.als",false,true,false,-1,26,0,0,0,0,0,0,0,0,0,0,0,0,0,0,0,""
"trainStationNew/correct/xTxZnRetnzDYtfaFT_inv1.als",true,false,false,8,22,14,18,12,1472,2,0,2,18,16,16,16,880,176,29,3,""
"trainStationNew/correct/zGmxPRJfXNhiuNrtN_inv8.als",true,false,false,15,46,29,43,25,2928,2,4,2,27,21,21,21,488,136,16,2,""
"trainStationNew/over/49JisfJtzKPsFnyGH_inv3.als",true,false,false,24,47,31,41,26,3040,2,2,2,38,34,35,34,1056,80,35,2,""
"trainStationNew/over/68zfCuq2TLbC9tgSz_inv1.als",true,false,false,8,30,18,28,22,2592,2,2,2,18,14,14,14,944,176,31,3,""
"trainStationNew/over/6KFy2k6CLMJzxS6jQ_inv4.als",true,false,false,24,58,31,56,41,4720,2,5,2,55,48,49,48,5968,304,175,7,""
"trainStationNew/over/7YxT58npjDGJcaWXX_inv6.als",true,false,false,15,46,29,43,30,3488,2,3,2,26,21,21,21,464,112,16,2,""
"trainStationNew/over/929FeLftgeDi6NKYb_inv4.als",true,false,false,25,60,31,57,42,4832,2,5,2,56,49,50,49,5968,304,175,7,""
"trainStationNew/over/FpPgNEm2JEDXr88DP_inv1.als",true,false,false,1,18,13,14,8,1024,2,0,2,14,12,12,12,688,176,21,3,""
"trainStationNew/over/K29EL6PHBFDkhgRzP_inv9.als",true,false,false,42,85,36,77,57,6512,2,6,2,62,54,54,54,2576,208,82,3,""
"trainStationNew/over/NLwtAh9pxynH6m5z8_inv8.als",true,false,false,1,40,26,38,20,2368,2,4,2,20,14,14,14,312,136,10,2,""
"trainStationNew/over/NZP2NasHiPmWpD7zd_inv7.als",true,false,false,7,23,16,18,15,1808,2,1,2,14,11,11,11,224,48,8,2,""
"trainStationNew/over/PiL6SHPfzPehBfQT3_inv6.als",true,false,false,15,46,29,43,30,3488,2,3,2,26,21,21,21,464,112,16,2,""
"trainStationNew/over/X2daLkSmRJPeBB9ex_inv6.als",true,false,false,8,41,27,38,25,2928,2,3,2,22,17,17,17,400,112,14,2,""
"trainStationNew/over/cAuZkbaLF8R6NmsrF_inv6.als",true,false,false,8,26,19,20,15,1808,2,1,2,16,13,13,13,208,48,8,2,""
"trainStationNew/over/dQvWnBkLcx4oXrq7W_inv2.als",true,false,false,6,30,21,30,19,2256,2,3,2,14,9,9,9,208,112,8,2,""
"trainStationNew/over/e87DeKvZ3s9QTkg2p_inv8.als",true,false,false,13,51,27,48,30,3488,2,4,2,27,21,21,21,472,136,16,2,""
"trainStationNew/over/j6bxMRscHf2gas4zP_inv10.als",true,false,false,5,49,30,46,26,3040,2,4,2,32,26,26,26,1800,176,54,4,""
"trainStationNew/over/mr47B7LyxzAy96Pvo_inv1.als",true,false,false,2,18,12,14,8,1024,2,0,2,14,12,12,12,688,176,21,3,""
"trainStationNew/over/o8tfTLAi9hQasnNBP_inv6.als",true,false,false,8,36,25,34,21,2480,2,3,2,18,13,13,13,272,112,10,2,""
"trainStationNew/over/oaBpg5aBaAXmoF72c_inv10.als",true,false,false,12,55,30,54,34,3936,2,5,2,32,25,25,25,1296,176,40,3,""
"trainStationNew/over/tf3gs44iFbBzr3G3k_inv8.als",true,false,false,7,44,27,42,24,2816,2,4,2,22,16,16,16,360,136,12,2,""
"trainStationNew/over/tvXowG8i5TbSB45N7_inv10.als",true,false,false,13,52,30,52,32,3712,2,5,2,31,24,24,24,720,176,23,2,""
"trainStationNew/over/zLqubvKPjiJxBvYgj_inv1.als",true,false,false,2,18,12,14,8,1024,2,0,2,14,12,12,12,688,176,21,3,""
"trainStationNew/under/3dYCtCt6k6TW9B5k4_inv3.als",true,false,false,18,41,27,37,25,2928,2,3,2,29,24,25,24,352,112,12,2,""
"trainStationNew/under/55vFStFWTzoA5Gure_inv5.als",true,false,false,25,48,29,47,32,3712,2,4,2,40,34,35,34,1760,256,55,3,""
"trainStationNew/under/5bJuh7RpWzuZp3t4m_inv3.als",true,false,false,18,42,28,38,25,2928,2,2,2,35,31,33,31,1024,80,35,2,""
"trainStationNew/under/6PK8obdotANJCqdMF_inv3.als",true,false,false,16,36,26,32,25,2928,2,2,2,31,27,28,27,672,80,23,2,""
"trainStationNew/under/7KDWJpzTHYpzneuA2_inv3.als",true,false,false,15,38,28,34,25,2928,2,2,2,33,29,30,29,704,80,23,2,""
"trainStationNew/under/9vjsYhg7LojRYxvrH_inv3.als",true,false,false,18,26,19,21,25,2928,2,1,2,26,23,24,23,288,48,10,2,""
"trainStationNew/under/9yxnNws8WMMbNfTua_inv3.als",true,false,false,17,38,27,33,25,2928,2,2,2,32,28,29,28,672,80,23,2,""
"trainStationNew/under/AJYjfkk43zTA3Sr3P_inv5.als",true,false,false,19,33,24,29,25,2928,2,2,2,29,25,26,25,320,80,11,2,""
"trainStationNew/under/DMWQjT8XoJLj993vA_inv3.als",true,false,false,18,31,23,28,25,2928,2,2,2,27,23,24,23,320,80,11,2,""
"trainStationNew/under/DdGp4BWKvXHtpnvfD_inv5.als",true,false,false,31,58,31,52,37,4272,2,4,2,51,45,46,45,1760,144,61,2,""
"trainStationNew/under/EiGf5pJjwoHPowcs7_inv3.als",true,false,false,18,31,23,28,25,2928,2,2,2,27,23,24,23,320,80,11,2,""
"trainStationNew/under/GiaNmsqmWP9AdWb7M_inv3.als",true,false,false,18,26,19,21,25,2928,2,1,2,26,23,24,23,288,48,10,2,""
"trainStationNew/under/HZENbDaezw37ny2Pg_inv4.als",true,false,false,17,38,27,33,25,2928,2,2,2,32,28,29,28,800,80,27,2,""
"trainStationNew/under/JK9tjLTp9FsBk52Q2_inv3.als",true,false,false,18,31,22,24,25,2928,2,1,2,29,26,27,26,640,48,22,2,""
"trainStationNew/under/RgtQr8Q2qcAKQvv3z_inv7.als",true,false,false,13,45,24,40,27,3152,2,3,2,24,19,19,19,448,112,16,2,""
"trainStationNew/under/SGsXj5TjF3EQrp34R_inv3.als",true,false,false,16,36,26,32,25,2928,2,2,2,31,27,29,27,672,80,23,2,""
"trainStationNew/under/TYxsrYRWApTZcEBnb_inv4.als",true,false,false,18,37,27,34,25,2928,2,3,2,33,28,29,28,704,112,24,2,""
"trainStationNew/under/TfgkCKyvwYvf9KbPK_inv3.als",true,false,false,18,40,27,34,25,2928,2,2,2,33,29,30,29,800,80,27,2,""
"trainStationNew/under/YJjZWswNBmrRGyNnG_inv3.als",true,false,false,16,36,26,32,25,2928,2,2,2,31,27,28,27,672,80,23,2,""
"trainStationNew/under/YcK4QY2bzhdjYevh6_inv7.als",true,false,false,7,31,22,28,15,1808,2,2,2,18,14,14,14,304,80,11,2,""
"trainStationNew/under/Z7DuHjdRLXHhSFPzK_inv3.als",true,false,false,18,31,23,28,25,2928,2,2,2,27,23,24,23,320,80,11,2,""
"trainStationNew/under/adGzmmakcrmFpZEsr_inv9.als",true,false,false,19,64,34,59,39,4496,2,4,2,35,29,29,29,1472,256,47,3,""
"trainStationNew/under/bWpp6yv7QWA8Kjvuu_inv3.als",true,false,false,18,33,24,29,25,2928,2,2,2,28,24,25,24,448,80,15,2,""
"trainStationNew/under/chApi78tNPJwcjNjk_inv3.als",true,false,false,18,42,27,39,25,2928,2,3,2,34,29,31,29,928,112,32,2,""
"trainStationNew/under/dfpFhvignHbke83Hs_inv3.als",true,false,false,18,31,23,28,25,2928,2,2,2,27,23,24,23,320,80,11,2,""
"trainStationNew/under/gA77Lc6kXQ9XqhhXX_inv7.als",true,false,false,21,43,23,41,28,3264,2,3,2,32,27,27,27,544,112,20,2,""
"trainStationNew/under/gEsPkWHJ4g2TiSiHe_inv3.als",true,false,false,16,36,26,32,25,2928,2,2,2,31,27,28,27,672,80,23,2,""
"trainStationNew/under/hjQ72L5nvGTYrhH3p_inv6.als",true,false,false,5,29,22,26,15,1808,2,2,2,16,12,12,12,192,80,7,2,""
"trainStationNew/under/huqu7CPoeXD9NEHAs_inv3.als",true,false,false,17,36,26,32,25,2928,2,2,2,31,27,29,27,672,80,23,2,""
"trainStationNew/under/ikQ5Kvg8Xpdjpgx4S_inv5.als",true,false,false,17,38,28,33,25,2928,2,2,2,36,32,33,32,912,80,31,2,""
"trainStationNew/under/jbxdpTt5bdxY37EYG_inv3.als",true,false,false,17,36,27,33,25,2928,2,3,2,32,27,29,27,704,112,24,2,""
"trainStationNew/under/pbNJmkX85aBAz6GCG_inv3.als",true,false,false,18,31,23,28,25,2928,2,2,2,27,23,24,23,320,80,11,2,""
"trainStationNew/under/rhtEHGCtbtQksEaXZ_inv3.als",true,false,false,16,36,26,32,25,2928,2,2,2,31,27,28,27,672,80,23,2,""
"trainStationNew/under/tCzccayCyBQ4ocp5W_inv3.als",true,false,false,18,31,23,28,25,2928,2,2,2,27,23,24,23,320,80,11,2,""
"trainStationNew/under/twe6m6YfS9maggY25_inv5.als",true,false,false,19,30,21,23,25,2928,2,1,2,29,26,27,26,416,48,14,2,""
"trainStationNew/under/zrZCBLShAZjXtpa6t_inv3.als",true,false,false,18,26,19,21,25,2928,2,1,2,26,23,24,23,288,48,10,2,""
"trainStationOld/both/2Z7ppb6FjBhAtRaF5_inv6.als",true,false,false,28,48,24,41,25,3440,8,5,8,45,36,36,36,600,136,22,8,""
"trainStationOld/both/EgrWjQcRFk5XM6HBK_inv3.als",true,false,false,6,26,18,20,16,2048,4,2,4,20,15,15,15,368,80,14,4,""
"trainStationOld/both/JPxJwGnvvqHLkEXuN_inv17.als",true,false,false,34,62,30,49,41,5232,8,5,6,55,46,47,46,456,80,17,5,""
"trainStationOld/both/YQx2G8fYMZJYt7GMs_inv5.als",true,false,false,76,138,44,116,67,7888,5,4,5,102,94,96,94,3472,304,108,6,""
"trainStationOld/both/ihNywd3jgr2ZYtgxZ_inv1.als",true,false,false,7,13,10,8,7,1040,3,0,3,12,9,9,9,128,80,5,2,""
"trainStationOld/both/k558JgtJjGTbk6t8W_inv5.als",true,false,false,60,113,40,92,54,6416,6,6,6,89,81,82,81,3072,304,95,6,""
"trainStationOld/both/oQ7dH4k3uHJ3yGNWn_inv5.als",true,false,false,37,88,36,72,54,6416,4,4,4,67,61,62,61,2960,304,91,5,""
"trainStationOld/both/pCk5sDtcbe3JD4weu_inv9.als",true,false,false,16,45,29,40,24,3072,6,6,5,37,29,29,29,512,80,19,5,""
"trainStationOld/both/row4qJpDvf2qxo94C_inv4.als",true,false,false,16,31,22,29,17,2032,3,3,3,21,15,15,15,160,112,6,2,""
"trainStationOld/correct/C2GMSMmrD2tWcjLFS_inv3.als",false,true,false,-1,20,0,0,0,0,0,0,0,0,0,0,0,0,0,0,0,""
"trainStationOld/correct/NWkKNkMmntA4MzeLu_inv4.als",true,false,false,14,38,25,35,24,2944,4,3,4,29,22,23,22,464,112,17,4,""
"trainStationOld/correct/e7hw57NGghhfmJcEy_inv3.als",true,false,false,7,30,18,23,19,2384,4,1,4,23,18,18,18,944,176,31,5,""
"trainStationOld/correct/fHvXpsEWhwQWTA5jp_inv2.als",false,true,false,-1,26,0,0,0,0,0,0,0,0,0,0,0,0,0,0,0,""
"trainStationOld/correct/fMyM6Qh39kXdQZrY4_inv1.als",false,true,false,-1,10,0,0,0,0,0,0,0,0,0,0,0,0,0,0,0,""
"trainStationOld/correct/guaSPdJ4CEP3mGwTq_inv1.als",true,false,false,4,17,13,14,12,1472,2,1,2,10,7,7,7,176,80,7,2,""
"trainStationOld/correct/vvtwsLy4xhshfDunX_inv7.als",true,false,false,2,42,28,38,22,2848,6,5,6,36,28,28,28,1104,176,36,7,""
"trainStationOld/over/CSfh4veZPbjeKwgtT_inv4.als",true,false,false,9,32,23,30,19,2384,4,5,4,24,17,17,17,464,112,17,4,""
"trainStationOld/over/bsQ52CjBrF7teoFy4_inv5.als",true,false,false,53,121,44,101,54,6416,4,4,4,92,85,86,85,5360,112,181,4,""
"trainStationOld/over/csS2ME8x6T3PmZPCL_inv3.als",true,false,false,4,19,13,12,8,1152,4,0,4,18,14,14,14,336,80,13,4,""
"trainStationOld/over/j3D8FYWD9pgMNjKKr_inv4.als",true,false,false,11,33,24,31,20,2496,4,5,4,25,18,18,18,352,112,13,4,""
"trainStationOld/over/muTj8adK57JrhacdG_inv2.als",true,false,false,4,21,16,17,14,1824,4,2,4,17,12,12,12,288,80,11,4,""
"trainStationOld/over/w34dYjtDjzZ9jD3vW_inv5.als",true,false,false,45,74,27,58,54,6416,4,2,4,59,54,54,54,496,80,17,4,""
"trainStationOld/over/y7ZtAGLfWdWZAjpaB_inv2.als",true,false,false,11,27,21,25,16,2176,5,4,5,21,14,14,14,288,80,11,4,""
"trainStationOld/under/X993o42sk5pRKczRT_inv6.als",true,false,false,25,51,27,47,31,3984,9,8,9,47,36,36,36,800,112,30,11,""
"trainStationOld/under/zQBqtkP2b4WiJ3hac_inv3.als",true,false,false,16,37,20,32,29,3632,5,4,5,30,23,23,23,432,112,16,4,""
"trash_fol/both/3KoA2cW92tTrYJsLb_inv10.als",true,false,false,2,40,24,34,18,2144,2,2,2,24,20,20,20,1040,176,32,3,""
"trash_fol/both/7eFBBeirM6Pw2Kee8_inv6.als",true,false,false,7,32,18,26,21,2480,2,2,2,16,12,12,12,288,112,10,2,""
"trash_fol/both/FoMB9qabFqQg7vQ8F_inv10.als",true,false,false,9,35,22,30,18,2144,2,2,2,20,16,16,16,320,80,11,2,""
"trash_fol/both/TFi9MxwmFCiEgpjqX_inv10.als",true,false,false,11,44,26,37,21,2480,2,2,2,30,26,27,26,1376,256,41,3,""
"trash_fol/both/XGeukEoR4zYEgzHsE_inv7.als",true,false,false,9,32,20,27,21,2480,2,2,2,17,13,13,13,272,112,10,2,""
"trash_fol/both/hBNoY2tMAQ8ddLHzu_inv10.als",true,false,false,8,45,26,40,24,2816,2,3,2,28,23,23,23,1344,256,40,3,""
"trash_fol/both/m9PugeGiBF9aC4yZq_inv3.als",true,false,false,3,17,13,14,12,1472,2,1,2,10,7,7,7,176,80,7,2,""
"trash_fol/both/nyzp4x4ELcjg59C9h_inv6.als",true,false,false,17,38,21,32,27,3152,2,3,2,26,21,21,21,448,144,15,2,""
"trash_fol/both/tyExWjQrqESZwQxtm_inv9.als",true,false,false,9,26,14,17,13,1584,2,0,2,18,16,16,16,272,48,10,2,""
"trash_fol/both/vMLLxzYCtPwmBL2tQ_inv7.als",true,false,false,8,26,19,20,14,1696,2,1,2,16,13,13,13,240,80,9,2,""
"trash_fol/both/wpgnLCZasyAJcpSMx_inv1.als",true,false,false,2,12,9,7,5,688,2,0,2,9,7,7,7,144,48,6,2,""
"trash_fol/both/zAY4FTqhYea2CtkJJ_inv7.als",true,false,false,8,26,19,20,14,1696,2,1,2,16,13,13,13,240,80,9,2,""
"trash_fol/correct/2SYz3bDSyWDRCGsLQ_inv4.als",true,false,false,6,20,15,16,12,1472,2,1,2,12,9,9,9,176,80,7,2,""
"trash_fol/correct/5AeZ6RPxYxBcxZeH9_inv10.als",true,false,false,8,45,26,40,24,2816,2,3,2,28,23,23,23,1344,256,40,3,""
"trash_fol/correct/5MvmjXyF7bhH2ejAB_inv7.als",true,false,false,2,27,20,21,15,1808,2,1,2,17,14,14,14,784,176,24,3,""
"trash_fol/correct/5sJXBon9ytx5R2vWf_inv1.als",true,false,false,3,17,13,14,12,1472,2,1,2,10,7,7,7,176,80,7,2,""
"trash_fol/correct/6hTDG8aza69pXrp6L_inv1.als",true,false,false,3,17,13,14,12,1472,2,1,2,10,7,7,7,176,80,7,2,""
"trash_fol/correct/6iWk4GXupRS9BjBDm_inv6.als",true,false,false,6,24,16,18,13,1584,2,1,2,14,11,11,11,256,80,9,2,""
"trash_fol/correct/8edpbhTJb82RpJei7_inv3.als",true,false,false,3,17,13,14,12,1472,2,1,2,10,7,7,7,176,80,7,2,""
"trash_fol/correct/8mDHMdKAnZSSrfjyQ_inv2.als",true,false,false,2,19,14,15,12,1472,2,1,2,11,8,8,8,192,80,7,2,""
"trash_fol/correct/9qTvaYbeDJ6xL4KkW_inv4.als",true,false,false,7,25,16,23,19,2256,2,2,2,13,9,9,9,208,112,8,2,""
"trash_fol/correct/AEfLYBEcND39n9JmG_inv10.als",true,false,false,10,30,18,23,18,2144,2,1,2,19,16,16,16,288,48,10,2,""
"trash_fol/correct/AEy7xfNzRFqAjGcKF_inv6.als",true,false,false,6,23,13,13,8,1024,2,0,2,15,13,13,13,224,48,8,2,""
"trash_fol/correct/APKgMovFcNkvyyCFM_inv3.als",true,false,false,3,17,13,14,12,1472,2,1,2,10,7,7,7,176,80,7,2,""
"trash_fol/correct/ATZWnJjcfpT9CFT56_inv2.als",false,true,false,-1,14,0,0,0,0,0,0,0,0,0,0,0,0,0,0,0,""
"trash_fol/correct/AbpP9tJHnkWFKjz6Y_inv7.als",true,false,false,12,31,22,25,19,2256,2,2,2,21,17,17,17,400,112,14,2,""
"trash_fol/correct/B4u4yX9GQkZdFQTK6_inv1.als",false,true,false,-1,10,0,0,0,0,0,0,0,0,0,0,0,0,0,0,0,""
"trash_fol/correct/BeRZik9uShvuqksWe_inv1.als",true,false,false,3,17,13,14,12,1472,2,1,2,10,7,7,7,176,80,7,2,""
"trash_fol/correct/BxpdSvkixfxryg4ys_inv9.als",true,false,false,13,32,19,26,22,2592,2,3,2,22,17,17,17,368,144,13,2,""
"trash_fol/correct/CcRmGcCYErT2LnQuC_inv8.als",true,false,false,6,22,16,18,16,1920,2,2,2,13,9,9,9,208,112,8,2,""
"trash_fol/correct/DuR37BgbQZ5p7N7Fq_inv6.als",true,false,false,6,24,16,18,13,1584,2,1,2,14,11,11,11,256,80,9,2,""
"trash_fol/correct/EbBXg7fB3FfbBaGNe_inv1.als",true,false,false,3,17,13,14,12,1472,2,1,2,10,7,7,7,176,80,7,2,""
"trash_fol/correct/FZWNXw4AcEww7Ru66_inv6.als",true,false,false,17,44,21,38,33,3824,2,3,2,26,21,21,21,448,144,15,2,""
"trash_fol/correct/G6KNaWgD29ra4XWev_inv3.als",true,false,false,3,17,13,14,12,1472,2,1,2,10,7,7,7,176,80,7,2,""
"trash_fol/correct/G7dRCtnDTYHkqT4Bh_inv8.als",true,false,false,6,20,15,16,14,1696,2,1,2,12,9,9,9,176,80,7,2,""
"trash_fol/correct/GSLQKJppdQDbREhhW_inv7.als",false,true,false,-1,22,0,0,0,0,0,0,0,0,0,0,0,0,0,0,0,""
"trash_fol/correct/Haq64aZCA3f7GZWMe_inv5.als",true,false,false,6,20,14,12,7,912,2,0,2,14,12,12,12,224,48,8,2,""
"trash_fol/correct/J3icigxw5GJ9LxJ7K_inv1.als",true,false,false,3,17,13,14,12,1472,2,1,2,10,7,7,7,176,80,7,2,""
"trash_fol/correct/KtjjAraL2FdgXXvha_inv4.als",true,false,false,6,20,15,16,12,1472,2,1,2,12,9,9,9,176,80,7,2,""
"trash_fol/correct/L5hZfAGnKzf9ngR3s_inv8.als",true,false,false,6,20,15,17,15,1808,2,2,2,13,9,9,9,208,112,8,2,""
"trash_fol/correct/MGGkWX8nmNgM4uQP9_inv4.als",false,true,false,-1,16,0,0,0,0,0,0,0,0,0,0,0,0,0,0,0,""
"trash_fol/correct/ND3KiAC7w8MCTEyWh_inv7.als",true,false,false,12,31,22,25,19,2256,2,2,2,21,17,17,17,400,112,14,2,""
"trash_fol/correct/NWyTYXh7CSRKCDzW7_inv9.als",true,false,false,13,32,19,26,22,2592,2,3,2,22,17,17,17,368,144,13,2,""
"trash_fol/correct/NmDkAnv7HZcR6G2Zp_inv7.als",true,false,false,12,31,22,25,19,2256,2,2,2,21,17,17,17,400,112,14,2,""
"trash_fol/correct/WKQvbYZxSTLyXfGQD_inv10.als",true,false,false,6,46,25,41,25,2928,2,3,2,25,20,20,20,1072,176,33,3,""
"trash_fol/correct/XCRpD8a3krhQpkZdM_inv1.als",true,false,false,3,17,13,14,12,1472,2,1,2,10,7,7,7,176,80,7,2,""
"trash_fol/correct/XPS2nLkFhtYGKBaWA_inv1.als",true,false,false,3,17,13,14,12,1472,2,1,2,10,7,7,7,176,80,7,2,""
"trash_fol/correct/XWH9ZzrsMKhhp7w2a_inv4.als",true,false,false,6,22,16,17,13,1584,2,1,2,12,9,9,9,176,80,7,2,""
"trash_fol/correct/Y62qcPPgLX9xXf4Mz_inv2.als",false,true,false,-1,14,0,0,0,0,0,0,0,0,0,0,0,0,0,0,0,""
"trash_fol/correct/YH7X6H8bSFxJfiLA7_inv7.als",true,false,false,12,31,22,25,19,2256,2,2,2,21,17,17,17,400,112,14,2,""
"trash_fol/correct/Yu87MvZRKGHFhvtfn_inv2.als",true,false,false,2,19,14,15,12,1472,2,1,2,11,8,8,8,192,80,7,2,""
"trash_fol/correct/agyqpNGitDF9T4ZkS_inv1.als",false,true,false,-1,10,0,0,0,0,0,0,0,0,0,0,0,0,0,0,0,""
"trash_fol/correct/azkD57nxdzoeBttmF_inv1.als",false,true,false,-1,10,0,0,0,0,0,0,0,0,0,0,0,0,0,0,0,""
"trash_fol/correct/fFmHqmTGfmiZYQebh_inv6.als",true,false,false,17,38,21,32,27,3152,2,3,2,26,21,21,21,448,144,15,2,""
"trash_fol/correct/gGhrwTXg7xTtt5PoQ_inv3.als",false,true,false,-1,10,0,0,0,0,0,0,0,0,0,0,0,0,0,0,0,""
"trash_fol/correct/gdMHk6u8DpzfDEKns_inv3.als",true,false,false,3,17,13,14,12,1472,2,1,2,10,7,7,7,176,80,7,2,""
"trash_fol/correct/goRTk3KqTzkYZMWdm_inv8.als",true,false,false,6,20,15,17,15,1808,2,2,2,13,9,9,9,208,112,8,2,""
"trash_fol/correct/hmquXaQpufAn97mZf_inv1.als",true,false,false,3,17,13,14,12,1472,2,1,2,10,7,7,7,176,80,7,2,""
"trash_fol/correct/iBLnjqX8bZmSszoBf_inv3.als",true,false,false,3,17,13,14,12,1472,2,1,2,10,7,7,7,176,80,7,2,""
"trash_fol/correct/j52TybEw52BvwPgWc_inv6.als",true,false,false,6,24,16,18,13,1584,2,1,2,14,11,11,11,256,80,9,2,""
"trash_fol/correct/jZ4hm8m8CJY6iKZwy_inv6.als",true,false,false,17,38,21,32,27,3152,2,3,2,26,21,21,21,448,144,15,2,""
"trash_fol/correct/jjYFJ8fAsMpSMqZPy_inv2.als",true,false,false,2,19,14,15,12,1472,2,1,2,11,8,8,8,192,80,7,2,""
"trash_fol/correct/nGtqC8nhR2eciyBPL_inv1.als",false,true,false,-1,10,0,0,0,0,0,0,0,0,0,0,0,0,0,0,0,""
"trash_fol/correct/ovPG9kKnRZcAdhxFJ_inv9.als",false,true,false,-1,18,0,0,0,0,0,0,0,0,0,0,0,0,0,0,0,""
"trash_fol/correct/pstHNcKtoHzS6av7r_inv6.als",true,false,false,22,52,23,45,40,4608,2,3,2,31,26,26,26,512,144,17,2,""
"trash_fol/correct/qNWLvLBDrQLnLWoi2_inv2.als",true,false,false,2,19,14,15,12,1472,2,1,2,11,8,8,8,192,80,7,2,""
"trash_fol/correct/sXwbWtEqPS5q7JxRv_inv1.als",true,false,false,3,17,13,14,12,1472,2,1,2,10,7,7,7,176,80,7,2,""
"trash_fol/correct/tvohQYKi3abwocNKu_inv4.als",true,false,false,6,20,15,16,12,1472,2,1,2,12,9,9,9,176,80,7,2,""
"trash_fol/correct/uqc8EB64NcB67oaCJ_inv3.als",true,false,false,3,17,13,14,12,1472,2,1,2,10,7,7,7,176,80,7,2,""
"trash_fol/correct/w6yH2GHwFo7FKCjhT_inv6.als",true,false,false,17,38,21,32,27,3152,2,3,2,26,21,21,21,448,144,15,2,""
"trash_fol/correct/wXeen5picz6d9WB7b_inv2.als",true,false,false,2,19,14,15,12,1472,2,1,2,11,8,8,8,192,80,7,2,""
"trash_fol/correct/xxQzSthKSmtfGWuBc_inv2.als",true,false,false,2,19,14,15,12,1472,2,1,2,11,8,8,8,192,80,7,2,""
"trash_fol/correct/ygLQZPvw8HhaPSLM6_inv8.als",false,true,false,-1,10,0,0,0,0,0,0,0,0,0,0,0,0,0,0,0,""
"trash_fol/correct/yndHy9FE39gww8h64_inv4.als",true,false,false,6,20,15,16,12,1472,2,1,2,12,9,9,9,176,80,7,2,""
"trash_fol/correct/yxm4mT3DQnR4zcKif_inv2.als",true,false,false,2,19,14,15,12,1472,2,1,2,11,8,8,8,192,80,7,2,""
"trash_fol/over/6m9kKDgwQuLJALMAE_inv7.als",true,false,false,20,44,24,37,31,3600,2,2,2,31,27,27,27,592,112,20,2,""
"trash_fol/over/96TeWZJAz7ew6geGD_inv7.als",true,false,false,15,36,23,30,24,2816,2,2,2,25,21,21,21,528,112,18,2,""
"trash_fol/over/NENRoADPWK694r3L8_inv9.als",true,false,false,12,29,18,25,21,2480,2,2,2,20,16,16,16,336,112,12,2,""
"trash_fol/over/QjQjuQsFBhB7R7BKD_inv7.als",true,false,false,9,31,20,25,19,2256,2,1,2,20,17,17,17,368,80,13,2,""
"trash_fol/over/bTXSdtY52DDbEWXAD_inv7.als",true,false,false,15,35,22,29,23,2704,2,2,2,24,20,20,20,464,112,16,2,""
"trash_fol/over/i2ywd5BaPq2SbjPRS_inv10.als",true,false,false,11,45,26,40,24,2816,2,3,2,29,24,24,24,1200,176,37,3,""
"trash_fol/over/mSwqMQd9Q4SQ7DFPP_inv5.als",true,false,false,8,27,19,22,17,2032,2,1,2,17,14,14,14,320,80,11,2,""
"trash_fol/over/mX7g44aQPAbPYqevw_inv4.als",true,false,false,7,25,18,21,17,2032,2,1,2,16,13,13,13,304,80,11,2,""
"trash_fol/over/rqwNFPzpPqi3AwDyj_inv7.als",true,false,false,15,36,23,30,24,2816,2,2,2,25,21,21,21,528,112,18,2,""
"trash_fol/over/sEchEDmxSCGv4NcTN_inv7.als",true,false,false,12,35,22,28,22,2592,2,1,2,23,20,21,20,432,80,15,2,""
"trash_fol/under/nYWGT8F9p2KmWPJXp_inv6.als",true,false,false,17,50,22,44,39,4496,2,3,2,26,21,21,21,448,144,15,2,""
"trash_ltl/both/27D2mhgLs7HHgusGT_inv12.als",true,false,false,18,38,24,35,27,3664,8,6,7,36,26,26,26,480,80,18,6,""
"trash_ltl/both/2ZbEHFdNoxdGTARiC_inv12.als",true,false,false,2,28,22,26,16,2176,6,4,6,24,16,16,16,448,80,17,6,""
"trash_ltl/both/3sTwM7XRFvcEa34QS_inv8.als",true,false,false,20,39,27,34,21,2608,5,4,5,34,27,27,27,384,80,14,4,""
"trash_ltl/both/4Kehs33vFuzWfoomh_inv20.als",true,false,false,8,39,27,34,21,2864,8,6,6,35,25,25,25,560,80,21,7,""
"trash_ltl/both/58S5bKtyvxXJQttT5_inv16.als",true,false,false,2,28,20,26,16,2176,6,4,6,24,16,16,16,448,80,17,6,""
"trash_ltl/both/5bo2ZvZtM2wptiZXX_inv11.als",true,false,false,9,31,17,20,14,1824,4,0,4,26,22,22,22,400,80,15,4,""
"trash_ltl/both/728qmKmA9icPZ2EJj_inv6.als",true,false,false,8,24,13,15,11,1488,4,0,4,21,17,17,17,288,80,11,4,""
"trash_ltl/both/7FtSWiwrD6Xj4WDWA_inv14.als",true,false,false,19,38,22,28,17,2160,4,1,4,32,27,28,27,416,80,15,4,""
"trash_ltl/both/9QthAyGb2aaZAsci6_inv8.als",true,false,false,11,33,25,29,18,2400,5,3,5,33,26,26,26,1040,176,33,5,""
"trash_ltl/both/9phnGdPKFgcb9LPbu_inv17.als",true,false,false,17,34,22,26,23,3088,6,4,5,30,23,23,23,464,80,17,4,""
"trash_ltl/both/A7dTJLvqDXNpKahkS_inv13.als",true,false,false,7,32,22,29,20,2752,7,5,6,29,20,20,20,448,80,17,6,""
"trash_ltl/both/AnY4ZnkYi2ZpyektG_inv5.als",true,false,false,5,21,15,17,15,1936,4,1,4,17,12,12,12,288,80,11,4,""
"trash_ltl/both/CtmMJ4z3BfSL27uRN_inv8.als",true,false,false,13,34,22,26,18,2400,5,2,5,32,26,26,26,480,80,17,4,""
"trash_ltl/both/EFeHWM7hGdCgENR9i_inv16.als",true,false,false,2,23,17,19,16,2176,6,2,6,23,16,16,16,416,80,16,6,""
"trash_ltl/both/JCzZ6wk2sT4vGj86e_inv18.als",true,false,false,17,38,24,33,20,2752,6,4,5,31,23,23,23,256,80,10,4,""
"trash_ltl/both/Kdx5Fqxs7E3jNSop9_inv18.als",true,false,false,18,40,25,35,22,2848,7,5,6,38,29,29,29,448,80,17,6,""
"trash_ltl/both/KkhHRkGydBwjpqn22_inv6.als",true,false,false,7,30,18,24,20,2496,4,2,4,23,18,18,18,320,80,12,4,""
"trash_ltl/both/Q3S9iAmPRBTZMjDPP_inv9.als",true,false,false,5,17,13,11,8,1152,4,0,4,17,13,13,13,272,80,11,4,""
"trash_ltl/both/av7mfzGDt7X8iyZna_inv6.als",true,false,false,9,28,17,23,19,2384,4,2,4,22,17,17,17,320,80,12,4,""
"trash_ltl/both/axgZpTgTYo5abkdTp_inv12.als",true,false,false,11,33,23,30,20,2624,6,5,6,28,20,20,20,448,112,17,6,""
"trash_ltl/both/bPS5AFpxE3Jji9gQn_inv18.als",true,false,false,4,36,23,32,20,2752,8,6,6,34,24,24,24,560,80,21,7,""
"trash_ltl/both/bgGKGr4T6fmFCevGD_inv8.als",true,false,false,14,28,21,22,18,2400,5,2,5,28,22,22,22,352,80,13,4,""
"trash_ltl/both/dmZT98uFXf3kDqpJS_inv20.als",true,false,false,6,38,26,33,21,2864,8,6,6,34,24,24,24,560,80,21,7,""
"trash_ltl/both/doDdGzeaEpHfkDXqd_inv12.als",true,false,false,10,34,23,31,22,2976,7,5,7,31,22,22,22,528,112,20,7,""
"trash_ltl/both/eQ8pEi235ATsLssts_inv6.als",true,false,false,11,29,17,23,20,2624,5,2,5,25,19,19,19,400,80,15,4,""
"trash_ltl/both/fZQcqRBiXQCpiKxqf_inv16.als",true,false,false,9,29,20,26,16,2176,5,3,5,22,15,15,15,256,80,10,4,""
"trash_ltl/both/icXDpWFnkSg9s7pC7_inv8.als",true,false,false,16,38,27,34,21,2608,5,4,5,34,26,26,26,1072,176,34,5,""
"trash_ltl/both/jEBS8kzBdSu44kmpE_inv8.als",true,false,false,16,38,26,33,20,2496,5,4,5,33,26,26,26,512,80,18,4,""
"trash_ltl/both/jGYKGwvwsnJ7JudFd_inv12.als",true,false,false,11,33,23,30,20,2624,6,5,6,28,20,20,20,448,112,17,6,""
"trash_ltl/both/jJ2hLJBt3B6WExoap_inv8.als",true,false,false,14,28,21,22,18,2400,5,2,5,28,22,22,22,352,80,13,4,""
"trash_ltl/both/jkGrShmYcgR9kXb6s_inv8.als",true,false,false,10,38,27,34,22,2848,6,4,6,36,28,28,28,1104,176,36,7,""
"trash_ltl/both/m8jyysBGH3pWr3soi_inv8.als",true,false,false,14,28,21,22,18,2400,5,2,5,28,22,22,22,352,80,13,4,""
"trash_ltl/both/oMwvgbeF286cfSQAA_inv5.als",true,false,false,11,32,21,28,18,2400,5,4,4,24,17,17,17,320,80,12,4,""
"trash_ltl/both/p6FHHGvFpDw34Fr5E_inv11.als",true,false,false,15,32,18,21,16,2176,5,0,5,29,24,24,24,384,80,14,4,""
"trash_ltl/both/qKBNpcpLms6b8xAXr_inv8.als",true,false,false,8,40,28,35,23,2960,6,4,6,37,29,29,29,1168,176,38,7,""
"trash_ltl/both/qoBtW78FYTjc2PXmA_inv15.als",true,false,false,10,22,17,18,16,2176,5,2,5,20,14,14,14,224,80,9,4,""
"trash_ltl/both/rouvA4qTCLEKGqAv5_inv6.als",true,false,false,9,28,17,22,18,2272,4,2,4,22,17,17,17,320,80,12,4,""
"trash_ltl/both/sBrkvxCFiCXpBWMBr_inv11.als",true,false,false,12,22,14,13,10,1376,3,0,3,17,14,14,14,96,48,4,2,""
"trash_ltl/both/sJ9NMoRaPwe5xsuXP_inv9.als",true,false,false,15,28,21,23,20,2624,5,3,5,25,19,19,19,384,112,15,5,""
"trash_ltl/both/t567kyqgdpx7xFHe5_inv12.als",true,false,false,11,33,23,30,20,2624,6,5,6,28,20,20,20,448,112,17,6,""
"trash_ltl/both/tPgHFAzPMzZGpz7uc_inv6.als",true,false,false,15,24,13,15,13,1968,6,0,5,25,19,19,19,256,80,10,4,""
"trash_ltl/both/uQzKWo23SXGjWoAsY_inv12.als",true,false,false,6,33,22,30,20,2624,6,4,6,28,20,20,20,448,80,17,6,""
"trash_ltl/both/vZBibsDMoEbeDYEyN_inv6.als",true,false,false,12,31,18,24,21,2736,5,2,5,26,20,20,20,400,80,15,4,""
"trash_ltl/both/yedM45xfviaHLCA9e_inv14.als",true,false,false,18,35,23,30,18,2400,5,4,4,30,23,23,23,320,80,12,4,""
"trash_ltl/correct/842yW8D2hqgghCqD9_inv6.als",true,false,false,10,25,14,16,13,1840,5,0,5,24,19,19,19,320,80,12,4,""
"trash_ltl/correct/8Kdb6vDXNEXWAk4NS_inv1.als",true,false,false,5,17,12,12,8,1024,2,0,2,13,11,11,11,272,48,10,2,""
"trash_ltl/correct/9RxDDSvjuiRHYhqdZ_inv11.als",true,false,false,14,35,21,27,22,2848,5,2,5,29,23,23,23,464,80,17,4,""
"trash_ltl/correct/9y8et4bh2SQiXq5cm_inv9.als",false,true,false,-1,18,0,0,0,0,0,0,0,0,0,0,0,0,0,0,0,""
"trash_ltl/correct/Da6xrKzokJHydjx7h_inv10.als",true,false,false,0,20,12,12,8,1152,4,0,4,18,14,14,14,816,176,26,5,""
"trash_ltl/correct/Ddnf7PDQ4T8wJSYvW_inv6.als",false,true,false,-1,20,0,0,0,0,0,0,0,0,0,0,0,0,0,0,0,""
"trash_ltl/correct/Ed3yzHWosqNnHqfdS_inv1.als",true,false,false,5,17,12,12,8,1024,2,0,2,13,11,11,11,272,48,10,2,""
"trash_ltl/correct/FaakCfMQyvsDMgr7b_inv3.als",false,true,false,-1,12,0,0,0,0,0,0,0,0,0,0,0,0,0,0,0,""
"trash_ltl/correct/H9hdkzFnqiB2GWjYj_inv11.als",true,false,false,8,33,21,25,19,2384,4,1,4,25,20,20,20,544,80,20,4,""
"trash_ltl/correct/KPuXEoLxCthaFaK44_inv16.als",true,false,false,0,28,20,26,16,2176,6,4,6,24,16,16,16,448,80,17,6,""
"trash_ltl/correct/MZPj3333pNqCC7uPn_inv6.als",false,true,false,-1,20,0,0,0,0,0,0,0,0,0,0,0,0,0,0,0,""
"trash_ltl/correct/Nvxeyhnc7M8vgktL7_inv16.als",true,false,false,0,28,20,26,16,2176,6,4,6,24,16,16,16,448,80,17,6,""
"trash_ltl/correct/PnWY4KrquTCmEQPYs_inv13.als",false,true,false,-1,28,0,0,0,0,0,0,0,0,0,0,0,0,0,0,0,""
"trash_ltl/correct/RBGYKWeCfsNxQDmt9_inv6.als",true,false,false,11,29,18,23,20,2624,5,2,5,25,19,19,19,400,80,15,4,""
"trash_ltl/correct/SWLmK63wSB5Ea5Qbn_inv19.als",true,false,false,0,36,22,32,20,2752,8,6,6,34,24,24,24,560,80,21,7,""
"trash_ltl/correct/Tdn2oi2BGM7oMB5hw_inv17.als",true,false,false,12,30,21,24,20,2624,5,2,5,26,20,20,20,400,80,15,4,""
"trash_ltl/correct/atikX7ydPTgzjKHWF_inv14.als",true,false,false,13,37,25,32,20,2624,5,3,5,32,25,25,25,1008,176,32,5,""
"trash_ltl/correct/dEmN6P4cKtRTpK7yN_inv9.als",true,false,false,6,22,17,18,14,1824,4,1,4,18,13,13,13,304,80,12,4,""
"trash_ltl/correct/eTZJN9AJuson2o4kc_inv8.als",true,false,false,7,39,28,35,23,2960,6,6,6,37,28,28,28,1200,176,39,7,""
"trash_ltl/correct/fLmehh7Hdf4sXvBmf_inv1.als",true,false,false,10,17,13,11,8,1152,3,0,3,15,12,12,12,128,80,5,2,""
"trash_ltl/correct/gFDAA89yKKyGvuggs_inv11.als",true,false,false,14,35,21,27,22,2848,5,2,5,29,23,23,23,464,80,17,4,""
"trash_ltl/correct/jRJECz47kGdtS8awK_inv13.als",true,false,false,16,32,22,29,18,2272,5,4,5,25,18,18,18,256,80,10,4,""
"trash_ltl/correct/jiNy2qy4m4dEJSrJo_inv7.als",false,true,false,-1,12,0,0,0,0,0,0,0,0,0,0,0,0,0,0,0,""
"trash_ltl/correct/o47ycp7SKFdiSLZnH_inv8.als",false,true,false,-1,34,0,0,0,0,0,0,0,0,0,0,0,0,0,0,0,""
"trash_ltl/correct/pRuiwSxSu3QsyM8vw_inv6.als",true,false,false,2,25,16,19,15,1936,4,1,4,19,14,14,14,320,80,12,4,""
"trash_ltl/correct/u7xyut7dQqXnJB8xR_inv17.als",true,false,false,11,25,19,20,16,2176,5,2,5,22,16,16,16,288,80,11,4,""
"trash_ltl/correct/yniwHSp45PNDiZxR9_inv4.als",false,true,false,-1,12,0,0,0,0,0,0,0,0,0,0,0,0,0,0,0,""
"trash_ltl/correct/yzcaG9b2NWqLuFTRz_inv18.als",true,false,false,17,38,24,33,20,2752,6,4,5,31,23,23,23,256,80,10,4,""
"trash_ltl/over/9C7u46fpgR7AvwbsX_inv12.als",true,false,false,9,34,23,32,23,3088,7,5,7,31,22,22,22,528,112,20,7,""
"trash_ltl/over/9dZ2znCXXNabgWg3s_inv7.als",true,false,false,6,11,9,7,6,928,3,0,3,11,8,8,8,96,48,4,2,""
"trash_ltl/over/EXBNtqxMn6BzrnDBH_inv20.als",true,false,false,1,38,26,33,21,2864,8,6,6,34,24,24,24,560,80,21,7,""
"trash_ltl/over/Eqz4jCpKro7rTzZhD_inv5.als",true,false,false,4,28,20,25,15,1936,4,3,4,19,13,13,13,320,80,12,4,""
"trash_ltl/over/F5qeNWqJYmKazuAwo_inv14.als",true,false,false,13,37,26,32,20,2624,5,3,5,32,25,25,25,1008,176,32,5,""
"trash_ltl/over/SpbQBNT3jy4Mysiho_inv2.als",true,false,false,13,22,15,17,12,1728,4,0,4,21,17,17,17,752,176,23,3,""
"trash_ltl/over/TXZGmeWKc9F9o9mXA_inv20.als",true,false,false,12,33,23,29,21,2864,6,4,5,26,18,18,18,256,80,10,4,""
"trash_ltl/over/aRkzFMsXoXTZYr95A_inv19.als",true,false,false,1,36,23,32,20,2752,8,6,6,34,24,24,24,560,80,21,7,""
"trash_ltl/over/kFQjkKGqXjAHai2vH_inv5.als",true,false,false,4,28,19,25,15,1936,4,3,4,19,13,13,13,320,80,12,4,""
"trash_ltl/over/meq3n8z5dMuLbpbyG_inv18.als",true,false,false,4,36,23,32,20,2752,8,6,6,34,24,24,24,560,80,21,7,""
"trash_ltl/over/vdLtt2kLTubMjFcmm_inv7.als",true,false,false,1,12,10,8,6,928,4,0,4,14,10,10,10,224,80,9,4,""
"trash_ltl/under/36v4iF7ymg9ecANhb_inv17.als",true,false,false,13,35,23,27,23,2960,5,3,5,29,23,23,23,448,80,17,4,""
"trash_ltl/under/AytXfMchBF2eXp9x6_inv2.als",true,false,false,11,28,18,23,17,2160,3,2,3,21,17,17,17,320,80,12,2,""
"trash_ltl/under/CkJ7Yebbk2Bjfartt_inv1.als",true,false,false,1,16,12,10,6,800,2,0,2,12,10,10,10,160,48,6,2,""
"trash_ltl/under/GSdqcAjND8Ht8fNTm_inv5.als",true,false,false,10,34,21,30,20,2624,5,3,5,26,19,19,19,400,80,15,4,""
"trash_ltl/under/JSWwpWHCnvBZAwQt9_inv12.als",true,false,false,13,34,24,30,19,2384,5,3,5,26,19,19,19,256,80,10,4,""
"trash_ltl/under/Kdv8TM5oMMwoxSHFv_inv2.als",true,false,false,9,21,14,15,9,1264,3,0,3,18,15,15,15,192,80,7,2,""
"trash_ltl/under/LAdeCajAbFbS9rtjn_inv12.als",true,false,false,5,33,23,30,20,2624,6,4,6,28,20,20,20,448,80,17,6,""
"trash_ltl/under/MidrPz7QgwRLwuWtT_inv12.als",true,false,false,8,20,16,17,16,2176,5,2,5,19,13,13,13,224,80,9,4,""
"trash_ltl/under/NcdPrj4SLf8RyhhYP_inv2.als",true,false,false,16,21,14,15,11,1744,5,0,4,22,17,17,17,128,80,5,2,""
"trash_ltl/under/QyyqNz9mvoxHq23Xi_inv14.als",true,false,false,24,40,26,33,19,2256,3,2,3,29,24,24,24,128,80,5,2,""
"trash_ltl/under/S3xSujqdYLGizBLra_inv16.als",true,false,false,11,33,22,30,20,2624,6,5,6,28,20,20,20,448,112,17,6,""
"trash_ltl/under/SQ9E4sCGEtw26u5aB_inv11.als",true,false,false,14,25,15,15,10,1376,3,0,3,19,16,16,16,96,48,4,2,""
"trash_ltl/under/XPJNBRrpryRCDnbhD_inv18.als",true,false,false,15,37,24,33,20,2752,7,6,6,33,24,24,24,448,112,17,6,""
"trash_ltl/under/ZbwdPPfG35oKYcDAz_inv16.als",true,false,false,11,27,19,25,16,2176,5,4,5,21,14,14,14,256,80,10,4,""
"trash_ltl/under/bB63vKb8Zv4SzaK3q_inv4.als",true,false,false,1,12,10,8,6,928,4,0,4,14,10,10,10,224,80,9,4,""
"trash_ltl/under/bFjffW9XTBkrfxBQq_inv10.als",true,false,false,1,20,12,12,8,1152,4,0,4,18,14,14,14,288,80,11,4,""
"trash_ltl/under/bvhsiXPmMguMpLeFy_inv10.als",true,false,false,8,30,18,23,19,2384,4,1,4,23,18,18,18,416,80,16,4,""
"trash_ltl/under/dteZokrrJnbgFKCPh_inv10.als",true,false,false,11,29,17,23,20,2624,5,2,5,25,19,19,19,400,80,15,4,""
"trash_ltl/under/iByQj3K9agfKtPKf3_inv10.als",true,false,false,3,20,12,12,8,1152,4,0,4,18,14,14,14,288,80,11,4,""
"trash_ltl/under/jKRBReGEM8z5GNuwX_inv10.als",true,false,false,14,30,18,24,22,2976,6,3,6,28,21,21,21,400,80,15,4,""
"trash_ltl/under/njA2gKaQsDK6gE2qW_inv16.als",true,false,false,7,33,22,30,20,2624,6,4,6,28,20,20,20,448,80,17,6,""
"trash_ltl/under/oRcLNKsmZcf9HjZ3S_inv3.als",true,false,false,6,11,9,7,6,928,3,0,3,11,8,8,8,96,48,4,2,""
"trash_ltl/under/ofFkEnCR3qA8zNx7G_inv12.als",true,false,false,10,35,25,31,21,2736,6,3,6,29,21,21,21,448,80,17,6,""
"trash_ltl/under/qvZiKcc9DH5Xi7tp9_inv18.als",true,false,false,10,37,24,33,20,2752,7,5,6,33,24,24,24,448,80,17,6,""
"trash_ltl/under/unfYnnNNdMP7gQgDx_inv10.als",true,false,false,17,28,18,22,20,2752,6,3,6,30,23,23,23,400,80,15,4,""
"trash_rl/both/2x3ksgtfNiuv5eGZQ_inv5.als",true,false,false,10,27,18,18,13,1584,2,0,2,19,17,17,17,288,48,10,2,""
"trash_rl/both/2yS6Ckr8D9de38SyK_inv9.als",true,false,false,3,22,15,17,13,1584,2,1,2,13,10,10,10,192,80,7,2,""
"trash_rl/both/CARwmDEmeq5Kvc324_inv10.als",true,false,false,5,43,24,36,20,2368,2,2,2,26,22,22,22,1104,176,34,3,""
"trash_rl/both/EtC8aKaLbSnPp9gBf_inv5.als",true,false,false,6,20,14,12,7,912,2,0,2,14,12,12,12,224,48,8,2,""
"trash_rl/both/NYCFf9wA5jtmG6dKC_inv9.als",true,false,false,4,21,12,12,8,1024,2,0,2,14,12,12,12,208,48,8,2,""
"trash_rl/both/PYwMEA7fxvG25kMRb_inv7.als",true,false,false,6,24,18,19,13,1584,2,1,2,15,12,12,12,192,80,7,2,""
"trash_rl/both/Pbvb8hQTN4884SzBv_inv4.als",true,false,false,5,15,11,9,6,800,2,0,2,11,9,9,9,144,48,6,2,""
"trash_rl/both/PtQ4Lu46Fkpcf7rma_inv7.als",true,false,false,7,21,15,13,8,1024,2,0,2,15,13,13,13,208,48,8,2,""
"trash_rl/both/TR5tjCx49JJMakP9m_inv5.als",true,false,false,5,17,12,10,7,912,2,0,2,12,10,10,10,160,48,6,2,""
"trash_rl/both/ey5RyG6fw7t9YS9PB_inv7.als",true,false,false,8,26,19,20,14,1696,2,1,2,16,13,13,13,240,80,9,2,""
"trash_rl/both/fXATtrYJ2t2L426Li_inv9.als",true,false,false,3,22,15,17,13,1584,2,1,2,13,10,10,10,192,80,7,2,""
"trash_rl/both/j8dyqFHe4HFjCcws9_inv7.als",true,false,false,9,31,20,24,18,2144,2,1,2,20,17,17,17,368,80,13,2,""
"trash_rl/both/s6LJspAdq9ryC3xfZ_inv6.als",true,false,false,6,24,16,18,13,1584,2,1,2,14,11,11,11,256,80,9,2,""
"trash_rl/both/s73P3ybuvG5FmFzgF_inv7.als",true,false,false,2,22,16,14,8,1024,2,0,2,16,14,14,14,752,176,23,3,""
"trash_rl/both/vAbkWWuJJtNEQpEdg_inv6.als",true,false,false,5,19,12,11,7,912,2,0,2,13,11,11,11,224,48,8,2,""
"trash_rl/both/vvEcgYRkH3Eb4PCu3_inv7.als",true,false,false,8,26,19,20,14,1696,2,1,2,16,13,13,13,240,80,9,2,""
"trash_rl/both/wnnHGLzE7hzfpGMSr_inv10.als",true,false,false,5,36,20,27,18,2144,2,1,2,23,20,20,20,1008,176,31,3,""
"trash_rl/both/yN4S9aTfeaCh6fSay_inv5.als",true,false,false,5,19,13,11,7,912,2,0,2,12,10,10,10,160,48,6,2,""
"trash_rl/both/yZZAWpNBu8TuqAG76_inv6.als",true,false,false,6,26,16,19,14,1696,2,1,2,15,12,12,12,256,80,9,2,""
"trash_rl/both/ykJCxmSRTwSLzYNRj_inv10.als",true,false,false,9,33,18,25,18,2144,2,1,2,21,18,18,18,416,48,14,2,""
"trash_rl/correct/2RXMTFqRReJ4s2h9X_inv1.als",true,false,false,7,20,15,17,15,1808,2,1,2,13,10,11,10,176,80,7,2,""
"trash_rl/correct/2S6JcBp8qoyRwAEYx_inv10.als",false,true,false,-1,40,0,0,0,0,0,0,0,0,0,0,0,0,0,0,0,""
"trash_rl/correct/5hbfnWEzm7iTnh48D_inv5.als",true,false,false,6,23,14,14,9,1136,2,0,2,16,14,14,14,752,176,23,3,""
"trash_rl/correct/68wsbkEWGqRBbwCFR_inv2.als",false,true,false,-1,14,0,0,0,0,0,0,0,0,0,0,0,0,0,0,0,""
"trash_rl/correct/9ehJEJwQBqMXGHHu8_inv7.als",true,false,false,2,27,20,21,15,1808,2,1,2,17,14,14,14,784,176,24,3,""
"trash_rl/correct/APu2GjGAs3zBwXRjc_inv3.als",true,false,false,3,17,13,14,12,1472,2,1,2,10,7,7,7,176,80,7,2,""
"trash_rl/correct/EQovYWFqwMs8LRMat_inv7.als",true,false,false,2,27,20,21,15,1808,2,1,2,17,14,14,14,784,176,24,3,""
"trash_rl/correct/FCtRdmZASitrLXzFC_inv1.als",false,true,false,-1,10,0,0,0,0,0,0,0,0,0,0,0,0,0,0,0,""
"trash_rl/correct/GEyGyHW85zxLo7cWE_inv1.als",true,false,false,3,17,13,14,12,1472,2,1,2,10,7,7,7,176,80,7,2,""
"trash_rl/correct/GJcs6HHzroqnCw4gB_inv2.als",true,false,false,5,15,11,9,6,800,2,0,2,11,9,9,9,160,48,6,2,""
"trash_rl/correct/GhGdHjTaLyZbzFL2u_inv4.als",false,true,false,-1,16,0,0,0,0,0,0,0,0,0,0,0,0,0,0,0,""
"trash_rl/correct/GsLdfsWtcwttSM4yL_inv8.als",false,true,false,-1,10,0,0,0,0,0,0,0,0,0,0,0,0,0,0,0,""
"trash_rl/correct/JuYcN9cYg6dciQz2t_inv8.als",true,false,false,3,13,10,8,6,800,2,0,2,10,8,8,8,96,48,4,2,""
"trash_rl/correct/MaScZMsFxceucmPu4_inv8.als",false,true,false,-1,10,0,0,0,0,0,0,0,0,0,0,0,0,0,0,0,""
"trash_rl/correct/P7RuhPgufcmbDKPaB_inv3.als",false,true,false,-1,10,0,0,0,0,0,0,0,0,0,0,0,0,0,0,0,""
"trash_rl/correct/QoED5FMqTsWsHyfAr_inv5.als",true,false,false,0,20,14,12,7,912,2,0,2,14,12,12,12,1280,176,38,4,""
"trash_rl/correct/RaDiYvYfrhh8xSmtC_inv1.als",false,true,false,-1,10,0,0,0,0,0,0,0,0,0,0,0,0,0,0,0,""
"trash_rl/correct/Ru4R2cYPBtYS5m2Me_inv3.als",false,true,false,-1,10,0,0,0,0,0,0,0,0,0,0,0,0,0,0,0,""
"trash_rl/correct/SZmRxrfPYwEdaEFJc_inv3.als",false,true,false,-1,10,0,0,0,0,0,0,0,0,0,0,0,0,0,0,0,""
"trash_rl/correct/StLmgbBHW7HpxGnR9_inv1.als",true,false,false,7,20,15,17,15,1808,2,1,2,13,10,11,10,176,80,7,2,""
"trash_rl/correct/TtN7yBs7XB8CE3AhP_inv7.als",false,true,false,-1,22,0,0,0,0,0,0,0,0,0,0,0,0,0,0,0,""
"trash_rl/correct/WoBbjtDyRcbx744TK_inv1.als",false,true,false,-1,10,0,0,0,0,0,0,0,0,0,0,0,0,0,0,0,""
"trash_rl/correct/X8zr3aruXg2TC7mPM_inv10.als",true,false,false,8,51,26,46,30,3488,2,3,2,28,23,23,23,1344,256,40,3,""
"trash_rl/correct/Xxfc5oKaWz6XBFHLE_inv5.als",true,false,false,8,27,19,21,16,1920,2,1,2,17,14,14,14,320,80,11,2,""
"trash_rl/correct/Y7Kp99G5gDS5G2wPB_inv10.als",true,false,false,8,51,26,46,30,3488,2,3,2,28,23,23,23,1344,256,40,3,""
"trash_rl/correct/a9a28WS4s4nwW4d47_inv7.als",true,false,false,5,19,14,12,8,1024,2,0,2,14,12,12,12,160,48,6,2,""
"trash_rl/correct/bXkqADLu7NbWtyRTC_inv9.als",true,false,false,12,27,16,20,16,1920,2,1,2,20,17,17,17,304,80,11,2,""
"trash_rl/correct/dNSv2E9mWFMYu9cdx_inv2.als",true,false,false,1,14,10,8,5,688,2,0,2,10,8,8,8,160,48,6,2,""
"trash_rl/correct/fqoaM4Zr2PpbyfXQj_inv2.als",true,false,false,5,15,11,9,6,800,2,0,2,11,9,9,9,160,48,6,2,""
"trash_rl/correct/gYduSjKbMYDM7A8be_inv1.als",false,true,false,-1,10,0,0,0,0,0,0,0,0,0,0,0,0,0,0,0,""
"trash_rl/correct/hW4ivhW3yMjwhRdLn_inv5.als",true,false,false,6,21,14,13,8,1024,2,0,2,15,13,13,13,224,48,8,2,""
"trash_rl/correct/nH5QbmohDMrXp88Ja_inv3.als",true,false,false,3,13,10,8,6,800,2,0,2,10,8,8,8,96,48,4,2,""
"trash_rl/correct/nbTS4s9B2P72g7h4v_inv3.als",false,true,false,-1,10,0,0,0,0,0,0,0,0,0,0,0,0,0,0,0,""
"trash_rl/correct/qH34RbgPfcqv7x9Nc_inv3.als",true,false,false,3,17,13,14,12,1472,2,1,2,10,7,7,7,176,80,7,2,""
"trash_rl/correct/r9dWajyCKdXjNx3S4_inv5.als",true,false,false,10,25,18,19,14,1696,2,1,2,19,16,16,16,320,80,11,2,""
"trash_rl/correct/saT6qkhb4ueF3NwZe_inv2.als",false,true,false,-1,14,0,0,0,0,0,0,0,0,0,0,0,0,0,0,0,""
"trash_rl/correct/uLKY7yE5teqButRt6_inv3.als",true,false,false,3,13,10,8,6,800,2,0,2,10,8,8,8,96,48,4,2,""
"trash_rl/correct/wufZBCiGF2bivHRcP_inv5.als",true,false,false,0,20,14,12,7,912,2,0,2,14,12,12,12,1280,176,38,4,""
"trash_rl/correct/wwwwZJF4G2nagkWss_inv10.als",true,false,false,10,30,18,23,18,2144,2,1,2,19,16,16,16,288,48,10,2,""
"trash_rl/correct/yg5jN8SM6tgKPFKRP_inv8.als",true,false,false,3,13,10,8,6,800,2,0,2,10,8,8,8,96,48,4,2,""
"trash_rl/over/Au9ZEdzEijbhAjTrF_inv5.als",true,false,false,8,27,19,22,17,2032,2,1,2,17,14,14,14,320,80,11,2,""
"trash_rl/over/CivrwF3RznopueY5h_inv7.als",true,false,false,14,32,20,24,18,2144,2,1,2,24,21,21,21,368,80,13,2,""
"trash_rl/over/EhZRFFgFE2ri8oxmR_inv7.als",true,false,false,6,24,18,19,13,1584,2,1,2,15,12,12,12,192,80,7,2,""
"trash_rl/over/HfyknN8hqjvKL6D6m_inv6.als",true,false,false,4,16,10,9,7,912,2,0,2,11,9,9,9,160,48,6,2,""
"trash_rl/over/TvvG6T352GhYiumpz_inv5.als",true,false,false,4,20,14,12,7,912,2,0,2,14,12,12,12,752,176,23,3,""
"trash_rl/over/XenpHPJwJpXsipmS9_inv9.als",true,false,false,14,32,18,26,22,2592,2,2,2,22,18,19,18,336,112,12,2,""
"trash_rl/over/bgQ5MGuqSsrkJwYth_inv6.als",true,false,false,4,19,12,11,7,912,2,0,2,13,11,11,11,224,48,8,2,""
"trash_rl/over/eigSgPnWPoGqZZKDd_inv5.als",true,false,false,8,27,19,22,17,2032,2,1,2,17,14,14,14,320,80,11,2,""
"trash_rl/over/fT5PYvbethbE3xTsJ_inv5.als",true,false,false,4,20,14,12,7,912,2,0,2,14,12,12,12,752,176,23,3,""
"trash_rl/over/kTJbMK84CQaigPtjW_inv5.als",true,false,false,4,20,14,12,7,912,2,0,2,14,12,12,12,752,176,23,3,""
"trash_rl/over/md7f8duWhp9wGiyEu_inv7.als",true,false,false,6,24,18,19,13,1584,2,1,2,15,12,12,12,192,80,7,2,""
"trash_rl/over/p7m8D7P6CbHbSSFmm_inv5.als",true,false,false,4,20,14,12,7,912,2,0,2,14,12,12,12,752,176,23,3,""
"trash_rl/over/sqkvWoLks3eT6Tk8h_inv7.als",true,false,false,10,32,20,26,20,2368,2,1,2,21,18,18,18,432,80,15,2,""
"trash_rl/under/3xAqttgYmoK88NAX4_inv10.als",true,false,false,14,37,21,28,18,2144,2,1,2,24,21,21,21,416,48,14,2,""
"trash_rl/under/DqSsZ6Y2pE6xQ4uSe_inv7.als",true,false,false,10,32,21,25,19,2256,2,1,2,21,18,19,18,432,80,15,2,""
"trash_rl/under/rJsGy6ku4KszvzmXa_inv10.als",true,false,false,14,54,28,48,32,3712,2,3,2,33,28,28,28,1728,304,49,3,""
"trash_rl/under/zzyCwW23G3Y2piJNg_inv9.als",true,false,false,4,23,15,18,14,1696,2,1,2,14,11,11,11,240,80,9,2,""
