ordinal,relativePath
0,"trash_ltl/correct/fLmehh7Hdf4sXvBmf_inv1.als"
1,"productionLineNew/both/Q6paNvXpy2gvH8vjZ_inv1.als"
2,"lts/correct/Ni3FMkW8unC6kwE3v_inv5.als"
3,"socialMedia/over/9SY8oQLebDDfvauLS_inv2.als"
4,"socialMedia/under/yKeTABQuu8dGpDpwC_inv7.als"
5,"productionLineNew/both/rXoat6wgiHuWQfdj2_inv7.als"
6,"trash_rl/both/PYwMEA7fxvG25kMRb_inv7.als"
7,"classroom_rl/over/2QPoQpn7Dzjw4BFwM_inv9.als"
8,"socialMedia/correct/3qLEm2Yzp4mjCDhmX_inv7.als"
9,"productionLineNew/over/FK7WdwT2v3tB2rKXH_inv7.als"
10,"trainStationNew/both/sBHNh4WYiH6LgApLE_inv4.als"
11,"socialMedia/both/TTRFnx4Tj4Ty5jzNG_inv7.als"
12,"graphs/over/EqQcc6nrFgTr6foNT_inv6.als"
13,"productionLine_v2/over/pfQF77Ew3GkxkKtJq_inv8.als"
14,"coursesOld/under/XDxPmf7Hb976B5AAL_inv5.als"
15,"socialMedia/both/xSPXcXoNDFYtxsur5_inv8.als"
16,"socialMedia/under/DiZGMJdzStJdW2Tt3_inv7.als"
17,"coursesNew/correct/tJufQAw3eMGvg96qW_inv1.als"
18,"lts/under/rb85AHqSRSzMMogds_inv5.als"
19,"trash_rl/correct/nbTS4s9B2P72g7h4v_inv3.als"
20,"trainStationNew/both/JSrjQA6RLmCiv6uhS_inv4.als"
21,"productionLine_v1/correct/qxCPdKSGdgy8KWsd9_inv2.als"
22,"coursesOld/under/psz6ujnojpLH5Kw9E_inv11.als"
23,"socialMedia/under/MgwNzWNwavi8KXtrE_inv7.als"
24,"productionLine_v2/under/ztPQZWebh8kxhaxqh_inv2.als"
25,"socialMedia/both/CeXfaPpcRRMijrsQn_inv5.als"
26,"classroom_fol/both/ZdaX49jLfcAqAeTBf_inv6.als"
27,"classroom_rl/correct/Pkajjb7EvjnWR5mb8_inv10.als"
28,"coursesOld/both/acLLoFGt5pLzWvxx8_inv9.als"
29,"socialMedia/both/WEgMzmuY6NorT8pXk_inv8.als"
30,"trainStationNew/both/gouQ92Tyt4JKHjB9H_inv5.als"
31,"trash_fol/correct/XCRpD8a3krhQpkZdM_inv1.als"
32,"trash_ltl/both/JCzZ6wk2sT4vGj86e_inv18.als"
33,"coursesOld/both/kMLMyuuLh7HQ3G6bg_inv7.als"
34,"trash_ltl/both/EFeHWM7hGdCgENR9i_inv16.als"
35,"productionLineNew/both/iZTZ6Nb27raeo83MR_inv4.als"
36,"socialMedia/correct/Wpm4FDX4qrLuT8jho_inv6.als"
37,"productionLineNew/both/uko4rtLsxNi8HGzPK_inv8.als"
38,"socialMedia/correct/M744PYdSQWWgsHEtt_inv2.als"
39,"coursesOld/over/uWuYZ3vwN9AHwgXrd_inv15.als"
40,"trash_ltl/under/NcdPrj4SLf8RyhhYP_inv2.als"
41,"classroom_fol/both/mtJDsyoD5zttsXJbG_inv14.als"
42,"productionLine_v2/over/sQ57c8Wcxvotk2PYA_inv9.als"
43,"socialMedia/under/BdZqbMJegmLaEZrsC_inv7.als"
44,"cv_v1/correct/iwJkxoLoXzGodest8_inv1.als"
45,"socialMedia/both/te7ZzT64BD5DLuj5M_inv6.als"
46,"coursesNew/correct/3E3YoQ6wmnhzwxxBs_inv5.als"
47,"socialMedia/both/8nih524faRabTSekF_inv5.als"
48,"trainStationNew/over/o8tfTLAi9hQasnNBP_inv6.als"
49,"productionLine_v1/both/B5d58Ft9Ty56N4FJg_inv4.als"
50,"classroom_rl/correct/8gDpFrA2zh8Dyh84N_inv7.als"
51,"coursesOld/both/BT43HevocznbybKGg_inv9.als"
52,"coursesNew/both/CYGuJJndkk4cKi8iS_inv9.als"
53,"classroom_rl/over/WBDBX59HdYLpWrQHu_inv10.als"
54,"socialMedia/both/ZXkh59M8xtrrCQRRb_inv8.als"
55,"socialMedia/correct/Gm3LCXLXeksSGiy7E_inv6.als"
56,"trash_ltl/correct/9y8et4bh2SQiXq5cm_inv9.als"
57,"socialMedia/under/QaKyTWSAyKKK9o4Mh_inv5.als"
58,"trash_rl/correct/saT6qkhb4ueF3NwZe_inv2.als"
59,"coursesOld/correct/WpXSduWzv9Ze4dB2L_inv5.als"
60,"socialMedia/both/vptQpaSeN8xKfsNYw_inv7.als"
61,"socialMedia/both/8GFpb27rr7BAWjQmN_inv7.als"
62,"coursesOld/under/j7ZC8pwRWEsDmWS2Y_inv3.als"
63,"trash_ltl/correct/yniwHSp45PNDiZxR9_inv4.als"
64,"classroom_fol/both/4Mv3reeCvogRZFthA_inv11.als"
65,"socialMedia/under/SLxZ4KQ2BvF75RQt2_inv1.als"
66,"socialMedia/over/xT7ak7cytYhgK8AXE_inv3.als"
67,"trash_ltl/both/jGYKGwvwsnJ7JudFd_inv12.als"
68,"graphs/both/iGXoL2tFLaymLQcfG_inv7.als"
69,"socialMedia/correct/47EHPG8AWy3o3RsRz_inv1.als"
70,"lts/both/9jnsGAmqkqqR8a5nz_inv7.als"
71,"coursesOld/both/HejEGpGucsFBXN8dn_inv5.als"
72,"productionLine_v2/both/naZhMS62mLgcxdqxg_inv10.als"
73,"trainStationNew/under/ikQ5Kvg8Xpdjpgx4S_inv5.als"
74,"classroom_fol/both/2C2m8AtvMH8brGMdj_inv11.als"
75,"coursesOld/correct/ohCTEz6thtvGmitPg_inv10.als"
76,"productionLine_v2/correct/Py5gziK64re23vF7M_inv1.als"
77,"trash_ltl/correct/u7xyut7dQqXnJB8xR_inv17.als"
78,"productionLineNew/correct/YnRGNPuNAjHvBNG6t_inv3.als"
79,"socialMedia/both/uR9NQ8meu2fPWCsdE_inv3.als"
80,"coursesOld/under/Rv5shxBNBRZkQGsfL_inv8.als"
81,"trash_fol/both/7eFBBeirM6Pw2Kee8_inv6.als"
82,"graphs/correct/9YCBJZujgdF7oduxR_inv6.als"
83,"socialMedia/correct/NWBqNsfuGfJfGLXu6_inv1.als"
84,"socialMedia/correct/fX7AHTahCCpr6GBob_inv1.als"
85,"socialMedia/correct/H2A87WWSiYaFx98tG_inv3.als"
86,"trash_fol/correct/YH7X6H8bSFxJfiLA7_inv7.als"
87,"coursesOld/both/cDjavECh2odDQswMr_inv11.als"
88,"socialMedia/both/dnbpHXy7tn3SXpcFC_inv3.als"
89,"coursesOld/both/5WustsHt8gDfjuRXP_inv7.als"
90,"socialMedia/correct/YKycAQueLSjvhvwFt_inv1.als"
91,"classroom_fol/correct/AJJAPTdhWpPh49CNP_inv4.als"
92,"coursesNew/both/aLpuR33Fi7xAnsgCN_inv7.als"
93,"socialMedia/over/6RKPjqoASGaQfAXQy_inv3.als"
94,"socialMedia/both/FAwS67LHqQqC7gqtz_inv4.als"
95,"trash_ltl/under/bvhsiXPmMguMpLeFy_inv10.als"
96,"productionLine_v2/both/tspCo5Pcc6Sm5AFiK_inv2.als"
97,"lts/under/fhdBnuf8YSxSXsg5M_inv3.als"
98,"trash_ltl/both/qoBtW78FYTjc2PXmA_inv15.als"
99,"socialMedia/under/qJXDHmnYuCpoaeu92_inv4.als"
100,"coursesOld/under/bYASRJjF5KSwHqHWW_inv9.als"
101,"classroom_rl/correct/2vpnrwLB8i3hkaeft_inv9.als"
102,"productionLineNew/over/ghLNGjZ8xjKKzKHAA_inv5.als"
103,"trainStationOld/under/X993o42sk5pRKczRT_inv6.als"
104,"coursesOld/both/JQNPooHBurh37PcDn_inv8.als"
105,"classroom_fol/correct/d57Y6rnY8RLywudfp_inv3.als"
106,"coursesOld/under/eWPJtAAv8tiqnQcyT_inv6.als"
107,"socialMedia/both/gPPvBJTwQx5mproPx_inv7.als"
108,"socialMedia/under/RZKhPvuJmNz6bTQ9P_inv1.als"
109,"socialMedia/over/QHLqsbWgZDSbuMciK_inv6.als"
110,"trainStationNew/correct/CieorkNWuzueaB3JK_inv9.als"
111,"coursesNew/under/EBZRoMp6sYL99uW9P_inv13.als"
112,"trainStationNew/correct/jYePfZjaF8jfW7PqP_inv4.als"
113,"trash_rl/over/CivrwF3RznopueY5h_inv7.als"
114,"coursesNew/both/ak9zJqmaMJT6CcJuR_inv9.als"
115,"lts/correct/XnWWCFSEzd2uYufma_inv3.als"
116,"trash_rl/under/rJsGy6ku4KszvzmXa_inv10.als"
117,"coursesOld/correct/Sj2ZREnCh7mGKANqw_inv1.als"
118,"coursesOld/under/NPZQgX2vbpNAPPTDH_inv7.als"
119,"productionLine_v2/correct/AzgZ6Abn62K82Nqrw_inv8.als"
120,"trash_ltl/correct/Ed3yzHWosqNnHqfdS_inv1.als"
121,"coursesOld/correct/9uKNpc6AxpHAHBWts_inv2.als"
122,"coursesOld/under/DdpDmcf6pZFCN8T5B_inv12.als"
123,"trainStationNew/both/twLSntjtrkewEvvbz_inv8.als"
124,"socialMedia/both/uNXQ83fS3Cwu47ZXt_inv3.als"
125,"productionLine_v2/correct/u38TKZ4Fg9oyy9E3K_inv9.als"
126,"trainStationNew/under/Z7DuHjdRLXHhSFPzK_inv3.als"
127,"graphs/under/hhsfxaenckZEp7mS6_inv6.als"
128,"coursesOld/both/QQvZLK9H5uRTghWbA_inv15.als"
129,"socialMedia/over/g5bBx3YAQHSfizQxb_inv8.als"
130,"lts/both/bSjzWCrfvATtzCfAj_inv4.als"
131,"trainStationNew/under/twe6m6YfS9maggY25_inv5.als"
132,"socialMedia/under/gMk7ovxih7XhKWeqx_inv1.als"
133,"productionLineNew/correct/zkjmX7PCsqcwLdLHC_inv6.als"
134,"classroom_fol/both/X5tTsb5wfWrPNYHFu_inv8.als"
135,"socialMedia/correct/vxyWJKMaeL9MAkvqb_inv8.als"
136,"socialMedia/correct/magQjXTss83JqaWfu_inv2.als"
137,"socialMedia/under/zAyruimCc3wE9PEcy_inv7.als"
138,"trash_ltl/both/9phnGdPKFgcb9LPbu_inv17.als"
139,"coursesOld/over/Gp6SAw5iAuR8Mg2wW_inv3.als"
140,"coursesOld/both/im4nX2edGGk7RbAFS_inv11.als"
141,"productionLine_v2/correct/hTqZg7PTnWhGZdRdm_inv7.als"
142,"productionLine_v2/correct/LnLng5yZ7Fgdspo9x_inv1.als"
143,"trash_fol/over/mX7g44aQPAbPYqevw_inv4.als"
144,"socialMedia/under/vMDLJ9iXWw7xrdn4R_inv7.als"
145,"socialMedia/both/5oyofWsAoN9TnYMrq_inv4.als"
146,"socialMedia/over/qZjarYwHuyNiGBAoi_inv6.als"
147,"trainStationNew/both/cuHG9wMwyoMPdxfYw_inv3.als"
148,"socialMedia/correct/7in5GzKaGEcumv6d4_inv4.als"
149,"classroom_rl/correct/t2PtawfSKuoZ77dgL_inv6.als"
150,"trash_fol/correct/Yu87MvZRKGHFhvtfn_inv2.als"
151,"cv_v1/over/p2BYXpLf8D4bKcrXu_inv3.als"
152,"classroom_rl/both/XZLvjj5BK3CcGDwmi_inv9.als"
153,"trash_rl/correct/gYduSjKbMYDM7A8be_inv1.als"
154,"lts/over/y3TawmuvppgmzRcyG_inv3.als"
155,"classroom_rl/both/zvgDe7bDFqzetkCKb_inv14.als"
156,"socialMedia/under/xZCWsMaTzqBDewsLt_inv7.als"
157,"trash_fol/correct/nGtqC8nhR2eciyBPL_inv1.als"
158,"trainStationNew/correct/M2ZfhHkSfXJdTp4Qw_inv6.als"
159,"socialMedia/correct/EbX5y4qa8xK8xucSi_inv1.als"
160,"coursesOld/under/hXYnGmkE5Twddz4KJ_inv13.als"
161,"trash_rl/correct/QoED5FMqTsWsHyfAr_inv5.als"
162,"socialMedia/under/Tgq9zbQL7hTN4S5Yo_inv7.als"
163,"trainStationOld/both/EgrWjQcRFk5XM6HBK_inv3.als"
164,"trash_fol/correct/ygLQZPvw8HhaPSLM6_inv8.als"
165,"productionLine_v2/under/kmDBYqvx92eDbyhYz_inv2.als"
166,"trash_rl/correct/GJcs6HHzroqnCw4gB_inv2.als"
167,"classroom_fol/both/xbgAGxLRBAwgbtjYp_inv14.als"
168,"lts/both/KfLhft5cB8i7yZHsJ_inv6.als"
169,"classroom_rl/correct/kXZCb7STDd32cXqqJ_inv1.als"
170,"socialMedia/both/5z2m8DZMZzA3RyCQ5_inv7.als"
171,"coursesNew/both/YYpCEdDtcpPERXdkR_inv6.als"
172,"socialMedia/under/6i5QrhjGHBy3fJDDR_inv7.als"
173,"coursesOld/both/sk4hkR8cScWXYSKCL_inv6.als"
174,"productionLineNew/over/vJnk2bBJLWYCX59Za_inv10.als"
175,"coursesNew/under/DgWQfxqeaai62n6M2_inv11.als"
176,"trainStationNew/over/929FeLftgeDi6NKYb_inv4.als"
177,"socialMedia/both/zkp53GsHv9ff49cNP_inv5.als"
178,"lts/over/StkXCAuZX92NmwNb6_inv4.als"
179,"coursesOld/both/iifbCa6fJ727vjoSd_inv2.als"
180,"trash_rl/both/TR5tjCx49JJMakP9m_inv5.als"
181,"classroom_rl/correct/K7Y3F4keok6SZGwnz_inv1.als"
182,"trainStationNew/correct/8vfHeQxoyrTpuWshQ_inv1.als"
183,"socialMedia/over/wNMLxenaqAjJ6bwTZ_inv4.als"
184,"socialMedia/correct/E5jZ59Pwai2Az5HsD_inv4.als"
185,"trainStationNew/correct/vPppmYxopJWEZrFja_inv3.als"
186,"trainStationNew/correct/JFdXd6rwttXPEmyg2_inv3.als"
187,"trash_ltl/both/p6FHHGvFpDw34Fr5E_inv11.als"
188,"trainStationNew/under/YcK4QY2bzhdjYevh6_inv7.als"
189,"socialMedia/both/9SkNo8Nok8iei6J7c_inv3.als"
190,"coursesOld/under/doXdXZpQkXRjJkyLe_inv11.als"
191,"trainStationNew/correct/i7xebxmorgf8mNfLZ_inv2.als"
192,"coursesOld/correct/zdpDJocfmxkjevXG8_inv1.als"
193,"trash_fol/correct/j52TybEw52BvwPgWc_inv6.als"
194,"coursesOld/under/J46Tn4NFBWJvrtWnc_inv5.als"
195,"trash_fol/under/nYWGT8F9p2KmWPJXp_inv6.als"
196,"trash_fol/correct/hmquXaQpufAn97mZf_inv1.als"
197,"coursesOld/under/nigrFEt4dDmqoALa5_inv13.als"
198,"coursesOld/both/MDsKigmBCaTkZ47bt_inv1.als"
199,"trainStationNew/both/4C4EeMkP8ga6uux92_inv1.als"
200,"coursesNew/under/fpSPxDkwJEbxZSEdF_inv12.als"
201,"productionLineNew/both/kPTx2RiZ7QNCQQf3a_inv2.als"
202,"classroom_rl/under/RDgTFjMHCkFssiWHc_inv6.als"
203,"socialMedia/both/YTrkMC8RJmhHGeGnP_inv7.als"
204,"socialMedia/both/pf2SYt7AMub3Wy52r_inv3.als"
205,"coursesOld/under/QiceenBa65pdzgZxa_inv8.als"
206,"socialMedia/both/eW7DvvTKuAEkntzdk_inv1.als"
207,"trash_ltl/under/dteZokrrJnbgFKCPh_inv10.als"
208,"coursesNew/under/T7WXrnYaG7okPGb84_inv11.als"
209,"classroom_rl/correct/pLNAYAGFQ3yjMBiEx_inv9.als"
210,"productionLine_v2/both/q5HMhBhBAtXNLqEnL_inv7.als"
211,"graphs/correct/qhNEZeGFFEM4QTBrc_inv1.als"
212,"graphs/correct/vzuMpX3aAWpHYJJSB_inv5.als"
213,"socialMedia/under/hGbgMnGRDqPAmQKZ3_inv7.als"
214,"socialMedia/both/WbqmSM9hG6cPcYW6G_inv5.als"
215,"socialMedia/both/3R8vNPHWz4T45ofHF_inv2.als"
216,"socialMedia/correct/SdGgo4NS76DNgg3zG_inv8.als"
217,"classroom_fol/both/tHBniXay6kd9pECyA_inv11.als"
218,"coursesOld/over/CE436FBZ2Cewv6hsj_inv3.als"
219,"socialMedia/correct/2Ckb7q5RBRNqYRRoG_inv3.als"
220,"coursesNew/both/8qSvx7A6KNGDY8PPF_inv1.als"
221,"productionLineNew/under/sGMu5ojNusoohGiqC_inv2.als"
222,"socialMedia/correct/dEwcj63wMM8jpe3e3_inv1.als"
223,"socialMedia/under/j5u2NseD4yhE6buiA_inv8.als"
224,"trainStationNew/both/CMZaE6QvLeTMT4bH6_inv9.als"
225,"coursesOld/under/XQKumkP6ftdpYDcXr_inv12.als"
226,"trash_rl/correct/EQovYWFqwMs8LRMat_inv7.als"
227,"productionLineNew/both/M6AuQuWk9d8vrcocL_inv9.als"
228,"socialMedia/over/6g2QAPfJCu5beZpn2_inv8.als"
229,"socialMedia/correct/8DTy5jeiD23FXtPcA_inv3.als"
230,"coursesOld/correct/Rpoq7Yf7cmkwicnMa_inv5.als"
231,"coursesOld/both/mCLLsBGPz2wsSFgWT_inv9.als"
232,"coursesNew/both/GELNyDg4fBXSBX3nC_inv9.als"
233,"graphs/correct/jPAoE7mhu9vy7NHet_inv3.als"
234,"classroom_fol/correct/WNa9W24avPQhrnfQL_inv12.als"
235,"coursesNew/both/8fb2SGqDQaKaKs9B6_inv10.als"
236,"trash_ltl/correct/o47ycp7SKFdiSLZnH_inv8.als"
237,"trash_fol/correct/5AeZ6RPxYxBcxZeH9_inv10.als"
238,"coursesOld/correct/pyonoJbeMJX8YCqnM_inv2.als"
239,"socialMedia/both/TcNxHKYte3YWsmd8n_inv5.als"
240,"coursesOld/over/YfJc8cchF9W2BurtB_inv1.als"
241,"cv_v2/both/L4LZiqZdK5AszNGyA_inv4.als"
242,"lts/over/wX3sL9ckwpQn56ZyN_inv5.als"
243,"cv_v1/over/9aNZQSMrZ3bqTFdns_inv4.als"
244,"trash_ltl/both/icXDpWFnkSg9s7pC7_inv8.als"
245,"coursesNew/correct/7Nafh62oryZ7kxxYu_inv10.als"
246,"socialMedia/over/jbfdLmpX2tY7yxoAP_inv3.als"
247,"coursesOld/both/gPwvdkePw3tEYpkE4_inv6.als"
248,"coursesNew/correct/kye2emcPuz33hYsAk_inv4.als"
249,"socialMedia/under/WcKHNFiryTX9pLKzL_inv5.als"
250,"trainStationNew/over/X2daLkSmRJPeBB9ex_inv6.als"
251,"trash_ltl/both/A7dTJLvqDXNpKahkS_inv13.als"
252,"trainStationNew/both/HB5BMmN6oSJshn7e4_inv9.als"
253,"graphs/both/3ZrrchF3Y7Gjzi4sd_inv6.als"
254,"trainStationNew/both/JGmskNHjgwpFCAmwE_inv7.als"
255,"socialMedia/both/5LjMeyG93FfbExa2L_inv7.als"
256,"coursesNew/both/9bYBdEgxZbEfutcXM_inv14.als"
257,"coursesOld/both/Mgzyahbw9wvYossk7_inv9.als"
258,"lts/correct/5KTbGd2aX2B78ZJpi_inv1.als"
259,"classroom_fol/correct/Y8yR4sm2JNRAhoBRh_inv11.als"
260,"lts/under/2TDHcXTHqoegbXPaA_inv5.als"
261,"trash_fol/correct/B4u4yX9GQkZdFQTK6_inv1.als"
262,"socialMedia/correct/oapWYxjGQNHhbgWs7_inv1.als"
263,"productionLine_v2/both/76SiKzu3o2dav8kdx_inv2.als"
264,"trash_ltl/both/jkGrShmYcgR9kXb6s_inv8.als"
265,"productionLine_v2/both/HtcBMMkpWQPW6io2j_inv2.als"
266,"coursesOld/under/2ErrMTaweHZnbDbQq_inv4.als"
267,"socialMedia/correct/RwodFzb7zmQZGDRAG_inv2.als"
268,"classroom_rl/both/LCmgJ2MTcs5xkNuuT_inv11.als"
269,"cv_v2/over/iKzY9jPFtQBpsugzu_inv2.als"
270,"classroom_fol/correct/9Zr36nBekJGbCYLaj_inv6.als"
271,"cv_v1/under/RFxzwXAqhbugWecZi_inv4.als"
272,"socialMedia/both/YEu8owzhxQzpwDHoK_inv3.als"
273,"socialMedia/correct/XqS99XXtjvCtMyGXb_inv4.als"
274,"socialMedia/correct/9wL23HvAxL6tHfKjH_inv4.als"
275,"trainStationNew/under/tCzccayCyBQ4ocp5W_inv3.als"
276,"coursesNew/under/h9iuiw6nTbYnAaPPF_inv11.als"
277,"coursesOld/over/piJiAWhWN4BPD2Mn7_inv4.als"
278,"trash_fol/over/96TeWZJAz7ew6geGD_inv7.als"
279,"coursesNew/correct/mef7FMhgNJRNfchcp_inv4.als"
280,"productionLineNew/correct/cP8WyaSJrDXXA9mCq_inv3.als"
281,"classroom_fol/correct/F7xeQrqHZNdJoJJjr_inv2.als"
282,"productionLineNew/both/xvsNQbjgWBnN4e8Z8_inv7.als"
283,"trash_fol/correct/6iWk4GXupRS9BjBDm_inv6.als"
284,"coursesOld/both/Sw7QhZNeofkfuxZjd_inv14.als"
285,"trash_rl/both/vAbkWWuJJtNEQpEdg_inv6.als"
286,"coursesOld/correct/MQSuHsFsLyQEmFqzt_inv2.als"
287,"productionLineNew/under/PLn2DB8GhiueytuEf_inv9.als"
288,"coursesOld/correct/J4zTn5yLMpPhyTztY_inv1.als"
289,"coursesNew/both/DqogvdzFALxLwBzS2_inv6.als"
290,"graphs/over/RBWuxgYHS5F5n9dFS_inv7.als"
291,"socialMedia/under/LH7sjMbZ2KLR8oNNX_inv7.als"
292,"socialMedia/correct/TJzQzysPBjkt6Cxyv_inv1.als"
293,"productionLine_v2/both/utxSfbToi6ibjgQff_inv8.als"
294,"socialMedia/correct/asF4kjKWgccCW2FdM_inv2.als"
295,"classroom_fol/both/c5ickXkZfKqQn3nNL_inv11.als"
296,"trash_fol/correct/sXwbWtEqPS5q7JxRv_inv1.als"
297,"classroom_rl/both/otpmPmCaDEQwGrXQd_inv14.als"
298,"socialMedia/correct/A5YJGuhx7fTXz6AAb_inv2.als"
299,"coursesNew/both/ir2oNyScQJGLZqsHp_inv9.als"
300,"socialMedia/correct/j5x3xtQyiX8qyrmqC_inv2.als"
301,"socialMedia/both/iPo6vTnYMbLqashSn_inv5.als"
302,"socialMedia/correct/p9TBbFs5omzoNpWgu_inv1.als"
303,"coursesOld/both/zw8MBLBiu5u6Jv76w_inv9.als"
304,"socialMedia/correct/Fj5KnWe7FpEprkeMZ_inv1.als"
305,"classroom_rl/both/vCqT93df32uzCKt8E_inv15.als"
306,"coursesOld/correct/STYc7M435cm96Cygs_inv2.als"
307,"lts/both/XtStHJyofFiqScFDs_inv4.als"
308,"socialMedia/correct/Go5jZDz6Hvt9FHEGD_inv8.als"
309,"productionLine_v2/over/gucGwLETYcnMYjST4_inv7.als"
310,"trash_rl/correct/5hbfnWEzm7iTnh48D_inv5.als"
311,"socialMedia/correct/xMH5WFF9E4yphYTjB_inv3.als"
312,"graphs/over/zmQJaCGmHeFayAAEL_inv6.als"
313,"socialMedia/correct/5sEZYKWMEhTgwxQG6_inv2.als"
314,"socialMedia/both/quzPkBxrRCaQXGZJt_inv7.als"
315,"trainStationNew/under/SGsXj5TjF3EQrp34R_inv3.als"
316,"productionLine_v2/over/eF6hSSWM2Mx5a4jvi_inv5.als"
317,"graphs/both/RAoqZ2ut3CTCTXoNN_inv1.als"
318,"productionLineNew/over/FYTLT2W9FxWrjD78Y_inv7.als"
319,"graphs/correct/55Ssa7ymvrmGBEAdy_inv7.als"
320,"trash_fol/correct/agyqpNGitDF9T4ZkS_inv1.als"
321,"classroom_rl/both/D6EfqCC4sus2mvRXt_inv11.als"
322,"coursesNew/both/Ju8WZEeNiuSk2Bwt6_inv7.als"
323,"trash_rl/both/ykJCxmSRTwSLzYNRj_inv10.als"
324,"graphs/correct/Yfjwq7aYqmkn6h2dt_inv1.als"
325,"coursesOld/both/bq4DGtmEHyMiBDW8L_inv4.als"
326,"socialMedia/correct/G4LC7ZsoZLr29Y4q5_inv4.als"
327,"productionLine_v2/both/PEksExWNC3tssiJTF_inv4.als"
328,"coursesOld/under/BBmWh8ijveSSEmpZX_inv6.als"
329,"classroom_rl/correct/d5CMz8CGatRwYz3sg_inv2.als"
330,"socialMedia/under/mNaphxdbD59SGfk6P_inv3.als"
331,"productionLine_v2/correct/EpGtDY4pyN9c4cB7i_inv1.als"
332,"socialMedia/both/dmag8LkLT3JBWGHHJ_inv4.als"
333,"coursesNew/correct/ESrpSXycp3tQaKnFk_inv4.als"
334,"coursesOld/correct/SKiTPeCd5mXDEetdL_inv4.als"
335,"productionLine_v2/correct/BzCYnK4aqdcYQJSS7_inv2.als"
336,"productionLineNew/correct/LqboPKaCewnrj2i9L_inv8.als"
337,"lts/both/f9kAqGC4jNZDXccj6_inv5.als"
338,"trash_rl/correct/9ehJEJwQBqMXGHHu8_inv7.als"
339,"coursesOld/both/cEdtdkf7Rc3tJG6fZ_inv14.als"
340,"classroom_fol/under/Nc3DdEGhK2XdqnwvR_inv12.als"
341,"socialMedia/correct/ZwnoChvGd7Btd2GXp_inv1.als"
342,"socialMedia/correct/qf73mGjpwgTuvBzGN_inv3.als"
343,"socialMedia/over/HSxR9Pmw4rXF4GSyT_inv3.als"
344,"socialMedia/both/DtRsK6uBKWEedPBCy_inv3.als"
345,"classroom_rl/over/f5p3DfaAEQECrR2Kx_inv9.als"
346,"trash_fol/correct/2SYz3bDSyWDRCGsLQ_inv4.als"
347,"trainStationNew/both/ueyBBmcF7WKWz4QgT_inv3.als"
348,"coursesOld/both/pQsi9NM7vQPWmznfT_inv12.als"
349,"socialMedia/under/JoQaLCgDQbxqHkBaW_inv5.als"
350,"coursesNew/under/FXZ3o6BBwFRvTXP3M_inv7.als"
351,"socialMedia/under/Qowkrze2mQ42s6Pd4_inv7.als"
352,"classroom_fol/correct/PD2eNgCX4efYYZqkp_inv9.als"
353,"socialMedia/under/DWtsohAPBrNBJxrqA_inv5.als"
354,"socialMedia/under/SxYzZw2JYfbWvtveT_inv7.als"
355,"socialMedia/under/r7WT3YYzbhvyZinvH_inv7.als"
356,"socialMedia/correct/qA73D2rPX4vogNG4C_inv1.als"
357,"productionLine_v2/under/an95zHqwDDTS5jGgo_inv2.als"
358,"socialMedia/both/JPnppFdafi5TxSvAi_inv3.als"
359,"productionLineNew/correct/xmrWmubk3zH42d699_inv6.als"
360,"productionLine_v2/correct/rz7bvhgyP8nYcQDw6_inv3.als"
361,"lts/correct/4SxScxsexGDXpx6uy_inv1.als"
362,"socialMedia/over/nNr97sbrERiis2GwK_inv1.als"
363,"socialMedia/over/Ni9WZedghw882mncm_inv3.als"
364,"productionLine_v2/under/Sxejis4fuRuYEN4Lt_inv6.als"
365,"trainStationNew/both/7s3kfzdZQmJRARRds_inv9.als"
366,"classroom_fol/correct/sbXoYe2A6jATKGrEw_inv1.als"
367,"trash_ltl/both/yedM45xfviaHLCA9e_inv14.als"
368,"productionLine_v2/under/csZEDqa9Cw2KLNRpx_inv4.als"
369,"classroom_rl/correct/BgADKchMPqNBktzK5_inv14.als"
370,"socialMedia/under/Pdmto7dg89jinmqjM_inv5.als"
371,"coursesNew/correct/fbq35NX6SXBDY2m6y_inv1.als"
372,"lts/over/eCnxjJi2ko6CmGHFk_inv3.als"
373,"trainStationOld/over/bsQ52CjBrF7teoFy4_inv5.als"
374,"coursesOld/over/QhxTbkWnR9y7eB2Bh_inv3.als"
375,"trash_rl/correct/GsLdfsWtcwttSM4yL_inv8.als"
376,"classroom_fol/both/Kr4wZeZzLs8bzZC95_inv14.als"
377,"coursesOld/both/3SoD8Zzr7uCzo372W_inv9.als"
378,"socialMedia/under/EmhWokTbQi3mrZ7NF_inv7.als"
379,"classroom_fol/correct/M2RbBwS9Nhj6JMiW7_inv9.als"
380,"trainStationNew/under/zrZCBLShAZjXtpa6t_inv3.als"
381,"trash_ltl/correct/Da6xrKzokJHydjx7h_inv10.als"
382,"productionLine_v2/under/njcMzaAC69qNNSM9G_inv6.als"
383,"trainStationNew/both/ZMcEJBtBTbozhNRna_inv3.als"
384,"socialMedia/under/2Xre7NskHsAc2CRHw_inv1.als"
385,"coursesNew/both/Ldkn9vdC7JJZsg7M7_inv10.als"
386,"trainStationNew/both/MX53CGSvDMB9fiH5A_inv9.als"
387,"socialMedia/over/ozgqjySPEnWyXfudW_inv8.als"
388,"socialMedia/both/9g5Lh5RGweCKdLqvt_inv7.als"
389,"socialMedia/over/WcdwWozGZeiTe6XcH_inv3.als"
390,"trainStationNew/correct/g5AC5bdqEDxzK9QwQ_inv6.als"
391,"coursesOld/correct/SrtYDFtro4LeatuDz_inv1.als"
392,"socialMedia/correct/HYRDBXx4kkytfgczk_inv1.als"
393,"classroom_rl/both/D57GSPWN5PLrerAcJ_inv15.als"
394,"classroom_rl/correct/TJk7Ad8x3biY59JJJ_inv11.als"
395,"classroom_rl/correct/uyfxgLtAYM9rznv5h_inv3.als"
396,"productionLine_v2/correct/FKS9XndqP3rJNNp36_inv8.als"
397,"graphs/correct/BecrsMLhoaEzHYuGX_inv1.als"
398,"trash_ltl/both/dmZT98uFXf3kDqpJS_inv20.als"
399,"trash_fol/correct/xxQzSthKSmtfGWuBc_inv2.als"
400,"socialMedia/both/e7T7hML6C37Ctu6mH_inv7.als"
401,"classroom_rl/both/cSREHSiMCwEsJHY9E_inv7.als"
402,"socialMedia/both/D8pqxi9EM9kt86vev_inv3.als"
403,"socialMedia/under/YJxFydeiqyrT8JZTE_inv7.als"
404,"coursesOld/both/J3rxTrKE8CWxReuDi_inv12.als"
405,"coursesNew/correct/8WiY4LLDLKm6ngt2D_inv1.als"
406,"coursesOld/over/YjjwmwGCfzgG9uQd7_inv3.als"
407,"coursesOld/over/EeLAmkfMXorMhD6ye_inv3.als"
408,"trainStationOld/both/ihNywd3jgr2ZYtgxZ_inv1.als"
409,"coursesNew/over/DiToH53fzpZDraQzP_inv5.als"
410,"trash_fol/both/zAY4FTqhYea2CtkJJ_inv7.als"
411,"coursesOld/correct/RakPhBuLdRgeCPwEc_inv1.als"
412,"trash_ltl/under/36v4iF7ymg9ecANhb_inv17.als"
413,"trash_fol/correct/jZ4hm8m8CJY6iKZwy_inv6.als"
414,"socialMedia/correct/HP5PrwRxSJ2sdXjcc_inv6.als"
415,"socialMedia/correct/GFbNrEXvLKbzPoTxo_inv8.als"
416,"trainStationNew/under/JK9tjLTp9FsBk52Q2_inv3.als"
417,"trainStationNew/under/9vjsYhg7LojRYxvrH_inv3.als"
418,"trainStationNew/under/pbNJmkX85aBAz6GCG_inv3.als"
419,"trainStationNew/correct/wiB8favN3MduCfja3_inv3.als"
420,"productionLine_v2/both/fESn8og38zrXB6MbP_inv8.als"
421,"coursesOld/over/ovegfva2v7zkXiFfT_inv3.als"
422,"coursesOld/correct/wSxpA99Em8fFAbkHB_inv4.als"
423,"graphs/correct/ju7tRYQ7jvzhTsixB_inv5.als"
424,"productionLineNew/both/obfc8Pp9RSB3e8CEd_inv2.als"
425,"coursesNew/both/oeoWycChLgrTNwi4s_inv9.als"
426,"coursesNew/both/asvNsRfC8gnPGfpvW_inv4.als"
427,"classroom_fol/both/Qioc93EkwofwoDTGK_inv15.als"
428,"coursesOld/correct/THg3P4Hy39qDWQr4W_inv1.als"
429,"trainStationOld/both/YQx2G8fYMZJYt7GMs_inv5.als"
430,"productionLine_v2/both/ySMmhEqt5KLAsLPC9_inv4.als"
431,"cv_v1/both/nZDY56fE96QKF8e84_inv4.als"
432,"socialMedia/both/ucME7HWaT2MaPpgyD_inv3.als"
433,"coursesOld/both/FC6cPssX8cKvgjrNK_inv9.als"
434,"classroom_rl/correct/y9JMgEzufeo3iYGQr_inv8.als"
435,"socialMedia/correct/B7w4w9Fp7KQcTFDY6_inv6.als"
436,"trainStationNew/both/2E9K4MYqH6JPoFrn7_inv1.als"
437,"socialMedia/over/6AsaBw9ANoSzToRqn_inv3.als"
438,"classroom_fol/correct/hJFobmjKtcPdF5guY_inv10.als"
439,"classroom_fol/correct/d4ggBMQzDLhzaw3H5_inv11.als"
440,"trainStationNew/correct/kKDpxSsTfqK6KDnDZ_inv1.als"
441,"socialMedia/over/wzJLpZcvr5wGEt3EG_inv3.als"
442,"socialMedia/both/eyAAkJJzNW9tS2ddK_inv7.als"
443,"coursesOld/over/DeEYzguKKgdX2gpZM_inv9.als"
444,"productionLine_v2/both/WEWx9XGYZjqj8ZCW4_inv9.als"
445,"productionLineNew/over/o5PLAaoSjNp96Czoq_inv8.als"
446,"trainStationOld/both/row4qJpDvf2qxo94C_inv4.als"
447,"trainStationNew/under/3dYCtCt6k6TW9B5k4_inv3.als"
448,"classroom_rl/over/dwayKCh7NHmNPw8av_inv3.als"
449,"classroom_fol/correct/LDnqpJrKLxhWkjsPE_inv1.als"
450,"cv_v1/correct/cHwwkssE5F7MnmkKh_inv3.als"
451,"coursesNew/over/ZQdhmjMYGtfJ66mEK_inv3.als"
452,"trash_fol/correct/APKgMovFcNkvyyCFM_inv3.als"
453,"coursesNew/under/sEBfhdCPCBkBGG2qb_inv7.als"
454,"classroom_fol/correct/fzbwBZ3jzjfNqfKgH_inv14.als"
455,"socialMedia/both/KSkjKbjFsCWH6mBda_inv7.als"
456,"productionLine_v2/correct/JMp3rrep3xc6WoBKT_inv1.als"
457,"classroom_rl/over/gdWuELxQKarbprpix_inv9.als"
458,"socialMedia/under/Bn9pQTw2z8uLS69Wm_inv7.als"
459,"trainStationNew/under/adGzmmakcrmFpZEsr_inv9.als"
460,"socialMedia/over/3v2kT8mQpohe545bm_inv4.als"
461,"trainStationNew/correct/X4oT8L3umYu99a2dj_inv3.als"
462,"coursesOld/both/4jRcMXm2Qt3hvvdd5_inv8.als"
463,"graphs/over/vAnRJbuLfMQ6Cj4su_inv6.als"
464,"productionLineNew/under/AXmDXzCe46an7o3P3_inv9.als"
465,"trash_ltl/both/jJ2hLJBt3B6WExoap_inv8.als"
466,"coursesNew/both/2ssLWTomENiQ6WThs_inv6.als"
467,"productionLine_v1/correct/RyftPe728gN9LZ82f_inv3.als"
468,"coursesOld/both/A2yE56NRnj5MZ2m35_inv9.als"
469,"classroom_fol/both/sxLrF5nEoi2FxEWwH_inv8.als"
470,"coursesOld/under/LFPGeYhmHwZmvKMQA_inv6.als"
471,"coursesNew/both/PdwFWmRmZPTHXj2ao_inv9.als"
472,"socialMedia/both/Eomyo34jgrF6gva8w_inv4.als"
473,"coursesOld/over/tLa756BxfLoL8zjBN_inv4.als"
474,"socialMedia/both/piXdtPpvQwghnawgC_inv3.als"
475,"trainStationNew/under/TfgkCKyvwYvf9KbPK_inv3.als"
476,"trash_fol/correct/G7dRCtnDTYHkqT4Bh_inv8.als"
477,"socialMedia/both/AMnXXvxHsp3qp69ws_inv8.als"
478,"trainStationNew/under/jbxdpTt5bdxY37EYG_inv3.als"
479,"trash_fol/correct/9qTvaYbeDJ6xL4KkW_inv4.als"
480,"trash_rl/over/fT5PYvbethbE3xTsJ_inv5.als"
481,"classroom_rl/both/tBphzouEMMqdtN3Ci_inv10.als"
482,"coursesOld/correct/PvY5TP6u3yFSaHZ7x_inv5.als"
483,"socialMedia/correct/ppvBCh7uPX3mb73em_inv2.als"
484,"trainStationNew/under/55vFStFWTzoA5Gure_inv5.als"
485,"productionLine_v2/correct/DDpADHbMgXBmJTLBN_inv4.als"
486,"socialMedia/correct/as3vZoz36n2SQupvt_inv8.als"
487,"cv_v1/under/upMhrGDzjgfBYhxJC_inv1.als"
488,"lts/under/NfNXXH7cNTfCBmms4_inv7.als"
489,"graphs/under/24x44bRJZ9CAYuAMK_inv2.als"
490,"lts/both/mZxnwsWEgbzmxaEae_inv4.als"
491,"productionLine_v2/over/Lvj8huaqgAogsQ2dE_inv5.als"
492,"socialMedia/over/N9xNaGRQvtrqMBWeE_inv3.als"
493,"coursesOld/both/QrvhZSSfzMp9M4KZg_inv7.als"
494,"socialMedia/under/zKiJ3KD2ntRWuwgxL_inv5.als"
495,"trainStationOld/correct/fMyM6Qh39kXdQZrY4_inv1.als"
496,"trash_ltl/under/AytXfMchBF2eXp9x6_inv2.als"
497,"classroom_fol/correct/hhtwpHrDotZPvPesd_inv1.als"
498,"trash_ltl/under/bB63vKb8Zv4SzaK3q_inv4.als"
499,"trainStationNew/both/Lm5iKTcGhremtzpEu_inv1.als"
500,"coursesNew/under/kdGJiB4Av6tbhynAL_inv5.als"
501,"classroom_rl/correct/9Zfiwcm4BFnE9jLND_inv8.als"
502,"lts/correct/sTnAggtzHZijNK4K9_inv3.als"
503,"socialMedia/both/asX64berBj6Xj2J3A_inv4.als"
504,"coursesNew/both/EGfgFaQDzX6cFYWKJ_inv9.als"
505,"socialMedia/both/SGC4NmgTHt7fy7KTT_inv5.als"
506,"trainStationNew/both/fhh3R2bcfop5Nkyw9_inv3.als"
507,"coursesOld/under/qQHuMBSvDisMbu2cH_inv1.als"
508,"trainStationOld/both/pCk5sDtcbe3JD4weu_inv9.als"
509,"socialMedia/both/GYxC7jKLykcSHFjrJ_inv7.als"
510,"coursesNew/under/w4oxjFHAdKukugj4M_inv7.als"
511,"classroom_fol/both/ZNPHyDTAwMRjjSK2M_inv14.als"
512,"classroom_fol/both/qda7vzy3BcmESdv32_inv5.als"
513,"classroom_fol/correct/yjpvCR93RvfA4oCs3_inv7.als"
514,"trainStationNew/both/vStJ8iSpyXNRRFZXm_inv10.als"
515,"trash_ltl/under/Kdv8TM5oMMwoxSHFv_inv2.als"
516,"coursesOld/both/Ady5BwG4WAFQPReqx_inv9.als"
517,"socialMedia/both/NKwFydMjq6ynpGnyW_inv6.als"
518,"classroom_fol/correct/PKwooxLeQyjZYeEas_inv4.als"
519,"lts/over/FugAgSd8nfejwYd2o_inv3.als"
520,"trash_ltl/both/vZBibsDMoEbeDYEyN_inv6.als"
521,"cv_v2/both/gPzqymCB4TzAZAuEJ_inv4.als"
522,"graphs/over/jLperDbhw7gY5H3p9_inv6.als"
523,"coursesOld/both/nNz9f7zAesWryrFTy_inv12.als"
524,"socialMedia/under/JHmnQAFgMoEqFseGT_inv5.als"
525,"trainStationNew/both/C4Zu76pz7SWMcAxzK_inv1.als"
526,"coursesOld/correct/Cnoi6hzMFcWvmnv4F_inv4.als"
527,"coursesOld/correct/CenkLyy9d4Hs2NqRZ_inv5.als"
528,"productionLine_v2/under/7DYTtDwCe7dKvNLTu_inv2.als"
529,"coursesNew/both/Xfys8sfhhNZgF8cHc_inv7.als"
530,"coursesNew/under/TKFBuMjsDkD6JQ2FD_inv8.als"
531,"socialMedia/correct/9fR2Ti3TtTuA9Tyzf_inv2.als"
532,"trash_rl/both/j8dyqFHe4HFjCcws9_inv7.als"
533,"trash_ltl/under/unfYnnNNdMP7gQgDx_inv10.als"
534,"lts/both/fj9iNv23ovtsT9QMj_inv7.als"
535,"classroom_fol/both/RNwtaZS8kjgDxoGTb_inv3.als"
536,"coursesOld/under/yebbea2XxqrTALF5T_inv5.als"
537,"socialMedia/under/9uXG3tHcBNae3ZqEa_inv7.als"
538,"coursesNew/correct/jRsJfRmYK7dWpGmhi_inv10.als"
539,"coursesOld/under/cGivHLyg6H3idMdBt_inv14.als"
540,"trash_fol/both/wpgnLCZasyAJcpSMx_inv1.als"
541,"coursesOld/both/PmAW5LZuKdyCJjSvT_inv7.als"
542,"socialMedia/both/o4CyKQDgCd5vzGu3L_inv5.als"
543,"socialMedia/correct/MF3kZfCvBh8NbJ3kf_inv1.als"
544,"trash_ltl/under/CkJ7Yebbk2Bjfartt_inv1.als"
545,"productionLine_v2/correct/Pg7WqujokoZdhgBSJ_inv9.als"
546,"coursesOld/under/ZqbTfnEEhCeNWJg2J_inv5.als"
547,"productionLineNew/both/Bzkso7wmrzHJud45H_inv7.als"
548,"socialMedia/under/mRGBMDYpPyqW2xH65_inv7.als"
549,"coursesOld/under/xk6ALSit7qEvgFT3i_inv11.als"
550,"trainStationNew/over/j6bxMRscHf2gas4zP_inv10.als"
551,"productionLine_v2/correct/oXJBNQwLmc578PS3S_inv9.als"
552,"trash_ltl/correct/jRJECz47kGdtS8awK_inv13.als"
553,"lts/over/5yvqu5J2HbcoGi7qo_inv7.als"
554,"coursesNew/both/uD5Et8ev8XHrNXwg5_inv15.als"
555,"coursesOld/both/cetkmy4G9dABeSuEZ_inv7.als"
556,"classroom_rl/correct/uWzQu9JtwZYAquG4n_inv3.als"
557,"trainStationOld/correct/C2GMSMmrD2tWcjLFS_inv3.als"
558,"socialMedia/correct/ZjpTtTWpsn94EH6KN_inv2.als"
559,"productionLine_v2/both/g5ZsPnLuGvSauM9io_inv9.als"
560,"trash_fol/both/nyzp4x4ELcjg59C9h_inv6.als"
561,"socialMedia/correct/6o8sNPB3MN34HpfoT_inv6.als"
562,"lts/correct/MsWuwCu7QtZYF7EtL_inv5.als"
563,"socialMedia/both/5SM8hHRYSpBeqBbTY_inv3.als"
564,"coursesOld/both/fFkqbZowuq3kvCXLR_inv1.als"
565,"coursesOld/both/zB7H9XmWwTfvP4wwy_inv13.als"
566,"classroom_rl/correct/6jP7uoKoE538CX7gv_inv6.als"
567,"socialMedia/over/xkSqHCxfvNNMmG3Y9_inv2.als"
568,"trainStationNew/both/2FfGhjHGhYFLjYQz6_inv9.als"
569,"socialMedia/both/ek5nxhsf78TywT33L_inv7.als"
570,"classroom_fol/both/zvLtgJQix8mfFDfQ6_inv5.als"
571,"socialMedia/under/47rMTDgrHuG8rWjsj_inv1.als"
572,"trainStationNew/both/BfguZwjCrPThgjRi7_inv9.als"
573,"socialMedia/under/JBu3WQojbaeQKMMi6_inv7.als"
574,"graphs/correct/KT9gcQjsiLBHckKsf_inv8.als"
575,"coursesOld/both/7nMz7FigexuKcRazu_inv5.als"
576,"productionLine_v2/correct/8qc55ALvAtN2onxxG_inv3.als"
577,"socialMedia/both/A4X5vxqKZgX2WyxN9_inv5.als"
578,"trainStationNew/under/7KDWJpzTHYpzneuA2_inv3.als"
579,"socialMedia/under/HvJkpiajbnY5wPa8A_inv7.als"
580,"trainStationNew/both/wWtSoANCjRxpGppjW_inv9.als"
581,"socialMedia/over/N8s52paw3yXgTnC8W_inv1.als"
582,"classroom_rl/correct/HQNae8zto8PnMw8ia_inv8.als"
583,"lts/under/3SsFFefksKBBesALp_inv2.als"
584,"cv_v2/correct/65jfeXCaQqrmMEvad_inv1.als"
585,"productionLine_v2/correct/rm5J5X4qp9HDiCgc7_inv3.als"
586,"trainStationNew/both/sPLKgYH3rEfxNJcaP_inv7.als"
587,"socialMedia/under/quSHHnDTf8axatAtc_inv7.als"
588,"trash_rl/correct/2RXMTFqRReJ4s2h9X_inv1.als"
589,"socialMedia/correct/Z5fScPZmp8SQyivix_inv4.als"
590,"classroom_fol/over/6aHuDqTg4rcy6dqbK_inv11.als"
591,"productionLine_v2/over/ksbEahnxvC7s7Rebr_inv7.als"
592,"coursesOld/over/qQj9KinQtTj2vKYS5_inv1.als"
593,"productionLineNew/correct/nFhsDkqeYRS78efMj_inv8.als"
594,"coursesNew/over/tdF7o6BzcWn4RGae9_inv4.als"
595,"socialMedia/under/sYmsMbZzFHYJguctE_inv7.als"
596,"classroom_fol/both/ofv4vDiousArs6q7t_inv8.als"
597,"classroom_fol/over/oBsAtHyAoNCjvNewX_inv9.als"
598,"classroom_rl/correct/vBNAFGKW5PqZY9can_inv11.als"
599,"trainStationNew/both/heKj3G4NieaMsLqA9_inv3.als"
600,"coursesOld/both/NcYSiNJjYeJcFwDGH_inv7.als"
601,"socialMedia/both/M8y2doQL3h46xMPXB_inv4.als"
602,"socialMedia/under/2z8XcWDhdebrnxiLd_inv7.als"
603,"classroom_fol/both/Y95p8i3BHfrNaTQyW_inv11.als"
604,"productionLine_v2/under/XnjAP46KKCum5LEcY_inv2.als"
605,"trainStationNew/under/TYxsrYRWApTZcEBnb_inv4.als"
606,"trash_rl/correct/P7RuhPgufcmbDKPaB_inv3.als"
607,"trash_rl/both/PtQ4Lu46Fkpcf7rma_inv7.als"
608,"coursesOld/correct/oTPwiyzJZeLrJwWQM_inv2.als"
609,"graphs/correct/z66rTac8NGdTfBYjh_inv1.als"
610,"productionLine_v2/correct/Tp5xNLL4MtQ9HFz4e_inv2.als"
611,"coursesNew/correct/tXBDsdrrKXEavFDwW_inv1.als"
612,"classroom_fol/both/DgaFZJdR4RsgDGBAz_inv4.als"
613,"coursesOld/both/34TLiZmGTEy8mquRo_inv15.als"
614,"productionLineNew/correct/KRZrHmBpkPxXsyHyX_inv9.als"
615,"trash_ltl/under/njA2gKaQsDK6gE2qW_inv16.als"
616,"graphs/under/6PneyhSLzx8DXNcmG_inv7.als"
617,"productionLine_v2/over/YtyfFQnLKjCxZCmkQ_inv5.als"
618,"socialMedia/both/AQDcJLCNDtPPDZtgY_inv7.als"
619,"coursesOld/both/LK7GWtaA6jxJngGjb_inv4.als"
620,"socialMedia/correct/wXNn4vkyB2yzHGFT4_inv2.als"
621,"classroom_rl/over/YsBfaAgZt5cNcSoiR_inv11.als"
622,"socialMedia/correct/T2tWWNXjP5agWPte2_inv2.als"
623,"socialMedia/correct/FKCKknwQjcMinBL3y_inv3.als"
624,"socialMedia/correct/dJzTJGakFG3tPmxcX_inv2.als"
625,"productionLine_v2/over/s4G6swui9j59PNpjh_inv9.als"
626,"graphs/correct/J9YLX4ooC69fp4xuL_inv2.als"
627,"classroom_fol/over/YnLhgTvhMNvY8vyM5_inv12.als"
628,"coursesOld/correct/b9d2udtgfwzMYeNkW_inv4.als"
629,"trash_ltl/both/doDdGzeaEpHfkDXqd_inv12.als"
630,"trash_ltl/both/Kdx5Fqxs7E3jNSop9_inv18.als"
631,"coursesOld/under/8j9er83HoRqmCtEFf_inv10.als"
632,"trainStationNew/correct/6pPZk3zCdzTfuQhcD_inv7.als"
633,"socialMedia/over/FijhStnATsXDJEjPx_inv2.als"
634,"classroom_rl/correct/n4GTv7PJs7jx8PdaB_inv7.als"
635,"classroom_rl/correct/ZgKXX64tZmGFzFf6N_inv2.als"
636,"socialMedia/correct/c7kcaoN65BxH8tMaW_inv6.als"
637,"coursesOld/correct/F8Xc5KqBAAcjH7dM7_inv10.als"
638,"trash_ltl/under/jKRBReGEM8z5GNuwX_inv10.als"
639,"trash_fol/correct/8mDHMdKAnZSSrfjyQ_inv2.als"
640,"socialMedia/both/ybCp3ioSTLgabBKpc_inv5.als"
641,"socialMedia/both/cW3xDb3LDgvCJLSw3_inv1.als"
642,"socialMedia/correct/EkXHXEPR3xzstQPgY_inv1.als"
643,"coursesNew/under/yJeFxdrJtasAEg5KT_inv12.als"
644,"socialMedia/under/S3JdZzkq763BN5Hib_inv5.als"
645,"trainStationOld/over/csS2ME8x6T3PmZPCL_inv3.als"
646,"classroom_fol/correct/hjfFYBnk4fCggueCf_inv1.als"
647,"productionLine_v1/correct/N38PR8RJxKptrvQzg_inv4.als"
648,"classroom_fol/both/3SxYJRiH8stfuntkE_inv11.als"
649,"productionLine_v2/under/4q2yNgrCkKmQZQdRn_inv6.als"
650,"trainStationNew/both/eYkXh9kZEvuWAzB6T_inv5.als"
651,"productionLine_v2/under/m2ZGn2EQ23ZpNgpwc_inv9.als"
652,"trash_rl/over/p7m8D7P6CbHbSSFmm_inv5.als"
653,"trainStationNew/both/i5uRa2JFX3fkE9mWD_inv5.als"
654,"productionLineNew/under/mX4WEKyAmG27SHsrC_inv6.als"
655,"classroom_rl/both/cwtaMG8B7wTEMpfqX_inv12.als"
656,"coursesOld/under/pefaAvp7R77peAbRA_inv12.als"
657,"socialMedia/under/RTk2EzuXWFLWBgvij_inv5.als"
658,"classroom_fol/correct/AXACv4pioPDNZB7f5_inv3.als"
659,"trainStationNew/both/cfJL3ErnYcBFdm4Fh_inv7.als"
660,"coursesNew/under/XQraJ5E9rxYCAyKAf_inv10.als"
661,"socialMedia/both/NiPxErrWi3BLv2oMn_inv7.als"
662,"coursesNew/under/BgCTZXiZtW29NrGxT_inv12.als"
663,"productionLine_v2/correct/v2riJrmemK6QFsC56_inv4.als"
664,"socialMedia/under/Mgq48aq6gck6qLCwT_inv7.als"
665,"trash_ltl/over/aRkzFMsXoXTZYr95A_inv19.als"
666,"lts/both/cgucDDLKnhkYGt6GK_inv4.als"
667,"trash_ltl/correct/H9hdkzFnqiB2GWjYj_inv11.als"
668,"trash_rl/both/EtC8aKaLbSnPp9gBf_inv5.als"
669,"productionLineNew/both/zisWMDxZHqmu95rYK_inv7.als"
670,"coursesNew/over/3LjrJFFaTksAiGhTq_inv11.als"
671,"trash_fol/both/3KoA2cW92tTrYJsLb_inv10.als"
672,"socialMedia/under/JgYkb2v25gWPveCMM_inv7.als"
673,"socialMedia/over/hGEuqJeuPEStmtghe_inv3.als"
674,"productionLine_v1/under/r2BLPcaXvm4trtHWw_inv2.als"
675,"classroom_rl/correct/wJ3fASo5F6TZ9dCvN_inv11.als"
676,"trainStationNew/correct/iRSo9ka5edT4HDTkY_inv3.als"
677,"trash_ltl/both/58S5bKtyvxXJQttT5_inv16.als"
678,"socialMedia/both/jwZBL387v5bg3sdMX_inv1.als"
679,"classroom_fol/correct/uJpea4dtPQWTcdTms_inv5.als"
680,"productionLineNew/under/GmmKZzoEouufCJdeh_inv4.als"
681,"trainStationNew/correct/wvCiCi5peCJb6dFor_inv2.als"
682,"coursesOld/both/vjScKFyDeSuEphJGs_inv10.als"
683,"lts/under/membjtCyCcNXpaoFd_inv3.als"
684,"trash_rl/correct/2S6JcBp8qoyRwAEYx_inv10.als"
685,"productionLine_v2/over/FKF9prXFcAbW5z8Kd_inv9.als"
686,"socialMedia/correct/spaqnTzMB3WNnZHmr_inv2.als"
687,"trainStationNew/over/mr47B7LyxzAy96Pvo_inv1.als"
688,"trash_ltl/both/AnY4ZnkYi2ZpyektG_inv5.als"
689,"socialMedia/both/WXnzoEqW3apFkPBGZ_inv5.als"
690,"coursesOld/both/G5PwN8SMjuGoSbb4k_inv7.als"
691,"lts/under/pw4CeSHwtAP2D8DEJ_inv2.als"
692,"trash_rl/over/eigSgPnWPoGqZZKDd_inv5.als"
693,"coursesOld/under/5fdizJuvx9qcdHtbF_inv12.als"
694,"graphs/correct/oGSQFYZaYwmeWBWhe_inv6.als"
695,"trash_fol/over/mSwqMQd9Q4SQ7DFPP_inv5.als"
696,"coursesOld/under/bAR4cEbbANYwkfCMY_inv1.als"
697,"coursesOld/both/3tJoQEiqhaKNxeG7R_inv4.als"
698,"coursesOld/both/EKLTHNpq9aMDYqpDf_inv2.als"
699,"socialMedia/under/3AEX5XMMAw4wwvPuz_inv5.als"
700,"trash_fol/both/XGeukEoR4zYEgzHsE_inv7.als"
701,"trainStationNew/correct/6nihToQjFGSTKAYzq_inv2.als"
702,"trainStationNew/both/z6PjiB6obpuaq34FS_inv9.als"
703,"socialMedia/under/pinmzXERbqGE8F3J8_inv7.als"
704,"classroom_fol/over/jqd5YgjPAArMgSSCc_inv12.als"
705,"socialMedia/both/3w2nPTkd6m9DSEy4x_inv7.als"
706,"coursesOld/under/sf7QK5Qo5znDs4AR7_inv11.als"
707,"coursesOld/both/iDwzPCzGWbxGx7Jsz_inv9.als"
708,"classroom_fol/both/vkGs5xoodaZsuAswS_inv12.als"
709,"socialMedia/both/qwWAk4i8zn5WgA5gp_inv5.als"
710,"productionLineNew/under/sRmQfEKbap4bkiEYH_inv6.als"
711,"trash_ltl/under/XPJNBRrpryRCDnbhD_inv18.als"
712,"socialMedia/correct/Sew2Ab7A6XjeSSaac_inv4.als"
713,"coursesNew/correct/6XwfSdiH8gaTD3iXz_inv1.als"
714,"cv_v1/over/RNBmWwMcGDpp7KK7F_inv1.als"
715,"socialMedia/both/K2WM98yHyPrBKHwEi_inv7.als"
716,"coursesOld/under/9Y2q4RA4LzLjPgLv4_inv8.als"
717,"productionLine_v2/correct/AqKATHLMYSGKzpArG_inv4.als"
718,"socialMedia/over/C3bC6eC6oai55tqzN_inv4.als"
719,"trainStationNew/both/awa9QoL8H9rnjiak4_inv9.als"
720,"socialMedia/both/CCRoeSsne3Jsaejvk_inv3.als"
721,"coursesNew/both/uSFDH7q5bNS3X4xuw_inv3.als"
722,"lts/correct/kiYfP7XuKctM342RD_inv4.als"
723,"coursesOld/both/EBb8uJ55YXd3omLxp_inv1.als"
724,"socialMedia/under/Hb5AnbvJKPErcg2pY_inv1.als"
725,"trash_fol/both/tyExWjQrqESZwQxtm_inv9.als"
726,"trainStationOld/both/JPxJwGnvvqHLkEXuN_inv17.als"
727,"trash_fol/over/NENRoADPWK694r3L8_inv9.als"
728,"coursesNew/both/Rt76yjc8Xxp7XT5zK_inv9.als"
729,"trainStationNew/correct/kQXchKrdQa9D7pz2e_inv9.als"
730,"trainStationNew/correct/zGmxPRJfXNhiuNrtN_inv8.als"
731,"productionLine_v2/correct/8AieDLNfp3zMFs2iF_inv6.als"
732,"socialMedia/correct/Pf6vmaKjCouC7tz9z_inv1.als"
733,"productionLineNew/over/ibu6W7tZfMGunHr8K_inv2.als"
734,"trainStationNew/both/9wEHJtTezbj2oW6Hc_inv9.als"
735,"trash_rl/correct/nH5QbmohDMrXp88Ja_inv3.als"
736,"trainStationNew/over/68zfCuq2TLbC9tgSz_inv1.als"
737,"socialMedia/correct/rqQMxGnNwQXGeiPyH_inv2.als"
738,"socialMedia/under/zZthL6R9N5RdYDMK4_inv8.als"
739,"socialMedia/under/gBF5jreMy3T7TEbon_inv7.als"
740,"trash_ltl/under/MidrPz7QgwRLwuWtT_inv12.als"
741,"coursesOld/correct/cfsoLKto2b54mYZhf_inv9.als"
742,"socialMedia/both/wS64y6QWKFQdArwqf_inv5.als"
743,"graphs/correct/Pn4QAqeqAqTtzLHme_inv1.als"
744,"productionLineNew/correct/Dy3NCA6HTBngB4rxR_inv2.als"
745,"coursesOld/correct/FmE4CXEA6M5yY8PTh_inv10.als"
746,"trainStationNew/both/fADk8s3EY86hmvpBC_inv3.als"
747,"socialMedia/correct/wzZfzL5GMwSNBRhjg_inv2.als"
748,"graphs/both/HJniLjFByfTqysbd6_inv1.als"
749,"trash_ltl/under/ZbwdPPfG35oKYcDAz_inv16.als"
750,"trainStationNew/correct/PAs6edLdBoMRoqy2T_inv7.als"
751,"coursesOld/correct/xLeE64L3ArWxKqJ56_inv1.als"
752,"lts/over/QXrAHxoYFzyYt4QBg_inv4.als"
753,"coursesNew/correct/eyZTfBDhcA7BcSENR_inv1.als"
754,"trash_rl/correct/fqoaM4Zr2PpbyfXQj_inv2.als"
755,"socialMedia/both/SQSQeyYppDBxMePoC_inv5.als"
756,"coursesNew/both/9Biiom6S55chb9NPB_inv13.als"
757,"coursesOld/both/cwuyq2vX9s8KXiP84_inv9.als"
758,"productionLineNew/correct/JA9A7T9aBbTnFH9A7_inv1.als"
759,"trainStationNew/both/5RSyTz2QnCzDP9EjX_inv4.als"
760,"socialMedia/both/SEpWSLcaPeWDRzoy6_inv5.als"
761,"coursesNew/correct/kdr6PYpZZMEeCKukd_inv10.als"
762,"trainStationNew/under/gEsPkWHJ4g2TiSiHe_inv3.als"
763,"cv_v1/under/oBcXhrxbvBquKt6Ry_inv1.als"
764,"trash_rl/correct/hW4ivhW3yMjwhRdLn_inv5.als"
765,"socialMedia/under/XPkW8w5BX9smYxYFo_inv7.als"
766,"trainStationNew/under/9yxnNws8WMMbNfTua_inv3.als"
767,"coursesOld/correct/wsqpRSjKymhjDZ27m_inv7.als"
768,"trainStationNew/under/dfpFhvignHbke83Hs_inv3.als"
769,"coursesOld/both/gmfombLSTZaZTjyXQ_inv6.als"
770,"coursesOld/both/3vG9ZeLzm77AfcvcJ_inv9.als"
771,"coursesOld/under/zJgDbB9gohTvYG7cS_inv7.als"
772,"classroom_rl/correct/46S7BYrZnGBhS4H6f_inv4.als"
773,"trash_ltl/both/27D2mhgLs7HHgusGT_inv12.als"
774,"coursesOld/under/hYZM7pc4oYykHeRfn_inv12.als"
775,"classroom_fol/correct/jzMgZrqjcQwDf987n_inv12.als"
776,"classroom_rl/both/BX2yjbhDHJDW6tMRT_inv10.als"
777,"coursesNew/under/frM88EqYaoirJfBMK_inv14.als"
778,"trainStationNew/correct/QxsT8qnPMd5D6np8f_inv6.als"
779,"coursesOld/under/re4GtLaa7wBfBCdQi_inv12.als"
780,"graphs/correct/q82BymWyYjJYauExd_inv8.als"
781,"socialMedia/both/GDLiBD7sdroJcAsbT_inv3.als"
782,"trainStationOld/over/y7ZtAGLfWdWZAjpaB_inv2.als"
783,"trash_fol/correct/J3icigxw5GJ9LxJ7K_inv1.als"
784,"coursesOld/under/FMAwGFJKwcj5A86cx_inv6.als"
785,"productionLineNew/correct/dq3ppwPo6E6BjDwEx_inv1.als"
786,"socialMedia/both/BapHcy3JwpZ2REDz8_inv5.als"
787,"coursesOld/both/679zLPiTyY5J94SNN_inv9.als"
788,"socialMedia/both/Kbz5xcNAvcmitPL27_inv8.als"
789,"socialMedia/correct/JaYjtoB8jb4YxGXh5_inv6.als"
790,"trash_ltl/under/S3xSujqdYLGizBLra_inv16.als"
791,"classroom_fol/correct/RPbxTA5dtQbZnJcA3_inv7.als"
792,"trash_ltl/both/4Kehs33vFuzWfoomh_inv20.als"
793,"trash_fol/correct/fFmHqmTGfmiZYQebh_inv6.als"
794,"productionLine_v1/correct/LeQBhohseDduiQgp8_inv1.als"
795,"trainStationNew/under/YJjZWswNBmrRGyNnG_inv3.als"
796,"socialMedia/over/whTDMgaRwuZX7pntS_inv3.als"
797,"coursesOld/correct/uaddssx4Ft7Ymnnbq_inv11.als"
798,"coursesOld/correct/EgaH8kbH4zoHqZjS6_inv2.als"
799,"cv_v2/under/GpnCt3zp5bjiyg3BX_inv4.als"
800,"trainStationNew/both/B3gphBAQ9YERrQZvT_inv5.als"
801,"cv_v1/both/84Jmro8FH5iwQDPAk_inv4.als"
802,"socialMedia/under/5uu89NJJg8kkyiD85_inv5.als"
803,"productionLine_v2/under/cNfnKyC6ufcNqfk5T_inv9.als"
804,"graphs/over/rCTnnMzuy9wXq3LZi_inv6.als"
805,"trash_ltl/over/F5qeNWqJYmKazuAwo_inv14.als"
806,"socialMedia/both/b8NhwShkLnHCK227n_inv8.als"
807,"productionLine_v2/correct/JQ5eSzumvR2DQZpHS_inv4.als"
808,"coursesOld/both/yfSDtmrhur8v7hAJg_inv4.als"
809,"trash_ltl/correct/8Kdb6vDXNEXWAk4NS_inv1.als"
810,"trainStationNew/under/6PK8obdotANJCqdMF_inv3.als"
811,"coursesOld/both/GJsX7q7DPHcqjT28A_inv15.als"
812,"socialMedia/under/LJhowxzQMFGtbnPby_inv1.als"
813,"trainStationNew/both/LkeDsmpnyD7jkmabg_inv6.als"
814,"trash_ltl/correct/pRuiwSxSu3QsyM8vw_inv6.als"
815,"productionLine_v2/under/im3THc2ThbufZAagE_inv1.als"
816,"productionLineNew/both/rAhPhTGeunLeSfvpx_inv7.als"
817,"socialMedia/under/HMsdrCjdChwWJyFe6_inv5.als"
818,"productionLineNew/correct/H8tXtr5uAwfDtmrsN_inv6.als"
819,"trainStationNew/both/RuKwcc4iZFELuNuBe_inv3.als"
820,"coursesOld/correct/whBqc9CXz7GGS6biT_inv1.als"
821,"trainStationNew/both/AcXSN3jbMa95LjKYW_inv5.als"
822,"trash_fol/correct/FZWNXw4AcEww7Ru66_inv6.als"
823,"trainStationNew/correct/Qoapxbriw4NYEGauW_inv1.als"
824,"trainStationNew/correct/aJtDwzqW6zXFbbEwL_inv3.als"
825,"coursesOld/under/ErCbCQNDRSb9CCAQ2_inv9.als"
826,"socialMedia/under/i43B6DRB67qDB9tti_inv1.als"
827,"coursesNew/under/wikrxBGQgb5TAMcdj_inv7.als"
828,"coursesOld/correct/AxEMSgvWuEt8wxGkZ_inv1.als"
829,"socialMedia/correct/ntadA8M6cP3ZziEqx_inv6.als"
830,"coursesOld/both/bDdjj8SDNHfjccAG7_inv14.als"
831,"classroom_fol/over/NzfW3iAp6FAXWRaCz_inv15.als"
832,"classroom_fol/correct/trJ3tDRf3epMQFNG7_inv4.als"
833,"trainStationNew/both/NFTBmKqLgf668oNmm_inv9.als"
834,"socialMedia/correct/JuN9AXkfxfmkyPpK9_inv1.als"
835,"productionLineNew/both/B9SK2L4s6JYSK9Fjs_inv2.als"
836,"socialMedia/under/q23bGFy3TATMTAC8A_inv5.als"
837,"classroom_rl/correct/fs2znQpk2dwmRyjqM_inv2.als"
838,"socialMedia/both/CysPGMrrxq7YFGdBf_inv7.als"
839,"trash_rl/both/yZZAWpNBu8TuqAG76_inv6.als"
840,"trainStationOld/correct/guaSPdJ4CEP3mGwTq_inv1.als"
841,"coursesNew/under/xCRoPqpuGysiWM6gF_inv8.als"
842,"coursesOld/under/msifvo47dmkKrmrHG_inv12.als"
843,"trainStationNew/correct/GPyDjfpJx7fBNwpJ3_inv10.als"
844,"trainStationNew/over/7YxT58npjDGJcaWXX_inv6.als"
845,"socialMedia/both/hviAsudQhzi2hrjM5_inv3.als"
846,"productionLine_v2/correct/SJLzd5Kyv4vAF4T2t_inv2.als"
847,"trainStationNew/over/K29EL6PHBFDkhgRzP_inv9.als"
848,"coursesNew/both/EbREd8BqbAvYbov69_inv1.als"
849,"socialMedia/correct/YmdFcF9adwW8XZscz_inv3.als"
850,"coursesNew/under/D8bpycYTp9zrbqDH4_inv6.als"
851,"coursesOld/correct/NCtGTHhnyoaXXMdMs_inv12.als"
852,"coursesOld/both/ny4kLqpLkEX8zZX3F_inv1.als"
853,"coursesNew/both/EpFqQLDxbZw9ZJ7Sw_inv8.als"
854,"socialMedia/both/HcgpTBj3cbYTqdLTb_inv7.als"
855,"productionLine_v2/correct/6yiiBwBY5PdJxWwu5_inv9.als"
856,"coursesNew/correct/f9fBhn2qzngvyzhoS_inv5.als"
857,"coursesOld/correct/TcBJGeahTAN4rdL6T_inv2.als"
858,"productionLine_v2/both/zjeyBPLpBhwZwtzsz_inv10.als"
859,"productionLine_v2/both/dyrRyJQenCB4Zo438_inv8.als"
860,"coursesNew/both/9EjtztZ777DSRHrPH_inv1.als"
861,"productionLineNew/correct/M9MB25SFEcXohhdx7_inv7.als"
862,"socialMedia/over/gXjzrgK54DPpcsuQP_inv8.als"
863,"productionLineNew/over/fP63Wrd8HoSy57KtB_inv7.als"
864,"socialMedia/both/ci2gMjNZmyyBxzwjm_inv8.als"
865,"coursesOld/under/nHmg4odtxpfECkPvw_inv2.als"
866,"graphs/correct/gipF97YGsCnTQLXHX_inv5.als"
867,"socialMedia/both/sLFcyZ995Tc6vuYzR_inv7.als"
868,"trainStationNew/correct/g88RZ5Ph3hxP2oEjM_inv9.als"
869,"socialMedia/under/5cf7gFJkrkGW3NZ7d_inv1.als"
870,"socialMedia/under/iJxsE6aD79mu53Ndr_inv1.als"
871,"socialMedia/under/sFhoxZwD48NwEDg6X_inv7.als"
872,"socialMedia/under/ivskftAWLair45ANM_inv6.als"
873,"classroom_rl/both/WMdBwdaamGXuoyXef_inv11.als"
874,"socialMedia/correct/AsujdEkSBgaiyZAit_inv3.als"
875,"coursesNew/under/sCSCn5zLH9PyZtPzY_inv4.als"
876,"coursesOld/over/GJXcgRiD6NetkkbEX_inv7.als"
877,"classroom_fol/correct/kPChmnjQPXSjRog7A_inv11.als"
878,"trash_rl/correct/X8zr3aruXg2TC7mPM_inv10.als"
879,"socialMedia/over/jhq8262dN3bixfoLu_inv4.als"
880,"trash_ltl/both/qKBNpcpLms6b8xAXr_inv8.als"
881,"classroom_fol/both/p4CvdfT3Hgkv23mmf_inv14.als"
882,"classroom_fol/correct/w3AuYgruGRvsmuy6Y_inv8.als"
883,"classroom_rl/correct/CzF4MCEMhSa9wqM6D_inv5.als"
884,"coursesOld/under/hzL8sX9vQx7KanwzL_inv8.als"
885,"trash_rl/both/s73P3ybuvG5FmFzgF_inv7.als"
886,"trash_fol/correct/CcRmGcCYErT2LnQuC_inv8.als"
887,"coursesNew/both/xB8Hj8Ni8MDtgybZ2_inv5.als"
888,"trash_rl/correct/Xxfc5oKaWz6XBFHLE_inv5.als"
889,"trash_rl/correct/APu2GjGAs3zBwXRjc_inv3.als"
890,"graphs/correct/JPWgRMRsKjArpYmQ8_inv8.als"
891,"coursesOld/over/pSzTNHib9CKKjuWd2_inv3.als"
892,"trainStationNew/under/rhtEHGCtbtQksEaXZ_inv3.als"
893,"coursesOld/under/LWZxdMu2dDesM3BaC_inv11.als"
894,"trainStationOld/over/w34dYjtDjzZ9jD3vW_inv5.als"
895,"classroom_rl/over/Hsta4CZd3yDLGjx4a_inv6.als"
896,"graphs/both/HiZaMaYKSPagXESod_inv8.als"
897,"classroom_fol/over/o4CacviNWTfbCpaGK_inv11.als"
898,"trainStationNew/both/AQa3HAkFtQuiyWAHu_inv3.als"
899,"trash_rl/over/Au9ZEdzEijbhAjTrF_inv5.als"
900,"classroom_rl/correct/aex5G5dZgWhn2mKgA_inv10.als"
901,"trash_rl/correct/uLKY7yE5teqButRt6_inv3.als"
902,"productionLine_v2/over/HvhiXJhTe9eLzxsng_inv10.als"
903,"productionLine_v1/over/dZicaWP2bjgQQJzja_inv4.als"
904,"socialMedia/over/B8PxMPTqqnh4tkTZt_inv1.als"
905,"classroom_rl/correct/XG62iBhGcfhPsYEeD_inv1.als"
906,"graphs/correct/76bG2w6LexaarRbA2_inv2.als"
907,"cv_v1/both/jDXQkiJQiCh3dL26y_inv3.als"
908,"socialMedia/both/vzxnGZm3oJw8K2XRE_inv2.als"
909,"classroom_rl/correct/SYrqFqSS7AbkrXHpG_inv9.als"
910,"classroom_rl/correct/uebgoqavudR9ETJZR_inv10.als"
911,"coursesOld/correct/myvgnjxyqFZBz3SGK_inv2.als"
912,"coursesOld/both/zXzhPwTJvQNgGCey9_inv6.als"
913,"socialMedia/under/pWpaT9HKBc8mHtezY_inv7.als"
914,"trainStationOld/over/muTj8adK57JrhacdG_inv2.als"
915,"trainStationNew/both/ovkiM5857dbpa7jq3_inv4.als"
916,"socialMedia/correct/zdJmd4tdSmWKjExb5_inv3.als"
917,"trainStationNew/both/qgDorsjF2gqGXqGLv_inv10.als"
918,"trainStationNew/both/kuh9TBoSMx9JFPDRA_inv8.als"
919,"trainStationNew/correct/amd4Z2NpP6R3Hz2Sb_inv3.als"
920,"trash_fol/both/FoMB9qabFqQg7vQ8F_inv10.als"
921,"socialMedia/correct/f7ki4RmpqXT7skerk_inv2.als"
922,"socialMedia/correct/JL2ZrtCj4teFNqbAu_inv2.als"
923,"trash_ltl/correct/PnWY4KrquTCmEQPYs_inv13.als"
924,"coursesOld/under/Kjx4JqdXorxoSLn42_inv8.als"
925,"coursesNew/both/dQ2Bw7WSFS9vCamwA_inv1.als"
926,"trash_ltl/under/GSdqcAjND8Ht8fNTm_inv5.als"
927,"trash_rl/correct/SZmRxrfPYwEdaEFJc_inv3.als"
928,"classroom_fol/correct/BB7TFQF7S6cJJZJMb_inv11.als"
929,"classroom_fol/correct/8xZ3SYPbjx9TdJCie_inv2.als"
930,"lts/both/r7oCvtf3EZTaTYdmQ_inv1.als"
931,"socialMedia/both/hNLkN7h3568koL5sP_inv3.als"
932,"trash_fol/over/sEchEDmxSCGv4NcTN_inv7.als"
933,"coursesOld/under/XMJJw5D2MnspNkArw_inv6.als"
934,"trash_fol/correct/ovPG9kKnRZcAdhxFJ_inv9.als"
935,"socialMedia/both/WTzfvgYLhZ3vD5Mum_inv2.als"
936,"trash_ltl/both/av7mfzGDt7X8iyZna_inv6.als"
937,"classroom_fol/under/Si2XvWnwt988B83mi_inv14.als"
938,"productionLineNew/correct/CngmGMJ4fRXcyszWS_inv4.als"
939,"classroom_fol/correct/DtDHrTbjfm8qHHKcG_inv2.als"
940,"classroom_rl/both/KBhnpxZCt5c22ddvz_inv4.als"
941,"socialMedia/both/DrxH2eJiRsGddrqWq_inv4.als"
942,"socialMedia/correct/hWWhzfNDrbhTwEQZ8_inv4.als"
943,"trainStationOld/over/CSfh4veZPbjeKwgtT_inv4.als"
944,"coursesOld/under/eLa2LuDRswRzs28pk_inv5.als"
945,"productionLineNew/over/EdmigJk6R6WWcXpcp_inv3.als"
946,"productionLineNew/both/dvXsentXmJJph5TXk_inv9.als"
947,"socialMedia/correct/7ddGX7WnGNp5C7AxE_inv1.als"
948,"coursesOld/both/PdhrJoM2PrSJScX3s_inv9.als"
949,"coursesNew/both/LpCt2ZzeNsNNqetbA_inv4.als"
950,"trash_ltl/correct/RBGYKWeCfsNxQDmt9_inv6.als"
951,"coursesNew/correct/L6BN5ioqgHeTDYc4x_inv11.als"
952,"socialMedia/both/WfCSmxHNtCq9iqiX3_inv6.als"
953,"graphs/both/MTQWfA2Hqbv2FZH2L_inv4.als"
954,"socialMedia/correct/xjdt9Wc5PKkDHCLG6_inv1.als"
955,"trash_ltl/under/LAdeCajAbFbS9rtjn_inv12.als"
956,"socialMedia/over/J5JGud3rETdq5KkXx_inv8.als"
957,"trash_ltl/both/sJ9NMoRaPwe5xsuXP_inv9.als"
958,"socialMedia/both/R6gyHiZcLkYN3Y8pm_inv5.als"
959,"coursesOld/under/Qp7tyMHrWyCABuKQm_inv9.als"
960,"coursesOld/under/hGcpKH7wTpmv9tZyz_inv12.als"
961,"lts/correct/Cdv3ah6uGmQYkSHAR_inv6.als"
962,"socialMedia/correct/Kw8jENAg2R4woL2s5_inv4.als"
963,"lts/under/YxzbZ5Zga22QxjsXW_inv4.als"
964,"productionLine_v2/over/DLZWdR3AvpgWmBsuT_inv6.als"
965,"coursesOld/both/fotDCdztRyN6YcL8p_inv14.als"
966,"coursesNew/under/ad5C75f3SqBtMxiAw_inv5.als"
967,"trainStationNew/correct/oCoYfnawhmvXebqLy_inv4.als"
968,"socialMedia/correct/rkuNooR9cRFAY5C9W_inv3.als"
969,"coursesOld/both/hrDAWsiquHgkCig4i_inv13.als"
970,"coursesNew/correct/vXnZNxyJ3uty7xFFA_inv1.als"
971,"classroom_rl/under/hPbAmbe6wiMu5Ha2K_inv5.als"
972,"coursesOld/both/xpubJ4YbjbLPYPrAu_inv6.als"
973,"classroom_rl/both/fro6KyNJBBFWy2AZZ_inv12.als"
974,"socialMedia/under/D8ykMtAEtHCibHZyG_inv4.als"
975,"lts/correct/QerayaWG5Wh5Pf6gc_inv2.als"
976,"socialMedia/over/fcCEzzLDmYYay5ddy_inv3.als"
977,"classroom_fol/correct/JrY8rfzeATiAaisGb_inv10.als"
978,"socialMedia/under/AMfsEWnBynvqHzE4Y_inv1.als"
979,"coursesOld/both/Fqc2A4dBrLd29EozM_inv3.als"
980,"socialMedia/correct/ALyKZ6goLcssiGfPW_inv3.als"
981,"trash_ltl/under/ofFkEnCR3qA8zNx7G_inv12.als"
982,"trainStationNew/under/DMWQjT8XoJLj993vA_inv3.als"
983,"coursesOld/under/YkRG7LvHLofLGsGq3_inv9.als"
984,"coursesOld/both/XuNKvKhSJwFGxX4nH_inv9.als"
985,"graphs/correct/9aYhTs3pGkZX2r5Lx_inv2.als"
986,"coursesOld/both/xvsemAKC28q5aPHGS_inv5.als"
987,"coursesNew/both/5oou3wguBtjdML7d6_inv9.als"
988,"classroom_fol/both/SkLhQeLn5BG7PM3Wa_inv14.als"
989,"socialMedia/both/QKCkTxWvaGaiN78qj_inv7.als"
990,"trash_rl/correct/bXkqADLu7NbWtyRTC_inv9.als"
991,"socialMedia/correct/msnirLE7QB8WF8rJm_inv6.als"
992,"socialMedia/under/5BkcpQMpMJ4T4xGQC_inv4.als"
993,"socialMedia/both/QyqCRiretPPkkd5y6_inv4.als"
994,"socialMedia/correct/cAwshXt4R6YH7fMKp_inv4.als"
995,"classroom_fol/correct/S4XXJDs8zXHhdgZ9Q_inv5.als"
996,"trainStationNew/both/RBbn7zsy9tb2cKyMa_inv9.als"
997,"coursesOld/under/qcpESc627KR6HAk49_inv14.als"
998,"trainStationNew/under/huqu7CPoeXD9NEHAs_inv3.als"
999,"classroom_fol/over/LcjYY9pLzqJAnCcwb_inv9.als"
1000,"productionLine_v2/both/cHn8coh9wBNcKgfWC_inv7.als"
1001,"socialMedia/under/wo5JcsWiJ7htpQPe5_inv4.als"
1002,"trainStationNew/over/e87DeKvZ3s9QTkg2p_inv8.als"
1003,"trash_rl/correct/StLmgbBHW7HpxGnR9_inv1.als"
1004,"socialMedia/over/pRPwMQ2xGf3cwPgj3_inv3.als"
1005,"socialMedia/correct/PDkhqC3BNBzex6qqe_inv2.als"
1006,"classroom_rl/correct/HbDXYzahnymHvEsLQ_inv9.als"
1007,"socialMedia/under/3FqZjJXt5WD9SYoyX_inv5.als"
1008,"trainStationNew/both/WqdEHfCwA9NPxN9Ej_inv10.als"
1009,"trainStationNew/both/Y9JxNjAycuvWJD2da_inv10.als"
1010,"trainStationNew/both/uCqzQ3buvArqv59XS_inv9.als"
1011,"trash_ltl/over/SpbQBNT3jy4Mysiho_inv2.als"
1012,"socialMedia/under/jnHXJrP66mDbRyFwS_inv1.als"
1013,"lts/over/HtB3PSrCuEsmSWqSC_inv5.als"
1014,"productionLine_v2/both/buMAp38WKDnbDuqee_inv7.als"
1015,"socialMedia/correct/PQwDzfojgMGaJXr6J_inv1.als"
1016,"trainStationNew/correct/wFJJkTwS2M6tLmHGF_inv8.als"
1017,"socialMedia/under/rfrHHDo3dePvSnKWG_inv7.als"
1018,"coursesOld/over/Zn35LZxMk2vySMZHN_inv4.als"
1019,"coursesNew/correct/NKGs4ycsi4gR8mfZE_inv5.als"
1020,"socialMedia/both/J8L64cvbKKhoRa4Gw_inv6.als"
1021,"classroom_fol/correct/9gPdrp3KzupXoR2zC_inv2.als"
1022,"trainStationNew/both/xAgjzykX2ET8eWC4b_inv8.als"
1023,"coursesOld/both/QxJfuXyci4ahg9xnA_inv13.als"
1024,"coursesOld/under/sFCLMEkreAan7cKLL_inv6.als"
1025,"trainStationNew/both/MSPrQAuBZZM3TsZ5C_inv9.als"
1026,"socialMedia/under/eLmW6S5XPgmGo47gj_inv1.als"
1027,"socialMedia/both/veZ8vEtTacxLRfPz7_inv7.als"
1028,"classroom_fol/both/tWDdiNMzhKu9QxzSb_inv11.als"
1029,"coursesNew/correct/ykRgaybdSZWpYtMZw_inv1.als"
1030,"trainStationNew/both/yicMthTJ8A8XMpwYm_inv9.als"
1031,"classroom_rl/both/k5nvNhDqjDxHy8ceM_inv14.als"
1032,"trainStationNew/over/NLwtAh9pxynH6m5z8_inv8.als"
1033,"socialMedia/both/MmgY6YSGtBtDnsYdB_inv5.als"
1034,"trainStationNew/correct/9Ry6hNvdexizN7FpM_inv1.als"
1035,"coursesNew/correct/xaXL9D67ZiKM633yZ_inv5.als"
1036,"graphs/over/wtdt5k7DMxiF8owFe_inv6.als"
1037,"socialMedia/correct/75BWQqQcLfvDDZ5N8_inv1.als"
1038,"socialMedia/correct/Cn2GY7bNA4fahffRE_inv7.als"
1039,"classroom_rl/correct/pw6YpWNt77bgPXb6S_inv13.als"
1040,"coursesOld/correct/gT72Pv74onivrBzJy_inv1.als"
1041,"classroom_fol/both/Yf4p6uqi8BmRzAJ2m_inv3.als"
1042,"trash_fol/both/m9PugeGiBF9aC4yZq_inv3.als"
1043,"classroom_fol/both/Lkp7PxWgQFRBKqDLX_inv14.als"
1044,"productionLineNew/over/3qkWcbxkMGqdMXsam_inv9.als"
1045,"trainStationNew/correct/eXvWHBMwLges4gvi6_inv6.als"
1046,"socialMedia/correct/oCpBKCn4qXBMLp2eL_inv6.als"
1047,"coursesOld/under/Mc8iqKCsvu3TnEySu_inv8.als"
1048,"trainStationNew/both/JT978Za7W88HtKiLg_inv8.als"
1049,"classroom_fol/both/7pubhyTo48QCAb4nJ_inv6.als"
1050,"socialMedia/correct/qqDGPzGPrmwgie2h4_inv1.als"
1051,"trash_rl/correct/GhGdHjTaLyZbzFL2u_inv4.als"
1052,"trash_ltl/both/uQzKWo23SXGjWoAsY_inv12.als"
1053,"socialMedia/correct/7wudm6nPLT2j8szBS_inv8.als"
1054,"coursesOld/under/MmkwfJMaNSNdZRqMH_inv8.als"
1055,"trash_fol/correct/AEy7xfNzRFqAjGcKF_inv6.als"
1056,"socialMedia/both/F6cjBANgDjEewbpRH_inv5.als"
1057,"socialMedia/both/KvNi94FoofRSwx4Zy_inv7.als"
1058,"coursesOld/both/zMPt3KcwjTcTExmRQ_inv6.als"
1059,"productionLine_v2/under/JvgdGjsgL3PR6Gkao_inv6.als"
1060,"classroom_fol/correct/KLbYprsTbKTopTXnx_inv8.als"
1061,"coursesOld/correct/tyvuLQPqwrnJpseMS_inv4.als"
1062,"trash_ltl/both/sBrkvxCFiCXpBWMBr_inv11.als"
1063,"lts/correct/zWrsR8yYBeqXdrsjq_inv6.als"
1064,"productionLine_v2/correct/NrL6Q5epYRWrgAqC2_inv2.als"
1065,"socialMedia/both/2xxCqnJck3R7dMehS_inv3.als"
1066,"coursesOld/both/RKBbMH3oyAKpM7mu4_inv7.als"
1067,"trash_rl/both/yN4S9aTfeaCh6fSay_inv5.als"
1068,"trash_rl/over/sqkvWoLks3eT6Tk8h_inv7.als"
1069,"productionLine_v2/both/3uACAipCbnA6jCCp3_inv2.als"
1070,"trainStationNew/correct/FpiY5GFYkWt6PDKBC_inv4.als"
1071,"classroom_fol/correct/QdAnuxpLtoMfoA68M_inv5.als"
1072,"coursesOld/both/GpupqMAB9BZfkoFdA_inv9.als"
1073,"socialMedia/correct/wRJ6sHCmYYpdR9wG5_inv7.als"
1074,"classroom_fol/both/DHCtRkmNWNH42XQZA_inv4.als"
1075,"classroom_rl/correct/b9wtMw7avLyCtmmpm_inv3.als"
1076,"socialMedia/both/pvZz7baDgntrpdb7b_inv3.als"
1077,"classroom_fol/both/SRukYumSZct7wFcQZ_inv12.als"
1078,"trainStationNew/correct/AFwCu8YC8jNqSezq4_inv3.als"
1079,"trash_ltl/correct/gFDAA89yKKyGvuggs_inv11.als"
1080,"trash_rl/over/md7f8duWhp9wGiyEu_inv7.als"
1081,"coursesOld/under/HHMWtG2Q6TjPzsZ9j_inv6.als"
1082,"trainStationOld/correct/e7hw57NGghhfmJcEy_inv3.als"
1083,"coursesOld/both/87iQRafYJH8Tq5p5W_inv9.als"
1084,"socialMedia/under/HSjiNa8kymMiZLrND_inv7.als"
1085,"socialMedia/correct/dXFsqNyPZS9vFz2Hh_inv3.als"
1086,"socialMedia/over/NTkPNW7Wsq4Rcqnp8_inv1.als"
1087,"socialMedia/both/k9Ra459iztpKGcsmz_inv7.als"
1088,"classroom_fol/correct/thPT4E7P5tBABe95h_inv9.als"
1089,"socialMedia/correct/B88AyGF6mryRmigh5_inv1.als"
1090,"coursesOld/under/WAEimR4ABJKaMtXCL_inv1.als"
1091,"socialMedia/under/6iekc9SjYFMKQDbEh_inv7.als"
1092,"coursesNew/correct/C6hosKn3qiGywxDN6_inv1.als"
1093,"socialMedia/both/9Sq8j8RZ2q5vpdnwv_inv3.als"
1094,"trash_fol/correct/ND3KiAC7w8MCTEyWh_inv7.als"
1095,"coursesOld/correct/qRRYyJ5EMdzzNmEbJ_inv2.als"
1096,"coursesOld/correct/GWq2NFcht7uaBLkug_inv3.als"
1097,"classroom_fol/both/wyS9TiMdY8SthSJe4_inv5.als"
1098,"coursesOld/under/xQNp2qhk5gghXGnEw_inv11.als"
1099,"socialMedia/both/tFeD3LDRCYfoN7Rid_inv4.als"
1100,"trash_ltl/both/jEBS8kzBdSu44kmpE_inv8.als"
1101,"classroom_fol/both/Mc8KtSNRnXKdhW7Bf_inv14.als"
1102,"coursesOld/correct/LThkZj7upfGDP6jFm_inv2.als"
1103,"trash_ltl/correct/dEmN6P4cKtRTpK7yN_inv9.als"
1104,"productionLineNew/correct/wT8M398E32SC2Jp4R_inv1.als"
1105,"trainStationNew/over/oaBpg5aBaAXmoF72c_inv10.als"
1106,"trainStationNew/under/GiaNmsqmWP9AdWb7M_inv3.als"
1107,"trainStationNew/under/AJYjfkk43zTA3Sr3P_inv5.als"
1108,"trash_ltl/both/9QthAyGb2aaZAsci6_inv8.als"
1109,"socialMedia/both/j9pXyxLszNWiuNkMT_inv7.als"
1110,"socialMedia/under/tMJ4GMPGaD4rmhb8P_inv5.als"
1111,"socialMedia/under/Y3723reEeLRbEsruJ_inv7.als"
1112,"productionLine_v1/under/LAoxfGWn9mkPooxN5_inv4.als"
1113,"coursesOld/over/DRXRZ2XQNhKxNbRKm_inv6.als"
1114,"coursesOld/both/H4vxZTxAQEFTWMdM5_inv7.als"
1115,"socialMedia/both/6vjL9Wt2dARb9DEzJ_inv3.als"
1116,"trainStationNew/both/KsjZTBqo6m8vjoWFr_inv5.als"
1117,"socialMedia/correct/yPAJiRsFddfpecNDt_inv2.als"
1118,"coursesOld/both/ftgPsHxASucda3rxb_inv4.als"
1119,"coursesNew/correct/d9LRHaMW6nH4YgTZc_inv5.als"
1120,"socialMedia/under/AA9M7YmHgZm84zj7d_inv5.als"
1121,"coursesOld/both/BiEJ6sGpxDtCYGr4m_inv12.als"
1122,"coursesOld/correct/pGNvX8g3Ad8vMCYrH_inv10.als"
1123,"trash_ltl/both/2ZbEHFdNoxdGTARiC_inv12.als"
1124,"coursesOld/over/CfRkHsq53avdGmbBC_inv1.als"
1125,"trash_ltl/correct/MZPj3333pNqCC7uPn_inv6.als"
1126,"trash_ltl/both/oMwvgbeF286cfSQAA_inv5.als"
1127,"socialMedia/correct/HYXDBHhiE3qYfc6Yr_inv4.als"
1128,"lts/under/QfGMycTadX2nTR58P_inv3.als"
1129,"coursesNew/over/q2aqkRqxmW2zNCGyC_inv7.als"
1130,"coursesOld/under/B6vg6pcQkoEndCdJJ_inv7.als"
1131,"coursesNew/under/zcbXZiLp5z6bpoZJL_inv14.als"
1132,"trash_rl/both/ey5RyG6fw7t9YS9PB_inv7.als"
1133,"productionLine_v2/correct/X2np8Tyu5F5PjjZa2_inv4.als"
1134,"trash_fol/correct/w6yH2GHwFo7FKCjhT_inv6.als"
1135,"socialMedia/both/PzNXjpNqrmLvPMicE_inv4.als"
1136,"socialMedia/correct/9txtFEveGRsmwXh4E_inv3.als"
1137,"trainStationNew/correct/TMhuqZT2KZEd6fW5D_inv2.als"
1138,"trash_ltl/both/728qmKmA9icPZ2EJj_inv6.als"
1139,"socialMedia/both/h55zbq7zkfLQ6SiaS_inv7.als"
1140,"lts/over/RkGdF39CNGZ8Gcfjt_inv3.als"
1141,"graphs/over/Fm7xWusqegp8HESC3_inv3.als"
1142,"coursesOld/both/HFhtKNyWcfYPpbPAv_inv9.als"
1143,"coursesOld/over/gEBwR5SHmD9xzocoq_inv15.als"
1144,"cv_v1/correct/edG6a4geNcPHz2yJD_inv1.als"
1145,"socialMedia/correct/ptQhX37W78B4aJQx5_inv2.als"
1146,"socialMedia/under/aXZKmJuqzKkqhwj4v_inv7.als"
1147,"socialMedia/correct/GJ447uRfeBz9FusRY_inv2.als"
1148,"coursesOld/correct/uTRBfNjtEGsMiNtLF_inv11.als"
1149,"classroom_fol/under/7K57Ma2zfP5JbwrkN_inv11.als"
1150,"socialMedia/both/DXb69cN2sJ2PjR9Fo_inv5.als"
1151,"trainStationNew/both/47kdTCMSLz7N9DvRs_inv3.als"
1152,"trash_rl/correct/MaScZMsFxceucmPu4_inv8.als"
1153,"trash_fol/correct/KtjjAraL2FdgXXvha_inv4.als"
1154,"socialMedia/both/WLxrLBDXyaEYCnJPC_inv3.als"
1155,"trash_rl/both/wnnHGLzE7hzfpGMSr_inv10.als"
1156,"coursesOld/under/ybCHuZX85y925gd2n_inv8.als"
1157,"coursesOld/correct/hTovYGXvoSDvrhzki_inv1.als"
1158,"productionLine_v1/over/XmtYDpt2suL8ou4YQ_inv4.als"
1159,"socialMedia/correct/YuB5m7osHqFTgFdui_inv6.als"
1160,"lts/both/R2ZWco5MTdCE7jA6F_inv4.als"
1161,"socialMedia/both/hJMW27wTWS7wxdZWB_inv7.als"
1162,"socialMedia/over/MAFwkB77KeP3oqTTv_inv4.als"
1163,"trash_ltl/over/meq3n8z5dMuLbpbyG_inv18.als"
1164,"trainStationNew/correct/drFjxdu2EPimRM8jR_inv2.als"
1165,"coursesOld/both/Rs5tgsWBeR9xQbQmY_inv5.als"
1166,"trainStationNew/both/dx2FsCxRs5GjgFCo9_inv3.als"
1167,"coursesNew/correct/HmLRw9jfW8xxfBRmP_inv3.als"
1168,"socialMedia/over/rpKiQpzeWo2C54tqz_inv3.als"
1169,"graphs/over/TC4TEQrF4DhYb4Geo_inv6.als"
1170,"trash_ltl/correct/jiNy2qy4m4dEJSrJo_inv7.als"
1171,"socialMedia/under/3ouAjJfbHpk2HLPPG_inv7.als"
1172,"classroom_fol/over/rxpjszuJZpmw5A7Tb_inv10.als"
1173,"trash_ltl/under/QyyqNz9mvoxHq23Xi_inv14.als"
1174,"productionLineNew/correct/b3HGckGggYuTr47mj_inv2.als"
1175,"trainStationNew/correct/ZSKi22i7gCn6Et4CX_inv1.als"
1176,"coursesOld/correct/2gQ4xiA5pAc9nT3bG_inv2.als"
1177,"coursesOld/both/T33gavjStCjorZEQ8_inv8.als"
1178,"trash_ltl/correct/FaakCfMQyvsDMgr7b_inv3.als"
1179,"socialMedia/under/C2No8t2bHr4ffN6Ne_inv7.als"
1180,"productionLineNew/over/ShfrMPY5FLPAjibwv_inv3.als"
1181,"trash_fol/correct/EbBXg7fB3FfbBaGNe_inv1.als"
1182,"coursesOld/under/pkZW22BvADvuH4bKh_inv7.als"
1183,"socialMedia/correct/TGChAPTpdLofzX9Js_inv6.als"
1184,"coursesOld/correct/SPzZZ7bDCmGrK7G88_inv1.als"
1185,"socialMedia/correct/ooMNeXSBng9QaiEdB_inv2.als"
1186,"trainStationNew/correct/AWc75fKewuhEyyziP_inv10.als"
1187,"graphs/both/NYuR2BGgEHCmCMyxs_inv6.als"
1188,"coursesNew/both/YWyiR7ekgGot3czvT_inv4.als"
1189,"productionLine_v1/under/LdAABbbWc3JoCZ8vN_inv1.als"
1190,"productionLine_v2/correct/x9AEzo3uT8TdkFtMw_inv9.als"
1191,"classroom_fol/over/BJTQWnKi3mvkFQScv_inv7.als"
1192,"trainStationNew/correct/ZZyrxcmRFCruEre6P_inv3.als"
1193,"lts/both/eoXqNDJSnaHk4yxDA_inv4.als"
1194,"trash_fol/correct/G6KNaWgD29ra4XWev_inv3.als"
1195,"socialMedia/correct/fc9EbvYLjEbfxQesS_inv3.als"
1196,"lts/correct/9B3pn3p6KJKBFSKqi_inv3.als"
1197,"graphs/both/CmPbQMPg4xWpGfT8u_inv6.als"
1198,"productionLine_v2/correct/nbfXo2RCbKoCBcXGC_inv9.als"
1199,"productionLine_v2/correct/TkLuitvmGAqEG26Kc_inv4.als"
1200,"socialMedia/over/3whaYMoEhA9mHEmEA_inv1.als"
1201,"coursesNew/both/QJrAEPTb9BPRNrwN8_inv7.als"
1202,"socialMedia/correct/L4XPLF7G3nvZoqhWn_inv1.als"
1203,"coursesOld/under/fHQAnZ4Z5359XFS6A_inv7.als"
1204,"classroom_rl/over/hYXyMPGWxaRtWuAkZ_inv10.als"
1205,"socialMedia/both/gAfjXqfJiP3QFMyKg_inv6.als"
1206,"coursesOld/under/JQAQaX7agB39cQaLb_inv4.als"
1207,"coursesNew/correct/vi222EiDscZtyc75x_inv4.als"
1208,"classroom_fol/correct/Jf2wo86HLQRkbcnWR_inv4.als"
1209,"coursesOld/both/rbJ8S4kLFEbjccqXN_inv9.als"
1210,"socialMedia/both/TpjetahcXPSe72fR9_inv6.als"
1211,"productionLine_v2/both/GfPRxXKgsa3vn8rSB_inv10.als"
1212,"productionLine_v2/over/ZrEcHrCgLEMxBTHdx_inv9.als"
1213,"socialMedia/correct/Hx9aquThBqZSN8aRA_inv2.als"
1214,"socialMedia/correct/2HxSHXvPZcASPk4RK_inv4.als"
1215,"socialMedia/under/nAaatuTv8dZGc5tjj_inv7.als"
1216,"classroom_fol/correct/t5pC84okue5uzqZhr_inv1.als"
1217,"graphs/correct/DtMn2H7krDJXyqnPD_inv5.als"
1218,"trash_rl/over/kTJbMK84CQaigPtjW_inv5.als"
1219,"socialMedia/both/XQrzwJQnWNFRYqP4B_inv4.als"
1220,"coursesOld/under/uCSgijjdPrLWR7k53_inv5.als"
1221,"trash_ltl/both/KkhHRkGydBwjpqn22_inv6.als"
1222,"socialMedia/correct/q689x6oDdTJqgqN5Q_inv3.als"
1223,"classroom_rl/under/gawJ4zxN9cEwDxRw8_inv10.als"
1224,"socialMedia/both/5w75zc3s7SPyJRKRX_inv1.als"
1225,"coursesNew/both/hCbekykvHneSDCH29_inv4.als"
1226,"coursesNew/correct/ZJTfkhpFjhNWAvZSb_inv5.als"
1227,"coursesNew/over/GrTJPofYeafCr4atm_inv3.als"
1228,"productionLine_v2/both/DtSHjsNkBLWBFFx7p_inv4.als"
1229,"trash_fol/correct/BeRZik9uShvuqksWe_inv1.als"
1230,"classroom_fol/over/P38DmMXaJwmy5Dhde_inv6.als"
1231,"productionLine_v2/over/DZbDEoLADG2cyEsv3_inv9.als"
1232,"trash_fol/both/hBNoY2tMAQ8ddLHzu_inv10.als"
1233,"socialMedia/both/LvhgSXS9RQYCfDGvY_inv8.als"
1234,"socialMedia/correct/XEbAXFtrfDs7Lnkt5_inv1.als"
1235,"socialMedia/under/zZW698f8YLGwq8Dfh_inv7.als"
1236,"coursesNew/correct/SorgHXmhjMiaFqjNN_inv5.als"
1237,"coursesOld/under/RKFCWtXk5apuoFfP5_inv8.als"
1238,"coursesOld/both/uFKuAMRp3tNF96Mwx_inv9.als"
1239,"productionLine_v2/both/2nG2u6Gz2WtGjbioM_inv3.als"
1240,"coursesOld/correct/kGaqv6m2CXhKAB4Di_inv1.als"
1241,"socialMedia/correct/LYyAQaLXEGMRtreFA_inv6.als"
1242,"classroom_fol/under/4PYuRyxdggckeojd6_inv11.als"
1243,"classroom_rl/under/fvRfJsHgpoKT3JF9G_inv12.als"
1244,"trash_rl/under/DqSsZ6Y2pE6xQ4uSe_inv7.als"
1245,"coursesOld/both/L5dSqcZrYukv6C9PK_inv2.als"
1246,"productionLine_v2/correct/tykwuDuxPQX35PiBs_inv2.als"
1247,"socialMedia/both/EEeyfwY4qdqwpHHAn_inv5.als"
1248,"socialMedia/both/3HhGRWExEMnYMQDdh_inv3.als"
1249,"trash_ltl/correct/Tdn2oi2BGM7oMB5hw_inv17.als"
1250,"trash_rl/correct/68wsbkEWGqRBbwCFR_inv2.als"
1251,"coursesOld/both/JjT24RAa2i6GckwLo_inv9.als"
1252,"coursesNew/both/SwNXMFvLYLgoFBfx4_inv9.als"
1253,"productionLineNew/correct/rnPoKPJBqiY3tt5L5_inv7.als"
1254,"coursesOld/under/89rd6A7sQALuCpBL7_inv12.als"
1255,"trainStationNew/both/NLiPKumAui5ZJ8HFq_inv3.als"
1256,"socialMedia/under/CzbPmLmSg3KJ7bSzE_inv5.als"
1257,"trash_fol/over/rqwNFPzpPqi3AwDyj_inv7.als"
1258,"trash_fol/correct/yxm4mT3DQnR4zcKif_inv2.als"
1259,"trash_ltl/both/t567kyqgdpx7xFHe5_inv12.als"
1260,"coursesNew/both/2uvYYBLEbcSCXqyWh_inv10.als"
1261,"socialMedia/both/D9Wc99T9HeJBFb7Hr_inv6.als"
1262,"productionLineNew/correct/XMRpku3eLKaxM2c8d_inv3.als"
1263,"trainStationNew/correct/fzt7BZ2xWY36v4eTP_inv2.als"
1264,"productionLine_v2/correct/oFW8mS5C8mtX2xe84_inv4.als"
1265,"socialMedia/correct/EzhEbpJdLhRsAmYNx_inv2.als"
1266,"productionLine_v2/over/ggSB5pN6cZrE6NptS_inv7.als"
1267,"socialMedia/both/kj2bbzRtAKwNAafMX_inv3.als"
1268,"socialMedia/both/CEiM3v4phM34jfgT9_inv7.als"
1269,"classroom_fol/correct/XwX8tdS6Dv3i9ypwD_inv11.als"
1270,"trainStationNew/correct/ED24e72nkwCtwTSRx_inv5.als"
1271,"socialMedia/under/igQ4rxRaCukHBNwYs_inv7.als"
1272,"socialMedia/both/2khZvGqYj3sB4HnYX_inv7.als"
1273,"coursesOld/under/cPuf7x8ezzoRK8Wno_inv5.als"
1274,"classroom_fol/under/ixhGNooMZGbqFi5Mu_inv12.als"
1275,"productionLine_v2/under/juj6E426EQFBDqzB8_inv10.als"
1276,"classroom_fol/under/d98o3pnf4h33i825k_inv15.als"
1277,"productionLine_v2/under/Niu4eEsWBnfaEDYuE_inv9.als"
1278,"socialMedia/correct/nALi33noN254a2ekj_inv2.als"
1279,"trash_fol/correct/qNWLvLBDrQLnLWoi2_inv2.als"
1280,"classroom_rl/under/LSyfv3fZkrpxTKaHd_inv8.als"
1281,"coursesOld/both/ih3S6BgkzxArGxJuH_inv7.als"
1282,"socialMedia/under/XLmkwAN7S3s3ZYwNw_inv2.als"
1283,"socialMedia/both/pFtFEvAnqTje6mAq8_inv3.als"
1284,"coursesOld/both/qYAD2RogCXf2EQocn_inv9.als"
1285,"productionLine_v2/under/6b5X4pojbQbriatAE_inv9.als"
1286,"socialMedia/correct/Hzy92xEDP2TGyTpQm_inv8.als"
1287,"coursesNew/under/QYzgWaALX8mLLqmck_inv6.als"
1288,"socialMedia/correct/XmExqqCQfwjqrRKyj_inv2.als"
1289,"coursesOld/under/WSHHQfmyhBSvfHPzr_inv11.als"
1290,"cv_v1/correct/ACfWDLm3pitJQvD4e_inv1.als"
1291,"trainStationNew/over/FpPgNEm2JEDXr88DP_inv1.als"
1292,"coursesOld/both/arWdMaiL8ETmbq2ZR_inv1.als"
1293,"coursesOld/under/AemdwS8F7GBcNCzo2_inv4.als"
1294,"socialMedia/correct/dLZCsZJRb2EJybJfS_inv6.als"
1295,"productionLine_v2/over/dqiPCb8kw9R4xc3fH_inv5.als"
1296,"classroom_rl/under/G5xY7qRXjax3DgMie_inv14.als"
1297,"productionLine_v2/over/yhxJZ2ZBv2gKubuEv_inv6.als"
1298,"trainStationNew/correct/xTxZnRetnzDYtfaFT_inv1.als"
1299,"coursesOld/under/qkBkzJKCfPLwCsnxM_inv7.als"
1300,"socialMedia/under/cQmde7BzWx96G2hsE_inv7.als"
1301,"productionLine_v2/correct/9boqmR3EF8hMiv5L3_inv1.als"
1302,"classroom_fol/under/mKJXDkSnG5qdLAtcu_inv15.als"
1303,"coursesOld/under/4TT66bQvjpn37trtM_inv10.als"
1304,"trainStationNew/both/YjEuKi4e8nCYCBGi8_inv10.als"
1305,"coursesNew/correct/owyufQQe43jfXXnxn_inv3.als"
1306,"trainStationNew/under/5bJuh7RpWzuZp3t4m_inv3.als"
1307,"socialMedia/under/hgJ4anL3SMXuSZSZy_inv5.als"
1308,"socialMedia/under/2pjs9JovRdeSwcNPR_inv7.als"
1309,"coursesOld/over/PNbiQ4wMdZ4mFh6wp_inv3.als"
1310,"coursesOld/correct/wNF2QaBwcGXsAbXp7_inv1.als"
1311,"socialMedia/both/5htiCRQ5aJrBzvrhZ_inv5.als"
1312,"coursesNew/correct/cGLZh2KZHArq6xQqR_inv1.als"
1313,"trainStationNew/correct/dAATeP43SaAirycwR_inv1.als"
1314,"classroom_rl/both/Yd9q9CeZQT66GFw33_inv10.als"
1315,"productionLine_v2/under/GnAjWfbfpAfz8JgSg_inv5.als"
1316,"coursesNew/both/5TvX7MDJN22SSvqyR_inv13.als"
1317,"classroom_rl/correct/Ruax2cFku4rfh7CXK_inv10.als"
1318,"trainStationNew/correct/Fu7QomJ2aKAvRAXzf_inv3.als"
1319,"coursesOld/both/fsjBeqAAPJukpz5JC_inv12.als"
1320,"socialMedia/under/H53tgT8nfk3Wgsb59_inv5.als"
1321,"trash_rl/correct/GEyGyHW85zxLo7cWE_inv1.als"
1322,"trash_ltl/over/kFQjkKGqXjAHai2vH_inv5.als"
1323,"coursesOld/under/Ht9PWztGQRtTu8Ejf_inv5.als"
1324,"classroom_rl/over/8CTJybAxY6rTciEoQ_inv10.als"
1325,"socialMedia/both/GJFmcjShsNA9SXwDo_inv3.als"
1326,"trainStationNew/under/gA77Lc6kXQ9XqhhXX_inv7.als"
1327,"coursesOld/both/DpxoocMLcS7Szq8nG_inv3.als"
1328,"graphs/over/eHSj4hDRMwnQWs3mh_inv7.als"
1329,"socialMedia/correct/9g6hmG8JTq3whZaFN_inv8.als"
1330,"classroom_fol/both/fXD3ydAucxS9hfJ4p_inv12.als"
1331,"coursesNew/correct/RigsjiQjNmwpv6NSd_inv5.als"
1332,"socialMedia/correct/PWRa46o8wcBFLJnAt_inv1.als"
1333,"graphs/correct/tauKxGXhHBGFSZDQQ_inv3.als"
1334,"trainStationNew/under/DdGp4BWKvXHtpnvfD_inv5.als"
1335,"trash_fol/correct/GSLQKJppdQDbREhhW_inv7.als"
1336,"lts/both/q5sh6eEjWhDiSr9Xi_inv3.als"
1337,"trash_fol/correct/gGhrwTXg7xTtt5PoQ_inv3.als"
1338,"lts/both/WmoLLJtzBKpK3DNiG_inv7.als"
1339,"coursesNew/correct/M25WozwmR36EzL9PM_inv10.als"
1340,"graphs/both/omokZLebvHCW3K7H8_inv6.als"
1341,"trash_ltl/over/TXZGmeWKc9F9o9mXA_inv20.als"
1342,"socialMedia/correct/R4LG2Spn6sx3kE2zD_inv1.als"
1343,"coursesNew/both/zFuuTnDS75QK6Z2jg_inv6.als"
1344,"trash_rl/over/TvvG6T352GhYiumpz_inv5.als"
1345,"coursesNew/correct/8HQBJdCHuXK5HSmJj_inv4.als"
1346,"trainStationNew/under/chApi78tNPJwcjNjk_inv3.als"
1347,"productionLineNew/under/8ZXXZhbujGtyCpMXx_inv5.als"
1348,"socialMedia/both/z5txnESD9RCfwivNZ_inv7.als"
1349,"trash_rl/correct/TtN7yBs7XB8CE3AhP_inv7.als"
1350,"coursesNew/under/jjyDpCizxTLPTtTZA_inv14.als"
1351,"trainStationOld/under/zQBqtkP2b4WiJ3hac_inv3.als"
1352,"trash_fol/both/TFi9MxwmFCiEgpjqX_inv10.als"
1353,"trainStationNew/under/bWpp6yv7QWA8Kjvuu_inv3.als"
1354,"coursesNew/both/hDFik8ypWeG8ddnaz_inv7.als"
1355,"socialMedia/both/CjuRPETCWmKKYhYsT_inv7.als"
1356,"socialMedia/correct/692QbXRy9sfyRc2MP_inv2.als"
1357,"coursesOld/both/4XRdf6mpKiod8kJxg_inv9.als"
1358,"socialMedia/both/uTiQqgkCTPYwZBZCP_inv3.als"
1359,"productionLine_v2/correct/ZYLWpf73WQgs99x9u_inv2.als"
1360,"graphs/under/5gB4acASY5jnRvzat_inv4.als"
1361,"productionLine_v2/correct/wcLP5wC68pMv7Yyaa_inv2.als"
1362,"socialMedia/under/JusPFwMKTFg9Cvhf6_inv7.als"
1363,"trainStationNew/correct/9HgotPeCcG2GtfjTn_inv4.als"
1364,"socialMedia/both/wyjiifCtzsvmjCuSh_inv7.als"
1365,"classroom_fol/correct/xwZCeAvyb6hMeaM3p_inv3.als"
1366,"trash_fol/correct/azkD57nxdzoeBttmF_inv1.als"
1367,"coursesOld/correct/JiLvwxBPRyY7CA2pL_inv1.als"
1368,"classroom_fol/both/T7GTEgnYErdSEr8D8_inv8.als"
1369,"trash_fol/correct/BxpdSvkixfxryg4ys_inv9.als"
1370,"trash_fol/correct/NmDkAnv7HZcR6G2Zp_inv7.als"
1371,"productionLineNew/under/MzfiwWPJgyd4rSyCA_inv2.als"
1372,"socialMedia/both/RcrCY7ZkonxMhdwpK_inv5.als"
1373,"productionLine_v2/both/oBAjTtXMKxTWJwtgA_inv5.als"
1374,"socialMedia/both/oSA45CGeTktKTLdRo_inv7.als"
1375,"trash_fol/correct/XPS2nLkFhtYGKBaWA_inv1.als"
1376,"coursesOld/both/Lbphi7XQuHnh4wiAt_inv9.als"
1377,"coursesNew/correct/C3oxBE3hybjZkQ3zG_inv2.als"
1378,"coursesNew/under/4Wbuir8hfv7QpmJc3_inv9.als"
1379,"trainStationNew/over/49JisfJtzKPsFnyGH_inv3.als"
1380,"coursesOld/under/BCaepDFQG2S8tzn5S_inv11.als"
1381,"socialMedia/over/bKmdBGS3go35sM9Dw_inv1.als"
1382,"lts/over/hoTR4AJ4ZCDMKBHHg_inv7.als"
1383,"socialMedia/correct/uf5oeM4FTMAoazy7e_inv1.als"
1384,"trash_ltl/both/axgZpTgTYo5abkdTp_inv12.als"
1385,"trash_rl/correct/wwwwZJF4G2nagkWss_inv10.als"
1386,"trash_rl/correct/a9a28WS4s4nwW4d47_inv7.als"
1387,"lts/over/GP5dKC7LR9RvNxG4k_inv3.als"
1388,"socialMedia/correct/ERNpiDLfzzGk49XNx_inv4.als"
1389,"classroom_fol/correct/6Z4SWWTR2rRQfL5ib_inv4.als"
1390,"trainStationNew/correct/roj4Bs5D6isAh3xhv_inv6.als"
1391,"classroom_fol/over/Nzt9MA7Cd5SXQ2hHK_inv10.als"
1392,"coursesNew/both/P3ZLLQJT87zq7GkrQ_inv9.als"
1393,"coursesOld/over/BET6xP2djQHGLcevL_inv3.als"
1394,"coursesOld/under/av5RxcQinrDeJi2tw_inv6.als"
1395,"socialMedia/both/f8vBnmqrqQErz7PL8_inv7.als"
1396,"trash_fol/correct/pstHNcKtoHzS6av7r_inv6.als"
1397,"classroom_fol/correct/annJMvvX48KMGPXry_inv2.als"
1398,"classroom_fol/over/SXrK8BDDH9nyZfWYh_inv8.als"
1399,"coursesOld/under/yJLtpZMajBS8SQF8r_inv10.als"
1400,"classroom_fol/both/4DmBDdJhWp2GyaEyp_inv12.als"
1401,"coursesOld/both/PFnzsCDuQtBb755PZ_inv7.als"
1402,"classroom_rl/both/BRLW4CcGCam5jfBfs_inv2.als"
1403,"socialMedia/over/Hvai6d36x3vHskMi6_inv6.als"
1404,"socialMedia/under/C8iGWoP4fSugx9k5Y_inv7.als"
1405,"trash_ltl/under/JSWwpWHCnvBZAwQt9_inv12.als"
1406,"socialMedia/over/88bNZ2TkyPLMSymih_inv3.als"
1407,"productionLineNew/under/AzxYFY56Dbsr2bRFZ_inv9.als"
1408,"socialMedia/both/DphFnNDG28muvCREi_inv4.als"
1409,"socialMedia/both/B5EGZJqmajLcAirmz_inv3.als"
1410,"trainStationNew/both/T3rEZcngBvo7uNWH2_inv3.als"
1411,"cv_v2/both/mWDrcQ49NCeSoPuNm_inv4.als"
1412,"classroom_rl/correct/CcdRmR7sZwx3iEXut_inv1.als"
1413,"coursesOld/correct/AKfA78TSm7NBAqKnd_inv2.als"
1414,"socialMedia/correct/WpNucr7Kxks9X76n7_inv6.als"
1415,"graphs/correct/6TcqzRvpfrd9cKSmF_inv2.als"
1416,"trainStationNew/over/cAuZkbaLF8R6NmsrF_inv6.als"
1417,"trash_ltl/both/fZQcqRBiXQCpiKxqf_inv16.als"
1418,"coursesOld/under/SoY3DFXk5j75mmGLF_inv4.als"
1419,"productionLine_v2/correct/7pdMD9XbzBhW49Nx5_inv1.als"
1420,"trainStationOld/both/k558JgtJjGTbk6t8W_inv5.als"
1421,"socialMedia/both/NTZhwp65zXGcKKWsM_inv5.als"
1422,"coursesOld/both/ZxE5n9D6LAjrihMBP_inv7.als"
1423,"lts/under/nJd9n4QPgQqrSFLbc_inv3.als"
1424,"coursesOld/under/bsZQXgTyj7WGtCGPw_inv12.als"
1425,"trash_rl/correct/Y7Kp99G5gDS5G2wPB_inv10.als"
1426,"trainStationNew/correct/LXMTP5L7RN8Z6WyQx_inv8.als"
1427,"socialMedia/under/AHBeA3zkFiaM3uLN7_inv1.als"
1428,"trainStationNew/correct/QvYYHThdH8PyH6FtF_inv1.als"
1429,"socialMedia/correct/mWoopW5fAHjwZpNKm_inv3.als"
1430,"classroom_fol/both/oAikYjAkrcMySBQTr_inv12.als"
1431,"classroom_fol/both/tw9h2LYW3Z2uHjbtx_inv14.als"
1432,"coursesOld/correct/TnFHgfSuAXYLw5Pep_inv2.als"
1433,"coursesOld/correct/ii6aprHu8sTHtM9yj_inv1.als"
1434,"coursesOld/both/BShD5pdeLZJRBuz9e_inv3.als"
1435,"graphs/correct/ajdnwWQxbxa34GE9s_inv1.als"
1436,"coursesOld/both/tuuGdRfAkYyYHqY8Q_inv4.als"
1437,"coursesOld/both/RNKn7BbgDJbYsacHR_inv15.als"
1438,"classroom_fol/both/C8eJfRyewP9Ke8WbQ_inv11.als"
1439,"trash_ltl/both/eQ8pEi235ATsLssts_inv6.als"
1440,"productionLineNew/correct/6zSdqzqaFwtXWiPC3_inv6.als"
1441,"graphs/both/Y4huvwtn8bjGD25D7_inv1.als"
1442,"socialMedia/both/XbaiXhRFbPeGobvcS_inv8.als"
1443,"productionLine_v2/both/7Z7RgQ6aRMf5Ehceb_inv10.als"
1444,"socialMedia/correct/yzbykEAswkgJW9Csb_inv1.als"
1445,"productionLineNew/under/pcBJP6Y8pAgkHSewh_inv4.als"
1446,"trainStationNew/correct/QGe2G5aDAxykdnGWN_inv2.als"
1447,"coursesNew/correct/Bpzx3Dw8ZLG99yWcz_inv5.als"
1448,"socialMedia/both/Jx2s9hmiHHZDAJLYZ_inv5.als"
1449,"trainStationNew/both/HDh9tpKBiHPpvdvfK_inv8.als"
1450,"coursesOld/both/wHCHXeqLhg22Grcb4_inv9.als"
1451,"lts/over/9PCRRK95bPmRMGF94_inv7.als"
1452,"socialMedia/correct/tYpEfyWZebLPRm9qq_inv8.als"
1453,"trainStationNew/correct/AnQuGm7dFJbXZHgTe_inv4.als"
1454,"coursesNew/both/BZ35ufPJXg9zrMhQt_inv9.als"
1455,"graphs/correct/KNsnexeuTbC8bT2q3_inv5.als"
1456,"trash_fol/correct/ATZWnJjcfpT9CFT56_inv2.als"
1457,"trainStationNew/both/aPXKrNPCFWBBnvNxW_inv5.als"
1458,"socialMedia/under/JQSouzd8nzmB9Ba82_inv1.als"
1459,"lts/correct/wdCtEMGTB9kY456TM_inv5.als"
1460,"coursesNew/both/RMH7MMiCdxbn3AYEx_inv7.als"
1461,"trainStationNew/both/2P8FQo5TZJFC8zjHh_inv1.als"
1462,"socialMedia/correct/Qvj6WtheGqFTZyW52_inv2.als"
1463,"socialMedia/under/oLxYb4jg7Pax9XKnS_inv1.als"
1464,"lts/under/a7rPte2P3M9D5ktyM_inv5.als"
1465,"socialMedia/over/7XJ5LPwNxzhd53zjN_inv3.als"
1466,"trainStationNew/over/tf3gs44iFbBzr3G3k_inv8.als"
1467,"trash_fol/correct/5MvmjXyF7bhH2ejAB_inv7.als"
1468,"classroom_rl/both/amFT2vdGawCLnnpCD_inv5.als"
1469,"classroom_rl/correct/5MBX4pFGeHjfD5Bkg_inv7.als"
1470,"coursesNew/under/LuDzsnECg4vvAfufo_inv8.als"
1471,"trash_ltl/over/vdLtt2kLTubMjFcmm_inv7.als"
1472,"classroom_rl/over/msC2FWsZGxXJmb9oA_inv10.als"
1473,"socialMedia/over/pzBkJQnYhYJZhd3vq_inv3.als"
1474,"trash_ltl/correct/SWLmK63wSB5Ea5Qbn_inv19.als"
1475,"lts/both/pYcZ6tkWPHXwGJptj_inv4.als"
1476,"trash_ltl/correct/Ddnf7PDQ4T8wJSYvW_inv6.als"
1477,"socialMedia/both/3T8FpahF2Pqsmkcug_inv3.als"
1478,"classroom_fol/correct/j8hJ8DZg6EEBGPfKb_inv10.als"
1479,"trash_rl/under/zzyCwW23G3Y2piJNg_inv9.als"
1480,"socialMedia/both/NDxuTMDDXHoGBZwnq_inv5.als"
1481,"trainStationNew/both/RbiX5h7T8EQu7FqxE_inv8.als"
1482,"coursesOld/both/CzxsoRg6fawrPZcsY_inv4.als"
1483,"classroom_rl/correct/cMwAduzxSdFpKjSQZ_inv13.als"
1484,"lts/over/m8movEagEAvnAxq9M_inv7.als"
1485,"classroom_rl/over/8Nk4Zz9TjxXeJW9t2_inv11.als"
1486,"socialMedia/both/NmwvynYtavGwspuAa_inv5.als"
1487,"coursesNew/under/sRL6iKSGfAHTTi5Cs_inv1.als"
1488,"trash_rl/correct/WoBbjtDyRcbx744TK_inv1.als"
1489,"graphs/over/7j7QaZpgCGRNhJjtz_inv6.als"
1490,"socialMedia/both/qyz2DP3Tr5m5EYdBH_inv7.als"
1491,"socialMedia/under/s2JsGjdM7hMdrswMB_inv7.als"
1492,"coursesNew/both/4Bp25AJkTbJwTF6sF_inv6.als"
1493,"socialMedia/over/8QSMLPBbJSkaKArjR_inv2.als"
1494,"trash_ltl/under/iByQj3K9agfKtPKf3_inv10.als"
1495,"coursesOld/over/JLi7f9GgHQqzpZ5Sf_inv5.als"
1496,"coursesNew/both/bSv5tTdivnzG5JKaN_inv9.als"
1497,"coursesOld/correct/Hi6oAKp2cvnNBNZFj_inv4.als"
1498,"socialMedia/correct/FkSYDDfHMjSD8WrJ3_inv3.als"
1499,"productionLine_v2/correct/GxfMR8Q3yqSox7PCs_inv4.als"
1500,"coursesNew/correct/ZLhmcDSASvHvWdkXy_inv2.als"
1501,"trash_fol/correct/L5hZfAGnKzf9ngR3s_inv8.als"
1502,"socialMedia/both/fX4N5RF3CiomSHLco_inv7.als"
1503,"graphs/over/X45LdbnEpMn24KuPR_inv6.als"
1504,"classroom_rl/over/TCua2QkSzKPyZtCWj_inv8.als"
1505,"socialMedia/correct/iL6LtoTSJ7JwhXEoq_inv1.als"
1506,"socialMedia/correct/Pp9jfyuLvDijvum9o_inv1.als"
1507,"classroom_fol/over/2tKk2jApChAdcy5R9_inv3.als"
1508,"coursesOld/correct/spB5iEKy2CehxYyH2_inv4.als"
1509,"coursesNew/both/Ggk5dJuYJETTSkLgF_inv1.als"
1510,"trainStationNew/both/j55ueEJDb4ztZzTsy_inv9.als"
1511,"coursesOld/over/8t3k2gpfWPc83mgvD_inv12.als"
1512,"trainStationNew/over/tvXowG8i5TbSB45N7_inv10.als"
1513,"trash_rl/over/XenpHPJwJpXsipmS9_inv9.als"
1514,"trash_fol/correct/AEfLYBEcND39n9JmG_inv10.als"
1515,"trash_ltl/under/bFjffW9XTBkrfxBQq_inv10.als"
1516,"trainStationNew/over/PiL6SHPfzPehBfQT3_inv6.als"
1517,"productionLine_v2/over/tRxqAERTzJNJaZ6ar_inv9.als"
1518,"trash_ltl/both/5bo2ZvZtM2wptiZXX_inv11.als"
1519,"coursesOld/over/jD8KGcm28DQ6BMcGx_inv3.als"
1520,"coursesNew/under/o2HkEncu7DkpHtSuN_inv8.als"
1521,"coursesNew/under/iuksjTHt7E75Ln2ms_inv5.als"
1522,"socialMedia/correct/sw2EurHp5ifQRMD5M_inv2.als"
1523,"socialMedia/correct/R2xQEmPrX54X93zzr_inv1.als"
1524,"productionLineNew/under/6d9pT683yHRpdvyzn_inv8.als"
1525,"trainStationNew/both/SzWLg3dZqEKGttjEf_inv9.als"
1526,"classroom_rl/both/aKdAwbDnDvczEK8nj_inv6.als"
1527,"socialMedia/both/RegvnqMje9jX2aeiE_inv3.als"
1528,"productionLineNew/under/YW3oWZaEqsKEru6MN_inv2.als"
1529,"classroom_rl/both/wQ4e3XwJXGokP4cTp_inv10.als"
1530,"socialMedia/both/QWdnWaPJpAnDwZhdr_inv7.als"
1531,"socialMedia/both/uDBC9R2Fo4G8G9y2Z_inv7.als"
1532,"graphs/correct/WzKL5ApSTw8xRbPgg_inv1.als"
1533,"productionLine_v2/over/oLD74cgLZG5DiaJYz_inv2.als"
1534,"productionLineNew/over/cjtnPCR3NBr6rEcxr_inv8.als"
1535,"trash_fol/over/QjQjuQsFBhB7R7BKD_inv7.als"
1536,"cv_v1/under/LCYCcPNXMQg6Pntas_inv4.als"
1537,"classroom_rl/both/DEoN9fvn9KpBoC6ki_inv11.als"
1538,"trainStationNew/both/F3yZQcprsT2xx6Mxj_inv9.als"
1539,"trainStationNew/over/6KFy2k6CLMJzxS6jQ_inv4.als"
1540,"coursesNew/correct/wSXrR5BPqbSNLbdNG_inv1.als"
1541,"productionLine_v2/correct/vAd5sh7mDAGz2pmSv_inv2.als"
1542,"trainStationNew/both/mbW53NTLh7mqWAoyy_inv5.als"
1543,"lts/correct/46bXj8Z4Tjcizr8Qj_inv5.als"
1544,"productionLineNew/correct/dfxAgqC2E4dJupzW6_inv2.als"
1545,"lts/over/MQxAHQiF58JzQgPKL_inv7.als"
1546,"trash_ltl/both/bgGKGr4T6fmFCevGD_inv8.als"
1547,"coursesOld/both/SubYNZGWvPjGTTjeX_inv1.als"
1548,"socialMedia/correct/Mqt9Nf4peocJpgXjk_inv4.als"
1549,"socialMedia/correct/MRArw5YxdgDcno2K2_inv1.als"
1550,"classroom_fol/correct/3EEs5aZNhGozBy4BB_inv6.als"
1551,"coursesOld/correct/T7ESXjnSe3dwLKhjd_inv1.als"
1552,"coursesNew/under/XbYEZyw56Z8ABfRNx_inv8.als"
1553,"trash_rl/both/s6LJspAdq9ryC3xfZ_inv6.als"
1554,"productionLine_v2/under/dAATnGqQ8a48XkhFc_inv5.als"
1555,"productionLine_v2/correct/cJ4CsRkmYGh8MkBhP_inv3.als"
1556,"classroom_fol/under/zBGMCi32NvzzXMw5o_inv11.als"
1557,"socialMedia/correct/6TmmHWMuXLXiz8wng_inv3.als"
1558,"lts/both/dS5gvKSTTh4tfFiNv_inv1.als"
1559,"socialMedia/over/vbCDJERoNRmMy4kqj_inv3.als"
1560,"trash_ltl/correct/842yW8D2hqgghCqD9_inv6.als"
1561,"productionLine_v2/over/udBmbBjfF9Qz4BDLk_inv9.als"
1562,"coursesOld/correct/giNNkdE2WhpohkXj9_inv4.als"
1563,"trash_fol/over/i2ywd5BaPq2SbjPRS_inv10.als"
1564,"socialMedia/both/4Q7qMzWnGZwfZ2N7H_inv5.als"
1565,"coursesOld/correct/yGW4cHts4dQoZbLRW_inv10.als"
1566,"trainStationNew/both/nAxunbK5BkBBaXmYZ_inv10.als"
1567,"coursesOld/both/Ysr6E5TdFZfhRSQZi_inv9.als"
1568,"productionLineNew/over/2RtzhmgEtCcYBZGtk_inv8.als"
1569,"coursesOld/correct/FApHGmDPXb54HjXkn_inv3.als"
1570,"productionLineNew/both/tyTYdw4DEAw8QmL6f_inv9.als"
1571,"socialMedia/both/ftjGFLYhfiaDMpjAQ_inv4.als"
1572,"coursesOld/over/euauGEoHmYSteMQtH_inv3.als"
1573,"trash_rl/over/HfyknN8hqjvKL6D6m_inv6.als"
1574,"trainStationNew/both/scx5wR2duqfkLtzK9_inv8.als"
1575,"trainStationNew/over/dQvWnBkLcx4oXrq7W_inv2.als"
1576,"coursesOld/under/PJAgBE4cRkAY3WqrM_inv1.als"
1577,"trash_rl/correct/RaDiYvYfrhh8xSmtC_inv1.als"
1578,"trash_ltl/both/Q3S9iAmPRBTZMjDPP_inv9.als"
1579,"socialMedia/under/dipDS9QnFFfZBuKfq_inv5.als"
1580,"socialMedia/under/YyYJXHSNEntgHjzXA_inv5.als"
1581,"trash_ltl/correct/KPuXEoLxCthaFaK44_inv16.als"
1582,"coursesOld/both/a98TBeynfwh7Su4gC_inv9.als"
1583,"productionLineNew/both/eSqvHZhSE5fmrSrQw_inv7.als"
1584,"socialMedia/correct/9rT9rBbwJoGFKbtao_inv2.als"
1585,"productionLine_v2/correct/NaCkLGiRsC9KijTNt_inv1.als"
1586,"productionLine_v2/both/mCjuyCJ7fhEb2pqJi_inv10.als"
1587,"coursesOld/both/QSz9hek8jtjeZu7sx_inv15.als"
1588,"productionLineNew/both/vqGqFmxSpPkwf4Rmg_inv10.als"
1589,"socialMedia/both/KEguN4pe8XZMJdnSv_inv3.als"
1590,"trash_fol/correct/tvohQYKi3abwocNKu_inv4.als"
1591,"coursesOld/over/DZo3g3xqoBMqpPNKc_inv9.als"
1592,"classroom_fol/correct/sXex8zjZ4ZT6WtBnn_inv2.als"
1593,"socialMedia/both/beK2LcDbwFKpRwG2q_inv7.als"
1594,"graphs/both/Aq8MxyYK4XNwcd6Hf_inv3.als"
1595,"classroom_fol/both/CZHFgLjmksaMCBW5v_inv12.als"
1596,"coursesOld/correct/KrmN2pFG3xRJed8sZ_inv5.als"
1597,"socialMedia/over/fwzbGTKrCvRTaY942_inv2.als"
1598,"classroom_rl/correct/yarNR7uLjx9rDjJtY_inv14.als"
1599,"socialMedia/correct/vAakEitTRNJJYKWtC_inv1.als"
1600,"coursesOld/over/v9sS33yynNzvPR57o_inv3.als"
1601,"trash_rl/both/CARwmDEmeq5Kvc324_inv10.als"
1602,"coursesNew/under/bGDy3YCcwwrJjLwyF_inv9.als"
1603,"trash_ltl/under/oRcLNKsmZcf9HjZ3S_inv3.als"
1604,"trash_ltl/over/EXBNtqxMn6BzrnDBH_inv20.als"
1605,"graphs/over/8BHjuz4cYKwaQiMmP_inv6.als"
1606,"coursesOld/both/XBCTMehrYp6gC2WX8_inv1.als"
1607,"trash_rl/both/NYCFf9wA5jtmG6dKC_inv9.als"
1608,"trainStationOld/both/oQ7dH4k3uHJ3yGNWn_inv5.als"
1609,"socialMedia/both/tKZoXM4isq8XvfHRy_inv3.als"
1610,"trash_rl/both/2yS6Ckr8D9de38SyK_inv9.als"
1611,"productionLineNew/correct/aicon39WnRbQF7kqw_inv2.als"
1612,"trash_fol/both/vMLLxzYCtPwmBL2tQ_inv7.als"
1613,"socialMedia/correct/SuktFg43x8yvtTayG_inv1.als"
1614,"trash_rl/both/fXATtrYJ2t2L426Li_inv9.als"
1615,"socialMedia/both/wRohSFYPWGnKiAnbK_inv7.als"
1616,"classroom_fol/both/BM8HcikX2jv2pmiB4_inv11.als"
1617,"coursesOld/both/C2eRC9WdTgJBCfscm_inv1.als"
1618,"coursesOld/under/P7XqLF4XXm7Sbi5rT_inv6.als"
1619,"productionLineNew/both/tcaoySQtg5SPGwHKM_inv8.als"
1620,"trash_fol/over/6m9kKDgwQuLJALMAE_inv7.als"
1621,"socialMedia/over/QSEgEcjwPeXdw6wnf_inv8.als"
1622,"classroom_fol/correct/nivHQCYLv8okTwfbK_inv8.als"
1623,"trash_ltl/both/tPgHFAzPMzZGpz7uc_inv6.als"
1624,"coursesOld/correct/C7fcthTgaMZsREWdT_inv1.als"
1625,"coursesNew/over/ufZ5mthgkMRTKQNaY_inv15.als"
1626,"socialMedia/over/Qs74omSrdcHvWjqyo_inv3.als"
1627,"socialMedia/both/v6tiyHpCEvGE6AK79_inv5.als"
1628,"productionLineNew/correct/SJSQHjYi5Xhz4XHTq_inv1.als"
1629,"classroom_fol/both/BpJp9WQfimvbpT5iq_inv8.als"
1630,"classroom_rl/correct/o9msPS7RcwKyu75FB_inv3.als"
1631,"socialMedia/over/tKxZ9ySu7HwaQeA2G_inv3.als"
1632,"coursesOld/both/8QKN5GPpiMCQY4FSv_inv7.als"
1633,"productionLine_v1/correct/pr4eFBSnTMRNGP48g_inv3.als"
1634,"trainStationOld/correct/fHvXpsEWhwQWTA5jp_inv2.als"
1635,"socialMedia/both/zzJvkSKGbeeGSgLR6_inv7.als"
1636,"coursesNew/over/me5gk4a9ycCe9Dtpb_inv9.als"
1637,"graphs/correct/6YibYRT2vNQo2d7kL_inv4.als"
1638,"graphs/correct/BCipuHA8WW8vtD6Yo_inv1.als"
1639,"coursesOld/correct/r74wsoRhPpqTyHKhz_inv10.als"
1640,"trash_fol/over/bTXSdtY52DDbEWXAD_inv7.als"
1641,"classroom_rl/both/2fnt32ozy5BMzJ6hM_inv3.als"
1642,"coursesNew/correct/3E7gNT3rL33AJCkJw_inv6.als"
1643,"socialMedia/over/kA7sCkjHhSnBfvawY_inv1.als"
1644,"trash_rl/both/vvEcgYRkH3Eb4PCu3_inv7.als"
1645,"trash_fol/correct/6hTDG8aza69pXrp6L_inv1.als"
1646,"coursesOld/both/yh3rp3MavmXnd5ns8_inv9.als"
1647,"coursesOld/under/GmAoA4s8iwWN9X8wa_inv12.als"
1648,"socialMedia/under/R4oaNQT8M6TwMbor2_inv4.als"
1649,"coursesNew/correct/KXJks5oDGNMXskp7H_inv2.als"
1650,"socialMedia/both/CYoNJzRW6Eeuzarni_inv8.als"
1651,"trash_fol/correct/5sJXBon9ytx5R2vWf_inv1.als"
1652,"coursesNew/correct/ZPKfZ6i7dyCFdrgMa_inv10.als"
1653,"trash_fol/correct/MGGkWX8nmNgM4uQP9_inv4.als"
1654,"trash_ltl/both/bPS5AFpxE3Jji9gQn_inv18.als"
1655,"socialMedia/correct/tBahFXyziY6bkmh6S_inv6.als"
1656,"cv_v1/under/zAA5nR3suT9cBjZD5_inv4.als"
1657,"coursesOld/both/TaH75xgdrDcbCftcY_inv8.als"
1658,"socialMedia/both/pjPR9LKSBzXBEfGnt_inv5.als"
1659,"socialMedia/both/aFzrwZktkHwKS3doQ_inv8.als"
1660,"socialMedia/both/EuZm29Dzr6XH3rscM_inv1.als"
1661,"coursesOld/correct/huciP8pzn8MdbrWub_inv2.als"
1662,"graphs/correct/JTZBzLBZKbQzqrccp_inv2.als"
1663,"socialMedia/correct/9kBxii4dEG8hnYtB9_inv3.als"
1664,"coursesOld/under/3sfxbTwyyYTB2qsAm_inv5.als"
1665,"lts/both/WDR8xjdBjgbaG2DGq_inv3.als"
1666,"productionLine_v2/correct/Xsn5CFpmw8chhQGhM_inv1.als"
1667,"socialMedia/both/knfZDCznpgCaaWuWf_inv7.als"
1668,"classroom_fol/both/oTxY5Q2wXZLhFSERt_inv14.als"
1669,"socialMedia/over/q3CpHt8Ysz7o6ohng_inv8.als"
1670,"trash_ltl/both/CtmMJ4z3BfSL27uRN_inv8.als"
1671,"coursesOld/under/JASjhTee9M68CzcBP_inv8.als"
1672,"trash_ltl/both/m8jyysBGH3pWr3soi_inv8.als"
1673,"trainStationOld/over/j3D8FYWD9pgMNjKKr_inv4.als"
1674,"socialMedia/correct/nWuDHKH4v9vDTnDz4_inv3.als"
1675,"coursesOld/under/kDh9EaTXE3uizdTPn_inv11.als"
1676,"trash_fol/correct/yndHy9FE39gww8h64_inv4.als"
1677,"socialMedia/under/dd4s59yyDtD55GEDL_inv1.als"
1678,"productionLine_v2/over/GYGdn5bSBF6435vkp_inv2.als"
1679,"productionLine_v2/over/ydfKnWi8Gqxb7B8BC_inv9.als"
1680,"classroom_rl/under/JMwnktTEzudDjPuxw_inv11.als"
1681,"socialMedia/correct/bWM74QyQi6GF5wTJT_inv1.als"
1682,"socialMedia/under/6SBqEg5TDnxrreFeq_inv5.als"
1683,"productionLine_v1/correct/vXYDby4LBoC4Ax8Pa_inv1.als"
1684,"socialMedia/under/oJNQbevM7wd8nfHoA_inv5.als"
1685,"productionLine_v2/both/FM7cGB5mKpByKQRmz_inv6.als"
1686,"coursesOld/both/5RHpJyWoYWcWSdGwk_inv12.als"
1687,"trainStationNew/correct/CDKDuqJXaaBb7AfMy_inv7.als"
1688,"classroom_rl/both/cgcah7aNPG4Soy8BF_inv15.als"
1689,"socialMedia/correct/tSRywz7wuDuaQRt4t_inv1.als"
1690,"socialMedia/over/BeoSFWZ56xCYZjpXP_inv3.als"
1691,"coursesOld/under/ejPgSEEY5RwoCcNMA_inv6.als"
1692,"coursesOld/both/RaJvPeXXeH45wwSWD_inv9.als"
1693,"socialMedia/under/CLeKMqo8hNf2rKiw8_inv7.als"
1694,"classroom_rl/under/ep3cqiLq7zcpLPzcz_inv11.als"
1695,"productionLineNew/correct/39rhe4wTMk4tqAcB2_inv6.als"
1696,"trainStationNew/both/5QiTziuZYeT9sCdnr_inv10.als"
1697,"trainStationNew/correct/pFH89c8ppyAFwWGPF_inv4.als"
1698,"productionLine_v2/correct/SED6qaHPaqYWfSo2h_inv3.als"
1699,"coursesOld/under/dRDPxfbwBPtDj36yn_inv4.als"
1700,"classroom_fol/both/FToP3HiR3DaKXaGyy_inv14.als"
1701,"coursesOld/both/w7LjQAhaCctwDsomX_inv13.als"
1702,"trainStationNew/under/hjQ72L5nvGTYrhH3p_inv6.als"
1703,"socialMedia/correct/rHMpp2fTXzB8Av5Ru_inv1.als"
1704,"trash_rl/correct/FCtRdmZASitrLXzFC_inv1.als"
1705,"classroom_fol/correct/DuvWyh2j5jD5aYhs3_inv8.als"
1706,"productionLine_v2/under/QEEYPamP2dMiDkvoy_inv2.als"
1707,"coursesOld/under/gv5vg8tGqAjQFNxrd_inv14.als"
1708,"trainStationNew/correct/mibb2CsWrLWSkqqxi_inv3.als"
1709,"coursesOld/correct/XYXsejxr64TtibjEv_inv10.als"
1710,"coursesOld/correct/JJamB3dcHvuyE7GTp_inv1.als"
1711,"trainStationNew/under/RgtQr8Q2qcAKQvv3z_inv7.als"
1712,"trash_fol/correct/uqc8EB64NcB67oaCJ_inv3.als"
1713,"socialMedia/both/mYgi2vxY4FajhYzWY_inv8.als"
1714,"classroom_rl/under/AqLg8saCjLMDY3LRc_inv14.als"
1715,"socialMedia/correct/rDG8MgnvRxDQbaF5s_inv3.als"
1716,"trash_ltl/under/SQ9E4sCGEtw26u5aB_inv11.als"
1717,"classroom_fol/over/5TzLMFMBJbTb9qadB_inv12.als"
1718,"socialMedia/correct/tfuzf3fJZBhtatqrQ_inv1.als"
1719,"socialMedia/both/wzvMw5WYXDgQjJaZM_inv3.als"
1720,"coursesNew/both/ZbFDuhmvPHq8Nm6Fs_inv7.als"
1721,"coursesNew/both/dkJ4NFSLDukGsDzwf_inv4.als"
1722,"coursesOld/correct/rRQK4iSN9twgbKgBN_inv5.als"
1723,"classroom_fol/over/Yv3gnwY8ubsBdYwkf_inv11.als"
1724,"trash_ltl/over/Eqz4jCpKro7rTzZhD_inv5.als"
1725,"lts/both/M4iprMBMqJ7s7WcsL_inv1.als"
1726,"classroom_rl/correct/QMdAMkDDQsSKE75jR_inv4.als"
1727,"trash_rl/correct/wufZBCiGF2bivHRcP_inv5.als"
1728,"productionLine_v2/under/oNZ2rqD8ApE5Bejiv_inv6.als"
1729,"coursesNew/under/sWXy2cQnamMcNCEFW_inv12.als"
1730,"graphs/over/4NEcnKQaMqpQs6bnA_inv2.als"
1731,"coursesOld/both/dt7wXd6iuPWGb2caj_inv13.als"
1732,"trash_fol/correct/NWyTYXh7CSRKCDzW7_inv9.als"
1733,"socialMedia/both/uweeZpyLzz6Nko5hN_inv5.als"
1734,"trash_rl/over/EhZRFFgFE2ri8oxmR_inv7.als"
1735,"socialMedia/both/pQju7BTwMin7N3ffR_inv4.als"
1736,"socialMedia/correct/8MXFkANmoDAbwkyCx_inv7.als"
1737,"graphs/correct/QTqswobtcE75gzwYC_inv4.als"
1738,"trash_fol/correct/XWH9ZzrsMKhhp7w2a_inv4.als"
1739,"trash_ltl/both/7FtSWiwrD6Xj4WDWA_inv14.als"
1740,"trash_ltl/over/9dZ2znCXXNabgWg3s_inv7.als"
1741,"trash_rl/correct/dNSv2E9mWFMYu9cdx_inv2.als"
1742,"socialMedia/over/TsjQuiDox9LfWTLzn_inv1.als"
1743,"coursesOld/both/QqmZnjL3bMzFfLaPN_inv3.als"
1744,"trash_ltl/correct/eTZJN9AJuson2o4kc_inv8.als"
1745,"trainStationNew/under/HZENbDaezw37ny2Pg_inv4.als"
1746,"trainStationNew/over/NZP2NasHiPmWpD7zd_inv7.als"
1747,"trash_fol/correct/gdMHk6u8DpzfDEKns_inv3.als"
1748,"trash_rl/under/3xAqttgYmoK88NAX4_inv10.als"
1749,"socialMedia/under/oJTXvg3Ez6XHC6fXH_inv1.als"
1750,"trainStationNew/both/oR2CG8q4kTa39tAzX_inv6.als"
1751,"socialMedia/both/RyHxsaaKEopWafC2m_inv3.als"
1752,"productionLine_v2/under/DLfA7LpavmhdgWtq5_inv4.als"
1753,"trainStationOld/correct/NWkKNkMmntA4MzeLu_inv4.als"
1754,"socialMedia/both/T5z9FyEXyvLYs8igG_inv3.als"
1755,"socialMedia/correct/jtNRbtCbD9ovvLmPC_inv8.als"
1756,"cv_v1/under/DzpXbkYKDq6A7HgJQ_inv2.als"
1757,"coursesOld/both/rnvTd8yFnRXDPB3Bc_inv12.als"
1758,"trainStationNew/both/zziEsGtWr8mJAAu5T_inv2.als"
1759,"coursesOld/both/8QhTpCwuK5MrJ8vbZ_inv9.als"
1760,"socialMedia/over/xFA9FsFFahpWuxLQf_inv5.als"
1761,"productionLine_v2/under/Dto2XqDivCvwqpR69_inv4.als"
1762,"socialMedia/over/hHBnKitYaSZAeFxrF_inv1.als"
1763,"socialMedia/both/BWw38wFxzjXFBfXwt_inv7.als"
1764,"lts/over/fmyz7EY9ow9yRwif8_inv3.als"
1765,"classroom_rl/both/XNtNjk7iqWNFqZWRu_inv10.als"
1766,"graphs/over/JAKjA8EQMhziAtCCz_inv7.als"
1767,"socialMedia/correct/dHTEYASXjhRDP476P_inv1.als"
1768,"trash_ltl/correct/yzcaG9b2NWqLuFTRz_inv18.als"
1769,"socialMedia/both/AzJPCqQTfSfs9smdn_inv3.als"
1770,"trash_ltl/over/9C7u46fpgR7AvwbsX_inv12.als"
1771,"productionLineNew/both/DxavwxvMvojr87kDr_inv9.als"
1772,"socialMedia/correct/hX6oKGqpygdBTpszq_inv6.als"
1773,"coursesOld/under/tPzWijBPQW3GKcTuG_inv13.als"
1774,"socialMedia/correct/zsCkNRo3bGcC4YqJ9_inv8.als"
1775,"graphs/correct/pxZz94kZxLodX2mei_inv2.als"
1776,"productionLine_v2/correct/hirdRd2eFGN6Zbj6v_inv2.als"
1777,"lts/under/2ScAY54DuHc4x4P52_inv4.als"
1778,"coursesOld/over/yvHCdPJDEcqchAYXe_inv3.als"
1779,"graphs/correct/66fP5NqZqMHndZLMJ_inv6.als"
1780,"trash_rl/correct/yg5jN8SM6tgKPFKRP_inv8.als"
1781,"coursesOld/correct/ec8H9gxqQMT7qQXTt_inv5.als"
1782,"classroom_fol/correct/NWqikXFmYhYDBSqMt_inv7.als"
1783,"socialMedia/over/p4etaEfQ43kwgAske_inv3.als"
1784,"coursesNew/under/8nrDHwGP6cpQpq2pn_inv8.als"
1785,"coursesOld/both/3mf7WnvvjteEJyuXk_inv8.als"
1786,"trash_fol/correct/8edpbhTJb82RpJei7_inv3.als"
1787,"trash_rl/both/Pbvb8hQTN4884SzBv_inv4.als"
1788,"lts/both/d75QkQERzu6hHAhBp_inv1.als"
1789,"trainStationNew/both/6LxqF9pgZcqtwsZ9g_inv6.als"
1790,"trash_ltl/both/3sTwM7XRFvcEa34QS_inv8.als"
1791,"trainStationNew/under/EiGf5pJjwoHPowcs7_inv3.als"
1792,"trash_fol/correct/Y62qcPPgLX9xXf4Mz_inv2.als"
1793,"classroom_fol/correct/JYdGHp2NLrTDAM7fR_inv4.als"
1794,"classroom_rl/correct/YEAAtk8ezbXwtSkAu_inv14.als"
1795,"socialMedia/correct/MaJqW7aQXsN6kbT2c_inv4.als"
1796,"trash_fol/correct/wXeen5picz6d9WB7b_inv2.als"
1797,"classroom_rl/over/wv3g8DZbTt8ai8YYq_inv11.als"
1798,"classroom_rl/both/EBvfzZpkXvtR5ypHy_inv9.als"
1799,"coursesNew/under/jmFcsSynf4XHaCeo7_inv8.als"
1800,"socialMedia/both/xpwtn69r8SzYJnZCm_inv5.als"
1801,"socialMedia/under/yKX4yQXcJ32iLmcD9_inv1.als"
1802,"trainStationOld/correct/vvtwsLy4xhshfDunX_inv7.als"
1803,"graphs/correct/ud37uziuykypA5fbc_inv4.als"
1804,"trash_fol/correct/DuR37BgbQZ5p7N7Fq_inv6.als"
1805,"productionLine_v2/correct/PaKzuqwabBRwrC2og_inv4.als"
1806,"trash_rl/correct/JuYcN9cYg6dciQz2t_inv8.als"
1807,"socialMedia/under/mrSpYuGR7vycuQyWA_inv5.als"
1808,"socialMedia/under/z2EGdDQQqnG573PJc_inv1.als"
1809,"coursesNew/under/jhd66Zf2LTGH9vz5c_inv11.als"
1810,"graphs/over/cmSeTjNiK42fW6KS9_inv6.als"
1811,"socialMedia/both/oKZEdRhnyN9rMYCkr_inv5.als"
1812,"graphs/correct/FZqL9tJBwdzACYP6n_inv3.als"
1813,"socialMedia/over/mKt49RcBYjKH2kprN_inv6.als"
1814,"coursesOld/both/SvqwoPrXm88RTMNHe_inv9.als"
1815,"graphs/under/NemPqt2YphHcf46gD_inv4.als"
1816,"trash_fol/correct/jjYFJ8fAsMpSMqZPy_inv2.als"
1817,"classroom_rl/correct/JEbcHjXgjDzmyxNGq_inv6.als"
1818,"socialMedia/over/SyqThPKs3PxS4Wqir_inv2.als"
1819,"coursesOld/correct/vrtmgAr3s7jAieMQv_inv10.als"
1820,"coursesNew/under/Co7Nt4FFBwLvaJaKC_inv7.als"
1821,"coursesNew/both/NDBGqdXh6J9irAYbo_inv1.als"
1822,"productionLineNew/under/RFNBkgkCXtbNxvXPY_inv4.als"
1823,"classroom_rl/correct/Qryt562LzT2GeCaRP_inv6.als"
1824,"graphs/over/aMaRMPmYjYjXW2Zsa_inv6.als"
1825,"classroom_fol/both/HdfBKJE8EGLZpCgFD_inv4.als"
1826,"classroom_rl/both/GsotnYJqYdHoxaHtw_inv15.als"
1827,"coursesOld/correct/v5WqYq63653hrSX7e_inv1.als"
1828,"coursesNew/both/zZriNpy7MdwJQKYdS_inv5.als"
1829,"productionLine_v2/correct/HCWkhWJtBJpxieYJd_inv6.als"
1830,"trainStationNew/correct/jhMB4way7XE6iNsk9_inv1.als"
1831,"trainStationNew/correct/hYanqTZKWJyK8LsX5_inv4.als"
1832,"socialMedia/both/L2aPBBrHvmNqkwcZQ_inv3.als"
1833,"productionLineNew/correct/sxdT8wTTgdRgQBzn7_inv1.als"
1834,"trash_fol/correct/Haq64aZCA3f7GZWMe_inv5.als"
1835,"coursesOld/both/u9fcrsC8NyNF5ivYq_inv9.als"
1836,"classroom_rl/both/5mGSEW6EWn22R6XTy_inv4.als"
1837,"lts/correct/uBvS4dNpzkq6gCcLi_inv4.als"
1838,"classroom_fol/correct/qkb4Z4E46RDj6mBKL_inv1.als"
1839,"productionLine_v2/under/aYpi2ossa69vPFcGu_inv9.als"
1840,"trash_ltl/under/qvZiKcc9DH5Xi7tp9_inv18.als"
1841,"socialMedia/over/ySoA5n4YeL2BbEruH_inv8.als"
1842,"productionLineNew/under/gn2NFP96kMijmYrnS_inv4.als"
1843,"coursesOld/under/z5RdfCpgnKvQanBwx_inv7.als"
1844,"coursesOld/correct/YfCukusLT6wpPJJRx_inv10.als"
1845,"coursesNew/correct/yBK3okscnXFnjcmkk_inv5.als"
1846,"trainStationNew/correct/6gkeEyyoQ6h4XcPus_inv9.als"
1847,"coursesNew/correct/PYTW6dJjrdqB8cD9B_inv1.als"
1848,"socialMedia/under/owkGthz4eY4NdDLBt_inv7.als"
1849,"coursesOld/both/6Bw3RrJsWy3dcAEYr_inv13.als"
1850,"trash_rl/correct/qH34RbgPfcqv7x9Nc_inv3.als"
1851,"socialMedia/correct/gADnMoajYF62G4pqX_inv2.als"
1852,"socialMedia/both/sWafwcyzB3b74ou5p_inv3.als"
1853,"productionLine_v2/correct/LMzMTw7KBzs9PYL8P_inv3.als"
1854,"coursesNew/both/j5R454DK23GfhPwx5_inv7.als"
1855,"graphs/correct/D8ijyQBCH5okZ3R4F_inv6.als"
1856,"coursesOld/both/RqSybnhjBzbWWdYAp_inv14.als"
1857,"socialMedia/correct/8y5QJtJafRhWroZ9M_inv4.als"
1858,"trash_fol/correct/AbpP9tJHnkWFKjz6Y_inv7.als"
1859,"socialMedia/both/SGbBJqhqNdiNhrcw6_inv7.als"
1860,"productionLine_v2/both/eNcb7rK2joFv64NFq_inv5.als"
1861,"trash_ltl/correct/Nvxeyhnc7M8vgktL7_inv16.als"
1862,"productionLine_v2/both/wDYvpH7v5DovkQuei_inv10.als"
1863,"productionLine_v2/under/m6qfnZaCGmkAqSJzi_inv4.als"
1864,"coursesNew/both/99rNgMWJ3ry48nY7B_inv12.als"
1865,"trash_ltl/correct/9RxDDSvjuiRHYhqdZ_inv11.als"
1866,"socialMedia/under/aTHdQPXsSXrMiqQAk_inv7.als"
1867,"coursesOld/correct/vZ9fuvBk8BauN5owb_inv2.als"
1868,"productionLineNew/correct/iRbPkAJsB7h5XWTbo_inv4.als"
1869,"productionLine_v2/correct/AyfsSo792h6gnHqRm_inv2.als"
1870,"productionLine_v2/under/paJruXvckDsrSeteg_inv10.als"
1871,"trainStationNew/both/hsHAJXhjSu7NrAB8x_inv9.als"
1872,"coursesOld/both/cq8jRqfBXoCvAGFhQ_inv9.als"
1873,"classroom_fol/both/AFE9Sse33emvMxdxZ_inv15.als"
1874,"trash_ltl/both/rouvA4qTCLEKGqAv5_inv6.als"
1875,"productionLine_v2/both/L2DHuA7wnkiCcw2eJ_inv8.als"
1876,"coursesOld/both/neoFkLEbW3qnjF9NM_inv9.als"
1877,"coursesOld/under/2rFLpYadXbeDCc6ME_inv12.als"
1878,"coursesOld/under/sLHESdLW3zQwEvRrC_inv10.als"
1879,"cv_v2/both/w3LLmo8KSdQk7FWw4_inv4.als"
1880,"trash_rl/both/2x3ksgtfNiuv5eGZQ_inv5.als"
1881,"trainStationNew/both/ooAJD6G94wzAgZEYH_inv9.als"
1882,"coursesOld/over/u3nnuK7x2zMat9NKM_inv3.als"
1883,"trainStationNew/both/5NmpbutnKWbSwJCbX_inv9.als"
1884,"coursesOld/both/6YjxFFZyhTwDwjsoL_inv12.als"
1885,"coursesOld/both/WuieNSrxd3AdGM4Qw_inv9.als"
1886,"cv_v1/over/g6Jnp8kjhy7Ydf25q_inv4.als"
1887,"trash_rl/over/bgQ5MGuqSsrkJwYth_inv6.als"
1888,"productionLineNew/both/8uXMGGqCKhPFraKne_inv6.als"
1889,"coursesOld/correct/FtjQZ6dyqt6nLib5Q_inv1.als"
1890,"classroom_fol/both/6x57PegH2vSTCDBiH_inv11.als"
1891,"socialMedia/under/3GzGWzc6cZ9GW9p7S_inv5.als"
1892,"productionLine_v1/correct/7zsJ7rERdqrqSK6RF_inv3.als"
1893,"coursesOld/both/sQ7oBtaRWWLcyfkFn_inv8.als"
1894,"trash_rl/correct/Ru4R2cYPBtYS5m2Me_inv3.als"
1895,"coursesOld/correct/MBp6XaHkd4x6SHEMM_inv4.als"
1896,"socialMedia/both/Lu8nbQcw7dtEkY53N_inv5.als"
1897,"productionLine_v2/both/RucPQ9Kbj8owpSCcQ_inv10.als"
1898,"coursesOld/under/uAqnvpCuFztFiTprj_inv4.als"
1899,"socialMedia/correct/bQb4BqaYnvvpM4S4L_inv8.als"
1900,"trainStationNew/both/oz3CRWHcBmiW72hB4_inv5.als"
1901,"coursesNew/under/MqYasTxxAwCKDChcf_inv6.als"
1902,"socialMedia/correct/EiqpuD8sJ9ovDnqFT_inv1.als"
1903,"socialMedia/both/PhxQxhnw76fDAjriN_inv8.als"
1904,"trash_fol/correct/iBLnjqX8bZmSszoBf_inv3.als"
1905,"classroom_rl/correct/nnyLmWECCgGfao2MD_inv11.als"
1906,"socialMedia/correct/Cjr54jvvrvqz7rKx8_inv2.als"
1907,"coursesNew/both/KEcDTYWJLN4BWFxAi_inv3.als"
1908,"coursesOld/correct/cFgXHNwFYNJsBdreA_inv2.als"
1909,"trainStationNew/both/k63HQriJn97GT2YKg_inv9.als"
1910,"lts/over/JSaKgHrd93ibnYCZn_inv4.als"
1911,"classroom_fol/correct/SQYpjpAtakKoyoFSp_inv3.als"
1912,"classroom_fol/both/gLWyqRe3i8C3EHMSp_inv8.als"
1913,"coursesOld/over/qbaRR5Rj6823cyEx2_inv12.als"
1914,"socialMedia/both/yFehbEzmdjrnY46cT_inv3.als"
1915,"lts/correct/gpFpk9NSacLo85EM6_inv1.als"
1916,"socialMedia/correct/BgvdJKSBZtym6ryN3_inv8.als"
1917,"socialMedia/under/8iAEB3W8woZhtQ2Z3_inv4.als"
1918,"classroom_rl/correct/zDfoMiHbYfojibarj_inv1.als"
1919,"socialMedia/correct/FYftiHMAt8Zvggrjp_inv4.als"
1920,"coursesOld/correct/mzL8ZeANGgdiyA8Sw_inv5.als"
1921,"productionLine_v2/over/JQ2DFbRZhB4AvQbxZ_inv10.als"
1922,"classroom_rl/correct/qRDCYRzZtWjtaWprk_inv10.als"
1923,"socialMedia/under/PaYNHmo6ku3qCDJ68_inv1.als"
1924,"coursesNew/both/3nMRF22LtoPzMTnx8_inv9.als"
1925,"lts/under/xsyap4w7LmghmodZk_inv4.als"
1926,"socialMedia/correct/DsTbpQey8s8mAyN47_inv4.als"
1927,"classroom_rl/over/fzuJWDzFBTPRJcJSz_inv7.als"
1928,"classroom_rl/correct/P8RjjC4yr57b8Da24_inv6.als"
1929,"classroom_fol/correct/nKZL3HgiqTHbP9jFB_inv13.als"
1930,"coursesOld/over/rgGofRyutkLSKsJLe_inv3.als"
1931,"trash_fol/correct/WKQvbYZxSTLyXfGQD_inv10.als"
1932,"classroom_rl/correct/jBw2pR4qRo9eRpjnn_inv8.als"
1933,"socialMedia/both/8A6ceCbY2nJGbiN4H_inv5.als"
1934,"coursesOld/under/97LWiP2x38wjcsGFC_inv8.als"
1935,"coursesOld/over/g2D8MNMzMDe2F8bXj_inv9.als"
1936,"trainStationNew/correct/cayg34JYjWp8DMz4S_inv3.als"
1937,"trainStationNew/both/QdDywgZgaSk8qenTY_inv1.als"
1938,"productionLine_v2/over/zPhWtifXj95vRpj7E_inv5.als"
1939,"classroom_rl/correct/zno5FcNaBLNJc29dC_inv1.als"
1940,"classroom_fol/correct/q9saDqagWTYd9289s_inv9.als"
1941,"coursesOld/correct/YsAEytvCJrHipKgbq_inv3.als"
1942,"socialMedia/both/fAK43Aas5dpkWjht6_inv5.als"
1943,"lts/over/fvrfagJ7Tufr2szqH_inv1.als"
1944,"socialMedia/over/4LNXb3H3CZnTHTveu_inv3.als"
1945,"lts/correct/xgbwpDi74m37kZ2aW_inv1.als"
1946,"classroom_fol/correct/YoTC59YzKmkXxavcm_inv9.als"
1947,"cv_v1/both/DDopZbnPDNMd9Ez4y_inv4.als"
1948,"coursesNew/correct/vmkBdtjP2N6c6FtRE_inv5.als"
1949,"trainStationNew/correct/KwFzuqRBo4oD2TNhD_inv1.als"
1950,"socialMedia/correct/oHJJJRTkn5DmoFnZs_inv6.als"
1951,"socialMedia/correct/pAkpgXazvTcnFg4ZY_inv1.als"
1952,"productionLineNew/under/u7tTSwMPH7eJc3T25_inv2.als"
1953,"coursesOld/both/uXM4vMYa7bE6JGBhG_inv9.als"
1954,"coursesOld/correct/JSyfv8wRQZDufxryK_inv3.als"
1955,"coursesOld/both/cWEo7aHS8ZW6zSqRx_inv3.als"
1956,"coursesNew/both/P284E5uJbdkq4shsM_inv9.als"
1957,"graphs/correct/Nm8SABkoMLXb8MBSS_inv3.als"
1958,"productionLine_v2/under/q4SMyuXyeHwMuGE2j_inv4.als"
1959,"classroom_fol/both/AQruDZmAAjDf5MTsY_inv12.als"
1960,"socialMedia/correct/SqQ58xEYznvooBxY2_inv1.als"
1961,"productionLineNew/correct/rxzKdgGCNJPyvAgo4_inv1.als"
1962,"trainStationOld/both/2Z7ppb6FjBhAtRaF5_inv6.als"
1963,"coursesOld/both/uReNSGmTRRrfGPsEh_inv5.als"
1964,"trash_fol/correct/goRTk3KqTzkYZMWdm_inv8.als"
1965,"classroom_rl/under/SPnau24wzWmd4bQCR_inv11.als"
1966,"coursesOld/under/PnA53aCMnbxsHMCPs_inv8.als"
1967,"coursesOld/both/DA4TRQRSsndACFKs4_inv14.als"
1968,"trash_rl/correct/r9dWajyCKdXjNx3S4_inv5.als"
1969,"productionLine_v2/correct/NxLYCGz6KoqxqQi8y_inv3.als"
1970,"coursesNew/correct/wuy2tAZ8eJf4CDEet_inv5.als"
1971,"coursesOld/correct/23Ev6sdTEmeupyMwH_inv2.als"
1972,"classroom_rl/over/y6cSErPDLqsHPWqbZ_inv9.als"
1973,"socialMedia/correct/PyWwCWCbJgHxwKa9H_inv1.als"
1974,"productionLine_v2/correct/XWwnNJrDN4oHXj7JR_inv1.als"
1975,"coursesOld/over/6NNjFvYpqwCdGmphe_inv1.als"
1976,"socialMedia/both/gBJMgbMcFAqkyC9xg_inv4.als"
1977,"cv_v2/both/dGb3fpcxxymrRaTiF_inv4.als"
1978,"socialMedia/both/m6Fikoyc3YNd3n8Mq_inv5.als"
1979,"socialMedia/under/daz2o9b8LK2LtAcac_inv7.als"
1980,"trash_ltl/correct/atikX7ydPTgzjKHWF_inv14.als"
1981,"socialMedia/correct/uQKhDLxxocHxtr5Qy_inv2.als"
1982,"socialMedia/correct/ANcJtBaaD3ge5PEqX_inv4.als"
1983,"coursesOld/correct/7JMCKdCSyrcthHdZc_inv4.als"
1984,"productionLine_v1/both/7uG7wnZyQrmXZqrpk_inv4.als"
1985,"classroom_fol/under/tCNHpM6pgmhpj26Z9_inv14.als"
1986,"socialMedia/over/ZNS2XYdiyZkkSSM5N_inv3.als"
1987,"trainStationNew/correct/X9MNcNGtBZovS7vtq_inv9.als"
1988,"trainStationNew/over/zLqubvKPjiJxBvYgj_inv1.als"
1989,"coursesOld/correct/EuKuzvxyRs924yB2g_inv1.als"
1990,"socialMedia/correct/nvSDdecEcJnZWd7mR_inv3.als"
1991,"productionLineNew/correct/ofEqNrpobK6ffuhge_inv8.als"
1992,"socialMedia/correct/qZpMpKFbDu6f5og85_inv2.als"
1993,"productionLine_v2/both/JDciCd6MaCwSuXCx5_inv10.als"
1994,"socialMedia/correct/SGKbHjeT6vLSu7Nda_inv3.als"
1995,"lts/correct/aM2rokP7MryDphPeY_inv5.als"
1996,"trainStationNew/correct/fjkiNnftxkLEJjkkh_inv3.als"
1997,"productionLineNew/both/BsT5yrhAb6s8StRDj_inv10.als"
1998,"socialMedia/both/6yeu5xqCLyqcZgNsF_inv5.als"
1999,"trainStationNew/both/9PRM6wHSf4fXrhjok_inv9.als"
