relativePath,questionSet,statusFolder,invariantId,studentPredicate,oraclePredicate,reason
"classroom_fol/correct/27ai2vcEZebdyjyCd_inv5.als","classroom_fol","CORRECT","inv5","inv5","inv5c","student-oracle-raw-ast-identical"
"classroom_fol/correct/2JwPBTb4Z9fgAhYFW_inv4.als","classroom_fol","CORRECT","inv4","inv4","inv4c","student-oracle-raw-ast-identical"
"classroom_fol/correct/2W2KLPHebxZKAeTMo_inv2.als","classroom_fol","CORRECT","inv2","inv2","inv2c","student-oracle-raw-ast-identical"
"classroom_fol/correct/2fXWAa9f38wMbWwpz_inv2.als","classroom_fol","CORRECT","inv2","inv2","inv2c","student-oracle-raw-ast-identical"
"classroom_fol/correct/2vicuYYZfXhn7xyoq_inv3.als","classroom_fol","CORRECT","inv3","inv3","inv3c","student-oracle-raw-ast-identical"
"classroom_fol/correct/34scg9AZu7APgxaqT_inv4.als","classroom_fol","CORRECT","inv4","inv4","inv4c","student-oracle-raw-ast-identical"
"classroom_fol/correct/3F3jvZvopi5rkpSMT_inv1.als","classroom_fol","CORRECT","inv1","inv1","inv1c","student-oracle-raw-ast-identical"
"classroom_fol/correct/3N2B67GgAy96Ydpz8_inv8.als","classroom_fol","CORRECT","inv8","inv8","inv8c","student-oracle-raw-ast-identical"
"classroom_fol/correct/3RBwGrtdDHtRfxsp7_inv1.als","classroom_fol","CORRECT","inv1","inv1","inv1c","student-oracle-raw-ast-identical"
"classroom_fol/correct/4AQnHxnw39gLmGsuM_inv4.als","classroom_fol","CORRECT","inv4","inv4","inv4c","student-oracle-raw-ast-identical"
"classroom_fol/correct/4Deevq37auTuNM7PJ_inv4.als","classroom_fol","CORRECT","inv4","inv4","inv4c","student-oracle-raw-ast-identical"
"classroom_fol/correct/4MEpzH4YKSHqj5Kcr_inv6.als","classroom_fol","CORRECT","inv6","inv6","inv6c","student-oracle-raw-ast-identical"
"classroom_fol/correct/4XyMmJNyEP4f7pn6N_inv5.als","classroom_fol","CORRECT","inv5","inv5","inv5c","student-oracle-raw-ast-identical"
"classroom_fol/correct/4cxjXu3Fop85YoSn4_inv3.als","classroom_fol","CORRECT","inv3","inv3","inv3c","student-oracle-raw-ast-identical"
"classroom_fol/correct/4oALBqg4Dqr5tdiMv_inv8.als","classroom_fol","CORRECT","inv8","inv8","inv8c","student-oracle-raw-ast-identical"
"classroom_fol/correct/4oY6FFZt2Z6ayCca2_inv1.als","classroom_fol","CORRECT","inv1","inv1","inv1c","student-oracle-raw-ast-identical"
"classroom_fol/correct/4wGPA7YWtsc9etgeq_inv1.als","classroom_fol","CORRECT","inv1","inv1","inv1c","student-oracle-raw-ast-identical"
"classroom_fol/correct/5RQFMfJnt8TGRPco4_inv8.als","classroom_fol","CORRECT","inv8","inv8","inv8c","student-oracle-raw-ast-identical"
"classroom_fol/correct/5h7bN85vRNCv8d5E6_inv3.als","classroom_fol","CORRECT","inv3","inv3","inv3c","student-oracle-raw-ast-identical"
"classroom_fol/correct/5vzFGW2oo7Yg8CQ7t_inv10.als","classroom_fol","CORRECT","inv10","inv10","inv10c","student-oracle-raw-ast-identical"
"classroom_fol/correct/5zobFWoWh3tRuXuLy_inv5.als","classroom_fol","CORRECT","inv5","inv5","inv5c","student-oracle-raw-ast-identical"
"classroom_fol/correct/6HMPYhyLv2wzX6k69_inv5.als","classroom_fol","CORRECT","inv5","inv5","inv5c","student-oracle-raw-ast-identical"
"classroom_fol/correct/6PkkN7447qJFZfk7j_inv6.als","classroom_fol","CORRECT","inv6","inv6","inv6c","student-oracle-raw-ast-identical"
"classroom_fol/correct/6Z4SWWTR2rRQfL5ib_inv4.als","classroom_fol","CORRECT","inv4","inv4","inv4c","student-oracle-raw-ast-identical"
"classroom_fol/correct/6bJKADJS6tKAvBHCy_inv1.als","classroom_fol","CORRECT","inv1","inv1","inv1c","student-oracle-raw-ast-identical"
"classroom_fol/correct/6zSwXZEJHWPEgx5x3_inv6.als","classroom_fol","CORRECT","inv6","inv6","inv6c","student-oracle-raw-ast-identical"
"classroom_fol/correct/7A5z6FTBY7eQXLrWQ_inv4.als","classroom_fol","CORRECT","inv4","inv4","inv4c","student-oracle-raw-ast-identical"
"classroom_fol/correct/7BdaW2WQopXbDy9x7_inv2.als","classroom_fol","CORRECT","inv2","inv2","inv2c","student-oracle-raw-ast-identical"
"classroom_fol/correct/7gFPtSGJC6sA7g3MG_inv5.als","classroom_fol","CORRECT","inv5","inv5","inv5c","student-oracle-raw-ast-identical"
"classroom_fol/correct/7nLpyqxLDZnM8DaXr_inv6.als","classroom_fol","CORRECT","inv6","inv6","inv6c","student-oracle-raw-ast-identical"
"classroom_fol/correct/7zukxwijbZt7H3pQi_inv1.als","classroom_fol","CORRECT","inv1","inv1","inv1c","student-oracle-raw-ast-identical"
"classroom_fol/correct/82gCBxE4d4ZC6p6AF_inv1.als","classroom_fol","CORRECT","inv1","inv1","inv1c","student-oracle-raw-ast-identical"
"classroom_fol/correct/8B9FFYjiPeZZXp3vw_inv3.als","classroom_fol","CORRECT","inv3","inv3","inv3c","student-oracle-raw-ast-identical"
"classroom_fol/correct/8NWSjrWA73GbzFEAe_inv5.als","classroom_fol","CORRECT","inv5","inv5","inv5c","student-oracle-raw-ast-identical"
"classroom_fol/correct/8xfT9tBpSyrhMuShq_inv2.als","classroom_fol","CORRECT","inv2","inv2","inv2c","student-oracle-raw-ast-identical"
"classroom_fol/correct/9GSkErexG34ZsWfX5_inv5.als","classroom_fol","CORRECT","inv5","inv5","inv5c","student-oracle-raw-ast-identical"
"classroom_fol/correct/9Zr36nBekJGbCYLaj_inv6.als","classroom_fol","CORRECT","inv6","inv6","inv6c","student-oracle-raw-ast-identical"
"classroom_fol/correct/9byWDyHwsfHp3jp3T_inv1.als","classroom_fol","CORRECT","inv1","inv1","inv1c","student-oracle-raw-ast-identical"
"classroom_fol/correct/9jBeMqjnG38Z8igBm_inv1.als","classroom_fol","CORRECT","inv1","inv1","inv1c","student-oracle-raw-ast-identical"
"classroom_fol/correct/9ur42LFqqRXRi2a8S_inv5.als","classroom_fol","CORRECT","inv5","inv5","inv5c","student-oracle-raw-ast-identical"
"classroom_fol/correct/A29AJ6ciSdj6Q5pA7_inv1.als","classroom_fol","CORRECT","inv1","inv1","inv1c","student-oracle-raw-ast-identical"
"classroom_fol/correct/A2xqCdq2PLnCHGmiA_inv5.als","classroom_fol","CORRECT","inv5","inv5","inv5c","student-oracle-raw-ast-identical"
"classroom_fol/correct/AQWswx3NZybmfsTfs_inv2.als","classroom_fol","CORRECT","inv2","inv2","inv2c","student-oracle-raw-ast-identical"
"classroom_fol/correct/AiQWX5m59Hh345mwM_inv3.als","classroom_fol","CORRECT","inv3","inv3","inv3c","student-oracle-raw-ast-identical"
"classroom_fol/correct/AxEKqMLvZqhZBp44m_inv6.als","classroom_fol","CORRECT","inv6","inv6","inv6c","student-oracle-raw-ast-identical"
"classroom_fol/correct/BCi7WczRtnQd4jNA3_inv5.als","classroom_fol","CORRECT","inv5","inv5","inv5c","student-oracle-raw-ast-identical"
"classroom_fol/correct/BDQMqmxYmYu35tB8s_inv1.als","classroom_fol","CORRECT","inv1","inv1","inv1c","student-oracle-raw-ast-identical"
"classroom_fol/correct/BLxYx3iATHkcmAF68_inv3.als","classroom_fol","CORRECT","inv3","inv3","inv3c","student-oracle-raw-ast-identical"
"classroom_fol/correct/BZo5PBawj5ihNtWMg_inv3.als","classroom_fol","CORRECT","inv3","inv3","inv3c","student-oracle-raw-ast-identical"
"classroom_fol/correct/BcZyS7xzWNEA4QfdL_inv5.als","classroom_fol","CORRECT","inv5","inv5","inv5c","student-oracle-raw-ast-identical"
"classroom_fol/correct/Bj67kKQx4G5sj7Dwn_inv8.als","classroom_fol","CORRECT","inv8","inv8","inv8c","student-oracle-raw-ast-identical"
"classroom_fol/correct/BxNJpotECXdLPhmJf_inv2.als","classroom_fol","CORRECT","inv2","inv2","inv2c","student-oracle-raw-ast-identical"
"classroom_fol/correct/C3jCExpoLotvTLFLx_inv1.als","classroom_fol","CORRECT","inv1","inv1","inv1c","student-oracle-raw-ast-identical"
"classroom_fol/correct/C62t8ijqeYw9GTear_inv8.als","classroom_fol","CORRECT","inv8","inv8","inv8c","student-oracle-raw-ast-identical"
"classroom_fol/correct/C99QR9QPCMGMkZQPM_inv4.als","classroom_fol","CORRECT","inv4","inv4","inv4c","student-oracle-raw-ast-identical"
"classroom_fol/correct/CcHQjRCP4LnAivx88_inv1.als","classroom_fol","CORRECT","inv1","inv1","inv1c","student-oracle-raw-ast-identical"
"classroom_fol/correct/CkRz3FNWLC4Do5pqE_inv5.als","classroom_fol","CORRECT","inv5","inv5","inv5c","student-oracle-raw-ast-identical"
"classroom_fol/correct/CsCPShXkBHqz2gBTM_inv4.als","classroom_fol","CORRECT","inv4","inv4","inv4c","student-oracle-raw-ast-identical"
"classroom_fol/correct/DX4Ny3nxJXmZtdCve_inv8.als","classroom_fol","CORRECT","inv8","inv8","inv8c","student-oracle-raw-ast-identical"
"classroom_fol/correct/DaYoKHj9sFwPLLaDE_inv2.als","classroom_fol","CORRECT","inv2","inv2","inv2c","student-oracle-raw-ast-identical"
"classroom_fol/correct/Dxe34d7cqZ6nio4My_inv2.als","classroom_fol","CORRECT","inv2","inv2","inv2c","student-oracle-raw-ast-identical"
"classroom_fol/correct/E5N4oCFjPZSuwmj4A_inv3.als","classroom_fol","CORRECT","inv3","inv3","inv3c","student-oracle-raw-ast-identical"
"classroom_fol/correct/EaS3LtLiqorJYTE5g_inv3.als","classroom_fol","CORRECT","inv3","inv3","inv3c","student-oracle-raw-ast-identical"
"classroom_fol/correct/Eg6SxJS8e59o3YQPA_inv4.als","classroom_fol","CORRECT","inv4","inv4","inv4c","student-oracle-raw-ast-identical"
"classroom_fol/correct/EzcNSLrMXEajHBjEx_inv1.als","classroom_fol","CORRECT","inv1","inv1","inv1c","student-oracle-raw-ast-identical"
"classroom_fol/correct/F2KMcvNfRjQ6rHpqq_inv4.als","classroom_fol","CORRECT","inv4","inv4","inv4c","student-oracle-raw-ast-identical"
"classroom_fol/correct/F64dD5kSeQRe5fPuA_inv3.als","classroom_fol","CORRECT","inv3","inv3","inv3c","student-oracle-raw-ast-identical"
"classroom_fol/correct/F7xeQrqHZNdJoJJjr_inv2.als","classroom_fol","CORRECT","inv2","inv2","inv2c","student-oracle-raw-ast-identical"
"classroom_fol/correct/FAATdNueew6Kb3zbL_inv10.als","classroom_fol","CORRECT","inv10","inv10","inv10c","student-oracle-raw-ast-identical"
"classroom_fol/correct/FTGTvnEBTwv3Dudf7_inv1.als","classroom_fol","CORRECT","inv1","inv1","inv1c","student-oracle-raw-ast-identical"
"classroom_fol/correct/FbvFpmWh7EgDzoXrn_inv1.als","classroom_fol","CORRECT","inv1","inv1","inv1c","student-oracle-raw-ast-identical"
"classroom_fol/correct/FiAoFM9qSg3RCCfsW_inv3.als","classroom_fol","CORRECT","inv3","inv3","inv3c","student-oracle-raw-ast-identical"
"classroom_fol/correct/Frhs8sxb9XHNP2Tzq_inv8.als","classroom_fol","CORRECT","inv8","inv8","inv8c","student-oracle-raw-ast-identical"
"classroom_fol/correct/GBmej8fXTMBssk4sb_inv3.als","classroom_fol","CORRECT","inv3","inv3","inv3c","student-oracle-raw-ast-identical"
"classroom_fol/correct/GWKFhe5ae8aBwiCyi_inv5.als","classroom_fol","CORRECT","inv5","inv5","inv5c","student-oracle-raw-ast-identical"
"classroom_fol/correct/GYtQEHktmFs8FrN92_inv4.als","classroom_fol","CORRECT","inv4","inv4","inv4c","student-oracle-raw-ast-identical"
"classroom_fol/correct/GcRefLTTJuz7RSDdq_inv2.als","classroom_fol","CORRECT","inv2","inv2","inv2c","student-oracle-raw-ast-identical"
"classroom_fol/correct/GekKTySShNcSDqzzT_inv2.als","classroom_fol","CORRECT","inv2","inv2","inv2c","student-oracle-raw-ast-identical"
"classroom_fol/correct/GqqE6Dek47kzPTkij_inv8.als","classroom_fol","CORRECT","inv8","inv8","inv8c","student-oracle-raw-ast-identical"
"classroom_fol/correct/H4kZeiHczhsSpm5JN_inv4.als","classroom_fol","CORRECT","inv4","inv4","inv4c","student-oracle-raw-ast-identical"
"classroom_fol/correct/HG2KvZzYrJnMqZzPc_inv2.als","classroom_fol","CORRECT","inv2","inv2","inv2c","student-oracle-raw-ast-identical"
"classroom_fol/correct/HZ3JiJtCbkfmaPji3_inv3.als","classroom_fol","CORRECT","inv3","inv3","inv3c","student-oracle-raw-ast-identical"
"classroom_fol/correct/HhEA85bE9hWt6jehE_inv8.als","classroom_fol","CORRECT","inv8","inv8","inv8c","student-oracle-raw-ast-identical"
"classroom_fol/correct/HjJ4L9iKkmmdAkNBB_inv2.als","classroom_fol","CORRECT","inv2","inv2","inv2c","student-oracle-raw-ast-identical"
"classroom_fol/correct/HjkMZd7zAsNzaJrRn_inv1.als","classroom_fol","CORRECT","inv1","inv1","inv1c","student-oracle-raw-ast-identical"
"classroom_fol/correct/HyBa7vWaii8HNpucr_inv2.als","classroom_fol","CORRECT","inv2","inv2","inv2c","student-oracle-raw-ast-identical"
"classroom_fol/correct/J2etjqZTvRHiPA3uy_inv5.als","classroom_fol","CORRECT","inv5","inv5","inv5c","student-oracle-raw-ast-identical"
"classroom_fol/correct/JASAepyW9eg8TyDAm_inv1.als","classroom_fol","CORRECT","inv1","inv1","inv1c","student-oracle-raw-ast-identical"
"classroom_fol/correct/JHZsCRAvydiajNXgW_inv5.als","classroom_fol","CORRECT","inv5","inv5","inv5c","student-oracle-raw-ast-identical"
"classroom_fol/correct/JTt3vBtZcNpHPvMmt_inv2.als","classroom_fol","CORRECT","inv2","inv2","inv2c","student-oracle-raw-ast-identical"
"classroom_fol/correct/Jm97tFLGXoMDeMoi6_inv8.als","classroom_fol","CORRECT","inv8","inv8","inv8c","student-oracle-raw-ast-identical"
"classroom_fol/correct/JtPaFMrJjRJYgJciT_inv3.als","classroom_fol","CORRECT","inv3","inv3","inv3c","student-oracle-raw-ast-identical"
"classroom_fol/correct/KAWqDzcY492b7QHz6_inv6.als","classroom_fol","CORRECT","inv6","inv6","inv6c","student-oracle-raw-ast-identical"
"classroom_fol/correct/KLRAXo4gg7LZLKu8i_inv6.als","classroom_fol","CORRECT","inv6","inv6","inv6c","student-oracle-raw-ast-identical"
"classroom_fol/correct/KaGDkKvshRgbztqiC_inv1.als","classroom_fol","CORRECT","inv1","inv1","inv1c","student-oracle-raw-ast-identical"
"classroom_fol/correct/L9wBkeo2Absxrmkq6_inv2.als","classroom_fol","CORRECT","inv2","inv2","inv2c","student-oracle-raw-ast-identical"
"classroom_fol/correct/Lc3JQDHof4TzZp7NM_inv2.als","classroom_fol","CORRECT","inv2","inv2","inv2c","student-oracle-raw-ast-identical"
"classroom_fol/correct/MDzCjLQuprEG8AhiZ_inv2.als","classroom_fol","CORRECT","inv2","inv2","inv2c","student-oracle-raw-ast-identical"
"classroom_fol/correct/MMLgDzyHP8AGJDg7k_inv8.als","classroom_fol","CORRECT","inv8","inv8","inv8c","student-oracle-raw-ast-identical"
"classroom_fol/correct/MTnhBQopkerqyFR7p_inv2.als","classroom_fol","CORRECT","inv2","inv2","inv2c","student-oracle-raw-ast-identical"
"classroom_fol/correct/MaZLtxYs66LN6r2et_inv5.als","classroom_fol","CORRECT","inv5","inv5","inv5c","student-oracle-raw-ast-identical"
"classroom_fol/correct/MpPRmJATqj67iyPJx_inv1.als","classroom_fol","CORRECT","inv1","inv1","inv1c","student-oracle-raw-ast-identical"
"classroom_fol/correct/Mr8aDTGDqLNqf78A6_inv1.als","classroom_fol","CORRECT","inv1","inv1","inv1c","student-oracle-raw-ast-identical"
"classroom_fol/correct/MvMR2sKeqw26XP3xr_inv4.als","classroom_fol","CORRECT","inv4","inv4","inv4c","student-oracle-raw-ast-identical"
"classroom_fol/correct/NNSECps6hNLNkGYZy_inv1.als","classroom_fol","CORRECT","inv1","inv1","inv1c","student-oracle-raw-ast-identical"
"classroom_fol/correct/NTFaf7gGyKkyN94jM_inv1.als","classroom_fol","CORRECT","inv1","inv1","inv1c","student-oracle-raw-ast-identical"
"classroom_fol/correct/NpcPCRWJTF5WkzQ6T_inv4.als","classroom_fol","CORRECT","inv4","inv4","inv4c","student-oracle-raw-ast-identical"
"classroom_fol/correct/NrSGMLedteQqpfaAr_inv8.als","classroom_fol","CORRECT","inv8","inv8","inv8c","student-oracle-raw-ast-identical"
"classroom_fol/correct/PJXw5duz7ANf2Z7Jh_inv3.als","classroom_fol","CORRECT","inv3","inv3","inv3c","student-oracle-raw-ast-identical"
"classroom_fol/correct/PQoQJT9BYcoKQJ4D3_inv1.als","classroom_fol","CORRECT","inv1","inv1","inv1c","student-oracle-raw-ast-identical"
"classroom_fol/correct/PQqqZacPiBbXNeYQW_inv8.als","classroom_fol","CORRECT","inv8","inv8","inv8c","student-oracle-raw-ast-identical"
"classroom_fol/correct/PbHrTMywshm7spH3o_inv2.als","classroom_fol","CORRECT","inv2","inv2","inv2c","student-oracle-raw-ast-identical"
"classroom_fol/correct/QNdr9ibCYvnsaC2jJ_inv2.als","classroom_fol","CORRECT","inv2","inv2","inv2c","student-oracle-raw-ast-identical"
"classroom_fol/correct/QSDmQNaYgNodpzo7w_inv6.als","classroom_fol","CORRECT","inv6","inv6","inv6c","student-oracle-raw-ast-identical"
"classroom_fol/correct/QdAnuxpLtoMfoA68M_inv5.als","classroom_fol","CORRECT","inv5","inv5","inv5c","student-oracle-raw-ast-identical"
"classroom_fol/correct/QvhsooYb2syudMJip_inv2.als","classroom_fol","CORRECT","inv2","inv2","inv2c","student-oracle-raw-ast-identical"
"classroom_fol/correct/RBguQ2qaGesNBSrPy_inv5.als","classroom_fol","CORRECT","inv5","inv5","inv5c","student-oracle-raw-ast-identical"
"classroom_fol/correct/RGS5uGbDXoWxy7La9_inv8.als","classroom_fol","CORRECT","inv8","inv8","inv8c","student-oracle-raw-ast-identical"
"classroom_fol/correct/RNAeYLEJM9jQ4WHp2_inv4.als","classroom_fol","CORRECT","inv4","inv4","inv4c","student-oracle-raw-ast-identical"
"classroom_fol/correct/RPiaiJqr3383KxsK4_inv8.als","classroom_fol","CORRECT","inv8","inv8","inv8c","student-oracle-raw-ast-identical"
"classroom_fol/correct/RXRKjMjBSMZ8qQAcQ_inv2.als","classroom_fol","CORRECT","inv2","inv2","inv2c","student-oracle-raw-ast-identical"
"classroom_fol/correct/RawvgojufaN5tvnXt_inv5.als","classroom_fol","CORRECT","inv5","inv5","inv5c","student-oracle-raw-ast-identical"
"classroom_fol/correct/S5Pf4FGKELajeMbTQ_inv2.als","classroom_fol","CORRECT","inv2","inv2","inv2c","student-oracle-raw-ast-identical"
"classroom_fol/correct/Sc9CeTBtw5QSqhWqj_inv8.als","classroom_fol","CORRECT","inv8","inv8","inv8c","student-oracle-raw-ast-identical"
"classroom_fol/correct/SoaSN84AKsJjaSC8n_inv4.als","classroom_fol","CORRECT","inv4","inv4","inv4c","student-oracle-raw-ast-identical"
"classroom_fol/correct/SpXGP72HQ67Ba8spW_inv6.als","classroom_fol","CORRECT","inv6","inv6","inv6c","student-oracle-raw-ast-identical"
"classroom_fol/correct/T2vt7AfiXFK29xNGE_inv6.als","classroom_fol","CORRECT","inv6","inv6","inv6c","student-oracle-raw-ast-identical"
"classroom_fol/correct/TRs7Bqg6BNtGCKxQg_inv3.als","classroom_fol","CORRECT","inv3","inv3","inv3c","student-oracle-raw-ast-identical"
"classroom_fol/correct/TkgRuCrANF2P7btLv_inv8.als","classroom_fol","CORRECT","inv8","inv8","inv8c","student-oracle-raw-ast-identical"
"classroom_fol/correct/Tv9uFE3pLGY47Qqn9_inv6.als","classroom_fol","CORRECT","inv6","inv6","inv6c","student-oracle-raw-ast-identical"
"classroom_fol/correct/WLTxhtnbos8kYPtoM_inv6.als","classroom_fol","CORRECT","inv6","inv6","inv6c","student-oracle-raw-ast-identical"
"classroom_fol/correct/WPSJ2p8fFeLT25yoW_inv2.als","classroom_fol","CORRECT","inv2","inv2","inv2c","student-oracle-raw-ast-identical"
"classroom_fol/correct/WT58vQo88GwPpgKB4_inv2.als","classroom_fol","CORRECT","inv2","inv2","inv2c","student-oracle-raw-ast-identical"
"classroom_fol/correct/XASC6k6twHCgkDeyd_inv5.als","classroom_fol","CORRECT","inv5","inv5","inv5c","student-oracle-raw-ast-identical"
"classroom_fol/correct/XFF9EpikQgdeHgzwh_inv3.als","classroom_fol","CORRECT","inv3","inv3","inv3c","student-oracle-raw-ast-identical"
"classroom_fol/correct/XG3tfB68ZDBHJoYsr_inv1.als","classroom_fol","CORRECT","inv1","inv1","inv1c","student-oracle-raw-ast-identical"
"classroom_fol/correct/XGSvRZLhGKGBEFYGM_inv4.als","classroom_fol","CORRECT","inv4","inv4","inv4c","student-oracle-raw-ast-identical"
"classroom_fol/correct/XHpffQ2WmuzhgzuD2_inv5.als","classroom_fol","CORRECT","inv5","inv5","inv5c","student-oracle-raw-ast-identical"
"classroom_fol/correct/XXAdiMCsKb5HejDXC_inv2.als","classroom_fol","CORRECT","inv2","inv2","inv2c","student-oracle-raw-ast-identical"
"classroom_fol/correct/XnTAjRtTSKGNeKdzN_inv2.als","classroom_fol","CORRECT","inv2","inv2","inv2c","student-oracle-raw-ast-identical"
"classroom_fol/correct/XuqTpw7GwtbzeLZty_inv4.als","classroom_fol","CORRECT","inv4","inv4","inv4c","student-oracle-raw-ast-identical"
"classroom_fol/correct/YHagd289iHEZnYr2K_inv5.als","classroom_fol","CORRECT","inv5","inv5","inv5c","student-oracle-raw-ast-identical"
"classroom_fol/correct/YHvMMpJShvGYv5GHa_inv4.als","classroom_fol","CORRECT","inv4","inv4","inv4c","student-oracle-raw-ast-identical"
"classroom_fol/correct/YaYtoPoHBC2MD2RNk_inv6.als","classroom_fol","CORRECT","inv6","inv6","inv6c","student-oracle-raw-ast-identical"
"classroom_fol/correct/YcSgPQT5GA4muqDg5_inv8.als","classroom_fol","CORRECT","inv8","inv8","inv8c","student-oracle-raw-ast-identical"
"classroom_fol/correct/YiyZWBjDiFc4cFggQ_inv3.als","classroom_fol","CORRECT","inv3","inv3","inv3c","student-oracle-raw-ast-identical"
"classroom_fol/correct/YmPaaJbtAu4xoiMmr_inv8.als","classroom_fol","CORRECT","inv8","inv8","inv8c","student-oracle-raw-ast-identical"
"classroom_fol/correct/YopcSWQwJ9Qb74buE_inv1.als","classroom_fol","CORRECT","inv1","inv1","inv1c","student-oracle-raw-ast-identical"
"classroom_fol/correct/ZGt86y9G2F5J6Kg5G_inv1.als","classroom_fol","CORRECT","inv1","inv1","inv1c","student-oracle-raw-ast-identical"
"classroom_fol/correct/ZdeXTWQDT2XczpGxC_inv2.als","classroom_fol","CORRECT","inv2","inv2","inv2c","student-oracle-raw-ast-identical"
"classroom_fol/correct/ZeQBXhpqWZCCtEjEP_inv1.als","classroom_fol","CORRECT","inv1","inv1","inv1c","student-oracle-raw-ast-identical"
"classroom_fol/correct/Zh2u3TmKyQmbTzrvL_inv2.als","classroom_fol","CORRECT","inv2","inv2","inv2c","student-oracle-raw-ast-identical"
"classroom_fol/correct/Zjq5y5FAzeN8d78eW_inv8.als","classroom_fol","CORRECT","inv8","inv8","inv8c","student-oracle-raw-ast-identical"
"classroom_fol/correct/aGm2PwpNnjxdJunEP_inv5.als","classroom_fol","CORRECT","inv5","inv5","inv5c","student-oracle-raw-ast-identical"
"classroom_fol/correct/bHMtaLNNABo9KDN6C_inv8.als","classroom_fol","CORRECT","inv8","inv8","inv8c","student-oracle-raw-ast-identical"
"classroom_fol/correct/bP5jyDN3vNJvdPns8_inv6.als","classroom_fol","CORRECT","inv6","inv6","inv6c","student-oracle-raw-ast-identical"
"classroom_fol/correct/baTw2Losy7oGNa8ZG_inv8.als","classroom_fol","CORRECT","inv8","inv8","inv8c","student-oracle-raw-ast-identical"
"classroom_fol/correct/bau2GLtrpQ4bvaC3k_inv2.als","classroom_fol","CORRECT","inv2","inv2","inv2c","student-oracle-raw-ast-identical"
"classroom_fol/correct/beKQ6tQdzZtJRgeKd_inv4.als","classroom_fol","CORRECT","inv4","inv4","inv4c","student-oracle-raw-ast-identical"
"classroom_fol/correct/bfjN4PmRXP9YK8sat_inv1.als","classroom_fol","CORRECT","inv1","inv1","inv1c","student-oracle-raw-ast-identical"
"classroom_fol/correct/bjwQrYf8ErjrM5bRL_inv8.als","classroom_fol","CORRECT","inv8","inv8","inv8c","student-oracle-raw-ast-identical"
"classroom_fol/correct/bmBzEGWFoj2L7Lmtw_inv6.als","classroom_fol","CORRECT","inv6","inv6","inv6c","student-oracle-raw-ast-identical"
"classroom_fol/correct/bpoY3FvCX2H2QkwoT_inv3.als","classroom_fol","CORRECT","inv3","inv3","inv3c","student-oracle-raw-ast-identical"
"classroom_fol/correct/c8y4BgrWJ59AyF3jF_inv1.als","classroom_fol","CORRECT","inv1","inv1","inv1c","student-oracle-raw-ast-identical"
"classroom_fol/correct/cWhuum6NvHPkQDdpa_inv1.als","classroom_fol","CORRECT","inv1","inv1","inv1c","student-oracle-raw-ast-identical"
"classroom_fol/correct/cX5xtRhNRs4xz7NTt_inv3.als","classroom_fol","CORRECT","inv3","inv3","inv3c","student-oracle-raw-ast-identical"
"classroom_fol/correct/d9ZeMfLnMaxiGgatv_inv3.als","classroom_fol","CORRECT","inv3","inv3","inv3c","student-oracle-raw-ast-identical"
"classroom_fol/correct/dfGGaDqaz2bqSAE9y_inv1.als","classroom_fol","CORRECT","inv1","inv1","inv1c","student-oracle-raw-ast-identical"
"classroom_fol/correct/dyZw5n83kPFhxwLLC_inv4.als","classroom_fol","CORRECT","inv4","inv4","inv4c","student-oracle-raw-ast-identical"
"classroom_fol/correct/e4ohGMSqMnoTzt9rC_inv1.als","classroom_fol","CORRECT","inv1","inv1","inv1c","student-oracle-raw-ast-identical"
"classroom_fol/correct/e6xbgdErqrJQcFfoy_inv3.als","classroom_fol","CORRECT","inv3","inv3","inv3c","student-oracle-raw-ast-identical"
"classroom_fol/correct/eE885QQtS4pCiTAtA_inv1.als","classroom_fol","CORRECT","inv1","inv1","inv1c","student-oracle-raw-ast-identical"
"classroom_fol/correct/f4uiit3xiwKNESoMq_inv3.als","classroom_fol","CORRECT","inv3","inv3","inv3c","student-oracle-raw-ast-identical"
"classroom_fol/correct/fWb5PMixrw8e4BE9z_inv2.als","classroom_fol","CORRECT","inv2","inv2","inv2c","student-oracle-raw-ast-identical"
"classroom_fol/correct/fp3uHgem8PeCfu5yg_inv8.als","classroom_fol","CORRECT","inv8","inv8","inv8c","student-oracle-raw-ast-identical"
"classroom_fol/correct/gYZrehN4sRmspgWgG_inv2.als","classroom_fol","CORRECT","inv2","inv2","inv2c","student-oracle-raw-ast-identical"
"classroom_fol/correct/gadxAfMZciW9rF2Lz_inv1.als","classroom_fol","CORRECT","inv1","inv1","inv1c","student-oracle-raw-ast-identical"
"classroom_fol/correct/gbq5PByBkDtbKQex7_inv1.als","classroom_fol","CORRECT","inv1","inv1","inv1c","student-oracle-raw-ast-identical"
"classroom_fol/correct/grJW9KWpwMba27LxY_inv2.als","classroom_fol","CORRECT","inv2","inv2","inv2c","student-oracle-raw-ast-identical"
"classroom_fol/correct/gzGwQuhqSMfSLwWmh_inv2.als","classroom_fol","CORRECT","inv2","inv2","inv2c","student-oracle-raw-ast-identical"
"classroom_fol/correct/h544eY2sf8cRumx5G_inv4.als","classroom_fol","CORRECT","inv4","inv4","inv4c","student-oracle-raw-ast-identical"
"classroom_fol/correct/hKoXZsNrCb4Am6CoP_inv1.als","classroom_fol","CORRECT","inv1","inv1","inv1c","student-oracle-raw-ast-identical"
"classroom_fol/correct/hRuyawMYprhWxQXJf_inv10.als","classroom_fol","CORRECT","inv10","inv10","inv10c","student-oracle-raw-ast-identical"
"classroom_fol/correct/hSwusMJF56mKy9psv_inv1.als","classroom_fol","CORRECT","inv1","inv1","inv1c","student-oracle-raw-ast-identical"
"classroom_fol/correct/hXDLd7F2fpkQmpotv_inv5.als","classroom_fol","CORRECT","inv5","inv5","inv5c","student-oracle-raw-ast-identical"
"classroom_fol/correct/hfYCgWMWQyz96avKj_inv2.als","classroom_fol","CORRECT","inv2","inv2","inv2c","student-oracle-raw-ast-identical"
"classroom_fol/correct/hgKsGaRptAtdLkRK7_inv2.als","classroom_fol","CORRECT","inv2","inv2","inv2c","student-oracle-raw-ast-identical"
"classroom_fol/correct/hhtwpHrDotZPvPesd_inv1.als","classroom_fol","CORRECT","inv1","inv1","inv1c","student-oracle-raw-ast-identical"
"classroom_fol/correct/hibtBe6QWbcq8zvLx_inv1.als","classroom_fol","CORRECT","inv1","inv1","inv1c","student-oracle-raw-ast-identical"
"classroom_fol/correct/hjfFYBnk4fCggueCf_inv1.als","classroom_fol","CORRECT","inv1","inv1","inv1c","student-oracle-raw-ast-identical"
"classroom_fol/correct/hp5LPva8JB3uPFeub_inv1.als","classroom_fol","CORRECT","inv1","inv1","inv1c","student-oracle-raw-ast-identical"
"classroom_fol/correct/huwYeSQ35arn7jXrM_inv5.als","classroom_fol","CORRECT","inv5","inv5","inv5c","student-oracle-raw-ast-identical"
"classroom_fol/correct/i4ZYANN5vwGTAXcfM_inv2.als","classroom_fol","CORRECT","inv2","inv2","inv2c","student-oracle-raw-ast-identical"
"classroom_fol/correct/i9FCMNeHaDFZEbxKK_inv5.als","classroom_fol","CORRECT","inv5","inv5","inv5c","student-oracle-raw-ast-identical"
"classroom_fol/correct/iENzjbNKbzf2w5mo5_inv8.als","classroom_fol","CORRECT","inv8","inv8","inv8c","student-oracle-raw-ast-identical"
"classroom_fol/correct/iFx6ygb6Z8p7dbT55_inv3.als","classroom_fol","CORRECT","inv3","inv3","inv3c","student-oracle-raw-ast-identical"
"classroom_fol/correct/iPDLgy6rgNd6fiuoo_inv1.als","classroom_fol","CORRECT","inv1","inv1","inv1c","student-oracle-raw-ast-identical"
"classroom_fol/correct/iht99inQjma4vG2x4_inv8.als","classroom_fol","CORRECT","inv8","inv8","inv8c","student-oracle-raw-ast-identical"
"classroom_fol/correct/iqCdLpJPghgYCGcnH_inv4.als","classroom_fol","CORRECT","inv4","inv4","inv4c","student-oracle-raw-ast-identical"
"classroom_fol/correct/j9pT97guGHNsFp53P_inv4.als","classroom_fol","CORRECT","inv4","inv4","inv4c","student-oracle-raw-ast-identical"
"classroom_fol/correct/jT9NYPLjTt8GtcnJA_inv8.als","classroom_fol","CORRECT","inv8","inv8","inv8c","student-oracle-raw-ast-identical"
"classroom_fol/correct/jTTD7CLgz7fzG6bYL_inv1.als","classroom_fol","CORRECT","inv1","inv1","inv1c","student-oracle-raw-ast-identical"
"classroom_fol/correct/jo6S3j9NqaXbGzbBC_inv6.als","classroom_fol","CORRECT","inv6","inv6","inv6c","student-oracle-raw-ast-identical"
"classroom_fol/correct/k39vM8LaoiPH2HKRS_inv3.als","classroom_fol","CORRECT","inv3","inv3","inv3c","student-oracle-raw-ast-identical"
"classroom_fol/correct/kBNBcqEW4SLNLYc5j_inv4.als","classroom_fol","CORRECT","inv4","inv4","inv4c","student-oracle-raw-ast-identical"
"classroom_fol/correct/kSCCc4krFGvixZ8sq_inv3.als","classroom_fol","CORRECT","inv3","inv3","inv3c","student-oracle-raw-ast-identical"
"classroom_fol/correct/kim8JKBhDBFsgpRPH_inv5.als","classroom_fol","CORRECT","inv5","inv5","inv5c","student-oracle-raw-ast-identical"
"classroom_fol/correct/kpdpJm2iuoB4PtmGh_inv6.als","classroom_fol","CORRECT","inv6","inv6","inv6c","student-oracle-raw-ast-identical"
"classroom_fol/correct/kz9FDJXfdHgnmbmGy_inv4.als","classroom_fol","CORRECT","inv4","inv4","inv4c","student-oracle-raw-ast-identical"
"classroom_fol/correct/m6x5YSqoAezCdQiQJ_inv1.als","classroom_fol","CORRECT","inv1","inv1","inv1c","student-oracle-raw-ast-identical"
"classroom_fol/correct/mDd5hX92L3PJ2gjaJ_inv2.als","classroom_fol","CORRECT","inv2","inv2","inv2c","student-oracle-raw-ast-identical"
"classroom_fol/correct/mG2EkAigxbJuYve8y_inv1.als","classroom_fol","CORRECT","inv1","inv1","inv1c","student-oracle-raw-ast-identical"
"classroom_fol/correct/mLjQuB9ciPa9CZTzm_inv5.als","classroom_fol","CORRECT","inv5","inv5","inv5c","student-oracle-raw-ast-identical"
"classroom_fol/correct/mSricdB8DuvEZ7B5v_inv3.als","classroom_fol","CORRECT","inv3","inv3","inv3c","student-oracle-raw-ast-identical"
"classroom_fol/correct/mXZ3AioMBZ5EkvSih_inv2.als","classroom_fol","CORRECT","inv2","inv2","inv2c","student-oracle-raw-ast-identical"
"classroom_fol/correct/mtyhENLnwRt4fYQux_inv4.als","classroom_fol","CORRECT","inv4","inv4","inv4c","student-oracle-raw-ast-identical"
"classroom_fol/correct/n7iswmAMqgBQHF8X6_inv5.als","classroom_fol","CORRECT","inv5","inv5","inv5c","student-oracle-raw-ast-identical"
"classroom_fol/correct/nthPkzYSNXsaghmXP_inv2.als","classroom_fol","CORRECT","inv2","inv2","inv2c","student-oracle-raw-ast-identical"
"classroom_fol/correct/oFHuDNrTqzQPGtyk6_inv10.als","classroom_fol","CORRECT","inv10","inv10","inv10c","student-oracle-raw-ast-identical"
"classroom_fol/correct/oJ2p3MeYczn3WEGG9_inv3.als","classroom_fol","CORRECT","inv3","inv3","inv3c","student-oracle-raw-ast-identical"
"classroom_fol/correct/oKjJRzxnG6vWPJxZY_inv5.als","classroom_fol","CORRECT","inv5","inv5","inv5c","student-oracle-raw-ast-identical"
"classroom_fol/correct/ozKr2xJZTFXcc7E9w_inv3.als","classroom_fol","CORRECT","inv3","inv3","inv3c","student-oracle-raw-ast-identical"
"classroom_fol/correct/p5XR4ty2wovw4Wbvi_inv3.als","classroom_fol","CORRECT","inv3","inv3","inv3c","student-oracle-raw-ast-identical"
"classroom_fol/correct/p6PjDMQQLBA5Zijsr_inv5.als","classroom_fol","CORRECT","inv5","inv5","inv5c","student-oracle-raw-ast-identical"
"classroom_fol/correct/pJwLcQGi9474Abvtk_inv2.als","classroom_fol","CORRECT","inv2","inv2","inv2c","student-oracle-raw-ast-identical"
"classroom_fol/correct/pgaKN4uDvHpDQiLAi_inv2.als","classroom_fol","CORRECT","inv2","inv2","inv2c","student-oracle-raw-ast-identical"
"classroom_fol/correct/pojrP9Rww2tbhZTNF_inv2.als","classroom_fol","CORRECT","inv2","inv2","inv2c","student-oracle-raw-ast-identical"
"classroom_fol/correct/pxBv7LqdA7qh4idiy_inv8.als","classroom_fol","CORRECT","inv8","inv8","inv8c","student-oracle-raw-ast-identical"
"classroom_fol/correct/q4c9et97o2XZG8ZNC_inv6.als","classroom_fol","CORRECT","inv6","inv6","inv6c","student-oracle-raw-ast-identical"
"classroom_fol/correct/q8YGsM7iMxTXkq4JW_inv4.als","classroom_fol","CORRECT","inv4","inv4","inv4c","student-oracle-raw-ast-identical"
"classroom_fol/correct/qXbXMCxZTCkfKuRGd_inv2.als","classroom_fol","CORRECT","inv2","inv2","inv2c","student-oracle-raw-ast-identical"
"classroom_fol/correct/qeE6724CtcypcLBtM_inv8.als","classroom_fol","CORRECT","inv8","inv8","inv8c","student-oracle-raw-ast-identical"
"classroom_fol/correct/qiJgbzwLJqg95xjxC_inv4.als","classroom_fol","CORRECT","inv4","inv4","inv4c","student-oracle-raw-ast-identical"
"classroom_fol/correct/qupbKB7J7SKYQWvv5_inv8.als","classroom_fol","CORRECT","inv8","inv8","inv8c","student-oracle-raw-ast-identical"
"classroom_fol/correct/qv5i3BcFG2YvrpXmx_inv2.als","classroom_fol","CORRECT","inv2","inv2","inv2c","student-oracle-raw-ast-identical"
"classroom_fol/correct/rRF5bR267Pb2qfynw_inv1.als","classroom_fol","CORRECT","inv1","inv1","inv1c","student-oracle-raw-ast-identical"
"classroom_fol/correct/rTZsw46aqbLPJpipp_inv1.als","classroom_fol","CORRECT","inv1","inv1","inv1c","student-oracle-raw-ast-identical"
"classroom_fol/correct/roX7tPFMGWSEXQZhC_inv3.als","classroom_fol","CORRECT","inv3","inv3","inv3c","student-oracle-raw-ast-identical"
"classroom_fol/correct/rp9gWyhTSjm7MJbCv_inv2.als","classroom_fol","CORRECT","inv2","inv2","inv2c","student-oracle-raw-ast-identical"
"classroom_fol/correct/rv9rnS2ps63jWhqAc_inv1.als","classroom_fol","CORRECT","inv1","inv1","inv1c","student-oracle-raw-ast-identical"
"classroom_fol/correct/rwqCnmGpZ6KyXa2DR_inv2.als","classroom_fol","CORRECT","inv2","inv2","inv2c","student-oracle-raw-ast-identical"
"classroom_fol/correct/rzbxdCjpxw6BuaY2B_inv2.als","classroom_fol","CORRECT","inv2","inv2","inv2c","student-oracle-raw-ast-identical"
"classroom_fol/correct/s82RMCGjzErL43GKi_inv3.als","classroom_fol","CORRECT","inv3","inv3","inv3c","student-oracle-raw-ast-identical"
"classroom_fol/correct/sFJSd4TQWdR6A2SE2_inv2.als","classroom_fol","CORRECT","inv2","inv2","inv2c","student-oracle-raw-ast-identical"
"classroom_fol/correct/tNsgE6dgMrncBEMK7_inv6.als","classroom_fol","CORRECT","inv6","inv6","inv6c","student-oracle-raw-ast-identical"
"classroom_fol/correct/tWXszrRNxqZ9WTWiJ_inv4.als","classroom_fol","CORRECT","inv4","inv4","inv4c","student-oracle-raw-ast-identical"
"classroom_fol/correct/thQexJYx3EZ6be3Rm_inv2.als","classroom_fol","CORRECT","inv2","inv2","inv2c","student-oracle-raw-ast-identical"
"classroom_fol/correct/trabLBBTuqWJ6jtwY_inv2.als","classroom_fol","CORRECT","inv2","inv2","inv2c","student-oracle-raw-ast-identical"
"classroom_fol/correct/u7S9ujTPor2E53b3N_inv3.als","classroom_fol","CORRECT","inv3","inv3","inv3c","student-oracle-raw-ast-identical"
"classroom_fol/correct/u8QeGy8NEvZMc7Gpr_inv3.als","classroom_fol","CORRECT","inv3","inv3","inv3c","student-oracle-raw-ast-identical"
"classroom_fol/correct/vEdr9CxjvRLHu4Zom_inv2.als","classroom_fol","CORRECT","inv2","inv2","inv2c","student-oracle-raw-ast-identical"
"classroom_fol/correct/vWe337Nc5sQQA59vT_inv4.als","classroom_fol","CORRECT","inv4","inv4","inv4c","student-oracle-raw-ast-identical"
"classroom_fol/correct/vWhtqeN254SsD8wgS_inv1.als","classroom_fol","CORRECT","inv1","inv1","inv1c","student-oracle-raw-ast-identical"
"classroom_fol/correct/vdeiw3d4WTFJLgrs6_inv4.als","classroom_fol","CORRECT","inv4","inv4","inv4c","student-oracle-raw-ast-identical"
"classroom_fol/correct/vrPoBihFNYbX3qk36_inv10.als","classroom_fol","CORRECT","inv10","inv10","inv10c","student-oracle-raw-ast-identical"
"classroom_fol/correct/w3AuYgruGRvsmuy6Y_inv8.als","classroom_fol","CORRECT","inv8","inv8","inv8c","student-oracle-raw-ast-identical"
"classroom_fol/correct/w6BP5mKiwN9pjkNrG_inv8.als","classroom_fol","CORRECT","inv8","inv8","inv8c","student-oracle-raw-ast-identical"
"classroom_fol/correct/wBf348Z7w7MJ26cfg_inv5.als","classroom_fol","CORRECT","inv5","inv5","inv5c","student-oracle-raw-ast-identical"
"classroom_fol/correct/wgzPbwANMj3uTFLo3_inv1.als","classroom_fol","CORRECT","inv1","inv1","inv1c","student-oracle-raw-ast-identical"
"classroom_fol/correct/wnurApFDyLJAbfxa3_inv4.als","classroom_fol","CORRECT","inv4","inv4","inv4c","student-oracle-raw-ast-identical"
"classroom_fol/correct/wrMpbCfpTfmdM4FZb_inv2.als","classroom_fol","CORRECT","inv2","inv2","inv2c","student-oracle-raw-ast-identical"
"classroom_fol/correct/wsG8DfTBmsRTRXPqr_inv6.als","classroom_fol","CORRECT","inv6","inv6","inv6c","student-oracle-raw-ast-identical"
"classroom_fol/correct/wv44wsCNTPcdPDmqG_inv2.als","classroom_fol","CORRECT","inv2","inv2","inv2c","student-oracle-raw-ast-identical"
"classroom_fol/correct/xAH3auhe68dzHwcEo_inv2.als","classroom_fol","CORRECT","inv2","inv2","inv2c","student-oracle-raw-ast-identical"
"classroom_fol/correct/xKxKWnuhBwxCyvW57_inv4.als","classroom_fol","CORRECT","inv4","inv4","inv4c","student-oracle-raw-ast-identical"
"classroom_fol/correct/xmYfeTmaWFWXBeFdq_inv4.als","classroom_fol","CORRECT","inv4","inv4","inv4c","student-oracle-raw-ast-identical"
"classroom_fol/correct/xxKPE3ZoysF8WHd9P_inv2.als","classroom_fol","CORRECT","inv2","inv2","inv2c","student-oracle-raw-ast-identical"
"classroom_fol/correct/y96jH95jqHP4gzNai_inv8.als","classroom_fol","CORRECT","inv8","inv8","inv8c","student-oracle-raw-ast-identical"
"classroom_fol/correct/ymwT8GZ4J8qzpGMuQ_inv2.als","classroom_fol","CORRECT","inv2","inv2","inv2c","student-oracle-raw-ast-identical"
"classroom_fol/correct/ypHR73gfJi7zZ4xQ5_inv5.als","classroom_fol","CORRECT","inv5","inv5","inv5c","student-oracle-raw-ast-identical"
"classroom_fol/correct/z8XeeXCd7hkNqqcFL_inv5.als","classroom_fol","CORRECT","inv5","inv5","inv5c","student-oracle-raw-ast-identical"
"classroom_rl/correct/24fjosEq5wgnXtd3m_inv6.als","classroom_rl","CORRECT","inv6","inv6","inv6c","student-oracle-raw-ast-identical"
"classroom_rl/correct/2GaQpuaasSY3JcgwE_inv8.als","classroom_rl","CORRECT","inv8","inv8","inv8c","student-oracle-raw-ast-identical"
"classroom_rl/correct/2JM2PfAjRjLXMxxuT_inv2.als","classroom_rl","CORRECT","inv2","inv2","inv2c","student-oracle-raw-ast-identical"
"classroom_rl/correct/2JnWAmzqA6cdhWHgh_inv1.als","classroom_rl","CORRECT","inv1","inv1","inv1c","student-oracle-raw-ast-identical"
"classroom_rl/correct/2ZoqQi8G6w7BZwe6z_inv6.als","classroom_rl","CORRECT","inv6","inv6","inv6c","student-oracle-raw-ast-identical"
"classroom_rl/correct/2cKJ2fyfxscKi6ZZB_inv15.als","classroom_rl","CORRECT","inv15","inv15","inv15c","student-oracle-raw-ast-identical"
"classroom_rl/correct/2ceYjQcbkQcWDgq4Q_inv8.als","classroom_rl","CORRECT","inv8","inv8","inv8c","student-oracle-raw-ast-identical"
"classroom_rl/correct/2giY5fkkCppax7xDe_inv1.als","classroom_rl","CORRECT","inv1","inv1","inv1c","student-oracle-raw-ast-identical"
"classroom_rl/correct/2rYe7GTYQg5TKcAR9_inv5.als","classroom_rl","CORRECT","inv5","inv5","inv5c","student-oracle-raw-ast-identical"
"classroom_rl/correct/2svSAC8PDumY7o3ct_inv1.als","classroom_rl","CORRECT","inv1","inv1","inv1c","student-oracle-raw-ast-identical"
"classroom_rl/correct/2xLAC3fbo5wWQZNmM_inv3.als","classroom_rl","CORRECT","inv3","inv3","inv3c","student-oracle-raw-ast-identical"
"classroom_rl/correct/3FnML24nsMXrvtKRS_inv8.als","classroom_rl","CORRECT","inv8","inv8","inv8c","student-oracle-raw-ast-identical"
"classroom_rl/correct/3GpWaJGKukDsKmHGM_inv1.als","classroom_rl","CORRECT","inv1","inv1","inv1c","student-oracle-raw-ast-identical"
"classroom_rl/correct/3K3JoDnouX5jffMRx_inv8.als","classroom_rl","CORRECT","inv8","inv8","inv8c","student-oracle-raw-ast-identical"
"classroom_rl/correct/3LdhFpf9gto2oX8vB_inv1.als","classroom_rl","CORRECT","inv1","inv1","inv1c","student-oracle-raw-ast-identical"
"classroom_rl/correct/3T7urcrgp6ZLA9kGk_inv5.als","classroom_rl","CORRECT","inv5","inv5","inv5c","student-oracle-raw-ast-identical"
"classroom_rl/correct/3TzkSPbdxXrffs8Eb_inv13.als","classroom_rl","CORRECT","inv13","inv13","inv13c","student-oracle-raw-ast-identical"
"classroom_rl/correct/3hHE9xBjHqLPEHLcp_inv4.als","classroom_rl","CORRECT","inv4","inv4","inv4c","student-oracle-raw-ast-identical"
"classroom_rl/correct/3kZBqLHNAeqhqfpWX_inv5.als","classroom_rl","CORRECT","inv5","inv5","inv5c","student-oracle-raw-ast-identical"
"classroom_rl/correct/3rC4HPnjSwdrSu7Y9_inv1.als","classroom_rl","CORRECT","inv1","inv1","inv1c","student-oracle-raw-ast-identical"
"classroom_rl/correct/3sLQhp8wBzXY4NxAn_inv11.als","classroom_rl","CORRECT","inv11","inv11","inv11c","student-oracle-raw-ast-identical"
"classroom_rl/correct/3theycWReBPW35H2x_inv6.als","classroom_rl","CORRECT","inv6","inv6","inv6c","student-oracle-raw-ast-identical"
"classroom_rl/correct/3vAibJghGAWxpWce6_inv10.als","classroom_rl","CORRECT","inv10","inv10","inv10c","student-oracle-raw-ast-identical"
"classroom_rl/correct/3vy9fHYoPPr34wYZ3_inv1.als","classroom_rl","CORRECT","inv1","inv1","inv1c","student-oracle-raw-ast-identical"
"classroom_rl/correct/3xpeYKj4mwpNyLELs_inv6.als","classroom_rl","CORRECT","inv6","inv6","inv6c","student-oracle-raw-ast-identical"
"classroom_rl/correct/3yBvaESwhaaTnnfNk_inv5.als","classroom_rl","CORRECT","inv5","inv5","inv5c","student-oracle-raw-ast-identical"
"classroom_rl/correct/478FZB4Pps5bd3jEh_inv1.als","classroom_rl","CORRECT","inv1","inv1","inv1c","student-oracle-raw-ast-identical"
"classroom_rl/correct/4CJiPWveNtz9BrnQr_inv2.als","classroom_rl","CORRECT","inv2","inv2","inv2c","student-oracle-raw-ast-identical"
"classroom_rl/correct/4FamhWNc7zMXZqyz7_inv11.als","classroom_rl","CORRECT","inv11","inv11","inv11c","student-oracle-raw-ast-identical"
"classroom_rl/correct/4FrrsFmffSaRLcoFc_inv6.als","classroom_rl","CORRECT","inv6","inv6","inv6c","student-oracle-raw-ast-identical"
"classroom_rl/correct/4N3jMYo2pTqfwbEwZ_inv8.als","classroom_rl","CORRECT","inv8","inv8","inv8c","student-oracle-raw-ast-identical"
"classroom_rl/correct/4QmCPJAT69tciJk4P_inv3.als","classroom_rl","CORRECT","inv3","inv3","inv3c","student-oracle-raw-ast-identical"
"classroom_rl/correct/4RKvQtN5hGFQttqYv_inv3.als","classroom_rl","CORRECT","inv3","inv3","inv3c","student-oracle-raw-ast-identical"
"classroom_rl/correct/4TeeJcrz4wcYrGkP6_inv1.als","classroom_rl","CORRECT","inv1","inv1","inv1c","student-oracle-raw-ast-identical"
"classroom_rl/correct/4eriHntwbvukYkjbu_inv6.als","classroom_rl","CORRECT","inv6","inv6","inv6c","student-oracle-raw-ast-identical"
"classroom_rl/correct/4xmu887dngfZqpmHt_inv8.als","classroom_rl","CORRECT","inv8","inv8","inv8c","student-oracle-raw-ast-identical"
"classroom_rl/correct/4yBWaFMoXeP7humLh_inv10.als","classroom_rl","CORRECT","inv10","inv10","inv10c","student-oracle-raw-ast-identical"
"classroom_rl/correct/57LFoEzTshyDMkLtH_inv5.als","classroom_rl","CORRECT","inv5","inv5","inv5c","student-oracle-raw-ast-identical"
"classroom_rl/correct/5FdENJkmFkMoxSbkQ_inv10.als","classroom_rl","CORRECT","inv10","inv10","inv10c","student-oracle-raw-ast-identical"
"classroom_rl/correct/5LxMngvhwKEktyRKQ_inv2.als","classroom_rl","CORRECT","inv2","inv2","inv2c","student-oracle-raw-ast-identical"
"classroom_rl/correct/5RaiojggBonFjXgBL_inv2.als","classroom_rl","CORRECT","inv2","inv2","inv2c","student-oracle-raw-ast-identical"
"classroom_rl/correct/62rmCahyT7WCM86o9_inv9.als","classroom_rl","CORRECT","inv9","inv9","inv9c","student-oracle-raw-ast-identical"
"classroom_rl/correct/6AgAp5YaZhmTnsmjB_inv2.als","classroom_rl","CORRECT","inv2","inv2","inv2c","student-oracle-raw-ast-identical"
"classroom_rl/correct/6TJJnG953CEreCSrX_inv8.als","classroom_rl","CORRECT","inv8","inv8","inv8c","student-oracle-raw-ast-identical"
"classroom_rl/correct/6WihtTigQjk3wB7Zy_inv8.als","classroom_rl","CORRECT","inv8","inv8","inv8c","student-oracle-raw-ast-identical"
"classroom_rl/correct/6WyjuEZ634p8GKzX7_inv1.als","classroom_rl","CORRECT","inv1","inv1","inv1c","student-oracle-raw-ast-identical"
"classroom_rl/correct/6YNfh8zfSY8Dy2AqD_inv4.als","classroom_rl","CORRECT","inv4","inv4","inv4c","student-oracle-raw-ast-identical"
"classroom_rl/correct/6Zr2uv27pG3ixTwt8_inv2.als","classroom_rl","CORRECT","inv2","inv2","inv2c","student-oracle-raw-ast-identical"
"classroom_rl/correct/6afKHG35BvmePk3h2_inv6.als","classroom_rl","CORRECT","inv6","inv6","inv6c","student-oracle-raw-ast-identical"
"classroom_rl/correct/6qDfwr5tmH9ht4FXb_inv3.als","classroom_rl","CORRECT","inv3","inv3","inv3c","student-oracle-raw-ast-identical"
"classroom_rl/correct/6tX6NhxHCi9X2MG42_inv1.als","classroom_rl","CORRECT","inv1","inv1","inv1c","student-oracle-raw-ast-identical"
"classroom_rl/correct/6ubojkrhQ64gsGcmE_inv13.als","classroom_rl","CORRECT","inv13","inv13","inv13c","student-oracle-raw-ast-identical"
"classroom_rl/correct/6wdj9bmEk7mZHRcwR_inv2.als","classroom_rl","CORRECT","inv2","inv2","inv2c","student-oracle-raw-ast-identical"
"classroom_rl/correct/72uZM9cyiqX2SF6XQ_inv10.als","classroom_rl","CORRECT","inv10","inv10","inv10c","student-oracle-raw-ast-identical"
"classroom_rl/correct/73EcjBqLT2vHuGRtc_inv3.als","classroom_rl","CORRECT","inv3","inv3","inv3c","student-oracle-raw-ast-identical"
"classroom_rl/correct/76EDtenRRTJzmpGe9_inv3.als","classroom_rl","CORRECT","inv3","inv3","inv3c","student-oracle-raw-ast-identical"
"classroom_rl/correct/76qfAmd55kiYrJcm6_inv9.als","classroom_rl","CORRECT","inv9","inv9","inv9c","student-oracle-raw-ast-identical"
"classroom_rl/correct/7KewLRdzoZvy8on3E_inv4.als","classroom_rl","CORRECT","inv4","inv4","inv4c","student-oracle-raw-ast-identical"
"classroom_rl/correct/7LrqMdxrmzMXYn439_inv2.als","classroom_rl","CORRECT","inv2","inv2","inv2c","student-oracle-raw-ast-identical"
"classroom_rl/correct/7S9We4xQsqQg5TFXg_inv3.als","classroom_rl","CORRECT","inv3","inv3","inv3c","student-oracle-raw-ast-identical"
"classroom_rl/correct/7gF2EXTxcfbTbAuup_inv1.als","classroom_rl","CORRECT","inv1","inv1","inv1c","student-oracle-raw-ast-identical"
"classroom_rl/correct/7gHYHzqFGhRsnc7bX_inv5.als","classroom_rl","CORRECT","inv5","inv5","inv5c","student-oracle-raw-ast-identical"
"classroom_rl/correct/7ibXAZpLit4kPEPD4_inv2.als","classroom_rl","CORRECT","inv2","inv2","inv2c","student-oracle-raw-ast-identical"
"classroom_rl/correct/7w86LtpysY4JcWWJL_inv8.als","classroom_rl","CORRECT","inv8","inv8","inv8c","student-oracle-raw-ast-identical"
"classroom_rl/correct/8AjQtoaqrt98Y9BtY_inv5.als","classroom_rl","CORRECT","inv5","inv5","inv5c","student-oracle-raw-ast-identical"
"classroom_rl/correct/8Bt4ckoPiDhHPhYnR_inv2.als","classroom_rl","CORRECT","inv2","inv2","inv2c","student-oracle-raw-ast-identical"
"classroom_rl/correct/8CcmTENFjRqq8vr6W_inv6.als","classroom_rl","CORRECT","inv6","inv6","inv6c","student-oracle-raw-ast-identical"
"classroom_rl/correct/8DTs5wsyXxnwSwSsk_inv11.als","classroom_rl","CORRECT","inv11","inv11","inv11c","student-oracle-raw-ast-identical"
"classroom_rl/correct/8Ez9B9RuQgjfwhDvd_inv2.als","classroom_rl","CORRECT","inv2","inv2","inv2c","student-oracle-raw-ast-identical"
"classroom_rl/correct/8R6twhRrDqcaz5YjR_inv1.als","classroom_rl","CORRECT","inv1","inv1","inv1c","student-oracle-raw-ast-identical"
"classroom_rl/correct/8g3HravoQRHZsYRyH_inv8.als","classroom_rl","CORRECT","inv8","inv8","inv8c","student-oracle-raw-ast-identical"
"classroom_rl/correct/8g9GkdbbTkX4ed4JY_inv2.als","classroom_rl","CORRECT","inv2","inv2","inv2c","student-oracle-raw-ast-identical"
"classroom_rl/correct/8hxjXpvGY3mCgmXDb_inv2.als","classroom_rl","CORRECT","inv2","inv2","inv2c","student-oracle-raw-ast-identical"
"classroom_rl/correct/8nXcfDJ4uQyJYqir7_inv5.als","classroom_rl","CORRECT","inv5","inv5","inv5c","student-oracle-raw-ast-identical"
"classroom_rl/correct/8qnDWyFMKWSQSDgRF_inv8.als","classroom_rl","CORRECT","inv8","inv8","inv8c","student-oracle-raw-ast-identical"
"classroom_rl/correct/8uHnDptk23xCHP6Sw_inv4.als","classroom_rl","CORRECT","inv4","inv4","inv4c","student-oracle-raw-ast-identical"
"classroom_rl/correct/95JH7dr3963DpwsAp_inv8.als","classroom_rl","CORRECT","inv8","inv8","inv8c","student-oracle-raw-ast-identical"
"classroom_rl/correct/9CopNFQYs4z8wDEwL_inv6.als","classroom_rl","CORRECT","inv6","inv6","inv6c","student-oracle-raw-ast-identical"
"classroom_rl/correct/9GcbPEjxbEKJNEv8d_inv5.als","classroom_rl","CORRECT","inv5","inv5","inv5c","student-oracle-raw-ast-identical"
"classroom_rl/correct/9RmKibpukmDcvyoKA_inv5.als","classroom_rl","CORRECT","inv5","inv5","inv5c","student-oracle-raw-ast-identical"
"classroom_rl/correct/9Zfiwcm4BFnE9jLND_inv8.als","classroom_rl","CORRECT","inv8","inv8","inv8c","student-oracle-raw-ast-identical"
"classroom_rl/correct/9fbAsLRdNb3kMD8Q7_inv6.als","classroom_rl","CORRECT","inv6","inv6","inv6c","student-oracle-raw-ast-identical"
"classroom_rl/correct/9oYYE2SN7ukMyt5ZK_inv2.als","classroom_rl","CORRECT","inv2","inv2","inv2c","student-oracle-raw-ast-identical"
"classroom_rl/correct/9zfDyxtMTeTbvxuy3_inv10.als","classroom_rl","CORRECT","inv10","inv10","inv10c","student-oracle-raw-ast-identical"
"classroom_rl/correct/ADGdfzAFiC3xca2Lg_inv1.als","classroom_rl","CORRECT","inv1","inv1","inv1c","student-oracle-raw-ast-identical"
"classroom_rl/correct/AGSFRtWWjW3cETWqh_inv8.als","classroom_rl","CORRECT","inv8","inv8","inv8c","student-oracle-raw-ast-identical"
"classroom_rl/correct/ALfJfCRSwzXbBioQ2_inv6.als","classroom_rl","CORRECT","inv6","inv6","inv6c","student-oracle-raw-ast-identical"
"classroom_rl/correct/AMJgriju3Fn8Z8Mza_inv6.als","classroom_rl","CORRECT","inv6","inv6","inv6c","student-oracle-raw-ast-identical"
"classroom_rl/correct/ARHDp9J7LeWkhwg2s_inv5.als","classroom_rl","CORRECT","inv5","inv5","inv5c","student-oracle-raw-ast-identical"
"classroom_rl/correct/AdqhJoMFPaQFwFcQF_inv3.als","classroom_rl","CORRECT","inv3","inv3","inv3c","student-oracle-raw-ast-identical"
"classroom_rl/correct/AfMMA2FysiHSGdWkf_inv8.als","classroom_rl","CORRECT","inv8","inv8","inv8c","student-oracle-raw-ast-identical"
"classroom_rl/correct/ApHQCkFd9hdJXQ9QZ_inv8.als","classroom_rl","CORRECT","inv8","inv8","inv8c","student-oracle-raw-ast-identical"
"classroom_rl/correct/B3yRiCN2eBBwW9aEQ_inv6.als","classroom_rl","CORRECT","inv6","inv6","inv6c","student-oracle-raw-ast-identical"
"classroom_rl/correct/B42qKqg5NgvRxJocw_inv10.als","classroom_rl","CORRECT","inv10","inv10","inv10c","student-oracle-raw-ast-identical"
"classroom_rl/correct/BTd7k7Goztj98vYAJ_inv8.als","classroom_rl","CORRECT","inv8","inv8","inv8c","student-oracle-raw-ast-identical"
"classroom_rl/correct/BbhMYSzzipkdrAkDW_inv8.als","classroom_rl","CORRECT","inv8","inv8","inv8c","student-oracle-raw-ast-identical"
"classroom_rl/correct/BeNtb8dA4uujiH8H5_inv6.als","classroom_rl","CORRECT","inv6","inv6","inv6c","student-oracle-raw-ast-identical"
"classroom_rl/correct/BgoSYRd8qRtdZvfEj_inv2.als","classroom_rl","CORRECT","inv2","inv2","inv2c","student-oracle-raw-ast-identical"
"classroom_rl/correct/Bj4RgXRHgwpGfopKQ_inv4.als","classroom_rl","CORRECT","inv4","inv4","inv4c","student-oracle-raw-ast-identical"
"classroom_rl/correct/Bp9s4djMyheXsotv2_inv8.als","classroom_rl","CORRECT","inv8","inv8","inv8c","student-oracle-raw-ast-identical"
"classroom_rl/correct/BqbLPXYGP6NELezxs_inv10.als","classroom_rl","CORRECT","inv10","inv10","inv10c","student-oracle-raw-ast-identical"
"classroom_rl/correct/Bu2RbxhCFxkFEj2bf_inv11.als","classroom_rl","CORRECT","inv11","inv11","inv11c","student-oracle-raw-ast-identical"
"classroom_rl/correct/BwZu3jPMMmntvjgsX_inv8.als","classroom_rl","CORRECT","inv8","inv8","inv8c","student-oracle-raw-ast-identical"
"classroom_rl/correct/BxnLapAWPXM7jgkzi_inv1.als","classroom_rl","CORRECT","inv1","inv1","inv1c","student-oracle-raw-ast-identical"
"classroom_rl/correct/C5HEiWXd74ZPu4kxc_inv3.als","classroom_rl","CORRECT","inv3","inv3","inv3c","student-oracle-raw-ast-identical"
"classroom_rl/correct/CC7mHtXzy6FzrWng8_inv2.als","classroom_rl","CORRECT","inv2","inv2","inv2c","student-oracle-raw-ast-identical"
"classroom_rl/correct/CEWwNTW7rtqpmttwN_inv3.als","classroom_rl","CORRECT","inv3","inv3","inv3c","student-oracle-raw-ast-identical"
"classroom_rl/correct/CGQbdaCbH53EsEXpR_inv8.als","classroom_rl","CORRECT","inv8","inv8","inv8c","student-oracle-raw-ast-identical"
"classroom_rl/correct/CH2YbSWct8EGWAxGw_inv2.als","classroom_rl","CORRECT","inv2","inv2","inv2c","student-oracle-raw-ast-identical"
"classroom_rl/correct/CHRbHo5KcamDiSA98_inv6.als","classroom_rl","CORRECT","inv6","inv6","inv6c","student-oracle-raw-ast-identical"
"classroom_rl/correct/CPPzG9Nm9ysfWnKxd_inv5.als","classroom_rl","CORRECT","inv5","inv5","inv5c","student-oracle-raw-ast-identical"
"classroom_rl/correct/CZwGffYjFdZwwpLu5_inv3.als","classroom_rl","CORRECT","inv3","inv3","inv3c","student-oracle-raw-ast-identical"
"classroom_rl/correct/CbMByudJ2QLgxRY2x_inv4.als","classroom_rl","CORRECT","inv4","inv4","inv4c","student-oracle-raw-ast-identical"
"classroom_rl/correct/Cp7vQ2ruFnvvd2CBw_inv3.als","classroom_rl","CORRECT","inv3","inv3","inv3c","student-oracle-raw-ast-identical"
"classroom_rl/correct/Cqft296rLfvPon5bc_inv6.als","classroom_rl","CORRECT","inv6","inv6","inv6c","student-oracle-raw-ast-identical"
"classroom_rl/correct/CzF4MCEMhSa9wqM6D_inv5.als","classroom_rl","CORRECT","inv5","inv5","inv5c","student-oracle-raw-ast-identical"
"classroom_rl/correct/Czuz6yLgwevPjYcfX_inv1.als","classroom_rl","CORRECT","inv1","inv1","inv1c","student-oracle-raw-ast-identical"
"classroom_rl/correct/D4Sa7kQhhYwzDzmuS_inv8.als","classroom_rl","CORRECT","inv8","inv8","inv8c","student-oracle-raw-ast-identical"
"classroom_rl/correct/D8BMCkyCuQ2acwXet_inv5.als","classroom_rl","CORRECT","inv5","inv5","inv5c","student-oracle-raw-ast-identical"
"classroom_rl/correct/DNoan3XPJMby8i59G_inv6.als","classroom_rl","CORRECT","inv6","inv6","inv6c","student-oracle-raw-ast-identical"
"classroom_rl/correct/DTyXsM7WpiWeXQTJZ_inv1.als","classroom_rl","CORRECT","inv1","inv1","inv1c","student-oracle-raw-ast-identical"
"classroom_rl/correct/DZCjo9rri9pYGYY4q_inv6.als","classroom_rl","CORRECT","inv6","inv6","inv6c","student-oracle-raw-ast-identical"
"classroom_rl/correct/DiosfWdiJ5aTFW5bg_inv3.als","classroom_rl","CORRECT","inv3","inv3","inv3c","student-oracle-raw-ast-identical"
"classroom_rl/correct/DpGiCurnJdwjsxW8G_inv3.als","classroom_rl","CORRECT","inv3","inv3","inv3c","student-oracle-raw-ast-identical"
"classroom_rl/correct/DvCHZM2tEDYsggLwQ_inv2.als","classroom_rl","CORRECT","inv2","inv2","inv2c","student-oracle-raw-ast-identical"
"classroom_rl/correct/E43vukgS2oE3vhj4p_inv5.als","classroom_rl","CORRECT","inv5","inv5","inv5c","student-oracle-raw-ast-identical"
"classroom_rl/correct/EDZRewd2L3uJMqabP_inv8.als","classroom_rl","CORRECT","inv8","inv8","inv8c","student-oracle-raw-ast-identical"
"classroom_rl/correct/EK3MnmQ6PgssvauE2_inv1.als","classroom_rl","CORRECT","inv1","inv1","inv1c","student-oracle-raw-ast-identical"
"classroom_rl/correct/ELR79aHsqGWmdvYwb_inv3.als","classroom_rl","CORRECT","inv3","inv3","inv3c","student-oracle-raw-ast-identical"
"classroom_rl/correct/EPDxEtis6MAL8ePJE_inv8.als","classroom_rl","CORRECT","inv8","inv8","inv8c","student-oracle-raw-ast-identical"
"classroom_rl/correct/ES6KWERiXcgqgz7xM_inv8.als","classroom_rl","CORRECT","inv8","inv8","inv8c","student-oracle-raw-ast-identical"
"classroom_rl/correct/EiqcG4wnY2Lys9GKY_inv8.als","classroom_rl","CORRECT","inv8","inv8","inv8c","student-oracle-raw-ast-identical"
"classroom_rl/correct/EkYuBJmofsNa538fd_inv6.als","classroom_rl","CORRECT","inv6","inv6","inv6c","student-oracle-raw-ast-identical"
"classroom_rl/correct/ExnQiaMvGqq9ikjxc_inv6.als","classroom_rl","CORRECT","inv6","inv6","inv6c","student-oracle-raw-ast-identical"
"classroom_rl/correct/F23whZxbsD44dhRxa_inv8.als","classroom_rl","CORRECT","inv8","inv8","inv8c","student-oracle-raw-ast-identical"
"classroom_rl/correct/FBWeDi4bGzLJd2QTX_inv5.als","classroom_rl","CORRECT","inv5","inv5","inv5c","student-oracle-raw-ast-identical"
"classroom_rl/correct/FJRpKKm3hYkZde32j_inv3.als","classroom_rl","CORRECT","inv3","inv3","inv3c","student-oracle-raw-ast-identical"
"classroom_rl/correct/FWizeMCxzKDAcXZdq_inv5.als","classroom_rl","CORRECT","inv5","inv5","inv5c","student-oracle-raw-ast-identical"
"classroom_rl/correct/FYZhxMy6Szm7Xjmra_inv2.als","classroom_rl","CORRECT","inv2","inv2","inv2c","student-oracle-raw-ast-identical"
"classroom_rl/correct/FamHdrfbFhfkDxw5J_inv8.als","classroom_rl","CORRECT","inv8","inv8","inv8c","student-oracle-raw-ast-identical"
"classroom_rl/correct/Fd4JGYF7dtQSqKBXY_inv3.als","classroom_rl","CORRECT","inv3","inv3","inv3c","student-oracle-raw-ast-identical"
"classroom_rl/correct/Fd8aTxfZap4HebWf6_inv6.als","classroom_rl","CORRECT","inv6","inv6","inv6c","student-oracle-raw-ast-identical"
"classroom_rl/correct/Fjz5PSnzpXQdeQ6MQ_inv1.als","classroom_rl","CORRECT","inv1","inv1","inv1c","student-oracle-raw-ast-identical"
"classroom_rl/correct/Fqp7zegtDbBAynt4Z_inv2.als","classroom_rl","CORRECT","inv2","inv2","inv2c","student-oracle-raw-ast-identical"
"classroom_rl/correct/FxsutXcMHAMLPhyaS_inv8.als","classroom_rl","CORRECT","inv8","inv8","inv8c","student-oracle-raw-ast-identical"
"classroom_rl/correct/G73bdGt9vWxBMWHzM_inv2.als","classroom_rl","CORRECT","inv2","inv2","inv2c","student-oracle-raw-ast-identical"
"classroom_rl/correct/GPiHy56d5sSxuJKST_inv8.als","classroom_rl","CORRECT","inv8","inv8","inv8c","student-oracle-raw-ast-identical"
"classroom_rl/correct/GTnYgWjf34geqTHAx_inv3.als","classroom_rl","CORRECT","inv3","inv3","inv3c","student-oracle-raw-ast-identical"
"classroom_rl/correct/GYj5SK4hnxL7h3tbP_inv6.als","classroom_rl","CORRECT","inv6","inv6","inv6c","student-oracle-raw-ast-identical"
"classroom_rl/correct/Gd4QPxDb3RX6hzbga_inv2.als","classroom_rl","CORRECT","inv2","inv2","inv2c","student-oracle-raw-ast-identical"
"classroom_rl/correct/Ge9Wohmvx3PSEJh5k_inv2.als","classroom_rl","CORRECT","inv2","inv2","inv2c","student-oracle-raw-ast-identical"
"classroom_rl/correct/Gfwdq4yzHFRsFznrb_inv11.als","classroom_rl","CORRECT","inv11","inv11","inv11c","student-oracle-raw-ast-identical"
"classroom_rl/correct/GnyCaAQZbNSHEDr9q_inv8.als","classroom_rl","CORRECT","inv8","inv8","inv8c","student-oracle-raw-ast-identical"
"classroom_rl/correct/GszX2gdZbHovtXw55_inv5.als","classroom_rl","CORRECT","inv5","inv5","inv5c","student-oracle-raw-ast-identical"
"classroom_rl/correct/Gy22PRDXsN6SXFPrr_inv3.als","classroom_rl","CORRECT","inv3","inv3","inv3c","student-oracle-raw-ast-identical"
"classroom_rl/correct/GytN2igwMNha258wB_inv1.als","classroom_rl","CORRECT","inv1","inv1","inv1c","student-oracle-raw-ast-identical"
"classroom_rl/correct/H56NSxBaihzTodCnZ_inv2.als","classroom_rl","CORRECT","inv2","inv2","inv2c","student-oracle-raw-ast-identical"
"classroom_rl/correct/H69jKNxGWgNHyKuhT_inv2.als","classroom_rl","CORRECT","inv2","inv2","inv2c","student-oracle-raw-ast-identical"
"classroom_rl/correct/H6v3oHtxNTZk7zHba_inv4.als","classroom_rl","CORRECT","inv4","inv4","inv4c","student-oracle-raw-ast-identical"
"classroom_rl/correct/HLrDcw2TZet4umGvT_inv8.als","classroom_rl","CORRECT","inv8","inv8","inv8c","student-oracle-raw-ast-identical"
"classroom_rl/correct/HNDYb7rPZ45PaEous_inv8.als","classroom_rl","CORRECT","inv8","inv8","inv8c","student-oracle-raw-ast-identical"
"classroom_rl/correct/HPhpZsA2qRjh4LZ2z_inv1.als","classroom_rl","CORRECT","inv1","inv1","inv1c","student-oracle-raw-ast-identical"
"classroom_rl/correct/HPrCE9kPoGGCYu5LM_inv8.als","classroom_rl","CORRECT","inv8","inv8","inv8c","student-oracle-raw-ast-identical"
"classroom_rl/correct/HQNae8zto8PnMw8ia_inv8.als","classroom_rl","CORRECT","inv8","inv8","inv8c","student-oracle-raw-ast-identical"
"classroom_rl/correct/HXd8HZNobaWAXRd8Q_inv3.als","classroom_rl","CORRECT","inv3","inv3","inv3c","student-oracle-raw-ast-identical"
"classroom_rl/correct/HdYsYxzfz4PScKT3c_inv10.als","classroom_rl","CORRECT","inv10","inv10","inv10c","student-oracle-raw-ast-identical"
"classroom_rl/correct/Hiiqfc7nZxzqh8f5G_inv2.als","classroom_rl","CORRECT","inv2","inv2","inv2c","student-oracle-raw-ast-identical"
"classroom_rl/correct/HorqXGZc4wgP3YPnj_inv10.als","classroom_rl","CORRECT","inv10","inv10","inv10c","student-oracle-raw-ast-identical"
"classroom_rl/correct/HrDxhgvx6Lh7fcGY4_inv1.als","classroom_rl","CORRECT","inv1","inv1","inv1c","student-oracle-raw-ast-identical"
"classroom_rl/correct/J84ZYCoxBpZK89Fvq_inv3.als","classroom_rl","CORRECT","inv3","inv3","inv3c","student-oracle-raw-ast-identical"
"classroom_rl/correct/J8T8jF2LkzmRy2Gv6_inv1.als","classroom_rl","CORRECT","inv1","inv1","inv1c","student-oracle-raw-ast-identical"
"classroom_rl/correct/J9DmQa6CSEEv2Wyd7_inv4.als","classroom_rl","CORRECT","inv4","inv4","inv4c","student-oracle-raw-ast-identical"
"classroom_rl/correct/J9LRXCEmahL32nnLb_inv8.als","classroom_rl","CORRECT","inv8","inv8","inv8c","student-oracle-raw-ast-identical"
"classroom_rl/correct/JLuYkuX9A7vpFf5wK_inv5.als","classroom_rl","CORRECT","inv5","inv5","inv5c","student-oracle-raw-ast-identical"
"classroom_rl/correct/JNaRrooohcvxRudoS_inv6.als","classroom_rl","CORRECT","inv6","inv6","inv6c","student-oracle-raw-ast-identical"
"classroom_rl/correct/JRv28L838zakt6t22_inv6.als","classroom_rl","CORRECT","inv6","inv6","inv6c","student-oracle-raw-ast-identical"
"classroom_rl/correct/JWPNSRPimiHmmf3Pw_inv2.als","classroom_rl","CORRECT","inv2","inv2","inv2c","student-oracle-raw-ast-identical"
"classroom_rl/correct/JY9k84BqxKtKsjfZL_inv5.als","classroom_rl","CORRECT","inv5","inv5","inv5c","student-oracle-raw-ast-identical"
"classroom_rl/correct/JYFAGjtos9impqiwh_inv8.als","classroom_rl","CORRECT","inv8","inv8","inv8c","student-oracle-raw-ast-identical"
"classroom_rl/correct/Jct2bAFSEcJrixRi2_inv8.als","classroom_rl","CORRECT","inv8","inv8","inv8c","student-oracle-raw-ast-identical"
"classroom_rl/correct/JmfpsTDmgS6xPee5d_inv5.als","classroom_rl","CORRECT","inv5","inv5","inv5c","student-oracle-raw-ast-identical"
"classroom_rl/correct/JqwNrjeAtCuBuk4W7_inv3.als","classroom_rl","CORRECT","inv3","inv3","inv3c","student-oracle-raw-ast-identical"
"classroom_rl/correct/JvfCESGuPc4LciDXH_inv3.als","classroom_rl","CORRECT","inv3","inv3","inv3c","student-oracle-raw-ast-identical"
"classroom_rl/correct/K3DxQ4vYvp5gXmHag_inv2.als","classroom_rl","CORRECT","inv2","inv2","inv2c","student-oracle-raw-ast-identical"
"classroom_rl/correct/K4KuzrF7z8iQHakGH_inv3.als","classroom_rl","CORRECT","inv3","inv3","inv3c","student-oracle-raw-ast-identical"
"classroom_rl/correct/KExecy2XWDrNRcduk_inv5.als","classroom_rl","CORRECT","inv5","inv5","inv5c","student-oracle-raw-ast-identical"
"classroom_rl/correct/KWyDL7tj47av6nKiF_inv5.als","classroom_rl","CORRECT","inv5","inv5","inv5c","student-oracle-raw-ast-identical"
"classroom_rl/correct/KeEPL6KkCv8qFpEpS_inv5.als","classroom_rl","CORRECT","inv5","inv5","inv5c","student-oracle-raw-ast-identical"
"classroom_rl/correct/Kh4avCcd8dPm8Pc7T_inv5.als","classroom_rl","CORRECT","inv5","inv5","inv5c","student-oracle-raw-ast-identical"
"classroom_rl/correct/KhQZhedvkBvRBQp7k_inv6.als","classroom_rl","CORRECT","inv6","inv6","inv6c","student-oracle-raw-ast-identical"
"classroom_rl/correct/Khh6BnmCYBu5CkyKK_inv13.als","classroom_rl","CORRECT","inv13","inv13","inv13c","student-oracle-raw-ast-identical"
"classroom_rl/correct/L474srti8vXPRnzNu_inv2.als","classroom_rl","CORRECT","inv2","inv2","inv2c","student-oracle-raw-ast-identical"
"classroom_rl/correct/L6RPMFQxk5SKLymAZ_inv3.als","classroom_rl","CORRECT","inv3","inv3","inv3c","student-oracle-raw-ast-identical"
"classroom_rl/correct/L9kbe9vGn5ftLHwJw_inv2.als","classroom_rl","CORRECT","inv2","inv2","inv2c","student-oracle-raw-ast-identical"
"classroom_rl/correct/LJkxprLwzdcFMAkcZ_inv10.als","classroom_rl","CORRECT","inv10","inv10","inv10c","student-oracle-raw-ast-identical"
"classroom_rl/correct/LQDKhozHQYMivuN8P_inv2.als","classroom_rl","CORRECT","inv2","inv2","inv2c","student-oracle-raw-ast-identical"
"classroom_rl/correct/LSDopiAXnmSKaQg8M_inv1.als","classroom_rl","CORRECT","inv1","inv1","inv1c","student-oracle-raw-ast-identical"
"classroom_rl/correct/LazBHqtCnnb6TiuuE_inv3.als","classroom_rl","CORRECT","inv3","inv3","inv3c","student-oracle-raw-ast-identical"
"classroom_rl/correct/Ln7uoR6a4fYp98vi4_inv5.als","classroom_rl","CORRECT","inv5","inv5","inv5c","student-oracle-raw-ast-identical"
"classroom_rl/correct/LojrHoXWN5N6Kkc7w_inv2.als","classroom_rl","CORRECT","inv2","inv2","inv2c","student-oracle-raw-ast-identical"
"classroom_rl/correct/LwkxxKBoZJPq2cDcz_inv8.als","classroom_rl","CORRECT","inv8","inv8","inv8c","student-oracle-raw-ast-identical"
"classroom_rl/correct/M6Rvsd523K6D6sCYb_inv1.als","classroom_rl","CORRECT","inv1","inv1","inv1c","student-oracle-raw-ast-identical"
"classroom_rl/correct/MDETKLEvRWXTxFGBK_inv8.als","classroom_rl","CORRECT","inv8","inv8","inv8c","student-oracle-raw-ast-identical"
"classroom_rl/correct/MDccbgJFNyGRCneNW_inv6.als","classroom_rl","CORRECT","inv6","inv6","inv6c","student-oracle-raw-ast-identical"
"classroom_rl/correct/MJm5puAiLmeX6aLvp_inv1.als","classroom_rl","CORRECT","inv1","inv1","inv1c","student-oracle-raw-ast-identical"
"classroom_rl/correct/MP5obmhyy4ovLp3zQ_inv13.als","classroom_rl","CORRECT","inv13","inv13","inv13c","student-oracle-raw-ast-identical"
"classroom_rl/correct/MYBG2aKFNyPwrDMwb_inv10.als","classroom_rl","CORRECT","inv10","inv10","inv10c","student-oracle-raw-ast-identical"
"classroom_rl/correct/MZQEevce98mhooXxn_inv8.als","classroom_rl","CORRECT","inv8","inv8","inv8c","student-oracle-raw-ast-identical"
"classroom_rl/correct/MbpufcCbCJaSxZoix_inv10.als","classroom_rl","CORRECT","inv10","inv10","inv10c","student-oracle-raw-ast-identical"
"classroom_rl/correct/McKZphv3noEDpFWJt_inv2.als","classroom_rl","CORRECT","inv2","inv2","inv2c","student-oracle-raw-ast-identical"
"classroom_rl/correct/MidvtWghhvtH3HstE_inv8.als","classroom_rl","CORRECT","inv8","inv8","inv8c","student-oracle-raw-ast-identical"
"classroom_rl/correct/Mjf3EBdBfWfhC3xaf_inv1.als","classroom_rl","CORRECT","inv1","inv1","inv1c","student-oracle-raw-ast-identical"
"classroom_rl/correct/Mwo8zr963vT2yp4BQ_inv6.als","classroom_rl","CORRECT","inv6","inv6","inv6c","student-oracle-raw-ast-identical"
"classroom_rl/correct/MyCgDajiSQDifsrKP_inv4.als","classroom_rl","CORRECT","inv4","inv4","inv4c","student-oracle-raw-ast-identical"
"classroom_rl/correct/N3PpZNGzzX3WBj9LA_inv2.als","classroom_rl","CORRECT","inv2","inv2","inv2c","student-oracle-raw-ast-identical"
"classroom_rl/correct/N9MmccnqqyNEDBXJT_inv8.als","classroom_rl","CORRECT","inv8","inv8","inv8c","student-oracle-raw-ast-identical"
"classroom_rl/correct/NBJyNC2CLhrauGC7e_inv6.als","classroom_rl","CORRECT","inv6","inv6","inv6c","student-oracle-raw-ast-identical"
"classroom_rl/correct/NDr2udY73A4vt9hZQ_inv6.als","classroom_rl","CORRECT","inv6","inv6","inv6c","student-oracle-raw-ast-identical"
"classroom_rl/correct/NDw4WAHpsZ3MFyE7L_inv13.als","classroom_rl","CORRECT","inv13","inv13","inv13c","student-oracle-raw-ast-identical"
"classroom_rl/correct/NGq6NWpBuxhrbqZNB_inv6.als","classroom_rl","CORRECT","inv6","inv6","inv6c","student-oracle-raw-ast-identical"
"classroom_rl/correct/NJWR3up8gKFZSGqYm_inv3.als","classroom_rl","CORRECT","inv3","inv3","inv3c","student-oracle-raw-ast-identical"
"classroom_rl/correct/NNhFEA2qg4uPjz34H_inv11.als","classroom_rl","CORRECT","inv11","inv11","inv11c","student-oracle-raw-ast-identical"
"classroom_rl/correct/NSteqwtzt7hJiS6xq_inv3.als","classroom_rl","CORRECT","inv3","inv3","inv3c","student-oracle-raw-ast-identical"
"classroom_rl/correct/NY8rsq7SSz52e6nec_inv5.als","classroom_rl","CORRECT","inv5","inv5","inv5c","student-oracle-raw-ast-identical"
"classroom_rl/correct/NYSKSe8XS3pZMpPNK_inv8.als","classroom_rl","CORRECT","inv8","inv8","inv8c","student-oracle-raw-ast-identical"
"classroom_rl/correct/NyPe6AMN3jB26HWnY_inv6.als","classroom_rl","CORRECT","inv6","inv6","inv6c","student-oracle-raw-ast-identical"
"classroom_rl/correct/P32epivTMDiKt3WA2_inv3.als","classroom_rl","CORRECT","inv3","inv3","inv3c","student-oracle-raw-ast-identical"
"classroom_rl/correct/P3cezXwiy8Xuoxngv_inv2.als","classroom_rl","CORRECT","inv2","inv2","inv2c","student-oracle-raw-ast-identical"
"classroom_rl/correct/P6xhATpy3zd8fn7ed_inv2.als","classroom_rl","CORRECT","inv2","inv2","inv2c","student-oracle-raw-ast-identical"
"classroom_rl/correct/P8RjjC4yr57b8Da24_inv6.als","classroom_rl","CORRECT","inv6","inv6","inv6c","student-oracle-raw-ast-identical"
"classroom_rl/correct/P9qyQiWMk6wZv7haj_inv1.als","classroom_rl","CORRECT","inv1","inv1","inv1c","student-oracle-raw-ast-identical"
"classroom_rl/correct/PHC8mzWA8og3BZKhj_inv3.als","classroom_rl","CORRECT","inv3","inv3","inv3c","student-oracle-raw-ast-identical"
"classroom_rl/correct/PKRXf4LWpsQgMKhJC_inv1.als","classroom_rl","CORRECT","inv1","inv1","inv1c","student-oracle-raw-ast-identical"
"classroom_rl/correct/PQS7s4EnhWF8Mumxd_inv4.als","classroom_rl","CORRECT","inv4","inv4","inv4c","student-oracle-raw-ast-identical"
"classroom_rl/correct/PWnkt6nSsHcrnLq49_inv2.als","classroom_rl","CORRECT","inv2","inv2","inv2c","student-oracle-raw-ast-identical"
"classroom_rl/correct/PXfM2KB5zxDwRc2tF_inv2.als","classroom_rl","CORRECT","inv2","inv2","inv2c","student-oracle-raw-ast-identical"
"classroom_rl/correct/PZaDrji4qSAhXSoGx_inv8.als","classroom_rl","CORRECT","inv8","inv8","inv8c","student-oracle-raw-ast-identical"
"classroom_rl/correct/Pac7AgNLjCqumczE5_inv2.als","classroom_rl","CORRECT","inv2","inv2","inv2c","student-oracle-raw-ast-identical"
"classroom_rl/correct/PbS5vjiNoTMs5MLvj_inv2.als","classroom_rl","CORRECT","inv2","inv2","inv2c","student-oracle-raw-ast-identical"
"classroom_rl/correct/Pix2AtKJsZj6RbhZN_inv11.als","classroom_rl","CORRECT","inv11","inv11","inv11c","student-oracle-raw-ast-identical"
"classroom_rl/correct/PpJ7axbzM4HEAo2Dx_inv1.als","classroom_rl","CORRECT","inv1","inv1","inv1c","student-oracle-raw-ast-identical"
"classroom_rl/correct/PqxmhgXGGhfYWDKsG_inv5.als","classroom_rl","CORRECT","inv5","inv5","inv5c","student-oracle-raw-ast-identical"
"classroom_rl/correct/PtPwkDrXwmojj2CYT_inv8.als","classroom_rl","CORRECT","inv8","inv8","inv8c","student-oracle-raw-ast-identical"
"classroom_rl/correct/PxrWQSP8ZDWsBgtZ9_inv2.als","classroom_rl","CORRECT","inv2","inv2","inv2c","student-oracle-raw-ast-identical"
"classroom_rl/correct/Py5dNeD6SgLhEZP9G_inv8.als","classroom_rl","CORRECT","inv8","inv8","inv8c","student-oracle-raw-ast-identical"
"classroom_rl/correct/Pz8XENZxEcuxfFAyP_inv3.als","classroom_rl","CORRECT","inv3","inv3","inv3c","student-oracle-raw-ast-identical"
"classroom_rl/correct/QATgbza96shJufnH5_inv3.als","classroom_rl","CORRECT","inv3","inv3","inv3c","student-oracle-raw-ast-identical"
"classroom_rl/correct/QBA5HZqLxPmu3eTR6_inv15.als","classroom_rl","CORRECT","inv15","inv15","inv15c","student-oracle-raw-ast-identical"
"classroom_rl/correct/QQYduDSQXe6fz2jCK_inv1.als","classroom_rl","CORRECT","inv1","inv1","inv1c","student-oracle-raw-ast-identical"
"classroom_rl/correct/QaC9qbMxyBQFf4D9Y_inv3.als","classroom_rl","CORRECT","inv3","inv3","inv3c","student-oracle-raw-ast-identical"
"classroom_rl/correct/QekPn3oYT6JqNgYWS_inv1.als","classroom_rl","CORRECT","inv1","inv1","inv1c","student-oracle-raw-ast-identical"
"classroom_rl/correct/QgEzarmMXKB6nj6EN_inv3.als","classroom_rl","CORRECT","inv3","inv3","inv3c","student-oracle-raw-ast-identical"
"classroom_rl/correct/Qjb9so5dtrbZoomjB_inv6.als","classroom_rl","CORRECT","inv6","inv6","inv6c","student-oracle-raw-ast-identical"
"classroom_rl/correct/Qx2WxeGsfysoHzzpG_inv1.als","classroom_rl","CORRECT","inv1","inv1","inv1c","student-oracle-raw-ast-identical"
"classroom_rl/correct/R4w4LBtLBg446o5mE_inv1.als","classroom_rl","CORRECT","inv1","inv1","inv1c","student-oracle-raw-ast-identical"
"classroom_rl/correct/R5TAJY3RPnmsvx4mR_inv6.als","classroom_rl","CORRECT","inv6","inv6","inv6c","student-oracle-raw-ast-identical"
"classroom_rl/correct/R5zm4dfzN8WAkx2q6_inv1.als","classroom_rl","CORRECT","inv1","inv1","inv1c","student-oracle-raw-ast-identical"
"classroom_rl/correct/RCaB7kiQeuHKPRKPL_inv1.als","classroom_rl","CORRECT","inv1","inv1","inv1c","student-oracle-raw-ast-identical"
"classroom_rl/correct/RExuNht8tXNXw3QSR_inv8.als","classroom_rl","CORRECT","inv8","inv8","inv8c","student-oracle-raw-ast-identical"
"classroom_rl/correct/RGm77yQ6SWhsyirkm_inv3.als","classroom_rl","CORRECT","inv3","inv3","inv3c","student-oracle-raw-ast-identical"
"classroom_rl/correct/RGpsvp8zcKraKvFxQ_inv8.als","classroom_rl","CORRECT","inv8","inv8","inv8c","student-oracle-raw-ast-identical"
"classroom_rl/correct/RTnnMxuJSzy2bprst_inv13.als","classroom_rl","CORRECT","inv13","inv13","inv13c","student-oracle-raw-ast-identical"
"classroom_rl/correct/RZZjpg6mgXThDbwNS_inv6.als","classroom_rl","CORRECT","inv6","inv6","inv6c","student-oracle-raw-ast-identical"
"classroom_rl/correct/RcWmzvr5fFtTyPEww_inv10.als","classroom_rl","CORRECT","inv10","inv10","inv10c","student-oracle-raw-ast-identical"
"classroom_rl/correct/RfXzAzs4H2Jfuxb2q_inv2.als","classroom_rl","CORRECT","inv2","inv2","inv2c","student-oracle-raw-ast-identical"
"classroom_rl/correct/RmDTKL5JjyQhrXT2S_inv6.als","classroom_rl","CORRECT","inv6","inv6","inv6c","student-oracle-raw-ast-identical"
"classroom_rl/correct/Rn3CvfLvvYY5Np3Qq_inv14.als","classroom_rl","CORRECT","inv14","inv14","inv14c","student-oracle-raw-ast-identical"
"classroom_rl/correct/Rrv6SyhJcEarCBMta_inv2.als","classroom_rl","CORRECT","inv2","inv2","inv2c","student-oracle-raw-ast-identical"
"classroom_rl/correct/RtGhvDEkiEKEpBG2k_inv8.als","classroom_rl","CORRECT","inv8","inv8","inv8c","student-oracle-raw-ast-identical"
"classroom_rl/correct/S4vPYWBaDKWxyWAxK_inv2.als","classroom_rl","CORRECT","inv2","inv2","inv2c","student-oracle-raw-ast-identical"
"classroom_rl/correct/SH86P3yv5gAATe7eW_inv6.als","classroom_rl","CORRECT","inv6","inv6","inv6c","student-oracle-raw-ast-identical"
"classroom_rl/correct/SHNF5Tf7NdPjhqzfr_inv6.als","classroom_rl","CORRECT","inv6","inv6","inv6c","student-oracle-raw-ast-identical"
"classroom_rl/correct/SNekeADuS7HX29u2F_inv5.als","classroom_rl","CORRECT","inv5","inv5","inv5c","student-oracle-raw-ast-identical"
"classroom_rl/correct/SPxa4MdEb8jiPaLY9_inv6.als","classroom_rl","CORRECT","inv6","inv6","inv6c","student-oracle-raw-ast-identical"
"classroom_rl/correct/SRjSr5uHaAuxF8Dts_inv5.als","classroom_rl","CORRECT","inv5","inv5","inv5c","student-oracle-raw-ast-identical"
"classroom_rl/correct/SWFuuu6BG2mxt5XZs_inv8.als","classroom_rl","CORRECT","inv8","inv8","inv8c","student-oracle-raw-ast-identical"
"classroom_rl/correct/SpKLLPA4D9u3hLW4s_inv8.als","classroom_rl","CORRECT","inv8","inv8","inv8c","student-oracle-raw-ast-identical"
"classroom_rl/correct/SvsdfBaSXeZBDCN6Y_inv2.als","classroom_rl","CORRECT","inv2","inv2","inv2c","student-oracle-raw-ast-identical"
"classroom_rl/correct/SzAi9QGhoBzjuAJju_inv5.als","classroom_rl","CORRECT","inv5","inv5","inv5c","student-oracle-raw-ast-identical"
"classroom_rl/correct/T9NXdcTecgzK9XTk2_inv8.als","classroom_rl","CORRECT","inv8","inv8","inv8c","student-oracle-raw-ast-identical"
"classroom_rl/correct/TFKnmwdCNicMjqZM4_inv2.als","classroom_rl","CORRECT","inv2","inv2","inv2c","student-oracle-raw-ast-identical"
"classroom_rl/correct/TLt28fMhdibvMsCtF_inv3.als","classroom_rl","CORRECT","inv3","inv3","inv3c","student-oracle-raw-ast-identical"
"classroom_rl/correct/TQZW4hGQDjMshKiJS_inv1.als","classroom_rl","CORRECT","inv1","inv1","inv1c","student-oracle-raw-ast-identical"
"classroom_rl/correct/TRJRyxAiWZZ4Ag8Df_inv6.als","classroom_rl","CORRECT","inv6","inv6","inv6c","student-oracle-raw-ast-identical"
"classroom_rl/correct/TRrQ9zk2BvjJtJmDY_inv10.als","classroom_rl","CORRECT","inv10","inv10","inv10c","student-oracle-raw-ast-identical"
"classroom_rl/correct/TYhEjzui8AFMoHkiN_inv3.als","classroom_rl","CORRECT","inv3","inv3","inv3c","student-oracle-raw-ast-identical"
"classroom_rl/correct/TYyBFLn7CYBQdnRee_inv1.als","classroom_rl","CORRECT","inv1","inv1","inv1c","student-oracle-raw-ast-identical"
"classroom_rl/correct/TdDbTEkDEJnrkNbMs_inv2.als","classroom_rl","CORRECT","inv2","inv2","inv2c","student-oracle-raw-ast-identical"
"classroom_rl/correct/ThXBgHDmZdc4eCe8H_inv2.als","classroom_rl","CORRECT","inv2","inv2","inv2c","student-oracle-raw-ast-identical"
"classroom_rl/correct/TktdG7TnGxSrZasw3_inv6.als","classroom_rl","CORRECT","inv6","inv6","inv6c","student-oracle-raw-ast-identical"
"classroom_rl/correct/W2hPAKHiiHKipc63D_inv2.als","classroom_rl","CORRECT","inv2","inv2","inv2c","student-oracle-raw-ast-identical"
"classroom_rl/correct/W2y2AdmRsX7QLTYHk_inv8.als","classroom_rl","CORRECT","inv8","inv8","inv8c","student-oracle-raw-ast-identical"
"classroom_rl/correct/WCEWZeRZcD6xv92hH_inv2.als","classroom_rl","CORRECT","inv2","inv2","inv2c","student-oracle-raw-ast-identical"
"classroom_rl/correct/WMNfZjLDpMzRyLdg6_inv2.als","classroom_rl","CORRECT","inv2","inv2","inv2c","student-oracle-raw-ast-identical"
"classroom_rl/correct/WW3hhGNdKmtETE2nk_inv8.als","classroom_rl","CORRECT","inv8","inv8","inv8c","student-oracle-raw-ast-identical"
"classroom_rl/correct/Wbpyw6BAcM3Rk3vRE_inv6.als","classroom_rl","CORRECT","inv6","inv6","inv6c","student-oracle-raw-ast-identical"
"classroom_rl/correct/WdjkZu7sgB84PnaHQ_inv1.als","classroom_rl","CORRECT","inv1","inv1","inv1c","student-oracle-raw-ast-identical"
"classroom_rl/correct/Wfu4tMXyEhFmBt772_inv10.als","classroom_rl","CORRECT","inv10","inv10","inv10c","student-oracle-raw-ast-identical"
"classroom_rl/correct/WgJ8u7CdrFrcGaNa9_inv6.als","classroom_rl","CORRECT","inv6","inv6","inv6c","student-oracle-raw-ast-identical"
"classroom_rl/correct/WmfLyGjBvdn58kyNp_inv10.als","classroom_rl","CORRECT","inv10","inv10","inv10c","student-oracle-raw-ast-identical"
"classroom_rl/correct/WmufmFNLHYB3dQhLL_inv5.als","classroom_rl","CORRECT","inv5","inv5","inv5c","student-oracle-raw-ast-identical"
"classroom_rl/correct/WnE62MgoYF8Dged9Z_inv2.als","classroom_rl","CORRECT","inv2","inv2","inv2c","student-oracle-raw-ast-identical"
"classroom_rl/correct/X2oTZiRhxZZmdjm5n_inv3.als","classroom_rl","CORRECT","inv3","inv3","inv3c","student-oracle-raw-ast-identical"
"classroom_rl/correct/X6eRdagQTxbPEMkmm_inv1.als","classroom_rl","CORRECT","inv1","inv1","inv1c","student-oracle-raw-ast-identical"
"classroom_rl/correct/X8T2q4v7Nkt9MyGok_inv8.als","classroom_rl","CORRECT","inv8","inv8","inv8c","student-oracle-raw-ast-identical"
"classroom_rl/correct/XBqDTojjr7c9wZs7B_inv2.als","classroom_rl","CORRECT","inv2","inv2","inv2c","student-oracle-raw-ast-identical"
"classroom_rl/correct/XNYhKWQ9F8e5s3qXF_inv1.als","classroom_rl","CORRECT","inv1","inv1","inv1c","student-oracle-raw-ast-identical"
"classroom_rl/correct/XZLRoywF8WQAa9PHy_inv3.als","classroom_rl","CORRECT","inv3","inv3","inv3c","student-oracle-raw-ast-identical"
"classroom_rl/correct/XdHms6kEth254TDJp_inv4.als","classroom_rl","CORRECT","inv4","inv4","inv4c","student-oracle-raw-ast-identical"
"classroom_rl/correct/XqKu5ySAK7obhL2kz_inv5.als","classroom_rl","CORRECT","inv5","inv5","inv5c","student-oracle-raw-ast-identical"
"classroom_rl/correct/Xr5jzX2y7Q5J9yXS8_inv6.als","classroom_rl","CORRECT","inv6","inv6","inv6c","student-oracle-raw-ast-identical"
"classroom_rl/correct/Y2d3SuRDHuDr98BaX_inv6.als","classroom_rl","CORRECT","inv6","inv6","inv6c","student-oracle-raw-ast-identical"
"classroom_rl/correct/Y4FJ3nTCAtiZqqZNQ_inv2.als","classroom_rl","CORRECT","inv2","inv2","inv2c","student-oracle-raw-ast-identical"
"classroom_rl/correct/Y5utLYJbahonLYXDz_inv2.als","classroom_rl","CORRECT","inv2","inv2","inv2c","student-oracle-raw-ast-identical"
"classroom_rl/correct/YBnprxNzs7hw6PEG5_inv10.als","classroom_rl","CORRECT","inv10","inv10","inv10c","student-oracle-raw-ast-identical"
"classroom_rl/correct/YCj6ToRi4XFTzHTxX_inv4.als","classroom_rl","CORRECT","inv4","inv4","inv4c","student-oracle-raw-ast-identical"
"classroom_rl/correct/YEpLgfx3QgtqET5SD_inv4.als","classroom_rl","CORRECT","inv4","inv4","inv4c","student-oracle-raw-ast-identical"
"classroom_rl/correct/YGuLZT7g9opgwLcp2_inv6.als","classroom_rl","CORRECT","inv6","inv6","inv6c","student-oracle-raw-ast-identical"
"classroom_rl/correct/YNMiHXWq2M4syyjiK_inv5.als","classroom_rl","CORRECT","inv5","inv5","inv5c","student-oracle-raw-ast-identical"
"classroom_rl/correct/YNcJZdP8wR2qjgr4g_inv8.als","classroom_rl","CORRECT","inv8","inv8","inv8c","student-oracle-raw-ast-identical"
"classroom_rl/correct/YQkfvYEiprGm3DuLP_inv3.als","classroom_rl","CORRECT","inv3","inv3","inv3c","student-oracle-raw-ast-identical"
"classroom_rl/correct/YRpb4kbgHyuPn4byL_inv5.als","classroom_rl","CORRECT","inv5","inv5","inv5c","student-oracle-raw-ast-identical"
"classroom_rl/correct/YdBpYZc79NDKcKGbo_inv6.als","classroom_rl","CORRECT","inv6","inv6","inv6c","student-oracle-raw-ast-identical"
"classroom_rl/correct/Yhpk4EkaaWMxaEfuN_inv4.als","classroom_rl","CORRECT","inv4","inv4","inv4c","student-oracle-raw-ast-identical"
"classroom_rl/correct/YkGFfdvjo2FDJcABd_inv3.als","classroom_rl","CORRECT","inv3","inv3","inv3c","student-oracle-raw-ast-identical"
"classroom_rl/correct/YrRWgQuPJv9YDXGbX_inv1.als","classroom_rl","CORRECT","inv1","inv1","inv1c","student-oracle-raw-ast-identical"
"classroom_rl/correct/YzHN6iSwsv8GjfHku_inv8.als","classroom_rl","CORRECT","inv8","inv8","inv8c","student-oracle-raw-ast-identical"
"classroom_rl/correct/ZLDi2cp5Zy43PPDWA_inv1.als","classroom_rl","CORRECT","inv1","inv1","inv1c","student-oracle-raw-ast-identical"
"classroom_rl/correct/ZT2iu68PYi26GMv5Q_inv1.als","classroom_rl","CORRECT","inv1","inv1","inv1c","student-oracle-raw-ast-identical"
"classroom_rl/correct/ZWWcoyMDCPXhBekZf_inv8.als","classroom_rl","CORRECT","inv8","inv8","inv8c","student-oracle-raw-ast-identical"
"classroom_rl/correct/ZXmy6E8XqzMKWryH6_inv5.als","classroom_rl","CORRECT","inv5","inv5","inv5c","student-oracle-raw-ast-identical"
"classroom_rl/correct/ZgKXX64tZmGFzFf6N_inv2.als","classroom_rl","CORRECT","inv2","inv2","inv2c","student-oracle-raw-ast-identical"
"classroom_rl/correct/ZiQ7AJCRvYhJJ7LNY_inv2.als","classroom_rl","CORRECT","inv2","inv2","inv2c","student-oracle-raw-ast-identical"
"classroom_rl/correct/ZkMxrjxP3oxYgb7am_inv4.als","classroom_rl","CORRECT","inv4","inv4","inv4c","student-oracle-raw-ast-identical"
"classroom_rl/correct/ZrB9smmPRLQeZGtuh_inv5.als","classroom_rl","CORRECT","inv5","inv5","inv5c","student-oracle-raw-ast-identical"
"classroom_rl/correct/ZwX25FAAAkuXKyjfQ_inv1.als","classroom_rl","CORRECT","inv1","inv1","inv1c","student-oracle-raw-ast-identical"
"classroom_rl/correct/ZxaZKTFJHXmBBmToK_inv11.als","classroom_rl","CORRECT","inv11","inv11","inv11c","student-oracle-raw-ast-identical"
"classroom_rl/correct/ZybLxpd2WQmKo4bFy_inv5.als","classroom_rl","CORRECT","inv5","inv5","inv5c","student-oracle-raw-ast-identical"
"classroom_rl/correct/a2fKLsQXmj7TDzFvc_inv5.als","classroom_rl","CORRECT","inv5","inv5","inv5c","student-oracle-raw-ast-identical"
"classroom_rl/correct/a5jYZQ96brzuBao4X_inv11.als","classroom_rl","CORRECT","inv11","inv11","inv11c","student-oracle-raw-ast-identical"
"classroom_rl/correct/a6cbPETK32MGrZs8A_inv3.als","classroom_rl","CORRECT","inv3","inv3","inv3c","student-oracle-raw-ast-identical"
"classroom_rl/correct/a77iQnhNecRuB8uwb_inv7.als","classroom_rl","CORRECT","inv7","inv7","inv7c","student-oracle-raw-ast-identical"
"classroom_rl/correct/a94u6iMgHunQDJzFL_inv10.als","classroom_rl","CORRECT","inv10","inv10","inv10c","student-oracle-raw-ast-identical"
"classroom_rl/correct/aARw6amA6HRu89s5z_inv15.als","classroom_rl","CORRECT","inv15","inv15","inv15c","student-oracle-raw-ast-identical"
"classroom_rl/correct/aKwqmJe5oScJPnoL5_inv5.als","classroom_rl","CORRECT","inv5","inv5","inv5c","student-oracle-raw-ast-identical"
"classroom_rl/correct/aSnFa3neDFpDtJkuT_inv3.als","classroom_rl","CORRECT","inv3","inv3","inv3c","student-oracle-raw-ast-identical"
"classroom_rl/correct/aWtFCe4fJfE3TMgiw_inv10.als","classroom_rl","CORRECT","inv10","inv10","inv10c","student-oracle-raw-ast-identical"
"classroom_rl/correct/abN5wkKYEsS8cDRhi_inv2.als","classroom_rl","CORRECT","inv2","inv2","inv2c","student-oracle-raw-ast-identical"
"classroom_rl/correct/ahARJE7nsEEZEwBds_inv6.als","classroom_rl","CORRECT","inv6","inv6","inv6c","student-oracle-raw-ast-identical"
"classroom_rl/correct/amKu3Y8pYwKxhacnZ_inv2.als","classroom_rl","CORRECT","inv2","inv2","inv2c","student-oracle-raw-ast-identical"
"classroom_rl/correct/avnAW4sDuQKDaZkFm_inv5.als","classroom_rl","CORRECT","inv5","inv5","inv5c","student-oracle-raw-ast-identical"
"classroom_rl/correct/b5MkH7DtDptJ32ykq_inv8.als","classroom_rl","CORRECT","inv8","inv8","inv8c","student-oracle-raw-ast-identical"
"classroom_rl/correct/bEmsKjo2kiocXt5a9_inv1.als","classroom_rl","CORRECT","inv1","inv1","inv1c","student-oracle-raw-ast-identical"
"classroom_rl/correct/bGxeFyQKgP8cK3Lou_inv2.als","classroom_rl","CORRECT","inv2","inv2","inv2c","student-oracle-raw-ast-identical"
"classroom_rl/correct/bH3mSraj8tHvkYCxo_inv3.als","classroom_rl","CORRECT","inv3","inv3","inv3c","student-oracle-raw-ast-identical"
"classroom_rl/correct/bKR2TC8dDopFtdKzt_inv1.als","classroom_rl","CORRECT","inv1","inv1","inv1c","student-oracle-raw-ast-identical"
"classroom_rl/correct/bahQCj7937ur9NMRv_inv1.als","classroom_rl","CORRECT","inv1","inv1","inv1c","student-oracle-raw-ast-identical"
"classroom_rl/correct/beGpaPtnhaZ6k4MwP_inv1.als","classroom_rl","CORRECT","inv1","inv1","inv1c","student-oracle-raw-ast-identical"
"classroom_rl/correct/bhkb6vWkrC7ktxFp8_inv8.als","classroom_rl","CORRECT","inv8","inv8","inv8c","student-oracle-raw-ast-identical"
"classroom_rl/correct/bmda2sckzuWZ5vpGE_inv6.als","classroom_rl","CORRECT","inv6","inv6","inv6c","student-oracle-raw-ast-identical"
"classroom_rl/correct/boAwNi7GeaBfQTzFi_inv2.als","classroom_rl","CORRECT","inv2","inv2","inv2c","student-oracle-raw-ast-identical"
"classroom_rl/correct/bp2BNTszbpgGwv2SR_inv2.als","classroom_rl","CORRECT","inv2","inv2","inv2c","student-oracle-raw-ast-identical"
"classroom_rl/correct/brhqwvoua2Kq48M4Q_inv1.als","classroom_rl","CORRECT","inv1","inv1","inv1c","student-oracle-raw-ast-identical"
"classroom_rl/correct/bxh9AniniJJAtToMD_inv6.als","classroom_rl","CORRECT","inv6","inv6","inv6c","student-oracle-raw-ast-identical"
"classroom_rl/correct/by3ZX6ibo8E5vBRgt_inv5.als","classroom_rl","CORRECT","inv5","inv5","inv5c","student-oracle-raw-ast-identical"
"classroom_rl/correct/c2vr3k7MrSWw5zgCJ_inv2.als","classroom_rl","CORRECT","inv2","inv2","inv2c","student-oracle-raw-ast-identical"
"classroom_rl/correct/c79tmcKtPWccCc3Xg_inv13.als","classroom_rl","CORRECT","inv13","inv13","inv13c","student-oracle-raw-ast-identical"
"classroom_rl/correct/cFW3QWFb2L9qMhdvm_inv8.als","classroom_rl","CORRECT","inv8","inv8","inv8c","student-oracle-raw-ast-identical"
"classroom_rl/correct/cMAirRaqBCevPPmRR_inv2.als","classroom_rl","CORRECT","inv2","inv2","inv2c","student-oracle-raw-ast-identical"
"classroom_rl/correct/cMokxvBBsNWrJste6_inv2.als","classroom_rl","CORRECT","inv2","inv2","inv2c","student-oracle-raw-ast-identical"
"classroom_rl/correct/cMwAduzxSdFpKjSQZ_inv13.als","classroom_rl","CORRECT","inv13","inv13","inv13c","student-oracle-raw-ast-identical"
"classroom_rl/correct/cR7xygwpxBouL8QH6_inv4.als","classroom_rl","CORRECT","inv4","inv4","inv4c","student-oracle-raw-ast-identical"
"classroom_rl/correct/cW2aAgZmLRrEjrm58_inv2.als","classroom_rl","CORRECT","inv2","inv2","inv2c","student-oracle-raw-ast-identical"
"classroom_rl/correct/cXukkCEuvQHy4Wcef_inv1.als","classroom_rl","CORRECT","inv1","inv1","inv1c","student-oracle-raw-ast-identical"
"classroom_rl/correct/ccJkoctsWzrzQ7SR7_inv2.als","classroom_rl","CORRECT","inv2","inv2","inv2c","student-oracle-raw-ast-identical"
"classroom_rl/correct/cdZcPaLqQpWwr9mBM_inv10.als","classroom_rl","CORRECT","inv10","inv10","inv10c","student-oracle-raw-ast-identical"
"classroom_rl/correct/cibNhhqbR4N5C9reu_inv4.als","classroom_rl","CORRECT","inv4","inv4","inv4c","student-oracle-raw-ast-identical"
"classroom_rl/correct/ckYphFdKhsAqAcaai_inv2.als","classroom_rl","CORRECT","inv2","inv2","inv2c","student-oracle-raw-ast-identical"
"classroom_rl/correct/cp5fhRjgaB8zQYkpF_inv5.als","classroom_rl","CORRECT","inv5","inv5","inv5c","student-oracle-raw-ast-identical"
"classroom_rl/correct/cqny4r2jcvejdGhq7_inv2.als","classroom_rl","CORRECT","inv2","inv2","inv2c","student-oracle-raw-ast-identical"
"classroom_rl/correct/cthWGAELdfDFRGpxa_inv6.als","classroom_rl","CORRECT","inv6","inv6","inv6c","student-oracle-raw-ast-identical"
"classroom_rl/correct/d5CMz8CGatRwYz3sg_inv2.als","classroom_rl","CORRECT","inv2","inv2","inv2c","student-oracle-raw-ast-identical"
"classroom_rl/correct/dCS748S6G8nzqRrAy_inv3.als","classroom_rl","CORRECT","inv3","inv3","inv3c","student-oracle-raw-ast-identical"
"classroom_rl/correct/dMpxHRaFnzugRcdFp_inv6.als","classroom_rl","CORRECT","inv6","inv6","inv6c","student-oracle-raw-ast-identical"
"classroom_rl/correct/dYJMHfgwpdRvfhn5y_inv10.als","classroom_rl","CORRECT","inv10","inv10","inv10c","student-oracle-raw-ast-identical"
"classroom_rl/correct/dZhDuFgMLgsxigJf9_inv8.als","classroom_rl","CORRECT","inv8","inv8","inv8c","student-oracle-raw-ast-identical"
"classroom_rl/correct/dcSsWwG5Fue3H9JzN_inv2.als","classroom_rl","CORRECT","inv2","inv2","inv2c","student-oracle-raw-ast-identical"
"classroom_rl/correct/dftvBKNBfAnQN56RA_inv10.als","classroom_rl","CORRECT","inv10","inv10","inv10c","student-oracle-raw-ast-identical"
"classroom_rl/correct/dkQqEtYhyi7GE6c5G_inv2.als","classroom_rl","CORRECT","inv2","inv2","inv2c","student-oracle-raw-ast-identical"
"classroom_rl/correct/dmbR39YkX7baJpPTt_inv1.als","classroom_rl","CORRECT","inv1","inv1","inv1c","student-oracle-raw-ast-identical"
"classroom_rl/correct/dox4emkYZYP5E5hc4_inv5.als","classroom_rl","CORRECT","inv5","inv5","inv5c","student-oracle-raw-ast-identical"
"classroom_rl/correct/dqKR3JYr62ZwhT5AA_inv2.als","classroom_rl","CORRECT","inv2","inv2","inv2c","student-oracle-raw-ast-identical"
"classroom_rl/correct/dtbL9hAchhnKnpeKp_inv1.als","classroom_rl","CORRECT","inv1","inv1","inv1c","student-oracle-raw-ast-identical"
"classroom_rl/correct/dzFEkSrTPJoFjJEG7_inv3.als","classroom_rl","CORRECT","inv3","inv3","inv3c","student-oracle-raw-ast-identical"
"classroom_rl/correct/dzGjQL8L2y8xcpruD_inv10.als","classroom_rl","CORRECT","inv10","inv10","inv10c","student-oracle-raw-ast-identical"
"classroom_rl/correct/e2XCxhLpLZoLHhv4s_inv5.als","classroom_rl","CORRECT","inv5","inv5","inv5c","student-oracle-raw-ast-identical"
"classroom_rl/correct/eCHAQYnY677oXZwWt_inv1.als","classroom_rl","CORRECT","inv1","inv1","inv1c","student-oracle-raw-ast-identical"
"classroom_rl/correct/eJnk3XvKC5LdM6esx_inv3.als","classroom_rl","CORRECT","inv3","inv3","inv3c","student-oracle-raw-ast-identical"
"classroom_rl/correct/eM44hgAHQsQTP77ae_inv2.als","classroom_rl","CORRECT","inv2","inv2","inv2c","student-oracle-raw-ast-identical"
"classroom_rl/correct/eMbyi8WTNCBJuTAAH_inv2.als","classroom_rl","CORRECT","inv2","inv2","inv2c","student-oracle-raw-ast-identical"
"classroom_rl/correct/ePLKmaPE3296FkxGd_inv5.als","classroom_rl","CORRECT","inv5","inv5","inv5c","student-oracle-raw-ast-identical"
"classroom_rl/correct/eRRSTHeihRy99r8G2_inv3.als","classroom_rl","CORRECT","inv3","inv3","inv3c","student-oracle-raw-ast-identical"
"classroom_rl/correct/eZ4WQJ8iX2SFKmrS4_inv1.als","classroom_rl","CORRECT","inv1","inv1","inv1c","student-oracle-raw-ast-identical"
"classroom_rl/correct/eetrejn3j85dGLQxE_inv8.als","classroom_rl","CORRECT","inv8","inv8","inv8c","student-oracle-raw-ast-identical"
"classroom_rl/correct/ehHEuZyw5eH2DzcNi_inv10.als","classroom_rl","CORRECT","inv10","inv10","inv10c","student-oracle-raw-ast-identical"
"classroom_rl/correct/enpT2MFjGintQeYYp_inv8.als","classroom_rl","CORRECT","inv8","inv8","inv8c","student-oracle-raw-ast-identical"
"classroom_rl/correct/eoQQ4aoQ5WrNKqPzT_inv2.als","classroom_rl","CORRECT","inv2","inv2","inv2c","student-oracle-raw-ast-identical"
"classroom_rl/correct/epAB8k9NSzPAKBQdM_inv4.als","classroom_rl","CORRECT","inv4","inv4","inv4c","student-oracle-raw-ast-identical"
"classroom_rl/correct/f3dLM6PZhwsAuaeya_inv3.als","classroom_rl","CORRECT","inv3","inv3","inv3c","student-oracle-raw-ast-identical"
"classroom_rl/correct/f5tmqwXjZKMnmTQxj_inv2.als","classroom_rl","CORRECT","inv2","inv2","inv2c","student-oracle-raw-ast-identical"
"classroom_rl/correct/f8bp38ti22CMt2nGD_inv5.als","classroom_rl","CORRECT","inv5","inv5","inv5c","student-oracle-raw-ast-identical"
"classroom_rl/correct/fEbqyPPv9kFf4B8Qc_inv6.als","classroom_rl","CORRECT","inv6","inv6","inv6c","student-oracle-raw-ast-identical"
"classroom_rl/correct/fGSG7jzicuDNy8mjH_inv13.als","classroom_rl","CORRECT","inv13","inv13","inv13c","student-oracle-raw-ast-identical"
"classroom_rl/correct/fH5nWkSMmG5f9dJgM_inv8.als","classroom_rl","CORRECT","inv8","inv8","inv8c","student-oracle-raw-ast-identical"
"classroom_rl/correct/fNSm99ZCKg7CT4z6i_inv2.als","classroom_rl","CORRECT","inv2","inv2","inv2c","student-oracle-raw-ast-identical"
"classroom_rl/correct/fTySK93MGHYGeNKM8_inv8.als","classroom_rl","CORRECT","inv8","inv8","inv8c","student-oracle-raw-ast-identical"
"classroom_rl/correct/fTyg7YRYE83SybFHd_inv5.als","classroom_rl","CORRECT","inv5","inv5","inv5c","student-oracle-raw-ast-identical"
"classroom_rl/correct/fWdkPTPMnT9z2uh24_inv5.als","classroom_rl","CORRECT","inv5","inv5","inv5c","student-oracle-raw-ast-identical"
"classroom_rl/correct/fYC4Eh2xruLzF5r5B_inv2.als","classroom_rl","CORRECT","inv2","inv2","inv2c","student-oracle-raw-ast-identical"
"classroom_rl/correct/fZi5onQS3aysSqhme_inv2.als","classroom_rl","CORRECT","inv2","inv2","inv2c","student-oracle-raw-ast-identical"
"classroom_rl/correct/fadRStrKGhuqycJzc_inv8.als","classroom_rl","CORRECT","inv8","inv8","inv8c","student-oracle-raw-ast-identical"
"classroom_rl/correct/fcXPacdRGdYSNshYx_inv2.als","classroom_rl","CORRECT","inv2","inv2","inv2c","student-oracle-raw-ast-identical"
"classroom_rl/correct/feDhWAN8F4YpYaggb_inv3.als","classroom_rl","CORRECT","inv3","inv3","inv3c","student-oracle-raw-ast-identical"
"classroom_rl/correct/fqaeMP9FxqFKzKs5N_inv6.als","classroom_rl","CORRECT","inv6","inv6","inv6c","student-oracle-raw-ast-identical"
"classroom_rl/correct/fqmwj8FqhLGggSRjm_inv1.als","classroom_rl","CORRECT","inv1","inv1","inv1c","student-oracle-raw-ast-identical"
"classroom_rl/correct/fs2znQpk2dwmRyjqM_inv2.als","classroom_rl","CORRECT","inv2","inv2","inv2c","student-oracle-raw-ast-identical"
"classroom_rl/correct/fyfhaQH22eL4TQrbs_inv2.als","classroom_rl","CORRECT","inv2","inv2","inv2c","student-oracle-raw-ast-identical"
"classroom_rl/correct/gENm9hjbJjKeYXhtp_inv2.als","classroom_rl","CORRECT","inv2","inv2","inv2c","student-oracle-raw-ast-identical"
"classroom_rl/correct/gW9ZD3z8Jh5uQPwLz_inv1.als","classroom_rl","CORRECT","inv1","inv1","inv1c","student-oracle-raw-ast-identical"
"classroom_rl/correct/gheZm4EMJv24eBwHP_inv6.als","classroom_rl","CORRECT","inv6","inv6","inv6c","student-oracle-raw-ast-identical"
"classroom_rl/correct/gwfJL8wzryeoNvG9f_inv6.als","classroom_rl","CORRECT","inv6","inv6","inv6c","student-oracle-raw-ast-identical"
"classroom_rl/correct/h4QgDkbA6NSTpHDvc_inv5.als","classroom_rl","CORRECT","inv5","inv5","inv5c","student-oracle-raw-ast-identical"
"classroom_rl/correct/h4vCDbDGBSoiBjbEK_inv5.als","classroom_rl","CORRECT","inv5","inv5","inv5c","student-oracle-raw-ast-identical"
"classroom_rl/correct/hHRjYx9wYqccv3FMS_inv2.als","classroom_rl","CORRECT","inv2","inv2","inv2c","student-oracle-raw-ast-identical"
"classroom_rl/correct/hPk6xRM7m5vqBTFoD_inv2.als","classroom_rl","CORRECT","inv2","inv2","inv2c","student-oracle-raw-ast-identical"
"classroom_rl/correct/hYKqwQgehvq7zyD5y_inv8.als","classroom_rl","CORRECT","inv8","inv8","inv8c","student-oracle-raw-ast-identical"
"classroom_rl/correct/hZTK8NjfgKQYpR8oC_inv2.als","classroom_rl","CORRECT","inv2","inv2","inv2c","student-oracle-raw-ast-identical"
"classroom_rl/correct/hnu8FBifABExiajpg_inv4.als","classroom_rl","CORRECT","inv4","inv4","inv4c","student-oracle-raw-ast-identical"
"classroom_rl/correct/huNLu6kaqxLZKaJYn_inv6.als","classroom_rl","CORRECT","inv6","inv6","inv6c","student-oracle-raw-ast-identical"
"classroom_rl/correct/hweR8unvoiyjxK2dZ_inv1.als","classroom_rl","CORRECT","inv1","inv1","inv1c","student-oracle-raw-ast-identical"
"classroom_rl/correct/hyh522Gxjf3ShLoSL_inv6.als","classroom_rl","CORRECT","inv6","inv6","inv6c","student-oracle-raw-ast-identical"
"classroom_rl/correct/hykgC8J4j6rRjqcZw_inv11.als","classroom_rl","CORRECT","inv11","inv11","inv11c","student-oracle-raw-ast-identical"
"classroom_rl/correct/i85kmYxD3yaBzP3FZ_inv13.als","classroom_rl","CORRECT","inv13","inv13","inv13c","student-oracle-raw-ast-identical"
"classroom_rl/correct/iXNJsXcBDXz7mntiz_inv2.als","classroom_rl","CORRECT","inv2","inv2","inv2c","student-oracle-raw-ast-identical"
"classroom_rl/correct/iXbKhShiNKMxgKoti_inv5.als","classroom_rl","CORRECT","inv5","inv5","inv5c","student-oracle-raw-ast-identical"
"classroom_rl/correct/iYhwQ5bcyCwdFuTZT_inv2.als","classroom_rl","CORRECT","inv2","inv2","inv2c","student-oracle-raw-ast-identical"
"classroom_rl/correct/iajhycs2A3f898Smg_inv1.als","classroom_rl","CORRECT","inv1","inv1","inv1c","student-oracle-raw-ast-identical"
"classroom_rl/correct/ihh8cahjwzdP97gMe_inv2.als","classroom_rl","CORRECT","inv2","inv2","inv2c","student-oracle-raw-ast-identical"
"classroom_rl/correct/ik7xQbRYbqZsKcwXx_inv10.als","classroom_rl","CORRECT","inv10","inv10","inv10c","student-oracle-raw-ast-identical"
"classroom_rl/correct/in3yivtrtezvY8dit_inv2.als","classroom_rl","CORRECT","inv2","inv2","inv2c","student-oracle-raw-ast-identical"
"classroom_rl/correct/ipPLwHNfkseb2ZuYd_inv4.als","classroom_rl","CORRECT","inv4","inv4","inv4c","student-oracle-raw-ast-identical"
"classroom_rl/correct/iq9WRRQu95u6Ka9SH_inv4.als","classroom_rl","CORRECT","inv4","inv4","inv4c","student-oracle-raw-ast-identical"
"classroom_rl/correct/ixzEHCasbbjdJX9yk_inv5.als","classroom_rl","CORRECT","inv5","inv5","inv5c","student-oracle-raw-ast-identical"
"classroom_rl/correct/j4KNFBbxWdzsJeTHL_inv5.als","classroom_rl","CORRECT","inv5","inv5","inv5c","student-oracle-raw-ast-identical"
"classroom_rl/correct/j6KBCZZ97Fqbo6NXE_inv2.als","classroom_rl","CORRECT","inv2","inv2","inv2c","student-oracle-raw-ast-identical"
"classroom_rl/correct/jBbwKFXKy9J6sHnyd_inv6.als","classroom_rl","CORRECT","inv6","inv6","inv6c","student-oracle-raw-ast-identical"
"classroom_rl/correct/jBw2pR4qRo9eRpjnn_inv8.als","classroom_rl","CORRECT","inv8","inv8","inv8c","student-oracle-raw-ast-identical"
"classroom_rl/correct/jFo9gM5Q5cficBLt6_inv5.als","classroom_rl","CORRECT","inv5","inv5","inv5c","student-oracle-raw-ast-identical"
"classroom_rl/correct/jJskQtQ8gW9BKvwfP_inv1.als","classroom_rl","CORRECT","inv1","inv1","inv1c","student-oracle-raw-ast-identical"
"classroom_rl/correct/jM8s5nj4vx47PHCRr_inv1.als","classroom_rl","CORRECT","inv1","inv1","inv1c","student-oracle-raw-ast-identical"
"classroom_rl/correct/jNFSzHiDDFFgYwaS6_inv5.als","classroom_rl","CORRECT","inv5","inv5","inv5c","student-oracle-raw-ast-identical"
"classroom_rl/correct/jZGkgLwaHu2ge2iwW_inv3.als","classroom_rl","CORRECT","inv3","inv3","inv3c","student-oracle-raw-ast-identical"
"classroom_rl/correct/jcFgbxbTXb5Psab2r_inv8.als","classroom_rl","CORRECT","inv8","inv8","inv8c","student-oracle-raw-ast-identical"
"classroom_rl/correct/jg5jmJQBd6d8sG9AX_inv1.als","classroom_rl","CORRECT","inv1","inv1","inv1c","student-oracle-raw-ast-identical"
"classroom_rl/correct/jhQejaWZ3gkPXJdhC_inv6.als","classroom_rl","CORRECT","inv6","inv6","inv6c","student-oracle-raw-ast-identical"
"classroom_rl/correct/jrgYqimh2xCP572PG_inv10.als","classroom_rl","CORRECT","inv10","inv10","inv10c","student-oracle-raw-ast-identical"
"classroom_rl/correct/k5mC3pfqNdYD9Cquo_inv10.als","classroom_rl","CORRECT","inv10","inv10","inv10c","student-oracle-raw-ast-identical"
"classroom_rl/correct/k7ZTB2GGEjcDDoLh5_inv5.als","classroom_rl","CORRECT","inv5","inv5","inv5c","student-oracle-raw-ast-identical"
"classroom_rl/correct/k7c8n4ugEgBA2h2Ya_inv8.als","classroom_rl","CORRECT","inv8","inv8","inv8c","student-oracle-raw-ast-identical"
"classroom_rl/correct/kBsBGaRhjxBhETCt4_inv6.als","classroom_rl","CORRECT","inv6","inv6","inv6c","student-oracle-raw-ast-identical"
"classroom_rl/correct/kCw3eZwxKAHk7Q8Gd_inv5.als","classroom_rl","CORRECT","inv5","inv5","inv5c","student-oracle-raw-ast-identical"
"classroom_rl/correct/kFRAo7zootSnRHsvA_inv8.als","classroom_rl","CORRECT","inv8","inv8","inv8c","student-oracle-raw-ast-identical"
"classroom_rl/correct/kH8ft4jZt6vwkCTMh_inv5.als","classroom_rl","CORRECT","inv5","inv5","inv5c","student-oracle-raw-ast-identical"
"classroom_rl/correct/kKsYgi8mt5ahXZhbv_inv10.als","classroom_rl","CORRECT","inv10","inv10","inv10c","student-oracle-raw-ast-identical"
"classroom_rl/correct/kRXiNXL2vwNizHrSA_inv11.als","classroom_rl","CORRECT","inv11","inv11","inv11c","student-oracle-raw-ast-identical"
"classroom_rl/correct/kTEzMzuF5zPB9pya2_inv2.als","classroom_rl","CORRECT","inv2","inv2","inv2c","student-oracle-raw-ast-identical"
"classroom_rl/correct/kTJQ3mymhDLzhfftB_inv1.als","classroom_rl","CORRECT","inv1","inv1","inv1c","student-oracle-raw-ast-identical"
"classroom_rl/correct/kYZt25X3m5WQ8vETd_inv5.als","classroom_rl","CORRECT","inv5","inv5","inv5c","student-oracle-raw-ast-identical"
"classroom_rl/correct/kcQE4jjsvMgJD5NA6_inv2.als","classroom_rl","CORRECT","inv2","inv2","inv2c","student-oracle-raw-ast-identical"
"classroom_rl/correct/kdpGuJZnx9vwpsknB_inv3.als","classroom_rl","CORRECT","inv3","inv3","inv3c","student-oracle-raw-ast-identical"
"classroom_rl/correct/mLgmxpjWMZcud236X_inv1.als","classroom_rl","CORRECT","inv1","inv1","inv1c","student-oracle-raw-ast-identical"
"classroom_rl/correct/mMCqxLyfNsvEcYvnz_inv8.als","classroom_rl","CORRECT","inv8","inv8","inv8c","student-oracle-raw-ast-identical"
"classroom_rl/correct/mQ49SGegKJYz85Wib_inv1.als","classroom_rl","CORRECT","inv1","inv1","inv1c","student-oracle-raw-ast-identical"
"classroom_rl/correct/mQX5TCaQSxd59asqJ_inv2.als","classroom_rl","CORRECT","inv2","inv2","inv2c","student-oracle-raw-ast-identical"
"classroom_rl/correct/mSeJpYANqp2MLGj2g_inv1.als","classroom_rl","CORRECT","inv1","inv1","inv1c","student-oracle-raw-ast-identical"
"classroom_rl/correct/mTXjing66MGKHB775_inv8.als","classroom_rl","CORRECT","inv8","inv8","inv8c","student-oracle-raw-ast-identical"
"classroom_rl/correct/mTdaGgCSKHof9caDv_inv2.als","classroom_rl","CORRECT","inv2","inv2","inv2c","student-oracle-raw-ast-identical"
"classroom_rl/correct/mWfPYDQWduQcffSiq_inv3.als","classroom_rl","CORRECT","inv3","inv3","inv3c","student-oracle-raw-ast-identical"
"classroom_rl/correct/mWt5XzMEhDMS7GmeJ_inv6.als","classroom_rl","CORRECT","inv6","inv6","inv6c","student-oracle-raw-ast-identical"
"classroom_rl/correct/mYxKkFLuh2jgcMffd_inv6.als","classroom_rl","CORRECT","inv6","inv6","inv6c","student-oracle-raw-ast-identical"
"classroom_rl/correct/mbmKguBHecugFp7wF_inv5.als","classroom_rl","CORRECT","inv5","inv5","inv5c","student-oracle-raw-ast-identical"
"classroom_rl/correct/mc24CHDaK7cHhBmon_inv2.als","classroom_rl","CORRECT","inv2","inv2","inv2c","student-oracle-raw-ast-identical"
"classroom_rl/correct/mqFRrx8eyyoZz9EaL_inv9.als","classroom_rl","CORRECT","inv9","inv9","inv9c","student-oracle-raw-ast-identical"
"classroom_rl/correct/mwvkuvpadSB4cENKa_inv6.als","classroom_rl","CORRECT","inv6","inv6","inv6c","student-oracle-raw-ast-identical"
"classroom_rl/correct/n925Cah3K5Sw5iJwH_inv3.als","classroom_rl","CORRECT","inv3","inv3","inv3c","student-oracle-raw-ast-identical"
"classroom_rl/correct/nGgJZrvDDZTTphNgS_inv5.als","classroom_rl","CORRECT","inv5","inv5","inv5c","student-oracle-raw-ast-identical"
"classroom_rl/correct/nHRheKTwEq6AWhpRe_inv3.als","classroom_rl","CORRECT","inv3","inv3","inv3c","student-oracle-raw-ast-identical"
"classroom_rl/correct/nTz8usKQm4uS53TXy_inv3.als","classroom_rl","CORRECT","inv3","inv3","inv3c","student-oracle-raw-ast-identical"
"classroom_rl/correct/nX9HAwoFxDujgLTug_inv10.als","classroom_rl","CORRECT","inv10","inv10","inv10c","student-oracle-raw-ast-identical"
"classroom_rl/correct/nYTPe4da6XHSz2q2u_inv5.als","classroom_rl","CORRECT","inv5","inv5","inv5c","student-oracle-raw-ast-identical"
"classroom_rl/correct/nZSHh9AbgN3qosqSQ_inv2.als","classroom_rl","CORRECT","inv2","inv2","inv2c","student-oracle-raw-ast-identical"
"classroom_rl/correct/ngfHQwBoccJkyxkq3_inv8.als","classroom_rl","CORRECT","inv8","inv8","inv8c","student-oracle-raw-ast-identical"
"classroom_rl/correct/ngnY42tYz62wZLMtu_inv1.als","classroom_rl","CORRECT","inv1","inv1","inv1c","student-oracle-raw-ast-identical"
"classroom_rl/correct/njxaZCZy3oD4eoFPp_inv8.als","classroom_rl","CORRECT","inv8","inv8","inv8c","student-oracle-raw-ast-identical"
"classroom_rl/correct/nochXXxvNahx5mjeh_inv4.als","classroom_rl","CORRECT","inv4","inv4","inv4c","student-oracle-raw-ast-identical"
"classroom_rl/correct/nvGXGye5m3tDQwC87_inv3.als","classroom_rl","CORRECT","inv3","inv3","inv3c","student-oracle-raw-ast-identical"
"classroom_rl/correct/nxM6DEw6Lxg9vK6Q3_inv2.als","classroom_rl","CORRECT","inv2","inv2","inv2c","student-oracle-raw-ast-identical"
"classroom_rl/correct/nzLDJmP3gnG2Geiz8_inv5.als","classroom_rl","CORRECT","inv5","inv5","inv5c","student-oracle-raw-ast-identical"
"classroom_rl/correct/o94RgHT86S7Bt2uAz_inv13.als","classroom_rl","CORRECT","inv13","inv13","inv13c","student-oracle-raw-ast-identical"
"classroom_rl/correct/oPqRHwqib2jvoiQ6D_inv2.als","classroom_rl","CORRECT","inv2","inv2","inv2c","student-oracle-raw-ast-identical"
"classroom_rl/correct/obt5PdAks5ZLnru4M_inv3.als","classroom_rl","CORRECT","inv3","inv3","inv3c","student-oracle-raw-ast-identical"
"classroom_rl/correct/ofmvtRivi3FXrKLnc_inv1.als","classroom_rl","CORRECT","inv1","inv1","inv1c","student-oracle-raw-ast-identical"
"classroom_rl/correct/ot6mpgZuvr3Cy78Ry_inv10.als","classroom_rl","CORRECT","inv10","inv10","inv10c","student-oracle-raw-ast-identical"
"classroom_rl/correct/oxYM3JgJCuSzuojw9_inv3.als","classroom_rl","CORRECT","inv3","inv3","inv3c","student-oracle-raw-ast-identical"
"classroom_rl/correct/p6N7gDFtKmrTt5FZk_inv4.als","classroom_rl","CORRECT","inv4","inv4","inv4c","student-oracle-raw-ast-identical"
"classroom_rl/correct/pBanQKQgZctHji2pp_inv8.als","classroom_rl","CORRECT","inv8","inv8","inv8c","student-oracle-raw-ast-identical"
"classroom_rl/correct/pJ7gFSFGwueowhpot_inv2.als","classroom_rl","CORRECT","inv2","inv2","inv2c","student-oracle-raw-ast-identical"
"classroom_rl/correct/pJj2u34K6b4c7fNze_inv8.als","classroom_rl","CORRECT","inv8","inv8","inv8c","student-oracle-raw-ast-identical"
"classroom_rl/correct/pP7KSRuZLtYkCfiAr_inv5.als","classroom_rl","CORRECT","inv5","inv5","inv5c","student-oracle-raw-ast-identical"
"classroom_rl/correct/pQqRqrRcnnyNuoBc9_inv8.als","classroom_rl","CORRECT","inv8","inv8","inv8c","student-oracle-raw-ast-identical"
"classroom_rl/correct/pRyjsAkjGpjnudtyr_inv5.als","classroom_rl","CORRECT","inv5","inv5","inv5c","student-oracle-raw-ast-identical"
"classroom_rl/correct/pZka7QjXdjptoAdt5_inv5.als","classroom_rl","CORRECT","inv5","inv5","inv5c","student-oracle-raw-ast-identical"
"classroom_rl/correct/pb5R9tYFvAjPc3Nwf_inv3.als","classroom_rl","CORRECT","inv3","inv3","inv3c","student-oracle-raw-ast-identical"
"classroom_rl/correct/pfGoZkpfiyTaobH49_inv6.als","classroom_rl","CORRECT","inv6","inv6","inv6c","student-oracle-raw-ast-identical"
"classroom_rl/correct/phaJAm7esqf4GvZ6w_inv1.als","classroom_rl","CORRECT","inv1","inv1","inv1c","student-oracle-raw-ast-identical"
"classroom_rl/correct/pqJhqa2NwRdDnT8ae_inv6.als","classroom_rl","CORRECT","inv6","inv6","inv6c","student-oracle-raw-ast-identical"
"classroom_rl/correct/prAWhg2JGGDquwRuR_inv2.als","classroom_rl","CORRECT","inv2","inv2","inv2c","student-oracle-raw-ast-identical"
"classroom_rl/correct/prBvphkZqWvgwXyjg_inv1.als","classroom_rl","CORRECT","inv1","inv1","inv1c","student-oracle-raw-ast-identical"
"classroom_rl/correct/pw6YpWNt77bgPXb6S_inv13.als","classroom_rl","CORRECT","inv13","inv13","inv13c","student-oracle-raw-ast-identical"
"classroom_rl/correct/pz4Dmq8CbLaPKf6rq_inv4.als","classroom_rl","CORRECT","inv4","inv4","inv4c","student-oracle-raw-ast-identical"
"classroom_rl/correct/q2j7GFuhdDbaryyC4_inv5.als","classroom_rl","CORRECT","inv5","inv5","inv5c","student-oracle-raw-ast-identical"
"classroom_rl/correct/q8wDShMZb6Cytqq7T_inv4.als","classroom_rl","CORRECT","inv4","inv4","inv4c","student-oracle-raw-ast-identical"
"classroom_rl/correct/qFCDwPF8Wprp7Yrma_inv5.als","classroom_rl","CORRECT","inv5","inv5","inv5c","student-oracle-raw-ast-identical"
"classroom_rl/correct/qNFsgY779wxhhYnGz_inv10.als","classroom_rl","CORRECT","inv10","inv10","inv10c","student-oracle-raw-ast-identical"
"classroom_rl/correct/qQSBiZszb5CJLfreg_inv3.als","classroom_rl","CORRECT","inv3","inv3","inv3c","student-oracle-raw-ast-identical"
"classroom_rl/correct/qQfx5q4AfdxRYDRNy_inv2.als","classroom_rl","CORRECT","inv2","inv2","inv2c","student-oracle-raw-ast-identical"
"classroom_rl/correct/qRDCYRzZtWjtaWprk_inv10.als","classroom_rl","CORRECT","inv10","inv10","inv10c","student-oracle-raw-ast-identical"
"classroom_rl/correct/qZzwF4t4j77JQMwNN_inv1.als","classroom_rl","CORRECT","inv1","inv1","inv1c","student-oracle-raw-ast-identical"
"classroom_rl/correct/qfzZovTYQK3Jz9Kwo_inv3.als","classroom_rl","CORRECT","inv3","inv3","inv3c","student-oracle-raw-ast-identical"
"classroom_rl/correct/qnMnrLDq3LM7dc6Dd_inv3.als","classroom_rl","CORRECT","inv3","inv3","inv3c","student-oracle-raw-ast-identical"
"classroom_rl/correct/qu567z46vdHBMb2B4_inv6.als","classroom_rl","CORRECT","inv6","inv6","inv6c","student-oracle-raw-ast-identical"
"classroom_rl/correct/r3mGvpxzSwHj6H5dd_inv5.als","classroom_rl","CORRECT","inv5","inv5","inv5c","student-oracle-raw-ast-identical"
"classroom_rl/correct/r6yWec79qR3ti3stR_inv13.als","classroom_rl","CORRECT","inv13","inv13","inv13c","student-oracle-raw-ast-identical"
"classroom_rl/correct/r9HoghFHCbooz5iDs_inv3.als","classroom_rl","CORRECT","inv3","inv3","inv3c","student-oracle-raw-ast-identical"
"classroom_rl/correct/rLFLmMECTys284uBY_inv2.als","classroom_rl","CORRECT","inv2","inv2","inv2c","student-oracle-raw-ast-identical"
"classroom_rl/correct/rPLtFpNgL52Qyy54r_inv5.als","classroom_rl","CORRECT","inv5","inv5","inv5c","student-oracle-raw-ast-identical"
"classroom_rl/correct/rS5jyRbGK67xgib3D_inv13.als","classroom_rl","CORRECT","inv13","inv13","inv13c","student-oracle-raw-ast-identical"
"classroom_rl/correct/rfuumfYnWeEk5LDiv_inv8.als","classroom_rl","CORRECT","inv8","inv8","inv8c","student-oracle-raw-ast-identical"
"classroom_rl/correct/rj9DM22TEfg3kWYYA_inv8.als","classroom_rl","CORRECT","inv8","inv8","inv8c","student-oracle-raw-ast-identical"
"classroom_rl/correct/s5jBg3DbrCXs4B7YB_inv1.als","classroom_rl","CORRECT","inv1","inv1","inv1c","student-oracle-raw-ast-identical"
"classroom_rl/correct/sAkMr27Gz78i3fvB4_inv5.als","classroom_rl","CORRECT","inv5","inv5","inv5c","student-oracle-raw-ast-identical"
"classroom_rl/correct/sD4bXoGmzFDfLmdXK_inv5.als","classroom_rl","CORRECT","inv5","inv5","inv5c","student-oracle-raw-ast-identical"
"classroom_rl/correct/sEf2hT7HhJTnjBcg5_inv4.als","classroom_rl","CORRECT","inv4","inv4","inv4c","student-oracle-raw-ast-identical"
"classroom_rl/correct/sEkhDkDwFTMG79qNF_inv8.als","classroom_rl","CORRECT","inv8","inv8","inv8c","student-oracle-raw-ast-identical"
"classroom_rl/correct/sYFBgZGH8g8Ty2HSs_inv8.als","classroom_rl","CORRECT","inv8","inv8","inv8c","student-oracle-raw-ast-identical"
"classroom_rl/correct/sc9NpHTY5DYirgLfi_inv4.als","classroom_rl","CORRECT","inv4","inv4","inv4c","student-oracle-raw-ast-identical"
"classroom_rl/correct/sg9pEo6iFn4uxNKtZ_inv2.als","classroom_rl","CORRECT","inv2","inv2","inv2c","student-oracle-raw-ast-identical"
"classroom_rl/correct/skaFoFusDP6cLpKmE_inv2.als","classroom_rl","CORRECT","inv2","inv2","inv2c","student-oracle-raw-ast-identical"
"classroom_rl/correct/smCgFKtp5PhiqYE85_inv2.als","classroom_rl","CORRECT","inv2","inv2","inv2c","student-oracle-raw-ast-identical"
"classroom_rl/correct/smd7g6fbzmXSKbGbA_inv5.als","classroom_rl","CORRECT","inv5","inv5","inv5c","student-oracle-raw-ast-identical"
"classroom_rl/correct/smoHdfbebkbZQbZcN_inv8.als","classroom_rl","CORRECT","inv8","inv8","inv8c","student-oracle-raw-ast-identical"
"classroom_rl/correct/srpKnjaQnRwjpQmYK_inv5.als","classroom_rl","CORRECT","inv5","inv5","inv5c","student-oracle-raw-ast-identical"
"classroom_rl/correct/srpNYKn2gBzJHmmEx_inv1.als","classroom_rl","CORRECT","inv1","inv1","inv1c","student-oracle-raw-ast-identical"
"classroom_rl/correct/ssJqKWaSNDo6obzuJ_inv2.als","classroom_rl","CORRECT","inv2","inv2","inv2c","student-oracle-raw-ast-identical"
"classroom_rl/correct/stDwpstHa4JcdwGKD_inv10.als","classroom_rl","CORRECT","inv10","inv10","inv10c","student-oracle-raw-ast-identical"
"classroom_rl/correct/svpGTb8YnA8YeKrb4_inv6.als","classroom_rl","CORRECT","inv6","inv6","inv6c","student-oracle-raw-ast-identical"
"classroom_rl/correct/syXASZqF4DhLDcDto_inv9.als","classroom_rl","CORRECT","inv9","inv9","inv9c","student-oracle-raw-ast-identical"
"classroom_rl/correct/synqvKAzK4SjtoT3p_inv8.als","classroom_rl","CORRECT","inv8","inv8","inv8c","student-oracle-raw-ast-identical"
"classroom_rl/correct/sz2ap8CJNq7jFoky3_inv9.als","classroom_rl","CORRECT","inv9","inv9","inv9c","student-oracle-raw-ast-identical"
"classroom_rl/correct/t7YbjJe25KwNWLL4q_inv2.als","classroom_rl","CORRECT","inv2","inv2","inv2c","student-oracle-raw-ast-identical"
"classroom_rl/correct/teZbng759n3oYcqCL_inv5.als","classroom_rl","CORRECT","inv5","inv5","inv5c","student-oracle-raw-ast-identical"
"classroom_rl/correct/titejg2AyKmGyMAja_inv13.als","classroom_rl","CORRECT","inv13","inv13","inv13c","student-oracle-raw-ast-identical"
"classroom_rl/correct/tyjPRok6h5DeMxoNz_inv8.als","classroom_rl","CORRECT","inv8","inv8","inv8c","student-oracle-raw-ast-identical"
"classroom_rl/correct/u88Ksc7mveL62EM4S_inv5.als","classroom_rl","CORRECT","inv5","inv5","inv5c","student-oracle-raw-ast-identical"
"classroom_rl/correct/uD9vnzY5vL3bNe5t6_inv2.als","classroom_rl","CORRECT","inv2","inv2","inv2c","student-oracle-raw-ast-identical"
"classroom_rl/correct/uDECvB5ov7zasMeST_inv5.als","classroom_rl","CORRECT","inv5","inv5","inv5c","student-oracle-raw-ast-identical"
"classroom_rl/correct/uLuT45xYTkovNXf2d_inv6.als","classroom_rl","CORRECT","inv6","inv6","inv6c","student-oracle-raw-ast-identical"
"classroom_rl/correct/uNEiZqcb6gZiYfauo_inv3.als","classroom_rl","CORRECT","inv3","inv3","inv3c","student-oracle-raw-ast-identical"
"classroom_rl/correct/uWzQu9JtwZYAquG4n_inv3.als","classroom_rl","CORRECT","inv3","inv3","inv3c","student-oracle-raw-ast-identical"
"classroom_rl/correct/uXKZFmjNKGCDxaDyX_inv4.als","classroom_rl","CORRECT","inv4","inv4","inv4c","student-oracle-raw-ast-identical"
"classroom_rl/correct/ua833YtDfBtHMzv9u_inv10.als","classroom_rl","CORRECT","inv10","inv10","inv10c","student-oracle-raw-ast-identical"
"classroom_rl/correct/uebgoqavudR9ETJZR_inv10.als","classroom_rl","CORRECT","inv10","inv10","inv10c","student-oracle-raw-ast-identical"
"classroom_rl/correct/ugb363o9aZJXgdEX4_inv5.als","classroom_rl","CORRECT","inv5","inv5","inv5c","student-oracle-raw-ast-identical"
"classroom_rl/correct/uhP3vQzyhDFS2CZvt_inv4.als","classroom_rl","CORRECT","inv4","inv4","inv4c","student-oracle-raw-ast-identical"
"classroom_rl/correct/umcqqi6z7CKi6jjvj_inv6.als","classroom_rl","CORRECT","inv6","inv6","inv6c","student-oracle-raw-ast-identical"
"classroom_rl/correct/uxKvKByaFqdTvZMRt_inv13.als","classroom_rl","CORRECT","inv13","inv13","inv13c","student-oracle-raw-ast-identical"
"classroom_rl/correct/uyfxgLtAYM9rznv5h_inv3.als","classroom_rl","CORRECT","inv3","inv3","inv3c","student-oracle-raw-ast-identical"
"classroom_rl/correct/v84FnHh4pYWwxym9B_inv1.als","classroom_rl","CORRECT","inv1","inv1","inv1c","student-oracle-raw-ast-identical"
"classroom_rl/correct/vLAMaQub3ZMhfZb9u_inv2.als","classroom_rl","CORRECT","inv2","inv2","inv2c","student-oracle-raw-ast-identical"
"classroom_rl/correct/vPhrTnS8bN38bQHCf_inv1.als","classroom_rl","CORRECT","inv1","inv1","inv1c","student-oracle-raw-ast-identical"
"classroom_rl/correct/vRJGRYE7NxaZCt3FB_inv5.als","classroom_rl","CORRECT","inv5","inv5","inv5c","student-oracle-raw-ast-identical"
"classroom_rl/correct/vS4pZLiKpwmFeiBsG_inv5.als","classroom_rl","CORRECT","inv5","inv5","inv5c","student-oracle-raw-ast-identical"
"classroom_rl/correct/vc4n7XBvSo2Hnt4Au_inv1.als","classroom_rl","CORRECT","inv1","inv1","inv1c","student-oracle-raw-ast-identical"
"classroom_rl/correct/vfSzWzPMy34TETRsA_inv5.als","classroom_rl","CORRECT","inv5","inv5","inv5c","student-oracle-raw-ast-identical"
"classroom_rl/correct/vrLGaC4ceRY9ZkNkg_inv8.als","classroom_rl","CORRECT","inv8","inv8","inv8c","student-oracle-raw-ast-identical"
"classroom_rl/correct/w3ZEkkRbr3r8bhGPZ_inv13.als","classroom_rl","CORRECT","inv13","inv13","inv13c","student-oracle-raw-ast-identical"
"classroom_rl/correct/w4iiu5pxz4f2ik29g_inv8.als","classroom_rl","CORRECT","inv8","inv8","inv8c","student-oracle-raw-ast-identical"
"classroom_rl/correct/w8QcLt8EWjrRDxQJj_inv5.als","classroom_rl","CORRECT","inv5","inv5","inv5c","student-oracle-raw-ast-identical"
"classroom_rl/correct/w8haoiKJQA8XmSnXm_inv5.als","classroom_rl","CORRECT","inv5","inv5","inv5c","student-oracle-raw-ast-identical"
"classroom_rl/correct/wMLz4wT4d4FdgxZwg_inv6.als","classroom_rl","CORRECT","inv6","inv6","inv6c","student-oracle-raw-ast-identical"
"classroom_rl/correct/wPqy7CEW26KZDAGm6_inv5.als","classroom_rl","CORRECT","inv5","inv5","inv5c","student-oracle-raw-ast-identical"
"classroom_rl/correct/wTBy2NwtKEQiWpkcm_inv5.als","classroom_rl","CORRECT","inv5","inv5","inv5c","student-oracle-raw-ast-identical"
"classroom_rl/correct/wYMF8WTbsnAvyD32h_inv2.als","classroom_rl","CORRECT","inv2","inv2","inv2c","student-oracle-raw-ast-identical"
"classroom_rl/correct/waNcSLurop3jAKwbo_inv2.als","classroom_rl","CORRECT","inv2","inv2","inv2c","student-oracle-raw-ast-identical"
"classroom_rl/correct/wdroGDREy8iuDSaw5_inv13.als","classroom_rl","CORRECT","inv13","inv13","inv13c","student-oracle-raw-ast-identical"
"classroom_rl/correct/wjnQJquxczhzZhzTs_inv1.als","classroom_rl","CORRECT","inv1","inv1","inv1c","student-oracle-raw-ast-identical"
"classroom_rl/correct/wkbRzG9G4WA8bALYu_inv5.als","classroom_rl","CORRECT","inv5","inv5","inv5c","student-oracle-raw-ast-identical"
"classroom_rl/correct/wzxMmvGbgsLrwSFLn_inv10.als","classroom_rl","CORRECT","inv10","inv10","inv10c","student-oracle-raw-ast-identical"
"classroom_rl/correct/x5Hm9eRW6KZjTcDTy_inv5.als","classroom_rl","CORRECT","inv5","inv5","inv5c","student-oracle-raw-ast-identical"
"classroom_rl/correct/x6FvfjHtk9byCMdyz_inv5.als","classroom_rl","CORRECT","inv5","inv5","inv5c","student-oracle-raw-ast-identical"
"classroom_rl/correct/xApAhTH8thfB79m3x_inv6.als","classroom_rl","CORRECT","inv6","inv6","inv6c","student-oracle-raw-ast-identical"
"classroom_rl/correct/xCNSmcsXXc7Xd6T6Z_inv2.als","classroom_rl","CORRECT","inv2","inv2","inv2c","student-oracle-raw-ast-identical"
"classroom_rl/correct/xCkd83v4siDmPwDxm_inv2.als","classroom_rl","CORRECT","inv2","inv2","inv2c","student-oracle-raw-ast-identical"
"classroom_rl/correct/xDx948e82ueJ4MgsT_inv8.als","classroom_rl","CORRECT","inv8","inv8","inv8c","student-oracle-raw-ast-identical"
"classroom_rl/correct/xJNcPpZzNzXDtjk3M_inv8.als","classroom_rl","CORRECT","inv8","inv8","inv8c","student-oracle-raw-ast-identical"
"classroom_rl/correct/xW6QGexg67snqqWwP_inv4.als","classroom_rl","CORRECT","inv4","inv4","inv4c","student-oracle-raw-ast-identical"
"classroom_rl/correct/xc3YsYN6Dg9tvdYgs_inv6.als","classroom_rl","CORRECT","inv6","inv6","inv6c","student-oracle-raw-ast-identical"
"classroom_rl/correct/xe4kTXqd7LxQR6ZLu_inv6.als","classroom_rl","CORRECT","inv6","inv6","inv6c","student-oracle-raw-ast-identical"
"classroom_rl/correct/xeLmj7hng4hi7t96h_inv3.als","classroom_rl","CORRECT","inv3","inv3","inv3c","student-oracle-raw-ast-identical"
"classroom_rl/correct/xfD3QovtjZG8pFaFF_inv2.als","classroom_rl","CORRECT","inv2","inv2","inv2c","student-oracle-raw-ast-identical"
"classroom_rl/correct/xhsJ7mmm4yR62fmDT_inv10.als","classroom_rl","CORRECT","inv10","inv10","inv10c","student-oracle-raw-ast-identical"
"classroom_rl/correct/xu3TMJhXK53H3drgY_inv9.als","classroom_rl","CORRECT","inv9","inv9","inv9c","student-oracle-raw-ast-identical"
"classroom_rl/correct/xxsQFNLW3th4kDC8e_inv1.als","classroom_rl","CORRECT","inv1","inv1","inv1c","student-oracle-raw-ast-identical"
"classroom_rl/correct/y5zx6xuDu4ahC4m4R_inv2.als","classroom_rl","CORRECT","inv2","inv2","inv2c","student-oracle-raw-ast-identical"
"classroom_rl/correct/y8ydrN3cMF42Jez6k_inv3.als","classroom_rl","CORRECT","inv3","inv3","inv3c","student-oracle-raw-ast-identical"
"classroom_rl/correct/y9JMgEzufeo3iYGQr_inv8.als","classroom_rl","CORRECT","inv8","inv8","inv8c","student-oracle-raw-ast-identical"
"classroom_rl/correct/yHuzPNx7k724LbTzF_inv3.als","classroom_rl","CORRECT","inv3","inv3","inv3c","student-oracle-raw-ast-identical"
"classroom_rl/correct/yK6cgSmTETrt4TS6R_inv8.als","classroom_rl","CORRECT","inv8","inv8","inv8c","student-oracle-raw-ast-identical"
"classroom_rl/correct/yT5n6LkmA3sYHsxXm_inv10.als","classroom_rl","CORRECT","inv10","inv10","inv10c","student-oracle-raw-ast-identical"
"classroom_rl/correct/ycpQwk8mpx6hSzgZt_inv2.als","classroom_rl","CORRECT","inv2","inv2","inv2c","student-oracle-raw-ast-identical"
"classroom_rl/correct/yeg6LQGt4PR7MYhhk_inv8.als","classroom_rl","CORRECT","inv8","inv8","inv8c","student-oracle-raw-ast-identical"
"classroom_rl/correct/ynYFNZieZbhRu5mCw_inv9.als","classroom_rl","CORRECT","inv9","inv9","inv9c","student-oracle-raw-ast-identical"
"classroom_rl/correct/ynqm3kEAhYgbi2mnP_inv4.als","classroom_rl","CORRECT","inv4","inv4","inv4c","student-oracle-raw-ast-identical"
"classroom_rl/correct/yrfFMGbLRQCw8Hyqy_inv1.als","classroom_rl","CORRECT","inv1","inv1","inv1c","student-oracle-raw-ast-identical"
"classroom_rl/correct/yrsLJAi9SnGGzN5y6_inv1.als","classroom_rl","CORRECT","inv1","inv1","inv1c","student-oracle-raw-ast-identical"
"classroom_rl/correct/ywcennTMaYux7iNDL_inv2.als","classroom_rl","CORRECT","inv2","inv2","inv2c","student-oracle-raw-ast-identical"
"classroom_rl/correct/z34TndKfFSxE6dYZY_inv2.als","classroom_rl","CORRECT","inv2","inv2","inv2c","student-oracle-raw-ast-identical"
"classroom_rl/correct/z3fdqEtLaEHSx259m_inv9.als","classroom_rl","CORRECT","inv9","inv9","inv9c","student-oracle-raw-ast-identical"
"classroom_rl/correct/zAm2ivGajJbh9Lf6B_inv3.als","classroom_rl","CORRECT","inv3","inv3","inv3c","student-oracle-raw-ast-identical"
"classroom_rl/correct/zFgkiN6HYtDcm7XEh_inv2.als","classroom_rl","CORRECT","inv2","inv2","inv2c","student-oracle-raw-ast-identical"
"classroom_rl/correct/zHLgp6mJKPykEFNRS_inv3.als","classroom_rl","CORRECT","inv3","inv3","inv3c","student-oracle-raw-ast-identical"
"classroom_rl/correct/zT8HrCn54SoKoHQbS_inv10.als","classroom_rl","CORRECT","inv10","inv10","inv10c","student-oracle-raw-ast-identical"
"classroom_rl/correct/zd6WSES7uMX28X2PX_inv6.als","classroom_rl","CORRECT","inv6","inv6","inv6c","student-oracle-raw-ast-identical"
"classroom_rl/correct/zea2ZjpLNbvWs77uY_inv3.als","classroom_rl","CORRECT","inv3","inv3","inv3c","student-oracle-raw-ast-identical"
"classroom_rl/correct/zpGdvxnpPwN6mcwTX_inv1.als","classroom_rl","CORRECT","inv1","inv1","inv1c","student-oracle-raw-ast-identical"
"classroom_rl/correct/zssJ6tjr8kF8wTuDB_inv6.als","classroom_rl","CORRECT","inv6","inv6","inv6c","student-oracle-raw-ast-identical"
"coursesNew/correct/3JDot2YFMfMC7usgJ_inv10.als","coursesNew","CORRECT","inv10","inv10","inv10c","student-oracle-raw-ast-identical"
"coursesNew/correct/5wBFcLeqsDt2oCJhj_inv4.als","coursesNew","CORRECT","inv4","inv4","inv4c","student-oracle-raw-ast-identical"
"coursesNew/correct/6Wv7vRkMExG9fjZMe_inv4.als","coursesNew","CORRECT","inv4","inv4","inv4c","student-oracle-raw-ast-identical"
"coursesNew/correct/6bLf2YL5TSn5npk4j_inv4.als","coursesNew","CORRECT","inv4","inv4","inv4c","student-oracle-raw-ast-identical"
"coursesNew/correct/8TTcErpSs67YeXsxt_inv2.als","coursesNew","CORRECT","inv2","inv2","inv2c","student-oracle-raw-ast-identical"
"coursesNew/correct/8fDg6kFNB2qQojMxR_inv4.als","coursesNew","CORRECT","inv4","inv4","inv4c","student-oracle-raw-ast-identical"
"coursesNew/correct/8thNmXfZa4Bgz4DbM_inv2.als","coursesNew","CORRECT","inv2","inv2","inv2c","student-oracle-raw-ast-identical"
"coursesNew/correct/9EArsZb4qZaJqXb7w_inv4.als","coursesNew","CORRECT","inv4","inv4","inv4c","student-oracle-raw-ast-identical"
"coursesNew/correct/CoviCaxRp7KPFREgL_inv2.als","coursesNew","CORRECT","inv2","inv2","inv2c","student-oracle-raw-ast-identical"
"coursesNew/correct/DFGtusQ3iasJfGDJf_inv10.als","coursesNew","CORRECT","inv10","inv10","inv10c","student-oracle-raw-ast-identical"
"coursesNew/correct/DZ4MoxpZZLoCEmCpr_inv4.als","coursesNew","CORRECT","inv4","inv4","inv4c","student-oracle-raw-ast-identical"
"coursesNew/correct/KBiyQ4tFGv3HabpDm_inv4.als","coursesNew","CORRECT","inv4","inv4","inv4c","student-oracle-raw-ast-identical"
"coursesNew/correct/LTLLPXnygvJCYPND6_inv12.als","coursesNew","CORRECT","inv12","inv12","inv12c","student-oracle-raw-ast-identical"
"coursesNew/correct/PqqqepzpoWsJ3rK7N_inv3.als","coursesNew","CORRECT","inv3","inv3","inv3c","student-oracle-raw-ast-identical"
"coursesNew/correct/Siy46PirTjLEkXCxc_inv1.als","coursesNew","CORRECT","inv1","inv1","inv1c","student-oracle-raw-ast-identical"
"coursesNew/correct/T5mFDWYkAtAWs8JjQ_inv10.als","coursesNew","CORRECT","inv10","inv10","inv10c","student-oracle-raw-ast-identical"
"coursesNew/correct/TxurTBvmkZAkLZ55d_inv10.als","coursesNew","CORRECT","inv10","inv10","inv10c","student-oracle-raw-ast-identical"
"coursesNew/correct/YcENZBWzaAXzPKMh2_inv4.als","coursesNew","CORRECT","inv4","inv4","inv4c","student-oracle-raw-ast-identical"
"coursesNew/correct/YrNsFgQ7Rq8kWLRpA_inv3.als","coursesNew","CORRECT","inv3","inv3","inv3c","student-oracle-raw-ast-identical"
"coursesNew/correct/eaqxpAsfJRrWJt97x_inv5.als","coursesNew","CORRECT","inv5","inv5","inv5c","student-oracle-raw-ast-identical"
"coursesNew/correct/fB45FoyzvFQ5Hs3wp_inv5.als","coursesNew","CORRECT","inv5","inv5","inv5c","student-oracle-raw-ast-identical"
"coursesNew/correct/jiCP6Fff8sbKo9hht_inv1.als","coursesNew","CORRECT","inv1","inv1","inv1c","student-oracle-raw-ast-identical"
"coursesNew/correct/kye2emcPuz33hYsAk_inv4.als","coursesNew","CORRECT","inv4","inv4","inv4c","student-oracle-raw-ast-identical"
"coursesNew/correct/mZMvAPKBv4yrT6zdf_inv2.als","coursesNew","CORRECT","inv2","inv2","inv2c","student-oracle-raw-ast-identical"
"coursesNew/correct/ngQW6r5EJM2cznNtt_inv1.als","coursesNew","CORRECT","inv1","inv1","inv1c","student-oracle-raw-ast-identical"
"coursesNew/correct/pJnPNMjNTS8iMytTE_inv10.als","coursesNew","CORRECT","inv10","inv10","inv10c","student-oracle-raw-ast-identical"
"coursesNew/correct/rXBH7wuacBZxxbKGu_inv12.als","coursesNew","CORRECT","inv12","inv12","inv12c","student-oracle-raw-ast-identical"
"coursesNew/correct/riRxur7vPrYMkQAFa_inv12.als","coursesNew","CORRECT","inv12","inv12","inv12c","student-oracle-raw-ast-identical"
"coursesNew/correct/roLisbBHCJLNoSnxg_inv3.als","coursesNew","CORRECT","inv3","inv3","inv3c","student-oracle-raw-ast-identical"
"coursesNew/correct/tzBmqh7GHca94PmF6_inv3.als","coursesNew","CORRECT","inv3","inv3","inv3c","student-oracle-raw-ast-identical"
"coursesNew/correct/xBttBWWvFgavMD222_inv8.als","coursesNew","CORRECT","inv8","inv8","inv8c","student-oracle-raw-ast-identical"
"coursesNew/correct/y45eMQwneajq2J6dp_inv1.als","coursesNew","CORRECT","inv1","inv1","inv1c","student-oracle-raw-ast-identical"
"coursesNew/correct/z7XGW7acbXuTe7jia_inv2.als","coursesNew","CORRECT","inv2","inv2","inv2c","student-oracle-raw-ast-identical"
"coursesOld/correct/2ZpCCS9mPPkfdR6LR_inv2.als","coursesOld","CORRECT","inv2","inv2","inv2c","student-oracle-raw-ast-identical"
"coursesOld/correct/3BmjoTHpZ3mjiNdYC_inv3.als","coursesOld","CORRECT","inv3","inv3","inv3c","student-oracle-raw-ast-identical"
"coursesOld/correct/3LrJuWMEogfZD4Qph_inv10.als","coursesOld","CORRECT","inv10","inv10","inv10c","student-oracle-raw-ast-identical"
"coursesOld/correct/45bfygWC5rggtzQDW_inv4.als","coursesOld","CORRECT","inv4","inv4","inv4c","student-oracle-raw-ast-identical"
"coursesOld/correct/4HHrXbwi4v3JJ79eJ_inv9.als","coursesOld","CORRECT","inv9","inv9","inv9c","student-oracle-raw-ast-identical"
"coursesOld/correct/5FEe6hqLnFeDnonvk_inv8.als","coursesOld","CORRECT","inv8","inv8","inv8c","student-oracle-raw-ast-identical"
"coursesOld/correct/7ryrowiP5WJeMwkPK_inv4.als","coursesOld","CORRECT","inv4","inv4","inv4c","student-oracle-raw-ast-identical"
"coursesOld/correct/7xB7kg9ti5cRANTGW_inv10.als","coursesOld","CORRECT","inv10","inv10","inv10c","student-oracle-raw-ast-identical"
"coursesOld/correct/84rN5FmHXSEbFZ6sd_inv4.als","coursesOld","CORRECT","inv4","inv4","inv4c","student-oracle-raw-ast-identical"
"coursesOld/correct/8nuavXvSPiejZpL5J_inv4.als","coursesOld","CORRECT","inv4","inv4","inv4c","student-oracle-raw-ast-identical"
"coursesOld/correct/8o966ZRJuC43rjTg7_inv1.als","coursesOld","CORRECT","inv1","inv1","inv1c","student-oracle-raw-ast-identical"
"coursesOld/correct/9WaCWvnhRo7djGceg_inv4.als","coursesOld","CORRECT","inv4","inv4","inv4c","student-oracle-raw-ast-identical"
"coursesOld/correct/AgGGmojAopdWj2Jq5_inv10.als","coursesOld","CORRECT","inv10","inv10","inv10c","student-oracle-raw-ast-identical"
"coursesOld/correct/AnZ5vrEpchCw9eXAc_inv4.als","coursesOld","CORRECT","inv4","inv4","inv4c","student-oracle-raw-ast-identical"
"coursesOld/correct/Av32vh7KhG2ioAiiX_inv4.als","coursesOld","CORRECT","inv4","inv4","inv4c","student-oracle-raw-ast-identical"
"coursesOld/correct/B8M8LK6enfqct9RT3_inv1.als","coursesOld","CORRECT","inv1","inv1","inv1c","student-oracle-raw-ast-identical"
"coursesOld/correct/BMniXDzJ2kRLvRs6i_inv1.als","coursesOld","CORRECT","inv1","inv1","inv1c","student-oracle-raw-ast-identical"
"coursesOld/correct/BScA8znofpC9vjLP2_inv1.als","coursesOld","CORRECT","inv1","inv1","inv1c","student-oracle-raw-ast-identical"
"coursesOld/correct/BjCWn8qNBsowrgTgZ_inv8.als","coursesOld","CORRECT","inv8","inv8","inv8c","student-oracle-raw-ast-identical"
"coursesOld/correct/Bu2dZXnmDkTo6qq96_inv4.als","coursesOld","CORRECT","inv4","inv4","inv4c","student-oracle-raw-ast-identical"
"coursesOld/correct/CLRxNDtcgMer4dFyE_inv10.als","coursesOld","CORRECT","inv10","inv10","inv10c","student-oracle-raw-ast-identical"
"coursesOld/correct/CRii77wpy8HxEDFiy_inv2.als","coursesOld","CORRECT","inv2","inv2","inv2c","student-oracle-raw-ast-identical"
"coursesOld/correct/CfZ2z5iH3n6TwF4gG_inv1.als","coursesOld","CORRECT","inv1","inv1","inv1c","student-oracle-raw-ast-identical"
"coursesOld/correct/Cib5iMAksRFvAZdQ7_inv4.als","coursesOld","CORRECT","inv4","inv4","inv4c","student-oracle-raw-ast-identical"
"coursesOld/correct/CjEi3zQwSJXmCDx6k_inv4.als","coursesOld","CORRECT","inv4","inv4","inv4c","student-oracle-raw-ast-identical"
"coursesOld/correct/Cpj2r3FpE2pPf2prJ_inv1.als","coursesOld","CORRECT","inv1","inv1","inv1c","student-oracle-raw-ast-identical"
"coursesOld/correct/DzpjTvHp3bG7KwJG4_inv4.als","coursesOld","CORRECT","inv4","inv4","inv4c","student-oracle-raw-ast-identical"
"coursesOld/correct/E3CbMw8GkpXxAsTWs_inv6.als","coursesOld","CORRECT","inv6","inv6","inv6c","student-oracle-raw-ast-identical"
"coursesOld/correct/EbvySWzJaTiv8pTPz_inv4.als","coursesOld","CORRECT","inv4","inv4","inv4c","student-oracle-raw-ast-identical"
"coursesOld/correct/EyFMBdb5GbWY4J25G_inv1.als","coursesOld","CORRECT","inv1","inv1","inv1c","student-oracle-raw-ast-identical"
"coursesOld/correct/FfroLqreMCvhFBJxk_inv4.als","coursesOld","CORRECT","inv4","inv4","inv4c","student-oracle-raw-ast-identical"
"coursesOld/correct/FpQM3J9WRq2JNWSnY_inv1.als","coursesOld","CORRECT","inv1","inv1","inv1c","student-oracle-raw-ast-identical"
"coursesOld/correct/GQRCT6xvBxqdsFPFX_inv4.als","coursesOld","CORRECT","inv4","inv4","inv4c","student-oracle-raw-ast-identical"
"coursesOld/correct/GxNLANX3Nn2864TyM_inv8.als","coursesOld","CORRECT","inv8","inv8","inv8c","student-oracle-raw-ast-identical"
"coursesOld/correct/HrxnEXMQHWNaWvrjW_inv8.als","coursesOld","CORRECT","inv8","inv8","inv8c","student-oracle-raw-ast-identical"
"coursesOld/correct/JT9Rh5Nz9w2MwC6m4_inv4.als","coursesOld","CORRECT","inv4","inv4","inv4c","student-oracle-raw-ast-identical"
"coursesOld/correct/JqrkyviAFZqp2cY2B_inv8.als","coursesOld","CORRECT","inv8","inv8","inv8c","student-oracle-raw-ast-identical"
"coursesOld/correct/JxJ47jWCBjLa4YqWK_inv10.als","coursesOld","CORRECT","inv10","inv10","inv10c","student-oracle-raw-ast-identical"
"coursesOld/correct/KdePN65oDTPtcBWMi_inv3.als","coursesOld","CORRECT","inv3","inv3","inv3c","student-oracle-raw-ast-identical"
"coursesOld/correct/KqJsXQDNDoTs9wuuG_inv2.als","coursesOld","CORRECT","inv2","inv2","inv2c","student-oracle-raw-ast-identical"
"coursesOld/correct/LR9mGuEQJPFJBM3pj_inv1.als","coursesOld","CORRECT","inv1","inv1","inv1c","student-oracle-raw-ast-identical"
"coursesOld/correct/MW6sJqyJyYjsv7ceF_inv10.als","coursesOld","CORRECT","inv10","inv10","inv10c","student-oracle-raw-ast-identical"
"coursesOld/correct/N255cos22WJnHDeGi_inv1.als","coursesOld","CORRECT","inv1","inv1","inv1c","student-oracle-raw-ast-identical"
"coursesOld/correct/N4jNbrHFyvTLdmefP_inv4.als","coursesOld","CORRECT","inv4","inv4","inv4c","student-oracle-raw-ast-identical"
"coursesOld/correct/NWt73gLDrXryBvwgg_inv10.als","coursesOld","CORRECT","inv10","inv10","inv10c","student-oracle-raw-ast-identical"
"coursesOld/correct/NXNgjkGXN59SJ7Qdt_inv10.als","coursesOld","CORRECT","inv10","inv10","inv10c","student-oracle-raw-ast-identical"
"coursesOld/correct/Nopbd4BpfogqYwf96_inv10.als","coursesOld","CORRECT","inv10","inv10","inv10c","student-oracle-raw-ast-identical"
"coursesOld/correct/NtTFGukEqFEcAJzNi_inv10.als","coursesOld","CORRECT","inv10","inv10","inv10c","student-oracle-raw-ast-identical"
"coursesOld/correct/PWjcwGcZwyp75Fjjg_inv4.als","coursesOld","CORRECT","inv4","inv4","inv4c","student-oracle-raw-ast-identical"
"coursesOld/correct/PdmZgMmzupLesG6sd_inv8.als","coursesOld","CORRECT","inv8","inv8","inv8c","student-oracle-raw-ast-identical"
"coursesOld/correct/PfFEYfBTBtKRdqivf_inv4.als","coursesOld","CORRECT","inv4","inv4","inv4c","student-oracle-raw-ast-identical"
"coursesOld/correct/Pw5EfgJoZZtfciLsK_inv10.als","coursesOld","CORRECT","inv10","inv10","inv10c","student-oracle-raw-ast-identical"
"coursesOld/correct/QKbYo98CgWYC5T5qB_inv4.als","coursesOld","CORRECT","inv4","inv4","inv4c","student-oracle-raw-ast-identical"
"coursesOld/correct/SAA7qBBmgAcPpzJjT_inv10.als","coursesOld","CORRECT","inv10","inv10","inv10c","student-oracle-raw-ast-identical"
"coursesOld/correct/SCBECDWdh4TLgE5YW_inv1.als","coursesOld","CORRECT","inv1","inv1","inv1c","student-oracle-raw-ast-identical"
"coursesOld/correct/SFBFWQsGtbh2Dw7aY_inv1.als","coursesOld","CORRECT","inv1","inv1","inv1c","student-oracle-raw-ast-identical"
"coursesOld/correct/SfMB3jd85vRxmsfik_inv10.als","coursesOld","CORRECT","inv10","inv10","inv10c","student-oracle-raw-ast-identical"
"coursesOld/correct/Suqvcr4dZRMsLemPm_inv3.als","coursesOld","CORRECT","inv3","inv3","inv3c","student-oracle-raw-ast-identical"
"coursesOld/correct/TKnaX8srtMM2KdNKT_inv10.als","coursesOld","CORRECT","inv10","inv10","inv10c","student-oracle-raw-ast-identical"
"coursesOld/correct/TTfX489SEqgykvdBF_inv10.als","coursesOld","CORRECT","inv10","inv10","inv10c","student-oracle-raw-ast-identical"
"coursesOld/correct/TasrX4364xD4jfQqA_inv4.als","coursesOld","CORRECT","inv4","inv4","inv4c","student-oracle-raw-ast-identical"
"coursesOld/correct/Tgqq25kerXzhdyYH3_inv4.als","coursesOld","CORRECT","inv4","inv4","inv4c","student-oracle-raw-ast-identical"
"coursesOld/correct/W7vRda9GFjZmHyhrN_inv4.als","coursesOld","CORRECT","inv4","inv4","inv4c","student-oracle-raw-ast-identical"
"coursesOld/correct/WbXRY9trKBNSc2nDJ_inv1.als","coursesOld","CORRECT","inv1","inv1","inv1c","student-oracle-raw-ast-identical"
"coursesOld/correct/Ws8giDSAJPC9wNBuD_inv10.als","coursesOld","CORRECT","inv10","inv10","inv10c","student-oracle-raw-ast-identical"
"coursesOld/correct/XYXsejxr64TtibjEv_inv10.als","coursesOld","CORRECT","inv10","inv10","inv10c","student-oracle-raw-ast-identical"
"coursesOld/correct/XcT3PoR5NpRmBbYNF_inv4.als","coursesOld","CORRECT","inv4","inv4","inv4c","student-oracle-raw-ast-identical"
"coursesOld/correct/Xpps8442ZbtXHSY7p_inv1.als","coursesOld","CORRECT","inv1","inv1","inv1c","student-oracle-raw-ast-identical"
"coursesOld/correct/ZKhaWmGsgnP2G3n3Q_inv2.als","coursesOld","CORRECT","inv2","inv2","inv2c","student-oracle-raw-ast-identical"
"coursesOld/correct/ZPYep4S3NBnhDqawN_inv10.als","coursesOld","CORRECT","inv10","inv10","inv10c","student-oracle-raw-ast-identical"
"coursesOld/correct/ZR5QLP8BSDCZw47y3_inv8.als","coursesOld","CORRECT","inv8","inv8","inv8c","student-oracle-raw-ast-identical"
"coursesOld/correct/Zmxo2uokGSnDS4ih3_inv10.als","coursesOld","CORRECT","inv10","inv10","inv10c","student-oracle-raw-ast-identical"
"coursesOld/correct/a5qWK5cFXbhxJcQMe_inv10.als","coursesOld","CORRECT","inv10","inv10","inv10c","student-oracle-raw-ast-identical"
"coursesOld/correct/aK6Ev7xYnQdaA8aad_inv11.als","coursesOld","CORRECT","inv11","inv11","inv11c","student-oracle-raw-ast-identical"
"coursesOld/correct/aRJXnfDa8jjDpgc2q_inv4.als","coursesOld","CORRECT","inv4","inv4","inv4c","student-oracle-raw-ast-identical"
"coursesOld/correct/b9d2udtgfwzMYeNkW_inv4.als","coursesOld","CORRECT","inv4","inv4","inv4c","student-oracle-raw-ast-identical"
"coursesOld/correct/bhJ9znkQroMeWpDBs_inv2.als","coursesOld","CORRECT","inv2","inv2","inv2c","student-oracle-raw-ast-identical"
"coursesOld/correct/cFgXHNwFYNJsBdreA_inv2.als","coursesOld","CORRECT","inv2","inv2","inv2c","student-oracle-raw-ast-identical"
"coursesOld/correct/cb2L7dqEvMqXSseEt_inv8.als","coursesOld","CORRECT","inv8","inv8","inv8c","student-oracle-raw-ast-identical"
"coursesOld/correct/cvSyQMvZkZmprH2ZG_inv4.als","coursesOld","CORRECT","inv4","inv4","inv4c","student-oracle-raw-ast-identical"
"coursesOld/correct/dYAjKihShPPhKJ944_inv4.als","coursesOld","CORRECT","inv4","inv4","inv4c","student-oracle-raw-ast-identical"
"coursesOld/correct/ddqzhBQ86rx3GXxro_inv2.als","coursesOld","CORRECT","inv2","inv2","inv2c","student-oracle-raw-ast-identical"
"coursesOld/correct/ekcvWBJruwTi6E3i4_inv2.als","coursesOld","CORRECT","inv2","inv2","inv2c","student-oracle-raw-ast-identical"
"coursesOld/correct/fYRsgDDGdK4csp9QN_inv10.als","coursesOld","CORRECT","inv10","inv10","inv10c","student-oracle-raw-ast-identical"
"coursesOld/correct/gK5vzFgXJe52H2td3_inv10.als","coursesOld","CORRECT","inv10","inv10","inv10c","student-oracle-raw-ast-identical"
"coursesOld/correct/gPeQ5F2H2uohs5hm7_inv6.als","coursesOld","CORRECT","inv6","inv6","inv6c","student-oracle-raw-ast-identical"
"coursesOld/correct/giNNkdE2WhpohkXj9_inv4.als","coursesOld","CORRECT","inv4","inv4","inv4c","student-oracle-raw-ast-identical"
"coursesOld/correct/h2C3vMq6zWGSRZn8z_inv10.als","coursesOld","CORRECT","inv10","inv10","inv10c","student-oracle-raw-ast-identical"
"coursesOld/correct/hWKFjE9n9GiEB9Ccc_inv10.als","coursesOld","CORRECT","inv10","inv10","inv10c","student-oracle-raw-ast-identical"
"coursesOld/correct/heFvf5Qen4nDgCQ62_inv10.als","coursesOld","CORRECT","inv10","inv10","inv10c","student-oracle-raw-ast-identical"
"coursesOld/correct/hnRutYSLhw3rQ8wTS_inv2.als","coursesOld","CORRECT","inv2","inv2","inv2c","student-oracle-raw-ast-identical"
"coursesOld/correct/hs358bziLGpEvJz9K_inv4.als","coursesOld","CORRECT","inv4","inv4","inv4c","student-oracle-raw-ast-identical"
"coursesOld/correct/iEdzJbdra76gsw2My_inv4.als","coursesOld","CORRECT","inv4","inv4","inv4c","student-oracle-raw-ast-identical"
"coursesOld/correct/iFqK7DLsN9oFBd7nE_inv1.als","coursesOld","CORRECT","inv1","inv1","inv1c","student-oracle-raw-ast-identical"
"coursesOld/correct/iHyTPy6hNCvApN9To_inv11.als","coursesOld","CORRECT","inv11","inv11","inv11c","student-oracle-raw-ast-identical"
"coursesOld/correct/iMRi5kPPNW4t7Efzr_inv4.als","coursesOld","CORRECT","inv4","inv4","inv4c","student-oracle-raw-ast-identical"
"coursesOld/correct/j8PnB3NqETMzhPKLv_inv10.als","coursesOld","CORRECT","inv10","inv10","inv10c","student-oracle-raw-ast-identical"
"coursesOld/correct/jDW4G6F3bj8xBqxaJ_inv1.als","coursesOld","CORRECT","inv1","inv1","inv1c","student-oracle-raw-ast-identical"
"coursesOld/correct/jpKMGvoyrzPz7N7f7_inv8.als","coursesOld","CORRECT","inv8","inv8","inv8c","student-oracle-raw-ast-identical"
"coursesOld/correct/junfR9PGnDnoXsC6h_inv8.als","coursesOld","CORRECT","inv8","inv8","inv8c","student-oracle-raw-ast-identical"
"coursesOld/correct/jusZnC4n8PdXWjc9B_inv10.als","coursesOld","CORRECT","inv10","inv10","inv10c","student-oracle-raw-ast-identical"
"coursesOld/correct/k6DzD9Jw4PkK8Rgwc_inv4.als","coursesOld","CORRECT","inv4","inv4","inv4c","student-oracle-raw-ast-identical"
"coursesOld/correct/kRhdfXNw553Z9JMGv_inv8.als","coursesOld","CORRECT","inv8","inv8","inv8c","student-oracle-raw-ast-identical"
"coursesOld/correct/kt436aNPBBXH525CG_inv1.als","coursesOld","CORRECT","inv1","inv1","inv1c","student-oracle-raw-ast-identical"
"coursesOld/correct/kvTzKerNx3zwQv4bx_inv1.als","coursesOld","CORRECT","inv1","inv1","inv1c","student-oracle-raw-ast-identical"
"coursesOld/correct/kxAbETbHFzkqbCRPr_inv4.als","coursesOld","CORRECT","inv4","inv4","inv4c","student-oracle-raw-ast-identical"
"coursesOld/correct/kxFDrTAdbgHtrcaxj_inv10.als","coursesOld","CORRECT","inv10","inv10","inv10c","student-oracle-raw-ast-identical"
"coursesOld/correct/mbComLsynZyr7XhqW_inv4.als","coursesOld","CORRECT","inv4","inv4","inv4c","student-oracle-raw-ast-identical"
"coursesOld/correct/mmYWqAd59bu9Sdrde_inv2.als","coursesOld","CORRECT","inv2","inv2","inv2c","student-oracle-raw-ast-identical"
"coursesOld/correct/mvbGteDTM7ZQTnnoy_inv2.als","coursesOld","CORRECT","inv2","inv2","inv2c","student-oracle-raw-ast-identical"
"coursesOld/correct/nmhpxv5N4AwkNapvZ_inv1.als","coursesOld","CORRECT","inv1","inv1","inv1c","student-oracle-raw-ast-identical"
"coursesOld/correct/o7fFkKJF7uRRTzKp4_inv4.als","coursesOld","CORRECT","inv4","inv4","inv4c","student-oracle-raw-ast-identical"
"coursesOld/correct/odXijBYsNgYwxgDgb_inv2.als","coursesOld","CORRECT","inv2","inv2","inv2c","student-oracle-raw-ast-identical"
"coursesOld/correct/pcQf92X2HWHiaz8vx_inv11.als","coursesOld","CORRECT","inv11","inv11","inv11c","student-oracle-raw-ast-identical"
"coursesOld/correct/piZKC6nxrQFdEoWGr_inv4.als","coursesOld","CORRECT","inv4","inv4","inv4c","student-oracle-raw-ast-identical"
"coursesOld/correct/qNy7emT4N3unxDRi8_inv10.als","coursesOld","CORRECT","inv10","inv10","inv10c","student-oracle-raw-ast-identical"
"coursesOld/correct/r2MjGHvJiR5RYrSgw_inv8.als","coursesOld","CORRECT","inv8","inv8","inv8c","student-oracle-raw-ast-identical"
"coursesOld/correct/r74wsoRhPpqTyHKhz_inv10.als","coursesOld","CORRECT","inv10","inv10","inv10c","student-oracle-raw-ast-identical"
"coursesOld/correct/rnSPeJwuDWbm5kyDt_inv4.als","coursesOld","CORRECT","inv4","inv4","inv4c","student-oracle-raw-ast-identical"
"coursesOld/correct/s5NoWgKbLoFn2znji_inv10.als","coursesOld","CORRECT","inv10","inv10","inv10c","student-oracle-raw-ast-identical"
"coursesOld/correct/sKcCXeqajvrmfBGmx_inv11.als","coursesOld","CORRECT","inv11","inv11","inv11c","student-oracle-raw-ast-identical"
"coursesOld/correct/sXohskbE3mKjRCyvM_inv2.als","coursesOld","CORRECT","inv2","inv2","inv2c","student-oracle-raw-ast-identical"
"coursesOld/correct/suuZW7hssvbY6pK3F_inv10.als","coursesOld","CORRECT","inv10","inv10","inv10c","student-oracle-raw-ast-identical"
"coursesOld/correct/toKTozBxCzWkjAve7_inv4.als","coursesOld","CORRECT","inv4","inv4","inv4c","student-oracle-raw-ast-identical"
"coursesOld/correct/uGWzpSko9H7eZENyv_inv8.als","coursesOld","CORRECT","inv8","inv8","inv8c","student-oracle-raw-ast-identical"
"coursesOld/correct/ubBBZtqcZi4sDvLrJ_inv2.als","coursesOld","CORRECT","inv2","inv2","inv2c","student-oracle-raw-ast-identical"
"coursesOld/correct/ugXpTG7NitePH9JQd_inv4.als","coursesOld","CORRECT","inv4","inv4","inv4c","student-oracle-raw-ast-identical"
"coursesOld/correct/x6HQL9EH8oWJFDi6Z_inv1.als","coursesOld","CORRECT","inv1","inv1","inv1c","student-oracle-raw-ast-identical"
"coursesOld/correct/xCThgDj7JQajCJvCf_inv2.als","coursesOld","CORRECT","inv2","inv2","inv2c","student-oracle-raw-ast-identical"
"coursesOld/correct/xayRFSNgwTL94cqve_inv10.als","coursesOld","CORRECT","inv10","inv10","inv10c","student-oracle-raw-ast-identical"
"coursesOld/correct/xwp8PDLdRWmEQzjaS_inv2.als","coursesOld","CORRECT","inv2","inv2","inv2c","student-oracle-raw-ast-identical"
"coursesOld/correct/yBunwLR3dgzp54L8E_inv1.als","coursesOld","CORRECT","inv1","inv1","inv1c","student-oracle-raw-ast-identical"
"coursesOld/correct/zHodmyCKwHNAf2S3j_inv8.als","coursesOld","CORRECT","inv8","inv8","inv8c","student-oracle-raw-ast-identical"
"coursesOld/correct/zPWRZ5Fsbzpy9DnxY_inv2.als","coursesOld","CORRECT","inv2","inv2","inv2c","student-oracle-raw-ast-identical"
"coursesOld/correct/zYW3ELiQ35c6yHk8q_inv1.als","coursesOld","CORRECT","inv1","inv1","inv1c","student-oracle-raw-ast-identical"
"coursesOld/correct/zgRMq6MdZSszvYamc_inv1.als","coursesOld","CORRECT","inv1","inv1","inv1c","student-oracle-raw-ast-identical"
"cv_v1/correct/4S7WRtJKa6TYMwFe6_inv1.als","cv_v1","CORRECT","inv1","inv1","inv1c","student-oracle-raw-ast-identical"
"cv_v1/correct/6MQRiypDXJYQBFm7e_inv1.als","cv_v1","CORRECT","inv1","inv1","inv1c","student-oracle-raw-ast-identical"
"cv_v1/correct/8a8oLa4neJM7Frf7F_inv2.als","cv_v1","CORRECT","inv2","inv2","inv2c","student-oracle-raw-ast-identical"
"cv_v1/correct/8w5kJfc3HHxcuwZwf_inv1.als","cv_v1","CORRECT","inv1","inv1","inv1c","student-oracle-raw-ast-identical"
"cv_v1/correct/9fPTqnQknpfjNPQ3D_inv1.als","cv_v1","CORRECT","inv1","inv1","inv1c","student-oracle-raw-ast-identical"
"cv_v1/correct/ACfWDLm3pitJQvD4e_inv1.als","cv_v1","CORRECT","inv1","inv1","inv1c","student-oracle-raw-ast-identical"
"cv_v1/correct/AZH33rQ9QHzHtaDF7_inv1.als","cv_v1","CORRECT","inv1","inv1","inv1c","student-oracle-raw-ast-identical"
"cv_v1/correct/B8qA6xeDdjyAcDkaj_inv1.als","cv_v1","CORRECT","inv1","inv1","inv1c","student-oracle-raw-ast-identical"
"cv_v1/correct/DcPcsTj8zNc4uPyaL_inv1.als","cv_v1","CORRECT","inv1","inv1","inv1c","student-oracle-raw-ast-identical"
"cv_v1/correct/E4uAciB5taJKY9fXm_inv1.als","cv_v1","CORRECT","inv1","inv1","inv1c","student-oracle-raw-ast-identical"
"cv_v1/correct/EqcXY9JnHQgKBxkvy_inv1.als","cv_v1","CORRECT","inv1","inv1","inv1c","student-oracle-raw-ast-identical"
"cv_v1/correct/H6iXLDNRH9xBhW8qm_inv2.als","cv_v1","CORRECT","inv2","inv2","inv2c","student-oracle-raw-ast-identical"
"cv_v1/correct/H8SEdcTypdDyMytS5_inv2.als","cv_v1","CORRECT","inv2","inv2","inv2c","student-oracle-raw-ast-identical"
"cv_v1/correct/HP5v6BzzbXkwThwqG_inv1.als","cv_v1","CORRECT","inv1","inv1","inv1c","student-oracle-raw-ast-identical"
"cv_v1/correct/HvJeKCFjiSwCLeA5o_inv1.als","cv_v1","CORRECT","inv1","inv1","inv1c","student-oracle-raw-ast-identical"
"cv_v1/correct/LbPK9c8uQEdBqTE8E_inv1.als","cv_v1","CORRECT","inv1","inv1","inv1c","student-oracle-raw-ast-identical"
"cv_v1/correct/PYpbGQchPGFgDAWaR_inv1.als","cv_v1","CORRECT","inv1","inv1","inv1c","student-oracle-raw-ast-identical"
"cv_v1/correct/Rd7FWMq5r3dgyipj5_inv1.als","cv_v1","CORRECT","inv1","inv1","inv1c","student-oracle-raw-ast-identical"
"cv_v1/correct/SfRGvbCx7Wz3pnsiA_inv1.als","cv_v1","CORRECT","inv1","inv1","inv1c","student-oracle-raw-ast-identical"
"cv_v1/correct/WPG6kmhrwR3uLaTxz_inv1.als","cv_v1","CORRECT","inv1","inv1","inv1c","student-oracle-raw-ast-identical"
"cv_v1/correct/WrZYLWP2n4P5ddAMM_inv1.als","cv_v1","CORRECT","inv1","inv1","inv1c","student-oracle-raw-ast-identical"
"cv_v1/correct/ah9nABa32yfHtJEoh_inv1.als","cv_v1","CORRECT","inv1","inv1","inv1c","student-oracle-raw-ast-identical"
"cv_v1/correct/bA8ntuFnAicgZc8pP_inv1.als","cv_v1","CORRECT","inv1","inv1","inv1c","student-oracle-raw-ast-identical"
"cv_v1/correct/bxRbJE9PPLdkwCqCg_inv2.als","cv_v1","CORRECT","inv2","inv2","inv2c","student-oracle-raw-ast-identical"
"cv_v1/correct/c5bEc8e4Y4fuSJmdp_inv1.als","cv_v1","CORRECT","inv1","inv1","inv1c","student-oracle-raw-ast-identical"
"cv_v1/correct/cobHeTwrtC694pJW5_inv2.als","cv_v1","CORRECT","inv2","inv2","inv2c","student-oracle-raw-ast-identical"
"cv_v1/correct/cqm8xJvwrKqq2r5RD_inv2.als","cv_v1","CORRECT","inv2","inv2","inv2c","student-oracle-raw-ast-identical"
"cv_v1/correct/dM2xEzZY3hBX8PAYH_inv1.als","cv_v1","CORRECT","inv1","inv1","inv1c","student-oracle-raw-ast-identical"
"cv_v1/correct/eKRufXrKQs58ugFbu_inv1.als","cv_v1","CORRECT","inv1","inv1","inv1c","student-oracle-raw-ast-identical"
"cv_v1/correct/eRW29M8zeDGT89qYX_inv1.als","cv_v1","CORRECT","inv1","inv1","inv1c","student-oracle-raw-ast-identical"
"cv_v1/correct/edG6a4geNcPHz2yJD_inv1.als","cv_v1","CORRECT","inv1","inv1","inv1c","student-oracle-raw-ast-identical"
"cv_v1/correct/eevZRjEAEMgyA2P8K_inv2.als","cv_v1","CORRECT","inv2","inv2","inv2c","student-oracle-raw-ast-identical"
"cv_v1/correct/egkNyjhjAcdZTRt4C_inv1.als","cv_v1","CORRECT","inv1","inv1","inv1c","student-oracle-raw-ast-identical"
"cv_v1/correct/gW2vvhfshgogitqHw_inv1.als","cv_v1","CORRECT","inv1","inv1","inv1c","student-oracle-raw-ast-identical"
"cv_v1/correct/gW4teBqLPjz63f7tn_inv1.als","cv_v1","CORRECT","inv1","inv1","inv1c","student-oracle-raw-ast-identical"
"cv_v1/correct/j26aQRu5GnPSpfnaJ_inv1.als","cv_v1","CORRECT","inv1","inv1","inv1c","student-oracle-raw-ast-identical"
"cv_v1/correct/jzYa9e7jbRJoaDAAX_inv1.als","cv_v1","CORRECT","inv1","inv1","inv1c","student-oracle-raw-ast-identical"
"cv_v1/correct/k9xjX3vknmg6nCEvq_inv2.als","cv_v1","CORRECT","inv2","inv2","inv2c","student-oracle-raw-ast-identical"
"cv_v1/correct/kDE99N5gDMznn99bh_inv2.als","cv_v1","CORRECT","inv2","inv2","inv2c","student-oracle-raw-ast-identical"
"cv_v1/correct/mFue8e9EJ9RgxnaH5_inv1.als","cv_v1","CORRECT","inv1","inv1","inv1c","student-oracle-raw-ast-identical"
"cv_v1/correct/oSE6uWg2eNy7Nvpp6_inv2.als","cv_v1","CORRECT","inv2","inv2","inv2c","student-oracle-raw-ast-identical"
"cv_v1/correct/sDLJQh4DCzvXancwh_inv1.als","cv_v1","CORRECT","inv1","inv1","inv1c","student-oracle-raw-ast-identical"
"cv_v1/correct/spTdG29Ld7EvPnsdD_inv1.als","cv_v1","CORRECT","inv1","inv1","inv1c","student-oracle-raw-ast-identical"
"cv_v1/correct/tEBNePhZGKZcAddfq_inv1.als","cv_v1","CORRECT","inv1","inv1","inv1c","student-oracle-raw-ast-identical"
"cv_v1/correct/vTqkadcqTM64KBrBt_inv2.als","cv_v1","CORRECT","inv2","inv2","inv2c","student-oracle-raw-ast-identical"
"cv_v1/correct/vXEW4ppRdidH4x892_inv1.als","cv_v1","CORRECT","inv1","inv1","inv1c","student-oracle-raw-ast-identical"
"cv_v1/correct/vyRzYEY55wmPv6sMR_inv1.als","cv_v1","CORRECT","inv1","inv1","inv1c","student-oracle-raw-ast-identical"
"cv_v1/correct/wT3222749GAp4iQmf_inv1.als","cv_v1","CORRECT","inv1","inv1","inv1c","student-oracle-raw-ast-identical"
"cv_v1/correct/yvS6Aoy7shtoKQ7Du_inv1.als","cv_v1","CORRECT","inv1","inv1","inv1c","student-oracle-raw-ast-identical"
"cv_v2/correct/3KJMfKZE8f4EGP2vD_inv1.als","cv_v2","CORRECT","inv1","inv1","inv1c","student-oracle-raw-ast-identical"
"cv_v2/correct/6QP7km3vTtceS9nGY_inv1.als","cv_v2","CORRECT","inv1","inv1","inv1c","student-oracle-raw-ast-identical"
"cv_v2/correct/Y9KNwbvWtxChwpfLs_inv1.als","cv_v2","CORRECT","inv1","inv1","inv1c","student-oracle-raw-ast-identical"
"cv_v2/correct/ZkdJRtkj3AwLMfi8u_inv2.als","cv_v2","CORRECT","inv2","inv2","inv2c","student-oracle-raw-ast-identical"
"cv_v2/correct/dvh4iwu68bEKAZq3E_inv1.als","cv_v2","CORRECT","inv1","inv1","inv1c","student-oracle-raw-ast-identical"
"cv_v2/correct/k66hCyXHDp7k982vt_inv1.als","cv_v2","CORRECT","inv1","inv1","inv1c","student-oracle-raw-ast-identical"
"cv_v2/correct/xLPEvrCxyhPvrTXTL_inv2.als","cv_v2","CORRECT","inv2","inv2","inv2c","student-oracle-raw-ast-identical"
"graphs/correct/2GPbPCksWsgdK2yuf_inv3.als","graphs","CORRECT","inv3","inv3","inv3c","student-oracle-raw-ast-identical"
"graphs/correct/2GXbr7fXJyQMPef4n_inv1.als","graphs","CORRECT","inv1","inv1","inv1c","student-oracle-raw-ast-identical"
"graphs/correct/2S9iqz7TxCD9wCjnQ_inv3.als","graphs","CORRECT","inv3","inv3","inv3c","student-oracle-raw-ast-identical"
"graphs/correct/2eGnbYnw3Da3B2Nzf_inv5.als","graphs","CORRECT","inv5","inv5","inv5c","student-oracle-raw-ast-identical"
"graphs/correct/37zxAFgSSWBXCrZrx_inv1.als","graphs","CORRECT","inv1","inv1","inv1c","student-oracle-raw-ast-identical"
"graphs/correct/3HsCFwB5ZBmRYWtai_inv1.als","graphs","CORRECT","inv1","inv1","inv1c","student-oracle-raw-ast-identical"
"graphs/correct/3NYoc8CZYTSWcfLGr_inv2.als","graphs","CORRECT","inv2","inv2","inv2c","student-oracle-raw-ast-identical"
"graphs/correct/3Rd8SwjDBtdFC2mtv_inv2.als","graphs","CORRECT","inv2","inv2","inv2c","student-oracle-raw-ast-identical"
"graphs/correct/3t6AzYzvnzsMb9frF_inv5.als","graphs","CORRECT","inv5","inv5","inv5c","student-oracle-raw-ast-identical"
"graphs/correct/3zzTPpnh5FzWw3Qsd_inv1.als","graphs","CORRECT","inv1","inv1","inv1c","student-oracle-raw-ast-identical"
"graphs/correct/4fvczg7G9QHWs6JL9_inv3.als","graphs","CORRECT","inv3","inv3","inv3c","student-oracle-raw-ast-identical"
"graphs/correct/5CfuXq8oFubserfB7_inv3.als","graphs","CORRECT","inv3","inv3","inv3c","student-oracle-raw-ast-identical"
"graphs/correct/5bSvvW572hmGWCPir_inv3.als","graphs","CORRECT","inv3","inv3","inv3c","student-oracle-raw-ast-identical"
"graphs/correct/5eyoSmShTioDqTZ4c_inv2.als","graphs","CORRECT","inv2","inv2","inv2c","student-oracle-raw-ast-identical"
"graphs/correct/5fLksqpXZ8aa3wth6_inv2.als","graphs","CORRECT","inv2","inv2","inv2c","student-oracle-raw-ast-identical"
"graphs/correct/5hcHn2cwnhXNZ2uZD_inv3.als","graphs","CORRECT","inv3","inv3","inv3c","student-oracle-raw-ast-identical"
"graphs/correct/5wbxzjRupchJhBuJD_inv4.als","graphs","CORRECT","inv4","inv4","inv4c","student-oracle-raw-ast-identical"
"graphs/correct/634AjmmYQMvGD56bm_inv4.als","graphs","CORRECT","inv4","inv4","inv4c","student-oracle-raw-ast-identical"
"graphs/correct/76bG2w6LexaarRbA2_inv2.als","graphs","CORRECT","inv2","inv2","inv2c","student-oracle-raw-ast-identical"
"graphs/correct/7NxrvcYFdF7t5uvEC_inv4.als","graphs","CORRECT","inv4","inv4","inv4c","student-oracle-raw-ast-identical"
"graphs/correct/7STToicFqBie3ngpf_inv1.als","graphs","CORRECT","inv1","inv1","inv1c","student-oracle-raw-ast-identical"
"graphs/correct/7TkTfM8p8ML6Li63B_inv1.als","graphs","CORRECT","inv1","inv1","inv1c","student-oracle-raw-ast-identical"
"graphs/correct/8T5QmomRtSPCvKtWc_inv1.als","graphs","CORRECT","inv1","inv1","inv1c","student-oracle-raw-ast-identical"
"graphs/correct/8ZR9ooeEapN4Mon9W_inv2.als","graphs","CORRECT","inv2","inv2","inv2c","student-oracle-raw-ast-identical"
"graphs/correct/96ob6vuBp8LLYns42_inv3.als","graphs","CORRECT","inv3","inv3","inv3c","student-oracle-raw-ast-identical"
"graphs/correct/9DWWd3XSZjgnCdrkh_inv1.als","graphs","CORRECT","inv1","inv1","inv1c","student-oracle-raw-ast-identical"
"graphs/correct/9LrsYQzSekg5PPB3A_inv2.als","graphs","CORRECT","inv2","inv2","inv2c","student-oracle-raw-ast-identical"
"graphs/correct/9ZS2uajtemKtkG7jF_inv4.als","graphs","CORRECT","inv4","inv4","inv4c","student-oracle-raw-ast-identical"
"graphs/correct/9aYhTs3pGkZX2r5Lx_inv2.als","graphs","CORRECT","inv2","inv2","inv2c","student-oracle-raw-ast-identical"
"graphs/correct/A2n2LKQ6Jg7qy34AX_inv1.als","graphs","CORRECT","inv1","inv1","inv1c","student-oracle-raw-ast-identical"
"graphs/correct/A32phByPhWGeZKD94_inv3.als","graphs","CORRECT","inv3","inv3","inv3c","student-oracle-raw-ast-identical"
"graphs/correct/A3DfRnxryfc7pjzYA_inv3.als","graphs","CORRECT","inv3","inv3","inv3c","student-oracle-raw-ast-identical"
"graphs/correct/AB6Mm9aS9gvFGs4Q9_inv3.als","graphs","CORRECT","inv3","inv3","inv3c","student-oracle-raw-ast-identical"
"graphs/correct/AGyyHQBz7siP3cfhZ_inv1.als","graphs","CORRECT","inv1","inv1","inv1c","student-oracle-raw-ast-identical"
"graphs/correct/AcD8ckn3FwJ9QKj39_inv2.als","graphs","CORRECT","inv2","inv2","inv2c","student-oracle-raw-ast-identical"
"graphs/correct/AeP4BqmC9ZyC35oaw_inv2.als","graphs","CORRECT","inv2","inv2","inv2c","student-oracle-raw-ast-identical"
"graphs/correct/AwrBwJRzPNzTf6Nap_inv1.als","graphs","CORRECT","inv1","inv1","inv1c","student-oracle-raw-ast-identical"
"graphs/correct/BYz253ounAE6nRZR2_inv3.als","graphs","CORRECT","inv3","inv3","inv3c","student-oracle-raw-ast-identical"
"graphs/correct/Bfh9MritTWRDjznEP_inv3.als","graphs","CORRECT","inv3","inv3","inv3c","student-oracle-raw-ast-identical"
"graphs/correct/BhnwarbHBnkj77Jef_inv1.als","graphs","CORRECT","inv1","inv1","inv1c","student-oracle-raw-ast-identical"
"graphs/correct/BowpShFuG24JadnrB_inv2.als","graphs","CORRECT","inv2","inv2","inv2c","student-oracle-raw-ast-identical"
"graphs/correct/C2ciPwgrNdk8yz9CZ_inv1.als","graphs","CORRECT","inv1","inv1","inv1c","student-oracle-raw-ast-identical"
"graphs/correct/CHWgPv4rJYN2L2aRk_inv3.als","graphs","CORRECT","inv3","inv3","inv3c","student-oracle-raw-ast-identical"
"graphs/correct/CiHuLmdaWohoFKpwp_inv3.als","graphs","CORRECT","inv3","inv3","inv3c","student-oracle-raw-ast-identical"
"graphs/correct/CoThMfvZfgu8iJFie_inv1.als","graphs","CORRECT","inv1","inv1","inv1c","student-oracle-raw-ast-identical"
"graphs/correct/D8qpy8dgeeXrXQtNX_inv1.als","graphs","CORRECT","inv1","inv1","inv1c","student-oracle-raw-ast-identical"
"graphs/correct/DXfDB2uiZocLs58Eu_inv3.als","graphs","CORRECT","inv3","inv3","inv3c","student-oracle-raw-ast-identical"
"graphs/correct/DejuyiQLRSoFckyPc_inv3.als","graphs","CORRECT","inv3","inv3","inv3c","student-oracle-raw-ast-identical"
"graphs/correct/Dpb9Hqo3cK2HkZquW_inv3.als","graphs","CORRECT","inv3","inv3","inv3c","student-oracle-raw-ast-identical"
"graphs/correct/Dv33MgmzRpB2JXhqg_inv3.als","graphs","CORRECT","inv3","inv3","inv3c","student-oracle-raw-ast-identical"
"graphs/correct/EGhbLgPbxvhz8TwQ5_inv4.als","graphs","CORRECT","inv4","inv4","inv4c","student-oracle-raw-ast-identical"
"graphs/correct/EmrunfF22kmPsSiHo_inv2.als","graphs","CORRECT","inv2","inv2","inv2c","student-oracle-raw-ast-identical"
"graphs/correct/Etb7DTZG8a8SKs26o_inv1.als","graphs","CORRECT","inv1","inv1","inv1c","student-oracle-raw-ast-identical"
"graphs/correct/EykLzWSJguJMiwJkA_inv2.als","graphs","CORRECT","inv2","inv2","inv2c","student-oracle-raw-ast-identical"
"graphs/correct/F4ZfekEfSX438668P_inv2.als","graphs","CORRECT","inv2","inv2","inv2c","student-oracle-raw-ast-identical"
"graphs/correct/FGN837ePK2vfwPhSM_inv5.als","graphs","CORRECT","inv5","inv5","inv5c","student-oracle-raw-ast-identical"
"graphs/correct/FNcZX98iM6kwh5X94_inv1.als","graphs","CORRECT","inv1","inv1","inv1c","student-oracle-raw-ast-identical"
"graphs/correct/FQzauHWBkTTkFFJXY_inv2.als","graphs","CORRECT","inv2","inv2","inv2c","student-oracle-raw-ast-identical"
"graphs/correct/FbzJPd278u6HPBbps_inv1.als","graphs","CORRECT","inv1","inv1","inv1c","student-oracle-raw-ast-identical"
"graphs/correct/FeLy56GvHkr3N3LLM_inv1.als","graphs","CORRECT","inv1","inv1","inv1c","student-oracle-raw-ast-identical"
"graphs/correct/FhW6YGCuNbtoCvYZ9_inv3.als","graphs","CORRECT","inv3","inv3","inv3c","student-oracle-raw-ast-identical"
"graphs/correct/G7dxsqa5FybTy3N4h_inv3.als","graphs","CORRECT","inv3","inv3","inv3c","student-oracle-raw-ast-identical"
"graphs/correct/G9iHtZCTosD5nNZTp_inv3.als","graphs","CORRECT","inv3","inv3","inv3c","student-oracle-raw-ast-identical"
"graphs/correct/GJ5jSZ7WTHSNGBxfw_inv2.als","graphs","CORRECT","inv2","inv2","inv2c","student-oracle-raw-ast-identical"
"graphs/correct/GWzJaCnL7DZmq3KND_inv3.als","graphs","CORRECT","inv3","inv3","inv3c","student-oracle-raw-ast-identical"
"graphs/correct/Gcdq8LaLo2JdeNFYq_inv3.als","graphs","CORRECT","inv3","inv3","inv3c","student-oracle-raw-ast-identical"
"graphs/correct/GnRMhShBAp6i3uyjG_inv4.als","graphs","CORRECT","inv4","inv4","inv4c","student-oracle-raw-ast-identical"
"graphs/correct/HPP2kvFNYwfEBXrYv_inv3.als","graphs","CORRECT","inv3","inv3","inv3c","student-oracle-raw-ast-identical"
"graphs/correct/HdDLRGizwXb74DYFE_inv2.als","graphs","CORRECT","inv2","inv2","inv2c","student-oracle-raw-ast-identical"
"graphs/correct/HnphgZRakmZJYEjAT_inv1.als","graphs","CORRECT","inv1","inv1","inv1c","student-oracle-raw-ast-identical"
"graphs/correct/HvufCMvCspMXTnM9b_inv3.als","graphs","CORRECT","inv3","inv3","inv3c","student-oracle-raw-ast-identical"
"graphs/correct/HzgA5ju3QfGt6iXXX_inv4.als","graphs","CORRECT","inv4","inv4","inv4c","student-oracle-raw-ast-identical"
"graphs/correct/J78k7z84nF5H7947y_inv1.als","graphs","CORRECT","inv1","inv1","inv1c","student-oracle-raw-ast-identical"
"graphs/correct/JLskqLPYLqHGw7RMP_inv1.als","graphs","CORRECT","inv1","inv1","inv1c","student-oracle-raw-ast-identical"
"graphs/correct/JQxRZsTfPSoCg5Ztb_inv2.als","graphs","CORRECT","inv2","inv2","inv2c","student-oracle-raw-ast-identical"
"graphs/correct/Jf6ZR7Ebjmgae6LFm_inv3.als","graphs","CORRECT","inv3","inv3","inv3c","student-oracle-raw-ast-identical"
"graphs/correct/JpHvjhebKNdpWMnK5_inv4.als","graphs","CORRECT","inv4","inv4","inv4c","student-oracle-raw-ast-identical"
"graphs/correct/Jw3MRXpkbdhxDRgzc_inv5.als","graphs","CORRECT","inv5","inv5","inv5c","student-oracle-raw-ast-identical"
"graphs/correct/L8A3xJbAJ5gCG3ZLs_inv4.als","graphs","CORRECT","inv4","inv4","inv4c","student-oracle-raw-ast-identical"
"graphs/correct/LDPkxy3yW4mdR79SG_inv3.als","graphs","CORRECT","inv3","inv3","inv3c","student-oracle-raw-ast-identical"
"graphs/correct/LZuQYDQ3CWhDkZmWi_inv2.als","graphs","CORRECT","inv2","inv2","inv2c","student-oracle-raw-ast-identical"
"graphs/correct/LdSo3tCNb8geo6mwu_inv4.als","graphs","CORRECT","inv4","inv4","inv4c","student-oracle-raw-ast-identical"
"graphs/correct/LnGrGqnjjki4F2Ls9_inv2.als","graphs","CORRECT","inv2","inv2","inv2c","student-oracle-raw-ast-identical"
"graphs/correct/M7XY4kfco6JHjx5hC_inv1.als","graphs","CORRECT","inv1","inv1","inv1c","student-oracle-raw-ast-identical"
"graphs/correct/MAcNBozp89qSFwRxf_inv1.als","graphs","CORRECT","inv1","inv1","inv1c","student-oracle-raw-ast-identical"
"graphs/correct/MF5wp6YMqE9KzPoa5_inv5.als","graphs","CORRECT","inv5","inv5","inv5c","student-oracle-raw-ast-identical"
"graphs/correct/MM5KnTqBWE87ALdR7_inv2.als","graphs","CORRECT","inv2","inv2","inv2c","student-oracle-raw-ast-identical"
"graphs/correct/MiBJFQMcroETWrYfE_inv2.als","graphs","CORRECT","inv2","inv2","inv2c","student-oracle-raw-ast-identical"
"graphs/correct/MkfsJ5jMRhoJQuyzt_inv1.als","graphs","CORRECT","inv1","inv1","inv1c","student-oracle-raw-ast-identical"
"graphs/correct/N87TtbjmeogFcagiW_inv4.als","graphs","CORRECT","inv4","inv4","inv4c","student-oracle-raw-ast-identical"
"graphs/correct/N8ZgFyTzQJgfDni7a_inv1.als","graphs","CORRECT","inv1","inv1","inv1c","student-oracle-raw-ast-identical"
"graphs/correct/NMH5xSY6MKuYCK73A_inv3.als","graphs","CORRECT","inv3","inv3","inv3c","student-oracle-raw-ast-identical"
"graphs/correct/NNC3ZNcZzNHHp7Aoe_inv2.als","graphs","CORRECT","inv2","inv2","inv2c","student-oracle-raw-ast-identical"
"graphs/correct/NQNv2FLszdBfecm2d_inv4.als","graphs","CORRECT","inv4","inv4","inv4c","student-oracle-raw-ast-identical"
"graphs/correct/NdPEcYSk7iL6B5cQC_inv5.als","graphs","CORRECT","inv5","inv5","inv5c","student-oracle-raw-ast-identical"
"graphs/correct/Nhuoy26WpuoGgbuw4_inv1.als","graphs","CORRECT","inv1","inv1","inv1c","student-oracle-raw-ast-identical"
"graphs/correct/Ns6GxeNwMeJeu8oPH_inv3.als","graphs","CORRECT","inv3","inv3","inv3c","student-oracle-raw-ast-identical"
"graphs/correct/PWsnhr5LEDhPd92zu_inv2.als","graphs","CORRECT","inv2","inv2","inv2c","student-oracle-raw-ast-identical"
"graphs/correct/PoWmkq8BfmZ2w6RJP_inv4.als","graphs","CORRECT","inv4","inv4","inv4c","student-oracle-raw-ast-identical"
"graphs/correct/QJGnX3BTnZh9f6Jww_inv1.als","graphs","CORRECT","inv1","inv1","inv1c","student-oracle-raw-ast-identical"
"graphs/correct/QNyLcridNnahyXvC5_inv1.als","graphs","CORRECT","inv1","inv1","inv1c","student-oracle-raw-ast-identical"
"graphs/correct/QTqswobtcE75gzwYC_inv4.als","graphs","CORRECT","inv4","inv4","inv4c","student-oracle-raw-ast-identical"
"graphs/correct/QauacChiRXCxBirFw_inv2.als","graphs","CORRECT","inv2","inv2","inv2c","student-oracle-raw-ast-identical"
"graphs/correct/QzTTF359irHeubEKL_inv1.als","graphs","CORRECT","inv1","inv1","inv1c","student-oracle-raw-ast-identical"
"graphs/correct/RJwhaZN7h8MDREQYb_inv4.als","graphs","CORRECT","inv4","inv4","inv4c","student-oracle-raw-ast-identical"
"graphs/correct/Rds2gfnQ7xccg83u4_inv3.als","graphs","CORRECT","inv3","inv3","inv3c","student-oracle-raw-ast-identical"
"graphs/correct/Rep4Y9XZmjZ4gNtBv_inv3.als","graphs","CORRECT","inv3","inv3","inv3c","student-oracle-raw-ast-identical"
"graphs/correct/RrjezRvC8tWSJMnWh_inv4.als","graphs","CORRECT","inv4","inv4","inv4c","student-oracle-raw-ast-identical"
"graphs/correct/S3axTLgfc7eGnWZp9_inv2.als","graphs","CORRECT","inv2","inv2","inv2c","student-oracle-raw-ast-identical"
"graphs/correct/SJihwFSq8nxbwi3kL_inv3.als","graphs","CORRECT","inv3","inv3","inv3c","student-oracle-raw-ast-identical"
"graphs/correct/SKXBoTpwPTvubgDaK_inv4.als","graphs","CORRECT","inv4","inv4","inv4c","student-oracle-raw-ast-identical"
"graphs/correct/SNedL2rPSv3B53tzx_inv3.als","graphs","CORRECT","inv3","inv3","inv3c","student-oracle-raw-ast-identical"
"graphs/correct/SQfDMkt2AkKMq5nNm_inv3.als","graphs","CORRECT","inv3","inv3","inv3c","student-oracle-raw-ast-identical"
"graphs/correct/TYcpJHqJn59R6QTwG_inv3.als","graphs","CORRECT","inv3","inv3","inv3c","student-oracle-raw-ast-identical"
"graphs/correct/W9W62iKEBpcD5FnxB_inv2.als","graphs","CORRECT","inv2","inv2","inv2c","student-oracle-raw-ast-identical"
"graphs/correct/WgBRZ6sStaqR2Hv7J_inv3.als","graphs","CORRECT","inv3","inv3","inv3c","student-oracle-raw-ast-identical"
"graphs/correct/WkTBu3nsc5WMNzg9e_inv3.als","graphs","CORRECT","inv3","inv3","inv3c","student-oracle-raw-ast-identical"
"graphs/correct/WzKL5ApSTw8xRbPgg_inv1.als","graphs","CORRECT","inv1","inv1","inv1c","student-oracle-raw-ast-identical"
"graphs/correct/XDrC3Az3bFCwkQbjc_inv1.als","graphs","CORRECT","inv1","inv1","inv1c","student-oracle-raw-ast-identical"
"graphs/correct/XJE9LZb86oYRJTqHm_inv4.als","graphs","CORRECT","inv4","inv4","inv4c","student-oracle-raw-ast-identical"
"graphs/correct/XQS7ZFA7omAwE2BuQ_inv1.als","graphs","CORRECT","inv1","inv1","inv1c","student-oracle-raw-ast-identical"
"graphs/correct/Xs6PXK5B7gm5EbWkj_inv2.als","graphs","CORRECT","inv2","inv2","inv2c","student-oracle-raw-ast-identical"
"graphs/correct/XxddJhGvr9AEDfZoc_inv4.als","graphs","CORRECT","inv4","inv4","inv4c","student-oracle-raw-ast-identical"
"graphs/correct/Y3wLCTorZfBqwDY6a_inv2.als","graphs","CORRECT","inv2","inv2","inv2c","student-oracle-raw-ast-identical"
"graphs/correct/YHSXicX4jb7EcvJHv_inv4.als","graphs","CORRECT","inv4","inv4","inv4c","student-oracle-raw-ast-identical"
"graphs/correct/YNSYTHgqvKXDTwKsh_inv5.als","graphs","CORRECT","inv5","inv5","inv5c","student-oracle-raw-ast-identical"
"graphs/correct/Yd6D5Csz5Y23A66Ck_inv3.als","graphs","CORRECT","inv3","inv3","inv3c","student-oracle-raw-ast-identical"
"graphs/correct/YeXjYHXEh8ugePr7H_inv3.als","graphs","CORRECT","inv3","inv3","inv3c","student-oracle-raw-ast-identical"
"graphs/correct/YkCCzKim7gJLQhfQD_inv1.als","graphs","CORRECT","inv1","inv1","inv1c","student-oracle-raw-ast-identical"
"graphs/correct/YkPyGD29f4sHMaueX_inv2.als","graphs","CORRECT","inv2","inv2","inv2c","student-oracle-raw-ast-identical"
"graphs/correct/ZpatMPg7MrCezdAEz_inv3.als","graphs","CORRECT","inv3","inv3","inv3c","student-oracle-raw-ast-identical"
"graphs/correct/aA66PEm3eW6Cnddsd_inv1.als","graphs","CORRECT","inv1","inv1","inv1c","student-oracle-raw-ast-identical"
"graphs/correct/aXweizAbGX5cS8Mg3_inv2.als","graphs","CORRECT","inv2","inv2","inv2c","student-oracle-raw-ast-identical"
"graphs/correct/asrbgRx7gjCymt3gb_inv3.als","graphs","CORRECT","inv3","inv3","inv3c","student-oracle-raw-ast-identical"
"graphs/correct/bBjyvfAq3tnm65TMj_inv1.als","graphs","CORRECT","inv1","inv1","inv1c","student-oracle-raw-ast-identical"
"graphs/correct/bFqtA7DL6J8vD2sGZ_inv3.als","graphs","CORRECT","inv3","inv3","inv3c","student-oracle-raw-ast-identical"
"graphs/correct/bNuHQNYWbJAwwkhh8_inv3.als","graphs","CORRECT","inv3","inv3","inv3c","student-oracle-raw-ast-identical"
"graphs/correct/bmNQkFTHGyLyYvw76_inv2.als","graphs","CORRECT","inv2","inv2","inv2c","student-oracle-raw-ast-identical"
"graphs/correct/bnCGGu9icobNTCp7r_inv1.als","graphs","CORRECT","inv1","inv1","inv1c","student-oracle-raw-ast-identical"
"graphs/correct/bqjYRZFifHtAXJH64_inv3.als","graphs","CORRECT","inv3","inv3","inv3c","student-oracle-raw-ast-identical"
"graphs/correct/c3m5YSWr8myhnoJEF_inv3.als","graphs","CORRECT","inv3","inv3","inv3c","student-oracle-raw-ast-identical"
"graphs/correct/cMhPkzDnwhEQGHPPr_inv3.als","graphs","CORRECT","inv3","inv3","inv3c","student-oracle-raw-ast-identical"
"graphs/correct/cb2nuCshcwujf7WwS_inv1.als","graphs","CORRECT","inv1","inv1","inv1c","student-oracle-raw-ast-identical"
"graphs/correct/cxbQWHBtNsqtGHHL8_inv2.als","graphs","CORRECT","inv2","inv2","inv2c","student-oracle-raw-ast-identical"
"graphs/correct/dBwZS5CQy6Ycduk4h_inv3.als","graphs","CORRECT","inv3","inv3","inv3c","student-oracle-raw-ast-identical"
"graphs/correct/dEmjXuubqBFpDrtCc_inv2.als","graphs","CORRECT","inv2","inv2","inv2c","student-oracle-raw-ast-identical"
"graphs/correct/dNzW2ByAgGxdTEPNW_inv2.als","graphs","CORRECT","inv2","inv2","inv2c","student-oracle-raw-ast-identical"
"graphs/correct/dW3y3wsTDonM66dXs_inv1.als","graphs","CORRECT","inv1","inv1","inv1c","student-oracle-raw-ast-identical"
"graphs/correct/dowZHEnPPAahqaTTz_inv4.als","graphs","CORRECT","inv4","inv4","inv4c","student-oracle-raw-ast-identical"
"graphs/correct/eAgx8ySzyD4NYB8ZR_inv1.als","graphs","CORRECT","inv1","inv1","inv1c","student-oracle-raw-ast-identical"
"graphs/correct/eKcGuNeCfpzitPXai_inv2.als","graphs","CORRECT","inv2","inv2","inv2c","student-oracle-raw-ast-identical"
"graphs/correct/eX7qbeN5LLPuvCp6m_inv5.als","graphs","CORRECT","inv5","inv5","inv5c","student-oracle-raw-ast-identical"
"graphs/correct/ebwjNX8CLKz4MLesQ_inv2.als","graphs","CORRECT","inv2","inv2","inv2c","student-oracle-raw-ast-identical"
"graphs/correct/emDWrWp3hivTdGnSo_inv3.als","graphs","CORRECT","inv3","inv3","inv3c","student-oracle-raw-ast-identical"
"graphs/correct/fBBC4bydcgg2XEgoE_inv1.als","graphs","CORRECT","inv1","inv1","inv1c","student-oracle-raw-ast-identical"
"graphs/correct/fDJvS3Se98ebRAZFZ_inv1.als","graphs","CORRECT","inv1","inv1","inv1c","student-oracle-raw-ast-identical"
"graphs/correct/fPuvpXeHrR8oT2txM_inv3.als","graphs","CORRECT","inv3","inv3","inv3c","student-oracle-raw-ast-identical"
"graphs/correct/fWKcJW7RNvCXYr6Tj_inv1.als","graphs","CORRECT","inv1","inv1","inv1c","student-oracle-raw-ast-identical"
"graphs/correct/fmZqRrFB2QJfb7ubx_inv1.als","graphs","CORRECT","inv1","inv1","inv1c","student-oracle-raw-ast-identical"
"graphs/correct/fqFRttzis65h7qBzn_inv1.als","graphs","CORRECT","inv1","inv1","inv1c","student-oracle-raw-ast-identical"
"graphs/correct/gMPY6CRYXvKCwi8bo_inv4.als","graphs","CORRECT","inv4","inv4","inv4c","student-oracle-raw-ast-identical"
"graphs/correct/gipF97YGsCnTQLXHX_inv5.als","graphs","CORRECT","inv5","inv5","inv5c","student-oracle-raw-ast-identical"
"graphs/correct/guAENdp4antbQjn8c_inv1.als","graphs","CORRECT","inv1","inv1","inv1c","student-oracle-raw-ast-identical"
"graphs/correct/gusmsvuZH7dSvqWN4_inv4.als","graphs","CORRECT","inv4","inv4","inv4c","student-oracle-raw-ast-identical"
"graphs/correct/h3Zvtw27TeaCm6SoZ_inv1.als","graphs","CORRECT","inv1","inv1","inv1c","student-oracle-raw-ast-identical"
"graphs/correct/h7MXrNL4DsQ2Xx3Ad_inv1.als","graphs","CORRECT","inv1","inv1","inv1c","student-oracle-raw-ast-identical"
"graphs/correct/h8ErKMkLSwWDXpfPG_inv1.als","graphs","CORRECT","inv1","inv1","inv1c","student-oracle-raw-ast-identical"
"graphs/correct/hNiNShjKHZaGzkLM9_inv1.als","graphs","CORRECT","inv1","inv1","inv1c","student-oracle-raw-ast-identical"
"graphs/correct/hgT9v2rwSDbXE9DPY_inv3.als","graphs","CORRECT","inv3","inv3","inv3c","student-oracle-raw-ast-identical"
"graphs/correct/hqZc7CPeu2CYipTiN_inv1.als","graphs","CORRECT","inv1","inv1","inv1c","student-oracle-raw-ast-identical"
"graphs/correct/huoF6bAWf6xD5YTmu_inv2.als","graphs","CORRECT","inv2","inv2","inv2c","student-oracle-raw-ast-identical"
"graphs/correct/iDzodpYPCjBkPv6XC_inv4.als","graphs","CORRECT","inv4","inv4","inv4c","student-oracle-raw-ast-identical"
"graphs/correct/imkA6oXnvyRbsHmoN_inv2.als","graphs","CORRECT","inv2","inv2","inv2c","student-oracle-raw-ast-identical"
"graphs/correct/itgmEii7jRfo8DW2Y_inv2.als","graphs","CORRECT","inv2","inv2","inv2c","student-oracle-raw-ast-identical"
"graphs/correct/j3LQhme4cm8hGcaWF_inv5.als","graphs","CORRECT","inv5","inv5","inv5c","student-oracle-raw-ast-identical"
"graphs/correct/j5WvaR7Y7RMiGZhuL_inv1.als","graphs","CORRECT","inv1","inv1","inv1c","student-oracle-raw-ast-identical"
"graphs/correct/j9Fag4Ertte4Dd74X_inv3.als","graphs","CORRECT","inv3","inv3","inv3c","student-oracle-raw-ast-identical"
"graphs/correct/kJXkP2xRrDtRLdqXD_inv1.als","graphs","CORRECT","inv1","inv1","inv1c","student-oracle-raw-ast-identical"
"graphs/correct/kTzw4ZeqfM69mnDSf_inv3.als","graphs","CORRECT","inv3","inv3","inv3c","student-oracle-raw-ast-identical"
"graphs/correct/kWqt4eDoPN9rZXkcK_inv2.als","graphs","CORRECT","inv2","inv2","inv2c","student-oracle-raw-ast-identical"
"graphs/correct/kXEDSxAW4AvRScZBa_inv2.als","graphs","CORRECT","inv2","inv2","inv2c","student-oracle-raw-ast-identical"
"graphs/correct/kbNxrzRWqwBdmBPyh_inv3.als","graphs","CORRECT","inv3","inv3","inv3c","student-oracle-raw-ast-identical"
"graphs/correct/kkbezY3YXBH6Wa8qw_inv1.als","graphs","CORRECT","inv1","inv1","inv1c","student-oracle-raw-ast-identical"
"graphs/correct/mG6LXsvtRcfqivNjK_inv3.als","graphs","CORRECT","inv3","inv3","inv3c","student-oracle-raw-ast-identical"
"graphs/correct/mMGtE38MFg63Szu5W_inv3.als","graphs","CORRECT","inv3","inv3","inv3c","student-oracle-raw-ast-identical"
"graphs/correct/mvnEKm76bCQXeRWo2_inv2.als","graphs","CORRECT","inv2","inv2","inv2c","student-oracle-raw-ast-identical"
"graphs/correct/nBENvqhqEjPSjz92p_inv3.als","graphs","CORRECT","inv3","inv3","inv3c","student-oracle-raw-ast-identical"
"graphs/correct/nWkiWCejAYftEhFg2_inv3.als","graphs","CORRECT","inv3","inv3","inv3c","student-oracle-raw-ast-identical"
"graphs/correct/nYLkwHeFKKXgx2jTr_inv1.als","graphs","CORRECT","inv1","inv1","inv1c","student-oracle-raw-ast-identical"
"graphs/correct/o95pvy9rqTnsB8ndX_inv3.als","graphs","CORRECT","inv3","inv3","inv3c","student-oracle-raw-ast-identical"
"graphs/correct/oFPcMykNmbnxEGL8T_inv1.als","graphs","CORRECT","inv1","inv1","inv1c","student-oracle-raw-ast-identical"
"graphs/correct/oKNyi3jGBjDFAnCkJ_inv2.als","graphs","CORRECT","inv2","inv2","inv2c","student-oracle-raw-ast-identical"
"graphs/correct/ohkjRKcXm6tYj6smv_inv1.als","graphs","CORRECT","inv1","inv1","inv1c","student-oracle-raw-ast-identical"
"graphs/correct/onGQr4M9P84XGEXEC_inv3.als","graphs","CORRECT","inv3","inv3","inv3c","student-oracle-raw-ast-identical"
"graphs/correct/ou3gPW2mHPJQzS6mw_inv2.als","graphs","CORRECT","inv2","inv2","inv2c","student-oracle-raw-ast-identical"
"graphs/correct/p8s2Ndwdi2HQK2Yez_inv4.als","graphs","CORRECT","inv4","inv4","inv4c","student-oracle-raw-ast-identical"
"graphs/correct/pHdCGb9Q4kWvYK8F7_inv2.als","graphs","CORRECT","inv2","inv2","inv2c","student-oracle-raw-ast-identical"
"graphs/correct/pTF7YrJeEuqipEK2P_inv3.als","graphs","CORRECT","inv3","inv3","inv3c","student-oracle-raw-ast-identical"
"graphs/correct/pXWWtLsQfRNe75evo_inv2.als","graphs","CORRECT","inv2","inv2","inv2c","student-oracle-raw-ast-identical"
"graphs/correct/pc5mBbjt8Trp9k3SN_inv4.als","graphs","CORRECT","inv4","inv4","inv4c","student-oracle-raw-ast-identical"
"graphs/correct/q93XANB7wFzEDRJpL_inv1.als","graphs","CORRECT","inv1","inv1","inv1c","student-oracle-raw-ast-identical"
"graphs/correct/q9tG7cQSPXe6K6uTt_inv1.als","graphs","CORRECT","inv1","inv1","inv1c","student-oracle-raw-ast-identical"
"graphs/correct/qAg3z5owryWxETJ2r_inv3.als","graphs","CORRECT","inv3","inv3","inv3c","student-oracle-raw-ast-identical"
"graphs/correct/qBMqD2h3rhvu2j6ki_inv3.als","graphs","CORRECT","inv3","inv3","inv3c","student-oracle-raw-ast-identical"
"graphs/correct/qH6ddqBKCqvvHm7cm_inv3.als","graphs","CORRECT","inv3","inv3","inv3c","student-oracle-raw-ast-identical"
"graphs/correct/qshSadCvEM8jWxnqn_inv4.als","graphs","CORRECT","inv4","inv4","inv4c","student-oracle-raw-ast-identical"
"graphs/correct/qwYJZtweArAr2tdXo_inv3.als","graphs","CORRECT","inv3","inv3","inv3c","student-oracle-raw-ast-identical"
"graphs/correct/rPJBukR8CYfySA76J_inv1.als","graphs","CORRECT","inv1","inv1","inv1c","student-oracle-raw-ast-identical"
"graphs/correct/rbsrSDycndWfoLQa4_inv3.als","graphs","CORRECT","inv3","inv3","inv3c","student-oracle-raw-ast-identical"
"graphs/correct/rcxayqub3QAXLZLyP_inv5.als","graphs","CORRECT","inv5","inv5","inv5c","student-oracle-raw-ast-identical"
"graphs/correct/sLBpypoTaEHg5BJ2y_inv1.als","graphs","CORRECT","inv1","inv1","inv1c","student-oracle-raw-ast-identical"
"graphs/correct/sg4wa6ELs5vwDR3dp_inv1.als","graphs","CORRECT","inv1","inv1","inv1c","student-oracle-raw-ast-identical"
"graphs/correct/stoQktpRdp2PCwdRS_inv3.als","graphs","CORRECT","inv3","inv3","inv3c","student-oracle-raw-ast-identical"
"graphs/correct/tKNmWMaZ8n9dZxdBP_inv1.als","graphs","CORRECT","inv1","inv1","inv1c","student-oracle-raw-ast-identical"
"graphs/correct/tauKxGXhHBGFSZDQQ_inv3.als","graphs","CORRECT","inv3","inv3","inv3c","student-oracle-raw-ast-identical"
"graphs/correct/tbtcKEzzux9JcZxYe_inv3.als","graphs","CORRECT","inv3","inv3","inv3c","student-oracle-raw-ast-identical"
"graphs/correct/tcYAiwH4vZBNqaSX9_inv4.als","graphs","CORRECT","inv4","inv4","inv4c","student-oracle-raw-ast-identical"
"graphs/correct/tkftGbqH4EAJXKJx3_inv3.als","graphs","CORRECT","inv3","inv3","inv3c","student-oracle-raw-ast-identical"
"graphs/correct/u3iEef6ivSrfGyv5K_inv3.als","graphs","CORRECT","inv3","inv3","inv3c","student-oracle-raw-ast-identical"
"graphs/correct/u6Nybtof7zbcX57vj_inv2.als","graphs","CORRECT","inv2","inv2","inv2c","student-oracle-raw-ast-identical"
"graphs/correct/uN2ZqJwQTKh3Nw6Ez_inv3.als","graphs","CORRECT","inv3","inv3","inv3c","student-oracle-raw-ast-identical"
"graphs/correct/uunNuEbgmMX9nef5v_inv3.als","graphs","CORRECT","inv3","inv3","inv3c","student-oracle-raw-ast-identical"
"graphs/correct/v5LgvYm7XBDinQ4FF_inv1.als","graphs","CORRECT","inv1","inv1","inv1c","student-oracle-raw-ast-identical"
"graphs/correct/vgvhjX2rFd32takzZ_inv1.als","graphs","CORRECT","inv1","inv1","inv1c","student-oracle-raw-ast-identical"
"graphs/correct/w5AyM2Gy5Tovu2Cmq_inv1.als","graphs","CORRECT","inv1","inv1","inv1c","student-oracle-raw-ast-identical"
"graphs/correct/wjYrMphYCA6J39m4y_inv2.als","graphs","CORRECT","inv2","inv2","inv2c","student-oracle-raw-ast-identical"
"graphs/correct/wpTNxFqjs5KP78Pdg_inv3.als","graphs","CORRECT","inv3","inv3","inv3c","student-oracle-raw-ast-identical"
"graphs/correct/x5v3RhfkZQjc9eEZP_inv5.als","graphs","CORRECT","inv5","inv5","inv5c","student-oracle-raw-ast-identical"
"graphs/correct/xBtdzTScDwR5NRn5N_inv2.als","graphs","CORRECT","inv2","inv2","inv2c","student-oracle-raw-ast-identical"
"graphs/correct/xKcGS9AnDJxfPZFJp_inv2.als","graphs","CORRECT","inv2","inv2","inv2c","student-oracle-raw-ast-identical"
"graphs/correct/xabLPGXDa2FNci4R6_inv3.als","graphs","CORRECT","inv3","inv3","inv3c","student-oracle-raw-ast-identical"
"graphs/correct/y6KWYG37iJ4E2Dec2_inv3.als","graphs","CORRECT","inv3","inv3","inv3c","student-oracle-raw-ast-identical"
"graphs/correct/yL8PMMsSgKfqauqRe_inv1.als","graphs","CORRECT","inv1","inv1","inv1c","student-oracle-raw-ast-identical"
"graphs/correct/yN7FK83qxRCJTk7am_inv2.als","graphs","CORRECT","inv2","inv2","inv2c","student-oracle-raw-ast-identical"
"graphs/correct/ybSrMb4nsdji5R7DG_inv2.als","graphs","CORRECT","inv2","inv2","inv2c","student-oracle-raw-ast-identical"
"graphs/correct/yi4q8osWt2Y7x24vw_inv3.als","graphs","CORRECT","inv3","inv3","inv3c","student-oracle-raw-ast-identical"
"graphs/correct/zBqPXRijRo2my3viA_inv3.als","graphs","CORRECT","inv3","inv3","inv3c","student-oracle-raw-ast-identical"
"graphs/correct/zrzTjq5pjHvfTt5gW_inv3.als","graphs","CORRECT","inv3","inv3","inv3c","student-oracle-raw-ast-identical"
"lts/correct/2Ecg6c3ZbteAMPqoq_inv1.als","lts","CORRECT","inv1","inv1","inv1c","student-oracle-raw-ast-identical"
"lts/correct/2Pd6HuYrfXJXhazJn_inv3.als","lts","CORRECT","inv3","inv3","inv3c","student-oracle-raw-ast-identical"
"lts/correct/2j4FKEiWGbQk8Jkhk_inv1.als","lts","CORRECT","inv1","inv1","inv1c","student-oracle-raw-ast-identical"
"lts/correct/2zwXYmMk975xjQfq7_inv1.als","lts","CORRECT","inv1","inv1","inv1c","student-oracle-raw-ast-identical"
"lts/correct/3EhSiTsJCzYsKgEgu_inv1.als","lts","CORRECT","inv1","inv1","inv1c","student-oracle-raw-ast-identical"
"lts/correct/3Svci5H73u9EfKuzy_inv3.als","lts","CORRECT","inv3","inv3","inv3c","student-oracle-raw-ast-identical"
"lts/correct/49pZkMB3rZmMgHes6_inv1.als","lts","CORRECT","inv1","inv1","inv1c","student-oracle-raw-ast-identical"
"lts/correct/4D7mRnuBP8zPGGZBP_inv2.als","lts","CORRECT","inv2","inv2","inv2c","student-oracle-raw-ast-identical"
"lts/correct/4Rig4BqiCd72GB5Kf_inv2.als","lts","CORRECT","inv2","inv2","inv2c","student-oracle-raw-ast-identical"
"lts/correct/4SxScxsexGDXpx6uy_inv1.als","lts","CORRECT","inv1","inv1","inv1c","student-oracle-raw-ast-identical"
"lts/correct/4YzQcEiT8KAjr9t9j_inv2.als","lts","CORRECT","inv2","inv2","inv2c","student-oracle-raw-ast-identical"
"lts/correct/4axg4fMSFThdqGgrg_inv2.als","lts","CORRECT","inv2","inv2","inv2c","student-oracle-raw-ast-identical"
"lts/correct/4chD9fjQ7pqNTK82F_inv2.als","lts","CORRECT","inv2","inv2","inv2c","student-oracle-raw-ast-identical"
"lts/correct/4qtz5qqAtgJT9qsex_inv2.als","lts","CORRECT","inv2","inv2","inv2c","student-oracle-raw-ast-identical"
"lts/correct/5K7sk2MuyT5LZmY6W_inv1.als","lts","CORRECT","inv1","inv1","inv1c","student-oracle-raw-ast-identical"
"lts/correct/5KTbGd2aX2B78ZJpi_inv1.als","lts","CORRECT","inv1","inv1","inv1c","student-oracle-raw-ast-identical"
"lts/correct/5LqYjovZ4xFtpQvj9_inv2.als","lts","CORRECT","inv2","inv2","inv2c","student-oracle-raw-ast-identical"
"lts/correct/5PvAi9GJRhRxXCdK9_inv1.als","lts","CORRECT","inv1","inv1","inv1c","student-oracle-raw-ast-identical"
"lts/correct/65Hr9cs5BS8Wb5PNM_inv3.als","lts","CORRECT","inv3","inv3","inv3c","student-oracle-raw-ast-identical"
"lts/correct/6AKnhaGwc7nLsn3KE_inv2.als","lts","CORRECT","inv2","inv2","inv2c","student-oracle-raw-ast-identical"
"lts/correct/6GmWCSKZoHBonmp5i_inv2.als","lts","CORRECT","inv2","inv2","inv2c","student-oracle-raw-ast-identical"
"lts/correct/6T5fuDrpPxmohPTn9_inv2.als","lts","CORRECT","inv2","inv2","inv2c","student-oracle-raw-ast-identical"
"lts/correct/6gNFFDsocvqq4QMfF_inv2.als","lts","CORRECT","inv2","inv2","inv2c","student-oracle-raw-ast-identical"
"lts/correct/6jhHrnn2hNtWiwfXp_inv3.als","lts","CORRECT","inv3","inv3","inv3c","student-oracle-raw-ast-identical"
"lts/correct/6mqpx9XzYGrBrLEDB_inv3.als","lts","CORRECT","inv3","inv3","inv3c","student-oracle-raw-ast-identical"
"lts/correct/6uxzpp2j3zD8bwc7z_inv1.als","lts","CORRECT","inv1","inv1","inv1c","student-oracle-raw-ast-identical"
"lts/correct/6zBQneKXefepZSFuv_inv2.als","lts","CORRECT","inv2","inv2","inv2c","student-oracle-raw-ast-identical"
"lts/correct/79G5vkZCrHK9ttMXn_inv5.als","lts","CORRECT","inv5","inv5","inv5c","student-oracle-raw-ast-identical"
"lts/correct/7HQmWGyDX5bXWkX7z_inv1.als","lts","CORRECT","inv1","inv1","inv1c","student-oracle-raw-ast-identical"
"lts/correct/7JEXrN8cuzzj5ACm2_inv3.als","lts","CORRECT","inv3","inv3","inv3c","student-oracle-raw-ast-identical"
"lts/correct/7XP9t2kDDgsvpyHpa_inv1.als","lts","CORRECT","inv1","inv1","inv1c","student-oracle-raw-ast-identical"
"lts/correct/7we4ybFPnbM6MAp2M_inv2.als","lts","CORRECT","inv2","inv2","inv2c","student-oracle-raw-ast-identical"
"lts/correct/87Fmw9xecQ8Wz4ZQE_inv2.als","lts","CORRECT","inv2","inv2","inv2c","student-oracle-raw-ast-identical"
"lts/correct/8D8yauxy7QgYFajww_inv1.als","lts","CORRECT","inv1","inv1","inv1c","student-oracle-raw-ast-identical"
"lts/correct/8FGe3r8EmFS4rqMF3_inv2.als","lts","CORRECT","inv2","inv2","inv2c","student-oracle-raw-ast-identical"
"lts/correct/8TedzuzDdYfX7Gqfn_inv1.als","lts","CORRECT","inv1","inv1","inv1c","student-oracle-raw-ast-identical"
"lts/correct/8WXGFB2Dhzv2JzDiq_inv1.als","lts","CORRECT","inv1","inv1","inv1c","student-oracle-raw-ast-identical"
"lts/correct/8ab6witx2nqahMWDa_inv5.als","lts","CORRECT","inv5","inv5","inv5c","student-oracle-raw-ast-identical"
"lts/correct/96oexFkHy36mRm3mT_inv2.als","lts","CORRECT","inv2","inv2","inv2c","student-oracle-raw-ast-identical"
"lts/correct/9B3pn3p6KJKBFSKqi_inv3.als","lts","CORRECT","inv3","inv3","inv3c","student-oracle-raw-ast-identical"
"lts/correct/9MYamBzXX45kcjnau_inv2.als","lts","CORRECT","inv2","inv2","inv2c","student-oracle-raw-ast-identical"
"lts/correct/9XvJToxeeBugsZMu4_inv1.als","lts","CORRECT","inv1","inv1","inv1c","student-oracle-raw-ast-identical"
"lts/correct/9imN6Epr87R4Dk66y_inv1.als","lts","CORRECT","inv1","inv1","inv1c","student-oracle-raw-ast-identical"
"lts/correct/AJAAGvn5xxEeL2qF4_inv2.als","lts","CORRECT","inv2","inv2","inv2c","student-oracle-raw-ast-identical"
"lts/correct/ALd87yeLKJNSTexPH_inv1.als","lts","CORRECT","inv1","inv1","inv1c","student-oracle-raw-ast-identical"
"lts/correct/Aawa6r6HTbzTjNAyf_inv3.als","lts","CORRECT","inv3","inv3","inv3c","student-oracle-raw-ast-identical"
"lts/correct/Amdn5kHhDKLnHYrte_inv2.als","lts","CORRECT","inv2","inv2","inv2c","student-oracle-raw-ast-identical"
"lts/correct/Aw2Xm8ZaHzqXZibZq_inv2.als","lts","CORRECT","inv2","inv2","inv2c","student-oracle-raw-ast-identical"
"lts/correct/BEWGypaTQQWh4MtkJ_inv1.als","lts","CORRECT","inv1","inv1","inv1c","student-oracle-raw-ast-identical"
"lts/correct/BQg5K83RZkKWk6mnb_inv2.als","lts","CORRECT","inv2","inv2","inv2c","student-oracle-raw-ast-identical"
"lts/correct/BX8GPGzCmd9PqA7Fe_inv1.als","lts","CORRECT","inv1","inv1","inv1c","student-oracle-raw-ast-identical"
"lts/correct/Bb7pQGtyt4RXiZPcJ_inv1.als","lts","CORRECT","inv1","inv1","inv1c","student-oracle-raw-ast-identical"
"lts/correct/BbKwjkMeRBGHFBNQt_inv2.als","lts","CORRECT","inv2","inv2","inv2c","student-oracle-raw-ast-identical"
"lts/correct/BgjwQ5LpmZgQNrKm8_inv5.als","lts","CORRECT","inv5","inv5","inv5c","student-oracle-raw-ast-identical"
"lts/correct/Bts8GbbfMhR3JG4bS_inv3.als","lts","CORRECT","inv3","inv3","inv3c","student-oracle-raw-ast-identical"
"lts/correct/BxCZPno6JNEBKgzgE_inv1.als","lts","CORRECT","inv1","inv1","inv1c","student-oracle-raw-ast-identical"
"lts/correct/BxNj4o2KGxfQAYiDs_inv1.als","lts","CORRECT","inv1","inv1","inv1c","student-oracle-raw-ast-identical"
"lts/correct/BxrTPrfkWXYkC7dss_inv1.als","lts","CORRECT","inv1","inv1","inv1c","student-oracle-raw-ast-identical"
"lts/correct/CDZbPMqrWzWzi2dS4_inv2.als","lts","CORRECT","inv2","inv2","inv2c","student-oracle-raw-ast-identical"
"lts/correct/CT7ySmo5rCfH8aGDx_inv2.als","lts","CORRECT","inv2","inv2","inv2c","student-oracle-raw-ast-identical"
"lts/correct/CkzJ5pdfy42rBieRT_inv3.als","lts","CORRECT","inv3","inv3","inv3c","student-oracle-raw-ast-identical"
"lts/correct/CuMWt53xsaKg7nAbx_inv1.als","lts","CORRECT","inv1","inv1","inv1c","student-oracle-raw-ast-identical"
"lts/correct/CudhGDT8GxCwroewB_inv2.als","lts","CORRECT","inv2","inv2","inv2c","student-oracle-raw-ast-identical"
"lts/correct/D5beomCi7YPrY78um_inv1.als","lts","CORRECT","inv1","inv1","inv1c","student-oracle-raw-ast-identical"
"lts/correct/DNeGGEA45PmbRgz4Z_inv3.als","lts","CORRECT","inv3","inv3","inv3c","student-oracle-raw-ast-identical"
"lts/correct/DR7ArNm4NcZk5QY44_inv2.als","lts","CORRECT","inv2","inv2","inv2c","student-oracle-raw-ast-identical"
"lts/correct/DRhTR8ncJN8PcL7oR_inv2.als","lts","CORRECT","inv2","inv2","inv2c","student-oracle-raw-ast-identical"
"lts/correct/DkpxirR9To8HBNX4w_inv2.als","lts","CORRECT","inv2","inv2","inv2c","student-oracle-raw-ast-identical"
"lts/correct/E8RSquQF5GFozADhG_inv1.als","lts","CORRECT","inv1","inv1","inv1c","student-oracle-raw-ast-identical"
"lts/correct/EHnuNrowyshdeXS4A_inv2.als","lts","CORRECT","inv2","inv2","inv2c","student-oracle-raw-ast-identical"
"lts/correct/EYzc7jamfafXBaPXc_inv3.als","lts","CORRECT","inv3","inv3","inv3c","student-oracle-raw-ast-identical"
"lts/correct/EiBXAr6CHBDigRRre_inv2.als","lts","CORRECT","inv2","inv2","inv2c","student-oracle-raw-ast-identical"
"lts/correct/EpmxyAXhRsyorwdbF_inv2.als","lts","CORRECT","inv2","inv2","inv2c","student-oracle-raw-ast-identical"
"lts/correct/Ev2SkCieS93GrgGGg_inv3.als","lts","CORRECT","inv3","inv3","inv3c","student-oracle-raw-ast-identical"
"lts/correct/ExSqsanBi58afnwaG_inv1.als","lts","CORRECT","inv1","inv1","inv1c","student-oracle-raw-ast-identical"
"lts/correct/EykDwZuXhuMsGHEBS_inv3.als","lts","CORRECT","inv3","inv3","inv3c","student-oracle-raw-ast-identical"
"lts/correct/Eyry6rYvkQHDDiJzX_inv1.als","lts","CORRECT","inv1","inv1","inv1c","student-oracle-raw-ast-identical"
"lts/correct/F2QpYDpY67JpJXfYe_inv2.als","lts","CORRECT","inv2","inv2","inv2c","student-oracle-raw-ast-identical"
"lts/correct/FEgQ296ekcqrF5PZC_inv1.als","lts","CORRECT","inv1","inv1","inv1c","student-oracle-raw-ast-identical"
"lts/correct/FmGrtCCi56BA6nX3K_inv2.als","lts","CORRECT","inv2","inv2","inv2c","student-oracle-raw-ast-identical"
"lts/correct/FoyYLPYBKGN8ZYKdr_inv2.als","lts","CORRECT","inv2","inv2","inv2c","student-oracle-raw-ast-identical"
"lts/correct/FsJcgrKEoEur6Rcoo_inv2.als","lts","CORRECT","inv2","inv2","inv2c","student-oracle-raw-ast-identical"
"lts/correct/FwcYxaFBBx9rvwWsJ_inv6.als","lts","CORRECT","inv6","inv6","inv6c","student-oracle-raw-ast-identical"
"lts/correct/FzSPA9nsjT5bjwLQ5_inv1.als","lts","CORRECT","inv1","inv1","inv1c","student-oracle-raw-ast-identical"
"lts/correct/G6LvdYP99a6MvxLBZ_inv2.als","lts","CORRECT","inv2","inv2","inv2c","student-oracle-raw-ast-identical"
"lts/correct/G7MJgu5TgfTAN9voo_inv1.als","lts","CORRECT","inv1","inv1","inv1c","student-oracle-raw-ast-identical"
"lts/correct/GQNwmuXudcoZJrs3f_inv2.als","lts","CORRECT","inv2","inv2","inv2c","student-oracle-raw-ast-identical"
"lts/correct/GaG3JzWkBEb6u6txk_inv1.als","lts","CORRECT","inv1","inv1","inv1c","student-oracle-raw-ast-identical"
"lts/correct/HAPJrEmPvtPvj7XBd_inv5.als","lts","CORRECT","inv5","inv5","inv5c","student-oracle-raw-ast-identical"
"lts/correct/HEw2jHp7pCvSR5iev_inv2.als","lts","CORRECT","inv2","inv2","inv2c","student-oracle-raw-ast-identical"
"lts/correct/HH2gAJLE3YGz49xdH_inv3.als","lts","CORRECT","inv3","inv3","inv3c","student-oracle-raw-ast-identical"
"lts/correct/HYW5v2K88Thep2Xro_inv1.als","lts","CORRECT","inv1","inv1","inv1c","student-oracle-raw-ast-identical"
"lts/correct/HmHxnSvgE4mTbBS7d_inv1.als","lts","CORRECT","inv1","inv1","inv1c","student-oracle-raw-ast-identical"
"lts/correct/JAPwRdMpGtah2EDRn_inv3.als","lts","CORRECT","inv3","inv3","inv3c","student-oracle-raw-ast-identical"
"lts/correct/JS3FXgmmmKmmzi7ii_inv1.als","lts","CORRECT","inv1","inv1","inv1c","student-oracle-raw-ast-identical"
"lts/correct/JXYaRG4arypHoi8nT_inv3.als","lts","CORRECT","inv3","inv3","inv3c","student-oracle-raw-ast-identical"
"lts/correct/JyQktvEm8wHxGa7SZ_inv5.als","lts","CORRECT","inv5","inv5","inv5c","student-oracle-raw-ast-identical"
"lts/correct/KL3J3932ZAcTQPaHs_inv3.als","lts","CORRECT","inv3","inv3","inv3c","student-oracle-raw-ast-identical"
"lts/correct/KNbHSaP9A9pcAbzoZ_inv1.als","lts","CORRECT","inv1","inv1","inv1c","student-oracle-raw-ast-identical"
"lts/correct/LHiLPRn8sXLTCDfJK_inv2.als","lts","CORRECT","inv2","inv2","inv2c","student-oracle-raw-ast-identical"
"lts/correct/LJCPEuTCBCYnBmtQt_inv3.als","lts","CORRECT","inv3","inv3","inv3c","student-oracle-raw-ast-identical"
"lts/correct/LKSXNYorrnkqw4Cem_inv5.als","lts","CORRECT","inv5","inv5","inv5c","student-oracle-raw-ast-identical"
"lts/correct/LPNx7iK395MYFoQ35_inv1.als","lts","CORRECT","inv1","inv1","inv1c","student-oracle-raw-ast-identical"
"lts/correct/LTRMkE4ZcSHRtHbtr_inv1.als","lts","CORRECT","inv1","inv1","inv1c","student-oracle-raw-ast-identical"
"lts/correct/LaDN8c8ps5b587FJK_inv3.als","lts","CORRECT","inv3","inv3","inv3c","student-oracle-raw-ast-identical"
"lts/correct/LbHiNW4Q7uZbQdhW7_inv1.als","lts","CORRECT","inv1","inv1","inv1c","student-oracle-raw-ast-identical"
"lts/correct/LmNwyugMnZnHtKwZA_inv2.als","lts","CORRECT","inv2","inv2","inv2c","student-oracle-raw-ast-identical"
"lts/correct/MDnF8yQtESpyncxof_inv1.als","lts","CORRECT","inv1","inv1","inv1c","student-oracle-raw-ast-identical"
"lts/correct/MMqqKMWEFjZoAxu5e_inv3.als","lts","CORRECT","inv3","inv3","inv3c","student-oracle-raw-ast-identical"
"lts/correct/MRpRSsbHkGGwCfWyC_inv1.als","lts","CORRECT","inv1","inv1","inv1c","student-oracle-raw-ast-identical"
"lts/correct/Mgrndru4DkPGvt82P_inv1.als","lts","CORRECT","inv1","inv1","inv1c","student-oracle-raw-ast-identical"
"lts/correct/NDbav4v9jxif8Lns3_inv3.als","lts","CORRECT","inv3","inv3","inv3c","student-oracle-raw-ast-identical"
"lts/correct/NF6xM7Dbh447soneK_inv2.als","lts","CORRECT","inv2","inv2","inv2c","student-oracle-raw-ast-identical"
"lts/correct/NM3x3oDiJGf5ZXKZB_inv1.als","lts","CORRECT","inv1","inv1","inv1c","student-oracle-raw-ast-identical"
"lts/correct/NahrHAG2FPqi7ue6x_inv2.als","lts","CORRECT","inv2","inv2","inv2c","student-oracle-raw-ast-identical"
"lts/correct/NtRNksbnANJJdQbid_inv2.als","lts","CORRECT","inv2","inv2","inv2c","student-oracle-raw-ast-identical"
"lts/correct/PQ9anQQHCw9HPzB3J_inv1.als","lts","CORRECT","inv1","inv1","inv1c","student-oracle-raw-ast-identical"
"lts/correct/PXdQyjtvPeoPDEiPX_inv2.als","lts","CORRECT","inv2","inv2","inv2c","student-oracle-raw-ast-identical"
"lts/correct/PfN77pNGJ5WNLPJsB_inv2.als","lts","CORRECT","inv2","inv2","inv2c","student-oracle-raw-ast-identical"
"lts/correct/Ppj8zjBDjARaD8Kwh_inv1.als","lts","CORRECT","inv1","inv1","inv1c","student-oracle-raw-ast-identical"
"lts/correct/PqqQ3wRiekMe9qhPF_inv1.als","lts","CORRECT","inv1","inv1","inv1c","student-oracle-raw-ast-identical"
"lts/correct/PuvvgmjxmAwkL2AWg_inv3.als","lts","CORRECT","inv3","inv3","inv3c","student-oracle-raw-ast-identical"
"lts/correct/PuzeRyyxPQtE5rEXj_inv1.als","lts","CORRECT","inv1","inv1","inv1c","student-oracle-raw-ast-identical"
"lts/correct/Q7EJFNXR5o2wQLJJC_inv3.als","lts","CORRECT","inv3","inv3","inv3c","student-oracle-raw-ast-identical"
"lts/correct/Q7F9cg4nH9gkzK2is_inv1.als","lts","CORRECT","inv1","inv1","inv1c","student-oracle-raw-ast-identical"
"lts/correct/QDPe8tZRoXjhgjLeS_inv2.als","lts","CORRECT","inv2","inv2","inv2c","student-oracle-raw-ast-identical"
"lts/correct/QQBfpv6kWdWrHekoa_inv1.als","lts","CORRECT","inv1","inv1","inv1c","student-oracle-raw-ast-identical"
"lts/correct/QRR4KXHeWqHLDCGcY_inv3.als","lts","CORRECT","inv3","inv3","inv3c","student-oracle-raw-ast-identical"
"lts/correct/QerayaWG5Wh5Pf6gc_inv2.als","lts","CORRECT","inv2","inv2","inv2c","student-oracle-raw-ast-identical"
"lts/correct/QrKPZ8sH9dkpYPD7E_inv1.als","lts","CORRECT","inv1","inv1","inv1c","student-oracle-raw-ast-identical"
"lts/correct/R5NMSw68o4bnACfrd_inv2.als","lts","CORRECT","inv2","inv2","inv2c","student-oracle-raw-ast-identical"
"lts/correct/RC8nucSgLvBN8Dhie_inv1.als","lts","CORRECT","inv1","inv1","inv1c","student-oracle-raw-ast-identical"
"lts/correct/RhbG2cMyLRSdGTvpm_inv5.als","lts","CORRECT","inv5","inv5","inv5c","student-oracle-raw-ast-identical"
"lts/correct/RufbxbJwpWtxSdvRQ_inv1.als","lts","CORRECT","inv1","inv1","inv1c","student-oracle-raw-ast-identical"
"lts/correct/RzX48gaNJyABQpLG5_inv3.als","lts","CORRECT","inv3","inv3","inv3c","student-oracle-raw-ast-identical"
"lts/correct/S8cAeJSKuAM6pTapQ_inv1.als","lts","CORRECT","inv1","inv1","inv1c","student-oracle-raw-ast-identical"
"lts/correct/SRkG4YZqxLE2kudCg_inv2.als","lts","CORRECT","inv2","inv2","inv2c","student-oracle-raw-ast-identical"
"lts/correct/SW8Awa2HxoBReHqhn_inv1.als","lts","CORRECT","inv1","inv1","inv1c","student-oracle-raw-ast-identical"
"lts/correct/Seu5zaTTCK4TTMB7w_inv3.als","lts","CORRECT","inv3","inv3","inv3c","student-oracle-raw-ast-identical"
"lts/correct/TDgt2EvcHhy7Cv89b_inv3.als","lts","CORRECT","inv3","inv3","inv3c","student-oracle-raw-ast-identical"
"lts/correct/TNHtdGZL3ixZm2kM9_inv2.als","lts","CORRECT","inv2","inv2","inv2c","student-oracle-raw-ast-identical"
"lts/correct/TRrebTpmxk7SZ2MGR_inv1.als","lts","CORRECT","inv1","inv1","inv1c","student-oracle-raw-ast-identical"
"lts/correct/TTLnooNKfK63FywHv_inv1.als","lts","CORRECT","inv1","inv1","inv1c","student-oracle-raw-ast-identical"
"lts/correct/Ttm3gkrpRrBEJw3Dv_inv3.als","lts","CORRECT","inv3","inv3","inv3c","student-oracle-raw-ast-identical"
"lts/correct/Tza4pW6Cwnu8pfY7J_inv1.als","lts","CORRECT","inv1","inv1","inv1c","student-oracle-raw-ast-identical"
"lts/correct/W749dGqRJTYAmkL38_inv1.als","lts","CORRECT","inv1","inv1","inv1c","student-oracle-raw-ast-identical"
"lts/correct/WFo5tp7Yd2tSPRYW8_inv1.als","lts","CORRECT","inv1","inv1","inv1c","student-oracle-raw-ast-identical"
"lts/correct/WXynMgoRBQNyNbsQm_inv2.als","lts","CORRECT","inv2","inv2","inv2c","student-oracle-raw-ast-identical"
"lts/correct/Wq7oCYTfGzK7739pN_inv1.als","lts","CORRECT","inv1","inv1","inv1c","student-oracle-raw-ast-identical"
"lts/correct/XCJyzSsMckebLW7t7_inv3.als","lts","CORRECT","inv3","inv3","inv3c","student-oracle-raw-ast-identical"
"lts/correct/XCTSkY5Ky6xd25m9R_inv1.als","lts","CORRECT","inv1","inv1","inv1c","student-oracle-raw-ast-identical"
"lts/correct/XETykzj77LqJiFcc2_inv2.als","lts","CORRECT","inv2","inv2","inv2c","student-oracle-raw-ast-identical"
"lts/correct/XGTDHk2JDF93zBH9r_inv3.als","lts","CORRECT","inv3","inv3","inv3c","student-oracle-raw-ast-identical"
"lts/correct/XJKKM3XSNKTqqkRGS_inv2.als","lts","CORRECT","inv2","inv2","inv2c","student-oracle-raw-ast-identical"
"lts/correct/XSzvsCquXSPJbM3Ak_inv1.als","lts","CORRECT","inv1","inv1","inv1c","student-oracle-raw-ast-identical"
"lts/correct/Xa7WMotkEzR5bbkun_inv2.als","lts","CORRECT","inv2","inv2","inv2c","student-oracle-raw-ast-identical"
"lts/correct/XePFmmukxvcYnhNe4_inv2.als","lts","CORRECT","inv2","inv2","inv2c","student-oracle-raw-ast-identical"
"lts/correct/XemESeik62ZpsKCRA_inv1.als","lts","CORRECT","inv1","inv1","inv1c","student-oracle-raw-ast-identical"
"lts/correct/XjDhSmpkDGKpbdHRs_inv1.als","lts","CORRECT","inv1","inv1","inv1c","student-oracle-raw-ast-identical"
"lts/correct/XnWWCFSEzd2uYufma_inv3.als","lts","CORRECT","inv3","inv3","inv3c","student-oracle-raw-ast-identical"
"lts/correct/Xphajzv4S4mkQEkM7_inv3.als","lts","CORRECT","inv3","inv3","inv3c","student-oracle-raw-ast-identical"
"lts/correct/Y482K6CNJAWZHPndu_inv3.als","lts","CORRECT","inv3","inv3","inv3c","student-oracle-raw-ast-identical"
"lts/correct/YS8dvkXFmED93CvuK_inv2.als","lts","CORRECT","inv2","inv2","inv2c","student-oracle-raw-ast-identical"
"lts/correct/YXdw55uKK27ZFDEyi_inv2.als","lts","CORRECT","inv2","inv2","inv2c","student-oracle-raw-ast-identical"
"lts/correct/Ygy3sexaCp9h88btW_inv1.als","lts","CORRECT","inv1","inv1","inv1c","student-oracle-raw-ast-identical"
"lts/correct/Z823nJ8ZCp7xc28bp_inv3.als","lts","CORRECT","inv3","inv3","inv3c","student-oracle-raw-ast-identical"
"lts/correct/ZC2AYi59pSBdqqM5h_inv3.als","lts","CORRECT","inv3","inv3","inv3c","student-oracle-raw-ast-identical"
"lts/correct/ZDrWfTmkQsdK2wyhH_inv2.als","lts","CORRECT","inv2","inv2","inv2c","student-oracle-raw-ast-identical"
"lts/correct/ZJMrB2EwX2oqJ2qQX_inv2.als","lts","CORRECT","inv2","inv2","inv2c","student-oracle-raw-ast-identical"
"lts/correct/Ze7HHabT7ML4WGbjA_inv2.als","lts","CORRECT","inv2","inv2","inv2c","student-oracle-raw-ast-identical"
"lts/correct/Zqtjy4sLvYhSspzBA_inv1.als","lts","CORRECT","inv1","inv1","inv1c","student-oracle-raw-ast-identical"
"lts/correct/a3jx9B6WP7SqJxLRc_inv2.als","lts","CORRECT","inv2","inv2","inv2c","student-oracle-raw-ast-identical"
"lts/correct/a8Day9amkffoBS7nc_inv3.als","lts","CORRECT","inv3","inv3","inv3c","student-oracle-raw-ast-identical"
"lts/correct/a9T25yxTTanaB5LQK_inv3.als","lts","CORRECT","inv3","inv3","inv3c","student-oracle-raw-ast-identical"
"lts/correct/aCipkR9izCF8wa25o_inv1.als","lts","CORRECT","inv1","inv1","inv1c","student-oracle-raw-ast-identical"
"lts/correct/aM2rokP7MryDphPeY_inv5.als","lts","CORRECT","inv5","inv5","inv5c","student-oracle-raw-ast-identical"
"lts/correct/aNkAcuNXN4R2GGDkg_inv5.als","lts","CORRECT","inv5","inv5","inv5c","student-oracle-raw-ast-identical"
"lts/correct/aRFAuP7FqWdMr2jaY_inv2.als","lts","CORRECT","inv2","inv2","inv2c","student-oracle-raw-ast-identical"
"lts/correct/acfxbkASF9LDNeF9S_inv3.als","lts","CORRECT","inv3","inv3","inv3c","student-oracle-raw-ast-identical"
"lts/correct/acw9Nc4t3xspCXc8z_inv1.als","lts","CORRECT","inv1","inv1","inv1c","student-oracle-raw-ast-identical"
"lts/correct/aeoJm226vTxmmhpit_inv2.als","lts","CORRECT","inv2","inv2","inv2c","student-oracle-raw-ast-identical"
"lts/correct/aipRjpbonzc6vBfHH_inv2.als","lts","CORRECT","inv2","inv2","inv2c","student-oracle-raw-ast-identical"
"lts/correct/aiwqTR2LkybPzpP7e_inv2.als","lts","CORRECT","inv2","inv2","inv2c","student-oracle-raw-ast-identical"
"lts/correct/b6xth6LtCwMi4jz3N_inv2.als","lts","CORRECT","inv2","inv2","inv2c","student-oracle-raw-ast-identical"
"lts/correct/b743RYiXMhwbSYLCY_inv1.als","lts","CORRECT","inv1","inv1","inv1c","student-oracle-raw-ast-identical"
"lts/correct/bLymDBLdfWr2fJrmj_inv1.als","lts","CORRECT","inv1","inv1","inv1c","student-oracle-raw-ast-identical"
"lts/correct/bXqeodHM4vK9ZfpgX_inv6.als","lts","CORRECT","inv6","inv6","inv6c","student-oracle-raw-ast-identical"
"lts/correct/bbNwHEKfuot4Gd8Yn_inv2.als","lts","CORRECT","inv2","inv2","inv2c","student-oracle-raw-ast-identical"
"lts/correct/cgxqqWjX5JbmitGSe_inv3.als","lts","CORRECT","inv3","inv3","inv3c","student-oracle-raw-ast-identical"
"lts/correct/ch8DQeoPoZn92Rihe_inv2.als","lts","CORRECT","inv2","inv2","inv2c","student-oracle-raw-ast-identical"
"lts/correct/chqEPQBmHH6QFjqbP_inv5.als","lts","CORRECT","inv5","inv5","inv5c","student-oracle-raw-ast-identical"
"lts/correct/cmmLL8motm4bj3kuR_inv3.als","lts","CORRECT","inv3","inv3","inv3c","student-oracle-raw-ast-identical"
"lts/correct/cnqpxcfYczWt8Qau7_inv1.als","lts","CORRECT","inv1","inv1","inv1c","student-oracle-raw-ast-identical"
"lts/correct/cu4Y7rZLzakCpg6yn_inv1.als","lts","CORRECT","inv1","inv1","inv1c","student-oracle-raw-ast-identical"
"lts/correct/cvPtsZmn4aAhei4YC_inv2.als","lts","CORRECT","inv2","inv2","inv2c","student-oracle-raw-ast-identical"
"lts/correct/d7RehKuXGN55FjTdX_inv1.als","lts","CORRECT","inv1","inv1","inv1c","student-oracle-raw-ast-identical"
"lts/correct/dNajspiskQyEBJELQ_inv2.als","lts","CORRECT","inv2","inv2","inv2c","student-oracle-raw-ast-identical"
"lts/correct/dPEnTdTnxop5RKhdy_inv2.als","lts","CORRECT","inv2","inv2","inv2c","student-oracle-raw-ast-identical"
"lts/correct/dgEDvcxFaPTip8A6Y_inv2.als","lts","CORRECT","inv2","inv2","inv2c","student-oracle-raw-ast-identical"
"lts/correct/dkxaZWsg9ACDQRrh3_inv1.als","lts","CORRECT","inv1","inv1","inv1c","student-oracle-raw-ast-identical"
"lts/correct/dw9pqph6JWDwWiQ6H_inv1.als","lts","CORRECT","inv1","inv1","inv1c","student-oracle-raw-ast-identical"
"lts/correct/dwi94Zx3pEi3XWQ67_inv2.als","lts","CORRECT","inv2","inv2","inv2c","student-oracle-raw-ast-identical"
"lts/correct/dzDWJZiTgrnum6KYW_inv2.als","lts","CORRECT","inv2","inv2","inv2c","student-oracle-raw-ast-identical"
"lts/correct/e57tyEX748KbHAnZp_inv3.als","lts","CORRECT","inv3","inv3","inv3c","student-oracle-raw-ast-identical"
"lts/correct/e5K7DuACRF7SMfGr2_inv2.als","lts","CORRECT","inv2","inv2","inv2c","student-oracle-raw-ast-identical"
"lts/correct/e5ZGCmBpkPbYR26KY_inv3.als","lts","CORRECT","inv3","inv3","inv3c","student-oracle-raw-ast-identical"
"lts/correct/e9cEapTp2JrgB5rf3_inv2.als","lts","CORRECT","inv2","inv2","inv2c","student-oracle-raw-ast-identical"
"lts/correct/eRkvw4cN7sCtBaJ63_inv2.als","lts","CORRECT","inv2","inv2","inv2c","student-oracle-raw-ast-identical"
"lts/correct/eZeHkWhNrnNDr7Eaf_inv2.als","lts","CORRECT","inv2","inv2","inv2c","student-oracle-raw-ast-identical"
"lts/correct/emz2FXJXjsvgjbPh3_inv3.als","lts","CORRECT","inv3","inv3","inv3c","student-oracle-raw-ast-identical"
"lts/correct/euTJebYuEZSoDctjJ_inv3.als","lts","CORRECT","inv3","inv3","inv3c","student-oracle-raw-ast-identical"
"lts/correct/f52Dm6MKsZuDZK8tk_inv1.als","lts","CORRECT","inv1","inv1","inv1c","student-oracle-raw-ast-identical"
"lts/correct/fMAeQ37NP7xnqpcDn_inv3.als","lts","CORRECT","inv3","inv3","inv3c","student-oracle-raw-ast-identical"
"lts/correct/fkigQggovPhkuZvhj_inv1.als","lts","CORRECT","inv1","inv1","inv1c","student-oracle-raw-ast-identical"
"lts/correct/fqCDuSGnit4sWnc2M_inv3.als","lts","CORRECT","inv3","inv3","inv3c","student-oracle-raw-ast-identical"
"lts/correct/fxciACuNTuYowuT2e_inv1.als","lts","CORRECT","inv1","inv1","inv1c","student-oracle-raw-ast-identical"
"lts/correct/g6ZHJGvcT4JhXFzTF_inv3.als","lts","CORRECT","inv3","inv3","inv3c","student-oracle-raw-ast-identical"
"lts/correct/gRp6rCPD9ada7pEYs_inv2.als","lts","CORRECT","inv2","inv2","inv2c","student-oracle-raw-ast-identical"
"lts/correct/gavvC95j73jPQ9guE_inv1.als","lts","CORRECT","inv1","inv1","inv1c","student-oracle-raw-ast-identical"
"lts/correct/gpFpk9NSacLo85EM6_inv1.als","lts","CORRECT","inv1","inv1","inv1c","student-oracle-raw-ast-identical"
"lts/correct/gu2GdudgQFZiHah4Z_inv2.als","lts","CORRECT","inv2","inv2","inv2c","student-oracle-raw-ast-identical"
"lts/correct/gxAMojWDaPB2d7Prj_inv1.als","lts","CORRECT","inv1","inv1","inv1c","student-oracle-raw-ast-identical"
"lts/correct/h4ft5xXgSuu2CPnvm_inv2.als","lts","CORRECT","inv2","inv2","inv2c","student-oracle-raw-ast-identical"
"lts/correct/h9c8iudBkceXWMGNe_inv1.als","lts","CORRECT","inv1","inv1","inv1c","student-oracle-raw-ast-identical"
"lts/correct/hRBecyyKPwtabqxh2_inv6.als","lts","CORRECT","inv6","inv6","inv6c","student-oracle-raw-ast-identical"
"lts/correct/hejepivd6KtXDGeK7_inv1.als","lts","CORRECT","inv1","inv1","inv1c","student-oracle-raw-ast-identical"
"lts/correct/hoPDg5BZrc2HqSBup_inv5.als","lts","CORRECT","inv5","inv5","inv5c","student-oracle-raw-ast-identical"
"lts/correct/hpCji23viLJZpJR7C_inv1.als","lts","CORRECT","inv1","inv1","inv1c","student-oracle-raw-ast-identical"
"lts/correct/iBpwieENXEGisK8Fv_inv2.als","lts","CORRECT","inv2","inv2","inv2c","student-oracle-raw-ast-identical"
"lts/correct/iFv3LhGc7v6uCsdkA_inv2.als","lts","CORRECT","inv2","inv2","inv2c","student-oracle-raw-ast-identical"
"lts/correct/iJxQ9htQDJ3j3kJYD_inv1.als","lts","CORRECT","inv1","inv1","inv1c","student-oracle-raw-ast-identical"
"lts/correct/ii7RTEFCT5tR4vk9g_inv3.als","lts","CORRECT","inv3","inv3","inv3c","student-oracle-raw-ast-identical"
"lts/correct/it6wJfmJPWqAevLTx_inv3.als","lts","CORRECT","inv3","inv3","inv3c","student-oracle-raw-ast-identical"
"lts/correct/itmpFrC2gZ7cickNa_inv2.als","lts","CORRECT","inv2","inv2","inv2c","student-oracle-raw-ast-identical"
"lts/correct/iy5Y6vfwD3FXNmfGS_inv6.als","lts","CORRECT","inv6","inv6","inv6c","student-oracle-raw-ast-identical"
"lts/correct/jRyPaT7JrwYeN85YL_inv1.als","lts","CORRECT","inv1","inv1","inv1c","student-oracle-raw-ast-identical"
"lts/correct/jSX9xuPHPgckFHHS2_inv2.als","lts","CORRECT","inv2","inv2","inv2c","student-oracle-raw-ast-identical"
"lts/correct/jguqy8aYxeMuu3ukp_inv1.als","lts","CORRECT","inv1","inv1","inv1c","student-oracle-raw-ast-identical"
"lts/correct/jmRuCdN7Jhjf7y99e_inv2.als","lts","CORRECT","inv2","inv2","inv2c","student-oracle-raw-ast-identical"
"lts/correct/jqQ4XNyyeeDCfAMff_inv2.als","lts","CORRECT","inv2","inv2","inv2c","student-oracle-raw-ast-identical"
"lts/correct/k7uMHyAFXTmqvPnqp_inv1.als","lts","CORRECT","inv1","inv1","inv1c","student-oracle-raw-ast-identical"
"lts/correct/kDjDbmGX58XtXbxEX_inv1.als","lts","CORRECT","inv1","inv1","inv1c","student-oracle-raw-ast-identical"
"lts/correct/kKaGba5Rdp9TREGbf_inv2.als","lts","CORRECT","inv2","inv2","inv2c","student-oracle-raw-ast-identical"
"lts/correct/kWRru2xP6uQLLAH5R_inv3.als","lts","CORRECT","inv3","inv3","inv3c","student-oracle-raw-ast-identical"
"lts/correct/kpM43f57HLsLhyBND_inv2.als","lts","CORRECT","inv2","inv2","inv2c","student-oracle-raw-ast-identical"
"lts/correct/maCoHMmcEdMgeoAG2_inv1.als","lts","CORRECT","inv1","inv1","inv1c","student-oracle-raw-ast-identical"
"lts/correct/n2ySZpMBrCyWndW8c_inv1.als","lts","CORRECT","inv1","inv1","inv1c","student-oracle-raw-ast-identical"
"lts/correct/nK3YKDeFfyywLqjHD_inv1.als","lts","CORRECT","inv1","inv1","inv1c","student-oracle-raw-ast-identical"
"lts/correct/nQmrtzg4CfQd6ZoxL_inv5.als","lts","CORRECT","inv5","inv5","inv5c","student-oracle-raw-ast-identical"
"lts/correct/nYcFosuXvYTF99Qah_inv1.als","lts","CORRECT","inv1","inv1","inv1c","student-oracle-raw-ast-identical"
"lts/correct/nasB3wepJ3LAwRmKZ_inv2.als","lts","CORRECT","inv2","inv2","inv2c","student-oracle-raw-ast-identical"
"lts/correct/ne5Ra3es7znRdPoT9_inv2.als","lts","CORRECT","inv2","inv2","inv2c","student-oracle-raw-ast-identical"
"lts/correct/ngzdhGHgKceDydZgY_inv2.als","lts","CORRECT","inv2","inv2","inv2c","student-oracle-raw-ast-identical"
"lts/correct/o3ceypBXNT94SPLPz_inv3.als","lts","CORRECT","inv3","inv3","inv3c","student-oracle-raw-ast-identical"
"lts/correct/oB54Yjkj8AHByTqDj_inv2.als","lts","CORRECT","inv2","inv2","inv2c","student-oracle-raw-ast-identical"
"lts/correct/oHL9eSjinZT7rmMJe_inv2.als","lts","CORRECT","inv2","inv2","inv2c","student-oracle-raw-ast-identical"
"lts/correct/obB3d3TggGwpswqFX_inv1.als","lts","CORRECT","inv1","inv1","inv1c","student-oracle-raw-ast-identical"
"lts/correct/oisAKr7T4ouApLuwW_inv1.als","lts","CORRECT","inv1","inv1","inv1c","student-oracle-raw-ast-identical"
"lts/correct/opHPQqG85XjKNXWo7_inv3.als","lts","CORRECT","inv3","inv3","inv3c","student-oracle-raw-ast-identical"
"lts/correct/os2knvrkCSkYDdCkt_inv2.als","lts","CORRECT","inv2","inv2","inv2c","student-oracle-raw-ast-identical"
"lts/correct/oz8ep7PsAPZn5hWKr_inv1.als","lts","CORRECT","inv1","inv1","inv1c","student-oracle-raw-ast-identical"
"lts/correct/pFRiiWL2j7nv4Jbbg_inv2.als","lts","CORRECT","inv2","inv2","inv2c","student-oracle-raw-ast-identical"
"lts/correct/pkTfpwFdTRZ2YufpA_inv1.als","lts","CORRECT","inv1","inv1","inv1c","student-oracle-raw-ast-identical"
"lts/correct/pkfitNjhQCoWDxBbR_inv1.als","lts","CORRECT","inv1","inv1","inv1c","student-oracle-raw-ast-identical"
"lts/correct/pvfMArLkFaHdTw4yG_inv2.als","lts","CORRECT","inv2","inv2","inv2c","student-oracle-raw-ast-identical"
"lts/correct/pwxvanJ7AqNxzwv2p_inv2.als","lts","CORRECT","inv2","inv2","inv2c","student-oracle-raw-ast-identical"
"lts/correct/q4rzHC7g87RWpqpf4_inv5.als","lts","CORRECT","inv5","inv5","inv5c","student-oracle-raw-ast-identical"
"lts/correct/q6N8pvtMy6cm9pRxp_inv5.als","lts","CORRECT","inv5","inv5","inv5c","student-oracle-raw-ast-identical"
"lts/correct/q93tS3N3QdMD8SNcx_inv2.als","lts","CORRECT","inv2","inv2","inv2c","student-oracle-raw-ast-identical"
"lts/correct/qACyyrDCyCnjEExF8_inv3.als","lts","CORRECT","inv3","inv3","inv3c","student-oracle-raw-ast-identical"
"lts/correct/qQrBfc8bgn8hFhcN4_inv1.als","lts","CORRECT","inv1","inv1","inv1c","student-oracle-raw-ast-identical"
"lts/correct/qdGKhSek2HNjhuN4t_inv1.als","lts","CORRECT","inv1","inv1","inv1c","student-oracle-raw-ast-identical"
"lts/correct/qdJsT4FFKDvWu77tn_inv1.als","lts","CORRECT","inv1","inv1","inv1c","student-oracle-raw-ast-identical"
"lts/correct/r4PL7mRnKrEeRFa4J_inv2.als","lts","CORRECT","inv2","inv2","inv2c","student-oracle-raw-ast-identical"
"lts/correct/rXLpMQR3Q7mvNG9kD_inv1.als","lts","CORRECT","inv1","inv1","inv1c","student-oracle-raw-ast-identical"
"lts/correct/rZ9Cpa8ByndHCid6y_inv2.als","lts","CORRECT","inv2","inv2","inv2c","student-oracle-raw-ast-identical"
"lts/correct/rbpZNxxv73xqfDKXn_inv5.als","lts","CORRECT","inv5","inv5","inv5c","student-oracle-raw-ast-identical"
"lts/correct/rcze4EX8R2uRgQqkZ_inv6.als","lts","CORRECT","inv6","inv6","inv6c","student-oracle-raw-ast-identical"
"lts/correct/rmTPshix6wDJZxzex_inv1.als","lts","CORRECT","inv1","inv1","inv1c","student-oracle-raw-ast-identical"
"lts/correct/roGvSpeEs6BZXWWL2_inv1.als","lts","CORRECT","inv1","inv1","inv1c","student-oracle-raw-ast-identical"
"lts/correct/rzvDjtw6xaFEZyY8c_inv3.als","lts","CORRECT","inv3","inv3","inv3c","student-oracle-raw-ast-identical"
"lts/correct/s49NiTN34yL7nigTN_inv1.als","lts","CORRECT","inv1","inv1","inv1c","student-oracle-raw-ast-identical"
"lts/correct/s8Kw3LsvS6MBbvmHe_inv3.als","lts","CORRECT","inv3","inv3","inv3c","student-oracle-raw-ast-identical"
"lts/correct/sAAX3PG9Z3uzvw3LK_inv1.als","lts","CORRECT","inv1","inv1","inv1c","student-oracle-raw-ast-identical"
"lts/correct/sSsgDdn3kmkQx7P4f_inv1.als","lts","CORRECT","inv1","inv1","inv1c","student-oracle-raw-ast-identical"
"lts/correct/sbdrSafv3cTMfQCxz_inv2.als","lts","CORRECT","inv2","inv2","inv2c","student-oracle-raw-ast-identical"
"lts/correct/sgpjoRrhySJYbgRs6_inv2.als","lts","CORRECT","inv2","inv2","inv2c","student-oracle-raw-ast-identical"
"lts/correct/siPD6nfdrt6agAxX9_inv3.als","lts","CORRECT","inv3","inv3","inv3c","student-oracle-raw-ast-identical"
"lts/correct/t5SHeyp3zYNzwTRhh_inv5.als","lts","CORRECT","inv5","inv5","inv5c","student-oracle-raw-ast-identical"
"lts/correct/tF2YMBRKGeovknTSW_inv2.als","lts","CORRECT","inv2","inv2","inv2c","student-oracle-raw-ast-identical"
"lts/correct/tRFcJA34NHqnWP9gc_inv1.als","lts","CORRECT","inv1","inv1","inv1c","student-oracle-raw-ast-identical"
"lts/correct/tZ8PsXJqvEn2dQ7yF_inv2.als","lts","CORRECT","inv2","inv2","inv2c","student-oracle-raw-ast-identical"
"lts/correct/taz8dCDArrxJ7gS46_inv1.als","lts","CORRECT","inv1","inv1","inv1c","student-oracle-raw-ast-identical"
"lts/correct/tiEyn2hEYc37zxhar_inv3.als","lts","CORRECT","inv3","inv3","inv3c","student-oracle-raw-ast-identical"
"lts/correct/tiMaHRjqyKbEdd5DP_inv2.als","lts","CORRECT","inv2","inv2","inv2c","student-oracle-raw-ast-identical"
"lts/correct/u5o934mLeahPYZmcZ_inv3.als","lts","CORRECT","inv3","inv3","inv3c","student-oracle-raw-ast-identical"
"lts/correct/u6ToCyML5fi79ENRe_inv1.als","lts","CORRECT","inv1","inv1","inv1c","student-oracle-raw-ast-identical"
"lts/correct/uAkwFgoeaXqe7itG5_inv5.als","lts","CORRECT","inv5","inv5","inv5c","student-oracle-raw-ast-identical"
"lts/correct/uJcrPgvQJC3upuQv2_inv3.als","lts","CORRECT","inv3","inv3","inv3c","student-oracle-raw-ast-identical"
"lts/correct/uKXZk8tarQGbge2nN_inv2.als","lts","CORRECT","inv2","inv2","inv2c","student-oracle-raw-ast-identical"
"lts/correct/ub9ZtZRjS48eP8yaw_inv3.als","lts","CORRECT","inv3","inv3","inv3c","student-oracle-raw-ast-identical"
"lts/correct/ujEgv72Gy2w84WXh6_inv2.als","lts","CORRECT","inv2","inv2","inv2c","student-oracle-raw-ast-identical"
"lts/correct/ukE9qELMrYz9pt5Hy_inv3.als","lts","CORRECT","inv3","inv3","inv3c","student-oracle-raw-ast-identical"
"lts/correct/ukbYddWzhNiwNjok7_inv1.als","lts","CORRECT","inv1","inv1","inv1c","student-oracle-raw-ast-identical"
"lts/correct/umR5zwHB8mnFoggbb_inv2.als","lts","CORRECT","inv2","inv2","inv2c","student-oracle-raw-ast-identical"
"lts/correct/up4HdAn7KA2vZys8d_inv3.als","lts","CORRECT","inv3","inv3","inv3c","student-oracle-raw-ast-identical"
"lts/correct/vHTkCiv3FBteBYn9K_inv1.als","lts","CORRECT","inv1","inv1","inv1c","student-oracle-raw-ast-identical"
"lts/correct/wJoKTHBEWLPcEpSyr_inv1.als","lts","CORRECT","inv1","inv1","inv1c","student-oracle-raw-ast-identical"
"lts/correct/wKkFi6iocKK9nRBco_inv2.als","lts","CORRECT","inv2","inv2","inv2c","student-oracle-raw-ast-identical"
"lts/correct/wPm2ANqt44mBR6jAR_inv2.als","lts","CORRECT","inv2","inv2","inv2c","student-oracle-raw-ast-identical"
"lts/correct/wTQvf4nHKC9m84keh_inv1.als","lts","CORRECT","inv1","inv1","inv1c","student-oracle-raw-ast-identical"
"lts/correct/wY36GtXCcHfpPx8Jw_inv2.als","lts","CORRECT","inv2","inv2","inv2c","student-oracle-raw-ast-identical"
"lts/correct/wY83dTpfaszTpWWzX_inv6.als","lts","CORRECT","inv6","inv6","inv6c","student-oracle-raw-ast-identical"
"lts/correct/wdCtEMGTB9kY456TM_inv5.als","lts","CORRECT","inv5","inv5","inv5c","student-oracle-raw-ast-identical"
"lts/correct/x5Dzuug64Dz9Gu4dL_inv1.als","lts","CORRECT","inv1","inv1","inv1c","student-oracle-raw-ast-identical"
"lts/correct/xJ3xS7tXmxPWWjiHx_inv2.als","lts","CORRECT","inv2","inv2","inv2c","student-oracle-raw-ast-identical"
"lts/correct/xWtgxrGJhfFcCh5nJ_inv3.als","lts","CORRECT","inv3","inv3","inv3c","student-oracle-raw-ast-identical"
"lts/correct/xbxbk5TRtv7HejSys_inv3.als","lts","CORRECT","inv3","inv3","inv3c","student-oracle-raw-ast-identical"
"lts/correct/xgbwpDi74m37kZ2aW_inv1.als","lts","CORRECT","inv1","inv1","inv1c","student-oracle-raw-ast-identical"
"lts/correct/xymXGkHKqZqMABpdG_inv2.als","lts","CORRECT","inv2","inv2","inv2c","student-oracle-raw-ast-identical"
"lts/correct/y8H7pGhdfALCzy5wp_inv2.als","lts","CORRECT","inv2","inv2","inv2c","student-oracle-raw-ast-identical"
"lts/correct/yKCMh6HwBnyDSKaq4_inv2.als","lts","CORRECT","inv2","inv2","inv2c","student-oracle-raw-ast-identical"
"lts/correct/yRb7NBTyvAx5qWM7d_inv3.als","lts","CORRECT","inv3","inv3","inv3c","student-oracle-raw-ast-identical"
"lts/correct/yxzkG9P9pWXbhtKAf_inv2.als","lts","CORRECT","inv2","inv2","inv2c","student-oracle-raw-ast-identical"
"lts/correct/zXumZKYYmJfvXQ67u_inv3.als","lts","CORRECT","inv3","inv3","inv3c","student-oracle-raw-ast-identical"
"lts/correct/zbLdqA3q6LkKaXiwk_inv3.als","lts","CORRECT","inv3","inv3","inv3c","student-oracle-raw-ast-identical"
"lts/correct/zuQxrKqWagrtPfLxW_inv2.als","lts","CORRECT","inv2","inv2","inv2c","student-oracle-raw-ast-identical"
"lts/correct/zxHg2Et857Yb3RGG3_inv1.als","lts","CORRECT","inv1","inv1","inv1c","student-oracle-raw-ast-identical"
"productionLineNew/correct/2fsD2SmTKCqBHZ62R_inv1.als","productionLineNew","CORRECT","inv1","inv1","inv1c","student-oracle-raw-ast-identical"
"productionLineNew/correct/2to3mLvieSHqiLWEn_inv5.als","productionLineNew","CORRECT","inv5","inv5","inv5c","student-oracle-raw-ast-identical"
"productionLineNew/correct/3P4h4nW9CSsFheJXJ_inv1.als","productionLineNew","CORRECT","inv1","inv1","inv1c","student-oracle-raw-ast-identical"
"productionLineNew/correct/4RRHpiPafevdLLYcQ_inv8.als","productionLineNew","CORRECT","inv8","inv8","inv8c","student-oracle-raw-ast-identical"
"productionLineNew/correct/5AWRuSHfoj8NrFbZt_inv1.als","productionLineNew","CORRECT","inv1","inv1","inv1c","student-oracle-raw-ast-identical"
"productionLineNew/correct/5GzpWKdS2rX6p8p2h_inv4.als","productionLineNew","CORRECT","inv4","inv4","inv4c","student-oracle-raw-ast-identical"
"productionLineNew/correct/5MYenPFHdSxqbNJfE_inv3.als","productionLineNew","CORRECT","inv3","inv3","inv3c","student-oracle-raw-ast-identical"
"productionLineNew/correct/5z4zzvadjgsQ7pvfc_inv4.als","productionLineNew","CORRECT","inv4","inv4","inv4c","student-oracle-raw-ast-identical"
"productionLineNew/correct/6CXYSR84oaohCQZdK_inv1.als","productionLineNew","CORRECT","inv1","inv1","inv1c","student-oracle-raw-ast-identical"
"productionLineNew/correct/6MEAyGD94KCKC8ZNF_inv1.als","productionLineNew","CORRECT","inv1","inv1","inv1c","student-oracle-raw-ast-identical"
"productionLineNew/correct/6Q3GCnxd4LnBWDfKu_inv4.als","productionLineNew","CORRECT","inv4","inv4","inv4c","student-oracle-raw-ast-identical"
"productionLineNew/correct/6e7xvJFNDSTs88q6K_inv6.als","productionLineNew","CORRECT","inv6","inv6","inv6c","student-oracle-raw-ast-identical"
"productionLineNew/correct/6jgxcxT3vwNrizt92_inv3.als","productionLineNew","CORRECT","inv3","inv3","inv3c","student-oracle-raw-ast-identical"
"productionLineNew/correct/7BWWebxKyu5bH3zcR_inv4.als","productionLineNew","CORRECT","inv4","inv4","inv4c","student-oracle-raw-ast-identical"
"productionLineNew/correct/7Luhvq39YPhXA4FHv_inv4.als","productionLineNew","CORRECT","inv4","inv4","inv4c","student-oracle-raw-ast-identical"
"productionLineNew/correct/87gafupTe78GEEXA2_inv1.als","productionLineNew","CORRECT","inv1","inv1","inv1c","student-oracle-raw-ast-identical"
"productionLineNew/correct/9ALRmzaBzmgJqbsCu_inv1.als","productionLineNew","CORRECT","inv1","inv1","inv1c","student-oracle-raw-ast-identical"
"productionLineNew/correct/9T83eZjFEJ4ybe9ec_inv3.als","productionLineNew","CORRECT","inv3","inv3","inv3c","student-oracle-raw-ast-identical"
"productionLineNew/correct/AhNWALN8JJ67v2dt8_inv4.als","productionLineNew","CORRECT","inv4","inv4","inv4c","student-oracle-raw-ast-identical"
"productionLineNew/correct/AyE9fBGNca74RJGdo_inv4.als","productionLineNew","CORRECT","inv4","inv4","inv4c","student-oracle-raw-ast-identical"
"productionLineNew/correct/BDb3EP7A5ua222Rag_inv3.als","productionLineNew","CORRECT","inv3","inv3","inv3c","student-oracle-raw-ast-identical"
"productionLineNew/correct/Bc9GqLB4FnZoWsQBs_inv4.als","productionLineNew","CORRECT","inv4","inv4","inv4c","student-oracle-raw-ast-identical"
"productionLineNew/correct/BfCWmAPFPbE9Cpjnm_inv2.als","productionLineNew","CORRECT","inv2","inv2","inv2c","student-oracle-raw-ast-identical"
"productionLineNew/correct/ChaK6743DgqXe94AF_inv3.als","productionLineNew","CORRECT","inv3","inv3","inv3c","student-oracle-raw-ast-identical"
"productionLineNew/correct/CyDczoP6poDMbB97k_inv3.als","productionLineNew","CORRECT","inv3","inv3","inv3c","student-oracle-raw-ast-identical"
"productionLineNew/correct/CyJNzXJH6fGALL7vT_inv3.als","productionLineNew","CORRECT","inv3","inv3","inv3c","student-oracle-raw-ast-identical"
"productionLineNew/correct/DEB7oiGBmkpw7R3iw_inv3.als","productionLineNew","CORRECT","inv3","inv3","inv3c","student-oracle-raw-ast-identical"
"productionLineNew/correct/Ddjs5Zk4ocnRTdpwd_inv3.als","productionLineNew","CORRECT","inv3","inv3","inv3c","student-oracle-raw-ast-identical"
"productionLineNew/correct/DfNBpJxQLKcfqe3qC_inv6.als","productionLineNew","CORRECT","inv6","inv6","inv6c","student-oracle-raw-ast-identical"
"productionLineNew/correct/EYQwsw5NnBZqbvWri_inv4.als","productionLineNew","CORRECT","inv4","inv4","inv4c","student-oracle-raw-ast-identical"
"productionLineNew/correct/EqnCFu7Yr5dRrWZR2_inv4.als","productionLineNew","CORRECT","inv4","inv4","inv4c","student-oracle-raw-ast-identical"
"productionLineNew/correct/F5sof6denf7NHZX2a_inv4.als","productionLineNew","CORRECT","inv4","inv4","inv4c","student-oracle-raw-ast-identical"
"productionLineNew/correct/FAtNMuCe396uC6TMm_inv1.als","productionLineNew","CORRECT","inv1","inv1","inv1c","student-oracle-raw-ast-identical"
"productionLineNew/correct/FF78MkaMAG8qdbrx8_inv3.als","productionLineNew","CORRECT","inv3","inv3","inv3c","student-oracle-raw-ast-identical"
"productionLineNew/correct/FJcMNeNbv5qnbCtSg_inv4.als","productionLineNew","CORRECT","inv4","inv4","inv4c","student-oracle-raw-ast-identical"
"productionLineNew/correct/FP9rTg2wHk8oDX9v7_inv4.als","productionLineNew","CORRECT","inv4","inv4","inv4c","student-oracle-raw-ast-identical"
"productionLineNew/correct/Fq38mjWvYBnk4nShf_inv1.als","productionLineNew","CORRECT","inv1","inv1","inv1c","student-oracle-raw-ast-identical"
"productionLineNew/correct/GuomPaDFtYd9d3Lnj_inv3.als","productionLineNew","CORRECT","inv3","inv3","inv3c","student-oracle-raw-ast-identical"
"productionLineNew/correct/HqjNRW3wvTu5ojKgi_inv7.als","productionLineNew","CORRECT","inv7","inv7","inv7c","student-oracle-raw-ast-identical"
"productionLineNew/correct/KFXDwWpgSoSDFQzvk_inv4.als","productionLineNew","CORRECT","inv4","inv4","inv4c","student-oracle-raw-ast-identical"
"productionLineNew/correct/L9ZM49HKpgxv2f9rL_inv1.als","productionLineNew","CORRECT","inv1","inv1","inv1c","student-oracle-raw-ast-identical"
"productionLineNew/correct/L9xcS4s9sYdkR4rqN_inv4.als","productionLineNew","CORRECT","inv4","inv4","inv4c","student-oracle-raw-ast-identical"
"productionLineNew/correct/LDQSaSkMcgjYsNjw3_inv3.als","productionLineNew","CORRECT","inv3","inv3","inv3c","student-oracle-raw-ast-identical"
"productionLineNew/correct/LT8L2zW3J5a3EpFvj_inv3.als","productionLineNew","CORRECT","inv3","inv3","inv3c","student-oracle-raw-ast-identical"
"productionLineNew/correct/LzjysxtwFHPZuj3Xv_inv3.als","productionLineNew","CORRECT","inv3","inv3","inv3c","student-oracle-raw-ast-identical"
"productionLineNew/correct/M5JtYAJCj4wtiiymM_inv4.als","productionLineNew","CORRECT","inv4","inv4","inv4c","student-oracle-raw-ast-identical"
"productionLineNew/correct/M9JFxmdH9xfTY2JrW_inv4.als","productionLineNew","CORRECT","inv4","inv4","inv4c","student-oracle-raw-ast-identical"
"productionLineNew/correct/NLEJ7xf7zz7D8ZSqW_inv3.als","productionLineNew","CORRECT","inv3","inv3","inv3c","student-oracle-raw-ast-identical"
"productionLineNew/correct/NsmXvb3Fw2LvF4LsQ_inv4.als","productionLineNew","CORRECT","inv4","inv4","inv4c","student-oracle-raw-ast-identical"
"productionLineNew/correct/Qtgs2BHYEo2yS8k2Y_inv4.als","productionLineNew","CORRECT","inv4","inv4","inv4c","student-oracle-raw-ast-identical"
"productionLineNew/correct/QygcmrPHNqKA6REfo_inv3.als","productionLineNew","CORRECT","inv3","inv3","inv3c","student-oracle-raw-ast-identical"
"productionLineNew/correct/RjFPvRrpSB4wxSAFb_inv3.als","productionLineNew","CORRECT","inv3","inv3","inv3c","student-oracle-raw-ast-identical"
"productionLineNew/correct/SPRzFw5aHkbqfGedA_inv4.als","productionLineNew","CORRECT","inv4","inv4","inv4c","student-oracle-raw-ast-identical"
"productionLineNew/correct/TGKEGaAAQNpXSzNPS_inv3.als","productionLineNew","CORRECT","inv3","inv3","inv3c","student-oracle-raw-ast-identical"
"productionLineNew/correct/TYAHFnWq9akmtJ797_inv3.als","productionLineNew","CORRECT","inv3","inv3","inv3c","student-oracle-raw-ast-identical"
"productionLineNew/correct/Wy23kF2AdNJhmPcua_inv1.als","productionLineNew","CORRECT","inv1","inv1","inv1c","student-oracle-raw-ast-identical"
"productionLineNew/correct/XKXj9E5P3ATwi3EjJ_inv4.als","productionLineNew","CORRECT","inv4","inv4","inv4c","student-oracle-raw-ast-identical"
"productionLineNew/correct/XgAgyysvgBP352sJ8_inv4.als","productionLineNew","CORRECT","inv4","inv4","inv4c","student-oracle-raw-ast-identical"
"productionLineNew/correct/XhJCAcTtXKBGpBG7Q_inv3.als","productionLineNew","CORRECT","inv3","inv3","inv3c","student-oracle-raw-ast-identical"
"productionLineNew/correct/XjEupprbc376P2CD8_inv3.als","productionLineNew","CORRECT","inv3","inv3","inv3c","student-oracle-raw-ast-identical"
"productionLineNew/correct/XkPG5HT3bXrBnSdPR_inv3.als","productionLineNew","CORRECT","inv3","inv3","inv3c","student-oracle-raw-ast-identical"
"productionLineNew/correct/YnRGNPuNAjHvBNG6t_inv3.als","productionLineNew","CORRECT","inv3","inv3","inv3c","student-oracle-raw-ast-identical"
"productionLineNew/correct/Z4js4EK46S8QmjMm4_inv3.als","productionLineNew","CORRECT","inv3","inv3","inv3c","student-oracle-raw-ast-identical"
"productionLineNew/correct/ZTKXNjkoqb3bvoXqS_inv4.als","productionLineNew","CORRECT","inv4","inv4","inv4c","student-oracle-raw-ast-identical"
"productionLineNew/correct/aKPnjhXfpMr5qskxj_inv3.als","productionLineNew","CORRECT","inv3","inv3","inv3c","student-oracle-raw-ast-identical"
"productionLineNew/correct/aRjn5np5XxhPgRHqS_inv3.als","productionLineNew","CORRECT","inv3","inv3","inv3c","student-oracle-raw-ast-identical"
"productionLineNew/correct/antiHuMSBdHEPtjhc_inv4.als","productionLineNew","CORRECT","inv4","inv4","inv4c","student-oracle-raw-ast-identical"
"productionLineNew/correct/asNFAwymmS9Dpv7HG_inv1.als","productionLineNew","CORRECT","inv1","inv1","inv1c","student-oracle-raw-ast-identical"
"productionLineNew/correct/bNiZoNFKXBgDaxsR2_inv8.als","productionLineNew","CORRECT","inv8","inv8","inv8c","student-oracle-raw-ast-identical"
"productionLineNew/correct/bXNZkpTT6idpLfAQg_inv3.als","productionLineNew","CORRECT","inv3","inv3","inv3c","student-oracle-raw-ast-identical"
"productionLineNew/correct/bogvSQhqedvtwXsye_inv1.als","productionLineNew","CORRECT","inv1","inv1","inv1c","student-oracle-raw-ast-identical"
"productionLineNew/correct/c42SnvWr6yAFFtTJw_inv1.als","productionLineNew","CORRECT","inv1","inv1","inv1c","student-oracle-raw-ast-identical"
"productionLineNew/correct/cGLuemNybpddFg8wQ_inv3.als","productionLineNew","CORRECT","inv3","inv3","inv3c","student-oracle-raw-ast-identical"
"productionLineNew/correct/cP8WyaSJrDXXA9mCq_inv3.als","productionLineNew","CORRECT","inv3","inv3","inv3c","student-oracle-raw-ast-identical"
"productionLineNew/correct/cb7F4tP8rqy8Axc8y_inv1.als","productionLineNew","CORRECT","inv1","inv1","inv1c","student-oracle-raw-ast-identical"
"productionLineNew/correct/cfYiQ7XPcW9yBPsBi_inv1.als","productionLineNew","CORRECT","inv1","inv1","inv1c","student-oracle-raw-ast-identical"
"productionLineNew/correct/dWngja7czD2DTJhRW_inv4.als","productionLineNew","CORRECT","inv4","inv4","inv4c","student-oracle-raw-ast-identical"
"productionLineNew/correct/ek5C7mPMKP2EEQpxQ_inv3.als","productionLineNew","CORRECT","inv3","inv3","inv3c","student-oracle-raw-ast-identical"
"productionLineNew/correct/ezCtFy2E8ug9SbogA_inv1.als","productionLineNew","CORRECT","inv1","inv1","inv1c","student-oracle-raw-ast-identical"
"productionLineNew/correct/faam6DFR7iza7QuBd_inv1.als","productionLineNew","CORRECT","inv1","inv1","inv1c","student-oracle-raw-ast-identical"
"productionLineNew/correct/frSyXW8sB3oHga3D4_inv1.als","productionLineNew","CORRECT","inv1","inv1","inv1c","student-oracle-raw-ast-identical"
"productionLineNew/correct/fzuDuhxWjMMfvPTRr_inv1.als","productionLineNew","CORRECT","inv1","inv1","inv1c","student-oracle-raw-ast-identical"
"productionLineNew/correct/hMK5uJbokMdHs7ZZR_inv3.als","productionLineNew","CORRECT","inv3","inv3","inv3c","student-oracle-raw-ast-identical"
"productionLineNew/correct/hNQwDv6ECiYrbzjKr_inv3.als","productionLineNew","CORRECT","inv3","inv3","inv3c","student-oracle-raw-ast-identical"
"productionLineNew/correct/hRTeMxLwNrzopyPjj_inv3.als","productionLineNew","CORRECT","inv3","inv3","inv3c","student-oracle-raw-ast-identical"
"productionLineNew/correct/hdnWqcPway2z3sk84_inv4.als","productionLineNew","CORRECT","inv4","inv4","inv4c","student-oracle-raw-ast-identical"
"productionLineNew/correct/hgAyo492Bhj5sgb6Y_inv4.als","productionLineNew","CORRECT","inv4","inv4","inv4c","student-oracle-raw-ast-identical"
"productionLineNew/correct/iNfPKPRtvCAjgwWRP_inv3.als","productionLineNew","CORRECT","inv3","inv3","inv3c","student-oracle-raw-ast-identical"
"productionLineNew/correct/iTrJR3ryd2Zh4Bu5g_inv1.als","productionLineNew","CORRECT","inv1","inv1","inv1c","student-oracle-raw-ast-identical"
"productionLineNew/correct/jZhiwgctWMRP4G3hC_inv3.als","productionLineNew","CORRECT","inv3","inv3","inv3c","student-oracle-raw-ast-identical"
"productionLineNew/correct/jn8bXbdRjShH5Q7JL_inv3.als","productionLineNew","CORRECT","inv3","inv3","inv3c","student-oracle-raw-ast-identical"
"productionLineNew/correct/k7ggyX43M3dCfSedh_inv1.als","productionLineNew","CORRECT","inv1","inv1","inv1c","student-oracle-raw-ast-identical"
"productionLineNew/correct/kKPcb8H54aMvLxAuW_inv4.als","productionLineNew","CORRECT","inv4","inv4","inv4c","student-oracle-raw-ast-identical"
"productionLineNew/correct/kd3mm6bvNDgQmaBNP_inv3.als","productionLineNew","CORRECT","inv3","inv3","inv3c","student-oracle-raw-ast-identical"
"productionLineNew/correct/m9ZCcffPtSsb9cX87_inv4.als","productionLineNew","CORRECT","inv4","inv4","inv4c","student-oracle-raw-ast-identical"
"productionLineNew/correct/mS6swsMJHd3LBr7nb_inv4.als","productionLineNew","CORRECT","inv4","inv4","inv4c","student-oracle-raw-ast-identical"
"productionLineNew/correct/mxcCjaCD5JhNhAxg7_inv4.als","productionLineNew","CORRECT","inv4","inv4","inv4c","student-oracle-raw-ast-identical"
"productionLineNew/correct/n5QpZj9Je4p4Hxc4M_inv4.als","productionLineNew","CORRECT","inv4","inv4","inv4c","student-oracle-raw-ast-identical"
"productionLineNew/correct/nFAeQjbGJWjb84Hzq_inv4.als","productionLineNew","CORRECT","inv4","inv4","inv4c","student-oracle-raw-ast-identical"
"productionLineNew/correct/noo8dQK7iRTxR7t2R_inv4.als","productionLineNew","CORRECT","inv4","inv4","inv4c","student-oracle-raw-ast-identical"
"productionLineNew/correct/o78CrzKzFDPmgTmzo_inv1.als","productionLineNew","CORRECT","inv1","inv1","inv1c","student-oracle-raw-ast-identical"
"productionLineNew/correct/oXcYEd6ewQP5Z4nEA_inv1.als","productionLineNew","CORRECT","inv1","inv1","inv1c","student-oracle-raw-ast-identical"
"productionLineNew/correct/ohzWdTmCRicBpjhKt_inv7.als","productionLineNew","CORRECT","inv7","inv7","inv7c","student-oracle-raw-ast-identical"
"productionLineNew/correct/pRESGH95AvaiiM8jX_inv4.als","productionLineNew","CORRECT","inv4","inv4","inv4c","student-oracle-raw-ast-identical"
"productionLineNew/correct/pYF5rGMavSBd3YtD6_inv4.als","productionLineNew","CORRECT","inv4","inv4","inv4c","student-oracle-raw-ast-identical"
"productionLineNew/correct/r59gRjHPQYWmojJ9K_inv1.als","productionLineNew","CORRECT","inv1","inv1","inv1c","student-oracle-raw-ast-identical"
"productionLineNew/correct/ra46ZAPhfWiqRrvDX_inv4.als","productionLineNew","CORRECT","inv4","inv4","inv4c","student-oracle-raw-ast-identical"
"productionLineNew/correct/rrXxLWu9dY6yCpnFN_inv1.als","productionLineNew","CORRECT","inv1","inv1","inv1c","student-oracle-raw-ast-identical"
"productionLineNew/correct/s3hGCRyZJoj5fq39c_inv1.als","productionLineNew","CORRECT","inv1","inv1","inv1c","student-oracle-raw-ast-identical"
"productionLineNew/correct/s7vMncdiLdNLMw5it_inv2.als","productionLineNew","CORRECT","inv2","inv2","inv2c","student-oracle-raw-ast-identical"
"productionLineNew/correct/sJM2mfrfFXwbarmLq_inv3.als","productionLineNew","CORRECT","inv3","inv3","inv3c","student-oracle-raw-ast-identical"
"productionLineNew/correct/t89opHSRdYALYQASR_inv4.als","productionLineNew","CORRECT","inv4","inv4","inv4c","student-oracle-raw-ast-identical"
"productionLineNew/correct/t9izwtrq7WXCEKfpP_inv3.als","productionLineNew","CORRECT","inv3","inv3","inv3c","student-oracle-raw-ast-identical"
"productionLineNew/correct/uNtQduDkobqwsmmjk_inv3.als","productionLineNew","CORRECT","inv3","inv3","inv3c","student-oracle-raw-ast-identical"
"productionLineNew/correct/uwnJKbJ7BusPZJbNB_inv3.als","productionLineNew","CORRECT","inv3","inv3","inv3c","student-oracle-raw-ast-identical"
"productionLineNew/correct/vKCyBDNmwbHmCiXLq_inv4.als","productionLineNew","CORRECT","inv4","inv4","inv4c","student-oracle-raw-ast-identical"
"productionLineNew/correct/vSdaSyfBiEMnJ2WqQ_inv7.als","productionLineNew","CORRECT","inv7","inv7","inv7c","student-oracle-raw-ast-identical"
"productionLineNew/correct/wayr4YkqGLToHYa2v_inv1.als","productionLineNew","CORRECT","inv1","inv1","inv1c","student-oracle-raw-ast-identical"
"productionLineNew/correct/wiX4Qrd6CXpu2AsLz_inv3.als","productionLineNew","CORRECT","inv3","inv3","inv3c","student-oracle-raw-ast-identical"
"productionLineNew/correct/wkK7p9tPMkuaYtdLC_inv4.als","productionLineNew","CORRECT","inv4","inv4","inv4c","student-oracle-raw-ast-identical"
"productionLineNew/correct/wmTauyJw67qiJEDnm_inv3.als","productionLineNew","CORRECT","inv3","inv3","inv3c","student-oracle-raw-ast-identical"
"productionLineNew/correct/xmdSRdAJx98NGB9o4_inv4.als","productionLineNew","CORRECT","inv4","inv4","inv4c","student-oracle-raw-ast-identical"
"productionLineNew/correct/yWHbof6puJgSYgYv6_inv3.als","productionLineNew","CORRECT","inv3","inv3","inv3c","student-oracle-raw-ast-identical"
"productionLineNew/correct/yeoqPr4iHNcNsGeWj_inv1.als","productionLineNew","CORRECT","inv1","inv1","inv1c","student-oracle-raw-ast-identical"
"productionLineNew/correct/yvXqjcr4uEhyB4dEt_inv3.als","productionLineNew","CORRECT","inv3","inv3","inv3c","student-oracle-raw-ast-identical"
"productionLine_v1/correct/3eqsteFXhLJHb2vAu_inv2.als","productionLine_v1","CORRECT","inv2","inv2","inv2c","student-oracle-raw-ast-identical"
"productionLine_v1/correct/4b3yaqyZqvhpxtF6w_inv2.als","productionLine_v1","CORRECT","inv2","inv2","inv2c","student-oracle-raw-ast-identical"
"productionLine_v1/correct/5CDpRhc37SK4JY9ik_inv1.als","productionLine_v1","CORRECT","inv1","inv1","inv1c","student-oracle-raw-ast-identical"
"productionLine_v1/correct/6KiGhDakY9GPNkNfH_inv1.als","productionLine_v1","CORRECT","inv1","inv1","inv1c","student-oracle-raw-ast-identical"
"productionLine_v1/correct/6W5MYoDA8CNGpFHrD_inv1.als","productionLine_v1","CORRECT","inv1","inv1","inv1c","student-oracle-raw-ast-identical"
"productionLine_v1/correct/7Br7Drj6hyh5ARZ3K_inv2.als","productionLine_v1","CORRECT","inv2","inv2","inv2c","student-oracle-raw-ast-identical"
"productionLine_v1/correct/7GKMAPzXoucn3zjES_inv2.als","productionLine_v1","CORRECT","inv2","inv2","inv2c","student-oracle-raw-ast-identical"
"productionLine_v1/correct/7Z7wyiRNhunA9tMRg_inv2.als","productionLine_v1","CORRECT","inv2","inv2","inv2c","student-oracle-raw-ast-identical"
"productionLine_v1/correct/7pQQENmHhN8JrtaHv_inv1.als","productionLine_v1","CORRECT","inv1","inv1","inv1c","student-oracle-raw-ast-identical"
"productionLine_v1/correct/8K4ZndhPoRtCy9M84_inv1.als","productionLine_v1","CORRECT","inv1","inv1","inv1c","student-oracle-raw-ast-identical"
"productionLine_v1/correct/9NcYSpdP8tNsACkNR_inv1.als","productionLine_v1","CORRECT","inv1","inv1","inv1c","student-oracle-raw-ast-identical"
"productionLine_v1/correct/9P8Dw5EY5maEYJG8b_inv2.als","productionLine_v1","CORRECT","inv2","inv2","inv2c","student-oracle-raw-ast-identical"
"productionLine_v1/correct/9kh9BCX2dBkPu5hMo_inv1.als","productionLine_v1","CORRECT","inv1","inv1","inv1c","student-oracle-raw-ast-identical"
"productionLine_v1/correct/AEqyQPTyC4rYqerqk_inv2.als","productionLine_v1","CORRECT","inv2","inv2","inv2c","student-oracle-raw-ast-identical"
"productionLine_v1/correct/AT2d6FWXQJDXwN9Fs_inv2.als","productionLine_v1","CORRECT","inv2","inv2","inv2c","student-oracle-raw-ast-identical"
"productionLine_v1/correct/AoGyaPy7efN4EzgwB_inv1.als","productionLine_v1","CORRECT","inv1","inv1","inv1c","student-oracle-raw-ast-identical"
"productionLine_v1/correct/BcWWwXTYmBkanNWLs_inv2.als","productionLine_v1","CORRECT","inv2","inv2","inv2c","student-oracle-raw-ast-identical"
"productionLine_v1/correct/Bcf2yXwr6hY9SHmnz_inv1.als","productionLine_v1","CORRECT","inv1","inv1","inv1c","student-oracle-raw-ast-identical"
"productionLine_v1/correct/BoM6uG7c8B2eNqXTZ_inv1.als","productionLine_v1","CORRECT","inv1","inv1","inv1c","student-oracle-raw-ast-identical"
"productionLine_v1/correct/CCoE2ncmAuBSmeuYL_inv1.als","productionLine_v1","CORRECT","inv1","inv1","inv1c","student-oracle-raw-ast-identical"
"productionLine_v1/correct/Cm2skdJoDSHZFzYt5_inv1.als","productionLine_v1","CORRECT","inv1","inv1","inv1c","student-oracle-raw-ast-identical"
"productionLine_v1/correct/D7A7FDMDKMPobGaZg_inv1.als","productionLine_v1","CORRECT","inv1","inv1","inv1c","student-oracle-raw-ast-identical"
"productionLine_v1/correct/D8ouoifQi8jc633u8_inv2.als","productionLine_v1","CORRECT","inv2","inv2","inv2c","student-oracle-raw-ast-identical"
"productionLine_v1/correct/DJrzfRMnsNTZ8KHNe_inv1.als","productionLine_v1","CORRECT","inv1","inv1","inv1c","student-oracle-raw-ast-identical"
"productionLine_v1/correct/E4PNnY36e5hsnWdh8_inv1.als","productionLine_v1","CORRECT","inv1","inv1","inv1c","student-oracle-raw-ast-identical"
"productionLine_v1/correct/EHw9T3Ws8gYpNsYpf_inv1.als","productionLine_v1","CORRECT","inv1","inv1","inv1c","student-oracle-raw-ast-identical"
"productionLine_v1/correct/FZ7nkzqEqGC4PrxpR_inv2.als","productionLine_v1","CORRECT","inv2","inv2","inv2c","student-oracle-raw-ast-identical"
"productionLine_v1/correct/FemRTPXBSRSvanEL9_inv1.als","productionLine_v1","CORRECT","inv1","inv1","inv1c","student-oracle-raw-ast-identical"
"productionLine_v1/correct/FhgxKtX9THuvtPKsv_inv1.als","productionLine_v1","CORRECT","inv1","inv1","inv1c","student-oracle-raw-ast-identical"
"productionLine_v1/correct/GaGNnbH2sAGznx9dg_inv2.als","productionLine_v1","CORRECT","inv2","inv2","inv2c","student-oracle-raw-ast-identical"
"productionLine_v1/correct/HFkcDKdcDeujRsDrv_inv1.als","productionLine_v1","CORRECT","inv1","inv1","inv1c","student-oracle-raw-ast-identical"
"productionLine_v1/correct/HhCMPaC3PSuNGwDqw_inv1.als","productionLine_v1","CORRECT","inv1","inv1","inv1c","student-oracle-raw-ast-identical"
"productionLine_v1/correct/K6axvsszR8rPMYX8A_inv1.als","productionLine_v1","CORRECT","inv1","inv1","inv1c","student-oracle-raw-ast-identical"
"productionLine_v1/correct/LcHDdTCSg6sY5SYYh_inv3.als","productionLine_v1","CORRECT","inv3","inv3","inv3c","student-oracle-raw-ast-identical"
"productionLine_v1/correct/LeQBhohseDduiQgp8_inv1.als","productionLine_v1","CORRECT","inv1","inv1","inv1c","student-oracle-raw-ast-identical"
"productionLine_v1/correct/MM52JCoeTzamgzFZr_inv2.als","productionLine_v1","CORRECT","inv2","inv2","inv2c","student-oracle-raw-ast-identical"
"productionLine_v1/correct/MmW4wuKwgebcopXCw_inv1.als","productionLine_v1","CORRECT","inv1","inv1","inv1c","student-oracle-raw-ast-identical"
"productionLine_v1/correct/NJFjkMBmscrfwPgzj_inv3.als","productionLine_v1","CORRECT","inv3","inv3","inv3c","student-oracle-raw-ast-identical"
"productionLine_v1/correct/P2HKSTsDGz7qPakH3_inv2.als","productionLine_v1","CORRECT","inv2","inv2","inv2c","student-oracle-raw-ast-identical"
"productionLine_v1/correct/P7Tc3dowxG7YTi4a5_inv1.als","productionLine_v1","CORRECT","inv1","inv1","inv1c","student-oracle-raw-ast-identical"
"productionLine_v1/correct/P9QFpmsZgPnnY6a34_inv1.als","productionLine_v1","CORRECT","inv1","inv1","inv1c","student-oracle-raw-ast-identical"
"productionLine_v1/correct/PPe4TE573KE54Wsk5_inv2.als","productionLine_v1","CORRECT","inv2","inv2","inv2c","student-oracle-raw-ast-identical"
"productionLine_v1/correct/RYfKawLeGqj6noMqv_inv2.als","productionLine_v1","CORRECT","inv2","inv2","inv2c","student-oracle-raw-ast-identical"
"productionLine_v1/correct/Ryj5r5ckDYBCmF86y_inv1.als","productionLine_v1","CORRECT","inv1","inv1","inv1c","student-oracle-raw-ast-identical"
"productionLine_v1/correct/S3FXrwFG55THu37DA_inv2.als","productionLine_v1","CORRECT","inv2","inv2","inv2c","student-oracle-raw-ast-identical"
"productionLine_v1/correct/TFg8MXgdQNavBTp4b_inv2.als","productionLine_v1","CORRECT","inv2","inv2","inv2c","student-oracle-raw-ast-identical"
"productionLine_v1/correct/Xc789CrRMZSEfXWav_inv2.als","productionLine_v1","CORRECT","inv2","inv2","inv2c","student-oracle-raw-ast-identical"
"productionLine_v1/correct/YMphTMypzRZrz23jw_inv2.als","productionLine_v1","CORRECT","inv2","inv2","inv2c","student-oracle-raw-ast-identical"
"productionLine_v1/correct/ZBuiuzQ8E7oEGpLca_inv1.als","productionLine_v1","CORRECT","inv1","inv1","inv1c","student-oracle-raw-ast-identical"
"productionLine_v1/correct/aodwwYxg7MpQAeoWj_inv1.als","productionLine_v1","CORRECT","inv1","inv1","inv1c","student-oracle-raw-ast-identical"
"productionLine_v1/correct/bzRdbBX4h2WnaKGm5_inv1.als","productionLine_v1","CORRECT","inv1","inv1","inv1c","student-oracle-raw-ast-identical"
"productionLine_v1/correct/cFYqCzpqrSiTFCHLd_inv2.als","productionLine_v1","CORRECT","inv2","inv2","inv2c","student-oracle-raw-ast-identical"
"productionLine_v1/correct/cepGWJQq4FXCqaPok_inv1.als","productionLine_v1","CORRECT","inv1","inv1","inv1c","student-oracle-raw-ast-identical"
"productionLine_v1/correct/csvce7dtcvtuzSzcr_inv2.als","productionLine_v1","CORRECT","inv2","inv2","inv2c","student-oracle-raw-ast-identical"
"productionLine_v1/correct/dbKZg3a63svPMxg7f_inv2.als","productionLine_v1","CORRECT","inv2","inv2","inv2c","student-oracle-raw-ast-identical"
"productionLine_v1/correct/ee5opGEkPTaa4NuSB_inv1.als","productionLine_v1","CORRECT","inv1","inv1","inv1c","student-oracle-raw-ast-identical"
"productionLine_v1/correct/fq2Sxo443NoNpnzpx_inv1.als","productionLine_v1","CORRECT","inv1","inv1","inv1c","student-oracle-raw-ast-identical"
"productionLine_v1/correct/giMSZrX2X6mpuTGC4_inv1.als","productionLine_v1","CORRECT","inv1","inv1","inv1c","student-oracle-raw-ast-identical"
"productionLine_v1/correct/iSDBhcXgRMdYi9B6C_inv2.als","productionLine_v1","CORRECT","inv2","inv2","inv2c","student-oracle-raw-ast-identical"
"productionLine_v1/correct/inyqJ5DiWEpvjNM6s_inv1.als","productionLine_v1","CORRECT","inv1","inv1","inv1c","student-oracle-raw-ast-identical"
"productionLine_v1/correct/jhgAmmMbx4nc3HQZe_inv1.als","productionLine_v1","CORRECT","inv1","inv1","inv1c","student-oracle-raw-ast-identical"
"productionLine_v1/correct/kJz4gZ4ZTtmystgHj_inv1.als","productionLine_v1","CORRECT","inv1","inv1","inv1c","student-oracle-raw-ast-identical"
"productionLine_v1/correct/kwKXiKFDfixPkXWDP_inv2.als","productionLine_v1","CORRECT","inv2","inv2","inv2c","student-oracle-raw-ast-identical"
"productionLine_v1/correct/m48gdH4qKs3ENQL6h_inv1.als","productionLine_v1","CORRECT","inv1","inv1","inv1c","student-oracle-raw-ast-identical"
"productionLine_v1/correct/mCju9avdKwdkQsA5R_inv2.als","productionLine_v1","CORRECT","inv2","inv2","inv2c","student-oracle-raw-ast-identical"
"productionLine_v1/correct/mEHHXecfKq2ctcKi4_inv1.als","productionLine_v1","CORRECT","inv1","inv1","inv1c","student-oracle-raw-ast-identical"
"productionLine_v1/correct/mzGW5wvwimXczjpkx_inv1.als","productionLine_v1","CORRECT","inv1","inv1","inv1c","student-oracle-raw-ast-identical"
"productionLine_v1/correct/n33acXBJKduw3Rxfn_inv2.als","productionLine_v1","CORRECT","inv2","inv2","inv2c","student-oracle-raw-ast-identical"
"productionLine_v1/correct/nhbwzuJMeCzF4Aai7_inv1.als","productionLine_v1","CORRECT","inv1","inv1","inv1c","student-oracle-raw-ast-identical"
"productionLine_v1/correct/o2vvJBSYSBwFG93da_inv1.als","productionLine_v1","CORRECT","inv1","inv1","inv1c","student-oracle-raw-ast-identical"
"productionLine_v1/correct/oGLJZyRtX7aCdtuc5_inv1.als","productionLine_v1","CORRECT","inv1","inv1","inv1c","student-oracle-raw-ast-identical"
"productionLine_v1/correct/oJLPt3wcTuPMT4fjN_inv1.als","productionLine_v1","CORRECT","inv1","inv1","inv1c","student-oracle-raw-ast-identical"
"productionLine_v1/correct/oTD4pykg3rsBeWfxz_inv1.als","productionLine_v1","CORRECT","inv1","inv1","inv1c","student-oracle-raw-ast-identical"
"productionLine_v1/correct/ov9DfaEBdzo9PThyg_inv1.als","productionLine_v1","CORRECT","inv1","inv1","inv1c","student-oracle-raw-ast-identical"
"productionLine_v1/correct/pEPPM8Xsp27wX4aNa_inv1.als","productionLine_v1","CORRECT","inv1","inv1","inv1c","student-oracle-raw-ast-identical"
"productionLine_v1/correct/pSyMM24F58rXY7Luq_inv1.als","productionLine_v1","CORRECT","inv1","inv1","inv1c","student-oracle-raw-ast-identical"
"productionLine_v1/correct/q2m366u8rN7rmvGrT_inv1.als","productionLine_v1","CORRECT","inv1","inv1","inv1c","student-oracle-raw-ast-identical"
"productionLine_v1/correct/qkTrKozsnjET6L7zD_inv1.als","productionLine_v1","CORRECT","inv1","inv1","inv1c","student-oracle-raw-ast-identical"
"productionLine_v1/correct/rtorT6dhjjcFTEuoT_inv1.als","productionLine_v1","CORRECT","inv1","inv1","inv1c","student-oracle-raw-ast-identical"
"productionLine_v1/correct/soZHbeBw4wqDGFCxS_inv1.als","productionLine_v1","CORRECT","inv1","inv1","inv1c","student-oracle-raw-ast-identical"
"productionLine_v1/correct/sybArdAAnmr2n62D2_inv1.als","productionLine_v1","CORRECT","inv1","inv1","inv1c","student-oracle-raw-ast-identical"
"productionLine_v1/correct/txmhMvNBBX394CrgR_inv2.als","productionLine_v1","CORRECT","inv2","inv2","inv2c","student-oracle-raw-ast-identical"
"productionLine_v1/correct/uQr6HxYhR82SHchT5_inv1.als","productionLine_v1","CORRECT","inv1","inv1","inv1c","student-oracle-raw-ast-identical"
"productionLine_v1/correct/udoCacj6fY4uFcbSy_inv1.als","productionLine_v1","CORRECT","inv1","inv1","inv1c","student-oracle-raw-ast-identical"
"productionLine_v1/correct/vaceneM8Y9ry2C5R9_inv2.als","productionLine_v1","CORRECT","inv2","inv2","inv2c","student-oracle-raw-ast-identical"
"productionLine_v1/correct/wWrQNmxRh7zqwNWCD_inv2.als","productionLine_v1","CORRECT","inv2","inv2","inv2c","student-oracle-raw-ast-identical"
"productionLine_v1/correct/wwzJrkZCmAt6Go3ra_inv2.als","productionLine_v1","CORRECT","inv2","inv2","inv2c","student-oracle-raw-ast-identical"
"productionLine_v1/correct/xQ9XLJaEo75WbEXSi_inv2.als","productionLine_v1","CORRECT","inv2","inv2","inv2c","student-oracle-raw-ast-identical"
"productionLine_v1/correct/xztvQbou2v7Q7LPFf_inv2.als","productionLine_v1","CORRECT","inv2","inv2","inv2c","student-oracle-raw-ast-identical"
"productionLine_v1/correct/yfDjGcqfDjYchtiJk_inv1.als","productionLine_v1","CORRECT","inv1","inv1","inv1c","student-oracle-raw-ast-identical"
"productionLine_v1/correct/ynKmmMumr9gRaswKa_inv2.als","productionLine_v1","CORRECT","inv2","inv2","inv2c","student-oracle-raw-ast-identical"
"productionLine_v1/correct/ysqnvyLKkeNgz6bWa_inv1.als","productionLine_v1","CORRECT","inv1","inv1","inv1c","student-oracle-raw-ast-identical"
"productionLine_v1/correct/z7Lieqek9osWiPtX5_inv1.als","productionLine_v1","CORRECT","inv1","inv1","inv1c","student-oracle-raw-ast-identical"
"productionLine_v1/correct/zeTNT8LdckiqftdAE_inv2.als","productionLine_v1","CORRECT","inv2","inv2","inv2c","student-oracle-raw-ast-identical"
"productionLine_v2/correct/29DK2rJLxkrDwkaHG_inv1.als","productionLine_v2","CORRECT","inv1","inv1","inv1c","student-oracle-raw-ast-identical"
"productionLine_v2/correct/2PwksMLoJnZ3Hndei_inv1.als","productionLine_v2","CORRECT","inv1","inv1","inv1c","student-oracle-raw-ast-identical"
"productionLine_v2/correct/36jtTsQawNbWqoCAB_inv4.als","productionLine_v2","CORRECT","inv4","inv4","inv4c","student-oracle-raw-ast-identical"
"productionLine_v2/correct/3RHLGyvuTj6mXy73d_inv3.als","productionLine_v2","CORRECT","inv3","inv3","inv3c","student-oracle-raw-ast-identical"
"productionLine_v2/correct/3fzLh8cmXKvZWS58F_inv3.als","productionLine_v2","CORRECT","inv3","inv3","inv3c","student-oracle-raw-ast-identical"
"productionLine_v2/correct/3sGXepNKFKPKvGKLz_inv3.als","productionLine_v2","CORRECT","inv3","inv3","inv3c","student-oracle-raw-ast-identical"
"productionLine_v2/correct/3sW9bqAmmGrHLD2CX_inv9.als","productionLine_v2","CORRECT","inv9","inv9","inv9c","student-oracle-raw-ast-identical"
"productionLine_v2/correct/446DX9ChQTAEm5dxN_inv4.als","productionLine_v2","CORRECT","inv4","inv4","inv4c","student-oracle-raw-ast-identical"
"productionLine_v2/correct/4P5vNpZh6xxZmjxJm_inv1.als","productionLine_v2","CORRECT","inv1","inv1","inv1c","student-oracle-raw-ast-identical"
"productionLine_v2/correct/4hfNWSSXRyt53gX2f_inv4.als","productionLine_v2","CORRECT","inv4","inv4","inv4c","student-oracle-raw-ast-identical"
"productionLine_v2/correct/55PZPBijuhMi9sTwy_inv4.als","productionLine_v2","CORRECT","inv4","inv4","inv4c","student-oracle-raw-ast-identical"
"productionLine_v2/correct/5d9A3iazyeAmYXYwK_inv3.als","productionLine_v2","CORRECT","inv3","inv3","inv3c","student-oracle-raw-ast-identical"
"productionLine_v2/correct/66Xj6KHm7SjKn5Hxf_inv2.als","productionLine_v2","CORRECT","inv2","inv2","inv2c","student-oracle-raw-ast-identical"
"productionLine_v2/correct/6PENKaZNuv5kAqY4P_inv3.als","productionLine_v2","CORRECT","inv3","inv3","inv3c","student-oracle-raw-ast-identical"
"productionLine_v2/correct/6PfdeqqgoNb6uiqCd_inv1.als","productionLine_v2","CORRECT","inv1","inv1","inv1c","student-oracle-raw-ast-identical"
"productionLine_v2/correct/6jwAjgfk6exK8xT8g_inv7.als","productionLine_v2","CORRECT","inv7","inv7","inv7c","student-oracle-raw-ast-identical"
"productionLine_v2/correct/6p5pGbBpLGCJbKNtf_inv4.als","productionLine_v2","CORRECT","inv4","inv4","inv4c","student-oracle-raw-ast-identical"
"productionLine_v2/correct/6yDjz2PJcwbn7FFoE_inv7.als","productionLine_v2","CORRECT","inv7","inv7","inv7c","student-oracle-raw-ast-identical"
"productionLine_v2/correct/725pmCKmu5C7JS4mT_inv4.als","productionLine_v2","CORRECT","inv4","inv4","inv4c","student-oracle-raw-ast-identical"
"productionLine_v2/correct/732niF24hrGXtuqKx_inv4.als","productionLine_v2","CORRECT","inv4","inv4","inv4c","student-oracle-raw-ast-identical"
"productionLine_v2/correct/7YiswQ5Qa4wgXNNc5_inv3.als","productionLine_v2","CORRECT","inv3","inv3","inv3c","student-oracle-raw-ast-identical"
"productionLine_v2/correct/8A5X3Dwh33jSofJwz_inv4.als","productionLine_v2","CORRECT","inv4","inv4","inv4c","student-oracle-raw-ast-identical"
"productionLine_v2/correct/8HRPYiPNETgpMgwfo_inv3.als","productionLine_v2","CORRECT","inv3","inv3","inv3c","student-oracle-raw-ast-identical"
"productionLine_v2/correct/8W9PyFBcGPzLTYKzN_inv1.als","productionLine_v2","CORRECT","inv1","inv1","inv1c","student-oracle-raw-ast-identical"
"productionLine_v2/correct/8dzGJLM6JfT9NNMJt_inv1.als","productionLine_v2","CORRECT","inv1","inv1","inv1c","student-oracle-raw-ast-identical"
"productionLine_v2/correct/8q2Fq2FA5CJLcG3Dk_inv4.als","productionLine_v2","CORRECT","inv4","inv4","inv4c","student-oracle-raw-ast-identical"
"productionLine_v2/correct/8qc55ALvAtN2onxxG_inv3.als","productionLine_v2","CORRECT","inv3","inv3","inv3c","student-oracle-raw-ast-identical"
"productionLine_v2/correct/9RLJSi7KXdB4EJJP4_inv2.als","productionLine_v2","CORRECT","inv2","inv2","inv2c","student-oracle-raw-ast-identical"
"productionLine_v2/correct/9nmDWfkkJrNqC7zbG_inv3.als","productionLine_v2","CORRECT","inv3","inv3","inv3c","student-oracle-raw-ast-identical"
"productionLine_v2/correct/AdpMW97bBxfrnhram_inv3.als","productionLine_v2","CORRECT","inv3","inv3","inv3c","student-oracle-raw-ast-identical"
"productionLine_v2/correct/AvRAe9gAZr9ChdsYB_inv3.als","productionLine_v2","CORRECT","inv3","inv3","inv3c","student-oracle-raw-ast-identical"
"productionLine_v2/correct/BwA3etFERziGFhCJg_inv2.als","productionLine_v2","CORRECT","inv2","inv2","inv2c","student-oracle-raw-ast-identical"
"productionLine_v2/correct/CAPQGp3JYytaN4NwF_inv4.als","productionLine_v2","CORRECT","inv4","inv4","inv4c","student-oracle-raw-ast-identical"
"productionLine_v2/correct/CGZ35MJuZz9CWiKW4_inv4.als","productionLine_v2","CORRECT","inv4","inv4","inv4c","student-oracle-raw-ast-identical"
"productionLine_v2/correct/CKgM7scR8fGacPmfx_inv3.als","productionLine_v2","CORRECT","inv3","inv3","inv3c","student-oracle-raw-ast-identical"
"productionLine_v2/correct/CNxFEQucZjLCN6irm_inv2.als","productionLine_v2","CORRECT","inv2","inv2","inv2c","student-oracle-raw-ast-identical"
"productionLine_v2/correct/CfCKksxrtJvLL3xFf_inv7.als","productionLine_v2","CORRECT","inv7","inv7","inv7c","student-oracle-raw-ast-identical"
"productionLine_v2/correct/Cgr9njq9qp4aP48i8_inv3.als","productionLine_v2","CORRECT","inv3","inv3","inv3c","student-oracle-raw-ast-identical"
"productionLine_v2/correct/DHADTMfcwLZ5zhehu_inv6.als","productionLine_v2","CORRECT","inv6","inv6","inv6c","student-oracle-raw-ast-identical"
"productionLine_v2/correct/DgnvXzuRWTxeLez5R_inv3.als","productionLine_v2","CORRECT","inv3","inv3","inv3c","student-oracle-raw-ast-identical"
"productionLine_v2/correct/E5bahZzDzi5uuwghy_inv4.als","productionLine_v2","CORRECT","inv4","inv4","inv4c","student-oracle-raw-ast-identical"
"productionLine_v2/correct/E7xBy3LKuk4QaRPka_inv7.als","productionLine_v2","CORRECT","inv7","inv7","inv7c","student-oracle-raw-ast-identical"
"productionLine_v2/correct/Eiyo3Pip5rZ3kYH8E_inv3.als","productionLine_v2","CORRECT","inv3","inv3","inv3c","student-oracle-raw-ast-identical"
"productionLine_v2/correct/EozxZnNP2B62RZabs_inv7.als","productionLine_v2","CORRECT","inv7","inv7","inv7c","student-oracle-raw-ast-identical"
"productionLine_v2/correct/ExNfot8Yih9BzArpb_inv3.als","productionLine_v2","CORRECT","inv3","inv3","inv3c","student-oracle-raw-ast-identical"
"productionLine_v2/correct/F4YwY9aiMGBweG7t3_inv3.als","productionLine_v2","CORRECT","inv3","inv3","inv3c","student-oracle-raw-ast-identical"
"productionLine_v2/correct/FQ9HZNtPkSfYKWW9X_inv3.als","productionLine_v2","CORRECT","inv3","inv3","inv3c","student-oracle-raw-ast-identical"
"productionLine_v2/correct/FZmK5oDjWdapqAKr9_inv4.als","productionLine_v2","CORRECT","inv4","inv4","inv4c","student-oracle-raw-ast-identical"
"productionLine_v2/correct/Faax9fJ6Lr7Rw7EFB_inv7.als","productionLine_v2","CORRECT","inv7","inv7","inv7c","student-oracle-raw-ast-identical"
"productionLine_v2/correct/FbvYnQDpAXdQc42sg_inv6.als","productionLine_v2","CORRECT","inv6","inv6","inv6c","student-oracle-raw-ast-identical"
"productionLine_v2/correct/Fkwx9zG5qzCpP4XzW_inv1.als","productionLine_v2","CORRECT","inv1","inv1","inv1c","student-oracle-raw-ast-identical"
"productionLine_v2/correct/FomfT6GRDDjScGtah_inv3.als","productionLine_v2","CORRECT","inv3","inv3","inv3c","student-oracle-raw-ast-identical"
"productionLine_v2/correct/Fr2vEAYiyCSi7w5Ta_inv4.als","productionLine_v2","CORRECT","inv4","inv4","inv4c","student-oracle-raw-ast-identical"
"productionLine_v2/correct/FtCgmR4torXCeR9q9_inv4.als","productionLine_v2","CORRECT","inv4","inv4","inv4c","student-oracle-raw-ast-identical"
"productionLine_v2/correct/G7C7Zt5mizvFK7n6N_inv4.als","productionLine_v2","CORRECT","inv4","inv4","inv4c","student-oracle-raw-ast-identical"
"productionLine_v2/correct/GXfnmJonQkaXQKqMD_inv9.als","productionLine_v2","CORRECT","inv9","inv9","inv9c","student-oracle-raw-ast-identical"
"productionLine_v2/correct/GYAWTf5cu4vdMrKGu_inv3.als","productionLine_v2","CORRECT","inv3","inv3","inv3c","student-oracle-raw-ast-identical"
"productionLine_v2/correct/GizyFGQNSq3Bk3DJc_inv3.als","productionLine_v2","CORRECT","inv3","inv3","inv3c","student-oracle-raw-ast-identical"
"productionLine_v2/correct/HW827DFBR8pGgbj3p_inv4.als","productionLine_v2","CORRECT","inv4","inv4","inv4c","student-oracle-raw-ast-identical"
"productionLine_v2/correct/HhFyb6FkLKMBRxoBT_inv4.als","productionLine_v2","CORRECT","inv4","inv4","inv4c","student-oracle-raw-ast-identical"
"productionLine_v2/correct/Ht66iD83eWxdNeuM8_inv4.als","productionLine_v2","CORRECT","inv4","inv4","inv4c","student-oracle-raw-ast-identical"
"productionLine_v2/correct/HzymxXGu9o8dJ5mvG_inv4.als","productionLine_v2","CORRECT","inv4","inv4","inv4c","student-oracle-raw-ast-identical"
"productionLine_v2/correct/JEEjWcXagAtJKp8Y7_inv2.als","productionLine_v2","CORRECT","inv2","inv2","inv2c","student-oracle-raw-ast-identical"
"productionLine_v2/correct/JH4beRbqcEaFgzb3w_inv3.als","productionLine_v2","CORRECT","inv3","inv3","inv3c","student-oracle-raw-ast-identical"
"productionLine_v2/correct/JJregxtmf28TJkqeW_inv3.als","productionLine_v2","CORRECT","inv3","inv3","inv3c","student-oracle-raw-ast-identical"
"productionLine_v2/correct/JQSKqpMH4zFDTYCgs_inv4.als","productionLine_v2","CORRECT","inv4","inv4","inv4c","student-oracle-raw-ast-identical"
"productionLine_v2/correct/JoaXJwv4uoRg6BBjE_inv4.als","productionLine_v2","CORRECT","inv4","inv4","inv4c","student-oracle-raw-ast-identical"
"productionLine_v2/correct/KGeWjwoSkF8sW6wfD_inv2.als","productionLine_v2","CORRECT","inv2","inv2","inv2c","student-oracle-raw-ast-identical"
"productionLine_v2/correct/KbtkzMepzM5ziDe7c_inv4.als","productionLine_v2","CORRECT","inv4","inv4","inv4c","student-oracle-raw-ast-identical"
"productionLine_v2/correct/KogANdjtD28nQw5ND_inv4.als","productionLine_v2","CORRECT","inv4","inv4","inv4c","student-oracle-raw-ast-identical"
"productionLine_v2/correct/LNbZFbno4ZKSKqg8k_inv3.als","productionLine_v2","CORRECT","inv3","inv3","inv3c","student-oracle-raw-ast-identical"
"productionLine_v2/correct/LZ2iBzSAfzGW5q67q_inv9.als","productionLine_v2","CORRECT","inv9","inv9","inv9c","student-oracle-raw-ast-identical"
"productionLine_v2/correct/LktRC5ct7bipLWny2_inv7.als","productionLine_v2","CORRECT","inv7","inv7","inv7c","student-oracle-raw-ast-identical"
"productionLine_v2/correct/MB3HPYdKmesTgukJw_inv7.als","productionLine_v2","CORRECT","inv7","inv7","inv7c","student-oracle-raw-ast-identical"
"productionLine_v2/correct/N7CNfj2APRfb4963z_inv1.als","productionLine_v2","CORRECT","inv1","inv1","inv1c","student-oracle-raw-ast-identical"
"productionLine_v2/correct/N87RJ9suJoHvCnjCG_inv3.als","productionLine_v2","CORRECT","inv3","inv3","inv3c","student-oracle-raw-ast-identical"
"productionLine_v2/correct/NHrsFcPSMd5s7CwtB_inv9.als","productionLine_v2","CORRECT","inv9","inv9","inv9c","student-oracle-raw-ast-identical"
"productionLine_v2/correct/NSvk8CBb4L8Cx9fuR_inv3.als","productionLine_v2","CORRECT","inv3","inv3","inv3c","student-oracle-raw-ast-identical"
"productionLine_v2/correct/NXJDPA856MBGydFy2_inv3.als","productionLine_v2","CORRECT","inv3","inv3","inv3c","student-oracle-raw-ast-identical"
"productionLine_v2/correct/NaCkLGiRsC9KijTNt_inv1.als","productionLine_v2","CORRECT","inv1","inv1","inv1c","student-oracle-raw-ast-identical"
"productionLine_v2/correct/NfqEj69H8Rcjrp4hB_inv4.als","productionLine_v2","CORRECT","inv4","inv4","inv4c","student-oracle-raw-ast-identical"
"productionLine_v2/correct/PjwXpYHrNDT7PDEgM_inv4.als","productionLine_v2","CORRECT","inv4","inv4","inv4c","student-oracle-raw-ast-identical"
"productionLine_v2/correct/Q6DP87asdtteA2xoB_inv7.als","productionLine_v2","CORRECT","inv7","inv7","inv7c","student-oracle-raw-ast-identical"
"productionLine_v2/correct/QHEFx5EXsykYg7yyQ_inv4.als","productionLine_v2","CORRECT","inv4","inv4","inv4c","student-oracle-raw-ast-identical"
"productionLine_v2/correct/QWbRyJH285cp2B3wi_inv2.als","productionLine_v2","CORRECT","inv2","inv2","inv2c","student-oracle-raw-ast-identical"
"productionLine_v2/correct/RngEwLgF99imb8Yrj_inv2.als","productionLine_v2","CORRECT","inv2","inv2","inv2c","student-oracle-raw-ast-identical"
"productionLine_v2/correct/S2TqmB9wJWtek7AyA_inv3.als","productionLine_v2","CORRECT","inv3","inv3","inv3c","student-oracle-raw-ast-identical"
"productionLine_v2/correct/SCQrFRqaeKrP7PCQ8_inv3.als","productionLine_v2","CORRECT","inv3","inv3","inv3c","student-oracle-raw-ast-identical"
"productionLine_v2/correct/T8Xw7xEjZ8AaMTeT3_inv9.als","productionLine_v2","CORRECT","inv9","inv9","inv9c","student-oracle-raw-ast-identical"
"productionLine_v2/correct/T9iG9AMK7owXFyveg_inv3.als","productionLine_v2","CORRECT","inv3","inv3","inv3c","student-oracle-raw-ast-identical"
"productionLine_v2/correct/TGGpswp2CDspdWmgs_inv4.als","productionLine_v2","CORRECT","inv4","inv4","inv4c","student-oracle-raw-ast-identical"
"productionLine_v2/correct/TZFfdjKE2yHAsm9zN_inv1.als","productionLine_v2","CORRECT","inv1","inv1","inv1c","student-oracle-raw-ast-identical"
"productionLine_v2/correct/Tp5xNLL4MtQ9HFz4e_inv2.als","productionLine_v2","CORRECT","inv2","inv2","inv2c","student-oracle-raw-ast-identical"
"productionLine_v2/correct/W8WS6AQEchcQbh5XP_inv6.als","productionLine_v2","CORRECT","inv6","inv6","inv6c","student-oracle-raw-ast-identical"
"productionLine_v2/correct/WTjHzHj7DLnfgTgx6_inv9.als","productionLine_v2","CORRECT","inv9","inv9","inv9c","student-oracle-raw-ast-identical"
"productionLine_v2/correct/Wij2Kt2wPXpBtEmGE_inv1.als","productionLine_v2","CORRECT","inv1","inv1","inv1c","student-oracle-raw-ast-identical"
"productionLine_v2/correct/X8ya2XF9AoPvX7uh2_inv1.als","productionLine_v2","CORRECT","inv1","inv1","inv1c","student-oracle-raw-ast-identical"
"productionLine_v2/correct/XAXev4ZEzgHt93aZn_inv4.als","productionLine_v2","CORRECT","inv4","inv4","inv4c","student-oracle-raw-ast-identical"
"productionLine_v2/correct/XQzptC4TGu6mwZYKm_inv4.als","productionLine_v2","CORRECT","inv4","inv4","inv4c","student-oracle-raw-ast-identical"
"productionLine_v2/correct/Y9K3QPriQy5jDdEtc_inv1.als","productionLine_v2","CORRECT","inv1","inv1","inv1c","student-oracle-raw-ast-identical"
"productionLine_v2/correct/YCxcGTGhmTjyPdeYt_inv9.als","productionLine_v2","CORRECT","inv9","inv9","inv9c","student-oracle-raw-ast-identical"
"productionLine_v2/correct/YT8BgjtBaESdXfYDA_inv2.als","productionLine_v2","CORRECT","inv2","inv2","inv2c","student-oracle-raw-ast-identical"
"productionLine_v2/correct/YkPWMbHNdBuXKCAjq_inv3.als","productionLine_v2","CORRECT","inv3","inv3","inv3c","student-oracle-raw-ast-identical"
"productionLine_v2/correct/Z8aqPyy4bREykQDMo_inv3.als","productionLine_v2","CORRECT","inv3","inv3","inv3c","student-oracle-raw-ast-identical"
"productionLine_v2/correct/ZJeccNtb7L7hqRgq7_inv1.als","productionLine_v2","CORRECT","inv1","inv1","inv1c","student-oracle-raw-ast-identical"
"productionLine_v2/correct/ZYLWpf73WQgs99x9u_inv2.als","productionLine_v2","CORRECT","inv2","inv2","inv2c","student-oracle-raw-ast-identical"
"productionLine_v2/correct/a3AGx5eTBNbtCCJP2_inv3.als","productionLine_v2","CORRECT","inv3","inv3","inv3c","student-oracle-raw-ast-identical"
"productionLine_v2/correct/aFaydL9uPvdpb7RdN_inv3.als","productionLine_v2","CORRECT","inv3","inv3","inv3c","student-oracle-raw-ast-identical"
"productionLine_v2/correct/aR7JeJTxCDXAs9T3G_inv3.als","productionLine_v2","CORRECT","inv3","inv3","inv3c","student-oracle-raw-ast-identical"
"productionLine_v2/correct/aYEKJa8KYK3hiEEZW_inv3.als","productionLine_v2","CORRECT","inv3","inv3","inv3c","student-oracle-raw-ast-identical"
"productionLine_v2/correct/afXv2e3PYno5be848_inv7.als","productionLine_v2","CORRECT","inv7","inv7","inv7c","student-oracle-raw-ast-identical"
"productionLine_v2/correct/atxDguafkGW4D2SKa_inv3.als","productionLine_v2","CORRECT","inv3","inv3","inv3c","student-oracle-raw-ast-identical"
"productionLine_v2/correct/b6gnEkLr5xZGoknxm_inv4.als","productionLine_v2","CORRECT","inv4","inv4","inv4c","student-oracle-raw-ast-identical"
"productionLine_v2/correct/bRxvmwhfhrcMqJpot_inv3.als","productionLine_v2","CORRECT","inv3","inv3","inv3c","student-oracle-raw-ast-identical"
"productionLine_v2/correct/bSYhvpy7QFByzQFgB_inv4.als","productionLine_v2","CORRECT","inv4","inv4","inv4c","student-oracle-raw-ast-identical"
"productionLine_v2/correct/bdzrMresPJAfPxQzh_inv2.als","productionLine_v2","CORRECT","inv2","inv2","inv2c","student-oracle-raw-ast-identical"
"productionLine_v2/correct/bvdExFNQyuqttoMRu_inv4.als","productionLine_v2","CORRECT","inv4","inv4","inv4c","student-oracle-raw-ast-identical"
"productionLine_v2/correct/cGxcmRQxDNy9bYRPF_inv3.als","productionLine_v2","CORRECT","inv3","inv3","inv3c","student-oracle-raw-ast-identical"
"productionLine_v2/correct/cJ4CsRkmYGh8MkBhP_inv3.als","productionLine_v2","CORRECT","inv3","inv3","inv3c","student-oracle-raw-ast-identical"
"productionLine_v2/correct/cdujbfRm65AzHc8PH_inv3.als","productionLine_v2","CORRECT","inv3","inv3","inv3c","student-oracle-raw-ast-identical"
"productionLine_v2/correct/cn2ihWT24zpKwfWGt_inv7.als","productionLine_v2","CORRECT","inv7","inv7","inv7c","student-oracle-raw-ast-identical"
"productionLine_v2/correct/cpfFKRErP8WM4nbe4_inv4.als","productionLine_v2","CORRECT","inv4","inv4","inv4c","student-oracle-raw-ast-identical"
"productionLine_v2/correct/d3ru8kHsZC542aZk4_inv3.als","productionLine_v2","CORRECT","inv3","inv3","inv3c","student-oracle-raw-ast-identical"
"productionLine_v2/correct/dGnfeAPkhupAM5vh4_inv3.als","productionLine_v2","CORRECT","inv3","inv3","inv3c","student-oracle-raw-ast-identical"
"productionLine_v2/correct/dKYpdfgTpvYrRaFD7_inv4.als","productionLine_v2","CORRECT","inv4","inv4","inv4c","student-oracle-raw-ast-identical"
"productionLine_v2/correct/dY8qwAHcoD9oar97r_inv4.als","productionLine_v2","CORRECT","inv4","inv4","inv4c","student-oracle-raw-ast-identical"
"productionLine_v2/correct/dYgb5ixJNtXsJ9Te7_inv4.als","productionLine_v2","CORRECT","inv4","inv4","inv4c","student-oracle-raw-ast-identical"
"productionLine_v2/correct/dfGkcdvqJWsBtWHjj_inv3.als","productionLine_v2","CORRECT","inv3","inv3","inv3c","student-oracle-raw-ast-identical"
"productionLine_v2/correct/doX9oyMicpRgwHzhE_inv4.als","productionLine_v2","CORRECT","inv4","inv4","inv4c","student-oracle-raw-ast-identical"
"productionLine_v2/correct/ePGjJtxRADnCuFpf7_inv3.als","productionLine_v2","CORRECT","inv3","inv3","inv3c","student-oracle-raw-ast-identical"
"productionLine_v2/correct/efu8h8eqPK5ArWrrR_inv4.als","productionLine_v2","CORRECT","inv4","inv4","inv4c","student-oracle-raw-ast-identical"
"productionLine_v2/correct/emnd7ienvijKPReL9_inv2.als","productionLine_v2","CORRECT","inv2","inv2","inv2c","student-oracle-raw-ast-identical"
"productionLine_v2/correct/fEt8BPAn5QFoGXy4p_inv9.als","productionLine_v2","CORRECT","inv9","inv9","inv9c","student-oracle-raw-ast-identical"
"productionLine_v2/correct/fRetB3sgh49d7rrmm_inv4.als","productionLine_v2","CORRECT","inv4","inv4","inv4c","student-oracle-raw-ast-identical"
"productionLine_v2/correct/g3oxmSccH7DNRoawD_inv3.als","productionLine_v2","CORRECT","inv3","inv3","inv3c","student-oracle-raw-ast-identical"
"productionLine_v2/correct/g8FfLzNWYE6yhBhFs_inv6.als","productionLine_v2","CORRECT","inv6","inv6","inv6c","student-oracle-raw-ast-identical"
"productionLine_v2/correct/gYMYgpK332e7CQRHB_inv7.als","productionLine_v2","CORRECT","inv7","inv7","inv7c","student-oracle-raw-ast-identical"
"productionLine_v2/correct/gePwDHz8FfJ22fZCo_inv3.als","productionLine_v2","CORRECT","inv3","inv3","inv3c","student-oracle-raw-ast-identical"
"productionLine_v2/correct/gksyNcfGaDgN76xMs_inv4.als","productionLine_v2","CORRECT","inv4","inv4","inv4c","student-oracle-raw-ast-identical"
"productionLine_v2/correct/gyzK5jQnExasZbqiM_inv4.als","productionLine_v2","CORRECT","inv4","inv4","inv4c","student-oracle-raw-ast-identical"
"productionLine_v2/correct/h34oaPJmSwnejQJuP_inv9.als","productionLine_v2","CORRECT","inv9","inv9","inv9c","student-oracle-raw-ast-identical"
"productionLine_v2/correct/hBiwYo6eJDJkLq2f6_inv9.als","productionLine_v2","CORRECT","inv9","inv9","inv9c","student-oracle-raw-ast-identical"
"productionLine_v2/correct/hG7XbvGiQEdCdGdxc_inv4.als","productionLine_v2","CORRECT","inv4","inv4","inv4c","student-oracle-raw-ast-identical"
"productionLine_v2/correct/huGD9EdLH2mLys7px_inv7.als","productionLine_v2","CORRECT","inv7","inv7","inv7c","student-oracle-raw-ast-identical"
"productionLine_v2/correct/i8HRctc8zRYvv5hYu_inv1.als","productionLine_v2","CORRECT","inv1","inv1","inv1c","student-oracle-raw-ast-identical"
"productionLine_v2/correct/icz6b9Qqf2phAixr3_inv3.als","productionLine_v2","CORRECT","inv3","inv3","inv3c","student-oracle-raw-ast-identical"
"productionLine_v2/correct/idMFZYRgHEC72RLqS_inv1.als","productionLine_v2","CORRECT","inv1","inv1","inv1c","student-oracle-raw-ast-identical"
"productionLine_v2/correct/jA7piAiSX7hsrBsAq_inv4.als","productionLine_v2","CORRECT","inv4","inv4","inv4c","student-oracle-raw-ast-identical"
"productionLine_v2/correct/jEjLQotgWjGYJSmkq_inv4.als","productionLine_v2","CORRECT","inv4","inv4","inv4c","student-oracle-raw-ast-identical"
"productionLine_v2/correct/jwJpZu7u4S4w2Y6Rn_inv3.als","productionLine_v2","CORRECT","inv3","inv3","inv3c","student-oracle-raw-ast-identical"
"productionLine_v2/correct/kJKjKLwH7BXWRTfSX_inv1.als","productionLine_v2","CORRECT","inv1","inv1","inv1c","student-oracle-raw-ast-identical"
"productionLine_v2/correct/kMuuFMDBEaPPwe5ZN_inv4.als","productionLine_v2","CORRECT","inv4","inv4","inv4c","student-oracle-raw-ast-identical"
"productionLine_v2/correct/krHPz9XjRXKLQpysK_inv3.als","productionLine_v2","CORRECT","inv3","inv3","inv3c","student-oracle-raw-ast-identical"
"productionLine_v2/correct/ksKehqDNigY65pqSC_inv7.als","productionLine_v2","CORRECT","inv7","inv7","inv7c","student-oracle-raw-ast-identical"
"productionLine_v2/correct/kv2cbdHEdyttNWt4j_inv3.als","productionLine_v2","CORRECT","inv3","inv3","inv3c","student-oracle-raw-ast-identical"
"productionLine_v2/correct/mLK3K2bKsY8gpX4Yq_inv3.als","productionLine_v2","CORRECT","inv3","inv3","inv3c","student-oracle-raw-ast-identical"
"productionLine_v2/correct/mMN5HtuZvATo6WvBL_inv3.als","productionLine_v2","CORRECT","inv3","inv3","inv3c","student-oracle-raw-ast-identical"
"productionLine_v2/correct/nWmrNCXEJLWbB96bZ_inv3.als","productionLine_v2","CORRECT","inv3","inv3","inv3c","student-oracle-raw-ast-identical"
"productionLine_v2/correct/nijh8euko8sZ83vwt_inv2.als","productionLine_v2","CORRECT","inv2","inv2","inv2c","student-oracle-raw-ast-identical"
"productionLine_v2/correct/nkhP4bLf9CZkRfqzB_inv3.als","productionLine_v2","CORRECT","inv3","inv3","inv3c","student-oracle-raw-ast-identical"
"productionLine_v2/correct/oCY9fJmu9nWKG5sXy_inv2.als","productionLine_v2","CORRECT","inv2","inv2","inv2c","student-oracle-raw-ast-identical"
"productionLine_v2/correct/oManrqGgipQt2Mb9R_inv2.als","productionLine_v2","CORRECT","inv2","inv2","inv2c","student-oracle-raw-ast-identical"
"productionLine_v2/correct/oQfKEsCwbefedDRQx_inv2.als","productionLine_v2","CORRECT","inv2","inv2","inv2c","student-oracle-raw-ast-identical"
"productionLine_v2/correct/onEpjdPEdbFNfwuNm_inv4.als","productionLine_v2","CORRECT","inv4","inv4","inv4c","student-oracle-raw-ast-identical"
"productionLine_v2/correct/owhuWjgkhQtRpQLcS_inv1.als","productionLine_v2","CORRECT","inv1","inv1","inv1c","student-oracle-raw-ast-identical"
"productionLine_v2/correct/p5BESATCk74xNYj5E_inv9.als","productionLine_v2","CORRECT","inv9","inv9","inv9c","student-oracle-raw-ast-identical"
"productionLine_v2/correct/pExocd3afWnRoTaDH_inv4.als","productionLine_v2","CORRECT","inv4","inv4","inv4c","student-oracle-raw-ast-identical"
"productionLine_v2/correct/pSCgKXKguELAQXwWQ_inv4.als","productionLine_v2","CORRECT","inv4","inv4","inv4c","student-oracle-raw-ast-identical"
"productionLine_v2/correct/pZeKqrSveXbK7CiSq_inv3.als","productionLine_v2","CORRECT","inv3","inv3","inv3c","student-oracle-raw-ast-identical"
"productionLine_v2/correct/qTka9Rh4j8AFo5j7T_inv3.als","productionLine_v2","CORRECT","inv3","inv3","inv3c","student-oracle-raw-ast-identical"
"productionLine_v2/correct/qpLphZZSjauf9tviL_inv3.als","productionLine_v2","CORRECT","inv3","inv3","inv3c","student-oracle-raw-ast-identical"
"productionLine_v2/correct/qqfZy8c9SFxM5bYHS_inv4.als","productionLine_v2","CORRECT","inv4","inv4","inv4c","student-oracle-raw-ast-identical"
"productionLine_v2/correct/quwzAR6WPo8fCvw6u_inv9.als","productionLine_v2","CORRECT","inv9","inv9","inv9c","student-oracle-raw-ast-identical"
"productionLine_v2/correct/qyDffnuprLPnkA9m3_inv2.als","productionLine_v2","CORRECT","inv2","inv2","inv2c","student-oracle-raw-ast-identical"
"productionLine_v2/correct/rGixuRyvvoYmmE9pw_inv4.als","productionLine_v2","CORRECT","inv4","inv4","inv4c","student-oracle-raw-ast-identical"
"productionLine_v2/correct/rjudaLkrdnqk4gubr_inv1.als","productionLine_v2","CORRECT","inv1","inv1","inv1c","student-oracle-raw-ast-identical"
"productionLine_v2/correct/rqTv2ubKNSgWK6FXq_inv2.als","productionLine_v2","CORRECT","inv2","inv2","inv2c","student-oracle-raw-ast-identical"
"productionLine_v2/correct/sCGiR9kSEmSrkj55Z_inv2.als","productionLine_v2","CORRECT","inv2","inv2","inv2c","student-oracle-raw-ast-identical"
"productionLine_v2/correct/sXctzjdSvi3ciKY5d_inv3.als","productionLine_v2","CORRECT","inv3","inv3","inv3c","student-oracle-raw-ast-identical"
"productionLine_v2/correct/sdNYiSEErrTnnwWen_inv3.als","productionLine_v2","CORRECT","inv3","inv3","inv3c","student-oracle-raw-ast-identical"
"productionLine_v2/correct/tBYuwaAzazM7Z4HR7_inv4.als","productionLine_v2","CORRECT","inv4","inv4","inv4c","student-oracle-raw-ast-identical"
"productionLine_v2/correct/tDmvj5qTXB4eWSA2w_inv1.als","productionLine_v2","CORRECT","inv1","inv1","inv1c","student-oracle-raw-ast-identical"
"productionLine_v2/correct/tiF8My6gcuPWLBHWq_inv3.als","productionLine_v2","CORRECT","inv3","inv3","inv3c","student-oracle-raw-ast-identical"
"productionLine_v2/correct/uF7tRyo2FRbgtBrmp_inv4.als","productionLine_v2","CORRECT","inv4","inv4","inv4c","student-oracle-raw-ast-identical"
"productionLine_v2/correct/uNtueuBZfkYoyvKn4_inv3.als","productionLine_v2","CORRECT","inv3","inv3","inv3c","student-oracle-raw-ast-identical"
"productionLine_v2/correct/ucfiaf9roghXrEq7m_inv3.als","productionLine_v2","CORRECT","inv3","inv3","inv3c","student-oracle-raw-ast-identical"
"productionLine_v2/correct/umZ6j3YzkTkNQdXy6_inv1.als","productionLine_v2","CORRECT","inv1","inv1","inv1c","student-oracle-raw-ast-identical"
"productionLine_v2/correct/vACtZoETLbCXtTaT8_inv4.als","productionLine_v2","CORRECT","inv4","inv4","inv4c","student-oracle-raw-ast-identical"
"productionLine_v2/correct/vLBcyZJ4hrWY2e5mR_inv4.als","productionLine_v2","CORRECT","inv4","inv4","inv4c","student-oracle-raw-ast-identical"
"productionLine_v2/correct/wCxXJRxXBHQdreTnv_inv9.als","productionLine_v2","CORRECT","inv9","inv9","inv9c","student-oracle-raw-ast-identical"
"productionLine_v2/correct/wMMXypPN9XDLKzh96_inv2.als","productionLine_v2","CORRECT","inv2","inv2","inv2c","student-oracle-raw-ast-identical"
"productionLine_v2/correct/woNnLQ75uwFboSy2A_inv7.als","productionLine_v2","CORRECT","inv7","inv7","inv7c","student-oracle-raw-ast-identical"
"productionLine_v2/correct/xA63ftLdFSsLgfHWj_inv4.als","productionLine_v2","CORRECT","inv4","inv4","inv4c","student-oracle-raw-ast-identical"
"productionLine_v2/correct/xLfNcAcgojZ2rTwE8_inv7.als","productionLine_v2","CORRECT","inv7","inv7","inv7c","student-oracle-raw-ast-identical"
"productionLine_v2/correct/xXx8qbx3y7o64LwvK_inv3.als","productionLine_v2","CORRECT","inv3","inv3","inv3c","student-oracle-raw-ast-identical"
"productionLine_v2/correct/yZyXfX3pPBQD2CJud_inv9.als","productionLine_v2","CORRECT","inv9","inv9","inv9c","student-oracle-raw-ast-identical"
"productionLine_v2/correct/yaBN2ja379tNH7ScM_inv4.als","productionLine_v2","CORRECT","inv4","inv4","inv4c","student-oracle-raw-ast-identical"
"productionLine_v2/correct/yzZLLhp8v55LjxD7x_inv3.als","productionLine_v2","CORRECT","inv3","inv3","inv3c","student-oracle-raw-ast-identical"
"productionLine_v2/correct/zAhYRqKBrQrqXy4Bx_inv3.als","productionLine_v2","CORRECT","inv3","inv3","inv3c","student-oracle-raw-ast-identical"
"productionLine_v2/correct/zX4hdLjGruhET8k8b_inv4.als","productionLine_v2","CORRECT","inv4","inv4","inv4c","student-oracle-raw-ast-identical"
"productionLine_v2/correct/zhRinxbETZKYuusap_inv4.als","productionLine_v2","CORRECT","inv4","inv4","inv4c","student-oracle-raw-ast-identical"
"productionLine_v2/correct/zytod5kpLiz93hD8z_inv3.als","productionLine_v2","CORRECT","inv3","inv3","inv3c","student-oracle-raw-ast-identical"
"socialMedia/correct/2BMZbBZ6P98jCe7WC_inv7.als","socialMedia","CORRECT","inv7","inv7","inv7c","student-oracle-raw-ast-identical"
"socialMedia/correct/2ZotLCa97qYuWxuLZ_inv1.als","socialMedia","CORRECT","inv1","inv1","inv1c","student-oracle-raw-ast-identical"
"socialMedia/correct/2eZEpmzR64yriMmbW_inv1.als","socialMedia","CORRECT","inv1","inv1","inv1c","student-oracle-raw-ast-identical"
"socialMedia/correct/2vamWipwECt5FixwC_inv6.als","socialMedia","CORRECT","inv6","inv6","inv6c","student-oracle-raw-ast-identical"
"socialMedia/correct/2y8yRrLajwv7BfgH3_inv7.als","socialMedia","CORRECT","inv7","inv7","inv7c","student-oracle-raw-ast-identical"
"socialMedia/correct/3DSa3cFt3hvowc58W_inv1.als","socialMedia","CORRECT","inv1","inv1","inv1c","student-oracle-raw-ast-identical"
"socialMedia/correct/3E4N9pzgYdnSNRhN6_inv1.als","socialMedia","CORRECT","inv1","inv1","inv1c","student-oracle-raw-ast-identical"
"socialMedia/correct/3Kc8BEmmAMu3CcHPM_inv1.als","socialMedia","CORRECT","inv1","inv1","inv1c","student-oracle-raw-ast-identical"
"socialMedia/correct/3pe6DpTz4ca6GaRpm_inv7.als","socialMedia","CORRECT","inv7","inv7","inv7c","student-oracle-raw-ast-identical"
"socialMedia/correct/3zoBGHavcnePrNMY2_inv7.als","socialMedia","CORRECT","inv7","inv7","inv7c","student-oracle-raw-ast-identical"
"socialMedia/correct/44XdcjLjQPb9Hyei4_inv1.als","socialMedia","CORRECT","inv1","inv1","inv1c","student-oracle-raw-ast-identical"
"socialMedia/correct/49gKHztRY8aFGJXuf_inv1.als","socialMedia","CORRECT","inv1","inv1","inv1c","student-oracle-raw-ast-identical"
"socialMedia/correct/4FLAD7mEStu7cdxsK_inv7.als","socialMedia","CORRECT","inv7","inv7","inv7c","student-oracle-raw-ast-identical"
"socialMedia/correct/4WYPzPT538xsmkBJa_inv7.als","socialMedia","CORRECT","inv7","inv7","inv7c","student-oracle-raw-ast-identical"
"socialMedia/correct/4ZaZXAvwZFvFw9paR_inv1.als","socialMedia","CORRECT","inv1","inv1","inv1c","student-oracle-raw-ast-identical"
"socialMedia/correct/4kBkuMHAxvgYpAHzf_inv1.als","socialMedia","CORRECT","inv1","inv1","inv1c","student-oracle-raw-ast-identical"
"socialMedia/correct/4p2Pt6MQJqdHCda5W_inv1.als","socialMedia","CORRECT","inv1","inv1","inv1c","student-oracle-raw-ast-identical"
"socialMedia/correct/4qEgRkSMSLmkqRAL8_inv1.als","socialMedia","CORRECT","inv1","inv1","inv1c","student-oracle-raw-ast-identical"
"socialMedia/correct/4uusPicXPk3Z35g98_inv1.als","socialMedia","CORRECT","inv1","inv1","inv1c","student-oracle-raw-ast-identical"
"socialMedia/correct/56pucFMaNnnXKzuzf_inv7.als","socialMedia","CORRECT","inv7","inv7","inv7c","student-oracle-raw-ast-identical"
"socialMedia/correct/5GaD3tmDQmkys8z7b_inv7.als","socialMedia","CORRECT","inv7","inv7","inv7c","student-oracle-raw-ast-identical"
"socialMedia/correct/5gktpS7Zh4cf9KBAz_inv1.als","socialMedia","CORRECT","inv1","inv1","inv1c","student-oracle-raw-ast-identical"
"socialMedia/correct/5rQkav2aSBXizvDwp_inv7.als","socialMedia","CORRECT","inv7","inv7","inv7c","student-oracle-raw-ast-identical"
"socialMedia/correct/64HJP7nNYhCLQGYNM_inv1.als","socialMedia","CORRECT","inv1","inv1","inv1c","student-oracle-raw-ast-identical"
"socialMedia/correct/68dWM4Z3iNug3cLLw_inv1.als","socialMedia","CORRECT","inv1","inv1","inv1c","student-oracle-raw-ast-identical"
"socialMedia/correct/68kLkTqDLwGTSp35R_inv1.als","socialMedia","CORRECT","inv1","inv1","inv1c","student-oracle-raw-ast-identical"
"socialMedia/correct/6BnDCJPopeMHowJfh_inv1.als","socialMedia","CORRECT","inv1","inv1","inv1c","student-oracle-raw-ast-identical"
"socialMedia/correct/6HTDPByY3ejAW94dS_inv7.als","socialMedia","CORRECT","inv7","inv7","inv7c","student-oracle-raw-ast-identical"
"socialMedia/correct/6XY7RYocBqw95MNRf_inv1.als","socialMedia","CORRECT","inv1","inv1","inv1c","student-oracle-raw-ast-identical"
"socialMedia/correct/6Xvg8amhvwLXeGxzz_inv1.als","socialMedia","CORRECT","inv1","inv1","inv1c","student-oracle-raw-ast-identical"
"socialMedia/correct/6YiDmyMTkYKNorQtB_inv1.als","socialMedia","CORRECT","inv1","inv1","inv1c","student-oracle-raw-ast-identical"
"socialMedia/correct/6aRhwK48G68bnpc3o_inv1.als","socialMedia","CORRECT","inv1","inv1","inv1c","student-oracle-raw-ast-identical"
"socialMedia/correct/6f9wNwnCyywgNxwxp_inv1.als","socialMedia","CORRECT","inv1","inv1","inv1c","student-oracle-raw-ast-identical"
"socialMedia/correct/6ggCTdgdCvZ8GyfQM_inv1.als","socialMedia","CORRECT","inv1","inv1","inv1c","student-oracle-raw-ast-identical"
"socialMedia/correct/6iPFqNJyHafkREZ4G_inv1.als","socialMedia","CORRECT","inv1","inv1","inv1c","student-oracle-raw-ast-identical"
"socialMedia/correct/6jpnTbpACDYNcE7cR_inv1.als","socialMedia","CORRECT","inv1","inv1","inv1c","student-oracle-raw-ast-identical"
"socialMedia/correct/6qEp3YRiqXr9BrgTv_inv1.als","socialMedia","CORRECT","inv1","inv1","inv1c","student-oracle-raw-ast-identical"
"socialMedia/correct/74sMkFRm8gD9sv69f_inv7.als","socialMedia","CORRECT","inv7","inv7","inv7c","student-oracle-raw-ast-identical"
"socialMedia/correct/75BWQqQcLfvDDZ5N8_inv1.als","socialMedia","CORRECT","inv1","inv1","inv1c","student-oracle-raw-ast-identical"
"socialMedia/correct/7CS2irw2gNHtA5kLm_inv1.als","socialMedia","CORRECT","inv1","inv1","inv1c","student-oracle-raw-ast-identical"
"socialMedia/correct/7WgfCGnCi4jfkTDHD_inv6.als","socialMedia","CORRECT","inv6","inv6","inv6c","student-oracle-raw-ast-identical"
"socialMedia/correct/7gNeG8PhXHg9Zxvjr_inv1.als","socialMedia","CORRECT","inv1","inv1","inv1c","student-oracle-raw-ast-identical"
"socialMedia/correct/8Fpkt6mZL6SjGHPmM_inv1.als","socialMedia","CORRECT","inv1","inv1","inv1c","student-oracle-raw-ast-identical"
"socialMedia/correct/8LaGBaiZkh8aMmonA_inv1.als","socialMedia","CORRECT","inv1","inv1","inv1c","student-oracle-raw-ast-identical"
"socialMedia/correct/8bF7BuijnJMXxGMDE_inv6.als","socialMedia","CORRECT","inv6","inv6","inv6c","student-oracle-raw-ast-identical"
"socialMedia/correct/94LyYWim2Bdf3vvqs_inv7.als","socialMedia","CORRECT","inv7","inv7","inv7c","student-oracle-raw-ast-identical"
"socialMedia/correct/97dKKziiNfd34f9zB_inv1.als","socialMedia","CORRECT","inv1","inv1","inv1c","student-oracle-raw-ast-identical"
"socialMedia/correct/9AYvctMPS8Bc9p6us_inv7.als","socialMedia","CORRECT","inv7","inv7","inv7c","student-oracle-raw-ast-identical"
"socialMedia/correct/9DSGwE2HRCBnNPczP_inv5.als","socialMedia","CORRECT","inv5","inv5","inv5c","student-oracle-raw-ast-identical"
"socialMedia/correct/9FnAftLHK4Ar5ZPpL_inv7.als","socialMedia","CORRECT","inv7","inv7","inv7c","student-oracle-raw-ast-identical"
"socialMedia/correct/9RKBZyriW4X3GKuga_inv1.als","socialMedia","CORRECT","inv1","inv1","inv1c","student-oracle-raw-ast-identical"
"socialMedia/correct/9ZgdiQrwfEeXMgJWF_inv1.als","socialMedia","CORRECT","inv1","inv1","inv1c","student-oracle-raw-ast-identical"
"socialMedia/correct/A23A3eQjoGThvjvNZ_inv7.als","socialMedia","CORRECT","inv7","inv7","inv7c","student-oracle-raw-ast-identical"
"socialMedia/correct/Ad9nHWMA8KSMGoxhe_inv1.als","socialMedia","CORRECT","inv1","inv1","inv1c","student-oracle-raw-ast-identical"
"socialMedia/correct/Ae4qqSdP4E5EMZvQQ_inv7.als","socialMedia","CORRECT","inv7","inv7","inv7c","student-oracle-raw-ast-identical"
"socialMedia/correct/AeJ527kc4bkeJYvuj_inv1.als","socialMedia","CORRECT","inv1","inv1","inv1c","student-oracle-raw-ast-identical"
"socialMedia/correct/AeLajf96CTagxcZyu_inv1.als","socialMedia","CORRECT","inv1","inv1","inv1c","student-oracle-raw-ast-identical"
"socialMedia/correct/AgxNv4Hmj2ZXuz9q7_inv1.als","socialMedia","CORRECT","inv1","inv1","inv1c","student-oracle-raw-ast-identical"
"socialMedia/correct/AksQRyN3MBTrgNgxz_inv7.als","socialMedia","CORRECT","inv7","inv7","inv7c","student-oracle-raw-ast-identical"
"socialMedia/correct/AzXWsz9pARxoNcgXF_inv1.als","socialMedia","CORRECT","inv1","inv1","inv1c","student-oracle-raw-ast-identical"
"socialMedia/correct/B92K4dGR8JKz4NaX8_inv1.als","socialMedia","CORRECT","inv1","inv1","inv1c","student-oracle-raw-ast-identical"
"socialMedia/correct/BJ8CRSatzkYAwna7t_inv1.als","socialMedia","CORRECT","inv1","inv1","inv1c","student-oracle-raw-ast-identical"
"socialMedia/correct/BRGRyqGWkGZwdchoo_inv1.als","socialMedia","CORRECT","inv1","inv1","inv1c","student-oracle-raw-ast-identical"
"socialMedia/correct/BRNYzModZgbed4KwZ_inv1.als","socialMedia","CORRECT","inv1","inv1","inv1c","student-oracle-raw-ast-identical"
"socialMedia/correct/BgFpDZthewEJdv8Bc_inv1.als","socialMedia","CORRECT","inv1","inv1","inv1c","student-oracle-raw-ast-identical"
"socialMedia/correct/BmuhQMSAqyQsvBd7r_inv1.als","socialMedia","CORRECT","inv1","inv1","inv1c","student-oracle-raw-ast-identical"
"socialMedia/correct/BmxMzYzYxyHuhjgwA_inv1.als","socialMedia","CORRECT","inv1","inv1","inv1c","student-oracle-raw-ast-identical"
"socialMedia/correct/C33Fmp3vHz4f3KroA_inv7.als","socialMedia","CORRECT","inv7","inv7","inv7c","student-oracle-raw-ast-identical"
"socialMedia/correct/CAedLwoaxCjyxGv4B_inv7.als","socialMedia","CORRECT","inv7","inv7","inv7c","student-oracle-raw-ast-identical"
"socialMedia/correct/CEFmkpSLQ9eLoP8Y5_inv7.als","socialMedia","CORRECT","inv7","inv7","inv7c","student-oracle-raw-ast-identical"
"socialMedia/correct/CG2LyqXj7FQinWKLe_inv1.als","socialMedia","CORRECT","inv1","inv1","inv1c","student-oracle-raw-ast-identical"
"socialMedia/correct/CRvGiiK3NfETD3Y7s_inv1.als","socialMedia","CORRECT","inv1","inv1","inv1c","student-oracle-raw-ast-identical"
"socialMedia/correct/CaxErJDDF3Kmef9kT_inv7.als","socialMedia","CORRECT","inv7","inv7","inv7c","student-oracle-raw-ast-identical"
"socialMedia/correct/Cdu5TPXrEiTE97Wch_inv1.als","socialMedia","CORRECT","inv1","inv1","inv1c","student-oracle-raw-ast-identical"
"socialMedia/correct/CfkP4P847t62QTsEX_inv7.als","socialMedia","CORRECT","inv7","inv7","inv7c","student-oracle-raw-ast-identical"
"socialMedia/correct/CftGtjGtmWnbLtgt5_inv1.als","socialMedia","CORRECT","inv1","inv1","inv1c","student-oracle-raw-ast-identical"
"socialMedia/correct/CkGdNfwkiie5XQM2W_inv6.als","socialMedia","CORRECT","inv6","inv6","inv6c","student-oracle-raw-ast-identical"
"socialMedia/correct/CtinHbaXGg5Jrk2p7_inv7.als","socialMedia","CORRECT","inv7","inv7","inv7c","student-oracle-raw-ast-identical"
"socialMedia/correct/CwYXF2PF8xHSSdFyR_inv7.als","socialMedia","CORRECT","inv7","inv7","inv7c","student-oracle-raw-ast-identical"
"socialMedia/correct/Dnw8Prr8awYTb8T8E_inv1.als","socialMedia","CORRECT","inv1","inv1","inv1c","student-oracle-raw-ast-identical"
"socialMedia/correct/E4izgLM52dGy7m8Wn_inv1.als","socialMedia","CORRECT","inv1","inv1","inv1c","student-oracle-raw-ast-identical"
"socialMedia/correct/ECD5kkX95j9JW5j5L_inv1.als","socialMedia","CORRECT","inv1","inv1","inv1c","student-oracle-raw-ast-identical"
"socialMedia/correct/EYhfnwq37KWH76BD6_inv7.als","socialMedia","CORRECT","inv7","inv7","inv7c","student-oracle-raw-ast-identical"
"socialMedia/correct/EdkKhhaz9oPP9QEyf_inv7.als","socialMedia","CORRECT","inv7","inv7","inv7c","student-oracle-raw-ast-identical"
"socialMedia/correct/EktuD4tsbiCpt5xjw_inv5.als","socialMedia","CORRECT","inv5","inv5","inv5c","student-oracle-raw-ast-identical"
"socialMedia/correct/EoxqJ5ay9rE2zYGMR_inv1.als","socialMedia","CORRECT","inv1","inv1","inv1c","student-oracle-raw-ast-identical"
"socialMedia/correct/FAuXWACAd23gMDY9q_inv1.als","socialMedia","CORRECT","inv1","inv1","inv1c","student-oracle-raw-ast-identical"
"socialMedia/correct/FJreFFXqtdycBFLtW_inv1.als","socialMedia","CORRECT","inv1","inv1","inv1c","student-oracle-raw-ast-identical"
"socialMedia/correct/FMHe3FMkb9Ej6hrxJ_inv5.als","socialMedia","CORRECT","inv5","inv5","inv5c","student-oracle-raw-ast-identical"
"socialMedia/correct/FXceCgz9MrHwWGSjh_inv5.als","socialMedia","CORRECT","inv5","inv5","inv5c","student-oracle-raw-ast-identical"
"socialMedia/correct/GJxYhTpXA3E4ztcvt_inv1.als","socialMedia","CORRECT","inv1","inv1","inv1c","student-oracle-raw-ast-identical"
"socialMedia/correct/Gi6ngAxspSNkMSZo5_inv7.als","socialMedia","CORRECT","inv7","inv7","inv7c","student-oracle-raw-ast-identical"
"socialMedia/correct/GpmfBL9SKySuexWHu_inv7.als","socialMedia","CORRECT","inv7","inv7","inv7c","student-oracle-raw-ast-identical"
"socialMedia/correct/GwnnxHysjDSLM8pmh_inv1.als","socialMedia","CORRECT","inv1","inv1","inv1c","student-oracle-raw-ast-identical"
"socialMedia/correct/GzavWPEJS6xQ7vr6s_inv1.als","socialMedia","CORRECT","inv1","inv1","inv1c","student-oracle-raw-ast-identical"
"socialMedia/correct/Gzq7gpu2uBAoXav2m_inv7.als","socialMedia","CORRECT","inv7","inv7","inv7c","student-oracle-raw-ast-identical"
"socialMedia/correct/GzxzAJqbQETfy2EiJ_inv1.als","socialMedia","CORRECT","inv1","inv1","inv1c","student-oracle-raw-ast-identical"
"socialMedia/correct/HM7v3PYAYzKsWMRtN_inv1.als","socialMedia","CORRECT","inv1","inv1","inv1c","student-oracle-raw-ast-identical"
"socialMedia/correct/HYRDBXx4kkytfgczk_inv1.als","socialMedia","CORRECT","inv1","inv1","inv1c","student-oracle-raw-ast-identical"
"socialMedia/correct/HYfbmRZa3iKYLdD56_inv1.als","socialMedia","CORRECT","inv1","inv1","inv1c","student-oracle-raw-ast-identical"
"socialMedia/correct/HbQ8FkgCvAfa5ebwt_inv7.als","socialMedia","CORRECT","inv7","inv7","inv7c","student-oracle-raw-ast-identical"
"socialMedia/correct/HcLkQvyobkeokYgR2_inv1.als","socialMedia","CORRECT","inv1","inv1","inv1c","student-oracle-raw-ast-identical"
"socialMedia/correct/HvpHtyQMMZdjmgJuF_inv1.als","socialMedia","CORRECT","inv1","inv1","inv1c","student-oracle-raw-ast-identical"
"socialMedia/correct/JELEc7PoejsnH7bQd_inv1.als","socialMedia","CORRECT","inv1","inv1","inv1c","student-oracle-raw-ast-identical"
"socialMedia/correct/JMNyw87ERMuiJgFbR_inv7.als","socialMedia","CORRECT","inv7","inv7","inv7c","student-oracle-raw-ast-identical"
"socialMedia/correct/JT9HXinEAaojoFD7H_inv1.als","socialMedia","CORRECT","inv1","inv1","inv1c","student-oracle-raw-ast-identical"
"socialMedia/correct/JrwqqzfwM7xvqBTNY_inv1.als","socialMedia","CORRECT","inv1","inv1","inv1c","student-oracle-raw-ast-identical"
"socialMedia/correct/JsjxDXGtwG7YiWGkk_inv1.als","socialMedia","CORRECT","inv1","inv1","inv1c","student-oracle-raw-ast-identical"
"socialMedia/correct/K2iyfo6bdHSB74RCT_inv1.als","socialMedia","CORRECT","inv1","inv1","inv1c","student-oracle-raw-ast-identical"
"socialMedia/correct/K69b9NJxZuWYseuAw_inv1.als","socialMedia","CORRECT","inv1","inv1","inv1c","student-oracle-raw-ast-identical"
"socialMedia/correct/KF7Jy4pvqNrwqD4uJ_inv1.als","socialMedia","CORRECT","inv1","inv1","inv1c","student-oracle-raw-ast-identical"
"socialMedia/correct/KMSX8JbfG5uf9md8P_inv7.als","socialMedia","CORRECT","inv7","inv7","inv7c","student-oracle-raw-ast-identical"
"socialMedia/correct/KW53vNtGv6YL2NjRN_inv1.als","socialMedia","CORRECT","inv1","inv1","inv1c","student-oracle-raw-ast-identical"
"socialMedia/correct/LFStco9ZTbdGLHa3Z_inv7.als","socialMedia","CORRECT","inv7","inv7","inv7c","student-oracle-raw-ast-identical"
"socialMedia/correct/LQQ7z98DTEQnFFvsS_inv1.als","socialMedia","CORRECT","inv1","inv1","inv1c","student-oracle-raw-ast-identical"
"socialMedia/correct/LStpc5sA38WmoSjHJ_inv1.als","socialMedia","CORRECT","inv1","inv1","inv1c","student-oracle-raw-ast-identical"
"socialMedia/correct/LTvBAN3oQPWppaL95_inv1.als","socialMedia","CORRECT","inv1","inv1","inv1c","student-oracle-raw-ast-identical"
"socialMedia/correct/LbgBpC6ohPGjYN7Ab_inv7.als","socialMedia","CORRECT","inv7","inv7","inv7c","student-oracle-raw-ast-identical"
"socialMedia/correct/LgZdhRwhRHXMHHDbQ_inv1.als","socialMedia","CORRECT","inv1","inv1","inv1c","student-oracle-raw-ast-identical"
"socialMedia/correct/LqepG3vcYifwCq5tS_inv7.als","socialMedia","CORRECT","inv7","inv7","inv7c","student-oracle-raw-ast-identical"
"socialMedia/correct/M7EAeAdEZXFum5afg_inv1.als","socialMedia","CORRECT","inv1","inv1","inv1c","student-oracle-raw-ast-identical"
"socialMedia/correct/MGuoAHAsQzRus5xJd_inv7.als","socialMedia","CORRECT","inv7","inv7","inv7c","student-oracle-raw-ast-identical"
"socialMedia/correct/MS9E6q697XD9DCmqB_inv7.als","socialMedia","CORRECT","inv7","inv7","inv7c","student-oracle-raw-ast-identical"
"socialMedia/correct/MrHh98pzD3Th34zJx_inv1.als","socialMedia","CORRECT","inv1","inv1","inv1c","student-oracle-raw-ast-identical"
"socialMedia/correct/Muajk7mPdCxLhqRib_inv1.als","socialMedia","CORRECT","inv1","inv1","inv1c","student-oracle-raw-ast-identical"
"socialMedia/correct/N5q8ruBHAaDb8YeM7_inv1.als","socialMedia","CORRECT","inv1","inv1","inv1c","student-oracle-raw-ast-identical"
"socialMedia/correct/NCEid8E5Dz2QuSP2M_inv1.als","socialMedia","CORRECT","inv1","inv1","inv1c","student-oracle-raw-ast-identical"
"socialMedia/correct/NPjMp3xyg4mwXb4Ww_inv1.als","socialMedia","CORRECT","inv1","inv1","inv1c","student-oracle-raw-ast-identical"
"socialMedia/correct/NRAxWDaq8QbhXBz65_inv7.als","socialMedia","CORRECT","inv7","inv7","inv7c","student-oracle-raw-ast-identical"
"socialMedia/correct/NWBqNsfuGfJfGLXu6_inv1.als","socialMedia","CORRECT","inv1","inv1","inv1c","student-oracle-raw-ast-identical"
"socialMedia/correct/NbEMZvxrTekR6wMqm_inv1.als","socialMedia","CORRECT","inv1","inv1","inv1c","student-oracle-raw-ast-identical"
"socialMedia/correct/NeHdkgdwXgrQryFbQ_inv7.als","socialMedia","CORRECT","inv7","inv7","inv7c","student-oracle-raw-ast-identical"
"socialMedia/correct/NhC89HwAN7Nd547at_inv7.als","socialMedia","CORRECT","inv7","inv7","inv7c","student-oracle-raw-ast-identical"
"socialMedia/correct/NmsGCyDfNYjQBk4vi_inv7.als","socialMedia","CORRECT","inv7","inv7","inv7c","student-oracle-raw-ast-identical"
"socialMedia/correct/NpqcfyBCubhoBjoRx_inv7.als","socialMedia","CORRECT","inv7","inv7","inv7c","student-oracle-raw-ast-identical"
"socialMedia/correct/NtNorPrnk4KfmNu7F_inv7.als","socialMedia","CORRECT","inv7","inv7","inv7c","student-oracle-raw-ast-identical"
"socialMedia/correct/Ny9vjYoy5BtmBFHL5_inv1.als","socialMedia","CORRECT","inv1","inv1","inv1c","student-oracle-raw-ast-identical"
"socialMedia/correct/PHjKH7c7sASDA9LWJ_inv1.als","socialMedia","CORRECT","inv1","inv1","inv1c","student-oracle-raw-ast-identical"
"socialMedia/correct/PLjtb88mAcfDAWpko_inv1.als","socialMedia","CORRECT","inv1","inv1","inv1c","student-oracle-raw-ast-identical"
"socialMedia/correct/PNh29BztDqMfPqAcR_inv1.als","socialMedia","CORRECT","inv1","inv1","inv1c","student-oracle-raw-ast-identical"
"socialMedia/correct/PPniYyaMgkxWLwDgu_inv7.als","socialMedia","CORRECT","inv7","inv7","inv7c","student-oracle-raw-ast-identical"
"socialMedia/correct/PQwDzfojgMGaJXr6J_inv1.als","socialMedia","CORRECT","inv1","inv1","inv1c","student-oracle-raw-ast-identical"
"socialMedia/correct/PmnuyLpsahoPXGgNJ_inv1.als","socialMedia","CORRECT","inv1","inv1","inv1c","student-oracle-raw-ast-identical"
"socialMedia/correct/PySHJ4ocYZudwYTmF_inv7.als","socialMedia","CORRECT","inv7","inv7","inv7c","student-oracle-raw-ast-identical"
"socialMedia/correct/Q6cLTXi3EC5nHjpXH_inv1.als","socialMedia","CORRECT","inv1","inv1","inv1c","student-oracle-raw-ast-identical"
"socialMedia/correct/Q6zQNgd9FBaRNf2Gd_inv1.als","socialMedia","CORRECT","inv1","inv1","inv1c","student-oracle-raw-ast-identical"
"socialMedia/correct/Q8FRogXoCzmXTQa3C_inv1.als","socialMedia","CORRECT","inv1","inv1","inv1c","student-oracle-raw-ast-identical"
"socialMedia/correct/QDJPENjsQwyRK9gfB_inv1.als","socialMedia","CORRECT","inv1","inv1","inv1c","student-oracle-raw-ast-identical"
"socialMedia/correct/QDvHfpnJk48LLFEud_inv1.als","socialMedia","CORRECT","inv1","inv1","inv1c","student-oracle-raw-ast-identical"
"socialMedia/correct/QGXnDhZJSrNQymfoe_inv1.als","socialMedia","CORRECT","inv1","inv1","inv1c","student-oracle-raw-ast-identical"
"socialMedia/correct/QPbWmbrjB2rhHH7xo_inv7.als","socialMedia","CORRECT","inv7","inv7","inv7c","student-oracle-raw-ast-identical"
"socialMedia/correct/Qa2mAbHabBJnQDdSa_inv1.als","socialMedia","CORRECT","inv1","inv1","inv1c","student-oracle-raw-ast-identical"
"socialMedia/correct/Qe4oXxEqu9oqMbHML_inv4.als","socialMedia","CORRECT","inv4","inv4","inv4c","student-oracle-raw-ast-identical"
"socialMedia/correct/QmyE6qLYfzB5KYWrR_inv4.als","socialMedia","CORRECT","inv4","inv4","inv4c","student-oracle-raw-ast-identical"
"socialMedia/correct/QrGJPC8GKtJbj45ec_inv7.als","socialMedia","CORRECT","inv7","inv7","inv7c","student-oracle-raw-ast-identical"
"socialMedia/correct/QsZ69HxEJ46GQTM7F_inv1.als","socialMedia","CORRECT","inv1","inv1","inv1c","student-oracle-raw-ast-identical"
"socialMedia/correct/QusBdWWCfMqx7j3km_inv1.als","socialMedia","CORRECT","inv1","inv1","inv1c","student-oracle-raw-ast-identical"
"socialMedia/correct/QvFjbAAGN9XKdtgnG_inv7.als","socialMedia","CORRECT","inv7","inv7","inv7c","student-oracle-raw-ast-identical"
"socialMedia/correct/QynjKLzjEnyFdvMMg_inv1.als","socialMedia","CORRECT","inv1","inv1","inv1c","student-oracle-raw-ast-identical"
"socialMedia/correct/R4WArhNaCaumfs5z8_inv1.als","socialMedia","CORRECT","inv1","inv1","inv1c","student-oracle-raw-ast-identical"
"socialMedia/correct/R4bQpkvwEvSmTQMPM_inv1.als","socialMedia","CORRECT","inv1","inv1","inv1c","student-oracle-raw-ast-identical"
"socialMedia/correct/R5NAXsWQvH7v6vQjB_inv7.als","socialMedia","CORRECT","inv7","inv7","inv7c","student-oracle-raw-ast-identical"
"socialMedia/correct/REWhFjwaaGPKzsFpF_inv1.als","socialMedia","CORRECT","inv1","inv1","inv1c","student-oracle-raw-ast-identical"
"socialMedia/correct/RHbeBwmTriNXHys7A_inv1.als","socialMedia","CORRECT","inv1","inv1","inv1c","student-oracle-raw-ast-identical"
"socialMedia/correct/RPHep6kkWYxwBYuPY_inv1.als","socialMedia","CORRECT","inv1","inv1","inv1c","student-oracle-raw-ast-identical"
"socialMedia/correct/RPwNsAu4RWNDtQjQX_inv1.als","socialMedia","CORRECT","inv1","inv1","inv1c","student-oracle-raw-ast-identical"
"socialMedia/correct/RZzqScbLDWNLn4PPJ_inv1.als","socialMedia","CORRECT","inv1","inv1","inv1c","student-oracle-raw-ast-identical"
"socialMedia/correct/RhdbKu2tnBf24wA8R_inv5.als","socialMedia","CORRECT","inv5","inv5","inv5c","student-oracle-raw-ast-identical"
"socialMedia/correct/RjpH3hkiZkxt2Gawa_inv7.als","socialMedia","CORRECT","inv7","inv7","inv7c","student-oracle-raw-ast-identical"
"socialMedia/correct/RvotghxnL7GBADKmZ_inv1.als","socialMedia","CORRECT","inv1","inv1","inv1c","student-oracle-raw-ast-identical"
"socialMedia/correct/S9PmzqyAvHhLsgzYe_inv1.als","socialMedia","CORRECT","inv1","inv1","inv1c","student-oracle-raw-ast-identical"
"socialMedia/correct/SBMwpMCGmXqphGBzv_inv1.als","socialMedia","CORRECT","inv1","inv1","inv1c","student-oracle-raw-ast-identical"
"socialMedia/correct/SCsw8zqFBYZ7FRXpz_inv1.als","socialMedia","CORRECT","inv1","inv1","inv1c","student-oracle-raw-ast-identical"
"socialMedia/correct/SGXxQXckWZ4Y8QpYD_inv1.als","socialMedia","CORRECT","inv1","inv1","inv1c","student-oracle-raw-ast-identical"
"socialMedia/correct/SRPmm3tx4ov3BdDPu_inv1.als","socialMedia","CORRECT","inv1","inv1","inv1c","student-oracle-raw-ast-identical"
"socialMedia/correct/ScwZ9CtDZNe9ScbYj_inv7.als","socialMedia","CORRECT","inv7","inv7","inv7c","student-oracle-raw-ast-identical"
"socialMedia/correct/ShJotYy4ZaHaF93ui_inv1.als","socialMedia","CORRECT","inv1","inv1","inv1c","student-oracle-raw-ast-identical"
"socialMedia/correct/SuktFg43x8yvtTayG_inv1.als","socialMedia","CORRECT","inv1","inv1","inv1c","student-oracle-raw-ast-identical"
"socialMedia/correct/SyttMo3RDSRpYJHsQ_inv1.als","socialMedia","CORRECT","inv1","inv1","inv1c","student-oracle-raw-ast-identical"
"socialMedia/correct/TdnohhYLDjPD9D4nf_inv1.als","socialMedia","CORRECT","inv1","inv1","inv1c","student-oracle-raw-ast-identical"
"socialMedia/correct/Te4XTgbLyQ9EWawjT_inv7.als","socialMedia","CORRECT","inv7","inv7","inv7c","student-oracle-raw-ast-identical"
"socialMedia/correct/TrhPdMJPAj3jy9umm_inv1.als","socialMedia","CORRECT","inv1","inv1","inv1c","student-oracle-raw-ast-identical"
"socialMedia/correct/Ts2HHPFgYZxNYHBG7_inv7.als","socialMedia","CORRECT","inv7","inv7","inv7c","student-oracle-raw-ast-identical"
"socialMedia/correct/W2XnTZnm3T5AQ3gC4_inv1.als","socialMedia","CORRECT","inv1","inv1","inv1c","student-oracle-raw-ast-identical"
"socialMedia/correct/WKCsGuFSLwYmggRHW_inv1.als","socialMedia","CORRECT","inv1","inv1","inv1c","student-oracle-raw-ast-identical"
"socialMedia/correct/WLdREyjYDmKnjwwT8_inv1.als","socialMedia","CORRECT","inv1","inv1","inv1c","student-oracle-raw-ast-identical"
"socialMedia/correct/WMeX2Npj3QYCZ8TyP_inv5.als","socialMedia","CORRECT","inv5","inv5","inv5c","student-oracle-raw-ast-identical"
"socialMedia/correct/WN6fBtHxs9R5GbW94_inv1.als","socialMedia","CORRECT","inv1","inv1","inv1c","student-oracle-raw-ast-identical"
"socialMedia/correct/WSGNCkTTheNHskBFo_inv1.als","socialMedia","CORRECT","inv1","inv1","inv1c","student-oracle-raw-ast-identical"
"socialMedia/correct/WYNZpfpLnTfPY7arG_inv7.als","socialMedia","CORRECT","inv7","inv7","inv7c","student-oracle-raw-ast-identical"
"socialMedia/correct/WaxJAuRfjsFZvJCFu_inv1.als","socialMedia","CORRECT","inv1","inv1","inv1c","student-oracle-raw-ast-identical"
"socialMedia/correct/WjQ8qfC6k6LEt4JNN_inv1.als","socialMedia","CORRECT","inv1","inv1","inv1c","student-oracle-raw-ast-identical"
"socialMedia/correct/WnCYX6gBeYjvQLmxw_inv1.als","socialMedia","CORRECT","inv1","inv1","inv1c","student-oracle-raw-ast-identical"
"socialMedia/correct/WpgMRM6uT6fsauJtQ_inv7.als","socialMedia","CORRECT","inv7","inv7","inv7c","student-oracle-raw-ast-identical"
"socialMedia/correct/WtTh2gDhoY2nD8vgx_inv1.als","socialMedia","CORRECT","inv1","inv1","inv1c","student-oracle-raw-ast-identical"
"socialMedia/correct/XGvgy5cibkCKfAKj3_inv1.als","socialMedia","CORRECT","inv1","inv1","inv1c","student-oracle-raw-ast-identical"
"socialMedia/correct/XKd8iaTunTp7B7oPJ_inv1.als","socialMedia","CORRECT","inv1","inv1","inv1c","student-oracle-raw-ast-identical"
"socialMedia/correct/XQDkmJCTrwbJzfCtL_inv1.als","socialMedia","CORRECT","inv1","inv1","inv1c","student-oracle-raw-ast-identical"
"socialMedia/correct/XTXm3tP58prjWZ2sh_inv5.als","socialMedia","CORRECT","inv5","inv5","inv5c","student-oracle-raw-ast-identical"
"socialMedia/correct/XY2GcrezKzGnnMy3N_inv1.als","socialMedia","CORRECT","inv1","inv1","inv1c","student-oracle-raw-ast-identical"
"socialMedia/correct/XchqtNAXimtKRRJ7o_inv1.als","socialMedia","CORRECT","inv1","inv1","inv1c","student-oracle-raw-ast-identical"
"socialMedia/correct/XfMmddRmwAFbq42TC_inv1.als","socialMedia","CORRECT","inv1","inv1","inv1c","student-oracle-raw-ast-identical"
"socialMedia/correct/Xhp93ARmy8B6gGJrS_inv7.als","socialMedia","CORRECT","inv7","inv7","inv7c","student-oracle-raw-ast-identical"
"socialMedia/correct/XvwoBMjLiC3qWJRBL_inv7.als","socialMedia","CORRECT","inv7","inv7","inv7c","student-oracle-raw-ast-identical"
"socialMedia/correct/YDuwucJricgawb2N5_inv1.als","socialMedia","CORRECT","inv1","inv1","inv1c","student-oracle-raw-ast-identical"
"socialMedia/correct/YEBk7sGyE46B329zz_inv1.als","socialMedia","CORRECT","inv1","inv1","inv1c","student-oracle-raw-ast-identical"
"socialMedia/correct/YKnNPA9hHXKshyGDv_inv7.als","socialMedia","CORRECT","inv7","inv7","inv7c","student-oracle-raw-ast-identical"
"socialMedia/correct/YKp8KsQcM53y5d4gx_inv1.als","socialMedia","CORRECT","inv1","inv1","inv1c","student-oracle-raw-ast-identical"
"socialMedia/correct/YaSthbsbZ3ABWSFpq_inv1.als","socialMedia","CORRECT","inv1","inv1","inv1c","student-oracle-raw-ast-identical"
"socialMedia/correct/Yo57KQEubS2PwyFQW_inv7.als","socialMedia","CORRECT","inv7","inv7","inv7c","student-oracle-raw-ast-identical"
"socialMedia/correct/YqWDFLtC24dWjubwu_inv1.als","socialMedia","CORRECT","inv1","inv1","inv1c","student-oracle-raw-ast-identical"
"socialMedia/correct/Yujfj7KsN9rwivgNr_inv1.als","socialMedia","CORRECT","inv1","inv1","inv1c","student-oracle-raw-ast-identical"
"socialMedia/correct/Z2CawLxMuPhdrLkQw_inv1.als","socialMedia","CORRECT","inv1","inv1","inv1c","student-oracle-raw-ast-identical"
"socialMedia/correct/ZCdWRkNuwtmJ4wyF3_inv5.als","socialMedia","CORRECT","inv5","inv5","inv5c","student-oracle-raw-ast-identical"
"socialMedia/correct/ZJTRN6Cyin88Sp5LQ_inv7.als","socialMedia","CORRECT","inv7","inv7","inv7c","student-oracle-raw-ast-identical"
"socialMedia/correct/ZQSQPCDhg2NmAHmha_inv1.als","socialMedia","CORRECT","inv1","inv1","inv1c","student-oracle-raw-ast-identical"
"socialMedia/correct/ZiTfQkj4WnNRLSeph_inv1.als","socialMedia","CORRECT","inv1","inv1","inv1c","student-oracle-raw-ast-identical"
"socialMedia/correct/ZjK7Py7e55M6FJCGT_inv5.als","socialMedia","CORRECT","inv5","inv5","inv5c","student-oracle-raw-ast-identical"
"socialMedia/correct/ZwkFfB6DurTh8vqb2_inv1.als","socialMedia","CORRECT","inv1","inv1","inv1c","student-oracle-raw-ast-identical"
"socialMedia/correct/a8zLeHi8rQvFv2y9u_inv1.als","socialMedia","CORRECT","inv1","inv1","inv1c","student-oracle-raw-ast-identical"
"socialMedia/correct/aToZj6kReiyWCSWay_inv1.als","socialMedia","CORRECT","inv1","inv1","inv1c","student-oracle-raw-ast-identical"
"socialMedia/correct/ahkFP3B3PKEinoWWH_inv7.als","socialMedia","CORRECT","inv7","inv7","inv7c","student-oracle-raw-ast-identical"
"socialMedia/correct/b2NMtMyQYuLWS7Bdw_inv1.als","socialMedia","CORRECT","inv1","inv1","inv1c","student-oracle-raw-ast-identical"
"socialMedia/correct/bHM9HpzmpejY2QKsr_inv1.als","socialMedia","CORRECT","inv1","inv1","inv1c","student-oracle-raw-ast-identical"
"socialMedia/correct/bWM74QyQi6GF5wTJT_inv1.als","socialMedia","CORRECT","inv1","inv1","inv1c","student-oracle-raw-ast-identical"
"socialMedia/correct/bsk6xH9n5fE5y97Sj_inv5.als","socialMedia","CORRECT","inv5","inv5","inv5c","student-oracle-raw-ast-identical"
"socialMedia/correct/c5TTLeFBTW6bCTe4A_inv7.als","socialMedia","CORRECT","inv7","inv7","inv7c","student-oracle-raw-ast-identical"
"socialMedia/correct/c69HsxNdM95gQiqdB_inv1.als","socialMedia","CORRECT","inv1","inv1","inv1c","student-oracle-raw-ast-identical"
"socialMedia/correct/cAQjT8NtMTGNH7pyz_inv1.als","socialMedia","CORRECT","inv1","inv1","inv1c","student-oracle-raw-ast-identical"
"socialMedia/correct/cZfdXiFEox6kceSrL_inv1.als","socialMedia","CORRECT","inv1","inv1","inv1c","student-oracle-raw-ast-identical"
"socialMedia/correct/cbTsGu83rkGpAczSm_inv5.als","socialMedia","CORRECT","inv5","inv5","inv5c","student-oracle-raw-ast-identical"
"socialMedia/correct/ceowLZtL7uJH5HDvp_inv1.als","socialMedia","CORRECT","inv1","inv1","inv1c","student-oracle-raw-ast-identical"
"socialMedia/correct/cj3g2PFLejvXoNgMG_inv1.als","socialMedia","CORRECT","inv1","inv1","inv1c","student-oracle-raw-ast-identical"
"socialMedia/correct/crzJiyeQHKwFDRbMe_inv1.als","socialMedia","CORRECT","inv1","inv1","inv1c","student-oracle-raw-ast-identical"
"socialMedia/correct/d7EuHqThfutpFWYzW_inv1.als","socialMedia","CORRECT","inv1","inv1","inv1c","student-oracle-raw-ast-identical"
"socialMedia/correct/dXCWrjir2zvXphTnE_inv7.als","socialMedia","CORRECT","inv7","inv7","inv7c","student-oracle-raw-ast-identical"
"socialMedia/correct/dXZRitPTvGeP86aEb_inv1.als","socialMedia","CORRECT","inv1","inv1","inv1c","student-oracle-raw-ast-identical"
"socialMedia/correct/dhLuYN4bzJsNHGPyc_inv1.als","socialMedia","CORRECT","inv1","inv1","inv1c","student-oracle-raw-ast-identical"
"socialMedia/correct/djFR944GvuetYFrPA_inv7.als","socialMedia","CORRECT","inv7","inv7","inv7c","student-oracle-raw-ast-identical"
"socialMedia/correct/dtMMCcPSc7AGzPYut_inv1.als","socialMedia","CORRECT","inv1","inv1","inv1c","student-oracle-raw-ast-identical"
"socialMedia/correct/dvLEEGKFJZ4sx7JcB_inv7.als","socialMedia","CORRECT","inv7","inv7","inv7c","student-oracle-raw-ast-identical"
"socialMedia/correct/eDcYRtYe4isGopqWm_inv1.als","socialMedia","CORRECT","inv1","inv1","inv1c","student-oracle-raw-ast-identical"
"socialMedia/correct/eDuQynQpgn5p59DfA_inv1.als","socialMedia","CORRECT","inv1","inv1","inv1c","student-oracle-raw-ast-identical"
"socialMedia/correct/ejYknvBnepHvLtJT6_inv1.als","socialMedia","CORRECT","inv1","inv1","inv1c","student-oracle-raw-ast-identical"
"socialMedia/correct/ejmPrMos3BJQ5Wric_inv1.als","socialMedia","CORRECT","inv1","inv1","inv1c","student-oracle-raw-ast-identical"
"socialMedia/correct/epveZtGH5La6i8JxP_inv7.als","socialMedia","CORRECT","inv7","inv7","inv7c","student-oracle-raw-ast-identical"
"socialMedia/correct/ey39SHjwHxzTJp2Tj_inv4.als","socialMedia","CORRECT","inv4","inv4","inv4c","student-oracle-raw-ast-identical"
"socialMedia/correct/f4SJhKW6vHmqBy327_inv7.als","socialMedia","CORRECT","inv7","inv7","inv7c","student-oracle-raw-ast-identical"
"socialMedia/correct/fMKTwdnDM3fLEX5DX_inv1.als","socialMedia","CORRECT","inv1","inv1","inv1c","student-oracle-raw-ast-identical"
"socialMedia/correct/fbr4HXYTiEQveDreQ_inv7.als","socialMedia","CORRECT","inv7","inv7","inv7c","student-oracle-raw-ast-identical"
"socialMedia/correct/fnfYTy8fqbcbW5HbR_inv5.als","socialMedia","CORRECT","inv5","inv5","inv5c","student-oracle-raw-ast-identical"
"socialMedia/correct/fviTjCZrwTu3K8kZb_inv1.als","socialMedia","CORRECT","inv1","inv1","inv1c","student-oracle-raw-ast-identical"
"socialMedia/correct/gMk6d4JGGruyvz7kJ_inv6.als","socialMedia","CORRECT","inv6","inv6","inv6c","student-oracle-raw-ast-identical"
"socialMedia/correct/gzPY6FBLbaKhqHFPZ_inv1.als","socialMedia","CORRECT","inv1","inv1","inv1c","student-oracle-raw-ast-identical"
"socialMedia/correct/h2PAKvsHunKqQGjja_inv7.als","socialMedia","CORRECT","inv7","inv7","inv7c","student-oracle-raw-ast-identical"
"socialMedia/correct/hFqtnXJKLEWjrf6xY_inv1.als","socialMedia","CORRECT","inv1","inv1","inv1c","student-oracle-raw-ast-identical"
"socialMedia/correct/hGRnGbs6gdgmYAGT8_inv1.als","socialMedia","CORRECT","inv1","inv1","inv1c","student-oracle-raw-ast-identical"
"socialMedia/correct/hH2W2hzy3ggFf4R22_inv1.als","socialMedia","CORRECT","inv1","inv1","inv1c","student-oracle-raw-ast-identical"
"socialMedia/correct/hSArJhrMdFRjvMomb_inv4.als","socialMedia","CORRECT","inv4","inv4","inv4c","student-oracle-raw-ast-identical"
"socialMedia/correct/hcjuDPEZjECK4pobz_inv1.als","socialMedia","CORRECT","inv1","inv1","inv1c","student-oracle-raw-ast-identical"
"socialMedia/correct/hkSdfBC3saP9bGv2A_inv1.als","socialMedia","CORRECT","inv1","inv1","inv1c","student-oracle-raw-ast-identical"
"socialMedia/correct/hsRCNaAMwWWChMXBx_inv1.als","socialMedia","CORRECT","inv1","inv1","inv1c","student-oracle-raw-ast-identical"
"socialMedia/correct/i2h4AigNaPjpXgCYx_inv1.als","socialMedia","CORRECT","inv1","inv1","inv1c","student-oracle-raw-ast-identical"
"socialMedia/correct/i2hsjTbs6va9f2ZmM_inv1.als","socialMedia","CORRECT","inv1","inv1","inv1c","student-oracle-raw-ast-identical"
"socialMedia/correct/iBQSLBMWEKtNTix5N_inv1.als","socialMedia","CORRECT","inv1","inv1","inv1c","student-oracle-raw-ast-identical"
"socialMedia/correct/iEYb7yB2Xa575d6tt_inv1.als","socialMedia","CORRECT","inv1","inv1","inv1c","student-oracle-raw-ast-identical"
"socialMedia/correct/iKj75N822f2JKg8RG_inv1.als","socialMedia","CORRECT","inv1","inv1","inv1c","student-oracle-raw-ast-identical"
"socialMedia/correct/iPKqN35eDp8akMp8e_inv1.als","socialMedia","CORRECT","inv1","inv1","inv1c","student-oracle-raw-ast-identical"
"socialMedia/correct/ij4wYB7YhCBHitKz2_inv1.als","socialMedia","CORRECT","inv1","inv1","inv1c","student-oracle-raw-ast-identical"
"socialMedia/correct/ijLLYu3aTrnJ4As9M_inv1.als","socialMedia","CORRECT","inv1","inv1","inv1c","student-oracle-raw-ast-identical"
"socialMedia/correct/irqbsQGLTZP9s46or_inv7.als","socialMedia","CORRECT","inv7","inv7","inv7c","student-oracle-raw-ast-identical"
"socialMedia/correct/j5yaaQN4FGNJnRFCu_inv7.als","socialMedia","CORRECT","inv7","inv7","inv7c","student-oracle-raw-ast-identical"
"socialMedia/correct/j89NnB5cqK8zNtQLz_inv1.als","socialMedia","CORRECT","inv1","inv1","inv1c","student-oracle-raw-ast-identical"
"socialMedia/correct/jFeonQLa26sjH6Jy9_inv1.als","socialMedia","CORRECT","inv1","inv1","inv1c","student-oracle-raw-ast-identical"
"socialMedia/correct/jJsfujxnZ5NAAmtLB_inv7.als","socialMedia","CORRECT","inv7","inv7","inv7c","student-oracle-raw-ast-identical"
"socialMedia/correct/jQp38huCpAQW3zrfc_inv7.als","socialMedia","CORRECT","inv7","inv7","inv7c","student-oracle-raw-ast-identical"
"socialMedia/correct/jYWjJvDznsvAD4Wfa_inv1.als","socialMedia","CORRECT","inv1","inv1","inv1c","student-oracle-raw-ast-identical"
"socialMedia/correct/jfE796eDCXEmcyXhj_inv1.als","socialMedia","CORRECT","inv1","inv1","inv1c","student-oracle-raw-ast-identical"
"socialMedia/correct/kAjWbP8RMmWMrAWC9_inv1.als","socialMedia","CORRECT","inv1","inv1","inv1c","student-oracle-raw-ast-identical"
"socialMedia/correct/kCXTKJExkeb42SrNw_inv1.als","socialMedia","CORRECT","inv1","inv1","inv1c","student-oracle-raw-ast-identical"
"socialMedia/correct/kFwH9xGQbb8ENWuJW_inv7.als","socialMedia","CORRECT","inv7","inv7","inv7c","student-oracle-raw-ast-identical"
"socialMedia/correct/kyp3TabgtsbdgpWjC_inv1.als","socialMedia","CORRECT","inv1","inv1","inv1c","student-oracle-raw-ast-identical"
"socialMedia/correct/m3x5XRZ49Kv45azev_inv1.als","socialMedia","CORRECT","inv1","inv1","inv1c","student-oracle-raw-ast-identical"
"socialMedia/correct/m7EFREEZBpcKRMnqb_inv7.als","socialMedia","CORRECT","inv7","inv7","inv7c","student-oracle-raw-ast-identical"
"socialMedia/correct/m7iaAvTsKmztzL45k_inv7.als","socialMedia","CORRECT","inv7","inv7","inv7c","student-oracle-raw-ast-identical"
"socialMedia/correct/mAnKmBuRXHLcwMvoA_inv7.als","socialMedia","CORRECT","inv7","inv7","inv7c","student-oracle-raw-ast-identical"
"socialMedia/correct/mEK4k8fGfYAAzbKgW_inv1.als","socialMedia","CORRECT","inv1","inv1","inv1c","student-oracle-raw-ast-identical"
"socialMedia/correct/mM95xYN4BgHjH33jh_inv7.als","socialMedia","CORRECT","inv7","inv7","inv7c","student-oracle-raw-ast-identical"
"socialMedia/correct/mNig45SWL5Hp85Nuf_inv7.als","socialMedia","CORRECT","inv7","inv7","inv7c","student-oracle-raw-ast-identical"
"socialMedia/correct/mYxfkYFPo2Jyqn7N2_inv1.als","socialMedia","CORRECT","inv1","inv1","inv1c","student-oracle-raw-ast-identical"
"socialMedia/correct/mc5mzhLJk3asq8qu8_inv7.als","socialMedia","CORRECT","inv7","inv7","inv7c","student-oracle-raw-ast-identical"
"socialMedia/correct/n8HGxcZumQYGh7MRi_inv1.als","socialMedia","CORRECT","inv1","inv1","inv1c","student-oracle-raw-ast-identical"
"socialMedia/correct/nDcpfQe63YjT65cHn_inv1.als","socialMedia","CORRECT","inv1","inv1","inv1c","student-oracle-raw-ast-identical"
"socialMedia/correct/nFLzg6BNYg49vFhmq_inv1.als","socialMedia","CORRECT","inv1","inv1","inv1c","student-oracle-raw-ast-identical"
"socialMedia/correct/nFyTz7hw5fksAvEY4_inv1.als","socialMedia","CORRECT","inv1","inv1","inv1c","student-oracle-raw-ast-identical"
"socialMedia/correct/nJFect2KiaWz62DWG_inv1.als","socialMedia","CORRECT","inv1","inv1","inv1c","student-oracle-raw-ast-identical"
"socialMedia/correct/nLsPtfGzMWuXmxrc8_inv1.als","socialMedia","CORRECT","inv1","inv1","inv1c","student-oracle-raw-ast-identical"
"socialMedia/correct/nMDmguhaYDSB6aqoq_inv1.als","socialMedia","CORRECT","inv1","inv1","inv1c","student-oracle-raw-ast-identical"
"socialMedia/correct/nPFqyqHrwZcvPzRS8_inv1.als","socialMedia","CORRECT","inv1","inv1","inv1c","student-oracle-raw-ast-identical"
"socialMedia/correct/njgFkcbBedG5YgZnT_inv1.als","socialMedia","CORRECT","inv1","inv1","inv1c","student-oracle-raw-ast-identical"
"socialMedia/correct/njmJ4Jfh6hB3dd4kk_inv1.als","socialMedia","CORRECT","inv1","inv1","inv1c","student-oracle-raw-ast-identical"
"socialMedia/correct/nooxNHdDgbq29jvKa_inv1.als","socialMedia","CORRECT","inv1","inv1","inv1c","student-oracle-raw-ast-identical"
"socialMedia/correct/o3DzjezFd5h8Y6Ntt_inv1.als","socialMedia","CORRECT","inv1","inv1","inv1c","student-oracle-raw-ast-identical"
"socialMedia/correct/o6hxtQj8xYBBSAK3L_inv7.als","socialMedia","CORRECT","inv7","inv7","inv7c","student-oracle-raw-ast-identical"
"socialMedia/correct/o6oXckPqzPKNxXHPX_inv1.als","socialMedia","CORRECT","inv1","inv1","inv1c","student-oracle-raw-ast-identical"
"socialMedia/correct/oKXpyaAfDmcJReBD5_inv1.als","socialMedia","CORRECT","inv1","inv1","inv1c","student-oracle-raw-ast-identical"
"socialMedia/correct/oRD3bTdLXaRW8SJe5_inv1.als","socialMedia","CORRECT","inv1","inv1","inv1c","student-oracle-raw-ast-identical"
"socialMedia/correct/oRbyJnXRSesEGrsHH_inv1.als","socialMedia","CORRECT","inv1","inv1","inv1c","student-oracle-raw-ast-identical"
"socialMedia/correct/p8zXxwFKPoWJrdTs6_inv1.als","socialMedia","CORRECT","inv1","inv1","inv1c","student-oracle-raw-ast-identical"
"socialMedia/correct/pAkpgXazvTcnFg4ZY_inv1.als","socialMedia","CORRECT","inv1","inv1","inv1c","student-oracle-raw-ast-identical"
"socialMedia/correct/pMP8d7wL5CmWbawSY_inv7.als","socialMedia","CORRECT","inv7","inv7","inv7c","student-oracle-raw-ast-identical"
"socialMedia/correct/pPHMdgdCdR2EYKtq2_inv1.als","socialMedia","CORRECT","inv1","inv1","inv1c","student-oracle-raw-ast-identical"
"socialMedia/correct/pak3TMSpr9buv36ZY_inv1.als","socialMedia","CORRECT","inv1","inv1","inv1c","student-oracle-raw-ast-identical"
"socialMedia/correct/pccEzx9zZtioZDRhy_inv1.als","socialMedia","CORRECT","inv1","inv1","inv1c","student-oracle-raw-ast-identical"
"socialMedia/correct/pf6iQhPZzk7XqzmNt_inv1.als","socialMedia","CORRECT","inv1","inv1","inv1c","student-oracle-raw-ast-identical"
"socialMedia/correct/pkuZmKsoi6wop9X7T_inv1.als","socialMedia","CORRECT","inv1","inv1","inv1c","student-oracle-raw-ast-identical"
"socialMedia/correct/pnsFpQap4dEWuynbp_inv5.als","socialMedia","CORRECT","inv5","inv5","inv5c","student-oracle-raw-ast-identical"
"socialMedia/correct/pyKQPdZtzuchqZRnr_inv7.als","socialMedia","CORRECT","inv7","inv7","inv7c","student-oracle-raw-ast-identical"
"socialMedia/correct/qS3JNdTys9sQ68ajv_inv1.als","socialMedia","CORRECT","inv1","inv1","inv1c","student-oracle-raw-ast-identical"
"socialMedia/correct/qagK5426icJBrtzD8_inv1.als","socialMedia","CORRECT","inv1","inv1","inv1c","student-oracle-raw-ast-identical"
"socialMedia/correct/qezPQnFZwAPDoPvcy_inv7.als","socialMedia","CORRECT","inv7","inv7","inv7c","student-oracle-raw-ast-identical"
"socialMedia/correct/qnFuCEtPYxqe9SFcX_inv1.als","socialMedia","CORRECT","inv1","inv1","inv1c","student-oracle-raw-ast-identical"
"socialMedia/correct/qnPPgFM4DTMyjRCjK_inv1.als","socialMedia","CORRECT","inv1","inv1","inv1c","student-oracle-raw-ast-identical"
"socialMedia/correct/qre8mamcgbo4tdZZb_inv1.als","socialMedia","CORRECT","inv1","inv1","inv1c","student-oracle-raw-ast-identical"
"socialMedia/correct/r5Wo6rdvYYXW4gBTA_inv1.als","socialMedia","CORRECT","inv1","inv1","inv1c","student-oracle-raw-ast-identical"
"socialMedia/correct/r6AmTcxAEda66wKEK_inv1.als","socialMedia","CORRECT","inv1","inv1","inv1c","student-oracle-raw-ast-identical"
"socialMedia/correct/rG4NTCtFm47sKjy73_inv1.als","socialMedia","CORRECT","inv1","inv1","inv1c","student-oracle-raw-ast-identical"
"socialMedia/correct/rJX6f6rPMrzrtXdpG_inv1.als","socialMedia","CORRECT","inv1","inv1","inv1c","student-oracle-raw-ast-identical"
"socialMedia/correct/rRCWh2vwuNFsim7d5_inv1.als","socialMedia","CORRECT","inv1","inv1","inv1c","student-oracle-raw-ast-identical"
"socialMedia/correct/rgKMgFvPQpreBTQut_inv1.als","socialMedia","CORRECT","inv1","inv1","inv1c","student-oracle-raw-ast-identical"
"socialMedia/correct/rihDMmWxTMWxdHBZc_inv7.als","socialMedia","CORRECT","inv7","inv7","inv7c","student-oracle-raw-ast-identical"
"socialMedia/correct/riwrnqr3Rp9wzeZNb_inv1.als","socialMedia","CORRECT","inv1","inv1","inv1c","student-oracle-raw-ast-identical"
"socialMedia/correct/ruCTaBAjxmqpWqCRm_inv1.als","socialMedia","CORRECT","inv1","inv1","inv1c","student-oracle-raw-ast-identical"
"socialMedia/correct/s355Qn9sTcvogd6RP_inv7.als","socialMedia","CORRECT","inv7","inv7","inv7c","student-oracle-raw-ast-identical"
"socialMedia/correct/s4LjFKXnq3vZBiqCS_inv7.als","socialMedia","CORRECT","inv7","inv7","inv7c","student-oracle-raw-ast-identical"
"socialMedia/correct/sKApdjRCLfLsbxxoy_inv1.als","socialMedia","CORRECT","inv1","inv1","inv1c","student-oracle-raw-ast-identical"
"socialMedia/correct/saqihoYLMTCi95iMz_inv7.als","socialMedia","CORRECT","inv7","inv7","inv7c","student-oracle-raw-ast-identical"
"socialMedia/correct/scGu7PGcxYLps9ZeH_inv7.als","socialMedia","CORRECT","inv7","inv7","inv7c","student-oracle-raw-ast-identical"
"socialMedia/correct/seJmTqXp29pCm8R32_inv7.als","socialMedia","CORRECT","inv7","inv7","inv7c","student-oracle-raw-ast-identical"
"socialMedia/correct/sw69mB2teTogdqB9p_inv1.als","socialMedia","CORRECT","inv1","inv1","inv1c","student-oracle-raw-ast-identical"
"socialMedia/correct/sysW5KKwgWBRcBbLe_inv1.als","socialMedia","CORRECT","inv1","inv1","inv1c","student-oracle-raw-ast-identical"
"socialMedia/correct/t7iSFzDfi4vjdGMTf_inv7.als","socialMedia","CORRECT","inv7","inv7","inv7c","student-oracle-raw-ast-identical"
"socialMedia/correct/tQA8frrMtKLZJBKLv_inv1.als","socialMedia","CORRECT","inv1","inv1","inv1c","student-oracle-raw-ast-identical"
"socialMedia/correct/tjmfsgieZ4ye5JBbt_inv1.als","socialMedia","CORRECT","inv1","inv1","inv1c","student-oracle-raw-ast-identical"
"socialMedia/correct/tkEFnxtDwTDkQmq3C_inv1.als","socialMedia","CORRECT","inv1","inv1","inv1c","student-oracle-raw-ast-identical"
"socialMedia/correct/tkNfHvkM5nTaJRirF_inv1.als","socialMedia","CORRECT","inv1","inv1","inv1c","student-oracle-raw-ast-identical"
"socialMedia/correct/u4cMnGodzffPxQy97_inv1.als","socialMedia","CORRECT","inv1","inv1","inv1c","student-oracle-raw-ast-identical"
"socialMedia/correct/u5XQrf2Q2QbdCYb88_inv1.als","socialMedia","CORRECT","inv1","inv1","inv1c","student-oracle-raw-ast-identical"
"socialMedia/correct/uFH7pCAHCfYLe5pr4_inv1.als","socialMedia","CORRECT","inv1","inv1","inv1c","student-oracle-raw-ast-identical"
"socialMedia/correct/uGjjm2fib2jxddwZr_inv1.als","socialMedia","CORRECT","inv1","inv1","inv1c","student-oracle-raw-ast-identical"
"socialMedia/correct/uPPfyPMLo8HRWYuAH_inv1.als","socialMedia","CORRECT","inv1","inv1","inv1c","student-oracle-raw-ast-identical"
"socialMedia/correct/uZwPum2XjBeS3a9WD_inv1.als","socialMedia","CORRECT","inv1","inv1","inv1c","student-oracle-raw-ast-identical"
"socialMedia/correct/umckvHCsCsj76nxDs_inv1.als","socialMedia","CORRECT","inv1","inv1","inv1c","student-oracle-raw-ast-identical"
"socialMedia/correct/upRs5TwzXfzWT59a2_inv1.als","socialMedia","CORRECT","inv1","inv1","inv1c","student-oracle-raw-ast-identical"
"socialMedia/correct/uwMmJw8fc9hJykcQ5_inv5.als","socialMedia","CORRECT","inv5","inv5","inv5c","student-oracle-raw-ast-identical"
"socialMedia/correct/vAakEitTRNJJYKWtC_inv1.als","socialMedia","CORRECT","inv1","inv1","inv1c","student-oracle-raw-ast-identical"
"socialMedia/correct/vCapw3K2uNrpSajjY_inv1.als","socialMedia","CORRECT","inv1","inv1","inv1c","student-oracle-raw-ast-identical"
"socialMedia/correct/vHmmexZpiQ6LRvvNv_inv7.als","socialMedia","CORRECT","inv7","inv7","inv7c","student-oracle-raw-ast-identical"
"socialMedia/correct/vX7dgEHioYQc7vnYA_inv5.als","socialMedia","CORRECT","inv5","inv5","inv5c","student-oracle-raw-ast-identical"
"socialMedia/correct/vj4rQNWiaFtgt7dRQ_inv1.als","socialMedia","CORRECT","inv1","inv1","inv1c","student-oracle-raw-ast-identical"
"socialMedia/correct/vrRSWf5nCCW6gTY87_inv1.als","socialMedia","CORRECT","inv1","inv1","inv1c","student-oracle-raw-ast-identical"
"socialMedia/correct/vxBpTwq58Cb9duKCX_inv1.als","socialMedia","CORRECT","inv1","inv1","inv1c","student-oracle-raw-ast-identical"
"socialMedia/correct/w2ej5zF93Wv6NPAfG_inv1.als","socialMedia","CORRECT","inv1","inv1","inv1c","student-oracle-raw-ast-identical"
"socialMedia/correct/wJznpvzXvXHJugNkb_inv1.als","socialMedia","CORRECT","inv1","inv1","inv1c","student-oracle-raw-ast-identical"
"socialMedia/correct/wRJ6sHCmYYpdR9wG5_inv7.als","socialMedia","CORRECT","inv7","inv7","inv7c","student-oracle-raw-ast-identical"
"socialMedia/correct/wTcRp2i8kqMm265aw_inv1.als","socialMedia","CORRECT","inv1","inv1","inv1c","student-oracle-raw-ast-identical"
"socialMedia/correct/wekdk3AM9hHc9F5QH_inv5.als","socialMedia","CORRECT","inv5","inv5","inv5c","student-oracle-raw-ast-identical"
"socialMedia/correct/wg9GWqaz9QiobX7PX_inv1.als","socialMedia","CORRECT","inv1","inv1","inv1c","student-oracle-raw-ast-identical"
"socialMedia/correct/wpunx9Xa9yvXNj92F_inv1.als","socialMedia","CORRECT","inv1","inv1","inv1c","student-oracle-raw-ast-identical"
"socialMedia/correct/wpz5NF9cLN3SdpieA_inv1.als","socialMedia","CORRECT","inv1","inv1","inv1c","student-oracle-raw-ast-identical"
"socialMedia/correct/wwBbSdoF7d4LuqL4L_inv1.als","socialMedia","CORRECT","inv1","inv1","inv1c","student-oracle-raw-ast-identical"
"socialMedia/correct/xBTYGtG3w6sZGNP4P_inv5.als","socialMedia","CORRECT","inv5","inv5","inv5c","student-oracle-raw-ast-identical"
"socialMedia/correct/xYNvWdEaRvdMfAQnY_inv1.als","socialMedia","CORRECT","inv1","inv1","inv1c","student-oracle-raw-ast-identical"
"socialMedia/correct/xZBHkstadAqcprx9h_inv7.als","socialMedia","CORRECT","inv7","inv7","inv7c","student-oracle-raw-ast-identical"
"socialMedia/correct/xqt97YMRRRxGR9yo3_inv7.als","socialMedia","CORRECT","inv7","inv7","inv7c","student-oracle-raw-ast-identical"
"socialMedia/correct/xvRTrEdierAY8QeHL_inv1.als","socialMedia","CORRECT","inv1","inv1","inv1c","student-oracle-raw-ast-identical"
"socialMedia/correct/xwhosQmfbwBf6gQMm_inv5.als","socialMedia","CORRECT","inv5","inv5","inv5c","student-oracle-raw-ast-identical"
"socialMedia/correct/y7JJtocLYzjc3KCRr_inv1.als","socialMedia","CORRECT","inv1","inv1","inv1c","student-oracle-raw-ast-identical"
"socialMedia/correct/y7dg7LiFbo5S9vJ7E_inv1.als","socialMedia","CORRECT","inv1","inv1","inv1c","student-oracle-raw-ast-identical"
"socialMedia/correct/yDQ2dNKLz2LrwFR2o_inv1.als","socialMedia","CORRECT","inv1","inv1","inv1c","student-oracle-raw-ast-identical"
"socialMedia/correct/yH7yfs8wHiKwk4QvE_inv7.als","socialMedia","CORRECT","inv7","inv7","inv7c","student-oracle-raw-ast-identical"
"socialMedia/correct/ycPWtQtFrqKvsn9eQ_inv1.als","socialMedia","CORRECT","inv1","inv1","inv1c","student-oracle-raw-ast-identical"
"socialMedia/correct/ydvCbvYTn89BhFcwg_inv1.als","socialMedia","CORRECT","inv1","inv1","inv1c","student-oracle-raw-ast-identical"
"socialMedia/correct/yfGdfiswdrsyZiuDu_inv1.als","socialMedia","CORRECT","inv1","inv1","inv1c","student-oracle-raw-ast-identical"
"socialMedia/correct/yjFbnJTgYunP5xMkw_inv1.als","socialMedia","CORRECT","inv1","inv1","inv1c","student-oracle-raw-ast-identical"
"socialMedia/correct/ykQn73Jv72SFNnr8W_inv1.als","socialMedia","CORRECT","inv1","inv1","inv1c","student-oracle-raw-ast-identical"
"socialMedia/correct/ykZx4B7oNTsqbNKmq_inv1.als","socialMedia","CORRECT","inv1","inv1","inv1c","student-oracle-raw-ast-identical"
"socialMedia/correct/z3FosmrqERYh856zF_inv1.als","socialMedia","CORRECT","inv1","inv1","inv1c","student-oracle-raw-ast-identical"
"socialMedia/correct/zKDPykJpAN5T9z9DW_inv1.als","socialMedia","CORRECT","inv1","inv1","inv1c","student-oracle-raw-ast-identical"
"socialMedia/correct/zPd3eSQqYYR8fgxcf_inv7.als","socialMedia","CORRECT","inv7","inv7","inv7c","student-oracle-raw-ast-identical"
"socialMedia/correct/zQLvdqJzFTRnLkjst_inv1.als","socialMedia","CORRECT","inv1","inv1","inv1c","student-oracle-raw-ast-identical"
"socialMedia/correct/zY3i3pYYBypqiTits_inv1.als","socialMedia","CORRECT","inv1","inv1","inv1c","student-oracle-raw-ast-identical"
"socialMedia/correct/zfcaGNQHzwLRHLfCN_inv1.als","socialMedia","CORRECT","inv1","inv1","inv1c","student-oracle-raw-ast-identical"
"socialMedia/correct/zgETTTzpRGethPHFc_inv1.als","socialMedia","CORRECT","inv1","inv1","inv1c","student-oracle-raw-ast-identical"
"socialMedia/correct/znKufdnsEAE9vCqBr_inv1.als","socialMedia","CORRECT","inv1","inv1","inv1c","student-oracle-raw-ast-identical"
"trainStationNew/correct/2dP8MtGjzhGJbwhHT_inv3.als","trainStationNew","CORRECT","inv3","inv3","inv3c","student-oracle-raw-ast-identical"
"trainStationNew/correct/2g6RtBS5roH7mJ2Mg_inv2.als","trainStationNew","CORRECT","inv2","inv2","inv2c","student-oracle-raw-ast-identical"
"trainStationNew/correct/2kKYMHKoAcypAPE2Q_inv1.als","trainStationNew","CORRECT","inv1","inv1","inv1c","student-oracle-raw-ast-identical"
"trainStationNew/correct/3LBtkdDfhXGm8jtqi_inv1.als","trainStationNew","CORRECT","inv1","inv1","inv1c","student-oracle-raw-ast-identical"
"trainStationNew/correct/3NYP5srKsiFCPv5eu_inv4.als","trainStationNew","CORRECT","inv4","inv4","inv4c","student-oracle-raw-ast-identical"
"trainStationNew/correct/3cDhPeB9FtieFLnbp_inv2.als","trainStationNew","CORRECT","inv2","inv2","inv2c","student-oracle-raw-ast-identical"
"trainStationNew/correct/3ppfBpB82nsEs9Zn5_inv3.als","trainStationNew","CORRECT","inv3","inv3","inv3c","student-oracle-raw-ast-identical"
"trainStationNew/correct/43Gtqk4pMN7oqHepv_inv2.als","trainStationNew","CORRECT","inv2","inv2","inv2c","student-oracle-raw-ast-identical"
"trainStationNew/correct/4T54QLgRdyzEHZpt9_inv1.als","trainStationNew","CORRECT","inv1","inv1","inv1c","student-oracle-raw-ast-identical"
"trainStationNew/correct/4cKYg8qWbiNWkMggg_inv1.als","trainStationNew","CORRECT","inv1","inv1","inv1c","student-oracle-raw-ast-identical"
"trainStationNew/correct/4ejQBg9q4HchMppoA_inv2.als","trainStationNew","CORRECT","inv2","inv2","inv2c","student-oracle-raw-ast-identical"
"trainStationNew/correct/4qmaxtbfgk53vyLtP_inv4.als","trainStationNew","CORRECT","inv4","inv4","inv4c","student-oracle-raw-ast-identical"
"trainStationNew/correct/57BRJ2hRYAyCBgR79_inv3.als","trainStationNew","CORRECT","inv3","inv3","inv3c","student-oracle-raw-ast-identical"
"trainStationNew/correct/5B2FzipX9QxqeJ3rx_inv3.als","trainStationNew","CORRECT","inv3","inv3","inv3c","student-oracle-raw-ast-identical"
"trainStationNew/correct/5REENM74TufF2gDyc_inv4.als","trainStationNew","CORRECT","inv4","inv4","inv4c","student-oracle-raw-ast-identical"
"trainStationNew/correct/5qkwtkrJ67pSTJsiQ_inv1.als","trainStationNew","CORRECT","inv1","inv1","inv1c","student-oracle-raw-ast-identical"
"trainStationNew/correct/5ruaF5khm5GGzJFCd_inv2.als","trainStationNew","CORRECT","inv2","inv2","inv2c","student-oracle-raw-ast-identical"
"trainStationNew/correct/5tqsxfGfSXmSf9GcR_inv1.als","trainStationNew","CORRECT","inv1","inv1","inv1c","student-oracle-raw-ast-identical"
"trainStationNew/correct/5yFYnCC4He7MGamRf_inv3.als","trainStationNew","CORRECT","inv3","inv3","inv3c","student-oracle-raw-ast-identical"
"trainStationNew/correct/6FCvgPnv6jFf9z6aC_inv4.als","trainStationNew","CORRECT","inv4","inv4","inv4c","student-oracle-raw-ast-identical"
"trainStationNew/correct/6Jba8rTniC79BTK87_inv3.als","trainStationNew","CORRECT","inv3","inv3","inv3c","student-oracle-raw-ast-identical"
"trainStationNew/correct/6La23KocmwziSiRbj_inv2.als","trainStationNew","CORRECT","inv2","inv2","inv2c","student-oracle-raw-ast-identical"
"trainStationNew/correct/6i5htmArQBfGFWbTh_inv1.als","trainStationNew","CORRECT","inv1","inv1","inv1c","student-oracle-raw-ast-identical"
"trainStationNew/correct/6kKfZHHarQKqqAoLM_inv2.als","trainStationNew","CORRECT","inv2","inv2","inv2c","student-oracle-raw-ast-identical"
"trainStationNew/correct/6wpxtmTDRMZmPoMMT_inv2.als","trainStationNew","CORRECT","inv2","inv2","inv2c","student-oracle-raw-ast-identical"
"trainStationNew/correct/7XADajAAyCD99httL_inv1.als","trainStationNew","CORRECT","inv1","inv1","inv1c","student-oracle-raw-ast-identical"
"trainStationNew/correct/7hz2A7xLf5sH3tBaf_inv4.als","trainStationNew","CORRECT","inv4","inv4","inv4c","student-oracle-raw-ast-identical"
"trainStationNew/correct/89ST2sRhrLgtiSDfs_inv9.als","trainStationNew","CORRECT","inv9","inv9","inv9c","student-oracle-raw-ast-identical"
"trainStationNew/correct/8DRTeENQykYoGDyrp_inv1.als","trainStationNew","CORRECT","inv1","inv1","inv1c","student-oracle-raw-ast-identical"
"trainStationNew/correct/8HG3yhewHjwNenSCR_inv1.als","trainStationNew","CORRECT","inv1","inv1","inv1c","student-oracle-raw-ast-identical"
"trainStationNew/correct/8HoG7wRbXrfXckbh5_inv4.als","trainStationNew","CORRECT","inv4","inv4","inv4c","student-oracle-raw-ast-identical"
"trainStationNew/correct/8Mpt2qndGX6C7ppPH_inv1.als","trainStationNew","CORRECT","inv1","inv1","inv1c","student-oracle-raw-ast-identical"
"trainStationNew/correct/8Sohmcr3GKdAzM2ft_inv3.als","trainStationNew","CORRECT","inv3","inv3","inv3c","student-oracle-raw-ast-identical"
"trainStationNew/correct/8oBfqpHwWgDfxSSaH_inv1.als","trainStationNew","CORRECT","inv1","inv1","inv1c","student-oracle-raw-ast-identical"
"trainStationNew/correct/8pHGtyNybZAkPrQk8_inv3.als","trainStationNew","CORRECT","inv3","inv3","inv3c","student-oracle-raw-ast-identical"
"trainStationNew/correct/8uDC4eemdkbmhr4tY_inv2.als","trainStationNew","CORRECT","inv2","inv2","inv2c","student-oracle-raw-ast-identical"
"trainStationNew/correct/95ZaCqGbHsFcEKXR7_inv2.als","trainStationNew","CORRECT","inv2","inv2","inv2c","student-oracle-raw-ast-identical"
"trainStationNew/correct/9ZxDY8Ym5Sk6Zsqtw_inv1.als","trainStationNew","CORRECT","inv1","inv1","inv1c","student-oracle-raw-ast-identical"
"trainStationNew/correct/9dhRHCyBQhFEFC2rr_inv4.als","trainStationNew","CORRECT","inv4","inv4","inv4c","student-oracle-raw-ast-identical"
"trainStationNew/correct/9e7HhF2DX5Kw6hpxT_inv1.als","trainStationNew","CORRECT","inv1","inv1","inv1c","student-oracle-raw-ast-identical"
"trainStationNew/correct/9fYsCcJmXAJNbQoRd_inv3.als","trainStationNew","CORRECT","inv3","inv3","inv3c","student-oracle-raw-ast-identical"
"trainStationNew/correct/9uvRQfKCAoKfTjiTo_inv2.als","trainStationNew","CORRECT","inv2","inv2","inv2c","student-oracle-raw-ast-identical"
"trainStationNew/correct/A6FYX55FWEiihtrsi_inv9.als","trainStationNew","CORRECT","inv9","inv9","inv9c","student-oracle-raw-ast-identical"
"trainStationNew/correct/AFwCu8YC8jNqSezq4_inv3.als","trainStationNew","CORRECT","inv3","inv3","inv3c","student-oracle-raw-ast-identical"
"trainStationNew/correct/AnQuGm7dFJbXZHgTe_inv4.als","trainStationNew","CORRECT","inv4","inv4","inv4c","student-oracle-raw-ast-identical"
"trainStationNew/correct/Ap2eavCSYLi3Cwptv_inv1.als","trainStationNew","CORRECT","inv1","inv1","inv1c","student-oracle-raw-ast-identical"
"trainStationNew/correct/B2xJA2T7A7xTsgeAg_inv1.als","trainStationNew","CORRECT","inv1","inv1","inv1c","student-oracle-raw-ast-identical"
"trainStationNew/correct/BEWhgWkpn3SqWHKw8_inv3.als","trainStationNew","CORRECT","inv3","inv3","inv3c","student-oracle-raw-ast-identical"
"trainStationNew/correct/BHesBAPTmWhGPxxPu_inv1.als","trainStationNew","CORRECT","inv1","inv1","inv1c","student-oracle-raw-ast-identical"
"trainStationNew/correct/BZRY9mrjvxiYt9Je8_inv1.als","trainStationNew","CORRECT","inv1","inv1","inv1c","student-oracle-raw-ast-identical"
"trainStationNew/correct/BdQysGGdXDJyqEZ22_inv2.als","trainStationNew","CORRECT","inv2","inv2","inv2c","student-oracle-raw-ast-identical"
"trainStationNew/correct/BiyhtfQafunit94Mu_inv1.als","trainStationNew","CORRECT","inv1","inv1","inv1c","student-oracle-raw-ast-identical"
"trainStationNew/correct/BmmAahmmHu8YihGrJ_inv1.als","trainStationNew","CORRECT","inv1","inv1","inv1c","student-oracle-raw-ast-identical"
"trainStationNew/correct/Bny5FrfuEHC3mQByi_inv1.als","trainStationNew","CORRECT","inv1","inv1","inv1c","student-oracle-raw-ast-identical"
"trainStationNew/correct/BqRzRhGkQksZt9B3f_inv3.als","trainStationNew","CORRECT","inv3","inv3","inv3c","student-oracle-raw-ast-identical"
"trainStationNew/correct/BznPJNZzTmuCDeBPt_inv2.als","trainStationNew","CORRECT","inv2","inv2","inv2c","student-oracle-raw-ast-identical"
"trainStationNew/correct/C24z8NDMCtfLmcqbK_inv1.als","trainStationNew","CORRECT","inv1","inv1","inv1c","student-oracle-raw-ast-identical"
"trainStationNew/correct/C4LCuLPajr5sYyJde_inv4.als","trainStationNew","CORRECT","inv4","inv4","inv4c","student-oracle-raw-ast-identical"
"trainStationNew/correct/CieorkNWuzueaB3JK_inv9.als","trainStationNew","CORRECT","inv9","inv9","inv9c","student-oracle-raw-ast-identical"
"trainStationNew/correct/CoryWBJcg6Tyudbzx_inv9.als","trainStationNew","CORRECT","inv9","inv9","inv9c","student-oracle-raw-ast-identical"
"trainStationNew/correct/CqtrBHCwsZqYPKv3i_inv1.als","trainStationNew","CORRECT","inv1","inv1","inv1c","student-oracle-raw-ast-identical"
"trainStationNew/correct/CyWkQngjdxZMTedJm_inv2.als","trainStationNew","CORRECT","inv2","inv2","inv2c","student-oracle-raw-ast-identical"
"trainStationNew/correct/DAZbxBzkDtX2coWtT_inv4.als","trainStationNew","CORRECT","inv4","inv4","inv4c","student-oracle-raw-ast-identical"
"trainStationNew/correct/Doz34vTb7Qv65XEx3_inv1.als","trainStationNew","CORRECT","inv1","inv1","inv1c","student-oracle-raw-ast-identical"
"trainStationNew/correct/EBoGXLbmGkicwD4iM_inv2.als","trainStationNew","CORRECT","inv2","inv2","inv2c","student-oracle-raw-ast-identical"
"trainStationNew/correct/ELLP5qF6pxKpEuj3H_inv1.als","trainStationNew","CORRECT","inv1","inv1","inv1c","student-oracle-raw-ast-identical"
"trainStationNew/correct/EiTdMRJ9F3fh4EdFX_inv1.als","trainStationNew","CORRECT","inv1","inv1","inv1c","student-oracle-raw-ast-identical"
"trainStationNew/correct/F7ta4GrzfWbhubjaz_inv3.als","trainStationNew","CORRECT","inv3","inv3","inv3c","student-oracle-raw-ast-identical"
"trainStationNew/correct/FFvQniXoTnqYAK95q_inv2.als","trainStationNew","CORRECT","inv2","inv2","inv2c","student-oracle-raw-ast-identical"
"trainStationNew/correct/FJcWdWKde929DuokN_inv1.als","trainStationNew","CORRECT","inv1","inv1","inv1c","student-oracle-raw-ast-identical"
"trainStationNew/correct/FSTzcjoj2MtAhJj7p_inv9.als","trainStationNew","CORRECT","inv9","inv9","inv9c","student-oracle-raw-ast-identical"
"trainStationNew/correct/FaQgrwszgmSCLS85q_inv1.als","trainStationNew","CORRECT","inv1","inv1","inv1c","student-oracle-raw-ast-identical"
"trainStationNew/correct/FtKS5aWaXsAuSPpAS_inv1.als","trainStationNew","CORRECT","inv1","inv1","inv1c","student-oracle-raw-ast-identical"
"trainStationNew/correct/G5MdzNRLkMLjWBHtF_inv2.als","trainStationNew","CORRECT","inv2","inv2","inv2c","student-oracle-raw-ast-identical"
"trainStationNew/correct/G5phx7FBbWPs3zwNW_inv1.als","trainStationNew","CORRECT","inv1","inv1","inv1c","student-oracle-raw-ast-identical"
"trainStationNew/correct/G6HRADGF84ABo9z95_inv1.als","trainStationNew","CORRECT","inv1","inv1","inv1c","student-oracle-raw-ast-identical"
"trainStationNew/correct/G9des3ZmXHaBuKxQT_inv2.als","trainStationNew","CORRECT","inv2","inv2","inv2c","student-oracle-raw-ast-identical"
"trainStationNew/correct/GCv4wRc4BxdTLpYGn_inv1.als","trainStationNew","CORRECT","inv1","inv1","inv1c","student-oracle-raw-ast-identical"
"trainStationNew/correct/GPAc68H6WYoRsfgHz_inv1.als","trainStationNew","CORRECT","inv1","inv1","inv1c","student-oracle-raw-ast-identical"
"trainStationNew/correct/GRvBxyNb5oRuLTmk6_inv1.als","trainStationNew","CORRECT","inv1","inv1","inv1c","student-oracle-raw-ast-identical"
"trainStationNew/correct/GTrJTxZihDwmcJWgQ_inv9.als","trainStationNew","CORRECT","inv9","inv9","inv9c","student-oracle-raw-ast-identical"
"trainStationNew/correct/Gku6SNYx8cQss3Jeg_inv2.als","trainStationNew","CORRECT","inv2","inv2","inv2c","student-oracle-raw-ast-identical"
"trainStationNew/correct/Gm4d6kRJCcys36q2m_inv1.als","trainStationNew","CORRECT","inv1","inv1","inv1c","student-oracle-raw-ast-identical"
"trainStationNew/correct/GpeqiTHM538r4ScLH_inv2.als","trainStationNew","CORRECT","inv2","inv2","inv2c","student-oracle-raw-ast-identical"
"trainStationNew/correct/GtKh8cSbAtmuNRrDY_inv2.als","trainStationNew","CORRECT","inv2","inv2","inv2c","student-oracle-raw-ast-identical"
"trainStationNew/correct/GucRS2F8RpWdHmTJB_inv1.als","trainStationNew","CORRECT","inv1","inv1","inv1c","student-oracle-raw-ast-identical"
"trainStationNew/correct/H7QwddBfwvxBTwx5k_inv1.als","trainStationNew","CORRECT","inv1","inv1","inv1c","student-oracle-raw-ast-identical"
"trainStationNew/correct/HEvPqChMMHKmn3zuz_inv9.als","trainStationNew","CORRECT","inv9","inv9","inv9c","student-oracle-raw-ast-identical"
"trainStationNew/correct/HQRQ698MbC7fXnfZh_inv1.als","trainStationNew","CORRECT","inv1","inv1","inv1c","student-oracle-raw-ast-identical"
"trainStationNew/correct/HSNbtwSx9hsuo3Kc9_inv2.als","trainStationNew","CORRECT","inv2","inv2","inv2c","student-oracle-raw-ast-identical"
"trainStationNew/correct/HTLcouSqSv56ZJvYY_inv4.als","trainStationNew","CORRECT","inv4","inv4","inv4c","student-oracle-raw-ast-identical"
"trainStationNew/correct/Ha3JCDQZZpHy9F6tm_inv2.als","trainStationNew","CORRECT","inv2","inv2","inv2c","student-oracle-raw-ast-identical"
"trainStationNew/correct/J4R7eFtX7ZJZB9xdK_inv1.als","trainStationNew","CORRECT","inv1","inv1","inv1c","student-oracle-raw-ast-identical"
"trainStationNew/correct/J6zM6sSTXZcXbL2iD_inv3.als","trainStationNew","CORRECT","inv3","inv3","inv3c","student-oracle-raw-ast-identical"
"trainStationNew/correct/JLHKvo6igQE8AMmET_inv2.als","trainStationNew","CORRECT","inv2","inv2","inv2c","student-oracle-raw-ast-identical"
"trainStationNew/correct/JQWgAYP7E3b8T8TBt_inv3.als","trainStationNew","CORRECT","inv3","inv3","inv3c","student-oracle-raw-ast-identical"
"trainStationNew/correct/Ja6XSZfH8eFgWRgof_inv2.als","trainStationNew","CORRECT","inv2","inv2","inv2c","student-oracle-raw-ast-identical"
"trainStationNew/correct/KEbQKgQj2zNaqJGFK_inv2.als","trainStationNew","CORRECT","inv2","inv2","inv2c","student-oracle-raw-ast-identical"
"trainStationNew/correct/KGihAyEGeZkxEG5q7_inv1.als","trainStationNew","CORRECT","inv1","inv1","inv1c","student-oracle-raw-ast-identical"
"trainStationNew/correct/KjbGo4e2A2Dqo5mpC_inv2.als","trainStationNew","CORRECT","inv2","inv2","inv2c","student-oracle-raw-ast-identical"
"trainStationNew/correct/KmmPF85YD2jkvnmDj_inv4.als","trainStationNew","CORRECT","inv4","inv4","inv4c","student-oracle-raw-ast-identical"
"trainStationNew/correct/L6AA5LxgTEW6ag9Cp_inv2.als","trainStationNew","CORRECT","inv2","inv2","inv2c","student-oracle-raw-ast-identical"
"trainStationNew/correct/L93E9RD3TRZdobmD9_inv4.als","trainStationNew","CORRECT","inv4","inv4","inv4c","student-oracle-raw-ast-identical"
"trainStationNew/correct/LByzaL6i59aaDsdpQ_inv1.als","trainStationNew","CORRECT","inv1","inv1","inv1c","student-oracle-raw-ast-identical"
"trainStationNew/correct/LTH9md6aTn4cZCJmx_inv4.als","trainStationNew","CORRECT","inv4","inv4","inv4c","student-oracle-raw-ast-identical"
"trainStationNew/correct/LTheNqeeDGT5esFTF_inv4.als","trainStationNew","CORRECT","inv4","inv4","inv4c","student-oracle-raw-ast-identical"
"trainStationNew/correct/Lxy4w2Cn8KnKCyfGb_inv1.als","trainStationNew","CORRECT","inv1","inv1","inv1c","student-oracle-raw-ast-identical"
"trainStationNew/correct/Lyi2eYwZadgf3JzGa_inv1.als","trainStationNew","CORRECT","inv1","inv1","inv1c","student-oracle-raw-ast-identical"
"trainStationNew/correct/LypKB7cFzeC8F9bZ5_inv1.als","trainStationNew","CORRECT","inv1","inv1","inv1c","student-oracle-raw-ast-identical"
"trainStationNew/correct/MADTkHFdDfMxhe3ju_inv1.als","trainStationNew","CORRECT","inv1","inv1","inv1c","student-oracle-raw-ast-identical"
"trainStationNew/correct/MARo7HGgqF6qdC3qE_inv6.als","trainStationNew","CORRECT","inv6","inv6","inv6c","student-oracle-raw-ast-identical"
"trainStationNew/correct/MN6YQ4yHQ8gipkNk7_inv3.als","trainStationNew","CORRECT","inv3","inv3","inv3c","student-oracle-raw-ast-identical"
"trainStationNew/correct/MScfH5eiqGnAa3dRk_inv2.als","trainStationNew","CORRECT","inv2","inv2","inv2c","student-oracle-raw-ast-identical"
"trainStationNew/correct/MWH457AvFQWnhM25y_inv1.als","trainStationNew","CORRECT","inv1","inv1","inv1c","student-oracle-raw-ast-identical"
"trainStationNew/correct/MbbFNFF6GSeYcmPLi_inv2.als","trainStationNew","CORRECT","inv2","inv2","inv2c","student-oracle-raw-ast-identical"
"trainStationNew/correct/Mbh2foBaiNyJE4HLP_inv2.als","trainStationNew","CORRECT","inv2","inv2","inv2c","student-oracle-raw-ast-identical"
"trainStationNew/correct/MfqyTQHSGkxS2Tzny_inv1.als","trainStationNew","CORRECT","inv1","inv1","inv1c","student-oracle-raw-ast-identical"
"trainStationNew/correct/MfrK2gojq3otBdwvL_inv1.als","trainStationNew","CORRECT","inv1","inv1","inv1c","student-oracle-raw-ast-identical"
"trainStationNew/correct/MmQxeSemcErx2z267_inv1.als","trainStationNew","CORRECT","inv1","inv1","inv1c","student-oracle-raw-ast-identical"
"trainStationNew/correct/N7mMx5qBpDw8swEXQ_inv1.als","trainStationNew","CORRECT","inv1","inv1","inv1c","student-oracle-raw-ast-identical"
"trainStationNew/correct/NATP3Rktisa43PuGk_inv2.als","trainStationNew","CORRECT","inv2","inv2","inv2c","student-oracle-raw-ast-identical"
"trainStationNew/correct/NMZoWYPitC6QuZZKB_inv1.als","trainStationNew","CORRECT","inv1","inv1","inv1c","student-oracle-raw-ast-identical"
"trainStationNew/correct/NN3WqM5KyN4RTfPsk_inv3.als","trainStationNew","CORRECT","inv3","inv3","inv3c","student-oracle-raw-ast-identical"
"trainStationNew/correct/PBfM72ep2yac844HF_inv3.als","trainStationNew","CORRECT","inv3","inv3","inv3c","student-oracle-raw-ast-identical"
"trainStationNew/correct/PPqiY4wMwRfpQohZf_inv4.als","trainStationNew","CORRECT","inv4","inv4","inv4c","student-oracle-raw-ast-identical"
"trainStationNew/correct/PQzTxeCFKwvdGCmAD_inv1.als","trainStationNew","CORRECT","inv1","inv1","inv1c","student-oracle-raw-ast-identical"
"trainStationNew/correct/PWoYJiBTo5hg6y7XM_inv9.als","trainStationNew","CORRECT","inv9","inv9","inv9c","student-oracle-raw-ast-identical"
"trainStationNew/correct/PqpPphSykSStFPwtg_inv2.als","trainStationNew","CORRECT","inv2","inv2","inv2c","student-oracle-raw-ast-identical"
"trainStationNew/correct/Q8g7y2EEmpyyPGKRc_inv9.als","trainStationNew","CORRECT","inv9","inv9","inv9c","student-oracle-raw-ast-identical"
"trainStationNew/correct/QFNgvQ9tRRXxfcmyK_inv1.als","trainStationNew","CORRECT","inv1","inv1","inv1c","student-oracle-raw-ast-identical"
"trainStationNew/correct/QTFczAiqyEFTejenp_inv3.als","trainStationNew","CORRECT","inv3","inv3","inv3c","student-oracle-raw-ast-identical"
"trainStationNew/correct/QZb2q5ggqFa9o4mwm_inv1.als","trainStationNew","CORRECT","inv1","inv1","inv1c","student-oracle-raw-ast-identical"
"trainStationNew/correct/QZtjSQBRfabx7fFkQ_inv4.als","trainStationNew","CORRECT","inv4","inv4","inv4c","student-oracle-raw-ast-identical"
"trainStationNew/correct/QoX6khKgPEGetDcbj_inv1.als","trainStationNew","CORRECT","inv1","inv1","inv1c","student-oracle-raw-ast-identical"
"trainStationNew/correct/QqZjN3eTYX4ASLmm5_inv4.als","trainStationNew","CORRECT","inv4","inv4","inv4c","student-oracle-raw-ast-identical"
"trainStationNew/correct/QvYYHThdH8PyH6FtF_inv1.als","trainStationNew","CORRECT","inv1","inv1","inv1c","student-oracle-raw-ast-identical"
"trainStationNew/correct/Qw3TXSrksF5TyGo7h_inv2.als","trainStationNew","CORRECT","inv2","inv2","inv2c","student-oracle-raw-ast-identical"
"trainStationNew/correct/R4jHoc7qvZ9jQgDam_inv1.als","trainStationNew","CORRECT","inv1","inv1","inv1c","student-oracle-raw-ast-identical"
"trainStationNew/correct/R7HSZZ7zwrAmvWsuR_inv4.als","trainStationNew","CORRECT","inv4","inv4","inv4c","student-oracle-raw-ast-identical"
"trainStationNew/correct/RFmWtQvYiNwP8pCv7_inv3.als","trainStationNew","CORRECT","inv3","inv3","inv3c","student-oracle-raw-ast-identical"
"trainStationNew/correct/RZeNzk3ytpYpS5mAi_inv2.als","trainStationNew","CORRECT","inv2","inv2","inv2c","student-oracle-raw-ast-identical"
"trainStationNew/correct/RaPK98cCiXyQkPLAS_inv4.als","trainStationNew","CORRECT","inv4","inv4","inv4c","student-oracle-raw-ast-identical"
"trainStationNew/correct/RcEnvPHMghFYMhtte_inv9.als","trainStationNew","CORRECT","inv9","inv9","inv9c","student-oracle-raw-ast-identical"
"trainStationNew/correct/RoBd9pSCPdo6umFhc_inv1.als","trainStationNew","CORRECT","inv1","inv1","inv1c","student-oracle-raw-ast-identical"
"trainStationNew/correct/S4xMyGNES8vyHM2wd_inv9.als","trainStationNew","CORRECT","inv9","inv9","inv9c","student-oracle-raw-ast-identical"
"trainStationNew/correct/SASN6xJ7sC6CeKMAK_inv1.als","trainStationNew","CORRECT","inv1","inv1","inv1c","student-oracle-raw-ast-identical"
"trainStationNew/correct/Sd2MzLTnsKpnfYQdP_inv2.als","trainStationNew","CORRECT","inv2","inv2","inv2c","student-oracle-raw-ast-identical"
"trainStationNew/correct/SfztfTpnzN34NimCk_inv2.als","trainStationNew","CORRECT","inv2","inv2","inv2c","student-oracle-raw-ast-identical"
"trainStationNew/correct/Smb6TatghQFFmmiYf_inv2.als","trainStationNew","CORRECT","inv2","inv2","inv2c","student-oracle-raw-ast-identical"
"trainStationNew/correct/SrXFWRpxPuGsxq5XJ_inv2.als","trainStationNew","CORRECT","inv2","inv2","inv2c","student-oracle-raw-ast-identical"
"trainStationNew/correct/Syp9zwfu488tzwdHp_inv3.als","trainStationNew","CORRECT","inv3","inv3","inv3c","student-oracle-raw-ast-identical"
"trainStationNew/correct/T2tGxBa77YEFK2Rk9_inv3.als","trainStationNew","CORRECT","inv3","inv3","inv3c","student-oracle-raw-ast-identical"
"trainStationNew/correct/T7gnL8Lf7MptJ3m8v_inv9.als","trainStationNew","CORRECT","inv9","inv9","inv9c","student-oracle-raw-ast-identical"
"trainStationNew/correct/TBoGCy8XLarBGQYk6_inv3.als","trainStationNew","CORRECT","inv3","inv3","inv3c","student-oracle-raw-ast-identical"
"trainStationNew/correct/TCwHYJswR7guyoCgn_inv1.als","trainStationNew","CORRECT","inv1","inv1","inv1c","student-oracle-raw-ast-identical"
"trainStationNew/correct/TDQ6fvMAxTBrisGXs_inv2.als","trainStationNew","CORRECT","inv2","inv2","inv2c","student-oracle-raw-ast-identical"
"trainStationNew/correct/TDex5FbCGWBzaYAbB_inv3.als","trainStationNew","CORRECT","inv3","inv3","inv3c","student-oracle-raw-ast-identical"
"trainStationNew/correct/TX5Fp7Dn8rifXbW8s_inv2.als","trainStationNew","CORRECT","inv2","inv2","inv2c","student-oracle-raw-ast-identical"
"trainStationNew/correct/Tk8RDS5ukQPNa9pCm_inv1.als","trainStationNew","CORRECT","inv1","inv1","inv1c","student-oracle-raw-ast-identical"
"trainStationNew/correct/TkoDvpzZgMjT495Bb_inv1.als","trainStationNew","CORRECT","inv1","inv1","inv1c","student-oracle-raw-ast-identical"
"trainStationNew/correct/TzpegwwbNhr8zGmHq_inv1.als","trainStationNew","CORRECT","inv1","inv1","inv1c","student-oracle-raw-ast-identical"
"trainStationNew/correct/WKdm9tt6XLaRg7sBL_inv2.als","trainStationNew","CORRECT","inv2","inv2","inv2c","student-oracle-raw-ast-identical"
"trainStationNew/correct/WPimeT4TEwYJZqPQ6_inv4.als","trainStationNew","CORRECT","inv4","inv4","inv4c","student-oracle-raw-ast-identical"
"trainStationNew/correct/WnQcaeKSTRGvqtNe5_inv3.als","trainStationNew","CORRECT","inv3","inv3","inv3c","student-oracle-raw-ast-identical"
"trainStationNew/correct/X4oT8L3umYu99a2dj_inv3.als","trainStationNew","CORRECT","inv3","inv3","inv3c","student-oracle-raw-ast-identical"
"trainStationNew/correct/X9MNcNGtBZovS7vtq_inv9.als","trainStationNew","CORRECT","inv9","inv9","inv9c","student-oracle-raw-ast-identical"
"trainStationNew/correct/XFo75L2cMjNi96dev_inv1.als","trainStationNew","CORRECT","inv1","inv1","inv1c","student-oracle-raw-ast-identical"
"trainStationNew/correct/XGHnrjFtqLgTqezmL_inv9.als","trainStationNew","CORRECT","inv9","inv9","inv9c","student-oracle-raw-ast-identical"
"trainStationNew/correct/XTk85a7z7Wrxzg7ux_inv1.als","trainStationNew","CORRECT","inv1","inv1","inv1c","student-oracle-raw-ast-identical"
"trainStationNew/correct/Xmpg3zakpg7oWGMcD_inv1.als","trainStationNew","CORRECT","inv1","inv1","inv1c","student-oracle-raw-ast-identical"
"trainStationNew/correct/YB9R2Atf6JMauX2CK_inv4.als","trainStationNew","CORRECT","inv4","inv4","inv4c","student-oracle-raw-ast-identical"
"trainStationNew/correct/YGTruZsR6M6QrExS7_inv3.als","trainStationNew","CORRECT","inv3","inv3","inv3c","student-oracle-raw-ast-identical"
"trainStationNew/correct/YJFvfv5zEWg8fFYkW_inv2.als","trainStationNew","CORRECT","inv2","inv2","inv2c","student-oracle-raw-ast-identical"
"trainStationNew/correct/YMqKMGa8ZK2MjQLJN_inv9.als","trainStationNew","CORRECT","inv9","inv9","inv9c","student-oracle-raw-ast-identical"
"trainStationNew/correct/YRQH3Hy5EeoD6KTiu_inv1.als","trainStationNew","CORRECT","inv1","inv1","inv1c","student-oracle-raw-ast-identical"
"trainStationNew/correct/YYtGApPoDBxTvv6e2_inv2.als","trainStationNew","CORRECT","inv2","inv2","inv2c","student-oracle-raw-ast-identical"
"trainStationNew/correct/YbFBfBm736M77jTwG_inv1.als","trainStationNew","CORRECT","inv1","inv1","inv1c","student-oracle-raw-ast-identical"
"trainStationNew/correct/YbXeQydJAYM5ScJui_inv3.als","trainStationNew","CORRECT","inv3","inv3","inv3c","student-oracle-raw-ast-identical"
"trainStationNew/correct/YeXBoGemgJqqzsnxq_inv2.als","trainStationNew","CORRECT","inv2","inv2","inv2c","student-oracle-raw-ast-identical"
"trainStationNew/correct/YgdfxYEX3fuZRkSvr_inv1.als","trainStationNew","CORRECT","inv1","inv1","inv1c","student-oracle-raw-ast-identical"
"trainStationNew/correct/Yuy9Mj6YQk5sMptuM_inv1.als","trainStationNew","CORRECT","inv1","inv1","inv1c","student-oracle-raw-ast-identical"
"trainStationNew/correct/ZFNtMYYzwKYdkHbGf_inv2.als","trainStationNew","CORRECT","inv2","inv2","inv2c","student-oracle-raw-ast-identical"
"trainStationNew/correct/ZKbmRsdubvm3AtHLA_inv2.als","trainStationNew","CORRECT","inv2","inv2","inv2c","student-oracle-raw-ast-identical"
"trainStationNew/correct/ZPAMwAY4yHe85w5Cf_inv1.als","trainStationNew","CORRECT","inv1","inv1","inv1c","student-oracle-raw-ast-identical"
"trainStationNew/correct/ZZyrxcmRFCruEre6P_inv3.als","trainStationNew","CORRECT","inv3","inv3","inv3c","student-oracle-raw-ast-identical"
"trainStationNew/correct/ZcwmXK9oqKnbxMKrp_inv1.als","trainStationNew","CORRECT","inv1","inv1","inv1c","student-oracle-raw-ast-identical"
"trainStationNew/correct/Zd7eThgkM65sWJHRf_inv2.als","trainStationNew","CORRECT","inv2","inv2","inv2c","student-oracle-raw-ast-identical"
"trainStationNew/correct/ZhtiYtk5RWMKWL8hK_inv1.als","trainStationNew","CORRECT","inv1","inv1","inv1c","student-oracle-raw-ast-identical"
"trainStationNew/correct/ZvTx7u3JS8fHbsobf_inv3.als","trainStationNew","CORRECT","inv3","inv3","inv3c","student-oracle-raw-ast-identical"
"trainStationNew/correct/a5ck7HdXuegQfw6r4_inv7.als","trainStationNew","CORRECT","inv7","inv7","inv7c","student-oracle-raw-ast-identical"
"trainStationNew/correct/aAwYPgc8s9c2gWg8g_inv2.als","trainStationNew","CORRECT","inv2","inv2","inv2c","student-oracle-raw-ast-identical"
"trainStationNew/correct/aCsxBewvP9Spjfu24_inv1.als","trainStationNew","CORRECT","inv1","inv1","inv1c","student-oracle-raw-ast-identical"
"trainStationNew/correct/aEE4AsWRuR6EQBkia_inv3.als","trainStationNew","CORRECT","inv3","inv3","inv3c","student-oracle-raw-ast-identical"
"trainStationNew/correct/aExDpy8Ky6GcNoe2o_inv2.als","trainStationNew","CORRECT","inv2","inv2","inv2c","student-oracle-raw-ast-identical"
"trainStationNew/correct/aJnnWWyiCWvwZNsdv_inv3.als","trainStationNew","CORRECT","inv3","inv3","inv3c","student-oracle-raw-ast-identical"
"trainStationNew/correct/aW84sthoYMFJ757DM_inv1.als","trainStationNew","CORRECT","inv1","inv1","inv1c","student-oracle-raw-ast-identical"
"trainStationNew/correct/accXkXQ7BkRNgL5m6_inv1.als","trainStationNew","CORRECT","inv1","inv1","inv1c","student-oracle-raw-ast-identical"
"trainStationNew/correct/agwwiehXNoAERQnNx_inv1.als","trainStationNew","CORRECT","inv1","inv1","inv1c","student-oracle-raw-ast-identical"
"trainStationNew/correct/b5iGrRB9LMcvPGZGT_inv3.als","trainStationNew","CORRECT","inv3","inv3","inv3c","student-oracle-raw-ast-identical"
"trainStationNew/correct/bFPq867t3PZqEZefC_inv8.als","trainStationNew","CORRECT","inv8","inv8","inv8c","student-oracle-raw-ast-identical"
"trainStationNew/correct/bGhWhWHAaCWya2KRq_inv1.als","trainStationNew","CORRECT","inv1","inv1","inv1c","student-oracle-raw-ast-identical"
"trainStationNew/correct/bQ4cPLKr7kstDsjmW_inv1.als","trainStationNew","CORRECT","inv1","inv1","inv1c","student-oracle-raw-ast-identical"
"trainStationNew/correct/bZ6PBR5HYcgiopCG2_inv1.als","trainStationNew","CORRECT","inv1","inv1","inv1c","student-oracle-raw-ast-identical"
"trainStationNew/correct/bc2wrCWh3AzKJS5u3_inv1.als","trainStationNew","CORRECT","inv1","inv1","inv1c","student-oracle-raw-ast-identical"
"trainStationNew/correct/bogSA3YF6RfFNbP7N_inv1.als","trainStationNew","CORRECT","inv1","inv1","inv1c","student-oracle-raw-ast-identical"
"trainStationNew/correct/btRAMRrnw6dTKoujQ_inv4.als","trainStationNew","CORRECT","inv4","inv4","inv4c","student-oracle-raw-ast-identical"
"trainStationNew/correct/c9z7ni3MY88T3QMNu_inv1.als","trainStationNew","CORRECT","inv1","inv1","inv1c","student-oracle-raw-ast-identical"
"trainStationNew/correct/cnkcR8aNQsHTwGxH2_inv2.als","trainStationNew","CORRECT","inv2","inv2","inv2c","student-oracle-raw-ast-identical"
"trainStationNew/correct/coiNir4aLpF3F3g9Z_inv3.als","trainStationNew","CORRECT","inv3","inv3","inv3c","student-oracle-raw-ast-identical"
"trainStationNew/correct/conb5YLsDa6JHwCiB_inv4.als","trainStationNew","CORRECT","inv4","inv4","inv4c","student-oracle-raw-ast-identical"
"trainStationNew/correct/cwynrZxpniZr3N9Df_inv1.als","trainStationNew","CORRECT","inv1","inv1","inv1c","student-oracle-raw-ast-identical"
"trainStationNew/correct/cxFwRn4r7NPFETYCL_inv2.als","trainStationNew","CORRECT","inv2","inv2","inv2c","student-oracle-raw-ast-identical"
"trainStationNew/correct/d3Dsu7uNwRQZvrQvz_inv2.als","trainStationNew","CORRECT","inv2","inv2","inv2c","student-oracle-raw-ast-identical"
"trainStationNew/correct/dAATeP43SaAirycwR_inv1.als","trainStationNew","CORRECT","inv1","inv1","inv1c","student-oracle-raw-ast-identical"
"trainStationNew/correct/dT2xvzgJTzs6YvKNZ_inv1.als","trainStationNew","CORRECT","inv1","inv1","inv1c","student-oracle-raw-ast-identical"
"trainStationNew/correct/dYLZmqtWt8KWFazJw_inv3.als","trainStationNew","CORRECT","inv3","inv3","inv3c","student-oracle-raw-ast-identical"
"trainStationNew/correct/dfxe5xtTNZj2sC2af_inv1.als","trainStationNew","CORRECT","inv1","inv1","inv1c","student-oracle-raw-ast-identical"
"trainStationNew/correct/drFjxdu2EPimRM8jR_inv2.als","trainStationNew","CORRECT","inv2","inv2","inv2c","student-oracle-raw-ast-identical"
"trainStationNew/correct/e8MDSqcHdBcc2aKhr_inv1.als","trainStationNew","CORRECT","inv1","inv1","inv1c","student-oracle-raw-ast-identical"
"trainStationNew/correct/edBboaK8e5hRKD9sW_inv2.als","trainStationNew","CORRECT","inv2","inv2","inv2c","student-oracle-raw-ast-identical"
"trainStationNew/correct/egERR8m9CMqRYQgg7_inv1.als","trainStationNew","CORRECT","inv1","inv1","inv1c","student-oracle-raw-ast-identical"
"trainStationNew/correct/emcNR48SLdYDJjm2k_inv2.als","trainStationNew","CORRECT","inv2","inv2","inv2c","student-oracle-raw-ast-identical"
"trainStationNew/correct/emxuFenR3EkjKtYgb_inv4.als","trainStationNew","CORRECT","inv4","inv4","inv4c","student-oracle-raw-ast-identical"
"trainStationNew/correct/etc8Jm3NHG2toAsQ4_inv9.als","trainStationNew","CORRECT","inv9","inv9","inv9c","student-oracle-raw-ast-identical"
"trainStationNew/correct/f3DFGuQjZq8Z5XefQ_inv1.als","trainStationNew","CORRECT","inv1","inv1","inv1c","student-oracle-raw-ast-identical"
"trainStationNew/correct/fKX6x82RiYHCu7R2G_inv3.als","trainStationNew","CORRECT","inv3","inv3","inv3c","student-oracle-raw-ast-identical"
"trainStationNew/correct/fWRgzPb7nEmuWpGRR_inv1.als","trainStationNew","CORRECT","inv1","inv1","inv1c","student-oracle-raw-ast-identical"
"trainStationNew/correct/fjkiNnftxkLEJjkkh_inv3.als","trainStationNew","CORRECT","inv3","inv3","inv3c","student-oracle-raw-ast-identical"
"trainStationNew/correct/fx7xaGFqJ7s6Zbui6_inv1.als","trainStationNew","CORRECT","inv1","inv1","inv1c","student-oracle-raw-ast-identical"
"trainStationNew/correct/fzt7BZ2xWY36v4eTP_inv2.als","trainStationNew","CORRECT","inv2","inv2","inv2c","student-oracle-raw-ast-identical"
"trainStationNew/correct/gFs7mnYxmZ3b3Drxg_inv2.als","trainStationNew","CORRECT","inv2","inv2","inv2c","student-oracle-raw-ast-identical"
"trainStationNew/correct/gGs5B4cQ6CPwyZ8SC_inv1.als","trainStationNew","CORRECT","inv1","inv1","inv1c","student-oracle-raw-ast-identical"
"trainStationNew/correct/gXPm7Cn6jkAfef9ys_inv4.als","trainStationNew","CORRECT","inv4","inv4","inv4c","student-oracle-raw-ast-identical"
"trainStationNew/correct/ggXL7J5Z6TzatpTPR_inv9.als","trainStationNew","CORRECT","inv9","inv9","inv9c","student-oracle-raw-ast-identical"
"trainStationNew/correct/gvjrPHrZCScsZviBE_inv2.als","trainStationNew","CORRECT","inv2","inv2","inv2c","student-oracle-raw-ast-identical"
"trainStationNew/correct/gxYWFdJJmzMMqeaWL_inv2.als","trainStationNew","CORRECT","inv2","inv2","inv2c","student-oracle-raw-ast-identical"
"trainStationNew/correct/h3mqkAxcYmdFALoEd_inv1.als","trainStationNew","CORRECT","inv1","inv1","inv1c","student-oracle-raw-ast-identical"
"trainStationNew/correct/hDcuJHPrqDgmqjEuu_inv1.als","trainStationNew","CORRECT","inv1","inv1","inv1c","student-oracle-raw-ast-identical"
"trainStationNew/correct/hGNt9Cz57LcucYriL_inv1.als","trainStationNew","CORRECT","inv1","inv1","inv1c","student-oracle-raw-ast-identical"
"trainStationNew/correct/hKnvQhkZ2wGYSqmoY_inv2.als","trainStationNew","CORRECT","inv2","inv2","inv2c","student-oracle-raw-ast-identical"
"trainStationNew/correct/hQLrzwebjWy4n9FxN_inv1.als","trainStationNew","CORRECT","inv1","inv1","inv1c","student-oracle-raw-ast-identical"
"trainStationNew/correct/hYanqTZKWJyK8LsX5_inv4.als","trainStationNew","CORRECT","inv4","inv4","inv4c","student-oracle-raw-ast-identical"
"trainStationNew/correct/ha7SknjghvvQi9c7M_inv8.als","trainStationNew","CORRECT","inv8","inv8","inv8c","student-oracle-raw-ast-identical"
"trainStationNew/correct/hdnFhxKcW9g8cTbCd_inv2.als","trainStationNew","CORRECT","inv2","inv2","inv2c","student-oracle-raw-ast-identical"
"trainStationNew/correct/hgsrm6octvsY4Rkv2_inv8.als","trainStationNew","CORRECT","inv8","inv8","inv8c","student-oracle-raw-ast-identical"
"trainStationNew/correct/hrMBxFjsX95b7NN4w_inv1.als","trainStationNew","CORRECT","inv1","inv1","inv1c","student-oracle-raw-ast-identical"
"trainStationNew/correct/htNqeR8iW48kNT7SR_inv1.als","trainStationNew","CORRECT","inv1","inv1","inv1c","student-oracle-raw-ast-identical"
"trainStationNew/correct/iKYD4shW3zmWcYQTH_inv1.als","trainStationNew","CORRECT","inv1","inv1","inv1c","student-oracle-raw-ast-identical"
"trainStationNew/correct/iSjAkt3pFed8ZP6kh_inv4.als","trainStationNew","CORRECT","inv4","inv4","inv4c","student-oracle-raw-ast-identical"
"trainStationNew/correct/iXDiq9vJxm3xaWWDB_inv3.als","trainStationNew","CORRECT","inv3","inv3","inv3c","student-oracle-raw-ast-identical"
"trainStationNew/correct/irXeiD8DBQHnbFod5_inv1.als","trainStationNew","CORRECT","inv1","inv1","inv1c","student-oracle-raw-ast-identical"
"trainStationNew/correct/jFjvPY2hgMHEhR6DR_inv2.als","trainStationNew","CORRECT","inv2","inv2","inv2c","student-oracle-raw-ast-identical"
"trainStationNew/correct/jGuiMkcuodNdGFS6E_inv4.als","trainStationNew","CORRECT","inv4","inv4","inv4c","student-oracle-raw-ast-identical"
"trainStationNew/correct/jJ6GjzG2Yz4fnekRy_inv1.als","trainStationNew","CORRECT","inv1","inv1","inv1c","student-oracle-raw-ast-identical"
"trainStationNew/correct/jLzShjHX9fCiuwbQJ_inv1.als","trainStationNew","CORRECT","inv1","inv1","inv1c","student-oracle-raw-ast-identical"
"trainStationNew/correct/jMJoknEvxuzq5joBb_inv1.als","trainStationNew","CORRECT","inv1","inv1","inv1c","student-oracle-raw-ast-identical"
"trainStationNew/correct/jNeNW22THTKqcJAzp_inv2.als","trainStationNew","CORRECT","inv2","inv2","inv2c","student-oracle-raw-ast-identical"
"trainStationNew/correct/jQDtWTdRTHCH8Kyqv_inv3.als","trainStationNew","CORRECT","inv3","inv3","inv3c","student-oracle-raw-ast-identical"
"trainStationNew/correct/jasX7P4M72v5uibpu_inv1.als","trainStationNew","CORRECT","inv1","inv1","inv1c","student-oracle-raw-ast-identical"
"trainStationNew/correct/k4XRJtGsxcRaFWaLT_inv3.als","trainStationNew","CORRECT","inv3","inv3","inv3c","student-oracle-raw-ast-identical"
"trainStationNew/correct/k5ADAJzj5Fz3Fg3PG_inv3.als","trainStationNew","CORRECT","inv3","inv3","inv3c","student-oracle-raw-ast-identical"
"trainStationNew/correct/k5twiCELidirkSBYT_inv1.als","trainStationNew","CORRECT","inv1","inv1","inv1c","student-oracle-raw-ast-identical"
"trainStationNew/correct/k9PeQKx6Eeh5obnsp_inv2.als","trainStationNew","CORRECT","inv2","inv2","inv2c","student-oracle-raw-ast-identical"
"trainStationNew/correct/kFCpJx9sY8RnpzQaM_inv1.als","trainStationNew","CORRECT","inv1","inv1","inv1c","student-oracle-raw-ast-identical"
"trainStationNew/correct/kKDpxSsTfqK6KDnDZ_inv1.als","trainStationNew","CORRECT","inv1","inv1","inv1c","student-oracle-raw-ast-identical"
"trainStationNew/correct/kLEuDR6Mq7GKZAujy_inv2.als","trainStationNew","CORRECT","inv2","inv2","inv2c","student-oracle-raw-ast-identical"
"trainStationNew/correct/kPF7XfEJWyuNKJNE8_inv1.als","trainStationNew","CORRECT","inv1","inv1","inv1c","student-oracle-raw-ast-identical"
"trainStationNew/correct/kcrsDynhGh4XZW5cA_inv1.als","trainStationNew","CORRECT","inv1","inv1","inv1c","student-oracle-raw-ast-identical"
"trainStationNew/correct/ksrQruTHxaufpxdCh_inv2.als","trainStationNew","CORRECT","inv2","inv2","inv2c","student-oracle-raw-ast-identical"
"trainStationNew/correct/kxpozTLXWJyaeyhzL_inv1.als","trainStationNew","CORRECT","inv1","inv1","inv1c","student-oracle-raw-ast-identical"
"trainStationNew/correct/kzR4vMq2P62QCn4K4_inv1.als","trainStationNew","CORRECT","inv1","inv1","inv1c","student-oracle-raw-ast-identical"
"trainStationNew/correct/m6R55utGN49xDmgMd_inv3.als","trainStationNew","CORRECT","inv3","inv3","inv3c","student-oracle-raw-ast-identical"
"trainStationNew/correct/m77BZkttqJDQmGrhP_inv1.als","trainStationNew","CORRECT","inv1","inv1","inv1c","student-oracle-raw-ast-identical"
"trainStationNew/correct/mDdcqJMgDDXCeG8r7_inv3.als","trainStationNew","CORRECT","inv3","inv3","inv3c","student-oracle-raw-ast-identical"
"trainStationNew/correct/mco8cuLjqzbqSA29v_inv2.als","trainStationNew","CORRECT","inv2","inv2","inv2c","student-oracle-raw-ast-identical"
"trainStationNew/correct/mkmG47soQdBp3DAYH_inv1.als","trainStationNew","CORRECT","inv1","inv1","inv1c","student-oracle-raw-ast-identical"
"trainStationNew/correct/n6hbKGDC7Zg8zd7Fi_inv3.als","trainStationNew","CORRECT","inv3","inv3","inv3c","student-oracle-raw-ast-identical"
"trainStationNew/correct/n7KsRvxM7C24zEvZE_inv1.als","trainStationNew","CORRECT","inv1","inv1","inv1c","student-oracle-raw-ast-identical"
"trainStationNew/correct/nLSGZJt8fnmyJccRM_inv7.als","trainStationNew","CORRECT","inv7","inv7","inv7c","student-oracle-raw-ast-identical"
"trainStationNew/correct/nT2u6T3tMpHv5yyCy_inv4.als","trainStationNew","CORRECT","inv4","inv4","inv4c","student-oracle-raw-ast-identical"
"trainStationNew/correct/nZKbqX75jQ97ojBdx_inv3.als","trainStationNew","CORRECT","inv3","inv3","inv3c","student-oracle-raw-ast-identical"
"trainStationNew/correct/naQh4FkNrPSpKEfyL_inv3.als","trainStationNew","CORRECT","inv3","inv3","inv3c","student-oracle-raw-ast-identical"
"trainStationNew/correct/nsZEo6WaXdpB8sCDm_inv1.als","trainStationNew","CORRECT","inv1","inv1","inv1c","student-oracle-raw-ast-identical"
"trainStationNew/correct/oAwzcgxJiKc4L3Ez5_inv3.als","trainStationNew","CORRECT","inv3","inv3","inv3c","student-oracle-raw-ast-identical"
"trainStationNew/correct/oSHGpSm8QpAW2Hgk8_inv1.als","trainStationNew","CORRECT","inv1","inv1","inv1c","student-oracle-raw-ast-identical"
"trainStationNew/correct/oaMj8qzSyR8XHBsNF_inv4.als","trainStationNew","CORRECT","inv4","inv4","inv4c","student-oracle-raw-ast-identical"
"trainStationNew/correct/oskHMRhYFACCubxnm_inv2.als","trainStationNew","CORRECT","inv2","inv2","inv2c","student-oracle-raw-ast-identical"
"trainStationNew/correct/p4YAGsjxmARmHpFc6_inv2.als","trainStationNew","CORRECT","inv2","inv2","inv2c","student-oracle-raw-ast-identical"
"trainStationNew/correct/p6HFBDka2ejvtnzp5_inv2.als","trainStationNew","CORRECT","inv2","inv2","inv2c","student-oracle-raw-ast-identical"
"trainStationNew/correct/pDkfG4SKJYYaWqwa2_inv9.als","trainStationNew","CORRECT","inv9","inv9","inv9c","student-oracle-raw-ast-identical"
"trainStationNew/correct/pWgtqFRTbQCn7zm2F_inv1.als","trainStationNew","CORRECT","inv1","inv1","inv1c","student-oracle-raw-ast-identical"
"trainStationNew/correct/pXxTWggARRkptGMpe_inv2.als","trainStationNew","CORRECT","inv2","inv2","inv2c","student-oracle-raw-ast-identical"
"trainStationNew/correct/qMTj2QmgZBo58mETJ_inv3.als","trainStationNew","CORRECT","inv3","inv3","inv3c","student-oracle-raw-ast-identical"
"trainStationNew/correct/qNhyTWaBpyQH9dfnm_inv1.als","trainStationNew","CORRECT","inv1","inv1","inv1c","student-oracle-raw-ast-identical"
"trainStationNew/correct/qjbJjEiNM4sSdBb8b_inv9.als","trainStationNew","CORRECT","inv9","inv9","inv9c","student-oracle-raw-ast-identical"
"trainStationNew/correct/rCDFNAvYH4h9j4sft_inv3.als","trainStationNew","CORRECT","inv3","inv3","inv3c","student-oracle-raw-ast-identical"
"trainStationNew/correct/rH64h3MNBDom3JisF_inv2.als","trainStationNew","CORRECT","inv2","inv2","inv2c","student-oracle-raw-ast-identical"
"trainStationNew/correct/rQ3YCz7h4fCFBF4xZ_inv2.als","trainStationNew","CORRECT","inv2","inv2","inv2c","student-oracle-raw-ast-identical"
"trainStationNew/correct/rWjyyhxKM5DNWmJfb_inv3.als","trainStationNew","CORRECT","inv3","inv3","inv3c","student-oracle-raw-ast-identical"
"trainStationNew/correct/rapeWaBYSjr7PWjqS_inv3.als","trainStationNew","CORRECT","inv3","inv3","inv3c","student-oracle-raw-ast-identical"
"trainStationNew/correct/rf4X2JK3K6FADPLLg_inv1.als","trainStationNew","CORRECT","inv1","inv1","inv1c","student-oracle-raw-ast-identical"
"trainStationNew/correct/rjwyQE9gh4RnT8EZg_inv2.als","trainStationNew","CORRECT","inv2","inv2","inv2c","student-oracle-raw-ast-identical"
"trainStationNew/correct/rpKPrETZB8YXqaXtC_inv1.als","trainStationNew","CORRECT","inv1","inv1","inv1c","student-oracle-raw-ast-identical"
"trainStationNew/correct/rrNGW2pY696Nb55zL_inv2.als","trainStationNew","CORRECT","inv2","inv2","inv2c","student-oracle-raw-ast-identical"
"trainStationNew/correct/rwuCE2WfdwfJenuer_inv3.als","trainStationNew","CORRECT","inv3","inv3","inv3c","student-oracle-raw-ast-identical"
"trainStationNew/correct/sMoubaZx48cpQfNf4_inv3.als","trainStationNew","CORRECT","inv3","inv3","inv3c","student-oracle-raw-ast-identical"
"trainStationNew/correct/sRaBAtJ8guTjxutbf_inv1.als","trainStationNew","CORRECT","inv1","inv1","inv1c","student-oracle-raw-ast-identical"
"trainStationNew/correct/sYyXBvWgGnm5TWqNe_inv1.als","trainStationNew","CORRECT","inv1","inv1","inv1c","student-oracle-raw-ast-identical"
"trainStationNew/correct/snbLKG2ywi2apTKi7_inv9.als","trainStationNew","CORRECT","inv9","inv9","inv9c","student-oracle-raw-ast-identical"
"trainStationNew/correct/sosbDErLn7zmkN49d_inv2.als","trainStationNew","CORRECT","inv2","inv2","inv2c","student-oracle-raw-ast-identical"
"trainStationNew/correct/suxtmkXTqZDjkZsQz_inv1.als","trainStationNew","CORRECT","inv1","inv1","inv1c","student-oracle-raw-ast-identical"
"trainStationNew/correct/t5wA8dnjjHXdNPHgu_inv1.als","trainStationNew","CORRECT","inv1","inv1","inv1c","student-oracle-raw-ast-identical"
"trainStationNew/correct/tBbjbjPrE9tm3tHX3_inv1.als","trainStationNew","CORRECT","inv1","inv1","inv1c","student-oracle-raw-ast-identical"
"trainStationNew/correct/tLeq7aaL53qZ2tEC7_inv1.als","trainStationNew","CORRECT","inv1","inv1","inv1c","student-oracle-raw-ast-identical"
"trainStationNew/correct/tMfyJiNHwcc7zpjiA_inv1.als","trainStationNew","CORRECT","inv1","inv1","inv1c","student-oracle-raw-ast-identical"
"trainStationNew/correct/tbTiYHRzugXHy6FZw_inv1.als","trainStationNew","CORRECT","inv1","inv1","inv1c","student-oracle-raw-ast-identical"
"trainStationNew/correct/tcGavZGHwxLyB7Hma_inv1.als","trainStationNew","CORRECT","inv1","inv1","inv1c","student-oracle-raw-ast-identical"
"trainStationNew/correct/u2Cdx8x9PnF8WSpjx_inv1.als","trainStationNew","CORRECT","inv1","inv1","inv1c","student-oracle-raw-ast-identical"
"trainStationNew/correct/uP4kSDraKiSxkaKAL_inv8.als","trainStationNew","CORRECT","inv8","inv8","inv8c","student-oracle-raw-ast-identical"
"trainStationNew/correct/uQPHxhpb8j72okttb_inv3.als","trainStationNew","CORRECT","inv3","inv3","inv3c","student-oracle-raw-ast-identical"
"trainStationNew/correct/uXzhfPvnCuH6S3RXH_inv1.als","trainStationNew","CORRECT","inv1","inv1","inv1c","student-oracle-raw-ast-identical"
"trainStationNew/correct/uZKhrfNZj9rn6bZod_inv3.als","trainStationNew","CORRECT","inv3","inv3","inv3c","student-oracle-raw-ast-identical"
"trainStationNew/correct/v3w4NrHHXZhDZz6By_inv1.als","trainStationNew","CORRECT","inv1","inv1","inv1c","student-oracle-raw-ast-identical"
"trainStationNew/correct/v6RCzcRN2foCb3wFS_inv1.als","trainStationNew","CORRECT","inv1","inv1","inv1c","student-oracle-raw-ast-identical"
"trainStationNew/correct/v7tumZ5Rw8ZhfFbRw_inv1.als","trainStationNew","CORRECT","inv1","inv1","inv1c","student-oracle-raw-ast-identical"
"trainStationNew/correct/v9g7NSaASMu5vK5wC_inv2.als","trainStationNew","CORRECT","inv2","inv2","inv2c","student-oracle-raw-ast-identical"
"trainStationNew/correct/vBizJQCumExX6qoHC_inv1.als","trainStationNew","CORRECT","inv1","inv1","inv1c","student-oracle-raw-ast-identical"
"trainStationNew/correct/vCuNweXWKWMKyiQEE_inv9.als","trainStationNew","CORRECT","inv9","inv9","inv9c","student-oracle-raw-ast-identical"
"trainStationNew/correct/vWjp8cZxFzYEQdGSK_inv3.als","trainStationNew","CORRECT","inv3","inv3","inv3c","student-oracle-raw-ast-identical"
"trainStationNew/correct/wBwnf27ov9gd2N5Y3_inv1.als","trainStationNew","CORRECT","inv1","inv1","inv1c","student-oracle-raw-ast-identical"
"trainStationNew/correct/wPjiaP5BeBnZ9a3sJ_inv9.als","trainStationNew","CORRECT","inv9","inv9","inv9c","student-oracle-raw-ast-identical"
"trainStationNew/correct/wYZbAHxhbnqj6FAj2_inv3.als","trainStationNew","CORRECT","inv3","inv3","inv3c","student-oracle-raw-ast-identical"
"trainStationNew/correct/wdfx8363LGffga8kv_inv1.als","trainStationNew","CORRECT","inv1","inv1","inv1c","student-oracle-raw-ast-identical"
"trainStationNew/correct/wjNJEE36CZLSJB85u_inv9.als","trainStationNew","CORRECT","inv9","inv9","inv9c","student-oracle-raw-ast-identical"
"trainStationNew/correct/wvCiCi5peCJb6dFor_inv2.als","trainStationNew","CORRECT","inv2","inv2","inv2c","student-oracle-raw-ast-identical"
"trainStationNew/correct/xc5u7ztpPY8yvofNM_inv1.als","trainStationNew","CORRECT","inv1","inv1","inv1c","student-oracle-raw-ast-identical"
"trainStationNew/correct/xcw9rYmg5jGhQWtNB_inv2.als","trainStationNew","CORRECT","inv2","inv2","inv2c","student-oracle-raw-ast-identical"
"trainStationNew/correct/xne94SuLdjMr2Km2x_inv1.als","trainStationNew","CORRECT","inv1","inv1","inv1c","student-oracle-raw-ast-identical"
"trainStationNew/correct/y7cuur8pmFiirBuHE_inv4.als","trainStationNew","CORRECT","inv4","inv4","inv4c","student-oracle-raw-ast-identical"
"trainStationNew/correct/yD7MucxpRmmdHrBH7_inv2.als","trainStationNew","CORRECT","inv2","inv2","inv2c","student-oracle-raw-ast-identical"
"trainStationNew/correct/yHodErarNBNaDmg4k_inv1.als","trainStationNew","CORRECT","inv1","inv1","inv1c","student-oracle-raw-ast-identical"
"trainStationNew/correct/yNzyYyqX2BQAQ3zXL_inv1.als","trainStationNew","CORRECT","inv1","inv1","inv1c","student-oracle-raw-ast-identical"
"trainStationNew/correct/yPBgFihnbMNbwugjR_inv2.als","trainStationNew","CORRECT","inv2","inv2","inv2c","student-oracle-raw-ast-identical"
"trainStationNew/correct/yWx9uFveB5jepJZxW_inv1.als","trainStationNew","CORRECT","inv1","inv1","inv1c","student-oracle-raw-ast-identical"
"trainStationNew/correct/yazoLttSimtzDFHRp_inv3.als","trainStationNew","CORRECT","inv3","inv3","inv3c","student-oracle-raw-ast-identical"
"trainStationNew/correct/yd62Y2b63Mxy3mX3y_inv3.als","trainStationNew","CORRECT","inv3","inv3","inv3c","student-oracle-raw-ast-identical"
"trainStationNew/correct/zRDtkj6JGicvirELN_inv2.als","trainStationNew","CORRECT","inv2","inv2","inv2c","student-oracle-raw-ast-identical"
"trainStationNew/correct/zZ8ukA5nvJYm53bu7_inv2.als","trainStationNew","CORRECT","inv2","inv2","inv2c","student-oracle-raw-ast-identical"
"trainStationNew/correct/zdb7EQTsjFLvHvnkB_inv4.als","trainStationNew","CORRECT","inv4","inv4","inv4c","student-oracle-raw-ast-identical"
"trainStationNew/correct/zfRfHr5kkwD5pH3eR_inv2.als","trainStationNew","CORRECT","inv2","inv2","inv2c","student-oracle-raw-ast-identical"
"trainStationNew/correct/zkvkJQDqFMhpFzhM3_inv2.als","trainStationNew","CORRECT","inv2","inv2","inv2c","student-oracle-raw-ast-identical"
"trainStationNew/correct/zswsAf3c9v59GjaTd_inv1.als","trainStationNew","CORRECT","inv1","inv1","inv1c","student-oracle-raw-ast-identical"
"trainStationOld/correct/24KE86Gz2BH29eLFN_inv2.als","trainStationOld","CORRECT","inv2","inv2","inv2c","student-oracle-raw-ast-identical"
"trainStationOld/correct/42Z7XjoYfqswhjBtA_inv3.als","trainStationOld","CORRECT","inv3","inv3","inv3c","student-oracle-raw-ast-identical"
"trainStationOld/correct/4D8NZCSKAGtvbyFWu_inv2.als","trainStationOld","CORRECT","inv2","inv2","inv2c","student-oracle-raw-ast-identical"
"trainStationOld/correct/4NHh2AwbMFrrsxpSv_inv2.als","trainStationOld","CORRECT","inv2","inv2","inv2c","student-oracle-raw-ast-identical"
"trainStationOld/correct/4zCfSm23LaNX3MGNe_inv1.als","trainStationOld","CORRECT","inv1","inv1","inv1c","student-oracle-raw-ast-identical"
"trainStationOld/correct/5QKz22FTsHieNCKrH_inv2.als","trainStationOld","CORRECT","inv2","inv2","inv2c","student-oracle-raw-ast-identical"
"trainStationOld/correct/5aDgp4AdhdXNyJhcv_inv1.als","trainStationOld","CORRECT","inv1","inv1","inv1c","student-oracle-raw-ast-identical"
"trainStationOld/correct/5xFu79HjuMogRA47b_inv2.als","trainStationOld","CORRECT","inv2","inv2","inv2c","student-oracle-raw-ast-identical"
"trainStationOld/correct/6hhb9r6rd3rQcv3XG_inv1.als","trainStationOld","CORRECT","inv1","inv1","inv1c","student-oracle-raw-ast-identical"
"trainStationOld/correct/7Ded9ixP6hgY4ujmx_inv1.als","trainStationOld","CORRECT","inv1","inv1","inv1c","student-oracle-raw-ast-identical"
"trainStationOld/correct/8AwMPktgZWFhQvL4m_inv2.als","trainStationOld","CORRECT","inv2","inv2","inv2c","student-oracle-raw-ast-identical"
"trainStationOld/correct/8dzHTZXRseFTkcjjt_inv3.als","trainStationOld","CORRECT","inv3","inv3","inv3c","student-oracle-raw-ast-identical"
"trainStationOld/correct/8z3M4c7CJCiHCG8Yg_inv2.als","trainStationOld","CORRECT","inv2","inv2","inv2c","student-oracle-raw-ast-identical"
"trainStationOld/correct/93FQEYWq9aq9Kkw4J_inv1.als","trainStationOld","CORRECT","inv1","inv1","inv1c","student-oracle-raw-ast-identical"
"trainStationOld/correct/9F9ryk7y2ZRXY2B7Z_inv2.als","trainStationOld","CORRECT","inv2","inv2","inv2c","student-oracle-raw-ast-identical"
"trainStationOld/correct/9MBL3qff6iSNvnACo_inv3.als","trainStationOld","CORRECT","inv3","inv3","inv3c","student-oracle-raw-ast-identical"
"trainStationOld/correct/9bfNid74p7vhFHeDW_inv2.als","trainStationOld","CORRECT","inv2","inv2","inv2c","student-oracle-raw-ast-identical"
"trainStationOld/correct/BpyxyZiXDvJJeZMi8_inv1.als","trainStationOld","CORRECT","inv1","inv1","inv1c","student-oracle-raw-ast-identical"
"trainStationOld/correct/C2GMSMmrD2tWcjLFS_inv3.als","trainStationOld","CORRECT","inv3","inv3","inv3c","student-oracle-raw-ast-identical"
"trainStationOld/correct/CnD28JMywubceo3T5_inv3.als","trainStationOld","CORRECT","inv3","inv3","inv3c","student-oracle-raw-ast-identical"
"trainStationOld/correct/CpbhxkuaqRoQyJTqa_inv1.als","trainStationOld","CORRECT","inv1","inv1","inv1c","student-oracle-raw-ast-identical"
"trainStationOld/correct/CuvMQbLGBysQmmujw_inv2.als","trainStationOld","CORRECT","inv2","inv2","inv2c","student-oracle-raw-ast-identical"
"trainStationOld/correct/DGrkoc3tELjmdHwip_inv2.als","trainStationOld","CORRECT","inv2","inv2","inv2c","student-oracle-raw-ast-identical"
"trainStationOld/correct/DgAnBEkcY7gRH4tty_inv3.als","trainStationOld","CORRECT","inv3","inv3","inv3c","student-oracle-raw-ast-identical"
"trainStationOld/correct/DpawyvrFMMuEzeYs3_inv1.als","trainStationOld","CORRECT","inv1","inv1","inv1c","student-oracle-raw-ast-identical"
"trainStationOld/correct/F6DYdzmW45oMhxgTJ_inv3.als","trainStationOld","CORRECT","inv3","inv3","inv3c","student-oracle-raw-ast-identical"
"trainStationOld/correct/FJFpZ85RA5JMS3khb_inv2.als","trainStationOld","CORRECT","inv2","inv2","inv2c","student-oracle-raw-ast-identical"
"trainStationOld/correct/FJfDE3m9ya9jbiExE_inv2.als","trainStationOld","CORRECT","inv2","inv2","inv2c","student-oracle-raw-ast-identical"
"trainStationOld/correct/Hcw55G4MbLjgY2HL8_inv2.als","trainStationOld","CORRECT","inv2","inv2","inv2c","student-oracle-raw-ast-identical"
"trainStationOld/correct/Hh3AAivmmG7jN5DQg_inv2.als","trainStationOld","CORRECT","inv2","inv2","inv2c","student-oracle-raw-ast-identical"
"trainStationOld/correct/Joz8Hi3RTqn4TAeTK_inv1.als","trainStationOld","CORRECT","inv1","inv1","inv1c","student-oracle-raw-ast-identical"
"trainStationOld/correct/LX6q9sq9Df59xQwbA_inv1.als","trainStationOld","CORRECT","inv1","inv1","inv1c","student-oracle-raw-ast-identical"
"trainStationOld/correct/MPQYSfh2TQex6RRsm_inv2.als","trainStationOld","CORRECT","inv2","inv2","inv2c","student-oracle-raw-ast-identical"
"trainStationOld/correct/MoyDBR8RKW2v2YwiE_inv2.als","trainStationOld","CORRECT","inv2","inv2","inv2c","student-oracle-raw-ast-identical"
"trainStationOld/correct/NhuTJrhNf7oMd4ExY_inv2.als","trainStationOld","CORRECT","inv2","inv2","inv2c","student-oracle-raw-ast-identical"
"trainStationOld/correct/Q2Je58sGNN5KuAgcB_inv2.als","trainStationOld","CORRECT","inv2","inv2","inv2c","student-oracle-raw-ast-identical"
"trainStationOld/correct/T6vRuLfkEt9FXiTXY_inv2.als","trainStationOld","CORRECT","inv2","inv2","inv2c","student-oracle-raw-ast-identical"
"trainStationOld/correct/WT3mSeGqzG6Qqi5QL_inv1.als","trainStationOld","CORRECT","inv1","inv1","inv1c","student-oracle-raw-ast-identical"
"trainStationOld/correct/X5spn5Fgvo9c9dt7W_inv1.als","trainStationOld","CORRECT","inv1","inv1","inv1c","student-oracle-raw-ast-identical"
"trainStationOld/correct/XE5MBRpgCkoC26K8b_inv2.als","trainStationOld","CORRECT","inv2","inv2","inv2c","student-oracle-raw-ast-identical"
"trainStationOld/correct/YtstTYcybXAsdgLA7_inv2.als","trainStationOld","CORRECT","inv2","inv2","inv2c","student-oracle-raw-ast-identical"
"trainStationOld/correct/ZcHaFJZNXuiwNPhMa_inv2.als","trainStationOld","CORRECT","inv2","inv2","inv2c","student-oracle-raw-ast-identical"
"trainStationOld/correct/aAt935qmycgW7wg6v_inv2.als","trainStationOld","CORRECT","inv2","inv2","inv2c","student-oracle-raw-ast-identical"
"trainStationOld/correct/b7Tq9osWrgL4A4ryP_inv1.als","trainStationOld","CORRECT","inv1","inv1","inv1c","student-oracle-raw-ast-identical"
"trainStationOld/correct/cS5wtKgGkFoL3X23a_inv4.als","trainStationOld","CORRECT","inv4","inv4","inv4c","student-oracle-raw-ast-identical"
"trainStationOld/correct/cW84XrTy7WTM38omr_inv2.als","trainStationOld","CORRECT","inv2","inv2","inv2c","student-oracle-raw-ast-identical"
"trainStationOld/correct/cpDSBFumqPDABmbeE_inv3.als","trainStationOld","CORRECT","inv3","inv3","inv3c","student-oracle-raw-ast-identical"
"trainStationOld/correct/e9va9sN9BsSaaxqbC_inv2.als","trainStationOld","CORRECT","inv2","inv2","inv2c","student-oracle-raw-ast-identical"
"trainStationOld/correct/f6nrN6NNCagDekywF_inv1.als","trainStationOld","CORRECT","inv1","inv1","inv1c","student-oracle-raw-ast-identical"
"trainStationOld/correct/fHvXpsEWhwQWTA5jp_inv2.als","trainStationOld","CORRECT","inv2","inv2","inv2c","student-oracle-raw-ast-identical"
"trainStationOld/correct/fMyM6Qh39kXdQZrY4_inv1.als","trainStationOld","CORRECT","inv1","inv1","inv1c","student-oracle-raw-ast-identical"
"trainStationOld/correct/hMinECMqeAkpfYHEq_inv2.als","trainStationOld","CORRECT","inv2","inv2","inv2c","student-oracle-raw-ast-identical"
"trainStationOld/correct/hZbWQyTNN5WSK4BLm_inv1.als","trainStationOld","CORRECT","inv1","inv1","inv1c","student-oracle-raw-ast-identical"
"trainStationOld/correct/iEqPmfLjdWmgpkPk8_inv1.als","trainStationOld","CORRECT","inv1","inv1","inv1c","student-oracle-raw-ast-identical"
"trainStationOld/correct/iJTGteFP8KpP4nDFf_inv2.als","trainStationOld","CORRECT","inv2","inv2","inv2c","student-oracle-raw-ast-identical"
"trainStationOld/correct/idYuCd6rCJ62xKSry_inv1.als","trainStationOld","CORRECT","inv1","inv1","inv1c","student-oracle-raw-ast-identical"
"trainStationOld/correct/jHn7bKHeiAXzSYk3o_inv2.als","trainStationOld","CORRECT","inv2","inv2","inv2c","student-oracle-raw-ast-identical"
"trainStationOld/correct/kARaPuE7h266e2Dzo_inv1.als","trainStationOld","CORRECT","inv1","inv1","inv1c","student-oracle-raw-ast-identical"
"trainStationOld/correct/kayocSPLfXzZoER3a_inv1.als","trainStationOld","CORRECT","inv1","inv1","inv1c","student-oracle-raw-ast-identical"
"trainStationOld/correct/ktpc4AxRbFda76sEm_inv2.als","trainStationOld","CORRECT","inv2","inv2","inv2c","student-oracle-raw-ast-identical"
"trainStationOld/correct/p6aiNWmSGJjdu4Xbr_inv1.als","trainStationOld","CORRECT","inv1","inv1","inv1c","student-oracle-raw-ast-identical"
"trainStationOld/correct/psgPXeKD4HDBzjsaa_inv2.als","trainStationOld","CORRECT","inv2","inv2","inv2c","student-oracle-raw-ast-identical"
"trainStationOld/correct/quQgzHBvMMKNTgAYW_inv1.als","trainStationOld","CORRECT","inv1","inv1","inv1c","student-oracle-raw-ast-identical"
"trainStationOld/correct/rFaDG8MARFbRizPGZ_inv3.als","trainStationOld","CORRECT","inv3","inv3","inv3c","student-oracle-raw-ast-identical"
"trainStationOld/correct/st4d7iqBpHcu4XDnG_inv2.als","trainStationOld","CORRECT","inv2","inv2","inv2c","student-oracle-raw-ast-identical"
"trainStationOld/correct/thwWCPJjCdJGdrnbL_inv2.als","trainStationOld","CORRECT","inv2","inv2","inv2c","student-oracle-raw-ast-identical"
"trainStationOld/correct/uKSr3eE9QG2FWw79C_inv1.als","trainStationOld","CORRECT","inv1","inv1","inv1c","student-oracle-raw-ast-identical"
"trainStationOld/correct/wavPrL8GhsmGQEbpp_inv2.als","trainStationOld","CORRECT","inv2","inv2","inv2c","student-oracle-raw-ast-identical"
"trainStationOld/correct/xJ7B3QtfioYErkBBY_inv2.als","trainStationOld","CORRECT","inv2","inv2","inv2c","student-oracle-raw-ast-identical"
"trainStationOld/correct/xMJoP6pxDWBmhCKjh_inv1.als","trainStationOld","CORRECT","inv1","inv1","inv1c","student-oracle-raw-ast-identical"
"trainStationOld/correct/yX5j2qRNeq9SFQ9P3_inv1.als","trainStationOld","CORRECT","inv1","inv1","inv1c","student-oracle-raw-ast-identical"
"trainStationOld/correct/yfETKH89rEKH365bS_inv2.als","trainStationOld","CORRECT","inv2","inv2","inv2c","student-oracle-raw-ast-identical"
"trainStationOld/correct/zLjt7acP6abjSMs5m_inv1.als","trainStationOld","CORRECT","inv1","inv1","inv1c","student-oracle-raw-ast-identical"
"trainStationOld/correct/zsAg3BijAPEm9GJbu_inv1.als","trainStationOld","CORRECT","inv1","inv1","inv1c","student-oracle-raw-ast-identical"
"trash_fol/correct/2dpZWDF5dMYN3yZij_inv9.als","trash_fol","CORRECT","inv9","inv9","inv9c","student-oracle-raw-ast-identical"
"trash_fol/correct/2ktHi3SbNz775WmR2_inv9.als","trash_fol","CORRECT","inv9","inv9","inv9c","student-oracle-raw-ast-identical"
"trash_fol/correct/2pibP38ykm2yEa6pk_inv3.als","trash_fol","CORRECT","inv3","inv3","inv3c","student-oracle-raw-ast-identical"
"trash_fol/correct/2sENiwfS2C6xntLuL_inv10.als","trash_fol","CORRECT","inv10","inv10","inv10c","student-oracle-raw-ast-identical"
"trash_fol/correct/2tQ6PyCYe8GK8r87h_inv2.als","trash_fol","CORRECT","inv2","inv2","inv2c","student-oracle-raw-ast-identical"
"trash_fol/correct/2z63GR8FwvKmRZaaq_inv7.als","trash_fol","CORRECT","inv7","inv7","inv7c","student-oracle-raw-ast-identical"
"trash_fol/correct/34vMTxCNkoRuxKY4M_inv8.als","trash_fol","CORRECT","inv8","inv8","inv8c","student-oracle-raw-ast-identical"
"trash_fol/correct/3g7yLE37fxqHxvA6q_inv9.als","trash_fol","CORRECT","inv9","inv9","inv9c","student-oracle-raw-ast-identical"
"trash_fol/correct/3oPFfdCryoACvCSzw_inv6.als","trash_fol","CORRECT","inv6","inv6","inv6c","student-oracle-raw-ast-identical"
"trash_fol/correct/479gW2dhxkdt7x5Lk_inv1.als","trash_fol","CORRECT","inv1","inv1","inv1c","student-oracle-raw-ast-identical"
"trash_fol/correct/4AyYf4KJX7rpBeuZ5_inv1.als","trash_fol","CORRECT","inv1","inv1","inv1c","student-oracle-raw-ast-identical"
"trash_fol/correct/4XCAbLwiYw6fvQioA_inv8.als","trash_fol","CORRECT","inv8","inv8","inv8c","student-oracle-raw-ast-identical"
"trash_fol/correct/4dY27PaHzSWLXzqEk_inv8.als","trash_fol","CORRECT","inv8","inv8","inv8c","student-oracle-raw-ast-identical"
"trash_fol/correct/4oBWLyS4B6LAv9tK7_inv4.als","trash_fol","CORRECT","inv4","inv4","inv4c","student-oracle-raw-ast-identical"
"trash_fol/correct/5GgZZurZZikbkT9pR_inv2.als","trash_fol","CORRECT","inv2","inv2","inv2c","student-oracle-raw-ast-identical"
"trash_fol/correct/5MtjLSp5DTnhtFTEu_inv2.als","trash_fol","CORRECT","inv2","inv2","inv2c","student-oracle-raw-ast-identical"
"trash_fol/correct/5X5ThRYXPQ8JQqDC7_inv3.als","trash_fol","CORRECT","inv3","inv3","inv3c","student-oracle-raw-ast-identical"
"trash_fol/correct/5oEG5ecjXoX64mTZ5_inv1.als","trash_fol","CORRECT","inv1","inv1","inv1c","student-oracle-raw-ast-identical"
"trash_fol/correct/5pF7A9e4rRnGANDsa_inv4.als","trash_fol","CORRECT","inv4","inv4","inv4c","student-oracle-raw-ast-identical"
"trash_fol/correct/6AWe3NaYfE2E6ziYA_inv3.als","trash_fol","CORRECT","inv3","inv3","inv3c","student-oracle-raw-ast-identical"
"trash_fol/correct/6DKtAmPwEbYfuKbez_inv3.als","trash_fol","CORRECT","inv3","inv3","inv3c","student-oracle-raw-ast-identical"
"trash_fol/correct/6TRjk9D2aW8uJXLdY_inv1.als","trash_fol","CORRECT","inv1","inv1","inv1c","student-oracle-raw-ast-identical"
"trash_fol/correct/6jkqr7iN7Hd6cAAse_inv1.als","trash_fol","CORRECT","inv1","inv1","inv1c","student-oracle-raw-ast-identical"
"trash_fol/correct/6nu2mNcztWZxp7Myr_inv1.als","trash_fol","CORRECT","inv1","inv1","inv1c","student-oracle-raw-ast-identical"
"trash_fol/correct/6qi9X7FgnPfYZZBXM_inv2.als","trash_fol","CORRECT","inv2","inv2","inv2c","student-oracle-raw-ast-identical"
"trash_fol/correct/7cHyzKj25bwBcSHea_inv4.als","trash_fol","CORRECT","inv4","inv4","inv4c","student-oracle-raw-ast-identical"
"trash_fol/correct/7ecBMPMi6nvQmiA6X_inv1.als","trash_fol","CORRECT","inv1","inv1","inv1c","student-oracle-raw-ast-identical"
"trash_fol/correct/7u3FiXhxKSSaBbeju_inv8.als","trash_fol","CORRECT","inv8","inv8","inv8c","student-oracle-raw-ast-identical"
"trash_fol/correct/7uyfn3WENqqBCtiDx_inv1.als","trash_fol","CORRECT","inv1","inv1","inv1c","student-oracle-raw-ast-identical"
"trash_fol/correct/8EKbuLBmWdmsndW55_inv9.als","trash_fol","CORRECT","inv9","inv9","inv9c","student-oracle-raw-ast-identical"
"trash_fol/correct/8GhGabSqDQAhqLPSu_inv1.als","trash_fol","CORRECT","inv1","inv1","inv1c","student-oracle-raw-ast-identical"
"trash_fol/correct/8LfTnwMt9MT3tux4A_inv8.als","trash_fol","CORRECT","inv8","inv8","inv8c","student-oracle-raw-ast-identical"
"trash_fol/correct/8SW58FbuMPqmcLLod_inv1.als","trash_fol","CORRECT","inv1","inv1","inv1c","student-oracle-raw-ast-identical"
"trash_fol/correct/8dSPKpY39QAEJaMyR_inv1.als","trash_fol","CORRECT","inv1","inv1","inv1c","student-oracle-raw-ast-identical"
"trash_fol/correct/9Kn5fpMpquKevmKDn_inv3.als","trash_fol","CORRECT","inv3","inv3","inv3c","student-oracle-raw-ast-identical"
"trash_fol/correct/9PvHdeMFiouTeoLg8_inv4.als","trash_fol","CORRECT","inv4","inv4","inv4c","student-oracle-raw-ast-identical"
"trash_fol/correct/9XsPSpwgATrFjZSt2_inv1.als","trash_fol","CORRECT","inv1","inv1","inv1c","student-oracle-raw-ast-identical"
"trash_fol/correct/9Xy4QTb9qxypZdFwa_inv4.als","trash_fol","CORRECT","inv4","inv4","inv4c","student-oracle-raw-ast-identical"
"trash_fol/correct/9jqjNqfAAzGhXY7dt_inv9.als","trash_fol","CORRECT","inv9","inv9","inv9c","student-oracle-raw-ast-identical"
"trash_fol/correct/9thi7b3cP8tDtGnjP_inv1.als","trash_fol","CORRECT","inv1","inv1","inv1c","student-oracle-raw-ast-identical"
"trash_fol/correct/9v9JWaBYcRcBhusxs_inv2.als","trash_fol","CORRECT","inv2","inv2","inv2c","student-oracle-raw-ast-identical"
"trash_fol/correct/A2hQbryfRQb8MmuTH_inv3.als","trash_fol","CORRECT","inv3","inv3","inv3c","student-oracle-raw-ast-identical"
"trash_fol/correct/A93RZPorQJJrHq3AL_inv8.als","trash_fol","CORRECT","inv8","inv8","inv8c","student-oracle-raw-ast-identical"
"trash_fol/correct/AKENbDSAeM8SJh7Fr_inv3.als","trash_fol","CORRECT","inv3","inv3","inv3c","student-oracle-raw-ast-identical"
"trash_fol/correct/AN2DczGCAeSvRr39n_inv1.als","trash_fol","CORRECT","inv1","inv1","inv1c","student-oracle-raw-ast-identical"
"trash_fol/correct/ATZWnJjcfpT9CFT56_inv2.als","trash_fol","CORRECT","inv2","inv2","inv2c","student-oracle-raw-ast-identical"
"trash_fol/correct/Abk9imKzrSQAZXuGA_inv8.als","trash_fol","CORRECT","inv8","inv8","inv8c","student-oracle-raw-ast-identical"
"trash_fol/correct/AfjnjYB5LTNoeXCys_inv8.als","trash_fol","CORRECT","inv8","inv8","inv8c","student-oracle-raw-ast-identical"
"trash_fol/correct/AmztgwhwQmjT4YjqB_inv4.als","trash_fol","CORRECT","inv4","inv4","inv4c","student-oracle-raw-ast-identical"
"trash_fol/correct/ArCWYi7P4Kk75Yxi7_inv10.als","trash_fol","CORRECT","inv10","inv10","inv10c","student-oracle-raw-ast-identical"
"trash_fol/correct/B4u4yX9GQkZdFQTK6_inv1.als","trash_fol","CORRECT","inv1","inv1","inv1c","student-oracle-raw-ast-identical"
"trash_fol/correct/B6TJanrX5jxGDAxnJ_inv8.als","trash_fol","CORRECT","inv8","inv8","inv8c","student-oracle-raw-ast-identical"
"trash_fol/correct/B87aTqYsGfTHx63Pw_inv9.als","trash_fol","CORRECT","inv9","inv9","inv9c","student-oracle-raw-ast-identical"
"trash_fol/correct/BA6oDEq9TcZcEB6PG_inv9.als","trash_fol","CORRECT","inv9","inv9","inv9c","student-oracle-raw-ast-identical"
"trash_fol/correct/BGFA6JNRRfGBxLqMg_inv3.als","trash_fol","CORRECT","inv3","inv3","inv3c","student-oracle-raw-ast-identical"
"trash_fol/correct/BHBnngTJpQkRZEBHh_inv1.als","trash_fol","CORRECT","inv1","inv1","inv1c","student-oracle-raw-ast-identical"
"trash_fol/correct/BW2SAZjcHnfaG3Loo_inv1.als","trash_fol","CORRECT","inv1","inv1","inv1c","student-oracle-raw-ast-identical"
"trash_fol/correct/BZLv82mwkfox9kJde_inv1.als","trash_fol","CORRECT","inv1","inv1","inv1c","student-oracle-raw-ast-identical"
"trash_fol/correct/CPrdJz8yf7e9tHTzS_inv3.als","trash_fol","CORRECT","inv3","inv3","inv3c","student-oracle-raw-ast-identical"
"trash_fol/correct/CWYNQ9hHsxA2cWciq_inv1.als","trash_fol","CORRECT","inv1","inv1","inv1c","student-oracle-raw-ast-identical"
"trash_fol/correct/CaSvZwETZa5KEQf8r_inv8.als","trash_fol","CORRECT","inv8","inv8","inv8c","student-oracle-raw-ast-identical"
"trash_fol/correct/D9sLzbgBsfrEqMoFv_inv1.als","trash_fol","CORRECT","inv1","inv1","inv1c","student-oracle-raw-ast-identical"
"trash_fol/correct/EH599g5ccP5MKpbaJ_inv4.als","trash_fol","CORRECT","inv4","inv4","inv4c","student-oracle-raw-ast-identical"
"trash_fol/correct/EK6MQHonqTgj9isH3_inv8.als","trash_fol","CORRECT","inv8","inv8","inv8c","student-oracle-raw-ast-identical"
"trash_fol/correct/ET852mQddp8EBYvZo_inv2.als","trash_fol","CORRECT","inv2","inv2","inv2c","student-oracle-raw-ast-identical"
"trash_fol/correct/EXHAXb5RMMgTew6r5_inv1.als","trash_fol","CORRECT","inv1","inv1","inv1c","student-oracle-raw-ast-identical"
"trash_fol/correct/EieBrnGosAibtNYgh_inv1.als","trash_fol","CORRECT","inv1","inv1","inv1c","student-oracle-raw-ast-identical"
"trash_fol/correct/EmiJxDcTEDu3swuun_inv8.als","trash_fol","CORRECT","inv8","inv8","inv8c","student-oracle-raw-ast-identical"
"trash_fol/correct/EvespoCDT4c7yxuzH_inv10.als","trash_fol","CORRECT","inv10","inv10","inv10c","student-oracle-raw-ast-identical"
"trash_fol/correct/FbJH98zPCZ4bKmLP3_inv1.als","trash_fol","CORRECT","inv1","inv1","inv1c","student-oracle-raw-ast-identical"
"trash_fol/correct/FmQJc5hmFzu2edpLL_inv1.als","trash_fol","CORRECT","inv1","inv1","inv1c","student-oracle-raw-ast-identical"
"trash_fol/correct/FojdfdLnH8rBw9925_inv8.als","trash_fol","CORRECT","inv8","inv8","inv8c","student-oracle-raw-ast-identical"
"trash_fol/correct/Fudf87ZaN7MXGm2Pz_inv4.als","trash_fol","CORRECT","inv4","inv4","inv4c","student-oracle-raw-ast-identical"
"trash_fol/correct/G9FZCQ62jvtGSuEAn_inv1.als","trash_fol","CORRECT","inv1","inv1","inv1c","student-oracle-raw-ast-identical"
"trash_fol/correct/GKZf9KJFBQ8pHrdQ2_inv1.als","trash_fol","CORRECT","inv1","inv1","inv1c","student-oracle-raw-ast-identical"
"trash_fol/correct/GP5ouy7arsKPSEzLq_inv2.als","trash_fol","CORRECT","inv2","inv2","inv2c","student-oracle-raw-ast-identical"
"trash_fol/correct/GSLQKJppdQDbREhhW_inv7.als","trash_fol","CORRECT","inv7","inv7","inv7c","student-oracle-raw-ast-identical"
"trash_fol/correct/GXEGJ42ixpNeaWgQ2_inv2.als","trash_fol","CORRECT","inv2","inv2","inv2c","student-oracle-raw-ast-identical"
"trash_fol/correct/GwboZYmXPeHXNsvXc_inv2.als","trash_fol","CORRECT","inv2","inv2","inv2c","student-oracle-raw-ast-identical"
"trash_fol/correct/Gwyk2gSG8kTQ9TpsE_inv9.als","trash_fol","CORRECT","inv9","inv9","inv9c","student-oracle-raw-ast-identical"
"trash_fol/correct/HEcgyG9AMJsSnSrrk_inv8.als","trash_fol","CORRECT","inv8","inv8","inv8c","student-oracle-raw-ast-identical"
"trash_fol/correct/J4Qrf8Yuc34nJYSo6_inv3.als","trash_fol","CORRECT","inv3","inv3","inv3c","student-oracle-raw-ast-identical"
"trash_fol/correct/JEzBa6CHnFmCfErjY_inv1.als","trash_fol","CORRECT","inv1","inv1","inv1c","student-oracle-raw-ast-identical"
"trash_fol/correct/JF8eTDSuw3Ye4KBwL_inv8.als","trash_fol","CORRECT","inv8","inv8","inv8c","student-oracle-raw-ast-identical"
"trash_fol/correct/JNAh9qBJCQYFiKGWo_inv1.als","trash_fol","CORRECT","inv1","inv1","inv1c","student-oracle-raw-ast-identical"
"trash_fol/correct/JZySJ59Gz2srb2EDC_inv1.als","trash_fol","CORRECT","inv1","inv1","inv1c","student-oracle-raw-ast-identical"
"trash_fol/correct/Jurs5dsKgLszqWvzG_inv10.als","trash_fol","CORRECT","inv10","inv10","inv10c","student-oracle-raw-ast-identical"
"trash_fol/correct/KK7CWxAs27FH5hKLD_inv1.als","trash_fol","CORRECT","inv1","inv1","inv1c","student-oracle-raw-ast-identical"
"trash_fol/correct/KLWAy4darWHEP3TEs_inv2.als","trash_fol","CORRECT","inv2","inv2","inv2c","student-oracle-raw-ast-identical"
"trash_fol/correct/KScKKTqNQWGXC3g7D_inv8.als","trash_fol","CORRECT","inv8","inv8","inv8c","student-oracle-raw-ast-identical"
"trash_fol/correct/Lc4LCJh2LdMY7b397_inv7.als","trash_fol","CORRECT","inv7","inv7","inv7c","student-oracle-raw-ast-identical"
"trash_fol/correct/LcesKvfKMzezeiwKx_inv1.als","trash_fol","CORRECT","inv1","inv1","inv1c","student-oracle-raw-ast-identical"
"trash_fol/correct/LhC8hhsAdAaWqBDu9_inv6.als","trash_fol","CORRECT","inv6","inv6","inv6c","student-oracle-raw-ast-identical"
"trash_fol/correct/Lm3mswycYmLfPahGP_inv9.als","trash_fol","CORRECT","inv9","inv9","inv9c","student-oracle-raw-ast-identical"
"trash_fol/correct/LvSLGiAgYfp8qurgQ_inv9.als","trash_fol","CORRECT","inv9","inv9","inv9c","student-oracle-raw-ast-identical"
"trash_fol/correct/Lw5hnNujxhh3JE9Cu_inv3.als","trash_fol","CORRECT","inv3","inv3","inv3c","student-oracle-raw-ast-identical"
"trash_fol/correct/LwHwp6SKfBqkafkcT_inv1.als","trash_fol","CORRECT","inv1","inv1","inv1c","student-oracle-raw-ast-identical"
"trash_fol/correct/LzAMCS5WFEB3fYGS9_inv4.als","trash_fol","CORRECT","inv4","inv4","inv4c","student-oracle-raw-ast-identical"
"trash_fol/correct/MCSxs82rmRvxjjdTK_inv1.als","trash_fol","CORRECT","inv1","inv1","inv1c","student-oracle-raw-ast-identical"
"trash_fol/correct/MEW2atBhkp3mniXWo_inv4.als","trash_fol","CORRECT","inv4","inv4","inv4c","student-oracle-raw-ast-identical"
"trash_fol/correct/MGGkWX8nmNgM4uQP9_inv4.als","trash_fol","CORRECT","inv4","inv4","inv4c","student-oracle-raw-ast-identical"
"trash_fol/correct/MQMnqjcyhMeBXfwcb_inv1.als","trash_fol","CORRECT","inv1","inv1","inv1c","student-oracle-raw-ast-identical"
"trash_fol/correct/MTFG3sk53KRByHgHS_inv3.als","trash_fol","CORRECT","inv3","inv3","inv3c","student-oracle-raw-ast-identical"
"trash_fol/correct/MdEfHnqW8DDT4HLAm_inv4.als","trash_fol","CORRECT","inv4","inv4","inv4c","student-oracle-raw-ast-identical"
"trash_fol/correct/Mdj2qtT4FWfvCS9YW_inv8.als","trash_fol","CORRECT","inv8","inv8","inv8c","student-oracle-raw-ast-identical"
"trash_fol/correct/MoExXBT5Dzt2GGP6n_inv1.als","trash_fol","CORRECT","inv1","inv1","inv1c","student-oracle-raw-ast-identical"
"trash_fol/correct/NPfstedmoXSpHbw6Z_inv1.als","trash_fol","CORRECT","inv1","inv1","inv1c","student-oracle-raw-ast-identical"
"trash_fol/correct/NnpoK3iLvNQhHcR3g_inv1.als","trash_fol","CORRECT","inv1","inv1","inv1c","student-oracle-raw-ast-identical"
"trash_fol/correct/Nxj53zgwQensicgFJ_inv1.als","trash_fol","CORRECT","inv1","inv1","inv1c","student-oracle-raw-ast-identical"
"trash_fol/correct/P2MMSf3EhYgCfvdKc_inv1.als","trash_fol","CORRECT","inv1","inv1","inv1c","student-oracle-raw-ast-identical"
"trash_fol/correct/P7pf22QunvGzzEw65_inv2.als","trash_fol","CORRECT","inv2","inv2","inv2c","student-oracle-raw-ast-identical"
"trash_fol/correct/PDkaGEuL89jBPA8qF_inv8.als","trash_fol","CORRECT","inv8","inv8","inv8c","student-oracle-raw-ast-identical"
"trash_fol/correct/PK55yTtmruQSnYNrg_inv8.als","trash_fol","CORRECT","inv8","inv8","inv8c","student-oracle-raw-ast-identical"
"trash_fol/correct/PiKZoYYNykZXcB822_inv2.als","trash_fol","CORRECT","inv2","inv2","inv2c","student-oracle-raw-ast-identical"
"trash_fol/correct/PpcP9Q2cBm6QvokaF_inv3.als","trash_fol","CORRECT","inv3","inv3","inv3c","student-oracle-raw-ast-identical"
"trash_fol/correct/Q8zfMacy5xW5dkTdY_inv3.als","trash_fol","CORRECT","inv3","inv3","inv3c","student-oracle-raw-ast-identical"
"trash_fol/correct/QQ9gLEPMypa29KvHF_inv1.als","trash_fol","CORRECT","inv1","inv1","inv1c","student-oracle-raw-ast-identical"
"trash_fol/correct/QS7zj3bfmsXLNd7yE_inv1.als","trash_fol","CORRECT","inv1","inv1","inv1c","student-oracle-raw-ast-identical"
"trash_fol/correct/R5i7u8kZzEppbL3x4_inv8.als","trash_fol","CORRECT","inv8","inv8","inv8c","student-oracle-raw-ast-identical"
"trash_fol/correct/RbbwgmWu7Br86u3ft_inv8.als","trash_fol","CORRECT","inv8","inv8","inv8c","student-oracle-raw-ast-identical"
"trash_fol/correct/Rnu3ZShXbcyt2kPTD_inv9.als","trash_fol","CORRECT","inv9","inv9","inv9c","student-oracle-raw-ast-identical"
"trash_fol/correct/Rsae6R4HCEFbS4scQ_inv8.als","trash_fol","CORRECT","inv8","inv8","inv8c","student-oracle-raw-ast-identical"
"trash_fol/correct/RseJo6eeci3serQ2n_inv2.als","trash_fol","CORRECT","inv2","inv2","inv2c","student-oracle-raw-ast-identical"
"trash_fol/correct/RvbXg3JTebrZGP5hB_inv9.als","trash_fol","CORRECT","inv9","inv9","inv9c","student-oracle-raw-ast-identical"
"trash_fol/correct/Rz3AwKnLTr33vtKfT_inv1.als","trash_fol","CORRECT","inv1","inv1","inv1c","student-oracle-raw-ast-identical"
"trash_fol/correct/SHNSYEFkeeCTcM2FD_inv2.als","trash_fol","CORRECT","inv2","inv2","inv2c","student-oracle-raw-ast-identical"
"trash_fol/correct/SPPTQkKpmfZ4P6Mpz_inv8.als","trash_fol","CORRECT","inv8","inv8","inv8c","student-oracle-raw-ast-identical"
"trash_fol/correct/ShSY8veSEWrJPW4aW_inv1.als","trash_fol","CORRECT","inv1","inv1","inv1c","student-oracle-raw-ast-identical"
"trash_fol/correct/Sm3BxFaKfETZXjWGY_inv1.als","trash_fol","CORRECT","inv1","inv1","inv1c","student-oracle-raw-ast-identical"
"trash_fol/correct/TGBwp9nrQm2qftXb7_inv1.als","trash_fol","CORRECT","inv1","inv1","inv1c","student-oracle-raw-ast-identical"
"trash_fol/correct/TLhtLPQjB2PFeeH8x_inv1.als","trash_fol","CORRECT","inv1","inv1","inv1c","student-oracle-raw-ast-identical"
"trash_fol/correct/TNLrQe8C2MdjSaNjt_inv2.als","trash_fol","CORRECT","inv2","inv2","inv2c","student-oracle-raw-ast-identical"
"trash_fol/correct/Tf6ov6zd3FG9p67ti_inv1.als","trash_fol","CORRECT","inv1","inv1","inv1c","student-oracle-raw-ast-identical"
"trash_fol/correct/ThDjEeHrMLotx2YNp_inv1.als","trash_fol","CORRECT","inv1","inv1","inv1c","student-oracle-raw-ast-identical"
"trash_fol/correct/Trf9q4oqTiWaFznyM_inv1.als","trash_fol","CORRECT","inv1","inv1","inv1c","student-oracle-raw-ast-identical"
"trash_fol/correct/WKwkSuJhLABrXsHJz_inv1.als","trash_fol","CORRECT","inv1","inv1","inv1c","student-oracle-raw-ast-identical"
"trash_fol/correct/WYz8EX6um8SkCwHZY_inv1.als","trash_fol","CORRECT","inv1","inv1","inv1c","student-oracle-raw-ast-identical"
"trash_fol/correct/We4SdgFQwwT6BsDCY_inv1.als","trash_fol","CORRECT","inv1","inv1","inv1c","student-oracle-raw-ast-identical"
"trash_fol/correct/WzWstQR5XtTfYb78A_inv8.als","trash_fol","CORRECT","inv8","inv8","inv8c","student-oracle-raw-ast-identical"
"trash_fol/correct/X5uGBjm3DDiFpGnok_inv1.als","trash_fol","CORRECT","inv1","inv1","inv1c","student-oracle-raw-ast-identical"
"trash_fol/correct/Y34hjADaq2W2Fu2aA_inv3.als","trash_fol","CORRECT","inv3","inv3","inv3c","student-oracle-raw-ast-identical"
"trash_fol/correct/Y3Csap9cMPi4zTyrc_inv7.als","trash_fol","CORRECT","inv7","inv7","inv7c","student-oracle-raw-ast-identical"
"trash_fol/correct/Y62qcPPgLX9xXf4Mz_inv2.als","trash_fol","CORRECT","inv2","inv2","inv2c","student-oracle-raw-ast-identical"
"trash_fol/correct/Z2oy5c3BMp2ZLX3Wa_inv4.als","trash_fol","CORRECT","inv4","inv4","inv4c","student-oracle-raw-ast-identical"
"trash_fol/correct/Z6fzii7aPM49QvkXz_inv8.als","trash_fol","CORRECT","inv8","inv8","inv8c","student-oracle-raw-ast-identical"
"trash_fol/correct/ZFqroZr6skMr9hbn8_inv1.als","trash_fol","CORRECT","inv1","inv1","inv1c","student-oracle-raw-ast-identical"
"trash_fol/correct/ZHZ6LfcntsYhqdwec_inv4.als","trash_fol","CORRECT","inv4","inv4","inv4c","student-oracle-raw-ast-identical"
"trash_fol/correct/ZRgCJopjk5umvsox6_inv4.als","trash_fol","CORRECT","inv4","inv4","inv4c","student-oracle-raw-ast-identical"
"trash_fol/correct/ZTQfXuNmySZEtHkwa_inv6.als","trash_fol","CORRECT","inv6","inv6","inv6c","student-oracle-raw-ast-identical"
"trash_fol/correct/Zo7RvnNKqR3Nkyuio_inv2.als","trash_fol","CORRECT","inv2","inv2","inv2c","student-oracle-raw-ast-identical"
"trash_fol/correct/a6TkGo2roRogT2gkG_inv2.als","trash_fol","CORRECT","inv2","inv2","inv2c","student-oracle-raw-ast-identical"
"trash_fol/correct/a9wy2TbptX5DTbmM5_inv1.als","trash_fol","CORRECT","inv1","inv1","inv1c","student-oracle-raw-ast-identical"
"trash_fol/correct/aPBuctciLmXaa38r4_inv9.als","trash_fol","CORRECT","inv9","inv9","inv9c","student-oracle-raw-ast-identical"
"trash_fol/correct/aWdEsJLGoenyvjHuh_inv4.als","trash_fol","CORRECT","inv4","inv4","inv4c","student-oracle-raw-ast-identical"
"trash_fol/correct/aZnD5ifKLYq7CRzEi_inv2.als","trash_fol","CORRECT","inv2","inv2","inv2c","student-oracle-raw-ast-identical"
"trash_fol/correct/agyqpNGitDF9T4ZkS_inv1.als","trash_fol","CORRECT","inv1","inv1","inv1c","student-oracle-raw-ast-identical"
"trash_fol/correct/akoFz8uEndFP2QirZ_inv8.als","trash_fol","CORRECT","inv8","inv8","inv8c","student-oracle-raw-ast-identical"
"trash_fol/correct/ao7jKE4vbsgQfRs96_inv1.als","trash_fol","CORRECT","inv1","inv1","inv1c","student-oracle-raw-ast-identical"
"trash_fol/correct/aopaAjTNCDKBDbY4R_inv4.als","trash_fol","CORRECT","inv4","inv4","inv4c","student-oracle-raw-ast-identical"
"trash_fol/correct/azkD57nxdzoeBttmF_inv1.als","trash_fol","CORRECT","inv1","inv1","inv1c","student-oracle-raw-ast-identical"
"trash_fol/correct/b2dJ9cHijTkTiGyGu_inv1.als","trash_fol","CORRECT","inv1","inv1","inv1c","student-oracle-raw-ast-identical"
"trash_fol/correct/b3AZdsdPGqyG3Drnt_inv2.als","trash_fol","CORRECT","inv2","inv2","inv2c","student-oracle-raw-ast-identical"
"trash_fol/correct/b3Cjuhue5G2q7s6Cd_inv3.als","trash_fol","CORRECT","inv3","inv3","inv3c","student-oracle-raw-ast-identical"
"trash_fol/correct/bEd5FQzc5SZKpNNhH_inv9.als","trash_fol","CORRECT","inv9","inv9","inv9c","student-oracle-raw-ast-identical"
"trash_fol/correct/bFPQc49StPESPMuT5_inv1.als","trash_fol","CORRECT","inv1","inv1","inv1c","student-oracle-raw-ast-identical"
"trash_fol/correct/bL6yfZDnEncWkcxc9_inv1.als","trash_fol","CORRECT","inv1","inv1","inv1c","student-oracle-raw-ast-identical"
"trash_fol/correct/bo5XPLLq5y4RgbRKz_inv1.als","trash_fol","CORRECT","inv1","inv1","inv1c","student-oracle-raw-ast-identical"
"trash_fol/correct/borpDdB6wmrCqGjet_inv4.als","trash_fol","CORRECT","inv4","inv4","inv4c","student-oracle-raw-ast-identical"
"trash_fol/correct/cBJc7gzgPTvsnZuuu_inv2.als","trash_fol","CORRECT","inv2","inv2","inv2c","student-oracle-raw-ast-identical"
"trash_fol/correct/cGPQRRdQBJvxYehQc_inv1.als","trash_fol","CORRECT","inv1","inv1","inv1c","student-oracle-raw-ast-identical"
"trash_fol/correct/cMEvJdX2DFe9H3ZqB_inv3.als","trash_fol","CORRECT","inv3","inv3","inv3c","student-oracle-raw-ast-identical"
"trash_fol/correct/d4idtyeaPyCGmMTRi_inv2.als","trash_fol","CORRECT","inv2","inv2","inv2c","student-oracle-raw-ast-identical"
"trash_fol/correct/dC5tC9RbXwE5SvkAC_inv4.als","trash_fol","CORRECT","inv4","inv4","inv4c","student-oracle-raw-ast-identical"
"trash_fol/correct/dF8Cc3W6KPJmNFhgL_inv1.als","trash_fol","CORRECT","inv1","inv1","inv1c","student-oracle-raw-ast-identical"
"trash_fol/correct/dcKeHJHEaENMyQ7B6_inv9.als","trash_fol","CORRECT","inv9","inv9","inv9c","student-oracle-raw-ast-identical"
"trash_fol/correct/eF4zb49bAibjDtZvm_inv8.als","trash_fol","CORRECT","inv8","inv8","inv8c","student-oracle-raw-ast-identical"
"trash_fol/correct/eFaiWnzWE8NYCrewF_inv1.als","trash_fol","CORRECT","inv1","inv1","inv1c","student-oracle-raw-ast-identical"
"trash_fol/correct/eGnTMx4rz3BcYYGM5_inv8.als","trash_fol","CORRECT","inv8","inv8","inv8c","student-oracle-raw-ast-identical"
"trash_fol/correct/eQ23fmqFd8ycuEq4r_inv1.als","trash_fol","CORRECT","inv1","inv1","inv1c","student-oracle-raw-ast-identical"
"trash_fol/correct/eXnZWdAb72fttqMHg_inv1.als","trash_fol","CORRECT","inv1","inv1","inv1c","student-oracle-raw-ast-identical"
"trash_fol/correct/emYFXHHPQxrmiogY6_inv1.als","trash_fol","CORRECT","inv1","inv1","inv1c","student-oracle-raw-ast-identical"
"trash_fol/correct/evhGLc8pmSMKQfZtJ_inv4.als","trash_fol","CORRECT","inv4","inv4","inv4c","student-oracle-raw-ast-identical"
"trash_fol/correct/expfMcFH3yYYE678E_inv1.als","trash_fol","CORRECT","inv1","inv1","inv1c","student-oracle-raw-ast-identical"
"trash_fol/correct/ey2ARuYAdbJGwFYfn_inv3.als","trash_fol","CORRECT","inv3","inv3","inv3c","student-oracle-raw-ast-identical"
"trash_fol/correct/f5qSu2nRkeAj2zQTk_inv2.als","trash_fol","CORRECT","inv2","inv2","inv2c","student-oracle-raw-ast-identical"
"trash_fol/correct/fLQWc2GSSud9vhhPo_inv9.als","trash_fol","CORRECT","inv9","inv9","inv9c","student-oracle-raw-ast-identical"
"trash_fol/correct/fapgacfaAsqcGqPGB_inv1.als","trash_fol","CORRECT","inv1","inv1","inv1c","student-oracle-raw-ast-identical"
"trash_fol/correct/faxeWWKGphW5Qyr4c_inv1.als","trash_fol","CORRECT","inv1","inv1","inv1c","student-oracle-raw-ast-identical"
"trash_fol/correct/fb3oYDD6uQDaSpWqT_inv4.als","trash_fol","CORRECT","inv4","inv4","inv4c","student-oracle-raw-ast-identical"
"trash_fol/correct/fiwnirixMzsEnRHRb_inv8.als","trash_fol","CORRECT","inv8","inv8","inv8c","student-oracle-raw-ast-identical"
"trash_fol/correct/gDPLTrm9qwj7MkRLX_inv3.als","trash_fol","CORRECT","inv3","inv3","inv3c","student-oracle-raw-ast-identical"
"trash_fol/correct/gGghfB9CNuJZL9NPN_inv8.als","trash_fol","CORRECT","inv8","inv8","inv8c","student-oracle-raw-ast-identical"
"trash_fol/correct/gGhrwTXg7xTtt5PoQ_inv3.als","trash_fol","CORRECT","inv3","inv3","inv3c","student-oracle-raw-ast-identical"
"trash_fol/correct/gRKETnEks4oATHMzd_inv1.als","trash_fol","CORRECT","inv1","inv1","inv1c","student-oracle-raw-ast-identical"
"trash_fol/correct/gYpDjBs7cnCjExhtj_inv4.als","trash_fol","CORRECT","inv4","inv4","inv4c","student-oracle-raw-ast-identical"
"trash_fol/correct/ghKbyMi77brZsjNSo_inv1.als","trash_fol","CORRECT","inv1","inv1","inv1c","student-oracle-raw-ast-identical"
"trash_fol/correct/gmHjw8ci3ZPoKBZCT_inv3.als","trash_fol","CORRECT","inv3","inv3","inv3c","student-oracle-raw-ast-identical"
"trash_fol/correct/gmot8nRubFWBCTqpB_inv1.als","trash_fol","CORRECT","inv1","inv1","inv1c","student-oracle-raw-ast-identical"
"trash_fol/correct/h3x4xwJTt69GxonTt_inv2.als","trash_fol","CORRECT","inv2","inv2","inv2c","student-oracle-raw-ast-identical"
"trash_fol/correct/h5BDC6tEL7EGQHZBx_inv8.als","trash_fol","CORRECT","inv8","inv8","inv8c","student-oracle-raw-ast-identical"
"trash_fol/correct/hXmWqqine77kxRJvb_inv1.als","trash_fol","CORRECT","inv1","inv1","inv1c","student-oracle-raw-ast-identical"
"trash_fol/correct/hk98Ea53aHen8f9bk_inv1.als","trash_fol","CORRECT","inv1","inv1","inv1c","student-oracle-raw-ast-identical"
"trash_fol/correct/hkv2xmkZP8wG9iWSH_inv4.als","trash_fol","CORRECT","inv4","inv4","inv4c","student-oracle-raw-ast-identical"
"trash_fol/correct/hmZjDnmWQ82jTpMrP_inv9.als","trash_fol","CORRECT","inv9","inv9","inv9c","student-oracle-raw-ast-identical"
"trash_fol/correct/hzkSyCYrHiGaex8NQ_inv9.als","trash_fol","CORRECT","inv9","inv9","inv9c","student-oracle-raw-ast-identical"
"trash_fol/correct/iLc6NngT8C2rBEdbv_inv9.als","trash_fol","CORRECT","inv9","inv9","inv9c","student-oracle-raw-ast-identical"
"trash_fol/correct/irMNb27gQGBYZHDik_inv2.als","trash_fol","CORRECT","inv2","inv2","inv2c","student-oracle-raw-ast-identical"
"trash_fol/correct/j2Da5pcFD3KmFpRME_inv1.als","trash_fol","CORRECT","inv1","inv1","inv1c","student-oracle-raw-ast-identical"
"trash_fol/correct/j6awNWquqXAG6HWYN_inv3.als","trash_fol","CORRECT","inv3","inv3","inv3c","student-oracle-raw-ast-identical"
"trash_fol/correct/j8zht227Z7iePbaJe_inv4.als","trash_fol","CORRECT","inv4","inv4","inv4c","student-oracle-raw-ast-identical"
"trash_fol/correct/jGJfZSd9qasP7MxbS_inv2.als","trash_fol","CORRECT","inv2","inv2","inv2c","student-oracle-raw-ast-identical"
"trash_fol/correct/jPF5wy5YuuXgpdHEQ_inv9.als","trash_fol","CORRECT","inv9","inv9","inv9c","student-oracle-raw-ast-identical"
"trash_fol/correct/jQofCGpuFTZTxitua_inv2.als","trash_fol","CORRECT","inv2","inv2","inv2c","student-oracle-raw-ast-identical"
"trash_fol/correct/jWgNebbM4J5M72Abd_inv2.als","trash_fol","CORRECT","inv2","inv2","inv2c","student-oracle-raw-ast-identical"
"trash_fol/correct/jXenwjXekotpjCicM_inv9.als","trash_fol","CORRECT","inv9","inv9","inv9c","student-oracle-raw-ast-identical"
"trash_fol/correct/jjssBt3sWcXTbXWKh_inv1.als","trash_fol","CORRECT","inv1","inv1","inv1c","student-oracle-raw-ast-identical"
"trash_fol/correct/jmnJe4xcZQdqztKW5_inv8.als","trash_fol","CORRECT","inv8","inv8","inv8c","student-oracle-raw-ast-identical"
"trash_fol/correct/juSRxs8S8Dc9hBSC7_inv1.als","trash_fol","CORRECT","inv1","inv1","inv1c","student-oracle-raw-ast-identical"
"trash_fol/correct/kBYg2ugiSXCpEMCy7_inv10.als","trash_fol","CORRECT","inv10","inv10","inv10c","student-oracle-raw-ast-identical"
"trash_fol/correct/kJWovJsbWP6AByiLw_inv7.als","trash_fol","CORRECT","inv7","inv7","inv7c","student-oracle-raw-ast-identical"
"trash_fol/correct/ksTyE9tW2uxSfFiiH_inv8.als","trash_fol","CORRECT","inv8","inv8","inv8c","student-oracle-raw-ast-identical"
"trash_fol/correct/mKgeiDYdL5MszrxEb_inv1.als","trash_fol","CORRECT","inv1","inv1","inv1c","student-oracle-raw-ast-identical"
"trash_fol/correct/mZZeiMPBZ6QTPnEt9_inv9.als","trash_fol","CORRECT","inv9","inv9","inv9c","student-oracle-raw-ast-identical"
"trash_fol/correct/maHHJaDCmCrpjvQHD_inv8.als","trash_fol","CORRECT","inv8","inv8","inv8c","student-oracle-raw-ast-identical"
"trash_fol/correct/mwDwvtbsAiMptNxTd_inv4.als","trash_fol","CORRECT","inv4","inv4","inv4c","student-oracle-raw-ast-identical"
"trash_fol/correct/nGtqC8nhR2eciyBPL_inv1.als","trash_fol","CORRECT","inv1","inv1","inv1c","student-oracle-raw-ast-identical"
"trash_fol/correct/nJacno7WQsaEvZFyX_inv2.als","trash_fol","CORRECT","inv2","inv2","inv2c","student-oracle-raw-ast-identical"
"trash_fol/correct/nSMzrzHasj7Z2YtGb_inv1.als","trash_fol","CORRECT","inv1","inv1","inv1c","student-oracle-raw-ast-identical"
"trash_fol/correct/nYu6zmFBkqBWM9AZn_inv1.als","trash_fol","CORRECT","inv1","inv1","inv1c","student-oracle-raw-ast-identical"
"trash_fol/correct/nZuoQCSntkKFPtpy8_inv1.als","trash_fol","CORRECT","inv1","inv1","inv1c","student-oracle-raw-ast-identical"
"trash_fol/correct/neJT3d3B6FHvw6swi_inv1.als","trash_fol","CORRECT","inv1","inv1","inv1c","student-oracle-raw-ast-identical"
"trash_fol/correct/ngfeGpBQ2jJuvKBMg_inv2.als","trash_fol","CORRECT","inv2","inv2","inv2c","student-oracle-raw-ast-identical"
"trash_fol/correct/nhWHBNtcBYmQLrM4H_inv1.als","trash_fol","CORRECT","inv1","inv1","inv1c","student-oracle-raw-ast-identical"
"trash_fol/correct/ntdGKZTYmHkrYvC8a_inv2.als","trash_fol","CORRECT","inv2","inv2","inv2c","student-oracle-raw-ast-identical"
"trash_fol/correct/nyEYKTPZ5rXkWw7bo_inv1.als","trash_fol","CORRECT","inv1","inv1","inv1c","student-oracle-raw-ast-identical"
"trash_fol/correct/o8WEhLwQG5hRud6hL_inv1.als","trash_fol","CORRECT","inv1","inv1","inv1c","student-oracle-raw-ast-identical"
"trash_fol/correct/o9PeLvEBTg5kv6cLN_inv4.als","trash_fol","CORRECT","inv4","inv4","inv4c","student-oracle-raw-ast-identical"
"trash_fol/correct/oAHYJ5Jwr7wwsN3Ab_inv3.als","trash_fol","CORRECT","inv3","inv3","inv3c","student-oracle-raw-ast-identical"
"trash_fol/correct/oB44dMvZ6NZkBMnAR_inv10.als","trash_fol","CORRECT","inv10","inv10","inv10c","student-oracle-raw-ast-identical"
"trash_fol/correct/oFqCKMjQNpu6icPAo_inv3.als","trash_fol","CORRECT","inv3","inv3","inv3c","student-oracle-raw-ast-identical"
"trash_fol/correct/oMzLjcAqn6eJEe6k4_inv2.als","trash_fol","CORRECT","inv2","inv2","inv2c","student-oracle-raw-ast-identical"
"trash_fol/correct/oSGussweQtKTjZnx2_inv1.als","trash_fol","CORRECT","inv1","inv1","inv1c","student-oracle-raw-ast-identical"
"trash_fol/correct/ob7F9aBe4B7X5BkCj_inv3.als","trash_fol","CORRECT","inv3","inv3","inv3c","student-oracle-raw-ast-identical"
"trash_fol/correct/oscWeTBFWje8g8XQA_inv1.als","trash_fol","CORRECT","inv1","inv1","inv1c","student-oracle-raw-ast-identical"
"trash_fol/correct/ovPG9kKnRZcAdhxFJ_inv9.als","trash_fol","CORRECT","inv9","inv9","inv9c","student-oracle-raw-ast-identical"
"trash_fol/correct/ow4TFQe8AHYiDGXaj_inv9.als","trash_fol","CORRECT","inv9","inv9","inv9c","student-oracle-raw-ast-identical"
"trash_fol/correct/ozjc4tPSpBiPx5abN_inv8.als","trash_fol","CORRECT","inv8","inv8","inv8c","student-oracle-raw-ast-identical"
"trash_fol/correct/p6q3e7TqwagJzTj9s_inv2.als","trash_fol","CORRECT","inv2","inv2","inv2c","student-oracle-raw-ast-identical"
"trash_fol/correct/pR7bQPwopPGxpSMqP_inv1.als","trash_fol","CORRECT","inv1","inv1","inv1c","student-oracle-raw-ast-identical"
"trash_fol/correct/pRDMwG5xFjSNHrTuc_inv8.als","trash_fol","CORRECT","inv8","inv8","inv8c","student-oracle-raw-ast-identical"
"trash_fol/correct/q63B3oRHqBxWFcJSj_inv1.als","trash_fol","CORRECT","inv1","inv1","inv1c","student-oracle-raw-ast-identical"
"trash_fol/correct/qGEPo6DCwZQvg6QPj_inv1.als","trash_fol","CORRECT","inv1","inv1","inv1c","student-oracle-raw-ast-identical"
"trash_fol/correct/qSjbSQRQMWf2oL64Q_inv10.als","trash_fol","CORRECT","inv10","inv10","inv10c","student-oracle-raw-ast-identical"
"trash_fol/correct/qepsoFPDCNudGjh9z_inv10.als","trash_fol","CORRECT","inv10","inv10","inv10c","student-oracle-raw-ast-identical"
"trash_fol/correct/qqHd9puRyDRRwzKgm_inv1.als","trash_fol","CORRECT","inv1","inv1","inv1c","student-oracle-raw-ast-identical"
"trash_fol/correct/qv8j9eSqbRPEXqhEN_inv8.als","trash_fol","CORRECT","inv8","inv8","inv8c","student-oracle-raw-ast-identical"
"trash_fol/correct/r4pvaSLCQDGLNjxhh_inv3.als","trash_fol","CORRECT","inv3","inv3","inv3c","student-oracle-raw-ast-identical"
"trash_fol/correct/rAWtLCbNmuq8NeSKQ_inv3.als","trash_fol","CORRECT","inv3","inv3","inv3c","student-oracle-raw-ast-identical"
"trash_fol/correct/rFcMGh9gSfpdybtnN_inv9.als","trash_fol","CORRECT","inv9","inv9","inv9c","student-oracle-raw-ast-identical"
"trash_fol/correct/rSN5XeEc56ofKRh87_inv1.als","trash_fol","CORRECT","inv1","inv1","inv1c","student-oracle-raw-ast-identical"
"trash_fol/correct/rkTBMBr3LqLERwGsH_inv9.als","trash_fol","CORRECT","inv9","inv9","inv9c","student-oracle-raw-ast-identical"
"trash_fol/correct/rkW5FmXg6cj93miga_inv1.als","trash_fol","CORRECT","inv1","inv1","inv1c","student-oracle-raw-ast-identical"
"trash_fol/correct/rpCWWWPyC6i93Pqyh_inv8.als","trash_fol","CORRECT","inv8","inv8","inv8c","student-oracle-raw-ast-identical"
"trash_fol/correct/s8TZxnpps39mxidhA_inv9.als","trash_fol","CORRECT","inv9","inv9","inv9c","student-oracle-raw-ast-identical"
"trash_fol/correct/sRMsgd9ujBEMeXkgy_inv1.als","trash_fol","CORRECT","inv1","inv1","inv1c","student-oracle-raw-ast-identical"
"trash_fol/correct/sRyqQY8GqiNBhmCJY_inv9.als","trash_fol","CORRECT","inv9","inv9","inv9c","student-oracle-raw-ast-identical"
"trash_fol/correct/sdzSDsT2A9TGcvwa8_inv1.als","trash_fol","CORRECT","inv1","inv1","inv1c","student-oracle-raw-ast-identical"
"trash_fol/correct/shjfvnyCjEvmDRBkk_inv8.als","trash_fol","CORRECT","inv8","inv8","inv8c","student-oracle-raw-ast-identical"
"trash_fol/correct/smAT46MRWCEu5pE94_inv1.als","trash_fol","CORRECT","inv1","inv1","inv1c","student-oracle-raw-ast-identical"
"trash_fol/correct/smo4EYXszpjg8oFje_inv1.als","trash_fol","CORRECT","inv1","inv1","inv1c","student-oracle-raw-ast-identical"
"trash_fol/correct/sqp4at8PTxtCXYBXP_inv1.als","trash_fol","CORRECT","inv1","inv1","inv1c","student-oracle-raw-ast-identical"
"trash_fol/correct/sqwJ7tJGu6ysXoNd8_inv1.als","trash_fol","CORRECT","inv1","inv1","inv1c","student-oracle-raw-ast-identical"
"trash_fol/correct/tJy6dBzTamiXReFQB_inv1.als","trash_fol","CORRECT","inv1","inv1","inv1c","student-oracle-raw-ast-identical"
"trash_fol/correct/tK6t4k6AE3k4jBXNg_inv8.als","trash_fol","CORRECT","inv8","inv8","inv8c","student-oracle-raw-ast-identical"
"trash_fol/correct/tKjsn7FDKWKhSTniW_inv1.als","trash_fol","CORRECT","inv1","inv1","inv1c","student-oracle-raw-ast-identical"
"trash_fol/correct/tTi3neveurRwbmQqT_inv1.als","trash_fol","CORRECT","inv1","inv1","inv1c","student-oracle-raw-ast-identical"
"trash_fol/correct/tau9jxYhArCQ5vRgo_inv4.als","trash_fol","CORRECT","inv4","inv4","inv4c","student-oracle-raw-ast-identical"
"trash_fol/correct/ttqmXw5y5MN4XJHnC_inv8.als","trash_fol","CORRECT","inv8","inv8","inv8c","student-oracle-raw-ast-identical"
"trash_fol/correct/ty4o6fP86MXncmgck_inv8.als","trash_fol","CORRECT","inv8","inv8","inv8c","student-oracle-raw-ast-identical"
"trash_fol/correct/tzCLfFXrYv4eq32HP_inv8.als","trash_fol","CORRECT","inv8","inv8","inv8c","student-oracle-raw-ast-identical"
"trash_fol/correct/u2iLetae5wkQdzp9y_inv1.als","trash_fol","CORRECT","inv1","inv1","inv1c","student-oracle-raw-ast-identical"
"trash_fol/correct/u7qjRx9CNye7cjMyS_inv4.als","trash_fol","CORRECT","inv4","inv4","inv4c","student-oracle-raw-ast-identical"
"trash_fol/correct/uCCfJnERiQZEueBgd_inv3.als","trash_fol","CORRECT","inv3","inv3","inv3c","student-oracle-raw-ast-identical"
"trash_fol/correct/uYygQC9w8MFgfz6mC_inv3.als","trash_fol","CORRECT","inv3","inv3","inv3c","student-oracle-raw-ast-identical"
"trash_fol/correct/ubPJoujJinqnqEywt_inv3.als","trash_fol","CORRECT","inv3","inv3","inv3c","student-oracle-raw-ast-identical"
"trash_fol/correct/uco6jFthx2m5srXRA_inv2.als","trash_fol","CORRECT","inv2","inv2","inv2c","student-oracle-raw-ast-identical"
"trash_fol/correct/uotMeQpX3EohHZvWM_inv4.als","trash_fol","CORRECT","inv4","inv4","inv4c","student-oracle-raw-ast-identical"
"trash_fol/correct/v3G9kiwXuaekT78qZ_inv1.als","trash_fol","CORRECT","inv1","inv1","inv1c","student-oracle-raw-ast-identical"
"trash_fol/correct/vE8EPQW25Bdo4P3Wp_inv8.als","trash_fol","CORRECT","inv8","inv8","inv8c","student-oracle-raw-ast-identical"
"trash_fol/correct/vYaTyeL7HPvWNDZWp_inv9.als","trash_fol","CORRECT","inv9","inv9","inv9c","student-oracle-raw-ast-identical"
"trash_fol/correct/vZZNsnj28XFtym47q_inv2.als","trash_fol","CORRECT","inv2","inv2","inv2c","student-oracle-raw-ast-identical"
"trash_fol/correct/vaMd6r6ot8JqDsXwm_inv3.als","trash_fol","CORRECT","inv3","inv3","inv3c","student-oracle-raw-ast-identical"
"trash_fol/correct/wLBZ7r7R5ZE94zSfa_inv3.als","trash_fol","CORRECT","inv3","inv3","inv3c","student-oracle-raw-ast-identical"
"trash_fol/correct/wQZXhn4XRDnEB2dfi_inv8.als","trash_fol","CORRECT","inv8","inv8","inv8c","student-oracle-raw-ast-identical"
"trash_fol/correct/wXn3QZgMbHydHtqEY_inv1.als","trash_fol","CORRECT","inv1","inv1","inv1c","student-oracle-raw-ast-identical"
"trash_fol/correct/wdoaxriWmgLEfcihj_inv7.als","trash_fol","CORRECT","inv7","inv7","inv7c","student-oracle-raw-ast-identical"
"trash_fol/correct/wvyAbwtjWNvbxabGF_inv3.als","trash_fol","CORRECT","inv3","inv3","inv3c","student-oracle-raw-ast-identical"
"trash_fol/correct/x9uBPJdARvY3XYw7r_inv4.als","trash_fol","CORRECT","inv4","inv4","inv4c","student-oracle-raw-ast-identical"
"trash_fol/correct/xjKWSiMzRTip8Zwed_inv4.als","trash_fol","CORRECT","inv4","inv4","inv4c","student-oracle-raw-ast-identical"
"trash_fol/correct/xvYqhr7nmhHM8uRqf_inv9.als","trash_fol","CORRECT","inv9","inv9","inv9c","student-oracle-raw-ast-identical"
"trash_fol/correct/xwoqAJd44uzwqSL3F_inv2.als","trash_fol","CORRECT","inv2","inv2","inv2c","student-oracle-raw-ast-identical"
"trash_fol/correct/xycbiczpFmCgNqcxK_inv2.als","trash_fol","CORRECT","inv2","inv2","inv2c","student-oracle-raw-ast-identical"
"trash_fol/correct/yBfuXniLntkfDMyBu_inv2.als","trash_fol","CORRECT","inv2","inv2","inv2c","student-oracle-raw-ast-identical"
"trash_fol/correct/yEr9HWDFNRtkFiuGQ_inv9.als","trash_fol","CORRECT","inv9","inv9","inv9c","student-oracle-raw-ast-identical"
"trash_fol/correct/ygLQZPvw8HhaPSLM6_inv8.als","trash_fol","CORRECT","inv8","inv8","inv8c","student-oracle-raw-ast-identical"
"trash_fol/correct/ygTHwdzvFPWycm9jf_inv9.als","trash_fol","CORRECT","inv9","inv9","inv9c","student-oracle-raw-ast-identical"
"trash_fol/correct/yzSTCZi96CbFqGaam_inv9.als","trash_fol","CORRECT","inv9","inv9","inv9c","student-oracle-raw-ast-identical"
"trash_fol/correct/zH3zmffC4Ey9CqyMB_inv1.als","trash_fol","CORRECT","inv1","inv1","inv1c","student-oracle-raw-ast-identical"
"trash_fol/correct/zLmM9ruNFJmiMata5_inv3.als","trash_fol","CORRECT","inv3","inv3","inv3c","student-oracle-raw-ast-identical"
"trash_fol/correct/zY2Bd82B33rwjAhWm_inv7.als","trash_fol","CORRECT","inv7","inv7","inv7c","student-oracle-raw-ast-identical"
"trash_fol/correct/zYBg2EayGgHL6ENPA_inv2.als","trash_fol","CORRECT","inv2","inv2","inv2c","student-oracle-raw-ast-identical"
"trash_fol/correct/zaMChHALGuKhy9Jpu_inv2.als","trash_fol","CORRECT","inv2","inv2","inv2c","student-oracle-raw-ast-identical"
"trash_fol/correct/zcZK7cw594iE8nvrr_inv4.als","trash_fol","CORRECT","inv4","inv4","inv4c","student-oracle-raw-ast-identical"
"trash_fol/correct/zgeKovN4gfRsjb6Rm_inv2.als","trash_fol","CORRECT","inv2","inv2","inv2c","student-oracle-raw-ast-identical"
"trash_fol/correct/zn3w37JzpCkpXnoyJ_inv2.als","trash_fol","CORRECT","inv2","inv2","inv2c","student-oracle-raw-ast-identical"
"trash_ltl/correct/24REb2qJWpGWfqGRf_inv3.als","trash_ltl","CORRECT","inv3","inv3","inv3c","student-oracle-raw-ast-identical"
"trash_ltl/correct/25E8CBjhXFiqnPzAQ_inv3.als","trash_ltl","CORRECT","inv3","inv3","inv3c","student-oracle-raw-ast-identical"
"trash_ltl/correct/288vYE48z6qfGLP6Y_inv4.als","trash_ltl","CORRECT","inv4","inv4","inv4c","student-oracle-raw-ast-identical"
"trash_ltl/correct/2JJarhN6BPByRievH_inv8.als","trash_ltl","CORRECT","inv8","inv8","inv8c","student-oracle-raw-ast-identical"
"trash_ltl/correct/2bBePWaem8xsJNksA_inv19.als","trash_ltl","CORRECT","inv19","inv19","inv19c","student-oracle-raw-ast-identical"
"trash_ltl/correct/2cjojBix5RgQ4JNDX_inv15.als","trash_ltl","CORRECT","inv15","inv15","inv15c","student-oracle-raw-ast-identical"
"trash_ltl/correct/2fHaZnuosKLZjMWet_inv16.als","trash_ltl","CORRECT","inv16","inv16","inv16c","student-oracle-raw-ast-identical"
"trash_ltl/correct/2gPbeWGxQYRKmBQhN_inv1.als","trash_ltl","CORRECT","inv1","inv1","inv1c","student-oracle-raw-ast-identical"
"trash_ltl/correct/2ksScbY5TopYEFzLS_inv5.als","trash_ltl","CORRECT","inv5","inv5","inv5c","student-oracle-raw-ast-identical"
"trash_ltl/correct/2rx5ZBt9vzEFahDvi_inv4.als","trash_ltl","CORRECT","inv4","inv4","inv4c","student-oracle-raw-ast-identical"
"trash_ltl/correct/2zyv6mSDwrE5AkvSr_inv3.als","trash_ltl","CORRECT","inv3","inv3","inv3c","student-oracle-raw-ast-identical"
"trash_ltl/correct/3GYptLraC4EYLKLRe_inv1.als","trash_ltl","CORRECT","inv1","inv1","inv1c","student-oracle-raw-ast-identical"
"trash_ltl/correct/3WK5tgC9HaA4mJfcq_inv15.als","trash_ltl","CORRECT","inv15","inv15","inv15c","student-oracle-raw-ast-identical"
"trash_ltl/correct/3mfqjZBkvJSH2Ksd6_inv4.als","trash_ltl","CORRECT","inv4","inv4","inv4c","student-oracle-raw-ast-identical"
"trash_ltl/correct/3s3x3jKuCnsHEi9MF_inv3.als","trash_ltl","CORRECT","inv3","inv3","inv3c","student-oracle-raw-ast-identical"
"trash_ltl/correct/3zFTdEEsXHL5v7ECn_inv4.als","trash_ltl","CORRECT","inv4","inv4","inv4c","student-oracle-raw-ast-identical"
"trash_ltl/correct/43a2hfZ5Z5977tCqc_inv3.als","trash_ltl","CORRECT","inv3","inv3","inv3c","student-oracle-raw-ast-identical"
"trash_ltl/correct/44LMNyXGF8Xu6iwT5_inv8.als","trash_ltl","CORRECT","inv8","inv8","inv8c","student-oracle-raw-ast-identical"
"trash_ltl/correct/45vjSQXZKKbJ9Wa3v_inv1.als","trash_ltl","CORRECT","inv1","inv1","inv1c","student-oracle-raw-ast-identical"
"trash_ltl/correct/46mR29q6b2TDEmqHW_inv7.als","trash_ltl","CORRECT","inv7","inv7","inv7c","student-oracle-raw-ast-identical"
"trash_ltl/correct/49MJQbS6SitmafKXY_inv15.als","trash_ltl","CORRECT","inv15","inv15","inv15c","student-oracle-raw-ast-identical"
"trash_ltl/correct/4CWN7DtrKZycHGTXs_inv13.als","trash_ltl","CORRECT","inv13","inv13","inv13c","student-oracle-raw-ast-identical"
"trash_ltl/correct/4MYu7QkpXk9dS7rqw_inv4.als","trash_ltl","CORRECT","inv4","inv4","inv4c","student-oracle-raw-ast-identical"
"trash_ltl/correct/4NHYckGN69hwpuvaZ_inv4.als","trash_ltl","CORRECT","inv4","inv4","inv4c","student-oracle-raw-ast-identical"
"trash_ltl/correct/4TMQx2sCzydmeYTTj_inv9.als","trash_ltl","CORRECT","inv9","inv9","inv9c","student-oracle-raw-ast-identical"
"trash_ltl/correct/4gtogxXhowxPM8hAw_inv9.als","trash_ltl","CORRECT","inv9","inv9","inv9c","student-oracle-raw-ast-identical"
"trash_ltl/correct/4qWmNsqff4znFQa5R_inv10.als","trash_ltl","CORRECT","inv10","inv10","inv10c","student-oracle-raw-ast-identical"
"trash_ltl/correct/4t9dJ4LsuTWnGPbKw_inv4.als","trash_ltl","CORRECT","inv4","inv4","inv4c","student-oracle-raw-ast-identical"
"trash_ltl/correct/4x9iwKz5EeKTpti4u_inv5.als","trash_ltl","CORRECT","inv5","inv5","inv5c","student-oracle-raw-ast-identical"
"trash_ltl/correct/4zAZiZrLFipAf5HFb_inv11.als","trash_ltl","CORRECT","inv11","inv11","inv11c","student-oracle-raw-ast-identical"
"trash_ltl/correct/57tMghabS5MzZXpev_inv19.als","trash_ltl","CORRECT","inv19","inv19","inv19c","student-oracle-raw-ast-identical"
"trash_ltl/correct/5J3QJSHiyNHneWuPJ_inv3.als","trash_ltl","CORRECT","inv3","inv3","inv3c","student-oracle-raw-ast-identical"
"trash_ltl/correct/5LwJjMijE7wgX2Ew2_inv7.als","trash_ltl","CORRECT","inv7","inv7","inv7c","student-oracle-raw-ast-identical"
"trash_ltl/correct/5ZDCvrepHpvR95viC_inv7.als","trash_ltl","CORRECT","inv7","inv7","inv7c","student-oracle-raw-ast-identical"
"trash_ltl/correct/5f2Zj4QtqmhFvNkXj_inv15.als","trash_ltl","CORRECT","inv15","inv15","inv15c","student-oracle-raw-ast-identical"
"trash_ltl/correct/5iCnGWSM3xFKenvyH_inv7.als","trash_ltl","CORRECT","inv7","inv7","inv7c","student-oracle-raw-ast-identical"
"trash_ltl/correct/5ioNctDr8ugjowgH2_inv4.als","trash_ltl","CORRECT","inv4","inv4","inv4c","student-oracle-raw-ast-identical"
"trash_ltl/correct/5kRcDZ5dp87nycpfW_inv3.als","trash_ltl","CORRECT","inv3","inv3","inv3c","student-oracle-raw-ast-identical"
"trash_ltl/correct/5kvEJgMCWQBdDdxBs_inv4.als","trash_ltl","CORRECT","inv4","inv4","inv4c","student-oracle-raw-ast-identical"
"trash_ltl/correct/5sgXtJjrHCC8hpmz8_inv10.als","trash_ltl","CORRECT","inv10","inv10","inv10c","student-oracle-raw-ast-identical"
"trash_ltl/correct/5xB49rYiDPDoqerPH_inv6.als","trash_ltl","CORRECT","inv6","inv6","inv6c","student-oracle-raw-ast-identical"
"trash_ltl/correct/5zeuTRxhYtjpWkt7p_inv19.als","trash_ltl","CORRECT","inv19","inv19","inv19c","student-oracle-raw-ast-identical"
"trash_ltl/correct/64oYrjfbZ3Javnd7h_inv3.als","trash_ltl","CORRECT","inv3","inv3","inv3c","student-oracle-raw-ast-identical"
"trash_ltl/correct/6JsAp43W6iNbahrCL_inv7.als","trash_ltl","CORRECT","inv7","inv7","inv7c","student-oracle-raw-ast-identical"
"trash_ltl/correct/6Ysb3BnZyY92zzsrc_inv15.als","trash_ltl","CORRECT","inv15","inv15","inv15c","student-oracle-raw-ast-identical"
"trash_ltl/correct/6dLaQ8p8sKA8B2sYS_inv7.als","trash_ltl","CORRECT","inv7","inv7","inv7c","student-oracle-raw-ast-identical"
"trash_ltl/correct/6fTeiWppCJDPLKw5k_inv15.als","trash_ltl","CORRECT","inv15","inv15","inv15c","student-oracle-raw-ast-identical"
"trash_ltl/correct/6iQ5NZHTdpYP8MiPu_inv4.als","trash_ltl","CORRECT","inv4","inv4","inv4c","student-oracle-raw-ast-identical"
"trash_ltl/correct/6kJwfroQEhaFvk8Xz_inv9.als","trash_ltl","CORRECT","inv9","inv9","inv9c","student-oracle-raw-ast-identical"
"trash_ltl/correct/6xmJgNsW4uPZhafM2_inv4.als","trash_ltl","CORRECT","inv4","inv4","inv4c","student-oracle-raw-ast-identical"
"trash_ltl/correct/7E7Pskx2A8guYGh7N_inv3.als","trash_ltl","CORRECT","inv3","inv3","inv3c","student-oracle-raw-ast-identical"
"trash_ltl/correct/7ESfSb32R6tTTpKcG_inv3.als","trash_ltl","CORRECT","inv3","inv3","inv3c","student-oracle-raw-ast-identical"
"trash_ltl/correct/7FbLYePehZhjnwpCX_inv3.als","trash_ltl","CORRECT","inv3","inv3","inv3c","student-oracle-raw-ast-identical"
"trash_ltl/correct/7HGyBYkKePKnuXPmH_inv2.als","trash_ltl","CORRECT","inv2","inv2","inv2c","student-oracle-raw-ast-identical"
"trash_ltl/correct/7PzTiADZP2dZAbRiF_inv4.als","trash_ltl","CORRECT","inv4","inv4","inv4c","student-oracle-raw-ast-identical"
"trash_ltl/correct/7XEBd2LZum2tez3c5_inv8.als","trash_ltl","CORRECT","inv8","inv8","inv8c","student-oracle-raw-ast-identical"
"trash_ltl/correct/7rGHCihSeLJWyTnYK_inv3.als","trash_ltl","CORRECT","inv3","inv3","inv3c","student-oracle-raw-ast-identical"
"trash_ltl/correct/7yPZkpPHp4JQ59gzE_inv4.als","trash_ltl","CORRECT","inv4","inv4","inv4c","student-oracle-raw-ast-identical"
"trash_ltl/correct/82CQ7EujbyRKCJGh5_inv4.als","trash_ltl","CORRECT","inv4","inv4","inv4c","student-oracle-raw-ast-identical"
"trash_ltl/correct/85A73yE52ESfnPN35_inv7.als","trash_ltl","CORRECT","inv7","inv7","inv7c","student-oracle-raw-ast-identical"
"trash_ltl/correct/8G5t8aJ3PdjnTaAEs_inv7.als","trash_ltl","CORRECT","inv7","inv7","inv7c","student-oracle-raw-ast-identical"
"trash_ltl/correct/8Q3yNNve7gKoB3DPu_inv5.als","trash_ltl","CORRECT","inv5","inv5","inv5c","student-oracle-raw-ast-identical"
"trash_ltl/correct/8QqTuzz8MHyN4R77e_inv4.als","trash_ltl","CORRECT","inv4","inv4","inv4c","student-oracle-raw-ast-identical"
"trash_ltl/correct/8Sf9GEuRHpZdr9cfm_inv3.als","trash_ltl","CORRECT","inv3","inv3","inv3c","student-oracle-raw-ast-identical"
"trash_ltl/correct/8TuJdTExtZwZecwXf_inv4.als","trash_ltl","CORRECT","inv4","inv4","inv4c","student-oracle-raw-ast-identical"
"trash_ltl/correct/8WfMzTvFcjT92DAoR_inv11.als","trash_ltl","CORRECT","inv11","inv11","inv11c","student-oracle-raw-ast-identical"
"trash_ltl/correct/8Xsn949HmRd2ayg5x_inv11.als","trash_ltl","CORRECT","inv11","inv11","inv11c","student-oracle-raw-ast-identical"
"trash_ltl/correct/8azgmu8FWZ3r5nQmY_inv7.als","trash_ltl","CORRECT","inv7","inv7","inv7c","student-oracle-raw-ast-identical"
"trash_ltl/correct/8cbPbz277weaeondP_inv11.als","trash_ltl","CORRECT","inv11","inv11","inv11c","student-oracle-raw-ast-identical"
"trash_ltl/correct/8vgq8jNWE4tKjhYJ5_inv13.als","trash_ltl","CORRECT","inv13","inv13","inv13c","student-oracle-raw-ast-identical"
"trash_ltl/correct/93sHQr5gRNXay6sKR_inv3.als","trash_ltl","CORRECT","inv3","inv3","inv3c","student-oracle-raw-ast-identical"
"trash_ltl/correct/95Eb6spPQmTwBssNX_inv11.als","trash_ltl","CORRECT","inv11","inv11","inv11c","student-oracle-raw-ast-identical"
"trash_ltl/correct/97a4WE8AoxRm4YWqL_inv3.als","trash_ltl","CORRECT","inv3","inv3","inv3c","student-oracle-raw-ast-identical"
"trash_ltl/correct/99RtpLAL4ipdXt4Rq_inv1.als","trash_ltl","CORRECT","inv1","inv1","inv1c","student-oracle-raw-ast-identical"
"trash_ltl/correct/9JwsqS3CxNoZMjKjv_inv7.als","trash_ltl","CORRECT","inv7","inv7","inv7c","student-oracle-raw-ast-identical"
"trash_ltl/correct/9KxALpyhBYGJZcK8b_inv3.als","trash_ltl","CORRECT","inv3","inv3","inv3c","student-oracle-raw-ast-identical"
"trash_ltl/correct/9NWktp8Sst93kmw7P_inv9.als","trash_ltl","CORRECT","inv9","inv9","inv9c","student-oracle-raw-ast-identical"
"trash_ltl/correct/9R3s74d5bANnP8N5N_inv13.als","trash_ltl","CORRECT","inv13","inv13","inv13c","student-oracle-raw-ast-identical"
"trash_ltl/correct/9psKWDgJcEot5fFGR_inv7.als","trash_ltl","CORRECT","inv7","inv7","inv7c","student-oracle-raw-ast-identical"
"trash_ltl/correct/9rPjT2Lgd8JhCb8fn_inv7.als","trash_ltl","CORRECT","inv7","inv7","inv7c","student-oracle-raw-ast-identical"
"trash_ltl/correct/9xbDTtLAkg9CuPicG_inv11.als","trash_ltl","CORRECT","inv11","inv11","inv11c","student-oracle-raw-ast-identical"
"trash_ltl/correct/9y8et4bh2SQiXq5cm_inv9.als","trash_ltl","CORRECT","inv9","inv9","inv9c","student-oracle-raw-ast-identical"
"trash_ltl/correct/A5794mcE6boRxZTit_inv3.als","trash_ltl","CORRECT","inv3","inv3","inv3c","student-oracle-raw-ast-identical"
"trash_ltl/correct/ABWtcxyNjFBfkGo63_inv2.als","trash_ltl","CORRECT","inv2","inv2","inv2c","student-oracle-raw-ast-identical"
"trash_ltl/correct/AJcCf6KWeaLX2WNSm_inv15.als","trash_ltl","CORRECT","inv15","inv15","inv15c","student-oracle-raw-ast-identical"
"trash_ltl/correct/AMrvGc8ZgeyG48su2_inv3.als","trash_ltl","CORRECT","inv3","inv3","inv3c","student-oracle-raw-ast-identical"
"trash_ltl/correct/ANwymr8vjRN4rTGdu_inv3.als","trash_ltl","CORRECT","inv3","inv3","inv3c","student-oracle-raw-ast-identical"
"trash_ltl/correct/APTTJKWqkWPG3ZmGQ_inv9.als","trash_ltl","CORRECT","inv9","inv9","inv9c","student-oracle-raw-ast-identical"
"trash_ltl/correct/AcgaWigzLixmt5E7w_inv9.als","trash_ltl","CORRECT","inv9","inv9","inv9c","student-oracle-raw-ast-identical"
"trash_ltl/correct/AfrTrQ7BGBEWMxRFH_inv1.als","trash_ltl","CORRECT","inv1","inv1","inv1c","student-oracle-raw-ast-identical"
"trash_ltl/correct/AvwpGuaaLrhzqaPP8_inv9.als","trash_ltl","CORRECT","inv9","inv9","inv9c","student-oracle-raw-ast-identical"
"trash_ltl/correct/B3TcLpqzsgAqswZef_inv10.als","trash_ltl","CORRECT","inv10","inv10","inv10c","student-oracle-raw-ast-identical"
"trash_ltl/correct/B53CAq4ynmyEr4sDJ_inv7.als","trash_ltl","CORRECT","inv7","inv7","inv7c","student-oracle-raw-ast-identical"
"trash_ltl/correct/BHXQdndTfPtsX44tA_inv8.als","trash_ltl","CORRECT","inv8","inv8","inv8c","student-oracle-raw-ast-identical"
"trash_ltl/correct/BMbrSeudN5FfMzwTe_inv3.als","trash_ltl","CORRECT","inv3","inv3","inv3c","student-oracle-raw-ast-identical"
"trash_ltl/correct/BN3hnAZ7TtKW4Zw4x_inv4.als","trash_ltl","CORRECT","inv4","inv4","inv4c","student-oracle-raw-ast-identical"
"trash_ltl/correct/BWT2fE6xB9F58QhiZ_inv7.als","trash_ltl","CORRECT","inv7","inv7","inv7c","student-oracle-raw-ast-identical"
"trash_ltl/correct/Bd8ksEeb9iWAvJsGs_inv2.als","trash_ltl","CORRECT","inv2","inv2","inv2c","student-oracle-raw-ast-identical"
"trash_ltl/correct/Bj4CmgG4Jp8wncz5b_inv10.als","trash_ltl","CORRECT","inv10","inv10","inv10c","student-oracle-raw-ast-identical"
"trash_ltl/correct/BphkhQnDraeNdoRjy_inv8.als","trash_ltl","CORRECT","inv8","inv8","inv8c","student-oracle-raw-ast-identical"
"trash_ltl/correct/BqJq3W2mWPdYX7ejh_inv7.als","trash_ltl","CORRECT","inv7","inv7","inv7c","student-oracle-raw-ast-identical"
"trash_ltl/correct/BriQdbkbQQssbr5x3_inv3.als","trash_ltl","CORRECT","inv3","inv3","inv3c","student-oracle-raw-ast-identical"
"trash_ltl/correct/C2pTZ5d93MPL7uXiD_inv4.als","trash_ltl","CORRECT","inv4","inv4","inv4c","student-oracle-raw-ast-identical"
"trash_ltl/correct/C6WkKuRJetBZasLgc_inv13.als","trash_ltl","CORRECT","inv13","inv13","inv13c","student-oracle-raw-ast-identical"
"trash_ltl/correct/C77hu5QcAucCyZBWH_inv15.als","trash_ltl","CORRECT","inv15","inv15","inv15c","student-oracle-raw-ast-identical"
"trash_ltl/correct/C9DzakjuAgjPWSpNa_inv9.als","trash_ltl","CORRECT","inv9","inv9","inv9c","student-oracle-raw-ast-identical"
"trash_ltl/correct/CERXtNr6tSZ6PBWP4_inv7.als","trash_ltl","CORRECT","inv7","inv7","inv7c","student-oracle-raw-ast-identical"
"trash_ltl/correct/CEgntSWPpmpcNkxj3_inv15.als","trash_ltl","CORRECT","inv15","inv15","inv15c","student-oracle-raw-ast-identical"
"trash_ltl/correct/CG9cP7gFQdazQCpPi_inv2.als","trash_ltl","CORRECT","inv2","inv2","inv2c","student-oracle-raw-ast-identical"
"trash_ltl/correct/CKoJ9YFv5T9ZakwP8_inv7.als","trash_ltl","CORRECT","inv7","inv7","inv7c","student-oracle-raw-ast-identical"
"trash_ltl/correct/CM7uFrKxPxjtKJLbK_inv6.als","trash_ltl","CORRECT","inv6","inv6","inv6c","student-oracle-raw-ast-identical"
"trash_ltl/correct/CTRjdtjPbetR7irLk_inv3.als","trash_ltl","CORRECT","inv3","inv3","inv3c","student-oracle-raw-ast-identical"
"trash_ltl/correct/CZJvTtR5CJGejS558_inv19.als","trash_ltl","CORRECT","inv19","inv19","inv19c","student-oracle-raw-ast-identical"
"trash_ltl/correct/CZzBYTmQhvTpFYQwp_inv4.als","trash_ltl","CORRECT","inv4","inv4","inv4c","student-oracle-raw-ast-identical"
"trash_ltl/correct/CcKFd5DKNZ4c2dWqB_inv5.als","trash_ltl","CORRECT","inv5","inv5","inv5c","student-oracle-raw-ast-identical"
"trash_ltl/correct/Cp2NfxNMiuEM35nud_inv7.als","trash_ltl","CORRECT","inv7","inv7","inv7c","student-oracle-raw-ast-identical"
"trash_ltl/correct/CqaL9AJKkDjSWzXn4_inv16.als","trash_ltl","CORRECT","inv16","inv16","inv16c","student-oracle-raw-ast-identical"
"trash_ltl/correct/CqfLLPxLgRQSLfqrS_inv5.als","trash_ltl","CORRECT","inv5","inv5","inv5c","student-oracle-raw-ast-identical"
"trash_ltl/correct/CtBSdhemMutpjRuwn_inv6.als","trash_ltl","CORRECT","inv6","inv6","inv6c","student-oracle-raw-ast-identical"
"trash_ltl/correct/D4DBQ7aurcxmcufsb_inv9.als","trash_ltl","CORRECT","inv9","inv9","inv9c","student-oracle-raw-ast-identical"
"trash_ltl/correct/DDGWxXHkppHY5vmRo_inv2.als","trash_ltl","CORRECT","inv2","inv2","inv2c","student-oracle-raw-ast-identical"
"trash_ltl/correct/DK9MCxfBju2bCJLod_inv12.als","trash_ltl","CORRECT","inv12","inv12","inv12c","student-oracle-raw-ast-identical"
"trash_ltl/correct/DLQ9y3jdm49F59zpj_inv6.als","trash_ltl","CORRECT","inv6","inv6","inv6c","student-oracle-raw-ast-identical"
"trash_ltl/correct/DNk2w7EsdQiQGAqpZ_inv10.als","trash_ltl","CORRECT","inv10","inv10","inv10c","student-oracle-raw-ast-identical"
"trash_ltl/correct/DRu2KkYFyFjD5dCG8_inv8.als","trash_ltl","CORRECT","inv8","inv8","inv8c","student-oracle-raw-ast-identical"
"trash_ltl/correct/DTnBTe8tsnGqYcDwM_inv7.als","trash_ltl","CORRECT","inv7","inv7","inv7c","student-oracle-raw-ast-identical"
"trash_ltl/correct/DbawuMnt6B5R4rZtw_inv1.als","trash_ltl","CORRECT","inv1","inv1","inv1c","student-oracle-raw-ast-identical"
"trash_ltl/correct/DcxZ53qrwvwqDMWyT_inv12.als","trash_ltl","CORRECT","inv12","inv12","inv12c","student-oracle-raw-ast-identical"
"trash_ltl/correct/Ddnf7PDQ4T8wJSYvW_inv6.als","trash_ltl","CORRECT","inv6","inv6","inv6c","student-oracle-raw-ast-identical"
"trash_ltl/correct/DgYNpb6x7Jdx6Rw2t_inv19.als","trash_ltl","CORRECT","inv19","inv19","inv19c","student-oracle-raw-ast-identical"
"trash_ltl/correct/DkqEonRWW57A48o2q_inv6.als","trash_ltl","CORRECT","inv6","inv6","inv6c","student-oracle-raw-ast-identical"
"trash_ltl/correct/DttMkdC55a3zn3JbM_inv3.als","trash_ltl","CORRECT","inv3","inv3","inv3c","student-oracle-raw-ast-identical"
"trash_ltl/correct/DxZpsHDm7LFmMpWRF_inv7.als","trash_ltl","CORRECT","inv7","inv7","inv7c","student-oracle-raw-ast-identical"
"trash_ltl/correct/DyWjMAqBGWp2p7D37_inv1.als","trash_ltl","CORRECT","inv1","inv1","inv1c","student-oracle-raw-ast-identical"
"trash_ltl/correct/E3NFeSYg32yrF6eBu_inv5.als","trash_ltl","CORRECT","inv5","inv5","inv5c","student-oracle-raw-ast-identical"
"trash_ltl/correct/E4KnS9bFJZ2DC59Du_inv1.als","trash_ltl","CORRECT","inv1","inv1","inv1c","student-oracle-raw-ast-identical"
"trash_ltl/correct/E8WTA6Y4epLmbSnqM_inv3.als","trash_ltl","CORRECT","inv3","inv3","inv3c","student-oracle-raw-ast-identical"
"trash_ltl/correct/ED2EwX68B4nwdmTGb_inv5.als","trash_ltl","CORRECT","inv5","inv5","inv5c","student-oracle-raw-ast-identical"
"trash_ltl/correct/EFNSxHStKfAXRDhQZ_inv9.als","trash_ltl","CORRECT","inv9","inv9","inv9c","student-oracle-raw-ast-identical"
"trash_ltl/correct/EG5tZo4etux2meYBP_inv6.als","trash_ltl","CORRECT","inv6","inv6","inv6c","student-oracle-raw-ast-identical"
"trash_ltl/correct/EMRKxfDrGgpwSHYmQ_inv2.als","trash_ltl","CORRECT","inv2","inv2","inv2c","student-oracle-raw-ast-identical"
"trash_ltl/correct/EPsK4nkDZ4Mb9TYoL_inv2.als","trash_ltl","CORRECT","inv2","inv2","inv2c","student-oracle-raw-ast-identical"
"trash_ltl/correct/EReiqei5x2crAxWmf_inv3.als","trash_ltl","CORRECT","inv3","inv3","inv3c","student-oracle-raw-ast-identical"
"trash_ltl/correct/ESXs8vH3Qn4GAYnSs_inv4.als","trash_ltl","CORRECT","inv4","inv4","inv4c","student-oracle-raw-ast-identical"
"trash_ltl/correct/EWG8tB6RhhPPxi33M_inv17.als","trash_ltl","CORRECT","inv17","inv17","inv17c","student-oracle-raw-ast-identical"
"trash_ltl/correct/EZ32zsLGzznPTX3N6_inv3.als","trash_ltl","CORRECT","inv3","inv3","inv3c","student-oracle-raw-ast-identical"
"trash_ltl/correct/EZQ2fsrsYumyoQuZC_inv9.als","trash_ltl","CORRECT","inv9","inv9","inv9c","student-oracle-raw-ast-identical"
"trash_ltl/correct/EbKSc659DqpygaW9o_inv18.als","trash_ltl","CORRECT","inv18","inv18","inv18c","student-oracle-raw-ast-identical"
"trash_ltl/correct/EhKNJaYbKGRJktbyk_inv4.als","trash_ltl","CORRECT","inv4","inv4","inv4c","student-oracle-raw-ast-identical"
"trash_ltl/correct/EtvtqtxGH72PMh5TW_inv1.als","trash_ltl","CORRECT","inv1","inv1","inv1c","student-oracle-raw-ast-identical"
"trash_ltl/correct/Eyfpk2pnB6q3XJj4J_inv16.als","trash_ltl","CORRECT","inv16","inv16","inv16c","student-oracle-raw-ast-identical"
"trash_ltl/correct/F2KePiHJCBuvNABAM_inv3.als","trash_ltl","CORRECT","inv3","inv3","inv3c","student-oracle-raw-ast-identical"
"trash_ltl/correct/F2SdNryqhsfWpWBX9_inv8.als","trash_ltl","CORRECT","inv8","inv8","inv8c","student-oracle-raw-ast-identical"
"trash_ltl/correct/F7owei4fZuu68NJf6_inv13.als","trash_ltl","CORRECT","inv13","inv13","inv13c","student-oracle-raw-ast-identical"
"trash_ltl/correct/FJKbCv7tHhhez5Y3d_inv7.als","trash_ltl","CORRECT","inv7","inv7","inv7c","student-oracle-raw-ast-identical"
"trash_ltl/correct/FKo8Zd8NXkQ7vDA5T_inv4.als","trash_ltl","CORRECT","inv4","inv4","inv4c","student-oracle-raw-ast-identical"
"trash_ltl/correct/FXi5QPu6sjsfFxyNB_inv16.als","trash_ltl","CORRECT","inv16","inv16","inv16c","student-oracle-raw-ast-identical"
"trash_ltl/correct/FaYmmPs4K9qYsPPuk_inv15.als","trash_ltl","CORRECT","inv15","inv15","inv15c","student-oracle-raw-ast-identical"
"trash_ltl/correct/FaakCfMQyvsDMgr7b_inv3.als","trash_ltl","CORRECT","inv3","inv3","inv3c","student-oracle-raw-ast-identical"
"trash_ltl/correct/Fb5vJfk6pakrBWowW_inv3.als","trash_ltl","CORRECT","inv3","inv3","inv3c","student-oracle-raw-ast-identical"
"trash_ltl/correct/FboruZSTDYSoc7ubJ_inv6.als","trash_ltl","CORRECT","inv6","inv6","inv6c","student-oracle-raw-ast-identical"
"trash_ltl/correct/FtobrDiqMwRtcZhfp_inv7.als","trash_ltl","CORRECT","inv7","inv7","inv7c","student-oracle-raw-ast-identical"
"trash_ltl/correct/FusQkv4RvGtfpDE9D_inv4.als","trash_ltl","CORRECT","inv4","inv4","inv4c","student-oracle-raw-ast-identical"
"trash_ltl/correct/FvWSJtnS4nSdEfDsA_inv4.als","trash_ltl","CORRECT","inv4","inv4","inv4c","student-oracle-raw-ast-identical"
"trash_ltl/correct/Fzt7vPk5pmR8gjqxL_inv3.als","trash_ltl","CORRECT","inv3","inv3","inv3c","student-oracle-raw-ast-identical"
"trash_ltl/correct/GHxJqxwhXNzMnaePF_inv4.als","trash_ltl","CORRECT","inv4","inv4","inv4c","student-oracle-raw-ast-identical"
"trash_ltl/correct/GQMRTeYd6tSpWukdz_inv2.als","trash_ltl","CORRECT","inv2","inv2","inv2c","student-oracle-raw-ast-identical"
"trash_ltl/correct/GQo3riMa5ktBhgK9q_inv11.als","trash_ltl","CORRECT","inv11","inv11","inv11c","student-oracle-raw-ast-identical"
"trash_ltl/correct/Gv54ooyXmaL5w2PNP_inv3.als","trash_ltl","CORRECT","inv3","inv3","inv3c","student-oracle-raw-ast-identical"
"trash_ltl/correct/GxjsLRmHaKf45Hv8B_inv16.als","trash_ltl","CORRECT","inv16","inv16","inv16c","student-oracle-raw-ast-identical"
"trash_ltl/correct/H3BS79X2eYbFiDXEe_inv4.als","trash_ltl","CORRECT","inv4","inv4","inv4c","student-oracle-raw-ast-identical"
"trash_ltl/correct/HCJC38qC5NERuK2zR_inv11.als","trash_ltl","CORRECT","inv11","inv11","inv11c","student-oracle-raw-ast-identical"
"trash_ltl/correct/HGeEiLaBthFWZ3Pr8_inv9.als","trash_ltl","CORRECT","inv9","inv9","inv9c","student-oracle-raw-ast-identical"
"trash_ltl/correct/HHKzgXA57GwSASyR9_inv19.als","trash_ltl","CORRECT","inv19","inv19","inv19c","student-oracle-raw-ast-identical"
"trash_ltl/correct/HJuDCX3Zj4dbkpd9m_inv4.als","trash_ltl","CORRECT","inv4","inv4","inv4c","student-oracle-raw-ast-identical"
"trash_ltl/correct/HKhBqigh6jRzFwdQB_inv6.als","trash_ltl","CORRECT","inv6","inv6","inv6c","student-oracle-raw-ast-identical"
"trash_ltl/correct/HSKEyZz4hyHnujHof_inv3.als","trash_ltl","CORRECT","inv3","inv3","inv3c","student-oracle-raw-ast-identical"
"trash_ltl/correct/HSmN3AykgxFZ5kKKD_inv3.als","trash_ltl","CORRECT","inv3","inv3","inv3c","student-oracle-raw-ast-identical"
"trash_ltl/correct/HcdGm6W8JcZkLJeQK_inv9.als","trash_ltl","CORRECT","inv9","inv9","inv9c","student-oracle-raw-ast-identical"
"trash_ltl/correct/HqsLL7SZ8oNrjMY3i_inv4.als","trash_ltl","CORRECT","inv4","inv4","inv4c","student-oracle-raw-ast-identical"
"trash_ltl/correct/Hqxarv8vTSSTuBmz9_inv9.als","trash_ltl","CORRECT","inv9","inv9","inv9c","student-oracle-raw-ast-identical"
"trash_ltl/correct/HvZo2AfbwjXzReybS_inv13.als","trash_ltl","CORRECT","inv13","inv13","inv13c","student-oracle-raw-ast-identical"
"trash_ltl/correct/J4PmYmXbxwxLANBdv_inv4.als","trash_ltl","CORRECT","inv4","inv4","inv4c","student-oracle-raw-ast-identical"
"trash_ltl/correct/J65cXNSZbfwi2gnw7_inv2.als","trash_ltl","CORRECT","inv2","inv2","inv2c","student-oracle-raw-ast-identical"
"trash_ltl/correct/JAuk2hnAL237s5Kov_inv15.als","trash_ltl","CORRECT","inv15","inv15","inv15c","student-oracle-raw-ast-identical"
"trash_ltl/correct/JCeh4oWCzDAmkqW4K_inv7.als","trash_ltl","CORRECT","inv7","inv7","inv7c","student-oracle-raw-ast-identical"
"trash_ltl/correct/JHp9uM6Hmet964qgS_inv9.als","trash_ltl","CORRECT","inv9","inv9","inv9c","student-oracle-raw-ast-identical"
"trash_ltl/correct/JK8p9zWHFQzDJtSX3_inv4.als","trash_ltl","CORRECT","inv4","inv4","inv4c","student-oracle-raw-ast-identical"
"trash_ltl/correct/JSr6p7DSFcf3Ycumq_inv3.als","trash_ltl","CORRECT","inv3","inv3","inv3c","student-oracle-raw-ast-identical"
"trash_ltl/correct/JX65Qd4Y67N9gzTMq_inv6.als","trash_ltl","CORRECT","inv6","inv6","inv6c","student-oracle-raw-ast-identical"
"trash_ltl/correct/JXBXF59ap3sZtpP3E_inv15.als","trash_ltl","CORRECT","inv15","inv15","inv15c","student-oracle-raw-ast-identical"
"trash_ltl/correct/JXtvqgm7eckBFJCSk_inv4.als","trash_ltl","CORRECT","inv4","inv4","inv4c","student-oracle-raw-ast-identical"
"trash_ltl/correct/JgxgNtJefcL5yNZdZ_inv6.als","trash_ltl","CORRECT","inv6","inv6","inv6c","student-oracle-raw-ast-identical"
"trash_ltl/correct/Jmva4J97TfAdeShWS_inv1.als","trash_ltl","CORRECT","inv1","inv1","inv1c","student-oracle-raw-ast-identical"
"trash_ltl/correct/JusW44hPNrmd958kD_inv13.als","trash_ltl","CORRECT","inv13","inv13","inv13c","student-oracle-raw-ast-identical"
"trash_ltl/correct/K3RjEqCv6krHGtjvv_inv19.als","trash_ltl","CORRECT","inv19","inv19","inv19c","student-oracle-raw-ast-identical"
"trash_ltl/correct/KGeoBB9Xgm3bZinYP_inv1.als","trash_ltl","CORRECT","inv1","inv1","inv1c","student-oracle-raw-ast-identical"
"trash_ltl/correct/KSSJJ9pAq7PXqufSP_inv4.als","trash_ltl","CORRECT","inv4","inv4","inv4c","student-oracle-raw-ast-identical"
"trash_ltl/correct/KYKp5pGqT2rhDkR9N_inv5.als","trash_ltl","CORRECT","inv5","inv5","inv5c","student-oracle-raw-ast-identical"
"trash_ltl/correct/KbBLZrZpvr5cNERxk_inv5.als","trash_ltl","CORRECT","inv5","inv5","inv5c","student-oracle-raw-ast-identical"
"trash_ltl/correct/Kihtd4pxm7NPGKqDv_inv3.als","trash_ltl","CORRECT","inv3","inv3","inv3c","student-oracle-raw-ast-identical"
"trash_ltl/correct/KmmocWuPPzhE3NmfY_inv4.als","trash_ltl","CORRECT","inv4","inv4","inv4c","student-oracle-raw-ast-identical"
"trash_ltl/correct/KnssMSQRqdWjyR2b6_inv9.als","trash_ltl","CORRECT","inv9","inv9","inv9c","student-oracle-raw-ast-identical"
"trash_ltl/correct/KuarZoJyGhqLTkWS7_inv1.als","trash_ltl","CORRECT","inv1","inv1","inv1c","student-oracle-raw-ast-identical"
"trash_ltl/correct/KufbbMZnDBvo5jKQg_inv3.als","trash_ltl","CORRECT","inv3","inv3","inv3c","student-oracle-raw-ast-identical"
"trash_ltl/correct/KvzyJKxjyNGxi2Ygw_inv3.als","trash_ltl","CORRECT","inv3","inv3","inv3c","student-oracle-raw-ast-identical"
"trash_ltl/correct/L3yfCEFsitKNnbQ2i_inv15.als","trash_ltl","CORRECT","inv15","inv15","inv15c","student-oracle-raw-ast-identical"
"trash_ltl/correct/LHfYAHnTqGKMCsbu2_inv19.als","trash_ltl","CORRECT","inv19","inv19","inv19c","student-oracle-raw-ast-identical"
"trash_ltl/correct/LbavDaMGjciuP5aCn_inv7.als","trash_ltl","CORRECT","inv7","inv7","inv7c","student-oracle-raw-ast-identical"
"trash_ltl/correct/LbhscFb8swg5MYJzz_inv3.als","trash_ltl","CORRECT","inv3","inv3","inv3c","student-oracle-raw-ast-identical"
"trash_ltl/correct/LghXgXpJpoad9L7rA_inv4.als","trash_ltl","CORRECT","inv4","inv4","inv4c","student-oracle-raw-ast-identical"
"trash_ltl/correct/Lgjbx4j8HCtqkJKs7_inv15.als","trash_ltl","CORRECT","inv15","inv15","inv15c","student-oracle-raw-ast-identical"
"trash_ltl/correct/LnmvDJpEsJ6P9Yx8x_inv15.als","trash_ltl","CORRECT","inv15","inv15","inv15c","student-oracle-raw-ast-identical"
"trash_ltl/correct/Lr5hMdtjdYgosSXrq_inv15.als","trash_ltl","CORRECT","inv15","inv15","inv15c","student-oracle-raw-ast-identical"
"trash_ltl/correct/Lw46Ghy7bchmFnEWZ_inv15.als","trash_ltl","CORRECT","inv15","inv15","inv15c","student-oracle-raw-ast-identical"
"trash_ltl/correct/MBoXwwtxeab76x9oF_inv15.als","trash_ltl","CORRECT","inv15","inv15","inv15c","student-oracle-raw-ast-identical"
"trash_ltl/correct/MXvXeEMkMCCwCTsYb_inv7.als","trash_ltl","CORRECT","inv7","inv7","inv7c","student-oracle-raw-ast-identical"
"trash_ltl/correct/MZPj3333pNqCC7uPn_inv6.als","trash_ltl","CORRECT","inv6","inv6","inv6c","student-oracle-raw-ast-identical"
"trash_ltl/correct/MbB9QGe24xafeh487_inv9.als","trash_ltl","CORRECT","inv9","inv9","inv9c","student-oracle-raw-ast-identical"
"trash_ltl/correct/MbsKXsgxyXNmbFj5D_inv4.als","trash_ltl","CORRECT","inv4","inv4","inv4c","student-oracle-raw-ast-identical"
"trash_ltl/correct/Mg43ihRTaSvKZS6uY_inv10.als","trash_ltl","CORRECT","inv10","inv10","inv10c","student-oracle-raw-ast-identical"
"trash_ltl/correct/MqSEpzLwoJHrxuM3q_inv9.als","trash_ltl","CORRECT","inv9","inv9","inv9c","student-oracle-raw-ast-identical"
"trash_ltl/correct/N6th5a9QRNQja2bq6_inv4.als","trash_ltl","CORRECT","inv4","inv4","inv4c","student-oracle-raw-ast-identical"
"trash_ltl/correct/NH4xeSXpJtwhmB6vK_inv5.als","trash_ltl","CORRECT","inv5","inv5","inv5c","student-oracle-raw-ast-identical"
"trash_ltl/correct/NNZYx2HufY4Kh4nsg_inv6.als","trash_ltl","CORRECT","inv6","inv6","inv6c","student-oracle-raw-ast-identical"
"trash_ltl/correct/NWA228XiePWfPLiTM_inv2.als","trash_ltl","CORRECT","inv2","inv2","inv2c","student-oracle-raw-ast-identical"
"trash_ltl/correct/NbfH2xJNJpF5aS3aH_inv10.als","trash_ltl","CORRECT","inv10","inv10","inv10c","student-oracle-raw-ast-identical"
"trash_ltl/correct/P9v8rRXgjM5oKgQFg_inv7.als","trash_ltl","CORRECT","inv7","inv7","inv7c","student-oracle-raw-ast-identical"
"trash_ltl/correct/PCAoriZnHuS3yaD5N_inv9.als","trash_ltl","CORRECT","inv9","inv9","inv9c","student-oracle-raw-ast-identical"
"trash_ltl/correct/PG452d8yrKKkBdeG4_inv7.als","trash_ltl","CORRECT","inv7","inv7","inv7c","student-oracle-raw-ast-identical"
"trash_ltl/correct/PGim5o8Zj2zoR23FK_inv5.als","trash_ltl","CORRECT","inv5","inv5","inv5c","student-oracle-raw-ast-identical"
"trash_ltl/correct/PJfdi38EoXoYvRGCL_inv3.als","trash_ltl","CORRECT","inv3","inv3","inv3c","student-oracle-raw-ast-identical"
"trash_ltl/correct/PPEsvXnyf76pfsv9Y_inv12.als","trash_ltl","CORRECT","inv12","inv12","inv12c","student-oracle-raw-ast-identical"
"trash_ltl/correct/Pa2KH2EWJDCXoDgX9_inv1.als","trash_ltl","CORRECT","inv1","inv1","inv1c","student-oracle-raw-ast-identical"
"trash_ltl/correct/PnWY4KrquTCmEQPYs_inv13.als","trash_ltl","CORRECT","inv13","inv13","inv13c","student-oracle-raw-ast-identical"
"trash_ltl/correct/PqNfGx7DiB7QkLP4j_inv4.als","trash_ltl","CORRECT","inv4","inv4","inv4c","student-oracle-raw-ast-identical"
"trash_ltl/correct/PrxNE8gBvn62h24NQ_inv3.als","trash_ltl","CORRECT","inv3","inv3","inv3c","student-oracle-raw-ast-identical"
"trash_ltl/correct/QDmD99X6o5yQJBpH8_inv9.als","trash_ltl","CORRECT","inv9","inv9","inv9c","student-oracle-raw-ast-identical"
"trash_ltl/correct/QEWMA4CMv877XZRqH_inv2.als","trash_ltl","CORRECT","inv2","inv2","inv2c","student-oracle-raw-ast-identical"
"trash_ltl/correct/QFnrCBxCZ7icLWuC6_inv15.als","trash_ltl","CORRECT","inv15","inv15","inv15c","student-oracle-raw-ast-identical"
"trash_ltl/correct/QPHSxSiSbsaAFiLiQ_inv3.als","trash_ltl","CORRECT","inv3","inv3","inv3c","student-oracle-raw-ast-identical"
"trash_ltl/correct/Qe5F7zWDPYxKB5Miq_inv9.als","trash_ltl","CORRECT","inv9","inv9","inv9c","student-oracle-raw-ast-identical"
"trash_ltl/correct/QngpeR54y7oTX9QZS_inv4.als","trash_ltl","CORRECT","inv4","inv4","inv4c","student-oracle-raw-ast-identical"
"trash_ltl/correct/QrCe2efrbgKS9yMPr_inv16.als","trash_ltl","CORRECT","inv16","inv16","inv16c","student-oracle-raw-ast-identical"
"trash_ltl/correct/QukZCnwFMCKTdFe4Q_inv6.als","trash_ltl","CORRECT","inv6","inv6","inv6c","student-oracle-raw-ast-identical"
"trash_ltl/correct/QvPhJnDihCpyC58mn_inv7.als","trash_ltl","CORRECT","inv7","inv7","inv7c","student-oracle-raw-ast-identical"
"trash_ltl/correct/QzQpgToNW32vPEgkG_inv3.als","trash_ltl","CORRECT","inv3","inv3","inv3c","student-oracle-raw-ast-identical"
"trash_ltl/correct/REgy9F8Sis39ojxeY_inv8.als","trash_ltl","CORRECT","inv8","inv8","inv8c","student-oracle-raw-ast-identical"
"trash_ltl/correct/RNqLpNZZugTsGgkdu_inv3.als","trash_ltl","CORRECT","inv3","inv3","inv3c","student-oracle-raw-ast-identical"
"trash_ltl/correct/RXyDZgYcJfysFpjGf_inv18.als","trash_ltl","CORRECT","inv18","inv18","inv18c","student-oracle-raw-ast-identical"
"trash_ltl/correct/RoKaeJu9PHGMDq8RX_inv11.als","trash_ltl","CORRECT","inv11","inv11","inv11c","student-oracle-raw-ast-identical"
"trash_ltl/correct/RwnvPBPHiPx5ZtPrz_inv3.als","trash_ltl","CORRECT","inv3","inv3","inv3c","student-oracle-raw-ast-identical"
"trash_ltl/correct/Rx7WSF7TCHSy7SJbG_inv4.als","trash_ltl","CORRECT","inv4","inv4","inv4c","student-oracle-raw-ast-identical"
"trash_ltl/correct/RxoK4Gy3iatxb2Jts_inv9.als","trash_ltl","CORRECT","inv9","inv9","inv9c","student-oracle-raw-ast-identical"
"trash_ltl/correct/S2r8kPNRe9oAPGbMv_inv4.als","trash_ltl","CORRECT","inv4","inv4","inv4c","student-oracle-raw-ast-identical"
"trash_ltl/correct/S6QvELCCmqLrbPAar_inv6.als","trash_ltl","CORRECT","inv6","inv6","inv6c","student-oracle-raw-ast-identical"
"trash_ltl/correct/SKgeT57DuxjfzadCr_inv9.als","trash_ltl","CORRECT","inv9","inv9","inv9c","student-oracle-raw-ast-identical"
"trash_ltl/correct/SQXXg9u7WbptBHb78_inv19.als","trash_ltl","CORRECT","inv19","inv19","inv19c","student-oracle-raw-ast-identical"
"trash_ltl/correct/SR4THKErPirKcqEgc_inv15.als","trash_ltl","CORRECT","inv15","inv15","inv15c","student-oracle-raw-ast-identical"
"trash_ltl/correct/Skex4dME5vb8cXr4o_inv4.als","trash_ltl","CORRECT","inv4","inv4","inv4c","student-oracle-raw-ast-identical"
"trash_ltl/correct/SsNi2WNShRPPnaudD_inv4.als","trash_ltl","CORRECT","inv4","inv4","inv4c","student-oracle-raw-ast-identical"
"trash_ltl/correct/T8zv5ueGqJ92qDcaa_inv4.als","trash_ltl","CORRECT","inv4","inv4","inv4c","student-oracle-raw-ast-identical"
"trash_ltl/correct/TEwNuywcWmrDsHyPp_inv15.als","trash_ltl","CORRECT","inv15","inv15","inv15c","student-oracle-raw-ast-identical"
"trash_ltl/correct/THfBPpurmaW3SXBin_inv10.als","trash_ltl","CORRECT","inv10","inv10","inv10c","student-oracle-raw-ast-identical"
"trash_ltl/correct/TKhZNzH3MvD5qNutv_inv7.als","trash_ltl","CORRECT","inv7","inv7","inv7c","student-oracle-raw-ast-identical"
"trash_ltl/correct/TKn8zYtDBgPAHJfkm_inv4.als","trash_ltl","CORRECT","inv4","inv4","inv4c","student-oracle-raw-ast-identical"
"trash_ltl/correct/TQ2M66AbXMArkXNs7_inv9.als","trash_ltl","CORRECT","inv9","inv9","inv9c","student-oracle-raw-ast-identical"
"trash_ltl/correct/TRQvARzndw4YmDvsh_inv3.als","trash_ltl","CORRECT","inv3","inv3","inv3c","student-oracle-raw-ast-identical"
"trash_ltl/correct/TTJtvcuH6GbLk6DDa_inv13.als","trash_ltl","CORRECT","inv13","inv13","inv13c","student-oracle-raw-ast-identical"
"trash_ltl/correct/TTyCF87DAJ9bXkaEH_inv3.als","trash_ltl","CORRECT","inv3","inv3","inv3c","student-oracle-raw-ast-identical"
"trash_ltl/correct/TWnMrBhHJobbkqx4Z_inv2.als","trash_ltl","CORRECT","inv2","inv2","inv2c","student-oracle-raw-ast-identical"
"trash_ltl/correct/TbGZB9nGsWQRixgnM_inv4.als","trash_ltl","CORRECT","inv4","inv4","inv4c","student-oracle-raw-ast-identical"
"trash_ltl/correct/Tbd4YkCjP5GmLwbY2_inv14.als","trash_ltl","CORRECT","inv14","inv14","inv14c","student-oracle-raw-ast-identical"
"trash_ltl/correct/TfBfLuDvpt2XjMrEN_inv7.als","trash_ltl","CORRECT","inv7","inv7","inv7c","student-oracle-raw-ast-identical"
"trash_ltl/correct/TfXrokGCc6jmbRSpG_inv4.als","trash_ltl","CORRECT","inv4","inv4","inv4c","student-oracle-raw-ast-identical"
"trash_ltl/correct/ThPZamMcDEt7rbNYm_inv16.als","trash_ltl","CORRECT","inv16","inv16","inv16c","student-oracle-raw-ast-identical"
"trash_ltl/correct/TiL8ZRzm9iNF9dCyH_inv6.als","trash_ltl","CORRECT","inv6","inv6","inv6c","student-oracle-raw-ast-identical"
"trash_ltl/correct/ToJbWFn2cYSRJMy3m_inv3.als","trash_ltl","CORRECT","inv3","inv3","inv3c","student-oracle-raw-ast-identical"
"trash_ltl/correct/Tp7fcBkBg2kMhYmvj_inv3.als","trash_ltl","CORRECT","inv3","inv3","inv3c","student-oracle-raw-ast-identical"
"trash_ltl/correct/Tqpr9rttPZBC6Ymb5_inv7.als","trash_ltl","CORRECT","inv7","inv7","inv7c","student-oracle-raw-ast-identical"
"trash_ltl/correct/TqyFveen3svDW4ydD_inv9.als","trash_ltl","CORRECT","inv9","inv9","inv9c","student-oracle-raw-ast-identical"
"trash_ltl/correct/Tw8uaZowbSCotoCdD_inv13.als","trash_ltl","CORRECT","inv13","inv13","inv13c","student-oracle-raw-ast-identical"
"trash_ltl/correct/Txbs5HM2NrznCtNup_inv4.als","trash_ltl","CORRECT","inv4","inv4","inv4c","student-oracle-raw-ast-identical"
"trash_ltl/correct/TyfQDzD6r9PmmQ7hJ_inv4.als","trash_ltl","CORRECT","inv4","inv4","inv4c","student-oracle-raw-ast-identical"
"trash_ltl/correct/W8kJkudZ9Cy37ovtX_inv10.als","trash_ltl","CORRECT","inv10","inv10","inv10c","student-oracle-raw-ast-identical"
"trash_ltl/correct/WHDzQWr2Ajw36oiFq_inv1.als","trash_ltl","CORRECT","inv1","inv1","inv1c","student-oracle-raw-ast-identical"
"trash_ltl/correct/WLLfwD5DjoDsRQBmZ_inv9.als","trash_ltl","CORRECT","inv9","inv9","inv9c","student-oracle-raw-ast-identical"
"trash_ltl/correct/WMMFjmdM7tzqcL6QP_inv9.als","trash_ltl","CORRECT","inv9","inv9","inv9c","student-oracle-raw-ast-identical"
"trash_ltl/correct/WMZQLJ7WG676NYG5b_inv15.als","trash_ltl","CORRECT","inv15","inv15","inv15c","student-oracle-raw-ast-identical"
"trash_ltl/correct/WNZP4Rme4aoLvL4JS_inv5.als","trash_ltl","CORRECT","inv5","inv5","inv5c","student-oracle-raw-ast-identical"
"trash_ltl/correct/WXHCxxwTMwENjuE9D_inv8.als","trash_ltl","CORRECT","inv8","inv8","inv8c","student-oracle-raw-ast-identical"
"trash_ltl/correct/WyxuQf6AMqAAGAojJ_inv3.als","trash_ltl","CORRECT","inv3","inv3","inv3c","student-oracle-raw-ast-identical"
"trash_ltl/correct/X5M7CkQH2hhvjTb6x_inv3.als","trash_ltl","CORRECT","inv3","inv3","inv3c","student-oracle-raw-ast-identical"
"trash_ltl/correct/X8wgBm8EmY8HAmzy9_inv16.als","trash_ltl","CORRECT","inv16","inv16","inv16c","student-oracle-raw-ast-identical"
"trash_ltl/correct/XB2KEpPBkxozsG97j_inv13.als","trash_ltl","CORRECT","inv13","inv13","inv13c","student-oracle-raw-ast-identical"
"trash_ltl/correct/XF2zePDPRJNwoxSoB_inv18.als","trash_ltl","CORRECT","inv18","inv18","inv18c","student-oracle-raw-ast-identical"
"trash_ltl/correct/XFNRMkfSjhx2R9Ppe_inv3.als","trash_ltl","CORRECT","inv3","inv3","inv3c","student-oracle-raw-ast-identical"
"trash_ltl/correct/XMWgYAQTiB4LXkAtn_inv5.als","trash_ltl","CORRECT","inv5","inv5","inv5c","student-oracle-raw-ast-identical"
"trash_ltl/correct/XYPJmHykjA2mo7aug_inv9.als","trash_ltl","CORRECT","inv9","inv9","inv9c","student-oracle-raw-ast-identical"
"trash_ltl/correct/Xbjb7LQGqJRSxJwbe_inv4.als","trash_ltl","CORRECT","inv4","inv4","inv4c","student-oracle-raw-ast-identical"
"trash_ltl/correct/XbprLKBCNCBJwdfas_inv4.als","trash_ltl","CORRECT","inv4","inv4","inv4c","student-oracle-raw-ast-identical"
"trash_ltl/correct/XgBPeDnziab7qpvvF_inv15.als","trash_ltl","CORRECT","inv15","inv15","inv15c","student-oracle-raw-ast-identical"
"trash_ltl/correct/XptvXev54vKx8HySc_inv10.als","trash_ltl","CORRECT","inv10","inv10","inv10c","student-oracle-raw-ast-identical"
"trash_ltl/correct/XsPfgcRPYe73awFEr_inv3.als","trash_ltl","CORRECT","inv3","inv3","inv3c","student-oracle-raw-ast-identical"
"trash_ltl/correct/XtHx2Bhbyt74pr5JA_inv3.als","trash_ltl","CORRECT","inv3","inv3","inv3c","student-oracle-raw-ast-identical"
"trash_ltl/correct/XumSWXtJF2PDQhTzf_inv5.als","trash_ltl","CORRECT","inv5","inv5","inv5c","student-oracle-raw-ast-identical"
"trash_ltl/correct/Xvf9BjRAsJjRKPMoN_inv19.als","trash_ltl","CORRECT","inv19","inv19","inv19c","student-oracle-raw-ast-identical"
"trash_ltl/correct/Xw6NaXsW9gxfR5m9B_inv15.als","trash_ltl","CORRECT","inv15","inv15","inv15c","student-oracle-raw-ast-identical"
"trash_ltl/correct/Y23a78xoJv8qsDowR_inv7.als","trash_ltl","CORRECT","inv7","inv7","inv7c","student-oracle-raw-ast-identical"
"trash_ltl/correct/Y7T9aBRoFud27um3o_inv4.als","trash_ltl","CORRECT","inv4","inv4","inv4c","student-oracle-raw-ast-identical"
"trash_ltl/correct/YSGPDqm7F5CTasNKu_inv1.als","trash_ltl","CORRECT","inv1","inv1","inv1c","student-oracle-raw-ast-identical"
"trash_ltl/correct/YX7FJ5Mxv2p7H6FJP_inv1.als","trash_ltl","CORRECT","inv1","inv1","inv1c","student-oracle-raw-ast-identical"
"trash_ltl/correct/YZmYCr7fw9r4HMcN5_inv3.als","trash_ltl","CORRECT","inv3","inv3","inv3c","student-oracle-raw-ast-identical"
"trash_ltl/correct/YbmMwqkDxjfsontbZ_inv3.als","trash_ltl","CORRECT","inv3","inv3","inv3c","student-oracle-raw-ast-identical"
"trash_ltl/correct/YhkW4j8E2YhhJRSxc_inv16.als","trash_ltl","CORRECT","inv16","inv16","inv16c","student-oracle-raw-ast-identical"
"trash_ltl/correct/YkDXif8bX8dZ9ur9K_inv12.als","trash_ltl","CORRECT","inv12","inv12","inv12c","student-oracle-raw-ast-identical"
"trash_ltl/correct/Yr98SmEQTbgEtb3FJ_inv7.als","trash_ltl","CORRECT","inv7","inv7","inv7c","student-oracle-raw-ast-identical"
"trash_ltl/correct/Z2hKqTddpSympdv5u_inv1.als","trash_ltl","CORRECT","inv1","inv1","inv1c","student-oracle-raw-ast-identical"
"trash_ltl/correct/ZJ4LnQF2pS3wLYE6B_inv18.als","trash_ltl","CORRECT","inv18","inv18","inv18c","student-oracle-raw-ast-identical"
"trash_ltl/correct/ZR5LHC8zChXGfqz2e_inv3.als","trash_ltl","CORRECT","inv3","inv3","inv3c","student-oracle-raw-ast-identical"
"trash_ltl/correct/Zd9iqDGZwciPnpSgj_inv4.als","trash_ltl","CORRECT","inv4","inv4","inv4c","student-oracle-raw-ast-identical"
"trash_ltl/correct/ZeYHZWe7JmwegPLnH_inv6.als","trash_ltl","CORRECT","inv6","inv6","inv6c","student-oracle-raw-ast-identical"
"trash_ltl/correct/ZjouWioQQNKC5iunp_inv5.als","trash_ltl","CORRECT","inv5","inv5","inv5c","student-oracle-raw-ast-identical"
"trash_ltl/correct/ZkALxp7fYH2JrqNMq_inv4.als","trash_ltl","CORRECT","inv4","inv4","inv4c","student-oracle-raw-ast-identical"
"trash_ltl/correct/ZmFER5FDLgzK4h4Be_inv3.als","trash_ltl","CORRECT","inv3","inv3","inv3c","student-oracle-raw-ast-identical"
"trash_ltl/correct/ZzLSnWKKKhcXjbXrM_inv9.als","trash_ltl","CORRECT","inv9","inv9","inv9c","student-oracle-raw-ast-identical"
"trash_ltl/correct/ZzuxCzEzZ5yFvGLxM_inv15.als","trash_ltl","CORRECT","inv15","inv15","inv15c","student-oracle-raw-ast-identical"
"trash_ltl/correct/aCeiiFh9MHMWALLoC_inv7.als","trash_ltl","CORRECT","inv7","inv7","inv7c","student-oracle-raw-ast-identical"
"trash_ltl/correct/aEvZN8GyoPTBQ8c77_inv18.als","trash_ltl","CORRECT","inv18","inv18","inv18c","student-oracle-raw-ast-identical"
"trash_ltl/correct/aF4WPgjTLo66qoWgZ_inv8.als","trash_ltl","CORRECT","inv8","inv8","inv8c","student-oracle-raw-ast-identical"
"trash_ltl/correct/aHyvCFHShHjkf8yaE_inv2.als","trash_ltl","CORRECT","inv2","inv2","inv2c","student-oracle-raw-ast-identical"
"trash_ltl/correct/aNgrLG3ZdBKPwYuMF_inv19.als","trash_ltl","CORRECT","inv19","inv19","inv19c","student-oracle-raw-ast-identical"
"trash_ltl/correct/adf4qHKkg6BNExLtn_inv19.als","trash_ltl","CORRECT","inv19","inv19","inv19c","student-oracle-raw-ast-identical"
"trash_ltl/correct/arZ5w452ntPPhdQsF_inv16.als","trash_ltl","CORRECT","inv16","inv16","inv16c","student-oracle-raw-ast-identical"
"trash_ltl/correct/asCyCG8ThfYbBcN8h_inv4.als","trash_ltl","CORRECT","inv4","inv4","inv4c","student-oracle-raw-ast-identical"
"trash_ltl/correct/av5g3hFq5ST2XX6fL_inv3.als","trash_ltl","CORRECT","inv3","inv3","inv3c","student-oracle-raw-ast-identical"
"trash_ltl/correct/avenjyP6Xrf3thZfR_inv7.als","trash_ltl","CORRECT","inv7","inv7","inv7c","student-oracle-raw-ast-identical"
"trash_ltl/correct/ax6rKurLCHm8YuZiG_inv5.als","trash_ltl","CORRECT","inv5","inv5","inv5c","student-oracle-raw-ast-identical"
"trash_ltl/correct/b66mNe8q9TKQxuCw5_inv3.als","trash_ltl","CORRECT","inv3","inv3","inv3c","student-oracle-raw-ast-identical"
"trash_ltl/correct/beoBFSvwvzmu4GL5S_inv7.als","trash_ltl","CORRECT","inv7","inv7","inv7c","student-oracle-raw-ast-identical"
"trash_ltl/correct/bfwb87bJFMD2WYLG3_inv3.als","trash_ltl","CORRECT","inv3","inv3","inv3c","student-oracle-raw-ast-identical"
"trash_ltl/correct/bggmnpfw4Thq4sigH_inv3.als","trash_ltl","CORRECT","inv3","inv3","inv3c","student-oracle-raw-ast-identical"
"trash_ltl/correct/bjTbQdwn8fa4bahFb_inv2.als","trash_ltl","CORRECT","inv2","inv2","inv2c","student-oracle-raw-ast-identical"
"trash_ltl/correct/bjmcTjxLd68aSqe6j_inv10.als","trash_ltl","CORRECT","inv10","inv10","inv10c","student-oracle-raw-ast-identical"
"trash_ltl/correct/bp2hWG383hsoex5jo_inv13.als","trash_ltl","CORRECT","inv13","inv13","inv13c","student-oracle-raw-ast-identical"
"trash_ltl/correct/bq9gMADR7vDF7guwE_inv4.als","trash_ltl","CORRECT","inv4","inv4","inv4c","student-oracle-raw-ast-identical"
"trash_ltl/correct/bqjsxWAX8RSSmRT3M_inv10.als","trash_ltl","CORRECT","inv10","inv10","inv10c","student-oracle-raw-ast-identical"
"trash_ltl/correct/cCaBpfsPpibdm55LF_inv15.als","trash_ltl","CORRECT","inv15","inv15","inv15c","student-oracle-raw-ast-identical"
"trash_ltl/correct/cNswoCouRFMDjHCBo_inv18.als","trash_ltl","CORRECT","inv18","inv18","inv18c","student-oracle-raw-ast-identical"
"trash_ltl/correct/cb3e4YMW3v3j6tCRu_inv7.als","trash_ltl","CORRECT","inv7","inv7","inv7c","student-oracle-raw-ast-identical"
"trash_ltl/correct/cbupSTsuMeTwGAdpj_inv12.als","trash_ltl","CORRECT","inv12","inv12","inv12c","student-oracle-raw-ast-identical"
"trash_ltl/correct/cg9JKXsr6mmH8zDMD_inv1.als","trash_ltl","CORRECT","inv1","inv1","inv1c","student-oracle-raw-ast-identical"
"trash_ltl/correct/croJii6R7habu8hdv_inv15.als","trash_ltl","CORRECT","inv15","inv15","inv15c","student-oracle-raw-ast-identical"
"trash_ltl/correct/d54JEWsMKSMeiygBq_inv18.als","trash_ltl","CORRECT","inv18","inv18","inv18c","student-oracle-raw-ast-identical"
"trash_ltl/correct/dBsEfrtNeSpRzKsCj_inv16.als","trash_ltl","CORRECT","inv16","inv16","inv16c","student-oracle-raw-ast-identical"
"trash_ltl/correct/dBuBJPqgKQCJFoxTJ_inv3.als","trash_ltl","CORRECT","inv3","inv3","inv3c","student-oracle-raw-ast-identical"
"trash_ltl/correct/dPoizjpt6ovi7DxmS_inv7.als","trash_ltl","CORRECT","inv7","inv7","inv7c","student-oracle-raw-ast-identical"
"trash_ltl/correct/dYgneQspx2CYwhpmM_inv7.als","trash_ltl","CORRECT","inv7","inv7","inv7c","student-oracle-raw-ast-identical"
"trash_ltl/correct/daPSQmMKa2uJ7ukZn_inv15.als","trash_ltl","CORRECT","inv15","inv15","inv15c","student-oracle-raw-ast-identical"
"trash_ltl/correct/deNNXi49a6FhAtmc4_inv15.als","trash_ltl","CORRECT","inv15","inv15","inv15c","student-oracle-raw-ast-identical"
"trash_ltl/correct/dexZTENiw9vpDY8tQ_inv10.als","trash_ltl","CORRECT","inv10","inv10","inv10c","student-oracle-raw-ast-identical"
"trash_ltl/correct/dezhpKsRY8SLJBk78_inv6.als","trash_ltl","CORRECT","inv6","inv6","inv6c","student-oracle-raw-ast-identical"
"trash_ltl/correct/dvhCng5AdxC8MqjFy_inv7.als","trash_ltl","CORRECT","inv7","inv7","inv7c","student-oracle-raw-ast-identical"
"trash_ltl/correct/dx4idF2EDBFt6jHe2_inv5.als","trash_ltl","CORRECT","inv5","inv5","inv5c","student-oracle-raw-ast-identical"
"trash_ltl/correct/eAqbwgBBn8Svcxb2Q_inv5.als","trash_ltl","CORRECT","inv5","inv5","inv5c","student-oracle-raw-ast-identical"
"trash_ltl/correct/eB4ELgfC7M9fiCLD2_inv3.als","trash_ltl","CORRECT","inv3","inv3","inv3c","student-oracle-raw-ast-identical"
"trash_ltl/correct/eEf2NDHBoEPDaA6Ld_inv5.als","trash_ltl","CORRECT","inv5","inv5","inv5c","student-oracle-raw-ast-identical"
"trash_ltl/correct/eF34nc6ujthEfFoaS_inv9.als","trash_ltl","CORRECT","inv9","inv9","inv9c","student-oracle-raw-ast-identical"
"trash_ltl/correct/eK3a6oBSna2LY67m2_inv5.als","trash_ltl","CORRECT","inv5","inv5","inv5c","student-oracle-raw-ast-identical"
"trash_ltl/correct/eX7Q3kumCii9xhght_inv1.als","trash_ltl","CORRECT","inv1","inv1","inv1c","student-oracle-raw-ast-identical"
"trash_ltl/correct/eaqm37bgfRgor8ACn_inv15.als","trash_ltl","CORRECT","inv15","inv15","inv15c","student-oracle-raw-ast-identical"
"trash_ltl/correct/eeXbRQjjB6DRzzJ7C_inv9.als","trash_ltl","CORRECT","inv9","inv9","inv9c","student-oracle-raw-ast-identical"
"trash_ltl/correct/ezsiDvnTMwwFgD74m_inv13.als","trash_ltl","CORRECT","inv13","inv13","inv13c","student-oracle-raw-ast-identical"
"trash_ltl/correct/f5H4yWQDdtj9djwax_inv3.als","trash_ltl","CORRECT","inv3","inv3","inv3c","student-oracle-raw-ast-identical"
"trash_ltl/correct/f8KGJRNZZGQFhywTY_inv18.als","trash_ltl","CORRECT","inv18","inv18","inv18c","student-oracle-raw-ast-identical"
"trash_ltl/correct/fAyxEzSrte5X3cQpi_inv5.als","trash_ltl","CORRECT","inv5","inv5","inv5c","student-oracle-raw-ast-identical"
"trash_ltl/correct/fHQiNMJvmAKG3zsdQ_inv10.als","trash_ltl","CORRECT","inv10","inv10","inv10c","student-oracle-raw-ast-identical"
"trash_ltl/correct/fK4sLyJgPZktWH4e8_inv4.als","trash_ltl","CORRECT","inv4","inv4","inv4c","student-oracle-raw-ast-identical"
"trash_ltl/correct/fdw8usza7C75rjjTy_inv9.als","trash_ltl","CORRECT","inv9","inv9","inv9c","student-oracle-raw-ast-identical"
"trash_ltl/correct/fePyffuK8XBcDptoB_inv6.als","trash_ltl","CORRECT","inv6","inv6","inv6c","student-oracle-raw-ast-identical"
"trash_ltl/correct/fjt7vJHJSoHG29woQ_inv7.als","trash_ltl","CORRECT","inv7","inv7","inv7c","student-oracle-raw-ast-identical"
"trash_ltl/correct/fniwSaPtr5a6MSeLW_inv15.als","trash_ltl","CORRECT","inv15","inv15","inv15c","student-oracle-raw-ast-identical"
"trash_ltl/correct/fnvWxXHh2HHj3iLJY_inv3.als","trash_ltl","CORRECT","inv3","inv3","inv3c","student-oracle-raw-ast-identical"
"trash_ltl/correct/ftHM5sN33NTFRrY6N_inv5.als","trash_ltl","CORRECT","inv5","inv5","inv5c","student-oracle-raw-ast-identical"
"trash_ltl/correct/fwwR6ZDiKsJfbdqvZ_inv9.als","trash_ltl","CORRECT","inv9","inv9","inv9c","student-oracle-raw-ast-identical"
"trash_ltl/correct/g3mCmiYJzr7qp9b2t_inv9.als","trash_ltl","CORRECT","inv9","inv9","inv9c","student-oracle-raw-ast-identical"
"trash_ltl/correct/g79E6GYjHMzpcjsZS_inv3.als","trash_ltl","CORRECT","inv3","inv3","inv3c","student-oracle-raw-ast-identical"
"trash_ltl/correct/g8hBBdjFZ9wEYG2gM_inv15.als","trash_ltl","CORRECT","inv15","inv15","inv15c","student-oracle-raw-ast-identical"
"trash_ltl/correct/gdZKLum5K4MoSHFry_inv15.als","trash_ltl","CORRECT","inv15","inv15","inv15c","student-oracle-raw-ast-identical"
"trash_ltl/correct/gj8uQKYfJ4Tyq8QM5_inv5.als","trash_ltl","CORRECT","inv5","inv5","inv5c","student-oracle-raw-ast-identical"
"trash_ltl/correct/gkNsqtTiwmCq6rE9m_inv6.als","trash_ltl","CORRECT","inv6","inv6","inv6c","student-oracle-raw-ast-identical"
"trash_ltl/correct/gtNut7EQKjmts5ShB_inv4.als","trash_ltl","CORRECT","inv4","inv4","inv4c","student-oracle-raw-ast-identical"
"trash_ltl/correct/h5kzknfqSf2izyGoH_inv4.als","trash_ltl","CORRECT","inv4","inv4","inv4c","student-oracle-raw-ast-identical"
"trash_ltl/correct/h6eDM8PLum9fbzCPC_inv7.als","trash_ltl","CORRECT","inv7","inv7","inv7c","student-oracle-raw-ast-identical"
"trash_ltl/correct/h7RzkcdyycPGz6hk6_inv3.als","trash_ltl","CORRECT","inv3","inv3","inv3c","student-oracle-raw-ast-identical"
"trash_ltl/correct/hGJEGCa4EY4cRvdrh_inv8.als","trash_ltl","CORRECT","inv8","inv8","inv8c","student-oracle-raw-ast-identical"
"trash_ltl/correct/hTkXAXf6WKBpcF6Ze_inv10.als","trash_ltl","CORRECT","inv10","inv10","inv10c","student-oracle-raw-ast-identical"
"trash_ltl/correct/hZZemgEWvg8pmZnqA_inv7.als","trash_ltl","CORRECT","inv7","inv7","inv7c","student-oracle-raw-ast-identical"
"trash_ltl/correct/heLSzqFneA5Loezp3_inv9.als","trash_ltl","CORRECT","inv9","inv9","inv9c","student-oracle-raw-ast-identical"
"trash_ltl/correct/heshEYcTpb87NXn7i_inv4.als","trash_ltl","CORRECT","inv4","inv4","inv4c","student-oracle-raw-ast-identical"
"trash_ltl/correct/hgJAPmzJRsPsCS49J_inv3.als","trash_ltl","CORRECT","inv3","inv3","inv3c","student-oracle-raw-ast-identical"
"trash_ltl/correct/hkztwS7ousCisiG9L_inv3.als","trash_ltl","CORRECT","inv3","inv3","inv3c","student-oracle-raw-ast-identical"
"trash_ltl/correct/hvwFTBHjbExJcdPee_inv4.als","trash_ltl","CORRECT","inv4","inv4","inv4c","student-oracle-raw-ast-identical"
"trash_ltl/correct/hydaJe8WhYuDc7647_inv12.als","trash_ltl","CORRECT","inv12","inv12","inv12c","student-oracle-raw-ast-identical"
"trash_ltl/correct/i8r6D5cMYbvYypqbq_inv8.als","trash_ltl","CORRECT","inv8","inv8","inv8c","student-oracle-raw-ast-identical"
"trash_ltl/correct/iF5doTNKWPxTxob6S_inv3.als","trash_ltl","CORRECT","inv3","inv3","inv3c","student-oracle-raw-ast-identical"
"trash_ltl/correct/iHneC5xkgJEbb3WYY_inv9.als","trash_ltl","CORRECT","inv9","inv9","inv9c","student-oracle-raw-ast-identical"
"trash_ltl/correct/iPJReJgRA3L7XHcN3_inv1.als","trash_ltl","CORRECT","inv1","inv1","inv1c","student-oracle-raw-ast-identical"
"trash_ltl/correct/iRFNkQbEek4ALv3Ph_inv10.als","trash_ltl","CORRECT","inv10","inv10","inv10c","student-oracle-raw-ast-identical"
"trash_ltl/correct/iRPM5GbewAkrc3WPL_inv3.als","trash_ltl","CORRECT","inv3","inv3","inv3c","student-oracle-raw-ast-identical"
"trash_ltl/correct/iS8NEpjcdZQXcJCbH_inv3.als","trash_ltl","CORRECT","inv3","inv3","inv3c","student-oracle-raw-ast-identical"
"trash_ltl/correct/idqLqD8wgKMqBGYHf_inv4.als","trash_ltl","CORRECT","inv4","inv4","inv4c","student-oracle-raw-ast-identical"
"trash_ltl/correct/ifNsEDW5DTKqYs9h6_inv4.als","trash_ltl","CORRECT","inv4","inv4","inv4c","student-oracle-raw-ast-identical"
"trash_ltl/correct/ijEzP7oxbpr86HBEC_inv3.als","trash_ltl","CORRECT","inv3","inv3","inv3c","student-oracle-raw-ast-identical"
"trash_ltl/correct/irufJAKZmkAui6Dve_inv5.als","trash_ltl","CORRECT","inv5","inv5","inv5c","student-oracle-raw-ast-identical"
"trash_ltl/correct/iuNYYpGnaxdP8yBqN_inv6.als","trash_ltl","CORRECT","inv6","inv6","inv6c","student-oracle-raw-ast-identical"
"trash_ltl/correct/iv8JQ3fuWE2t7Pnp8_inv16.als","trash_ltl","CORRECT","inv16","inv16","inv16c","student-oracle-raw-ast-identical"
"trash_ltl/correct/ivT3E52d9aGJ67W6M_inv6.als","trash_ltl","CORRECT","inv6","inv6","inv6c","student-oracle-raw-ast-identical"
"trash_ltl/correct/j6xMdEarQiAk6wttN_inv3.als","trash_ltl","CORRECT","inv3","inv3","inv3c","student-oracle-raw-ast-identical"
"trash_ltl/correct/jTx3ZF9i5wxK9v96v_inv4.als","trash_ltl","CORRECT","inv4","inv4","inv4c","student-oracle-raw-ast-identical"
"trash_ltl/correct/jW3xYHBBX8nMD6wzv_inv13.als","trash_ltl","CORRECT","inv13","inv13","inv13c","student-oracle-raw-ast-identical"
"trash_ltl/correct/jWNmtr7QTDhvWzaHd_inv15.als","trash_ltl","CORRECT","inv15","inv15","inv15c","student-oracle-raw-ast-identical"
"trash_ltl/correct/ja5Qj9xqCbriHafkS_inv15.als","trash_ltl","CORRECT","inv15","inv15","inv15c","student-oracle-raw-ast-identical"
"trash_ltl/correct/jiNy2qy4m4dEJSrJo_inv7.als","trash_ltl","CORRECT","inv7","inv7","inv7c","student-oracle-raw-ast-identical"
"trash_ltl/correct/joBZfzb9c955N5E8h_inv19.als","trash_ltl","CORRECT","inv19","inv19","inv19c","student-oracle-raw-ast-identical"
"trash_ltl/correct/jsXh36P3cn5eaN2vE_inv7.als","trash_ltl","CORRECT","inv7","inv7","inv7c","student-oracle-raw-ast-identical"
"trash_ltl/correct/jxz3foXxTf7E8yf8M_inv10.als","trash_ltl","CORRECT","inv10","inv10","inv10c","student-oracle-raw-ast-identical"
"trash_ltl/correct/jzAXffx42vYtfyuSQ_inv4.als","trash_ltl","CORRECT","inv4","inv4","inv4c","student-oracle-raw-ast-identical"
"trash_ltl/correct/kERkgkwtMnAFTtJM4_inv4.als","trash_ltl","CORRECT","inv4","inv4","inv4c","student-oracle-raw-ast-identical"
"trash_ltl/correct/kJ443Gq95y3pK8w7J_inv15.als","trash_ltl","CORRECT","inv15","inv15","inv15c","student-oracle-raw-ast-identical"
"trash_ltl/correct/kXxC6KjnxohbCMB87_inv15.als","trash_ltl","CORRECT","inv15","inv15","inv15c","student-oracle-raw-ast-identical"
"trash_ltl/correct/kZq4FviQ74Qp6A3Sb_inv5.als","trash_ltl","CORRECT","inv5","inv5","inv5c","student-oracle-raw-ast-identical"
"trash_ltl/correct/kbQfdM62xe939Qvxr_inv6.als","trash_ltl","CORRECT","inv6","inv6","inv6c","student-oracle-raw-ast-identical"
"trash_ltl/correct/kfZiDEDAFkYbMs2QK_inv6.als","trash_ltl","CORRECT","inv6","inv6","inv6c","student-oracle-raw-ast-identical"
"trash_ltl/correct/koybTpcJMdSKcL3JD_inv4.als","trash_ltl","CORRECT","inv4","inv4","inv4c","student-oracle-raw-ast-identical"
"trash_ltl/correct/kqYxiYCbZey58pwgM_inv1.als","trash_ltl","CORRECT","inv1","inv1","inv1c","student-oracle-raw-ast-identical"
"trash_ltl/correct/kzpXvNypNtoeq5na6_inv7.als","trash_ltl","CORRECT","inv7","inv7","inv7c","student-oracle-raw-ast-identical"
"trash_ltl/correct/m2vFmD2izRcxgdRkY_inv3.als","trash_ltl","CORRECT","inv3","inv3","inv3c","student-oracle-raw-ast-identical"
"trash_ltl/correct/m5yKnMMrbaad3DNzM_inv15.als","trash_ltl","CORRECT","inv15","inv15","inv15c","student-oracle-raw-ast-identical"
"trash_ltl/correct/m7tK3npXiZLfFADWW_inv7.als","trash_ltl","CORRECT","inv7","inv7","inv7c","student-oracle-raw-ast-identical"
"trash_ltl/correct/mDrfmrWQLsjiYH94M_inv1.als","trash_ltl","CORRECT","inv1","inv1","inv1c","student-oracle-raw-ast-identical"
"trash_ltl/correct/mEfdE3ue82fTY5bSW_inv3.als","trash_ltl","CORRECT","inv3","inv3","inv3c","student-oracle-raw-ast-identical"
"trash_ltl/correct/mFdgxWCPvWXqxmB8j_inv3.als","trash_ltl","CORRECT","inv3","inv3","inv3c","student-oracle-raw-ast-identical"
"trash_ltl/correct/mMufXgn4X4LBw2RiF_inv10.als","trash_ltl","CORRECT","inv10","inv10","inv10c","student-oracle-raw-ast-identical"
"trash_ltl/correct/mrc2QvS6Jkw8gmT4k_inv3.als","trash_ltl","CORRECT","inv3","inv3","inv3c","student-oracle-raw-ast-identical"
"trash_ltl/correct/n6nZip5db4eiRkvh2_inv9.als","trash_ltl","CORRECT","inv9","inv9","inv9c","student-oracle-raw-ast-identical"
"trash_ltl/correct/nCNY9bme3qjqxSvGh_inv5.als","trash_ltl","CORRECT","inv5","inv5","inv5c","student-oracle-raw-ast-identical"
"trash_ltl/correct/nP2crsb8JMsmgiGWt_inv2.als","trash_ltl","CORRECT","inv2","inv2","inv2c","student-oracle-raw-ast-identical"
"trash_ltl/correct/nYejJthEAf4yssuC6_inv2.als","trash_ltl","CORRECT","inv2","inv2","inv2c","student-oracle-raw-ast-identical"
"trash_ltl/correct/ncRpWDXXTLdrtQjYY_inv15.als","trash_ltl","CORRECT","inv15","inv15","inv15c","student-oracle-raw-ast-identical"
"trash_ltl/correct/nkn3se5bo4JQP6xN5_inv3.als","trash_ltl","CORRECT","inv3","inv3","inv3c","student-oracle-raw-ast-identical"
"trash_ltl/correct/nmoXemvx3Z9LadB4o_inv3.als","trash_ltl","CORRECT","inv3","inv3","inv3c","student-oracle-raw-ast-identical"
"trash_ltl/correct/nmxSzjNDW4FHzHPWN_inv19.als","trash_ltl","CORRECT","inv19","inv19","inv19c","student-oracle-raw-ast-identical"
"trash_ltl/correct/nv8Qbu5DCast97byo_inv9.als","trash_ltl","CORRECT","inv9","inv9","inv9c","student-oracle-raw-ast-identical"
"trash_ltl/correct/o47ycp7SKFdiSLZnH_inv8.als","trash_ltl","CORRECT","inv8","inv8","inv8c","student-oracle-raw-ast-identical"
"trash_ltl/correct/o7MJDnzoCTDTeSyb2_inv4.als","trash_ltl","CORRECT","inv4","inv4","inv4c","student-oracle-raw-ast-identical"
"trash_ltl/correct/oBBsWZPAMP35TY5k6_inv18.als","trash_ltl","CORRECT","inv18","inv18","inv18c","student-oracle-raw-ast-identical"
"trash_ltl/correct/oGxhHNLrGTGjfowsn_inv7.als","trash_ltl","CORRECT","inv7","inv7","inv7c","student-oracle-raw-ast-identical"
"trash_ltl/correct/oNoR5ifzgsmemXRgb_inv8.als","trash_ltl","CORRECT","inv8","inv8","inv8c","student-oracle-raw-ast-identical"
"trash_ltl/correct/oc9byxqq9osjLph8x_inv2.als","trash_ltl","CORRECT","inv2","inv2","inv2c","student-oracle-raw-ast-identical"
"trash_ltl/correct/oeg82QFrFMNmEwkr2_inv9.als","trash_ltl","CORRECT","inv9","inv9","inv9c","student-oracle-raw-ast-identical"
"trash_ltl/correct/ojZSX78Qa6pReJzMF_inv3.als","trash_ltl","CORRECT","inv3","inv3","inv3c","student-oracle-raw-ast-identical"
"trash_ltl/correct/onh5TJPpBqrDvZKdi_inv3.als","trash_ltl","CORRECT","inv3","inv3","inv3c","student-oracle-raw-ast-identical"
"trash_ltl/correct/onwuR33hCqkXNiueF_inv10.als","trash_ltl","CORRECT","inv10","inv10","inv10c","student-oracle-raw-ast-identical"
"trash_ltl/correct/osM7SzcYe9zAKyRMD_inv3.als","trash_ltl","CORRECT","inv3","inv3","inv3c","student-oracle-raw-ast-identical"
"trash_ltl/correct/ovsZPbyap3LKQWic2_inv1.als","trash_ltl","CORRECT","inv1","inv1","inv1c","student-oracle-raw-ast-identical"
"trash_ltl/correct/oydDnzRegYdYbMZg8_inv19.als","trash_ltl","CORRECT","inv19","inv19","inv19c","student-oracle-raw-ast-identical"
"trash_ltl/correct/p6koXYCKQ52RzJcga_inv6.als","trash_ltl","CORRECT","inv6","inv6","inv6c","student-oracle-raw-ast-identical"
"trash_ltl/correct/p9Mvq6rsN6DGqtbW5_inv13.als","trash_ltl","CORRECT","inv13","inv13","inv13c","student-oracle-raw-ast-identical"
"trash_ltl/correct/pA7hu5GzkHQmHZGjr_inv15.als","trash_ltl","CORRECT","inv15","inv15","inv15c","student-oracle-raw-ast-identical"
"trash_ltl/correct/pB7zcArzAL296ErYu_inv5.als","trash_ltl","CORRECT","inv5","inv5","inv5c","student-oracle-raw-ast-identical"
"trash_ltl/correct/pBknZzgrAPKiMRC8S_inv3.als","trash_ltl","CORRECT","inv3","inv3","inv3c","student-oracle-raw-ast-identical"
"trash_ltl/correct/pBuL7LBbfsv5tzDQP_inv16.als","trash_ltl","CORRECT","inv16","inv16","inv16c","student-oracle-raw-ast-identical"
"trash_ltl/correct/pEp7T5z7oiqbLMt3y_inv3.als","trash_ltl","CORRECT","inv3","inv3","inv3c","student-oracle-raw-ast-identical"
"trash_ltl/correct/pWNwHQ8maPRdbLP6m_inv7.als","trash_ltl","CORRECT","inv7","inv7","inv7c","student-oracle-raw-ast-identical"
"trash_ltl/correct/pdCrtmRDcuAkiT8QA_inv19.als","trash_ltl","CORRECT","inv19","inv19","inv19c","student-oracle-raw-ast-identical"
"trash_ltl/correct/pprwoeWKE6b5Jnsrf_inv6.als","trash_ltl","CORRECT","inv6","inv6","inv6c","student-oracle-raw-ast-identical"
"trash_ltl/correct/ptqxEXN7b9uR8eDQz_inv6.als","trash_ltl","CORRECT","inv6","inv6","inv6c","student-oracle-raw-ast-identical"
"trash_ltl/correct/q2nWGdxwMtHJFychk_inv19.als","trash_ltl","CORRECT","inv19","inv19","inv19c","student-oracle-raw-ast-identical"
"trash_ltl/correct/q53qHWjamWo8TJxdu_inv18.als","trash_ltl","CORRECT","inv18","inv18","inv18c","student-oracle-raw-ast-identical"
"trash_ltl/correct/q9GrZobDpHttamnAv_inv3.als","trash_ltl","CORRECT","inv3","inv3","inv3c","student-oracle-raw-ast-identical"
"trash_ltl/correct/qA3eEi8m8eSNhwzyE_inv1.als","trash_ltl","CORRECT","inv1","inv1","inv1c","student-oracle-raw-ast-identical"
"trash_ltl/correct/qLKbH8uMum7xe6TrC_inv15.als","trash_ltl","CORRECT","inv15","inv15","inv15c","student-oracle-raw-ast-identical"
"trash_ltl/correct/qmexSSMdeGzWagBDq_inv7.als","trash_ltl","CORRECT","inv7","inv7","inv7c","student-oracle-raw-ast-identical"
"trash_ltl/correct/qq5vmuizcZSbgSSKt_inv3.als","trash_ltl","CORRECT","inv3","inv3","inv3c","student-oracle-raw-ast-identical"
"trash_ltl/correct/qqKZTX43JcQjFkKaB_inv11.als","trash_ltl","CORRECT","inv11","inv11","inv11c","student-oracle-raw-ast-identical"
"trash_ltl/correct/rDEWKiqgrkQAHoQWi_inv5.als","trash_ltl","CORRECT","inv5","inv5","inv5c","student-oracle-raw-ast-identical"
"trash_ltl/correct/rDMRKh8rHvDFEnhfu_inv15.als","trash_ltl","CORRECT","inv15","inv15","inv15c","student-oracle-raw-ast-identical"
"trash_ltl/correct/rEz3ypZNstqjNt8rY_inv19.als","trash_ltl","CORRECT","inv19","inv19","inv19c","student-oracle-raw-ast-identical"
"trash_ltl/correct/rGQbKM57KDQSc9tMe_inv15.als","trash_ltl","CORRECT","inv15","inv15","inv15c","student-oracle-raw-ast-identical"
"trash_ltl/correct/rKyh7nKkxyjbAt5Jq_inv19.als","trash_ltl","CORRECT","inv19","inv19","inv19c","student-oracle-raw-ast-identical"
"trash_ltl/correct/rbAP8q5R5mKGitAaL_inv3.als","trash_ltl","CORRECT","inv3","inv3","inv3c","student-oracle-raw-ast-identical"
"trash_ltl/correct/rfSMwQAffTMKsg7dk_inv7.als","trash_ltl","CORRECT","inv7","inv7","inv7c","student-oracle-raw-ast-identical"
"trash_ltl/correct/riE34P3kv6GxqbFpd_inv2.als","trash_ltl","CORRECT","inv2","inv2","inv2c","student-oracle-raw-ast-identical"
"trash_ltl/correct/rkg5jHrTMroDqux2f_inv9.als","trash_ltl","CORRECT","inv9","inv9","inv9c","student-oracle-raw-ast-identical"
"trash_ltl/correct/rmSo6ai4cW9rYnDwZ_inv4.als","trash_ltl","CORRECT","inv4","inv4","inv4c","student-oracle-raw-ast-identical"
"trash_ltl/correct/rtK6rQoTDX2x3TB3A_inv7.als","trash_ltl","CORRECT","inv7","inv7","inv7c","student-oracle-raw-ast-identical"
"trash_ltl/correct/ruNWAiX5jHHwcbuHf_inv4.als","trash_ltl","CORRECT","inv4","inv4","inv4c","student-oracle-raw-ast-identical"
"trash_ltl/correct/s3sXrWJ8aq29bHSJ2_inv15.als","trash_ltl","CORRECT","inv15","inv15","inv15c","student-oracle-raw-ast-identical"
"trash_ltl/correct/s68BAYjaKmyD94pnB_inv16.als","trash_ltl","CORRECT","inv16","inv16","inv16c","student-oracle-raw-ast-identical"
"trash_ltl/correct/sKQsPWzCAHAZuHeGW_inv8.als","trash_ltl","CORRECT","inv8","inv8","inv8c","student-oracle-raw-ast-identical"
"trash_ltl/correct/sMfieAXDWNNg6X4QT_inv3.als","trash_ltl","CORRECT","inv3","inv3","inv3c","student-oracle-raw-ast-identical"
"trash_ltl/correct/sSZ3oZxqj2hC3TT6R_inv7.als","trash_ltl","CORRECT","inv7","inv7","inv7c","student-oracle-raw-ast-identical"
"trash_ltl/correct/sXKfufsNiryJ4RNgc_inv6.als","trash_ltl","CORRECT","inv6","inv6","inv6c","student-oracle-raw-ast-identical"
"trash_ltl/correct/sZ6K4wWHzvzmr83og_inv7.als","trash_ltl","CORRECT","inv7","inv7","inv7c","student-oracle-raw-ast-identical"
"trash_ltl/correct/scY9Y5P6Jbb3GjARN_inv4.als","trash_ltl","CORRECT","inv4","inv4","inv4c","student-oracle-raw-ast-identical"
"trash_ltl/correct/t28JH3vNGRjpihgcQ_inv5.als","trash_ltl","CORRECT","inv5","inv5","inv5c","student-oracle-raw-ast-identical"
"trash_ltl/correct/t6SuQJCuM7fPaWQq3_inv7.als","trash_ltl","CORRECT","inv7","inv7","inv7c","student-oracle-raw-ast-identical"
"trash_ltl/correct/tBrw2uQ6D2LscMKgL_inv1.als","trash_ltl","CORRECT","inv1","inv1","inv1c","student-oracle-raw-ast-identical"
"trash_ltl/correct/tCbsKQ49P6twsLzwm_inv18.als","trash_ltl","CORRECT","inv18","inv18","inv18c","student-oracle-raw-ast-identical"
"trash_ltl/correct/tDdYfgzBCzgHX42MW_inv7.als","trash_ltl","CORRECT","inv7","inv7","inv7c","student-oracle-raw-ast-identical"
"trash_ltl/correct/tGLvaAqc4KMSeH4dN_inv18.als","trash_ltl","CORRECT","inv18","inv18","inv18c","student-oracle-raw-ast-identical"
"trash_ltl/correct/tP4wF8dBkyEAcgo88_inv8.als","trash_ltl","CORRECT","inv8","inv8","inv8c","student-oracle-raw-ast-identical"
"trash_ltl/correct/tQGrTvBDJoM2wW35j_inv10.als","trash_ltl","CORRECT","inv10","inv10","inv10c","student-oracle-raw-ast-identical"
"trash_ltl/correct/tSBPdw74QgdFoNNwR_inv4.als","trash_ltl","CORRECT","inv4","inv4","inv4c","student-oracle-raw-ast-identical"
"trash_ltl/correct/tkwkizD2kj4QixxmL_inv15.als","trash_ltl","CORRECT","inv15","inv15","inv15c","student-oracle-raw-ast-identical"
"trash_ltl/correct/tsJuZhvRxL6BFN2cs_inv3.als","trash_ltl","CORRECT","inv3","inv3","inv3c","student-oracle-raw-ast-identical"
"trash_ltl/correct/twFqjNG8vipXgcEXu_inv6.als","trash_ltl","CORRECT","inv6","inv6","inv6c","student-oracle-raw-ast-identical"
"trash_ltl/correct/u33xebh2Gm83RLac5_inv3.als","trash_ltl","CORRECT","inv3","inv3","inv3c","student-oracle-raw-ast-identical"
"trash_ltl/correct/u9DkpyfhTXNkLfZFW_inv3.als","trash_ltl","CORRECT","inv3","inv3","inv3c","student-oracle-raw-ast-identical"
"trash_ltl/correct/uBMTkJmKuW3jJqHu7_inv19.als","trash_ltl","CORRECT","inv19","inv19","inv19c","student-oracle-raw-ast-identical"
"trash_ltl/correct/uDiZFKRgmZYnFhdCS_inv18.als","trash_ltl","CORRECT","inv18","inv18","inv18c","student-oracle-raw-ast-identical"
"trash_ltl/correct/uGk78oCzakBCaEthL_inv19.als","trash_ltl","CORRECT","inv19","inv19","inv19c","student-oracle-raw-ast-identical"
"trash_ltl/correct/uKB6tPcr8Hgyh4pYG_inv7.als","trash_ltl","CORRECT","inv7","inv7","inv7c","student-oracle-raw-ast-identical"
"trash_ltl/correct/uNrZbJuTcgBq7F7ub_inv3.als","trash_ltl","CORRECT","inv3","inv3","inv3c","student-oracle-raw-ast-identical"
"trash_ltl/correct/uSWrSu6metjLGNdqq_inv7.als","trash_ltl","CORRECT","inv7","inv7","inv7c","student-oracle-raw-ast-identical"
"trash_ltl/correct/ufcBFCNKq7G26RKSj_inv10.als","trash_ltl","CORRECT","inv10","inv10","inv10c","student-oracle-raw-ast-identical"
"trash_ltl/correct/upLcbQb65CjANu3Yc_inv15.als","trash_ltl","CORRECT","inv15","inv15","inv15c","student-oracle-raw-ast-identical"
"trash_ltl/correct/v4sAkdHwuYQios3L3_inv18.als","trash_ltl","CORRECT","inv18","inv18","inv18c","student-oracle-raw-ast-identical"
"trash_ltl/correct/vCrtgeqScz5HoHNJE_inv2.als","trash_ltl","CORRECT","inv2","inv2","inv2c","student-oracle-raw-ast-identical"
"trash_ltl/correct/vFqqfxh6e3huwaa8E_inv7.als","trash_ltl","CORRECT","inv7","inv7","inv7c","student-oracle-raw-ast-identical"
"trash_ltl/correct/vdXvCbMtfdmETZSyN_inv8.als","trash_ltl","CORRECT","inv8","inv8","inv8c","student-oracle-raw-ast-identical"
"trash_ltl/correct/vpk7B27gkwScu37Bw_inv16.als","trash_ltl","CORRECT","inv16","inv16","inv16c","student-oracle-raw-ast-identical"
"trash_ltl/correct/w296zYXbdnuQMzsjr_inv10.als","trash_ltl","CORRECT","inv10","inv10","inv10c","student-oracle-raw-ast-identical"
"trash_ltl/correct/w75vJpsABExenhWog_inv5.als","trash_ltl","CORRECT","inv5","inv5","inv5c","student-oracle-raw-ast-identical"
"trash_ltl/correct/wLT9AsksRQcodJF37_inv4.als","trash_ltl","CORRECT","inv4","inv4","inv4c","student-oracle-raw-ast-identical"
"trash_ltl/correct/wLmEAfA2cp6WB5XmA_inv3.als","trash_ltl","CORRECT","inv3","inv3","inv3c","student-oracle-raw-ast-identical"
"trash_ltl/correct/wNPNhBGuWz6D2wcLH_inv8.als","trash_ltl","CORRECT","inv8","inv8","inv8c","student-oracle-raw-ast-identical"
"trash_ltl/correct/wSmKhQ2yBLyWWFyaC_inv4.als","trash_ltl","CORRECT","inv4","inv4","inv4c","student-oracle-raw-ast-identical"
"trash_ltl/correct/wTgYgFwT6zYWxYxur_inv4.als","trash_ltl","CORRECT","inv4","inv4","inv4c","student-oracle-raw-ast-identical"
"trash_ltl/correct/wY8Ak2SzmN6TpHMAD_inv3.als","trash_ltl","CORRECT","inv3","inv3","inv3c","student-oracle-raw-ast-identical"
"trash_ltl/correct/waLACsfTcvTPpZyED_inv4.als","trash_ltl","CORRECT","inv4","inv4","inv4c","student-oracle-raw-ast-identical"
"trash_ltl/correct/whGrktACHQ3doKXQu_inv5.als","trash_ltl","CORRECT","inv5","inv5","inv5c","student-oracle-raw-ast-identical"
"trash_ltl/correct/wu7FTCmof9jY8xvpc_inv19.als","trash_ltl","CORRECT","inv19","inv19","inv19c","student-oracle-raw-ast-identical"
"trash_ltl/correct/x3QqydBYfFgKh7t5R_inv16.als","trash_ltl","CORRECT","inv16","inv16","inv16c","student-oracle-raw-ast-identical"
"trash_ltl/correct/x8YexHDzwPXdHMg8e_inv3.als","trash_ltl","CORRECT","inv3","inv3","inv3c","student-oracle-raw-ast-identical"
"trash_ltl/correct/x8eauYSyoxcWok2k6_inv6.als","trash_ltl","CORRECT","inv6","inv6","inv6c","student-oracle-raw-ast-identical"
"trash_ltl/correct/xCLiGAE7ntTB9N78J_inv19.als","trash_ltl","CORRECT","inv19","inv19","inv19c","student-oracle-raw-ast-identical"
"trash_ltl/correct/xDXtQKDuMaTZJJDYo_inv9.als","trash_ltl","CORRECT","inv9","inv9","inv9c","student-oracle-raw-ast-identical"
"trash_ltl/correct/xEh8iSy9rMk7LrZrM_inv7.als","trash_ltl","CORRECT","inv7","inv7","inv7c","student-oracle-raw-ast-identical"
"trash_ltl/correct/xGzmpNdHquJmNcP8j_inv15.als","trash_ltl","CORRECT","inv15","inv15","inv15c","student-oracle-raw-ast-identical"
"trash_ltl/correct/xLjQcZWmJwFwqw6x4_inv7.als","trash_ltl","CORRECT","inv7","inv7","inv7c","student-oracle-raw-ast-identical"
"trash_ltl/correct/xMoKq8pjF3BrBgFmQ_inv4.als","trash_ltl","CORRECT","inv4","inv4","inv4c","student-oracle-raw-ast-identical"
"trash_ltl/correct/xZPYt8FCvXCWA7pz6_inv7.als","trash_ltl","CORRECT","inv7","inv7","inv7c","student-oracle-raw-ast-identical"
"trash_ltl/correct/xZmzEjL4cHtLAQY2x_inv5.als","trash_ltl","CORRECT","inv5","inv5","inv5c","student-oracle-raw-ast-identical"
"trash_ltl/correct/xfnKjzCMEEKgKpHio_inv3.als","trash_ltl","CORRECT","inv3","inv3","inv3c","student-oracle-raw-ast-identical"
"trash_ltl/correct/xhMDxS5BqK8XtWiMM_inv3.als","trash_ltl","CORRECT","inv3","inv3","inv3c","student-oracle-raw-ast-identical"
"trash_ltl/correct/xjvW6vFWPRhYzfNaC_inv7.als","trash_ltl","CORRECT","inv7","inv7","inv7c","student-oracle-raw-ast-identical"
"trash_ltl/correct/xx28m6SNF4z7Hn2NW_inv11.als","trash_ltl","CORRECT","inv11","inv11","inv11c","student-oracle-raw-ast-identical"
"trash_ltl/correct/y86LpqDDS6edbhJ6J_inv11.als","trash_ltl","CORRECT","inv11","inv11","inv11c","student-oracle-raw-ast-identical"
"trash_ltl/correct/y9mfqBpzmNJ53w6Bn_inv4.als","trash_ltl","CORRECT","inv4","inv4","inv4c","student-oracle-raw-ast-identical"
"trash_ltl/correct/yQ5vHke4QuPdFXwH2_inv4.als","trash_ltl","CORRECT","inv4","inv4","inv4c","student-oracle-raw-ast-identical"
"trash_ltl/correct/yRziBMZWtZKoCKEYD_inv7.als","trash_ltl","CORRECT","inv7","inv7","inv7c","student-oracle-raw-ast-identical"
"trash_ltl/correct/yctNbpdAYaMPxinjf_inv7.als","trash_ltl","CORRECT","inv7","inv7","inv7c","student-oracle-raw-ast-identical"
"trash_ltl/correct/yhFc9eCu9cEeo4u5T_inv5.als","trash_ltl","CORRECT","inv5","inv5","inv5c","student-oracle-raw-ast-identical"
"trash_ltl/correct/yiGpx9u9fo7Jka9D6_inv7.als","trash_ltl","CORRECT","inv7","inv7","inv7c","student-oracle-raw-ast-identical"
"trash_ltl/correct/yniwHSp45PNDiZxR9_inv4.als","trash_ltl","CORRECT","inv4","inv4","inv4c","student-oracle-raw-ast-identical"
"trash_ltl/correct/yq8CZxrsjqY9pohiE_inv4.als","trash_ltl","CORRECT","inv4","inv4","inv4c","student-oracle-raw-ast-identical"
"trash_ltl/correct/z2aezyLHo83DqobnM_inv5.als","trash_ltl","CORRECT","inv5","inv5","inv5c","student-oracle-raw-ast-identical"
"trash_ltl/correct/z8HymkFXxv8seWDN2_inv10.als","trash_ltl","CORRECT","inv10","inv10","inv10c","student-oracle-raw-ast-identical"
"trash_ltl/correct/zGAWPgcFwJZCYiYdE_inv16.als","trash_ltl","CORRECT","inv16","inv16","inv16c","student-oracle-raw-ast-identical"
"trash_ltl/correct/zMJaGzGcWvwrKBgZT_inv7.als","trash_ltl","CORRECT","inv7","inv7","inv7c","student-oracle-raw-ast-identical"
"trash_ltl/correct/zP4YxfTijqHd9YycN_inv15.als","trash_ltl","CORRECT","inv15","inv15","inv15c","student-oracle-raw-ast-identical"
"trash_ltl/correct/zP93k5eymZdkZNwok_inv9.als","trash_ltl","CORRECT","inv9","inv9","inv9c","student-oracle-raw-ast-identical"
"trash_ltl/correct/zQKBGXzhRKuMARrJp_inv2.als","trash_ltl","CORRECT","inv2","inv2","inv2c","student-oracle-raw-ast-identical"
"trash_ltl/correct/zeSyP7pEphnYFzQJt_inv5.als","trash_ltl","CORRECT","inv5","inv5","inv5c","student-oracle-raw-ast-identical"
"trash_ltl/correct/zirqmTE8SAWjdEJDg_inv9.als","trash_ltl","CORRECT","inv9","inv9","inv9c","student-oracle-raw-ast-identical"
"trash_rl/correct/2BE2s62JR9w3GHSrm_inv3.als","trash_rl","CORRECT","inv3","inv3","inv3c","student-oracle-raw-ast-identical"
"trash_rl/correct/2EEJAYhC6MmN5Yvos_inv9.als","trash_rl","CORRECT","inv9","inv9","inv9c","student-oracle-raw-ast-identical"
"trash_rl/correct/2H2MbppRFdtRbo4vH_inv3.als","trash_rl","CORRECT","inv3","inv3","inv3c","student-oracle-raw-ast-identical"
"trash_rl/correct/2JZPctQFg4eZhA574_inv1.als","trash_rl","CORRECT","inv1","inv1","inv1c","student-oracle-raw-ast-identical"
"trash_rl/correct/2RMAoAcY6sKs5WQ7S_inv2.als","trash_rl","CORRECT","inv2","inv2","inv2c","student-oracle-raw-ast-identical"
"trash_rl/correct/2S6JcBp8qoyRwAEYx_inv10.als","trash_rl","CORRECT","inv10","inv10","inv10c","student-oracle-raw-ast-identical"
"trash_rl/correct/2inZBuDbrLyu67B8v_inv8.als","trash_rl","CORRECT","inv8","inv8","inv8c","student-oracle-raw-ast-identical"
"trash_rl/correct/2j87M3SoZLmxfEkgf_inv10.als","trash_rl","CORRECT","inv10","inv10","inv10c","student-oracle-raw-ast-identical"
"trash_rl/correct/2r95bfJkpCgbFngsW_inv1.als","trash_rl","CORRECT","inv1","inv1","inv1c","student-oracle-raw-ast-identical"
"trash_rl/correct/3BxHHvaKyDEB4uhf4_inv1.als","trash_rl","CORRECT","inv1","inv1","inv1c","student-oracle-raw-ast-identical"
"trash_rl/correct/3C6fJqXwoqC46PNKi_inv1.als","trash_rl","CORRECT","inv1","inv1","inv1c","student-oracle-raw-ast-identical"
"trash_rl/correct/3FvKND9HaG9GtApv5_inv3.als","trash_rl","CORRECT","inv3","inv3","inv3c","student-oracle-raw-ast-identical"
"trash_rl/correct/3R8jreRF7pXWfhiQm_inv9.als","trash_rl","CORRECT","inv9","inv9","inv9c","student-oracle-raw-ast-identical"
"trash_rl/correct/3Wo5frKp5NQNbKJm2_inv3.als","trash_rl","CORRECT","inv3","inv3","inv3c","student-oracle-raw-ast-identical"
"trash_rl/correct/3b8Xg7eAKpSGRC7G5_inv9.als","trash_rl","CORRECT","inv9","inv9","inv9c","student-oracle-raw-ast-identical"
"trash_rl/correct/3c4QCo3aG4tjiBDEg_inv8.als","trash_rl","CORRECT","inv8","inv8","inv8c","student-oracle-raw-ast-identical"
"trash_rl/correct/3cuktMhgSWzY7jmDM_inv8.als","trash_rl","CORRECT","inv8","inv8","inv8c","student-oracle-raw-ast-identical"
"trash_rl/correct/3ne23FPNpv9gQa36N_inv2.als","trash_rl","CORRECT","inv2","inv2","inv2c","student-oracle-raw-ast-identical"
"trash_rl/correct/3tYN6c3m7TSg6aZkj_inv1.als","trash_rl","CORRECT","inv1","inv1","inv1c","student-oracle-raw-ast-identical"
"trash_rl/correct/3ui9u9uf8mpZZwowG_inv4.als","trash_rl","CORRECT","inv4","inv4","inv4c","student-oracle-raw-ast-identical"
"trash_rl/correct/3zuq9g6QsLYpxy2zJ_inv4.als","trash_rl","CORRECT","inv4","inv4","inv4c","student-oracle-raw-ast-identical"
"trash_rl/correct/49sAaoBohr62pb7sD_inv4.als","trash_rl","CORRECT","inv4","inv4","inv4c","student-oracle-raw-ast-identical"
"trash_rl/correct/4PomHjbWGY3fqJTDF_inv1.als","trash_rl","CORRECT","inv1","inv1","inv1c","student-oracle-raw-ast-identical"
"trash_rl/correct/4RDRtdcBwuyz5kpX4_inv1.als","trash_rl","CORRECT","inv1","inv1","inv1c","student-oracle-raw-ast-identical"
"trash_rl/correct/4TX5Qk4FDXYb38NMB_inv8.als","trash_rl","CORRECT","inv8","inv8","inv8c","student-oracle-raw-ast-identical"
"trash_rl/correct/4aTcYQkTbSkwcANGM_inv9.als","trash_rl","CORRECT","inv9","inv9","inv9c","student-oracle-raw-ast-identical"
"trash_rl/correct/4bjimSzEmKTh6SPbX_inv1.als","trash_rl","CORRECT","inv1","inv1","inv1c","student-oracle-raw-ast-identical"
"trash_rl/correct/4maG68MdKBjqhG6RN_inv4.als","trash_rl","CORRECT","inv4","inv4","inv4c","student-oracle-raw-ast-identical"
"trash_rl/correct/4rRLKfHRMn8fLzDGT_inv3.als","trash_rl","CORRECT","inv3","inv3","inv3c","student-oracle-raw-ast-identical"
"trash_rl/correct/4xTdzT7qi7yexRZbQ_inv7.als","trash_rl","CORRECT","inv7","inv7","inv7c","student-oracle-raw-ast-identical"
"trash_rl/correct/5B24EDhxjiGEiGvZe_inv1.als","trash_rl","CORRECT","inv1","inv1","inv1c","student-oracle-raw-ast-identical"
"trash_rl/correct/5KyjBHd4LSNqmwzGC_inv1.als","trash_rl","CORRECT","inv1","inv1","inv1c","student-oracle-raw-ast-identical"
"trash_rl/correct/5Qreiwx6o8FBPWYhq_inv9.als","trash_rl","CORRECT","inv9","inv9","inv9c","student-oracle-raw-ast-identical"
"trash_rl/correct/5et9PuXsAXaWuEoiw_inv7.als","trash_rl","CORRECT","inv7","inv7","inv7c","student-oracle-raw-ast-identical"
"trash_rl/correct/5gdBXy7m7rJz4pGHk_inv8.als","trash_rl","CORRECT","inv8","inv8","inv8c","student-oracle-raw-ast-identical"
"trash_rl/correct/5n3Bw8CDfJFKypJLJ_inv3.als","trash_rl","CORRECT","inv3","inv3","inv3c","student-oracle-raw-ast-identical"
"trash_rl/correct/66uyo8KtmCMJYuEJj_inv1.als","trash_rl","CORRECT","inv1","inv1","inv1c","student-oracle-raw-ast-identical"
"trash_rl/correct/68hJ5wY2d2ExK95yC_inv1.als","trash_rl","CORRECT","inv1","inv1","inv1c","student-oracle-raw-ast-identical"
"trash_rl/correct/68wsbkEWGqRBbwCFR_inv2.als","trash_rl","CORRECT","inv2","inv2","inv2c","student-oracle-raw-ast-identical"
"trash_rl/correct/6F2YNFqjWpzxH3yW6_inv4.als","trash_rl","CORRECT","inv4","inv4","inv4c","student-oracle-raw-ast-identical"
"trash_rl/correct/6HSKCu9SJe6NR9PQ6_inv3.als","trash_rl","CORRECT","inv3","inv3","inv3c","student-oracle-raw-ast-identical"
"trash_rl/correct/6HuKnMk7vNLzfo6fN_inv3.als","trash_rl","CORRECT","inv3","inv3","inv3c","student-oracle-raw-ast-identical"
"trash_rl/correct/6LivyA2P38D7kwZX3_inv1.als","trash_rl","CORRECT","inv1","inv1","inv1c","student-oracle-raw-ast-identical"
"trash_rl/correct/6NzgNTGE36GvPQuhc_inv5.als","trash_rl","CORRECT","inv5","inv5","inv5c","student-oracle-raw-ast-identical"
"trash_rl/correct/6S4EnxdJnDxF9YsJR_inv1.als","trash_rl","CORRECT","inv1","inv1","inv1c","student-oracle-raw-ast-identical"
"trash_rl/correct/6aZSj4AKWPvhv2dyK_inv2.als","trash_rl","CORRECT","inv2","inv2","inv2c","student-oracle-raw-ast-identical"
"trash_rl/correct/6mFFeHDNSu3vfeshq_inv4.als","trash_rl","CORRECT","inv4","inv4","inv4c","student-oracle-raw-ast-identical"
"trash_rl/correct/6qnNjHf5v9rGyjRMo_inv8.als","trash_rl","CORRECT","inv8","inv8","inv8c","student-oracle-raw-ast-identical"
"trash_rl/correct/6t97fdKkCkPbTYFuW_inv7.als","trash_rl","CORRECT","inv7","inv7","inv7c","student-oracle-raw-ast-identical"
"trash_rl/correct/6vwsu5sSPJH9DyWzt_inv1.als","trash_rl","CORRECT","inv1","inv1","inv1c","student-oracle-raw-ast-identical"
"trash_rl/correct/6x9AyMpidgTA87p6T_inv7.als","trash_rl","CORRECT","inv7","inv7","inv7c","student-oracle-raw-ast-identical"
"trash_rl/correct/743o4ybapzDZPR9Ra_inv3.als","trash_rl","CORRECT","inv3","inv3","inv3c","student-oracle-raw-ast-identical"
"trash_rl/correct/7MWPFjXbiLjwLdKq3_inv8.als","trash_rl","CORRECT","inv8","inv8","inv8c","student-oracle-raw-ast-identical"
"trash_rl/correct/7PF4zCqHDALMC5Co4_inv4.als","trash_rl","CORRECT","inv4","inv4","inv4c","student-oracle-raw-ast-identical"
"trash_rl/correct/7WmhGNoR6FTdWgdzD_inv2.als","trash_rl","CORRECT","inv2","inv2","inv2c","student-oracle-raw-ast-identical"
"trash_rl/correct/7Yi6AjAjowbh54HXK_inv1.als","trash_rl","CORRECT","inv1","inv1","inv1c","student-oracle-raw-ast-identical"
"trash_rl/correct/7buSEpLaFa5mpzaDX_inv1.als","trash_rl","CORRECT","inv1","inv1","inv1c","student-oracle-raw-ast-identical"
"trash_rl/correct/7kLNfbRP9bwCgrPqT_inv8.als","trash_rl","CORRECT","inv8","inv8","inv8c","student-oracle-raw-ast-identical"
"trash_rl/correct/7mkNFz9F6dNDbLS93_inv1.als","trash_rl","CORRECT","inv1","inv1","inv1c","student-oracle-raw-ast-identical"
"trash_rl/correct/7q7SAp7cJ4yF7NoX2_inv1.als","trash_rl","CORRECT","inv1","inv1","inv1c","student-oracle-raw-ast-identical"
"trash_rl/correct/7v7WZ7mhx4FKDxXui_inv1.als","trash_rl","CORRECT","inv1","inv1","inv1c","student-oracle-raw-ast-identical"
"trash_rl/correct/83wgW74hitztegZnB_inv8.als","trash_rl","CORRECT","inv8","inv8","inv8c","student-oracle-raw-ast-identical"
"trash_rl/correct/85rvREtTpSXw5GLnh_inv9.als","trash_rl","CORRECT","inv9","inv9","inv9c","student-oracle-raw-ast-identical"
"trash_rl/correct/8MX4F2GcmyaM6SRrb_inv9.als","trash_rl","CORRECT","inv9","inv9","inv9c","student-oracle-raw-ast-identical"
"trash_rl/correct/8Re5h25wNAHpxgdqF_inv1.als","trash_rl","CORRECT","inv1","inv1","inv1c","student-oracle-raw-ast-identical"
"trash_rl/correct/8hqTRkZSsgXTn7D3y_inv1.als","trash_rl","CORRECT","inv1","inv1","inv1c","student-oracle-raw-ast-identical"
"trash_rl/correct/8o9iAH2vJb8R3Tk6N_inv4.als","trash_rl","CORRECT","inv4","inv4","inv4c","student-oracle-raw-ast-identical"
"trash_rl/correct/8pv32Mtfoto8XpWaL_inv8.als","trash_rl","CORRECT","inv8","inv8","inv8c","student-oracle-raw-ast-identical"
"trash_rl/correct/8qhEAtmoWfNgjYBeQ_inv1.als","trash_rl","CORRECT","inv1","inv1","inv1c","student-oracle-raw-ast-identical"
"trash_rl/correct/8rtvnWqu4gKTvk8Rp_inv1.als","trash_rl","CORRECT","inv1","inv1","inv1c","student-oracle-raw-ast-identical"
"trash_rl/correct/8xLBbvEjTfCwPyDXu_inv10.als","trash_rl","CORRECT","inv10","inv10","inv10c","student-oracle-raw-ast-identical"
"trash_rl/correct/929DCGTFtDnuTxHni_inv1.als","trash_rl","CORRECT","inv1","inv1","inv1c","student-oracle-raw-ast-identical"
"trash_rl/correct/932zFiGuqKGo4pwgE_inv3.als","trash_rl","CORRECT","inv3","inv3","inv3c","student-oracle-raw-ast-identical"
"trash_rl/correct/99JxpJurtpziqks8E_inv4.als","trash_rl","CORRECT","inv4","inv4","inv4c","student-oracle-raw-ast-identical"
"trash_rl/correct/9D2b5qxyAQyNaskgG_inv8.als","trash_rl","CORRECT","inv8","inv8","inv8c","student-oracle-raw-ast-identical"
"trash_rl/correct/9McnooYZrmXBbKECX_inv9.als","trash_rl","CORRECT","inv9","inv9","inv9c","student-oracle-raw-ast-identical"
"trash_rl/correct/9Ra3pM3GJ9bhPJ3Mm_inv3.als","trash_rl","CORRECT","inv3","inv3","inv3c","student-oracle-raw-ast-identical"
"trash_rl/correct/9SR78JziZw2XtpZQw_inv2.als","trash_rl","CORRECT","inv2","inv2","inv2c","student-oracle-raw-ast-identical"
"trash_rl/correct/9WNLJ3oj9jELw5t5R_inv3.als","trash_rl","CORRECT","inv3","inv3","inv3c","student-oracle-raw-ast-identical"
"trash_rl/correct/9Z5KWogDAu7SLW9Zy_inv1.als","trash_rl","CORRECT","inv1","inv1","inv1c","student-oracle-raw-ast-identical"
"trash_rl/correct/9aDJTphHXYHBzuty5_inv2.als","trash_rl","CORRECT","inv2","inv2","inv2c","student-oracle-raw-ast-identical"
"trash_rl/correct/9dFyWQZ6REttWFBLG_inv10.als","trash_rl","CORRECT","inv10","inv10","inv10c","student-oracle-raw-ast-identical"
"trash_rl/correct/9e6gD3zWwJSdQCRdf_inv2.als","trash_rl","CORRECT","inv2","inv2","inv2c","student-oracle-raw-ast-identical"
"trash_rl/correct/9gzfvghTtpPNf3ZDG_inv5.als","trash_rl","CORRECT","inv5","inv5","inv5c","student-oracle-raw-ast-identical"
"trash_rl/correct/9qkuHfMZDpKFmdH3W_inv1.als","trash_rl","CORRECT","inv1","inv1","inv1c","student-oracle-raw-ast-identical"
"trash_rl/correct/9rBbd9f2ei7Ew3tBN_inv4.als","trash_rl","CORRECT","inv4","inv4","inv4c","student-oracle-raw-ast-identical"
"trash_rl/correct/9t6cv22AKyTgGQZMB_inv4.als","trash_rl","CORRECT","inv4","inv4","inv4c","student-oracle-raw-ast-identical"
"trash_rl/correct/9x8YQusnMEpJ6fpRq_inv3.als","trash_rl","CORRECT","inv3","inv3","inv3c","student-oracle-raw-ast-identical"
"trash_rl/correct/A3DnYMmFCbcNP8mxA_inv1.als","trash_rl","CORRECT","inv1","inv1","inv1c","student-oracle-raw-ast-identical"
"trash_rl/correct/A6NHoCc7CiXhRJ278_inv9.als","trash_rl","CORRECT","inv9","inv9","inv9c","student-oracle-raw-ast-identical"
"trash_rl/correct/A8HucFqFtx7iB3gvw_inv1.als","trash_rl","CORRECT","inv1","inv1","inv1c","student-oracle-raw-ast-identical"
"trash_rl/correct/AG5vpxu7AnTykSxGr_inv1.als","trash_rl","CORRECT","inv1","inv1","inv1c","student-oracle-raw-ast-identical"
"trash_rl/correct/ATdJ6BexcBWprRN2Z_inv2.als","trash_rl","CORRECT","inv2","inv2","inv2c","student-oracle-raw-ast-identical"
"trash_rl/correct/AYi5CMToarkRyj87p_inv1.als","trash_rl","CORRECT","inv1","inv1","inv1c","student-oracle-raw-ast-identical"
"trash_rl/correct/AfYMnzNnuijBKK48m_inv9.als","trash_rl","CORRECT","inv9","inv9","inv9c","student-oracle-raw-ast-identical"
"trash_rl/correct/AoLGRPZLgbGxCi5Ag_inv8.als","trash_rl","CORRECT","inv8","inv8","inv8c","student-oracle-raw-ast-identical"
"trash_rl/correct/AprCRn9SbvR8dzto6_inv8.als","trash_rl","CORRECT","inv8","inv8","inv8c","student-oracle-raw-ast-identical"
"trash_rl/correct/Apzuc8rNLQ9PbSCqn_inv1.als","trash_rl","CORRECT","inv1","inv1","inv1c","student-oracle-raw-ast-identical"
"trash_rl/correct/AwGsAc2H6gahjeuZo_inv8.als","trash_rl","CORRECT","inv8","inv8","inv8c","student-oracle-raw-ast-identical"
"trash_rl/correct/B2vPHk8JBzZPyzCrX_inv2.als","trash_rl","CORRECT","inv2","inv2","inv2c","student-oracle-raw-ast-identical"
"trash_rl/correct/B589GpcoTJKR8FvPf_inv3.als","trash_rl","CORRECT","inv3","inv3","inv3c","student-oracle-raw-ast-identical"
"trash_rl/correct/BJtu3JZz2TiC57EDf_inv1.als","trash_rl","CORRECT","inv1","inv1","inv1c","student-oracle-raw-ast-identical"
"trash_rl/correct/Bbmj8RhEAQw8Rv7GK_inv4.als","trash_rl","CORRECT","inv4","inv4","inv4c","student-oracle-raw-ast-identical"
"trash_rl/correct/Bgqx6DmW3rsKguwcr_inv10.als","trash_rl","CORRECT","inv10","inv10","inv10c","student-oracle-raw-ast-identical"
"trash_rl/correct/Bh9QYdTWBMPQkjhF4_inv7.als","trash_rl","CORRECT","inv7","inv7","inv7c","student-oracle-raw-ast-identical"
"trash_rl/correct/BizPeABCQD8wtDEZo_inv10.als","trash_rl","CORRECT","inv10","inv10","inv10c","student-oracle-raw-ast-identical"
"trash_rl/correct/BsrhYTNapGzLkWB3H_inv1.als","trash_rl","CORRECT","inv1","inv1","inv1c","student-oracle-raw-ast-identical"
"trash_rl/correct/BwxNdXRLRSrtWD8po_inv8.als","trash_rl","CORRECT","inv8","inv8","inv8c","student-oracle-raw-ast-identical"
"trash_rl/correct/C2tSBdoDRaiiMJhEp_inv8.als","trash_rl","CORRECT","inv8","inv8","inv8c","student-oracle-raw-ast-identical"
"trash_rl/correct/C6DHQofsSgg9xZna4_inv10.als","trash_rl","CORRECT","inv10","inv10","inv10c","student-oracle-raw-ast-identical"
"trash_rl/correct/CHX6Jixmi3A3bnuLR_inv10.als","trash_rl","CORRECT","inv10","inv10","inv10c","student-oracle-raw-ast-identical"
"trash_rl/correct/CHxBCEqjBFjLSYdEu_inv1.als","trash_rl","CORRECT","inv1","inv1","inv1c","student-oracle-raw-ast-identical"
"trash_rl/correct/CNc3YwtrjQBN3m5Mi_inv1.als","trash_rl","CORRECT","inv1","inv1","inv1c","student-oracle-raw-ast-identical"
"trash_rl/correct/CZmhZfoxSQfTBowDF_inv1.als","trash_rl","CORRECT","inv1","inv1","inv1c","student-oracle-raw-ast-identical"
"trash_rl/correct/CafHFxQPrPq5zw8kx_inv9.als","trash_rl","CORRECT","inv9","inv9","inv9c","student-oracle-raw-ast-identical"
"trash_rl/correct/CgzYKvnNqsW2L4vYQ_inv1.als","trash_rl","CORRECT","inv1","inv1","inv1c","student-oracle-raw-ast-identical"
"trash_rl/correct/CuMMnQTQs8NLihETZ_inv3.als","trash_rl","CORRECT","inv3","inv3","inv3c","student-oracle-raw-ast-identical"
"trash_rl/correct/D2kT5u8u4Xus5QThM_inv2.als","trash_rl","CORRECT","inv2","inv2","inv2c","student-oracle-raw-ast-identical"
"trash_rl/correct/D6CH56Bui4LstZTeo_inv1.als","trash_rl","CORRECT","inv1","inv1","inv1c","student-oracle-raw-ast-identical"
"trash_rl/correct/D6H3HPQdKb3E9Kida_inv2.als","trash_rl","CORRECT","inv2","inv2","inv2c","student-oracle-raw-ast-identical"
"trash_rl/correct/D7ohDdazhreZhP5sK_inv9.als","trash_rl","CORRECT","inv9","inv9","inv9c","student-oracle-raw-ast-identical"
"trash_rl/correct/DBMriDNWikY2nzpmw_inv1.als","trash_rl","CORRECT","inv1","inv1","inv1c","student-oracle-raw-ast-identical"
"trash_rl/correct/DF5kBtFPraj6E2qmY_inv8.als","trash_rl","CORRECT","inv8","inv8","inv8c","student-oracle-raw-ast-identical"
"trash_rl/correct/DPoZMM7YJh7wHHg6K_inv3.als","trash_rl","CORRECT","inv3","inv3","inv3c","student-oracle-raw-ast-identical"
"trash_rl/correct/DYMdpEtsEE7QFHznA_inv9.als","trash_rl","CORRECT","inv9","inv9","inv9c","student-oracle-raw-ast-identical"
"trash_rl/correct/DZtYf49LHfJwKMm8s_inv1.als","trash_rl","CORRECT","inv1","inv1","inv1c","student-oracle-raw-ast-identical"
"trash_rl/correct/Dan8EaEdNSC5Q9uf8_inv1.als","trash_rl","CORRECT","inv1","inv1","inv1c","student-oracle-raw-ast-identical"
"trash_rl/correct/DdixsZkGxaFmHEbPz_inv4.als","trash_rl","CORRECT","inv4","inv4","inv4c","student-oracle-raw-ast-identical"
"trash_rl/correct/DeFBkEWfMv2e6vpLG_inv10.als","trash_rl","CORRECT","inv10","inv10","inv10c","student-oracle-raw-ast-identical"
"trash_rl/correct/DiXecfbkJytYoT5dd_inv7.als","trash_rl","CORRECT","inv7","inv7","inv7c","student-oracle-raw-ast-identical"
"trash_rl/correct/DnaTm5QnPEiznDtZj_inv4.als","trash_rl","CORRECT","inv4","inv4","inv4c","student-oracle-raw-ast-identical"
"trash_rl/correct/Do6DftNk3G2fEzzdo_inv1.als","trash_rl","CORRECT","inv1","inv1","inv1c","student-oracle-raw-ast-identical"
"trash_rl/correct/DsTP9pXpZ9soqxNvJ_inv9.als","trash_rl","CORRECT","inv9","inv9","inv9c","student-oracle-raw-ast-identical"
"trash_rl/correct/DtZye95jKYoNDNErJ_inv3.als","trash_rl","CORRECT","inv3","inv3","inv3c","student-oracle-raw-ast-identical"
"trash_rl/correct/DuN2fnxxbNwX37e5A_inv1.als","trash_rl","CORRECT","inv1","inv1","inv1c","student-oracle-raw-ast-identical"
"trash_rl/correct/DwwttEsvzXoFTqSFQ_inv4.als","trash_rl","CORRECT","inv4","inv4","inv4c","student-oracle-raw-ast-identical"
"trash_rl/correct/EBBENmA5yeEtXxWAJ_inv1.als","trash_rl","CORRECT","inv1","inv1","inv1c","student-oracle-raw-ast-identical"
"trash_rl/correct/EBRbS3NTqG4KtR2QW_inv9.als","trash_rl","CORRECT","inv9","inv9","inv9c","student-oracle-raw-ast-identical"
"trash_rl/correct/EHxFPmPuzSC9yvsFn_inv2.als","trash_rl","CORRECT","inv2","inv2","inv2c","student-oracle-raw-ast-identical"
"trash_rl/correct/ELBMacifNLq64bMXp_inv4.als","trash_rl","CORRECT","inv4","inv4","inv4c","student-oracle-raw-ast-identical"
"trash_rl/correct/EM4Tedu3xthWEs98R_inv4.als","trash_rl","CORRECT","inv4","inv4","inv4c","student-oracle-raw-ast-identical"
"trash_rl/correct/ETj9tq2wYNakE65sJ_inv9.als","trash_rl","CORRECT","inv9","inv9","inv9c","student-oracle-raw-ast-identical"
"trash_rl/correct/Ebj5YYdekYR2y4w84_inv1.als","trash_rl","CORRECT","inv1","inv1","inv1c","student-oracle-raw-ast-identical"
"trash_rl/correct/EeG3Bkb7jqxrvwXMr_inv2.als","trash_rl","CORRECT","inv2","inv2","inv2c","student-oracle-raw-ast-identical"
"trash_rl/correct/EfHps39Rm7K3CZkvS_inv9.als","trash_rl","CORRECT","inv9","inv9","inv9c","student-oracle-raw-ast-identical"
"trash_rl/correct/EkP2G8yqBjoaco6Hy_inv4.als","trash_rl","CORRECT","inv4","inv4","inv4c","student-oracle-raw-ast-identical"
"trash_rl/correct/EpxmtACWuiLm7qybf_inv1.als","trash_rl","CORRECT","inv1","inv1","inv1c","student-oracle-raw-ast-identical"
"trash_rl/correct/EwTX3DfcHhR57JLjh_inv4.als","trash_rl","CORRECT","inv4","inv4","inv4c","student-oracle-raw-ast-identical"
"trash_rl/correct/FCtRdmZASitrLXzFC_inv1.als","trash_rl","CORRECT","inv1","inv1","inv1c","student-oracle-raw-ast-identical"
"trash_rl/correct/FKCY8YRcPmoLAn3TH_inv9.als","trash_rl","CORRECT","inv9","inv9","inv9c","student-oracle-raw-ast-identical"
"trash_rl/correct/FMo7afuCL5vggNMFn_inv1.als","trash_rl","CORRECT","inv1","inv1","inv1c","student-oracle-raw-ast-identical"
"trash_rl/correct/FNtKaJ9CxBbFwauXB_inv8.als","trash_rl","CORRECT","inv8","inv8","inv8c","student-oracle-raw-ast-identical"
"trash_rl/correct/FYwWyBKX6B3RpdLKh_inv4.als","trash_rl","CORRECT","inv4","inv4","inv4c","student-oracle-raw-ast-identical"
"trash_rl/correct/Ffz6JJxpaGJ3JP7ye_inv7.als","trash_rl","CORRECT","inv7","inv7","inv7c","student-oracle-raw-ast-identical"
"trash_rl/correct/FiGuNFQAAFGEdrBqu_inv3.als","trash_rl","CORRECT","inv3","inv3","inv3c","student-oracle-raw-ast-identical"
"trash_rl/correct/Fq4dMqRscwCqLAHJ5_inv9.als","trash_rl","CORRECT","inv9","inv9","inv9c","student-oracle-raw-ast-identical"
"trash_rl/correct/G3KoSe9mtaDG7ADdT_inv1.als","trash_rl","CORRECT","inv1","inv1","inv1c","student-oracle-raw-ast-identical"
"trash_rl/correct/G8jfi7soYeaJvAmXh_inv8.als","trash_rl","CORRECT","inv8","inv8","inv8c","student-oracle-raw-ast-identical"
"trash_rl/correct/G9tkL59GuWhWixjnZ_inv2.als","trash_rl","CORRECT","inv2","inv2","inv2c","student-oracle-raw-ast-identical"
"trash_rl/correct/GC7BzMybjZSYqjqrG_inv9.als","trash_rl","CORRECT","inv9","inv9","inv9c","student-oracle-raw-ast-identical"
"trash_rl/correct/GFhJnA5fRSb7PqpHW_inv1.als","trash_rl","CORRECT","inv1","inv1","inv1c","student-oracle-raw-ast-identical"
"trash_rl/correct/GXwkosHNGyv8HGFZj_inv4.als","trash_rl","CORRECT","inv4","inv4","inv4c","student-oracle-raw-ast-identical"
"trash_rl/correct/GYtdKu5vwFmFfePqe_inv3.als","trash_rl","CORRECT","inv3","inv3","inv3c","student-oracle-raw-ast-identical"
"trash_rl/correct/GhGdHjTaLyZbzFL2u_inv4.als","trash_rl","CORRECT","inv4","inv4","inv4c","student-oracle-raw-ast-identical"
"trash_rl/correct/GnQhBW6xPtZdcZhgA_inv2.als","trash_rl","CORRECT","inv2","inv2","inv2c","student-oracle-raw-ast-identical"
"trash_rl/correct/GsLdfsWtcwttSM4yL_inv8.als","trash_rl","CORRECT","inv8","inv8","inv8c","student-oracle-raw-ast-identical"
"trash_rl/correct/Gue2vtjznEsnLNBhP_inv4.als","trash_rl","CORRECT","inv4","inv4","inv4c","student-oracle-raw-ast-identical"
"trash_rl/correct/GvYy8FRLqZXs78YL5_inv2.als","trash_rl","CORRECT","inv2","inv2","inv2c","student-oracle-raw-ast-identical"
"trash_rl/correct/GzFQ9sza38dMh56pJ_inv3.als","trash_rl","CORRECT","inv3","inv3","inv3c","student-oracle-raw-ast-identical"
"trash_rl/correct/H2eKGv5tyvv5bKoCf_inv9.als","trash_rl","CORRECT","inv9","inv9","inv9c","student-oracle-raw-ast-identical"
"trash_rl/correct/H4NqZMB3p7z3SqzTu_inv1.als","trash_rl","CORRECT","inv1","inv1","inv1c","student-oracle-raw-ast-identical"
"trash_rl/correct/H7nnBzNTFo7LWaboE_inv1.als","trash_rl","CORRECT","inv1","inv1","inv1c","student-oracle-raw-ast-identical"
"trash_rl/correct/HLXhZQmcjWRiLnLEr_inv9.als","trash_rl","CORRECT","inv9","inv9","inv9c","student-oracle-raw-ast-identical"
"trash_rl/correct/HSyLSBSPgPcvTS2ZH_inv8.als","trash_rl","CORRECT","inv8","inv8","inv8c","student-oracle-raw-ast-identical"
"trash_rl/correct/HbQcv2fXdoGdBcbLY_inv8.als","trash_rl","CORRECT","inv8","inv8","inv8c","student-oracle-raw-ast-identical"
"trash_rl/correct/HcQgLwmc3eMGjan92_inv8.als","trash_rl","CORRECT","inv8","inv8","inv8c","student-oracle-raw-ast-identical"
"trash_rl/correct/HcuSqaMwvQTTcrfgd_inv3.als","trash_rl","CORRECT","inv3","inv3","inv3c","student-oracle-raw-ast-identical"
"trash_rl/correct/HjWMoWesWLz3DZnm2_inv8.als","trash_rl","CORRECT","inv8","inv8","inv8c","student-oracle-raw-ast-identical"
"trash_rl/correct/Hm8Ct7TWpthHWPpNB_inv2.als","trash_rl","CORRECT","inv2","inv2","inv2c","student-oracle-raw-ast-identical"
"trash_rl/correct/HoNHYg9JK45y7t8n2_inv1.als","trash_rl","CORRECT","inv1","inv1","inv1c","student-oracle-raw-ast-identical"
"trash_rl/correct/HsCCK2GpjPmGcXRmr_inv4.als","trash_rl","CORRECT","inv4","inv4","inv4c","student-oracle-raw-ast-identical"
"trash_rl/correct/Htu2WyxFNcT5Gypms_inv3.als","trash_rl","CORRECT","inv3","inv3","inv3c","student-oracle-raw-ast-identical"
"trash_rl/correct/J2GkDb8KJwrGZzdgz_inv1.als","trash_rl","CORRECT","inv1","inv1","inv1c","student-oracle-raw-ast-identical"
"trash_rl/correct/J2st8LMA2krmePjCG_inv3.als","trash_rl","CORRECT","inv3","inv3","inv3c","student-oracle-raw-ast-identical"
"trash_rl/correct/J2x7RWEhT59EHjAXK_inv1.als","trash_rl","CORRECT","inv1","inv1","inv1c","student-oracle-raw-ast-identical"
"trash_rl/correct/JBEYcG87WzmF3ZHac_inv4.als","trash_rl","CORRECT","inv4","inv4","inv4c","student-oracle-raw-ast-identical"
"trash_rl/correct/JP3iw2Zs5gCjGPPad_inv8.als","trash_rl","CORRECT","inv8","inv8","inv8c","student-oracle-raw-ast-identical"
"trash_rl/correct/Jgw43hQsfrmFPK7vC_inv7.als","trash_rl","CORRECT","inv7","inv7","inv7c","student-oracle-raw-ast-identical"
"trash_rl/correct/JqRG4uRHC3m8zL2o3_inv1.als","trash_rl","CORRECT","inv1","inv1","inv1c","student-oracle-raw-ast-identical"
"trash_rl/correct/JwhdGEGpMmjPkhWug_inv3.als","trash_rl","CORRECT","inv3","inv3","inv3c","student-oracle-raw-ast-identical"
"trash_rl/correct/K2xxJzoG5ykLocKui_inv4.als","trash_rl","CORRECT","inv4","inv4","inv4c","student-oracle-raw-ast-identical"
"trash_rl/correct/K37m3ukx2yCrjTEhr_inv1.als","trash_rl","CORRECT","inv1","inv1","inv1c","student-oracle-raw-ast-identical"
"trash_rl/correct/K5RCLpFCgvB7GX94R_inv3.als","trash_rl","CORRECT","inv3","inv3","inv3c","student-oracle-raw-ast-identical"
"trash_rl/correct/K6axGDtLDfRoo4c8W_inv2.als","trash_rl","CORRECT","inv2","inv2","inv2c","student-oracle-raw-ast-identical"
"trash_rl/correct/KC4fEk4cMSEc5LZ3J_inv10.als","trash_rl","CORRECT","inv10","inv10","inv10c","student-oracle-raw-ast-identical"
"trash_rl/correct/KKigA46hxB3PXDCzr_inv3.als","trash_rl","CORRECT","inv3","inv3","inv3c","student-oracle-raw-ast-identical"
"trash_rl/correct/KfZdBkewwnznZ8Dvz_inv1.als","trash_rl","CORRECT","inv1","inv1","inv1c","student-oracle-raw-ast-identical"
"trash_rl/correct/KmtbkfRX3ayRv8MaL_inv7.als","trash_rl","CORRECT","inv7","inv7","inv7c","student-oracle-raw-ast-identical"
"trash_rl/correct/KtHHcGfWjhyALT2xb_inv9.als","trash_rl","CORRECT","inv9","inv9","inv9c","student-oracle-raw-ast-identical"
"trash_rl/correct/KxaLzabWEzugCgwPM_inv8.als","trash_rl","CORRECT","inv8","inv8","inv8c","student-oracle-raw-ast-identical"
"trash_rl/correct/L6xvxETHo3rLYwcbK_inv9.als","trash_rl","CORRECT","inv9","inv9","inv9c","student-oracle-raw-ast-identical"
"trash_rl/correct/L9Rg6JpYZrpH9GNMx_inv8.als","trash_rl","CORRECT","inv8","inv8","inv8c","student-oracle-raw-ast-identical"
"trash_rl/correct/LAueSLqoHToPg8cex_inv4.als","trash_rl","CORRECT","inv4","inv4","inv4c","student-oracle-raw-ast-identical"
"trash_rl/correct/LCfBFKKMPLmsuZqw6_inv1.als","trash_rl","CORRECT","inv1","inv1","inv1c","student-oracle-raw-ast-identical"
"trash_rl/correct/LNhmS32znvzBZiqpe_inv1.als","trash_rl","CORRECT","inv1","inv1","inv1c","student-oracle-raw-ast-identical"
"trash_rl/correct/LNqyiXXfRms9Hqasp_inv4.als","trash_rl","CORRECT","inv4","inv4","inv4c","student-oracle-raw-ast-identical"
"trash_rl/correct/LTQGkuwpqoK8cJ9rj_inv2.als","trash_rl","CORRECT","inv2","inv2","inv2c","student-oracle-raw-ast-identical"
"trash_rl/correct/LZHh7c5LA62h4Wihc_inv9.als","trash_rl","CORRECT","inv9","inv9","inv9c","student-oracle-raw-ast-identical"
"trash_rl/correct/Larr8D6KGYwbwRrPr_inv9.als","trash_rl","CORRECT","inv9","inv9","inv9c","student-oracle-raw-ast-identical"
"trash_rl/correct/Le8ShNJwkz9NntEi7_inv3.als","trash_rl","CORRECT","inv3","inv3","inv3c","student-oracle-raw-ast-identical"
"trash_rl/correct/LiuXM29EqD8PKandW_inv10.als","trash_rl","CORRECT","inv10","inv10","inv10c","student-oracle-raw-ast-identical"
"trash_rl/correct/Ljti6pAiXzPcSqM4J_inv2.als","trash_rl","CORRECT","inv2","inv2","inv2c","student-oracle-raw-ast-identical"
"trash_rl/correct/LmtaKd7FH3aR4sPzB_inv8.als","trash_rl","CORRECT","inv8","inv8","inv8c","student-oracle-raw-ast-identical"
"trash_rl/correct/LnASncHR2o9w786j8_inv8.als","trash_rl","CORRECT","inv8","inv8","inv8c","student-oracle-raw-ast-identical"
"trash_rl/correct/LpA6jyaSNJEHEq9uC_inv10.als","trash_rl","CORRECT","inv10","inv10","inv10c","student-oracle-raw-ast-identical"
"trash_rl/correct/Lph6fJKXR9dkGyPKv_inv1.als","trash_rl","CORRECT","inv1","inv1","inv1c","student-oracle-raw-ast-identical"
"trash_rl/correct/LqSuDqBJheJ74cmaY_inv7.als","trash_rl","CORRECT","inv7","inv7","inv7c","student-oracle-raw-ast-identical"
"trash_rl/correct/LznaxFjGpnQpeCJaH_inv1.als","trash_rl","CORRECT","inv1","inv1","inv1c","student-oracle-raw-ast-identical"
"trash_rl/correct/M5x6KzE2ASNRPZDw8_inv1.als","trash_rl","CORRECT","inv1","inv1","inv1c","student-oracle-raw-ast-identical"
"trash_rl/correct/MPM48PXACnKDi4Lmv_inv2.als","trash_rl","CORRECT","inv2","inv2","inv2c","student-oracle-raw-ast-identical"
"trash_rl/correct/MProwoNtrAFifrz7g_inv2.als","trash_rl","CORRECT","inv2","inv2","inv2c","student-oracle-raw-ast-identical"
"trash_rl/correct/MQhrk42EZLihy8cEt_inv4.als","trash_rl","CORRECT","inv4","inv4","inv4c","student-oracle-raw-ast-identical"
"trash_rl/correct/MaScZMsFxceucmPu4_inv8.als","trash_rl","CORRECT","inv8","inv8","inv8c","student-oracle-raw-ast-identical"
"trash_rl/correct/MoKGuKRFfF2FawfRB_inv4.als","trash_rl","CORRECT","inv4","inv4","inv4c","student-oracle-raw-ast-identical"
"trash_rl/correct/MqEkDykr4L4HNrm6t_inv2.als","trash_rl","CORRECT","inv2","inv2","inv2c","student-oracle-raw-ast-identical"
"trash_rl/correct/MtLYczHijQNsySqPC_inv1.als","trash_rl","CORRECT","inv1","inv1","inv1c","student-oracle-raw-ast-identical"
"trash_rl/correct/N4CzX4MK5dGErTmSt_inv2.als","trash_rl","CORRECT","inv2","inv2","inv2c","student-oracle-raw-ast-identical"
"trash_rl/correct/NGXMRQ9LtczZEa76s_inv2.als","trash_rl","CORRECT","inv2","inv2","inv2c","student-oracle-raw-ast-identical"
"trash_rl/correct/NJXKa8HhnGELrCwLh_inv9.als","trash_rl","CORRECT","inv9","inv9","inv9c","student-oracle-raw-ast-identical"
"trash_rl/correct/NMhAxm4zzrEYaTeNX_inv8.als","trash_rl","CORRECT","inv8","inv8","inv8c","student-oracle-raw-ast-identical"
"trash_rl/correct/NQ34BKGBxr3zTLwfi_inv7.als","trash_rl","CORRECT","inv7","inv7","inv7c","student-oracle-raw-ast-identical"
"trash_rl/correct/NT3vi6fPvPtAL7HN5_inv3.als","trash_rl","CORRECT","inv3","inv3","inv3c","student-oracle-raw-ast-identical"
"trash_rl/correct/NWh6J8kFpNnkszrB5_inv4.als","trash_rl","CORRECT","inv4","inv4","inv4c","student-oracle-raw-ast-identical"
"trash_rl/correct/Nnm9wvb4nw8WFSy3E_inv7.als","trash_rl","CORRECT","inv7","inv7","inv7c","student-oracle-raw-ast-identical"
"trash_rl/correct/NnmLmjdncnyD2ZGzF_inv8.als","trash_rl","CORRECT","inv8","inv8","inv8c","student-oracle-raw-ast-identical"
"trash_rl/correct/NqDpr3Zdiyo63Cxqz_inv4.als","trash_rl","CORRECT","inv4","inv4","inv4c","student-oracle-raw-ast-identical"
"trash_rl/correct/NqZzWsmDQG9ECSSa7_inv3.als","trash_rl","CORRECT","inv3","inv3","inv3c","student-oracle-raw-ast-identical"
"trash_rl/correct/NrAgkqavniH6nT2ox_inv1.als","trash_rl","CORRECT","inv1","inv1","inv1c","student-oracle-raw-ast-identical"
"trash_rl/correct/NuBNeWfCK9ehermSN_inv1.als","trash_rl","CORRECT","inv1","inv1","inv1c","student-oracle-raw-ast-identical"
"trash_rl/correct/NvnfiLkNisHXZb6Mx_inv3.als","trash_rl","CORRECT","inv3","inv3","inv3c","student-oracle-raw-ast-identical"
"trash_rl/correct/NzSx4ZSaMD6a7HERT_inv8.als","trash_rl","CORRECT","inv8","inv8","inv8c","student-oracle-raw-ast-identical"
"trash_rl/correct/P6J8gqQPkM9euT2Wm_inv3.als","trash_rl","CORRECT","inv3","inv3","inv3c","student-oracle-raw-ast-identical"
"trash_rl/correct/P7RuhPgufcmbDKPaB_inv3.als","trash_rl","CORRECT","inv3","inv3","inv3c","student-oracle-raw-ast-identical"
"trash_rl/correct/P86GXHAkgf2wH8ZqQ_inv9.als","trash_rl","CORRECT","inv9","inv9","inv9c","student-oracle-raw-ast-identical"
"trash_rl/correct/PB9qPuKABz7e7mbTd_inv7.als","trash_rl","CORRECT","inv7","inv7","inv7c","student-oracle-raw-ast-identical"
"trash_rl/correct/PG8gY2bFn6BojSzR4_inv4.als","trash_rl","CORRECT","inv4","inv4","inv4c","student-oracle-raw-ast-identical"
"trash_rl/correct/PGvA6HroZwdHcv4Dt_inv1.als","trash_rl","CORRECT","inv1","inv1","inv1c","student-oracle-raw-ast-identical"
"trash_rl/correct/PHwighXPhhFE5xS4x_inv1.als","trash_rl","CORRECT","inv1","inv1","inv1c","student-oracle-raw-ast-identical"
"trash_rl/correct/PJdkqJiNhitcJWa7R_inv3.als","trash_rl","CORRECT","inv3","inv3","inv3c","student-oracle-raw-ast-identical"
"trash_rl/correct/PT7XW3tPF6z6PWe8M_inv9.als","trash_rl","CORRECT","inv9","inv9","inv9c","student-oracle-raw-ast-identical"
"trash_rl/correct/PZyfKrmYzk4NhtPEG_inv1.als","trash_rl","CORRECT","inv1","inv1","inv1c","student-oracle-raw-ast-identical"
"trash_rl/correct/PsEnFjcnvyGk8Pb3v_inv1.als","trash_rl","CORRECT","inv1","inv1","inv1c","student-oracle-raw-ast-identical"
"trash_rl/correct/PsM2DwbooM7S6jJNz_inv10.als","trash_rl","CORRECT","inv10","inv10","inv10c","student-oracle-raw-ast-identical"
"trash_rl/correct/PyxRkt5yFs2t2MeEg_inv4.als","trash_rl","CORRECT","inv4","inv4","inv4c","student-oracle-raw-ast-identical"
"trash_rl/correct/Q2Fw58vWk6tuWipr6_inv1.als","trash_rl","CORRECT","inv1","inv1","inv1c","student-oracle-raw-ast-identical"
"trash_rl/correct/QGDLX6nfhkDX2Ypjx_inv1.als","trash_rl","CORRECT","inv1","inv1","inv1c","student-oracle-raw-ast-identical"
"trash_rl/correct/QPj6JyFEpSbYhvWa6_inv2.als","trash_rl","CORRECT","inv2","inv2","inv2c","student-oracle-raw-ast-identical"
"trash_rl/correct/QTeYteHdrFM4FoMwr_inv4.als","trash_rl","CORRECT","inv4","inv4","inv4c","student-oracle-raw-ast-identical"
"trash_rl/correct/QWaoA25x5itomLa6k_inv3.als","trash_rl","CORRECT","inv3","inv3","inv3c","student-oracle-raw-ast-identical"
"trash_rl/correct/Qb6XpTpWgDaP4g4L8_inv3.als","trash_rl","CORRECT","inv3","inv3","inv3c","student-oracle-raw-ast-identical"
"trash_rl/correct/QoMADCXr77uKgrb3B_inv8.als","trash_rl","CORRECT","inv8","inv8","inv8c","student-oracle-raw-ast-identical"
"trash_rl/correct/QpDJnZKGkqwNBkD8R_inv1.als","trash_rl","CORRECT","inv1","inv1","inv1c","student-oracle-raw-ast-identical"
"trash_rl/correct/R9YhfZzLWAKTRSWYn_inv1.als","trash_rl","CORRECT","inv1","inv1","inv1c","student-oracle-raw-ast-identical"
"trash_rl/correct/RCtoAqAJmm3TLsfYZ_inv1.als","trash_rl","CORRECT","inv1","inv1","inv1c","student-oracle-raw-ast-identical"
"trash_rl/correct/RCvtugWbXHapzfENT_inv2.als","trash_rl","CORRECT","inv2","inv2","inv2c","student-oracle-raw-ast-identical"
"trash_rl/correct/RGxCCjrjccbcYrD7k_inv1.als","trash_rl","CORRECT","inv1","inv1","inv1c","student-oracle-raw-ast-identical"
"trash_rl/correct/RHwSKJDSnEDwnatgb_inv4.als","trash_rl","CORRECT","inv4","inv4","inv4c","student-oracle-raw-ast-identical"
"trash_rl/correct/RK27yGgncJetQMNcE_inv4.als","trash_rl","CORRECT","inv4","inv4","inv4c","student-oracle-raw-ast-identical"
"trash_rl/correct/RLRgQg7u94v3GiaHA_inv8.als","trash_rl","CORRECT","inv8","inv8","inv8c","student-oracle-raw-ast-identical"
"trash_rl/correct/RaDiYvYfrhh8xSmtC_inv1.als","trash_rl","CORRECT","inv1","inv1","inv1c","student-oracle-raw-ast-identical"
"trash_rl/correct/RjLFFoxyy4kSnisAQ_inv6.als","trash_rl","CORRECT","inv6","inv6","inv6c","student-oracle-raw-ast-identical"
"trash_rl/correct/Ru4R2cYPBtYS5m2Me_inv3.als","trash_rl","CORRECT","inv3","inv3","inv3c","student-oracle-raw-ast-identical"
"trash_rl/correct/Rx83sxGgtETbwEZsk_inv8.als","trash_rl","CORRECT","inv8","inv8","inv8c","student-oracle-raw-ast-identical"
"trash_rl/correct/S4WH8xxdXLa9KyCJm_inv1.als","trash_rl","CORRECT","inv1","inv1","inv1c","student-oracle-raw-ast-identical"
"trash_rl/correct/S5GhpuL5DqdiEp9wi_inv8.als","trash_rl","CORRECT","inv8","inv8","inv8c","student-oracle-raw-ast-identical"
"trash_rl/correct/SB6SLRLpyXnt8jP3r_inv2.als","trash_rl","CORRECT","inv2","inv2","inv2c","student-oracle-raw-ast-identical"
"trash_rl/correct/SPzrDGuwQwutMyHQR_inv6.als","trash_rl","CORRECT","inv6","inv6","inv6c","student-oracle-raw-ast-identical"
"trash_rl/correct/SZmRxrfPYwEdaEFJc_inv3.als","trash_rl","CORRECT","inv3","inv3","inv3c","student-oracle-raw-ast-identical"
"trash_rl/correct/SzrWSeMBqT9Kv6mwg_inv1.als","trash_rl","CORRECT","inv1","inv1","inv1c","student-oracle-raw-ast-identical"
"trash_rl/correct/T2JxEkwRXrQX2BNBr_inv10.als","trash_rl","CORRECT","inv10","inv10","inv10c","student-oracle-raw-ast-identical"
"trash_rl/correct/TDjY7SLLkvWpMzLJ3_inv1.als","trash_rl","CORRECT","inv1","inv1","inv1c","student-oracle-raw-ast-identical"
"trash_rl/correct/TJSxbBJ6J65WnrBi5_inv4.als","trash_rl","CORRECT","inv4","inv4","inv4c","student-oracle-raw-ast-identical"
"trash_rl/correct/TRyeWetecTP6X4e4f_inv1.als","trash_rl","CORRECT","inv1","inv1","inv1c","student-oracle-raw-ast-identical"
"trash_rl/correct/TSxuux8P9nodKgrnT_inv1.als","trash_rl","CORRECT","inv1","inv1","inv1c","student-oracle-raw-ast-identical"
"trash_rl/correct/Tc775yNevPJxDFv74_inv7.als","trash_rl","CORRECT","inv7","inv7","inv7c","student-oracle-raw-ast-identical"
"trash_rl/correct/ThvtdRJESdJnuktuo_inv3.als","trash_rl","CORRECT","inv3","inv3","inv3c","student-oracle-raw-ast-identical"
"trash_rl/correct/TnqSwWPb6hAfb3WFB_inv7.als","trash_rl","CORRECT","inv7","inv7","inv7c","student-oracle-raw-ast-identical"
"trash_rl/correct/To9cBJbXfSTeuZuqq_inv4.als","trash_rl","CORRECT","inv4","inv4","inv4c","student-oracle-raw-ast-identical"
"trash_rl/correct/Tr5kWBoWuBSAiGyR2_inv9.als","trash_rl","CORRECT","inv9","inv9","inv9c","student-oracle-raw-ast-identical"
"trash_rl/correct/TtN7yBs7XB8CE3AhP_inv7.als","trash_rl","CORRECT","inv7","inv7","inv7c","student-oracle-raw-ast-identical"
"trash_rl/correct/Tu5myxmYyxEKA5RsT_inv2.als","trash_rl","CORRECT","inv2","inv2","inv2c","student-oracle-raw-ast-identical"
"trash_rl/correct/TuN8uaNHbikha9ssG_inv7.als","trash_rl","CORRECT","inv7","inv7","inv7c","student-oracle-raw-ast-identical"
"trash_rl/correct/W5MGaeTxZqiHHBdNi_inv4.als","trash_rl","CORRECT","inv4","inv4","inv4c","student-oracle-raw-ast-identical"
"trash_rl/correct/W5rc94JbWM5ESkQjo_inv1.als","trash_rl","CORRECT","inv1","inv1","inv1c","student-oracle-raw-ast-identical"
"trash_rl/correct/WBf866W9yKj8A7NhL_inv1.als","trash_rl","CORRECT","inv1","inv1","inv1c","student-oracle-raw-ast-identical"
"trash_rl/correct/WGq7MJ5FBMvtBxS9q_inv8.als","trash_rl","CORRECT","inv8","inv8","inv8c","student-oracle-raw-ast-identical"
"trash_rl/correct/WPrFqybmjisqAdAxi_inv3.als","trash_rl","CORRECT","inv3","inv3","inv3c","student-oracle-raw-ast-identical"
"trash_rl/correct/WRnJbxwSEoE7kkHxw_inv4.als","trash_rl","CORRECT","inv4","inv4","inv4c","student-oracle-raw-ast-identical"
"trash_rl/correct/WaCNmfWz5QdJXBSsC_inv3.als","trash_rl","CORRECT","inv3","inv3","inv3c","student-oracle-raw-ast-identical"
"trash_rl/correct/WoBbjtDyRcbx744TK_inv1.als","trash_rl","CORRECT","inv1","inv1","inv1c","student-oracle-raw-ast-identical"
"trash_rl/correct/X2PSgKY6HkiEzyfFX_inv10.als","trash_rl","CORRECT","inv10","inv10","inv10c","student-oracle-raw-ast-identical"
"trash_rl/correct/X3NuF3HvZLojiAsZn_inv1.als","trash_rl","CORRECT","inv1","inv1","inv1c","student-oracle-raw-ast-identical"
"trash_rl/correct/X3qmqGKcGqR5uFsj2_inv3.als","trash_rl","CORRECT","inv3","inv3","inv3c","student-oracle-raw-ast-identical"
"trash_rl/correct/XFoNH6fwPuxFubKdg_inv1.als","trash_rl","CORRECT","inv1","inv1","inv1c","student-oracle-raw-ast-identical"
"trash_rl/correct/XHgrr52boBpD9KF26_inv1.als","trash_rl","CORRECT","inv1","inv1","inv1c","student-oracle-raw-ast-identical"
"trash_rl/correct/XLZP5M4YNECh5wD8c_inv9.als","trash_rl","CORRECT","inv9","inv9","inv9c","student-oracle-raw-ast-identical"
"trash_rl/correct/XS9ufyoZh68rn5hWt_inv7.als","trash_rl","CORRECT","inv7","inv7","inv7c","student-oracle-raw-ast-identical"
"trash_rl/correct/XT6nHRCEQmuef6Eue_inv4.als","trash_rl","CORRECT","inv4","inv4","inv4c","student-oracle-raw-ast-identical"
"trash_rl/correct/XWrWBnqALmGWbGDWF_inv7.als","trash_rl","CORRECT","inv7","inv7","inv7c","student-oracle-raw-ast-identical"
"trash_rl/correct/XYFjATz6uEabrWYhC_inv1.als","trash_rl","CORRECT","inv1","inv1","inv1c","student-oracle-raw-ast-identical"
"trash_rl/correct/XcjzFX6gTzRnF9t2x_inv3.als","trash_rl","CORRECT","inv3","inv3","inv3c","student-oracle-raw-ast-identical"
"trash_rl/correct/XkmQSCw68KgTBthji_inv1.als","trash_rl","CORRECT","inv1","inv1","inv1c","student-oracle-raw-ast-identical"
"trash_rl/correct/XomcMyirpa4nruKsW_inv3.als","trash_rl","CORRECT","inv3","inv3","inv3c","student-oracle-raw-ast-identical"
"trash_rl/correct/XrFxTYoTvEDaS4JNz_inv2.als","trash_rl","CORRECT","inv2","inv2","inv2c","student-oracle-raw-ast-identical"
"trash_rl/correct/Xw5ADSDn3JFgoKRHs_inv7.als","trash_rl","CORRECT","inv7","inv7","inv7c","student-oracle-raw-ast-identical"
"trash_rl/correct/Y4bezW5ZZHr4ZMRd6_inv4.als","trash_rl","CORRECT","inv4","inv4","inv4c","student-oracle-raw-ast-identical"
"trash_rl/correct/YAyNZeCDF4v5Yfg3R_inv2.als","trash_rl","CORRECT","inv2","inv2","inv2c","student-oracle-raw-ast-identical"
"trash_rl/correct/YE6Lu5nQkQPrz4jiP_inv3.als","trash_rl","CORRECT","inv3","inv3","inv3c","student-oracle-raw-ast-identical"
"trash_rl/correct/YS95xxgBzaHxm36Re_inv4.als","trash_rl","CORRECT","inv4","inv4","inv4c","student-oracle-raw-ast-identical"
"trash_rl/correct/YW2h2sWFuw5g7moPZ_inv2.als","trash_rl","CORRECT","inv2","inv2","inv2c","student-oracle-raw-ast-identical"
"trash_rl/correct/YX2yaEA2XpfFNMYQx_inv4.als","trash_rl","CORRECT","inv4","inv4","inv4c","student-oracle-raw-ast-identical"
"trash_rl/correct/YYCWdbp7o68bd3cvq_inv3.als","trash_rl","CORRECT","inv3","inv3","inv3c","student-oracle-raw-ast-identical"
"trash_rl/correct/YaWksoDvvSXBb6omo_inv3.als","trash_rl","CORRECT","inv3","inv3","inv3c","student-oracle-raw-ast-identical"
"trash_rl/correct/YacxR5kS4Hgz2NHSJ_inv1.als","trash_rl","CORRECT","inv1","inv1","inv1c","student-oracle-raw-ast-identical"
"trash_rl/correct/Yehd3dvWPuyvFZKN6_inv4.als","trash_rl","CORRECT","inv4","inv4","inv4c","student-oracle-raw-ast-identical"
"trash_rl/correct/YpTjDLTftJqPJKzam_inv10.als","trash_rl","CORRECT","inv10","inv10","inv10c","student-oracle-raw-ast-identical"
"trash_rl/correct/Z2Zme5BhEhyhgdRFr_inv8.als","trash_rl","CORRECT","inv8","inv8","inv8c","student-oracle-raw-ast-identical"
"trash_rl/correct/Z4K377Z6TAJnMpmkD_inv1.als","trash_rl","CORRECT","inv1","inv1","inv1c","student-oracle-raw-ast-identical"
"trash_rl/correct/Z6nrzEtKnEfrS6RPE_inv7.als","trash_rl","CORRECT","inv7","inv7","inv7c","student-oracle-raw-ast-identical"
"trash_rl/correct/ZCPxgZeL2g3N6rCvQ_inv1.als","trash_rl","CORRECT","inv1","inv1","inv1c","student-oracle-raw-ast-identical"
"trash_rl/correct/ZCrSENrNMay7PxXyB_inv1.als","trash_rl","CORRECT","inv1","inv1","inv1c","student-oracle-raw-ast-identical"
"trash_rl/correct/ZNxAgkJoajbo8Rhye_inv2.als","trash_rl","CORRECT","inv2","inv2","inv2c","student-oracle-raw-ast-identical"
"trash_rl/correct/ZPGWvYwcG9csY99DL_inv8.als","trash_rl","CORRECT","inv8","inv8","inv8c","student-oracle-raw-ast-identical"
"trash_rl/correct/ZbJc695s5k4nE6Kp3_inv1.als","trash_rl","CORRECT","inv1","inv1","inv1c","student-oracle-raw-ast-identical"
"trash_rl/correct/Zdp4N5RxqPtMzckZG_inv1.als","trash_rl","CORRECT","inv1","inv1","inv1c","student-oracle-raw-ast-identical"
"trash_rl/correct/ZmqeiouchR2Dqt5MB_inv8.als","trash_rl","CORRECT","inv8","inv8","inv8c","student-oracle-raw-ast-identical"
"trash_rl/correct/ZnQuNAGbWuKCDqYZt_inv8.als","trash_rl","CORRECT","inv8","inv8","inv8c","student-oracle-raw-ast-identical"
"trash_rl/correct/Zp9ddiFJ7vd7yrkaB_inv1.als","trash_rl","CORRECT","inv1","inv1","inv1c","student-oracle-raw-ast-identical"
"trash_rl/correct/ZvQSLPfSKpFxqbohk_inv3.als","trash_rl","CORRECT","inv3","inv3","inv3c","student-oracle-raw-ast-identical"
"trash_rl/correct/ZwmDfc6qsb2X7jmdt_inv1.als","trash_rl","CORRECT","inv1","inv1","inv1c","student-oracle-raw-ast-identical"
"trash_rl/correct/aFh7JoeKXGhiGMm9i_inv2.als","trash_rl","CORRECT","inv2","inv2","inv2c","student-oracle-raw-ast-identical"
"trash_rl/correct/aFkLXMFBPgsC5M9nY_inv1.als","trash_rl","CORRECT","inv1","inv1","inv1c","student-oracle-raw-ast-identical"
"trash_rl/correct/aHncYxe3r5zyTGgk9_inv4.als","trash_rl","CORRECT","inv4","inv4","inv4c","student-oracle-raw-ast-identical"
"trash_rl/correct/aTRXzR32unDEtiRRG_inv9.als","trash_rl","CORRECT","inv9","inv9","inv9c","student-oracle-raw-ast-identical"
"trash_rl/correct/aX6kk3sfxqBf7Q6mM_inv1.als","trash_rl","CORRECT","inv1","inv1","inv1c","student-oracle-raw-ast-identical"
"trash_rl/correct/aXmGmgh8NJJKLhF9n_inv1.als","trash_rl","CORRECT","inv1","inv1","inv1c","student-oracle-raw-ast-identical"
"trash_rl/correct/aaJkNMCEaCGBAEzCw_inv1.als","trash_rl","CORRECT","inv1","inv1","inv1c","student-oracle-raw-ast-identical"
"trash_rl/correct/abm2Hq67Cb7wh99gR_inv8.als","trash_rl","CORRECT","inv8","inv8","inv8c","student-oracle-raw-ast-identical"
"trash_rl/correct/aoxKtMcMtrFTk2WzX_inv8.als","trash_rl","CORRECT","inv8","inv8","inv8c","student-oracle-raw-ast-identical"
"trash_rl/correct/aqL5wbJJctSL9ALHb_inv4.als","trash_rl","CORRECT","inv4","inv4","inv4c","student-oracle-raw-ast-identical"
"trash_rl/correct/aqLgo3L3LTgdvAjsu_inv9.als","trash_rl","CORRECT","inv9","inv9","inv9c","student-oracle-raw-ast-identical"
"trash_rl/correct/atSSQbXJqWvTS2PrN_inv10.als","trash_rl","CORRECT","inv10","inv10","inv10c","student-oracle-raw-ast-identical"
"trash_rl/correct/b26CQiqrXKzCD6hde_inv9.als","trash_rl","CORRECT","inv9","inv9","inv9c","student-oracle-raw-ast-identical"
"trash_rl/correct/b2RZnyPqvqPvC5qfg_inv4.als","trash_rl","CORRECT","inv4","inv4","inv4c","student-oracle-raw-ast-identical"
"trash_rl/correct/b2ZzuwR4Pbkm8wqPd_inv9.als","trash_rl","CORRECT","inv9","inv9","inv9c","student-oracle-raw-ast-identical"
"trash_rl/correct/b2jMZgfycaQkDFFan_inv3.als","trash_rl","CORRECT","inv3","inv3","inv3c","student-oracle-raw-ast-identical"
"trash_rl/correct/b4ggS3BRssZBcRFPo_inv8.als","trash_rl","CORRECT","inv8","inv8","inv8c","student-oracle-raw-ast-identical"
"trash_rl/correct/b9gb5YMYuD7mxDTwZ_inv1.als","trash_rl","CORRECT","inv1","inv1","inv1c","student-oracle-raw-ast-identical"
"trash_rl/correct/bB7yQ4bRm873qCJ48_inv1.als","trash_rl","CORRECT","inv1","inv1","inv1c","student-oracle-raw-ast-identical"
"trash_rl/correct/bNXuA6d2gekg48g7j_inv1.als","trash_rl","CORRECT","inv1","inv1","inv1c","student-oracle-raw-ast-identical"
"trash_rl/correct/bPSESoWZovmLnC84t_inv1.als","trash_rl","CORRECT","inv1","inv1","inv1c","student-oracle-raw-ast-identical"
"trash_rl/correct/bQoFmoNrh4kkNhsCA_inv4.als","trash_rl","CORRECT","inv4","inv4","inv4c","student-oracle-raw-ast-identical"
"trash_rl/correct/bThTFcxwmr729GQxs_inv7.als","trash_rl","CORRECT","inv7","inv7","inv7c","student-oracle-raw-ast-identical"
"trash_rl/correct/bTjBczf2AFenHRGmi_inv3.als","trash_rl","CORRECT","inv3","inv3","inv3c","student-oracle-raw-ast-identical"
"trash_rl/correct/bTrfYC3rYbpHsKwPi_inv4.als","trash_rl","CORRECT","inv4","inv4","inv4c","student-oracle-raw-ast-identical"
"trash_rl/correct/bjvSMBag5AygFRrPX_inv1.als","trash_rl","CORRECT","inv1","inv1","inv1c","student-oracle-raw-ast-identical"
"trash_rl/correct/boZECYMRmRb5NMrrx_inv4.als","trash_rl","CORRECT","inv4","inv4","inv4c","student-oracle-raw-ast-identical"
"trash_rl/correct/btY8WvZniPL95ZfoT_inv8.als","trash_rl","CORRECT","inv8","inv8","inv8c","student-oracle-raw-ast-identical"
"trash_rl/correct/c5PyRRAvT5DogXhjh_inv8.als","trash_rl","CORRECT","inv8","inv8","inv8c","student-oracle-raw-ast-identical"
"trash_rl/correct/c5apPTpfkMkZhb2rN_inv8.als","trash_rl","CORRECT","inv8","inv8","inv8c","student-oracle-raw-ast-identical"
"trash_rl/correct/c65PDSgeuoSAxCtKw_inv8.als","trash_rl","CORRECT","inv8","inv8","inv8c","student-oracle-raw-ast-identical"
"trash_rl/correct/c7QS6nSGXLvyXi2Tt_inv2.als","trash_rl","CORRECT","inv2","inv2","inv2c","student-oracle-raw-ast-identical"
"trash_rl/correct/c7x9HPoGCGHpaj5LR_inv2.als","trash_rl","CORRECT","inv2","inv2","inv2c","student-oracle-raw-ast-identical"
"trash_rl/correct/c98YGjAdp9pne6QPQ_inv8.als","trash_rl","CORRECT","inv8","inv8","inv8c","student-oracle-raw-ast-identical"
"trash_rl/correct/cBZXWqSPdC3Fw3wrn_inv2.als","trash_rl","CORRECT","inv2","inv2","inv2c","student-oracle-raw-ast-identical"
"trash_rl/correct/cGW5frYymfw9X4it3_inv1.als","trash_rl","CORRECT","inv1","inv1","inv1c","student-oracle-raw-ast-identical"
"trash_rl/correct/cHjtq4eXGB88PP2hx_inv2.als","trash_rl","CORRECT","inv2","inv2","inv2c","student-oracle-raw-ast-identical"
"trash_rl/correct/cJ47CM3cgsiKm4ov9_inv1.als","trash_rl","CORRECT","inv1","inv1","inv1c","student-oracle-raw-ast-identical"
"trash_rl/correct/cM2PziTmTzjWSSERC_inv1.als","trash_rl","CORRECT","inv1","inv1","inv1c","student-oracle-raw-ast-identical"
"trash_rl/correct/cSAyQxL83MDKuN6RP_inv8.als","trash_rl","CORRECT","inv8","inv8","inv8c","student-oracle-raw-ast-identical"
"trash_rl/correct/cTmyuvJwXC3CGR6ED_inv1.als","trash_rl","CORRECT","inv1","inv1","inv1c","student-oracle-raw-ast-identical"
"trash_rl/correct/cbMdLeCuzgqxWQDgF_inv2.als","trash_rl","CORRECT","inv2","inv2","inv2c","student-oracle-raw-ast-identical"
"trash_rl/correct/cctTgbiDNapqSFdeK_inv1.als","trash_rl","CORRECT","inv1","inv1","inv1c","student-oracle-raw-ast-identical"
"trash_rl/correct/cgpkyxGifwBPkdhCY_inv8.als","trash_rl","CORRECT","inv8","inv8","inv8c","student-oracle-raw-ast-identical"
"trash_rl/correct/ck4sJXzcx6ZZphQGx_inv1.als","trash_rl","CORRECT","inv1","inv1","inv1c","student-oracle-raw-ast-identical"
"trash_rl/correct/cmQxDnrpb8aS9KSRP_inv3.als","trash_rl","CORRECT","inv3","inv3","inv3c","student-oracle-raw-ast-identical"
"trash_rl/correct/cqqKNXDqBwK72ahM9_inv4.als","trash_rl","CORRECT","inv4","inv4","inv4c","student-oracle-raw-ast-identical"
"trash_rl/correct/d5hKoZzBH5A3NjSJk_inv1.als","trash_rl","CORRECT","inv1","inv1","inv1c","student-oracle-raw-ast-identical"
"trash_rl/correct/d85Pd3xJFRcRE9emX_inv3.als","trash_rl","CORRECT","inv3","inv3","inv3c","student-oracle-raw-ast-identical"
"trash_rl/correct/d9K9JYa4k4BAETvKd_inv3.als","trash_rl","CORRECT","inv3","inv3","inv3c","student-oracle-raw-ast-identical"
"trash_rl/correct/dAQPF3fNRZsxkCTjH_inv7.als","trash_rl","CORRECT","inv7","inv7","inv7c","student-oracle-raw-ast-identical"
"trash_rl/correct/dHcu455ot9XP6FRBa_inv4.als","trash_rl","CORRECT","inv4","inv4","inv4c","student-oracle-raw-ast-identical"
"trash_rl/correct/dMmbPkFt87w2NYTNy_inv1.als","trash_rl","CORRECT","inv1","inv1","inv1c","student-oracle-raw-ast-identical"
"trash_rl/correct/dPA2Ygs3hW6eJa2h8_inv8.als","trash_rl","CORRECT","inv8","inv8","inv8c","student-oracle-raw-ast-identical"
"trash_rl/correct/dQPQRjkbA8vHYXLxK_inv4.als","trash_rl","CORRECT","inv4","inv4","inv4c","student-oracle-raw-ast-identical"
"trash_rl/correct/dSj3EPiCKRWNN8nXR_inv4.als","trash_rl","CORRECT","inv4","inv4","inv4c","student-oracle-raw-ast-identical"
"trash_rl/correct/dkfRvWm7vMJnbzBCZ_inv8.als","trash_rl","CORRECT","inv8","inv8","inv8c","student-oracle-raw-ast-identical"
"trash_rl/correct/drmM9wZSioyQHgYZ9_inv9.als","trash_rl","CORRECT","inv9","inv9","inv9c","student-oracle-raw-ast-identical"
"trash_rl/correct/dypX8hiA6S8jkqiv2_inv1.als","trash_rl","CORRECT","inv1","inv1","inv1c","student-oracle-raw-ast-identical"
"trash_rl/correct/e2Foi3pPnbeyJdu7d_inv4.als","trash_rl","CORRECT","inv4","inv4","inv4c","student-oracle-raw-ast-identical"
"trash_rl/correct/e6iaZ5dibiAdkD9nh_inv1.als","trash_rl","CORRECT","inv1","inv1","inv1c","student-oracle-raw-ast-identical"
"trash_rl/correct/ePCm9R3cow2xgyS47_inv3.als","trash_rl","CORRECT","inv3","inv3","inv3c","student-oracle-raw-ast-identical"
"trash_rl/correct/eRritQgttQc36CHZb_inv9.als","trash_rl","CORRECT","inv9","inv9","inv9c","student-oracle-raw-ast-identical"
"trash_rl/correct/eaoKzqzvB4YBE8rdN_inv10.als","trash_rl","CORRECT","inv10","inv10","inv10c","student-oracle-raw-ast-identical"
"trash_rl/correct/ehhsps4LkBrnpC5Qi_inv1.als","trash_rl","CORRECT","inv1","inv1","inv1c","student-oracle-raw-ast-identical"
"trash_rl/correct/ekjTgLRMkiRxqniRR_inv2.als","trash_rl","CORRECT","inv2","inv2","inv2c","student-oracle-raw-ast-identical"
"trash_rl/correct/eqYZzBqdpEKBfMysj_inv8.als","trash_rl","CORRECT","inv8","inv8","inv8c","student-oracle-raw-ast-identical"
"trash_rl/correct/ewjfuhes8GtMdLYq2_inv2.als","trash_rl","CORRECT","inv2","inv2","inv2c","student-oracle-raw-ast-identical"
"trash_rl/correct/exLyXjcZZhK66tBBG_inv2.als","trash_rl","CORRECT","inv2","inv2","inv2c","student-oracle-raw-ast-identical"
"trash_rl/correct/exPiy2HLbai7Atvtk_inv9.als","trash_rl","CORRECT","inv9","inv9","inv9c","student-oracle-raw-ast-identical"
"trash_rl/correct/f5w7fzBJHRnYK6psa_inv2.als","trash_rl","CORRECT","inv2","inv2","inv2c","student-oracle-raw-ast-identical"
"trash_rl/correct/f6nnYtuFm4SPhJcdA_inv1.als","trash_rl","CORRECT","inv1","inv1","inv1c","student-oracle-raw-ast-identical"
"trash_rl/correct/f7BBssbekhLjwAyhp_inv2.als","trash_rl","CORRECT","inv2","inv2","inv2c","student-oracle-raw-ast-identical"
"trash_rl/correct/fCC7RAR5TX7eE8M5E_inv3.als","trash_rl","CORRECT","inv3","inv3","inv3c","student-oracle-raw-ast-identical"
"trash_rl/correct/fCZWgJQSx8q5uQMbA_inv8.als","trash_rl","CORRECT","inv8","inv8","inv8c","student-oracle-raw-ast-identical"
"trash_rl/correct/fFsFiGdvLf8D8ApDA_inv4.als","trash_rl","CORRECT","inv4","inv4","inv4c","student-oracle-raw-ast-identical"
"trash_rl/correct/fG7baB8cN8EygvRTv_inv1.als","trash_rl","CORRECT","inv1","inv1","inv1c","student-oracle-raw-ast-identical"
"trash_rl/correct/fLQhPdFXtvirfC738_inv8.als","trash_rl","CORRECT","inv8","inv8","inv8c","student-oracle-raw-ast-identical"
"trash_rl/correct/fZXLXFnjkXxJisAzo_inv4.als","trash_rl","CORRECT","inv4","inv4","inv4c","student-oracle-raw-ast-identical"
"trash_rl/correct/fZZnczmPK4wnWBoQ4_inv7.als","trash_rl","CORRECT","inv7","inv7","inv7c","student-oracle-raw-ast-identical"
"trash_rl/correct/ffnHLazh2NidkQDey_inv1.als","trash_rl","CORRECT","inv1","inv1","inv1c","student-oracle-raw-ast-identical"
"trash_rl/correct/fosy8gu2iKktJhDRj_inv1.als","trash_rl","CORRECT","inv1","inv1","inv1c","student-oracle-raw-ast-identical"
"trash_rl/correct/fw5WEbWBP3jF4ESpj_inv8.als","trash_rl","CORRECT","inv8","inv8","inv8c","student-oracle-raw-ast-identical"
"trash_rl/correct/g3wCGn3rbCgto8stS_inv1.als","trash_rl","CORRECT","inv1","inv1","inv1c","student-oracle-raw-ast-identical"
"trash_rl/correct/gDKgo46nrgZSByTGT_inv4.als","trash_rl","CORRECT","inv4","inv4","inv4c","student-oracle-raw-ast-identical"
"trash_rl/correct/gRSsFZCFpFT6oqEJF_inv3.als","trash_rl","CORRECT","inv3","inv3","inv3c","student-oracle-raw-ast-identical"
"trash_rl/correct/gTHqHfKTwBMFxC59J_inv3.als","trash_rl","CORRECT","inv3","inv3","inv3c","student-oracle-raw-ast-identical"
"trash_rl/correct/gYduSjKbMYDM7A8be_inv1.als","trash_rl","CORRECT","inv1","inv1","inv1c","student-oracle-raw-ast-identical"
"trash_rl/correct/ga6wAbd4JgxJAkKcK_inv8.als","trash_rl","CORRECT","inv8","inv8","inv8c","student-oracle-raw-ast-identical"
"trash_rl/correct/ghZpkKBpJdXSJtYDh_inv3.als","trash_rl","CORRECT","inv3","inv3","inv3c","student-oracle-raw-ast-identical"
"trash_rl/correct/gwmfPQiti4oqWhrrh_inv4.als","trash_rl","CORRECT","inv4","inv4","inv4c","student-oracle-raw-ast-identical"
"trash_rl/correct/gwwAGp9izE6MguCAk_inv8.als","trash_rl","CORRECT","inv8","inv8","inv8c","student-oracle-raw-ast-identical"
"trash_rl/correct/gxJpSbABZ6AKeA4Tn_inv10.als","trash_rl","CORRECT","inv10","inv10","inv10c","student-oracle-raw-ast-identical"
"trash_rl/correct/gzGdJim8aYMe29DR2_inv8.als","trash_rl","CORRECT","inv8","inv8","inv8c","student-oracle-raw-ast-identical"
"trash_rl/correct/h2EDDzd2Q8m8tpbN6_inv1.als","trash_rl","CORRECT","inv1","inv1","inv1c","student-oracle-raw-ast-identical"
"trash_rl/correct/h4Q4q9Qu6Dyu8Cqy9_inv4.als","trash_rl","CORRECT","inv4","inv4","inv4c","student-oracle-raw-ast-identical"
"trash_rl/correct/h4hs9Q4gdtvLfwwzb_inv1.als","trash_rl","CORRECT","inv1","inv1","inv1c","student-oracle-raw-ast-identical"
"trash_rl/correct/h4hyp5T9dwktCBv9p_inv1.als","trash_rl","CORRECT","inv1","inv1","inv1c","student-oracle-raw-ast-identical"
"trash_rl/correct/hEZaf8SEF5smuBDfX_inv1.als","trash_rl","CORRECT","inv1","inv1","inv1c","student-oracle-raw-ast-identical"
"trash_rl/correct/hEaZ3oGqShXifbk3q_inv2.als","trash_rl","CORRECT","inv2","inv2","inv2c","student-oracle-raw-ast-identical"
"trash_rl/correct/hFGkDecqMkiTzfCdj_inv1.als","trash_rl","CORRECT","inv1","inv1","inv1c","student-oracle-raw-ast-identical"
"trash_rl/correct/hRTL9G8fkAB6ktwbT_inv4.als","trash_rl","CORRECT","inv4","inv4","inv4c","student-oracle-raw-ast-identical"
"trash_rl/correct/hXvyqwRYHc6jPPB3F_inv4.als","trash_rl","CORRECT","inv4","inv4","inv4c","student-oracle-raw-ast-identical"
"trash_rl/correct/hYccs4pHN29Kwregq_inv1.als","trash_rl","CORRECT","inv1","inv1","inv1c","student-oracle-raw-ast-identical"
"trash_rl/correct/hcuS42qpzjvQXyc4n_inv9.als","trash_rl","CORRECT","inv9","inv9","inv9c","student-oracle-raw-ast-identical"
"trash_rl/correct/hgREtFbLxMKN9m6Yv_inv8.als","trash_rl","CORRECT","inv8","inv8","inv8c","student-oracle-raw-ast-identical"
"trash_rl/correct/hjPhsAfNaadfkMKuc_inv4.als","trash_rl","CORRECT","inv4","inv4","inv4c","student-oracle-raw-ast-identical"
"trash_rl/correct/hrgjEqZt7XdZRt4fe_inv10.als","trash_rl","CORRECT","inv10","inv10","inv10c","student-oracle-raw-ast-identical"
"trash_rl/correct/i8Rca6xL7vLfmTsDB_inv4.als","trash_rl","CORRECT","inv4","inv4","inv4c","student-oracle-raw-ast-identical"
"trash_rl/correct/i8iun6bEFfgkRigkA_inv1.als","trash_rl","CORRECT","inv1","inv1","inv1c","student-oracle-raw-ast-identical"
"trash_rl/correct/i8nq6sra5MxkgS9ZZ_inv9.als","trash_rl","CORRECT","inv9","inv9","inv9c","student-oracle-raw-ast-identical"
"trash_rl/correct/i9YFEJtsbiEq925Gw_inv9.als","trash_rl","CORRECT","inv9","inv9","inv9c","student-oracle-raw-ast-identical"
"trash_rl/correct/iEgD62JEukBEpJmpm_inv1.als","trash_rl","CORRECT","inv1","inv1","inv1c","student-oracle-raw-ast-identical"
"trash_rl/correct/iGHC8LfQiTwzPXuEA_inv2.als","trash_rl","CORRECT","inv2","inv2","inv2c","student-oracle-raw-ast-identical"
"trash_rl/correct/iNy2bjpLZiZGXmbCm_inv3.als","trash_rl","CORRECT","inv3","inv3","inv3c","student-oracle-raw-ast-identical"
"trash_rl/correct/idpebA6o2mtBRFY69_inv7.als","trash_rl","CORRECT","inv7","inv7","inv7c","student-oracle-raw-ast-identical"
"trash_rl/correct/iiJ5RQWfasApKNXNQ_inv1.als","trash_rl","CORRECT","inv1","inv1","inv1c","student-oracle-raw-ast-identical"
"trash_rl/correct/iij7jqjbRrXECgRPS_inv1.als","trash_rl","CORRECT","inv1","inv1","inv1c","student-oracle-raw-ast-identical"
"trash_rl/correct/iowexybc2dpsouuot_inv3.als","trash_rl","CORRECT","inv3","inv3","inv3c","student-oracle-raw-ast-identical"
"trash_rl/correct/ivbmgDABDsfRkForg_inv1.als","trash_rl","CORRECT","inv1","inv1","inv1c","student-oracle-raw-ast-identical"
"trash_rl/correct/ix2yFBcDwxzQcqdkd_inv10.als","trash_rl","CORRECT","inv10","inv10","inv10c","student-oracle-raw-ast-identical"
"trash_rl/correct/j7MkxXmsjXpSNiRH9_inv8.als","trash_rl","CORRECT","inv8","inv8","inv8c","student-oracle-raw-ast-identical"
"trash_rl/correct/j7gJXBT6yy5WJPWPi_inv1.als","trash_rl","CORRECT","inv1","inv1","inv1c","student-oracle-raw-ast-identical"
"trash_rl/correct/jBzJnQYa9bAo56BdT_inv1.als","trash_rl","CORRECT","inv1","inv1","inv1c","student-oracle-raw-ast-identical"
"trash_rl/correct/jGzYc3WCTnijXFNkJ_inv8.als","trash_rl","CORRECT","inv8","inv8","inv8c","student-oracle-raw-ast-identical"
"trash_rl/correct/jMXv6TxstZfaThkbh_inv3.als","trash_rl","CORRECT","inv3","inv3","inv3c","student-oracle-raw-ast-identical"
"trash_rl/correct/jMoG6YbhoZQoeffkK_inv1.als","trash_rl","CORRECT","inv1","inv1","inv1c","student-oracle-raw-ast-identical"
"trash_rl/correct/jZnHaqjexcG9qWD9i_inv8.als","trash_rl","CORRECT","inv8","inv8","inv8c","student-oracle-raw-ast-identical"
"trash_rl/correct/jZqHFJYewJGkJF8yQ_inv1.als","trash_rl","CORRECT","inv1","inv1","inv1c","student-oracle-raw-ast-identical"
"trash_rl/correct/jcsKSot8ThaDNdiyf_inv4.als","trash_rl","CORRECT","inv4","inv4","inv4c","student-oracle-raw-ast-identical"
"trash_rl/correct/jev5G2PeeWDiYEhLy_inv3.als","trash_rl","CORRECT","inv3","inv3","inv3c","student-oracle-raw-ast-identical"
"trash_rl/correct/jmCaYuwk3WxxkwjwZ_inv1.als","trash_rl","CORRECT","inv1","inv1","inv1c","student-oracle-raw-ast-identical"
"trash_rl/correct/k43hFpGJFBpDjKvLW_inv1.als","trash_rl","CORRECT","inv1","inv1","inv1c","student-oracle-raw-ast-identical"
"trash_rl/correct/kD7JjmLmM4vWvhtQn_inv7.als","trash_rl","CORRECT","inv7","inv7","inv7c","student-oracle-raw-ast-identical"
"trash_rl/correct/kJARMENBT5nEsKdTf_inv4.als","trash_rl","CORRECT","inv4","inv4","inv4c","student-oracle-raw-ast-identical"
"trash_rl/correct/kSFFcHWKdFPWzJWWm_inv1.als","trash_rl","CORRECT","inv1","inv1","inv1c","student-oracle-raw-ast-identical"
"trash_rl/correct/kdeNEJqofF4DuD65J_inv3.als","trash_rl","CORRECT","inv3","inv3","inv3c","student-oracle-raw-ast-identical"
"trash_rl/correct/kfgPcSGcaGHwCuadC_inv1.als","trash_rl","CORRECT","inv1","inv1","inv1c","student-oracle-raw-ast-identical"
"trash_rl/correct/khp9gnvGXHFg8QhpJ_inv3.als","trash_rl","CORRECT","inv3","inv3","inv3c","student-oracle-raw-ast-identical"
"trash_rl/correct/kkEd23yq9GFG6GXN9_inv1.als","trash_rl","CORRECT","inv1","inv1","inv1c","student-oracle-raw-ast-identical"
"trash_rl/correct/kkhC3SN7KFws24wY8_inv8.als","trash_rl","CORRECT","inv8","inv8","inv8c","student-oracle-raw-ast-identical"
"trash_rl/correct/krBdN8TK4LecbMcNH_inv2.als","trash_rl","CORRECT","inv2","inv2","inv2c","student-oracle-raw-ast-identical"
"trash_rl/correct/kvbqbv4bKavNL7QP2_inv2.als","trash_rl","CORRECT","inv2","inv2","inv2c","student-oracle-raw-ast-identical"
"trash_rl/correct/kxfujtvGkm3kqedR9_inv2.als","trash_rl","CORRECT","inv2","inv2","inv2c","student-oracle-raw-ast-identical"
"trash_rl/correct/m6o3t9RSeHrFDYMHw_inv3.als","trash_rl","CORRECT","inv3","inv3","inv3c","student-oracle-raw-ast-identical"
"trash_rl/correct/m9hB3zvTbTrdnjjLD_inv1.als","trash_rl","CORRECT","inv1","inv1","inv1c","student-oracle-raw-ast-identical"
"trash_rl/correct/mKWAtkJEzgiQySfZv_inv1.als","trash_rl","CORRECT","inv1","inv1","inv1c","student-oracle-raw-ast-identical"
"trash_rl/correct/mMMgqte7n7Gbxc4fr_inv1.als","trash_rl","CORRECT","inv1","inv1","inv1c","student-oracle-raw-ast-identical"
"trash_rl/correct/mXNsdRaxzJwH2sf5X_inv9.als","trash_rl","CORRECT","inv9","inv9","inv9c","student-oracle-raw-ast-identical"
"trash_rl/correct/mbHXq36tqx32Yvtas_inv4.als","trash_rl","CORRECT","inv4","inv4","inv4c","student-oracle-raw-ast-identical"
"trash_rl/correct/mjCN8Cn8JwjCM6eZR_inv3.als","trash_rl","CORRECT","inv3","inv3","inv3c","student-oracle-raw-ast-identical"
"trash_rl/correct/n6JK37qKFnqam7BHh_inv1.als","trash_rl","CORRECT","inv1","inv1","inv1c","student-oracle-raw-ast-identical"
"trash_rl/correct/n8Jm8ZtAXmW3y6cab_inv4.als","trash_rl","CORRECT","inv4","inv4","inv4c","student-oracle-raw-ast-identical"
"trash_rl/correct/nErC8WpKHuxTg8gdg_inv1.als","trash_rl","CORRECT","inv1","inv1","inv1c","student-oracle-raw-ast-identical"
"trash_rl/correct/nPFmZDTg8q6uGnwDz_inv1.als","trash_rl","CORRECT","inv1","inv1","inv1c","student-oracle-raw-ast-identical"
"trash_rl/correct/nR8rtWLgDY9HSrAgi_inv1.als","trash_rl","CORRECT","inv1","inv1","inv1c","student-oracle-raw-ast-identical"
"trash_rl/correct/nbTS4s9B2P72g7h4v_inv3.als","trash_rl","CORRECT","inv3","inv3","inv3c","student-oracle-raw-ast-identical"
"trash_rl/correct/nhaQX8Hi4CM39QMhv_inv4.als","trash_rl","CORRECT","inv4","inv4","inv4c","student-oracle-raw-ast-identical"
"trash_rl/correct/nkJcFm8NDdj76dEYm_inv3.als","trash_rl","CORRECT","inv3","inv3","inv3c","student-oracle-raw-ast-identical"
"trash_rl/correct/nkYHEjLGZsuALczso_inv1.als","trash_rl","CORRECT","inv1","inv1","inv1c","student-oracle-raw-ast-identical"
"trash_rl/correct/o9foG92AMMmWcra86_inv8.als","trash_rl","CORRECT","inv8","inv8","inv8c","student-oracle-raw-ast-identical"
"trash_rl/correct/oXQSMGWFMxpjNxFjw_inv3.als","trash_rl","CORRECT","inv3","inv3","inv3c","student-oracle-raw-ast-identical"
"trash_rl/correct/ogKn88LQBGsoq7v4Y_inv3.als","trash_rl","CORRECT","inv3","inv3","inv3c","student-oracle-raw-ast-identical"
"trash_rl/correct/oisaoywPPSgKeh7Re_inv1.als","trash_rl","CORRECT","inv1","inv1","inv1c","student-oracle-raw-ast-identical"
"trash_rl/correct/ojebjQ65WTwg6hKmm_inv1.als","trash_rl","CORRECT","inv1","inv1","inv1c","student-oracle-raw-ast-identical"
"trash_rl/correct/okDtF9TCsFioHDgZE_inv1.als","trash_rl","CORRECT","inv1","inv1","inv1c","student-oracle-raw-ast-identical"
"trash_rl/correct/oxFdWHPL8EjCzbckx_inv8.als","trash_rl","CORRECT","inv8","inv8","inv8c","student-oracle-raw-ast-identical"
"trash_rl/correct/p5TcJ35fRifgDcQhE_inv1.als","trash_rl","CORRECT","inv1","inv1","inv1c","student-oracle-raw-ast-identical"
"trash_rl/correct/pB7Y9ALuWZu5o9imj_inv10.als","trash_rl","CORRECT","inv10","inv10","inv10c","student-oracle-raw-ast-identical"
"trash_rl/correct/pCGpjAtgz2BRGc5cr_inv2.als","trash_rl","CORRECT","inv2","inv2","inv2c","student-oracle-raw-ast-identical"
"trash_rl/correct/pDhpKZTpxRShgpsqn_inv4.als","trash_rl","CORRECT","inv4","inv4","inv4c","student-oracle-raw-ast-identical"
"trash_rl/correct/pR3QXJHzv6QXAKgSf_inv10.als","trash_rl","CORRECT","inv10","inv10","inv10c","student-oracle-raw-ast-identical"
"trash_rl/correct/pZX63WftGNocHxhQA_inv9.als","trash_rl","CORRECT","inv9","inv9","inv9c","student-oracle-raw-ast-identical"
"trash_rl/correct/pgpymgtQAG2ZLtNMh_inv2.als","trash_rl","CORRECT","inv2","inv2","inv2c","student-oracle-raw-ast-identical"
"trash_rl/correct/phX6KHX65tQxeTNRY_inv1.als","trash_rl","CORRECT","inv1","inv1","inv1c","student-oracle-raw-ast-identical"
"trash_rl/correct/pjuzoiuTnkeitb6gG_inv8.als","trash_rl","CORRECT","inv8","inv8","inv8c","student-oracle-raw-ast-identical"
"trash_rl/correct/ppgn9YH4ezpfBxPHB_inv1.als","trash_rl","CORRECT","inv1","inv1","inv1c","student-oracle-raw-ast-identical"
"trash_rl/correct/psD3MMJwMMQFYZveg_inv2.als","trash_rl","CORRECT","inv2","inv2","inv2c","student-oracle-raw-ast-identical"
"trash_rl/correct/pyCGdEwMteSJLdmCY_inv9.als","trash_rl","CORRECT","inv9","inv9","inv9c","student-oracle-raw-ast-identical"
"trash_rl/correct/pyCwfxvPZkhiwC9Bd_inv9.als","trash_rl","CORRECT","inv9","inv9","inv9c","student-oracle-raw-ast-identical"
"trash_rl/correct/q4HxsGxBKY4rPRm69_inv1.als","trash_rl","CORRECT","inv1","inv1","inv1c","student-oracle-raw-ast-identical"
"trash_rl/correct/q59N5YAyswovL4RRR_inv2.als","trash_rl","CORRECT","inv2","inv2","inv2c","student-oracle-raw-ast-identical"
"trash_rl/correct/qBdQKwkBTGgTgqsg6_inv2.als","trash_rl","CORRECT","inv2","inv2","inv2c","student-oracle-raw-ast-identical"
"trash_rl/correct/qKmznZa3d5zzZ7SSt_inv1.als","trash_rl","CORRECT","inv1","inv1","inv1c","student-oracle-raw-ast-identical"
"trash_rl/correct/qNABB7WJycx6xRAve_inv10.als","trash_rl","CORRECT","inv10","inv10","inv10c","student-oracle-raw-ast-identical"
"trash_rl/correct/qPnDh5RNXEzi6syTy_inv1.als","trash_rl","CORRECT","inv1","inv1","inv1c","student-oracle-raw-ast-identical"
"trash_rl/correct/qTwgv9KTk37pkbvgi_inv1.als","trash_rl","CORRECT","inv1","inv1","inv1c","student-oracle-raw-ast-identical"
"trash_rl/correct/qnMdB7zaMGnrDv8XX_inv1.als","trash_rl","CORRECT","inv1","inv1","inv1c","student-oracle-raw-ast-identical"
"trash_rl/correct/qoHyhPXgv4gZyKbxk_inv3.als","trash_rl","CORRECT","inv3","inv3","inv3c","student-oracle-raw-ast-identical"
"trash_rl/correct/qrr7HRijHYGzaHYAA_inv2.als","trash_rl","CORRECT","inv2","inv2","inv2c","student-oracle-raw-ast-identical"
"trash_rl/correct/quLXBJXPvG9JT8njD_inv7.als","trash_rl","CORRECT","inv7","inv7","inv7c","student-oracle-raw-ast-identical"
"trash_rl/correct/r77m3dJkKgZHwJh8P_inv4.als","trash_rl","CORRECT","inv4","inv4","inv4c","student-oracle-raw-ast-identical"
"trash_rl/correct/rAfihJTjWRawNofN5_inv4.als","trash_rl","CORRECT","inv4","inv4","inv4c","student-oracle-raw-ast-identical"
"trash_rl/correct/rBbaZQbsT28oT6uNM_inv1.als","trash_rl","CORRECT","inv1","inv1","inv1c","student-oracle-raw-ast-identical"
"trash_rl/correct/rN83tF8d6d97Jstce_inv4.als","trash_rl","CORRECT","inv4","inv4","inv4c","student-oracle-raw-ast-identical"
"trash_rl/correct/rRrDLdJwidgh37otC_inv10.als","trash_rl","CORRECT","inv10","inv10","inv10c","student-oracle-raw-ast-identical"
"trash_rl/correct/rTNDgvz27QeEa58j2_inv3.als","trash_rl","CORRECT","inv3","inv3","inv3c","student-oracle-raw-ast-identical"
"trash_rl/correct/rbKEabTgRhm3jFvaq_inv3.als","trash_rl","CORRECT","inv3","inv3","inv3c","student-oracle-raw-ast-identical"
"trash_rl/correct/rgbZK2mK4WHhPxjoZ_inv9.als","trash_rl","CORRECT","inv9","inv9","inv9c","student-oracle-raw-ast-identical"
"trash_rl/correct/ri9J3CYad3wwSHMnE_inv10.als","trash_rl","CORRECT","inv10","inv10","inv10c","student-oracle-raw-ast-identical"
"trash_rl/correct/rmHp6GRs4NybMZRPC_inv1.als","trash_rl","CORRECT","inv1","inv1","inv1c","student-oracle-raw-ast-identical"
"trash_rl/correct/roZwzRCPgFJXR488w_inv8.als","trash_rl","CORRECT","inv8","inv8","inv8c","student-oracle-raw-ast-identical"
"trash_rl/correct/rqvyBGmohQ6B6oeRm_inv1.als","trash_rl","CORRECT","inv1","inv1","inv1c","student-oracle-raw-ast-identical"
"trash_rl/correct/s3HLdYEQ29MZBc369_inv1.als","trash_rl","CORRECT","inv1","inv1","inv1c","student-oracle-raw-ast-identical"
"trash_rl/correct/s87hGD9hDdP9c47iR_inv2.als","trash_rl","CORRECT","inv2","inv2","inv2c","student-oracle-raw-ast-identical"
"trash_rl/correct/sBonAHnBw3hfQmhSR_inv3.als","trash_rl","CORRECT","inv3","inv3","inv3c","student-oracle-raw-ast-identical"
"trash_rl/correct/sGgPXmdcJmZhDrH9p_inv7.als","trash_rl","CORRECT","inv7","inv7","inv7c","student-oracle-raw-ast-identical"
"trash_rl/correct/sJ97sYgD25HpxN7dP_inv2.als","trash_rl","CORRECT","inv2","inv2","inv2c","student-oracle-raw-ast-identical"
"trash_rl/correct/sJozEkDGGvk5eKQiS_inv1.als","trash_rl","CORRECT","inv1","inv1","inv1c","student-oracle-raw-ast-identical"
"trash_rl/correct/sKGXtTS7S7B8WS53r_inv8.als","trash_rl","CORRECT","inv8","inv8","inv8c","student-oracle-raw-ast-identical"
"trash_rl/correct/sKpSiDWGzCt4BcEpW_inv8.als","trash_rl","CORRECT","inv8","inv8","inv8c","student-oracle-raw-ast-identical"
"trash_rl/correct/sQDJ49sxjD6FPvvLa_inv10.als","trash_rl","CORRECT","inv10","inv10","inv10c","student-oracle-raw-ast-identical"
"trash_rl/correct/sYKZYf7EPcgPazAXC_inv10.als","trash_rl","CORRECT","inv10","inv10","inv10c","student-oracle-raw-ast-identical"
"trash_rl/correct/sZhFztPKce8Fd4Mok_inv10.als","trash_rl","CORRECT","inv10","inv10","inv10c","student-oracle-raw-ast-identical"
"trash_rl/correct/saT6qkhb4ueF3NwZe_inv2.als","trash_rl","CORRECT","inv2","inv2","inv2c","student-oracle-raw-ast-identical"
"trash_rl/correct/scfPC7SDpWQjkmra4_inv1.als","trash_rl","CORRECT","inv1","inv1","inv1c","student-oracle-raw-ast-identical"
"trash_rl/correct/scgZhnBrgAwz4sDNv_inv1.als","trash_rl","CORRECT","inv1","inv1","inv1c","student-oracle-raw-ast-identical"
"trash_rl/correct/smnY7534Bsort2vZp_inv8.als","trash_rl","CORRECT","inv8","inv8","inv8c","student-oracle-raw-ast-identical"
"trash_rl/correct/subyYjfayccGS5evh_inv2.als","trash_rl","CORRECT","inv2","inv2","inv2c","student-oracle-raw-ast-identical"
"trash_rl/correct/sxTak8HjgrdD9Lsx2_inv1.als","trash_rl","CORRECT","inv1","inv1","inv1c","student-oracle-raw-ast-identical"
"trash_rl/correct/sxqRDxGWEP8LAN99R_inv1.als","trash_rl","CORRECT","inv1","inv1","inv1c","student-oracle-raw-ast-identical"
"trash_rl/correct/tDPyw494rLcFCXYuw_inv2.als","trash_rl","CORRECT","inv2","inv2","inv2c","student-oracle-raw-ast-identical"
"trash_rl/correct/taAFxZauE399RGTLv_inv1.als","trash_rl","CORRECT","inv1","inv1","inv1c","student-oracle-raw-ast-identical"
"trash_rl/correct/tauGo3zQoL3C7Zqza_inv8.als","trash_rl","CORRECT","inv8","inv8","inv8c","student-oracle-raw-ast-identical"
"trash_rl/correct/tfZk6RbnvsXMqEH5k_inv1.als","trash_rl","CORRECT","inv1","inv1","inv1c","student-oracle-raw-ast-identical"
"trash_rl/correct/tj3xoebSCNtjJSccj_inv2.als","trash_rl","CORRECT","inv2","inv2","inv2c","student-oracle-raw-ast-identical"
"trash_rl/correct/toR7PPc7Hr68kcKAX_inv9.als","trash_rl","CORRECT","inv9","inv9","inv9c","student-oracle-raw-ast-identical"
"trash_rl/correct/ttpSrDkqmza6Ed5Kx_inv8.als","trash_rl","CORRECT","inv8","inv8","inv8c","student-oracle-raw-ast-identical"
"trash_rl/correct/u2ZJ2Ebkfvcq2fYSJ_inv1.als","trash_rl","CORRECT","inv1","inv1","inv1c","student-oracle-raw-ast-identical"
"trash_rl/correct/uJsNafF7BeAcLGNFp_inv8.als","trash_rl","CORRECT","inv8","inv8","inv8c","student-oracle-raw-ast-identical"
"trash_rl/correct/uMt6wTtvWSHtbod92_inv3.als","trash_rl","CORRECT","inv3","inv3","inv3c","student-oracle-raw-ast-identical"
"trash_rl/correct/uQ6eX39gCRLEiAsz3_inv1.als","trash_rl","CORRECT","inv1","inv1","inv1c","student-oracle-raw-ast-identical"
"trash_rl/correct/uQrBoEbRkb8oEC3Dd_inv8.als","trash_rl","CORRECT","inv8","inv8","inv8c","student-oracle-raw-ast-identical"
"trash_rl/correct/uRdFxGqXugBongGEB_inv8.als","trash_rl","CORRECT","inv8","inv8","inv8c","student-oracle-raw-ast-identical"
"trash_rl/correct/uSKpAR42EsDQ7HYmq_inv9.als","trash_rl","CORRECT","inv9","inv9","inv9c","student-oracle-raw-ast-identical"
"trash_rl/correct/uSZ8xdfkb9BAMFj8o_inv4.als","trash_rl","CORRECT","inv4","inv4","inv4c","student-oracle-raw-ast-identical"
"trash_rl/correct/uhyHct9s2Yzjzqe6b_inv3.als","trash_rl","CORRECT","inv3","inv3","inv3c","student-oracle-raw-ast-identical"
"trash_rl/correct/umqicwT3gNx3xKHvN_inv1.als","trash_rl","CORRECT","inv1","inv1","inv1c","student-oracle-raw-ast-identical"
"trash_rl/correct/uocswiuMAms64TF77_inv1.als","trash_rl","CORRECT","inv1","inv1","inv1c","student-oracle-raw-ast-identical"
"trash_rl/correct/ur2vWmggkykgW8igY_inv8.als","trash_rl","CORRECT","inv8","inv8","inv8c","student-oracle-raw-ast-identical"
"trash_rl/correct/us9BR3aP2mzubSkva_inv9.als","trash_rl","CORRECT","inv9","inv9","inv9c","student-oracle-raw-ast-identical"
"trash_rl/correct/uwJpCEsj2Hi8Gm9YX_inv1.als","trash_rl","CORRECT","inv1","inv1","inv1c","student-oracle-raw-ast-identical"
"trash_rl/correct/vBFha2eQzTByWzQzW_inv9.als","trash_rl","CORRECT","inv9","inv9","inv9c","student-oracle-raw-ast-identical"
"trash_rl/correct/vK3h2rHJJtw27eHb7_inv8.als","trash_rl","CORRECT","inv8","inv8","inv8c","student-oracle-raw-ast-identical"
"trash_rl/correct/vLrNvxDHQkMR3DFwA_inv4.als","trash_rl","CORRECT","inv4","inv4","inv4c","student-oracle-raw-ast-identical"
"trash_rl/correct/vT2it5Z2ve9GjZCmF_inv7.als","trash_rl","CORRECT","inv7","inv7","inv7c","student-oracle-raw-ast-identical"
"trash_rl/correct/vT36waXSqAMAPgm3T_inv2.als","trash_rl","CORRECT","inv2","inv2","inv2c","student-oracle-raw-ast-identical"
"trash_rl/correct/vcHeChNH5szruGJdc_inv1.als","trash_rl","CORRECT","inv1","inv1","inv1c","student-oracle-raw-ast-identical"
"trash_rl/correct/vd9czbjrJSTxsctQ7_inv7.als","trash_rl","CORRECT","inv7","inv7","inv7c","student-oracle-raw-ast-identical"
"trash_rl/correct/veP3JcbFB7pfJunJr_inv1.als","trash_rl","CORRECT","inv1","inv1","inv1c","student-oracle-raw-ast-identical"
"trash_rl/correct/viMBHfGFqvpPFPGBt_inv8.als","trash_rl","CORRECT","inv8","inv8","inv8c","student-oracle-raw-ast-identical"
"trash_rl/correct/vm6WmKtWHa6WDrWB3_inv2.als","trash_rl","CORRECT","inv2","inv2","inv2c","student-oracle-raw-ast-identical"
"trash_rl/correct/vqbAtwMhYzqG4dTLz_inv4.als","trash_rl","CORRECT","inv4","inv4","inv4c","student-oracle-raw-ast-identical"
"trash_rl/correct/vtEMuSk3HA6LdKchw_inv1.als","trash_rl","CORRECT","inv1","inv1","inv1c","student-oracle-raw-ast-identical"
"trash_rl/correct/vwGGwA7QMHmmS8anx_inv1.als","trash_rl","CORRECT","inv1","inv1","inv1c","student-oracle-raw-ast-identical"
"trash_rl/correct/w8N8uhGg5hMQT5HQY_inv1.als","trash_rl","CORRECT","inv1","inv1","inv1c","student-oracle-raw-ast-identical"
"trash_rl/correct/wBjHRRHXx73pR26fy_inv4.als","trash_rl","CORRECT","inv4","inv4","inv4c","student-oracle-raw-ast-identical"
"trash_rl/correct/wDoepY5fyEQ5mircX_inv3.als","trash_rl","CORRECT","inv3","inv3","inv3c","student-oracle-raw-ast-identical"
"trash_rl/correct/wF5LrKJdx3EPvJCyL_inv1.als","trash_rl","CORRECT","inv1","inv1","inv1c","student-oracle-raw-ast-identical"
"trash_rl/correct/wXwRTYfqNy5m6Ye8S_inv1.als","trash_rl","CORRECT","inv1","inv1","inv1c","student-oracle-raw-ast-identical"
"trash_rl/correct/wmk2gCZB6d8SWqchF_inv4.als","trash_rl","CORRECT","inv4","inv4","inv4c","student-oracle-raw-ast-identical"
"trash_rl/correct/woZqPzvDosnHTCLx3_inv1.als","trash_rl","CORRECT","inv1","inv1","inv1c","student-oracle-raw-ast-identical"
"trash_rl/correct/wyhPbeqe83ph2rmeu_inv10.als","trash_rl","CORRECT","inv10","inv10","inv10c","student-oracle-raw-ast-identical"
"trash_rl/correct/x6ypbFaS9EeJ5Hvcb_inv2.als","trash_rl","CORRECT","inv2","inv2","inv2c","student-oracle-raw-ast-identical"
"trash_rl/correct/xNvyPDp5hHJoNftXe_inv1.als","trash_rl","CORRECT","inv1","inv1","inv1c","student-oracle-raw-ast-identical"
"trash_rl/correct/xRu5BqbLNsq9HPpMs_inv1.als","trash_rl","CORRECT","inv1","inv1","inv1c","student-oracle-raw-ast-identical"
"trash_rl/correct/xTgdSQNz3zTYiKkXR_inv4.als","trash_rl","CORRECT","inv4","inv4","inv4c","student-oracle-raw-ast-identical"
"trash_rl/correct/xcsDpkW5tDMBZTtBZ_inv1.als","trash_rl","CORRECT","inv1","inv1","inv1c","student-oracle-raw-ast-identical"
"trash_rl/correct/xe8Z5Yu2y5AojwhQJ_inv2.als","trash_rl","CORRECT","inv2","inv2","inv2c","student-oracle-raw-ast-identical"
"trash_rl/correct/xfFjyEswAuEM6XX2P_inv2.als","trash_rl","CORRECT","inv2","inv2","inv2c","student-oracle-raw-ast-identical"
"trash_rl/correct/xfttXhsXEMXHyFzDP_inv10.als","trash_rl","CORRECT","inv10","inv10","inv10c","student-oracle-raw-ast-identical"
"trash_rl/correct/xhSsSDQT6qxj8iod3_inv1.als","trash_rl","CORRECT","inv1","inv1","inv1c","student-oracle-raw-ast-identical"
"trash_rl/correct/xyWGmKfiMqQrkYo2X_inv7.als","trash_rl","CORRECT","inv7","inv7","inv7c","student-oracle-raw-ast-identical"
"trash_rl/correct/xyi4cwY95xsiLpLjA_inv4.als","trash_rl","CORRECT","inv4","inv4","inv4c","student-oracle-raw-ast-identical"
"trash_rl/correct/y38yteRsdMrpEmWbC_inv1.als","trash_rl","CORRECT","inv1","inv1","inv1c","student-oracle-raw-ast-identical"
"trash_rl/correct/y5LnceYZNX4uteS5w_inv3.als","trash_rl","CORRECT","inv3","inv3","inv3c","student-oracle-raw-ast-identical"
"trash_rl/correct/yKBiayLmMpQ3Cky8f_inv4.als","trash_rl","CORRECT","inv4","inv4","inv4c","student-oracle-raw-ast-identical"
"trash_rl/correct/yKE858q49Sividhxb_inv9.als","trash_rl","CORRECT","inv9","inv9","inv9c","student-oracle-raw-ast-identical"
"trash_rl/correct/yKtPPv3aEwy4iJ2i7_inv2.als","trash_rl","CORRECT","inv2","inv2","inv2c","student-oracle-raw-ast-identical"
"trash_rl/correct/yLsDDYw76vZM7vjSP_inv8.als","trash_rl","CORRECT","inv8","inv8","inv8c","student-oracle-raw-ast-identical"
"trash_rl/correct/yMdwHgAnKpoqX4C6d_inv2.als","trash_rl","CORRECT","inv2","inv2","inv2c","student-oracle-raw-ast-identical"
"trash_rl/correct/yS4RCdr6Y7RGpj4Yn_inv4.als","trash_rl","CORRECT","inv4","inv4","inv4c","student-oracle-raw-ast-identical"
"trash_rl/correct/yTBz2Nu5Ro8p8zAua_inv8.als","trash_rl","CORRECT","inv8","inv8","inv8c","student-oracle-raw-ast-identical"
"trash_rl/correct/yfw59zmH3oC6u2fsQ_inv1.als","trash_rl","CORRECT","inv1","inv1","inv1c","student-oracle-raw-ast-identical"
"trash_rl/correct/yiLCEjGRfyH56Nk58_inv1.als","trash_rl","CORRECT","inv1","inv1","inv1c","student-oracle-raw-ast-identical"
"trash_rl/correct/yoP2kd7eQgdD3tqTP_inv7.als","trash_rl","CORRECT","inv7","inv7","inv7c","student-oracle-raw-ast-identical"
"trash_rl/correct/ysAWToJ5uv7R244ew_inv4.als","trash_rl","CORRECT","inv4","inv4","inv4c","student-oracle-raw-ast-identical"
"trash_rl/correct/ytKzXaJix4dM5MCm5_inv1.als","trash_rl","CORRECT","inv1","inv1","inv1c","student-oracle-raw-ast-identical"
"trash_rl/correct/ytsgBW8J22C4EPvW8_inv1.als","trash_rl","CORRECT","inv1","inv1","inv1c","student-oracle-raw-ast-identical"
"trash_rl/correct/yz3nLiu7e4R5at9up_inv4.als","trash_rl","CORRECT","inv4","inv4","inv4c","student-oracle-raw-ast-identical"
"trash_rl/correct/z2iyAmuYR2WfZLRms_inv10.als","trash_rl","CORRECT","inv10","inv10","inv10c","student-oracle-raw-ast-identical"
"trash_rl/correct/z6Pw2wikSRoq9sTfc_inv1.als","trash_rl","CORRECT","inv1","inv1","inv1c","student-oracle-raw-ast-identical"
"trash_rl/correct/z8ruF5yLmsXHaaGKs_inv8.als","trash_rl","CORRECT","inv8","inv8","inv8c","student-oracle-raw-ast-identical"
"trash_rl/correct/zBv9XYQMDsoj9yorF_inv6.als","trash_rl","CORRECT","inv6","inv6","inv6c","student-oracle-raw-ast-identical"
"trash_rl/correct/zFwGs8AoYR3W8w98S_inv1.als","trash_rl","CORRECT","inv1","inv1","inv1c","student-oracle-raw-ast-identical"
"trash_rl/correct/zNcr2MN9Y469qvrDN_inv8.als","trash_rl","CORRECT","inv8","inv8","inv8c","student-oracle-raw-ast-identical"
"trash_rl/correct/zRSJfENoiwthEuqGp_inv8.als","trash_rl","CORRECT","inv8","inv8","inv8c","student-oracle-raw-ast-identical"
"trash_rl/correct/zjPQvBjxSYoYTNtDu_inv1.als","trash_rl","CORRECT","inv1","inv1","inv1c","student-oracle-raw-ast-identical"
"trash_rl/correct/zx6rE4yvAXvd2HFNM_inv4.als","trash_rl","CORRECT","inv4","inv4","inv4c","student-oracle-raw-ast-identical"
"trash_rl/correct/zzNF6XdHYGrGQka2g_inv1.als","trash_rl","CORRECT","inv1","inv1","inv1c","student-oracle-raw-ast-identical"
