relativePath,questionSet,statusFolder,invariantId,levenshteinDistance,rawAstDistance,canonicalDistance,levenshteinSize,rawAstSize,canonicalSize,levenshteinDistanceRatio,rawAstDistanceRatio,canonicalDistanceRatio,candidateReward,rewardError,rewardPoolSize,rewardErrorMessage
"classroom_fol/BOTH/parsed-file1003_inv11.als","classroom_fol","BOTH","inv11",40,14,19,133,36,38,0.300752,0.388889,0.500000,0.400000,0.600000,10,
"classroom_fol/BOTH/parsed-file1007_inv14.als","classroom_fol","BOTH","inv14",49,19,14,146,42,45,0.335616,0.452381,0.311111,0.200000,0.800000,10,
"classroom_fol/BOTH/parsed-file1008_inv12.als","classroom_fol","BOTH","inv12",40,16,11,19,7,6,2.105263,2.285714,1.833333,0.000000,1.000000,10,
"classroom_fol/BOTH/parsed-file1012_inv14.als","classroom_fol","BOTH","inv14",42,17,14,67,20,19,0.626866,0.850000,0.736842,0.000000,1.000000,10,
"classroom_fol/BOTH/parsed-file1013_inv14.als","classroom_fol","BOTH","inv14",41,34,43,143,38,39,0.286713,0.894737,1.102564,0.200000,0.800000,10,
"classroom_fol/BOTH/parsed-file1014_inv9.als","classroom_fol","BOTH","inv9",4,1,26,118,30,39,0.033898,0.033333,0.666667,0.000000,1.000000,10,
"classroom_fol/BOTH/parsed-file1015_inv11.als","classroom_fol","BOTH","inv11",19,10,16,144,38,39,0.131944,0.263158,0.410256,0.000000,1.000000,10,
"classroom_fol/BOTH/parsed-file1024_inv10.als","classroom_fol","BOTH","inv10",20,9,10,91,25,25,0.219780,0.360000,0.400000,0.980392,0.019608,10,
"classroom_fol/BOTH/parsed-file1027_inv11.als","classroom_fol","BOTH","inv11",14,4,22,144,38,39,0.097222,0.105263,0.564103,0.100000,0.900000,10,
"classroom_fol/BOTH/parsed-file1034_inv12.als","classroom_fol","BOTH","inv12",10,3,6,135,36,35,0.074074,0.083333,0.171429,0.700000,0.300000,10,
"classroom_fol/BOTH/parsed-file1035_inv14.als","classroom_fol","BOTH","inv14",55,33,48,168,46,44,0.327381,0.717391,1.090909,0.100000,0.900000,10,
"classroom_fol/BOTH/parsed-file1043_inv12.als","classroom_fol","BOTH","inv12",45,14,10,140,37,39,0.321429,0.378378,0.256410,0.700000,0.300000,10,
"classroom_fol/BOTH/parsed-file1044_inv8.als","classroom_fol","BOTH","inv8",4,1,27,118,30,39,0.033898,0.033333,0.692308,0.000000,1.000000,10,
"classroom_fol/BOTH/parsed-file1053_inv11.als","classroom_fol","BOTH","inv11",12,3,34,134,36,38,0.089552,0.083333,0.894737,0.100000,0.900000,10,
"classroom_fol/BOTH/parsed-file1053_inv12.als","classroom_fol","BOTH","inv12",14,4,26,143,38,37,0.097902,0.105263,0.702703,0.000000,1.000000,10,
"classroom_fol/BOTH/parsed-file1058_inv14.als","classroom_fol","BOTH","inv14",49,18,17,67,20,19,0.731343,0.900000,0.894737,0.000000,1.000000,10,
"classroom_fol/BOTH/parsed-file1062_inv11.als","classroom_fol","BOTH","inv11",32,13,16,133,36,38,0.240602,0.361111,0.421053,0.400000,0.600000,10,
"classroom_fol/BOTH/parsed-file1065_inv14.als","classroom_fol","BOTH","inv14",77,39,50,195,59,55,0.394872,0.661017,0.909091,0.300000,0.700000,10,
"classroom_fol/BOTH/parsed-file1067_inv14.als","classroom_fol","BOTH","inv14",21,8,11,146,41,45,0.143836,0.195122,0.244444,0.500000,0.500000,10,
"classroom_fol/BOTH/parsed-file1069_inv10.als","classroom_fol","BOTH","inv10",19,14,16,79,23,24,0.240506,0.608696,0.666667,0.000000,1.000000,10,
"classroom_fol/BOTH/parsed-file1072_inv14.als","classroom_fol","BOTH","inv14",47,22,20,91,24,24,0.516484,0.916667,0.833333,0.000000,1.000000,10,
"classroom_fol/BOTH/parsed-file1073_inv14.als","classroom_fol","BOTH","inv14",32,32,47,168,46,43,0.190476,0.695652,1.093023,0.300000,0.700000,10,
"classroom_fol/BOTH/parsed-file1079_inv15.als","classroom_fol","BOTH","inv15",46,17,26,74,17,27,0.621622,1.000000,0.962963,0.000000,1.000000,10,
"classroom_fol/BOTH/parsed-file107_inv12.als","classroom_fol","BOTH","inv12",29,13,14,80,22,20,0.362500,0.590909,0.700000,0.700000,0.300000,10,
"classroom_fol/BOTH/parsed-file1081_inv13.als","classroom_fol","BOTH","inv13",49,16,20,88,26,25,0.556818,0.615385,0.800000,0.000000,1.000000,10,
"classroom_fol/BOTH/parsed-file1087_inv14.als","classroom_fol","BOTH","inv14",32,32,31,142,39,39,0.225352,0.820513,0.794872,0.000000,1.000000,10,
"classroom_fol/BOTH/parsed-file1088_inv14.als","classroom_fol","BOTH","inv14",70,32,38,124,34,34,0.564516,0.941176,1.117647,0.320000,0.680000,10,
"classroom_fol/BOTH/parsed-file108_inv14.als","classroom_fol","BOTH","inv14",43,41,26,180,48,24,0.238889,0.854167,1.083333,0.000000,1.000000,10,
"classroom_fol/BOTH/parsed-file1090_inv9.als","classroom_fol","BOTH","inv9",4,1,26,112,30,39,0.035714,0.033333,0.666667,0.000000,1.000000,10,
"classroom_fol/BOTH/parsed-file1103_inv14.als","classroom_fol","BOTH","inv14",47,33,45,166,46,44,0.283133,0.717391,1.022727,0.000000,1.000000,10,
"classroom_fol/BOTH/parsed-file1106_inv13.als","classroom_fol","BOTH","inv13",44,19,17,62,18,18,0.709677,1.055556,0.944444,0.900000,0.100000,10,
"classroom_fol/BOTH/parsed-file1108_inv15.als","classroom_fol","BOTH","inv15",28,17,17,103,29,26,0.271845,0.586207,0.653846,0.000000,1.000000,10,
"classroom_fol/BOTH/parsed-file1109_inv13.als","classroom_fol","BOTH","inv13",46,16,26,88,26,28,0.522727,0.615385,0.928571,0.050000,0.950000,10,
"classroom_fol/BOTH/parsed-file1117_inv1.als","classroom_fol","BOTH","inv1",7,1,1,40,11,11,0.175000,0.090909,0.090909,0.000000,1.000000,10,
"classroom_fol/BOTH/parsed-file1130_inv4.als","classroom_fol","BOTH","inv4",8,4,3,24,7,6,0.333333,0.571429,0.500000,0.900000,0.100000,10,
"classroom_fol/BOTH/parsed-file1139_inv14.als","classroom_fol","BOTH","inv14",14,39,37,166,46,45,0.084337,0.847826,0.822222,0.000000,1.000000,10,
"classroom_fol/BOTH/parsed-file1149_inv14.als","classroom_fol","BOTH","inv14",47,23,23,91,25,25,0.516484,0.920000,0.920000,0.000000,1.000000,10,
"classroom_fol/BOTH/parsed-file1150_inv11.als","classroom_fol","BOTH","inv11",14,4,22,144,38,39,0.097222,0.105263,0.564103,0.100000,0.900000,10,
"classroom_fol/BOTH/parsed-file1168_inv11.als","classroom_fol","BOTH","inv11",10,3,17,133,36,35,0.075188,0.083333,0.485714,0.000000,1.000000,10,
"classroom_fol/BOTH/parsed-file1171_inv13.als","classroom_fol","BOTH","inv13",76,34,30,126,40,32,0.603175,0.850000,0.937500,0.100000,0.900000,10,
"classroom_fol/BOTH/parsed-file1172_inv15.als","classroom_fol","BOTH","inv15",11,9,4,80,22,20,0.137500,0.409091,0.200000,0.000000,1.000000,10,
"classroom_fol/BOTH/parsed-file1173_inv12.als","classroom_fol","BOTH","inv12",33,28,29,141,38,35,0.234043,0.736842,0.828571,0.000000,1.000000,10,
"classroom_fol/BOTH/parsed-file1174_inv15.als","classroom_fol","BOTH","inv15",50,20,33,92,27,37,0.543478,0.740741,0.891892,0.000000,1.000000,10,
"classroom_fol/BOTH/parsed-file1175_inv13.als","classroom_fol","BOTH","inv13",51,17,17,72,20,18,0.708333,0.850000,0.944444,0.900000,0.100000,10,
"classroom_fol/BOTH/parsed-file1176_inv11.als","classroom_fol","BOTH","inv11",37,12,10,51,15,13,0.725490,0.800000,0.769231,0.000000,1.000000,10,
"classroom_fol/BOTH/parsed-file1180_inv12.als","classroom_fol","BOTH","inv12",42,18,18,80,23,24,0.525000,0.782609,0.750000,0.630000,0.370000,10,
"classroom_fol/BOTH/parsed-file1182_inv12.als","classroom_fol","BOTH","inv12",10,3,28,144,38,39,0.069444,0.078947,0.717949,0.080000,0.920000,10,
"classroom_fol/BOTH/parsed-file1183_inv8.als","classroom_fol","BOTH","inv8",12,7,27,112,30,39,0.107143,0.233333,0.692308,0.000000,1.000000,10,
"classroom_fol/BOTH/parsed-file1187_inv11.als","classroom_fol","BOTH","inv11",31,16,15,85,22,23,0.364706,0.727273,0.652174,0.100000,0.900000,10,
"classroom_fol/BOTH/parsed-file1188_inv15.als","classroom_fol","BOTH","inv15",93,62,65,238,69,74,0.390756,0.898551,0.878378,0.000000,1.000000,10,
"classroom_fol/BOTH/parsed-file1189_inv9.als","classroom_fol","BOTH","inv9",12,14,12,61,17,18,0.196721,0.823529,0.666667,0.300000,0.700000,10,
"classroom_fol/BOTH/parsed-file118_inv15.als","classroom_fol","BOTH","inv15",90,36,36,164,43,44,0.548780,0.837209,0.818182,0.000000,1.000000,10,
"classroom_fol/BOTH/parsed-file1190_inv9.als","classroom_fol","BOTH","inv9",22,8,12,44,12,12,0.500000,0.666667,1.000000,0.180000,0.820000,10,
"classroom_fol/BOTH/parsed-file1198_inv13.als","classroom_fol","BOTH","inv13",4,1,25,93,24,28,0.043011,0.041667,0.892857,0.000000,1.000000,10,
"classroom_fol/BOTH/parsed-file1204_inv12.als","classroom_fol","BOTH","inv12",37,11,9,22,9,7,1.681818,1.222222,1.285714,0.000000,1.000000,10,
"classroom_fol/BOTH/parsed-file1206_inv11.als","classroom_fol","BOTH","inv11",46,18,29,132,36,38,0.348485,0.500000,0.763158,0.100000,0.900000,10,
"classroom_fol/BOTH/parsed-file1207_inv14.als","classroom_fol","BOTH","inv14",49,22,32,132,37,38,0.371212,0.594595,0.842105,0.600000,0.400000,10,
"classroom_fol/BOTH/parsed-file1209_inv12.als","classroom_fol","BOTH","inv12",31,13,16,82,23,20,0.378049,0.565217,0.800000,0.400000,0.600000,10,
"classroom_fol/BOTH/parsed-file1209_inv13.als","classroom_fol","BOTH","inv13",48,24,14,78,24,17,0.615385,1.000000,0.823529,0.050000,0.950000,10,
"classroom_fol/BOTH/parsed-file1211_inv12.als","classroom_fol","BOTH","inv12",59,31,28,143,38,35,0.412587,0.815789,0.800000,0.980392,0.019608,10,
"classroom_fol/BOTH/parsed-file1212_inv14.als","classroom_fol","BOTH","inv14",57,23,28,123,33,32,0.463415,0.696970,0.875000,0.000000,1.000000,10,
"classroom_fol/BOTH/parsed-file1214_inv11.als","classroom_fol","BOTH","inv11",14,4,22,144,38,39,0.097222,0.105263,0.564103,0.100000,0.900000,10,
"classroom_fol/BOTH/parsed-file1216_inv12.als","classroom_fol","BOTH","inv12",61,37,33,183,46,44,0.333333,0.804348,0.750000,0.600000,0.400000,10,
"classroom_fol/BOTH/parsed-file1217_inv11.als","classroom_fol","BOTH","inv11",8,3,20,143,38,39,0.055944,0.078947,0.512821,0.100000,0.900000,10,
"classroom_fol/BOTH/parsed-file1219_inv15.als","classroom_fol","BOTH","inv15",81,29,39,130,36,43,0.623077,0.805556,0.906977,0.600000,0.400000,10,
"classroom_fol/BOTH/parsed-file1224_inv11.als","classroom_fol","BOTH","inv11",51,24,23,118,33,31,0.432203,0.727273,0.741935,0.350000,0.650000,10,
"classroom_fol/BOTH/parsed-file122_inv13.als","classroom_fol","BOTH","inv13",46,17,22,91,27,22,0.505495,0.629630,1.000000,0.200000,0.800000,10,
"classroom_fol/BOTH/parsed-file1230_inv8.als","classroom_fol","BOTH","inv8",28,10,34,123,32,38,0.227642,0.312500,0.894737,0.000000,1.000000,10,
"classroom_fol/BOTH/parsed-file1234_inv11.als","classroom_fol","BOTH","inv11",12,9,12,143,38,39,0.083916,0.236842,0.307692,0.980392,0.019608,10,
"classroom_fol/BOTH/parsed-file123_inv5.als","classroom_fol","BOTH","inv5",6,2,15,72,19,19,0.083333,0.105263,0.789474,0.300000,0.700000,10,
"classroom_fol/BOTH/parsed-file1240_inv12.als","classroom_fol","BOTH","inv12",33,15,11,91,25,25,0.362637,0.600000,0.440000,0.480000,0.520000,10,
"classroom_fol/BOTH/parsed-file1244_inv14.als","classroom_fol","BOTH","inv14",50,19,27,113,31,32,0.442478,0.612903,0.843750,0.160000,0.840000,10,
"classroom_fol/BOTH/parsed-file124_inv14.als","classroom_fol","BOTH","inv14",31,27,38,155,43,40,0.200000,0.627907,0.950000,0.000000,1.000000,10,
"classroom_fol/BOTH/parsed-file1251_inv12.als","classroom_fol","BOTH","inv12",19,6,21,116,32,33,0.163793,0.187500,0.636364,0.100000,0.900000,10,
"classroom_fol/BOTH/parsed-file1252_inv15.als","classroom_fol","BOTH","inv15",67,29,24,142,41,33,0.471831,0.707317,0.727273,0.000000,1.000000,10,
"classroom_fol/BOTH/parsed-file1254_inv8.als","classroom_fol","BOTH","inv8",2,1,8,45,12,12,0.044444,0.083333,0.666667,0.000000,1.000000,10,
"classroom_fol/BOTH/parsed-file1257_inv13.als","classroom_fol","BOTH","inv13",50,19,17,66,18,18,0.757576,1.055556,0.944444,0.900000,0.100000,10,
"classroom_fol/BOTH/parsed-file1258_inv14.als","classroom_fol","BOTH","inv14",36,28,38,155,43,40,0.232258,0.651163,0.950000,0.000000,1.000000,10,
"classroom_fol/BOTH/parsed-file1259_inv14.als","classroom_fol","BOTH","inv14",79,36,43,168,49,48,0.470238,0.734694,0.895833,0.100000,0.900000,10,
"classroom_fol/BOTH/parsed-file125_inv12.als","classroom_fol","BOTH","inv12",39,22,23,122,32,29,0.319672,0.687500,0.793103,0.000000,1.000000,10,
"classroom_fol/BOTH/parsed-file1264_inv12.als","classroom_fol","BOTH","inv12",30,14,32,151,41,42,0.198675,0.341463,0.761905,0.100000,0.900000,10,
"classroom_fol/BOTH/parsed-file1277_inv3.als","classroom_fol","BOTH","inv3",12,9,6,43,13,11,0.279070,0.692308,0.545455,0.000000,1.000000,10,
"classroom_fol/BOTH/parsed-file1278_inv11.als","classroom_fol","BOTH","inv11",42,21,13,102,27,25,0.411765,0.777778,0.520000,0.350000,0.650000,10,
"classroom_fol/BOTH/parsed-file1280_inv4.als","classroom_fol","BOTH","inv4",18,10,8,57,17,16,0.315789,0.588235,0.500000,0.000000,1.000000,10,
"classroom_fol/BOTH/parsed-file1284_inv14.als","classroom_fol","BOTH","inv14",35,13,51,157,44,47,0.222930,0.295455,1.085106,0.000000,1.000000,10,
"classroom_fol/BOTH/parsed-file1290_inv6.als","classroom_fol","BOTH","inv6",12,10,11,61,17,18,0.196721,0.588235,0.611111,0.300000,0.700000,10,
"classroom_fol/BOTH/parsed-file1291_inv13.als","classroom_fol","BOTH","inv13",2,2,2,92,24,27,0.021739,0.083333,0.074074,0.000000,1.000000,10,
"classroom_fol/BOTH/parsed-file1297_inv15.als","classroom_fol","BOTH","inv15",107,38,46,166,44,50,0.644578,0.863636,0.920000,0.600000,0.400000,10,
"classroom_fol/BOTH/parsed-file1299_inv11.als","classroom_fol","BOTH","inv11",41,16,17,110,30,31,0.372727,0.533333,0.548387,0.100000,0.900000,10,
"classroom_fol/BOTH/parsed-file1300_inv14.als","classroom_fol","BOTH","inv14",58,24,36,113,31,32,0.513274,0.774194,1.125000,0.240000,0.760000,10,
"classroom_fol/BOTH/parsed-file1302_inv12.als","classroom_fol","BOTH","inv12",25,29,29,143,38,38,0.174825,0.763158,0.763158,0.500000,0.500000,10,
"classroom_fol/BOTH/parsed-file1305_inv13.als","classroom_fol","BOTH","inv13",41,18,23,99,30,26,0.414141,0.600000,0.884615,0.090000,0.910000,10,
"classroom_fol/BOTH/parsed-file1307_inv11.als","classroom_fol","BOTH","inv11",48,23,18,115,32,31,0.417391,0.718750,0.580645,0.000000,1.000000,10,
"classroom_fol/BOTH/parsed-file1309_inv4.als","classroom_fol","BOTH","inv4",36,13,14,87,24,21,0.413793,0.541667,0.666667,0.000000,1.000000,10,
"classroom_fol/BOTH/parsed-file1313_inv10.als","classroom_fol","BOTH","inv10",12,10,11,68,20,20,0.176471,0.500000,0.550000,0.000000,1.000000,10,
"classroom_fol/BOTH/parsed-file1314_inv14.als","classroom_fol","BOTH","inv14",35,10,14,160,46,46,0.218750,0.217391,0.304348,0.500000,0.500000,10,
"classroom_fol/BOTH/parsed-file1315_inv14.als","classroom_fol","BOTH","inv14",46,34,19,176,49,24,0.261364,0.693878,0.791667,0.000000,1.000000,10,
"classroom_fol/BOTH/parsed-file1323_inv14.als","classroom_fol","BOTH","inv14",46,20,19,155,47,48,0.296774,0.425532,0.395833,0.500000,0.500000,10,
"classroom_fol/BOTH/parsed-file1326_inv11.als","classroom_fol","BOTH","inv11",53,25,23,123,34,31,0.430894,0.735294,0.741935,0.100000,0.900000,10,
"classroom_fol/BOTH/parsed-file1339_inv14.als","classroom_fol","BOTH","inv14",35,13,51,157,44,47,0.222930,0.295455,1.085106,0.000000,1.000000,10,
"classroom_fol/BOTH/parsed-file1343_inv11.als","classroom_fol","BOTH","inv11",40,16,25,116,32,33,0.344828,0.500000,0.757576,0.400000,0.600000,10,
"classroom_fol/BOTH/parsed-file1344_inv8.als","classroom_fol","BOTH","inv8",4,1,27,118,30,39,0.033898,0.033333,0.692308,0.000000,1.000000,10,
"classroom_fol/BOTH/parsed-file1347_inv11.als","classroom_fol","BOTH","inv11",62,24,23,122,34,36,0.508197,0.705882,0.638889,0.200000,0.800000,10,
"classroom_fol/BOTH/parsed-file1350_inv10.als","classroom_fol","BOTH","inv10",16,8,10,91,25,25,0.175824,0.320000,0.400000,0.980392,0.019608,10,
"classroom_fol/BOTH/parsed-file1353_inv14.als","classroom_fol","BOTH","inv14",52,24,23,73,20,19,0.712329,1.200000,1.210526,0.120000,0.880000,10,
"classroom_fol/BOTH/parsed-file1364_inv11.als","classroom_fol","BOTH","inv11",36,15,9,42,12,12,0.857143,1.250000,0.750000,0.000000,1.000000,10,
"classroom_fol/BOTH/parsed-file1366_inv11.als","classroom_fol","BOTH","inv11",51,26,27,122,32,30,0.418033,0.812500,0.900000,0.100000,0.900000,10,
"classroom_fol/BOTH/parsed-file1370_inv5.als","classroom_fol","BOTH","inv5",4,1,17,72,19,19,0.055556,0.052632,0.894737,0.300000,0.700000,10,
"classroom_fol/BOTH/parsed-file1371_inv5.als","classroom_fol","BOTH","inv5",4,1,14,72,19,19,0.055556,0.052632,0.736842,0.980392,0.019608,10,
"classroom_fol/BOTH/parsed-file1372_inv11.als","classroom_fol","BOTH","inv11",36,12,10,51,15,13,0.705882,0.800000,0.769231,0.000000,1.000000,10,
"classroom_fol/BOTH/parsed-file137_inv5.als","classroom_fol","BOTH","inv5",27,9,8,92,25,24,0.293478,0.360000,0.333333,0.240000,0.760000,10,
"classroom_fol/BOTH/parsed-file1383_inv15.als","classroom_fol","BOTH","inv15",17,11,5,89,25,21,0.191011,0.440000,0.238095,0.000000,1.000000,10,
"classroom_fol/BOTH/parsed-file1387_inv8.als","classroom_fol","BOTH","inv8",24,13,9,28,9,7,0.857143,1.444444,1.285714,0.000000,1.000000,10,
"classroom_fol/BOTH/parsed-file1388_inv11.als","classroom_fol","BOTH","inv11",50,20,30,133,36,38,0.375940,0.555556,0.789474,0.100000,0.900000,10,
"classroom_fol/BOTH/parsed-file1392_inv15.als","classroom_fol","BOTH","inv15",71,25,34,122,32,40,0.581967,0.781250,0.850000,0.000000,1.000000,10,
"classroom_fol/BOTH/parsed-file1395_inv14.als","classroom_fol","BOTH","inv14",59,24,24,131,34,37,0.450382,0.705882,0.648649,0.000000,1.000000,10,
"classroom_fol/BOTH/parsed-file1409_inv12.als","classroom_fol","BOTH","inv12",33,23,23,121,32,31,0.272727,0.718750,0.741935,0.700000,0.300000,10,
"classroom_fol/BOTH/parsed-file1410_inv12.als","classroom_fol","BOTH","inv12",47,20,18,102,27,25,0.460784,0.740741,0.720000,0.630000,0.370000,10,
"classroom_fol/BOTH/parsed-file1413_inv4.als","classroom_fol","BOTH","inv4",2,2,6,62,16,16,0.032258,0.125000,0.375000,0.900000,0.100000,10,
"classroom_fol/BOTH/parsed-file1415_inv12.als","classroom_fol","BOTH","inv12",47,22,20,97,27,24,0.484536,0.814815,0.833333,0.480000,0.520000,10,
"classroom_fol/BOTH/parsed-file1419_inv15.als","classroom_fol","BOTH","inv15",11,5,6,75,21,20,0.146667,0.238095,0.300000,0.480000,0.520000,10,
"classroom_fol/BOTH/parsed-file141_inv14.als","classroom_fol","BOTH","inv14",62,26,26,131,34,37,0.473282,0.764706,0.702703,0.000000,1.000000,10,
"classroom_fol/BOTH/parsed-file142_inv14.als","classroom_fol","BOTH","inv14",44,17,42,157,44,47,0.280255,0.386364,0.893617,0.300000,0.700000,10,
"classroom_fol/BOTH/parsed-file1434_inv13.als","classroom_fol","BOTH","inv13",44,19,15,63,18,18,0.698413,1.055556,0.833333,0.900000,0.100000,10,
"classroom_fol/BOTH/parsed-file1435_inv15.als","classroom_fol","BOTH","inv15",98,61,77,225,67,82,0.435556,0.910448,0.939024,0.100000,0.900000,10,
"classroom_fol/BOTH/parsed-file1438_inv14.als","classroom_fol","BOTH","inv14",44,25,39,157,44,44,0.280255,0.568182,0.886364,0.200000,0.800000,10,
"classroom_fol/BOTH/parsed-file143_inv6.als","classroom_fol","BOTH","inv6",12,10,11,61,17,18,0.196721,0.588235,0.611111,0.300000,0.700000,10,
"classroom_fol/BOTH/parsed-file1449_inv6.als","classroom_fol","BOTH","inv6",14,11,11,61,17,18,0.229508,0.647059,0.611111,0.000000,1.000000,10,
"classroom_fol/BOTH/parsed-file1458_inv14.als","classroom_fol","BOTH","inv14",77,29,23,21,7,6,3.666667,4.142857,3.833333,0.000000,1.000000,10,
"classroom_fol/BOTH/parsed-file1459_inv12.als","classroom_fol","BOTH","inv12",43,19,18,80,23,24,0.537500,0.826087,0.750000,0.630000,0.370000,10,
"classroom_fol/BOTH/parsed-file1460_inv11.als","classroom_fol","BOTH","inv11",24,32,21,147,39,42,0.163265,0.820513,0.500000,0.000000,1.000000,10,
"classroom_fol/BOTH/parsed-file1468_inv5.als","classroom_fol","BOTH","inv5",12,3,17,71,19,19,0.169014,0.157895,0.894737,0.700000,0.300000,10,
"classroom_fol/BOTH/parsed-file1472_inv14.als","classroom_fol","BOTH","inv14",53,25,26,103,27,24,0.514563,0.925926,1.083333,0.000000,1.000000,10,
"classroom_fol/BOTH/parsed-file1481_inv5.als","classroom_fol","BOTH","inv5",16,8,5,18,6,5,0.888889,1.333333,1.000000,0.000000,1.000000,10,
"classroom_fol/BOTH/parsed-file1488_inv4.als","classroom_fol","BOTH","inv4",3,2,6,61,16,16,0.049180,0.125000,0.375000,0.900000,0.100000,10,
"classroom_fol/BOTH/parsed-file1494_inv14.als","classroom_fol","BOTH","inv14",8,2,21,166,46,40,0.048193,0.043478,0.525000,0.400000,0.600000,10,
"classroom_fol/BOTH/parsed-file1498_inv11.als","classroom_fol","BOTH","inv11",44,15,19,115,32,33,0.382609,0.468750,0.575758,0.700000,0.300000,10,
"classroom_fol/BOTH/parsed-file1505_inv14.als","classroom_fol","BOTH","inv14",25,6,42,157,44,47,0.159236,0.136364,0.893617,0.000000,1.000000,10,
"classroom_fol/BOTH/parsed-file150_inv12.als","classroom_fol","BOTH","inv12",38,15,19,82,21,22,0.463415,0.714286,0.863636,0.000000,1.000000,10,
"classroom_fol/BOTH/parsed-file1510_inv11.als","classroom_fol","BOTH","inv11",33,18,12,89,25,25,0.370787,0.720000,0.480000,0.350000,0.650000,10,
"classroom_fol/BOTH/parsed-file1512_inv14.als","classroom_fol","BOTH","inv14",50,19,27,113,31,32,0.442478,0.612903,0.843750,0.160000,0.840000,10,
"classroom_fol/BOTH/parsed-file1513_inv14.als","classroom_fol","BOTH","inv14",73,36,41,155,47,43,0.470968,0.765957,0.953488,0.600000,0.400000,10,
"classroom_fol/BOTH/parsed-file151_inv13.als","classroom_fol","BOTH","inv13",50,19,17,66,18,18,0.757576,1.055556,0.944444,0.900000,0.100000,10,
"classroom_fol/BOTH/parsed-file1523_inv4.als","classroom_fol","BOTH","inv4",3,5,11,63,18,19,0.047619,0.277778,0.578947,0.000000,1.000000,10,
"classroom_fol/BOTH/parsed-file1525_inv9.als","classroom_fol","BOTH","inv9",26,9,13,45,12,12,0.577778,0.750000,1.083333,0.040000,0.960000,10,
"classroom_fol/BOTH/parsed-file1534_inv11.als","classroom_fol","BOTH","inv11",21,11,20,144,38,35,0.145833,0.289474,0.571429,0.000000,1.000000,10,
"classroom_fol/BOTH/parsed-file1537_inv12.als","classroom_fol","BOTH","inv12",10,3,28,144,38,39,0.069444,0.078947,0.717949,0.080000,0.920000,10,
"classroom_fol/BOTH/parsed-file1537_inv13.als","classroom_fol","BOTH","inv13",6,3,25,87,24,28,0.068966,0.125000,0.892857,0.000000,1.000000,10,
"classroom_fol/BOTH/parsed-file1546_inv12.als","classroom_fol","BOTH","inv12",33,15,11,91,25,25,0.362637,0.600000,0.440000,0.480000,0.520000,10,
"classroom_fol/BOTH/parsed-file1554_inv11.als","classroom_fol","BOTH","inv11",40,14,19,133,36,38,0.300752,0.388889,0.500000,0.000000,1.000000,10,
"classroom_fol/BOTH/parsed-file1557_inv15.als","classroom_fol","BOTH","inv15",134,75,65,280,80,69,0.478571,0.937500,0.942029,0.600000,0.400000,10,
"classroom_fol/BOTH/parsed-file1559_inv14.als","classroom_fol","BOTH","inv14",47,40,49,167,46,45,0.281437,0.869565,1.088889,0.000000,1.000000,10,
"classroom_fol/BOTH/parsed-file1567_inv6.als","classroom_fol","BOTH","inv6",17,6,4,30,9,7,0.566667,0.666667,0.571429,0.000000,1.000000,10,
"classroom_fol/BOTH/parsed-file1569_inv13.als","classroom_fol","BOTH","inv13",44,19,17,62,18,18,0.709677,1.055556,0.944444,0.900000,0.100000,10,
"classroom_fol/BOTH/parsed-file1579_inv12.als","classroom_fol","BOTH","inv12",32,30,26,155,40,38,0.206452,0.750000,0.684211,0.080000,0.920000,10,
"classroom_fol/BOTH/parsed-file1590_inv14.als","classroom_fol","BOTH","inv14",32,7,45,157,44,47,0.203822,0.159091,0.957447,0.000000,1.000000,10,
"classroom_fol/BOTH/parsed-file1597_inv11.als","classroom_fol","BOTH","inv11",39,22,31,144,38,39,0.270833,0.578947,0.794872,0.000000,1.000000,10,
"classroom_fol/BOTH/parsed-file1599_inv14.als","classroom_fol","BOTH","inv14",50,20,28,123,33,32,0.406504,0.606061,0.875000,0.120000,0.880000,10,
"classroom_fol/BOTH/parsed-file1600_inv11.als","classroom_fol","BOTH","inv11",16,3,35,155,40,36,0.103226,0.075000,0.972222,0.400000,0.600000,10,
"classroom_fol/BOTH/parsed-file1604_inv11.als","classroom_fol","BOTH","inv11",33,20,13,91,25,25,0.362637,0.800000,0.520000,0.350000,0.650000,10,
"classroom_fol/BOTH/parsed-file1606_inv14.als","classroom_fol","BOTH","inv14",38,20,19,88,24,24,0.431818,0.833333,0.791667,0.120000,0.880000,10,
"classroom_fol/BOTH/parsed-file1610_inv12.als","classroom_fol","BOTH","inv12",50,34,28,156,42,41,0.320513,0.809524,0.682927,0.000000,1.000000,10,
"classroom_fol/BOTH/parsed-file1612_inv12.als","classroom_fol","BOTH","inv12",10,3,27,133,36,38,0.075188,0.083333,0.710526,0.600000,0.400000,10,
"classroom_fol/BOTH/parsed-file1615_inv15.als","classroom_fol","BOTH","inv15",91,36,36,164,43,44,0.554878,0.837209,0.818182,0.000000,1.000000,10,
"classroom_fol/BOTH/parsed-file1618_inv12.als","classroom_fol","BOTH","inv12",11,7,5,55,15,14,0.200000,0.466667,0.357143,0.480000,0.520000,10,
"classroom_fol/BOTH/parsed-file1627_inv11.als","classroom_fol","BOTH","inv11",42,20,21,98,27,25,0.428571,0.740741,0.840000,0.100000,0.900000,10,
"classroom_fol/BOTH/parsed-file1633_inv5.als","classroom_fol","BOTH","inv5",4,1,17,72,19,19,0.055556,0.052632,0.894737,0.980392,0.019608,10,
"classroom_fol/BOTH/parsed-file1636_inv12.als","classroom_fol","BOTH","inv12",37,24,28,122,32,30,0.303279,0.750000,0.933333,0.000000,1.000000,10,
"classroom_fol/BOTH/parsed-file1647_inv14.als","classroom_fol","BOTH","inv14",66,31,33,149,44,38,0.442953,0.704545,0.868421,0.800000,0.200000,10,
"classroom_fol/BOTH/parsed-file1650_inv11.als","classroom_fol","BOTH","inv11",37,16,17,115,32,33,0.321739,0.500000,0.515152,0.000000,1.000000,10,
"classroom_fol/BOTH/parsed-file1653_inv11.als","classroom_fol","BOTH","inv11",67,27,21,140,38,39,0.478571,0.710526,0.538462,0.000000,1.000000,10,
"classroom_fol/BOTH/parsed-file1655_inv12.als","classroom_fol","BOTH","inv12",93,43,43,195,50,51,0.476923,0.860000,0.843137,0.000000,1.000000,10,
"classroom_fol/BOTH/parsed-file1660_inv14.als","classroom_fol","BOTH","inv14",24,7,41,157,44,47,0.152866,0.159091,0.872340,0.300000,0.700000,10,
"classroom_fol/BOTH/parsed-file1663_inv8.als","classroom_fol","BOTH","inv8",4,1,27,118,30,39,0.033898,0.033333,0.692308,0.000000,1.000000,10,
"classroom_fol/BOTH/parsed-file1666_inv13.als","classroom_fol","BOTH","inv13",4,1,25,87,24,28,0.045977,0.041667,0.892857,0.000000,1.000000,10,
"classroom_fol/BOTH/parsed-file1669_inv5.als","classroom_fol","BOTH","inv5",34,12,19,92,23,21,0.369565,0.521739,0.904762,0.980392,0.019608,10,
"classroom_fol/BOTH/parsed-file1670_inv11.als","classroom_fol","BOTH","inv11",33,20,13,91,25,25,0.362637,0.800000,0.520000,0.350000,0.650000,10,
"classroom_fol/BOTH/parsed-file1671_inv11.als","classroom_fol","BOTH","inv11",37,13,16,99,28,28,0.373737,0.464286,0.571429,0.000000,1.000000,10,
"classroom_fol/BOTH/parsed-file1680_inv13.als","classroom_fol","BOTH","inv13",52,18,25,104,30,33,0.500000,0.600000,0.757576,0.100000,0.900000,10,
"classroom_fol/BOTH/parsed-file168_inv4.als","classroom_fol","BOTH","inv4",3,2,9,62,16,17,0.048387,0.125000,0.529412,0.000000,1.000000,10,
"classroom_fol/BOTH/parsed-file1690_inv12.als","classroom_fol","BOTH","inv12",41,15,19,91,25,25,0.450549,0.600000,0.760000,0.630000,0.370000,10,
"classroom_fol/BOTH/parsed-file1694_inv14.als","classroom_fol","BOTH","inv14",42,17,14,67,20,19,0.626866,0.850000,0.736842,0.000000,1.000000,10,
"classroom_fol/BOTH/parsed-file1695_inv11.als","classroom_fol","BOTH","inv11",51,31,31,143,40,37,0.356643,0.775000,0.837838,0.500000,0.500000,10,
"classroom_fol/BOTH/parsed-file1697_inv11.als","classroom_fol","BOTH","inv11",34,22,12,107,29,30,0.317757,0.758621,0.400000,0.350000,0.650000,10,
"classroom_fol/BOTH/parsed-file1699_inv14.als","classroom_fol","BOTH","inv14",46,28,19,174,48,24,0.264368,0.583333,0.791667,0.000000,1.000000,10,
"classroom_fol/BOTH/parsed-file169_inv11.als","classroom_fol","BOTH","inv11",45,22,24,112,30,28,0.401786,0.733333,0.857143,0.100000,0.900000,10,
"classroom_fol/BOTH/parsed-file16_inv12.als","classroom_fol","BOTH","inv12",34,25,30,122,34,36,0.278689,0.735294,0.833333,0.630000,0.370000,10,
"classroom_fol/BOTH/parsed-file1709_inv11.als","classroom_fol","BOTH","inv11",60,27,21,132,36,36,0.454545,0.750000,0.583333,0.000000,1.000000,10,
"classroom_fol/BOTH/parsed-file1711_inv15.als","classroom_fol","BOTH","inv15",25,11,10,42,11,11,0.595238,1.000000,0.909091,0.000000,1.000000,10,
"classroom_fol/BOTH/parsed-file1712_inv13.als","classroom_fol","BOTH","inv13",43,13,8,67,20,14,0.641791,0.650000,0.571429,0.000000,1.000000,10,
"classroom_fol/BOTH/parsed-file1713_inv14.als","classroom_fol","BOTH","inv14",15,5,42,144,40,47,0.104167,0.125000,0.893617,0.000000,1.000000,10,
"classroom_fol/BOTH/parsed-file1717_inv11.als","classroom_fol","BOTH","inv11",40,20,16,90,25,25,0.444444,0.800000,0.640000,0.000000,1.000000,10,
"classroom_fol/BOTH/parsed-file1722_inv14.als","classroom_fol","BOTH","inv14",35,38,45,166,46,44,0.210843,0.826087,1.022727,0.000000,1.000000,10,
"classroom_fol/BOTH/parsed-file1736_inv4.als","classroom_fol","BOTH","inv4",15,7,5,30,8,7,0.500000,0.875000,0.714286,0.000000,1.000000,10,
"classroom_fol/BOTH/parsed-file1738_inv14.als","classroom_fol","BOTH","inv14",19,5,45,157,44,47,0.121019,0.113636,0.957447,0.000000,1.000000,10,
"classroom_fol/BOTH/parsed-file173_inv14.als","classroom_fol","BOTH","inv14",68,33,34,147,43,39,0.462585,0.767442,0.871795,0.600000,0.400000,10,
"classroom_fol/BOTH/parsed-file1747_inv5.als","classroom_fol","BOTH","inv5",4,1,15,72,19,19,0.055556,0.052632,0.789474,0.300000,0.700000,10,
"classroom_fol/BOTH/parsed-file1748_inv5.als","classroom_fol","BOTH","inv5",29,8,10,44,12,12,0.659091,0.666667,0.833333,0.000000,1.000000,10,
"classroom_fol/BOTH/parsed-file1749_inv15.als","classroom_fol","BOTH","inv15",60,22,15,117,30,25,0.512821,0.733333,0.600000,0.500000,0.500000,10,
"classroom_fol/BOTH/parsed-file1755_inv14.als","classroom_fol","BOTH","inv14",46,32,45,180,49,47,0.255556,0.653061,0.957447,0.000000,1.000000,10,
"classroom_fol/BOTH/parsed-file1762_inv5.als","classroom_fol","BOTH","inv5",4,1,17,72,19,19,0.055556,0.052632,0.894737,0.980392,0.019608,10,
"classroom_fol/BOTH/parsed-file1763_inv4.als","classroom_fol","BOTH","inv4",28,10,7,44,11,9,0.636364,0.909091,0.777778,0.000000,1.000000,10,
"classroom_fol/BOTH/parsed-file1765_inv11.als","classroom_fol","BOTH","inv11",37,13,25,110,30,31,0.336364,0.433333,0.806452,0.100000,0.900000,10,
"classroom_fol/BOTH/parsed-file1768_inv11.als","classroom_fol","BOTH","inv11",32,13,16,133,36,38,0.240602,0.361111,0.421053,0.400000,0.600000,10,
"classroom_fol/BOTH/parsed-file1777_inv11.als","classroom_fol","BOTH","inv11",20,7,7,137,38,38,0.145985,0.184211,0.184211,0.000000,1.000000,10,
"classroom_fol/BOTH/parsed-file1780_inv4.als","classroom_fol","BOTH","inv4",4,3,3,62,16,15,0.064516,0.187500,0.200000,0.000000,1.000000,10,
"classroom_fol/BOTH/parsed-file1785_inv12.als","classroom_fol","BOTH","inv12",10,3,27,133,36,38,0.075188,0.083333,0.710526,0.600000,0.400000,10,
"classroom_fol/BOTH/parsed-file1790_inv14.als","classroom_fol","BOTH","inv14",58,15,64,158,44,70,0.367089,0.340909,0.914286,0.400000,0.600000,10,
"classroom_fol/BOTH/parsed-file1792_inv11.als","classroom_fol","BOTH","inv11",36,15,9,42,12,12,0.857143,1.250000,0.750000,0.000000,1.000000,10,
"classroom_fol/BOTH/parsed-file1794_inv13.als","classroom_fol","BOTH","inv13",46,16,23,87,26,26,0.528736,0.615385,0.884615,0.090000,0.910000,10,
"classroom_fol/BOTH/parsed-file1797_inv14.als","classroom_fol","BOTH","inv14",25,8,41,157,44,47,0.159236,0.181818,0.872340,0.210000,0.790000,10,
"classroom_fol/BOTH/parsed-file1801_inv11.als","classroom_fol","BOTH","inv11",50,19,18,122,34,36,0.409836,0.558824,0.500000,0.400000,0.600000,10,
"classroom_fol/BOTH/parsed-file1802_inv11.als","classroom_fol","BOTH","inv11",55,22,27,116,32,33,0.474138,0.687500,0.818182,0.250000,0.750000,10,
"classroom_fol/BOTH/parsed-file1803_inv15.als","classroom_fol","BOTH","inv15",37,15,12,93,25,22,0.397849,0.600000,0.545455,0.000000,1.000000,10,
"classroom_fol/BOTH/parsed-file1807_inv11.als","classroom_fol","BOTH","inv11",53,20,16,108,30,36,0.490741,0.666667,0.444444,0.000000,1.000000,10,
"classroom_fol/BOTH/parsed-file1809_inv15.als","classroom_fol","BOTH","inv15",48,16,23,90,21,29,0.533333,0.761905,0.793103,0.000000,1.000000,10,
"classroom_fol/BOTH/parsed-file1810_inv12.als","classroom_fol","BOTH","inv12",41,18,30,133,36,38,0.308271,0.500000,0.789474,0.500000,0.500000,10,
"classroom_fol/BOTH/parsed-file181_inv15.als","classroom_fol","BOTH","inv15",69,44,36,192,51,44,0.359375,0.862745,0.818182,0.000000,1.000000,10,
"classroom_fol/BOTH/parsed-file1826_inv11.als","classroom_fol","BOTH","inv11",52,42,31,176,48,52,0.295455,0.875000,0.596154,0.500000,0.500000,10,
"classroom_fol/BOTH/parsed-file182_inv14.als","classroom_fol","BOTH","inv14",37,32,34,143,39,39,0.258741,0.820513,0.871795,0.000000,1.000000,10,
"classroom_fol/BOTH/parsed-file1831_inv6.als","classroom_fol","BOTH","inv6",18,12,4,30,11,8,0.600000,1.090909,0.500000,0.000000,1.000000,10,
"classroom_fol/BOTH/parsed-file1835_inv11.als","classroom_fol","BOTH","inv11",41,17,17,110,30,31,0.372727,0.566667,0.548387,0.350000,0.650000,10,
"classroom_fol/BOTH/parsed-file1839_inv4.als","classroom_fol","BOTH","inv4",7,3,2,24,7,6,0.291667,0.428571,0.333333,0.000000,1.000000,10,
"classroom_fol/BOTH/parsed-file1840_inv12.als","classroom_fol","BOTH","inv12",43,19,18,80,23,24,0.537500,0.826087,0.750000,0.000000,1.000000,10,
"classroom_fol/BOTH/parsed-file1841_inv11.als","classroom_fol","BOTH","inv11",55,20,23,133,36,38,0.413534,0.555556,0.605263,0.500000,0.500000,10,
"classroom_fol/BOTH/parsed-file1846_inv4.als","classroom_fol","BOTH","inv4",3,2,9,62,16,17,0.048387,0.125000,0.529412,0.000000,1.000000,10,
"classroom_fol/BOTH/parsed-file1847_inv11.als","classroom_fol","BOTH","inv11",21,32,16,136,38,34,0.154412,0.842105,0.470588,0.900000,0.100000,10,
"classroom_fol/BOTH/parsed-file1848_inv5.als","classroom_fol","BOTH","inv5",8,2,15,71,19,18,0.112676,0.105263,0.833333,0.300000,0.700000,10,
"classroom_fol/BOTH/parsed-file184_inv12.als","classroom_fol","BOTH","inv12",13,4,29,153,40,40,0.084967,0.100000,0.725000,0.100000,0.900000,10,
"classroom_fol/BOTH/parsed-file1854_inv11.als","classroom_fol","BOTH","inv11",48,22,22,102,27,25,0.470588,0.814815,0.880000,0.350000,0.650000,10,
"classroom_fol/BOTH/parsed-file1856_inv11.als","classroom_fol","BOTH","inv11",19,19,23,132,36,37,0.143939,0.527778,0.621622,0.000000,1.000000,10,
"classroom_fol/BOTH/parsed-file1858_inv9.als","classroom_fol","BOTH","inv9",28,12,12,69,18,17,0.405797,0.666667,0.705882,0.000000,1.000000,10,
"classroom_fol/BOTH/parsed-file1862_inv11.als","classroom_fol","BOTH","inv11",36,15,9,42,12,12,0.857143,1.250000,0.750000,0.000000,1.000000,10,
"classroom_fol/BOTH/parsed-file1864_inv15.als","classroom_fol","BOTH","inv15",39,20,20,114,32,29,0.342105,0.625000,0.689655,0.000000,1.000000,10,
"classroom_fol/BOTH/parsed-file186_inv14.als","classroom_fol","BOTH","inv14",54,31,38,157,44,44,0.343949,0.704545,0.863636,0.240000,0.760000,10,
"classroom_fol/BOTH/parsed-file1870_inv9.als","classroom_fol","BOTH","inv9",4,1,26,112,30,39,0.035714,0.033333,0.666667,0.000000,1.000000,10,
"classroom_fol/BOTH/parsed-file1872_inv14.als","classroom_fol","BOTH","inv14",40,35,43,143,39,39,0.279720,0.897436,1.102564,0.000000,1.000000,10,
"classroom_fol/BOTH/parsed-file1876_inv8.als","classroom_fol","BOTH","inv8",30,13,9,21,7,6,1.428571,1.857143,1.500000,0.300000,0.700000,10,
"classroom_fol/BOTH/parsed-file1880_inv14.als","classroom_fol","BOTH","inv14",77,29,23,21,7,6,3.666667,4.142857,3.833333,0.000000,1.000000,10,
"classroom_fol/BOTH/parsed-file1886_inv14.als","classroom_fol","BOTH","inv14",67,37,45,159,45,41,0.421384,0.822222,1.097561,0.000000,1.000000,10,
"classroom_fol/BOTH/parsed-file1886_inv15.als","classroom_fol","BOTH","inv15",43,21,15,46,15,9,0.934783,1.400000,1.666667,0.000000,1.000000,10,
"classroom_fol/BOTH/parsed-file1889_inv1.als","classroom_fol","BOTH","inv1",8,2,3,41,11,12,0.195122,0.181818,0.250000,0.000000,1.000000,10,
"classroom_fol/BOTH/parsed-file1891_inv9.als","classroom_fol","BOTH","inv9",24,8,13,45,12,12,0.533333,0.666667,1.083333,0.120000,0.880000,10,
"classroom_fol/BOTH/parsed-file1892_inv10.als","classroom_fol","BOTH","inv10",17,14,16,79,23,24,0.215190,0.608696,0.666667,0.000000,1.000000,10,
"classroom_fol/BOTH/parsed-file189_inv11.als","classroom_fol","BOTH","inv11",48,26,27,127,34,33,0.377953,0.764706,0.818182,0.400000,0.600000,10,
"classroom_fol/BOTH/parsed-file1901_inv12.als","classroom_fol","BOTH","inv12",43,20,19,103,27,24,0.417476,0.740741,0.791667,0.480000,0.520000,10,
"classroom_fol/BOTH/parsed-file1904_inv11.als","classroom_fol","BOTH","inv11",4,1,35,144,38,36,0.027778,0.026316,0.972222,0.400000,0.600000,10,
"classroom_fol/BOTH/parsed-file1907_inv14.als","classroom_fol","BOTH","inv14",59,24,24,131,34,37,0.450382,0.705882,0.648649,0.000000,1.000000,10,
"classroom_fol/BOTH/parsed-file1909_inv12.als","classroom_fol","BOTH","inv12",11,8,26,133,37,38,0.082707,0.216216,0.684211,0.100000,0.900000,10,
"classroom_fol/BOTH/parsed-file190_inv3.als","classroom_fol","BOTH","inv3",2,2,5,60,16,14,0.033333,0.125000,0.357143,0.980392,0.019608,10,
"classroom_fol/BOTH/parsed-file1910_inv11.als","classroom_fol","BOTH","inv11",53,18,18,110,30,31,0.481818,0.600000,0.580645,0.100000,0.900000,10,
"classroom_fol/BOTH/parsed-file1916_inv12.als","classroom_fol","BOTH","inv12",25,30,26,153,40,38,0.163399,0.750000,0.684211,0.080000,0.920000,10,
"classroom_fol/BOTH/parsed-file1919_inv4.als","classroom_fol","BOTH","inv4",7,3,2,24,7,6,0.291667,0.428571,0.333333,0.000000,1.000000,10,
"classroom_fol/BOTH/parsed-file191_inv13.als","classroom_fol","BOTH","inv13",50,16,20,88,26,25,0.568182,0.615385,0.800000,0.900000,0.100000,10,
"classroom_fol/BOTH/parsed-file1920_inv11.als","classroom_fol","BOTH","inv11",27,21,13,102,27,25,0.264706,0.777778,0.520000,0.350000,0.650000,10,
"classroom_fol/BOTH/parsed-file1925_inv11.als","classroom_fol","BOTH","inv11",40,21,13,102,27,25,0.392157,0.777778,0.520000,0.350000,0.650000,10,
"classroom_fol/BOTH/parsed-file1926_inv12.als","classroom_fol","BOTH","inv12",49,34,34,155,40,39,0.316129,0.850000,0.871795,0.600000,0.400000,10,
"classroom_fol/BOTH/parsed-file1935_inv5.als","classroom_fol","BOTH","inv5",14,5,16,71,18,18,0.197183,0.277778,0.888889,0.980392,0.019608,10,
"classroom_fol/BOTH/parsed-file1939_inv5.als","classroom_fol","BOTH","inv5",4,1,17,72,19,19,0.055556,0.052632,0.894737,0.300000,0.700000,10,
"classroom_fol/BOTH/parsed-file1945_inv12.als","classroom_fol","BOTH","inv12",34,15,11,91,25,25,0.373626,0.600000,0.440000,0.480000,0.520000,10,
"classroom_fol/BOTH/parsed-file194_inv3.als","classroom_fol","BOTH","inv3",2,2,5,60,16,14,0.033333,0.125000,0.357143,0.980392,0.019608,10,
"classroom_fol/BOTH/parsed-file1951_inv11.als","classroom_fol","BOTH","inv11",29,21,10,101,27,25,0.287129,0.777778,0.400000,0.350000,0.650000,10,
"classroom_fol/BOTH/parsed-file1957_inv14.als","classroom_fol","BOTH","inv14",36,8,42,157,44,47,0.229299,0.181818,0.893617,0.300000,0.700000,10,
"classroom_fol/BOTH/parsed-file1958_inv5.als","classroom_fol","BOTH","inv5",4,1,17,72,19,19,0.055556,0.052632,0.894737,0.980392,0.019608,10,
"classroom_fol/BOTH/parsed-file1960_inv5.als","classroom_fol","BOTH","inv5",18,12,22,91,24,24,0.197802,0.500000,0.916667,0.980392,0.019608,10,
"classroom_fol/BOTH/parsed-file1964_inv15.als","classroom_fol","BOTH","inv15",3,3,2,74,21,20,0.040541,0.142857,0.100000,0.000000,1.000000,10,
"classroom_fol/BOTH/parsed-file1973_inv8.als","classroom_fol","BOTH","inv8",4,1,27,118,30,39,0.033898,0.033333,0.692308,0.000000,1.000000,10,
"classroom_fol/BOTH/parsed-file1974_inv11.als","classroom_fol","BOTH","inv11",31,15,19,148,40,40,0.209459,0.375000,0.475000,0.000000,1.000000,10,
"classroom_fol/BOTH/parsed-file1978_inv11.als","classroom_fol","BOTH","inv11",16,26,28,136,38,34,0.117647,0.684211,0.823529,0.000000,1.000000,10,
"classroom_fol/BOTH/parsed-file1985_inv15.als","classroom_fol","BOTH","inv15",97,61,77,225,67,82,0.431111,0.910448,0.939024,0.100000,0.900000,10,
"classroom_fol/BOTH/parsed-file1987_inv14.als","classroom_fol","BOTH","inv14",27,6,45,157,44,47,0.171975,0.136364,0.957447,0.000000,1.000000,10,
"classroom_fol/BOTH/parsed-file198_inv12.als","classroom_fol","BOTH","inv12",36,21,22,105,30,30,0.342857,0.700000,0.733333,0.270000,0.730000,10,
"classroom_fol/BOTH/parsed-file1990_inv14.als","classroom_fol","BOTH","inv14",31,8,42,157,44,47,0.197452,0.181818,0.893617,0.000000,1.000000,10,
"classroom_fol/BOTH/parsed-file1992_inv14.als","classroom_fol","BOTH","inv14",18,4,38,168,46,43,0.107143,0.086957,0.883721,0.000000,1.000000,10,
"classroom_fol/BOTH/parsed-file2000_inv14.als","classroom_fol","BOTH","inv14",32,7,45,157,44,47,0.203822,0.159091,0.957447,0.000000,1.000000,10,
"classroom_fol/BOTH/parsed-file2007_inv9.als","classroom_fol","BOTH","inv9",8,6,4,49,13,12,0.163265,0.461538,0.333333,0.360000,0.640000,10,
"classroom_fol/BOTH/parsed-file2010_inv13.als","classroom_fol","BOTH","inv13",49,16,11,21,7,6,2.333333,2.285714,1.833333,0.100000,0.900000,10,
"classroom_fol/BOTH/parsed-file2012_inv11.als","classroom_fol","BOTH","inv11",25,33,22,155,40,39,0.161290,0.825000,0.564103,0.100000,0.900000,10,
"classroom_fol/BOTH/parsed-file2013_inv14.als","classroom_fol","BOTH","inv14",37,17,18,121,35,36,0.305785,0.485714,0.500000,0.600000,0.400000,10,
"classroom_fol/BOTH/parsed-file2014_inv12.als","classroom_fol","BOTH","inv12",43,33,12,154,40,35,0.279221,0.825000,0.342857,0.700000,0.300000,10,
"classroom_fol/BOTH/parsed-file2023_inv5.als","classroom_fol","BOTH","inv5",4,1,17,72,19,19,0.055556,0.052632,0.894737,0.980392,0.019608,10,
"classroom_fol/BOTH/parsed-file2027_inv11.als","classroom_fol","BOTH","inv11",22,32,18,145,39,37,0.151724,0.820513,0.486486,0.500000,0.500000,10,
"classroom_fol/BOTH/parsed-file2029_inv12.als","classroom_fol","BOTH","inv12",58,30,32,143,38,35,0.405594,0.789474,0.914286,0.000000,1.000000,10,
"classroom_fol/BOTH/parsed-file202_inv5.als","classroom_fol","BOTH","inv5",22,7,9,44,12,12,0.500000,0.583333,0.750000,0.000000,1.000000,10,
"classroom_fol/BOTH/parsed-file2033_inv13.als","classroom_fol","BOTH","inv13",59,26,27,105,32,29,0.561905,0.812500,0.931034,0.000000,1.000000,10,
"classroom_fol/BOTH/parsed-file2034_inv12.als","classroom_fol","BOTH","inv12",77,39,40,176,46,48,0.437500,0.847826,0.833333,0.000000,1.000000,10,
"classroom_fol/BOTH/parsed-file2035_inv12.als","classroom_fol","BOTH","inv12",43,14,18,87,23,24,0.494253,0.608696,0.750000,0.000000,1.000000,10,
"classroom_fol/BOTH/parsed-file2036_inv11.als","classroom_fol","BOTH","inv11",8,4,20,143,38,39,0.055944,0.105263,0.512821,0.100000,0.900000,10,
"classroom_fol/BOTH/parsed-file203_inv11.als","classroom_fol","BOTH","inv11",46,22,22,103,27,24,0.446602,0.814815,0.916667,0.280000,0.720000,10,
"classroom_fol/BOTH/parsed-file2040_inv12.als","classroom_fol","BOTH","inv12",39,16,22,91,25,25,0.428571,0.640000,0.880000,0.630000,0.370000,10,
"classroom_fol/BOTH/parsed-file204_inv14.als","classroom_fol","BOTH","inv14",31,7,45,157,44,47,0.197452,0.159091,0.957447,0.000000,1.000000,10,
"classroom_fol/BOTH/parsed-file2061_inv11.als","classroom_fol","BOTH","inv11",27,9,8,162,44,41,0.166667,0.204545,0.195122,0.350000,0.650000,10,
"classroom_fol/BOTH/parsed-file2070_inv11.als","classroom_fol","BOTH","inv11",49,20,25,133,36,38,0.368421,0.555556,0.657895,0.000000,1.000000,10,
"classroom_fol/BOTH/parsed-file2071_inv11.als","classroom_fol","BOTH","inv11",40,30,25,144,38,38,0.277778,0.789474,0.657895,0.000000,1.000000,10,
"classroom_fol/BOTH/parsed-file2074_inv15.als","classroom_fol","BOTH","inv15",69,27,40,114,34,44,0.605263,0.794118,0.909091,0.600000,0.400000,10,
"classroom_fol/BOTH/parsed-file2079_inv14.als","classroom_fol","BOTH","inv14",32,7,45,157,44,46,0.203822,0.159091,0.978261,0.000000,1.000000,10,
"classroom_fol/BOTH/parsed-file2084_inv11.als","classroom_fol","BOTH","inv11",29,6,14,147,40,42,0.197279,0.150000,0.333333,0.320000,0.680000,10,
"classroom_fol/BOTH/parsed-file2086_inv4.als","classroom_fol","BOTH","inv4",7,3,2,24,7,6,0.291667,0.428571,0.333333,0.000000,1.000000,10,
"classroom_fol/BOTH/parsed-file2087_inv5.als","classroom_fol","BOTH","inv5",13,4,3,26,9,7,0.500000,0.444444,0.428571,0.000000,1.000000,10,
"classroom_fol/BOTH/parsed-file2089_inv11.als","classroom_fol","BOTH","inv11",38,16,19,105,30,30,0.361905,0.533333,0.633333,0.450000,0.550000,10,
"classroom_fol/BOTH/parsed-file208_inv14.als","classroom_fol","BOTH","inv14",78,34,42,165,47,47,0.472727,0.723404,0.893617,0.100000,0.900000,10,
"classroom_fol/BOTH/parsed-file2094_inv5.als","classroom_fol","BOTH","inv5",4,1,13,61,17,18,0.065574,0.058824,0.722222,0.300000,0.700000,10,
"classroom_fol/BOTH/parsed-file209_inv11.als","classroom_fol","BOTH","inv11",47,25,19,121,32,28,0.388430,0.781250,0.678571,0.350000,0.650000,10,
"classroom_fol/BOTH/parsed-file2105_inv12.als","classroom_fol","BOTH","inv12",26,12,13,72,20,19,0.361111,0.600000,0.684211,0.200000,0.800000,10,
"classroom_fol/BOTH/parsed-file2106_inv14.als","classroom_fol","BOTH","inv14",20,5,20,168,46,25,0.119048,0.108696,0.800000,0.000000,1.000000,10,
"classroom_fol/BOTH/parsed-file2107_inv11.als","classroom_fol","BOTH","inv11",56,34,31,155,40,38,0.361290,0.850000,0.815789,0.100000,0.900000,10,
"classroom_fol/BOTH/parsed-file2109_inv11.als","classroom_fol","BOTH","inv11",48,23,26,115,32,34,0.417391,0.718750,0.764706,0.000000,1.000000,10,
"classroom_fol/BOTH/parsed-file2112_inv14.als","classroom_fol","BOTH","inv14",28,32,49,167,46,45,0.167665,0.695652,1.088889,0.000000,1.000000,10,
"classroom_fol/BOTH/parsed-file2116_inv12.als","classroom_fol","BOTH","inv12",10,3,35,154,40,39,0.064935,0.075000,0.897436,0.080000,0.920000,10,
"classroom_fol/BOTH/parsed-file2117_inv5.als","classroom_fol","BOTH","inv5",27,9,8,81,23,24,0.333333,0.391304,0.333333,0.240000,0.760000,10,
"classroom_fol/BOTH/parsed-file2122_inv11.als","classroom_fol","BOTH","inv11",33,15,14,61,18,18,0.540984,0.833333,0.777778,0.000000,1.000000,10,
"classroom_fol/BOTH/parsed-file2125_inv11.als","classroom_fol","BOTH","inv11",69,36,29,156,40,34,0.442308,0.900000,0.852941,0.400000,0.600000,10,
"classroom_fol/BOTH/parsed-file2126_inv12.als","classroom_fol","BOTH","inv12",34,15,11,91,25,25,0.373626,0.600000,0.440000,0.480000,0.520000,10,
"classroom_fol/BOTH/parsed-file2132_inv4.als","classroom_fol","BOTH","inv4",13,23,32,111,27,30,0.117117,0.851852,1.066667,0.900000,0.100000,10,
"classroom_fol/BOTH/parsed-file2138_inv13.als","classroom_fol","BOTH","inv13",62,24,27,126,35,36,0.492063,0.685714,0.750000,0.090000,0.910000,10,
"classroom_fol/BOTH/parsed-file2141_inv11.als","classroom_fol","BOTH","inv11",31,21,33,132,36,37,0.234848,0.583333,0.891892,0.000000,1.000000,10,
"classroom_fol/BOTH/parsed-file2147_inv5.als","classroom_fol","BOTH","inv5",15,6,12,50,14,16,0.300000,0.428571,0.750000,0.000000,1.000000,10,
"classroom_fol/BOTH/parsed-file2151_inv12.als","classroom_fol","BOTH","inv12",39,18,13,35,12,8,1.114286,1.500000,1.625000,0.000000,1.000000,10,
"classroom_fol/BOTH/parsed-file2155_inv8.als","classroom_fol","BOTH","inv8",29,13,9,22,7,6,1.318182,1.857143,1.500000,0.300000,0.700000,10,
"classroom_fol/BOTH/parsed-file2157_inv13.als","classroom_fol","BOTH","inv13",60,20,26,110,30,33,0.545455,0.666667,0.787879,0.050000,0.950000,10,
"classroom_fol/BOTH/parsed-file2159_inv6.als","classroom_fol","BOTH","inv6",12,10,11,61,17,18,0.196721,0.588235,0.611111,0.300000,0.700000,10,
"classroom_fol/BOTH/parsed-file2162_inv14.als","classroom_fol","BOTH","inv14",39,34,44,155,43,40,0.251613,0.790698,1.100000,0.000000,1.000000,10,
"classroom_fol/BOTH/parsed-file2175_inv11.als","classroom_fol","BOTH","inv11",54,20,23,133,36,38,0.406015,0.555556,0.605263,0.500000,0.500000,10,
"classroom_fol/BOTH/parsed-file2184_inv5.als","classroom_fol","BOTH","inv5",7,3,17,80,22,22,0.087500,0.136364,0.772727,0.000000,1.000000,10,
"classroom_fol/BOTH/parsed-file2193_inv13.als","classroom_fol","BOTH","inv13",46,19,15,63,18,20,0.730159,1.055556,0.750000,0.040000,0.960000,10,
"classroom_fol/BOTH/parsed-file2196_inv12.als","classroom_fol","BOTH","inv12",27,9,12,133,36,35,0.203008,0.250000,0.342857,0.300000,0.700000,10,
"classroom_fol/BOTH/parsed-file2197_inv12.als","classroom_fol","BOTH","inv12",44,16,18,90,25,24,0.488889,0.640000,0.750000,0.630000,0.370000,10,
"classroom_fol/BOTH/parsed-file2198_inv4.als","classroom_fol","BOTH","inv4",17,8,11,44,12,13,0.386364,0.666667,0.846154,0.000000,1.000000,10,
"classroom_fol/BOTH/parsed-file21_inv11.als","classroom_fol","BOTH","inv11",41,14,19,133,36,38,0.308271,0.388889,0.500000,0.000000,1.000000,10,
"classroom_fol/BOTH/parsed-file2208_inv9.als","classroom_fol","BOTH","inv9",65,38,32,149,38,35,0.436242,1.000000,0.914286,0.300000,0.700000,10,
"classroom_fol/BOTH/parsed-file2210_inv12.als","classroom_fol","BOTH","inv12",25,30,26,153,40,38,0.163399,0.750000,0.684211,0.080000,0.920000,10,
"classroom_fol/BOTH/parsed-file2218_inv8.als","classroom_fol","BOTH","inv8",28,14,25,125,32,34,0.224000,0.437500,0.735294,0.600000,0.400000,10,
"classroom_fol/BOTH/parsed-file2221_inv8.als","classroom_fol","BOTH","inv8",24,13,9,28,9,7,0.857143,1.444444,1.285714,0.000000,1.000000,10,
"classroom_fol/BOTH/parsed-file2223_inv12.als","classroom_fol","BOTH","inv12",37,18,23,110,30,30,0.336364,0.600000,0.766667,0.630000,0.370000,10,
"classroom_fol/BOTH/parsed-file2226_inv4.als","classroom_fol","BOTH","inv4",26,12,17,101,26,25,0.257426,0.461538,0.680000,0.000000,1.000000,10,
"classroom_fol/BOTH/parsed-file2233_inv14.als","classroom_fol","BOTH","inv14",51,16,36,183,50,45,0.278689,0.320000,0.800000,0.800000,0.200000,10,
"classroom_fol/BOTH/parsed-file2234_inv11.als","classroom_fol","BOTH","inv11",49,19,11,106,30,31,0.462264,0.633333,0.354839,0.240000,0.760000,10,
"classroom_fol/BOTH/parsed-file2239_inv11.als","classroom_fol","BOTH","inv11",38,19,17,82,23,19,0.463415,0.826087,0.894737,0.100000,0.900000,10,
"classroom_fol/BOTH/parsed-file2243_inv14.als","classroom_fol","BOTH","inv14",64,38,42,154,41,38,0.415584,0.926829,1.105263,0.000000,1.000000,10,
"classroom_fol/BOTH/parsed-file2247_inv4.als","classroom_fol","BOTH","inv4",3,2,9,62,16,17,0.048387,0.125000,0.529412,0.000000,1.000000,10,
"classroom_fol/BOTH/parsed-file2247_inv5.als","classroom_fol","BOTH","inv5",27,8,9,39,11,11,0.692308,0.727273,0.818182,0.000000,1.000000,10,
"classroom_fol/BOTH/parsed-file224_inv9.als","classroom_fol","BOTH","inv9",4,1,26,118,30,39,0.033898,0.033333,0.666667,0.000000,1.000000,10,
"classroom_fol/BOTH/parsed-file2254_inv14.als","classroom_fol","BOTH","inv14",59,25,18,91,25,21,0.648352,1.000000,0.857143,0.320000,0.680000,10,
"classroom_fol/BOTH/parsed-file2274_inv15.als","classroom_fol","BOTH","inv15",85,29,42,128,36,46,0.664063,0.805556,0.913043,0.000000,1.000000,10,
"classroom_fol/BOTH/parsed-file2275_inv14.als","classroom_fol","BOTH","inv14",62,32,26,136,41,37,0.455882,0.780488,0.702703,0.600000,0.400000,10,
"classroom_fol/BOTH/parsed-file2283_inv12.als","classroom_fol","BOTH","inv12",9,24,28,156,42,39,0.057692,0.571429,0.717949,0.100000,0.900000,10,
"classroom_fol/BOTH/parsed-file2290_inv12.als","classroom_fol","BOTH","inv12",41,16,17,91,25,25,0.450549,0.640000,0.680000,0.630000,0.370000,10,
"classroom_fol/BOTH/parsed-file2291_inv11.als","classroom_fol","BOTH","inv11",8,4,20,143,38,39,0.055944,0.105263,0.512821,0.100000,0.900000,10,
"classroom_fol/BOTH/parsed-file2293_inv12.als","classroom_fol","BOTH","inv12",22,26,22,127,34,33,0.173228,0.764706,0.666667,0.090000,0.910000,10,
"classroom_fol/BOTH/parsed-file2299_inv8.als","classroom_fol","BOTH","inv8",17,14,13,102,26,30,0.166667,0.538462,0.433333,0.300000,0.700000,10,
"classroom_fol/BOTH/parsed-file2301_inv12.als","classroom_fol","BOTH","inv12",42,16,19,91,25,25,0.461538,0.640000,0.760000,0.630000,0.370000,10,
"classroom_fol/BOTH/parsed-file2301_inv15.als","classroom_fol","BOTH","inv15",54,21,35,93,27,38,0.580645,0.777778,0.921053,0.100000,0.900000,10,
"classroom_fol/BOTH/parsed-file2303_inv8.als","classroom_fol","BOTH","inv8",28,11,32,133,34,39,0.210526,0.323529,0.820513,0.000000,1.000000,10,
"classroom_fol/BOTH/parsed-file2306_inv14.als","classroom_fol","BOTH","inv14",31,40,43,177,48,42,0.175141,0.833333,1.023810,0.400000,0.600000,10,
"classroom_fol/BOTH/parsed-file2311_inv11.als","classroom_fol","BOTH","inv11",15,23,35,145,38,39,0.103448,0.605263,0.897436,0.100000,0.900000,10,
"classroom_fol/BOTH/parsed-file2311_inv15.als","classroom_fol","BOTH","inv15",28,17,17,103,29,26,0.271845,0.586207,0.653846,0.000000,1.000000,10,
"classroom_fol/BOTH/parsed-file2312_inv5.als","classroom_fol","BOTH","inv5",13,4,17,71,19,19,0.183099,0.210526,0.894737,0.000000,1.000000,10,
"classroom_fol/BOTH/parsed-file2312_inv6.als","classroom_fol","BOTH","inv6",10,2,14,70,19,18,0.142857,0.105263,0.777778,0.000000,1.000000,10,
"classroom_fol/BOTH/parsed-file2314_inv14.als","classroom_fol","BOTH","inv14",45,16,41,157,44,47,0.286624,0.363636,0.872340,0.000000,1.000000,10,
"classroom_fol/BOTH/parsed-file2316_inv14.als","classroom_fol","BOTH","inv14",76,38,34,161,51,46,0.472050,0.745098,0.739130,0.600000,0.400000,10,
"classroom_fol/BOTH/parsed-file2320_inv9.als","classroom_fol","BOTH","inv9",29,12,10,75,19,17,0.386667,0.631579,0.588235,0.000000,1.000000,10,
"classroom_fol/BOTH/parsed-file2324_inv5.als","classroom_fol","BOTH","inv5",26,12,12,46,14,14,0.565217,0.857143,0.857143,0.000000,1.000000,10,
"classroom_fol/BOTH/parsed-file2329_inv12.als","classroom_fol","BOTH","inv12",36,15,13,30,12,9,1.200000,1.250000,1.444444,0.000000,1.000000,10,
"classroom_fol/BOTH/parsed-file232_inv5.als","classroom_fol","BOTH","inv5",6,2,17,80,22,23,0.075000,0.090909,0.739130,0.300000,0.700000,10,
"classroom_fol/BOTH/parsed-file2338_inv14.als","classroom_fol","BOTH","inv14",30,12,51,157,44,47,0.191083,0.272727,1.085106,0.090000,0.910000,10,
"classroom_fol/BOTH/parsed-file2342_inv14.als","classroom_fol","BOTH","inv14",48,16,42,157,44,47,0.305732,0.363636,0.893617,0.000000,1.000000,10,
"classroom_fol/BOTH/parsed-file2344_inv14.als","classroom_fol","BOTH","inv14",64,28,49,167,46,45,0.383234,0.608696,1.088889,0.100000,0.900000,10,
"classroom_fol/BOTH/parsed-file2347_inv14.als","classroom_fol","BOTH","inv14",41,17,20,63,18,18,0.650794,0.944444,1.111111,0.000000,1.000000,10,
"classroom_fol/BOTH/parsed-file2348_inv9.als","classroom_fol","BOTH","inv9",28,12,10,81,23,20,0.345679,0.521739,0.500000,0.360000,0.640000,10,
"classroom_fol/BOTH/parsed-file2350_inv15.als","classroom_fol","BOTH","inv15",50,20,33,92,27,37,0.543478,0.740741,0.891892,0.000000,1.000000,10,
"classroom_fol/BOTH/parsed-file2354_inv12.als","classroom_fol","BOTH","inv12",13,4,29,153,40,40,0.084967,0.100000,0.725000,0.100000,0.900000,10,
"classroom_fol/BOTH/parsed-file2355_inv11.als","classroom_fol","BOTH","inv11",41,21,21,104,28,25,0.394231,0.750000,0.840000,0.100000,0.900000,10,
"classroom_fol/BOTH/parsed-file2373_inv11.als","classroom_fol","BOTH","inv11",29,32,19,137,38,34,0.211679,0.842105,0.558824,0.400000,0.600000,10,
"classroom_fol/BOTH/parsed-file2376_inv3.als","classroom_fol","BOTH","inv3",2,2,5,60,16,14,0.033333,0.125000,0.357143,0.980392,0.019608,10,
"classroom_fol/BOTH/parsed-file2378_inv14.als","classroom_fol","BOTH","inv14",50,19,25,123,33,29,0.406504,0.575758,0.862069,0.160000,0.840000,10,
"classroom_fol/BOTH/parsed-file2379_inv13.als","classroom_fol","BOTH","inv13",59,24,26,102,30,28,0.578431,0.800000,0.928571,0.000000,1.000000,10,
"classroom_fol/BOTH/parsed-file238_inv11.als","classroom_fol","BOTH","inv11",43,17,19,116,32,33,0.370690,0.531250,0.575758,0.700000,0.300000,10,
"classroom_fol/BOTH/parsed-file2400_inv11.als","classroom_fol","BOTH","inv11",28,18,11,87,23,24,0.321839,0.782609,0.458333,0.900000,0.100000,10,
"classroom_fol/BOTH/parsed-file2404_inv11.als","classroom_fol","BOTH","inv11",50,20,30,133,36,38,0.375940,0.555556,0.789474,0.100000,0.900000,10,
"classroom_fol/BOTH/parsed-file240_inv11.als","classroom_fol","BOTH","inv11",49,19,29,132,36,38,0.371212,0.527778,0.763158,0.100000,0.900000,10,
"classroom_fol/BOTH/parsed-file240_inv12.als","classroom_fol","BOTH","inv12",33,15,11,91,25,25,0.362637,0.600000,0.440000,0.480000,0.520000,10,
"classroom_fol/BOTH/parsed-file2415_inv15.als","classroom_fol","BOTH","inv15",130,44,45,214,50,51,0.607477,0.880000,0.882353,0.320000,0.680000,10,
"classroom_fol/BOTH/parsed-file2417_inv14.als","classroom_fol","BOTH","inv14",23,10,28,165,46,41,0.139394,0.217391,0.682927,0.200000,0.800000,10,
"classroom_fol/BOTH/parsed-file2418_inv14.als","classroom_fol","BOTH","inv14",64,34,31,142,38,39,0.450704,0.894737,0.794872,0.000000,1.000000,10,
"classroom_fol/BOTH/parsed-file2422_inv8.als","classroom_fol","BOTH","inv8",16,3,6,72,19,19,0.222222,0.157895,0.315789,0.000000,1.000000,10,
"classroom_fol/BOTH/parsed-file2425_inv12.als","classroom_fol","BOTH","inv12",21,29,28,142,38,38,0.147887,0.763158,0.736842,0.000000,1.000000,10,
"classroom_fol/BOTH/parsed-file2427_inv12.als","classroom_fol","BOTH","inv12",21,29,28,142,38,38,0.147887,0.763158,0.736842,0.000000,1.000000,10,
"classroom_fol/BOTH/parsed-file2433_inv12.als","classroom_fol","BOTH","inv12",41,16,19,91,25,25,0.450549,0.640000,0.760000,0.000000,1.000000,10,
"classroom_fol/BOTH/parsed-file2434_inv11.als","classroom_fol","BOTH","inv11",49,22,22,114,31,30,0.429825,0.709677,0.733333,0.350000,0.650000,10,
"classroom_fol/BOTH/parsed-file2438_inv14.als","classroom_fol","BOTH","inv14",76,38,34,161,51,46,0.472050,0.745098,0.739130,0.600000,0.400000,10,
"classroom_fol/BOTH/parsed-file2439_inv4.als","classroom_fol","BOTH","inv4",3,2,9,62,16,17,0.048387,0.125000,0.529412,0.000000,1.000000,10,
"classroom_fol/BOTH/parsed-file2449_inv11.als","classroom_fol","BOTH","inv11",36,15,14,105,30,31,0.342857,0.500000,0.451613,0.600000,0.400000,10,
"classroom_fol/BOTH/parsed-file244_inv12.als","classroom_fol","BOTH","inv12",38,16,11,19,7,6,2.000000,2.285714,1.833333,0.000000,1.000000,10,
"classroom_fol/BOTH/parsed-file2458_inv12.als","classroom_fol","BOTH","inv12",31,17,16,116,32,30,0.267241,0.531250,0.533333,0.270000,0.730000,10,
"classroom_fol/BOTH/parsed-file2465_inv11.als","classroom_fol","BOTH","inv11",36,15,15,105,30,31,0.342857,0.500000,0.483871,0.600000,0.400000,10,
"classroom_fol/BOTH/parsed-file2467_inv3.als","classroom_fol","BOTH","inv3",24,10,16,48,14,21,0.500000,0.714286,0.761905,0.000000,1.000000,10,
"classroom_fol/BOTH/parsed-file2469_inv12.als","classroom_fol","BOTH","inv12",35,17,18,132,36,36,0.265152,0.472222,0.500000,0.000000,1.000000,10,
"classroom_fol/BOTH/parsed-file2475_inv11.als","classroom_fol","BOTH","inv11",14,4,22,144,38,39,0.097222,0.105263,0.564103,0.100000,0.900000,10,
"classroom_fol/BOTH/parsed-file2480_inv11.als","classroom_fol","BOTH","inv11",61,23,15,123,34,36,0.495935,0.676471,0.416667,0.900000,0.100000,10,
"classroom_fol/BOTH/parsed-file2482_inv12.als","classroom_fol","BOTH","inv12",34,15,11,91,25,25,0.373626,0.600000,0.440000,0.480000,0.520000,10,
"classroom_fol/BOTH/parsed-file2491_inv11.als","classroom_fol","BOTH","inv11",40,22,39,144,38,38,0.277778,0.578947,1.026316,0.000000,1.000000,10,
"classroom_fol/BOTH/parsed-file2492_inv11.als","classroom_fol","BOTH","inv11",32,13,16,133,36,38,0.240602,0.361111,0.421053,0.400000,0.600000,10,
"classroom_fol/BOTH/parsed-file2496_inv13.als","classroom_fol","BOTH","inv13",51,23,20,102,29,29,0.500000,0.793103,0.689655,0.360000,0.640000,10,
"classroom_fol/BOTH/parsed-file2502_inv12.als","classroom_fol","BOTH","inv12",27,27,24,128,34,29,0.210938,0.794118,0.827586,0.700000,0.300000,10,
"classroom_fol/BOTH/parsed-file2512_inv11.als","classroom_fol","BOTH","inv11",36,24,15,107,29,30,0.336449,0.827586,0.500000,0.100000,0.900000,10,
"classroom_fol/BOTH/parsed-file2531_inv12.als","classroom_fol","BOTH","inv12",19,6,21,116,32,33,0.163793,0.187500,0.636364,0.100000,0.900000,10,
"classroom_fol/BOTH/parsed-file2532_inv12.als","classroom_fol","BOTH","inv12",39,19,12,102,27,25,0.382353,0.703704,0.480000,0.480000,0.520000,10,
"classroom_fol/BOTH/parsed-file2532_inv13.als","classroom_fol","BOTH","inv13",52,18,15,74,20,18,0.702703,0.900000,0.833333,0.900000,0.100000,10,
"classroom_fol/BOTH/parsed-file2539_inv14.als","classroom_fol","BOTH","inv14",41,13,47,188,50,52,0.218085,0.260000,0.903846,0.080000,0.920000,10,
"classroom_fol/BOTH/parsed-file2541_inv14.als","classroom_fol","BOTH","inv14",54,25,24,106,28,29,0.509434,0.892857,0.827586,0.000000,1.000000,10,
"classroom_fol/BOTH/parsed-file2546_inv11.als","classroom_fol","BOTH","inv11",49,19,22,104,28,26,0.471154,0.678571,0.846154,0.100000,0.900000,10,
"classroom_fol/BOTH/parsed-file2548_inv11.als","classroom_fol","BOTH","inv11",63,25,27,132,36,38,0.477273,0.694444,0.710526,0.000000,1.000000,10,
"classroom_fol/BOTH/parsed-file2553_inv14.als","classroom_fol","BOTH","inv14",16,3,30,156,44,44,0.102564,0.068182,0.681818,0.000000,1.000000,10,
"classroom_fol/BOTH/parsed-file2566_inv11.als","classroom_fol","BOTH","inv11",35,12,14,70,18,18,0.500000,0.666667,0.777778,0.100000,0.900000,10,
"classroom_fol/BOTH/parsed-file2567_inv12.als","classroom_fol","BOTH","inv12",41,15,19,91,25,25,0.450549,0.600000,0.760000,0.630000,0.370000,10,
"classroom_fol/BOTH/parsed-file2568_inv14.als","classroom_fol","BOTH","inv14",37,40,47,179,48,43,0.206704,0.833333,1.093023,0.000000,1.000000,10,
"classroom_fol/BOTH/parsed-file2569_inv4.als","classroom_fol","BOTH","inv4",30,10,7,47,11,9,0.638298,0.909091,0.777778,0.000000,1.000000,10,
"classroom_fol/BOTH/parsed-file2576_inv11.als","classroom_fol","BOTH","inv11",57,26,8,142,37,44,0.401408,0.702703,0.181818,0.000000,1.000000,10,
"classroom_fol/BOTH/parsed-file2583_inv12.als","classroom_fol","BOTH","inv12",36,11,28,133,36,38,0.270677,0.305556,0.736842,0.500000,0.500000,10,
"classroom_fol/BOTH/parsed-file2585_inv12.als","classroom_fol","BOTH","inv12",38,16,18,90,25,24,0.422222,0.640000,0.750000,0.630000,0.370000,10,
"classroom_fol/BOTH/parsed-file2588_inv12.als","classroom_fol","BOTH","inv12",34,15,11,91,25,25,0.373626,0.600000,0.440000,0.480000,0.520000,10,
"classroom_fol/BOTH/parsed-file2590_inv5.als","classroom_fol","BOTH","inv5",38,15,8,103,27,24,0.368932,0.555556,0.333333,0.240000,0.760000,10,
"classroom_fol/BOTH/parsed-file2592_inv5.als","classroom_fol","BOTH","inv5",6,2,17,72,19,19,0.083333,0.105263,0.894737,0.980392,0.019608,10,
"classroom_fol/BOTH/parsed-file2602_inv11.als","classroom_fol","BOTH","inv11",55,20,22,114,31,30,0.482456,0.645161,0.733333,0.350000,0.650000,10,
"classroom_fol/BOTH/parsed-file2605_inv9.als","classroom_fol","BOTH","inv9",27,12,9,81,23,20,0.333333,0.521739,0.450000,0.000000,1.000000,10,
"classroom_fol/BOTH/parsed-file2606_inv11.als","classroom_fol","BOTH","inv11",75,43,16,178,47,3,0.421348,0.914894,5.333333,0.400000,0.600000,10,
"classroom_fol/BOTH/parsed-file2608_inv12.als","classroom_fol","BOTH","inv12",21,10,11,58,17,14,0.362069,0.588235,0.785714,0.630000,0.370000,10,
"classroom_fol/BOTH/parsed-file2613_inv14.als","classroom_fol","BOTH","inv14",44,17,20,102,29,30,0.431373,0.586207,0.666667,0.160000,0.840000,10,
"classroom_fol/BOTH/parsed-file2614_inv12.als","classroom_fol","BOTH","inv12",35,15,11,91,25,25,0.384615,0.600000,0.440000,0.480000,0.520000,10,
"classroom_fol/BOTH/parsed-file2619_inv11.als","classroom_fol","BOTH","inv11",41,16,17,110,30,31,0.372727,0.533333,0.548387,0.100000,0.900000,10,
"classroom_fol/BOTH/parsed-file2621_inv14.als","classroom_fol","BOTH","inv14",78,28,36,156,43,41,0.500000,0.651163,0.878049,0.250000,0.750000,10,
"classroom_fol/BOTH/parsed-file2624_inv11.als","classroom_fol","BOTH","inv11",8,23,16,143,38,36,0.055944,0.605263,0.444444,0.900000,0.100000,10,
"classroom_fol/BOTH/parsed-file2628_inv5.als","classroom_fol","BOTH","inv5",27,9,8,81,23,24,0.333333,0.391304,0.333333,0.240000,0.760000,10,
"classroom_fol/BOTH/parsed-file262_inv11.als","classroom_fol","BOTH","inv11",40,14,9,38,10,10,1.052632,1.400000,0.900000,0.000000,1.000000,10,
"classroom_fol/BOTH/parsed-file262_inv13.als","classroom_fol","BOTH","inv13",47,22,12,75,22,16,0.626667,1.000000,0.750000,0.050000,0.950000,10,
"classroom_fol/BOTH/parsed-file2631_inv6.als","classroom_fol","BOTH","inv6",4,1,11,71,19,18,0.056338,0.052632,0.611111,0.300000,0.700000,10,
"classroom_fol/BOTH/parsed-file2635_inv12.als","classroom_fol","BOTH","inv12",24,26,24,126,34,33,0.190476,0.764706,0.727273,0.000000,1.000000,10,
"classroom_fol/BOTH/parsed-file2636_inv11.als","classroom_fol","BOTH","inv11",16,32,16,146,40,34,0.109589,0.800000,0.470588,0.900000,0.100000,10,
"classroom_fol/BOTH/parsed-file263_inv14.als","classroom_fol","BOTH","inv14",55,22,24,80,22,23,0.687500,1.000000,1.043478,0.000000,1.000000,10,
"classroom_fol/BOTH/parsed-file2640_inv14.als","classroom_fol","BOTH","inv14",33,7,45,157,44,47,0.210191,0.159091,0.957447,0.180000,0.820000,10,
"classroom_fol/BOTH/parsed-file2643_inv11.als","classroom_fol","BOTH","inv11",67,34,32,155,40,38,0.432258,0.850000,0.842105,0.000000,1.000000,10,
"classroom_fol/BOTH/parsed-file2648_inv14.als","classroom_fol","BOTH","inv14",52,19,36,124,33,32,0.419355,0.575758,1.125000,0.240000,0.760000,10,
"classroom_fol/BOTH/parsed-file2650_inv13.als","classroom_fol","BOTH","inv13",62,28,27,128,37,36,0.484375,0.756757,0.750000,0.090000,0.910000,10,
"classroom_fol/BOTH/parsed-file2652_inv15.als","classroom_fol","BOTH","inv15",100,58,68,219,64,73,0.456621,0.906250,0.931507,0.100000,0.900000,10,
"classroom_fol/BOTH/parsed-file2653_inv11.als","classroom_fol","BOTH","inv11",36,15,14,105,30,31,0.342857,0.500000,0.451613,0.600000,0.400000,10,
"classroom_fol/BOTH/parsed-file2655_inv14.als","classroom_fol","BOTH","inv14",29,29,28,132,37,37,0.219697,0.783784,0.756757,0.600000,0.400000,10,
"classroom_fol/BOTH/parsed-file265_inv11.als","classroom_fol","BOTH","inv11",45,20,21,131,36,37,0.343511,0.555556,0.567568,0.000000,1.000000,10,
"classroom_fol/BOTH/parsed-file2670_inv12.als","classroom_fol","BOTH","inv12",26,14,24,116,32,33,0.224138,0.437500,0.727273,0.000000,1.000000,10,
"classroom_fol/BOTH/parsed-file2683_inv11.als","classroom_fol","BOTH","inv11",55,27,31,132,36,39,0.416667,0.750000,0.794872,0.100000,0.900000,10,
"classroom_fol/BOTH/parsed-file2687_inv14.als","classroom_fol","BOTH","inv14",27,8,42,157,44,47,0.171975,0.181818,0.893617,0.000000,1.000000,10,
"classroom_fol/BOTH/parsed-file2693_inv15.als","classroom_fol","BOTH","inv15",52,20,30,100,27,34,0.520000,0.740741,0.882353,0.000000,1.000000,10,
"classroom_fol/BOTH/parsed-file2697_inv14.als","classroom_fol","BOTH","inv14",30,12,51,157,44,47,0.191083,0.272727,1.085106,0.090000,0.910000,10,
"classroom_fol/BOTH/parsed-file26_inv9.als","classroom_fol","BOTH","inv9",16,10,7,49,14,13,0.326531,0.714286,0.538462,0.300000,0.700000,10,
"classroom_fol/BOTH/parsed-file2702_inv14.als","classroom_fol","BOTH","inv14",58,25,21,142,40,35,0.408451,0.625000,0.600000,0.800000,0.200000,10,
"classroom_fol/BOTH/parsed-file2705_inv11.als","classroom_fol","BOTH","inv11",50,21,25,116,32,33,0.431034,0.656250,0.757576,0.250000,0.750000,10,
"classroom_fol/BOTH/parsed-file2722_inv4.als","classroom_fol","BOTH","inv4",3,3,11,63,18,19,0.047619,0.166667,0.578947,0.000000,1.000000,10,
"classroom_fol/BOTH/parsed-file2724_inv5.als","classroom_fol","BOTH","inv5",4,1,17,72,19,19,0.055556,0.052632,0.894737,0.300000,0.700000,10,
"classroom_fol/BOTH/parsed-file2729_inv5.als","classroom_fol","BOTH","inv5",15,6,7,43,12,12,0.348837,0.500000,0.583333,0.000000,1.000000,10,
"classroom_fol/BOTH/parsed-file2732_inv4.als","classroom_fol","BOTH","inv4",15,7,5,30,8,7,0.500000,0.875000,0.714286,0.000000,1.000000,10,
"classroom_fol/BOTH/parsed-file2747_inv12.als","classroom_fol","BOTH","inv12",33,20,20,115,32,31,0.286957,0.625000,0.645161,0.270000,0.730000,10,
"classroom_fol/BOTH/parsed-file2755_inv14.als","classroom_fol","BOTH","inv14",54,23,41,157,44,47,0.343949,0.522727,0.872340,0.200000,0.800000,10,
"classroom_fol/BOTH/parsed-file2758_inv12.als","classroom_fol","BOTH","inv12",14,4,26,143,38,38,0.097902,0.105263,0.684211,0.070000,0.930000,10,
"classroom_fol/BOTH/parsed-file275_inv11.als","classroom_fol","BOTH","inv11",14,4,22,144,38,39,0.097222,0.105263,0.564103,0.100000,0.900000,10,
"classroom_fol/BOTH/parsed-file2762_inv3.als","classroom_fol","BOTH","inv3",2,2,5,60,16,14,0.033333,0.125000,0.357143,0.980392,0.019608,10,
"classroom_fol/BOTH/parsed-file2764_inv11.als","classroom_fol","BOTH","inv11",13,17,16,133,36,36,0.097744,0.472222,0.444444,0.900000,0.100000,10,
"classroom_fol/BOTH/parsed-file2766_inv14.als","classroom_fol","BOTH","inv14",57,28,25,78,23,21,0.730769,1.217391,1.190476,0.120000,0.880000,10,
"classroom_fol/BOTH/parsed-file2768_inv14.als","classroom_fol","BOTH","inv14",19,9,35,166,46,43,0.114458,0.195652,0.813953,0.000000,1.000000,10,
"classroom_fol/BOTH/parsed-file2770_inv11.als","classroom_fol","BOTH","inv11",48,14,15,136,38,39,0.352941,0.368421,0.384615,0.350000,0.650000,10,
"classroom_fol/BOTH/parsed-file2771_inv4.als","classroom_fol","BOTH","inv4",1,1,3,62,16,15,0.016129,0.062500,0.200000,0.000000,1.000000,10,
"classroom_fol/BOTH/parsed-file2787_inv11.als","classroom_fol","BOTH","inv11",54,27,33,131,36,39,0.412214,0.750000,0.846154,0.100000,0.900000,10,
"classroom_fol/BOTH/parsed-file2791_inv12.als","classroom_fol","BOTH","inv12",67,31,39,140,38,44,0.478571,0.815789,0.886364,0.000000,1.000000,10,
"classroom_fol/BOTH/parsed-file2793_inv11.als","classroom_fol","BOTH","inv11",51,24,23,118,33,31,0.432203,0.727273,0.741935,0.350000,0.650000,10,
"classroom_fol/BOTH/parsed-file2807_inv14.als","classroom_fol","BOTH","inv14",52,33,45,156,44,44,0.333333,0.750000,1.022727,0.240000,0.760000,10,
"classroom_fol/BOTH/parsed-file2809_inv14.als","classroom_fol","BOTH","inv14",49,23,30,126,36,36,0.388889,0.638889,0.833333,0.000000,1.000000,10,
"classroom_fol/BOTH/parsed-file280_inv9.als","classroom_fol","BOTH","inv9",27,12,6,30,11,8,0.900000,1.090909,0.750000,0.000000,1.000000,10,
"classroom_fol/BOTH/parsed-file2814_inv14.als","classroom_fol","BOTH","inv14",47,38,44,188,50,49,0.250000,0.760000,0.897959,0.060000,0.940000,10,
"classroom_fol/BOTH/parsed-file2818_inv14.als","classroom_fol","BOTH","inv14",52,24,23,73,20,19,0.712329,1.200000,1.210526,0.120000,0.880000,10,
"classroom_fol/BOTH/parsed-file2826_inv11.als","classroom_fol","BOTH","inv11",31,21,33,132,36,37,0.234848,0.583333,0.891892,0.000000,1.000000,10,
"classroom_fol/BOTH/parsed-file2827_inv2.als","classroom_fol","BOTH","inv2",9,3,5,20,6,7,0.450000,0.500000,0.714286,0.000000,1.000000,10,
"classroom_fol/BOTH/parsed-file2829_inv11.als","classroom_fol","BOTH","inv11",37,17,14,90,25,26,0.411111,0.680000,0.538462,0.000000,1.000000,10,
"classroom_fol/BOTH/parsed-file2830_inv14.als","classroom_fol","BOTH","inv14",45,29,39,141,40,44,0.319149,0.725000,0.886364,0.320000,0.680000,10,
"classroom_fol/BOTH/parsed-file2835_inv14.als","classroom_fol","BOTH","inv14",39,16,15,116,31,29,0.336207,0.516129,0.517241,0.500000,0.500000,10,
"classroom_fol/BOTH/parsed-file2837_inv3.als","classroom_fol","BOTH","inv3",49,16,24,114,26,27,0.429825,0.615385,0.888889,0.000000,1.000000,10,
"classroom_fol/BOTH/parsed-file2839_inv6.als","classroom_fol","BOTH","inv6",40,21,24,99,28,28,0.404040,0.750000,0.857143,0.350000,0.650000,10,
"classroom_fol/BOTH/parsed-file283_inv14.als","classroom_fol","BOTH","inv14",63,29,33,113,31,29,0.557522,0.935484,1.137931,0.160000,0.840000,10,
"classroom_fol/BOTH/parsed-file2840_inv12.als","classroom_fol","BOTH","inv12",37,20,25,99,28,28,0.373737,0.714286,0.892857,0.630000,0.370000,10,
"classroom_fol/BOTH/parsed-file2846_inv13.als","classroom_fol","BOTH","inv13",59,24,26,102,30,28,0.578431,0.800000,0.928571,0.000000,1.000000,10,
"classroom_fol/BOTH/parsed-file2855_inv4.als","classroom_fol","BOTH","inv4",1,1,3,62,16,15,0.016129,0.062500,0.200000,0.000000,1.000000,10,
"classroom_fol/BOTH/parsed-file2857_inv13.als","classroom_fol","BOTH","inv13",46,23,33,111,33,35,0.414414,0.696970,0.942857,0.050000,0.950000,10,
"classroom_fol/BOTH/parsed-file2859_inv14.als","classroom_fol","BOTH","inv14",48,33,40,142,38,39,0.338028,0.868421,1.025641,0.000000,1.000000,10,
"classroom_fol/BOTH/parsed-file2861_inv14.als","classroom_fol","BOTH","inv14",66,33,48,157,44,44,0.420382,0.750000,1.090909,0.180000,0.820000,10,
"classroom_fol/BOTH/parsed-file2864_inv12.als","classroom_fol","BOTH","inv12",33,15,11,91,25,25,0.362637,0.600000,0.440000,0.480000,0.520000,10,
"classroom_fol/BOTH/parsed-file2880_inv14.als","classroom_fol","BOTH","inv14",62,28,47,157,44,43,0.394904,0.636364,1.093023,0.000000,1.000000,10,
"classroom_fol/BOTH/parsed-file2882_inv14.als","classroom_fol","BOTH","inv14",58,24,36,113,31,32,0.513274,0.774194,1.125000,0.240000,0.760000,10,
"classroom_fol/BOTH/parsed-file2883_inv13.als","classroom_fol","BOTH","inv13",57,22,25,99,28,27,0.575758,0.785714,0.925926,0.000000,1.000000,10,
"classroom_fol/BOTH/parsed-file2890_inv14.als","classroom_fol","BOTH","inv14",54,27,46,193,53,54,0.279793,0.509434,0.851852,0.100000,0.900000,10,
"classroom_fol/BOTH/parsed-file2892_inv14.als","classroom_fol","BOTH","inv14",62,30,30,149,44,38,0.416107,0.681818,0.789474,0.800000,0.200000,10,
"classroom_fol/BOTH/parsed-file2893_inv13.als","classroom_fol","BOTH","inv13",46,19,15,63,18,20,0.730159,1.055556,0.750000,0.040000,0.960000,10,
"classroom_fol/BOTH/parsed-file2896_inv11.als","classroom_fol","BOTH","inv11",33,16,25,115,32,33,0.286957,0.500000,0.757576,0.000000,1.000000,10,
"classroom_fol/BOTH/parsed-file2897_inv11.als","classroom_fol","BOTH","inv11",45,21,22,109,30,30,0.412844,0.700000,0.733333,0.350000,0.650000,10,
"classroom_fol/BOTH/parsed-file2898_inv14.als","classroom_fol","BOTH","inv14",41,41,32,180,48,42,0.227778,0.854167,0.761905,0.000000,1.000000,10,
"classroom_fol/BOTH/parsed-file2908_inv9.als","classroom_fol","BOTH","inv9",2,1,1,72,19,19,0.027778,0.052632,0.052632,0.030000,0.970000,10,
"classroom_fol/BOTH/parsed-file2921_inv14.als","classroom_fol","BOTH","inv14",29,41,46,179,48,42,0.162011,0.854167,1.095238,0.300000,0.700000,10,
"classroom_fol/BOTH/parsed-file2922_inv11.als","classroom_fol","BOTH","inv11",41,16,20,121,32,38,0.338843,0.500000,0.526316,0.000000,1.000000,10,
"classroom_fol/BOTH/parsed-file2923_inv11.als","classroom_fol","BOTH","inv11",42,22,23,114,32,32,0.368421,0.687500,0.718750,0.700000,0.300000,10,
"classroom_fol/BOTH/parsed-file2923_inv14.als","classroom_fol","BOTH","inv14",85,39,45,185,53,51,0.459459,0.735849,0.882353,0.300000,0.700000,10,
"classroom_fol/BOTH/parsed-file2924_inv12.als","classroom_fol","BOTH","inv12",60,31,32,144,38,36,0.416667,0.815789,0.888889,0.980392,0.019608,10,
"classroom_fol/BOTH/parsed-file2926_inv11.als","classroom_fol","BOTH","inv11",24,34,34,155,40,38,0.154839,0.850000,0.894737,0.100000,0.900000,10,
"classroom_fol/BOTH/parsed-file2933_inv11.als","classroom_fol","BOTH","inv11",8,4,20,143,38,39,0.055944,0.105263,0.512821,0.100000,0.900000,10,
"classroom_fol/BOTH/parsed-file2938_inv3.als","classroom_fol","BOTH","inv3",4,4,9,102,26,20,0.039216,0.153846,0.450000,0.980392,0.019608,10,
"classroom_fol/BOTH/parsed-file2939_inv14.als","classroom_fol","BOTH","inv14",49,18,17,67,20,19,0.731343,0.900000,0.894737,0.000000,1.000000,10,
"classroom_fol/BOTH/parsed-file2946_inv5.als","classroom_fol","BOTH","inv5",21,7,18,80,22,23,0.262500,0.318182,0.782609,0.300000,0.700000,10,
"classroom_fol/BOTH/parsed-file2958_inv4.als","classroom_fol","BOTH","inv4",2,2,6,62,16,16,0.032258,0.125000,0.375000,0.900000,0.100000,10,
"classroom_fol/BOTH/parsed-file295_inv9.als","classroom_fol","BOTH","inv9",8,5,4,51,15,14,0.156863,0.333333,0.285714,0.360000,0.640000,10,
"classroom_fol/BOTH/parsed-file2960_inv14.als","classroom_fol","BOTH","inv14",44,12,43,161,46,48,0.273292,0.260870,0.895833,0.500000,0.500000,10,
"classroom_fol/BOTH/parsed-file2964_inv13.als","classroom_fol","BOTH","inv13",47,14,11,40,11,11,1.175000,1.272727,1.000000,0.000000,1.000000,10,
"classroom_fol/BOTH/parsed-file2966_inv4.als","classroom_fol","BOTH","inv4",15,7,5,30,8,7,0.500000,0.875000,0.714286,0.000000,1.000000,10,
"classroom_fol/BOTH/parsed-file2968_inv12.als","classroom_fol","BOTH","inv12",25,12,13,78,22,20,0.320513,0.545455,0.650000,0.480000,0.520000,10,
"classroom_fol/BOTH/parsed-file2969_inv15.als","classroom_fol","BOTH","inv15",46,17,26,74,17,27,0.621622,1.000000,0.962963,0.000000,1.000000,10,
"classroom_fol/BOTH/parsed-file2970_inv11.als","classroom_fol","BOTH","inv11",60,49,25,177,47,46,0.338983,1.042553,0.543478,0.000000,1.000000,10,
"classroom_fol/BOTH/parsed-file297_inv11.als","classroom_fol","BOTH","inv11",47,19,24,122,34,34,0.385246,0.558824,0.705882,0.400000,0.600000,10,
"classroom_fol/BOTH/parsed-file2980_inv11.als","classroom_fol","BOTH","inv11",51,24,23,118,33,31,0.432203,0.727273,0.741935,0.350000,0.650000,10,
"classroom_fol/BOTH/parsed-file2986_inv13.als","classroom_fol","BOTH","inv13",51,19,24,104,30,33,0.490385,0.633333,0.727273,0.100000,0.900000,10,
"classroom_fol/BOTH/parsed-file2987_inv11.als","classroom_fol","BOTH","inv11",70,50,42,177,47,47,0.395480,1.063830,0.893617,0.000000,1.000000,10,
"classroom_fol/BOTH/parsed-file2988_inv14.als","classroom_fol","BOTH","inv14",30,12,51,157,44,47,0.191083,0.272727,1.085106,0.090000,0.910000,10,
"classroom_fol/BOTH/parsed-file2991_inv11.als","classroom_fol","BOTH","inv11",19,19,23,132,36,37,0.143939,0.527778,0.621622,0.000000,1.000000,10,
"classroom_fol/BOTH/parsed-file2994_inv14.als","classroom_fol","BOTH","inv14",61,24,36,124,33,32,0.491935,0.727273,1.125000,0.000000,1.000000,10,
"classroom_fol/BOTH/parsed-file299_inv14.als","classroom_fol","BOTH","inv14",27,6,45,157,44,47,0.171975,0.136364,0.957447,0.000000,1.000000,10,
"classroom_fol/BOTH/parsed-file29_inv11.als","classroom_fol","BOTH","inv11",56,34,25,154,40,38,0.363636,0.850000,0.657895,0.000000,1.000000,10,
"classroom_fol/BOTH/parsed-file3002_inv11.als","classroom_fol","BOTH","inv11",48,23,24,115,32,34,0.417391,0.718750,0.705882,0.000000,1.000000,10,
"classroom_fol/BOTH/parsed-file3005_inv2.als","classroom_fol","BOTH","inv2",8,2,3,40,11,11,0.200000,0.181818,0.272727,0.000000,1.000000,10,
"classroom_fol/BOTH/parsed-file3010_inv4.als","classroom_fol","BOTH","inv4",7,3,2,24,7,6,0.291667,0.428571,0.333333,0.000000,1.000000,10,
"classroom_fol/BOTH/parsed-file3011_inv13.als","classroom_fol","BOTH","inv13",7,1,1,92,24,27,0.076087,0.041667,0.037037,0.000000,1.000000,10,
"classroom_fol/BOTH/parsed-file3015_inv11.als","classroom_fol","BOTH","inv11",14,4,22,144,38,39,0.097222,0.105263,0.564103,0.100000,0.900000,10,
"classroom_fol/BOTH/parsed-file3020_inv11.als","classroom_fol","BOTH","inv11",49,19,22,99,27,26,0.494949,0.703704,0.846154,0.100000,0.900000,10,
"classroom_fol/BOTH/parsed-file3024_inv13.als","classroom_fol","BOTH","inv13",52,18,17,73,20,19,0.712329,0.900000,0.894737,0.900000,0.100000,10,
"classroom_fol/BOTH/parsed-file302_inv15.als","classroom_fol","BOTH","inv15",89,30,44,129,36,47,0.689922,0.833333,0.936170,0.000000,1.000000,10,
"classroom_fol/BOTH/parsed-file3035_inv12.als","classroom_fol","BOTH","inv12",10,3,26,133,36,38,0.075188,0.083333,0.684211,0.080000,0.920000,10,
"classroom_fol/BOTH/parsed-file3044_inv14.als","classroom_fol","BOTH","inv14",48,18,28,123,33,32,0.390244,0.545455,0.875000,0.160000,0.840000,10,
"classroom_fol/BOTH/parsed-file3045_inv8.als","classroom_fol","BOTH","inv8",4,1,27,118,30,39,0.033898,0.033333,0.692308,0.000000,1.000000,10,
"classroom_fol/BOTH/parsed-file3049_inv13.als","classroom_fol","BOTH","inv13",41,18,23,99,30,26,0.414141,0.600000,0.884615,0.090000,0.910000,10,
"classroom_fol/BOTH/parsed-file304_inv14.als","classroom_fol","BOTH","inv14",53,21,21,99,24,26,0.535354,0.875000,0.807692,0.000000,1.000000,10,
"classroom_fol/BOTH/parsed-file3061_inv11.als","classroom_fol","BOTH","inv11",55,22,27,116,32,33,0.474138,0.687500,0.818182,0.250000,0.750000,10,
"classroom_fol/BOTH/parsed-file3063_inv12.als","classroom_fol","BOTH","inv12",33,31,27,155,40,38,0.212903,0.775000,0.710526,0.600000,0.400000,10,
"classroom_fol/BOTH/parsed-file3064_inv6.als","classroom_fol","BOTH","inv6",12,10,11,61,17,18,0.196721,0.588235,0.611111,0.300000,0.700000,10,
"classroom_fol/BOTH/parsed-file3069_inv11.als","classroom_fol","BOTH","inv11",60,27,29,132,36,39,0.454545,0.750000,0.743590,0.000000,1.000000,10,
"classroom_fol/BOTH/parsed-file3075_inv12.als","classroom_fol","BOTH","inv12",40,14,19,78,23,24,0.512821,0.608696,0.791667,0.630000,0.370000,10,
"classroom_fol/BOTH/parsed-file3080_inv14.als","classroom_fol","BOTH","inv14",72,34,34,144,38,39,0.500000,0.894737,0.871795,0.060000,0.940000,10,
"classroom_fol/BOTH/parsed-file3081_inv11.als","classroom_fol","BOTH","inv11",20,32,19,148,39,42,0.135135,0.820513,0.452381,0.100000,0.900000,10,
"classroom_fol/BOTH/parsed-file3082_inv9.als","classroom_fol","BOTH","inv9",27,10,12,68,19,17,0.397059,0.526316,0.705882,0.360000,0.640000,10,
"classroom_fol/BOTH/parsed-file3083_inv9.als","classroom_fol","BOTH","inv9",22,4,18,72,19,19,0.305556,0.210526,0.947368,0.120000,0.880000,10,
"classroom_fol/BOTH/parsed-file3086_inv11.als","classroom_fol","BOTH","inv11",39,22,13,136,38,40,0.286765,0.578947,0.325000,0.320000,0.680000,10,
"classroom_fol/BOTH/parsed-file3088_inv11.als","classroom_fol","BOTH","inv11",20,7,8,135,37,37,0.148148,0.189189,0.216216,0.500000,0.500000,10,
"classroom_fol/BOTH/parsed-file308_inv12.als","classroom_fol","BOTH","inv12",10,3,28,152,40,38,0.065789,0.075000,0.736842,0.000000,1.000000,10,
"classroom_fol/BOTH/parsed-file309_inv13.als","classroom_fol","BOTH","inv13",36,14,19,80,22,19,0.450000,0.636364,1.000000,0.200000,0.800000,10,
"classroom_fol/BOTH/parsed-file3100_inv4.als","classroom_fol","BOTH","inv4",15,7,5,30,8,7,0.500000,0.875000,0.714286,0.000000,1.000000,10,
"classroom_fol/BOTH/parsed-file3101_inv5.als","classroom_fol","BOTH","inv5",6,2,17,72,19,19,0.083333,0.105263,0.894737,0.980392,0.019608,10,
"classroom_fol/BOTH/parsed-file3103_inv11.als","classroom_fol","BOTH","inv11",49,18,29,132,36,38,0.371212,0.500000,0.763158,0.100000,0.900000,10,
"classroom_fol/BOTH/parsed-file3106_inv13.als","classroom_fol","BOTH","inv13",51,17,22,97,28,22,0.525773,0.607143,1.000000,0.200000,0.800000,10,
"classroom_fol/BOTH/parsed-file3117_inv14.als","classroom_fol","BOTH","inv14",50,19,27,113,31,32,0.442478,0.612903,0.843750,0.160000,0.840000,10,
"classroom_fol/BOTH/parsed-file3125_inv14.als","classroom_fol","BOTH","inv14",33,33,47,168,46,43,0.196429,0.717391,1.093023,0.210000,0.790000,10,
"classroom_fol/BOTH/parsed-file3126_inv11.als","classroom_fol","BOTH","inv11",54,28,26,133,38,40,0.406015,0.736842,0.650000,0.500000,0.500000,10,
"classroom_fol/BOTH/parsed-file3131_inv14.als","classroom_fol","BOTH","inv14",79,29,60,212,58,65,0.372642,0.500000,0.923077,0.000000,1.000000,10,
"classroom_fol/BOTH/parsed-file3135_inv11.als","classroom_fol","BOTH","inv11",48,21,14,79,23,24,0.607595,0.913043,0.583333,0.000000,1.000000,10,
"classroom_fol/BOTH/parsed-file313_inv12.als","classroom_fol","BOTH","inv12",55,30,29,142,38,34,0.387324,0.789474,0.852941,0.270000,0.730000,10,
"classroom_fol/BOTH/parsed-file3145_inv12.als","classroom_fol","BOTH","inv12",10,3,35,154,40,39,0.064935,0.075000,0.897436,0.080000,0.920000,10,
"classroom_fol/BOTH/parsed-file3147_inv12.als","classroom_fol","BOTH","inv12",38,13,18,78,22,23,0.487179,0.590909,0.782609,0.240000,0.760000,10,
"classroom_fol/BOTH/parsed-file3149_inv15.als","classroom_fol","BOTH","inv15",91,36,36,164,43,44,0.554878,0.837209,0.818182,0.000000,1.000000,10,
"classroom_fol/BOTH/parsed-file314_inv13.als","classroom_fol","BOTH","inv13",46,20,8,93,25,24,0.494624,0.800000,0.333333,0.050000,0.950000,10,
"classroom_fol/BOTH/parsed-file3155_inv11.als","classroom_fol","BOTH","inv11",27,20,9,91,25,25,0.296703,0.800000,0.360000,0.350000,0.650000,10,
"classroom_fol/BOTH/parsed-file3163_inv14.als","classroom_fol","BOTH","inv14",14,3,25,167,46,40,0.083832,0.065217,0.625000,0.800000,0.200000,10,
"classroom_fol/BOTH/parsed-file3164_inv11.als","classroom_fol","BOTH","inv11",54,18,20,133,36,38,0.406015,0.500000,0.526316,0.000000,1.000000,10,
"classroom_fol/BOTH/parsed-file3177_inv14.als","classroom_fol","BOTH","inv14",34,28,46,165,45,42,0.206061,0.622222,1.095238,0.080000,0.920000,10,
"classroom_fol/BOTH/parsed-file317_inv11.als","classroom_fol","BOTH","inv11",41,17,15,121,34,36,0.338843,0.500000,0.416667,0.900000,0.100000,10,
"classroom_fol/BOTH/parsed-file3188_inv12.als","classroom_fol","BOTH","inv12",34,15,11,91,25,25,0.373626,0.600000,0.440000,0.480000,0.520000,10,
"classroom_fol/BOTH/parsed-file3191_inv9.als","classroom_fol","BOTH","inv9",4,1,12,71,19,18,0.056338,0.052632,0.666667,0.300000,0.700000,10,
"classroom_fol/BOTH/parsed-file3192_inv4.als","classroom_fol","BOTH","inv4",7,4,9,62,16,17,0.112903,0.250000,0.529412,0.000000,1.000000,10,
"classroom_fol/BOTH/parsed-file3195_inv15.als","classroom_fol","BOTH","inv15",95,41,38,187,48,46,0.508021,0.854167,0.826087,0.000000,1.000000,10,
"classroom_fol/BOTH/parsed-file3198_inv6.als","classroom_fol","BOTH","inv6",16,12,14,60,17,18,0.266667,0.705882,0.777778,0.000000,1.000000,10,
"classroom_fol/BOTH/parsed-file3202_inv5.als","classroom_fol","BOTH","inv5",14,5,6,43,12,12,0.325581,0.416667,0.500000,0.000000,1.000000,10,
"classroom_fol/BOTH/parsed-file3203_inv15.als","classroom_fol","BOTH","inv15",98,48,56,209,58,64,0.468900,0.827586,0.875000,0.120000,0.880000,10,
"classroom_fol/BOTH/parsed-file3204_inv14.als","classroom_fol","BOTH","inv14",55,33,48,168,46,44,0.327381,0.717391,1.090909,0.100000,0.900000,10,
"classroom_fol/BOTH/parsed-file3215_inv3.als","classroom_fol","BOTH","inv3",8,8,5,21,6,7,0.380952,1.333333,0.714286,0.980392,0.019608,10,
"classroom_fol/BOTH/parsed-file3226_inv14.als","classroom_fol","BOTH","inv14",59,26,29,91,25,25,0.648352,1.040000,1.160000,0.320000,0.680000,10,
"classroom_fol/BOTH/parsed-file3229_inv14.als","classroom_fol","BOTH","inv14",37,11,43,161,46,48,0.229814,0.239130,0.895833,0.000000,1.000000,10,
"classroom_fol/BOTH/parsed-file3230_inv8.als","classroom_fol","BOTH","inv8",6,2,9,71,19,18,0.084507,0.105263,0.500000,0.000000,1.000000,10,
"classroom_fol/BOTH/parsed-file3232_inv12.als","classroom_fol","BOTH","inv12",37,18,30,132,36,39,0.280303,0.500000,0.769231,0.000000,1.000000,10,
"classroom_fol/BOTH/parsed-file3234_inv12.als","classroom_fol","BOTH","inv12",43,20,19,101,27,25,0.425743,0.740741,0.760000,0.630000,0.370000,10,
"classroom_fol/BOTH/parsed-file323_inv14.als","classroom_fol","BOTH","inv14",24,7,42,157,44,47,0.152866,0.159091,0.893617,0.000000,1.000000,10,
"classroom_fol/BOTH/parsed-file3241_inv7.als","classroom_fol","BOTH","inv7",16,5,6,42,12,12,0.380952,0.416667,0.500000,0.000000,1.000000,10,
"classroom_fol/BOTH/parsed-file3248_inv13.als","classroom_fol","BOTH","inv13",6,3,25,93,24,28,0.064516,0.125000,0.892857,0.000000,1.000000,10,
"classroom_fol/BOTH/parsed-file324_inv4.als","classroom_fol","BOTH","inv4",31,13,9,58,14,11,0.534483,0.928571,0.818182,0.000000,1.000000,10,
"classroom_fol/BOTH/parsed-file3254_inv11.als","classroom_fol","BOTH","inv11",14,4,22,144,38,39,0.097222,0.105263,0.564103,0.100000,0.900000,10,
"classroom_fol/BOTH/parsed-file3255_inv12.als","classroom_fol","BOTH","inv12",43,15,18,87,23,24,0.494253,0.652174,0.750000,0.270000,0.730000,10,
"classroom_fol/BOTH/parsed-file3257_inv12.als","classroom_fol","BOTH","inv12",22,8,23,127,34,34,0.173228,0.235294,0.676471,0.100000,0.900000,10,
"classroom_fol/BOTH/parsed-file3258_inv4.als","classroom_fol","BOTH","inv4",7,3,2,24,7,6,0.291667,0.428571,0.333333,0.000000,1.000000,10,
"classroom_fol/BOTH/parsed-file3262_inv11.als","classroom_fol","BOTH","inv11",33,19,13,57,16,17,0.578947,1.187500,0.764706,0.000000,1.000000,10,
"classroom_fol/BOTH/parsed-file3265_inv12.als","classroom_fol","BOTH","inv12",32,15,14,38,14,10,0.842105,1.071429,1.400000,0.480000,0.520000,10,
"classroom_fol/BOTH/parsed-file3269_inv11.als","classroom_fol","BOTH","inv11",19,10,16,144,38,39,0.131944,0.263158,0.410256,0.000000,1.000000,10,
"classroom_fol/BOTH/parsed-file3275_inv12.als","classroom_fol","BOTH","inv12",10,3,28,152,40,38,0.065789,0.075000,0.736842,0.000000,1.000000,10,
"classroom_fol/BOTH/parsed-file3277_inv11.als","classroom_fol","BOTH","inv11",67,34,30,155,40,38,0.432258,0.850000,0.789474,0.000000,1.000000,10,
"classroom_fol/BOTH/parsed-file3280_inv12.als","classroom_fol","BOTH","inv12",36,12,19,90,25,26,0.400000,0.480000,0.730769,0.630000,0.370000,10,
"classroom_fol/BOTH/parsed-file3281_inv14.als","classroom_fol","BOTH","inv14",62,31,42,152,39,38,0.407895,0.794872,1.105263,0.200000,0.800000,10,
"classroom_fol/BOTH/parsed-file3282_inv13.als","classroom_fol","BOTH","inv13",61,26,27,105,32,29,0.580952,0.812500,0.931034,0.100000,0.900000,10,
"classroom_fol/BOTH/parsed-file3283_inv15.als","classroom_fol","BOTH","inv15",60,23,29,99,26,31,0.606061,0.884615,0.935484,0.100000,0.900000,10,
"classroom_fol/BOTH/parsed-file3285_inv14.als","classroom_fol","BOTH","inv14",61,24,36,124,33,32,0.491935,0.727273,1.125000,0.200000,0.800000,10,
"classroom_fol/BOTH/parsed-file328_inv11.als","classroom_fol","BOTH","inv11",14,4,22,144,38,39,0.097222,0.105263,0.564103,0.100000,0.900000,10,
"classroom_fol/BOTH/parsed-file3296_inv14.als","classroom_fol","BOTH","inv14",45,44,45,178,48,47,0.252809,0.916667,0.957447,0.000000,1.000000,10,
"classroom_fol/BOTH/parsed-file3300_inv11.als","classroom_fol","BOTH","inv11",27,20,23,133,36,37,0.203008,0.555556,0.621622,0.000000,1.000000,10,
"classroom_fol/BOTH/parsed-file3301_inv12.als","classroom_fol","BOTH","inv12",27,14,16,78,22,20,0.346154,0.636364,0.800000,0.630000,0.370000,10,
"classroom_fol/BOTH/parsed-file3305_inv14.als","classroom_fol","BOTH","inv14",52,22,23,102,26,28,0.509804,0.846154,0.821429,0.000000,1.000000,10,
"classroom_fol/BOTH/parsed-file3307_inv3.als","classroom_fol","BOTH","inv3",8,4,3,30,9,7,0.266667,0.444444,0.428571,0.980392,0.019608,10,
"classroom_fol/BOTH/parsed-file3318_inv14.als","classroom_fol","BOTH","inv14",12,12,4,141,40,43,0.085106,0.300000,0.093023,0.180000,0.820000,10,
"classroom_fol/BOTH/parsed-file3319_inv5.als","classroom_fol","BOTH","inv5",12,3,14,60,17,18,0.200000,0.176471,0.777778,0.000000,1.000000,10,
"classroom_fol/BOTH/parsed-file3320_inv8.als","classroom_fol","BOTH","inv8",12,7,27,112,30,39,0.107143,0.233333,0.692308,0.000000,1.000000,10,
"classroom_fol/BOTH/parsed-file3322_inv13.als","classroom_fol","BOTH","inv13",43,12,8,51,16,12,0.843137,0.750000,0.666667,0.100000,0.900000,10,
"classroom_fol/BOTH/parsed-file3330_inv14.als","classroom_fol","BOTH","inv14",52,33,45,156,44,44,0.333333,0.750000,1.022727,0.240000,0.760000,10,
"classroom_fol/BOTH/parsed-file3333_inv14.als","classroom_fol","BOTH","inv14",66,29,32,124,37,34,0.532258,0.783784,0.941176,0.600000,0.400000,10,
"classroom_fol/BOTH/parsed-file3342_inv11.als","classroom_fol","BOTH","inv11",8,5,20,143,38,39,0.055944,0.131579,0.512821,0.100000,0.900000,10,
"classroom_fol/BOTH/parsed-file3343_inv12.als","classroom_fol","BOTH","inv12",28,32,29,155,40,34,0.180645,0.800000,0.852941,0.980392,0.019608,10,
"classroom_fol/BOTH/parsed-file3348_inv7.als","classroom_fol","BOTH","inv7",12,6,6,60,17,18,0.200000,0.352941,0.333333,0.980392,0.019608,10,
"classroom_fol/BOTH/parsed-file334_inv15.als","classroom_fol","BOTH","inv15",93,45,56,177,51,61,0.525424,0.882353,0.918033,0.100000,0.900000,10,
"classroom_fol/BOTH/parsed-file3360_inv9.als","classroom_fol","BOTH","inv9",4,1,26,118,30,39,0.033898,0.033333,0.666667,0.000000,1.000000,10,
"classroom_fol/BOTH/parsed-file3365_inv14.als","classroom_fol","BOTH","inv14",72,36,48,190,56,53,0.378947,0.642857,0.905660,0.300000,0.700000,10,
"classroom_fol/BOTH/parsed-file3367_inv12.als","classroom_fol","BOTH","inv12",31,14,12,61,17,18,0.508197,0.823529,0.666667,0.270000,0.730000,10,
"classroom_fol/BOTH/parsed-file3371_inv9.als","classroom_fol","BOTH","inv9",21,7,8,45,12,12,0.466667,0.583333,0.666667,0.360000,0.640000,10,
"classroom_fol/BOTH/parsed-file3373_inv13.als","classroom_fol","BOTH","inv13",41,18,17,53,16,15,0.773585,1.125000,1.133333,0.000000,1.000000,10,
"classroom_fol/BOTH/parsed-file3375_inv12.als","classroom_fol","BOTH","inv12",42,16,19,91,25,25,0.461538,0.640000,0.760000,0.630000,0.370000,10,
"classroom_fol/BOTH/parsed-file3377_inv11.als","classroom_fol","BOTH","inv11",36,15,9,42,12,12,0.857143,1.250000,0.750000,0.000000,1.000000,10,
"classroom_fol/BOTH/parsed-file3378_inv12.als","classroom_fol","BOTH","inv12",47,34,31,155,40,36,0.303226,0.850000,0.861111,0.700000,0.300000,10,
"classroom_fol/BOTH/parsed-file3383_inv12.als","classroom_fol","BOTH","inv12",45,33,27,154,40,38,0.292208,0.825000,0.710526,0.080000,0.920000,10,
"classroom_fol/BOTH/parsed-file3396_inv11.als","classroom_fol","BOTH","inv11",49,34,30,155,40,38,0.316129,0.850000,0.789474,0.100000,0.900000,10,
"classroom_fol/BOTH/parsed-file3398_inv8.als","classroom_fol","BOTH","inv8",8,2,34,119,30,38,0.067227,0.066667,0.894737,0.000000,1.000000,10,
"classroom_fol/BOTH/parsed-file339_inv11.als","classroom_fol","BOTH","inv11",45,17,14,121,34,36,0.371901,0.500000,0.388889,0.900000,0.100000,10,
"classroom_fol/BOTH/parsed-file339_inv14.als","classroom_fol","BOTH","inv14",50,20,24,113,31,29,0.442478,0.645161,0.827586,0.160000,0.840000,10,
"classroom_fol/BOTH/parsed-file33_inv12.als","classroom_fol","BOTH","inv12",22,25,30,122,34,36,0.180328,0.735294,0.833333,0.000000,1.000000,10,
"classroom_fol/BOTH/parsed-file3401_inv11.als","classroom_fol","BOTH","inv11",53,18,18,110,30,31,0.481818,0.600000,0.580645,0.100000,0.900000,10,
"classroom_fol/BOTH/parsed-file3417_inv8.als","classroom_fol","BOTH","inv8",6,2,14,73,19,18,0.082192,0.105263,0.777778,0.000000,1.000000,10,
"classroom_fol/BOTH/parsed-file3426_inv4.als","classroom_fol","BOTH","inv4",2,2,6,61,16,16,0.032787,0.125000,0.375000,0.900000,0.100000,10,
"classroom_fol/BOTH/parsed-file3427_inv14.als","classroom_fol","BOTH","inv14",49,18,17,67,20,19,0.731343,0.900000,0.894737,0.000000,1.000000,10,
"classroom_fol/BOTH/parsed-file342_inv14.als","classroom_fol","BOTH","inv14",56,25,21,131,36,37,0.427481,0.694444,0.567568,0.000000,1.000000,10,
"classroom_fol/BOTH/parsed-file3434_inv3.als","classroom_fol","BOTH","inv3",8,4,3,30,9,7,0.266667,0.444444,0.428571,0.980392,0.019608,10,
"classroom_fol/BOTH/parsed-file3437_inv11.als","classroom_fol","BOTH","inv11",46,18,15,121,34,36,0.380165,0.529412,0.416667,0.600000,0.400000,10,
"classroom_fol/BOTH/parsed-file3440_inv11.als","classroom_fol","BOTH","inv11",20,33,20,154,40,39,0.129870,0.825000,0.512821,0.100000,0.900000,10,
"classroom_fol/BOTH/parsed-file3446_inv12.als","classroom_fol","BOTH","inv12",50,19,24,108,29,30,0.462963,0.655172,0.800000,0.000000,1.000000,10,
"classroom_fol/BOTH/parsed-file3448_inv11.als","classroom_fol","BOTH","inv11",61,22,23,122,34,34,0.500000,0.647059,0.676471,0.900000,0.100000,10,
"classroom_fol/BOTH/parsed-file3449_inv15.als","classroom_fol","BOTH","inv15",96,58,53,214,62,57,0.448598,0.935484,0.929825,0.000000,1.000000,10,
"classroom_fol/BOTH/parsed-file3460_inv14.als","classroom_fol","BOTH","inv14",51,19,26,107,30,29,0.476636,0.633333,0.896552,0.000000,1.000000,10,
"classroom_fol/BOTH/parsed-file3461_inv4.als","classroom_fol","BOTH","inv4",8,4,3,24,7,6,0.333333,0.571429,0.500000,0.900000,0.100000,10,
"classroom_fol/BOTH/parsed-file3466_inv8.als","classroom_fol","BOTH","inv8",4,1,27,118,30,39,0.033898,0.033333,0.692308,0.000000,1.000000,10,
"classroom_fol/BOTH/parsed-file3469_inv11.als","classroom_fol","BOTH","inv11",27,20,9,91,25,25,0.296703,0.800000,0.360000,0.350000,0.650000,10,
"classroom_fol/BOTH/parsed-file3470_inv11.als","classroom_fol","BOTH","inv11",59,19,22,136,38,39,0.433824,0.500000,0.564103,0.100000,0.900000,10,
"classroom_fol/BOTH/parsed-file3472_inv11.als","classroom_fol","BOTH","inv11",39,17,16,90,25,26,0.433333,0.680000,0.615385,0.000000,1.000000,10,
"classroom_fol/BOTH/parsed-file3474_inv11.als","classroom_fol","BOTH","inv11",56,26,33,131,36,39,0.427481,0.722222,0.846154,0.100000,0.900000,10,
"classroom_fol/BOTH/parsed-file3475_inv14.als","classroom_fol","BOTH","inv14",35,15,40,168,46,48,0.208333,0.326087,0.833333,0.100000,0.900000,10,
"classroom_fol/BOTH/parsed-file3476_inv11.als","classroom_fol","BOTH","inv11",54,18,16,135,36,38,0.400000,0.500000,0.421053,0.240000,0.760000,10,
"classroom_fol/BOTH/parsed-file3477_inv15.als","classroom_fol","BOTH","inv15",107,38,46,166,44,50,0.644578,0.863636,0.920000,0.600000,0.400000,10,
"classroom_fol/BOTH/parsed-file3486_inv4.als","classroom_fol","BOTH","inv4",2,2,8,63,18,18,0.031746,0.111111,0.444444,0.900000,0.100000,10,
"classroom_fol/BOTH/parsed-file3491_inv14.als","classroom_fol","BOTH","inv14",52,22,23,112,30,34,0.464286,0.733333,0.676471,0.180000,0.820000,10,
"classroom_fol/BOTH/parsed-file3495_inv12.als","classroom_fol","BOTH","inv12",50,19,24,108,29,30,0.462963,0.655172,0.800000,0.000000,1.000000,10,
"classroom_fol/BOTH/parsed-file3497_inv11.als","classroom_fol","BOTH","inv11",44,46,42,146,40,41,0.301370,1.150000,1.024390,0.000000,1.000000,10,
"classroom_fol/BOTH/parsed-file3498_inv4.als","classroom_fol","BOTH","inv4",4,3,9,62,16,17,0.064516,0.187500,0.529412,0.000000,1.000000,10,
"classroom_fol/BOTH/parsed-file3502_inv7.als","classroom_fol","BOTH","inv7",18,3,11,71,19,18,0.253521,0.157895,0.611111,0.980392,0.019608,10,
"classroom_fol/BOTH/parsed-file3503_inv11.als","classroom_fol","BOTH","inv11",38,12,14,132,36,37,0.287879,0.333333,0.378378,0.000000,1.000000,10,
"classroom_fol/BOTH/parsed-file3507_inv15.als","classroom_fol","BOTH","inv15",4,4,3,74,21,20,0.054054,0.190476,0.150000,0.000000,1.000000,10,
"classroom_fol/BOTH/parsed-file3511_inv13.als","classroom_fol","BOTH","inv13",48,15,26,88,26,28,0.545455,0.576923,0.928571,0.000000,1.000000,10,
"classroom_fol/BOTH/parsed-file3514_inv8.als","classroom_fol","BOTH","inv8",13,5,6,117,30,37,0.111111,0.166667,0.162162,0.000000,1.000000,10,
"classroom_fol/BOTH/parsed-file3523_inv12.als","classroom_fol","BOTH","inv12",26,14,24,116,32,33,0.224138,0.437500,0.727273,0.000000,1.000000,10,
"classroom_fol/BOTH/parsed-file3534_inv11.als","classroom_fol","BOTH","inv11",43,17,19,116,32,33,0.370690,0.531250,0.575758,0.700000,0.300000,10,
"classroom_fol/BOTH/parsed-file3549_inv13.als","classroom_fol","BOTH","inv13",4,1,25,93,24,28,0.043011,0.041667,0.892857,0.000000,1.000000,10,
"classroom_fol/BOTH/parsed-file354_inv11.als","classroom_fol","BOTH","inv11",71,43,16,177,47,3,0.401130,0.914894,5.333333,0.000000,1.000000,10,
"classroom_fol/BOTH/parsed-file3555_inv11.als","classroom_fol","BOTH","inv11",14,4,22,144,38,39,0.097222,0.105263,0.564103,0.100000,0.900000,10,
"classroom_fol/BOTH/parsed-file3560_inv13.als","classroom_fol","BOTH","inv13",45,19,15,63,18,18,0.714286,1.055556,0.833333,0.540000,0.460000,10,
"classroom_fol/BOTH/parsed-file3562_inv14.als","classroom_fol","BOTH","inv14",34,11,42,161,46,48,0.211180,0.239130,0.875000,0.000000,1.000000,10,
"classroom_fol/BOTH/parsed-file3563_inv12.als","classroom_fol","BOTH","inv12",45,37,31,173,45,42,0.260116,0.822222,0.738095,0.070000,0.930000,10,
"classroom_fol/BOTH/parsed-file3564_inv11.als","classroom_fol","BOTH","inv11",25,33,22,154,40,39,0.162338,0.825000,0.564103,0.500000,0.500000,10,
"classroom_fol/BOTH/parsed-file3574_inv5.als","classroom_fol","BOTH","inv5",29,10,12,58,16,15,0.500000,0.625000,0.800000,0.000000,1.000000,10,
"classroom_fol/BOTH/parsed-file3577_inv7.als","classroom_fol","BOTH","inv7",4,1,12,73,19,18,0.054795,0.052632,0.666667,0.200000,0.800000,10,
"classroom_fol/BOTH/parsed-file3578_inv15.als","classroom_fol","BOTH","inv15",106,37,38,175,48,43,0.605714,0.770833,0.883721,0.200000,0.800000,10,
"classroom_fol/BOTH/parsed-file3584_inv12.als","classroom_fol","BOTH","inv12",18,28,30,131,36,36,0.137405,0.777778,0.833333,0.000000,1.000000,10,
"classroom_fol/BOTH/parsed-file3585_inv11.als","classroom_fol","BOTH","inv11",34,18,16,89,24,24,0.382022,0.750000,0.666667,0.100000,0.900000,10,
"classroom_fol/BOTH/parsed-file3598_inv15.als","classroom_fol","BOTH","inv15",34,18,20,104,29,26,0.326923,0.620690,0.769231,0.500000,0.500000,10,
"classroom_fol/BOTH/parsed-file3602_inv14.als","classroom_fol","BOTH","inv14",41,41,32,180,48,42,0.227778,0.854167,0.761905,0.000000,1.000000,10,
"classroom_fol/BOTH/parsed-file3610_inv11.als","classroom_fol","BOTH","inv11",54,18,20,133,36,38,0.406015,0.500000,0.526316,0.000000,1.000000,10,
"classroom_fol/BOTH/parsed-file3614_inv11.als","classroom_fol","BOTH","inv11",52,34,29,154,40,38,0.337662,0.850000,0.763158,0.100000,0.900000,10,
"classroom_fol/BOTH/parsed-file3620_inv14.als","classroom_fol","BOTH","inv14",44,26,40,156,44,44,0.282051,0.590909,0.909091,0.240000,0.760000,10,
"classroom_fol/BOTH/parsed-file3624_inv11.als","classroom_fol","BOTH","inv11",54,26,33,131,36,39,0.412214,0.722222,0.846154,0.100000,0.900000,10,
"classroom_fol/BOTH/parsed-file3625_inv14.als","classroom_fol","BOTH","inv14",56,24,27,113,31,32,0.495575,0.774194,0.843750,0.200000,0.800000,10,
"classroom_fol/BOTH/parsed-file3637_inv12.als","classroom_fol","BOTH","inv12",22,28,26,133,36,37,0.165414,0.777778,0.702703,0.000000,1.000000,10,
"classroom_fol/BOTH/parsed-file3641_inv14.als","classroom_fol","BOTH","inv14",31,7,45,157,44,47,0.197452,0.159091,0.957447,0.000000,1.000000,10,
"classroom_fol/BOTH/parsed-file3648_inv12.als","classroom_fol","BOTH","inv12",14,4,29,154,40,40,0.090909,0.100000,0.725000,0.080000,0.920000,10,
"classroom_fol/BOTH/parsed-file3652_inv11.als","classroom_fol","BOTH","inv11",54,26,33,131,36,39,0.412214,0.722222,0.846154,0.100000,0.900000,10,
"classroom_fol/BOTH/parsed-file3654_inv11.als","classroom_fol","BOTH","inv11",32,13,16,133,36,38,0.240602,0.361111,0.421053,0.400000,0.600000,10,
"classroom_fol/BOTH/parsed-file365_inv11.als","classroom_fol","BOTH","inv11",36,15,15,105,30,31,0.342857,0.500000,0.483871,0.600000,0.400000,10,
"classroom_fol/BOTH/parsed-file3661_inv11.als","classroom_fol","BOTH","inv11",42,20,21,98,27,25,0.428571,0.740741,0.840000,0.100000,0.900000,10,
"classroom_fol/BOTH/parsed-file3664_inv11.als","classroom_fol","BOTH","inv11",59,21,20,132,36,36,0.446970,0.583333,0.555556,0.400000,0.600000,10,
"classroom_fol/BOTH/parsed-file3671_inv9.als","classroom_fol","BOTH","inv9",35,16,9,28,9,7,1.250000,1.777778,1.285714,0.000000,1.000000,10,
"classroom_fol/BOTH/parsed-file3675_inv12.als","classroom_fol","BOTH","inv12",48,25,37,171,46,47,0.280702,0.543478,0.787234,0.100000,0.900000,10,
"classroom_fol/BOTH/parsed-file3675_inv14.als","classroom_fol","BOTH","inv14",40,37,33,167,44,41,0.239521,0.840909,0.804878,0.000000,1.000000,10,
"classroom_fol/BOTH/parsed-file3679_inv14.als","classroom_fol","BOTH","inv14",35,38,43,178,48,47,0.196629,0.791667,0.914894,0.000000,1.000000,10,
"classroom_fol/BOTH/parsed-file3694_inv12.als","classroom_fol","BOTH","inv12",10,3,33,154,40,38,0.064935,0.075000,0.868421,0.000000,1.000000,10,
"classroom_fol/BOTH/parsed-file3695_inv11.als","classroom_fol","BOTH","inv11",45,19,19,122,34,36,0.368852,0.558824,0.527778,0.400000,0.600000,10,
"classroom_fol/BOTH/parsed-file3701_inv14.als","classroom_fol","BOTH","inv14",54,18,24,109,31,30,0.495413,0.580645,0.800000,0.000000,1.000000,10,
"classroom_fol/BOTH/parsed-file3702_inv14.als","classroom_fol","BOTH","inv14",58,29,25,118,32,29,0.491525,0.906250,0.862069,0.000000,1.000000,10,
"classroom_fol/BOTH/parsed-file3707_inv2.als","classroom_fol","BOTH","inv2",12,3,3,17,5,5,0.705882,0.600000,0.600000,0.000000,1.000000,10,
"classroom_fol/BOTH/parsed-file3708_inv14.als","classroom_fol","BOTH","inv14",10,2,42,159,44,47,0.062893,0.045455,0.893617,0.000000,1.000000,10,
"classroom_fol/BOTH/parsed-file3710_inv14.als","classroom_fol","BOTH","inv14",47,33,45,166,46,44,0.283133,0.717391,1.022727,0.000000,1.000000,10,
"classroom_fol/BOTH/parsed-file3713_inv11.als","classroom_fol","BOTH","inv11",33,20,13,91,25,25,0.362637,0.800000,0.520000,0.350000,0.650000,10,
"classroom_fol/BOTH/parsed-file3715_inv11.als","classroom_fol","BOTH","inv11",47,25,25,121,32,31,0.388430,0.781250,0.806452,0.100000,0.900000,10,
"classroom_fol/BOTH/parsed-file3719_inv11.als","classroom_fol","BOTH","inv11",61,24,28,123,34,39,0.495935,0.705882,0.717949,0.000000,1.000000,10,
"classroom_fol/BOTH/parsed-file3725_inv12.als","classroom_fol","BOTH","inv12",10,3,27,133,36,38,0.075188,0.083333,0.710526,0.080000,0.920000,10,
"classroom_fol/BOTH/parsed-file3727_inv12.als","classroom_fol","BOTH","inv12",29,28,25,142,38,36,0.204225,0.736842,0.694444,0.000000,1.000000,10,
"classroom_fol/BOTH/parsed-file3729_inv12.als","classroom_fol","BOTH","inv12",60,30,36,132,37,38,0.454545,0.810811,0.947368,0.100000,0.900000,10,
"classroom_fol/BOTH/parsed-file3733_inv2.als","classroom_fol","BOTH","inv2",8,3,2,19,6,5,0.421053,0.500000,0.400000,0.000000,1.000000,10,
"classroom_fol/BOTH/parsed-file3738_inv6.als","classroom_fol","BOTH","inv6",4,1,11,71,19,18,0.056338,0.052632,0.611111,0.300000,0.700000,10,
"classroom_fol/BOTH/parsed-file3739_inv4.als","classroom_fol","BOTH","inv4",1,1,3,62,16,15,0.016129,0.062500,0.200000,0.000000,1.000000,10,
"classroom_fol/BOTH/parsed-file3740_inv14.als","classroom_fol","BOTH","inv14",50,32,45,167,46,44,0.299401,0.695652,1.022727,0.160000,0.840000,10,
"classroom_fol/BOTH/parsed-file3741_inv12.als","classroom_fol","BOTH","inv12",6,2,29,153,40,40,0.039216,0.050000,0.725000,0.080000,0.920000,10,
"classroom_fol/BOTH/parsed-file3747_inv12.als","classroom_fol","BOTH","inv12",54,30,36,151,41,42,0.357616,0.731707,0.857143,0.270000,0.730000,10,
"classroom_fol/BOTH/parsed-file3751_inv4.als","classroom_fol","BOTH","inv4",4,3,9,62,16,17,0.064516,0.187500,0.529412,0.000000,1.000000,10,
"classroom_fol/BOTH/parsed-file3759_inv15.als","classroom_fol","BOTH","inv15",49,23,15,46,17,9,1.065217,1.352941,1.666667,0.980392,0.019608,10,
"classroom_fol/BOTH/parsed-file3764_inv7.als","classroom_fol","BOTH","inv7",12,12,10,61,17,18,0.196721,0.705882,0.555556,0.980392,0.019608,10,
"classroom_fol/BOTH/parsed-file3776_inv11.als","classroom_fol","BOTH","inv11",54,20,19,105,30,31,0.514286,0.666667,0.612903,0.200000,0.800000,10,
"classroom_fol/BOTH/parsed-file3782_inv11.als","classroom_fol","BOTH","inv11",69,28,31,142,38,43,0.485915,0.736842,0.720930,0.000000,1.000000,10,
"classroom_fol/BOTH/parsed-file3783_inv12.als","classroom_fol","BOTH","inv12",43,22,25,111,30,31,0.387387,0.733333,0.806452,0.000000,1.000000,10,
"classroom_fol/BOTH/parsed-file378_inv14.als","classroom_fol","BOTH","inv14",27,32,44,167,46,43,0.161677,0.695652,1.023256,0.500000,0.500000,10,
"classroom_fol/BOTH/parsed-file3793_inv12.als","classroom_fol","BOTH","inv12",49,34,34,155,40,39,0.316129,0.850000,0.871795,0.080000,0.920000,10,
"classroom_fol/BOTH/parsed-file3794_inv15.als","classroom_fol","BOTH","inv15",33,15,14,67,20,15,0.492537,0.750000,0.933333,0.000000,1.000000,10,
"classroom_fol/BOTH/parsed-file3796_inv4.als","classroom_fol","BOTH","inv4",1,1,6,53,14,14,0.018868,0.071429,0.428571,0.000000,1.000000,10,
"classroom_fol/BOTH/parsed-file3799_inv4.als","classroom_fol","BOTH","inv4",8,4,3,24,7,6,0.333333,0.571429,0.500000,0.900000,0.100000,10,
"classroom_fol/BOTH/parsed-file379_inv12.als","classroom_fol","BOTH","inv12",42,18,18,80,23,24,0.525000,0.782609,0.750000,0.630000,0.370000,10,
"classroom_fol/BOTH/parsed-file3804_inv14.als","classroom_fol","BOTH","inv14",21,5,26,155,44,44,0.135484,0.113636,0.590909,0.000000,1.000000,10,
"classroom_fol/BOTH/parsed-file3805_inv5.als","classroom_fol","BOTH","inv5",32,9,23,91,25,25,0.351648,0.360000,0.920000,0.350000,0.650000,10,
"classroom_fol/BOTH/parsed-file3809_inv12.als","classroom_fol","BOTH","inv12",44,20,19,103,27,24,0.427184,0.740741,0.791667,0.000000,1.000000,10,
"classroom_fol/BOTH/parsed-file3810_inv11.als","classroom_fol","BOTH","inv11",50,22,23,132,36,39,0.378788,0.611111,0.589744,0.000000,1.000000,10,
"classroom_fol/BOTH/parsed-file3811_inv11.als","classroom_fol","BOTH","inv11",41,20,13,91,25,25,0.450549,0.800000,0.520000,0.350000,0.650000,10,
"classroom_fol/BOTH/parsed-file3813_inv9.als","classroom_fol","BOTH","inv9",33,16,9,24,7,6,1.375000,2.285714,1.500000,0.360000,0.640000,10,
"classroom_fol/BOTH/parsed-file3815_inv14.als","classroom_fol","BOTH","inv14",74,38,33,156,42,39,0.474359,0.904762,0.846154,0.000000,1.000000,10,
"classroom_fol/BOTH/parsed-file3816_inv14.als","classroom_fol","BOTH","inv14",23,12,51,157,44,47,0.146497,0.272727,1.085106,0.000000,1.000000,10,
"classroom_fol/BOTH/parsed-file3820_inv12.als","classroom_fol","BOTH","inv12",14,28,23,132,36,37,0.106061,0.777778,0.621622,0.000000,1.000000,10,
"classroom_fol/BOTH/parsed-file3830_inv3.als","classroom_fol","BOTH","inv3",7,8,5,20,6,7,0.350000,1.333333,0.714286,0.980392,0.019608,10,
"classroom_fol/BOTH/parsed-file3840_inv4.als","classroom_fol","BOTH","inv4",4,3,9,62,16,17,0.064516,0.187500,0.529412,0.000000,1.000000,10,
"classroom_fol/BOTH/parsed-file3841_inv12.als","classroom_fol","BOTH","inv12",34,15,11,91,25,25,0.373626,0.600000,0.440000,0.480000,0.520000,10,
"classroom_fol/BOTH/parsed-file3841_inv15.als","classroom_fol","BOTH","inv15",60,22,15,117,30,25,0.512821,0.733333,0.600000,0.500000,0.500000,10,
"classroom_fol/BOTH/parsed-file384_inv11.als","classroom_fol","BOTH","inv11",46,18,18,142,38,34,0.323944,0.473684,0.529412,0.000000,1.000000,10,
"classroom_fol/BOTH/parsed-file3850_inv14.als","classroom_fol","BOTH","inv14",18,4,30,168,46,40,0.107143,0.086957,0.750000,0.800000,0.200000,10,
"classroom_fol/BOTH/parsed-file3853_inv8.als","classroom_fol","BOTH","inv8",13,6,32,124,30,44,0.104839,0.200000,0.727273,0.000000,1.000000,10,
"classroom_fol/BOTH/parsed-file3861_inv13.als","classroom_fol","BOTH","inv13",51,17,17,72,20,18,0.708333,0.850000,0.944444,0.900000,0.100000,10,
"classroom_fol/BOTH/parsed-file3862_inv14.als","classroom_fol","BOTH","inv14",82,36,41,170,49,46,0.482353,0.734694,0.891304,0.300000,0.700000,10,
"classroom_fol/BOTH/parsed-file3873_inv4.als","classroom_fol","BOTH","inv4",4,3,9,62,16,17,0.064516,0.187500,0.529412,0.000000,1.000000,10,
"classroom_fol/BOTH/parsed-file3883_inv2.als","classroom_fol","BOTH","inv2",8,3,5,19,6,7,0.421053,0.500000,0.714286,0.000000,1.000000,10,
"classroom_fol/BOTH/parsed-file3894_inv14.als","classroom_fol","BOTH","inv14",63,38,42,154,41,38,0.409091,0.926829,1.105263,0.060000,0.940000,10,
"classroom_fol/BOTH/parsed-file3895_inv15.als","classroom_fol","BOTH","inv15",26,12,10,45,12,11,0.577778,1.000000,0.909091,0.000000,1.000000,10,
"classroom_fol/BOTH/parsed-file3896_inv11.als","classroom_fol","BOTH","inv11",8,23,16,143,38,36,0.055944,0.605263,0.444444,0.900000,0.100000,10,
"classroom_fol/BOTH/parsed-file3909_inv13.als","classroom_fol","BOTH","inv13",41,14,23,97,28,26,0.422680,0.500000,0.884615,0.090000,0.910000,10,
"classroom_fol/BOTH/parsed-file3922_inv6.als","classroom_fol","BOTH","inv6",4,1,11,71,19,18,0.056338,0.052632,0.611111,0.300000,0.700000,10,
"classroom_fol/BOTH/parsed-file3924_inv12.als","classroom_fol","BOTH","inv12",10,3,27,133,36,38,0.075188,0.083333,0.710526,0.600000,0.400000,10,
"classroom_fol/BOTH/parsed-file3928_inv11.als","classroom_fol","BOTH","inv11",41,20,15,91,25,25,0.450549,0.800000,0.600000,0.000000,1.000000,10,
"classroom_fol/BOTH/parsed-file3934_inv14.als","classroom_fol","BOTH","inv14",28,29,34,155,43,40,0.180645,0.674419,0.850000,0.000000,1.000000,10,
"classroom_fol/BOTH/parsed-file3936_inv15.als","classroom_fol","BOTH","inv15",96,57,66,218,64,72,0.440367,0.890625,0.916667,0.600000,0.400000,10,
"classroom_fol/BOTH/parsed-file3941_inv14.als","classroom_fol","BOTH","inv14",33,28,46,165,45,42,0.200000,0.622222,1.095238,0.000000,1.000000,10,
"classroom_fol/BOTH/parsed-file3947_inv11.als","classroom_fol","BOTH","inv11",29,20,33,134,36,37,0.216418,0.555556,0.891892,0.400000,0.600000,10,
"classroom_fol/BOTH/parsed-file3951_inv11.als","classroom_fol","BOTH","inv11",73,43,29,178,47,45,0.410112,0.914894,0.644444,0.000000,1.000000,10,
"classroom_fol/BOTH/parsed-file3952_inv12.als","classroom_fol","BOTH","inv12",24,10,33,132,37,37,0.181818,0.270270,0.891892,0.000000,1.000000,10,
"classroom_fol/BOTH/parsed-file3959_inv11.als","classroom_fol","BOTH","inv11",54,20,23,133,36,38,0.406015,0.555556,0.605263,0.500000,0.500000,10,
"classroom_fol/BOTH/parsed-file3962_inv11.als","classroom_fol","BOTH","inv11",29,7,27,161,42,44,0.180124,0.166667,0.613636,0.100000,0.900000,10,
"classroom_fol/BOTH/parsed-file3964_inv5.als","classroom_fol","BOTH","inv5",16,4,14,70,19,18,0.228571,0.210526,0.777778,0.000000,1.000000,10,
"classroom_fol/BOTH/parsed-file396_inv7.als","classroom_fol","BOTH","inv7",12,6,6,60,17,18,0.200000,0.352941,0.333333,0.980392,0.019608,10,
"classroom_fol/BOTH/parsed-file3970_inv13.als","classroom_fol","BOTH","inv13",46,15,23,87,26,26,0.528736,0.576923,0.884615,0.090000,0.910000,10,
"classroom_fol/BOTH/parsed-file3972_inv4.als","classroom_fol","BOTH","inv4",7,3,2,24,7,6,0.291667,0.428571,0.333333,0.000000,1.000000,10,
"classroom_fol/BOTH/parsed-file3975_inv12.als","classroom_fol","BOTH","inv12",41,16,13,90,25,25,0.455556,0.640000,0.520000,0.240000,0.760000,10,
"classroom_fol/BOTH/parsed-file397_inv11.als","classroom_fol","BOTH","inv11",42,26,19,126,34,33,0.333333,0.764706,0.575758,0.700000,0.300000,10,
"classroom_fol/BOTH/parsed-file3982_inv14.als","classroom_fol","BOTH","inv14",14,39,37,166,46,45,0.084337,0.847826,0.822222,0.000000,1.000000,10,
"classroom_fol/BOTH/parsed-file3988_inv11.als","classroom_fol","BOTH","inv11",40,14,19,133,36,38,0.300752,0.388889,0.500000,0.000000,1.000000,10,
"classroom_fol/BOTH/parsed-file3989_inv14.als","classroom_fol","BOTH","inv14",28,5,46,147,42,46,0.190476,0.119048,1.000000,0.000000,1.000000,10,
"classroom_fol/BOTH/parsed-file3991_inv5.als","classroom_fol","BOTH","inv5",4,1,13,61,17,18,0.065574,0.058824,0.722222,0.300000,0.700000,10,
"classroom_fol/BOTH/parsed-file3999_inv14.als","classroom_fol","BOTH","inv14",62,32,26,136,41,37,0.455882,0.780488,0.702703,0.980392,0.019608,10,
"classroom_fol/BOTH/parsed-file39_inv11.als","classroom_fol","BOTH","inv11",27,33,16,154,40,39,0.175325,0.825000,0.410256,0.000000,1.000000,10,
"classroom_fol/BOTH/parsed-file4004_inv14.als","classroom_fol","BOTH","inv14",35,8,45,168,46,47,0.208333,0.173913,0.957447,0.000000,1.000000,10,
"classroom_fol/BOTH/parsed-file4009_inv3.als","classroom_fol","BOTH","inv3",2,2,5,60,16,14,0.033333,0.125000,0.357143,0.980392,0.019608,10,
"classroom_fol/BOTH/parsed-file4013_inv11.als","classroom_fol","BOTH","inv11",14,22,17,142,38,36,0.098592,0.578947,0.472222,0.000000,1.000000,10,
"classroom_fol/BOTH/parsed-file4016_inv11.als","classroom_fol","BOTH","inv11",43,16,20,133,36,38,0.323308,0.444444,0.526316,0.000000,1.000000,10,
"classroom_fol/BOTH/parsed-file4016_inv4.als","classroom_fol","BOTH","inv4",2,2,6,62,16,16,0.032258,0.125000,0.375000,0.900000,0.100000,10,
"classroom_fol/BOTH/parsed-file401_inv14.als","classroom_fol","BOTH","inv14",44,25,22,92,26,28,0.478261,0.961538,0.785714,0.120000,0.880000,10,
"classroom_fol/BOTH/parsed-file4023_inv8.als","classroom_fol","BOTH","inv8",82,41,48,179,49,52,0.458101,0.836735,0.923077,0.000000,1.000000,10,
"classroom_fol/BOTH/parsed-file4029_inv12.als","classroom_fol","BOTH","inv12",14,6,11,126,34,33,0.111111,0.176471,0.333333,0.000000,1.000000,10,
"classroom_fol/BOTH/parsed-file4032_inv12.als","classroom_fol","BOTH","inv12",39,19,12,102,27,25,0.382353,0.703704,0.480000,0.480000,0.520000,10,
"classroom_fol/BOTH/parsed-file4034_inv12.als","classroom_fol","BOTH","inv12",27,9,12,133,36,35,0.203008,0.250000,0.342857,0.300000,0.700000,10,
"classroom_fol/BOTH/parsed-file4035_inv11.als","classroom_fol","BOTH","inv11",42,15,11,78,22,20,0.538462,0.681818,0.550000,0.350000,0.650000,10,
"classroom_fol/BOTH/parsed-file4035_inv12.als","classroom_fol","BOTH","inv12",12,5,3,52,15,13,0.230769,0.333333,0.230769,0.480000,0.520000,10,
"classroom_fol/BOTH/parsed-file4037_inv10.als","classroom_fol","BOTH","inv10",34,9,12,79,21,21,0.430380,0.428571,0.571429,0.000000,1.000000,10,
"classroom_fol/BOTH/parsed-file4038_inv11.als","classroom_fol","BOTH","inv11",27,20,9,91,25,25,0.296703,0.800000,0.360000,0.350000,0.650000,10,
"classroom_fol/BOTH/parsed-file4041_inv12.als","classroom_fol","BOTH","inv12",41,15,19,91,25,25,0.450549,0.600000,0.760000,0.630000,0.370000,10,
"classroom_fol/BOTH/parsed-file4041_inv13.als","classroom_fol","BOTH","inv13",44,19,17,62,18,18,0.709677,1.055556,0.944444,0.900000,0.100000,10,
"classroom_fol/BOTH/parsed-file4042_inv5.als","classroom_fol","BOTH","inv5",28,10,12,58,16,15,0.482759,0.625000,0.800000,0.000000,1.000000,10,
"classroom_fol/BOTH/parsed-file4059_inv12.als","classroom_fol","BOTH","inv12",9,6,1,52,15,13,0.173077,0.400000,0.076923,0.480000,0.520000,10,
"classroom_fol/BOTH/parsed-file4059_inv13.als","classroom_fol","BOTH","inv13",33,8,4,71,24,16,0.464789,0.333333,0.250000,0.900000,0.100000,10,
"classroom_fol/BOTH/parsed-file4060_inv11.als","classroom_fol","BOTH","inv11",49,17,25,120,33,33,0.408333,0.515152,0.757576,0.100000,0.900000,10,
"classroom_fol/BOTH/parsed-file4062_inv4.als","classroom_fol","BOTH","inv4",56,25,29,108,24,27,0.518519,1.041667,1.074074,0.900000,0.100000,10,
"classroom_fol/BOTH/parsed-file4066_inv11.als","classroom_fol","BOTH","inv11",40,14,19,133,36,38,0.300752,0.388889,0.500000,0.400000,0.600000,10,
"classroom_fol/BOTH/parsed-file4072_inv9.als","classroom_fol","BOTH","inv9",20,11,14,50,14,13,0.400000,0.785714,1.076923,0.080000,0.920000,10,
"classroom_fol/BOTH/parsed-file4079_inv4.als","classroom_fol","BOTH","inv4",3,2,9,62,16,17,0.048387,0.125000,0.529412,0.000000,1.000000,10,
"classroom_fol/BOTH/parsed-file4082_inv4.als","classroom_fol","BOTH","inv4",15,7,5,30,8,7,0.500000,0.875000,0.714286,0.000000,1.000000,10,
"classroom_fol/BOTH/parsed-file408_inv14.als","classroom_fol","BOTH","inv14",90,34,34,171,42,45,0.526316,0.809524,0.755556,0.000000,1.000000,10,
"classroom_fol/BOTH/parsed-file4096_inv14.als","classroom_fol","BOTH","inv14",35,12,41,168,46,43,0.208333,0.260870,0.953488,0.000000,1.000000,10,
"classroom_fol/BOTH/parsed-file4100_inv9.als","classroom_fol","BOTH","inv9",8,5,4,51,15,14,0.156863,0.333333,0.285714,0.360000,0.640000,10,
"classroom_fol/BOTH/parsed-file4109_inv5.als","classroom_fol","BOTH","inv5",15,5,4,28,9,7,0.535714,0.555556,0.571429,0.980392,0.019608,10,
"classroom_fol/BOTH/parsed-file4116_inv11.als","classroom_fol","BOTH","inv11",19,10,16,144,38,39,0.131944,0.263158,0.410256,0.000000,1.000000,10,
"classroom_fol/BOTH/parsed-file4119_inv3.als","classroom_fol","BOTH","inv3",3,2,5,60,16,14,0.050000,0.125000,0.357143,0.980392,0.019608,10,
"classroom_fol/BOTH/parsed-file411_inv11.als","classroom_fol","BOTH","inv11",41,14,19,133,36,38,0.308271,0.388889,0.500000,0.000000,1.000000,10,
"classroom_fol/BOTH/parsed-file4121_inv12.als","classroom_fol","BOTH","inv12",31,30,26,154,40,38,0.201299,0.750000,0.684211,0.080000,0.920000,10,
"classroom_fol/BOTH/parsed-file4126_inv12.als","classroom_fol","BOTH","inv12",6,2,29,153,40,40,0.039216,0.050000,0.725000,0.080000,0.920000,10,
"classroom_fol/BOTH/parsed-file4127_inv11.als","classroom_fol","BOTH","inv11",25,33,22,155,40,39,0.161290,0.825000,0.564103,0.100000,0.900000,10,
"classroom_fol/BOTH/parsed-file4128_inv15.als","classroom_fol","BOTH","inv15",23,11,10,40,11,11,0.575000,1.000000,0.909091,0.000000,1.000000,10,
"classroom_fol/BOTH/parsed-file4129_inv7.als","classroom_fol","BOTH","inv7",11,5,7,42,12,12,0.261905,0.416667,0.583333,0.000000,1.000000,10,
"classroom_fol/BOTH/parsed-file4134_inv13.als","classroom_fol","BOTH","inv13",80,35,42,166,44,43,0.481928,0.795455,0.976744,0.100000,0.900000,10,
"classroom_fol/BOTH/parsed-file4140_inv11.als","classroom_fol","BOTH","inv11",62,23,15,123,34,36,0.504065,0.676471,0.416667,0.900000,0.100000,10,
"classroom_fol/BOTH/parsed-file4146_inv14.als","classroom_fol","BOTH","inv14",31,7,45,157,44,47,0.197452,0.159091,0.957447,0.000000,1.000000,10,
"classroom_fol/BOTH/parsed-file4147_inv14.als","classroom_fol","BOTH","inv14",58,30,47,149,44,43,0.389262,0.681818,1.093023,0.100000,0.900000,10,
"classroom_fol/BOTH/parsed-file4149_inv11.als","classroom_fol","BOTH","inv11",41,26,25,127,34,33,0.322835,0.764706,0.757576,0.400000,0.600000,10,
"classroom_fol/BOTH/parsed-file4154_inv11.als","classroom_fol","BOTH","inv11",44,21,22,101,27,26,0.435644,0.777778,0.846154,0.350000,0.650000,10,
"classroom_fol/BOTH/parsed-file4157_inv14.als","classroom_fol","BOTH","inv14",17,9,6,156,43,43,0.108974,0.209302,0.139535,0.120000,0.880000,10,
"classroom_fol/BOTH/parsed-file4159_inv14.als","classroom_fol","BOTH","inv14",40,9,46,158,44,46,0.253165,0.204545,1.000000,0.000000,1.000000,10,
"classroom_fol/BOTH/parsed-file4163_inv14.als","classroom_fol","BOTH","inv14",54,21,36,124,33,32,0.435484,0.636364,1.125000,0.080000,0.920000,10,
"classroom_fol/BOTH/parsed-file4164_inv14.als","classroom_fol","BOTH","inv14",10,2,26,155,44,44,0.064516,0.045455,0.590909,0.000000,1.000000,10,
"classroom_fol/BOTH/parsed-file4166_inv14.als","classroom_fol","BOTH","inv14",52,19,36,124,33,32,0.419355,0.575758,1.125000,0.240000,0.760000,10,
"classroom_fol/BOTH/parsed-file4176_inv14.als","classroom_fol","BOTH","inv14",62,30,38,157,44,44,0.394904,0.681818,0.863636,0.100000,0.900000,10,
"classroom_fol/BOTH/parsed-file4183_inv12.als","classroom_fol","BOTH","inv12",34,15,11,91,25,25,0.373626,0.600000,0.440000,0.480000,0.520000,10,
"classroom_fol/BOTH/parsed-file418_inv11.als","classroom_fol","BOTH","inv11",19,17,16,132,36,36,0.143939,0.472222,0.444444,0.000000,1.000000,10,
"classroom_fol/BOTH/parsed-file4190_inv15.als","classroom_fol","BOTH","inv15",85,30,41,131,36,44,0.648855,0.833333,0.931818,0.100000,0.900000,10,
"classroom_fol/BOTH/parsed-file4193_inv14.als","classroom_fol","BOTH","inv14",8,39,37,165,46,45,0.048485,0.847826,0.822222,0.000000,1.000000,10,
"classroom_fol/BOTH/parsed-file4203_inv14.als","classroom_fol","BOTH","inv14",35,38,45,166,46,44,0.210843,0.826087,1.022727,0.000000,1.000000,10,
"classroom_fol/BOTH/parsed-file4208_inv12.als","classroom_fol","BOTH","inv12",38,13,15,77,22,23,0.493506,0.590909,0.652174,0.240000,0.760000,10,
"classroom_fol/BOTH/parsed-file4209_inv11.als","classroom_fol","BOTH","inv11",45,19,29,132,36,38,0.340909,0.527778,0.763158,0.100000,0.900000,10,
"classroom_fol/BOTH/parsed-file4212_inv11.als","classroom_fol","BOTH","inv11",49,22,29,132,36,38,0.371212,0.611111,0.763158,0.100000,0.900000,10,
"classroom_fol/BOTH/parsed-file4217_inv5.als","classroom_fol","BOTH","inv5",8,2,13,71,19,18,0.112676,0.105263,0.722222,0.300000,0.700000,10,
"classroom_fol/BOTH/parsed-file4218_inv11.als","classroom_fol","BOTH","inv11",48,23,18,115,32,31,0.417391,0.718750,0.580645,0.000000,1.000000,10,
"classroom_fol/BOTH/parsed-file4221_inv4.als","classroom_fol","BOTH","inv4",21,11,8,52,14,11,0.403846,0.785714,0.727273,0.000000,1.000000,10,
"classroom_fol/BOTH/parsed-file4222_inv8.als","classroom_fol","BOTH","inv8",83,41,49,181,50,53,0.458564,0.820000,0.924528,0.000000,1.000000,10,
"classroom_fol/BOTH/parsed-file4227_inv11.als","classroom_fol","BOTH","inv11",37,13,21,131,36,36,0.282443,0.361111,0.583333,0.000000,1.000000,10,
"classroom_fol/BOTH/parsed-file4231_inv14.als","classroom_fol","BOTH","inv14",54,31,38,157,44,44,0.343949,0.704545,0.863636,0.240000,0.760000,10,
"classroom_fol/BOTH/parsed-file4232_inv5.als","classroom_fol","BOTH","inv5",22,6,8,45,12,12,0.488889,0.500000,0.666667,0.980392,0.019608,10,
"classroom_fol/BOTH/parsed-file4233_inv11.als","classroom_fol","BOTH","inv11",54,18,16,135,36,38,0.400000,0.500000,0.421053,0.240000,0.760000,10,
"classroom_fol/BOTH/parsed-file4237_inv13.als","classroom_fol","BOTH","inv13",44,19,17,62,18,18,0.709677,1.055556,0.944444,0.900000,0.100000,10,
"classroom_fol/BOTH/parsed-file4239_inv11.als","classroom_fol","BOTH","inv11",40,16,25,116,32,33,0.344828,0.500000,0.757576,0.400000,0.600000,10,
"classroom_fol/BOTH/parsed-file4242_inv12.als","classroom_fol","BOTH","inv12",34,15,11,91,25,25,0.373626,0.600000,0.440000,0.480000,0.520000,10,
"classroom_fol/BOTH/parsed-file4246_inv12.als","classroom_fol","BOTH","inv12",49,34,34,155,40,39,0.316129,0.850000,0.871795,0.100000,0.900000,10,
"classroom_fol/BOTH/parsed-file4262_inv12.als","classroom_fol","BOTH","inv12",27,27,24,128,34,29,0.210938,0.794118,0.827586,0.700000,0.300000,10,
"classroom_fol/BOTH/parsed-file4264_inv11.als","classroom_fol","BOTH","inv11",49,19,29,132,36,38,0.371212,0.527778,0.763158,0.100000,0.900000,10,
"classroom_fol/BOTH/parsed-file4265_inv11.als","classroom_fol","BOTH","inv11",40,21,24,133,36,37,0.300752,0.583333,0.648649,0.000000,1.000000,10,
"classroom_fol/BOTH/parsed-file4266_inv12.als","classroom_fol","BOTH","inv12",34,15,11,91,25,25,0.373626,0.600000,0.440000,0.480000,0.520000,10,
"classroom_fol/BOTH/parsed-file4267_inv11.als","classroom_fol","BOTH","inv11",48,14,15,136,38,39,0.352941,0.368421,0.384615,0.350000,0.650000,10,
"classroom_fol/BOTH/parsed-file4269_inv5.als","classroom_fol","BOTH","inv5",4,1,17,72,19,19,0.055556,0.052632,0.894737,0.980392,0.019608,10,
"classroom_fol/BOTH/parsed-file427_inv11.als","classroom_fol","BOTH","inv11",12,3,18,132,36,36,0.090909,0.083333,0.500000,0.400000,0.600000,10,
"classroom_fol/BOTH/parsed-file4283_inv4.als","classroom_fol","BOTH","inv4",7,3,2,24,7,6,0.291667,0.428571,0.333333,0.000000,1.000000,10,
"classroom_fol/BOTH/parsed-file4284_inv5.als","classroom_fol","BOTH","inv5",4,1,15,72,19,19,0.055556,0.052632,0.789474,0.300000,0.700000,10,
"classroom_fol/BOTH/parsed-file4286_inv13.als","classroom_fol","BOTH","inv13",39,20,18,56,18,16,0.696429,1.111111,1.125000,0.100000,0.900000,10,
"classroom_fol/BOTH/parsed-file4292_inv14.als","classroom_fol","BOTH","inv14",42,18,13,146,42,45,0.287671,0.428571,0.288889,0.200000,0.800000,10,
"classroom_fol/BOTH/parsed-file4298_inv11.als","classroom_fol","BOTH","inv11",45,17,15,121,34,36,0.371901,0.500000,0.416667,0.900000,0.100000,10,
"classroom_fol/BOTH/parsed-file4300_inv14.als","classroom_fol","BOTH","inv14",38,38,45,167,46,44,0.227545,0.826087,1.022727,0.160000,0.840000,10,
"classroom_fol/BOTH/parsed-file4301_inv11.als","classroom_fol","BOTH","inv11",44,20,23,116,32,33,0.379310,0.625000,0.696970,0.250000,0.750000,10,
"classroom_fol/BOTH/parsed-file4307_inv14.als","classroom_fol","BOTH","inv14",44,25,39,157,44,44,0.280255,0.568182,0.886364,0.200000,0.800000,10,
"classroom_fol/BOTH/parsed-file4308_inv14.als","classroom_fol","BOTH","inv14",54,23,41,157,44,47,0.343949,0.522727,0.872340,0.200000,0.800000,10,
"classroom_fol/BOTH/parsed-file430_inv11.als","classroom_fol","BOTH","inv11",45,17,14,121,34,36,0.371901,0.500000,0.388889,0.900000,0.100000,10,
"classroom_fol/BOTH/parsed-file4318_inv11.als","classroom_fol","BOTH","inv11",25,33,22,155,40,39,0.161290,0.825000,0.564103,0.100000,0.900000,10,
"classroom_fol/BOTH/parsed-file4319_inv15.als","classroom_fol","BOTH","inv15",69,27,40,114,34,44,0.605263,0.794118,0.909091,0.600000,0.400000,10,
"classroom_fol/BOTH/parsed-file4324_inv11.als","classroom_fol","BOTH","inv11",55,20,23,132,36,38,0.416667,0.555556,0.605263,0.980392,0.019608,10,
"classroom_fol/BOTH/parsed-file4328_inv14.als","classroom_fol","BOTH","inv14",64,28,36,113,31,32,0.566372,0.903226,1.125000,0.200000,0.800000,10,
"classroom_fol/BOTH/parsed-file4329_inv11.als","classroom_fol","BOTH","inv11",44,19,18,122,34,36,0.360656,0.558824,0.500000,0.400000,0.600000,10,
"classroom_fol/BOTH/parsed-file432_inv12.als","classroom_fol","BOTH","inv12",34,15,11,91,25,25,0.373626,0.600000,0.440000,0.480000,0.520000,10,
"classroom_fol/BOTH/parsed-file4335_inv11.als","classroom_fol","BOTH","inv11",48,21,28,125,33,33,0.384000,0.636364,0.848485,0.100000,0.900000,10,
"classroom_fol/BOTH/parsed-file4336_inv12.als","classroom_fol","BOTH","inv12",26,14,24,116,32,33,0.224138,0.437500,0.727273,0.000000,1.000000,10,
"classroom_fol/BOTH/parsed-file4337_inv14.als","classroom_fol","BOTH","inv14",78,34,42,165,47,47,0.472727,0.723404,0.893617,0.100000,0.900000,10,
"classroom_fol/BOTH/parsed-file4344_inv12.als","classroom_fol","BOTH","inv12",14,28,23,132,36,37,0.106061,0.777778,0.621622,0.000000,1.000000,10,
"classroom_fol/BOTH/parsed-file434_inv12.als","classroom_fol","BOTH","inv12",39,15,19,91,25,25,0.428571,0.600000,0.760000,0.630000,0.370000,10,
"classroom_fol/BOTH/parsed-file4363_inv12.als","classroom_fol","BOTH","inv12",6,2,29,153,40,40,0.039216,0.050000,0.725000,0.080000,0.920000,10,
"classroom_fol/BOTH/parsed-file4364_inv11.als","classroom_fol","BOTH","inv11",39,14,19,110,30,28,0.354545,0.466667,0.678571,0.350000,0.650000,10,
"classroom_fol/BOTH/parsed-file4365_inv11.als","classroom_fol","BOTH","inv11",29,6,14,147,40,42,0.197279,0.150000,0.333333,0.320000,0.680000,10,
"classroom_fol/BOTH/parsed-file4370_inv5.als","classroom_fol","BOTH","inv5",4,1,17,72,19,19,0.055556,0.052632,0.894737,0.980392,0.019608,10,
"classroom_fol/BOTH/parsed-file4376_inv11.als","classroom_fol","BOTH","inv11",14,4,22,144,38,39,0.097222,0.105263,0.564103,0.100000,0.900000,10,
"classroom_fol/BOTH/parsed-file4381_inv11.als","classroom_fol","BOTH","inv11",53,21,30,133,36,38,0.398496,0.583333,0.789474,0.100000,0.900000,10,
"classroom_fol/BOTH/parsed-file4383_inv12.als","classroom_fol","BOTH","inv12",6,2,29,153,40,40,0.039216,0.050000,0.725000,0.080000,0.920000,10,
"classroom_fol/BOTH/parsed-file4388_inv11.als","classroom_fol","BOTH","inv11",54,20,19,105,30,31,0.514286,0.666667,0.612903,0.200000,0.800000,10,
"classroom_fol/BOTH/parsed-file438_inv15.als","classroom_fol","BOTH","inv15",94,43,44,191,50,52,0.492147,0.860000,0.846154,0.000000,1.000000,10,
"classroom_fol/BOTH/parsed-file4394_inv12.als","classroom_fol","BOTH","inv12",19,6,21,116,32,33,0.163793,0.187500,0.636364,0.100000,0.900000,10,
"classroom_fol/BOTH/parsed-file4397_inv9.als","classroom_fol","BOTH","inv9",21,7,8,45,12,12,0.466667,0.583333,0.666667,0.360000,0.640000,10,
"classroom_fol/BOTH/parsed-file4399_inv8.als","classroom_fol","BOTH","inv8",18,11,26,123,32,34,0.146341,0.343750,0.764706,0.500000,0.500000,10,
"classroom_fol/BOTH/parsed-file43_inv13.als","classroom_fol","BOTH","inv13",46,19,15,63,18,20,0.730159,1.055556,0.750000,0.040000,0.960000,10,
"classroom_fol/BOTH/parsed-file4401_inv11.als","classroom_fol","BOTH","inv11",44,17,18,131,36,34,0.335878,0.472222,0.529412,0.000000,1.000000,10,
"classroom_fol/BOTH/parsed-file4401_inv15.als","classroom_fol","BOTH","inv15",60,23,29,99,26,31,0.606061,0.884615,0.935484,0.100000,0.900000,10,
"classroom_fol/BOTH/parsed-file4408_inv11.als","classroom_fol","BOTH","inv11",54,21,27,116,32,33,0.465517,0.656250,0.818182,0.100000,0.900000,10,
"classroom_fol/BOTH/parsed-file4410_inv9.als","classroom_fol","BOTH","inv9",27,10,12,68,19,17,0.397059,0.526316,0.705882,0.360000,0.640000,10,
"classroom_fol/BOTH/parsed-file4413_inv11.als","classroom_fol","BOTH","inv11",62,24,24,122,34,36,0.508197,0.705882,0.666667,0.000000,1.000000,10,
"classroom_fol/BOTH/parsed-file4425_inv14.als","classroom_fol","BOTH","inv14",52,18,21,102,29,30,0.509804,0.620690,0.700000,0.160000,0.840000,10,
"classroom_fol/BOTH/parsed-file4427_inv6.als","classroom_fol","BOTH","inv6",12,10,11,61,17,18,0.196721,0.588235,0.611111,0.300000,0.700000,10,
"classroom_fol/BOTH/parsed-file4434_inv11.als","classroom_fol","BOTH","inv11",20,7,7,137,38,38,0.145985,0.184211,0.184211,0.000000,1.000000,10,
"classroom_fol/BOTH/parsed-file4438_inv11.als","classroom_fol","BOTH","inv11",53,18,21,131,36,38,0.404580,0.500000,0.552632,0.500000,0.500000,10,
"classroom_fol/BOTH/parsed-file4441_inv7.als","classroom_fol","BOTH","inv7",14,2,6,72,19,19,0.194444,0.105263,0.315789,0.200000,0.800000,10,
"classroom_fol/BOTH/parsed-file4442_inv14.als","classroom_fol","BOTH","inv14",18,4,38,168,46,43,0.107143,0.086957,0.883721,0.000000,1.000000,10,
"classroom_fol/BOTH/parsed-file4443_inv11.als","classroom_fol","BOTH","inv11",41,26,25,127,34,33,0.322835,0.764706,0.757576,0.400000,0.600000,10,
"classroom_fol/BOTH/parsed-file4444_inv12.als","classroom_fol","BOTH","inv12",43,33,12,154,40,35,0.279221,0.825000,0.342857,0.300000,0.700000,10,
"classroom_fol/BOTH/parsed-file4454_inv12.als","classroom_fol","BOTH","inv12",24,26,23,126,34,33,0.190476,0.764706,0.696970,0.000000,1.000000,10,
"classroom_fol/BOTH/parsed-file4455_inv3.als","classroom_fol","BOTH","inv3",1,1,3,60,16,15,0.016667,0.062500,0.200000,0.000000,1.000000,10,
"classroom_fol/BOTH/parsed-file4471_inv14.als","classroom_fol","BOTH","inv14",16,3,30,156,44,44,0.102564,0.068182,0.681818,0.000000,1.000000,10,
"classroom_fol/BOTH/parsed-file4473_inv12.als","classroom_fol","BOTH","inv12",39,19,12,102,27,25,0.382353,0.703704,0.480000,0.480000,0.520000,10,
"classroom_fol/BOTH/parsed-file4474_inv11.als","classroom_fol","BOTH","inv11",20,32,19,148,39,42,0.135135,0.820513,0.452381,0.100000,0.900000,10,
"classroom_fol/BOTH/parsed-file4475_inv11.als","classroom_fol","BOTH","inv11",33,20,13,91,25,25,0.362637,0.800000,0.520000,0.350000,0.650000,10,
"classroom_fol/BOTH/parsed-file4476_inv11.als","classroom_fol","BOTH","inv11",12,3,34,134,36,38,0.089552,0.083333,0.894737,0.100000,0.900000,10,
"classroom_fol/BOTH/parsed-file4477_inv12.als","classroom_fol","BOTH","inv12",35,17,18,132,36,36,0.265152,0.472222,0.500000,0.000000,1.000000,10,
"classroom_fol/BOTH/parsed-file4492_inv14.als","classroom_fol","BOTH","inv14",43,19,19,89,23,24,0.483146,0.826087,0.791667,0.200000,0.800000,10,
"classroom_fol/BOTH/parsed-file4497_inv4.als","classroom_fol","BOTH","inv4",7,3,2,24,7,6,0.291667,0.428571,0.333333,0.000000,1.000000,10,
"classroom_fol/BOTH/parsed-file449_inv11.als","classroom_fol","BOTH","inv11",33,20,13,91,25,25,0.362637,0.800000,0.520000,0.350000,0.650000,10,
"classroom_fol/BOTH/parsed-file4502_inv12.als","classroom_fol","BOTH","inv12",22,28,26,133,36,37,0.165414,0.777778,0.702703,0.000000,1.000000,10,
"classroom_fol/BOTH/parsed-file4515_inv14.als","classroom_fol","BOTH","inv14",35,33,19,168,46,13,0.208333,0.717391,1.461538,0.080000,0.920000,10,
"classroom_fol/BOTH/parsed-file4518_inv11.als","classroom_fol","BOTH","inv11",55,26,33,131,36,39,0.419847,0.722222,0.846154,0.100000,0.900000,10,
"classroom_fol/BOTH/parsed-file4519_inv11.als","classroom_fol","BOTH","inv11",21,18,20,130,36,36,0.161538,0.500000,0.555556,0.000000,1.000000,10,
"classroom_fol/BOTH/parsed-file4526_inv5.als","classroom_fol","BOTH","inv5",22,6,8,45,12,12,0.488889,0.500000,0.666667,0.980392,0.019608,10,
"classroom_fol/BOTH/parsed-file4530_inv11.als","classroom_fol","BOTH","inv11",33,16,25,115,32,33,0.286957,0.500000,0.757576,0.000000,1.000000,10,
"classroom_fol/BOTH/parsed-file4544_inv12.als","classroom_fol","BOTH","inv12",53,41,34,182,49,45,0.291209,0.836735,0.755556,0.080000,0.920000,10,
"classroom_fol/BOTH/parsed-file4551_inv11.als","classroom_fol","BOTH","inv11",27,20,9,91,25,25,0.296703,0.800000,0.360000,0.350000,0.650000,10,
"classroom_fol/BOTH/parsed-file4554_inv13.als","classroom_fol","BOTH","inv13",1,1,1,92,24,27,0.010870,0.041667,0.037037,0.980392,0.019608,10,
"classroom_fol/BOTH/parsed-file4555_inv14.als","classroom_fol","BOTH","inv14",49,20,23,120,33,31,0.408333,0.606061,0.741935,0.500000,0.500000,10,
"classroom_fol/BOTH/parsed-file455_inv14.als","classroom_fol","BOTH","inv14",32,7,42,157,44,47,0.203822,0.159091,0.893617,0.300000,0.700000,10,
"classroom_fol/BOTH/parsed-file456_inv14.als","classroom_fol","BOTH","inv14",33,9,48,170,46,47,0.194118,0.195652,1.021277,0.000000,1.000000,10,
"classroom_fol/BOTH/parsed-file4573_inv12.als","classroom_fol","BOTH","inv12",37,29,33,142,38,36,0.260563,0.763158,0.916667,0.070000,0.930000,10,
"classroom_fol/BOTH/parsed-file4581_inv12.als","classroom_fol","BOTH","inv12",47,18,28,133,36,38,0.353383,0.500000,0.736842,0.000000,1.000000,10,
"classroom_fol/BOTH/parsed-file4582_inv12.als","classroom_fol","BOTH","inv12",19,6,22,116,32,33,0.163793,0.187500,0.666667,0.100000,0.900000,10,
"classroom_fol/BOTH/parsed-file4583_inv13.als","classroom_fol","BOTH","inv13",25,6,26,103,28,28,0.242718,0.214286,0.928571,0.000000,1.000000,10,
"classroom_fol/BOTH/parsed-file4584_inv5.als","classroom_fol","BOTH","inv5",10,2,17,71,19,19,0.140845,0.105263,0.894737,0.700000,0.300000,10,
"classroom_fol/BOTH/parsed-file4588_inv1.als","classroom_fol","BOTH","inv1",1,1,3,41,11,12,0.024390,0.090909,0.250000,0.000000,1.000000,10,
"classroom_fol/BOTH/parsed-file4591_inv11.als","classroom_fol","BOTH","inv11",54,26,27,131,36,39,0.412214,0.722222,0.692308,0.000000,1.000000,10,
"classroom_fol/BOTH/parsed-file4595_inv5.als","classroom_fol","BOTH","inv5",13,3,17,71,19,19,0.183099,0.157895,0.894737,0.980392,0.019608,10,
"classroom_fol/BOTH/parsed-file4598_inv15.als","classroom_fol","BOTH","inv15",102,36,49,150,43,53,0.680000,0.837209,0.924528,0.000000,1.000000,10,
"classroom_fol/BOTH/parsed-file4599_inv3.als","classroom_fol","BOTH","inv3",4,1,12,63,18,17,0.063492,0.055556,0.705882,0.000000,1.000000,10,
"classroom_fol/BOTH/parsed-file4601_inv5.als","classroom_fol","BOTH","inv5",14,8,5,18,6,5,0.777778,1.333333,1.000000,0.000000,1.000000,10,
"classroom_fol/BOTH/parsed-file4603_inv12.als","classroom_fol","BOTH","inv12",37,24,28,122,32,30,0.303279,0.750000,0.933333,0.100000,0.900000,10,
"classroom_fol/BOTH/parsed-file4604_inv6.als","classroom_fol","BOTH","inv6",16,14,18,80,22,22,0.200000,0.636364,0.818182,0.300000,0.700000,10,
"classroom_fol/BOTH/parsed-file4607_inv7.als","classroom_fol","BOTH","inv7",6,1,1,30,9,7,0.200000,0.111111,0.142857,0.000000,1.000000,10,
"classroom_fol/BOTH/parsed-file4611_inv11.als","classroom_fol","BOTH","inv11",27,7,11,142,37,42,0.190141,0.189189,0.261905,0.500000,0.500000,10,
"classroom_fol/BOTH/parsed-file4611_inv12.als","classroom_fol","BOTH","inv12",30,9,13,110,30,28,0.272727,0.300000,0.464286,0.000000,1.000000,10,
"classroom_fol/BOTH/parsed-file4618_inv14.als","classroom_fol","BOTH","inv14",18,39,39,167,46,47,0.107784,0.847826,0.829787,0.000000,1.000000,10,
"classroom_fol/BOTH/parsed-file4624_inv11.als","classroom_fol","BOTH","inv11",54,20,19,105,30,31,0.514286,0.666667,0.612903,0.200000,0.800000,10,
"classroom_fol/BOTH/parsed-file4629_inv5.als","classroom_fol","BOTH","inv5",22,6,8,45,12,12,0.488889,0.500000,0.666667,0.980392,0.019608,10,
"classroom_fol/BOTH/parsed-file4632_inv11.als","classroom_fol","BOTH","inv11",18,21,11,141,39,40,0.127660,0.538462,0.275000,0.240000,0.760000,10,
"classroom_fol/BOTH/parsed-file4640_inv14.als","classroom_fol","BOTH","inv14",70,30,32,154,45,45,0.454545,0.666667,0.711111,0.100000,0.900000,10,
"classroom_fol/BOTH/parsed-file4650_inv8.als","classroom_fol","BOTH","inv8",22,12,22,124,32,34,0.177419,0.375000,0.647059,0.500000,0.500000,10,
"classroom_fol/BOTH/parsed-file4652_inv6.als","classroom_fol","BOTH","inv6",12,11,11,61,17,18,0.196721,0.647059,0.611111,0.300000,0.700000,10,
"classroom_fol/BOTH/parsed-file4653_inv11.als","classroom_fol","BOTH","inv11",12,6,29,142,38,38,0.084507,0.157895,0.763158,0.000000,1.000000,10,
"classroom_fol/BOTH/parsed-file4655_inv2.als","classroom_fol","BOTH","inv2",14,4,3,19,6,5,0.736842,0.666667,0.600000,0.000000,1.000000,10,
"classroom_fol/BOTH/parsed-file4658_inv9.als","classroom_fol","BOTH","inv9",21,7,8,45,12,12,0.466667,0.583333,0.666667,0.360000,0.640000,10,
"classroom_fol/BOTH/parsed-file465_inv11.als","classroom_fol","BOTH","inv11",35,12,9,52,15,13,0.673077,0.800000,0.692308,0.350000,0.650000,10,
"classroom_fol/BOTH/parsed-file4664_inv14.als","classroom_fol","BOTH","inv14",48,45,51,178,48,47,0.269663,0.937500,1.085106,0.100000,0.900000,10,
"classroom_fol/BOTH/parsed-file4667_inv11.als","classroom_fol","BOTH","inv11",62,19,23,133,36,38,0.466165,0.527778,0.605263,0.000000,1.000000,10,
"classroom_fol/BOTH/parsed-file4668_inv15.als","classroom_fol","BOTH","inv15",96,57,66,218,64,72,0.440367,0.890625,0.916667,0.600000,0.400000,10,
"classroom_fol/BOTH/parsed-file4676_inv15.als","classroom_fol","BOTH","inv15",41,18,22,81,23,24,0.506173,0.782609,0.916667,0.500000,0.500000,10,
"classroom_fol/BOTH/parsed-file4677_inv11.als","classroom_fol","BOTH","inv11",40,39,21,157,42,41,0.254777,0.928571,0.512195,0.000000,1.000000,10,
"classroom_fol/BOTH/parsed-file4680_inv14.als","classroom_fol","BOTH","inv14",56,26,41,128,35,37,0.437500,0.742857,1.108108,0.240000,0.760000,10,
"classroom_fol/BOTH/parsed-file4687_inv4.als","classroom_fol","BOTH","inv4",3,14,9,66,20,17,0.045455,0.700000,0.529412,0.000000,1.000000,10,
"classroom_fol/BOTH/parsed-file4688_inv11.als","classroom_fol","BOTH","inv11",48,26,27,127,34,33,0.377953,0.764706,0.818182,0.400000,0.600000,10,
"classroom_fol/BOTH/parsed-file4691_inv14.als","classroom_fol","BOTH","inv14",24,7,41,157,44,47,0.152866,0.159091,0.872340,0.300000,0.700000,10,
"classroom_fol/BOTH/parsed-file4696_inv4.als","classroom_fol","BOTH","inv4",20,11,12,81,21,21,0.246914,0.523810,0.571429,0.000000,1.000000,10,
"classroom_fol/BOTH/parsed-file4697_inv11.als","classroom_fol","BOTH","inv11",47,20,29,132,36,38,0.356061,0.555556,0.763158,0.200000,0.800000,10,
"classroom_fol/BOTH/parsed-file4699_inv12.als","classroom_fol","BOTH","inv12",41,15,19,91,25,25,0.450549,0.600000,0.760000,0.630000,0.370000,10,
"classroom_fol/BOTH/parsed-file469_inv11.als","classroom_fol","BOTH","inv11",25,33,22,154,40,39,0.162338,0.825000,0.564103,0.500000,0.500000,10,
"classroom_fol/BOTH/parsed-file46_inv15.als","classroom_fol","BOTH","inv15",58,20,33,100,27,37,0.580000,0.740741,0.891892,0.000000,1.000000,10,
"classroom_fol/BOTH/parsed-file4701_inv12.als","classroom_fol","BOTH","inv12",39,19,12,102,27,25,0.382353,0.703704,0.480000,0.480000,0.520000,10,
"classroom_fol/BOTH/parsed-file4702_inv14.als","classroom_fol","BOTH","inv14",35,28,38,155,43,40,0.225806,0.651163,0.950000,0.000000,1.000000,10,
"classroom_fol/BOTH/parsed-file4705_inv14.als","classroom_fol","BOTH","inv14",47,22,20,91,24,24,0.516484,0.916667,0.833333,0.000000,1.000000,10,
"classroom_fol/BOTH/parsed-file4709_inv11.als","classroom_fol","BOTH","inv11",33,20,13,91,25,25,0.362637,0.800000,0.520000,0.350000,0.650000,10,
"classroom_fol/BOTH/parsed-file4710_inv11.als","classroom_fol","BOTH","inv11",32,13,16,133,36,38,0.240602,0.361111,0.421053,0.400000,0.600000,10,
"classroom_fol/BOTH/parsed-file4718_inv8.als","classroom_fol","BOTH","inv8",16,6,31,121,30,39,0.132231,0.200000,0.794872,0.000000,1.000000,10,
"classroom_fol/BOTH/parsed-file4719_inv14.als","classroom_fol","BOTH","inv14",68,46,32,187,51,31,0.363636,0.901961,1.032258,0.000000,1.000000,10,
"classroom_fol/BOTH/parsed-file4724_inv12.als","classroom_fol","BOTH","inv12",36,16,11,91,25,25,0.395604,0.640000,0.440000,0.480000,0.520000,10,
"classroom_fol/BOTH/parsed-file472_inv14.als","classroom_fol","BOTH","inv14",39,26,34,115,32,33,0.339130,0.812500,1.030303,0.000000,1.000000,10,
"classroom_fol/BOTH/parsed-file4732_inv14.als","classroom_fol","BOTH","inv14",42,17,14,67,20,19,0.626866,0.850000,0.736842,0.000000,1.000000,10,
"classroom_fol/BOTH/parsed-file474_inv11.als","classroom_fol","BOTH","inv11",14,4,22,144,38,39,0.097222,0.105263,0.564103,0.100000,0.900000,10,
"classroom_fol/BOTH/parsed-file476_inv11.als","classroom_fol","BOTH","inv11",19,10,16,144,38,39,0.131944,0.263158,0.410256,0.000000,1.000000,10,
"classroom_fol/BOTH/parsed-file483_inv5.als","classroom_fol","BOTH","inv5",4,1,14,71,19,19,0.056338,0.052632,0.736842,0.980392,0.019608,10,
"classroom_fol/BOTH/parsed-file484_inv14.als","classroom_fol","BOTH","inv14",32,7,45,157,44,46,0.203822,0.159091,0.978261,0.000000,1.000000,10,
"classroom_fol/BOTH/parsed-file495_inv12.als","classroom_fol","BOTH","inv12",56,29,36,133,36,38,0.421053,0.805556,0.947368,0.100000,0.900000,10,
"classroom_fol/BOTH/parsed-file496_inv11.als","classroom_fol","BOTH","inv11",37,13,25,110,30,31,0.336364,0.433333,0.806452,0.100000,0.900000,10,
"classroom_fol/BOTH/parsed-file497_inv12.als","classroom_fol","BOTH","inv12",37,12,12,132,34,41,0.280303,0.352941,0.292683,0.480000,0.520000,10,
"classroom_fol/BOTH/parsed-file499_inv11.als","classroom_fol","BOTH","inv11",62,19,23,133,36,38,0.466165,0.527778,0.605263,0.000000,1.000000,10,
"classroom_fol/BOTH/parsed-file504_inv7.als","classroom_fol","BOTH","inv7",6,1,1,30,9,7,0.200000,0.111111,0.142857,0.000000,1.000000,10,
"classroom_fol/BOTH/parsed-file513_inv11.als","classroom_fol","BOTH","inv11",35,12,10,50,15,13,0.700000,0.800000,0.769231,0.000000,1.000000,10,
"classroom_fol/BOTH/parsed-file516_inv12.als","classroom_fol","BOTH","inv12",12,9,26,133,37,38,0.090226,0.243243,0.684211,0.100000,0.900000,10,
"classroom_fol/BOTH/parsed-file520_inv11.als","classroom_fol","BOTH","inv11",8,3,20,143,38,39,0.055944,0.078947,0.512821,0.100000,0.900000,10,
"classroom_fol/BOTH/parsed-file522_inv6.als","classroom_fol","BOTH","inv6",27,10,10,112,29,29,0.241071,0.344828,0.344828,0.500000,0.500000,10,
"classroom_fol/BOTH/parsed-file528_inv12.als","classroom_fol","BOTH","inv12",22,5,28,133,36,38,0.165414,0.138889,0.736842,0.600000,0.400000,10,
"classroom_fol/BOTH/parsed-file539_inv13.als","classroom_fol","BOTH","inv13",45,10,6,73,24,16,0.616438,0.416667,0.375000,0.000000,1.000000,10,
"classroom_fol/BOTH/parsed-file540_inv12.als","classroom_fol","BOTH","inv12",33,15,11,91,25,25,0.362637,0.600000,0.440000,0.480000,0.520000,10,
"classroom_fol/BOTH/parsed-file545_inv14.als","classroom_fol","BOTH","inv14",37,38,26,166,46,25,0.222892,0.826087,1.040000,0.000000,1.000000,10,
"classroom_fol/BOTH/parsed-file546_inv5.als","classroom_fol","BOTH","inv5",4,1,17,72,19,19,0.055556,0.052632,0.894737,0.300000,0.700000,10,
"classroom_fol/BOTH/parsed-file550_inv12.als","classroom_fol","BOTH","inv12",32,17,21,89,25,25,0.359551,0.680000,0.840000,0.630000,0.370000,10,
"classroom_fol/BOTH/parsed-file550_inv14.als","classroom_fol","BOTH","inv14",55,26,24,106,28,29,0.518868,0.928571,0.827586,0.000000,1.000000,10,
"classroom_fol/BOTH/parsed-file551_inv13.als","classroom_fol","BOTH","inv13",44,15,10,33,10,8,1.333333,1.500000,1.250000,0.010000,0.990000,10,
"classroom_fol/BOTH/parsed-file560_inv5.als","classroom_fol","BOTH","inv5",12,3,17,71,19,19,0.169014,0.157895,0.894737,0.700000,0.300000,10,
"classroom_fol/BOTH/parsed-file561_inv13.als","classroom_fol","BOTH","inv13",41,9,9,132,32,35,0.310606,0.281250,0.257143,0.100000,0.900000,10,
"classroom_fol/BOTH/parsed-file563_inv12.als","classroom_fol","BOTH","inv12",60,31,33,154,40,39,0.389610,0.775000,0.846154,0.000000,1.000000,10,
"classroom_fol/BOTH/parsed-file574_inv11.als","classroom_fol","BOTH","inv11",43,23,21,124,35,37,0.346774,0.657143,0.567568,0.200000,0.800000,10,
"classroom_fol/BOTH/parsed-file575_inv14.als","classroom_fol","BOTH","inv14",24,7,41,157,44,47,0.152866,0.159091,0.872340,0.300000,0.700000,10,
"classroom_fol/BOTH/parsed-file577_inv11.als","classroom_fol","BOTH","inv11",14,4,22,144,38,39,0.097222,0.105263,0.564103,0.100000,0.900000,10,
"classroom_fol/BOTH/parsed-file57_inv5.als","classroom_fol","BOTH","inv5",4,1,17,72,19,19,0.055556,0.052632,0.894737,0.980392,0.019608,10,
"classroom_fol/BOTH/parsed-file589_inv13.als","classroom_fol","BOTH","inv13",37,12,7,65,20,14,0.569231,0.600000,0.500000,0.900000,0.100000,10,
"classroom_fol/BOTH/parsed-file592_inv14.als","classroom_fol","BOTH","inv14",52,14,46,172,48,48,0.302326,0.291667,0.958333,0.000000,1.000000,10,
"classroom_fol/BOTH/parsed-file593_inv14.als","classroom_fol","BOTH","inv14",43,36,41,143,39,39,0.300699,0.923077,1.051282,0.000000,1.000000,10,
"classroom_fol/BOTH/parsed-file598_inv14.als","classroom_fol","BOTH","inv14",37,39,39,178,48,43,0.207865,0.812500,0.906977,0.000000,1.000000,10,
"classroom_fol/BOTH/parsed-file602_inv6.als","classroom_fol","BOTH","inv6",16,14,18,80,22,22,0.200000,0.636364,0.818182,0.300000,0.700000,10,
"classroom_fol/BOTH/parsed-file604_inv13.als","classroom_fol","BOTH","inv13",50,25,28,126,37,38,0.396825,0.675676,0.736842,0.100000,0.900000,10,
"classroom_fol/BOTH/parsed-file605_inv12.als","classroom_fol","BOTH","inv12",27,18,28,133,36,38,0.203008,0.500000,0.736842,0.000000,1.000000,10,
"classroom_fol/BOTH/parsed-file614_inv14.als","classroom_fol","BOTH","inv14",46,18,28,116,34,34,0.396552,0.529412,0.823529,0.160000,0.840000,10,
"classroom_fol/BOTH/parsed-file617_inv12.als","classroom_fol","BOTH","inv12",34,15,11,91,25,25,0.373626,0.600000,0.440000,0.480000,0.520000,10,
"classroom_fol/BOTH/parsed-file618_inv8.als","classroom_fol","BOTH","inv8",4,1,27,112,30,39,0.035714,0.033333,0.692308,0.000000,1.000000,10,
"classroom_fol/BOTH/parsed-file61_inv3.als","classroom_fol","BOTH","inv3",3,2,5,60,16,14,0.050000,0.125000,0.357143,0.980392,0.019608,10,
"classroom_fol/BOTH/parsed-file621_inv11.als","classroom_fol","BOTH","inv11",41,16,20,121,32,38,0.338843,0.500000,0.526316,0.000000,1.000000,10,
"classroom_fol/BOTH/parsed-file623_inv14.als","classroom_fol","BOTH","inv14",64,35,44,165,45,40,0.387879,0.777778,1.100000,0.400000,0.600000,10,
"classroom_fol/BOTH/parsed-file635_inv12.als","classroom_fol","BOTH","inv12",20,25,21,127,34,33,0.157480,0.735294,0.636364,0.100000,0.900000,10,
"classroom_fol/BOTH/parsed-file638_inv11.als","classroom_fol","BOTH","inv11",48,42,29,177,48,52,0.271186,0.875000,0.557692,0.100000,0.900000,10,
"classroom_fol/BOTH/parsed-file638_inv12.als","classroom_fol","BOTH","inv12",26,14,24,116,32,33,0.224138,0.437500,0.727273,0.000000,1.000000,10,
"classroom_fol/BOTH/parsed-file641_inv5.als","classroom_fol","BOTH","inv5",16,8,10,65,18,18,0.246154,0.444444,0.555556,0.000000,1.000000,10,
"classroom_fol/BOTH/parsed-file649_inv8.als","classroom_fol","BOTH","inv8",12,20,30,137,36,38,0.087591,0.555556,0.789474,0.500000,0.500000,10,
"classroom_fol/BOTH/parsed-file64_inv11.als","classroom_fol","BOTH","inv11",14,4,22,144,38,39,0.097222,0.105263,0.564103,0.100000,0.900000,10,
"classroom_fol/BOTH/parsed-file650_inv8.als","classroom_fol","BOTH","inv8",4,1,33,118,30,39,0.033898,0.033333,0.846154,0.980392,0.019608,10,
"classroom_fol/BOTH/parsed-file653_inv15.als","classroom_fol","BOTH","inv15",44,20,14,34,13,9,1.294118,1.538462,1.555556,0.980392,0.019608,10,
"classroom_fol/BOTH/parsed-file654_inv15.als","classroom_fol","BOTH","inv15",90,34,43,147,40,47,0.612245,0.850000,0.914894,0.600000,0.400000,10,
"classroom_fol/BOTH/parsed-file658_inv6.als","classroom_fol","BOTH","inv6",12,10,11,61,17,18,0.196721,0.588235,0.611111,0.300000,0.700000,10,
"classroom_fol/BOTH/parsed-file65_inv4.als","classroom_fol","BOTH","inv4",4,3,9,62,16,17,0.064516,0.187500,0.529412,0.000000,1.000000,10,
"classroom_fol/BOTH/parsed-file666_inv13.als","classroom_fol","BOTH","inv13",4,1,25,87,24,28,0.045977,0.041667,0.892857,0.000000,1.000000,10,
"classroom_fol/BOTH/parsed-file668_inv14.als","classroom_fol","BOTH","inv14",49,45,51,179,48,47,0.273743,0.937500,1.085106,0.000000,1.000000,10,
"classroom_fol/BOTH/parsed-file672_inv14.als","classroom_fol","BOTH","inv14",19,9,21,166,46,40,0.114458,0.195652,0.525000,0.400000,0.600000,10,
"classroom_fol/BOTH/parsed-file673_inv5.als","classroom_fol","BOTH","inv5",6,2,17,72,19,19,0.083333,0.105263,0.894737,0.980392,0.019608,10,
"classroom_fol/BOTH/parsed-file677_inv14.als","classroom_fol","BOTH","inv14",47,40,49,167,46,45,0.281437,0.869565,1.088889,0.000000,1.000000,10,
"classroom_fol/BOTH/parsed-file682_inv14.als","classroom_fol","BOTH","inv14",42,23,26,143,39,35,0.293706,0.589744,0.742857,0.600000,0.400000,10,
"classroom_fol/BOTH/parsed-file687_inv4.als","classroom_fol","BOTH","inv4",3,2,9,64,18,17,0.046875,0.111111,0.529412,0.000000,1.000000,10,
"classroom_fol/BOTH/parsed-file689_inv15.als","classroom_fol","BOTH","inv15",91,36,36,164,43,44,0.554878,0.837209,0.818182,0.000000,1.000000,10,
"classroom_fol/BOTH/parsed-file692_inv12.als","classroom_fol","BOTH","inv12",25,13,13,78,22,20,0.320513,0.590909,0.650000,0.480000,0.520000,10,
"classroom_fol/BOTH/parsed-file693_inv15.als","classroom_fol","BOTH","inv15",1,1,1,77,23,21,0.012987,0.043478,0.047619,0.000000,1.000000,10,
"classroom_fol/BOTH/parsed-file694_inv12.als","classroom_fol","BOTH","inv12",24,13,16,116,32,30,0.206897,0.406250,0.533333,0.270000,0.730000,10,
"classroom_fol/BOTH/parsed-file697_inv13.als","classroom_fol","BOTH","inv13",44,14,17,87,26,27,0.505747,0.538462,0.629630,0.000000,1.000000,10,
"classroom_fol/BOTH/parsed-file698_inv11.als","classroom_fol","BOTH","inv11",37,15,25,110,30,31,0.336364,0.500000,0.806452,0.100000,0.900000,10,
"classroom_fol/BOTH/parsed-file6_inv11.als","classroom_fol","BOTH","inv11",35,14,12,84,23,22,0.416667,0.608696,0.545455,0.900000,0.100000,10,
"classroom_fol/BOTH/parsed-file700_inv12.als","classroom_fol","BOTH","inv12",26,11,29,132,36,39,0.196970,0.305556,0.743590,0.080000,0.920000,10,
"classroom_fol/BOTH/parsed-file704_inv5.als","classroom_fol","BOTH","inv5",38,16,9,103,27,24,0.368932,0.592593,0.375000,0.240000,0.760000,10,
"classroom_fol/BOTH/parsed-file708_inv12.als","classroom_fol","BOTH","inv12",45,30,29,146,39,37,0.308219,0.769231,0.783784,0.700000,0.300000,10,
"classroom_fol/BOTH/parsed-file712_inv3.als","classroom_fol","BOTH","inv3",2,2,5,60,16,14,0.033333,0.125000,0.357143,0.980392,0.019608,10,
"classroom_fol/BOTH/parsed-file712_inv4.als","classroom_fol","BOTH","inv4",3,2,9,62,16,17,0.048387,0.125000,0.529412,0.000000,1.000000,10,
"classroom_fol/BOTH/parsed-file717_inv5.als","classroom_fol","BOTH","inv5",4,1,13,61,17,18,0.065574,0.058824,0.722222,0.300000,0.700000,10,
"classroom_fol/BOTH/parsed-file71_inv9.als","classroom_fol","BOTH","inv9",25,8,13,46,12,12,0.543478,0.666667,1.083333,0.080000,0.920000,10,
"classroom_fol/BOTH/parsed-file728_inv14.als","classroom_fol","BOTH","inv14",24,7,42,157,44,47,0.152866,0.159091,0.893617,0.000000,1.000000,10,
"classroom_fol/BOTH/parsed-file730_inv11.als","classroom_fol","BOTH","inv11",40,17,27,116,32,33,0.344828,0.531250,0.818182,0.400000,0.600000,10,
"classroom_fol/BOTH/parsed-file731_inv12.als","classroom_fol","BOTH","inv12",31,10,25,110,30,31,0.281818,0.333333,0.806452,0.000000,1.000000,10,
"classroom_fol/BOTH/parsed-file734_inv4.als","classroom_fol","BOTH","inv4",2,2,8,63,18,18,0.031746,0.111111,0.444444,0.900000,0.100000,10,
"classroom_fol/BOTH/parsed-file738_inv11.als","classroom_fol","BOTH","inv11",53,18,29,131,36,38,0.404580,0.500000,0.763158,0.100000,0.900000,10,
"classroom_fol/BOTH/parsed-file739_inv5.als","classroom_fol","BOTH","inv5",27,12,12,47,14,14,0.574468,0.857143,0.857143,0.980392,0.019608,10,
"classroom_fol/BOTH/parsed-file740_inv14.als","classroom_fol","BOTH","inv14",24,20,40,168,46,45,0.142857,0.434783,0.888889,0.300000,0.700000,10,
"classroom_fol/BOTH/parsed-file74_inv11.als","classroom_fol","BOTH","inv11",50,22,20,121,34,36,0.413223,0.647059,0.555556,0.000000,1.000000,10,
"classroom_fol/BOTH/parsed-file755_inv9.als","classroom_fol","BOTH","inv9",14,14,17,66,17,23,0.212121,0.823529,0.739130,0.300000,0.700000,10,
"classroom_fol/BOTH/parsed-file758_inv11.als","classroom_fol","BOTH","inv11",66,50,25,176,47,46,0.375000,1.063830,0.543478,0.000000,1.000000,10,
"classroom_fol/BOTH/parsed-file764_inv14.als","classroom_fol","BOTH","inv14",44,44,45,177,48,47,0.248588,0.916667,0.957447,0.100000,0.900000,10,
"classroom_fol/BOTH/parsed-file770_inv12.als","classroom_fol","BOTH","inv12",46,19,19,81,23,24,0.567901,0.826087,0.791667,0.480000,0.520000,10,
"classroom_fol/BOTH/parsed-file773_inv11.als","classroom_fol","BOTH","inv11",44,16,17,85,22,23,0.517647,0.727273,0.739130,0.100000,0.900000,10,
"classroom_fol/BOTH/parsed-file775_inv11.als","classroom_fol","BOTH","inv11",19,4,37,144,38,38,0.131944,0.105263,0.973684,0.000000,1.000000,10,
"classroom_fol/BOTH/parsed-file779_inv12.als","classroom_fol","BOTH","inv12",41,15,19,91,25,25,0.450549,0.600000,0.760000,0.630000,0.370000,10,
"classroom_fol/BOTH/parsed-file781_inv5.als","classroom_fol","BOTH","inv5",16,6,3,70,20,19,0.228571,0.300000,0.157895,0.350000,0.650000,10,
"classroom_fol/BOTH/parsed-file790_inv12.als","classroom_fol","BOTH","inv12",27,27,24,128,34,29,0.210938,0.794118,0.827586,0.000000,1.000000,10,
"classroom_fol/BOTH/parsed-file791_inv11.als","classroom_fol","BOTH","inv11",35,12,11,99,28,29,0.353535,0.428571,0.379310,0.240000,0.760000,10,
"classroom_fol/BOTH/parsed-file79_inv4.als","classroom_fol","BOTH","inv4",46,16,16,101,27,23,0.455446,0.592593,0.695652,0.000000,1.000000,10,
"classroom_fol/BOTH/parsed-file800_inv12.als","classroom_fol","BOTH","inv12",25,26,25,125,34,31,0.200000,0.764706,0.806452,0.200000,0.800000,10,
"classroom_fol/BOTH/parsed-file816_inv15.als","classroom_fol","BOTH","inv15",103,61,76,225,67,81,0.457778,0.910448,0.938272,0.100000,0.900000,10,
"classroom_fol/BOTH/parsed-file823_inv4.als","classroom_fol","BOTH","inv4",3,2,9,62,16,17,0.048387,0.125000,0.529412,0.000000,1.000000,10,
"classroom_fol/BOTH/parsed-file82_inv14.als","classroom_fol","BOTH","inv14",48,21,18,84,24,24,0.571429,0.875000,0.750000,0.000000,1.000000,10,
"classroom_fol/BOTH/parsed-file830_inv5.als","classroom_fol","BOTH","inv5",13,19,23,81,20,22,0.160494,0.950000,1.045455,0.300000,0.700000,10,
"classroom_fol/BOTH/parsed-file834_inv4.als","classroom_fol","BOTH","inv4",5,4,8,63,18,18,0.079365,0.222222,0.444444,0.900000,0.100000,10,
"classroom_fol/BOTH/parsed-file841_inv12.als","classroom_fol","BOTH","inv12",6,2,26,142,38,38,0.042254,0.052632,0.684211,0.070000,0.930000,10,
"classroom_fol/BOTH/parsed-file845_inv8.als","classroom_fol","BOTH","inv8",20,4,16,73,19,18,0.273973,0.210526,0.888889,0.000000,1.000000,10,
"classroom_fol/BOTH/parsed-file847_inv11.als","classroom_fol","BOTH","inv11",50,19,21,132,36,38,0.378788,0.527778,0.552632,0.500000,0.500000,10,
"classroom_fol/BOTH/parsed-file851_inv14.als","classroom_fol","BOTH","inv14",63,22,19,42,11,12,1.500000,2.000000,1.583333,0.300000,0.700000,10,
"classroom_fol/BOTH/parsed-file852_inv14.als","classroom_fol","BOTH","inv14",66,34,31,143,38,39,0.461538,0.894737,0.794872,0.100000,0.900000,10,
"classroom_fol/BOTH/parsed-file859_inv11.als","classroom_fol","BOTH","inv11",64,26,29,133,36,38,0.481203,0.722222,0.763158,0.000000,1.000000,10,
"classroom_fol/BOTH/parsed-file85_inv12.als","classroom_fol","BOTH","inv12",28,12,15,90,25,26,0.311111,0.480000,0.576923,0.480000,0.520000,10,
"classroom_fol/BOTH/parsed-file861_inv11.als","classroom_fol","BOTH","inv11",45,17,14,121,34,36,0.371901,0.500000,0.388889,0.900000,0.100000,10,
"classroom_fol/BOTH/parsed-file863_inv9.als","classroom_fol","BOTH","inv9",36,12,14,67,17,16,0.537313,0.705882,0.875000,0.000000,1.000000,10,
"classroom_fol/BOTH/parsed-file878_inv11.als","classroom_fol","BOTH","inv11",60,22,38,133,36,37,0.451128,0.611111,1.027027,0.500000,0.500000,10,
"classroom_fol/BOTH/parsed-file881_inv4.als","classroom_fol","BOTH","inv4",41,13,9,58,14,11,0.706897,0.928571,0.818182,0.000000,1.000000,10,
"classroom_fol/BOTH/parsed-file891_inv11.als","classroom_fol","BOTH","inv11",25,33,22,155,40,39,0.161290,0.825000,0.564103,0.100000,0.900000,10,
"classroom_fol/BOTH/parsed-file891_inv12.als","classroom_fol","BOTH","inv12",66,31,36,156,40,38,0.423077,0.775000,0.947368,0.600000,0.400000,10,
"classroom_fol/BOTH/parsed-file894_inv14.als","classroom_fol","BOTH","inv14",54,26,31,137,38,36,0.394161,0.684211,0.861111,0.000000,1.000000,10,
"classroom_fol/BOTH/parsed-file899_inv11.als","classroom_fol","BOTH","inv11",40,20,14,91,25,25,0.439560,0.800000,0.560000,0.300000,0.700000,10,
"classroom_fol/BOTH/parsed-file8_inv12.als","classroom_fol","BOTH","inv12",10,3,28,144,38,39,0.069444,0.078947,0.717949,0.080000,0.920000,10,
"classroom_fol/BOTH/parsed-file904_inv11.als","classroom_fol","BOTH","inv11",41,20,13,91,25,25,0.450549,0.800000,0.520000,0.350000,0.650000,10,
"classroom_fol/BOTH/parsed-file908_inv11.als","classroom_fol","BOTH","inv11",41,16,17,110,30,31,0.372727,0.533333,0.548387,0.100000,0.900000,10,
"classroom_fol/BOTH/parsed-file911_inv12.als","classroom_fol","BOTH","inv12",28,11,29,133,36,38,0.210526,0.305556,0.763158,0.500000,0.500000,10,
"classroom_fol/BOTH/parsed-file922_inv14.als","classroom_fol","BOTH","inv14",56,24,27,113,31,32,0.495575,0.774194,0.843750,0.200000,0.800000,10,
"classroom_fol/BOTH/parsed-file929_inv8.als","classroom_fol","BOTH","inv8",26,18,22,93,26,26,0.279570,0.692308,0.846154,0.000000,1.000000,10,
"classroom_fol/BOTH/parsed-file931_inv11.als","classroom_fol","BOTH","inv11",37,20,11,91,25,25,0.406593,0.800000,0.440000,0.350000,0.650000,10,
"classroom_fol/BOTH/parsed-file932_inv11.als","classroom_fol","BOTH","inv11",39,15,15,132,36,38,0.295455,0.416667,0.394737,0.700000,0.300000,10,
"classroom_fol/BOTH/parsed-file935_inv15.als","classroom_fol","BOTH","inv15",95,46,59,179,52,64,0.530726,0.884615,0.921875,0.100000,0.900000,10,
"classroom_fol/BOTH/parsed-file951_inv14.als","classroom_fol","BOTH","inv14",39,22,27,132,36,35,0.295455,0.611111,0.771429,0.000000,1.000000,10,
"classroom_fol/BOTH/parsed-file957_inv11.als","classroom_fol","BOTH","inv11",55,21,15,107,30,31,0.514019,0.700000,0.483871,0.600000,0.400000,10,
"classroom_fol/BOTH/parsed-file958_inv11.als","classroom_fol","BOTH","inv11",54,28,26,133,38,40,0.406015,0.736842,0.650000,0.100000,0.900000,10,
"classroom_fol/BOTH/parsed-file959_inv14.als","classroom_fol","BOTH","inv14",35,39,44,166,46,43,0.210843,0.847826,1.023256,0.000000,1.000000,10,
"classroom_fol/BOTH/parsed-file95_inv14.als","classroom_fol","BOTH","inv14",34,13,13,112,30,36,0.303571,0.433333,0.361111,0.240000,0.760000,10,
"classroom_fol/BOTH/parsed-file960_inv5.als","classroom_fol","BOTH","inv5",14,6,4,51,14,13,0.274510,0.428571,0.307692,0.980392,0.019608,10,
"classroom_fol/BOTH/parsed-file962_inv11.als","classroom_fol","BOTH","inv11",59,27,29,132,36,39,0.446970,0.750000,0.743590,0.000000,1.000000,10,
"classroom_fol/BOTH/parsed-file965_inv5.als","classroom_fol","BOTH","inv5",27,9,9,81,23,24,0.333333,0.391304,0.375000,0.240000,0.760000,10,
"classroom_fol/BOTH/parsed-file966_inv12.als","classroom_fol","BOTH","inv12",34,15,11,91,25,25,0.373626,0.600000,0.440000,0.480000,0.520000,10,
"classroom_fol/BOTH/parsed-file968_inv11.als","classroom_fol","BOTH","inv11",55,21,15,107,30,31,0.514019,0.700000,0.483871,0.600000,0.400000,10,
"classroom_fol/BOTH/parsed-file972_inv11.als","classroom_fol","BOTH","inv11",61,23,15,123,34,36,0.495935,0.676471,0.416667,0.900000,0.100000,10,
"classroom_fol/BOTH/parsed-file972_inv12.als","classroom_fol","BOTH","inv12",34,10,25,109,30,28,0.311927,0.333333,0.892857,0.000000,1.000000,10,
"classroom_fol/BOTH/parsed-file978_inv14.als","classroom_fol","BOTH","inv14",34,11,42,161,46,48,0.211180,0.239130,0.875000,0.000000,1.000000,10,
"classroom_fol/BOTH/parsed-file983_inv13.als","classroom_fol","BOTH","inv13",35,8,4,71,24,16,0.492958,0.333333,0.250000,0.900000,0.100000,10,
"classroom_fol/BOTH/parsed-file986_inv15.als","classroom_fol","BOTH","inv15",54,23,21,129,35,30,0.418605,0.657143,0.700000,0.000000,1.000000,10,
"classroom_fol/BOTH/parsed-file991_inv11.als","classroom_fol","BOTH","inv11",62,26,26,135,38,40,0.459259,0.684211,0.650000,0.100000,0.900000,10,
"classroom_fol/BOTH/parsed-file993_inv11.als","classroom_fol","BOTH","inv11",14,4,22,144,38,39,0.097222,0.105263,0.564103,0.100000,0.900000,10,
"classroom_fol/BOTH/parsed-file99_inv4.als","classroom_fol","BOTH","inv4",3,2,9,62,16,17,0.048387,0.125000,0.529412,0.000000,1.000000,10,
"classroom_fol/OVERCONSTRAINED/parsed-file1001_inv9.als","classroom_fol","OVERCONSTRAINED","inv9",12,7,5,43,12,12,0.279070,0.583333,0.416667,0.990099,0.009901,10,
"classroom_fol/OVERCONSTRAINED/parsed-file1006_inv3.als","classroom_fol","OVERCONSTRAINED","inv3",1,1,8,62,16,25,0.016129,0.062500,0.320000,0.990099,0.009901,10,
"classroom_fol/OVERCONSTRAINED/parsed-file1023_inv9.als","classroom_fol","OVERCONSTRAINED","inv9",36,15,8,23,9,7,1.565217,1.666667,1.142857,0.000000,1.000000,10,
"classroom_fol/OVERCONSTRAINED/parsed-file1030_inv7.als","classroom_fol","OVERCONSTRAINED","inv7",2,2,2,72,19,19,0.027778,0.105263,0.105263,0.000000,1.000000,10,
"classroom_fol/OVERCONSTRAINED/parsed-file1051_inv6.als","classroom_fol","OVERCONSTRAINED","inv6",27,9,11,58,16,15,0.465517,0.562500,0.733333,0.000000,1.000000,10,
"classroom_fol/OVERCONSTRAINED/parsed-file105_inv12.als","classroom_fol","OVERCONSTRAINED","inv12",19,24,7,127,34,30,0.149606,0.705882,0.233333,0.700000,0.300000,10,
"classroom_fol/OVERCONSTRAINED/parsed-file1091_inv5.als","classroom_fol","OVERCONSTRAINED","inv5",10,5,3,40,11,11,0.250000,0.454545,0.272727,0.000000,1.000000,10,
"classroom_fol/OVERCONSTRAINED/parsed-file1093_inv12.als","classroom_fol","OVERCONSTRAINED","inv12",17,5,6,116,32,30,0.146552,0.156250,0.200000,0.700000,0.300000,10,
"classroom_fol/OVERCONSTRAINED/parsed-file1116_inv6.als","classroom_fol","OVERCONSTRAINED","inv6",6,2,2,30,9,7,0.200000,0.222222,0.285714,0.000000,1.000000,10,
"classroom_fol/OVERCONSTRAINED/parsed-file1121_inv9.als","classroom_fol","OVERCONSTRAINED","inv9",1,1,1,71,19,19,0.014085,0.052632,0.052632,0.300000,0.700000,10,
"classroom_fol/OVERCONSTRAINED/parsed-file1151_inv11.als","classroom_fol","OVERCONSTRAINED","inv11",48,19,21,132,36,35,0.363636,0.527778,0.600000,0.990099,0.009901,10,
"classroom_fol/OVERCONSTRAINED/parsed-file1152_inv11.als","classroom_fol","OVERCONSTRAINED","inv11",58,34,21,155,40,35,0.374194,0.850000,0.600000,0.000000,1.000000,10,
"classroom_fol/OVERCONSTRAINED/parsed-file1155_inv14.als","classroom_fol","OVERCONSTRAINED","inv14",28,31,35,145,39,40,0.193103,0.794872,0.875000,0.000000,1.000000,10,
"classroom_fol/OVERCONSTRAINED/parsed-file115_inv5.als","classroom_fol","OVERCONSTRAINED","inv5",12,6,3,40,11,11,0.300000,0.545455,0.272727,0.000000,1.000000,10,
"classroom_fol/OVERCONSTRAINED/parsed-file1186_inv13.als","classroom_fol","OVERCONSTRAINED","inv13",43,16,11,20,7,6,2.150000,2.285714,1.833333,0.000000,1.000000,10,
"classroom_fol/OVERCONSTRAINED/parsed-file1205_inv12.als","classroom_fol","OVERCONSTRAINED","inv12",24,10,9,132,36,36,0.181818,0.277778,0.250000,0.300000,0.700000,10,
"classroom_fol/OVERCONSTRAINED/parsed-file1237_inv10.als","classroom_fol","OVERCONSTRAINED","inv10",6,2,2,101,27,25,0.059406,0.074074,0.080000,0.000000,1.000000,10,
"classroom_fol/OVERCONSTRAINED/parsed-file1238_inv7.als","classroom_fol","OVERCONSTRAINED","inv7",15,3,3,34,9,7,0.441176,0.333333,0.428571,0.990099,0.009901,10,
"classroom_fol/OVERCONSTRAINED/parsed-file1249_inv7.als","classroom_fol","OVERCONSTRAINED","inv7",22,4,15,72,19,19,0.305556,0.210526,0.789474,0.990099,0.009901,10,
"classroom_fol/OVERCONSTRAINED/parsed-file1279_inv9.als","classroom_fol","OVERCONSTRAINED","inv9",1,1,1,71,19,19,0.014085,0.052632,0.052632,0.300000,0.700000,10,
"classroom_fol/OVERCONSTRAINED/parsed-file1282_inv11.als","classroom_fol","OVERCONSTRAINED","inv11",38,18,20,94,25,24,0.404255,0.720000,0.833333,0.990099,0.009901,10,
"classroom_fol/OVERCONSTRAINED/parsed-file134_inv12.als","classroom_fol","OVERCONSTRAINED","inv12",8,2,4,144,38,35,0.055556,0.052632,0.114286,0.300000,0.700000,10,
"classroom_fol/OVERCONSTRAINED/parsed-file1376_inv7.als","classroom_fol","OVERCONSTRAINED","inv7",2,2,2,72,19,19,0.027778,0.105263,0.105263,0.000000,1.000000,10,
"classroom_fol/OVERCONSTRAINED/parsed-file1398_inv11.als","classroom_fol","OVERCONSTRAINED","inv11",33,12,10,51,15,13,0.647059,0.800000,0.769231,0.000000,1.000000,10,
"classroom_fol/OVERCONSTRAINED/parsed-file1404_inv15.als","classroom_fol","OVERCONSTRAINED","inv15",85,33,27,141,37,35,0.602837,0.891892,0.771429,0.000000,1.000000,10,
"classroom_fol/OVERCONSTRAINED/parsed-file1439_inv11.als","classroom_fol","OVERCONSTRAINED","inv11",39,12,7,49,15,13,0.795918,0.800000,0.538462,0.000000,1.000000,10,
"classroom_fol/OVERCONSTRAINED/parsed-file1448_inv3.als","classroom_fol","OVERCONSTRAINED","inv3",20,6,16,102,26,24,0.196078,0.230769,0.666667,0.990099,0.009901,10,
"classroom_fol/OVERCONSTRAINED/parsed-file1464_inv4.als","classroom_fol","OVERCONSTRAINED","inv4",3,2,6,64,18,15,0.046875,0.111111,0.400000,0.000000,1.000000,10,
"classroom_fol/OVERCONSTRAINED/parsed-file1519_inv11.als","classroom_fol","OVERCONSTRAINED","inv11",19,32,32,147,40,36,0.129252,0.800000,0.888889,0.990099,0.009901,10,
"classroom_fol/OVERCONSTRAINED/parsed-file1526_inv2.als","classroom_fol","OVERCONSTRAINED","inv2",6,1,1,40,11,12,0.150000,0.090909,0.083333,0.000000,1.000000,10,
"classroom_fol/OVERCONSTRAINED/parsed-file1664_inv10.als","classroom_fol","OVERCONSTRAINED","inv10",15,8,8,54,15,16,0.277778,0.533333,0.500000,0.000000,1.000000,10,
"classroom_fol/OVERCONSTRAINED/parsed-file1700_inv9.als","classroom_fol","OVERCONSTRAINED","inv9",12,7,5,43,12,12,0.279070,0.583333,0.416667,0.990099,0.009901,10,
"classroom_fol/OVERCONSTRAINED/parsed-file170_inv11.als","classroom_fol","OVERCONSTRAINED","inv11",39,15,14,132,36,38,0.295455,0.416667,0.368421,0.990099,0.009901,10,
"classroom_fol/OVERCONSTRAINED/parsed-file1745_inv4.als","classroom_fol","OVERCONSTRAINED","inv4",4,2,6,59,16,14,0.067797,0.125000,0.428571,0.990099,0.009901,10,
"classroom_fol/OVERCONSTRAINED/parsed-file1757_inv7.als","classroom_fol","OVERCONSTRAINED","inv7",2,0,2,72,19,19,0.027778,0.000000,0.105263,0.000000,1.000000,10,
"classroom_fol/OVERCONSTRAINED/parsed-file175_inv11.als","classroom_fol","OVERCONSTRAINED","inv11",39,15,14,132,36,38,0.295455,0.416667,0.368421,0.990099,0.009901,10,
"classroom_fol/OVERCONSTRAINED/parsed-file1793_inv3.als","classroom_fol","OVERCONSTRAINED","inv3",17,4,8,127,32,29,0.133858,0.125000,0.275862,0.990099,0.009901,10,
"classroom_fol/OVERCONSTRAINED/parsed-file1811_inv11.als","classroom_fol","OVERCONSTRAINED","inv11",33,12,10,51,15,13,0.647059,0.800000,0.769231,0.000000,1.000000,10,
"classroom_fol/OVERCONSTRAINED/parsed-file1818_inv10.als","classroom_fol","OVERCONSTRAINED","inv10",16,8,8,50,14,16,0.320000,0.571429,0.500000,0.000000,1.000000,10,
"classroom_fol/OVERCONSTRAINED/parsed-file1833_inv11.als","classroom_fol","OVERCONSTRAINED","inv11",19,32,32,147,40,36,0.129252,0.800000,0.888889,0.990099,0.009901,10,
"classroom_fol/OVERCONSTRAINED/parsed-file1866_inv8.als","classroom_fol","OVERCONSTRAINED","inv8",3,1,27,117,30,39,0.025641,0.033333,0.692308,0.000000,1.000000,10,
"classroom_fol/OVERCONSTRAINED/parsed-file1875_inv11.als","classroom_fol","OVERCONSTRAINED","inv11",16,5,21,144,38,35,0.111111,0.131579,0.600000,0.000000,1.000000,10,
"classroom_fol/OVERCONSTRAINED/parsed-file1940_inv5.als","classroom_fol","OVERCONSTRAINED","inv5",20,9,6,58,16,14,0.344828,0.562500,0.428571,0.000000,1.000000,10,
"classroom_fol/OVERCONSTRAINED/parsed-file1942_inv12.als","classroom_fol","OVERCONSTRAINED","inv12",17,5,6,116,32,30,0.146552,0.156250,0.200000,0.700000,0.300000,10,
"classroom_fol/OVERCONSTRAINED/parsed-file1946_inv3.als","classroom_fol","OVERCONSTRAINED","inv3",2,1,9,62,16,17,0.032258,0.062500,0.529412,0.000000,1.000000,10,
"classroom_fol/OVERCONSTRAINED/parsed-file1959_inv11.als","classroom_fol","OVERCONSTRAINED","inv11",2,2,2,143,38,35,0.013986,0.052632,0.057143,0.000000,1.000000,10,
"classroom_fol/OVERCONSTRAINED/parsed-file1963_inv12.als","classroom_fol","OVERCONSTRAINED","inv12",26,12,10,115,32,31,0.226087,0.375000,0.322581,0.700000,0.300000,10,
"classroom_fol/OVERCONSTRAINED/parsed-file1986_inv6.als","classroom_fol","OVERCONSTRAINED","inv6",26,9,10,51,14,13,0.509804,0.642857,0.769231,0.990099,0.009901,10,
"classroom_fol/OVERCONSTRAINED/parsed-file1994_inv15.als","classroom_fol","OVERCONSTRAINED","inv15",48,16,13,12,5,5,4.000000,3.200000,2.600000,0.000000,1.000000,10,
"classroom_fol/OVERCONSTRAINED/parsed-file2009_inv13.als","classroom_fol","OVERCONSTRAINED","inv13",5,15,11,90,23,25,0.055556,0.652174,0.440000,0.000000,1.000000,10,
"classroom_fol/OVERCONSTRAINED/parsed-file2051_inv10.als","classroom_fol","OVERCONSTRAINED","inv10",20,9,11,91,25,25,0.219780,0.360000,0.440000,0.000000,1.000000,10,
"classroom_fol/OVERCONSTRAINED/parsed-file2055_inv13.als","classroom_fol","OVERCONSTRAINED","inv13",40,8,8,132,32,35,0.303030,0.250000,0.228571,0.100000,0.900000,10,
"classroom_fol/OVERCONSTRAINED/parsed-file2110_inv12.als","classroom_fol","OVERCONSTRAINED","inv12",18,25,7,127,34,30,0.141732,0.735294,0.233333,0.700000,0.300000,10,
"classroom_fol/OVERCONSTRAINED/parsed-file2149_inv11.als","classroom_fol","OVERCONSTRAINED","inv11",35,14,16,73,20,19,0.479452,0.700000,0.842105,0.000000,1.000000,10,
"classroom_fol/OVERCONSTRAINED/parsed-file2189_inv12.als","classroom_fol","OVERCONSTRAINED","inv12",44,10,10,167,44,41,0.263473,0.227273,0.243902,0.000000,1.000000,10,
"classroom_fol/OVERCONSTRAINED/parsed-file2192_inv6.als","classroom_fol","OVERCONSTRAINED","inv6",5,1,1,29,9,7,0.172414,0.111111,0.142857,0.000000,1.000000,10,
"classroom_fol/OVERCONSTRAINED/parsed-file2204_inv2.als","classroom_fol","OVERCONSTRAINED","inv2",14,3,5,20,6,7,0.700000,0.500000,0.714286,0.000000,1.000000,10,
"classroom_fol/OVERCONSTRAINED/parsed-file2238_inv3.als","classroom_fol","OVERCONSTRAINED","inv3",26,17,11,87,22,22,0.298851,0.772727,0.500000,0.990099,0.009901,10,
"classroom_fol/OVERCONSTRAINED/parsed-file2298_inv9.als","classroom_fol","OVERCONSTRAINED","inv9",30,15,9,33,12,8,0.909091,1.250000,1.125000,0.000000,1.000000,10,
"classroom_fol/OVERCONSTRAINED/parsed-file2317_inv5.als","classroom_fol","OVERCONSTRAINED","inv5",37,13,10,75,20,17,0.493333,0.650000,0.588235,0.000000,1.000000,10,
"classroom_fol/OVERCONSTRAINED/parsed-file2387_inv11.als","classroom_fol","OVERCONSTRAINED","inv11",43,23,19,122,34,33,0.352459,0.676471,0.575758,0.000000,1.000000,10,
"classroom_fol/OVERCONSTRAINED/parsed-file2401_inv11.als","classroom_fol","OVERCONSTRAINED","inv11",55,22,19,151,40,39,0.364238,0.550000,0.487179,0.000000,1.000000,10,
"classroom_fol/OVERCONSTRAINED/parsed-file2457_inv10.als","classroom_fol","OVERCONSTRAINED","inv10",2,2,2,91,25,25,0.021978,0.080000,0.080000,0.000000,1.000000,10,
"classroom_fol/OVERCONSTRAINED/parsed-file2459_inv13.als","classroom_fol","OVERCONSTRAINED","inv13",43,23,19,130,31,33,0.330769,0.741935,0.575758,0.000000,1.000000,10,
"classroom_fol/OVERCONSTRAINED/parsed-file246_inv11.als","classroom_fol","OVERCONSTRAINED","inv11",42,39,43,157,42,42,0.267516,0.928571,1.023810,0.000000,1.000000,10,
"classroom_fol/OVERCONSTRAINED/parsed-file2485_inv12.als","classroom_fol","OVERCONSTRAINED","inv12",28,11,13,72,19,19,0.388889,0.578947,0.684211,0.000000,1.000000,10,
"classroom_fol/OVERCONSTRAINED/parsed-file2504_inv7.als","classroom_fol","OVERCONSTRAINED","inv7",10,4,6,43,12,12,0.232558,0.333333,0.500000,0.000000,1.000000,10,
"classroom_fol/OVERCONSTRAINED/parsed-file2523_inv11.als","classroom_fol","OVERCONSTRAINED","inv11",28,13,12,132,36,38,0.212121,0.361111,0.315789,0.990099,0.009901,10,
"classroom_fol/OVERCONSTRAINED/parsed-file2528_inv10.als","classroom_fol","OVERCONSTRAINED","inv10",18,8,8,50,14,16,0.360000,0.571429,0.500000,0.000000,1.000000,10,
"classroom_fol/OVERCONSTRAINED/parsed-file2556_inv11.als","classroom_fol","OVERCONSTRAINED","inv11",67,43,16,176,47,3,0.380682,0.914894,5.333333,0.000000,1.000000,10,
"classroom_fol/OVERCONSTRAINED/parsed-file2620_inv3.als","classroom_fol","OVERCONSTRAINED","inv3",7,1,1,24,7,6,0.291667,0.142857,0.166667,0.000000,1.000000,10,
"classroom_fol/OVERCONSTRAINED/parsed-file2637_inv5.als","classroom_fol","OVERCONSTRAINED","inv5",23,7,7,40,11,11,0.575000,0.636364,0.636364,0.000000,1.000000,10,
"classroom_fol/OVERCONSTRAINED/parsed-file2656_inv7.als","classroom_fol","OVERCONSTRAINED","inv7",22,4,15,72,19,19,0.305556,0.210526,0.789474,0.990099,0.009901,10,
"classroom_fol/OVERCONSTRAINED/parsed-file2701_inv5.als","classroom_fol","OVERCONSTRAINED","inv5",23,7,7,40,11,11,0.575000,0.636364,0.636364,0.000000,1.000000,10,
"classroom_fol/OVERCONSTRAINED/parsed-file2710_inv7.als","classroom_fol","OVERCONSTRAINED","inv7",22,4,15,72,19,19,0.305556,0.210526,0.789474,0.990099,0.009901,10,
"classroom_fol/OVERCONSTRAINED/parsed-file2715_inv6.als","classroom_fol","OVERCONSTRAINED","inv6",6,1,4,71,19,19,0.084507,0.052632,0.210526,0.700000,0.300000,10,
"classroom_fol/OVERCONSTRAINED/parsed-file2723_inv10.als","classroom_fol","OVERCONSTRAINED","inv10",6,1,4,90,25,25,0.066667,0.040000,0.160000,0.990099,0.009901,10,
"classroom_fol/OVERCONSTRAINED/parsed-file2736_inv8.als","classroom_fol","OVERCONSTRAINED","inv8",27,13,10,34,9,7,0.794118,1.444444,1.428571,0.000000,1.000000,10,
"classroom_fol/OVERCONSTRAINED/parsed-file274_inv10.als","classroom_fol","OVERCONSTRAINED","inv10",23,10,13,55,17,14,0.418182,0.588235,0.928571,0.000000,1.000000,10,
"classroom_fol/OVERCONSTRAINED/parsed-file2774_inv6.als","classroom_fol","OVERCONSTRAINED","inv6",6,1,5,91,24,24,0.065934,0.041667,0.208333,0.990099,0.009901,10,
"classroom_fol/OVERCONSTRAINED/parsed-file2786_inv2.als","classroom_fol","OVERCONSTRAINED","inv2",6,1,1,40,11,12,0.150000,0.090909,0.083333,0.000000,1.000000,10,
"classroom_fol/OVERCONSTRAINED/parsed-file2796_inv12.als","classroom_fol","OVERCONSTRAINED","inv12",17,5,6,116,32,30,0.146552,0.156250,0.200000,0.700000,0.300000,10,
"classroom_fol/OVERCONSTRAINED/parsed-file2811_inv11.als","classroom_fol","OVERCONSTRAINED","inv11",39,15,14,132,36,38,0.295455,0.416667,0.368421,0.990099,0.009901,10,
"classroom_fol/OVERCONSTRAINED/parsed-file2825_inv4.als","classroom_fol","OVERCONSTRAINED","inv4",23,6,4,11,4,4,2.090909,1.500000,1.000000,0.000000,1.000000,10,
"classroom_fol/OVERCONSTRAINED/parsed-file2836_inv10.als","classroom_fol","OVERCONSTRAINED","inv10",16,7,5,86,22,22,0.186047,0.318182,0.227273,0.000000,1.000000,10,
"classroom_fol/OVERCONSTRAINED/parsed-file2872_inv9.als","classroom_fol","OVERCONSTRAINED","inv9",16,7,5,39,10,10,0.410256,0.700000,0.500000,0.990099,0.009901,10,
"classroom_fol/OVERCONSTRAINED/parsed-file2901_inv5.als","classroom_fol","OVERCONSTRAINED","inv5",7,2,3,24,7,6,0.291667,0.285714,0.500000,0.000000,1.000000,10,
"classroom_fol/OVERCONSTRAINED/parsed-file2910_inv11.als","classroom_fol","OVERCONSTRAINED","inv11",25,14,7,72,19,19,0.347222,0.736842,0.368421,0.000000,1.000000,10,
"classroom_fol/OVERCONSTRAINED/parsed-file292_inv6.als","classroom_fol","OVERCONSTRAINED","inv6",3,2,2,28,9,7,0.107143,0.222222,0.285714,0.000000,1.000000,10,
"classroom_fol/OVERCONSTRAINED/parsed-file2937_inv12.als","classroom_fol","OVERCONSTRAINED","inv12",8,2,4,153,40,35,0.052288,0.050000,0.114286,0.700000,0.300000,10,
"classroom_fol/OVERCONSTRAINED/parsed-file293_inv12.als","classroom_fol","OVERCONSTRAINED","inv12",17,5,6,116,32,30,0.146552,0.156250,0.200000,0.700000,0.300000,10,
"classroom_fol/OVERCONSTRAINED/parsed-file2990_inv7.als","classroom_fol","OVERCONSTRAINED","inv7",6,1,1,26,9,7,0.230769,0.111111,0.142857,0.000000,1.000000,10,
"classroom_fol/OVERCONSTRAINED/parsed-file3017_inv6.als","classroom_fol","OVERCONSTRAINED","inv6",6,1,5,91,24,24,0.065934,0.041667,0.208333,0.990099,0.009901,10,
"classroom_fol/OVERCONSTRAINED/parsed-file3048_inv15.als","classroom_fol","OVERCONSTRAINED","inv15",7,5,10,204,62,52,0.034314,0.080645,0.192308,0.990099,0.009901,10,
"classroom_fol/OVERCONSTRAINED/parsed-file3053_inv9.als","classroom_fol","OVERCONSTRAINED","inv9",12,7,5,43,12,12,0.279070,0.583333,0.416667,0.990099,0.009901,10,
"classroom_fol/OVERCONSTRAINED/parsed-file3092_inv3.als","classroom_fol","OVERCONSTRAINED","inv3",6,1,1,23,7,6,0.260870,0.142857,0.166667,0.000000,1.000000,10,
"classroom_fol/OVERCONSTRAINED/parsed-file3095_inv11.als","classroom_fol","OVERCONSTRAINED","inv11",36,16,18,90,23,22,0.400000,0.695652,0.818182,0.990099,0.009901,10,
"classroom_fol/OVERCONSTRAINED/parsed-file3107_inv9.als","classroom_fol","OVERCONSTRAINED","inv9",12,8,4,46,14,13,0.260870,0.571429,0.307692,0.990099,0.009901,10,
"classroom_fol/OVERCONSTRAINED/parsed-file3120_inv11.als","classroom_fol","OVERCONSTRAINED","inv11",26,12,12,132,36,38,0.196970,0.333333,0.315789,0.990099,0.009901,10,
"classroom_fol/OVERCONSTRAINED/parsed-file3154_inv12.als","classroom_fol","OVERCONSTRAINED","inv12",17,5,6,116,32,30,0.146552,0.156250,0.200000,0.700000,0.300000,10,
"classroom_fol/OVERCONSTRAINED/parsed-file3156_inv3.als","classroom_fol","OVERCONSTRAINED","inv3",3,2,9,62,16,17,0.048387,0.125000,0.529412,0.000000,1.000000,10,
"classroom_fol/OVERCONSTRAINED/parsed-file3169_inv8.als","classroom_fol","OVERCONSTRAINED","inv8",18,14,5,103,26,32,0.174757,0.538462,0.156250,0.600000,0.400000,10,
"classroom_fol/OVERCONSTRAINED/parsed-file3174_inv11.als","classroom_fol","OVERCONSTRAINED","inv11",45,26,14,126,34,30,0.357143,0.764706,0.466667,0.000000,1.000000,10,
"classroom_fol/OVERCONSTRAINED/parsed-file3208_inv11.als","classroom_fol","OVERCONSTRAINED","inv11",28,13,12,132,36,38,0.212121,0.361111,0.315789,0.990099,0.009901,10,
"classroom_fol/OVERCONSTRAINED/parsed-file3266_inv3.als","classroom_fol","OVERCONSTRAINED","inv3",6,1,1,23,7,6,0.260870,0.142857,0.166667,0.000000,1.000000,10,
"classroom_fol/OVERCONSTRAINED/parsed-file3279_inv7.als","classroom_fol","OVERCONSTRAINED","inv7",22,4,15,72,19,19,0.305556,0.210526,0.789474,0.990099,0.009901,10,
"classroom_fol/OVERCONSTRAINED/parsed-file3328_inv15.als","classroom_fol","OVERCONSTRAINED","inv15",94,57,52,218,64,60,0.431193,0.890625,0.866667,0.000000,1.000000,10,
"classroom_fol/OVERCONSTRAINED/parsed-file3363_inv12.als","classroom_fol","OVERCONSTRAINED","inv12",1,1,1,132,36,35,0.007576,0.027778,0.028571,0.700000,0.300000,10,
"classroom_fol/OVERCONSTRAINED/parsed-file3385_inv12.als","classroom_fol","OVERCONSTRAINED","inv12",34,16,12,29,9,7,1.172414,1.777778,1.714286,0.000000,1.000000,10,
"classroom_fol/OVERCONSTRAINED/parsed-file3436_inv15.als","classroom_fol","OVERCONSTRAINED","inv15",89,32,33,145,39,41,0.613793,0.820513,0.804878,0.000000,1.000000,10,
"classroom_fol/OVERCONSTRAINED/parsed-file3441_inv9.als","classroom_fol","OVERCONSTRAINED","inv9",27,13,9,48,13,12,0.562500,1.000000,0.750000,0.990099,0.009901,10,
"classroom_fol/OVERCONSTRAINED/parsed-file3442_inv3.als","classroom_fol","OVERCONSTRAINED","inv3",15,5,4,30,9,7,0.500000,0.555556,0.571429,0.990099,0.009901,10,
"classroom_fol/OVERCONSTRAINED/parsed-file3452_inv9.als","classroom_fol","OVERCONSTRAINED","inv9",37,16,9,22,7,6,1.681818,2.285714,1.500000,0.500000,0.500000,10,
"classroom_fol/OVERCONSTRAINED/parsed-file3463_inv11.als","classroom_fol","OVERCONSTRAINED","inv11",35,13,9,47,14,12,0.744681,0.928571,0.750000,0.000000,1.000000,10,
"classroom_fol/OVERCONSTRAINED/parsed-file3465_inv8.als","classroom_fol","OVERCONSTRAINED","inv8",17,11,14,84,23,23,0.202381,0.478261,0.608696,0.600000,0.400000,10,
"classroom_fol/OVERCONSTRAINED/parsed-file3478_inv11.als","classroom_fol","OVERCONSTRAINED","inv11",52,29,32,143,38,36,0.363636,0.763158,0.888889,0.990099,0.009901,10,
"classroom_fol/OVERCONSTRAINED/parsed-file347_inv5.als","classroom_fol","OVERCONSTRAINED","inv5",10,4,8,44,12,12,0.227273,0.333333,0.666667,0.000000,1.000000,10,
"classroom_fol/OVERCONSTRAINED/parsed-file3483_inv11.als","classroom_fol","OVERCONSTRAINED","inv11",52,24,26,143,40,37,0.363636,0.600000,0.702703,0.500000,0.500000,10,
"classroom_fol/OVERCONSTRAINED/parsed-file3499_inv15.als","classroom_fol","OVERCONSTRAINED","inv15",56,22,24,98,26,32,0.571429,0.846154,0.750000,0.000000,1.000000,10,
"classroom_fol/OVERCONSTRAINED/parsed-file34_inv12.als","classroom_fol","OVERCONSTRAINED","inv12",17,5,6,116,32,30,0.146552,0.156250,0.200000,0.700000,0.300000,10,
"classroom_fol/OVERCONSTRAINED/parsed-file3520_inv11.als","classroom_fol","OVERCONSTRAINED","inv11",37,16,20,95,25,24,0.389474,0.640000,0.833333,0.990099,0.009901,10,
"classroom_fol/OVERCONSTRAINED/parsed-file3531_inv9.als","classroom_fol","OVERCONSTRAINED","inv9",23,16,5,89,24,32,0.258427,0.666667,0.156250,0.200000,0.800000,10,
"classroom_fol/OVERCONSTRAINED/parsed-file3568_inv12.als","classroom_fol","OVERCONSTRAINED","inv12",6,1,4,142,38,35,0.042254,0.026316,0.114286,0.700000,0.300000,10,
"classroom_fol/OVERCONSTRAINED/parsed-file356_inv12.als","classroom_fol","OVERCONSTRAINED","inv12",26,6,7,149,40,38,0.174497,0.150000,0.184211,0.000000,1.000000,10,
"classroom_fol/OVERCONSTRAINED/parsed-file3572_inv11.als","classroom_fol","OVERCONSTRAINED","inv11",37,13,13,161,45,45,0.229814,0.288889,0.288889,0.500000,0.500000,10,
"classroom_fol/OVERCONSTRAINED/parsed-file3573_inv7.als","classroom_fol","OVERCONSTRAINED","inv7",6,2,2,26,9,7,0.230769,0.222222,0.285714,0.000000,1.000000,10,
"classroom_fol/OVERCONSTRAINED/parsed-file3580_inv14.als","classroom_fol","OVERCONSTRAINED","inv14",4,21,29,145,39,40,0.027586,0.538462,0.725000,0.000000,1.000000,10,
"classroom_fol/OVERCONSTRAINED/parsed-file3587_inv11.als","classroom_fol","OVERCONSTRAINED","inv11",2,2,2,143,38,35,0.013986,0.052632,0.057143,0.000000,1.000000,10,
"classroom_fol/OVERCONSTRAINED/parsed-file3594_inv11.als","classroom_fol","OVERCONSTRAINED","inv11",36,19,16,94,25,24,0.382979,0.760000,0.666667,0.000000,1.000000,10,
"classroom_fol/OVERCONSTRAINED/parsed-file3600_inv9.als","classroom_fol","OVERCONSTRAINED","inv9",18,16,5,93,24,32,0.193548,0.666667,0.156250,0.200000,0.800000,10,
"classroom_fol/OVERCONSTRAINED/parsed-file3613_inv15.als","classroom_fol","OVERCONSTRAINED","inv15",37,15,14,71,19,22,0.521127,0.789474,0.636364,0.000000,1.000000,10,
"classroom_fol/OVERCONSTRAINED/parsed-file3622_inv11.als","classroom_fol","OVERCONSTRAINED","inv11",44,26,13,126,34,30,0.349206,0.764706,0.433333,0.500000,0.500000,10,
"classroom_fol/OVERCONSTRAINED/parsed-file3644_inv15.als","classroom_fol","OVERCONSTRAINED","inv15",5,1,1,78,23,21,0.064103,0.043478,0.047619,0.000000,1.000000,10,
"classroom_fol/OVERCONSTRAINED/parsed-file3692_inv11.als","classroom_fol","OVERCONSTRAINED","inv11",44,21,21,103,28,25,0.427184,0.750000,0.840000,0.990099,0.009901,10,
"classroom_fol/OVERCONSTRAINED/parsed-file3695_inv8.als","classroom_fol","OVERCONSTRAINED","inv8",31,19,6,102,28,32,0.303922,0.678571,0.187500,0.600000,0.400000,10,
"classroom_fol/OVERCONSTRAINED/parsed-file36_inv9.als","classroom_fol","OVERCONSTRAINED","inv9",1,1,1,71,19,19,0.014085,0.052632,0.052632,0.300000,0.700000,10,
"classroom_fol/OVERCONSTRAINED/parsed-file3709_inv5.als","classroom_fol","OVERCONSTRAINED","inv5",24,9,9,59,16,14,0.406780,0.562500,0.642857,0.000000,1.000000,10,
"classroom_fol/OVERCONSTRAINED/parsed-file3712_inv4.als","classroom_fol","OVERCONSTRAINED","inv4",2,1,8,65,18,16,0.030769,0.055556,0.500000,0.000000,1.000000,10,
"classroom_fol/OVERCONSTRAINED/parsed-file3756_inv9.als","classroom_fol","OVERCONSTRAINED","inv9",26,10,6,30,11,8,0.866667,0.909091,0.750000,0.990099,0.009901,10,
"classroom_fol/OVERCONSTRAINED/parsed-file3773_inv11.als","classroom_fol","OVERCONSTRAINED","inv11",23,14,5,72,19,19,0.319444,0.736842,0.263158,0.990099,0.009901,10,
"classroom_fol/OVERCONSTRAINED/parsed-file3819_inv11.als","classroom_fol","OVERCONSTRAINED","inv11",39,21,22,114,31,30,0.342105,0.677419,0.733333,0.990099,0.009901,10,
"classroom_fol/OVERCONSTRAINED/parsed-file3825_inv11.als","classroom_fol","OVERCONSTRAINED","inv11",38,18,20,94,25,24,0.404255,0.720000,0.833333,0.990099,0.009901,10,
"classroom_fol/OVERCONSTRAINED/parsed-file3827_inv6.als","classroom_fol","OVERCONSTRAINED","inv6",2,2,2,72,19,19,0.027778,0.105263,0.105263,0.000000,1.000000,10,
"classroom_fol/OVERCONSTRAINED/parsed-file391_inv8.als","classroom_fol","OVERCONSTRAINED","inv8",23,13,9,24,7,6,0.958333,1.857143,1.500000,0.990099,0.009901,10,
"classroom_fol/OVERCONSTRAINED/parsed-file3944_inv13.als","classroom_fol","OVERCONSTRAINED","inv13",44,18,11,23,9,7,1.913043,2.000000,1.571429,0.000000,1.000000,10,
"classroom_fol/OVERCONSTRAINED/parsed-file394_inv15.als","classroom_fol","OVERCONSTRAINED","inv15",56,22,24,98,26,32,0.571429,0.846154,0.750000,0.000000,1.000000,10,
"classroom_fol/OVERCONSTRAINED/parsed-file4033_inv15.als","classroom_fol","OVERCONSTRAINED","inv15",74,29,27,147,42,36,0.503401,0.690476,0.750000,0.990099,0.009901,10,
"classroom_fol/OVERCONSTRAINED/parsed-file4049_inv6.als","classroom_fol","OVERCONSTRAINED","inv6",6,2,2,30,9,7,0.200000,0.222222,0.285714,0.000000,1.000000,10,
"classroom_fol/OVERCONSTRAINED/parsed-file4052_inv11.als","classroom_fol","OVERCONSTRAINED","inv11",38,19,21,97,27,25,0.391753,0.703704,0.840000,0.000000,1.000000,10,
"classroom_fol/OVERCONSTRAINED/parsed-file4079_inv12.als","classroom_fol","OVERCONSTRAINED","inv12",6,1,4,142,38,35,0.042254,0.026316,0.114286,0.700000,0.300000,10,
"classroom_fol/OVERCONSTRAINED/parsed-file4092_inv12.als","classroom_fol","OVERCONSTRAINED","inv12",33,16,12,91,25,25,0.362637,0.640000,0.480000,0.000000,1.000000,10,
"classroom_fol/OVERCONSTRAINED/parsed-file40_inv10.als","classroom_fol","OVERCONSTRAINED","inv10",1,5,1,91,26,25,0.010989,0.192308,0.040000,0.000000,1.000000,10,
"classroom_fol/OVERCONSTRAINED/parsed-file4130_inv5.als","classroom_fol","OVERCONSTRAINED","inv5",12,6,4,36,10,8,0.333333,0.600000,0.500000,0.000000,1.000000,10,
"classroom_fol/OVERCONSTRAINED/parsed-file4152_inv15.als","classroom_fol","OVERCONSTRAINED","inv15",82,39,32,195,51,43,0.420513,0.764706,0.744186,0.990099,0.009901,10,
"classroom_fol/OVERCONSTRAINED/parsed-file4179_inv4.als","classroom_fol","OVERCONSTRAINED","inv4",2,1,3,60,16,14,0.033333,0.062500,0.214286,0.990099,0.009901,10,
"classroom_fol/OVERCONSTRAINED/parsed-file4189_inv10.als","classroom_fol","OVERCONSTRAINED","inv10",29,12,11,39,11,11,0.743590,1.090909,1.000000,0.000000,1.000000,10,
"classroom_fol/OVERCONSTRAINED/parsed-file4191_inv3.als","classroom_fol","OVERCONSTRAINED","inv3",20,6,16,102,26,24,0.196078,0.230769,0.666667,0.990099,0.009901,10,
"classroom_fol/OVERCONSTRAINED/parsed-file4214_inv11.als","classroom_fol","OVERCONSTRAINED","inv11",19,32,32,147,40,36,0.129252,0.800000,0.888889,0.990099,0.009901,10,
"classroom_fol/OVERCONSTRAINED/parsed-file4234_inv10.als","classroom_fol","OVERCONSTRAINED","inv10",42,17,16,23,8,6,1.826087,2.125000,2.666667,0.000000,1.000000,10,
"classroom_fol/OVERCONSTRAINED/parsed-file4253_inv11.als","classroom_fol","OVERCONSTRAINED","inv11",11,24,30,144,38,38,0.076389,0.631579,0.789474,0.990099,0.009901,10,
"classroom_fol/OVERCONSTRAINED/parsed-file4257_inv12.als","classroom_fol","OVERCONSTRAINED","inv12",27,11,13,71,19,19,0.380282,0.578947,0.684211,0.000000,1.000000,10,
"classroom_fol/OVERCONSTRAINED/parsed-file4275_inv11.als","classroom_fol","OVERCONSTRAINED","inv11",44,17,20,94,25,24,0.468085,0.680000,0.833333,0.990099,0.009901,10,
"classroom_fol/OVERCONSTRAINED/parsed-file4299_inv10.als","classroom_fol","OVERCONSTRAINED","inv10",2,2,2,91,25,25,0.021978,0.080000,0.080000,0.000000,1.000000,10,
"classroom_fol/OVERCONSTRAINED/parsed-file4305_inv13.als","classroom_fol","OVERCONSTRAINED","inv13",26,13,16,69,19,17,0.376812,0.684211,0.941176,0.000000,1.000000,10,
"classroom_fol/OVERCONSTRAINED/parsed-file4310_inv8.als","classroom_fol","OVERCONSTRAINED","inv8",14,10,5,122,32,32,0.114754,0.312500,0.156250,0.600000,0.400000,10,
"classroom_fol/OVERCONSTRAINED/parsed-file4314_inv11.als","classroom_fol","OVERCONSTRAINED","inv11",35,15,15,69,19,18,0.507246,0.789474,0.833333,0.000000,1.000000,10,
"classroom_fol/OVERCONSTRAINED/parsed-file4330_inv10.als","classroom_fol","OVERCONSTRAINED","inv10",15,8,8,54,15,16,0.277778,0.533333,0.500000,0.000000,1.000000,10,
"classroom_fol/OVERCONSTRAINED/parsed-file4355_inv11.als","classroom_fol","OVERCONSTRAINED","inv11",45,21,21,102,28,25,0.441176,0.750000,0.840000,0.990099,0.009901,10,
"classroom_fol/OVERCONSTRAINED/parsed-file4374_inv12.als","classroom_fol","OVERCONSTRAINED","inv12",17,9,8,132,36,36,0.128788,0.250000,0.222222,0.300000,0.700000,10,
"classroom_fol/OVERCONSTRAINED/parsed-file4386_inv6.als","classroom_fol","OVERCONSTRAINED","inv6",22,4,15,72,19,19,0.305556,0.210526,0.789474,0.990099,0.009901,10,
"classroom_fol/OVERCONSTRAINED/parsed-file4386_inv7.als","classroom_fol","OVERCONSTRAINED","inv7",22,4,15,72,19,19,0.305556,0.210526,0.789474,0.990099,0.009901,10,
"classroom_fol/OVERCONSTRAINED/parsed-file4407_inv9.als","classroom_fol","OVERCONSTRAINED","inv9",30,15,12,98,26,23,0.306122,0.576923,0.521739,0.400000,0.600000,10,
"classroom_fol/OVERCONSTRAINED/parsed-file4420_inv10.als","classroom_fol","OVERCONSTRAINED","inv10",6,2,2,101,27,25,0.059406,0.074074,0.080000,0.000000,1.000000,10,
"classroom_fol/OVERCONSTRAINED/parsed-file4421_inv1.als","classroom_fol","OVERCONSTRAINED","inv1",7,2,3,40,11,12,0.175000,0.181818,0.250000,0.000000,1.000000,10,
"classroom_fol/OVERCONSTRAINED/parsed-file4422_inv10.als","classroom_fol","OVERCONSTRAINED","inv10",28,5,23,101,27,26,0.277228,0.185185,0.884615,0.000000,1.000000,10,
"classroom_fol/OVERCONSTRAINED/parsed-file4452_inv15.als","classroom_fol","OVERCONSTRAINED","inv15",94,42,24,189,49,28,0.497354,0.857143,0.857143,0.000000,1.000000,10,
"classroom_fol/OVERCONSTRAINED/parsed-file4469_inv12.als","classroom_fol","OVERCONSTRAINED","inv12",22,6,6,116,32,30,0.189655,0.187500,0.200000,0.700000,0.300000,10,
"classroom_fol/OVERCONSTRAINED/parsed-file4480_inv5.als","classroom_fol","OVERCONSTRAINED","inv5",2,2,2,62,17,18,0.032258,0.117647,0.111111,0.000000,1.000000,10,
"classroom_fol/OVERCONSTRAINED/parsed-file451_inv3.als","classroom_fol","OVERCONSTRAINED","inv3",4,2,2,66,18,13,0.060606,0.111111,0.153846,0.990099,0.009901,10,
"classroom_fol/OVERCONSTRAINED/parsed-file4541_inv15.als","classroom_fol","OVERCONSTRAINED","inv15",85,33,27,141,37,35,0.602837,0.891892,0.771429,0.000000,1.000000,10,
"classroom_fol/OVERCONSTRAINED/parsed-file4547_inv11.als","classroom_fol","OVERCONSTRAINED","inv11",37,20,16,131,36,39,0.282443,0.555556,0.410256,0.990099,0.009901,10,
"classroom_fol/OVERCONSTRAINED/parsed-file4571_inv11.als","classroom_fol","OVERCONSTRAINED","inv11",39,15,6,40,12,12,0.975000,1.250000,0.500000,0.000000,1.000000,10,
"classroom_fol/OVERCONSTRAINED/parsed-file4575_inv3.als","classroom_fol","OVERCONSTRAINED","inv3",17,4,8,127,32,29,0.133858,0.125000,0.275862,0.990099,0.009901,10,
"classroom_fol/OVERCONSTRAINED/parsed-file4588_inv11.als","classroom_fol","OVERCONSTRAINED","inv11",49,24,12,131,35,42,0.374046,0.685714,0.285714,0.000000,1.000000,10,
"classroom_fol/OVERCONSTRAINED/parsed-file4631_inv12.als","classroom_fol","OVERCONSTRAINED","inv12",17,5,6,116,32,30,0.146552,0.156250,0.200000,0.700000,0.300000,10,
"classroom_fol/OVERCONSTRAINED/parsed-file4659_inv9.als","classroom_fol","OVERCONSTRAINED","inv9",25,13,10,50,13,12,0.500000,1.000000,0.833333,0.990099,0.009901,10,
"classroom_fol/OVERCONSTRAINED/parsed-file4664_inv12.als","classroom_fol","OVERCONSTRAINED","inv12",18,25,7,127,34,30,0.141732,0.735294,0.233333,0.700000,0.300000,10,
"classroom_fol/OVERCONSTRAINED/parsed-file4666_inv12.als","classroom_fol","OVERCONSTRAINED","inv12",17,5,6,116,32,30,0.146552,0.156250,0.200000,0.700000,0.300000,10,
"classroom_fol/OVERCONSTRAINED/parsed-file4669_inv3.als","classroom_fol","OVERCONSTRAINED","inv3",6,1,1,23,7,6,0.260870,0.142857,0.166667,0.000000,1.000000,10,
"classroom_fol/OVERCONSTRAINED/parsed-file4673_inv5.als","classroom_fol","OVERCONSTRAINED","inv5",10,5,3,40,11,11,0.250000,0.454545,0.272727,0.000000,1.000000,10,
"classroom_fol/OVERCONSTRAINED/parsed-file4675_inv12.als","classroom_fol","OVERCONSTRAINED","inv12",59,14,16,153,40,41,0.385621,0.350000,0.390244,0.000000,1.000000,10,
"classroom_fol/OVERCONSTRAINED/parsed-file4692_inv7.als","classroom_fol","OVERCONSTRAINED","inv7",2,2,2,28,9,7,0.071429,0.222222,0.285714,0.000000,1.000000,10,
"classroom_fol/OVERCONSTRAINED/parsed-file4735_inv5.als","classroom_fol","OVERCONSTRAINED","inv5",23,7,7,40,11,11,0.575000,0.636364,0.636364,0.000000,1.000000,10,
"classroom_fol/OVERCONSTRAINED/parsed-file47_inv15.als","classroom_fol","OVERCONSTRAINED","inv15",85,32,32,178,46,43,0.477528,0.695652,0.744186,0.990099,0.009901,10,
"classroom_fol/OVERCONSTRAINED/parsed-file486_inv4.als","classroom_fol","OVERCONSTRAINED","inv4",20,12,17,48,14,21,0.416667,0.857143,0.809524,0.000000,1.000000,10,
"classroom_fol/OVERCONSTRAINED/parsed-file50_inv10.als","classroom_fol","OVERCONSTRAINED","inv10",34,12,26,91,25,25,0.373626,0.480000,1.040000,0.000000,1.000000,10,
"classroom_fol/OVERCONSTRAINED/parsed-file511_inv10.als","classroom_fol","OVERCONSTRAINED","inv10",22,11,13,55,17,14,0.400000,0.647059,0.928571,0.000000,1.000000,10,
"classroom_fol/OVERCONSTRAINED/parsed-file555_inv8.als","classroom_fol","OVERCONSTRAINED","inv8",18,14,5,103,26,32,0.174757,0.538462,0.156250,0.600000,0.400000,10,
"classroom_fol/OVERCONSTRAINED/parsed-file597_inv11.als","classroom_fol","OVERCONSTRAINED","inv11",42,18,16,116,32,30,0.362069,0.562500,0.533333,0.500000,0.500000,10,
"classroom_fol/OVERCONSTRAINED/parsed-file59_inv4.als","classroom_fol","OVERCONSTRAINED","inv4",4,3,8,63,18,16,0.063492,0.166667,0.500000,0.000000,1.000000,10,
"classroom_fol/OVERCONSTRAINED/parsed-file615_inv9.als","classroom_fol","OVERCONSTRAINED","inv9",16,7,5,39,10,10,0.410256,0.700000,0.500000,0.990099,0.009901,10,
"classroom_fol/OVERCONSTRAINED/parsed-file631_inv11.als","classroom_fol","OVERCONSTRAINED","inv11",69,51,16,165,45,3,0.418182,1.133333,5.333333,0.000000,1.000000,10,
"classroom_fol/OVERCONSTRAINED/parsed-file642_inv12.als","classroom_fol","OVERCONSTRAINED","inv12",36,16,12,92,25,25,0.391304,0.640000,0.480000,0.000000,1.000000,10,
"classroom_fol/OVERCONSTRAINED/parsed-file651_inv12.als","classroom_fol","OVERCONSTRAINED","inv12",8,2,4,133,36,35,0.060150,0.055556,0.114286,0.300000,0.700000,10,
"classroom_fol/OVERCONSTRAINED/parsed-file660_inv11.als","classroom_fol","OVERCONSTRAINED","inv11",41,16,15,132,36,35,0.310606,0.444444,0.428571,0.000000,1.000000,10,
"classroom_fol/OVERCONSTRAINED/parsed-file671_inv12.als","classroom_fol","OVERCONSTRAINED","inv12",27,11,13,71,19,19,0.380282,0.578947,0.684211,0.000000,1.000000,10,
"classroom_fol/OVERCONSTRAINED/parsed-file754_inv11.als","classroom_fol","OVERCONSTRAINED","inv11",54,21,25,139,38,36,0.388489,0.552632,0.694444,0.500000,0.500000,10,
"classroom_fol/OVERCONSTRAINED/parsed-file759_inv11.als","classroom_fol","OVERCONSTRAINED","inv11",52,24,26,143,40,37,0.363636,0.600000,0.702703,0.500000,0.500000,10,
"classroom_fol/OVERCONSTRAINED/parsed-file761_inv4.als","classroom_fol","OVERCONSTRAINED","inv4",16,8,6,44,12,9,0.363636,0.666667,0.666667,0.000000,1.000000,10,
"classroom_fol/OVERCONSTRAINED/parsed-file774_inv9.als","classroom_fol","OVERCONSTRAINED","inv9",12,7,5,43,12,12,0.279070,0.583333,0.416667,0.990099,0.009901,10,
"classroom_fol/OVERCONSTRAINED/parsed-file78_inv10.als","classroom_fol","OVERCONSTRAINED","inv10",2,2,2,91,25,25,0.021978,0.080000,0.080000,0.000000,1.000000,10,
"classroom_fol/OVERCONSTRAINED/parsed-file793_inv4.als","classroom_fol","OVERCONSTRAINED","inv4",2,1,6,60,16,15,0.033333,0.062500,0.400000,0.000000,1.000000,10,
"classroom_fol/OVERCONSTRAINED/parsed-file796_inv4.als","classroom_fol","OVERCONSTRAINED","inv4",2,1,6,60,16,15,0.033333,0.062500,0.400000,0.000000,1.000000,10,
"classroom_fol/OVERCONSTRAINED/parsed-file818_inv11.als","classroom_fol","OVERCONSTRAINED","inv11",51,18,15,132,36,35,0.386364,0.500000,0.428571,0.000000,1.000000,10,
"classroom_fol/OVERCONSTRAINED/parsed-file819_inv13.als","classroom_fol","OVERCONSTRAINED","inv13",44,20,13,26,11,8,1.692308,1.818182,1.625000,0.000000,1.000000,10,
"classroom_fol/OVERCONSTRAINED/parsed-file825_inv11.als","classroom_fol","OVERCONSTRAINED","inv11",16,5,21,144,38,35,0.111111,0.131579,0.600000,0.000000,1.000000,10,
"classroom_fol/OVERCONSTRAINED/parsed-file844_inv6.als","classroom_fol","OVERCONSTRAINED","inv6",31,10,11,59,16,14,0.525424,0.625000,0.785714,0.000000,1.000000,10,
"classroom_fol/OVERCONSTRAINED/parsed-file869_inv3.als","classroom_fol","OVERCONSTRAINED","inv3",2,1,9,62,16,17,0.032258,0.062500,0.529412,0.000000,1.000000,10,
"classroom_fol/OVERCONSTRAINED/parsed-file875_inv5.als","classroom_fol","OVERCONSTRAINED","inv5",2,2,2,62,17,18,0.032258,0.117647,0.111111,0.000000,1.000000,10,
"classroom_fol/OVERCONSTRAINED/parsed-file923_inv12.als","classroom_fol","OVERCONSTRAINED","inv12",26,6,7,149,40,38,0.174497,0.150000,0.184211,0.000000,1.000000,10,
"classroom_fol/OVERCONSTRAINED/parsed-file941_inv8.als","classroom_fol","OVERCONSTRAINED","inv8",1,1,1,71,19,19,0.014085,0.052632,0.052632,0.400000,0.600000,10,
"classroom_fol/OVERCONSTRAINED/parsed-file974_inv11.als","classroom_fol","OVERCONSTRAINED","inv11",33,12,10,51,15,13,0.647059,0.800000,0.769231,0.000000,1.000000,10,
"classroom_fol/OVERCONSTRAINED/parsed-file990_inv12.als","classroom_fol","OVERCONSTRAINED","inv12",44,10,10,167,44,41,0.263473,0.227273,0.243902,0.000000,1.000000,10,
"classroom_fol/UNDERCONSTRAINED/parsed-file0_inv15.als","classroom_fol","UNDERCONSTRAINED","inv15",92,49,10,216,56,11,0.425926,0.875000,0.909091,0.500000,0.500000,10,
"classroom_fol/UNDERCONSTRAINED/parsed-file1039_inv14.als","classroom_fol","UNDERCONSTRAINED","inv14",23,6,10,156,44,45,0.147436,0.136364,0.222222,0.300000,0.700000,10,
"classroom_fol/UNDERCONSTRAINED/parsed-file1105_inv14.als","classroom_fol","UNDERCONSTRAINED","inv14",12,2,10,157,44,43,0.076433,0.045455,0.232558,0.300000,0.700000,10,
"classroom_fol/UNDERCONSTRAINED/parsed-file1115_inv14.als","classroom_fol","UNDERCONSTRAINED","inv14",2,10,2,141,40,43,0.014184,0.250000,0.046512,0.000000,1.000000,10,
"classroom_fol/UNDERCONSTRAINED/parsed-file1163_inv14.als","classroom_fol","UNDERCONSTRAINED","inv14",36,8,8,180,50,53,0.200000,0.160000,0.150943,0.300000,0.700000,10,
"classroom_fol/UNDERCONSTRAINED/parsed-file1165_inv12.als","classroom_fol","UNDERCONSTRAINED","inv12",26,30,26,154,40,38,0.168831,0.750000,0.684211,0.100000,0.900000,10,
"classroom_fol/UNDERCONSTRAINED/parsed-file1227_inv1.als","classroom_fol","UNDERCONSTRAINED","inv1",12,2,5,40,11,11,0.300000,0.181818,0.454545,0.000000,1.000000,10,
"classroom_fol/UNDERCONSTRAINED/parsed-file1272_inv15.als","classroom_fol","UNDERCONSTRAINED","inv15",92,49,10,216,56,11,0.425926,0.875000,0.909091,0.500000,0.500000,10,
"classroom_fol/UNDERCONSTRAINED/parsed-file1288_inv12.als","classroom_fol","UNDERCONSTRAINED","inv12",39,17,12,29,10,7,1.344828,1.700000,1.714286,0.000000,1.000000,10,
"classroom_fol/UNDERCONSTRAINED/parsed-file131_inv11.als","classroom_fol","UNDERCONSTRAINED","inv11",8,2,4,133,36,37,0.060150,0.055556,0.108108,0.400000,0.600000,10,
"classroom_fol/UNDERCONSTRAINED/parsed-file1336_inv11.als","classroom_fol","UNDERCONSTRAINED","inv11",19,9,6,143,38,37,0.132867,0.236842,0.162162,0.400000,0.600000,10,
"classroom_fol/UNDERCONSTRAINED/parsed-file1351_inv5.als","classroom_fol","UNDERCONSTRAINED","inv5",23,6,6,50,14,13,0.460000,0.428571,0.461538,0.000000,1.000000,10,
"classroom_fol/UNDERCONSTRAINED/parsed-file1355_inv14.als","classroom_fol","UNDERCONSTRAINED","inv14",58,14,11,157,44,43,0.369427,0.318182,0.255814,0.300000,0.700000,10,
"classroom_fol/UNDERCONSTRAINED/parsed-file1425_inv5.als","classroom_fol","UNDERCONSTRAINED","inv5",10,5,3,14,4,4,0.714286,1.250000,0.750000,0.000000,1.000000,10,
"classroom_fol/UNDERCONSTRAINED/parsed-file1471_inv11.als","classroom_fol","UNDERCONSTRAINED","inv11",12,2,8,143,38,35,0.083916,0.052632,0.228571,0.000000,1.000000,10,
"classroom_fol/UNDERCONSTRAINED/parsed-file1500_inv12.als","classroom_fol","UNDERCONSTRAINED","inv12",13,7,4,53,15,13,0.245283,0.466667,0.307692,0.100000,0.900000,10,
"classroom_fol/UNDERCONSTRAINED/parsed-file1501_inv12.als","classroom_fol","UNDERCONSTRAINED","inv12",24,7,23,116,32,33,0.206897,0.218750,0.696970,0.100000,0.900000,10,
"classroom_fol/UNDERCONSTRAINED/parsed-file1533_inv14.als","classroom_fol","UNDERCONSTRAINED","inv14",45,23,24,135,40,40,0.333333,0.575000,0.600000,0.300000,0.700000,10,
"classroom_fol/UNDERCONSTRAINED/parsed-file1558_inv8.als","classroom_fol","UNDERCONSTRAINED","inv8",4,2,2,45,12,12,0.088889,0.166667,0.166667,0.000000,1.000000,10,
"classroom_fol/UNDERCONSTRAINED/parsed-file1560_inv15.als","classroom_fol","UNDERCONSTRAINED","inv15",92,49,10,216,56,11,0.425926,0.875000,0.909091,0.500000,0.500000,10,
"classroom_fol/UNDERCONSTRAINED/parsed-file1691_inv15.als","classroom_fol","UNDERCONSTRAINED","inv15",72,29,33,159,45,42,0.452830,0.644444,0.785714,0.100000,0.900000,10,
"classroom_fol/UNDERCONSTRAINED/parsed-file1696_inv11.als","classroom_fol","UNDERCONSTRAINED","inv11",8,2,4,144,38,35,0.055556,0.052632,0.114286,0.600000,0.400000,10,
"classroom_fol/UNDERCONSTRAINED/parsed-file1739_inv11.als","classroom_fol","UNDERCONSTRAINED","inv11",6,1,4,144,38,35,0.041667,0.026316,0.114286,0.400000,0.600000,10,
"classroom_fol/UNDERCONSTRAINED/parsed-file1772_inv15.als","classroom_fol","UNDERCONSTRAINED","inv15",92,49,10,216,56,11,0.425926,0.875000,0.909091,0.500000,0.500000,10,
"classroom_fol/UNDERCONSTRAINED/parsed-file1823_inv12.als","classroom_fol","UNDERCONSTRAINED","inv12",19,6,22,116,32,33,0.163793,0.187500,0.666667,0.100000,0.900000,10,
"classroom_fol/UNDERCONSTRAINED/parsed-file1879_inv10.als","classroom_fol","UNDERCONSTRAINED","inv10",25,9,11,52,15,16,0.480769,0.600000,0.687500,0.000000,1.000000,10,
"classroom_fol/UNDERCONSTRAINED/parsed-file1883_inv5.als","classroom_fol","UNDERCONSTRAINED","inv5",7,2,2,23,7,6,0.304348,0.285714,0.333333,0.000000,1.000000,10,
"classroom_fol/UNDERCONSTRAINED/parsed-file1893_inv6.als","classroom_fol","UNDERCONSTRAINED","inv6",37,11,18,72,19,23,0.513889,0.578947,0.782609,0.000000,1.000000,10,
"classroom_fol/UNDERCONSTRAINED/parsed-file1900_inv14.als","classroom_fol","UNDERCONSTRAINED","inv14",12,2,10,157,44,43,0.076433,0.045455,0.232558,0.300000,0.700000,10,
"classroom_fol/UNDERCONSTRAINED/parsed-file1918_inv14.als","classroom_fol","UNDERCONSTRAINED","inv14",32,44,12,176,48,45,0.181818,0.916667,0.266667,0.300000,0.700000,10,
"classroom_fol/UNDERCONSTRAINED/parsed-file1923_inv2.als","classroom_fol","UNDERCONSTRAINED","inv2",47,14,17,81,23,26,0.580247,0.608696,0.653846,0.700000,0.300000,10,
"classroom_fol/UNDERCONSTRAINED/parsed-file1944_inv12.als","classroom_fol","UNDERCONSTRAINED","inv12",25,15,5,107,29,30,0.233645,0.517241,0.166667,0.100000,0.900000,10,
"classroom_fol/UNDERCONSTRAINED/parsed-file1950_inv5.als","classroom_fol","UNDERCONSTRAINED","inv5",23,6,15,65,17,17,0.353846,0.352941,0.882353,0.000000,1.000000,10,
"classroom_fol/UNDERCONSTRAINED/parsed-file1961_inv12.als","classroom_fol","UNDERCONSTRAINED","inv12",2,1,28,154,40,39,0.012987,0.025000,0.717949,0.100000,0.900000,10,
"classroom_fol/UNDERCONSTRAINED/parsed-file1999_inv14.als","classroom_fol","UNDERCONSTRAINED","inv14",23,41,12,177,48,41,0.129944,0.854167,0.292683,0.300000,0.700000,10,
"classroom_fol/UNDERCONSTRAINED/parsed-file2030_inv12.als","classroom_fol","UNDERCONSTRAINED","inv12",25,11,12,72,19,19,0.347222,0.578947,0.631579,0.990099,0.009901,10,
"classroom_fol/UNDERCONSTRAINED/parsed-file2042_inv11.als","classroom_fol","UNDERCONSTRAINED","inv11",26,33,6,153,40,37,0.169935,0.825000,0.162162,0.400000,0.600000,10,
"classroom_fol/UNDERCONSTRAINED/parsed-file2080_inv14.als","classroom_fol","UNDERCONSTRAINED","inv14",12,2,10,157,44,43,0.076433,0.045455,0.232558,0.300000,0.700000,10,
"classroom_fol/UNDERCONSTRAINED/parsed-file2091_inv11.als","classroom_fol","UNDERCONSTRAINED","inv11",8,2,4,133,36,37,0.060150,0.055556,0.108108,0.400000,0.600000,10,
"classroom_fol/UNDERCONSTRAINED/parsed-file2131_inv10.als","classroom_fol","UNDERCONSTRAINED","inv10",29,12,11,70,20,20,0.414286,0.600000,0.550000,0.000000,1.000000,10,
"classroom_fol/UNDERCONSTRAINED/parsed-file221_inv12.als","classroom_fol","UNDERCONSTRAINED","inv12",34,15,13,31,12,9,1.096774,1.250000,1.444444,0.000000,1.000000,10,
"classroom_fol/UNDERCONSTRAINED/parsed-file2229_inv5.als","classroom_fol","UNDERCONSTRAINED","inv5",20,9,11,58,16,16,0.344828,0.562500,0.687500,0.000000,1.000000,10,
"classroom_fol/UNDERCONSTRAINED/parsed-file2261_inv12.als","classroom_fol","UNDERCONSTRAINED","inv12",32,14,13,52,15,16,0.615385,0.933333,0.812500,0.000000,1.000000,10,
"classroom_fol/UNDERCONSTRAINED/parsed-file2271_inv13.als","classroom_fol","UNDERCONSTRAINED","inv13",20,9,7,66,19,23,0.303030,0.473684,0.304348,0.990099,0.009901,10,
"classroom_fol/UNDERCONSTRAINED/parsed-file2292_inv5.als","classroom_fol","UNDERCONSTRAINED","inv5",2,1,17,81,22,23,0.024691,0.045455,0.739130,0.000000,1.000000,10,
"classroom_fol/UNDERCONSTRAINED/parsed-file229_inv14.als","classroom_fol","UNDERCONSTRAINED","inv14",47,28,22,91,25,23,0.516484,1.120000,0.956522,0.000000,1.000000,10,
"classroom_fol/UNDERCONSTRAINED/parsed-file233_inv11.als","classroom_fol","UNDERCONSTRAINED","inv11",37,16,15,105,30,31,0.352381,0.533333,0.483871,0.000000,1.000000,10,
"classroom_fol/UNDERCONSTRAINED/parsed-file2352_inv1.als","classroom_fol","UNDERCONSTRAINED","inv1",6,1,1,39,11,11,0.153846,0.090909,0.090909,0.000000,1.000000,10,
"classroom_fol/UNDERCONSTRAINED/parsed-file2421_inv5.als","classroom_fol","UNDERCONSTRAINED","inv5",20,6,9,48,13,12,0.416667,0.461538,0.750000,0.000000,1.000000,10,
"classroom_fol/UNDERCONSTRAINED/parsed-file2447_inv5.als","classroom_fol","UNDERCONSTRAINED","inv5",6,2,2,22,7,6,0.272727,0.285714,0.333333,0.000000,1.000000,10,
"classroom_fol/UNDERCONSTRAINED/parsed-file2460_inv3.als","classroom_fol","UNDERCONSTRAINED","inv3",6,12,7,102,26,25,0.058824,0.461538,0.280000,0.000000,1.000000,10,
"classroom_fol/UNDERCONSTRAINED/parsed-file2479_inv11.als","classroom_fol","UNDERCONSTRAINED","inv11",8,2,4,133,36,37,0.060150,0.055556,0.108108,0.400000,0.600000,10,
"classroom_fol/UNDERCONSTRAINED/parsed-file2515_inv13.als","classroom_fol","UNDERCONSTRAINED","inv13",28,16,9,50,14,13,0.560000,1.142857,0.692308,0.990099,0.009901,10,
"classroom_fol/UNDERCONSTRAINED/parsed-file2521_inv15.als","classroom_fol","UNDERCONSTRAINED","inv15",80,58,65,243,70,74,0.329218,0.828571,0.878378,0.100000,0.900000,10,
"classroom_fol/UNDERCONSTRAINED/parsed-file257_inv12.als","classroom_fol","UNDERCONSTRAINED","inv12",14,3,27,132,36,38,0.106061,0.083333,0.710526,0.100000,0.900000,10,
"classroom_fol/UNDERCONSTRAINED/parsed-file2584_inv13.als","classroom_fol","UNDERCONSTRAINED","inv13",37,20,13,34,13,9,1.088235,1.538462,1.444444,0.990099,0.009901,10,
"classroom_fol/UNDERCONSTRAINED/parsed-file2611_inv14.als","classroom_fol","UNDERCONSTRAINED","inv14",19,3,11,146,42,45,0.130137,0.071429,0.244444,0.300000,0.700000,10,
"classroom_fol/UNDERCONSTRAINED/parsed-file2623_inv14.als","classroom_fol","UNDERCONSTRAINED","inv14",12,2,10,167,46,41,0.071856,0.043478,0.243902,0.300000,0.700000,10,
"classroom_fol/UNDERCONSTRAINED/parsed-file2642_inv12.als","classroom_fol","UNDERCONSTRAINED","inv12",25,11,12,72,19,19,0.347222,0.578947,0.631579,0.990099,0.009901,10,
"classroom_fol/UNDERCONSTRAINED/parsed-file2648_inv12.als","classroom_fol","UNDERCONSTRAINED","inv12",2,1,28,154,40,39,0.012987,0.025000,0.717949,0.100000,0.900000,10,
"classroom_fol/UNDERCONSTRAINED/parsed-file2661_inv8.als","classroom_fol","UNDERCONSTRAINED","inv8",22,17,16,92,26,25,0.239130,0.653846,0.640000,0.000000,1.000000,10,
"classroom_fol/UNDERCONSTRAINED/parsed-file2676_inv14.als","classroom_fol","UNDERCONSTRAINED","inv14",48,15,47,191,52,55,0.251309,0.288462,0.854545,0.100000,0.900000,10,
"classroom_fol/UNDERCONSTRAINED/parsed-file2708_inv14.als","classroom_fol","UNDERCONSTRAINED","inv14",62,31,32,159,47,44,0.389937,0.659574,0.727273,0.300000,0.700000,10,
"classroom_fol/UNDERCONSTRAINED/parsed-file2763_inv14.als","classroom_fol","UNDERCONSTRAINED","inv14",47,25,25,138,42,41,0.340580,0.595238,0.609756,0.300000,0.700000,10,
"classroom_fol/UNDERCONSTRAINED/parsed-file2792_inv14.als","classroom_fol","UNDERCONSTRAINED","inv14",38,10,11,146,42,45,0.260274,0.238095,0.244444,0.300000,0.700000,10,
"classroom_fol/UNDERCONSTRAINED/parsed-file2803_inv1.als","classroom_fol","UNDERCONSTRAINED","inv1",12,4,3,30,9,7,0.400000,0.444444,0.428571,0.000000,1.000000,10,
"classroom_fol/UNDERCONSTRAINED/parsed-file2852_inv14.als","classroom_fol","UNDERCONSTRAINED","inv14",12,2,10,146,42,45,0.082192,0.047619,0.222222,0.300000,0.700000,10,
"classroom_fol/UNDERCONSTRAINED/parsed-file2864_inv14.als","classroom_fol","UNDERCONSTRAINED","inv14",63,26,25,109,30,26,0.577982,0.866667,0.961538,0.000000,1.000000,10,
"classroom_fol/UNDERCONSTRAINED/parsed-file2918_inv11.als","classroom_fol","UNDERCONSTRAINED","inv11",8,2,4,133,36,37,0.060150,0.055556,0.108108,0.400000,0.600000,10,
"classroom_fol/UNDERCONSTRAINED/parsed-file296_inv13.als","classroom_fol","UNDERCONSTRAINED","inv13",37,10,6,71,24,16,0.521127,0.416667,0.375000,0.000000,1.000000,10,
"classroom_fol/UNDERCONSTRAINED/parsed-file2974_inv11.als","classroom_fol","UNDERCONSTRAINED","inv11",8,2,4,133,36,37,0.060150,0.055556,0.108108,0.400000,0.600000,10,
"classroom_fol/UNDERCONSTRAINED/parsed-file2993_inv7.als","classroom_fol","UNDERCONSTRAINED","inv7",11,5,6,43,12,12,0.255814,0.416667,0.500000,0.000000,1.000000,10,
"classroom_fol/UNDERCONSTRAINED/parsed-file299_inv12.als","classroom_fol","UNDERCONSTRAINED","inv12",2,1,28,143,38,39,0.013986,0.026316,0.717949,0.100000,0.900000,10,
"classroom_fol/UNDERCONSTRAINED/parsed-file3006_inv11.als","classroom_fol","UNDERCONSTRAINED","inv11",53,19,18,105,30,31,0.504762,0.633333,0.580645,0.000000,1.000000,10,
"classroom_fol/UNDERCONSTRAINED/parsed-file3025_inv11.als","classroom_fol","UNDERCONSTRAINED","inv11",26,33,6,153,40,37,0.169935,0.825000,0.162162,0.400000,0.600000,10,
"classroom_fol/UNDERCONSTRAINED/parsed-file3029_inv12.als","classroom_fol","UNDERCONSTRAINED","inv12",2,1,28,154,40,39,0.012987,0.025000,0.717949,0.100000,0.900000,10,
"classroom_fol/UNDERCONSTRAINED/parsed-file3067_inv13.als","classroom_fol","UNDERCONSTRAINED","inv13",27,16,9,50,14,13,0.540000,1.142857,0.692308,0.990099,0.009901,10,
"classroom_fol/UNDERCONSTRAINED/parsed-file3078_inv15.als","classroom_fol","UNDERCONSTRAINED","inv15",92,49,10,216,56,11,0.425926,0.875000,0.909091,0.500000,0.500000,10,
"classroom_fol/UNDERCONSTRAINED/parsed-file3128_inv9.als","classroom_fol","UNDERCONSTRAINED","inv9",3,2,2,55,15,14,0.054545,0.133333,0.142857,0.000000,1.000000,10,
"classroom_fol/UNDERCONSTRAINED/parsed-file3173_inv14.als","classroom_fol","UNDERCONSTRAINED","inv14",6,1,5,166,46,41,0.036145,0.021739,0.121951,0.500000,0.500000,10,
"classroom_fol/UNDERCONSTRAINED/parsed-file3179_inv12.als","classroom_fol","UNDERCONSTRAINED","inv12",19,6,22,116,32,33,0.163793,0.187500,0.666667,0.100000,0.900000,10,
"classroom_fol/UNDERCONSTRAINED/parsed-file3201_inv14.als","classroom_fol","UNDERCONSTRAINED","inv14",72,36,33,184,57,53,0.391304,0.631579,0.622642,0.300000,0.700000,10,
"classroom_fol/UNDERCONSTRAINED/parsed-file3238_inv14.als","classroom_fol","UNDERCONSTRAINED","inv14",6,1,5,166,46,41,0.036145,0.021739,0.121951,0.500000,0.500000,10,
"classroom_fol/UNDERCONSTRAINED/parsed-file3286_inv14.als","classroom_fol","UNDERCONSTRAINED","inv14",6,1,5,156,44,43,0.038462,0.022727,0.116279,0.500000,0.500000,10,
"classroom_fol/UNDERCONSTRAINED/parsed-file330_inv14.als","classroom_fol","UNDERCONSTRAINED","inv14",33,7,12,156,44,45,0.211538,0.159091,0.266667,0.300000,0.700000,10,
"classroom_fol/UNDERCONSTRAINED/parsed-file3336_inv11.als","classroom_fol","UNDERCONSTRAINED","inv11",6,1,4,144,38,35,0.041667,0.026316,0.114286,0.400000,0.600000,10,
"classroom_fol/UNDERCONSTRAINED/parsed-file3376_inv5.als","classroom_fol","UNDERCONSTRAINED","inv5",6,1,4,72,19,18,0.083333,0.052632,0.222222,0.000000,1.000000,10,
"classroom_fol/UNDERCONSTRAINED/parsed-file3402_inv12.als","classroom_fol","UNDERCONSTRAINED","inv12",31,15,25,121,32,34,0.256198,0.468750,0.735294,0.000000,1.000000,10,
"classroom_fol/UNDERCONSTRAINED/parsed-file3421_inv3.als","classroom_fol","UNDERCONSTRAINED","inv3",16,4,6,102,26,22,0.156863,0.153846,0.272727,0.000000,1.000000,10,
"classroom_fol/UNDERCONSTRAINED/parsed-file3457_inv14.als","classroom_fol","UNDERCONSTRAINED","inv14",12,2,10,167,46,41,0.071856,0.043478,0.243902,0.300000,0.700000,10,
"classroom_fol/UNDERCONSTRAINED/parsed-file3462_inv14.als","classroom_fol","UNDERCONSTRAINED","inv14",21,5,11,156,44,45,0.134615,0.113636,0.244444,0.300000,0.700000,10,
"classroom_fol/UNDERCONSTRAINED/parsed-file3492_inv14.als","classroom_fol","UNDERCONSTRAINED","inv14",12,2,10,157,44,43,0.076433,0.045455,0.232558,0.300000,0.700000,10,
"classroom_fol/UNDERCONSTRAINED/parsed-file352_inv7.als","classroom_fol","UNDERCONSTRAINED","inv7",12,7,6,46,14,13,0.260870,0.500000,0.461538,0.000000,1.000000,10,
"classroom_fol/UNDERCONSTRAINED/parsed-file3593_inv12.als","classroom_fol","UNDERCONSTRAINED","inv12",21,18,19,127,34,31,0.165354,0.529412,0.612903,0.100000,0.900000,10,
"classroom_fol/UNDERCONSTRAINED/parsed-file360_inv11.als","classroom_fol","UNDERCONSTRAINED","inv11",8,2,4,155,40,35,0.051613,0.050000,0.114286,0.600000,0.400000,10,
"classroom_fol/UNDERCONSTRAINED/parsed-file3616_inv14.als","classroom_fol","UNDERCONSTRAINED","inv14",36,9,10,146,42,45,0.246575,0.214286,0.222222,0.300000,0.700000,10,
"classroom_fol/UNDERCONSTRAINED/parsed-file3629_inv2.als","classroom_fol","UNDERCONSTRAINED","inv2",13,4,4,44,11,11,0.295455,0.363636,0.363636,0.990099,0.009901,10,
"classroom_fol/UNDERCONSTRAINED/parsed-file3639_inv14.als","classroom_fol","UNDERCONSTRAINED","inv14",47,28,22,91,25,23,0.516484,1.120000,0.956522,0.000000,1.000000,10,
"classroom_fol/UNDERCONSTRAINED/parsed-file3653_inv5.als","classroom_fol","UNDERCONSTRAINED","inv5",6,1,1,23,7,6,0.260870,0.142857,0.166667,0.000000,1.000000,10,
"classroom_fol/UNDERCONSTRAINED/parsed-file3726_inv11.als","classroom_fol","UNDERCONSTRAINED","inv11",8,2,4,133,36,37,0.060150,0.055556,0.108108,0.400000,0.600000,10,
"classroom_fol/UNDERCONSTRAINED/parsed-file3754_inv14.als","classroom_fol","UNDERCONSTRAINED","inv14",36,11,45,174,48,51,0.206897,0.229167,0.882353,0.100000,0.900000,10,
"classroom_fol/UNDERCONSTRAINED/parsed-file3766_inv14.als","classroom_fol","UNDERCONSTRAINED","inv14",6,1,5,145,42,45,0.041379,0.023810,0.111111,0.500000,0.500000,10,
"classroom_fol/UNDERCONSTRAINED/parsed-file3784_inv15.als","classroom_fol","UNDERCONSTRAINED","inv15",44,21,15,49,15,9,0.897959,1.400000,1.666667,0.000000,1.000000,10,
"classroom_fol/UNDERCONSTRAINED/parsed-file3806_inv8.als","classroom_fol","UNDERCONSTRAINED","inv8",4,1,31,137,36,39,0.029197,0.027778,0.794872,0.000000,1.000000,10,
"classroom_fol/UNDERCONSTRAINED/parsed-file3821_inv5.als","classroom_fol","UNDERCONSTRAINED","inv5",2,1,17,81,22,24,0.024691,0.045455,0.708333,0.000000,1.000000,10,
"classroom_fol/UNDERCONSTRAINED/parsed-file3824_inv12.als","classroom_fol","UNDERCONSTRAINED","inv12",2,1,28,143,38,39,0.013986,0.026316,0.717949,0.100000,0.900000,10,
"classroom_fol/UNDERCONSTRAINED/parsed-file3831_inv14.als","classroom_fol","UNDERCONSTRAINED","inv14",17,4,5,156,44,43,0.108974,0.090909,0.116279,0.500000,0.500000,10,
"classroom_fol/UNDERCONSTRAINED/parsed-file3880_inv6.als","classroom_fol","UNDERCONSTRAINED","inv6",12,6,4,28,9,7,0.428571,0.666667,0.571429,0.000000,1.000000,10,
"classroom_fol/UNDERCONSTRAINED/parsed-file3950_inv14.als","classroom_fol","UNDERCONSTRAINED","inv14",27,10,12,157,44,41,0.171975,0.227273,0.292683,0.300000,0.700000,10,
"classroom_fol/UNDERCONSTRAINED/parsed-file4005_inv14.als","classroom_fol","UNDERCONSTRAINED","inv14",43,21,21,150,45,46,0.286667,0.466667,0.456522,0.300000,0.700000,10,
"classroom_fol/UNDERCONSTRAINED/parsed-file4022_inv12.als","classroom_fol","UNDERCONSTRAINED","inv12",2,1,25,132,36,38,0.015152,0.027778,0.657895,0.100000,0.900000,10,
"classroom_fol/UNDERCONSTRAINED/parsed-file4028_inv15.als","classroom_fol","UNDERCONSTRAINED","inv15",38,16,18,94,25,25,0.404255,0.640000,0.720000,0.100000,0.900000,10,
"classroom_fol/UNDERCONSTRAINED/parsed-file4039_inv3.als","classroom_fol","UNDERCONSTRAINED","inv3",16,4,6,102,26,22,0.156863,0.153846,0.272727,0.000000,1.000000,10,
"classroom_fol/UNDERCONSTRAINED/parsed-file4069_inv14.als","classroom_fol","UNDERCONSTRAINED","inv14",38,10,11,146,42,45,0.260274,0.238095,0.244444,0.300000,0.700000,10,
"classroom_fol/UNDERCONSTRAINED/parsed-file4074_inv9.als","classroom_fol","UNDERCONSTRAINED","inv9",30,15,8,39,14,9,0.769231,1.071429,0.888889,0.000000,1.000000,10,
"classroom_fol/UNDERCONSTRAINED/parsed-file4087_inv9.als","classroom_fol","UNDERCONSTRAINED","inv9",4,4,4,101,28,37,0.039604,0.142857,0.108108,0.000000,1.000000,10,
"classroom_fol/UNDERCONSTRAINED/parsed-file4097_inv1.als","classroom_fol","UNDERCONSTRAINED","inv1",12,2,2,19,6,5,0.631579,0.333333,0.400000,0.000000,1.000000,10,
"classroom_fol/UNDERCONSTRAINED/parsed-file4131_inv14.als","classroom_fol","UNDERCONSTRAINED","inv14",47,25,25,138,42,41,0.340580,0.595238,0.609756,0.300000,0.700000,10,
"classroom_fol/UNDERCONSTRAINED/parsed-file4138_inv15.als","classroom_fol","UNDERCONSTRAINED","inv15",56,21,35,93,27,37,0.602151,0.777778,0.945946,0.000000,1.000000,10,
"classroom_fol/UNDERCONSTRAINED/parsed-file4143_inv12.als","classroom_fol","UNDERCONSTRAINED","inv12",4,2,28,143,38,39,0.027972,0.052632,0.717949,0.100000,0.900000,10,
"classroom_fol/UNDERCONSTRAINED/parsed-file4178_inv14.als","classroom_fol","UNDERCONSTRAINED","inv14",36,11,45,174,48,51,0.206897,0.229167,0.882353,0.100000,0.900000,10,
"classroom_fol/UNDERCONSTRAINED/parsed-file4187_inv11.als","classroom_fol","UNDERCONSTRAINED","inv11",12,6,5,66,18,16,0.181818,0.333333,0.312500,0.000000,1.000000,10,
"classroom_fol/UNDERCONSTRAINED/parsed-file4219_inv14.als","classroom_fol","UNDERCONSTRAINED","inv14",20,3,11,146,42,45,0.136986,0.071429,0.244444,0.300000,0.700000,10,
"classroom_fol/UNDERCONSTRAINED/parsed-file424_inv14.als","classroom_fol","UNDERCONSTRAINED","inv14",38,10,11,146,42,45,0.260274,0.238095,0.244444,0.300000,0.700000,10,
"classroom_fol/UNDERCONSTRAINED/parsed-file4262_inv13.als","classroom_fol","UNDERCONSTRAINED","inv13",26,10,11,91,25,23,0.285714,0.400000,0.478261,0.100000,0.900000,10,
"classroom_fol/UNDERCONSTRAINED/parsed-file4288_inv11.als","classroom_fol","UNDERCONSTRAINED","inv11",6,1,4,152,41,42,0.039474,0.024390,0.095238,0.400000,0.600000,10,
"classroom_fol/UNDERCONSTRAINED/parsed-file4300_inv12.als","classroom_fol","UNDERCONSTRAINED","inv12",2,1,28,143,38,39,0.013986,0.026316,0.717949,0.100000,0.900000,10,
"classroom_fol/UNDERCONSTRAINED/parsed-file4304_inv1.als","classroom_fol","UNDERCONSTRAINED","inv1",12,2,5,40,11,11,0.300000,0.181818,0.454545,0.000000,1.000000,10,
"classroom_fol/UNDERCONSTRAINED/parsed-file4327_inv5.als","classroom_fol","UNDERCONSTRAINED","inv5",26,8,9,39,11,11,0.666667,0.727273,0.818182,0.000000,1.000000,10,
"classroom_fol/UNDERCONSTRAINED/parsed-file4340_inv14.als","classroom_fol","UNDERCONSTRAINED","inv14",35,10,8,145,42,45,0.241379,0.238095,0.177778,0.500000,0.500000,10,
"classroom_fol/UNDERCONSTRAINED/parsed-file4372_inv14.als","classroom_fol","UNDERCONSTRAINED","inv14",21,9,8,156,44,41,0.134615,0.204545,0.195122,0.500000,0.500000,10,
"classroom_fol/UNDERCONSTRAINED/parsed-file4379_inv9.als","classroom_fol","UNDERCONSTRAINED","inv9",38,16,9,20,7,6,1.900000,2.285714,1.500000,0.000000,1.000000,10,
"classroom_fol/UNDERCONSTRAINED/parsed-file4382_inv8.als","classroom_fol","UNDERCONSTRAINED","inv8",17,10,13,84,22,22,0.202381,0.454545,0.590909,0.000000,1.000000,10,
"classroom_fol/UNDERCONSTRAINED/parsed-file4406_inv9.als","classroom_fol","UNDERCONSTRAINED","inv9",16,7,10,120,32,41,0.133333,0.218750,0.243902,0.000000,1.000000,10,
"classroom_fol/UNDERCONSTRAINED/parsed-file4435_inv5.als","classroom_fol","UNDERCONSTRAINED","inv5",11,5,8,44,12,12,0.250000,0.416667,0.666667,0.000000,1.000000,10,
"classroom_fol/UNDERCONSTRAINED/parsed-file4488_inv13.als","classroom_fol","UNDERCONSTRAINED","inv13",44,16,14,77,20,18,0.571429,0.800000,0.777778,0.990099,0.009901,10,
"classroom_fol/UNDERCONSTRAINED/parsed-file4501_inv15.als","classroom_fol","UNDERCONSTRAINED","inv15",64,33,36,177,49,45,0.361582,0.673469,0.800000,0.100000,0.900000,10,
"classroom_fol/UNDERCONSTRAINED/parsed-file4516_inv14.als","classroom_fol","UNDERCONSTRAINED","inv14",12,2,10,146,42,45,0.082192,0.047619,0.222222,0.300000,0.700000,10,
"classroom_fol/UNDERCONSTRAINED/parsed-file4525_inv14.als","classroom_fol","UNDERCONSTRAINED","inv14",12,2,10,146,42,45,0.082192,0.047619,0.222222,0.300000,0.700000,10,
"classroom_fol/UNDERCONSTRAINED/parsed-file4527_inv14.als","classroom_fol","UNDERCONSTRAINED","inv14",12,2,10,146,42,45,0.082192,0.047619,0.222222,0.300000,0.700000,10,
"classroom_fol/UNDERCONSTRAINED/parsed-file4576_inv11.als","classroom_fol","UNDERCONSTRAINED","inv11",39,20,11,49,14,11,0.795918,1.428571,1.000000,0.000000,1.000000,10,
"classroom_fol/UNDERCONSTRAINED/parsed-file457_inv14.als","classroom_fol","UNDERCONSTRAINED","inv14",70,30,32,154,45,45,0.454545,0.666667,0.711111,0.100000,0.900000,10,
"classroom_fol/UNDERCONSTRAINED/parsed-file4600_inv14.als","classroom_fol","UNDERCONSTRAINED","inv14",35,9,6,145,42,45,0.241379,0.214286,0.133333,0.500000,0.500000,10,
"classroom_fol/UNDERCONSTRAINED/parsed-file4615_inv14.als","classroom_fol","UNDERCONSTRAINED","inv14",12,2,10,157,44,43,0.076433,0.045455,0.232558,0.300000,0.700000,10,
"classroom_fol/UNDERCONSTRAINED/parsed-file4623_inv14.als","classroom_fol","UNDERCONSTRAINED","inv14",12,2,10,146,42,45,0.082192,0.047619,0.222222,0.300000,0.700000,10,
"classroom_fol/UNDERCONSTRAINED/parsed-file4636_inv12.als","classroom_fol","UNDERCONSTRAINED","inv12",19,6,22,116,32,33,0.163793,0.187500,0.666667,0.100000,0.900000,10,
"classroom_fol/UNDERCONSTRAINED/parsed-file4656_inv13.als","classroom_fol","UNDERCONSTRAINED","inv13",21,9,7,68,19,23,0.308824,0.473684,0.304348,0.990099,0.009901,10,
"classroom_fol/UNDERCONSTRAINED/parsed-file4711_inv15.als","classroom_fol","UNDERCONSTRAINED","inv15",69,45,51,199,56,60,0.346734,0.803571,0.850000,0.100000,0.900000,10,
"classroom_fol/UNDERCONSTRAINED/parsed-file529_inv14.als","classroom_fol","UNDERCONSTRAINED","inv14",53,24,27,134,40,39,0.395522,0.600000,0.692308,0.300000,0.700000,10,
"classroom_fol/UNDERCONSTRAINED/parsed-file535_inv14.als","classroom_fol","UNDERCONSTRAINED","inv14",6,1,5,158,44,45,0.037975,0.022727,0.111111,0.500000,0.500000,10,
"classroom_fol/UNDERCONSTRAINED/parsed-file56_inv12.als","classroom_fol","UNDERCONSTRAINED","inv12",37,16,16,91,23,22,0.406593,0.695652,0.727273,0.000000,1.000000,10,
"classroom_fol/UNDERCONSTRAINED/parsed-file609_inv14.als","classroom_fol","UNDERCONSTRAINED","inv14",17,9,7,145,43,45,0.117241,0.209302,0.155556,0.000000,1.000000,10,
"classroom_fol/UNDERCONSTRAINED/parsed-file619_inv14.als","classroom_fol","UNDERCONSTRAINED","inv14",48,15,47,191,52,55,0.251309,0.288462,0.854545,0.100000,0.900000,10,
"classroom_fol/UNDERCONSTRAINED/parsed-file636_inv14.als","classroom_fol","UNDERCONSTRAINED","inv14",48,15,47,191,52,55,0.251309,0.288462,0.854545,0.100000,0.900000,10,
"classroom_fol/UNDERCONSTRAINED/parsed-file646_inv11.als","classroom_fol","UNDERCONSTRAINED","inv11",15,3,5,143,38,37,0.104895,0.078947,0.135135,0.400000,0.600000,10,
"classroom_fol/UNDERCONSTRAINED/parsed-file669_inv5.als","classroom_fol","UNDERCONSTRAINED","inv5",13,5,6,67,17,16,0.194030,0.294118,0.375000,0.000000,1.000000,10,
"classroom_fol/UNDERCONSTRAINED/parsed-file66_inv9.als","classroom_fol","UNDERCONSTRAINED","inv9",13,6,5,43,12,12,0.302326,0.500000,0.416667,0.000000,1.000000,10,
"classroom_fol/UNDERCONSTRAINED/parsed-file68_inv14.als","classroom_fol","UNDERCONSTRAINED","inv14",17,4,5,156,44,43,0.108974,0.090909,0.116279,0.500000,0.500000,10,
"classroom_fol/UNDERCONSTRAINED/parsed-file719_inv10.als","classroom_fol","UNDERCONSTRAINED","inv10",17,9,11,68,19,19,0.250000,0.473684,0.578947,0.000000,1.000000,10,
"classroom_fol/UNDERCONSTRAINED/parsed-file722_inv14.als","classroom_fol","UNDERCONSTRAINED","inv14",12,2,10,146,42,45,0.082192,0.047619,0.222222,0.300000,0.700000,10,
"classroom_fol/UNDERCONSTRAINED/parsed-file723_inv14.als","classroom_fol","UNDERCONSTRAINED","inv14",47,28,22,91,25,23,0.516484,1.120000,0.956522,0.000000,1.000000,10,
"classroom_fol/UNDERCONSTRAINED/parsed-file776_inv15.als","classroom_fol","UNDERCONSTRAINED","inv15",88,36,35,197,50,46,0.446701,0.720000,0.760870,0.500000,0.500000,10,
"classroom_fol/UNDERCONSTRAINED/parsed-file850_inv14.als","classroom_fol","UNDERCONSTRAINED","inv14",40,10,14,146,42,45,0.273973,0.238095,0.311111,0.300000,0.700000,10,
"classroom_fol/UNDERCONSTRAINED/parsed-file900_inv5.als","classroom_fol","UNDERCONSTRAINED","inv5",10,5,3,14,4,4,0.714286,1.250000,0.750000,0.000000,1.000000,10,
"classroom_fol/UNDERCONSTRAINED/parsed-file910_inv14.als","classroom_fol","UNDERCONSTRAINED","inv14",69,27,32,131,36,33,0.526718,0.750000,0.969697,0.000000,1.000000,10,
"classroom_fol/UNDERCONSTRAINED/parsed-file992_inv12.als","classroom_fol","UNDERCONSTRAINED","inv12",25,7,27,122,32,38,0.204918,0.218750,0.710526,0.100000,0.900000,10,
"classroom_rl/BOTH/parsed-file1003_inv11.als","classroom_rl","BOTH","inv11",40,14,19,133,36,38,0.300752,0.388889,0.500000,0.400000,0.600000,10,
"classroom_rl/BOTH/parsed-file1007_inv14.als","classroom_rl","BOTH","inv14",49,19,14,146,42,45,0.335616,0.452381,0.311111,0.200000,0.800000,10,
"classroom_rl/BOTH/parsed-file1008_inv12.als","classroom_rl","BOTH","inv12",40,16,11,19,7,6,2.105263,2.285714,1.833333,0.000000,1.000000,10,
"classroom_rl/BOTH/parsed-file1012_inv14.als","classroom_rl","BOTH","inv14",42,17,14,67,20,19,0.626866,0.850000,0.736842,0.000000,1.000000,10,
"classroom_rl/BOTH/parsed-file1013_inv14.als","classroom_rl","BOTH","inv14",41,34,43,143,38,39,0.286713,0.894737,1.102564,0.200000,0.800000,10,
"classroom_rl/BOTH/parsed-file1014_inv9.als","classroom_rl","BOTH","inv9",4,1,26,118,30,39,0.033898,0.033333,0.666667,0.000000,1.000000,10,
"classroom_rl/BOTH/parsed-file1015_inv11.als","classroom_rl","BOTH","inv11",19,10,16,144,38,39,0.131944,0.263158,0.410256,0.000000,1.000000,10,
"classroom_rl/BOTH/parsed-file1024_inv10.als","classroom_rl","BOTH","inv10",20,9,10,91,25,25,0.219780,0.360000,0.400000,0.980392,0.019608,10,
"classroom_rl/BOTH/parsed-file1027_inv11.als","classroom_rl","BOTH","inv11",14,4,22,144,38,39,0.097222,0.105263,0.564103,0.100000,0.900000,10,
"classroom_rl/BOTH/parsed-file1034_inv12.als","classroom_rl","BOTH","inv12",10,3,6,135,36,35,0.074074,0.083333,0.171429,0.700000,0.300000,10,
"classroom_rl/BOTH/parsed-file1035_inv14.als","classroom_rl","BOTH","inv14",55,33,48,168,46,44,0.327381,0.717391,1.090909,0.100000,0.900000,10,
"classroom_rl/BOTH/parsed-file1043_inv12.als","classroom_rl","BOTH","inv12",45,14,10,140,37,39,0.321429,0.378378,0.256410,0.700000,0.300000,10,
"classroom_rl/BOTH/parsed-file1044_inv8.als","classroom_rl","BOTH","inv8",4,1,27,118,30,39,0.033898,0.033333,0.692308,0.000000,1.000000,10,
"classroom_rl/BOTH/parsed-file1053_inv11.als","classroom_rl","BOTH","inv11",12,3,34,134,36,38,0.089552,0.083333,0.894737,0.100000,0.900000,10,
"classroom_rl/BOTH/parsed-file1053_inv12.als","classroom_rl","BOTH","inv12",14,4,26,143,38,37,0.097902,0.105263,0.702703,0.000000,1.000000,10,
"classroom_rl/BOTH/parsed-file1058_inv14.als","classroom_rl","BOTH","inv14",49,18,17,67,20,19,0.731343,0.900000,0.894737,0.000000,1.000000,10,
"classroom_rl/BOTH/parsed-file1062_inv11.als","classroom_rl","BOTH","inv11",32,13,16,133,36,38,0.240602,0.361111,0.421053,0.400000,0.600000,10,
"classroom_rl/BOTH/parsed-file1065_inv14.als","classroom_rl","BOTH","inv14",77,39,50,195,59,55,0.394872,0.661017,0.909091,0.300000,0.700000,10,
"classroom_rl/BOTH/parsed-file1067_inv14.als","classroom_rl","BOTH","inv14",21,8,11,146,41,45,0.143836,0.195122,0.244444,0.500000,0.500000,10,
"classroom_rl/BOTH/parsed-file1069_inv10.als","classroom_rl","BOTH","inv10",19,14,16,79,23,24,0.240506,0.608696,0.666667,0.000000,1.000000,10,
"classroom_rl/BOTH/parsed-file1072_inv14.als","classroom_rl","BOTH","inv14",47,22,20,91,24,24,0.516484,0.916667,0.833333,0.000000,1.000000,10,
"classroom_rl/BOTH/parsed-file1073_inv14.als","classroom_rl","BOTH","inv14",32,32,47,168,46,43,0.190476,0.695652,1.093023,0.300000,0.700000,10,
"classroom_rl/BOTH/parsed-file1079_inv15.als","classroom_rl","BOTH","inv15",46,17,26,74,17,27,0.621622,1.000000,0.962963,0.000000,1.000000,10,
"classroom_rl/BOTH/parsed-file107_inv12.als","classroom_rl","BOTH","inv12",29,13,14,80,22,20,0.362500,0.590909,0.700000,0.700000,0.300000,10,
"classroom_rl/BOTH/parsed-file1081_inv13.als","classroom_rl","BOTH","inv13",49,16,20,88,26,25,0.556818,0.615385,0.800000,0.000000,1.000000,10,
"classroom_rl/BOTH/parsed-file1087_inv14.als","classroom_rl","BOTH","inv14",32,32,31,142,39,39,0.225352,0.820513,0.794872,0.000000,1.000000,10,
"classroom_rl/BOTH/parsed-file1088_inv14.als","classroom_rl","BOTH","inv14",70,32,38,124,34,34,0.564516,0.941176,1.117647,0.320000,0.680000,10,
"classroom_rl/BOTH/parsed-file108_inv14.als","classroom_rl","BOTH","inv14",43,41,26,180,48,24,0.238889,0.854167,1.083333,0.000000,1.000000,10,
"classroom_rl/BOTH/parsed-file1090_inv9.als","classroom_rl","BOTH","inv9",4,1,26,112,30,39,0.035714,0.033333,0.666667,0.000000,1.000000,10,
"classroom_rl/BOTH/parsed-file1103_inv14.als","classroom_rl","BOTH","inv14",47,33,45,166,46,44,0.283133,0.717391,1.022727,0.000000,1.000000,10,
"classroom_rl/BOTH/parsed-file1106_inv13.als","classroom_rl","BOTH","inv13",44,19,17,62,18,18,0.709677,1.055556,0.944444,0.900000,0.100000,10,
"classroom_rl/BOTH/parsed-file1108_inv15.als","classroom_rl","BOTH","inv15",28,17,17,103,29,26,0.271845,0.586207,0.653846,0.000000,1.000000,10,
"classroom_rl/BOTH/parsed-file1109_inv13.als","classroom_rl","BOTH","inv13",46,16,26,88,26,28,0.522727,0.615385,0.928571,0.050000,0.950000,10,
"classroom_rl/BOTH/parsed-file1117_inv1.als","classroom_rl","BOTH","inv1",7,1,1,40,11,11,0.175000,0.090909,0.090909,0.000000,1.000000,10,
"classroom_rl/BOTH/parsed-file1130_inv4.als","classroom_rl","BOTH","inv4",8,4,3,24,7,6,0.333333,0.571429,0.500000,0.900000,0.100000,10,
"classroom_rl/BOTH/parsed-file1139_inv14.als","classroom_rl","BOTH","inv14",14,39,37,166,46,45,0.084337,0.847826,0.822222,0.000000,1.000000,10,
"classroom_rl/BOTH/parsed-file1149_inv14.als","classroom_rl","BOTH","inv14",47,23,23,91,25,25,0.516484,0.920000,0.920000,0.000000,1.000000,10,
"classroom_rl/BOTH/parsed-file1150_inv11.als","classroom_rl","BOTH","inv11",14,4,22,144,38,39,0.097222,0.105263,0.564103,0.100000,0.900000,10,
"classroom_rl/BOTH/parsed-file1168_inv11.als","classroom_rl","BOTH","inv11",10,3,17,133,36,35,0.075188,0.083333,0.485714,0.000000,1.000000,10,
"classroom_rl/BOTH/parsed-file1171_inv13.als","classroom_rl","BOTH","inv13",76,34,30,126,40,32,0.603175,0.850000,0.937500,0.100000,0.900000,10,
"classroom_rl/BOTH/parsed-file1172_inv15.als","classroom_rl","BOTH","inv15",11,9,4,80,22,20,0.137500,0.409091,0.200000,0.000000,1.000000,10,
"classroom_rl/BOTH/parsed-file1173_inv12.als","classroom_rl","BOTH","inv12",33,28,29,141,38,35,0.234043,0.736842,0.828571,0.000000,1.000000,10,
"classroom_rl/BOTH/parsed-file1174_inv15.als","classroom_rl","BOTH","inv15",50,20,33,92,27,37,0.543478,0.740741,0.891892,0.000000,1.000000,10,
"classroom_rl/BOTH/parsed-file1175_inv13.als","classroom_rl","BOTH","inv13",51,17,17,72,20,18,0.708333,0.850000,0.944444,0.900000,0.100000,10,
"classroom_rl/BOTH/parsed-file1176_inv11.als","classroom_rl","BOTH","inv11",37,12,10,51,15,13,0.725490,0.800000,0.769231,0.000000,1.000000,10,
"classroom_rl/BOTH/parsed-file1180_inv12.als","classroom_rl","BOTH","inv12",42,18,18,80,23,24,0.525000,0.782609,0.750000,0.630000,0.370000,10,
"classroom_rl/BOTH/parsed-file1182_inv12.als","classroom_rl","BOTH","inv12",10,3,28,144,38,39,0.069444,0.078947,0.717949,0.080000,0.920000,10,
"classroom_rl/BOTH/parsed-file1183_inv8.als","classroom_rl","BOTH","inv8",12,7,27,112,30,39,0.107143,0.233333,0.692308,0.000000,1.000000,10,
"classroom_rl/BOTH/parsed-file1187_inv11.als","classroom_rl","BOTH","inv11",31,16,15,85,22,23,0.364706,0.727273,0.652174,0.100000,0.900000,10,
"classroom_rl/BOTH/parsed-file1188_inv15.als","classroom_rl","BOTH","inv15",93,62,65,238,69,74,0.390756,0.898551,0.878378,0.000000,1.000000,10,
"classroom_rl/BOTH/parsed-file1189_inv9.als","classroom_rl","BOTH","inv9",12,14,12,61,17,18,0.196721,0.823529,0.666667,0.300000,0.700000,10,
"classroom_rl/BOTH/parsed-file118_inv15.als","classroom_rl","BOTH","inv15",90,36,36,164,43,44,0.548780,0.837209,0.818182,0.000000,1.000000,10,
"classroom_rl/BOTH/parsed-file1190_inv9.als","classroom_rl","BOTH","inv9",22,8,12,44,12,12,0.500000,0.666667,1.000000,0.180000,0.820000,10,
"classroom_rl/BOTH/parsed-file1198_inv13.als","classroom_rl","BOTH","inv13",4,1,25,93,24,28,0.043011,0.041667,0.892857,0.000000,1.000000,10,
"classroom_rl/BOTH/parsed-file1204_inv12.als","classroom_rl","BOTH","inv12",37,11,9,22,9,7,1.681818,1.222222,1.285714,0.000000,1.000000,10,
"classroom_rl/BOTH/parsed-file1206_inv11.als","classroom_rl","BOTH","inv11",46,18,29,132,36,38,0.348485,0.500000,0.763158,0.100000,0.900000,10,
"classroom_rl/BOTH/parsed-file1207_inv14.als","classroom_rl","BOTH","inv14",49,22,32,132,37,38,0.371212,0.594595,0.842105,0.600000,0.400000,10,
"classroom_rl/BOTH/parsed-file1209_inv12.als","classroom_rl","BOTH","inv12",31,13,16,82,23,20,0.378049,0.565217,0.800000,0.400000,0.600000,10,
"classroom_rl/BOTH/parsed-file1209_inv13.als","classroom_rl","BOTH","inv13",48,24,14,78,24,17,0.615385,1.000000,0.823529,0.050000,0.950000,10,
"classroom_rl/BOTH/parsed-file1211_inv12.als","classroom_rl","BOTH","inv12",59,31,28,143,38,35,0.412587,0.815789,0.800000,0.980392,0.019608,10,
"classroom_rl/BOTH/parsed-file1212_inv14.als","classroom_rl","BOTH","inv14",57,23,28,123,33,32,0.463415,0.696970,0.875000,0.000000,1.000000,10,
"classroom_rl/BOTH/parsed-file1214_inv11.als","classroom_rl","BOTH","inv11",14,4,22,144,38,39,0.097222,0.105263,0.564103,0.100000,0.900000,10,
"classroom_rl/BOTH/parsed-file1216_inv12.als","classroom_rl","BOTH","inv12",61,37,33,183,46,44,0.333333,0.804348,0.750000,0.600000,0.400000,10,
"classroom_rl/BOTH/parsed-file1217_inv11.als","classroom_rl","BOTH","inv11",8,3,20,143,38,39,0.055944,0.078947,0.512821,0.100000,0.900000,10,
"classroom_rl/BOTH/parsed-file1219_inv15.als","classroom_rl","BOTH","inv15",81,29,39,130,36,43,0.623077,0.805556,0.906977,0.600000,0.400000,10,
"classroom_rl/BOTH/parsed-file1224_inv11.als","classroom_rl","BOTH","inv11",51,24,23,118,33,31,0.432203,0.727273,0.741935,0.350000,0.650000,10,
"classroom_rl/BOTH/parsed-file122_inv13.als","classroom_rl","BOTH","inv13",46,17,22,91,27,22,0.505495,0.629630,1.000000,0.200000,0.800000,10,
"classroom_rl/BOTH/parsed-file1230_inv8.als","classroom_rl","BOTH","inv8",28,10,34,123,32,38,0.227642,0.312500,0.894737,0.000000,1.000000,10,
"classroom_rl/BOTH/parsed-file1234_inv11.als","classroom_rl","BOTH","inv11",12,9,12,143,38,39,0.083916,0.236842,0.307692,0.980392,0.019608,10,
"classroom_rl/BOTH/parsed-file123_inv5.als","classroom_rl","BOTH","inv5",6,2,15,72,19,19,0.083333,0.105263,0.789474,0.300000,0.700000,10,
"classroom_rl/BOTH/parsed-file1240_inv12.als","classroom_rl","BOTH","inv12",33,15,11,91,25,25,0.362637,0.600000,0.440000,0.480000,0.520000,10,
"classroom_rl/BOTH/parsed-file1244_inv14.als","classroom_rl","BOTH","inv14",50,19,27,113,31,32,0.442478,0.612903,0.843750,0.160000,0.840000,10,
"classroom_rl/BOTH/parsed-file124_inv14.als","classroom_rl","BOTH","inv14",31,27,38,155,43,40,0.200000,0.627907,0.950000,0.000000,1.000000,10,
"classroom_rl/BOTH/parsed-file1251_inv12.als","classroom_rl","BOTH","inv12",19,6,21,116,32,33,0.163793,0.187500,0.636364,0.100000,0.900000,10,
"classroom_rl/BOTH/parsed-file1252_inv15.als","classroom_rl","BOTH","inv15",67,29,24,142,41,33,0.471831,0.707317,0.727273,0.000000,1.000000,10,
"classroom_rl/BOTH/parsed-file1254_inv8.als","classroom_rl","BOTH","inv8",2,1,8,45,12,12,0.044444,0.083333,0.666667,0.000000,1.000000,10,
"classroom_rl/BOTH/parsed-file1257_inv13.als","classroom_rl","BOTH","inv13",50,19,17,66,18,18,0.757576,1.055556,0.944444,0.900000,0.100000,10,
"classroom_rl/BOTH/parsed-file1258_inv14.als","classroom_rl","BOTH","inv14",36,28,38,155,43,40,0.232258,0.651163,0.950000,0.000000,1.000000,10,
"classroom_rl/BOTH/parsed-file1259_inv14.als","classroom_rl","BOTH","inv14",79,36,43,168,49,48,0.470238,0.734694,0.895833,0.100000,0.900000,10,
"classroom_rl/BOTH/parsed-file125_inv12.als","classroom_rl","BOTH","inv12",39,22,23,122,32,29,0.319672,0.687500,0.793103,0.000000,1.000000,10,
"classroom_rl/BOTH/parsed-file1264_inv12.als","classroom_rl","BOTH","inv12",30,14,32,151,41,42,0.198675,0.341463,0.761905,0.100000,0.900000,10,
"classroom_rl/BOTH/parsed-file1277_inv3.als","classroom_rl","BOTH","inv3",12,9,6,43,13,11,0.279070,0.692308,0.545455,0.000000,1.000000,10,
"classroom_rl/BOTH/parsed-file1278_inv11.als","classroom_rl","BOTH","inv11",42,21,13,102,27,25,0.411765,0.777778,0.520000,0.350000,0.650000,10,
"classroom_rl/BOTH/parsed-file1280_inv4.als","classroom_rl","BOTH","inv4",18,10,8,57,17,16,0.315789,0.588235,0.500000,0.000000,1.000000,10,
"classroom_rl/BOTH/parsed-file1284_inv14.als","classroom_rl","BOTH","inv14",35,13,51,157,44,47,0.222930,0.295455,1.085106,0.000000,1.000000,10,
"classroom_rl/BOTH/parsed-file1290_inv6.als","classroom_rl","BOTH","inv6",12,10,11,61,17,18,0.196721,0.588235,0.611111,0.300000,0.700000,10,
"classroom_rl/BOTH/parsed-file1291_inv13.als","classroom_rl","BOTH","inv13",2,2,2,92,24,27,0.021739,0.083333,0.074074,0.000000,1.000000,10,
"classroom_rl/BOTH/parsed-file1297_inv15.als","classroom_rl","BOTH","inv15",107,38,46,166,44,50,0.644578,0.863636,0.920000,0.600000,0.400000,10,
"classroom_rl/BOTH/parsed-file1299_inv11.als","classroom_rl","BOTH","inv11",41,16,17,110,30,31,0.372727,0.533333,0.548387,0.100000,0.900000,10,
"classroom_rl/BOTH/parsed-file1300_inv14.als","classroom_rl","BOTH","inv14",58,24,36,113,31,32,0.513274,0.774194,1.125000,0.240000,0.760000,10,
"classroom_rl/BOTH/parsed-file1302_inv12.als","classroom_rl","BOTH","inv12",25,29,29,143,38,38,0.174825,0.763158,0.763158,0.500000,0.500000,10,
"classroom_rl/BOTH/parsed-file1305_inv13.als","classroom_rl","BOTH","inv13",41,18,23,99,30,26,0.414141,0.600000,0.884615,0.090000,0.910000,10,
"classroom_rl/BOTH/parsed-file1307_inv11.als","classroom_rl","BOTH","inv11",48,23,18,115,32,31,0.417391,0.718750,0.580645,0.000000,1.000000,10,
"classroom_rl/BOTH/parsed-file1309_inv4.als","classroom_rl","BOTH","inv4",36,13,14,87,24,21,0.413793,0.541667,0.666667,0.000000,1.000000,10,
"classroom_rl/BOTH/parsed-file1313_inv10.als","classroom_rl","BOTH","inv10",12,10,11,68,20,20,0.176471,0.500000,0.550000,0.000000,1.000000,10,
"classroom_rl/BOTH/parsed-file1314_inv14.als","classroom_rl","BOTH","inv14",35,10,14,160,46,46,0.218750,0.217391,0.304348,0.500000,0.500000,10,
"classroom_rl/BOTH/parsed-file1315_inv14.als","classroom_rl","BOTH","inv14",46,34,19,176,49,24,0.261364,0.693878,0.791667,0.000000,1.000000,10,
"classroom_rl/BOTH/parsed-file1323_inv14.als","classroom_rl","BOTH","inv14",46,20,19,155,47,48,0.296774,0.425532,0.395833,0.500000,0.500000,10,
"classroom_rl/BOTH/parsed-file1326_inv11.als","classroom_rl","BOTH","inv11",53,25,23,123,34,31,0.430894,0.735294,0.741935,0.100000,0.900000,10,
"classroom_rl/BOTH/parsed-file1339_inv14.als","classroom_rl","BOTH","inv14",35,13,51,157,44,47,0.222930,0.295455,1.085106,0.000000,1.000000,10,
"classroom_rl/BOTH/parsed-file1343_inv11.als","classroom_rl","BOTH","inv11",40,16,25,116,32,33,0.344828,0.500000,0.757576,0.400000,0.600000,10,
"classroom_rl/BOTH/parsed-file1344_inv8.als","classroom_rl","BOTH","inv8",4,1,27,118,30,39,0.033898,0.033333,0.692308,0.000000,1.000000,10,
"classroom_rl/BOTH/parsed-file1347_inv11.als","classroom_rl","BOTH","inv11",62,24,23,122,34,36,0.508197,0.705882,0.638889,0.200000,0.800000,10,
"classroom_rl/BOTH/parsed-file1350_inv10.als","classroom_rl","BOTH","inv10",16,8,10,91,25,25,0.175824,0.320000,0.400000,0.980392,0.019608,10,
"classroom_rl/BOTH/parsed-file1353_inv14.als","classroom_rl","BOTH","inv14",52,24,23,73,20,19,0.712329,1.200000,1.210526,0.120000,0.880000,10,
"classroom_rl/BOTH/parsed-file1364_inv11.als","classroom_rl","BOTH","inv11",36,15,9,42,12,12,0.857143,1.250000,0.750000,0.000000,1.000000,10,
"classroom_rl/BOTH/parsed-file1366_inv11.als","classroom_rl","BOTH","inv11",51,26,27,122,32,30,0.418033,0.812500,0.900000,0.100000,0.900000,10,
"classroom_rl/BOTH/parsed-file1370_inv5.als","classroom_rl","BOTH","inv5",4,1,17,72,19,19,0.055556,0.052632,0.894737,0.300000,0.700000,10,
"classroom_rl/BOTH/parsed-file1371_inv5.als","classroom_rl","BOTH","inv5",4,1,14,72,19,19,0.055556,0.052632,0.736842,0.980392,0.019608,10,
"classroom_rl/BOTH/parsed-file1372_inv11.als","classroom_rl","BOTH","inv11",36,12,10,51,15,13,0.705882,0.800000,0.769231,0.000000,1.000000,10,
"classroom_rl/BOTH/parsed-file137_inv5.als","classroom_rl","BOTH","inv5",27,9,8,92,25,24,0.293478,0.360000,0.333333,0.240000,0.760000,10,
"classroom_rl/BOTH/parsed-file1383_inv15.als","classroom_rl","BOTH","inv15",17,11,5,89,25,21,0.191011,0.440000,0.238095,0.000000,1.000000,10,
"classroom_rl/BOTH/parsed-file1387_inv8.als","classroom_rl","BOTH","inv8",24,13,9,28,9,7,0.857143,1.444444,1.285714,0.000000,1.000000,10,
"classroom_rl/BOTH/parsed-file1388_inv11.als","classroom_rl","BOTH","inv11",50,20,30,133,36,38,0.375940,0.555556,0.789474,0.100000,0.900000,10,
"classroom_rl/BOTH/parsed-file1392_inv15.als","classroom_rl","BOTH","inv15",71,25,34,122,32,40,0.581967,0.781250,0.850000,0.000000,1.000000,10,
"classroom_rl/BOTH/parsed-file1395_inv14.als","classroom_rl","BOTH","inv14",59,24,24,131,34,37,0.450382,0.705882,0.648649,0.000000,1.000000,10,
"classroom_rl/BOTH/parsed-file1409_inv12.als","classroom_rl","BOTH","inv12",33,23,23,121,32,31,0.272727,0.718750,0.741935,0.700000,0.300000,10,
"classroom_rl/BOTH/parsed-file1410_inv12.als","classroom_rl","BOTH","inv12",47,20,18,102,27,25,0.460784,0.740741,0.720000,0.630000,0.370000,10,
"classroom_rl/BOTH/parsed-file1413_inv4.als","classroom_rl","BOTH","inv4",2,2,6,62,16,16,0.032258,0.125000,0.375000,0.900000,0.100000,10,
"classroom_rl/BOTH/parsed-file1415_inv12.als","classroom_rl","BOTH","inv12",47,22,20,97,27,24,0.484536,0.814815,0.833333,0.480000,0.520000,10,
"classroom_rl/BOTH/parsed-file1419_inv15.als","classroom_rl","BOTH","inv15",11,5,6,75,21,20,0.146667,0.238095,0.300000,0.480000,0.520000,10,
"classroom_rl/BOTH/parsed-file141_inv14.als","classroom_rl","BOTH","inv14",62,26,26,131,34,37,0.473282,0.764706,0.702703,0.000000,1.000000,10,
"classroom_rl/BOTH/parsed-file142_inv14.als","classroom_rl","BOTH","inv14",44,17,42,157,44,47,0.280255,0.386364,0.893617,0.300000,0.700000,10,
"classroom_rl/BOTH/parsed-file1434_inv13.als","classroom_rl","BOTH","inv13",44,19,15,63,18,18,0.698413,1.055556,0.833333,0.900000,0.100000,10,
"classroom_rl/BOTH/parsed-file1435_inv15.als","classroom_rl","BOTH","inv15",98,61,77,225,67,82,0.435556,0.910448,0.939024,0.100000,0.900000,10,
"classroom_rl/BOTH/parsed-file1438_inv14.als","classroom_rl","BOTH","inv14",44,25,39,157,44,44,0.280255,0.568182,0.886364,0.200000,0.800000,10,
"classroom_rl/BOTH/parsed-file143_inv6.als","classroom_rl","BOTH","inv6",12,10,11,61,17,18,0.196721,0.588235,0.611111,0.300000,0.700000,10,
"classroom_rl/BOTH/parsed-file1449_inv6.als","classroom_rl","BOTH","inv6",14,11,11,61,17,18,0.229508,0.647059,0.611111,0.000000,1.000000,10,
"classroom_rl/BOTH/parsed-file1458_inv14.als","classroom_rl","BOTH","inv14",77,29,23,21,7,6,3.666667,4.142857,3.833333,0.000000,1.000000,10,
"classroom_rl/BOTH/parsed-file1459_inv12.als","classroom_rl","BOTH","inv12",43,19,18,80,23,24,0.537500,0.826087,0.750000,0.630000,0.370000,10,
"classroom_rl/BOTH/parsed-file1460_inv11.als","classroom_rl","BOTH","inv11",24,32,21,147,39,42,0.163265,0.820513,0.500000,0.000000,1.000000,10,
"classroom_rl/BOTH/parsed-file1468_inv5.als","classroom_rl","BOTH","inv5",12,3,17,71,19,19,0.169014,0.157895,0.894737,0.700000,0.300000,10,
"classroom_rl/BOTH/parsed-file1472_inv14.als","classroom_rl","BOTH","inv14",53,25,26,103,27,24,0.514563,0.925926,1.083333,0.000000,1.000000,10,
"classroom_rl/BOTH/parsed-file1481_inv5.als","classroom_rl","BOTH","inv5",16,8,5,18,6,5,0.888889,1.333333,1.000000,0.000000,1.000000,10,
"classroom_rl/BOTH/parsed-file1488_inv4.als","classroom_rl","BOTH","inv4",3,2,6,61,16,16,0.049180,0.125000,0.375000,0.900000,0.100000,10,
"classroom_rl/BOTH/parsed-file1494_inv14.als","classroom_rl","BOTH","inv14",8,2,21,166,46,40,0.048193,0.043478,0.525000,0.400000,0.600000,10,
"classroom_rl/BOTH/parsed-file1498_inv11.als","classroom_rl","BOTH","inv11",44,15,19,115,32,33,0.382609,0.468750,0.575758,0.700000,0.300000,10,
"classroom_rl/BOTH/parsed-file1505_inv14.als","classroom_rl","BOTH","inv14",25,6,42,157,44,47,0.159236,0.136364,0.893617,0.000000,1.000000,10,
"classroom_rl/BOTH/parsed-file150_inv12.als","classroom_rl","BOTH","inv12",38,15,19,82,21,22,0.463415,0.714286,0.863636,0.000000,1.000000,10,
"classroom_rl/BOTH/parsed-file1510_inv11.als","classroom_rl","BOTH","inv11",33,18,12,89,25,25,0.370787,0.720000,0.480000,0.350000,0.650000,10,
"classroom_rl/BOTH/parsed-file1512_inv14.als","classroom_rl","BOTH","inv14",50,19,27,113,31,32,0.442478,0.612903,0.843750,0.160000,0.840000,10,
"classroom_rl/BOTH/parsed-file1513_inv14.als","classroom_rl","BOTH","inv14",73,36,41,155,47,43,0.470968,0.765957,0.953488,0.600000,0.400000,10,
"classroom_rl/BOTH/parsed-file151_inv13.als","classroom_rl","BOTH","inv13",50,19,17,66,18,18,0.757576,1.055556,0.944444,0.900000,0.100000,10,
"classroom_rl/BOTH/parsed-file1523_inv4.als","classroom_rl","BOTH","inv4",3,5,11,63,18,19,0.047619,0.277778,0.578947,0.000000,1.000000,10,
"classroom_rl/BOTH/parsed-file1525_inv9.als","classroom_rl","BOTH","inv9",26,9,13,45,12,12,0.577778,0.750000,1.083333,0.040000,0.960000,10,
"classroom_rl/BOTH/parsed-file1534_inv11.als","classroom_rl","BOTH","inv11",21,11,20,144,38,35,0.145833,0.289474,0.571429,0.000000,1.000000,10,
"classroom_rl/BOTH/parsed-file1537_inv12.als","classroom_rl","BOTH","inv12",10,3,28,144,38,39,0.069444,0.078947,0.717949,0.080000,0.920000,10,
"classroom_rl/BOTH/parsed-file1537_inv13.als","classroom_rl","BOTH","inv13",6,3,25,87,24,28,0.068966,0.125000,0.892857,0.000000,1.000000,10,
"classroom_rl/BOTH/parsed-file1546_inv12.als","classroom_rl","BOTH","inv12",33,15,11,91,25,25,0.362637,0.600000,0.440000,0.480000,0.520000,10,
"classroom_rl/BOTH/parsed-file1554_inv11.als","classroom_rl","BOTH","inv11",40,14,19,133,36,38,0.300752,0.388889,0.500000,0.000000,1.000000,10,
"classroom_rl/BOTH/parsed-file1557_inv15.als","classroom_rl","BOTH","inv15",134,75,65,280,80,69,0.478571,0.937500,0.942029,0.600000,0.400000,10,
"classroom_rl/BOTH/parsed-file1559_inv14.als","classroom_rl","BOTH","inv14",47,40,49,167,46,45,0.281437,0.869565,1.088889,0.000000,1.000000,10,
"classroom_rl/BOTH/parsed-file1567_inv6.als","classroom_rl","BOTH","inv6",17,6,4,30,9,7,0.566667,0.666667,0.571429,0.000000,1.000000,10,
"classroom_rl/BOTH/parsed-file1569_inv13.als","classroom_rl","BOTH","inv13",44,19,17,62,18,18,0.709677,1.055556,0.944444,0.900000,0.100000,10,
"classroom_rl/BOTH/parsed-file1579_inv12.als","classroom_rl","BOTH","inv12",32,30,26,155,40,38,0.206452,0.750000,0.684211,0.080000,0.920000,10,
"classroom_rl/BOTH/parsed-file1590_inv14.als","classroom_rl","BOTH","inv14",32,7,45,157,44,47,0.203822,0.159091,0.957447,0.000000,1.000000,10,
"classroom_rl/BOTH/parsed-file1597_inv11.als","classroom_rl","BOTH","inv11",39,22,31,144,38,39,0.270833,0.578947,0.794872,0.000000,1.000000,10,
"classroom_rl/BOTH/parsed-file1599_inv14.als","classroom_rl","BOTH","inv14",50,20,28,123,33,32,0.406504,0.606061,0.875000,0.120000,0.880000,10,
"classroom_rl/BOTH/parsed-file1600_inv11.als","classroom_rl","BOTH","inv11",16,3,35,155,40,36,0.103226,0.075000,0.972222,0.400000,0.600000,10,
"classroom_rl/BOTH/parsed-file1604_inv11.als","classroom_rl","BOTH","inv11",33,20,13,91,25,25,0.362637,0.800000,0.520000,0.350000,0.650000,10,
"classroom_rl/BOTH/parsed-file1606_inv14.als","classroom_rl","BOTH","inv14",38,20,19,88,24,24,0.431818,0.833333,0.791667,0.120000,0.880000,10,
"classroom_rl/BOTH/parsed-file1610_inv12.als","classroom_rl","BOTH","inv12",50,34,28,156,42,41,0.320513,0.809524,0.682927,0.000000,1.000000,10,
"classroom_rl/BOTH/parsed-file1612_inv12.als","classroom_rl","BOTH","inv12",10,3,27,133,36,38,0.075188,0.083333,0.710526,0.600000,0.400000,10,
"classroom_rl/BOTH/parsed-file1615_inv15.als","classroom_rl","BOTH","inv15",91,36,36,164,43,44,0.554878,0.837209,0.818182,0.000000,1.000000,10,
"classroom_rl/BOTH/parsed-file1618_inv12.als","classroom_rl","BOTH","inv12",11,7,5,55,15,14,0.200000,0.466667,0.357143,0.480000,0.520000,10,
"classroom_rl/BOTH/parsed-file1627_inv11.als","classroom_rl","BOTH","inv11",42,20,21,98,27,25,0.428571,0.740741,0.840000,0.100000,0.900000,10,
"classroom_rl/BOTH/parsed-file1633_inv5.als","classroom_rl","BOTH","inv5",4,1,17,72,19,19,0.055556,0.052632,0.894737,0.980392,0.019608,10,
"classroom_rl/BOTH/parsed-file1636_inv12.als","classroom_rl","BOTH","inv12",37,24,28,122,32,30,0.303279,0.750000,0.933333,0.000000,1.000000,10,
"classroom_rl/BOTH/parsed-file1647_inv14.als","classroom_rl","BOTH","inv14",66,31,33,149,44,38,0.442953,0.704545,0.868421,0.800000,0.200000,10,
"classroom_rl/BOTH/parsed-file1650_inv11.als","classroom_rl","BOTH","inv11",37,16,17,115,32,33,0.321739,0.500000,0.515152,0.000000,1.000000,10,
"classroom_rl/BOTH/parsed-file1653_inv11.als","classroom_rl","BOTH","inv11",67,27,21,140,38,39,0.478571,0.710526,0.538462,0.000000,1.000000,10,
"classroom_rl/BOTH/parsed-file1655_inv12.als","classroom_rl","BOTH","inv12",93,43,43,195,50,51,0.476923,0.860000,0.843137,0.000000,1.000000,10,
"classroom_rl/BOTH/parsed-file1660_inv14.als","classroom_rl","BOTH","inv14",24,7,41,157,44,47,0.152866,0.159091,0.872340,0.300000,0.700000,10,
"classroom_rl/BOTH/parsed-file1663_inv8.als","classroom_rl","BOTH","inv8",4,1,27,118,30,39,0.033898,0.033333,0.692308,0.000000,1.000000,10,
"classroom_rl/BOTH/parsed-file1666_inv13.als","classroom_rl","BOTH","inv13",4,1,25,87,24,28,0.045977,0.041667,0.892857,0.000000,1.000000,10,
"classroom_rl/BOTH/parsed-file1669_inv5.als","classroom_rl","BOTH","inv5",34,12,19,92,23,21,0.369565,0.521739,0.904762,0.980392,0.019608,10,
"classroom_rl/BOTH/parsed-file1670_inv11.als","classroom_rl","BOTH","inv11",33,20,13,91,25,25,0.362637,0.800000,0.520000,0.350000,0.650000,10,
"classroom_rl/BOTH/parsed-file1671_inv11.als","classroom_rl","BOTH","inv11",37,13,16,99,28,28,0.373737,0.464286,0.571429,0.000000,1.000000,10,
"classroom_rl/BOTH/parsed-file1680_inv13.als","classroom_rl","BOTH","inv13",52,18,25,104,30,33,0.500000,0.600000,0.757576,0.100000,0.900000,10,
"classroom_rl/BOTH/parsed-file168_inv4.als","classroom_rl","BOTH","inv4",3,2,9,62,16,17,0.048387,0.125000,0.529412,0.000000,1.000000,10,
"classroom_rl/BOTH/parsed-file1690_inv12.als","classroom_rl","BOTH","inv12",41,15,19,91,25,25,0.450549,0.600000,0.760000,0.630000,0.370000,10,
"classroom_rl/BOTH/parsed-file1694_inv14.als","classroom_rl","BOTH","inv14",42,17,14,67,20,19,0.626866,0.850000,0.736842,0.000000,1.000000,10,
"classroom_rl/BOTH/parsed-file1695_inv11.als","classroom_rl","BOTH","inv11",51,31,31,143,40,37,0.356643,0.775000,0.837838,0.500000,0.500000,10,
"classroom_rl/BOTH/parsed-file1697_inv11.als","classroom_rl","BOTH","inv11",34,22,12,107,29,30,0.317757,0.758621,0.400000,0.350000,0.650000,10,
"classroom_rl/BOTH/parsed-file1699_inv14.als","classroom_rl","BOTH","inv14",46,28,19,174,48,24,0.264368,0.583333,0.791667,0.000000,1.000000,10,
"classroom_rl/BOTH/parsed-file169_inv11.als","classroom_rl","BOTH","inv11",45,22,24,112,30,28,0.401786,0.733333,0.857143,0.100000,0.900000,10,
"classroom_rl/BOTH/parsed-file16_inv12.als","classroom_rl","BOTH","inv12",34,25,30,122,34,36,0.278689,0.735294,0.833333,0.630000,0.370000,10,
"classroom_rl/BOTH/parsed-file1709_inv11.als","classroom_rl","BOTH","inv11",60,27,21,132,36,36,0.454545,0.750000,0.583333,0.000000,1.000000,10,
"classroom_rl/BOTH/parsed-file1711_inv15.als","classroom_rl","BOTH","inv15",25,11,10,42,11,11,0.595238,1.000000,0.909091,0.000000,1.000000,10,
"classroom_rl/BOTH/parsed-file1712_inv13.als","classroom_rl","BOTH","inv13",43,13,8,67,20,14,0.641791,0.650000,0.571429,0.000000,1.000000,10,
"classroom_rl/BOTH/parsed-file1713_inv14.als","classroom_rl","BOTH","inv14",15,5,42,144,40,47,0.104167,0.125000,0.893617,0.000000,1.000000,10,
"classroom_rl/BOTH/parsed-file1717_inv11.als","classroom_rl","BOTH","inv11",40,20,16,90,25,25,0.444444,0.800000,0.640000,0.000000,1.000000,10,
"classroom_rl/BOTH/parsed-file1722_inv14.als","classroom_rl","BOTH","inv14",35,38,45,166,46,44,0.210843,0.826087,1.022727,0.000000,1.000000,10,
"classroom_rl/BOTH/parsed-file1736_inv4.als","classroom_rl","BOTH","inv4",15,7,5,30,8,7,0.500000,0.875000,0.714286,0.000000,1.000000,10,
"classroom_rl/BOTH/parsed-file1738_inv14.als","classroom_rl","BOTH","inv14",19,5,45,157,44,47,0.121019,0.113636,0.957447,0.000000,1.000000,10,
"classroom_rl/BOTH/parsed-file173_inv14.als","classroom_rl","BOTH","inv14",68,33,34,147,43,39,0.462585,0.767442,0.871795,0.600000,0.400000,10,
"classroom_rl/BOTH/parsed-file1747_inv5.als","classroom_rl","BOTH","inv5",4,1,15,72,19,19,0.055556,0.052632,0.789474,0.300000,0.700000,10,
"classroom_rl/BOTH/parsed-file1748_inv5.als","classroom_rl","BOTH","inv5",29,8,10,44,12,12,0.659091,0.666667,0.833333,0.000000,1.000000,10,
"classroom_rl/BOTH/parsed-file1749_inv15.als","classroom_rl","BOTH","inv15",60,22,15,117,30,25,0.512821,0.733333,0.600000,0.500000,0.500000,10,
"classroom_rl/BOTH/parsed-file1755_inv14.als","classroom_rl","BOTH","inv14",46,32,45,180,49,47,0.255556,0.653061,0.957447,0.000000,1.000000,10,
"classroom_rl/BOTH/parsed-file1762_inv5.als","classroom_rl","BOTH","inv5",4,1,17,72,19,19,0.055556,0.052632,0.894737,0.980392,0.019608,10,
"classroom_rl/BOTH/parsed-file1763_inv4.als","classroom_rl","BOTH","inv4",28,10,7,44,11,9,0.636364,0.909091,0.777778,0.000000,1.000000,10,
"classroom_rl/BOTH/parsed-file1765_inv11.als","classroom_rl","BOTH","inv11",37,13,25,110,30,31,0.336364,0.433333,0.806452,0.100000,0.900000,10,
"classroom_rl/BOTH/parsed-file1768_inv11.als","classroom_rl","BOTH","inv11",32,13,16,133,36,38,0.240602,0.361111,0.421053,0.400000,0.600000,10,
"classroom_rl/BOTH/parsed-file1777_inv11.als","classroom_rl","BOTH","inv11",20,7,7,137,38,38,0.145985,0.184211,0.184211,0.000000,1.000000,10,
"classroom_rl/BOTH/parsed-file1780_inv4.als","classroom_rl","BOTH","inv4",4,3,3,62,16,15,0.064516,0.187500,0.200000,0.000000,1.000000,10,
"classroom_rl/BOTH/parsed-file1785_inv12.als","classroom_rl","BOTH","inv12",10,3,27,133,36,38,0.075188,0.083333,0.710526,0.600000,0.400000,10,
"classroom_rl/BOTH/parsed-file1790_inv14.als","classroom_rl","BOTH","inv14",58,15,64,158,44,70,0.367089,0.340909,0.914286,0.400000,0.600000,10,
"classroom_rl/BOTH/parsed-file1792_inv11.als","classroom_rl","BOTH","inv11",36,15,9,42,12,12,0.857143,1.250000,0.750000,0.000000,1.000000,10,
"classroom_rl/BOTH/parsed-file1794_inv13.als","classroom_rl","BOTH","inv13",46,16,23,87,26,26,0.528736,0.615385,0.884615,0.090000,0.910000,10,
"classroom_rl/BOTH/parsed-file1797_inv14.als","classroom_rl","BOTH","inv14",25,8,41,157,44,47,0.159236,0.181818,0.872340,0.210000,0.790000,10,
"classroom_rl/BOTH/parsed-file1801_inv11.als","classroom_rl","BOTH","inv11",50,19,18,122,34,36,0.409836,0.558824,0.500000,0.400000,0.600000,10,
"classroom_rl/BOTH/parsed-file1802_inv11.als","classroom_rl","BOTH","inv11",55,22,27,116,32,33,0.474138,0.687500,0.818182,0.250000,0.750000,10,
"classroom_rl/BOTH/parsed-file1803_inv15.als","classroom_rl","BOTH","inv15",37,15,12,93,25,22,0.397849,0.600000,0.545455,0.000000,1.000000,10,
"classroom_rl/BOTH/parsed-file1807_inv11.als","classroom_rl","BOTH","inv11",53,20,16,108,30,36,0.490741,0.666667,0.444444,0.000000,1.000000,10,
"classroom_rl/BOTH/parsed-file1809_inv15.als","classroom_rl","BOTH","inv15",48,16,23,90,21,29,0.533333,0.761905,0.793103,0.000000,1.000000,10,
"classroom_rl/BOTH/parsed-file1810_inv12.als","classroom_rl","BOTH","inv12",41,18,30,133,36,38,0.308271,0.500000,0.789474,0.500000,0.500000,10,
"classroom_rl/BOTH/parsed-file181_inv15.als","classroom_rl","BOTH","inv15",69,44,36,192,51,44,0.359375,0.862745,0.818182,0.000000,1.000000,10,
"classroom_rl/BOTH/parsed-file1826_inv11.als","classroom_rl","BOTH","inv11",52,42,31,176,48,52,0.295455,0.875000,0.596154,0.500000,0.500000,10,
"classroom_rl/BOTH/parsed-file182_inv14.als","classroom_rl","BOTH","inv14",37,32,34,143,39,39,0.258741,0.820513,0.871795,0.000000,1.000000,10,
"classroom_rl/BOTH/parsed-file1831_inv6.als","classroom_rl","BOTH","inv6",18,12,4,30,11,8,0.600000,1.090909,0.500000,0.000000,1.000000,10,
"classroom_rl/BOTH/parsed-file1835_inv11.als","classroom_rl","BOTH","inv11",41,17,17,110,30,31,0.372727,0.566667,0.548387,0.350000,0.650000,10,
"classroom_rl/BOTH/parsed-file1839_inv4.als","classroom_rl","BOTH","inv4",7,3,2,24,7,6,0.291667,0.428571,0.333333,0.000000,1.000000,10,
"classroom_rl/BOTH/parsed-file1840_inv12.als","classroom_rl","BOTH","inv12",43,19,18,80,23,24,0.537500,0.826087,0.750000,0.000000,1.000000,10,
"classroom_rl/BOTH/parsed-file1841_inv11.als","classroom_rl","BOTH","inv11",55,20,23,133,36,38,0.413534,0.555556,0.605263,0.500000,0.500000,10,
"classroom_rl/BOTH/parsed-file1846_inv4.als","classroom_rl","BOTH","inv4",3,2,9,62,16,17,0.048387,0.125000,0.529412,0.000000,1.000000,10,
"classroom_rl/BOTH/parsed-file1847_inv11.als","classroom_rl","BOTH","inv11",21,32,16,136,38,34,0.154412,0.842105,0.470588,0.900000,0.100000,10,
"classroom_rl/BOTH/parsed-file1848_inv5.als","classroom_rl","BOTH","inv5",8,2,15,71,19,18,0.112676,0.105263,0.833333,0.300000,0.700000,10,
"classroom_rl/BOTH/parsed-file184_inv12.als","classroom_rl","BOTH","inv12",13,4,29,153,40,40,0.084967,0.100000,0.725000,0.100000,0.900000,10,
"classroom_rl/BOTH/parsed-file1854_inv11.als","classroom_rl","BOTH","inv11",48,22,22,102,27,25,0.470588,0.814815,0.880000,0.350000,0.650000,10,
"classroom_rl/BOTH/parsed-file1856_inv11.als","classroom_rl","BOTH","inv11",19,19,23,132,36,37,0.143939,0.527778,0.621622,0.000000,1.000000,10,
"classroom_rl/BOTH/parsed-file1858_inv9.als","classroom_rl","BOTH","inv9",28,12,12,69,18,17,0.405797,0.666667,0.705882,0.000000,1.000000,10,
"classroom_rl/BOTH/parsed-file1862_inv11.als","classroom_rl","BOTH","inv11",36,15,9,42,12,12,0.857143,1.250000,0.750000,0.000000,1.000000,10,
"classroom_rl/BOTH/parsed-file1864_inv15.als","classroom_rl","BOTH","inv15",39,20,20,114,32,29,0.342105,0.625000,0.689655,0.000000,1.000000,10,
"classroom_rl/BOTH/parsed-file186_inv14.als","classroom_rl","BOTH","inv14",54,31,38,157,44,44,0.343949,0.704545,0.863636,0.240000,0.760000,10,
"classroom_rl/BOTH/parsed-file1870_inv9.als","classroom_rl","BOTH","inv9",4,1,26,112,30,39,0.035714,0.033333,0.666667,0.000000,1.000000,10,
"classroom_rl/BOTH/parsed-file1872_inv14.als","classroom_rl","BOTH","inv14",40,35,43,143,39,39,0.279720,0.897436,1.102564,0.000000,1.000000,10,
"classroom_rl/BOTH/parsed-file1876_inv8.als","classroom_rl","BOTH","inv8",30,13,9,21,7,6,1.428571,1.857143,1.500000,0.300000,0.700000,10,
"classroom_rl/BOTH/parsed-file1880_inv14.als","classroom_rl","BOTH","inv14",77,29,23,21,7,6,3.666667,4.142857,3.833333,0.000000,1.000000,10,
"classroom_rl/BOTH/parsed-file1886_inv14.als","classroom_rl","BOTH","inv14",67,37,45,159,45,41,0.421384,0.822222,1.097561,0.000000,1.000000,10,
"classroom_rl/BOTH/parsed-file1886_inv15.als","classroom_rl","BOTH","inv15",43,21,15,46,15,9,0.934783,1.400000,1.666667,0.000000,1.000000,10,
"classroom_rl/BOTH/parsed-file1889_inv1.als","classroom_rl","BOTH","inv1",8,2,3,41,11,12,0.195122,0.181818,0.250000,0.000000,1.000000,10,
"classroom_rl/BOTH/parsed-file1891_inv9.als","classroom_rl","BOTH","inv9",24,8,13,45,12,12,0.533333,0.666667,1.083333,0.120000,0.880000,10,
"classroom_rl/BOTH/parsed-file1892_inv10.als","classroom_rl","BOTH","inv10",17,14,16,79,23,24,0.215190,0.608696,0.666667,0.000000,1.000000,10,
"classroom_rl/BOTH/parsed-file189_inv11.als","classroom_rl","BOTH","inv11",48,26,27,127,34,33,0.377953,0.764706,0.818182,0.400000,0.600000,10,
"classroom_rl/BOTH/parsed-file1901_inv12.als","classroom_rl","BOTH","inv12",43,20,19,103,27,24,0.417476,0.740741,0.791667,0.480000,0.520000,10,
"classroom_rl/BOTH/parsed-file1904_inv11.als","classroom_rl","BOTH","inv11",4,1,35,144,38,36,0.027778,0.026316,0.972222,0.400000,0.600000,10,
"classroom_rl/BOTH/parsed-file1907_inv14.als","classroom_rl","BOTH","inv14",59,24,24,131,34,37,0.450382,0.705882,0.648649,0.000000,1.000000,10,
"classroom_rl/BOTH/parsed-file1909_inv12.als","classroom_rl","BOTH","inv12",11,8,26,133,37,38,0.082707,0.216216,0.684211,0.100000,0.900000,10,
"classroom_rl/BOTH/parsed-file190_inv3.als","classroom_rl","BOTH","inv3",2,2,5,60,16,14,0.033333,0.125000,0.357143,0.980392,0.019608,10,
"classroom_rl/BOTH/parsed-file1910_inv11.als","classroom_rl","BOTH","inv11",53,18,18,110,30,31,0.481818,0.600000,0.580645,0.100000,0.900000,10,
"classroom_rl/BOTH/parsed-file1916_inv12.als","classroom_rl","BOTH","inv12",25,30,26,153,40,38,0.163399,0.750000,0.684211,0.080000,0.920000,10,
"classroom_rl/BOTH/parsed-file1919_inv4.als","classroom_rl","BOTH","inv4",7,3,2,24,7,6,0.291667,0.428571,0.333333,0.000000,1.000000,10,
"classroom_rl/BOTH/parsed-file191_inv13.als","classroom_rl","BOTH","inv13",50,16,20,88,26,25,0.568182,0.615385,0.800000,0.900000,0.100000,10,
"classroom_rl/BOTH/parsed-file1920_inv11.als","classroom_rl","BOTH","inv11",27,21,13,102,27,25,0.264706,0.777778,0.520000,0.350000,0.650000,10,
"classroom_rl/BOTH/parsed-file1925_inv11.als","classroom_rl","BOTH","inv11",40,21,13,102,27,25,0.392157,0.777778,0.520000,0.350000,0.650000,10,
"classroom_rl/BOTH/parsed-file1926_inv12.als","classroom_rl","BOTH","inv12",49,34,34,155,40,39,0.316129,0.850000,0.871795,0.600000,0.400000,10,
"classroom_rl/BOTH/parsed-file1935_inv5.als","classroom_rl","BOTH","inv5",14,5,16,71,18,18,0.197183,0.277778,0.888889,0.980392,0.019608,10,
"classroom_rl/BOTH/parsed-file1939_inv5.als","classroom_rl","BOTH","inv5",4,1,17,72,19,19,0.055556,0.052632,0.894737,0.300000,0.700000,10,
"classroom_rl/BOTH/parsed-file1945_inv12.als","classroom_rl","BOTH","inv12",34,15,11,91,25,25,0.373626,0.600000,0.440000,0.480000,0.520000,10,
"classroom_rl/BOTH/parsed-file194_inv3.als","classroom_rl","BOTH","inv3",2,2,5,60,16,14,0.033333,0.125000,0.357143,0.980392,0.019608,10,
"classroom_rl/BOTH/parsed-file1951_inv11.als","classroom_rl","BOTH","inv11",29,21,10,101,27,25,0.287129,0.777778,0.400000,0.350000,0.650000,10,
"classroom_rl/BOTH/parsed-file1957_inv14.als","classroom_rl","BOTH","inv14",36,8,42,157,44,47,0.229299,0.181818,0.893617,0.300000,0.700000,10,
"classroom_rl/BOTH/parsed-file1958_inv5.als","classroom_rl","BOTH","inv5",4,1,17,72,19,19,0.055556,0.052632,0.894737,0.980392,0.019608,10,
"classroom_rl/BOTH/parsed-file1960_inv5.als","classroom_rl","BOTH","inv5",18,12,22,91,24,24,0.197802,0.500000,0.916667,0.980392,0.019608,10,
"classroom_rl/BOTH/parsed-file1964_inv15.als","classroom_rl","BOTH","inv15",3,3,2,74,21,20,0.040541,0.142857,0.100000,0.000000,1.000000,10,
"classroom_rl/BOTH/parsed-file1973_inv8.als","classroom_rl","BOTH","inv8",4,1,27,118,30,39,0.033898,0.033333,0.692308,0.000000,1.000000,10,
"classroom_rl/BOTH/parsed-file1974_inv11.als","classroom_rl","BOTH","inv11",31,15,19,148,40,40,0.209459,0.375000,0.475000,0.000000,1.000000,10,
"classroom_rl/BOTH/parsed-file1978_inv11.als","classroom_rl","BOTH","inv11",16,26,28,136,38,34,0.117647,0.684211,0.823529,0.000000,1.000000,10,
"classroom_rl/BOTH/parsed-file1985_inv15.als","classroom_rl","BOTH","inv15",97,61,77,225,67,82,0.431111,0.910448,0.939024,0.100000,0.900000,10,
"classroom_rl/BOTH/parsed-file1987_inv14.als","classroom_rl","BOTH","inv14",27,6,45,157,44,47,0.171975,0.136364,0.957447,0.000000,1.000000,10,
"classroom_rl/BOTH/parsed-file198_inv12.als","classroom_rl","BOTH","inv12",36,21,22,105,30,30,0.342857,0.700000,0.733333,0.270000,0.730000,10,
"classroom_rl/BOTH/parsed-file1990_inv14.als","classroom_rl","BOTH","inv14",31,8,42,157,44,47,0.197452,0.181818,0.893617,0.000000,1.000000,10,
"classroom_rl/BOTH/parsed-file1992_inv14.als","classroom_rl","BOTH","inv14",18,4,38,168,46,43,0.107143,0.086957,0.883721,0.000000,1.000000,10,
"classroom_rl/BOTH/parsed-file2000_inv14.als","classroom_rl","BOTH","inv14",32,7,45,157,44,47,0.203822,0.159091,0.957447,0.000000,1.000000,10,
"classroom_rl/BOTH/parsed-file2007_inv9.als","classroom_rl","BOTH","inv9",8,6,4,49,13,12,0.163265,0.461538,0.333333,0.360000,0.640000,10,
"classroom_rl/BOTH/parsed-file2010_inv13.als","classroom_rl","BOTH","inv13",49,16,11,21,7,6,2.333333,2.285714,1.833333,0.100000,0.900000,10,
"classroom_rl/BOTH/parsed-file2012_inv11.als","classroom_rl","BOTH","inv11",25,33,22,155,40,39,0.161290,0.825000,0.564103,0.100000,0.900000,10,
"classroom_rl/BOTH/parsed-file2013_inv14.als","classroom_rl","BOTH","inv14",37,17,18,121,35,36,0.305785,0.485714,0.500000,0.600000,0.400000,10,
"classroom_rl/BOTH/parsed-file2014_inv12.als","classroom_rl","BOTH","inv12",43,33,12,154,40,35,0.279221,0.825000,0.342857,0.700000,0.300000,10,
"classroom_rl/BOTH/parsed-file2023_inv5.als","classroom_rl","BOTH","inv5",4,1,17,72,19,19,0.055556,0.052632,0.894737,0.980392,0.019608,10,
"classroom_rl/BOTH/parsed-file2027_inv11.als","classroom_rl","BOTH","inv11",22,32,18,145,39,37,0.151724,0.820513,0.486486,0.500000,0.500000,10,
"classroom_rl/BOTH/parsed-file2029_inv12.als","classroom_rl","BOTH","inv12",58,30,32,143,38,35,0.405594,0.789474,0.914286,0.000000,1.000000,10,
"classroom_rl/BOTH/parsed-file202_inv5.als","classroom_rl","BOTH","inv5",22,7,9,44,12,12,0.500000,0.583333,0.750000,0.000000,1.000000,10,
"classroom_rl/BOTH/parsed-file2033_inv13.als","classroom_rl","BOTH","inv13",59,26,27,105,32,29,0.561905,0.812500,0.931034,0.000000,1.000000,10,
"classroom_rl/BOTH/parsed-file2034_inv12.als","classroom_rl","BOTH","inv12",77,39,40,176,46,48,0.437500,0.847826,0.833333,0.000000,1.000000,10,
"classroom_rl/BOTH/parsed-file2035_inv12.als","classroom_rl","BOTH","inv12",43,14,18,87,23,24,0.494253,0.608696,0.750000,0.000000,1.000000,10,
"classroom_rl/BOTH/parsed-file2036_inv11.als","classroom_rl","BOTH","inv11",8,4,20,143,38,39,0.055944,0.105263,0.512821,0.100000,0.900000,10,
"classroom_rl/BOTH/parsed-file203_inv11.als","classroom_rl","BOTH","inv11",46,22,22,103,27,24,0.446602,0.814815,0.916667,0.280000,0.720000,10,
"classroom_rl/BOTH/parsed-file2040_inv12.als","classroom_rl","BOTH","inv12",39,16,22,91,25,25,0.428571,0.640000,0.880000,0.630000,0.370000,10,
"classroom_rl/BOTH/parsed-file204_inv14.als","classroom_rl","BOTH","inv14",31,7,45,157,44,47,0.197452,0.159091,0.957447,0.000000,1.000000,10,
"classroom_rl/BOTH/parsed-file2061_inv11.als","classroom_rl","BOTH","inv11",27,9,8,162,44,41,0.166667,0.204545,0.195122,0.350000,0.650000,10,
"classroom_rl/BOTH/parsed-file2070_inv11.als","classroom_rl","BOTH","inv11",49,20,25,133,36,38,0.368421,0.555556,0.657895,0.000000,1.000000,10,
"classroom_rl/BOTH/parsed-file2071_inv11.als","classroom_rl","BOTH","inv11",40,30,25,144,38,38,0.277778,0.789474,0.657895,0.000000,1.000000,10,
"classroom_rl/BOTH/parsed-file2074_inv15.als","classroom_rl","BOTH","inv15",69,27,40,114,34,44,0.605263,0.794118,0.909091,0.600000,0.400000,10,
"classroom_rl/BOTH/parsed-file2079_inv14.als","classroom_rl","BOTH","inv14",32,7,45,157,44,46,0.203822,0.159091,0.978261,0.000000,1.000000,10,
"classroom_rl/BOTH/parsed-file2084_inv11.als","classroom_rl","BOTH","inv11",29,6,14,147,40,42,0.197279,0.150000,0.333333,0.320000,0.680000,10,
"classroom_rl/BOTH/parsed-file2086_inv4.als","classroom_rl","BOTH","inv4",7,3,2,24,7,6,0.291667,0.428571,0.333333,0.000000,1.000000,10,
"classroom_rl/BOTH/parsed-file2087_inv5.als","classroom_rl","BOTH","inv5",13,4,3,26,9,7,0.500000,0.444444,0.428571,0.000000,1.000000,10,
"classroom_rl/BOTH/parsed-file2089_inv11.als","classroom_rl","BOTH","inv11",38,16,19,105,30,30,0.361905,0.533333,0.633333,0.450000,0.550000,10,
"classroom_rl/BOTH/parsed-file208_inv14.als","classroom_rl","BOTH","inv14",78,34,42,165,47,47,0.472727,0.723404,0.893617,0.100000,0.900000,10,
"classroom_rl/BOTH/parsed-file2094_inv5.als","classroom_rl","BOTH","inv5",4,1,13,61,17,18,0.065574,0.058824,0.722222,0.300000,0.700000,10,
"classroom_rl/BOTH/parsed-file209_inv11.als","classroom_rl","BOTH","inv11",47,25,19,121,32,28,0.388430,0.781250,0.678571,0.350000,0.650000,10,
"classroom_rl/BOTH/parsed-file2105_inv12.als","classroom_rl","BOTH","inv12",26,12,13,72,20,19,0.361111,0.600000,0.684211,0.200000,0.800000,10,
"classroom_rl/BOTH/parsed-file2106_inv14.als","classroom_rl","BOTH","inv14",20,5,20,168,46,25,0.119048,0.108696,0.800000,0.000000,1.000000,10,
"classroom_rl/BOTH/parsed-file2107_inv11.als","classroom_rl","BOTH","inv11",56,34,31,155,40,38,0.361290,0.850000,0.815789,0.100000,0.900000,10,
"classroom_rl/BOTH/parsed-file2109_inv11.als","classroom_rl","BOTH","inv11",48,23,26,115,32,34,0.417391,0.718750,0.764706,0.000000,1.000000,10,
"classroom_rl/BOTH/parsed-file2112_inv14.als","classroom_rl","BOTH","inv14",28,32,49,167,46,45,0.167665,0.695652,1.088889,0.000000,1.000000,10,
"classroom_rl/BOTH/parsed-file2116_inv12.als","classroom_rl","BOTH","inv12",10,3,35,154,40,39,0.064935,0.075000,0.897436,0.080000,0.920000,10,
"classroom_rl/BOTH/parsed-file2117_inv5.als","classroom_rl","BOTH","inv5",27,9,8,81,23,24,0.333333,0.391304,0.333333,0.240000,0.760000,10,
"classroom_rl/BOTH/parsed-file2122_inv11.als","classroom_rl","BOTH","inv11",33,15,14,61,18,18,0.540984,0.833333,0.777778,0.000000,1.000000,10,
"classroom_rl/BOTH/parsed-file2125_inv11.als","classroom_rl","BOTH","inv11",69,36,29,156,40,34,0.442308,0.900000,0.852941,0.400000,0.600000,10,
"classroom_rl/BOTH/parsed-file2126_inv12.als","classroom_rl","BOTH","inv12",34,15,11,91,25,25,0.373626,0.600000,0.440000,0.480000,0.520000,10,
"classroom_rl/BOTH/parsed-file2132_inv4.als","classroom_rl","BOTH","inv4",13,23,32,111,27,30,0.117117,0.851852,1.066667,0.900000,0.100000,10,
"classroom_rl/BOTH/parsed-file2138_inv13.als","classroom_rl","BOTH","inv13",62,24,27,126,35,36,0.492063,0.685714,0.750000,0.090000,0.910000,10,
"classroom_rl/BOTH/parsed-file2141_inv11.als","classroom_rl","BOTH","inv11",31,21,33,132,36,37,0.234848,0.583333,0.891892,0.000000,1.000000,10,
"classroom_rl/BOTH/parsed-file2147_inv5.als","classroom_rl","BOTH","inv5",15,6,12,50,14,16,0.300000,0.428571,0.750000,0.000000,1.000000,10,
"classroom_rl/BOTH/parsed-file2151_inv12.als","classroom_rl","BOTH","inv12",39,18,13,35,12,8,1.114286,1.500000,1.625000,0.000000,1.000000,10,
"classroom_rl/BOTH/parsed-file2155_inv8.als","classroom_rl","BOTH","inv8",29,13,9,22,7,6,1.318182,1.857143,1.500000,0.300000,0.700000,10,
"classroom_rl/BOTH/parsed-file2157_inv13.als","classroom_rl","BOTH","inv13",60,20,26,110,30,33,0.545455,0.666667,0.787879,0.050000,0.950000,10,
"classroom_rl/BOTH/parsed-file2159_inv6.als","classroom_rl","BOTH","inv6",12,10,11,61,17,18,0.196721,0.588235,0.611111,0.300000,0.700000,10,
"classroom_rl/BOTH/parsed-file2162_inv14.als","classroom_rl","BOTH","inv14",39,34,44,155,43,40,0.251613,0.790698,1.100000,0.000000,1.000000,10,
"classroom_rl/BOTH/parsed-file2175_inv11.als","classroom_rl","BOTH","inv11",54,20,23,133,36,38,0.406015,0.555556,0.605263,0.500000,0.500000,10,
"classroom_rl/BOTH/parsed-file2184_inv5.als","classroom_rl","BOTH","inv5",7,3,17,80,22,22,0.087500,0.136364,0.772727,0.000000,1.000000,10,
"classroom_rl/BOTH/parsed-file2193_inv13.als","classroom_rl","BOTH","inv13",46,19,15,63,18,20,0.730159,1.055556,0.750000,0.040000,0.960000,10,
"classroom_rl/BOTH/parsed-file2196_inv12.als","classroom_rl","BOTH","inv12",27,9,12,133,36,35,0.203008,0.250000,0.342857,0.300000,0.700000,10,
"classroom_rl/BOTH/parsed-file2197_inv12.als","classroom_rl","BOTH","inv12",44,16,18,90,25,24,0.488889,0.640000,0.750000,0.630000,0.370000,10,
"classroom_rl/BOTH/parsed-file2198_inv4.als","classroom_rl","BOTH","inv4",17,8,11,44,12,13,0.386364,0.666667,0.846154,0.000000,1.000000,10,
"classroom_rl/BOTH/parsed-file21_inv11.als","classroom_rl","BOTH","inv11",41,14,19,133,36,38,0.308271,0.388889,0.500000,0.000000,1.000000,10,
"classroom_rl/BOTH/parsed-file2208_inv9.als","classroom_rl","BOTH","inv9",65,38,32,149,38,35,0.436242,1.000000,0.914286,0.300000,0.700000,10,
"classroom_rl/BOTH/parsed-file2210_inv12.als","classroom_rl","BOTH","inv12",25,30,26,153,40,38,0.163399,0.750000,0.684211,0.080000,0.920000,10,
"classroom_rl/BOTH/parsed-file2218_inv8.als","classroom_rl","BOTH","inv8",28,14,25,125,32,34,0.224000,0.437500,0.735294,0.600000,0.400000,10,
"classroom_rl/BOTH/parsed-file2221_inv8.als","classroom_rl","BOTH","inv8",24,13,9,28,9,7,0.857143,1.444444,1.285714,0.000000,1.000000,10,
"classroom_rl/BOTH/parsed-file2223_inv12.als","classroom_rl","BOTH","inv12",37,18,23,110,30,30,0.336364,0.600000,0.766667,0.630000,0.370000,10,
"classroom_rl/BOTH/parsed-file2226_inv4.als","classroom_rl","BOTH","inv4",26,12,17,101,26,25,0.257426,0.461538,0.680000,0.000000,1.000000,10,
"classroom_rl/BOTH/parsed-file2233_inv14.als","classroom_rl","BOTH","inv14",51,16,36,183,50,45,0.278689,0.320000,0.800000,0.800000,0.200000,10,
"classroom_rl/BOTH/parsed-file2234_inv11.als","classroom_rl","BOTH","inv11",49,19,11,106,30,31,0.462264,0.633333,0.354839,0.240000,0.760000,10,
"classroom_rl/BOTH/parsed-file2239_inv11.als","classroom_rl","BOTH","inv11",38,19,17,82,23,19,0.463415,0.826087,0.894737,0.100000,0.900000,10,
"classroom_rl/BOTH/parsed-file2243_inv14.als","classroom_rl","BOTH","inv14",64,38,42,154,41,38,0.415584,0.926829,1.105263,0.000000,1.000000,10,
"classroom_rl/BOTH/parsed-file2247_inv4.als","classroom_rl","BOTH","inv4",3,2,9,62,16,17,0.048387,0.125000,0.529412,0.000000,1.000000,10,
"classroom_rl/BOTH/parsed-file2247_inv5.als","classroom_rl","BOTH","inv5",27,8,9,39,11,11,0.692308,0.727273,0.818182,0.000000,1.000000,10,
"classroom_rl/BOTH/parsed-file224_inv9.als","classroom_rl","BOTH","inv9",4,1,26,118,30,39,0.033898,0.033333,0.666667,0.000000,1.000000,10,
"classroom_rl/BOTH/parsed-file2254_inv14.als","classroom_rl","BOTH","inv14",59,25,18,91,25,21,0.648352,1.000000,0.857143,0.320000,0.680000,10,
"classroom_rl/BOTH/parsed-file2274_inv15.als","classroom_rl","BOTH","inv15",85,29,42,128,36,46,0.664063,0.805556,0.913043,0.000000,1.000000,10,
"classroom_rl/BOTH/parsed-file2275_inv14.als","classroom_rl","BOTH","inv14",62,32,26,136,41,37,0.455882,0.780488,0.702703,0.600000,0.400000,10,
"classroom_rl/BOTH/parsed-file2283_inv12.als","classroom_rl","BOTH","inv12",9,24,28,156,42,39,0.057692,0.571429,0.717949,0.100000,0.900000,10,
"classroom_rl/BOTH/parsed-file2290_inv12.als","classroom_rl","BOTH","inv12",41,16,17,91,25,25,0.450549,0.640000,0.680000,0.630000,0.370000,10,
"classroom_rl/BOTH/parsed-file2291_inv11.als","classroom_rl","BOTH","inv11",8,4,20,143,38,39,0.055944,0.105263,0.512821,0.100000,0.900000,10,
"classroom_rl/BOTH/parsed-file2293_inv12.als","classroom_rl","BOTH","inv12",22,26,22,127,34,33,0.173228,0.764706,0.666667,0.090000,0.910000,10,
"classroom_rl/BOTH/parsed-file2299_inv8.als","classroom_rl","BOTH","inv8",17,14,13,102,26,30,0.166667,0.538462,0.433333,0.300000,0.700000,10,
"classroom_rl/BOTH/parsed-file2301_inv12.als","classroom_rl","BOTH","inv12",42,16,19,91,25,25,0.461538,0.640000,0.760000,0.630000,0.370000,10,
"classroom_rl/BOTH/parsed-file2301_inv15.als","classroom_rl","BOTH","inv15",54,21,35,93,27,38,0.580645,0.777778,0.921053,0.100000,0.900000,10,
"classroom_rl/BOTH/parsed-file2303_inv8.als","classroom_rl","BOTH","inv8",28,11,32,133,34,39,0.210526,0.323529,0.820513,0.000000,1.000000,10,
"classroom_rl/BOTH/parsed-file2306_inv14.als","classroom_rl","BOTH","inv14",31,40,43,177,48,42,0.175141,0.833333,1.023810,0.400000,0.600000,10,
"classroom_rl/BOTH/parsed-file2311_inv11.als","classroom_rl","BOTH","inv11",15,23,35,145,38,39,0.103448,0.605263,0.897436,0.100000,0.900000,10,
"classroom_rl/BOTH/parsed-file2311_inv15.als","classroom_rl","BOTH","inv15",28,17,17,103,29,26,0.271845,0.586207,0.653846,0.000000,1.000000,10,
"classroom_rl/BOTH/parsed-file2312_inv5.als","classroom_rl","BOTH","inv5",13,4,17,71,19,19,0.183099,0.210526,0.894737,0.000000,1.000000,10,
"classroom_rl/BOTH/parsed-file2312_inv6.als","classroom_rl","BOTH","inv6",10,2,14,70,19,18,0.142857,0.105263,0.777778,0.000000,1.000000,10,
"classroom_rl/BOTH/parsed-file2314_inv14.als","classroom_rl","BOTH","inv14",45,16,41,157,44,47,0.286624,0.363636,0.872340,0.000000,1.000000,10,
"classroom_rl/BOTH/parsed-file2316_inv14.als","classroom_rl","BOTH","inv14",76,38,34,161,51,46,0.472050,0.745098,0.739130,0.600000,0.400000,10,
"classroom_rl/BOTH/parsed-file2320_inv9.als","classroom_rl","BOTH","inv9",29,12,10,75,19,17,0.386667,0.631579,0.588235,0.000000,1.000000,10,
"classroom_rl/BOTH/parsed-file2324_inv5.als","classroom_rl","BOTH","inv5",26,12,12,46,14,14,0.565217,0.857143,0.857143,0.000000,1.000000,10,
"classroom_rl/BOTH/parsed-file2329_inv12.als","classroom_rl","BOTH","inv12",36,15,13,30,12,9,1.200000,1.250000,1.444444,0.000000,1.000000,10,
"classroom_rl/BOTH/parsed-file232_inv5.als","classroom_rl","BOTH","inv5",6,2,17,80,22,23,0.075000,0.090909,0.739130,0.300000,0.700000,10,
"classroom_rl/BOTH/parsed-file2338_inv14.als","classroom_rl","BOTH","inv14",30,12,51,157,44,47,0.191083,0.272727,1.085106,0.090000,0.910000,10,
"classroom_rl/BOTH/parsed-file2342_inv14.als","classroom_rl","BOTH","inv14",48,16,42,157,44,47,0.305732,0.363636,0.893617,0.000000,1.000000,10,
"classroom_rl/BOTH/parsed-file2344_inv14.als","classroom_rl","BOTH","inv14",64,28,49,167,46,45,0.383234,0.608696,1.088889,0.100000,0.900000,10,
"classroom_rl/BOTH/parsed-file2347_inv14.als","classroom_rl","BOTH","inv14",41,17,20,63,18,18,0.650794,0.944444,1.111111,0.000000,1.000000,10,
"classroom_rl/BOTH/parsed-file2348_inv9.als","classroom_rl","BOTH","inv9",28,12,10,81,23,20,0.345679,0.521739,0.500000,0.360000,0.640000,10,
"classroom_rl/BOTH/parsed-file2350_inv15.als","classroom_rl","BOTH","inv15",50,20,33,92,27,37,0.543478,0.740741,0.891892,0.000000,1.000000,10,
"classroom_rl/BOTH/parsed-file2354_inv12.als","classroom_rl","BOTH","inv12",13,4,29,153,40,40,0.084967,0.100000,0.725000,0.100000,0.900000,10,
"classroom_rl/BOTH/parsed-file2355_inv11.als","classroom_rl","BOTH","inv11",41,21,21,104,28,25,0.394231,0.750000,0.840000,0.100000,0.900000,10,
"classroom_rl/BOTH/parsed-file2373_inv11.als","classroom_rl","BOTH","inv11",29,32,19,137,38,34,0.211679,0.842105,0.558824,0.400000,0.600000,10,
"classroom_rl/BOTH/parsed-file2376_inv3.als","classroom_rl","BOTH","inv3",2,2,5,60,16,14,0.033333,0.125000,0.357143,0.980392,0.019608,10,
"classroom_rl/BOTH/parsed-file2378_inv14.als","classroom_rl","BOTH","inv14",50,19,25,123,33,29,0.406504,0.575758,0.862069,0.160000,0.840000,10,
"classroom_rl/BOTH/parsed-file2379_inv13.als","classroom_rl","BOTH","inv13",59,24,26,102,30,28,0.578431,0.800000,0.928571,0.000000,1.000000,10,
"classroom_rl/BOTH/parsed-file238_inv11.als","classroom_rl","BOTH","inv11",43,17,19,116,32,33,0.370690,0.531250,0.575758,0.700000,0.300000,10,
"classroom_rl/BOTH/parsed-file2400_inv11.als","classroom_rl","BOTH","inv11",28,18,11,87,23,24,0.321839,0.782609,0.458333,0.900000,0.100000,10,
"classroom_rl/BOTH/parsed-file2404_inv11.als","classroom_rl","BOTH","inv11",50,20,30,133,36,38,0.375940,0.555556,0.789474,0.100000,0.900000,10,
"classroom_rl/BOTH/parsed-file240_inv11.als","classroom_rl","BOTH","inv11",49,19,29,132,36,38,0.371212,0.527778,0.763158,0.100000,0.900000,10,
"classroom_rl/BOTH/parsed-file240_inv12.als","classroom_rl","BOTH","inv12",33,15,11,91,25,25,0.362637,0.600000,0.440000,0.480000,0.520000,10,
"classroom_rl/BOTH/parsed-file2415_inv15.als","classroom_rl","BOTH","inv15",130,44,45,214,50,51,0.607477,0.880000,0.882353,0.320000,0.680000,10,
"classroom_rl/BOTH/parsed-file2417_inv14.als","classroom_rl","BOTH","inv14",23,10,28,165,46,41,0.139394,0.217391,0.682927,0.200000,0.800000,10,
"classroom_rl/BOTH/parsed-file2418_inv14.als","classroom_rl","BOTH","inv14",64,34,31,142,38,39,0.450704,0.894737,0.794872,0.000000,1.000000,10,
"classroom_rl/BOTH/parsed-file2422_inv8.als","classroom_rl","BOTH","inv8",16,3,6,72,19,19,0.222222,0.157895,0.315789,0.000000,1.000000,10,
"classroom_rl/BOTH/parsed-file2425_inv12.als","classroom_rl","BOTH","inv12",21,29,28,142,38,38,0.147887,0.763158,0.736842,0.000000,1.000000,10,
"classroom_rl/BOTH/parsed-file2427_inv12.als","classroom_rl","BOTH","inv12",21,29,28,142,38,38,0.147887,0.763158,0.736842,0.000000,1.000000,10,
"classroom_rl/BOTH/parsed-file2433_inv12.als","classroom_rl","BOTH","inv12",41,16,19,91,25,25,0.450549,0.640000,0.760000,0.000000,1.000000,10,
"classroom_rl/BOTH/parsed-file2434_inv11.als","classroom_rl","BOTH","inv11",49,22,22,114,31,30,0.429825,0.709677,0.733333,0.350000,0.650000,10,
"classroom_rl/BOTH/parsed-file2438_inv14.als","classroom_rl","BOTH","inv14",76,38,34,161,51,46,0.472050,0.745098,0.739130,0.600000,0.400000,10,
"classroom_rl/BOTH/parsed-file2439_inv4.als","classroom_rl","BOTH","inv4",3,2,9,62,16,17,0.048387,0.125000,0.529412,0.000000,1.000000,10,
"classroom_rl/BOTH/parsed-file2449_inv11.als","classroom_rl","BOTH","inv11",36,15,14,105,30,31,0.342857,0.500000,0.451613,0.600000,0.400000,10,
"classroom_rl/BOTH/parsed-file244_inv12.als","classroom_rl","BOTH","inv12",38,16,11,19,7,6,2.000000,2.285714,1.833333,0.000000,1.000000,10,
"classroom_rl/BOTH/parsed-file2458_inv12.als","classroom_rl","BOTH","inv12",31,17,16,116,32,30,0.267241,0.531250,0.533333,0.270000,0.730000,10,
"classroom_rl/BOTH/parsed-file2465_inv11.als","classroom_rl","BOTH","inv11",36,15,15,105,30,31,0.342857,0.500000,0.483871,0.600000,0.400000,10,
"classroom_rl/BOTH/parsed-file2467_inv3.als","classroom_rl","BOTH","inv3",24,10,16,48,14,21,0.500000,0.714286,0.761905,0.000000,1.000000,10,
"classroom_rl/BOTH/parsed-file2469_inv12.als","classroom_rl","BOTH","inv12",35,17,18,132,36,36,0.265152,0.472222,0.500000,0.000000,1.000000,10,
"classroom_rl/BOTH/parsed-file2475_inv11.als","classroom_rl","BOTH","inv11",14,4,22,144,38,39,0.097222,0.105263,0.564103,0.100000,0.900000,10,
"classroom_rl/BOTH/parsed-file2480_inv11.als","classroom_rl","BOTH","inv11",61,23,15,123,34,36,0.495935,0.676471,0.416667,0.900000,0.100000,10,
"classroom_rl/BOTH/parsed-file2482_inv12.als","classroom_rl","BOTH","inv12",34,15,11,91,25,25,0.373626,0.600000,0.440000,0.480000,0.520000,10,
"classroom_rl/BOTH/parsed-file2491_inv11.als","classroom_rl","BOTH","inv11",40,22,39,144,38,38,0.277778,0.578947,1.026316,0.000000,1.000000,10,
"classroom_rl/BOTH/parsed-file2492_inv11.als","classroom_rl","BOTH","inv11",32,13,16,133,36,38,0.240602,0.361111,0.421053,0.400000,0.600000,10,
"classroom_rl/BOTH/parsed-file2496_inv13.als","classroom_rl","BOTH","inv13",51,23,20,102,29,29,0.500000,0.793103,0.689655,0.360000,0.640000,10,
"classroom_rl/BOTH/parsed-file2502_inv12.als","classroom_rl","BOTH","inv12",27,27,24,128,34,29,0.210938,0.794118,0.827586,0.700000,0.300000,10,
"classroom_rl/BOTH/parsed-file2512_inv11.als","classroom_rl","BOTH","inv11",36,24,15,107,29,30,0.336449,0.827586,0.500000,0.100000,0.900000,10,
"classroom_rl/BOTH/parsed-file2531_inv12.als","classroom_rl","BOTH","inv12",19,6,21,116,32,33,0.163793,0.187500,0.636364,0.100000,0.900000,10,
"classroom_rl/BOTH/parsed-file2532_inv12.als","classroom_rl","BOTH","inv12",39,19,12,102,27,25,0.382353,0.703704,0.480000,0.480000,0.520000,10,
"classroom_rl/BOTH/parsed-file2532_inv13.als","classroom_rl","BOTH","inv13",52,18,15,74,20,18,0.702703,0.900000,0.833333,0.900000,0.100000,10,
"classroom_rl/BOTH/parsed-file2539_inv14.als","classroom_rl","BOTH","inv14",41,13,47,188,50,52,0.218085,0.260000,0.903846,0.080000,0.920000,10,
"classroom_rl/BOTH/parsed-file2541_inv14.als","classroom_rl","BOTH","inv14",54,25,24,106,28,29,0.509434,0.892857,0.827586,0.000000,1.000000,10,
"classroom_rl/BOTH/parsed-file2546_inv11.als","classroom_rl","BOTH","inv11",49,19,22,104,28,26,0.471154,0.678571,0.846154,0.100000,0.900000,10,
"classroom_rl/BOTH/parsed-file2548_inv11.als","classroom_rl","BOTH","inv11",63,25,27,132,36,38,0.477273,0.694444,0.710526,0.000000,1.000000,10,
"classroom_rl/BOTH/parsed-file2553_inv14.als","classroom_rl","BOTH","inv14",16,3,30,156,44,44,0.102564,0.068182,0.681818,0.000000,1.000000,10,
"classroom_rl/BOTH/parsed-file2566_inv11.als","classroom_rl","BOTH","inv11",35,12,14,70,18,18,0.500000,0.666667,0.777778,0.100000,0.900000,10,
"classroom_rl/BOTH/parsed-file2567_inv12.als","classroom_rl","BOTH","inv12",41,15,19,91,25,25,0.450549,0.600000,0.760000,0.630000,0.370000,10,
"classroom_rl/BOTH/parsed-file2568_inv14.als","classroom_rl","BOTH","inv14",37,40,47,179,48,43,0.206704,0.833333,1.093023,0.000000,1.000000,10,
"classroom_rl/BOTH/parsed-file2569_inv4.als","classroom_rl","BOTH","inv4",30,10,7,47,11,9,0.638298,0.909091,0.777778,0.000000,1.000000,10,
"classroom_rl/BOTH/parsed-file2576_inv11.als","classroom_rl","BOTH","inv11",57,26,8,142,37,44,0.401408,0.702703,0.181818,0.000000,1.000000,10,
"classroom_rl/BOTH/parsed-file2583_inv12.als","classroom_rl","BOTH","inv12",36,11,28,133,36,38,0.270677,0.305556,0.736842,0.500000,0.500000,10,
"classroom_rl/BOTH/parsed-file2585_inv12.als","classroom_rl","BOTH","inv12",38,16,18,90,25,24,0.422222,0.640000,0.750000,0.630000,0.370000,10,
"classroom_rl/BOTH/parsed-file2588_inv12.als","classroom_rl","BOTH","inv12",34,15,11,91,25,25,0.373626,0.600000,0.440000,0.480000,0.520000,10,
"classroom_rl/BOTH/parsed-file2590_inv5.als","classroom_rl","BOTH","inv5",38,15,8,103,27,24,0.368932,0.555556,0.333333,0.240000,0.760000,10,
"classroom_rl/BOTH/parsed-file2592_inv5.als","classroom_rl","BOTH","inv5",6,2,17,72,19,19,0.083333,0.105263,0.894737,0.980392,0.019608,10,
"classroom_rl/BOTH/parsed-file2602_inv11.als","classroom_rl","BOTH","inv11",55,20,22,114,31,30,0.482456,0.645161,0.733333,0.350000,0.650000,10,
"classroom_rl/BOTH/parsed-file2605_inv9.als","classroom_rl","BOTH","inv9",27,12,9,81,23,20,0.333333,0.521739,0.450000,0.000000,1.000000,10,
"classroom_rl/BOTH/parsed-file2606_inv11.als","classroom_rl","BOTH","inv11",75,43,16,178,47,3,0.421348,0.914894,5.333333,0.400000,0.600000,10,
"classroom_rl/BOTH/parsed-file2608_inv12.als","classroom_rl","BOTH","inv12",21,10,11,58,17,14,0.362069,0.588235,0.785714,0.630000,0.370000,10,
"classroom_rl/BOTH/parsed-file2613_inv14.als","classroom_rl","BOTH","inv14",44,17,20,102,29,30,0.431373,0.586207,0.666667,0.160000,0.840000,10,
"classroom_rl/BOTH/parsed-file2614_inv12.als","classroom_rl","BOTH","inv12",35,15,11,91,25,25,0.384615,0.600000,0.440000,0.480000,0.520000,10,
"classroom_rl/BOTH/parsed-file2619_inv11.als","classroom_rl","BOTH","inv11",41,16,17,110,30,31,0.372727,0.533333,0.548387,0.100000,0.900000,10,
"classroom_rl/BOTH/parsed-file2621_inv14.als","classroom_rl","BOTH","inv14",78,28,36,156,43,41,0.500000,0.651163,0.878049,0.250000,0.750000,10,
"classroom_rl/BOTH/parsed-file2624_inv11.als","classroom_rl","BOTH","inv11",8,23,16,143,38,36,0.055944,0.605263,0.444444,0.900000,0.100000,10,
"classroom_rl/BOTH/parsed-file2628_inv5.als","classroom_rl","BOTH","inv5",27,9,8,81,23,24,0.333333,0.391304,0.333333,0.240000,0.760000,10,
"classroom_rl/BOTH/parsed-file262_inv11.als","classroom_rl","BOTH","inv11",40,14,9,38,10,10,1.052632,1.400000,0.900000,0.000000,1.000000,10,
"classroom_rl/BOTH/parsed-file262_inv13.als","classroom_rl","BOTH","inv13",47,22,12,75,22,16,0.626667,1.000000,0.750000,0.050000,0.950000,10,
"classroom_rl/BOTH/parsed-file2631_inv6.als","classroom_rl","BOTH","inv6",4,1,11,71,19,18,0.056338,0.052632,0.611111,0.300000,0.700000,10,
"classroom_rl/BOTH/parsed-file2635_inv12.als","classroom_rl","BOTH","inv12",24,26,24,126,34,33,0.190476,0.764706,0.727273,0.000000,1.000000,10,
"classroom_rl/BOTH/parsed-file2636_inv11.als","classroom_rl","BOTH","inv11",16,32,16,146,40,34,0.109589,0.800000,0.470588,0.900000,0.100000,10,
"classroom_rl/BOTH/parsed-file263_inv14.als","classroom_rl","BOTH","inv14",55,22,24,80,22,23,0.687500,1.000000,1.043478,0.000000,1.000000,10,
"classroom_rl/BOTH/parsed-file2640_inv14.als","classroom_rl","BOTH","inv14",33,7,45,157,44,47,0.210191,0.159091,0.957447,0.180000,0.820000,10,
"classroom_rl/BOTH/parsed-file2643_inv11.als","classroom_rl","BOTH","inv11",67,34,32,155,40,38,0.432258,0.850000,0.842105,0.000000,1.000000,10,
"classroom_rl/BOTH/parsed-file2648_inv14.als","classroom_rl","BOTH","inv14",52,19,36,124,33,32,0.419355,0.575758,1.125000,0.240000,0.760000,10,
"classroom_rl/BOTH/parsed-file2650_inv13.als","classroom_rl","BOTH","inv13",62,28,27,128,37,36,0.484375,0.756757,0.750000,0.090000,0.910000,10,
"classroom_rl/BOTH/parsed-file2652_inv15.als","classroom_rl","BOTH","inv15",100,58,68,219,64,73,0.456621,0.906250,0.931507,0.100000,0.900000,10,
"classroom_rl/BOTH/parsed-file2653_inv11.als","classroom_rl","BOTH","inv11",36,15,14,105,30,31,0.342857,0.500000,0.451613,0.600000,0.400000,10,
"classroom_rl/BOTH/parsed-file2655_inv14.als","classroom_rl","BOTH","inv14",29,29,28,132,37,37,0.219697,0.783784,0.756757,0.600000,0.400000,10,
"classroom_rl/BOTH/parsed-file265_inv11.als","classroom_rl","BOTH","inv11",45,20,21,131,36,37,0.343511,0.555556,0.567568,0.000000,1.000000,10,
"classroom_rl/BOTH/parsed-file2670_inv12.als","classroom_rl","BOTH","inv12",26,14,24,116,32,33,0.224138,0.437500,0.727273,0.000000,1.000000,10,
"classroom_rl/BOTH/parsed-file2683_inv11.als","classroom_rl","BOTH","inv11",55,27,31,132,36,39,0.416667,0.750000,0.794872,0.100000,0.900000,10,
"classroom_rl/BOTH/parsed-file2687_inv14.als","classroom_rl","BOTH","inv14",27,8,42,157,44,47,0.171975,0.181818,0.893617,0.000000,1.000000,10,
"classroom_rl/BOTH/parsed-file2693_inv15.als","classroom_rl","BOTH","inv15",52,20,30,100,27,34,0.520000,0.740741,0.882353,0.000000,1.000000,10,
"classroom_rl/BOTH/parsed-file2697_inv14.als","classroom_rl","BOTH","inv14",30,12,51,157,44,47,0.191083,0.272727,1.085106,0.090000,0.910000,10,
"classroom_rl/BOTH/parsed-file26_inv9.als","classroom_rl","BOTH","inv9",16,10,7,49,14,13,0.326531,0.714286,0.538462,0.300000,0.700000,10,
"classroom_rl/BOTH/parsed-file2702_inv14.als","classroom_rl","BOTH","inv14",58,25,21,142,40,35,0.408451,0.625000,0.600000,0.800000,0.200000,10,
"classroom_rl/BOTH/parsed-file2705_inv11.als","classroom_rl","BOTH","inv11",50,21,25,116,32,33,0.431034,0.656250,0.757576,0.250000,0.750000,10,
"classroom_rl/BOTH/parsed-file2722_inv4.als","classroom_rl","BOTH","inv4",3,3,11,63,18,19,0.047619,0.166667,0.578947,0.000000,1.000000,10,
"classroom_rl/BOTH/parsed-file2724_inv5.als","classroom_rl","BOTH","inv5",4,1,17,72,19,19,0.055556,0.052632,0.894737,0.300000,0.700000,10,
"classroom_rl/BOTH/parsed-file2729_inv5.als","classroom_rl","BOTH","inv5",15,6,7,43,12,12,0.348837,0.500000,0.583333,0.000000,1.000000,10,
"classroom_rl/BOTH/parsed-file2732_inv4.als","classroom_rl","BOTH","inv4",15,7,5,30,8,7,0.500000,0.875000,0.714286,0.000000,1.000000,10,
"classroom_rl/BOTH/parsed-file2747_inv12.als","classroom_rl","BOTH","inv12",33,20,20,115,32,31,0.286957,0.625000,0.645161,0.270000,0.730000,10,
"classroom_rl/BOTH/parsed-file2755_inv14.als","classroom_rl","BOTH","inv14",54,23,41,157,44,47,0.343949,0.522727,0.872340,0.200000,0.800000,10,
"classroom_rl/BOTH/parsed-file2758_inv12.als","classroom_rl","BOTH","inv12",14,4,26,143,38,38,0.097902,0.105263,0.684211,0.070000,0.930000,10,
"classroom_rl/BOTH/parsed-file275_inv11.als","classroom_rl","BOTH","inv11",14,4,22,144,38,39,0.097222,0.105263,0.564103,0.100000,0.900000,10,
"classroom_rl/BOTH/parsed-file2762_inv3.als","classroom_rl","BOTH","inv3",2,2,5,60,16,14,0.033333,0.125000,0.357143,0.980392,0.019608,10,
"classroom_rl/BOTH/parsed-file2764_inv11.als","classroom_rl","BOTH","inv11",13,17,16,133,36,36,0.097744,0.472222,0.444444,0.900000,0.100000,10,
"classroom_rl/BOTH/parsed-file2766_inv14.als","classroom_rl","BOTH","inv14",57,28,25,78,23,21,0.730769,1.217391,1.190476,0.120000,0.880000,10,
"classroom_rl/BOTH/parsed-file2768_inv14.als","classroom_rl","BOTH","inv14",19,9,35,166,46,43,0.114458,0.195652,0.813953,0.000000,1.000000,10,
"classroom_rl/BOTH/parsed-file2770_inv11.als","classroom_rl","BOTH","inv11",48,14,15,136,38,39,0.352941,0.368421,0.384615,0.350000,0.650000,10,
"classroom_rl/BOTH/parsed-file2771_inv4.als","classroom_rl","BOTH","inv4",1,1,3,62,16,15,0.016129,0.062500,0.200000,0.000000,1.000000,10,
"classroom_rl/BOTH/parsed-file2787_inv11.als","classroom_rl","BOTH","inv11",54,27,33,131,36,39,0.412214,0.750000,0.846154,0.100000,0.900000,10,
"classroom_rl/BOTH/parsed-file2791_inv12.als","classroom_rl","BOTH","inv12",67,31,39,140,38,44,0.478571,0.815789,0.886364,0.000000,1.000000,10,
"classroom_rl/BOTH/parsed-file2793_inv11.als","classroom_rl","BOTH","inv11",51,24,23,118,33,31,0.432203,0.727273,0.741935,0.350000,0.650000,10,
"classroom_rl/BOTH/parsed-file2807_inv14.als","classroom_rl","BOTH","inv14",52,33,45,156,44,44,0.333333,0.750000,1.022727,0.240000,0.760000,10,
"classroom_rl/BOTH/parsed-file2809_inv14.als","classroom_rl","BOTH","inv14",49,23,30,126,36,36,0.388889,0.638889,0.833333,0.000000,1.000000,10,
"classroom_rl/BOTH/parsed-file280_inv9.als","classroom_rl","BOTH","inv9",27,12,6,30,11,8,0.900000,1.090909,0.750000,0.000000,1.000000,10,
"classroom_rl/BOTH/parsed-file2814_inv14.als","classroom_rl","BOTH","inv14",47,38,44,188,50,49,0.250000,0.760000,0.897959,0.060000,0.940000,10,
"classroom_rl/BOTH/parsed-file2818_inv14.als","classroom_rl","BOTH","inv14",52,24,23,73,20,19,0.712329,1.200000,1.210526,0.120000,0.880000,10,
"classroom_rl/BOTH/parsed-file2826_inv11.als","classroom_rl","BOTH","inv11",31,21,33,132,36,37,0.234848,0.583333,0.891892,0.000000,1.000000,10,
"classroom_rl/BOTH/parsed-file2827_inv2.als","classroom_rl","BOTH","inv2",9,3,5,20,6,7,0.450000,0.500000,0.714286,0.000000,1.000000,10,
"classroom_rl/BOTH/parsed-file2829_inv11.als","classroom_rl","BOTH","inv11",37,17,14,90,25,26,0.411111,0.680000,0.538462,0.000000,1.000000,10,
"classroom_rl/BOTH/parsed-file2830_inv14.als","classroom_rl","BOTH","inv14",45,29,39,141,40,44,0.319149,0.725000,0.886364,0.320000,0.680000,10,
"classroom_rl/BOTH/parsed-file2835_inv14.als","classroom_rl","BOTH","inv14",39,16,15,116,31,29,0.336207,0.516129,0.517241,0.500000,0.500000,10,
"classroom_rl/BOTH/parsed-file2837_inv3.als","classroom_rl","BOTH","inv3",49,16,24,114,26,27,0.429825,0.615385,0.888889,0.000000,1.000000,10,
"classroom_rl/BOTH/parsed-file2839_inv6.als","classroom_rl","BOTH","inv6",40,21,24,99,28,28,0.404040,0.750000,0.857143,0.350000,0.650000,10,
"classroom_rl/BOTH/parsed-file283_inv14.als","classroom_rl","BOTH","inv14",63,29,33,113,31,29,0.557522,0.935484,1.137931,0.160000,0.840000,10,
"classroom_rl/BOTH/parsed-file2840_inv12.als","classroom_rl","BOTH","inv12",37,20,25,99,28,28,0.373737,0.714286,0.892857,0.630000,0.370000,10,
"classroom_rl/BOTH/parsed-file2846_inv13.als","classroom_rl","BOTH","inv13",59,24,26,102,30,28,0.578431,0.800000,0.928571,0.000000,1.000000,10,
"classroom_rl/BOTH/parsed-file2855_inv4.als","classroom_rl","BOTH","inv4",1,1,3,62,16,15,0.016129,0.062500,0.200000,0.000000,1.000000,10,
"classroom_rl/BOTH/parsed-file2857_inv13.als","classroom_rl","BOTH","inv13",46,23,33,111,33,35,0.414414,0.696970,0.942857,0.050000,0.950000,10,
"classroom_rl/BOTH/parsed-file2859_inv14.als","classroom_rl","BOTH","inv14",48,33,40,142,38,39,0.338028,0.868421,1.025641,0.000000,1.000000,10,
"classroom_rl/BOTH/parsed-file2861_inv14.als","classroom_rl","BOTH","inv14",66,33,48,157,44,44,0.420382,0.750000,1.090909,0.180000,0.820000,10,
"classroom_rl/BOTH/parsed-file2864_inv12.als","classroom_rl","BOTH","inv12",33,15,11,91,25,25,0.362637,0.600000,0.440000,0.480000,0.520000,10,
"classroom_rl/BOTH/parsed-file2880_inv14.als","classroom_rl","BOTH","inv14",62,28,47,157,44,43,0.394904,0.636364,1.093023,0.000000,1.000000,10,
"classroom_rl/BOTH/parsed-file2882_inv14.als","classroom_rl","BOTH","inv14",58,24,36,113,31,32,0.513274,0.774194,1.125000,0.240000,0.760000,10,
"classroom_rl/BOTH/parsed-file2883_inv13.als","classroom_rl","BOTH","inv13",57,22,25,99,28,27,0.575758,0.785714,0.925926,0.000000,1.000000,10,
"classroom_rl/BOTH/parsed-file2890_inv14.als","classroom_rl","BOTH","inv14",54,27,46,193,53,54,0.279793,0.509434,0.851852,0.100000,0.900000,10,
"classroom_rl/BOTH/parsed-file2892_inv14.als","classroom_rl","BOTH","inv14",62,30,30,149,44,38,0.416107,0.681818,0.789474,0.800000,0.200000,10,
"classroom_rl/BOTH/parsed-file2893_inv13.als","classroom_rl","BOTH","inv13",46,19,15,63,18,20,0.730159,1.055556,0.750000,0.040000,0.960000,10,
"classroom_rl/BOTH/parsed-file2896_inv11.als","classroom_rl","BOTH","inv11",33,16,25,115,32,33,0.286957,0.500000,0.757576,0.000000,1.000000,10,
"classroom_rl/BOTH/parsed-file2897_inv11.als","classroom_rl","BOTH","inv11",45,21,22,109,30,30,0.412844,0.700000,0.733333,0.350000,0.650000,10,
"classroom_rl/BOTH/parsed-file2898_inv14.als","classroom_rl","BOTH","inv14",41,41,32,180,48,42,0.227778,0.854167,0.761905,0.000000,1.000000,10,
"classroom_rl/BOTH/parsed-file2908_inv9.als","classroom_rl","BOTH","inv9",2,1,1,72,19,19,0.027778,0.052632,0.052632,0.030000,0.970000,10,
"classroom_rl/BOTH/parsed-file2921_inv14.als","classroom_rl","BOTH","inv14",29,41,46,179,48,42,0.162011,0.854167,1.095238,0.300000,0.700000,10,
"classroom_rl/BOTH/parsed-file2922_inv11.als","classroom_rl","BOTH","inv11",41,16,20,121,32,38,0.338843,0.500000,0.526316,0.000000,1.000000,10,
"classroom_rl/BOTH/parsed-file2923_inv11.als","classroom_rl","BOTH","inv11",42,22,23,114,32,32,0.368421,0.687500,0.718750,0.700000,0.300000,10,
"classroom_rl/BOTH/parsed-file2923_inv14.als","classroom_rl","BOTH","inv14",85,39,45,185,53,51,0.459459,0.735849,0.882353,0.300000,0.700000,10,
"classroom_rl/BOTH/parsed-file2924_inv12.als","classroom_rl","BOTH","inv12",60,31,32,144,38,36,0.416667,0.815789,0.888889,0.980392,0.019608,10,
"classroom_rl/BOTH/parsed-file2926_inv11.als","classroom_rl","BOTH","inv11",24,34,34,155,40,38,0.154839,0.850000,0.894737,0.100000,0.900000,10,
"classroom_rl/BOTH/parsed-file2933_inv11.als","classroom_rl","BOTH","inv11",8,4,20,143,38,39,0.055944,0.105263,0.512821,0.100000,0.900000,10,
"classroom_rl/BOTH/parsed-file2938_inv3.als","classroom_rl","BOTH","inv3",4,4,9,102,26,20,0.039216,0.153846,0.450000,0.980392,0.019608,10,
"classroom_rl/BOTH/parsed-file2939_inv14.als","classroom_rl","BOTH","inv14",49,18,17,67,20,19,0.731343,0.900000,0.894737,0.000000,1.000000,10,
"classroom_rl/BOTH/parsed-file2946_inv5.als","classroom_rl","BOTH","inv5",21,7,18,80,22,23,0.262500,0.318182,0.782609,0.300000,0.700000,10,
"classroom_rl/BOTH/parsed-file2958_inv4.als","classroom_rl","BOTH","inv4",2,2,6,62,16,16,0.032258,0.125000,0.375000,0.900000,0.100000,10,
"classroom_rl/BOTH/parsed-file295_inv9.als","classroom_rl","BOTH","inv9",8,5,4,51,15,14,0.156863,0.333333,0.285714,0.360000,0.640000,10,
"classroom_rl/BOTH/parsed-file2960_inv14.als","classroom_rl","BOTH","inv14",44,12,43,161,46,48,0.273292,0.260870,0.895833,0.500000,0.500000,10,
"classroom_rl/BOTH/parsed-file2964_inv13.als","classroom_rl","BOTH","inv13",47,14,11,40,11,11,1.175000,1.272727,1.000000,0.000000,1.000000,10,
"classroom_rl/BOTH/parsed-file2966_inv4.als","classroom_rl","BOTH","inv4",15,7,5,30,8,7,0.500000,0.875000,0.714286,0.000000,1.000000,10,
"classroom_rl/BOTH/parsed-file2968_inv12.als","classroom_rl","BOTH","inv12",25,12,13,78,22,20,0.320513,0.545455,0.650000,0.480000,0.520000,10,
"classroom_rl/BOTH/parsed-file2969_inv15.als","classroom_rl","BOTH","inv15",46,17,26,74,17,27,0.621622,1.000000,0.962963,0.000000,1.000000,10,
"classroom_rl/BOTH/parsed-file2970_inv11.als","classroom_rl","BOTH","inv11",60,49,25,177,47,46,0.338983,1.042553,0.543478,0.000000,1.000000,10,
"classroom_rl/BOTH/parsed-file297_inv11.als","classroom_rl","BOTH","inv11",47,19,24,122,34,34,0.385246,0.558824,0.705882,0.400000,0.600000,10,
"classroom_rl/BOTH/parsed-file2980_inv11.als","classroom_rl","BOTH","inv11",51,24,23,118,33,31,0.432203,0.727273,0.741935,0.350000,0.650000,10,
"classroom_rl/BOTH/parsed-file2986_inv13.als","classroom_rl","BOTH","inv13",51,19,24,104,30,33,0.490385,0.633333,0.727273,0.100000,0.900000,10,
"classroom_rl/BOTH/parsed-file2987_inv11.als","classroom_rl","BOTH","inv11",70,50,42,177,47,47,0.395480,1.063830,0.893617,0.000000,1.000000,10,
"classroom_rl/BOTH/parsed-file2988_inv14.als","classroom_rl","BOTH","inv14",30,12,51,157,44,47,0.191083,0.272727,1.085106,0.090000,0.910000,10,
"classroom_rl/BOTH/parsed-file2991_inv11.als","classroom_rl","BOTH","inv11",19,19,23,132,36,37,0.143939,0.527778,0.621622,0.000000,1.000000,10,
"classroom_rl/BOTH/parsed-file2994_inv14.als","classroom_rl","BOTH","inv14",61,24,36,124,33,32,0.491935,0.727273,1.125000,0.000000,1.000000,10,
"classroom_rl/BOTH/parsed-file299_inv14.als","classroom_rl","BOTH","inv14",27,6,45,157,44,47,0.171975,0.136364,0.957447,0.000000,1.000000,10,
"classroom_rl/BOTH/parsed-file29_inv11.als","classroom_rl","BOTH","inv11",56,34,25,154,40,38,0.363636,0.850000,0.657895,0.000000,1.000000,10,
"classroom_rl/BOTH/parsed-file3002_inv11.als","classroom_rl","BOTH","inv11",48,23,24,115,32,34,0.417391,0.718750,0.705882,0.000000,1.000000,10,
"classroom_rl/BOTH/parsed-file3005_inv2.als","classroom_rl","BOTH","inv2",8,2,3,40,11,11,0.200000,0.181818,0.272727,0.000000,1.000000,10,
"classroom_rl/BOTH/parsed-file3010_inv4.als","classroom_rl","BOTH","inv4",7,3,2,24,7,6,0.291667,0.428571,0.333333,0.000000,1.000000,10,
"classroom_rl/BOTH/parsed-file3011_inv13.als","classroom_rl","BOTH","inv13",7,1,1,92,24,27,0.076087,0.041667,0.037037,0.000000,1.000000,10,
"classroom_rl/BOTH/parsed-file3015_inv11.als","classroom_rl","BOTH","inv11",14,4,22,144,38,39,0.097222,0.105263,0.564103,0.100000,0.900000,10,
"classroom_rl/BOTH/parsed-file3020_inv11.als","classroom_rl","BOTH","inv11",49,19,22,99,27,26,0.494949,0.703704,0.846154,0.100000,0.900000,10,
"classroom_rl/BOTH/parsed-file3024_inv13.als","classroom_rl","BOTH","inv13",52,18,17,73,20,19,0.712329,0.900000,0.894737,0.900000,0.100000,10,
"classroom_rl/BOTH/parsed-file302_inv15.als","classroom_rl","BOTH","inv15",89,30,44,129,36,47,0.689922,0.833333,0.936170,0.000000,1.000000,10,
"classroom_rl/BOTH/parsed-file3035_inv12.als","classroom_rl","BOTH","inv12",10,3,26,133,36,38,0.075188,0.083333,0.684211,0.080000,0.920000,10,
"classroom_rl/BOTH/parsed-file3044_inv14.als","classroom_rl","BOTH","inv14",48,18,28,123,33,32,0.390244,0.545455,0.875000,0.160000,0.840000,10,
"classroom_rl/BOTH/parsed-file3045_inv8.als","classroom_rl","BOTH","inv8",4,1,27,118,30,39,0.033898,0.033333,0.692308,0.000000,1.000000,10,
"classroom_rl/BOTH/parsed-file3049_inv13.als","classroom_rl","BOTH","inv13",41,18,23,99,30,26,0.414141,0.600000,0.884615,0.090000,0.910000,10,
"classroom_rl/BOTH/parsed-file304_inv14.als","classroom_rl","BOTH","inv14",53,21,21,99,24,26,0.535354,0.875000,0.807692,0.000000,1.000000,10,
"classroom_rl/BOTH/parsed-file3061_inv11.als","classroom_rl","BOTH","inv11",55,22,27,116,32,33,0.474138,0.687500,0.818182,0.250000,0.750000,10,
"classroom_rl/BOTH/parsed-file3063_inv12.als","classroom_rl","BOTH","inv12",33,31,27,155,40,38,0.212903,0.775000,0.710526,0.600000,0.400000,10,
"classroom_rl/BOTH/parsed-file3064_inv6.als","classroom_rl","BOTH","inv6",12,10,11,61,17,18,0.196721,0.588235,0.611111,0.300000,0.700000,10,
"classroom_rl/BOTH/parsed-file3069_inv11.als","classroom_rl","BOTH","inv11",60,27,29,132,36,39,0.454545,0.750000,0.743590,0.000000,1.000000,10,
"classroom_rl/BOTH/parsed-file3075_inv12.als","classroom_rl","BOTH","inv12",40,14,19,78,23,24,0.512821,0.608696,0.791667,0.630000,0.370000,10,
"classroom_rl/BOTH/parsed-file3080_inv14.als","classroom_rl","BOTH","inv14",72,34,34,144,38,39,0.500000,0.894737,0.871795,0.060000,0.940000,10,
"classroom_rl/BOTH/parsed-file3081_inv11.als","classroom_rl","BOTH","inv11",20,32,19,148,39,42,0.135135,0.820513,0.452381,0.100000,0.900000,10,
"classroom_rl/BOTH/parsed-file3082_inv9.als","classroom_rl","BOTH","inv9",27,10,12,68,19,17,0.397059,0.526316,0.705882,0.360000,0.640000,10,
"classroom_rl/BOTH/parsed-file3083_inv9.als","classroom_rl","BOTH","inv9",22,4,18,72,19,19,0.305556,0.210526,0.947368,0.120000,0.880000,10,
"classroom_rl/BOTH/parsed-file3086_inv11.als","classroom_rl","BOTH","inv11",39,22,13,136,38,40,0.286765,0.578947,0.325000,0.320000,0.680000,10,
"classroom_rl/BOTH/parsed-file3088_inv11.als","classroom_rl","BOTH","inv11",20,7,8,135,37,37,0.148148,0.189189,0.216216,0.500000,0.500000,10,
"classroom_rl/BOTH/parsed-file308_inv12.als","classroom_rl","BOTH","inv12",10,3,28,152,40,38,0.065789,0.075000,0.736842,0.000000,1.000000,10,
"classroom_rl/BOTH/parsed-file309_inv13.als","classroom_rl","BOTH","inv13",36,14,19,80,22,19,0.450000,0.636364,1.000000,0.200000,0.800000,10,
"classroom_rl/BOTH/parsed-file3100_inv4.als","classroom_rl","BOTH","inv4",15,7,5,30,8,7,0.500000,0.875000,0.714286,0.000000,1.000000,10,
"classroom_rl/BOTH/parsed-file3101_inv5.als","classroom_rl","BOTH","inv5",6,2,17,72,19,19,0.083333,0.105263,0.894737,0.980392,0.019608,10,
"classroom_rl/BOTH/parsed-file3103_inv11.als","classroom_rl","BOTH","inv11",49,18,29,132,36,38,0.371212,0.500000,0.763158,0.100000,0.900000,10,
"classroom_rl/BOTH/parsed-file3106_inv13.als","classroom_rl","BOTH","inv13",51,17,22,97,28,22,0.525773,0.607143,1.000000,0.200000,0.800000,10,
"classroom_rl/BOTH/parsed-file3117_inv14.als","classroom_rl","BOTH","inv14",50,19,27,113,31,32,0.442478,0.612903,0.843750,0.160000,0.840000,10,
"classroom_rl/BOTH/parsed-file3125_inv14.als","classroom_rl","BOTH","inv14",33,33,47,168,46,43,0.196429,0.717391,1.093023,0.210000,0.790000,10,
"classroom_rl/BOTH/parsed-file3126_inv11.als","classroom_rl","BOTH","inv11",54,28,26,133,38,40,0.406015,0.736842,0.650000,0.500000,0.500000,10,
"classroom_rl/BOTH/parsed-file3131_inv14.als","classroom_rl","BOTH","inv14",79,29,60,212,58,65,0.372642,0.500000,0.923077,0.000000,1.000000,10,
"classroom_rl/BOTH/parsed-file3135_inv11.als","classroom_rl","BOTH","inv11",48,21,14,79,23,24,0.607595,0.913043,0.583333,0.000000,1.000000,10,
"classroom_rl/BOTH/parsed-file313_inv12.als","classroom_rl","BOTH","inv12",55,30,29,142,38,34,0.387324,0.789474,0.852941,0.270000,0.730000,10,
"classroom_rl/BOTH/parsed-file3145_inv12.als","classroom_rl","BOTH","inv12",10,3,35,154,40,39,0.064935,0.075000,0.897436,0.080000,0.920000,10,
"classroom_rl/BOTH/parsed-file3147_inv12.als","classroom_rl","BOTH","inv12",38,13,18,78,22,23,0.487179,0.590909,0.782609,0.240000,0.760000,10,
"classroom_rl/BOTH/parsed-file3149_inv15.als","classroom_rl","BOTH","inv15",91,36,36,164,43,44,0.554878,0.837209,0.818182,0.000000,1.000000,10,
"classroom_rl/BOTH/parsed-file314_inv13.als","classroom_rl","BOTH","inv13",46,20,8,93,25,24,0.494624,0.800000,0.333333,0.050000,0.950000,10,
"classroom_rl/BOTH/parsed-file3155_inv11.als","classroom_rl","BOTH","inv11",27,20,9,91,25,25,0.296703,0.800000,0.360000,0.350000,0.650000,10,
"classroom_rl/BOTH/parsed-file3163_inv14.als","classroom_rl","BOTH","inv14",14,3,25,167,46,40,0.083832,0.065217,0.625000,0.800000,0.200000,10,
"classroom_rl/BOTH/parsed-file3164_inv11.als","classroom_rl","BOTH","inv11",54,18,20,133,36,38,0.406015,0.500000,0.526316,0.000000,1.000000,10,
"classroom_rl/BOTH/parsed-file3177_inv14.als","classroom_rl","BOTH","inv14",34,28,46,165,45,42,0.206061,0.622222,1.095238,0.080000,0.920000,10,
"classroom_rl/BOTH/parsed-file317_inv11.als","classroom_rl","BOTH","inv11",41,17,15,121,34,36,0.338843,0.500000,0.416667,0.900000,0.100000,10,
"classroom_rl/BOTH/parsed-file3188_inv12.als","classroom_rl","BOTH","inv12",34,15,11,91,25,25,0.373626,0.600000,0.440000,0.480000,0.520000,10,
"classroom_rl/BOTH/parsed-file3191_inv9.als","classroom_rl","BOTH","inv9",4,1,12,71,19,18,0.056338,0.052632,0.666667,0.300000,0.700000,10,
"classroom_rl/BOTH/parsed-file3192_inv4.als","classroom_rl","BOTH","inv4",7,4,9,62,16,17,0.112903,0.250000,0.529412,0.000000,1.000000,10,
"classroom_rl/BOTH/parsed-file3195_inv15.als","classroom_rl","BOTH","inv15",95,41,38,187,48,46,0.508021,0.854167,0.826087,0.000000,1.000000,10,
"classroom_rl/BOTH/parsed-file3198_inv6.als","classroom_rl","BOTH","inv6",16,12,14,60,17,18,0.266667,0.705882,0.777778,0.000000,1.000000,10,
"classroom_rl/BOTH/parsed-file3202_inv5.als","classroom_rl","BOTH","inv5",14,5,6,43,12,12,0.325581,0.416667,0.500000,0.000000,1.000000,10,
"classroom_rl/BOTH/parsed-file3203_inv15.als","classroom_rl","BOTH","inv15",98,48,56,209,58,64,0.468900,0.827586,0.875000,0.120000,0.880000,10,
"classroom_rl/BOTH/parsed-file3204_inv14.als","classroom_rl","BOTH","inv14",55,33,48,168,46,44,0.327381,0.717391,1.090909,0.100000,0.900000,10,
"classroom_rl/BOTH/parsed-file3215_inv3.als","classroom_rl","BOTH","inv3",8,8,5,21,6,7,0.380952,1.333333,0.714286,0.980392,0.019608,10,
"classroom_rl/BOTH/parsed-file3226_inv14.als","classroom_rl","BOTH","inv14",59,26,29,91,25,25,0.648352,1.040000,1.160000,0.320000,0.680000,10,
"classroom_rl/BOTH/parsed-file3229_inv14.als","classroom_rl","BOTH","inv14",37,11,43,161,46,48,0.229814,0.239130,0.895833,0.000000,1.000000,10,
"classroom_rl/BOTH/parsed-file3230_inv8.als","classroom_rl","BOTH","inv8",6,2,9,71,19,18,0.084507,0.105263,0.500000,0.000000,1.000000,10,
"classroom_rl/BOTH/parsed-file3232_inv12.als","classroom_rl","BOTH","inv12",37,18,30,132,36,39,0.280303,0.500000,0.769231,0.000000,1.000000,10,
"classroom_rl/BOTH/parsed-file3234_inv12.als","classroom_rl","BOTH","inv12",43,20,19,101,27,25,0.425743,0.740741,0.760000,0.630000,0.370000,10,
"classroom_rl/BOTH/parsed-file323_inv14.als","classroom_rl","BOTH","inv14",24,7,42,157,44,47,0.152866,0.159091,0.893617,0.000000,1.000000,10,
"classroom_rl/BOTH/parsed-file3241_inv7.als","classroom_rl","BOTH","inv7",16,5,6,42,12,12,0.380952,0.416667,0.500000,0.000000,1.000000,10,
"classroom_rl/BOTH/parsed-file3248_inv13.als","classroom_rl","BOTH","inv13",6,3,25,93,24,28,0.064516,0.125000,0.892857,0.000000,1.000000,10,
"classroom_rl/BOTH/parsed-file324_inv4.als","classroom_rl","BOTH","inv4",31,13,9,58,14,11,0.534483,0.928571,0.818182,0.000000,1.000000,10,
"classroom_rl/BOTH/parsed-file3254_inv11.als","classroom_rl","BOTH","inv11",14,4,22,144,38,39,0.097222,0.105263,0.564103,0.100000,0.900000,10,
"classroom_rl/BOTH/parsed-file3255_inv12.als","classroom_rl","BOTH","inv12",43,15,18,87,23,24,0.494253,0.652174,0.750000,0.270000,0.730000,10,
"classroom_rl/BOTH/parsed-file3257_inv12.als","classroom_rl","BOTH","inv12",22,8,23,127,34,34,0.173228,0.235294,0.676471,0.100000,0.900000,10,
"classroom_rl/BOTH/parsed-file3258_inv4.als","classroom_rl","BOTH","inv4",7,3,2,24,7,6,0.291667,0.428571,0.333333,0.000000,1.000000,10,
"classroom_rl/BOTH/parsed-file3262_inv11.als","classroom_rl","BOTH","inv11",33,19,13,57,16,17,0.578947,1.187500,0.764706,0.000000,1.000000,10,
"classroom_rl/BOTH/parsed-file3265_inv12.als","classroom_rl","BOTH","inv12",32,15,14,38,14,10,0.842105,1.071429,1.400000,0.480000,0.520000,10,
"classroom_rl/BOTH/parsed-file3269_inv11.als","classroom_rl","BOTH","inv11",19,10,16,144,38,39,0.131944,0.263158,0.410256,0.000000,1.000000,10,
"classroom_rl/BOTH/parsed-file3275_inv12.als","classroom_rl","BOTH","inv12",10,3,28,152,40,38,0.065789,0.075000,0.736842,0.000000,1.000000,10,
"classroom_rl/BOTH/parsed-file3277_inv11.als","classroom_rl","BOTH","inv11",67,34,30,155,40,38,0.432258,0.850000,0.789474,0.000000,1.000000,10,
"classroom_rl/BOTH/parsed-file3280_inv12.als","classroom_rl","BOTH","inv12",36,12,19,90,25,26,0.400000,0.480000,0.730769,0.630000,0.370000,10,
"classroom_rl/BOTH/parsed-file3281_inv14.als","classroom_rl","BOTH","inv14",62,31,42,152,39,38,0.407895,0.794872,1.105263,0.200000,0.800000,10,
"classroom_rl/BOTH/parsed-file3282_inv13.als","classroom_rl","BOTH","inv13",61,26,27,105,32,29,0.580952,0.812500,0.931034,0.100000,0.900000,10,
"classroom_rl/BOTH/parsed-file3283_inv15.als","classroom_rl","BOTH","inv15",60,23,29,99,26,31,0.606061,0.884615,0.935484,0.100000,0.900000,10,
"classroom_rl/BOTH/parsed-file3285_inv14.als","classroom_rl","BOTH","inv14",61,24,36,124,33,32,0.491935,0.727273,1.125000,0.200000,0.800000,10,
"classroom_rl/BOTH/parsed-file328_inv11.als","classroom_rl","BOTH","inv11",14,4,22,144,38,39,0.097222,0.105263,0.564103,0.100000,0.900000,10,
"classroom_rl/BOTH/parsed-file3296_inv14.als","classroom_rl","BOTH","inv14",45,44,45,178,48,47,0.252809,0.916667,0.957447,0.000000,1.000000,10,
"classroom_rl/BOTH/parsed-file3300_inv11.als","classroom_rl","BOTH","inv11",27,20,23,133,36,37,0.203008,0.555556,0.621622,0.000000,1.000000,10,
"classroom_rl/BOTH/parsed-file3301_inv12.als","classroom_rl","BOTH","inv12",27,14,16,78,22,20,0.346154,0.636364,0.800000,0.630000,0.370000,10,
"classroom_rl/BOTH/parsed-file3305_inv14.als","classroom_rl","BOTH","inv14",52,22,23,102,26,28,0.509804,0.846154,0.821429,0.000000,1.000000,10,
"classroom_rl/BOTH/parsed-file3307_inv3.als","classroom_rl","BOTH","inv3",8,4,3,30,9,7,0.266667,0.444444,0.428571,0.980392,0.019608,10,
"classroom_rl/BOTH/parsed-file3318_inv14.als","classroom_rl","BOTH","inv14",12,12,4,141,40,43,0.085106,0.300000,0.093023,0.180000,0.820000,10,
"classroom_rl/BOTH/parsed-file3319_inv5.als","classroom_rl","BOTH","inv5",12,3,14,60,17,18,0.200000,0.176471,0.777778,0.000000,1.000000,10,
"classroom_rl/BOTH/parsed-file3320_inv8.als","classroom_rl","BOTH","inv8",12,7,27,112,30,39,0.107143,0.233333,0.692308,0.000000,1.000000,10,
"classroom_rl/BOTH/parsed-file3322_inv13.als","classroom_rl","BOTH","inv13",43,12,8,51,16,12,0.843137,0.750000,0.666667,0.100000,0.900000,10,
"classroom_rl/BOTH/parsed-file3330_inv14.als","classroom_rl","BOTH","inv14",52,33,45,156,44,44,0.333333,0.750000,1.022727,0.240000,0.760000,10,
"classroom_rl/BOTH/parsed-file3333_inv14.als","classroom_rl","BOTH","inv14",66,29,32,124,37,34,0.532258,0.783784,0.941176,0.600000,0.400000,10,
"classroom_rl/BOTH/parsed-file3342_inv11.als","classroom_rl","BOTH","inv11",8,5,20,143,38,39,0.055944,0.131579,0.512821,0.100000,0.900000,10,
"classroom_rl/BOTH/parsed-file3343_inv12.als","classroom_rl","BOTH","inv12",28,32,29,155,40,34,0.180645,0.800000,0.852941,0.980392,0.019608,10,
"classroom_rl/BOTH/parsed-file3348_inv7.als","classroom_rl","BOTH","inv7",12,6,6,60,17,18,0.200000,0.352941,0.333333,0.980392,0.019608,10,
"classroom_rl/BOTH/parsed-file334_inv15.als","classroom_rl","BOTH","inv15",93,45,56,177,51,61,0.525424,0.882353,0.918033,0.100000,0.900000,10,
"classroom_rl/BOTH/parsed-file3360_inv9.als","classroom_rl","BOTH","inv9",4,1,26,118,30,39,0.033898,0.033333,0.666667,0.000000,1.000000,10,
"classroom_rl/BOTH/parsed-file3365_inv14.als","classroom_rl","BOTH","inv14",72,36,48,190,56,53,0.378947,0.642857,0.905660,0.300000,0.700000,10,
"classroom_rl/BOTH/parsed-file3367_inv12.als","classroom_rl","BOTH","inv12",31,14,12,61,17,18,0.508197,0.823529,0.666667,0.270000,0.730000,10,
"classroom_rl/BOTH/parsed-file3371_inv9.als","classroom_rl","BOTH","inv9",21,7,8,45,12,12,0.466667,0.583333,0.666667,0.360000,0.640000,10,
"classroom_rl/BOTH/parsed-file3373_inv13.als","classroom_rl","BOTH","inv13",41,18,17,53,16,15,0.773585,1.125000,1.133333,0.000000,1.000000,10,
"classroom_rl/BOTH/parsed-file3375_inv12.als","classroom_rl","BOTH","inv12",42,16,19,91,25,25,0.461538,0.640000,0.760000,0.630000,0.370000,10,
"classroom_rl/BOTH/parsed-file3377_inv11.als","classroom_rl","BOTH","inv11",36,15,9,42,12,12,0.857143,1.250000,0.750000,0.000000,1.000000,10,
"classroom_rl/BOTH/parsed-file3378_inv12.als","classroom_rl","BOTH","inv12",47,34,31,155,40,36,0.303226,0.850000,0.861111,0.700000,0.300000,10,
"classroom_rl/BOTH/parsed-file3383_inv12.als","classroom_rl","BOTH","inv12",45,33,27,154,40,38,0.292208,0.825000,0.710526,0.080000,0.920000,10,
"classroom_rl/BOTH/parsed-file3396_inv11.als","classroom_rl","BOTH","inv11",49,34,30,155,40,38,0.316129,0.850000,0.789474,0.100000,0.900000,10,
"classroom_rl/BOTH/parsed-file3398_inv8.als","classroom_rl","BOTH","inv8",8,2,34,119,30,38,0.067227,0.066667,0.894737,0.000000,1.000000,10,
"classroom_rl/BOTH/parsed-file339_inv11.als","classroom_rl","BOTH","inv11",45,17,14,121,34,36,0.371901,0.500000,0.388889,0.900000,0.100000,10,
"classroom_rl/BOTH/parsed-file339_inv14.als","classroom_rl","BOTH","inv14",50,20,24,113,31,29,0.442478,0.645161,0.827586,0.160000,0.840000,10,
"classroom_rl/BOTH/parsed-file33_inv12.als","classroom_rl","BOTH","inv12",22,25,30,122,34,36,0.180328,0.735294,0.833333,0.000000,1.000000,10,
"classroom_rl/BOTH/parsed-file3401_inv11.als","classroom_rl","BOTH","inv11",53,18,18,110,30,31,0.481818,0.600000,0.580645,0.100000,0.900000,10,
"classroom_rl/BOTH/parsed-file3417_inv8.als","classroom_rl","BOTH","inv8",6,2,14,73,19,18,0.082192,0.105263,0.777778,0.000000,1.000000,10,
"classroom_rl/BOTH/parsed-file3426_inv4.als","classroom_rl","BOTH","inv4",2,2,6,61,16,16,0.032787,0.125000,0.375000,0.900000,0.100000,10,
"classroom_rl/BOTH/parsed-file3427_inv14.als","classroom_rl","BOTH","inv14",49,18,17,67,20,19,0.731343,0.900000,0.894737,0.000000,1.000000,10,
"classroom_rl/BOTH/parsed-file342_inv14.als","classroom_rl","BOTH","inv14",56,25,21,131,36,37,0.427481,0.694444,0.567568,0.000000,1.000000,10,
"classroom_rl/BOTH/parsed-file3434_inv3.als","classroom_rl","BOTH","inv3",8,4,3,30,9,7,0.266667,0.444444,0.428571,0.980392,0.019608,10,
"classroom_rl/BOTH/parsed-file3437_inv11.als","classroom_rl","BOTH","inv11",46,18,15,121,34,36,0.380165,0.529412,0.416667,0.600000,0.400000,10,
"classroom_rl/BOTH/parsed-file3440_inv11.als","classroom_rl","BOTH","inv11",20,33,20,154,40,39,0.129870,0.825000,0.512821,0.100000,0.900000,10,
"classroom_rl/BOTH/parsed-file3446_inv12.als","classroom_rl","BOTH","inv12",50,19,24,108,29,30,0.462963,0.655172,0.800000,0.000000,1.000000,10,
"classroom_rl/BOTH/parsed-file3448_inv11.als","classroom_rl","BOTH","inv11",61,22,23,122,34,34,0.500000,0.647059,0.676471,0.900000,0.100000,10,
"classroom_rl/BOTH/parsed-file3449_inv15.als","classroom_rl","BOTH","inv15",96,58,53,214,62,57,0.448598,0.935484,0.929825,0.000000,1.000000,10,
"classroom_rl/BOTH/parsed-file3460_inv14.als","classroom_rl","BOTH","inv14",51,19,26,107,30,29,0.476636,0.633333,0.896552,0.000000,1.000000,10,
"classroom_rl/BOTH/parsed-file3461_inv4.als","classroom_rl","BOTH","inv4",8,4,3,24,7,6,0.333333,0.571429,0.500000,0.900000,0.100000,10,
"classroom_rl/BOTH/parsed-file3466_inv8.als","classroom_rl","BOTH","inv8",4,1,27,118,30,39,0.033898,0.033333,0.692308,0.000000,1.000000,10,
"classroom_rl/BOTH/parsed-file3469_inv11.als","classroom_rl","BOTH","inv11",27,20,9,91,25,25,0.296703,0.800000,0.360000,0.350000,0.650000,10,
"classroom_rl/BOTH/parsed-file3470_inv11.als","classroom_rl","BOTH","inv11",59,19,22,136,38,39,0.433824,0.500000,0.564103,0.100000,0.900000,10,
"classroom_rl/BOTH/parsed-file3472_inv11.als","classroom_rl","BOTH","inv11",39,17,16,90,25,26,0.433333,0.680000,0.615385,0.000000,1.000000,10,
"classroom_rl/BOTH/parsed-file3474_inv11.als","classroom_rl","BOTH","inv11",56,26,33,131,36,39,0.427481,0.722222,0.846154,0.100000,0.900000,10,
"classroom_rl/BOTH/parsed-file3475_inv14.als","classroom_rl","BOTH","inv14",35,15,40,168,46,48,0.208333,0.326087,0.833333,0.100000,0.900000,10,
"classroom_rl/BOTH/parsed-file3476_inv11.als","classroom_rl","BOTH","inv11",54,18,16,135,36,38,0.400000,0.500000,0.421053,0.240000,0.760000,10,
"classroom_rl/BOTH/parsed-file3477_inv15.als","classroom_rl","BOTH","inv15",107,38,46,166,44,50,0.644578,0.863636,0.920000,0.600000,0.400000,10,
"classroom_rl/BOTH/parsed-file3486_inv4.als","classroom_rl","BOTH","inv4",2,2,8,63,18,18,0.031746,0.111111,0.444444,0.900000,0.100000,10,
"classroom_rl/BOTH/parsed-file3491_inv14.als","classroom_rl","BOTH","inv14",52,22,23,112,30,34,0.464286,0.733333,0.676471,0.180000,0.820000,10,
"classroom_rl/BOTH/parsed-file3495_inv12.als","classroom_rl","BOTH","inv12",50,19,24,108,29,30,0.462963,0.655172,0.800000,0.000000,1.000000,10,
"classroom_rl/BOTH/parsed-file3497_inv11.als","classroom_rl","BOTH","inv11",44,46,42,146,40,41,0.301370,1.150000,1.024390,0.000000,1.000000,10,
"classroom_rl/BOTH/parsed-file3498_inv4.als","classroom_rl","BOTH","inv4",4,3,9,62,16,17,0.064516,0.187500,0.529412,0.000000,1.000000,10,
"classroom_rl/BOTH/parsed-file3502_inv7.als","classroom_rl","BOTH","inv7",18,3,11,71,19,18,0.253521,0.157895,0.611111,0.980392,0.019608,10,
"classroom_rl/BOTH/parsed-file3503_inv11.als","classroom_rl","BOTH","inv11",38,12,14,132,36,37,0.287879,0.333333,0.378378,0.000000,1.000000,10,
"classroom_rl/BOTH/parsed-file3507_inv15.als","classroom_rl","BOTH","inv15",4,4,3,74,21,20,0.054054,0.190476,0.150000,0.000000,1.000000,10,
"classroom_rl/BOTH/parsed-file3511_inv13.als","classroom_rl","BOTH","inv13",48,15,26,88,26,28,0.545455,0.576923,0.928571,0.000000,1.000000,10,
"classroom_rl/BOTH/parsed-file3514_inv8.als","classroom_rl","BOTH","inv8",13,5,6,117,30,37,0.111111,0.166667,0.162162,0.000000,1.000000,10,
"classroom_rl/BOTH/parsed-file3523_inv12.als","classroom_rl","BOTH","inv12",26,14,24,116,32,33,0.224138,0.437500,0.727273,0.000000,1.000000,10,
"classroom_rl/BOTH/parsed-file3534_inv11.als","classroom_rl","BOTH","inv11",43,17,19,116,32,33,0.370690,0.531250,0.575758,0.700000,0.300000,10,
"classroom_rl/BOTH/parsed-file3549_inv13.als","classroom_rl","BOTH","inv13",4,1,25,93,24,28,0.043011,0.041667,0.892857,0.000000,1.000000,10,
"classroom_rl/BOTH/parsed-file354_inv11.als","classroom_rl","BOTH","inv11",71,43,16,177,47,3,0.401130,0.914894,5.333333,0.000000,1.000000,10,
"classroom_rl/BOTH/parsed-file3555_inv11.als","classroom_rl","BOTH","inv11",14,4,22,144,38,39,0.097222,0.105263,0.564103,0.100000,0.900000,10,
"classroom_rl/BOTH/parsed-file3560_inv13.als","classroom_rl","BOTH","inv13",45,19,15,63,18,18,0.714286,1.055556,0.833333,0.540000,0.460000,10,
"classroom_rl/BOTH/parsed-file3562_inv14.als","classroom_rl","BOTH","inv14",34,11,42,161,46,48,0.211180,0.239130,0.875000,0.000000,1.000000,10,
"classroom_rl/BOTH/parsed-file3563_inv12.als","classroom_rl","BOTH","inv12",45,37,31,173,45,42,0.260116,0.822222,0.738095,0.070000,0.930000,10,
"classroom_rl/BOTH/parsed-file3564_inv11.als","classroom_rl","BOTH","inv11",25,33,22,154,40,39,0.162338,0.825000,0.564103,0.500000,0.500000,10,
"classroom_rl/BOTH/parsed-file3574_inv5.als","classroom_rl","BOTH","inv5",29,10,12,58,16,15,0.500000,0.625000,0.800000,0.000000,1.000000,10,
"classroom_rl/BOTH/parsed-file3577_inv7.als","classroom_rl","BOTH","inv7",4,1,12,73,19,18,0.054795,0.052632,0.666667,0.200000,0.800000,10,
"classroom_rl/BOTH/parsed-file3578_inv15.als","classroom_rl","BOTH","inv15",106,37,38,175,48,43,0.605714,0.770833,0.883721,0.200000,0.800000,10,
"classroom_rl/BOTH/parsed-file3584_inv12.als","classroom_rl","BOTH","inv12",18,28,30,131,36,36,0.137405,0.777778,0.833333,0.000000,1.000000,10,
"classroom_rl/BOTH/parsed-file3585_inv11.als","classroom_rl","BOTH","inv11",34,18,16,89,24,24,0.382022,0.750000,0.666667,0.100000,0.900000,10,
"classroom_rl/BOTH/parsed-file3598_inv15.als","classroom_rl","BOTH","inv15",34,18,20,104,29,26,0.326923,0.620690,0.769231,0.500000,0.500000,10,
"classroom_rl/BOTH/parsed-file3602_inv14.als","classroom_rl","BOTH","inv14",41,41,32,180,48,42,0.227778,0.854167,0.761905,0.000000,1.000000,10,
"classroom_rl/BOTH/parsed-file3610_inv11.als","classroom_rl","BOTH","inv11",54,18,20,133,36,38,0.406015,0.500000,0.526316,0.000000,1.000000,10,
"classroom_rl/BOTH/parsed-file3614_inv11.als","classroom_rl","BOTH","inv11",52,34,29,154,40,38,0.337662,0.850000,0.763158,0.100000,0.900000,10,
"classroom_rl/BOTH/parsed-file3620_inv14.als","classroom_rl","BOTH","inv14",44,26,40,156,44,44,0.282051,0.590909,0.909091,0.240000,0.760000,10,
"classroom_rl/BOTH/parsed-file3624_inv11.als","classroom_rl","BOTH","inv11",54,26,33,131,36,39,0.412214,0.722222,0.846154,0.100000,0.900000,10,
"classroom_rl/BOTH/parsed-file3625_inv14.als","classroom_rl","BOTH","inv14",56,24,27,113,31,32,0.495575,0.774194,0.843750,0.200000,0.800000,10,
"classroom_rl/BOTH/parsed-file3637_inv12.als","classroom_rl","BOTH","inv12",22,28,26,133,36,37,0.165414,0.777778,0.702703,0.000000,1.000000,10,
"classroom_rl/BOTH/parsed-file3641_inv14.als","classroom_rl","BOTH","inv14",31,7,45,157,44,47,0.197452,0.159091,0.957447,0.000000,1.000000,10,
"classroom_rl/BOTH/parsed-file3648_inv12.als","classroom_rl","BOTH","inv12",14,4,29,154,40,40,0.090909,0.100000,0.725000,0.080000,0.920000,10,
"classroom_rl/BOTH/parsed-file3652_inv11.als","classroom_rl","BOTH","inv11",54,26,33,131,36,39,0.412214,0.722222,0.846154,0.100000,0.900000,10,
"classroom_rl/BOTH/parsed-file3654_inv11.als","classroom_rl","BOTH","inv11",32,13,16,133,36,38,0.240602,0.361111,0.421053,0.400000,0.600000,10,
"classroom_rl/BOTH/parsed-file365_inv11.als","classroom_rl","BOTH","inv11",36,15,15,105,30,31,0.342857,0.500000,0.483871,0.600000,0.400000,10,
"classroom_rl/BOTH/parsed-file3661_inv11.als","classroom_rl","BOTH","inv11",42,20,21,98,27,25,0.428571,0.740741,0.840000,0.100000,0.900000,10,
"classroom_rl/BOTH/parsed-file3664_inv11.als","classroom_rl","BOTH","inv11",59,21,20,132,36,36,0.446970,0.583333,0.555556,0.400000,0.600000,10,
"classroom_rl/BOTH/parsed-file3671_inv9.als","classroom_rl","BOTH","inv9",35,16,9,28,9,7,1.250000,1.777778,1.285714,0.000000,1.000000,10,
"classroom_rl/BOTH/parsed-file3675_inv12.als","classroom_rl","BOTH","inv12",48,25,37,171,46,47,0.280702,0.543478,0.787234,0.100000,0.900000,10,
"classroom_rl/BOTH/parsed-file3675_inv14.als","classroom_rl","BOTH","inv14",40,37,33,167,44,41,0.239521,0.840909,0.804878,0.000000,1.000000,10,
"classroom_rl/BOTH/parsed-file3679_inv14.als","classroom_rl","BOTH","inv14",35,38,43,178,48,47,0.196629,0.791667,0.914894,0.000000,1.000000,10,
"classroom_rl/BOTH/parsed-file3694_inv12.als","classroom_rl","BOTH","inv12",10,3,33,154,40,38,0.064935,0.075000,0.868421,0.000000,1.000000,10,
"classroom_rl/BOTH/parsed-file3695_inv11.als","classroom_rl","BOTH","inv11",45,19,19,122,34,36,0.368852,0.558824,0.527778,0.400000,0.600000,10,
"classroom_rl/BOTH/parsed-file3701_inv14.als","classroom_rl","BOTH","inv14",54,18,24,109,31,30,0.495413,0.580645,0.800000,0.000000,1.000000,10,
"classroom_rl/BOTH/parsed-file3702_inv14.als","classroom_rl","BOTH","inv14",58,29,25,118,32,29,0.491525,0.906250,0.862069,0.000000,1.000000,10,
"classroom_rl/BOTH/parsed-file3707_inv2.als","classroom_rl","BOTH","inv2",12,3,3,17,5,5,0.705882,0.600000,0.600000,0.000000,1.000000,10,
"classroom_rl/BOTH/parsed-file3708_inv14.als","classroom_rl","BOTH","inv14",10,2,42,159,44,47,0.062893,0.045455,0.893617,0.000000,1.000000,10,
"classroom_rl/BOTH/parsed-file3710_inv14.als","classroom_rl","BOTH","inv14",47,33,45,166,46,44,0.283133,0.717391,1.022727,0.000000,1.000000,10,
"classroom_rl/BOTH/parsed-file3713_inv11.als","classroom_rl","BOTH","inv11",33,20,13,91,25,25,0.362637,0.800000,0.520000,0.350000,0.650000,10,
"classroom_rl/BOTH/parsed-file3715_inv11.als","classroom_rl","BOTH","inv11",47,25,25,121,32,31,0.388430,0.781250,0.806452,0.100000,0.900000,10,
"classroom_rl/BOTH/parsed-file3719_inv11.als","classroom_rl","BOTH","inv11",61,24,28,123,34,39,0.495935,0.705882,0.717949,0.000000,1.000000,10,
"classroom_rl/BOTH/parsed-file3725_inv12.als","classroom_rl","BOTH","inv12",10,3,27,133,36,38,0.075188,0.083333,0.710526,0.080000,0.920000,10,
"classroom_rl/BOTH/parsed-file3727_inv12.als","classroom_rl","BOTH","inv12",29,28,25,142,38,36,0.204225,0.736842,0.694444,0.000000,1.000000,10,
"classroom_rl/BOTH/parsed-file3729_inv12.als","classroom_rl","BOTH","inv12",60,30,36,132,37,38,0.454545,0.810811,0.947368,0.100000,0.900000,10,
"classroom_rl/BOTH/parsed-file3733_inv2.als","classroom_rl","BOTH","inv2",8,3,2,19,6,5,0.421053,0.500000,0.400000,0.000000,1.000000,10,
"classroom_rl/BOTH/parsed-file3738_inv6.als","classroom_rl","BOTH","inv6",4,1,11,71,19,18,0.056338,0.052632,0.611111,0.300000,0.700000,10,
"classroom_rl/BOTH/parsed-file3739_inv4.als","classroom_rl","BOTH","inv4",1,1,3,62,16,15,0.016129,0.062500,0.200000,0.000000,1.000000,10,
"classroom_rl/BOTH/parsed-file3740_inv14.als","classroom_rl","BOTH","inv14",50,32,45,167,46,44,0.299401,0.695652,1.022727,0.160000,0.840000,10,
"classroom_rl/BOTH/parsed-file3741_inv12.als","classroom_rl","BOTH","inv12",6,2,29,153,40,40,0.039216,0.050000,0.725000,0.080000,0.920000,10,
"classroom_rl/BOTH/parsed-file3747_inv12.als","classroom_rl","BOTH","inv12",54,30,36,151,41,42,0.357616,0.731707,0.857143,0.270000,0.730000,10,
"classroom_rl/BOTH/parsed-file3751_inv4.als","classroom_rl","BOTH","inv4",4,3,9,62,16,17,0.064516,0.187500,0.529412,0.000000,1.000000,10,
"classroom_rl/BOTH/parsed-file3759_inv15.als","classroom_rl","BOTH","inv15",49,23,15,46,17,9,1.065217,1.352941,1.666667,0.980392,0.019608,10,
"classroom_rl/BOTH/parsed-file3764_inv7.als","classroom_rl","BOTH","inv7",12,12,10,61,17,18,0.196721,0.705882,0.555556,0.980392,0.019608,10,
"classroom_rl/BOTH/parsed-file3776_inv11.als","classroom_rl","BOTH","inv11",54,20,19,105,30,31,0.514286,0.666667,0.612903,0.200000,0.800000,10,
"classroom_rl/BOTH/parsed-file3782_inv11.als","classroom_rl","BOTH","inv11",69,28,31,142,38,43,0.485915,0.736842,0.720930,0.000000,1.000000,10,
"classroom_rl/BOTH/parsed-file3783_inv12.als","classroom_rl","BOTH","inv12",43,22,25,111,30,31,0.387387,0.733333,0.806452,0.000000,1.000000,10,
"classroom_rl/BOTH/parsed-file378_inv14.als","classroom_rl","BOTH","inv14",27,32,44,167,46,43,0.161677,0.695652,1.023256,0.500000,0.500000,10,
"classroom_rl/BOTH/parsed-file3793_inv12.als","classroom_rl","BOTH","inv12",49,34,34,155,40,39,0.316129,0.850000,0.871795,0.080000,0.920000,10,
"classroom_rl/BOTH/parsed-file3794_inv15.als","classroom_rl","BOTH","inv15",33,15,14,67,20,15,0.492537,0.750000,0.933333,0.000000,1.000000,10,
"classroom_rl/BOTH/parsed-file3796_inv4.als","classroom_rl","BOTH","inv4",1,1,6,53,14,14,0.018868,0.071429,0.428571,0.000000,1.000000,10,
"classroom_rl/BOTH/parsed-file3799_inv4.als","classroom_rl","BOTH","inv4",8,4,3,24,7,6,0.333333,0.571429,0.500000,0.900000,0.100000,10,
"classroom_rl/BOTH/parsed-file379_inv12.als","classroom_rl","BOTH","inv12",42,18,18,80,23,24,0.525000,0.782609,0.750000,0.630000,0.370000,10,
"classroom_rl/BOTH/parsed-file3804_inv14.als","classroom_rl","BOTH","inv14",21,5,26,155,44,44,0.135484,0.113636,0.590909,0.000000,1.000000,10,
"classroom_rl/BOTH/parsed-file3805_inv5.als","classroom_rl","BOTH","inv5",32,9,23,91,25,25,0.351648,0.360000,0.920000,0.350000,0.650000,10,
"classroom_rl/BOTH/parsed-file3809_inv12.als","classroom_rl","BOTH","inv12",44,20,19,103,27,24,0.427184,0.740741,0.791667,0.000000,1.000000,10,
"classroom_rl/BOTH/parsed-file3810_inv11.als","classroom_rl","BOTH","inv11",50,22,23,132,36,39,0.378788,0.611111,0.589744,0.000000,1.000000,10,
"classroom_rl/BOTH/parsed-file3811_inv11.als","classroom_rl","BOTH","inv11",41,20,13,91,25,25,0.450549,0.800000,0.520000,0.350000,0.650000,10,
"classroom_rl/BOTH/parsed-file3813_inv9.als","classroom_rl","BOTH","inv9",33,16,9,24,7,6,1.375000,2.285714,1.500000,0.360000,0.640000,10,
"classroom_rl/BOTH/parsed-file3815_inv14.als","classroom_rl","BOTH","inv14",74,38,33,156,42,39,0.474359,0.904762,0.846154,0.000000,1.000000,10,
"classroom_rl/BOTH/parsed-file3816_inv14.als","classroom_rl","BOTH","inv14",23,12,51,157,44,47,0.146497,0.272727,1.085106,0.000000,1.000000,10,
"classroom_rl/BOTH/parsed-file3820_inv12.als","classroom_rl","BOTH","inv12",14,28,23,132,36,37,0.106061,0.777778,0.621622,0.000000,1.000000,10,
"classroom_rl/BOTH/parsed-file3830_inv3.als","classroom_rl","BOTH","inv3",7,8,5,20,6,7,0.350000,1.333333,0.714286,0.980392,0.019608,10,
"classroom_rl/BOTH/parsed-file3840_inv4.als","classroom_rl","BOTH","inv4",4,3,9,62,16,17,0.064516,0.187500,0.529412,0.000000,1.000000,10,
"classroom_rl/BOTH/parsed-file3841_inv12.als","classroom_rl","BOTH","inv12",34,15,11,91,25,25,0.373626,0.600000,0.440000,0.480000,0.520000,10,
"classroom_rl/BOTH/parsed-file3841_inv15.als","classroom_rl","BOTH","inv15",60,22,15,117,30,25,0.512821,0.733333,0.600000,0.500000,0.500000,10,
"classroom_rl/BOTH/parsed-file384_inv11.als","classroom_rl","BOTH","inv11",46,18,18,142,38,34,0.323944,0.473684,0.529412,0.000000,1.000000,10,
"classroom_rl/BOTH/parsed-file3850_inv14.als","classroom_rl","BOTH","inv14",18,4,30,168,46,40,0.107143,0.086957,0.750000,0.800000,0.200000,10,
"classroom_rl/BOTH/parsed-file3853_inv8.als","classroom_rl","BOTH","inv8",13,6,32,124,30,44,0.104839,0.200000,0.727273,0.000000,1.000000,10,
"classroom_rl/BOTH/parsed-file3861_inv13.als","classroom_rl","BOTH","inv13",51,17,17,72,20,18,0.708333,0.850000,0.944444,0.900000,0.100000,10,
"classroom_rl/BOTH/parsed-file3862_inv14.als","classroom_rl","BOTH","inv14",82,36,41,170,49,46,0.482353,0.734694,0.891304,0.300000,0.700000,10,
"classroom_rl/BOTH/parsed-file3873_inv4.als","classroom_rl","BOTH","inv4",4,3,9,62,16,17,0.064516,0.187500,0.529412,0.000000,1.000000,10,
"classroom_rl/BOTH/parsed-file3883_inv2.als","classroom_rl","BOTH","inv2",8,3,5,19,6,7,0.421053,0.500000,0.714286,0.000000,1.000000,10,
"classroom_rl/BOTH/parsed-file3894_inv14.als","classroom_rl","BOTH","inv14",63,38,42,154,41,38,0.409091,0.926829,1.105263,0.060000,0.940000,10,
"classroom_rl/BOTH/parsed-file3895_inv15.als","classroom_rl","BOTH","inv15",26,12,10,45,12,11,0.577778,1.000000,0.909091,0.000000,1.000000,10,
"classroom_rl/BOTH/parsed-file3896_inv11.als","classroom_rl","BOTH","inv11",8,23,16,143,38,36,0.055944,0.605263,0.444444,0.900000,0.100000,10,
"classroom_rl/BOTH/parsed-file3909_inv13.als","classroom_rl","BOTH","inv13",41,14,23,97,28,26,0.422680,0.500000,0.884615,0.090000,0.910000,10,
"classroom_rl/BOTH/parsed-file3922_inv6.als","classroom_rl","BOTH","inv6",4,1,11,71,19,18,0.056338,0.052632,0.611111,0.300000,0.700000,10,
"classroom_rl/BOTH/parsed-file3924_inv12.als","classroom_rl","BOTH","inv12",10,3,27,133,36,38,0.075188,0.083333,0.710526,0.600000,0.400000,10,
"classroom_rl/BOTH/parsed-file3928_inv11.als","classroom_rl","BOTH","inv11",41,20,15,91,25,25,0.450549,0.800000,0.600000,0.000000,1.000000,10,
"classroom_rl/BOTH/parsed-file3934_inv14.als","classroom_rl","BOTH","inv14",28,29,34,155,43,40,0.180645,0.674419,0.850000,0.000000,1.000000,10,
"classroom_rl/BOTH/parsed-file3936_inv15.als","classroom_rl","BOTH","inv15",96,57,66,218,64,72,0.440367,0.890625,0.916667,0.600000,0.400000,10,
"classroom_rl/BOTH/parsed-file3941_inv14.als","classroom_rl","BOTH","inv14",33,28,46,165,45,42,0.200000,0.622222,1.095238,0.000000,1.000000,10,
"classroom_rl/BOTH/parsed-file3947_inv11.als","classroom_rl","BOTH","inv11",29,20,33,134,36,37,0.216418,0.555556,0.891892,0.400000,0.600000,10,
"classroom_rl/BOTH/parsed-file3951_inv11.als","classroom_rl","BOTH","inv11",73,43,29,178,47,45,0.410112,0.914894,0.644444,0.000000,1.000000,10,
"classroom_rl/BOTH/parsed-file3952_inv12.als","classroom_rl","BOTH","inv12",24,10,33,132,37,37,0.181818,0.270270,0.891892,0.000000,1.000000,10,
"classroom_rl/BOTH/parsed-file3959_inv11.als","classroom_rl","BOTH","inv11",54,20,23,133,36,38,0.406015,0.555556,0.605263,0.500000,0.500000,10,
"classroom_rl/BOTH/parsed-file3962_inv11.als","classroom_rl","BOTH","inv11",29,7,27,161,42,44,0.180124,0.166667,0.613636,0.100000,0.900000,10,
"classroom_rl/BOTH/parsed-file3964_inv5.als","classroom_rl","BOTH","inv5",16,4,14,70,19,18,0.228571,0.210526,0.777778,0.000000,1.000000,10,
"classroom_rl/BOTH/parsed-file396_inv7.als","classroom_rl","BOTH","inv7",12,6,6,60,17,18,0.200000,0.352941,0.333333,0.980392,0.019608,10,
"classroom_rl/BOTH/parsed-file3970_inv13.als","classroom_rl","BOTH","inv13",46,15,23,87,26,26,0.528736,0.576923,0.884615,0.090000,0.910000,10,
"classroom_rl/BOTH/parsed-file3972_inv4.als","classroom_rl","BOTH","inv4",7,3,2,24,7,6,0.291667,0.428571,0.333333,0.000000,1.000000,10,
"classroom_rl/BOTH/parsed-file3975_inv12.als","classroom_rl","BOTH","inv12",41,16,13,90,25,25,0.455556,0.640000,0.520000,0.240000,0.760000,10,
"classroom_rl/BOTH/parsed-file397_inv11.als","classroom_rl","BOTH","inv11",42,26,19,126,34,33,0.333333,0.764706,0.575758,0.700000,0.300000,10,
"classroom_rl/BOTH/parsed-file3982_inv14.als","classroom_rl","BOTH","inv14",14,39,37,166,46,45,0.084337,0.847826,0.822222,0.000000,1.000000,10,
"classroom_rl/BOTH/parsed-file3988_inv11.als","classroom_rl","BOTH","inv11",40,14,19,133,36,38,0.300752,0.388889,0.500000,0.000000,1.000000,10,
"classroom_rl/BOTH/parsed-file3989_inv14.als","classroom_rl","BOTH","inv14",28,5,46,147,42,46,0.190476,0.119048,1.000000,0.000000,1.000000,10,
"classroom_rl/BOTH/parsed-file3991_inv5.als","classroom_rl","BOTH","inv5",4,1,13,61,17,18,0.065574,0.058824,0.722222,0.300000,0.700000,10,
"classroom_rl/BOTH/parsed-file3999_inv14.als","classroom_rl","BOTH","inv14",62,32,26,136,41,37,0.455882,0.780488,0.702703,0.980392,0.019608,10,
"classroom_rl/BOTH/parsed-file39_inv11.als","classroom_rl","BOTH","inv11",27,33,16,154,40,39,0.175325,0.825000,0.410256,0.000000,1.000000,10,
"classroom_rl/BOTH/parsed-file4004_inv14.als","classroom_rl","BOTH","inv14",35,8,45,168,46,47,0.208333,0.173913,0.957447,0.000000,1.000000,10,
"classroom_rl/BOTH/parsed-file4009_inv3.als","classroom_rl","BOTH","inv3",2,2,5,60,16,14,0.033333,0.125000,0.357143,0.980392,0.019608,10,
"classroom_rl/BOTH/parsed-file4013_inv11.als","classroom_rl","BOTH","inv11",14,22,17,142,38,36,0.098592,0.578947,0.472222,0.000000,1.000000,10,
"classroom_rl/BOTH/parsed-file4016_inv11.als","classroom_rl","BOTH","inv11",43,16,20,133,36,38,0.323308,0.444444,0.526316,0.000000,1.000000,10,
"classroom_rl/BOTH/parsed-file4016_inv4.als","classroom_rl","BOTH","inv4",2,2,6,62,16,16,0.032258,0.125000,0.375000,0.900000,0.100000,10,
"classroom_rl/BOTH/parsed-file401_inv14.als","classroom_rl","BOTH","inv14",44,25,22,92,26,28,0.478261,0.961538,0.785714,0.120000,0.880000,10,
"classroom_rl/BOTH/parsed-file4023_inv8.als","classroom_rl","BOTH","inv8",82,41,48,179,49,52,0.458101,0.836735,0.923077,0.000000,1.000000,10,
"classroom_rl/BOTH/parsed-file4029_inv12.als","classroom_rl","BOTH","inv12",14,6,11,126,34,33,0.111111,0.176471,0.333333,0.000000,1.000000,10,
"classroom_rl/BOTH/parsed-file4032_inv12.als","classroom_rl","BOTH","inv12",39,19,12,102,27,25,0.382353,0.703704,0.480000,0.480000,0.520000,10,
"classroom_rl/BOTH/parsed-file4034_inv12.als","classroom_rl","BOTH","inv12",27,9,12,133,36,35,0.203008,0.250000,0.342857,0.300000,0.700000,10,
"classroom_rl/BOTH/parsed-file4035_inv11.als","classroom_rl","BOTH","inv11",42,15,11,78,22,20,0.538462,0.681818,0.550000,0.350000,0.650000,10,
"classroom_rl/BOTH/parsed-file4035_inv12.als","classroom_rl","BOTH","inv12",12,5,3,52,15,13,0.230769,0.333333,0.230769,0.480000,0.520000,10,
"classroom_rl/BOTH/parsed-file4037_inv10.als","classroom_rl","BOTH","inv10",34,9,12,79,21,21,0.430380,0.428571,0.571429,0.000000,1.000000,10,
"classroom_rl/BOTH/parsed-file4038_inv11.als","classroom_rl","BOTH","inv11",27,20,9,91,25,25,0.296703,0.800000,0.360000,0.350000,0.650000,10,
"classroom_rl/BOTH/parsed-file4041_inv12.als","classroom_rl","BOTH","inv12",41,15,19,91,25,25,0.450549,0.600000,0.760000,0.630000,0.370000,10,
"classroom_rl/BOTH/parsed-file4041_inv13.als","classroom_rl","BOTH","inv13",44,19,17,62,18,18,0.709677,1.055556,0.944444,0.900000,0.100000,10,
"classroom_rl/BOTH/parsed-file4042_inv5.als","classroom_rl","BOTH","inv5",28,10,12,58,16,15,0.482759,0.625000,0.800000,0.000000,1.000000,10,
"classroom_rl/BOTH/parsed-file4059_inv12.als","classroom_rl","BOTH","inv12",9,6,1,52,15,13,0.173077,0.400000,0.076923,0.480000,0.520000,10,
"classroom_rl/BOTH/parsed-file4059_inv13.als","classroom_rl","BOTH","inv13",33,8,4,71,24,16,0.464789,0.333333,0.250000,0.900000,0.100000,10,
"classroom_rl/BOTH/parsed-file4060_inv11.als","classroom_rl","BOTH","inv11",49,17,25,120,33,33,0.408333,0.515152,0.757576,0.100000,0.900000,10,
"classroom_rl/BOTH/parsed-file4062_inv4.als","classroom_rl","BOTH","inv4",56,25,29,108,24,27,0.518519,1.041667,1.074074,0.900000,0.100000,10,
"classroom_rl/BOTH/parsed-file4066_inv11.als","classroom_rl","BOTH","inv11",40,14,19,133,36,38,0.300752,0.388889,0.500000,0.400000,0.600000,10,
"classroom_rl/BOTH/parsed-file4072_inv9.als","classroom_rl","BOTH","inv9",20,11,14,50,14,13,0.400000,0.785714,1.076923,0.080000,0.920000,10,
"classroom_rl/BOTH/parsed-file4079_inv4.als","classroom_rl","BOTH","inv4",3,2,9,62,16,17,0.048387,0.125000,0.529412,0.000000,1.000000,10,
"classroom_rl/BOTH/parsed-file4082_inv4.als","classroom_rl","BOTH","inv4",15,7,5,30,8,7,0.500000,0.875000,0.714286,0.000000,1.000000,10,
"classroom_rl/BOTH/parsed-file408_inv14.als","classroom_rl","BOTH","inv14",90,34,34,171,42,45,0.526316,0.809524,0.755556,0.000000,1.000000,10,
"classroom_rl/BOTH/parsed-file4096_inv14.als","classroom_rl","BOTH","inv14",35,12,41,168,46,43,0.208333,0.260870,0.953488,0.000000,1.000000,10,
"classroom_rl/BOTH/parsed-file4100_inv9.als","classroom_rl","BOTH","inv9",8,5,4,51,15,14,0.156863,0.333333,0.285714,0.360000,0.640000,10,
"classroom_rl/BOTH/parsed-file4109_inv5.als","classroom_rl","BOTH","inv5",15,5,4,28,9,7,0.535714,0.555556,0.571429,0.980392,0.019608,10,
"classroom_rl/BOTH/parsed-file4116_inv11.als","classroom_rl","BOTH","inv11",19,10,16,144,38,39,0.131944,0.263158,0.410256,0.000000,1.000000,10,
"classroom_rl/BOTH/parsed-file4119_inv3.als","classroom_rl","BOTH","inv3",3,2,5,60,16,14,0.050000,0.125000,0.357143,0.980392,0.019608,10,
"classroom_rl/BOTH/parsed-file411_inv11.als","classroom_rl","BOTH","inv11",41,14,19,133,36,38,0.308271,0.388889,0.500000,0.000000,1.000000,10,
"classroom_rl/BOTH/parsed-file4121_inv12.als","classroom_rl","BOTH","inv12",31,30,26,154,40,38,0.201299,0.750000,0.684211,0.080000,0.920000,10,
"classroom_rl/BOTH/parsed-file4126_inv12.als","classroom_rl","BOTH","inv12",6,2,29,153,40,40,0.039216,0.050000,0.725000,0.080000,0.920000,10,
"classroom_rl/BOTH/parsed-file4127_inv11.als","classroom_rl","BOTH","inv11",25,33,22,155,40,39,0.161290,0.825000,0.564103,0.100000,0.900000,10,
"classroom_rl/BOTH/parsed-file4128_inv15.als","classroom_rl","BOTH","inv15",23,11,10,40,11,11,0.575000,1.000000,0.909091,0.000000,1.000000,10,
"classroom_rl/BOTH/parsed-file4129_inv7.als","classroom_rl","BOTH","inv7",11,5,7,42,12,12,0.261905,0.416667,0.583333,0.000000,1.000000,10,
"classroom_rl/BOTH/parsed-file4134_inv13.als","classroom_rl","BOTH","inv13",80,35,42,166,44,43,0.481928,0.795455,0.976744,0.100000,0.900000,10,
"classroom_rl/BOTH/parsed-file4140_inv11.als","classroom_rl","BOTH","inv11",62,23,15,123,34,36,0.504065,0.676471,0.416667,0.900000,0.100000,10,
"classroom_rl/BOTH/parsed-file4146_inv14.als","classroom_rl","BOTH","inv14",31,7,45,157,44,47,0.197452,0.159091,0.957447,0.000000,1.000000,10,
"classroom_rl/BOTH/parsed-file4147_inv14.als","classroom_rl","BOTH","inv14",58,30,47,149,44,43,0.389262,0.681818,1.093023,0.100000,0.900000,10,
"classroom_rl/BOTH/parsed-file4149_inv11.als","classroom_rl","BOTH","inv11",41,26,25,127,34,33,0.322835,0.764706,0.757576,0.400000,0.600000,10,
"classroom_rl/BOTH/parsed-file4154_inv11.als","classroom_rl","BOTH","inv11",44,21,22,101,27,26,0.435644,0.777778,0.846154,0.350000,0.650000,10,
"classroom_rl/BOTH/parsed-file4157_inv14.als","classroom_rl","BOTH","inv14",17,9,6,156,43,43,0.108974,0.209302,0.139535,0.120000,0.880000,10,
"classroom_rl/BOTH/parsed-file4159_inv14.als","classroom_rl","BOTH","inv14",40,9,46,158,44,46,0.253165,0.204545,1.000000,0.000000,1.000000,10,
"classroom_rl/BOTH/parsed-file4163_inv14.als","classroom_rl","BOTH","inv14",54,21,36,124,33,32,0.435484,0.636364,1.125000,0.080000,0.920000,10,
"classroom_rl/BOTH/parsed-file4164_inv14.als","classroom_rl","BOTH","inv14",10,2,26,155,44,44,0.064516,0.045455,0.590909,0.000000,1.000000,10,
"classroom_rl/BOTH/parsed-file4166_inv14.als","classroom_rl","BOTH","inv14",52,19,36,124,33,32,0.419355,0.575758,1.125000,0.240000,0.760000,10,
"classroom_rl/BOTH/parsed-file4176_inv14.als","classroom_rl","BOTH","inv14",62,30,38,157,44,44,0.394904,0.681818,0.863636,0.100000,0.900000,10,
"classroom_rl/BOTH/parsed-file4183_inv12.als","classroom_rl","BOTH","inv12",34,15,11,91,25,25,0.373626,0.600000,0.440000,0.480000,0.520000,10,
"classroom_rl/BOTH/parsed-file418_inv11.als","classroom_rl","BOTH","inv11",19,17,16,132,36,36,0.143939,0.472222,0.444444,0.000000,1.000000,10,
"classroom_rl/BOTH/parsed-file4190_inv15.als","classroom_rl","BOTH","inv15",85,30,41,131,36,44,0.648855,0.833333,0.931818,0.100000,0.900000,10,
"classroom_rl/BOTH/parsed-file4193_inv14.als","classroom_rl","BOTH","inv14",8,39,37,165,46,45,0.048485,0.847826,0.822222,0.000000,1.000000,10,
"classroom_rl/BOTH/parsed-file4203_inv14.als","classroom_rl","BOTH","inv14",35,38,45,166,46,44,0.210843,0.826087,1.022727,0.000000,1.000000,10,
"classroom_rl/BOTH/parsed-file4208_inv12.als","classroom_rl","BOTH","inv12",38,13,15,77,22,23,0.493506,0.590909,0.652174,0.240000,0.760000,10,
"classroom_rl/BOTH/parsed-file4209_inv11.als","classroom_rl","BOTH","inv11",45,19,29,132,36,38,0.340909,0.527778,0.763158,0.100000,0.900000,10,
"classroom_rl/BOTH/parsed-file4212_inv11.als","classroom_rl","BOTH","inv11",49,22,29,132,36,38,0.371212,0.611111,0.763158,0.100000,0.900000,10,
"classroom_rl/BOTH/parsed-file4217_inv5.als","classroom_rl","BOTH","inv5",8,2,13,71,19,18,0.112676,0.105263,0.722222,0.300000,0.700000,10,
"classroom_rl/BOTH/parsed-file4218_inv11.als","classroom_rl","BOTH","inv11",48,23,18,115,32,31,0.417391,0.718750,0.580645,0.000000,1.000000,10,
"classroom_rl/BOTH/parsed-file4221_inv4.als","classroom_rl","BOTH","inv4",21,11,8,52,14,11,0.403846,0.785714,0.727273,0.000000,1.000000,10,
"classroom_rl/BOTH/parsed-file4222_inv8.als","classroom_rl","BOTH","inv8",83,41,49,181,50,53,0.458564,0.820000,0.924528,0.000000,1.000000,10,
"classroom_rl/BOTH/parsed-file4227_inv11.als","classroom_rl","BOTH","inv11",37,13,21,131,36,36,0.282443,0.361111,0.583333,0.000000,1.000000,10,
"classroom_rl/BOTH/parsed-file4231_inv14.als","classroom_rl","BOTH","inv14",54,31,38,157,44,44,0.343949,0.704545,0.863636,0.240000,0.760000,10,
"classroom_rl/BOTH/parsed-file4232_inv5.als","classroom_rl","BOTH","inv5",22,6,8,45,12,12,0.488889,0.500000,0.666667,0.980392,0.019608,10,
"classroom_rl/BOTH/parsed-file4233_inv11.als","classroom_rl","BOTH","inv11",54,18,16,135,36,38,0.400000,0.500000,0.421053,0.240000,0.760000,10,
"classroom_rl/BOTH/parsed-file4237_inv13.als","classroom_rl","BOTH","inv13",44,19,17,62,18,18,0.709677,1.055556,0.944444,0.900000,0.100000,10,
"classroom_rl/BOTH/parsed-file4239_inv11.als","classroom_rl","BOTH","inv11",40,16,25,116,32,33,0.344828,0.500000,0.757576,0.400000,0.600000,10,
"classroom_rl/BOTH/parsed-file4242_inv12.als","classroom_rl","BOTH","inv12",34,15,11,91,25,25,0.373626,0.600000,0.440000,0.480000,0.520000,10,
"classroom_rl/BOTH/parsed-file4246_inv12.als","classroom_rl","BOTH","inv12",49,34,34,155,40,39,0.316129,0.850000,0.871795,0.100000,0.900000,10,
"classroom_rl/BOTH/parsed-file4262_inv12.als","classroom_rl","BOTH","inv12",27,27,24,128,34,29,0.210938,0.794118,0.827586,0.700000,0.300000,10,
"classroom_rl/BOTH/parsed-file4264_inv11.als","classroom_rl","BOTH","inv11",49,19,29,132,36,38,0.371212,0.527778,0.763158,0.100000,0.900000,10,
"classroom_rl/BOTH/parsed-file4265_inv11.als","classroom_rl","BOTH","inv11",40,21,24,133,36,37,0.300752,0.583333,0.648649,0.000000,1.000000,10,
"classroom_rl/BOTH/parsed-file4266_inv12.als","classroom_rl","BOTH","inv12",34,15,11,91,25,25,0.373626,0.600000,0.440000,0.480000,0.520000,10,
"classroom_rl/BOTH/parsed-file4267_inv11.als","classroom_rl","BOTH","inv11",48,14,15,136,38,39,0.352941,0.368421,0.384615,0.350000,0.650000,10,
"classroom_rl/BOTH/parsed-file4269_inv5.als","classroom_rl","BOTH","inv5",4,1,17,72,19,19,0.055556,0.052632,0.894737,0.980392,0.019608,10,
"classroom_rl/BOTH/parsed-file427_inv11.als","classroom_rl","BOTH","inv11",12,3,18,132,36,36,0.090909,0.083333,0.500000,0.400000,0.600000,10,
"classroom_rl/BOTH/parsed-file4283_inv4.als","classroom_rl","BOTH","inv4",7,3,2,24,7,6,0.291667,0.428571,0.333333,0.000000,1.000000,10,
"classroom_rl/BOTH/parsed-file4284_inv5.als","classroom_rl","BOTH","inv5",4,1,15,72,19,19,0.055556,0.052632,0.789474,0.300000,0.700000,10,
"classroom_rl/BOTH/parsed-file4286_inv13.als","classroom_rl","BOTH","inv13",39,20,18,56,18,16,0.696429,1.111111,1.125000,0.100000,0.900000,10,
"classroom_rl/BOTH/parsed-file4292_inv14.als","classroom_rl","BOTH","inv14",42,18,13,146,42,45,0.287671,0.428571,0.288889,0.200000,0.800000,10,
"classroom_rl/BOTH/parsed-file4298_inv11.als","classroom_rl","BOTH","inv11",45,17,15,121,34,36,0.371901,0.500000,0.416667,0.900000,0.100000,10,
"classroom_rl/BOTH/parsed-file4300_inv14.als","classroom_rl","BOTH","inv14",38,38,45,167,46,44,0.227545,0.826087,1.022727,0.160000,0.840000,10,
"classroom_rl/BOTH/parsed-file4301_inv11.als","classroom_rl","BOTH","inv11",44,20,23,116,32,33,0.379310,0.625000,0.696970,0.250000,0.750000,10,
"classroom_rl/BOTH/parsed-file4307_inv14.als","classroom_rl","BOTH","inv14",44,25,39,157,44,44,0.280255,0.568182,0.886364,0.200000,0.800000,10,
"classroom_rl/BOTH/parsed-file4308_inv14.als","classroom_rl","BOTH","inv14",54,23,41,157,44,47,0.343949,0.522727,0.872340,0.200000,0.800000,10,
"classroom_rl/BOTH/parsed-file430_inv11.als","classroom_rl","BOTH","inv11",45,17,14,121,34,36,0.371901,0.500000,0.388889,0.900000,0.100000,10,
"classroom_rl/BOTH/parsed-file4318_inv11.als","classroom_rl","BOTH","inv11",25,33,22,155,40,39,0.161290,0.825000,0.564103,0.100000,0.900000,10,
"classroom_rl/BOTH/parsed-file4319_inv15.als","classroom_rl","BOTH","inv15",69,27,40,114,34,44,0.605263,0.794118,0.909091,0.600000,0.400000,10,
"classroom_rl/BOTH/parsed-file4324_inv11.als","classroom_rl","BOTH","inv11",55,20,23,132,36,38,0.416667,0.555556,0.605263,0.980392,0.019608,10,
"classroom_rl/BOTH/parsed-file4328_inv14.als","classroom_rl","BOTH","inv14",64,28,36,113,31,32,0.566372,0.903226,1.125000,0.200000,0.800000,10,
"classroom_rl/BOTH/parsed-file4329_inv11.als","classroom_rl","BOTH","inv11",44,19,18,122,34,36,0.360656,0.558824,0.500000,0.400000,0.600000,10,
"classroom_rl/BOTH/parsed-file432_inv12.als","classroom_rl","BOTH","inv12",34,15,11,91,25,25,0.373626,0.600000,0.440000,0.480000,0.520000,10,
"classroom_rl/BOTH/parsed-file4335_inv11.als","classroom_rl","BOTH","inv11",48,21,28,125,33,33,0.384000,0.636364,0.848485,0.100000,0.900000,10,
"classroom_rl/BOTH/parsed-file4336_inv12.als","classroom_rl","BOTH","inv12",26,14,24,116,32,33,0.224138,0.437500,0.727273,0.000000,1.000000,10,
"classroom_rl/BOTH/parsed-file4337_inv14.als","classroom_rl","BOTH","inv14",78,34,42,165,47,47,0.472727,0.723404,0.893617,0.100000,0.900000,10,
"classroom_rl/BOTH/parsed-file4344_inv12.als","classroom_rl","BOTH","inv12",14,28,23,132,36,37,0.106061,0.777778,0.621622,0.000000,1.000000,10,
"classroom_rl/BOTH/parsed-file434_inv12.als","classroom_rl","BOTH","inv12",39,15,19,91,25,25,0.428571,0.600000,0.760000,0.630000,0.370000,10,
"classroom_rl/BOTH/parsed-file4363_inv12.als","classroom_rl","BOTH","inv12",6,2,29,153,40,40,0.039216,0.050000,0.725000,0.080000,0.920000,10,
"classroom_rl/BOTH/parsed-file4364_inv11.als","classroom_rl","BOTH","inv11",39,14,19,110,30,28,0.354545,0.466667,0.678571,0.350000,0.650000,10,
"classroom_rl/BOTH/parsed-file4365_inv11.als","classroom_rl","BOTH","inv11",29,6,14,147,40,42,0.197279,0.150000,0.333333,0.320000,0.680000,10,
"classroom_rl/BOTH/parsed-file4370_inv5.als","classroom_rl","BOTH","inv5",4,1,17,72,19,19,0.055556,0.052632,0.894737,0.980392,0.019608,10,
"classroom_rl/BOTH/parsed-file4376_inv11.als","classroom_rl","BOTH","inv11",14,4,22,144,38,39,0.097222,0.105263,0.564103,0.100000,0.900000,10,
"classroom_rl/BOTH/parsed-file4381_inv11.als","classroom_rl","BOTH","inv11",53,21,30,133,36,38,0.398496,0.583333,0.789474,0.100000,0.900000,10,
"classroom_rl/BOTH/parsed-file4383_inv12.als","classroom_rl","BOTH","inv12",6,2,29,153,40,40,0.039216,0.050000,0.725000,0.080000,0.920000,10,
"classroom_rl/BOTH/parsed-file4388_inv11.als","classroom_rl","BOTH","inv11",54,20,19,105,30,31,0.514286,0.666667,0.612903,0.200000,0.800000,10,
"classroom_rl/BOTH/parsed-file438_inv15.als","classroom_rl","BOTH","inv15",94,43,44,191,50,52,0.492147,0.860000,0.846154,0.000000,1.000000,10,
"classroom_rl/BOTH/parsed-file4394_inv12.als","classroom_rl","BOTH","inv12",19,6,21,116,32,33,0.163793,0.187500,0.636364,0.100000,0.900000,10,
"classroom_rl/BOTH/parsed-file4397_inv9.als","classroom_rl","BOTH","inv9",21,7,8,45,12,12,0.466667,0.583333,0.666667,0.360000,0.640000,10,
"classroom_rl/BOTH/parsed-file4399_inv8.als","classroom_rl","BOTH","inv8",18,11,26,123,32,34,0.146341,0.343750,0.764706,0.500000,0.500000,10,
"classroom_rl/BOTH/parsed-file43_inv13.als","classroom_rl","BOTH","inv13",46,19,15,63,18,20,0.730159,1.055556,0.750000,0.040000,0.960000,10,
"classroom_rl/BOTH/parsed-file4401_inv11.als","classroom_rl","BOTH","inv11",44,17,18,131,36,34,0.335878,0.472222,0.529412,0.000000,1.000000,10,
"classroom_rl/BOTH/parsed-file4401_inv15.als","classroom_rl","BOTH","inv15",60,23,29,99,26,31,0.606061,0.884615,0.935484,0.100000,0.900000,10,
"classroom_rl/BOTH/parsed-file4408_inv11.als","classroom_rl","BOTH","inv11",54,21,27,116,32,33,0.465517,0.656250,0.818182,0.100000,0.900000,10,
"classroom_rl/BOTH/parsed-file4410_inv9.als","classroom_rl","BOTH","inv9",27,10,12,68,19,17,0.397059,0.526316,0.705882,0.360000,0.640000,10,
"classroom_rl/BOTH/parsed-file4413_inv11.als","classroom_rl","BOTH","inv11",62,24,24,122,34,36,0.508197,0.705882,0.666667,0.000000,1.000000,10,
"classroom_rl/BOTH/parsed-file4425_inv14.als","classroom_rl","BOTH","inv14",52,18,21,102,29,30,0.509804,0.620690,0.700000,0.160000,0.840000,10,
"classroom_rl/BOTH/parsed-file4427_inv6.als","classroom_rl","BOTH","inv6",12,10,11,61,17,18,0.196721,0.588235,0.611111,0.300000,0.700000,10,
"classroom_rl/BOTH/parsed-file4434_inv11.als","classroom_rl","BOTH","inv11",20,7,7,137,38,38,0.145985,0.184211,0.184211,0.000000,1.000000,10,
"classroom_rl/BOTH/parsed-file4438_inv11.als","classroom_rl","BOTH","inv11",53,18,21,131,36,38,0.404580,0.500000,0.552632,0.500000,0.500000,10,
"classroom_rl/BOTH/parsed-file4441_inv7.als","classroom_rl","BOTH","inv7",14,2,6,72,19,19,0.194444,0.105263,0.315789,0.200000,0.800000,10,
"classroom_rl/BOTH/parsed-file4442_inv14.als","classroom_rl","BOTH","inv14",18,4,38,168,46,43,0.107143,0.086957,0.883721,0.000000,1.000000,10,
"classroom_rl/BOTH/parsed-file4443_inv11.als","classroom_rl","BOTH","inv11",41,26,25,127,34,33,0.322835,0.764706,0.757576,0.400000,0.600000,10,
"classroom_rl/BOTH/parsed-file4444_inv12.als","classroom_rl","BOTH","inv12",43,33,12,154,40,35,0.279221,0.825000,0.342857,0.300000,0.700000,10,
"classroom_rl/BOTH/parsed-file4454_inv12.als","classroom_rl","BOTH","inv12",24,26,23,126,34,33,0.190476,0.764706,0.696970,0.000000,1.000000,10,
"classroom_rl/BOTH/parsed-file4455_inv3.als","classroom_rl","BOTH","inv3",1,1,3,60,16,15,0.016667,0.062500,0.200000,0.000000,1.000000,10,
"classroom_rl/BOTH/parsed-file4471_inv14.als","classroom_rl","BOTH","inv14",16,3,30,156,44,44,0.102564,0.068182,0.681818,0.000000,1.000000,10,
"classroom_rl/BOTH/parsed-file4473_inv12.als","classroom_rl","BOTH","inv12",39,19,12,102,27,25,0.382353,0.703704,0.480000,0.480000,0.520000,10,
"classroom_rl/BOTH/parsed-file4474_inv11.als","classroom_rl","BOTH","inv11",20,32,19,148,39,42,0.135135,0.820513,0.452381,0.100000,0.900000,10,
"classroom_rl/BOTH/parsed-file4475_inv11.als","classroom_rl","BOTH","inv11",33,20,13,91,25,25,0.362637,0.800000,0.520000,0.350000,0.650000,10,
"classroom_rl/BOTH/parsed-file4476_inv11.als","classroom_rl","BOTH","inv11",12,3,34,134,36,38,0.089552,0.083333,0.894737,0.100000,0.900000,10,
"classroom_rl/BOTH/parsed-file4477_inv12.als","classroom_rl","BOTH","inv12",35,17,18,132,36,36,0.265152,0.472222,0.500000,0.000000,1.000000,10,
"classroom_rl/BOTH/parsed-file4492_inv14.als","classroom_rl","BOTH","inv14",43,19,19,89,23,24,0.483146,0.826087,0.791667,0.200000,0.800000,10,
"classroom_rl/BOTH/parsed-file4497_inv4.als","classroom_rl","BOTH","inv4",7,3,2,24,7,6,0.291667,0.428571,0.333333,0.000000,1.000000,10,
"classroom_rl/BOTH/parsed-file449_inv11.als","classroom_rl","BOTH","inv11",33,20,13,91,25,25,0.362637,0.800000,0.520000,0.350000,0.650000,10,
"classroom_rl/BOTH/parsed-file4502_inv12.als","classroom_rl","BOTH","inv12",22,28,26,133,36,37,0.165414,0.777778,0.702703,0.000000,1.000000,10,
"classroom_rl/BOTH/parsed-file4515_inv14.als","classroom_rl","BOTH","inv14",35,33,19,168,46,13,0.208333,0.717391,1.461538,0.080000,0.920000,10,
"classroom_rl/BOTH/parsed-file4518_inv11.als","classroom_rl","BOTH","inv11",55,26,33,131,36,39,0.419847,0.722222,0.846154,0.100000,0.900000,10,
"classroom_rl/BOTH/parsed-file4519_inv11.als","classroom_rl","BOTH","inv11",21,18,20,130,36,36,0.161538,0.500000,0.555556,0.000000,1.000000,10,
"classroom_rl/BOTH/parsed-file4526_inv5.als","classroom_rl","BOTH","inv5",22,6,8,45,12,12,0.488889,0.500000,0.666667,0.980392,0.019608,10,
"classroom_rl/BOTH/parsed-file4530_inv11.als","classroom_rl","BOTH","inv11",33,16,25,115,32,33,0.286957,0.500000,0.757576,0.000000,1.000000,10,
"classroom_rl/BOTH/parsed-file4544_inv12.als","classroom_rl","BOTH","inv12",53,41,34,182,49,45,0.291209,0.836735,0.755556,0.080000,0.920000,10,
"classroom_rl/BOTH/parsed-file4551_inv11.als","classroom_rl","BOTH","inv11",27,20,9,91,25,25,0.296703,0.800000,0.360000,0.350000,0.650000,10,
"classroom_rl/BOTH/parsed-file4554_inv13.als","classroom_rl","BOTH","inv13",1,1,1,92,24,27,0.010870,0.041667,0.037037,0.980392,0.019608,10,
"classroom_rl/BOTH/parsed-file4555_inv14.als","classroom_rl","BOTH","inv14",49,20,23,120,33,31,0.408333,0.606061,0.741935,0.500000,0.500000,10,
"classroom_rl/BOTH/parsed-file455_inv14.als","classroom_rl","BOTH","inv14",32,7,42,157,44,47,0.203822,0.159091,0.893617,0.300000,0.700000,10,
"classroom_rl/BOTH/parsed-file456_inv14.als","classroom_rl","BOTH","inv14",33,9,48,170,46,47,0.194118,0.195652,1.021277,0.000000,1.000000,10,
"classroom_rl/BOTH/parsed-file4573_inv12.als","classroom_rl","BOTH","inv12",37,29,33,142,38,36,0.260563,0.763158,0.916667,0.070000,0.930000,10,
"classroom_rl/BOTH/parsed-file4581_inv12.als","classroom_rl","BOTH","inv12",47,18,28,133,36,38,0.353383,0.500000,0.736842,0.000000,1.000000,10,
"classroom_rl/BOTH/parsed-file4582_inv12.als","classroom_rl","BOTH","inv12",19,6,22,116,32,33,0.163793,0.187500,0.666667,0.100000,0.900000,10,
"classroom_rl/BOTH/parsed-file4583_inv13.als","classroom_rl","BOTH","inv13",25,6,26,103,28,28,0.242718,0.214286,0.928571,0.000000,1.000000,10,
"classroom_rl/BOTH/parsed-file4584_inv5.als","classroom_rl","BOTH","inv5",10,2,17,71,19,19,0.140845,0.105263,0.894737,0.700000,0.300000,10,
"classroom_rl/BOTH/parsed-file4588_inv1.als","classroom_rl","BOTH","inv1",1,1,3,41,11,12,0.024390,0.090909,0.250000,0.000000,1.000000,10,
"classroom_rl/BOTH/parsed-file4591_inv11.als","classroom_rl","BOTH","inv11",54,26,27,131,36,39,0.412214,0.722222,0.692308,0.000000,1.000000,10,
"classroom_rl/BOTH/parsed-file4595_inv5.als","classroom_rl","BOTH","inv5",13,3,17,71,19,19,0.183099,0.157895,0.894737,0.980392,0.019608,10,
"classroom_rl/BOTH/parsed-file4598_inv15.als","classroom_rl","BOTH","inv15",102,36,49,150,43,53,0.680000,0.837209,0.924528,0.000000,1.000000,10,
"classroom_rl/BOTH/parsed-file4599_inv3.als","classroom_rl","BOTH","inv3",4,1,12,63,18,17,0.063492,0.055556,0.705882,0.000000,1.000000,10,
"classroom_rl/BOTH/parsed-file4601_inv5.als","classroom_rl","BOTH","inv5",14,8,5,18,6,5,0.777778,1.333333,1.000000,0.000000,1.000000,10,
"classroom_rl/BOTH/parsed-file4603_inv12.als","classroom_rl","BOTH","inv12",37,24,28,122,32,30,0.303279,0.750000,0.933333,0.100000,0.900000,10,
"classroom_rl/BOTH/parsed-file4604_inv6.als","classroom_rl","BOTH","inv6",16,14,18,80,22,22,0.200000,0.636364,0.818182,0.300000,0.700000,10,
"classroom_rl/BOTH/parsed-file4607_inv7.als","classroom_rl","BOTH","inv7",6,1,1,30,9,7,0.200000,0.111111,0.142857,0.000000,1.000000,10,
"classroom_rl/BOTH/parsed-file4611_inv11.als","classroom_rl","BOTH","inv11",27,7,11,142,37,42,0.190141,0.189189,0.261905,0.500000,0.500000,10,
"classroom_rl/BOTH/parsed-file4611_inv12.als","classroom_rl","BOTH","inv12",30,9,13,110,30,28,0.272727,0.300000,0.464286,0.000000,1.000000,10,
"classroom_rl/BOTH/parsed-file4618_inv14.als","classroom_rl","BOTH","inv14",18,39,39,167,46,47,0.107784,0.847826,0.829787,0.000000,1.000000,10,
"classroom_rl/BOTH/parsed-file4624_inv11.als","classroom_rl","BOTH","inv11",54,20,19,105,30,31,0.514286,0.666667,0.612903,0.200000,0.800000,10,
"classroom_rl/BOTH/parsed-file4629_inv5.als","classroom_rl","BOTH","inv5",22,6,8,45,12,12,0.488889,0.500000,0.666667,0.980392,0.019608,10,
"classroom_rl/BOTH/parsed-file4632_inv11.als","classroom_rl","BOTH","inv11",18,21,11,141,39,40,0.127660,0.538462,0.275000,0.240000,0.760000,10,
"classroom_rl/BOTH/parsed-file4640_inv14.als","classroom_rl","BOTH","inv14",70,30,32,154,45,45,0.454545,0.666667,0.711111,0.100000,0.900000,10,
"classroom_rl/BOTH/parsed-file4650_inv8.als","classroom_rl","BOTH","inv8",22,12,22,124,32,34,0.177419,0.375000,0.647059,0.500000,0.500000,10,
"classroom_rl/BOTH/parsed-file4652_inv6.als","classroom_rl","BOTH","inv6",12,11,11,61,17,18,0.196721,0.647059,0.611111,0.300000,0.700000,10,
"classroom_rl/BOTH/parsed-file4653_inv11.als","classroom_rl","BOTH","inv11",12,6,29,142,38,38,0.084507,0.157895,0.763158,0.000000,1.000000,10,
"classroom_rl/BOTH/parsed-file4655_inv2.als","classroom_rl","BOTH","inv2",14,4,3,19,6,5,0.736842,0.666667,0.600000,0.000000,1.000000,10,
"classroom_rl/BOTH/parsed-file4658_inv9.als","classroom_rl","BOTH","inv9",21,7,8,45,12,12,0.466667,0.583333,0.666667,0.360000,0.640000,10,
"classroom_rl/BOTH/parsed-file465_inv11.als","classroom_rl","BOTH","inv11",35,12,9,52,15,13,0.673077,0.800000,0.692308,0.350000,0.650000,10,
"classroom_rl/BOTH/parsed-file4664_inv14.als","classroom_rl","BOTH","inv14",48,45,51,178,48,47,0.269663,0.937500,1.085106,0.100000,0.900000,10,
"classroom_rl/BOTH/parsed-file4667_inv11.als","classroom_rl","BOTH","inv11",62,19,23,133,36,38,0.466165,0.527778,0.605263,0.000000,1.000000,10,
"classroom_rl/BOTH/parsed-file4668_inv15.als","classroom_rl","BOTH","inv15",96,57,66,218,64,72,0.440367,0.890625,0.916667,0.600000,0.400000,10,
"classroom_rl/BOTH/parsed-file4676_inv15.als","classroom_rl","BOTH","inv15",41,18,22,81,23,24,0.506173,0.782609,0.916667,0.500000,0.500000,10,
"classroom_rl/BOTH/parsed-file4677_inv11.als","classroom_rl","BOTH","inv11",40,39,21,157,42,41,0.254777,0.928571,0.512195,0.000000,1.000000,10,
"classroom_rl/BOTH/parsed-file4680_inv14.als","classroom_rl","BOTH","inv14",56,26,41,128,35,37,0.437500,0.742857,1.108108,0.240000,0.760000,10,
"classroom_rl/BOTH/parsed-file4687_inv4.als","classroom_rl","BOTH","inv4",3,14,9,66,20,17,0.045455,0.700000,0.529412,0.000000,1.000000,10,
"classroom_rl/BOTH/parsed-file4688_inv11.als","classroom_rl","BOTH","inv11",48,26,27,127,34,33,0.377953,0.764706,0.818182,0.400000,0.600000,10,
"classroom_rl/BOTH/parsed-file4691_inv14.als","classroom_rl","BOTH","inv14",24,7,41,157,44,47,0.152866,0.159091,0.872340,0.300000,0.700000,10,
"classroom_rl/BOTH/parsed-file4696_inv4.als","classroom_rl","BOTH","inv4",20,11,12,81,21,21,0.246914,0.523810,0.571429,0.000000,1.000000,10,
"classroom_rl/BOTH/parsed-file4697_inv11.als","classroom_rl","BOTH","inv11",47,20,29,132,36,38,0.356061,0.555556,0.763158,0.200000,0.800000,10,
"classroom_rl/BOTH/parsed-file4699_inv12.als","classroom_rl","BOTH","inv12",41,15,19,91,25,25,0.450549,0.600000,0.760000,0.630000,0.370000,10,
"classroom_rl/BOTH/parsed-file469_inv11.als","classroom_rl","BOTH","inv11",25,33,22,154,40,39,0.162338,0.825000,0.564103,0.500000,0.500000,10,
"classroom_rl/BOTH/parsed-file46_inv15.als","classroom_rl","BOTH","inv15",58,20,33,100,27,37,0.580000,0.740741,0.891892,0.000000,1.000000,10,
"classroom_rl/BOTH/parsed-file4701_inv12.als","classroom_rl","BOTH","inv12",39,19,12,102,27,25,0.382353,0.703704,0.480000,0.480000,0.520000,10,
"classroom_rl/BOTH/parsed-file4702_inv14.als","classroom_rl","BOTH","inv14",35,28,38,155,43,40,0.225806,0.651163,0.950000,0.000000,1.000000,10,
"classroom_rl/BOTH/parsed-file4705_inv14.als","classroom_rl","BOTH","inv14",47,22,20,91,24,24,0.516484,0.916667,0.833333,0.000000,1.000000,10,
"classroom_rl/BOTH/parsed-file4709_inv11.als","classroom_rl","BOTH","inv11",33,20,13,91,25,25,0.362637,0.800000,0.520000,0.350000,0.650000,10,
"classroom_rl/BOTH/parsed-file4710_inv11.als","classroom_rl","BOTH","inv11",32,13,16,133,36,38,0.240602,0.361111,0.421053,0.400000,0.600000,10,
"classroom_rl/BOTH/parsed-file4718_inv8.als","classroom_rl","BOTH","inv8",16,6,31,121,30,39,0.132231,0.200000,0.794872,0.000000,1.000000,10,
"classroom_rl/BOTH/parsed-file4719_inv14.als","classroom_rl","BOTH","inv14",68,46,32,187,51,31,0.363636,0.901961,1.032258,0.000000,1.000000,10,
"classroom_rl/BOTH/parsed-file4724_inv12.als","classroom_rl","BOTH","inv12",36,16,11,91,25,25,0.395604,0.640000,0.440000,0.480000,0.520000,10,
"classroom_rl/BOTH/parsed-file472_inv14.als","classroom_rl","BOTH","inv14",39,26,34,115,32,33,0.339130,0.812500,1.030303,0.000000,1.000000,10,
"classroom_rl/BOTH/parsed-file4732_inv14.als","classroom_rl","BOTH","inv14",42,17,14,67,20,19,0.626866,0.850000,0.736842,0.000000,1.000000,10,
"classroom_rl/BOTH/parsed-file474_inv11.als","classroom_rl","BOTH","inv11",14,4,22,144,38,39,0.097222,0.105263,0.564103,0.100000,0.900000,10,
"classroom_rl/BOTH/parsed-file476_inv11.als","classroom_rl","BOTH","inv11",19,10,16,144,38,39,0.131944,0.263158,0.410256,0.000000,1.000000,10,
"classroom_rl/BOTH/parsed-file483_inv5.als","classroom_rl","BOTH","inv5",4,1,14,71,19,19,0.056338,0.052632,0.736842,0.980392,0.019608,10,
"classroom_rl/BOTH/parsed-file484_inv14.als","classroom_rl","BOTH","inv14",32,7,45,157,44,46,0.203822,0.159091,0.978261,0.000000,1.000000,10,
"classroom_rl/BOTH/parsed-file495_inv12.als","classroom_rl","BOTH","inv12",56,29,36,133,36,38,0.421053,0.805556,0.947368,0.100000,0.900000,10,
"classroom_rl/BOTH/parsed-file496_inv11.als","classroom_rl","BOTH","inv11",37,13,25,110,30,31,0.336364,0.433333,0.806452,0.100000,0.900000,10,
"classroom_rl/BOTH/parsed-file497_inv12.als","classroom_rl","BOTH","inv12",37,12,12,132,34,41,0.280303,0.352941,0.292683,0.480000,0.520000,10,
"classroom_rl/BOTH/parsed-file499_inv11.als","classroom_rl","BOTH","inv11",62,19,23,133,36,38,0.466165,0.527778,0.605263,0.000000,1.000000,10,
"classroom_rl/BOTH/parsed-file504_inv7.als","classroom_rl","BOTH","inv7",6,1,1,30,9,7,0.200000,0.111111,0.142857,0.000000,1.000000,10,
"classroom_rl/BOTH/parsed-file513_inv11.als","classroom_rl","BOTH","inv11",35,12,10,50,15,13,0.700000,0.800000,0.769231,0.000000,1.000000,10,
"classroom_rl/BOTH/parsed-file516_inv12.als","classroom_rl","BOTH","inv12",12,9,26,133,37,38,0.090226,0.243243,0.684211,0.100000,0.900000,10,
"classroom_rl/BOTH/parsed-file520_inv11.als","classroom_rl","BOTH","inv11",8,3,20,143,38,39,0.055944,0.078947,0.512821,0.100000,0.900000,10,
"classroom_rl/BOTH/parsed-file522_inv6.als","classroom_rl","BOTH","inv6",27,10,10,112,29,29,0.241071,0.344828,0.344828,0.500000,0.500000,10,
"classroom_rl/BOTH/parsed-file528_inv12.als","classroom_rl","BOTH","inv12",22,5,28,133,36,38,0.165414,0.138889,0.736842,0.600000,0.400000,10,
"classroom_rl/BOTH/parsed-file539_inv13.als","classroom_rl","BOTH","inv13",45,10,6,73,24,16,0.616438,0.416667,0.375000,0.000000,1.000000,10,
"classroom_rl/BOTH/parsed-file540_inv12.als","classroom_rl","BOTH","inv12",33,15,11,91,25,25,0.362637,0.600000,0.440000,0.480000,0.520000,10,
"classroom_rl/BOTH/parsed-file545_inv14.als","classroom_rl","BOTH","inv14",37,38,26,166,46,25,0.222892,0.826087,1.040000,0.000000,1.000000,10,
"classroom_rl/BOTH/parsed-file546_inv5.als","classroom_rl","BOTH","inv5",4,1,17,72,19,19,0.055556,0.052632,0.894737,0.300000,0.700000,10,
"classroom_rl/BOTH/parsed-file550_inv12.als","classroom_rl","BOTH","inv12",32,17,21,89,25,25,0.359551,0.680000,0.840000,0.630000,0.370000,10,
"classroom_rl/BOTH/parsed-file550_inv14.als","classroom_rl","BOTH","inv14",55,26,24,106,28,29,0.518868,0.928571,0.827586,0.000000,1.000000,10,
"classroom_rl/BOTH/parsed-file551_inv13.als","classroom_rl","BOTH","inv13",44,15,10,33,10,8,1.333333,1.500000,1.250000,0.010000,0.990000,10,
"classroom_rl/BOTH/parsed-file560_inv5.als","classroom_rl","BOTH","inv5",12,3,17,71,19,19,0.169014,0.157895,0.894737,0.700000,0.300000,10,
"classroom_rl/BOTH/parsed-file561_inv13.als","classroom_rl","BOTH","inv13",41,9,9,132,32,35,0.310606,0.281250,0.257143,0.100000,0.900000,10,
"classroom_rl/BOTH/parsed-file563_inv12.als","classroom_rl","BOTH","inv12",60,31,33,154,40,39,0.389610,0.775000,0.846154,0.000000,1.000000,10,
"classroom_rl/BOTH/parsed-file574_inv11.als","classroom_rl","BOTH","inv11",43,23,21,124,35,37,0.346774,0.657143,0.567568,0.200000,0.800000,10,
"classroom_rl/BOTH/parsed-file575_inv14.als","classroom_rl","BOTH","inv14",24,7,41,157,44,47,0.152866,0.159091,0.872340,0.300000,0.700000,10,
"classroom_rl/BOTH/parsed-file577_inv11.als","classroom_rl","BOTH","inv11",14,4,22,144,38,39,0.097222,0.105263,0.564103,0.100000,0.900000,10,
"classroom_rl/BOTH/parsed-file57_inv5.als","classroom_rl","BOTH","inv5",4,1,17,72,19,19,0.055556,0.052632,0.894737,0.980392,0.019608,10,
"classroom_rl/BOTH/parsed-file589_inv13.als","classroom_rl","BOTH","inv13",37,12,7,65,20,14,0.569231,0.600000,0.500000,0.900000,0.100000,10,
"classroom_rl/BOTH/parsed-file592_inv14.als","classroom_rl","BOTH","inv14",52,14,46,172,48,48,0.302326,0.291667,0.958333,0.000000,1.000000,10,
"classroom_rl/BOTH/parsed-file593_inv14.als","classroom_rl","BOTH","inv14",43,36,41,143,39,39,0.300699,0.923077,1.051282,0.000000,1.000000,10,
"classroom_rl/BOTH/parsed-file598_inv14.als","classroom_rl","BOTH","inv14",37,39,39,178,48,43,0.207865,0.812500,0.906977,0.000000,1.000000,10,
"classroom_rl/BOTH/parsed-file602_inv6.als","classroom_rl","BOTH","inv6",16,14,18,80,22,22,0.200000,0.636364,0.818182,0.300000,0.700000,10,
"classroom_rl/BOTH/parsed-file604_inv13.als","classroom_rl","BOTH","inv13",50,25,28,126,37,38,0.396825,0.675676,0.736842,0.100000,0.900000,10,
"classroom_rl/BOTH/parsed-file605_inv12.als","classroom_rl","BOTH","inv12",27,18,28,133,36,38,0.203008,0.500000,0.736842,0.000000,1.000000,10,
"classroom_rl/BOTH/parsed-file614_inv14.als","classroom_rl","BOTH","inv14",46,18,28,116,34,34,0.396552,0.529412,0.823529,0.160000,0.840000,10,
"classroom_rl/BOTH/parsed-file617_inv12.als","classroom_rl","BOTH","inv12",34,15,11,91,25,25,0.373626,0.600000,0.440000,0.480000,0.520000,10,
"classroom_rl/BOTH/parsed-file618_inv8.als","classroom_rl","BOTH","inv8",4,1,27,112,30,39,0.035714,0.033333,0.692308,0.000000,1.000000,10,
"classroom_rl/BOTH/parsed-file61_inv3.als","classroom_rl","BOTH","inv3",3,2,5,60,16,14,0.050000,0.125000,0.357143,0.980392,0.019608,10,
"classroom_rl/BOTH/parsed-file621_inv11.als","classroom_rl","BOTH","inv11",41,16,20,121,32,38,0.338843,0.500000,0.526316,0.000000,1.000000,10,
"classroom_rl/BOTH/parsed-file623_inv14.als","classroom_rl","BOTH","inv14",64,35,44,165,45,40,0.387879,0.777778,1.100000,0.400000,0.600000,10,
"classroom_rl/BOTH/parsed-file635_inv12.als","classroom_rl","BOTH","inv12",20,25,21,127,34,33,0.157480,0.735294,0.636364,0.100000,0.900000,10,
"classroom_rl/BOTH/parsed-file638_inv11.als","classroom_rl","BOTH","inv11",48,42,29,177,48,52,0.271186,0.875000,0.557692,0.100000,0.900000,10,
"classroom_rl/BOTH/parsed-file638_inv12.als","classroom_rl","BOTH","inv12",26,14,24,116,32,33,0.224138,0.437500,0.727273,0.000000,1.000000,10,
"classroom_rl/BOTH/parsed-file641_inv5.als","classroom_rl","BOTH","inv5",16,8,10,65,18,18,0.246154,0.444444,0.555556,0.000000,1.000000,10,
"classroom_rl/BOTH/parsed-file649_inv8.als","classroom_rl","BOTH","inv8",12,20,30,137,36,38,0.087591,0.555556,0.789474,0.500000,0.500000,10,
"classroom_rl/BOTH/parsed-file64_inv11.als","classroom_rl","BOTH","inv11",14,4,22,144,38,39,0.097222,0.105263,0.564103,0.100000,0.900000,10,
"classroom_rl/BOTH/parsed-file650_inv8.als","classroom_rl","BOTH","inv8",4,1,33,118,30,39,0.033898,0.033333,0.846154,0.980392,0.019608,10,
"classroom_rl/BOTH/parsed-file653_inv15.als","classroom_rl","BOTH","inv15",44,20,14,34,13,9,1.294118,1.538462,1.555556,0.980392,0.019608,10,
"classroom_rl/BOTH/parsed-file654_inv15.als","classroom_rl","BOTH","inv15",90,34,43,147,40,47,0.612245,0.850000,0.914894,0.600000,0.400000,10,
"classroom_rl/BOTH/parsed-file658_inv6.als","classroom_rl","BOTH","inv6",12,10,11,61,17,18,0.196721,0.588235,0.611111,0.300000,0.700000,10,
"classroom_rl/BOTH/parsed-file65_inv4.als","classroom_rl","BOTH","inv4",4,3,9,62,16,17,0.064516,0.187500,0.529412,0.000000,1.000000,10,
"classroom_rl/BOTH/parsed-file666_inv13.als","classroom_rl","BOTH","inv13",4,1,25,87,24,28,0.045977,0.041667,0.892857,0.000000,1.000000,10,
"classroom_rl/BOTH/parsed-file668_inv14.als","classroom_rl","BOTH","inv14",49,45,51,179,48,47,0.273743,0.937500,1.085106,0.000000,1.000000,10,
"classroom_rl/BOTH/parsed-file672_inv14.als","classroom_rl","BOTH","inv14",19,9,21,166,46,40,0.114458,0.195652,0.525000,0.400000,0.600000,10,
"classroom_rl/BOTH/parsed-file673_inv5.als","classroom_rl","BOTH","inv5",6,2,17,72,19,19,0.083333,0.105263,0.894737,0.980392,0.019608,10,
"classroom_rl/BOTH/parsed-file677_inv14.als","classroom_rl","BOTH","inv14",47,40,49,167,46,45,0.281437,0.869565,1.088889,0.000000,1.000000,10,
"classroom_rl/BOTH/parsed-file682_inv14.als","classroom_rl","BOTH","inv14",42,23,26,143,39,35,0.293706,0.589744,0.742857,0.600000,0.400000,10,
"classroom_rl/BOTH/parsed-file687_inv4.als","classroom_rl","BOTH","inv4",3,2,9,64,18,17,0.046875,0.111111,0.529412,0.000000,1.000000,10,
"classroom_rl/BOTH/parsed-file689_inv15.als","classroom_rl","BOTH","inv15",91,36,36,164,43,44,0.554878,0.837209,0.818182,0.000000,1.000000,10,
"classroom_rl/BOTH/parsed-file692_inv12.als","classroom_rl","BOTH","inv12",25,13,13,78,22,20,0.320513,0.590909,0.650000,0.480000,0.520000,10,
"classroom_rl/BOTH/parsed-file693_inv15.als","classroom_rl","BOTH","inv15",1,1,1,77,23,21,0.012987,0.043478,0.047619,0.000000,1.000000,10,
"classroom_rl/BOTH/parsed-file694_inv12.als","classroom_rl","BOTH","inv12",24,13,16,116,32,30,0.206897,0.406250,0.533333,0.270000,0.730000,10,
"classroom_rl/BOTH/parsed-file697_inv13.als","classroom_rl","BOTH","inv13",44,14,17,87,26,27,0.505747,0.538462,0.629630,0.000000,1.000000,10,
"classroom_rl/BOTH/parsed-file698_inv11.als","classroom_rl","BOTH","inv11",37,15,25,110,30,31,0.336364,0.500000,0.806452,0.100000,0.900000,10,
"classroom_rl/BOTH/parsed-file6_inv11.als","classroom_rl","BOTH","inv11",35,14,12,84,23,22,0.416667,0.608696,0.545455,0.900000,0.100000,10,
"classroom_rl/BOTH/parsed-file700_inv12.als","classroom_rl","BOTH","inv12",26,11,29,132,36,39,0.196970,0.305556,0.743590,0.080000,0.920000,10,
"classroom_rl/BOTH/parsed-file704_inv5.als","classroom_rl","BOTH","inv5",38,16,9,103,27,24,0.368932,0.592593,0.375000,0.240000,0.760000,10,
"classroom_rl/BOTH/parsed-file708_inv12.als","classroom_rl","BOTH","inv12",45,30,29,146,39,37,0.308219,0.769231,0.783784,0.700000,0.300000,10,
"classroom_rl/BOTH/parsed-file712_inv3.als","classroom_rl","BOTH","inv3",2,2,5,60,16,14,0.033333,0.125000,0.357143,0.980392,0.019608,10,
"classroom_rl/BOTH/parsed-file712_inv4.als","classroom_rl","BOTH","inv4",3,2,9,62,16,17,0.048387,0.125000,0.529412,0.000000,1.000000,10,
"classroom_rl/BOTH/parsed-file717_inv5.als","classroom_rl","BOTH","inv5",4,1,13,61,17,18,0.065574,0.058824,0.722222,0.300000,0.700000,10,
"classroom_rl/BOTH/parsed-file71_inv9.als","classroom_rl","BOTH","inv9",25,8,13,46,12,12,0.543478,0.666667,1.083333,0.080000,0.920000,10,
"classroom_rl/BOTH/parsed-file728_inv14.als","classroom_rl","BOTH","inv14",24,7,42,157,44,47,0.152866,0.159091,0.893617,0.000000,1.000000,10,
"classroom_rl/BOTH/parsed-file730_inv11.als","classroom_rl","BOTH","inv11",40,17,27,116,32,33,0.344828,0.531250,0.818182,0.400000,0.600000,10,
"classroom_rl/BOTH/parsed-file731_inv12.als","classroom_rl","BOTH","inv12",31,10,25,110,30,31,0.281818,0.333333,0.806452,0.000000,1.000000,10,
"classroom_rl/BOTH/parsed-file734_inv4.als","classroom_rl","BOTH","inv4",2,2,8,63,18,18,0.031746,0.111111,0.444444,0.900000,0.100000,10,
"classroom_rl/BOTH/parsed-file738_inv11.als","classroom_rl","BOTH","inv11",53,18,29,131,36,38,0.404580,0.500000,0.763158,0.100000,0.900000,10,
"classroom_rl/BOTH/parsed-file739_inv5.als","classroom_rl","BOTH","inv5",27,12,12,47,14,14,0.574468,0.857143,0.857143,0.980392,0.019608,10,
"classroom_rl/BOTH/parsed-file740_inv14.als","classroom_rl","BOTH","inv14",24,20,40,168,46,45,0.142857,0.434783,0.888889,0.300000,0.700000,10,
"classroom_rl/BOTH/parsed-file74_inv11.als","classroom_rl","BOTH","inv11",50,22,20,121,34,36,0.413223,0.647059,0.555556,0.000000,1.000000,10,
"classroom_rl/BOTH/parsed-file755_inv9.als","classroom_rl","BOTH","inv9",14,14,17,66,17,23,0.212121,0.823529,0.739130,0.300000,0.700000,10,
"classroom_rl/BOTH/parsed-file758_inv11.als","classroom_rl","BOTH","inv11",66,50,25,176,47,46,0.375000,1.063830,0.543478,0.000000,1.000000,10,
"classroom_rl/BOTH/parsed-file764_inv14.als","classroom_rl","BOTH","inv14",44,44,45,177,48,47,0.248588,0.916667,0.957447,0.100000,0.900000,10,
"classroom_rl/BOTH/parsed-file770_inv12.als","classroom_rl","BOTH","inv12",46,19,19,81,23,24,0.567901,0.826087,0.791667,0.480000,0.520000,10,
"classroom_rl/BOTH/parsed-file773_inv11.als","classroom_rl","BOTH","inv11",44,16,17,85,22,23,0.517647,0.727273,0.739130,0.100000,0.900000,10,
"classroom_rl/BOTH/parsed-file775_inv11.als","classroom_rl","BOTH","inv11",19,4,37,144,38,38,0.131944,0.105263,0.973684,0.000000,1.000000,10,
"classroom_rl/BOTH/parsed-file779_inv12.als","classroom_rl","BOTH","inv12",41,15,19,91,25,25,0.450549,0.600000,0.760000,0.630000,0.370000,10,
"classroom_rl/BOTH/parsed-file781_inv5.als","classroom_rl","BOTH","inv5",16,6,3,70,20,19,0.228571,0.300000,0.157895,0.350000,0.650000,10,
"classroom_rl/BOTH/parsed-file790_inv12.als","classroom_rl","BOTH","inv12",27,27,24,128,34,29,0.210938,0.794118,0.827586,0.000000,1.000000,10,
"classroom_rl/BOTH/parsed-file791_inv11.als","classroom_rl","BOTH","inv11",35,12,11,99,28,29,0.353535,0.428571,0.379310,0.240000,0.760000,10,
"classroom_rl/BOTH/parsed-file79_inv4.als","classroom_rl","BOTH","inv4",46,16,16,101,27,23,0.455446,0.592593,0.695652,0.000000,1.000000,10,
"classroom_rl/BOTH/parsed-file800_inv12.als","classroom_rl","BOTH","inv12",25,26,25,125,34,31,0.200000,0.764706,0.806452,0.200000,0.800000,10,
"classroom_rl/BOTH/parsed-file816_inv15.als","classroom_rl","BOTH","inv15",103,61,76,225,67,81,0.457778,0.910448,0.938272,0.100000,0.900000,10,
"classroom_rl/BOTH/parsed-file823_inv4.als","classroom_rl","BOTH","inv4",3,2,9,62,16,17,0.048387,0.125000,0.529412,0.000000,1.000000,10,
"classroom_rl/BOTH/parsed-file82_inv14.als","classroom_rl","BOTH","inv14",48,21,18,84,24,24,0.571429,0.875000,0.750000,0.000000,1.000000,10,
"classroom_rl/BOTH/parsed-file830_inv5.als","classroom_rl","BOTH","inv5",13,19,23,81,20,22,0.160494,0.950000,1.045455,0.300000,0.700000,10,
"classroom_rl/BOTH/parsed-file834_inv4.als","classroom_rl","BOTH","inv4",5,4,8,63,18,18,0.079365,0.222222,0.444444,0.900000,0.100000,10,
"classroom_rl/BOTH/parsed-file841_inv12.als","classroom_rl","BOTH","inv12",6,2,26,142,38,38,0.042254,0.052632,0.684211,0.070000,0.930000,10,
"classroom_rl/BOTH/parsed-file845_inv8.als","classroom_rl","BOTH","inv8",20,4,16,73,19,18,0.273973,0.210526,0.888889,0.000000,1.000000,10,
"classroom_rl/BOTH/parsed-file847_inv11.als","classroom_rl","BOTH","inv11",50,19,21,132,36,38,0.378788,0.527778,0.552632,0.500000,0.500000,10,
"classroom_rl/BOTH/parsed-file851_inv14.als","classroom_rl","BOTH","inv14",63,22,19,42,11,12,1.500000,2.000000,1.583333,0.300000,0.700000,10,
"classroom_rl/BOTH/parsed-file852_inv14.als","classroom_rl","BOTH","inv14",66,34,31,143,38,39,0.461538,0.894737,0.794872,0.100000,0.900000,10,
"classroom_rl/BOTH/parsed-file859_inv11.als","classroom_rl","BOTH","inv11",64,26,29,133,36,38,0.481203,0.722222,0.763158,0.000000,1.000000,10,
"classroom_rl/BOTH/parsed-file85_inv12.als","classroom_rl","BOTH","inv12",28,12,15,90,25,26,0.311111,0.480000,0.576923,0.480000,0.520000,10,
"classroom_rl/BOTH/parsed-file861_inv11.als","classroom_rl","BOTH","inv11",45,17,14,121,34,36,0.371901,0.500000,0.388889,0.900000,0.100000,10,
"classroom_rl/BOTH/parsed-file863_inv9.als","classroom_rl","BOTH","inv9",36,12,14,67,17,16,0.537313,0.705882,0.875000,0.000000,1.000000,10,
"classroom_rl/BOTH/parsed-file878_inv11.als","classroom_rl","BOTH","inv11",60,22,38,133,36,37,0.451128,0.611111,1.027027,0.500000,0.500000,10,
"classroom_rl/BOTH/parsed-file881_inv4.als","classroom_rl","BOTH","inv4",41,13,9,58,14,11,0.706897,0.928571,0.818182,0.000000,1.000000,10,
"classroom_rl/BOTH/parsed-file891_inv11.als","classroom_rl","BOTH","inv11",25,33,22,155,40,39,0.161290,0.825000,0.564103,0.100000,0.900000,10,
"classroom_rl/BOTH/parsed-file891_inv12.als","classroom_rl","BOTH","inv12",66,31,36,156,40,38,0.423077,0.775000,0.947368,0.600000,0.400000,10,
"classroom_rl/BOTH/parsed-file894_inv14.als","classroom_rl","BOTH","inv14",54,26,31,137,38,36,0.394161,0.684211,0.861111,0.000000,1.000000,10,
"classroom_rl/BOTH/parsed-file899_inv11.als","classroom_rl","BOTH","inv11",40,20,14,91,25,25,0.439560,0.800000,0.560000,0.300000,0.700000,10,
"classroom_rl/BOTH/parsed-file8_inv12.als","classroom_rl","BOTH","inv12",10,3,28,144,38,39,0.069444,0.078947,0.717949,0.080000,0.920000,10,
"classroom_rl/BOTH/parsed-file904_inv11.als","classroom_rl","BOTH","inv11",41,20,13,91,25,25,0.450549,0.800000,0.520000,0.350000,0.650000,10,
"classroom_rl/BOTH/parsed-file908_inv11.als","classroom_rl","BOTH","inv11",41,16,17,110,30,31,0.372727,0.533333,0.548387,0.100000,0.900000,10,
"classroom_rl/BOTH/parsed-file911_inv12.als","classroom_rl","BOTH","inv12",28,11,29,133,36,38,0.210526,0.305556,0.763158,0.500000,0.500000,10,
"classroom_rl/BOTH/parsed-file922_inv14.als","classroom_rl","BOTH","inv14",56,24,27,113,31,32,0.495575,0.774194,0.843750,0.200000,0.800000,10,
"classroom_rl/BOTH/parsed-file929_inv8.als","classroom_rl","BOTH","inv8",26,18,22,93,26,26,0.279570,0.692308,0.846154,0.000000,1.000000,10,
"classroom_rl/BOTH/parsed-file931_inv11.als","classroom_rl","BOTH","inv11",37,20,11,91,25,25,0.406593,0.800000,0.440000,0.350000,0.650000,10,
"classroom_rl/BOTH/parsed-file932_inv11.als","classroom_rl","BOTH","inv11",39,15,15,132,36,38,0.295455,0.416667,0.394737,0.700000,0.300000,10,
"classroom_rl/BOTH/parsed-file935_inv15.als","classroom_rl","BOTH","inv15",95,46,59,179,52,64,0.530726,0.884615,0.921875,0.100000,0.900000,10,
"classroom_rl/BOTH/parsed-file951_inv14.als","classroom_rl","BOTH","inv14",39,22,27,132,36,35,0.295455,0.611111,0.771429,0.000000,1.000000,10,
"classroom_rl/BOTH/parsed-file957_inv11.als","classroom_rl","BOTH","inv11",55,21,15,107,30,31,0.514019,0.700000,0.483871,0.600000,0.400000,10,
"classroom_rl/BOTH/parsed-file958_inv11.als","classroom_rl","BOTH","inv11",54,28,26,133,38,40,0.406015,0.736842,0.650000,0.100000,0.900000,10,
"classroom_rl/BOTH/parsed-file959_inv14.als","classroom_rl","BOTH","inv14",35,39,44,166,46,43,0.210843,0.847826,1.023256,0.000000,1.000000,10,
"classroom_rl/BOTH/parsed-file95_inv14.als","classroom_rl","BOTH","inv14",34,13,13,112,30,36,0.303571,0.433333,0.361111,0.240000,0.760000,10,
"classroom_rl/BOTH/parsed-file960_inv5.als","classroom_rl","BOTH","inv5",14,6,4,51,14,13,0.274510,0.428571,0.307692,0.980392,0.019608,10,
"classroom_rl/BOTH/parsed-file962_inv11.als","classroom_rl","BOTH","inv11",59,27,29,132,36,39,0.446970,0.750000,0.743590,0.000000,1.000000,10,
"classroom_rl/BOTH/parsed-file965_inv5.als","classroom_rl","BOTH","inv5",27,9,9,81,23,24,0.333333,0.391304,0.375000,0.240000,0.760000,10,
"classroom_rl/BOTH/parsed-file966_inv12.als","classroom_rl","BOTH","inv12",34,15,11,91,25,25,0.373626,0.600000,0.440000,0.480000,0.520000,10,
"classroom_rl/BOTH/parsed-file968_inv11.als","classroom_rl","BOTH","inv11",55,21,15,107,30,31,0.514019,0.700000,0.483871,0.600000,0.400000,10,
"classroom_rl/BOTH/parsed-file972_inv11.als","classroom_rl","BOTH","inv11",61,23,15,123,34,36,0.495935,0.676471,0.416667,0.900000,0.100000,10,
"classroom_rl/BOTH/parsed-file972_inv12.als","classroom_rl","BOTH","inv12",34,10,25,109,30,28,0.311927,0.333333,0.892857,0.000000,1.000000,10,
"classroom_rl/BOTH/parsed-file978_inv14.als","classroom_rl","BOTH","inv14",34,11,42,161,46,48,0.211180,0.239130,0.875000,0.000000,1.000000,10,
"classroom_rl/BOTH/parsed-file983_inv13.als","classroom_rl","BOTH","inv13",35,8,4,71,24,16,0.492958,0.333333,0.250000,0.900000,0.100000,10,
"classroom_rl/BOTH/parsed-file986_inv15.als","classroom_rl","BOTH","inv15",54,23,21,129,35,30,0.418605,0.657143,0.700000,0.000000,1.000000,10,
"classroom_rl/BOTH/parsed-file991_inv11.als","classroom_rl","BOTH","inv11",62,26,26,135,38,40,0.459259,0.684211,0.650000,0.100000,0.900000,10,
"classroom_rl/BOTH/parsed-file993_inv11.als","classroom_rl","BOTH","inv11",14,4,22,144,38,39,0.097222,0.105263,0.564103,0.100000,0.900000,10,
"classroom_rl/BOTH/parsed-file99_inv4.als","classroom_rl","BOTH","inv4",3,2,9,62,16,17,0.048387,0.125000,0.529412,0.000000,1.000000,10,
"classroom_rl/OVERCONSTRAINED/parsed-file1001_inv9.als","classroom_rl","OVERCONSTRAINED","inv9",12,7,5,43,12,12,0.279070,0.583333,0.416667,0.990099,0.009901,10,
"classroom_rl/OVERCONSTRAINED/parsed-file1006_inv3.als","classroom_rl","OVERCONSTRAINED","inv3",1,1,8,62,16,25,0.016129,0.062500,0.320000,0.990099,0.009901,10,
"classroom_rl/OVERCONSTRAINED/parsed-file1023_inv9.als","classroom_rl","OVERCONSTRAINED","inv9",36,15,8,23,9,7,1.565217,1.666667,1.142857,0.000000,1.000000,10,
"classroom_rl/OVERCONSTRAINED/parsed-file1030_inv7.als","classroom_rl","OVERCONSTRAINED","inv7",2,2,2,72,19,19,0.027778,0.105263,0.105263,0.000000,1.000000,10,
"classroom_rl/OVERCONSTRAINED/parsed-file1051_inv6.als","classroom_rl","OVERCONSTRAINED","inv6",27,9,11,58,16,15,0.465517,0.562500,0.733333,0.000000,1.000000,10,
"classroom_rl/OVERCONSTRAINED/parsed-file105_inv12.als","classroom_rl","OVERCONSTRAINED","inv12",19,24,7,127,34,30,0.149606,0.705882,0.233333,0.700000,0.300000,10,
"classroom_rl/OVERCONSTRAINED/parsed-file1091_inv5.als","classroom_rl","OVERCONSTRAINED","inv5",10,5,3,40,11,11,0.250000,0.454545,0.272727,0.000000,1.000000,10,
"classroom_rl/OVERCONSTRAINED/parsed-file1093_inv12.als","classroom_rl","OVERCONSTRAINED","inv12",17,5,6,116,32,30,0.146552,0.156250,0.200000,0.700000,0.300000,10,
"classroom_rl/OVERCONSTRAINED/parsed-file1116_inv6.als","classroom_rl","OVERCONSTRAINED","inv6",6,2,2,30,9,7,0.200000,0.222222,0.285714,0.000000,1.000000,10,
"classroom_rl/OVERCONSTRAINED/parsed-file1121_inv9.als","classroom_rl","OVERCONSTRAINED","inv9",1,1,1,71,19,19,0.014085,0.052632,0.052632,0.300000,0.700000,10,
"classroom_rl/OVERCONSTRAINED/parsed-file1151_inv11.als","classroom_rl","OVERCONSTRAINED","inv11",48,19,21,132,36,35,0.363636,0.527778,0.600000,0.990099,0.009901,10,
"classroom_rl/OVERCONSTRAINED/parsed-file1152_inv11.als","classroom_rl","OVERCONSTRAINED","inv11",58,34,21,155,40,35,0.374194,0.850000,0.600000,0.000000,1.000000,10,
"classroom_rl/OVERCONSTRAINED/parsed-file1155_inv14.als","classroom_rl","OVERCONSTRAINED","inv14",28,31,35,145,39,40,0.193103,0.794872,0.875000,0.000000,1.000000,10,
"classroom_rl/OVERCONSTRAINED/parsed-file115_inv5.als","classroom_rl","OVERCONSTRAINED","inv5",12,6,3,40,11,11,0.300000,0.545455,0.272727,0.000000,1.000000,10,
"classroom_rl/OVERCONSTRAINED/parsed-file1186_inv13.als","classroom_rl","OVERCONSTRAINED","inv13",43,16,11,20,7,6,2.150000,2.285714,1.833333,0.000000,1.000000,10,
"classroom_rl/OVERCONSTRAINED/parsed-file1205_inv12.als","classroom_rl","OVERCONSTRAINED","inv12",24,10,9,132,36,36,0.181818,0.277778,0.250000,0.300000,0.700000,10,
"classroom_rl/OVERCONSTRAINED/parsed-file1237_inv10.als","classroom_rl","OVERCONSTRAINED","inv10",6,2,2,101,27,25,0.059406,0.074074,0.080000,0.000000,1.000000,10,
"classroom_rl/OVERCONSTRAINED/parsed-file1238_inv7.als","classroom_rl","OVERCONSTRAINED","inv7",15,3,3,34,9,7,0.441176,0.333333,0.428571,0.990099,0.009901,10,
"classroom_rl/OVERCONSTRAINED/parsed-file1249_inv7.als","classroom_rl","OVERCONSTRAINED","inv7",22,4,15,72,19,19,0.305556,0.210526,0.789474,0.990099,0.009901,10,
"classroom_rl/OVERCONSTRAINED/parsed-file1279_inv9.als","classroom_rl","OVERCONSTRAINED","inv9",1,1,1,71,19,19,0.014085,0.052632,0.052632,0.300000,0.700000,10,
"classroom_rl/OVERCONSTRAINED/parsed-file1282_inv11.als","classroom_rl","OVERCONSTRAINED","inv11",38,18,20,94,25,24,0.404255,0.720000,0.833333,0.990099,0.009901,10,
"classroom_rl/OVERCONSTRAINED/parsed-file134_inv12.als","classroom_rl","OVERCONSTRAINED","inv12",8,2,4,144,38,35,0.055556,0.052632,0.114286,0.300000,0.700000,10,
"classroom_rl/OVERCONSTRAINED/parsed-file1376_inv7.als","classroom_rl","OVERCONSTRAINED","inv7",2,2,2,72,19,19,0.027778,0.105263,0.105263,0.000000,1.000000,10,
"classroom_rl/OVERCONSTRAINED/parsed-file1398_inv11.als","classroom_rl","OVERCONSTRAINED","inv11",33,12,10,51,15,13,0.647059,0.800000,0.769231,0.000000,1.000000,10,
"classroom_rl/OVERCONSTRAINED/parsed-file1404_inv15.als","classroom_rl","OVERCONSTRAINED","inv15",85,33,27,141,37,35,0.602837,0.891892,0.771429,0.000000,1.000000,10,
"classroom_rl/OVERCONSTRAINED/parsed-file1439_inv11.als","classroom_rl","OVERCONSTRAINED","inv11",39,12,7,49,15,13,0.795918,0.800000,0.538462,0.000000,1.000000,10,
"classroom_rl/OVERCONSTRAINED/parsed-file1448_inv3.als","classroom_rl","OVERCONSTRAINED","inv3",20,6,16,102,26,24,0.196078,0.230769,0.666667,0.990099,0.009901,10,
"classroom_rl/OVERCONSTRAINED/parsed-file1464_inv4.als","classroom_rl","OVERCONSTRAINED","inv4",3,2,6,64,18,15,0.046875,0.111111,0.400000,0.000000,1.000000,10,
"classroom_rl/OVERCONSTRAINED/parsed-file1519_inv11.als","classroom_rl","OVERCONSTRAINED","inv11",19,32,32,147,40,36,0.129252,0.800000,0.888889,0.990099,0.009901,10,
"classroom_rl/OVERCONSTRAINED/parsed-file1526_inv2.als","classroom_rl","OVERCONSTRAINED","inv2",6,1,1,40,11,12,0.150000,0.090909,0.083333,0.000000,1.000000,10,
"classroom_rl/OVERCONSTRAINED/parsed-file1664_inv10.als","classroom_rl","OVERCONSTRAINED","inv10",15,8,8,54,15,16,0.277778,0.533333,0.500000,0.000000,1.000000,10,
"classroom_rl/OVERCONSTRAINED/parsed-file1700_inv9.als","classroom_rl","OVERCONSTRAINED","inv9",12,7,5,43,12,12,0.279070,0.583333,0.416667,0.990099,0.009901,10,
"classroom_rl/OVERCONSTRAINED/parsed-file170_inv11.als","classroom_rl","OVERCONSTRAINED","inv11",39,15,14,132,36,38,0.295455,0.416667,0.368421,0.990099,0.009901,10,
"classroom_rl/OVERCONSTRAINED/parsed-file1745_inv4.als","classroom_rl","OVERCONSTRAINED","inv4",4,2,6,59,16,14,0.067797,0.125000,0.428571,0.990099,0.009901,10,
"classroom_rl/OVERCONSTRAINED/parsed-file1757_inv7.als","classroom_rl","OVERCONSTRAINED","inv7",2,0,2,72,19,19,0.027778,0.000000,0.105263,0.000000,1.000000,10,
"classroom_rl/OVERCONSTRAINED/parsed-file175_inv11.als","classroom_rl","OVERCONSTRAINED","inv11",39,15,14,132,36,38,0.295455,0.416667,0.368421,0.990099,0.009901,10,
"classroom_rl/OVERCONSTRAINED/parsed-file1793_inv3.als","classroom_rl","OVERCONSTRAINED","inv3",17,4,8,127,32,29,0.133858,0.125000,0.275862,0.990099,0.009901,10,
"classroom_rl/OVERCONSTRAINED/parsed-file1811_inv11.als","classroom_rl","OVERCONSTRAINED","inv11",33,12,10,51,15,13,0.647059,0.800000,0.769231,0.000000,1.000000,10,
"classroom_rl/OVERCONSTRAINED/parsed-file1818_inv10.als","classroom_rl","OVERCONSTRAINED","inv10",16,8,8,50,14,16,0.320000,0.571429,0.500000,0.000000,1.000000,10,
"classroom_rl/OVERCONSTRAINED/parsed-file1833_inv11.als","classroom_rl","OVERCONSTRAINED","inv11",19,32,32,147,40,36,0.129252,0.800000,0.888889,0.990099,0.009901,10,
"classroom_rl/OVERCONSTRAINED/parsed-file1866_inv8.als","classroom_rl","OVERCONSTRAINED","inv8",3,1,27,117,30,39,0.025641,0.033333,0.692308,0.000000,1.000000,10,
"classroom_rl/OVERCONSTRAINED/parsed-file1875_inv11.als","classroom_rl","OVERCONSTRAINED","inv11",16,5,21,144,38,35,0.111111,0.131579,0.600000,0.000000,1.000000,10,
"classroom_rl/OVERCONSTRAINED/parsed-file1940_inv5.als","classroom_rl","OVERCONSTRAINED","inv5",20,9,6,58,16,14,0.344828,0.562500,0.428571,0.000000,1.000000,10,
"classroom_rl/OVERCONSTRAINED/parsed-file1942_inv12.als","classroom_rl","OVERCONSTRAINED","inv12",17,5,6,116,32,30,0.146552,0.156250,0.200000,0.700000,0.300000,10,
"classroom_rl/OVERCONSTRAINED/parsed-file1946_inv3.als","classroom_rl","OVERCONSTRAINED","inv3",2,1,9,62,16,17,0.032258,0.062500,0.529412,0.000000,1.000000,10,
"classroom_rl/OVERCONSTRAINED/parsed-file1959_inv11.als","classroom_rl","OVERCONSTRAINED","inv11",2,2,2,143,38,35,0.013986,0.052632,0.057143,0.000000,1.000000,10,
"classroom_rl/OVERCONSTRAINED/parsed-file1963_inv12.als","classroom_rl","OVERCONSTRAINED","inv12",26,12,10,115,32,31,0.226087,0.375000,0.322581,0.700000,0.300000,10,
"classroom_rl/OVERCONSTRAINED/parsed-file1986_inv6.als","classroom_rl","OVERCONSTRAINED","inv6",26,9,10,51,14,13,0.509804,0.642857,0.769231,0.990099,0.009901,10,
"classroom_rl/OVERCONSTRAINED/parsed-file1994_inv15.als","classroom_rl","OVERCONSTRAINED","inv15",48,16,13,12,5,5,4.000000,3.200000,2.600000,0.000000,1.000000,10,
"classroom_rl/OVERCONSTRAINED/parsed-file2009_inv13.als","classroom_rl","OVERCONSTRAINED","inv13",5,15,11,90,23,25,0.055556,0.652174,0.440000,0.000000,1.000000,10,
"classroom_rl/OVERCONSTRAINED/parsed-file2051_inv10.als","classroom_rl","OVERCONSTRAINED","inv10",20,9,11,91,25,25,0.219780,0.360000,0.440000,0.000000,1.000000,10,
"classroom_rl/OVERCONSTRAINED/parsed-file2055_inv13.als","classroom_rl","OVERCONSTRAINED","inv13",40,8,8,132,32,35,0.303030,0.250000,0.228571,0.100000,0.900000,10,
"classroom_rl/OVERCONSTRAINED/parsed-file2110_inv12.als","classroom_rl","OVERCONSTRAINED","inv12",18,25,7,127,34,30,0.141732,0.735294,0.233333,0.700000,0.300000,10,
"classroom_rl/OVERCONSTRAINED/parsed-file2149_inv11.als","classroom_rl","OVERCONSTRAINED","inv11",35,14,16,73,20,19,0.479452,0.700000,0.842105,0.000000,1.000000,10,
"classroom_rl/OVERCONSTRAINED/parsed-file2189_inv12.als","classroom_rl","OVERCONSTRAINED","inv12",44,10,10,167,44,41,0.263473,0.227273,0.243902,0.000000,1.000000,10,
"classroom_rl/OVERCONSTRAINED/parsed-file2192_inv6.als","classroom_rl","OVERCONSTRAINED","inv6",5,1,1,29,9,7,0.172414,0.111111,0.142857,0.000000,1.000000,10,
"classroom_rl/OVERCONSTRAINED/parsed-file2204_inv2.als","classroom_rl","OVERCONSTRAINED","inv2",14,3,5,20,6,7,0.700000,0.500000,0.714286,0.000000,1.000000,10,
"classroom_rl/OVERCONSTRAINED/parsed-file2238_inv3.als","classroom_rl","OVERCONSTRAINED","inv3",26,17,11,87,22,22,0.298851,0.772727,0.500000,0.990099,0.009901,10,
"classroom_rl/OVERCONSTRAINED/parsed-file2298_inv9.als","classroom_rl","OVERCONSTRAINED","inv9",30,15,9,33,12,8,0.909091,1.250000,1.125000,0.000000,1.000000,10,
"classroom_rl/OVERCONSTRAINED/parsed-file2317_inv5.als","classroom_rl","OVERCONSTRAINED","inv5",37,13,10,75,20,17,0.493333,0.650000,0.588235,0.000000,1.000000,10,
"classroom_rl/OVERCONSTRAINED/parsed-file2387_inv11.als","classroom_rl","OVERCONSTRAINED","inv11",43,23,19,122,34,33,0.352459,0.676471,0.575758,0.000000,1.000000,10,
"classroom_rl/OVERCONSTRAINED/parsed-file2401_inv11.als","classroom_rl","OVERCONSTRAINED","inv11",55,22,19,151,40,39,0.364238,0.550000,0.487179,0.000000,1.000000,10,
"classroom_rl/OVERCONSTRAINED/parsed-file2457_inv10.als","classroom_rl","OVERCONSTRAINED","inv10",2,2,2,91,25,25,0.021978,0.080000,0.080000,0.000000,1.000000,10,
"classroom_rl/OVERCONSTRAINED/parsed-file2459_inv13.als","classroom_rl","OVERCONSTRAINED","inv13",43,23,19,130,31,33,0.330769,0.741935,0.575758,0.000000,1.000000,10,
"classroom_rl/OVERCONSTRAINED/parsed-file246_inv11.als","classroom_rl","OVERCONSTRAINED","inv11",42,39,43,157,42,42,0.267516,0.928571,1.023810,0.000000,1.000000,10,
"classroom_rl/OVERCONSTRAINED/parsed-file2485_inv12.als","classroom_rl","OVERCONSTRAINED","inv12",28,11,13,72,19,19,0.388889,0.578947,0.684211,0.000000,1.000000,10,
"classroom_rl/OVERCONSTRAINED/parsed-file2504_inv7.als","classroom_rl","OVERCONSTRAINED","inv7",10,4,6,43,12,12,0.232558,0.333333,0.500000,0.000000,1.000000,10,
"classroom_rl/OVERCONSTRAINED/parsed-file2523_inv11.als","classroom_rl","OVERCONSTRAINED","inv11",28,13,12,132,36,38,0.212121,0.361111,0.315789,0.990099,0.009901,10,
"classroom_rl/OVERCONSTRAINED/parsed-file2528_inv10.als","classroom_rl","OVERCONSTRAINED","inv10",18,8,8,50,14,16,0.360000,0.571429,0.500000,0.000000,1.000000,10,
"classroom_rl/OVERCONSTRAINED/parsed-file2556_inv11.als","classroom_rl","OVERCONSTRAINED","inv11",67,43,16,176,47,3,0.380682,0.914894,5.333333,0.000000,1.000000,10,
"classroom_rl/OVERCONSTRAINED/parsed-file2620_inv3.als","classroom_rl","OVERCONSTRAINED","inv3",7,1,1,24,7,6,0.291667,0.142857,0.166667,0.000000,1.000000,10,
"classroom_rl/OVERCONSTRAINED/parsed-file2637_inv5.als","classroom_rl","OVERCONSTRAINED","inv5",23,7,7,40,11,11,0.575000,0.636364,0.636364,0.000000,1.000000,10,
"classroom_rl/OVERCONSTRAINED/parsed-file2656_inv7.als","classroom_rl","OVERCONSTRAINED","inv7",22,4,15,72,19,19,0.305556,0.210526,0.789474,0.990099,0.009901,10,
"classroom_rl/OVERCONSTRAINED/parsed-file2701_inv5.als","classroom_rl","OVERCONSTRAINED","inv5",23,7,7,40,11,11,0.575000,0.636364,0.636364,0.000000,1.000000,10,
"classroom_rl/OVERCONSTRAINED/parsed-file2710_inv7.als","classroom_rl","OVERCONSTRAINED","inv7",22,4,15,72,19,19,0.305556,0.210526,0.789474,0.990099,0.009901,10,
"classroom_rl/OVERCONSTRAINED/parsed-file2715_inv6.als","classroom_rl","OVERCONSTRAINED","inv6",6,1,4,71,19,19,0.084507,0.052632,0.210526,0.700000,0.300000,10,
"classroom_rl/OVERCONSTRAINED/parsed-file2723_inv10.als","classroom_rl","OVERCONSTRAINED","inv10",6,1,4,90,25,25,0.066667,0.040000,0.160000,0.990099,0.009901,10,
"classroom_rl/OVERCONSTRAINED/parsed-file2736_inv8.als","classroom_rl","OVERCONSTRAINED","inv8",27,13,10,34,9,7,0.794118,1.444444,1.428571,0.000000,1.000000,10,
"classroom_rl/OVERCONSTRAINED/parsed-file274_inv10.als","classroom_rl","OVERCONSTRAINED","inv10",23,10,13,55,17,14,0.418182,0.588235,0.928571,0.000000,1.000000,10,
"classroom_rl/OVERCONSTRAINED/parsed-file2774_inv6.als","classroom_rl","OVERCONSTRAINED","inv6",6,1,5,91,24,24,0.065934,0.041667,0.208333,0.990099,0.009901,10,
"classroom_rl/OVERCONSTRAINED/parsed-file2786_inv2.als","classroom_rl","OVERCONSTRAINED","inv2",6,1,1,40,11,12,0.150000,0.090909,0.083333,0.000000,1.000000,10,
"classroom_rl/OVERCONSTRAINED/parsed-file2796_inv12.als","classroom_rl","OVERCONSTRAINED","inv12",17,5,6,116,32,30,0.146552,0.156250,0.200000,0.700000,0.300000,10,
"classroom_rl/OVERCONSTRAINED/parsed-file2811_inv11.als","classroom_rl","OVERCONSTRAINED","inv11",39,15,14,132,36,38,0.295455,0.416667,0.368421,0.990099,0.009901,10,
"classroom_rl/OVERCONSTRAINED/parsed-file2825_inv4.als","classroom_rl","OVERCONSTRAINED","inv4",23,6,4,11,4,4,2.090909,1.500000,1.000000,0.000000,1.000000,10,
"classroom_rl/OVERCONSTRAINED/parsed-file2836_inv10.als","classroom_rl","OVERCONSTRAINED","inv10",16,7,5,86,22,22,0.186047,0.318182,0.227273,0.000000,1.000000,10,
"classroom_rl/OVERCONSTRAINED/parsed-file2872_inv9.als","classroom_rl","OVERCONSTRAINED","inv9",16,7,5,39,10,10,0.410256,0.700000,0.500000,0.990099,0.009901,10,
"classroom_rl/OVERCONSTRAINED/parsed-file2901_inv5.als","classroom_rl","OVERCONSTRAINED","inv5",7,2,3,24,7,6,0.291667,0.285714,0.500000,0.000000,1.000000,10,
"classroom_rl/OVERCONSTRAINED/parsed-file2910_inv11.als","classroom_rl","OVERCONSTRAINED","inv11",25,14,7,72,19,19,0.347222,0.736842,0.368421,0.000000,1.000000,10,
"classroom_rl/OVERCONSTRAINED/parsed-file292_inv6.als","classroom_rl","OVERCONSTRAINED","inv6",3,2,2,28,9,7,0.107143,0.222222,0.285714,0.000000,1.000000,10,
"classroom_rl/OVERCONSTRAINED/parsed-file2937_inv12.als","classroom_rl","OVERCONSTRAINED","inv12",8,2,4,153,40,35,0.052288,0.050000,0.114286,0.700000,0.300000,10,
"classroom_rl/OVERCONSTRAINED/parsed-file293_inv12.als","classroom_rl","OVERCONSTRAINED","inv12",17,5,6,116,32,30,0.146552,0.156250,0.200000,0.700000,0.300000,10,
"classroom_rl/OVERCONSTRAINED/parsed-file2990_inv7.als","classroom_rl","OVERCONSTRAINED","inv7",6,1,1,26,9,7,0.230769,0.111111,0.142857,0.000000,1.000000,10,
"classroom_rl/OVERCONSTRAINED/parsed-file3017_inv6.als","classroom_rl","OVERCONSTRAINED","inv6",6,1,5,91,24,24,0.065934,0.041667,0.208333,0.990099,0.009901,10,
"classroom_rl/OVERCONSTRAINED/parsed-file3048_inv15.als","classroom_rl","OVERCONSTRAINED","inv15",7,5,10,204,62,52,0.034314,0.080645,0.192308,0.990099,0.009901,10,
"classroom_rl/OVERCONSTRAINED/parsed-file3053_inv9.als","classroom_rl","OVERCONSTRAINED","inv9",12,7,5,43,12,12,0.279070,0.583333,0.416667,0.990099,0.009901,10,
"classroom_rl/OVERCONSTRAINED/parsed-file3092_inv3.als","classroom_rl","OVERCONSTRAINED","inv3",6,1,1,23,7,6,0.260870,0.142857,0.166667,0.000000,1.000000,10,
"classroom_rl/OVERCONSTRAINED/parsed-file3095_inv11.als","classroom_rl","OVERCONSTRAINED","inv11",36,16,18,90,23,22,0.400000,0.695652,0.818182,0.990099,0.009901,10,
"classroom_rl/OVERCONSTRAINED/parsed-file3107_inv9.als","classroom_rl","OVERCONSTRAINED","inv9",12,8,4,46,14,13,0.260870,0.571429,0.307692,0.990099,0.009901,10,
"classroom_rl/OVERCONSTRAINED/parsed-file3120_inv11.als","classroom_rl","OVERCONSTRAINED","inv11",26,12,12,132,36,38,0.196970,0.333333,0.315789,0.990099,0.009901,10,
"classroom_rl/OVERCONSTRAINED/parsed-file3154_inv12.als","classroom_rl","OVERCONSTRAINED","inv12",17,5,6,116,32,30,0.146552,0.156250,0.200000,0.700000,0.300000,10,
"classroom_rl/OVERCONSTRAINED/parsed-file3156_inv3.als","classroom_rl","OVERCONSTRAINED","inv3",3,2,9,62,16,17,0.048387,0.125000,0.529412,0.000000,1.000000,10,
"classroom_rl/OVERCONSTRAINED/parsed-file3169_inv8.als","classroom_rl","OVERCONSTRAINED","inv8",18,14,5,103,26,32,0.174757,0.538462,0.156250,0.600000,0.400000,10,
"classroom_rl/OVERCONSTRAINED/parsed-file3174_inv11.als","classroom_rl","OVERCONSTRAINED","inv11",45,26,14,126,34,30,0.357143,0.764706,0.466667,0.000000,1.000000,10,
"classroom_rl/OVERCONSTRAINED/parsed-file3208_inv11.als","classroom_rl","OVERCONSTRAINED","inv11",28,13,12,132,36,38,0.212121,0.361111,0.315789,0.990099,0.009901,10,
"classroom_rl/OVERCONSTRAINED/parsed-file3266_inv3.als","classroom_rl","OVERCONSTRAINED","inv3",6,1,1,23,7,6,0.260870,0.142857,0.166667,0.000000,1.000000,10,
"classroom_rl/OVERCONSTRAINED/parsed-file3279_inv7.als","classroom_rl","OVERCONSTRAINED","inv7",22,4,15,72,19,19,0.305556,0.210526,0.789474,0.990099,0.009901,10,
"classroom_rl/OVERCONSTRAINED/parsed-file3328_inv15.als","classroom_rl","OVERCONSTRAINED","inv15",94,57,52,218,64,60,0.431193,0.890625,0.866667,0.000000,1.000000,10,
"classroom_rl/OVERCONSTRAINED/parsed-file3363_inv12.als","classroom_rl","OVERCONSTRAINED","inv12",1,1,1,132,36,35,0.007576,0.027778,0.028571,0.700000,0.300000,10,
"classroom_rl/OVERCONSTRAINED/parsed-file3385_inv12.als","classroom_rl","OVERCONSTRAINED","inv12",34,16,12,29,9,7,1.172414,1.777778,1.714286,0.000000,1.000000,10,
"classroom_rl/OVERCONSTRAINED/parsed-file3436_inv15.als","classroom_rl","OVERCONSTRAINED","inv15",89,32,33,145,39,41,0.613793,0.820513,0.804878,0.000000,1.000000,10,
"classroom_rl/OVERCONSTRAINED/parsed-file3441_inv9.als","classroom_rl","OVERCONSTRAINED","inv9",27,13,9,48,13,12,0.562500,1.000000,0.750000,0.990099,0.009901,10,
"classroom_rl/OVERCONSTRAINED/parsed-file3442_inv3.als","classroom_rl","OVERCONSTRAINED","inv3",15,5,4,30,9,7,0.500000,0.555556,0.571429,0.990099,0.009901,10,
"classroom_rl/OVERCONSTRAINED/parsed-file3452_inv9.als","classroom_rl","OVERCONSTRAINED","inv9",37,16,9,22,7,6,1.681818,2.285714,1.500000,0.500000,0.500000,10,
"classroom_rl/OVERCONSTRAINED/parsed-file3463_inv11.als","classroom_rl","OVERCONSTRAINED","inv11",35,13,9,47,14,12,0.744681,0.928571,0.750000,0.000000,1.000000,10,
"classroom_rl/OVERCONSTRAINED/parsed-file3465_inv8.als","classroom_rl","OVERCONSTRAINED","inv8",17,11,14,84,23,23,0.202381,0.478261,0.608696,0.600000,0.400000,10,
"classroom_rl/OVERCONSTRAINED/parsed-file3478_inv11.als","classroom_rl","OVERCONSTRAINED","inv11",52,29,32,143,38,36,0.363636,0.763158,0.888889,0.990099,0.009901,10,
"classroom_rl/OVERCONSTRAINED/parsed-file347_inv5.als","classroom_rl","OVERCONSTRAINED","inv5",10,4,8,44,12,12,0.227273,0.333333,0.666667,0.000000,1.000000,10,
"classroom_rl/OVERCONSTRAINED/parsed-file3483_inv11.als","classroom_rl","OVERCONSTRAINED","inv11",52,24,26,143,40,37,0.363636,0.600000,0.702703,0.500000,0.500000,10,
"classroom_rl/OVERCONSTRAINED/parsed-file3499_inv15.als","classroom_rl","OVERCONSTRAINED","inv15",56,22,24,98,26,32,0.571429,0.846154,0.750000,0.000000,1.000000,10,
"classroom_rl/OVERCONSTRAINED/parsed-file34_inv12.als","classroom_rl","OVERCONSTRAINED","inv12",17,5,6,116,32,30,0.146552,0.156250,0.200000,0.700000,0.300000,10,
"classroom_rl/OVERCONSTRAINED/parsed-file3520_inv11.als","classroom_rl","OVERCONSTRAINED","inv11",37,16,20,95,25,24,0.389474,0.640000,0.833333,0.990099,0.009901,10,
"classroom_rl/OVERCONSTRAINED/parsed-file3531_inv9.als","classroom_rl","OVERCONSTRAINED","inv9",23,16,5,89,24,32,0.258427,0.666667,0.156250,0.200000,0.800000,10,
"classroom_rl/OVERCONSTRAINED/parsed-file3568_inv12.als","classroom_rl","OVERCONSTRAINED","inv12",6,1,4,142,38,35,0.042254,0.026316,0.114286,0.700000,0.300000,10,
"classroom_rl/OVERCONSTRAINED/parsed-file356_inv12.als","classroom_rl","OVERCONSTRAINED","inv12",26,6,7,149,40,38,0.174497,0.150000,0.184211,0.000000,1.000000,10,
"classroom_rl/OVERCONSTRAINED/parsed-file3572_inv11.als","classroom_rl","OVERCONSTRAINED","inv11",37,13,13,161,45,45,0.229814,0.288889,0.288889,0.500000,0.500000,10,
"classroom_rl/OVERCONSTRAINED/parsed-file3573_inv7.als","classroom_rl","OVERCONSTRAINED","inv7",6,2,2,26,9,7,0.230769,0.222222,0.285714,0.000000,1.000000,10,
"classroom_rl/OVERCONSTRAINED/parsed-file3580_inv14.als","classroom_rl","OVERCONSTRAINED","inv14",4,21,29,145,39,40,0.027586,0.538462,0.725000,0.000000,1.000000,10,
"classroom_rl/OVERCONSTRAINED/parsed-file3587_inv11.als","classroom_rl","OVERCONSTRAINED","inv11",2,2,2,143,38,35,0.013986,0.052632,0.057143,0.000000,1.000000,10,
"classroom_rl/OVERCONSTRAINED/parsed-file3594_inv11.als","classroom_rl","OVERCONSTRAINED","inv11",36,19,16,94,25,24,0.382979,0.760000,0.666667,0.000000,1.000000,10,
"classroom_rl/OVERCONSTRAINED/parsed-file3600_inv9.als","classroom_rl","OVERCONSTRAINED","inv9",18,16,5,93,24,32,0.193548,0.666667,0.156250,0.200000,0.800000,10,
"classroom_rl/OVERCONSTRAINED/parsed-file3613_inv15.als","classroom_rl","OVERCONSTRAINED","inv15",37,15,14,71,19,22,0.521127,0.789474,0.636364,0.000000,1.000000,10,
"classroom_rl/OVERCONSTRAINED/parsed-file3622_inv11.als","classroom_rl","OVERCONSTRAINED","inv11",44,26,13,126,34,30,0.349206,0.764706,0.433333,0.500000,0.500000,10,
"classroom_rl/OVERCONSTRAINED/parsed-file3644_inv15.als","classroom_rl","OVERCONSTRAINED","inv15",5,1,1,78,23,21,0.064103,0.043478,0.047619,0.000000,1.000000,10,
"classroom_rl/OVERCONSTRAINED/parsed-file3692_inv11.als","classroom_rl","OVERCONSTRAINED","inv11",44,21,21,103,28,25,0.427184,0.750000,0.840000,0.990099,0.009901,10,
"classroom_rl/OVERCONSTRAINED/parsed-file3695_inv8.als","classroom_rl","OVERCONSTRAINED","inv8",31,19,6,102,28,32,0.303922,0.678571,0.187500,0.600000,0.400000,10,
"classroom_rl/OVERCONSTRAINED/parsed-file36_inv9.als","classroom_rl","OVERCONSTRAINED","inv9",1,1,1,71,19,19,0.014085,0.052632,0.052632,0.300000,0.700000,10,
"classroom_rl/OVERCONSTRAINED/parsed-file3709_inv5.als","classroom_rl","OVERCONSTRAINED","inv5",24,9,9,59,16,14,0.406780,0.562500,0.642857,0.000000,1.000000,10,
"classroom_rl/OVERCONSTRAINED/parsed-file3712_inv4.als","classroom_rl","OVERCONSTRAINED","inv4",2,1,8,65,18,16,0.030769,0.055556,0.500000,0.000000,1.000000,10,
"classroom_rl/OVERCONSTRAINED/parsed-file3756_inv9.als","classroom_rl","OVERCONSTRAINED","inv9",26,10,6,30,11,8,0.866667,0.909091,0.750000,0.990099,0.009901,10,
"classroom_rl/OVERCONSTRAINED/parsed-file3773_inv11.als","classroom_rl","OVERCONSTRAINED","inv11",23,14,5,72,19,19,0.319444,0.736842,0.263158,0.990099,0.009901,10,
"classroom_rl/OVERCONSTRAINED/parsed-file3819_inv11.als","classroom_rl","OVERCONSTRAINED","inv11",39,21,22,114,31,30,0.342105,0.677419,0.733333,0.990099,0.009901,10,
"classroom_rl/OVERCONSTRAINED/parsed-file3825_inv11.als","classroom_rl","OVERCONSTRAINED","inv11",38,18,20,94,25,24,0.404255,0.720000,0.833333,0.990099,0.009901,10,
"classroom_rl/OVERCONSTRAINED/parsed-file3827_inv6.als","classroom_rl","OVERCONSTRAINED","inv6",2,2,2,72,19,19,0.027778,0.105263,0.105263,0.000000,1.000000,10,
"classroom_rl/OVERCONSTRAINED/parsed-file391_inv8.als","classroom_rl","OVERCONSTRAINED","inv8",23,13,9,24,7,6,0.958333,1.857143,1.500000,0.990099,0.009901,10,
"classroom_rl/OVERCONSTRAINED/parsed-file3944_inv13.als","classroom_rl","OVERCONSTRAINED","inv13",44,18,11,23,9,7,1.913043,2.000000,1.571429,0.000000,1.000000,10,
"classroom_rl/OVERCONSTRAINED/parsed-file394_inv15.als","classroom_rl","OVERCONSTRAINED","inv15",56,22,24,98,26,32,0.571429,0.846154,0.750000,0.000000,1.000000,10,
"classroom_rl/OVERCONSTRAINED/parsed-file4033_inv15.als","classroom_rl","OVERCONSTRAINED","inv15",74,29,27,147,42,36,0.503401,0.690476,0.750000,0.990099,0.009901,10,
"classroom_rl/OVERCONSTRAINED/parsed-file4049_inv6.als","classroom_rl","OVERCONSTRAINED","inv6",6,2,2,30,9,7,0.200000,0.222222,0.285714,0.000000,1.000000,10,
"classroom_rl/OVERCONSTRAINED/parsed-file4052_inv11.als","classroom_rl","OVERCONSTRAINED","inv11",38,19,21,97,27,25,0.391753,0.703704,0.840000,0.000000,1.000000,10,
"classroom_rl/OVERCONSTRAINED/parsed-file4079_inv12.als","classroom_rl","OVERCONSTRAINED","inv12",6,1,4,142,38,35,0.042254,0.026316,0.114286,0.700000,0.300000,10,
"classroom_rl/OVERCONSTRAINED/parsed-file4092_inv12.als","classroom_rl","OVERCONSTRAINED","inv12",33,16,12,91,25,25,0.362637,0.640000,0.480000,0.000000,1.000000,10,
"classroom_rl/OVERCONSTRAINED/parsed-file40_inv10.als","classroom_rl","OVERCONSTRAINED","inv10",1,5,1,91,26,25,0.010989,0.192308,0.040000,0.000000,1.000000,10,
"classroom_rl/OVERCONSTRAINED/parsed-file4130_inv5.als","classroom_rl","OVERCONSTRAINED","inv5",12,6,4,36,10,8,0.333333,0.600000,0.500000,0.000000,1.000000,10,
"classroom_rl/OVERCONSTRAINED/parsed-file4152_inv15.als","classroom_rl","OVERCONSTRAINED","inv15",82,39,32,195,51,43,0.420513,0.764706,0.744186,0.990099,0.009901,10,
"classroom_rl/OVERCONSTRAINED/parsed-file4179_inv4.als","classroom_rl","OVERCONSTRAINED","inv4",2,1,3,60,16,14,0.033333,0.062500,0.214286,0.990099,0.009901,10,
"classroom_rl/OVERCONSTRAINED/parsed-file4189_inv10.als","classroom_rl","OVERCONSTRAINED","inv10",29,12,11,39,11,11,0.743590,1.090909,1.000000,0.000000,1.000000,10,
"classroom_rl/OVERCONSTRAINED/parsed-file4191_inv3.als","classroom_rl","OVERCONSTRAINED","inv3",20,6,16,102,26,24,0.196078,0.230769,0.666667,0.990099,0.009901,10,
"classroom_rl/OVERCONSTRAINED/parsed-file4214_inv11.als","classroom_rl","OVERCONSTRAINED","inv11",19,32,32,147,40,36,0.129252,0.800000,0.888889,0.990099,0.009901,10,
"classroom_rl/OVERCONSTRAINED/parsed-file4234_inv10.als","classroom_rl","OVERCONSTRAINED","inv10",42,17,16,23,8,6,1.826087,2.125000,2.666667,0.000000,1.000000,10,
"classroom_rl/OVERCONSTRAINED/parsed-file4253_inv11.als","classroom_rl","OVERCONSTRAINED","inv11",11,24,30,144,38,38,0.076389,0.631579,0.789474,0.990099,0.009901,10,
"classroom_rl/OVERCONSTRAINED/parsed-file4257_inv12.als","classroom_rl","OVERCONSTRAINED","inv12",27,11,13,71,19,19,0.380282,0.578947,0.684211,0.000000,1.000000,10,
"classroom_rl/OVERCONSTRAINED/parsed-file4275_inv11.als","classroom_rl","OVERCONSTRAINED","inv11",44,17,20,94,25,24,0.468085,0.680000,0.833333,0.990099,0.009901,10,
"classroom_rl/OVERCONSTRAINED/parsed-file4299_inv10.als","classroom_rl","OVERCONSTRAINED","inv10",2,2,2,91,25,25,0.021978,0.080000,0.080000,0.000000,1.000000,10,
"classroom_rl/OVERCONSTRAINED/parsed-file4305_inv13.als","classroom_rl","OVERCONSTRAINED","inv13",26,13,16,69,19,17,0.376812,0.684211,0.941176,0.000000,1.000000,10,
"classroom_rl/OVERCONSTRAINED/parsed-file4310_inv8.als","classroom_rl","OVERCONSTRAINED","inv8",14,10,5,122,32,32,0.114754,0.312500,0.156250,0.600000,0.400000,10,
"classroom_rl/OVERCONSTRAINED/parsed-file4314_inv11.als","classroom_rl","OVERCONSTRAINED","inv11",35,15,15,69,19,18,0.507246,0.789474,0.833333,0.000000,1.000000,10,
"classroom_rl/OVERCONSTRAINED/parsed-file4330_inv10.als","classroom_rl","OVERCONSTRAINED","inv10",15,8,8,54,15,16,0.277778,0.533333,0.500000,0.000000,1.000000,10,
"classroom_rl/OVERCONSTRAINED/parsed-file4355_inv11.als","classroom_rl","OVERCONSTRAINED","inv11",45,21,21,102,28,25,0.441176,0.750000,0.840000,0.990099,0.009901,10,
"classroom_rl/OVERCONSTRAINED/parsed-file4374_inv12.als","classroom_rl","OVERCONSTRAINED","inv12",17,9,8,132,36,36,0.128788,0.250000,0.222222,0.300000,0.700000,10,
"classroom_rl/OVERCONSTRAINED/parsed-file4386_inv6.als","classroom_rl","OVERCONSTRAINED","inv6",22,4,15,72,19,19,0.305556,0.210526,0.789474,0.990099,0.009901,10,
"classroom_rl/OVERCONSTRAINED/parsed-file4386_inv7.als","classroom_rl","OVERCONSTRAINED","inv7",22,4,15,72,19,19,0.305556,0.210526,0.789474,0.990099,0.009901,10,
"classroom_rl/OVERCONSTRAINED/parsed-file4407_inv9.als","classroom_rl","OVERCONSTRAINED","inv9",30,15,12,98,26,23,0.306122,0.576923,0.521739,0.400000,0.600000,10,
"classroom_rl/OVERCONSTRAINED/parsed-file4420_inv10.als","classroom_rl","OVERCONSTRAINED","inv10",6,2,2,101,27,25,0.059406,0.074074,0.080000,0.000000,1.000000,10,
"classroom_rl/OVERCONSTRAINED/parsed-file4421_inv1.als","classroom_rl","OVERCONSTRAINED","inv1",7,2,3,40,11,12,0.175000,0.181818,0.250000,0.000000,1.000000,10,
"classroom_rl/OVERCONSTRAINED/parsed-file4422_inv10.als","classroom_rl","OVERCONSTRAINED","inv10",28,5,23,101,27,26,0.277228,0.185185,0.884615,0.000000,1.000000,10,
"classroom_rl/OVERCONSTRAINED/parsed-file4452_inv15.als","classroom_rl","OVERCONSTRAINED","inv15",94,42,24,189,49,28,0.497354,0.857143,0.857143,0.000000,1.000000,10,
"classroom_rl/OVERCONSTRAINED/parsed-file4469_inv12.als","classroom_rl","OVERCONSTRAINED","inv12",22,6,6,116,32,30,0.189655,0.187500,0.200000,0.700000,0.300000,10,
"classroom_rl/OVERCONSTRAINED/parsed-file4480_inv5.als","classroom_rl","OVERCONSTRAINED","inv5",2,2,2,62,17,18,0.032258,0.117647,0.111111,0.000000,1.000000,10,
"classroom_rl/OVERCONSTRAINED/parsed-file451_inv3.als","classroom_rl","OVERCONSTRAINED","inv3",4,2,2,66,18,13,0.060606,0.111111,0.153846,0.990099,0.009901,10,
"classroom_rl/OVERCONSTRAINED/parsed-file4541_inv15.als","classroom_rl","OVERCONSTRAINED","inv15",85,33,27,141,37,35,0.602837,0.891892,0.771429,0.000000,1.000000,10,
"classroom_rl/OVERCONSTRAINED/parsed-file4547_inv11.als","classroom_rl","OVERCONSTRAINED","inv11",37,20,16,131,36,39,0.282443,0.555556,0.410256,0.990099,0.009901,10,
"classroom_rl/OVERCONSTRAINED/parsed-file4571_inv11.als","classroom_rl","OVERCONSTRAINED","inv11",39,15,6,40,12,12,0.975000,1.250000,0.500000,0.000000,1.000000,10,
"classroom_rl/OVERCONSTRAINED/parsed-file4575_inv3.als","classroom_rl","OVERCONSTRAINED","inv3",17,4,8,127,32,29,0.133858,0.125000,0.275862,0.990099,0.009901,10,
"classroom_rl/OVERCONSTRAINED/parsed-file4588_inv11.als","classroom_rl","OVERCONSTRAINED","inv11",49,24,12,131,35,42,0.374046,0.685714,0.285714,0.000000,1.000000,10,
"classroom_rl/OVERCONSTRAINED/parsed-file4631_inv12.als","classroom_rl","OVERCONSTRAINED","inv12",17,5,6,116,32,30,0.146552,0.156250,0.200000,0.700000,0.300000,10,
"classroom_rl/OVERCONSTRAINED/parsed-file4659_inv9.als","classroom_rl","OVERCONSTRAINED","inv9",25,13,10,50,13,12,0.500000,1.000000,0.833333,0.990099,0.009901,10,
"classroom_rl/OVERCONSTRAINED/parsed-file4664_inv12.als","classroom_rl","OVERCONSTRAINED","inv12",18,25,7,127,34,30,0.141732,0.735294,0.233333,0.700000,0.300000,10,
"classroom_rl/OVERCONSTRAINED/parsed-file4666_inv12.als","classroom_rl","OVERCONSTRAINED","inv12",17,5,6,116,32,30,0.146552,0.156250,0.200000,0.700000,0.300000,10,
"classroom_rl/OVERCONSTRAINED/parsed-file4669_inv3.als","classroom_rl","OVERCONSTRAINED","inv3",6,1,1,23,7,6,0.260870,0.142857,0.166667,0.000000,1.000000,10,
"classroom_rl/OVERCONSTRAINED/parsed-file4673_inv5.als","classroom_rl","OVERCONSTRAINED","inv5",10,5,3,40,11,11,0.250000,0.454545,0.272727,0.000000,1.000000,10,
"classroom_rl/OVERCONSTRAINED/parsed-file4675_inv12.als","classroom_rl","OVERCONSTRAINED","inv12",59,14,16,153,40,41,0.385621,0.350000,0.390244,0.000000,1.000000,10,
"classroom_rl/OVERCONSTRAINED/parsed-file4692_inv7.als","classroom_rl","OVERCONSTRAINED","inv7",2,2,2,28,9,7,0.071429,0.222222,0.285714,0.000000,1.000000,10,
"classroom_rl/OVERCONSTRAINED/parsed-file4735_inv5.als","classroom_rl","OVERCONSTRAINED","inv5",23,7,7,40,11,11,0.575000,0.636364,0.636364,0.000000,1.000000,10,
"classroom_rl/OVERCONSTRAINED/parsed-file47_inv15.als","classroom_rl","OVERCONSTRAINED","inv15",85,32,32,178,46,43,0.477528,0.695652,0.744186,0.990099,0.009901,10,
"classroom_rl/OVERCONSTRAINED/parsed-file486_inv4.als","classroom_rl","OVERCONSTRAINED","inv4",20,12,17,48,14,21,0.416667,0.857143,0.809524,0.000000,1.000000,10,
"classroom_rl/OVERCONSTRAINED/parsed-file50_inv10.als","classroom_rl","OVERCONSTRAINED","inv10",34,12,26,91,25,25,0.373626,0.480000,1.040000,0.000000,1.000000,10,
"classroom_rl/OVERCONSTRAINED/parsed-file511_inv10.als","classroom_rl","OVERCONSTRAINED","inv10",22,11,13,55,17,14,0.400000,0.647059,0.928571,0.000000,1.000000,10,
"classroom_rl/OVERCONSTRAINED/parsed-file555_inv8.als","classroom_rl","OVERCONSTRAINED","inv8",18,14,5,103,26,32,0.174757,0.538462,0.156250,0.600000,0.400000,10,
"classroom_rl/OVERCONSTRAINED/parsed-file597_inv11.als","classroom_rl","OVERCONSTRAINED","inv11",42,18,16,116,32,30,0.362069,0.562500,0.533333,0.500000,0.500000,10,
"classroom_rl/OVERCONSTRAINED/parsed-file59_inv4.als","classroom_rl","OVERCONSTRAINED","inv4",4,3,8,63,18,16,0.063492,0.166667,0.500000,0.000000,1.000000,10,
"classroom_rl/OVERCONSTRAINED/parsed-file615_inv9.als","classroom_rl","OVERCONSTRAINED","inv9",16,7,5,39,10,10,0.410256,0.700000,0.500000,0.990099,0.009901,10,
"classroom_rl/OVERCONSTRAINED/parsed-file631_inv11.als","classroom_rl","OVERCONSTRAINED","inv11",69,51,16,165,45,3,0.418182,1.133333,5.333333,0.000000,1.000000,10,
"classroom_rl/OVERCONSTRAINED/parsed-file642_inv12.als","classroom_rl","OVERCONSTRAINED","inv12",36,16,12,92,25,25,0.391304,0.640000,0.480000,0.000000,1.000000,10,
"classroom_rl/OVERCONSTRAINED/parsed-file651_inv12.als","classroom_rl","OVERCONSTRAINED","inv12",8,2,4,133,36,35,0.060150,0.055556,0.114286,0.300000,0.700000,10,
"classroom_rl/OVERCONSTRAINED/parsed-file660_inv11.als","classroom_rl","OVERCONSTRAINED","inv11",41,16,15,132,36,35,0.310606,0.444444,0.428571,0.000000,1.000000,10,
"classroom_rl/OVERCONSTRAINED/parsed-file671_inv12.als","classroom_rl","OVERCONSTRAINED","inv12",27,11,13,71,19,19,0.380282,0.578947,0.684211,0.000000,1.000000,10,
"classroom_rl/OVERCONSTRAINED/parsed-file754_inv11.als","classroom_rl","OVERCONSTRAINED","inv11",54,21,25,139,38,36,0.388489,0.552632,0.694444,0.500000,0.500000,10,
"classroom_rl/OVERCONSTRAINED/parsed-file759_inv11.als","classroom_rl","OVERCONSTRAINED","inv11",52,24,26,143,40,37,0.363636,0.600000,0.702703,0.500000,0.500000,10,
"classroom_rl/OVERCONSTRAINED/parsed-file761_inv4.als","classroom_rl","OVERCONSTRAINED","inv4",16,8,6,44,12,9,0.363636,0.666667,0.666667,0.000000,1.000000,10,
"classroom_rl/OVERCONSTRAINED/parsed-file774_inv9.als","classroom_rl","OVERCONSTRAINED","inv9",12,7,5,43,12,12,0.279070,0.583333,0.416667,0.990099,0.009901,10,
"classroom_rl/OVERCONSTRAINED/parsed-file78_inv10.als","classroom_rl","OVERCONSTRAINED","inv10",2,2,2,91,25,25,0.021978,0.080000,0.080000,0.000000,1.000000,10,
"classroom_rl/OVERCONSTRAINED/parsed-file793_inv4.als","classroom_rl","OVERCONSTRAINED","inv4",2,1,6,60,16,15,0.033333,0.062500,0.400000,0.000000,1.000000,10,
"classroom_rl/OVERCONSTRAINED/parsed-file796_inv4.als","classroom_rl","OVERCONSTRAINED","inv4",2,1,6,60,16,15,0.033333,0.062500,0.400000,0.000000,1.000000,10,
"classroom_rl/OVERCONSTRAINED/parsed-file818_inv11.als","classroom_rl","OVERCONSTRAINED","inv11",51,18,15,132,36,35,0.386364,0.500000,0.428571,0.000000,1.000000,10,
"classroom_rl/OVERCONSTRAINED/parsed-file819_inv13.als","classroom_rl","OVERCONSTRAINED","inv13",44,20,13,26,11,8,1.692308,1.818182,1.625000,0.000000,1.000000,10,
"classroom_rl/OVERCONSTRAINED/parsed-file825_inv11.als","classroom_rl","OVERCONSTRAINED","inv11",16,5,21,144,38,35,0.111111,0.131579,0.600000,0.000000,1.000000,10,
"classroom_rl/OVERCONSTRAINED/parsed-file844_inv6.als","classroom_rl","OVERCONSTRAINED","inv6",31,10,11,59,16,14,0.525424,0.625000,0.785714,0.000000,1.000000,10,
"classroom_rl/OVERCONSTRAINED/parsed-file869_inv3.als","classroom_rl","OVERCONSTRAINED","inv3",2,1,9,62,16,17,0.032258,0.062500,0.529412,0.000000,1.000000,10,
"classroom_rl/OVERCONSTRAINED/parsed-file875_inv5.als","classroom_rl","OVERCONSTRAINED","inv5",2,2,2,62,17,18,0.032258,0.117647,0.111111,0.000000,1.000000,10,
"classroom_rl/OVERCONSTRAINED/parsed-file923_inv12.als","classroom_rl","OVERCONSTRAINED","inv12",26,6,7,149,40,38,0.174497,0.150000,0.184211,0.000000,1.000000,10,
"classroom_rl/OVERCONSTRAINED/parsed-file941_inv8.als","classroom_rl","OVERCONSTRAINED","inv8",1,1,1,71,19,19,0.014085,0.052632,0.052632,0.400000,0.600000,10,
"classroom_rl/OVERCONSTRAINED/parsed-file974_inv11.als","classroom_rl","OVERCONSTRAINED","inv11",33,12,10,51,15,13,0.647059,0.800000,0.769231,0.000000,1.000000,10,
"classroom_rl/OVERCONSTRAINED/parsed-file990_inv12.als","classroom_rl","OVERCONSTRAINED","inv12",44,10,10,167,44,41,0.263473,0.227273,0.243902,0.000000,1.000000,10,
"classroom_rl/UNDERCONSTRAINED/parsed-file0_inv15.als","classroom_rl","UNDERCONSTRAINED","inv15",92,49,10,216,56,11,0.425926,0.875000,0.909091,0.500000,0.500000,10,
"classroom_rl/UNDERCONSTRAINED/parsed-file1039_inv14.als","classroom_rl","UNDERCONSTRAINED","inv14",23,6,10,156,44,45,0.147436,0.136364,0.222222,0.300000,0.700000,10,
"classroom_rl/UNDERCONSTRAINED/parsed-file1105_inv14.als","classroom_rl","UNDERCONSTRAINED","inv14",12,2,10,157,44,43,0.076433,0.045455,0.232558,0.300000,0.700000,10,
"classroom_rl/UNDERCONSTRAINED/parsed-file1115_inv14.als","classroom_rl","UNDERCONSTRAINED","inv14",2,10,2,141,40,43,0.014184,0.250000,0.046512,0.000000,1.000000,10,
"classroom_rl/UNDERCONSTRAINED/parsed-file1163_inv14.als","classroom_rl","UNDERCONSTRAINED","inv14",36,8,8,180,50,53,0.200000,0.160000,0.150943,0.300000,0.700000,10,
"classroom_rl/UNDERCONSTRAINED/parsed-file1165_inv12.als","classroom_rl","UNDERCONSTRAINED","inv12",26,30,26,154,40,38,0.168831,0.750000,0.684211,0.100000,0.900000,10,
"classroom_rl/UNDERCONSTRAINED/parsed-file1227_inv1.als","classroom_rl","UNDERCONSTRAINED","inv1",12,2,5,40,11,11,0.300000,0.181818,0.454545,0.000000,1.000000,10,
"classroom_rl/UNDERCONSTRAINED/parsed-file1272_inv15.als","classroom_rl","UNDERCONSTRAINED","inv15",92,49,10,216,56,11,0.425926,0.875000,0.909091,0.500000,0.500000,10,
"classroom_rl/UNDERCONSTRAINED/parsed-file1288_inv12.als","classroom_rl","UNDERCONSTRAINED","inv12",39,17,12,29,10,7,1.344828,1.700000,1.714286,0.000000,1.000000,10,
"classroom_rl/UNDERCONSTRAINED/parsed-file131_inv11.als","classroom_rl","UNDERCONSTRAINED","inv11",8,2,4,133,36,37,0.060150,0.055556,0.108108,0.400000,0.600000,10,
"classroom_rl/UNDERCONSTRAINED/parsed-file1336_inv11.als","classroom_rl","UNDERCONSTRAINED","inv11",19,9,6,143,38,37,0.132867,0.236842,0.162162,0.400000,0.600000,10,
"classroom_rl/UNDERCONSTRAINED/parsed-file1351_inv5.als","classroom_rl","UNDERCONSTRAINED","inv5",23,6,6,50,14,13,0.460000,0.428571,0.461538,0.000000,1.000000,10,
"classroom_rl/UNDERCONSTRAINED/parsed-file1355_inv14.als","classroom_rl","UNDERCONSTRAINED","inv14",58,14,11,157,44,43,0.369427,0.318182,0.255814,0.300000,0.700000,10,
"classroom_rl/UNDERCONSTRAINED/parsed-file1425_inv5.als","classroom_rl","UNDERCONSTRAINED","inv5",10,5,3,14,4,4,0.714286,1.250000,0.750000,0.000000,1.000000,10,
"classroom_rl/UNDERCONSTRAINED/parsed-file1471_inv11.als","classroom_rl","UNDERCONSTRAINED","inv11",12,2,8,143,38,35,0.083916,0.052632,0.228571,0.000000,1.000000,10,
"classroom_rl/UNDERCONSTRAINED/parsed-file1500_inv12.als","classroom_rl","UNDERCONSTRAINED","inv12",13,7,4,53,15,13,0.245283,0.466667,0.307692,0.100000,0.900000,10,
"classroom_rl/UNDERCONSTRAINED/parsed-file1501_inv12.als","classroom_rl","UNDERCONSTRAINED","inv12",24,7,23,116,32,33,0.206897,0.218750,0.696970,0.100000,0.900000,10,
"classroom_rl/UNDERCONSTRAINED/parsed-file1533_inv14.als","classroom_rl","UNDERCONSTRAINED","inv14",45,23,24,135,40,40,0.333333,0.575000,0.600000,0.300000,0.700000,10,
"classroom_rl/UNDERCONSTRAINED/parsed-file1558_inv8.als","classroom_rl","UNDERCONSTRAINED","inv8",4,2,2,45,12,12,0.088889,0.166667,0.166667,0.000000,1.000000,10,
"classroom_rl/UNDERCONSTRAINED/parsed-file1560_inv15.als","classroom_rl","UNDERCONSTRAINED","inv15",92,49,10,216,56,11,0.425926,0.875000,0.909091,0.500000,0.500000,10,
"classroom_rl/UNDERCONSTRAINED/parsed-file1691_inv15.als","classroom_rl","UNDERCONSTRAINED","inv15",72,29,33,159,45,42,0.452830,0.644444,0.785714,0.100000,0.900000,10,
"classroom_rl/UNDERCONSTRAINED/parsed-file1696_inv11.als","classroom_rl","UNDERCONSTRAINED","inv11",8,2,4,144,38,35,0.055556,0.052632,0.114286,0.600000,0.400000,10,
"classroom_rl/UNDERCONSTRAINED/parsed-file1739_inv11.als","classroom_rl","UNDERCONSTRAINED","inv11",6,1,4,144,38,35,0.041667,0.026316,0.114286,0.400000,0.600000,10,
"classroom_rl/UNDERCONSTRAINED/parsed-file1772_inv15.als","classroom_rl","UNDERCONSTRAINED","inv15",92,49,10,216,56,11,0.425926,0.875000,0.909091,0.500000,0.500000,10,
"classroom_rl/UNDERCONSTRAINED/parsed-file1823_inv12.als","classroom_rl","UNDERCONSTRAINED","inv12",19,6,22,116,32,33,0.163793,0.187500,0.666667,0.100000,0.900000,10,
"classroom_rl/UNDERCONSTRAINED/parsed-file1879_inv10.als","classroom_rl","UNDERCONSTRAINED","inv10",25,9,11,52,15,16,0.480769,0.600000,0.687500,0.000000,1.000000,10,
"classroom_rl/UNDERCONSTRAINED/parsed-file1883_inv5.als","classroom_rl","UNDERCONSTRAINED","inv5",7,2,2,23,7,6,0.304348,0.285714,0.333333,0.000000,1.000000,10,
"classroom_rl/UNDERCONSTRAINED/parsed-file1893_inv6.als","classroom_rl","UNDERCONSTRAINED","inv6",37,11,18,72,19,23,0.513889,0.578947,0.782609,0.000000,1.000000,10,
"classroom_rl/UNDERCONSTRAINED/parsed-file1900_inv14.als","classroom_rl","UNDERCONSTRAINED","inv14",12,2,10,157,44,43,0.076433,0.045455,0.232558,0.300000,0.700000,10,
"classroom_rl/UNDERCONSTRAINED/parsed-file1918_inv14.als","classroom_rl","UNDERCONSTRAINED","inv14",32,44,12,176,48,45,0.181818,0.916667,0.266667,0.300000,0.700000,10,
"classroom_rl/UNDERCONSTRAINED/parsed-file1923_inv2.als","classroom_rl","UNDERCONSTRAINED","inv2",47,14,17,81,23,26,0.580247,0.608696,0.653846,0.700000,0.300000,10,
"classroom_rl/UNDERCONSTRAINED/parsed-file1944_inv12.als","classroom_rl","UNDERCONSTRAINED","inv12",25,15,5,107,29,30,0.233645,0.517241,0.166667,0.100000,0.900000,10,
"classroom_rl/UNDERCONSTRAINED/parsed-file1950_inv5.als","classroom_rl","UNDERCONSTRAINED","inv5",23,6,15,65,17,17,0.353846,0.352941,0.882353,0.000000,1.000000,10,
"classroom_rl/UNDERCONSTRAINED/parsed-file1961_inv12.als","classroom_rl","UNDERCONSTRAINED","inv12",2,1,28,154,40,39,0.012987,0.025000,0.717949,0.100000,0.900000,10,
"classroom_rl/UNDERCONSTRAINED/parsed-file1999_inv14.als","classroom_rl","UNDERCONSTRAINED","inv14",23,41,12,177,48,41,0.129944,0.854167,0.292683,0.300000,0.700000,10,
"classroom_rl/UNDERCONSTRAINED/parsed-file2030_inv12.als","classroom_rl","UNDERCONSTRAINED","inv12",25,11,12,72,19,19,0.347222,0.578947,0.631579,0.990099,0.009901,10,
"classroom_rl/UNDERCONSTRAINED/parsed-file2042_inv11.als","classroom_rl","UNDERCONSTRAINED","inv11",26,33,6,153,40,37,0.169935,0.825000,0.162162,0.400000,0.600000,10,
"classroom_rl/UNDERCONSTRAINED/parsed-file2080_inv14.als","classroom_rl","UNDERCONSTRAINED","inv14",12,2,10,157,44,43,0.076433,0.045455,0.232558,0.300000,0.700000,10,
"classroom_rl/UNDERCONSTRAINED/parsed-file2091_inv11.als","classroom_rl","UNDERCONSTRAINED","inv11",8,2,4,133,36,37,0.060150,0.055556,0.108108,0.400000,0.600000,10,
"classroom_rl/UNDERCONSTRAINED/parsed-file2131_inv10.als","classroom_rl","UNDERCONSTRAINED","inv10",29,12,11,70,20,20,0.414286,0.600000,0.550000,0.000000,1.000000,10,
"classroom_rl/UNDERCONSTRAINED/parsed-file221_inv12.als","classroom_rl","UNDERCONSTRAINED","inv12",34,15,13,31,12,9,1.096774,1.250000,1.444444,0.000000,1.000000,10,
"classroom_rl/UNDERCONSTRAINED/parsed-file2229_inv5.als","classroom_rl","UNDERCONSTRAINED","inv5",20,9,11,58,16,16,0.344828,0.562500,0.687500,0.000000,1.000000,10,
"classroom_rl/UNDERCONSTRAINED/parsed-file2261_inv12.als","classroom_rl","UNDERCONSTRAINED","inv12",32,14,13,52,15,16,0.615385,0.933333,0.812500,0.000000,1.000000,10,
"classroom_rl/UNDERCONSTRAINED/parsed-file2271_inv13.als","classroom_rl","UNDERCONSTRAINED","inv13",20,9,7,66,19,23,0.303030,0.473684,0.304348,0.990099,0.009901,10,
"classroom_rl/UNDERCONSTRAINED/parsed-file2292_inv5.als","classroom_rl","UNDERCONSTRAINED","inv5",2,1,17,81,22,23,0.024691,0.045455,0.739130,0.000000,1.000000,10,
"classroom_rl/UNDERCONSTRAINED/parsed-file229_inv14.als","classroom_rl","UNDERCONSTRAINED","inv14",47,28,22,91,25,23,0.516484,1.120000,0.956522,0.000000,1.000000,10,
"classroom_rl/UNDERCONSTRAINED/parsed-file233_inv11.als","classroom_rl","UNDERCONSTRAINED","inv11",37,16,15,105,30,31,0.352381,0.533333,0.483871,0.000000,1.000000,10,
"classroom_rl/UNDERCONSTRAINED/parsed-file2352_inv1.als","classroom_rl","UNDERCONSTRAINED","inv1",6,1,1,39,11,11,0.153846,0.090909,0.090909,0.000000,1.000000,10,
"classroom_rl/UNDERCONSTRAINED/parsed-file2421_inv5.als","classroom_rl","UNDERCONSTRAINED","inv5",20,6,9,48,13,12,0.416667,0.461538,0.750000,0.000000,1.000000,10,
"classroom_rl/UNDERCONSTRAINED/parsed-file2447_inv5.als","classroom_rl","UNDERCONSTRAINED","inv5",6,2,2,22,7,6,0.272727,0.285714,0.333333,0.000000,1.000000,10,
"classroom_rl/UNDERCONSTRAINED/parsed-file2460_inv3.als","classroom_rl","UNDERCONSTRAINED","inv3",6,12,7,102,26,25,0.058824,0.461538,0.280000,0.000000,1.000000,10,
"classroom_rl/UNDERCONSTRAINED/parsed-file2479_inv11.als","classroom_rl","UNDERCONSTRAINED","inv11",8,2,4,133,36,37,0.060150,0.055556,0.108108,0.400000,0.600000,10,
"classroom_rl/UNDERCONSTRAINED/parsed-file2515_inv13.als","classroom_rl","UNDERCONSTRAINED","inv13",28,16,9,50,14,13,0.560000,1.142857,0.692308,0.990099,0.009901,10,
"classroom_rl/UNDERCONSTRAINED/parsed-file2521_inv15.als","classroom_rl","UNDERCONSTRAINED","inv15",80,58,65,243,70,74,0.329218,0.828571,0.878378,0.100000,0.900000,10,
"classroom_rl/UNDERCONSTRAINED/parsed-file257_inv12.als","classroom_rl","UNDERCONSTRAINED","inv12",14,3,27,132,36,38,0.106061,0.083333,0.710526,0.100000,0.900000,10,
"classroom_rl/UNDERCONSTRAINED/parsed-file2584_inv13.als","classroom_rl","UNDERCONSTRAINED","inv13",37,20,13,34,13,9,1.088235,1.538462,1.444444,0.990099,0.009901,10,
"classroom_rl/UNDERCONSTRAINED/parsed-file2611_inv14.als","classroom_rl","UNDERCONSTRAINED","inv14",19,3,11,146,42,45,0.130137,0.071429,0.244444,0.300000,0.700000,10,
"classroom_rl/UNDERCONSTRAINED/parsed-file2623_inv14.als","classroom_rl","UNDERCONSTRAINED","inv14",12,2,10,167,46,41,0.071856,0.043478,0.243902,0.300000,0.700000,10,
"classroom_rl/UNDERCONSTRAINED/parsed-file2642_inv12.als","classroom_rl","UNDERCONSTRAINED","inv12",25,11,12,72,19,19,0.347222,0.578947,0.631579,0.990099,0.009901,10,
"classroom_rl/UNDERCONSTRAINED/parsed-file2648_inv12.als","classroom_rl","UNDERCONSTRAINED","inv12",2,1,28,154,40,39,0.012987,0.025000,0.717949,0.100000,0.900000,10,
"classroom_rl/UNDERCONSTRAINED/parsed-file2661_inv8.als","classroom_rl","UNDERCONSTRAINED","inv8",22,17,16,92,26,25,0.239130,0.653846,0.640000,0.000000,1.000000,10,
"classroom_rl/UNDERCONSTRAINED/parsed-file2676_inv14.als","classroom_rl","UNDERCONSTRAINED","inv14",48,15,47,191,52,55,0.251309,0.288462,0.854545,0.100000,0.900000,10,
"classroom_rl/UNDERCONSTRAINED/parsed-file2708_inv14.als","classroom_rl","UNDERCONSTRAINED","inv14",62,31,32,159,47,44,0.389937,0.659574,0.727273,0.300000,0.700000,10,
"classroom_rl/UNDERCONSTRAINED/parsed-file2763_inv14.als","classroom_rl","UNDERCONSTRAINED","inv14",47,25,25,138,42,41,0.340580,0.595238,0.609756,0.300000,0.700000,10,
"classroom_rl/UNDERCONSTRAINED/parsed-file2792_inv14.als","classroom_rl","UNDERCONSTRAINED","inv14",38,10,11,146,42,45,0.260274,0.238095,0.244444,0.300000,0.700000,10,
"classroom_rl/UNDERCONSTRAINED/parsed-file2803_inv1.als","classroom_rl","UNDERCONSTRAINED","inv1",12,4,3,30,9,7,0.400000,0.444444,0.428571,0.000000,1.000000,10,
"classroom_rl/UNDERCONSTRAINED/parsed-file2852_inv14.als","classroom_rl","UNDERCONSTRAINED","inv14",12,2,10,146,42,45,0.082192,0.047619,0.222222,0.300000,0.700000,10,
"classroom_rl/UNDERCONSTRAINED/parsed-file2864_inv14.als","classroom_rl","UNDERCONSTRAINED","inv14",63,26,25,109,30,26,0.577982,0.866667,0.961538,0.000000,1.000000,10,
"classroom_rl/UNDERCONSTRAINED/parsed-file2918_inv11.als","classroom_rl","UNDERCONSTRAINED","inv11",8,2,4,133,36,37,0.060150,0.055556,0.108108,0.400000,0.600000,10,
"classroom_rl/UNDERCONSTRAINED/parsed-file296_inv13.als","classroom_rl","UNDERCONSTRAINED","inv13",37,10,6,71,24,16,0.521127,0.416667,0.375000,0.000000,1.000000,10,
"classroom_rl/UNDERCONSTRAINED/parsed-file2974_inv11.als","classroom_rl","UNDERCONSTRAINED","inv11",8,2,4,133,36,37,0.060150,0.055556,0.108108,0.400000,0.600000,10,
"classroom_rl/UNDERCONSTRAINED/parsed-file2993_inv7.als","classroom_rl","UNDERCONSTRAINED","inv7",11,5,6,43,12,12,0.255814,0.416667,0.500000,0.000000,1.000000,10,
"classroom_rl/UNDERCONSTRAINED/parsed-file299_inv12.als","classroom_rl","UNDERCONSTRAINED","inv12",2,1,28,143,38,39,0.013986,0.026316,0.717949,0.100000,0.900000,10,
"classroom_rl/UNDERCONSTRAINED/parsed-file3006_inv11.als","classroom_rl","UNDERCONSTRAINED","inv11",53,19,18,105,30,31,0.504762,0.633333,0.580645,0.000000,1.000000,10,
"classroom_rl/UNDERCONSTRAINED/parsed-file3025_inv11.als","classroom_rl","UNDERCONSTRAINED","inv11",26,33,6,153,40,37,0.169935,0.825000,0.162162,0.400000,0.600000,10,
"classroom_rl/UNDERCONSTRAINED/parsed-file3029_inv12.als","classroom_rl","UNDERCONSTRAINED","inv12",2,1,28,154,40,39,0.012987,0.025000,0.717949,0.100000,0.900000,10,
"classroom_rl/UNDERCONSTRAINED/parsed-file3067_inv13.als","classroom_rl","UNDERCONSTRAINED","inv13",27,16,9,50,14,13,0.540000,1.142857,0.692308,0.990099,0.009901,10,
"classroom_rl/UNDERCONSTRAINED/parsed-file3078_inv15.als","classroom_rl","UNDERCONSTRAINED","inv15",92,49,10,216,56,11,0.425926,0.875000,0.909091,0.500000,0.500000,10,
"classroom_rl/UNDERCONSTRAINED/parsed-file3128_inv9.als","classroom_rl","UNDERCONSTRAINED","inv9",3,2,2,55,15,14,0.054545,0.133333,0.142857,0.000000,1.000000,10,
"classroom_rl/UNDERCONSTRAINED/parsed-file3173_inv14.als","classroom_rl","UNDERCONSTRAINED","inv14",6,1,5,166,46,41,0.036145,0.021739,0.121951,0.500000,0.500000,10,
"classroom_rl/UNDERCONSTRAINED/parsed-file3179_inv12.als","classroom_rl","UNDERCONSTRAINED","inv12",19,6,22,116,32,33,0.163793,0.187500,0.666667,0.100000,0.900000,10,
"classroom_rl/UNDERCONSTRAINED/parsed-file3201_inv14.als","classroom_rl","UNDERCONSTRAINED","inv14",72,36,33,184,57,53,0.391304,0.631579,0.622642,0.300000,0.700000,10,
"classroom_rl/UNDERCONSTRAINED/parsed-file3238_inv14.als","classroom_rl","UNDERCONSTRAINED","inv14",6,1,5,166,46,41,0.036145,0.021739,0.121951,0.500000,0.500000,10,
"classroom_rl/UNDERCONSTRAINED/parsed-file3286_inv14.als","classroom_rl","UNDERCONSTRAINED","inv14",6,1,5,156,44,43,0.038462,0.022727,0.116279,0.500000,0.500000,10,
"classroom_rl/UNDERCONSTRAINED/parsed-file330_inv14.als","classroom_rl","UNDERCONSTRAINED","inv14",33,7,12,156,44,45,0.211538,0.159091,0.266667,0.300000,0.700000,10,
"classroom_rl/UNDERCONSTRAINED/parsed-file3336_inv11.als","classroom_rl","UNDERCONSTRAINED","inv11",6,1,4,144,38,35,0.041667,0.026316,0.114286,0.400000,0.600000,10,
"classroom_rl/UNDERCONSTRAINED/parsed-file3376_inv5.als","classroom_rl","UNDERCONSTRAINED","inv5",6,1,4,72,19,18,0.083333,0.052632,0.222222,0.000000,1.000000,10,
"classroom_rl/UNDERCONSTRAINED/parsed-file3402_inv12.als","classroom_rl","UNDERCONSTRAINED","inv12",31,15,25,121,32,34,0.256198,0.468750,0.735294,0.000000,1.000000,10,
"classroom_rl/UNDERCONSTRAINED/parsed-file3421_inv3.als","classroom_rl","UNDERCONSTRAINED","inv3",16,4,6,102,26,22,0.156863,0.153846,0.272727,0.000000,1.000000,10,
"classroom_rl/UNDERCONSTRAINED/parsed-file3457_inv14.als","classroom_rl","UNDERCONSTRAINED","inv14",12,2,10,167,46,41,0.071856,0.043478,0.243902,0.300000,0.700000,10,
"classroom_rl/UNDERCONSTRAINED/parsed-file3462_inv14.als","classroom_rl","UNDERCONSTRAINED","inv14",21,5,11,156,44,45,0.134615,0.113636,0.244444,0.300000,0.700000,10,
"classroom_rl/UNDERCONSTRAINED/parsed-file3492_inv14.als","classroom_rl","UNDERCONSTRAINED","inv14",12,2,10,157,44,43,0.076433,0.045455,0.232558,0.300000,0.700000,10,
"classroom_rl/UNDERCONSTRAINED/parsed-file352_inv7.als","classroom_rl","UNDERCONSTRAINED","inv7",12,7,6,46,14,13,0.260870,0.500000,0.461538,0.000000,1.000000,10,
"classroom_rl/UNDERCONSTRAINED/parsed-file3593_inv12.als","classroom_rl","UNDERCONSTRAINED","inv12",21,18,19,127,34,31,0.165354,0.529412,0.612903,0.100000,0.900000,10,
"classroom_rl/UNDERCONSTRAINED/parsed-file360_inv11.als","classroom_rl","UNDERCONSTRAINED","inv11",8,2,4,155,40,35,0.051613,0.050000,0.114286,0.600000,0.400000,10,
"classroom_rl/UNDERCONSTRAINED/parsed-file3616_inv14.als","classroom_rl","UNDERCONSTRAINED","inv14",36,9,10,146,42,45,0.246575,0.214286,0.222222,0.300000,0.700000,10,
"classroom_rl/UNDERCONSTRAINED/parsed-file3629_inv2.als","classroom_rl","UNDERCONSTRAINED","inv2",13,4,4,44,11,11,0.295455,0.363636,0.363636,0.990099,0.009901,10,
"classroom_rl/UNDERCONSTRAINED/parsed-file3639_inv14.als","classroom_rl","UNDERCONSTRAINED","inv14",47,28,22,91,25,23,0.516484,1.120000,0.956522,0.000000,1.000000,10,
"classroom_rl/UNDERCONSTRAINED/parsed-file3653_inv5.als","classroom_rl","UNDERCONSTRAINED","inv5",6,1,1,23,7,6,0.260870,0.142857,0.166667,0.000000,1.000000,10,
"classroom_rl/UNDERCONSTRAINED/parsed-file3726_inv11.als","classroom_rl","UNDERCONSTRAINED","inv11",8,2,4,133,36,37,0.060150,0.055556,0.108108,0.400000,0.600000,10,
"classroom_rl/UNDERCONSTRAINED/parsed-file3754_inv14.als","classroom_rl","UNDERCONSTRAINED","inv14",36,11,45,174,48,51,0.206897,0.229167,0.882353,0.100000,0.900000,10,
"classroom_rl/UNDERCONSTRAINED/parsed-file3766_inv14.als","classroom_rl","UNDERCONSTRAINED","inv14",6,1,5,145,42,45,0.041379,0.023810,0.111111,0.500000,0.500000,10,
"classroom_rl/UNDERCONSTRAINED/parsed-file3784_inv15.als","classroom_rl","UNDERCONSTRAINED","inv15",44,21,15,49,15,9,0.897959,1.400000,1.666667,0.000000,1.000000,10,
"classroom_rl/UNDERCONSTRAINED/parsed-file3806_inv8.als","classroom_rl","UNDERCONSTRAINED","inv8",4,1,31,137,36,39,0.029197,0.027778,0.794872,0.000000,1.000000,10,
"classroom_rl/UNDERCONSTRAINED/parsed-file3821_inv5.als","classroom_rl","UNDERCONSTRAINED","inv5",2,1,17,81,22,24,0.024691,0.045455,0.708333,0.000000,1.000000,10,
"classroom_rl/UNDERCONSTRAINED/parsed-file3824_inv12.als","classroom_rl","UNDERCONSTRAINED","inv12",2,1,28,143,38,39,0.013986,0.026316,0.717949,0.100000,0.900000,10,
"classroom_rl/UNDERCONSTRAINED/parsed-file3831_inv14.als","classroom_rl","UNDERCONSTRAINED","inv14",17,4,5,156,44,43,0.108974,0.090909,0.116279,0.500000,0.500000,10,
"classroom_rl/UNDERCONSTRAINED/parsed-file3880_inv6.als","classroom_rl","UNDERCONSTRAINED","inv6",12,6,4,28,9,7,0.428571,0.666667,0.571429,0.000000,1.000000,10,
"classroom_rl/UNDERCONSTRAINED/parsed-file3950_inv14.als","classroom_rl","UNDERCONSTRAINED","inv14",27,10,12,157,44,41,0.171975,0.227273,0.292683,0.300000,0.700000,10,
"classroom_rl/UNDERCONSTRAINED/parsed-file4005_inv14.als","classroom_rl","UNDERCONSTRAINED","inv14",43,21,21,150,45,46,0.286667,0.466667,0.456522,0.300000,0.700000,10,
"classroom_rl/UNDERCONSTRAINED/parsed-file4022_inv12.als","classroom_rl","UNDERCONSTRAINED","inv12",2,1,25,132,36,38,0.015152,0.027778,0.657895,0.100000,0.900000,10,
"classroom_rl/UNDERCONSTRAINED/parsed-file4028_inv15.als","classroom_rl","UNDERCONSTRAINED","inv15",38,16,18,94,25,25,0.404255,0.640000,0.720000,0.100000,0.900000,10,
"classroom_rl/UNDERCONSTRAINED/parsed-file4039_inv3.als","classroom_rl","UNDERCONSTRAINED","inv3",16,4,6,102,26,22,0.156863,0.153846,0.272727,0.000000,1.000000,10,
"classroom_rl/UNDERCONSTRAINED/parsed-file4069_inv14.als","classroom_rl","UNDERCONSTRAINED","inv14",38,10,11,146,42,45,0.260274,0.238095,0.244444,0.300000,0.700000,10,
"classroom_rl/UNDERCONSTRAINED/parsed-file4074_inv9.als","classroom_rl","UNDERCONSTRAINED","inv9",30,15,8,39,14,9,0.769231,1.071429,0.888889,0.000000,1.000000,10,
"classroom_rl/UNDERCONSTRAINED/parsed-file4087_inv9.als","classroom_rl","UNDERCONSTRAINED","inv9",4,4,4,101,28,37,0.039604,0.142857,0.108108,0.000000,1.000000,10,
"classroom_rl/UNDERCONSTRAINED/parsed-file4097_inv1.als","classroom_rl","UNDERCONSTRAINED","inv1",12,2,2,19,6,5,0.631579,0.333333,0.400000,0.000000,1.000000,10,
"classroom_rl/UNDERCONSTRAINED/parsed-file4131_inv14.als","classroom_rl","UNDERCONSTRAINED","inv14",47,25,25,138,42,41,0.340580,0.595238,0.609756,0.300000,0.700000,10,
"classroom_rl/UNDERCONSTRAINED/parsed-file4138_inv15.als","classroom_rl","UNDERCONSTRAINED","inv15",56,21,35,93,27,37,0.602151,0.777778,0.945946,0.000000,1.000000,10,
"classroom_rl/UNDERCONSTRAINED/parsed-file4143_inv12.als","classroom_rl","UNDERCONSTRAINED","inv12",4,2,28,143,38,39,0.027972,0.052632,0.717949,0.100000,0.900000,10,
"classroom_rl/UNDERCONSTRAINED/parsed-file4178_inv14.als","classroom_rl","UNDERCONSTRAINED","inv14",36,11,45,174,48,51,0.206897,0.229167,0.882353,0.100000,0.900000,10,
"classroom_rl/UNDERCONSTRAINED/parsed-file4187_inv11.als","classroom_rl","UNDERCONSTRAINED","inv11",12,6,5,66,18,16,0.181818,0.333333,0.312500,0.000000,1.000000,10,
"classroom_rl/UNDERCONSTRAINED/parsed-file4219_inv14.als","classroom_rl","UNDERCONSTRAINED","inv14",20,3,11,146,42,45,0.136986,0.071429,0.244444,0.300000,0.700000,10,
"classroom_rl/UNDERCONSTRAINED/parsed-file424_inv14.als","classroom_rl","UNDERCONSTRAINED","inv14",38,10,11,146,42,45,0.260274,0.238095,0.244444,0.300000,0.700000,10,
"classroom_rl/UNDERCONSTRAINED/parsed-file4262_inv13.als","classroom_rl","UNDERCONSTRAINED","inv13",26,10,11,91,25,23,0.285714,0.400000,0.478261,0.100000,0.900000,10,
"classroom_rl/UNDERCONSTRAINED/parsed-file4288_inv11.als","classroom_rl","UNDERCONSTRAINED","inv11",6,1,4,152,41,42,0.039474,0.024390,0.095238,0.400000,0.600000,10,
"classroom_rl/UNDERCONSTRAINED/parsed-file4300_inv12.als","classroom_rl","UNDERCONSTRAINED","inv12",2,1,28,143,38,39,0.013986,0.026316,0.717949,0.100000,0.900000,10,
"classroom_rl/UNDERCONSTRAINED/parsed-file4304_inv1.als","classroom_rl","UNDERCONSTRAINED","inv1",12,2,5,40,11,11,0.300000,0.181818,0.454545,0.000000,1.000000,10,
"classroom_rl/UNDERCONSTRAINED/parsed-file4327_inv5.als","classroom_rl","UNDERCONSTRAINED","inv5",26,8,9,39,11,11,0.666667,0.727273,0.818182,0.000000,1.000000,10,
"classroom_rl/UNDERCONSTRAINED/parsed-file4340_inv14.als","classroom_rl","UNDERCONSTRAINED","inv14",35,10,8,145,42,45,0.241379,0.238095,0.177778,0.500000,0.500000,10,
"classroom_rl/UNDERCONSTRAINED/parsed-file4372_inv14.als","classroom_rl","UNDERCONSTRAINED","inv14",21,9,8,156,44,41,0.134615,0.204545,0.195122,0.500000,0.500000,10,
"classroom_rl/UNDERCONSTRAINED/parsed-file4379_inv9.als","classroom_rl","UNDERCONSTRAINED","inv9",38,16,9,20,7,6,1.900000,2.285714,1.500000,0.000000,1.000000,10,
"classroom_rl/UNDERCONSTRAINED/parsed-file4382_inv8.als","classroom_rl","UNDERCONSTRAINED","inv8",17,10,13,84,22,22,0.202381,0.454545,0.590909,0.000000,1.000000,10,
"classroom_rl/UNDERCONSTRAINED/parsed-file4406_inv9.als","classroom_rl","UNDERCONSTRAINED","inv9",16,7,10,120,32,41,0.133333,0.218750,0.243902,0.000000,1.000000,10,
"classroom_rl/UNDERCONSTRAINED/parsed-file4435_inv5.als","classroom_rl","UNDERCONSTRAINED","inv5",11,5,8,44,12,12,0.250000,0.416667,0.666667,0.000000,1.000000,10,
"classroom_rl/UNDERCONSTRAINED/parsed-file4488_inv13.als","classroom_rl","UNDERCONSTRAINED","inv13",44,16,14,77,20,18,0.571429,0.800000,0.777778,0.990099,0.009901,10,
"classroom_rl/UNDERCONSTRAINED/parsed-file4501_inv15.als","classroom_rl","UNDERCONSTRAINED","inv15",64,33,36,177,49,45,0.361582,0.673469,0.800000,0.100000,0.900000,10,
"classroom_rl/UNDERCONSTRAINED/parsed-file4516_inv14.als","classroom_rl","UNDERCONSTRAINED","inv14",12,2,10,146,42,45,0.082192,0.047619,0.222222,0.300000,0.700000,10,
"classroom_rl/UNDERCONSTRAINED/parsed-file4525_inv14.als","classroom_rl","UNDERCONSTRAINED","inv14",12,2,10,146,42,45,0.082192,0.047619,0.222222,0.300000,0.700000,10,
"classroom_rl/UNDERCONSTRAINED/parsed-file4527_inv14.als","classroom_rl","UNDERCONSTRAINED","inv14",12,2,10,146,42,45,0.082192,0.047619,0.222222,0.300000,0.700000,10,
"classroom_rl/UNDERCONSTRAINED/parsed-file4576_inv11.als","classroom_rl","UNDERCONSTRAINED","inv11",39,20,11,49,14,11,0.795918,1.428571,1.000000,0.000000,1.000000,10,
"classroom_rl/UNDERCONSTRAINED/parsed-file457_inv14.als","classroom_rl","UNDERCONSTRAINED","inv14",70,30,32,154,45,45,0.454545,0.666667,0.711111,0.100000,0.900000,10,
"classroom_rl/UNDERCONSTRAINED/parsed-file4600_inv14.als","classroom_rl","UNDERCONSTRAINED","inv14",35,9,6,145,42,45,0.241379,0.214286,0.133333,0.500000,0.500000,10,
"classroom_rl/UNDERCONSTRAINED/parsed-file4615_inv14.als","classroom_rl","UNDERCONSTRAINED","inv14",12,2,10,157,44,43,0.076433,0.045455,0.232558,0.300000,0.700000,10,
"classroom_rl/UNDERCONSTRAINED/parsed-file4623_inv14.als","classroom_rl","UNDERCONSTRAINED","inv14",12,2,10,146,42,45,0.082192,0.047619,0.222222,0.300000,0.700000,10,
"classroom_rl/UNDERCONSTRAINED/parsed-file4636_inv12.als","classroom_rl","UNDERCONSTRAINED","inv12",19,6,22,116,32,33,0.163793,0.187500,0.666667,0.100000,0.900000,10,
"classroom_rl/UNDERCONSTRAINED/parsed-file4656_inv13.als","classroom_rl","UNDERCONSTRAINED","inv13",21,9,7,68,19,23,0.308824,0.473684,0.304348,0.990099,0.009901,10,
"classroom_rl/UNDERCONSTRAINED/parsed-file4711_inv15.als","classroom_rl","UNDERCONSTRAINED","inv15",69,45,51,199,56,60,0.346734,0.803571,0.850000,0.100000,0.900000,10,
"classroom_rl/UNDERCONSTRAINED/parsed-file529_inv14.als","classroom_rl","UNDERCONSTRAINED","inv14",53,24,27,134,40,39,0.395522,0.600000,0.692308,0.300000,0.700000,10,
"classroom_rl/UNDERCONSTRAINED/parsed-file535_inv14.als","classroom_rl","UNDERCONSTRAINED","inv14",6,1,5,158,44,45,0.037975,0.022727,0.111111,0.500000,0.500000,10,
"classroom_rl/UNDERCONSTRAINED/parsed-file56_inv12.als","classroom_rl","UNDERCONSTRAINED","inv12",37,16,16,91,23,22,0.406593,0.695652,0.727273,0.000000,1.000000,10,
"classroom_rl/UNDERCONSTRAINED/parsed-file609_inv14.als","classroom_rl","UNDERCONSTRAINED","inv14",17,9,7,145,43,45,0.117241,0.209302,0.155556,0.000000,1.000000,10,
"classroom_rl/UNDERCONSTRAINED/parsed-file619_inv14.als","classroom_rl","UNDERCONSTRAINED","inv14",48,15,47,191,52,55,0.251309,0.288462,0.854545,0.100000,0.900000,10,
"classroom_rl/UNDERCONSTRAINED/parsed-file636_inv14.als","classroom_rl","UNDERCONSTRAINED","inv14",48,15,47,191,52,55,0.251309,0.288462,0.854545,0.100000,0.900000,10,
"classroom_rl/UNDERCONSTRAINED/parsed-file646_inv11.als","classroom_rl","UNDERCONSTRAINED","inv11",15,3,5,143,38,37,0.104895,0.078947,0.135135,0.400000,0.600000,10,
"classroom_rl/UNDERCONSTRAINED/parsed-file669_inv5.als","classroom_rl","UNDERCONSTRAINED","inv5",13,5,6,67,17,16,0.194030,0.294118,0.375000,0.000000,1.000000,10,
"classroom_rl/UNDERCONSTRAINED/parsed-file66_inv9.als","classroom_rl","UNDERCONSTRAINED","inv9",13,6,5,43,12,12,0.302326,0.500000,0.416667,0.000000,1.000000,10,
"classroom_rl/UNDERCONSTRAINED/parsed-file68_inv14.als","classroom_rl","UNDERCONSTRAINED","inv14",17,4,5,156,44,43,0.108974,0.090909,0.116279,0.500000,0.500000,10,
"classroom_rl/UNDERCONSTRAINED/parsed-file719_inv10.als","classroom_rl","UNDERCONSTRAINED","inv10",17,9,11,68,19,19,0.250000,0.473684,0.578947,0.000000,1.000000,10,
"classroom_rl/UNDERCONSTRAINED/parsed-file722_inv14.als","classroom_rl","UNDERCONSTRAINED","inv14",12,2,10,146,42,45,0.082192,0.047619,0.222222,0.300000,0.700000,10,
"classroom_rl/UNDERCONSTRAINED/parsed-file723_inv14.als","classroom_rl","UNDERCONSTRAINED","inv14",47,28,22,91,25,23,0.516484,1.120000,0.956522,0.000000,1.000000,10,
"classroom_rl/UNDERCONSTRAINED/parsed-file776_inv15.als","classroom_rl","UNDERCONSTRAINED","inv15",88,36,35,197,50,46,0.446701,0.720000,0.760870,0.500000,0.500000,10,
"classroom_rl/UNDERCONSTRAINED/parsed-file850_inv14.als","classroom_rl","UNDERCONSTRAINED","inv14",40,10,14,146,42,45,0.273973,0.238095,0.311111,0.300000,0.700000,10,
"classroom_rl/UNDERCONSTRAINED/parsed-file900_inv5.als","classroom_rl","UNDERCONSTRAINED","inv5",10,5,3,14,4,4,0.714286,1.250000,0.750000,0.000000,1.000000,10,
"classroom_rl/UNDERCONSTRAINED/parsed-file910_inv14.als","classroom_rl","UNDERCONSTRAINED","inv14",69,27,32,131,36,33,0.526718,0.750000,0.969697,0.000000,1.000000,10,
"classroom_rl/UNDERCONSTRAINED/parsed-file992_inv12.als","classroom_rl","UNDERCONSTRAINED","inv12",25,7,27,122,32,38,0.204918,0.218750,0.710526,0.100000,0.900000,10,
"cv_v1/BOTH/parsed-file104_Inv3.als","cv_v1","BOTH","Inv3",19,7,5,79,24,23,0.240506,0.291667,0.217391,0.000000,1.000000,10,
"cv_v1/BOTH/parsed-file120_Inv1.als","cv_v1","BOTH","Inv1",26,12,13,60,17,15,0.433333,0.705882,0.866667,0.100000,0.900000,10,
"cv_v1/BOTH/parsed-file130_Inv3.als","cv_v1","BOTH","Inv3",72,26,25,42,17,11,1.714286,1.529412,2.272727,0.000000,1.000000,10,
"cv_v1/BOTH/parsed-file133_Inv1.als","cv_v1","BOTH","Inv1",15,6,4,21,7,6,0.714286,0.857143,0.666667,0.000000,1.000000,10,
"cv_v1/BOTH/parsed-file14_Inv2.als","cv_v1","BOTH","Inv2",46,26,23,127,35,32,0.362205,0.742857,0.718750,0.000000,1.000000,10,
"cv_v1/BOTH/parsed-file181_Inv3.als","cv_v1","BOTH","Inv3",64,29,26,162,47,52,0.395062,0.617021,0.500000,0.000000,1.000000,10,
"cv_v1/BOTH/parsed-file199_Inv1.als","cv_v1","BOTH","Inv1",21,10,11,52,15,13,0.403846,0.666667,0.846154,0.100000,0.900000,10,
"cv_v1/BOTH/parsed-file203_Inv1.als","cv_v1","BOTH","Inv1",17,5,10,42,12,12,0.404762,0.416667,0.833333,0.000000,1.000000,10,
"cv_v1/BOTH/parsed-file213_Inv3.als","cv_v1","BOTH","Inv3",58,27,24,65,19,27,0.892308,1.421053,0.888889,0.080000,0.920000,10,
"cv_v1/BOTH/parsed-file245_Inv1.als","cv_v1","BOTH","Inv1",23,9,18,73,22,20,0.315068,0.409091,0.900000,0.100000,0.900000,10,
"cv_v1/BOTH/parsed-file248_Inv1.als","cv_v1","BOTH","Inv1",14,4,4,24,9,7,0.583333,0.444444,0.571429,0.100000,0.900000,10,
"cv_v1/BOTH/parsed-file250_Inv3.als","cv_v1","BOTH","Inv3",48,23,21,129,39,45,0.372093,0.589744,0.466667,0.600000,0.400000,10,
"cv_v1/BOTH/parsed-file276_Inv1.als","cv_v1","BOTH","Inv1",8,3,2,51,16,15,0.156863,0.187500,0.133333,0.360000,0.640000,10,
"cv_v1/BOTH/parsed-file290_Inv3.als","cv_v1","BOTH","Inv3",80,29,23,22,11,8,3.636364,2.636364,2.875000,0.080000,0.920000,10,
"cv_v1/BOTH/parsed-file304_Inv3.als","cv_v1","BOTH","Inv3",63,21,20,38,12,12,1.657895,1.750000,1.666667,0.080000,0.920000,10,
"cv_v1/BOTH/parsed-file309_Inv2.als","cv_v1","BOTH","Inv2",48,12,20,121,35,34,0.396694,0.342857,0.588235,0.000000,1.000000,10,
"cv_v1/BOTH/parsed-file316_Inv3.als","cv_v1","BOTH","Inv3",52,30,27,92,29,28,0.565217,1.034483,0.964286,0.200000,0.800000,10,
"cv_v1/BOTH/parsed-file327_Inv1.als","cv_v1","BOTH","Inv1",10,4,3,50,16,15,0.200000,0.250000,0.200000,0.360000,0.640000,10,
"cv_v1/BOTH/parsed-file330_Inv3.als","cv_v1","BOTH","Inv3",72,26,25,42,17,11,1.714286,1.529412,2.272727,0.000000,1.000000,10,
"cv_v1/BOTH/parsed-file340_Inv1.als","cv_v1","BOTH","Inv1",10,4,3,50,16,15,0.200000,0.250000,0.200000,0.360000,0.640000,10,
"cv_v1/BOTH/parsed-file363_Inv3.als","cv_v1","BOTH","Inv3",51,24,20,68,23,17,0.750000,1.043478,1.176471,0.100000,0.900000,10,
"cv_v1/BOTH/parsed-file386_Inv3.als","cv_v1","BOTH","Inv3",67,40,31,158,45,40,0.424051,0.888889,0.775000,0.540000,0.460000,10,
"cv_v1/BOTH/parsed-file397_Inv3.als","cv_v1","BOTH","Inv3",50,20,23,47,15,13,1.063830,1.333333,1.769231,0.000000,1.000000,10,
"cv_v1/BOTH/parsed-file399_Inv1.als","cv_v1","BOTH","Inv1",15,7,5,33,12,9,0.454545,0.583333,0.555556,0.100000,0.900000,10,
"cv_v1/BOTH/parsed-file422_Inv1.als","cv_v1","BOTH","Inv1",13,4,3,51,16,15,0.254902,0.250000,0.200000,0.360000,0.640000,10,
"cv_v1/BOTH/parsed-file423_Inv1.als","cv_v1","BOTH","Inv1",8,3,2,51,16,15,0.156863,0.187500,0.133333,0.360000,0.640000,10,
"cv_v1/BOTH/parsed-file424_Inv2.als","cv_v1","BOTH","Inv2",44,11,25,121,35,35,0.363636,0.314286,0.714286,0.000000,1.000000,10,
"cv_v1/BOTH/parsed-file434_Inv3.als","cv_v1","BOTH","Inv3",55,24,25,106,32,32,0.518868,0.750000,0.781250,0.600000,0.400000,10,
"cv_v1/BOTH/parsed-file46_Inv1.als","cv_v1","BOTH","Inv1",15,7,5,33,12,9,0.454545,0.583333,0.555556,0.100000,0.900000,10,
"cv_v1/BOTH/parsed-file482_Inv3.als","cv_v1","BOTH","Inv3",71,30,25,26,10,7,2.730769,3.000000,3.571429,0.000000,1.000000,10,
"cv_v1/BOTH/parsed-file489_Inv2.als","cv_v1","BOTH","Inv2",31,26,23,127,35,32,0.244094,0.742857,0.718750,0.000000,1.000000,10,
"cv_v1/BOTH/parsed-file490_Inv3.als","cv_v1","BOTH","Inv3",69,29,28,55,25,15,1.254545,1.160000,1.866667,0.270000,0.730000,10,
"cv_v1/BOTH/parsed-file495_Inv2.als","cv_v1","BOTH","Inv2",66,27,27,141,37,34,0.468085,0.729730,0.794118,0.000000,1.000000,10,
"cv_v1/BOTH/parsed-file500_Inv3.als","cv_v1","BOTH","Inv3",62,22,34,117,34,39,0.529915,0.647059,0.871795,0.000000,1.000000,10,
"cv_v1/BOTH/parsed-file513_Inv2.als","cv_v1","BOTH","Inv2",44,17,20,99,28,29,0.444444,0.607143,0.689655,0.000000,1.000000,10,
"cv_v1/BOTH/parsed-file540_Inv2.als","cv_v1","BOTH","Inv2",44,15,11,103,30,25,0.427184,0.500000,0.440000,0.000000,1.000000,10,
"cv_v1/BOTH/parsed-file547_Inv2.als","cv_v1","BOTH","Inv2",44,15,11,103,30,25,0.427184,0.500000,0.440000,0.000000,1.000000,10,
"cv_v1/BOTH/parsed-file554_Inv3.als","cv_v1","BOTH","Inv3",52,30,27,92,29,28,0.565217,1.034483,0.964286,0.200000,0.800000,10,
"cv_v1/BOTH/parsed-file569_Inv3.als","cv_v1","BOTH","Inv3",71,31,27,42,17,11,1.690476,1.823529,2.454545,0.100000,0.900000,10,
"cv_v1/BOTH/parsed-file574_Inv3.als","cv_v1","BOTH","Inv3",77,30,24,19,7,6,4.052632,4.285714,4.000000,0.000000,1.000000,10,
"cv_v1/BOTH/parsed-file57_Inv3.als","cv_v1","BOTH","Inv3",20,5,53,174,49,56,0.114943,0.102041,0.946429,0.900000,0.100000,10,
"cv_v1/BOTH/parsed-file581_Inv2.als","cv_v1","BOTH","Inv2",61,32,9,143,39,34,0.426573,0.820513,0.264706,0.000000,1.000000,10,
"cv_v1/BOTH/parsed-file602_Inv1.als","cv_v1","BOTH","Inv1",31,12,8,43,15,11,0.720930,0.800000,0.727273,0.000000,1.000000,10,
"cv_v1/BOTH/parsed-file612_Inv2.als","cv_v1","BOTH","Inv2",41,7,8,123,35,34,0.333333,0.200000,0.235294,0.000000,1.000000,10,
"cv_v1/BOTH/parsed-file614_Inv2.als","cv_v1","BOTH","Inv2",49,26,24,127,35,32,0.385827,0.742857,0.750000,0.000000,1.000000,10,
"cv_v1/BOTH/parsed-file617_Inv3.als","cv_v1","BOTH","Inv3",35,10,39,127,36,42,0.275591,0.277778,0.928571,0.180000,0.820000,10,
"cv_v1/BOTH/parsed-file61_Inv1.als","cv_v1","BOTH","Inv1",14,3,23,91,26,25,0.153846,0.115385,0.920000,0.200000,0.800000,10,
"cv_v1/BOTH/parsed-file628_Inv3.als","cv_v1","BOTH","Inv3",4,1,48,158,45,51,0.025316,0.022222,0.941176,0.900000,0.100000,10,
"cv_v1/BOTH/parsed-file635_Inv3.als","cv_v1","BOTH","Inv3",58,21,24,64,20,25,0.906250,1.050000,0.960000,0.600000,0.400000,10,
"cv_v1/BOTH/parsed-file63_Inv2.als","cv_v1","BOTH","Inv2",39,9,9,71,20,19,0.549296,0.450000,0.473684,0.000000,1.000000,10,
"cv_v1/BOTH/parsed-file649_Inv3.als","cv_v1","BOTH","Inv3",48,25,22,132,41,46,0.363636,0.609756,0.478261,0.600000,0.400000,10,
"cv_v1/BOTH/parsed-file650_Inv3.als","cv_v1","BOTH","Inv3",70,30,25,27,10,7,2.592593,3.000000,3.571429,0.000000,1.000000,10,
"cv_v1/BOTH/parsed-file673_Inv2.als","cv_v1","BOTH","Inv2",21,12,16,74,19,16,0.283784,0.631579,1.000000,0.980392,0.019608,10,
"cv_v1/BOTH/parsed-file698_Inv3.als","cv_v1","BOTH","Inv3",63,33,26,73,22,16,0.863014,1.500000,1.625000,0.600000,0.400000,10,
"cv_v1/BOTH/parsed-file703_Inv1.als","cv_v1","BOTH","Inv1",30,12,8,43,15,11,0.697674,0.800000,0.727273,0.100000,0.900000,10,
"cv_v1/BOTH/parsed-file752_Inv3.als","cv_v1","BOTH","Inv3",58,25,22,48,15,14,1.208333,1.666667,1.571429,0.080000,0.920000,10,
"cv_v1/BOTH/parsed-file754_Inv3.als","cv_v1","BOTH","Inv3",80,29,23,22,11,8,3.636364,2.636364,2.875000,0.080000,0.920000,10,
"cv_v1/BOTH/parsed-file75_Inv3.als","cv_v1","BOTH","Inv3",72,30,25,28,12,8,2.571429,2.500000,3.125000,0.270000,0.730000,10,
"cv_v1/BOTH/parsed-file772_Inv3.als","cv_v1","BOTH","Inv3",19,7,5,79,24,23,0.240506,0.291667,0.217391,0.000000,1.000000,10,
"cv_v1/BOTH/parsed-file787_Inv2.als","cv_v1","BOTH","Inv2",41,7,8,123,35,34,0.333333,0.200000,0.235294,0.000000,1.000000,10,
"cv_v1/BOTH/parsed-file820_Inv3.als","cv_v1","BOTH","Inv3",48,21,20,126,37,44,0.380952,0.567568,0.454545,0.600000,0.400000,10,
"cv_v1/BOTH/parsed-file84_Inv2.als","cv_v1","BOTH","Inv2",26,5,4,51,16,14,0.509804,0.312500,0.285714,0.980392,0.019608,10,
"cv_v1/BOTH/parsed-file894_Inv1.als","cv_v1","BOTH","Inv1",15,5,3,50,16,15,0.300000,0.312500,0.200000,0.360000,0.640000,10,
"cv_v1/BOTH/parsed-file899_Inv3.als","cv_v1","BOTH","Inv3",54,27,24,70,19,27,0.771429,1.421053,0.888889,0.080000,0.920000,10,
"cv_v1/BOTH/parsed-file930_Inv3.als","cv_v1","BOTH","Inv3",71,31,27,42,17,11,1.690476,1.823529,2.454545,0.100000,0.900000,10,
"cv_v1/BOTH/parsed-file935_Inv2.als","cv_v1","BOTH","Inv2",44,8,8,123,35,34,0.357724,0.228571,0.235294,0.000000,1.000000,10,
"cv_v1/BOTH/parsed-file937_Inv2.als","cv_v1","BOTH","Inv2",37,13,14,78,23,23,0.474359,0.565217,0.608696,0.980392,0.019608,10,
"cv_v1/BOTH/parsed-file93_Inv3.als","cv_v1","BOTH","Inv3",54,24,23,87,26,27,0.620690,0.923077,0.851852,0.000000,1.000000,10,
"cv_v1/OVERCONSTRAINED/parsed-file114_Inv2.als","cv_v1","OVERCONSTRAINED","Inv2",12,6,5,86,25,21,0.139535,0.240000,0.238095,0.000000,1.000000,10,
"cv_v1/OVERCONSTRAINED/parsed-file126_Inv1.als","cv_v1","OVERCONSTRAINED","Inv1",20,13,15,82,24,24,0.243902,0.541667,0.625000,0.990099,0.009901,10,
"cv_v1/OVERCONSTRAINED/parsed-file131_Inv1.als","cv_v1","OVERCONSTRAINED","Inv1",2,1,3,51,16,15,0.039216,0.062500,0.200000,0.990099,0.009901,10,
"cv_v1/OVERCONSTRAINED/parsed-file131_Inv2.als","cv_v1","OVERCONSTRAINED","Inv2",2,1,1,75,22,19,0.026667,0.045455,0.052632,0.990099,0.009901,10,
"cv_v1/OVERCONSTRAINED/parsed-file132_Inv3.als","cv_v1","OVERCONSTRAINED","Inv3",40,26,24,83,26,31,0.481928,1.000000,0.774194,0.000000,1.000000,10,
"cv_v1/OVERCONSTRAINED/parsed-file137_Inv3.als","cv_v1","OVERCONSTRAINED","Inv3",31,13,18,90,25,30,0.344444,0.520000,0.600000,0.200000,0.800000,10,
"cv_v1/OVERCONSTRAINED/parsed-file141_Inv3.als","cv_v1","OVERCONSTRAINED","Inv3",83,28,24,13,4,4,6.384615,7.000000,6.000000,0.000000,1.000000,10,
"cv_v1/OVERCONSTRAINED/parsed-file142_Inv2.als","cv_v1","OVERCONSTRAINED","Inv2",11,5,4,86,25,21,0.127907,0.200000,0.190476,0.000000,1.000000,10,
"cv_v1/OVERCONSTRAINED/parsed-file150_Inv3.als","cv_v1","OVERCONSTRAINED","Inv3",43,17,22,174,53,58,0.247126,0.320755,0.379310,0.000000,1.000000,10,
"cv_v1/OVERCONSTRAINED/parsed-file155_Inv2.als","cv_v1","OVERCONSTRAINED","Inv2",11,5,4,86,25,21,0.127907,0.200000,0.190476,0.000000,1.000000,10,
"cv_v1/OVERCONSTRAINED/parsed-file163_Inv3.als","cv_v1","OVERCONSTRAINED","Inv3",46,22,19,80,27,22,0.575000,0.814815,0.863636,0.990099,0.009901,10,
"cv_v1/OVERCONSTRAINED/parsed-file165_Inv3.als","cv_v1","OVERCONSTRAINED","Inv3",25,22,27,145,43,50,0.172414,0.511628,0.540000,0.000000,1.000000,10,
"cv_v1/OVERCONSTRAINED/parsed-file166_Inv2.als","cv_v1","OVERCONSTRAINED","Inv2",33,13,5,79,24,24,0.417722,0.541667,0.208333,0.400000,0.600000,10,
"cv_v1/OVERCONSTRAINED/parsed-file175_Inv3.als","cv_v1","OVERCONSTRAINED","Inv3",73,31,30,153,47,50,0.477124,0.659574,0.600000,0.000000,1.000000,10,
"cv_v1/OVERCONSTRAINED/parsed-file191_Inv2.als","cv_v1","OVERCONSTRAINED","Inv2",38,14,13,70,22,19,0.542857,0.636364,0.684211,0.400000,0.600000,10,
"cv_v1/OVERCONSTRAINED/parsed-file206_Inv3.als","cv_v1","OVERCONSTRAINED","Inv3",46,24,23,114,34,41,0.403509,0.705882,0.560976,0.000000,1.000000,10,
"cv_v1/OVERCONSTRAINED/parsed-file208_Inv3.als","cv_v1","OVERCONSTRAINED","Inv3",71,30,24,31,10,8,2.290323,3.000000,3.000000,0.000000,1.000000,10,
"cv_v1/OVERCONSTRAINED/parsed-file211_Inv2.als","cv_v1","OVERCONSTRAINED","Inv2",26,18,11,85,24,24,0.305882,0.750000,0.458333,0.000000,1.000000,10,
"cv_v1/OVERCONSTRAINED/parsed-file215_Inv3.als","cv_v1","OVERCONSTRAINED","Inv3",44,22,19,82,27,22,0.536585,0.814815,0.863636,0.200000,0.800000,10,
"cv_v1/OVERCONSTRAINED/parsed-file228_Inv1.als","cv_v1","OVERCONSTRAINED","Inv1",17,9,10,49,14,18,0.346939,0.642857,0.555556,0.000000,1.000000,10,
"cv_v1/OVERCONSTRAINED/parsed-file234_Inv3.als","cv_v1","OVERCONSTRAINED","Inv3",67,26,38,144,44,51,0.465278,0.590909,0.745098,0.000000,1.000000,10,
"cv_v1/OVERCONSTRAINED/parsed-file255_Inv3.als","cv_v1","OVERCONSTRAINED","Inv3",43,20,24,71,22,31,0.605634,0.909091,0.774194,0.000000,1.000000,10,
"cv_v1/OVERCONSTRAINED/parsed-file265_Inv2.als","cv_v1","OVERCONSTRAINED","Inv2",41,16,15,58,15,14,0.706897,1.066667,1.071429,0.000000,1.000000,10,
"cv_v1/OVERCONSTRAINED/parsed-file275_Inv3.als","cv_v1","OVERCONSTRAINED","Inv3",53,19,21,119,37,35,0.445378,0.513514,0.600000,0.000000,1.000000,10,
"cv_v1/OVERCONSTRAINED/parsed-file284_Inv3.als","cv_v1","OVERCONSTRAINED","Inv3",51,21,20,73,22,24,0.698630,0.954545,0.833333,0.000000,1.000000,10,
"cv_v1/OVERCONSTRAINED/parsed-file288_Inv3.als","cv_v1","OVERCONSTRAINED","Inv3",22,8,13,118,39,30,0.186441,0.205128,0.433333,0.990099,0.009901,10,
"cv_v1/OVERCONSTRAINED/parsed-file28_Inv1.als","cv_v1","OVERCONSTRAINED","Inv1",31,12,16,76,22,24,0.407895,0.545455,0.666667,0.000000,1.000000,10,
"cv_v1/OVERCONSTRAINED/parsed-file291_Inv2.als","cv_v1","OVERCONSTRAINED","Inv2",11,4,6,110,32,29,0.100000,0.125000,0.206897,0.990099,0.009901,10,
"cv_v1/OVERCONSTRAINED/parsed-file306_Inv3.als","cv_v1","OVERCONSTRAINED","Inv3",27,15,9,71,21,21,0.380282,0.714286,0.428571,0.000000,1.000000,10,
"cv_v1/OVERCONSTRAINED/parsed-file310_Inv2.als","cv_v1","OVERCONSTRAINED","Inv2",16,9,8,83,24,21,0.192771,0.375000,0.380952,0.990099,0.009901,10,
"cv_v1/OVERCONSTRAINED/parsed-file318_Inv1.als","cv_v1","OVERCONSTRAINED","Inv1",2,1,3,51,16,15,0.039216,0.062500,0.200000,0.990099,0.009901,10,
"cv_v1/OVERCONSTRAINED/parsed-file324_Inv2.als","cv_v1","OVERCONSTRAINED","Inv2",44,18,20,134,37,36,0.328358,0.486486,0.555556,0.990099,0.009901,10,
"cv_v1/OVERCONSTRAINED/parsed-file336_Inv3.als","cv_v1","OVERCONSTRAINED","Inv3",46,24,23,114,34,41,0.403509,0.705882,0.560976,0.000000,1.000000,10,
"cv_v1/OVERCONSTRAINED/parsed-file348_Inv3.als","cv_v1","OVERCONSTRAINED","Inv3",71,30,27,42,17,11,1.690476,1.764706,2.454545,0.000000,1.000000,10,
"cv_v1/OVERCONSTRAINED/parsed-file360_Inv2.als","cv_v1","OVERCONSTRAINED","Inv2",1,1,1,67,19,16,0.014925,0.052632,0.062500,0.000000,1.000000,10,
"cv_v1/OVERCONSTRAINED/parsed-file361_Inv3.als","cv_v1","OVERCONSTRAINED","Inv3",48,19,34,175,53,60,0.274286,0.358491,0.566667,0.000000,1.000000,10,
"cv_v1/OVERCONSTRAINED/parsed-file365_Inv2.als","cv_v1","OVERCONSTRAINED","Inv2",19,8,6,60,17,15,0.316667,0.470588,0.400000,0.000000,1.000000,10,
"cv_v1/OVERCONSTRAINED/parsed-file36_Inv2.als","cv_v1","OVERCONSTRAINED","Inv2",40,13,16,100,27,22,0.400000,0.481481,0.727273,0.000000,1.000000,10,
"cv_v1/OVERCONSTRAINED/parsed-file374_Inv2.als","cv_v1","OVERCONSTRAINED","Inv2",54,24,27,134,37,36,0.402985,0.648649,0.750000,0.990099,0.009901,10,
"cv_v1/OVERCONSTRAINED/parsed-file381_Inv1.als","cv_v1","OVERCONSTRAINED","Inv1",23,12,8,43,15,11,0.534884,0.800000,0.727273,0.000000,1.000000,10,
"cv_v1/OVERCONSTRAINED/parsed-file394_Inv2.als","cv_v1","OVERCONSTRAINED","Inv2",1,1,1,67,19,16,0.014925,0.052632,0.062500,0.000000,1.000000,10,
"cv_v1/OVERCONSTRAINED/parsed-file395_Inv3.als","cv_v1","OVERCONSTRAINED","Inv3",44,19,16,105,30,35,0.419048,0.633333,0.457143,0.200000,0.800000,10,
"cv_v1/OVERCONSTRAINED/parsed-file39_Inv3.als","cv_v1","OVERCONSTRAINED","Inv3",53,19,21,119,37,35,0.445378,0.513514,0.600000,0.000000,1.000000,10,
"cv_v1/OVERCONSTRAINED/parsed-file40_Inv3.als","cv_v1","OVERCONSTRAINED","Inv3",25,15,21,72,21,21,0.347222,0.714286,1.000000,0.000000,1.000000,10,
"cv_v1/OVERCONSTRAINED/parsed-file428_Inv2.als","cv_v1","OVERCONSTRAINED","Inv2",16,12,11,95,25,23,0.168421,0.480000,0.478261,0.000000,1.000000,10,
"cv_v1/OVERCONSTRAINED/parsed-file441_Inv3.als","cv_v1","OVERCONSTRAINED","Inv3",49,24,35,144,44,51,0.340278,0.545455,0.686275,0.000000,1.000000,10,
"cv_v1/OVERCONSTRAINED/parsed-file445_Inv3.als","cv_v1","OVERCONSTRAINED","Inv3",51,16,22,83,25,24,0.614458,0.640000,0.916667,0.200000,0.800000,10,
"cv_v1/OVERCONSTRAINED/parsed-file449_Inv2.als","cv_v1","OVERCONSTRAINED","Inv2",33,13,5,79,24,24,0.417722,0.541667,0.208333,0.400000,0.600000,10,
"cv_v1/OVERCONSTRAINED/parsed-file456_Inv2.als","cv_v1","OVERCONSTRAINED","Inv2",6,1,1,64,19,16,0.093750,0.052632,0.062500,0.000000,1.000000,10,
"cv_v1/OVERCONSTRAINED/parsed-file460_Inv3.als","cv_v1","OVERCONSTRAINED","Inv3",62,31,29,107,32,36,0.579439,0.968750,0.805556,0.000000,1.000000,10,
"cv_v1/OVERCONSTRAINED/parsed-file462_Inv3.als","cv_v1","OVERCONSTRAINED","Inv3",70,25,26,42,17,11,1.666667,1.470588,2.363636,0.000000,1.000000,10,
"cv_v1/OVERCONSTRAINED/parsed-file465_Inv3.als","cv_v1","OVERCONSTRAINED","Inv3",44,24,30,146,43,50,0.301370,0.558140,0.600000,0.000000,1.000000,10,
"cv_v1/OVERCONSTRAINED/parsed-file468_Inv1.als","cv_v1","OVERCONSTRAINED","Inv1",14,5,5,50,16,15,0.280000,0.312500,0.333333,0.000000,1.000000,10,
"cv_v1/OVERCONSTRAINED/parsed-file472_Inv2.als","cv_v1","OVERCONSTRAINED","Inv2",1,1,1,67,19,16,0.014925,0.052632,0.062500,0.000000,1.000000,10,
"cv_v1/OVERCONSTRAINED/parsed-file476_Inv3.als","cv_v1","OVERCONSTRAINED","Inv3",61,31,27,106,32,36,0.575472,0.968750,0.750000,0.000000,1.000000,10,
"cv_v1/OVERCONSTRAINED/parsed-file480_Inv1.als","cv_v1","OVERCONSTRAINED","Inv1",19,11,8,66,18,16,0.287879,0.611111,0.500000,0.000000,1.000000,10,
"cv_v1/OVERCONSTRAINED/parsed-file487_Inv2.als","cv_v1","OVERCONSTRAINED","Inv2",30,16,8,88,26,19,0.340909,0.615385,0.421053,0.000000,1.000000,10,
"cv_v1/OVERCONSTRAINED/parsed-file48_Inv3.als","cv_v1","OVERCONSTRAINED","Inv3",53,19,21,119,37,35,0.445378,0.513514,0.600000,0.000000,1.000000,10,
"cv_v1/OVERCONSTRAINED/parsed-file492_Inv2.als","cv_v1","OVERCONSTRAINED","Inv2",10,4,3,98,27,23,0.102041,0.148148,0.130435,0.990099,0.009901,10,
"cv_v1/OVERCONSTRAINED/parsed-file498_Inv3.als","cv_v1","OVERCONSTRAINED","Inv3",18,8,13,149,44,49,0.120805,0.181818,0.265306,0.000000,1.000000,10,
"cv_v1/OVERCONSTRAINED/parsed-file502_Inv3.als","cv_v1","OVERCONSTRAINED","Inv3",87,28,24,12,6,7,7.250000,4.666667,3.428571,0.000000,1.000000,10,
"cv_v1/OVERCONSTRAINED/parsed-file506_Inv3.als","cv_v1","OVERCONSTRAINED","Inv3",46,24,23,114,34,41,0.403509,0.705882,0.560976,0.000000,1.000000,10,
"cv_v1/OVERCONSTRAINED/parsed-file507_Inv1.als","cv_v1","OVERCONSTRAINED","Inv1",2,1,3,51,16,15,0.039216,0.062500,0.200000,0.990099,0.009901,10,
"cv_v1/OVERCONSTRAINED/parsed-file516_Inv3.als","cv_v1","OVERCONSTRAINED","Inv3",40,13,14,118,35,40,0.338983,0.371429,0.350000,0.000000,1.000000,10,
"cv_v1/OVERCONSTRAINED/parsed-file530_Inv3.als","cv_v1","OVERCONSTRAINED","Inv3",53,19,21,119,37,35,0.445378,0.513514,0.600000,0.000000,1.000000,10,
"cv_v1/OVERCONSTRAINED/parsed-file543_Inv3.als","cv_v1","OVERCONSTRAINED","Inv3",52,24,23,88,26,27,0.590909,0.923077,0.851852,0.000000,1.000000,10,
"cv_v1/OVERCONSTRAINED/parsed-file551_Inv2.als","cv_v1","OVERCONSTRAINED","Inv2",38,14,13,70,22,19,0.542857,0.636364,0.684211,0.400000,0.600000,10,
"cv_v1/OVERCONSTRAINED/parsed-file558_Inv3.als","cv_v1","OVERCONSTRAINED","Inv3",18,8,13,149,44,49,0.120805,0.181818,0.265306,0.000000,1.000000,10,
"cv_v1/OVERCONSTRAINED/parsed-file562_Inv3.als","cv_v1","OVERCONSTRAINED","Inv3",62,20,21,46,16,22,1.347826,1.250000,0.954545,0.000000,1.000000,10,
"cv_v1/OVERCONSTRAINED/parsed-file563_Inv3.als","cv_v1","OVERCONSTRAINED","Inv3",24,13,8,73,21,21,0.328767,0.619048,0.380952,0.000000,1.000000,10,
"cv_v1/OVERCONSTRAINED/parsed-file576_Inv3.als","cv_v1","OVERCONSTRAINED","Inv3",52,25,27,115,34,41,0.452174,0.735294,0.658537,0.000000,1.000000,10,
"cv_v1/OVERCONSTRAINED/parsed-file586_Inv1.als","cv_v1","OVERCONSTRAINED","Inv1",14,8,6,34,12,9,0.411765,0.666667,0.666667,0.000000,1.000000,10,
"cv_v1/OVERCONSTRAINED/parsed-file587_Inv3.als","cv_v1","OVERCONSTRAINED","Inv3",74,26,25,27,13,8,2.740741,2.000000,3.125000,0.000000,1.000000,10,
"cv_v1/OVERCONSTRAINED/parsed-file590_Inv1.als","cv_v1","OVERCONSTRAINED","Inv1",14,5,5,50,16,15,0.280000,0.312500,0.333333,0.000000,1.000000,10,
"cv_v1/OVERCONSTRAINED/parsed-file593_Inv3.als","cv_v1","OVERCONSTRAINED","Inv3",43,24,30,145,43,50,0.296552,0.558140,0.600000,0.000000,1.000000,10,
"cv_v1/OVERCONSTRAINED/parsed-file596_Inv3.als","cv_v1","OVERCONSTRAINED","Inv3",53,19,21,119,37,35,0.445378,0.513514,0.600000,0.000000,1.000000,10,
"cv_v1/OVERCONSTRAINED/parsed-file605_Inv2.als","cv_v1","OVERCONSTRAINED","Inv2",35,13,7,78,24,24,0.448718,0.541667,0.291667,0.400000,0.600000,10,
"cv_v1/OVERCONSTRAINED/parsed-file608_Inv3.als","cv_v1","OVERCONSTRAINED","Inv3",73,31,30,153,47,50,0.477124,0.659574,0.600000,0.000000,1.000000,10,
"cv_v1/OVERCONSTRAINED/parsed-file624_Inv2.als","cv_v1","OVERCONSTRAINED","Inv2",51,26,27,134,37,36,0.380597,0.702703,0.750000,0.990099,0.009901,10,
"cv_v1/OVERCONSTRAINED/parsed-file636_Inv3.als","cv_v1","OVERCONSTRAINED","Inv3",51,25,22,57,20,15,0.894737,1.250000,1.466667,0.000000,1.000000,10,
"cv_v1/OVERCONSTRAINED/parsed-file640_Inv2.als","cv_v1","OVERCONSTRAINED","Inv2",30,16,8,88,26,19,0.340909,0.615385,0.421053,0.000000,1.000000,10,
"cv_v1/OVERCONSTRAINED/parsed-file642_Inv3.als","cv_v1","OVERCONSTRAINED","Inv3",63,31,29,111,32,36,0.567568,0.968750,0.805556,0.000000,1.000000,10,
"cv_v1/OVERCONSTRAINED/parsed-file64_Inv3.als","cv_v1","OVERCONSTRAINED","Inv3",52,25,27,115,34,41,0.452174,0.735294,0.658537,0.000000,1.000000,10,
"cv_v1/OVERCONSTRAINED/parsed-file654_Inv2.als","cv_v1","OVERCONSTRAINED","Inv2",23,10,5,89,25,24,0.258427,0.400000,0.208333,0.000000,1.000000,10,
"cv_v1/OVERCONSTRAINED/parsed-file666_Inv2.als","cv_v1","OVERCONSTRAINED","Inv2",36,12,6,89,26,24,0.404494,0.461538,0.250000,0.400000,0.600000,10,
"cv_v1/OVERCONSTRAINED/parsed-file679_Inv1.als","cv_v1","OVERCONSTRAINED","Inv1",16,4,3,9,4,4,1.777778,1.000000,0.750000,0.000000,1.000000,10,
"cv_v1/OVERCONSTRAINED/parsed-file697_Inv3.als","cv_v1","OVERCONSTRAINED","Inv3",72,31,36,141,39,44,0.510638,0.794872,0.818182,0.000000,1.000000,10,
"cv_v1/OVERCONSTRAINED/parsed-file704_Inv2.als","cv_v1","OVERCONSTRAINED","Inv2",37,13,6,76,24,24,0.486842,0.541667,0.250000,0.000000,1.000000,10,
"cv_v1/OVERCONSTRAINED/parsed-file706_Inv1.als","cv_v1","OVERCONSTRAINED","Inv1",25,11,10,57,17,18,0.438596,0.647059,0.555556,0.990099,0.009901,10,
"cv_v1/OVERCONSTRAINED/parsed-file710_Inv2.als","cv_v1","OVERCONSTRAINED","Inv2",52,28,27,132,37,36,0.393939,0.756757,0.750000,0.990099,0.009901,10,
"cv_v1/OVERCONSTRAINED/parsed-file711_Inv1.als","cv_v1","OVERCONSTRAINED","Inv1",23,12,8,43,15,11,0.534884,0.800000,0.727273,0.000000,1.000000,10,
"cv_v1/OVERCONSTRAINED/parsed-file721_Inv3.als","cv_v1","OVERCONSTRAINED","Inv3",40,19,14,100,30,35,0.400000,0.633333,0.400000,0.000000,1.000000,10,
"cv_v1/OVERCONSTRAINED/parsed-file728_Inv3.als","cv_v1","OVERCONSTRAINED","Inv3",52,25,27,93,27,35,0.559140,0.925926,0.771429,0.000000,1.000000,10,
"cv_v1/OVERCONSTRAINED/parsed-file738_Inv3.als","cv_v1","OVERCONSTRAINED","Inv3",60,19,21,52,16,22,1.153846,1.187500,0.954545,0.000000,1.000000,10,
"cv_v1/OVERCONSTRAINED/parsed-file742_Inv3.als","cv_v1","OVERCONSTRAINED","Inv3",49,26,26,123,38,41,0.398374,0.684211,0.634146,0.000000,1.000000,10,
"cv_v1/OVERCONSTRAINED/parsed-file744_Inv3.als","cv_v1","OVERCONSTRAINED","Inv3",82,30,24,15,7,6,5.466667,4.285714,4.000000,0.000000,1.000000,10,
"cv_v1/OVERCONSTRAINED/parsed-file750_Inv3.als","cv_v1","OVERCONSTRAINED","Inv3",82,30,24,22,11,8,3.727273,2.727273,3.000000,0.200000,0.800000,10,
"cv_v1/OVERCONSTRAINED/parsed-file764_Inv2.als","cv_v1","OVERCONSTRAINED","Inv2",25,9,8,86,25,21,0.290698,0.360000,0.380952,0.000000,1.000000,10,
"cv_v1/OVERCONSTRAINED/parsed-file779_Inv3.als","cv_v1","OVERCONSTRAINED","Inv3",62,20,20,37,13,12,1.675676,1.538462,1.666667,0.000000,1.000000,10,
"cv_v1/OVERCONSTRAINED/parsed-file789_Inv2.als","cv_v1","OVERCONSTRAINED","Inv2",30,16,9,94,27,20,0.319149,0.592593,0.450000,0.400000,0.600000,10,
"cv_v1/OVERCONSTRAINED/parsed-file797_Inv2.als","cv_v1","OVERCONSTRAINED","Inv2",28,13,17,100,27,22,0.280000,0.481481,0.772727,0.000000,1.000000,10,
"cv_v1/OVERCONSTRAINED/parsed-file801_Inv3.als","cv_v1","OVERCONSTRAINED","Inv3",53,24,23,87,26,27,0.609195,0.923077,0.851852,0.000000,1.000000,10,
"cv_v1/OVERCONSTRAINED/parsed-file810_Inv2.als","cv_v1","OVERCONSTRAINED","Inv2",25,13,10,92,27,21,0.271739,0.481481,0.476190,0.990099,0.009901,10,
"cv_v1/OVERCONSTRAINED/parsed-file825_Inv3.als","cv_v1","OVERCONSTRAINED","Inv3",56,18,19,50,17,21,1.120000,1.058824,0.904762,0.000000,1.000000,10,
"cv_v1/OVERCONSTRAINED/parsed-file846_Inv1.als","cv_v1","OVERCONSTRAINED","Inv1",2,1,3,51,16,15,0.039216,0.062500,0.200000,0.990099,0.009901,10,
"cv_v1/OVERCONSTRAINED/parsed-file857_Inv3.als","cv_v1","OVERCONSTRAINED","Inv3",49,24,26,83,25,35,0.590361,0.960000,0.742857,0.000000,1.000000,10,
"cv_v1/OVERCONSTRAINED/parsed-file861_Inv2.als","cv_v1","OVERCONSTRAINED","Inv2",11,4,6,110,32,29,0.100000,0.125000,0.206897,0.990099,0.009901,10,
"cv_v1/OVERCONSTRAINED/parsed-file868_Inv2.als","cv_v1","OVERCONSTRAINED","Inv2",52,28,27,132,37,36,0.393939,0.756757,0.750000,0.990099,0.009901,10,
"cv_v1/OVERCONSTRAINED/parsed-file869_Inv1.als","cv_v1","OVERCONSTRAINED","Inv1",7,3,2,55,17,15,0.127273,0.176471,0.133333,0.000000,1.000000,10,
"cv_v1/OVERCONSTRAINED/parsed-file877_Inv1.als","cv_v1","OVERCONSTRAINED","Inv1",17,9,6,52,16,15,0.326923,0.562500,0.400000,0.000000,1.000000,10,
"cv_v1/OVERCONSTRAINED/parsed-file88_Inv2.als","cv_v1","OVERCONSTRAINED","Inv2",6,1,1,64,19,16,0.093750,0.052632,0.062500,0.000000,1.000000,10,
"cv_v1/OVERCONSTRAINED/parsed-file914_Inv1.als","cv_v1","OVERCONSTRAINED","Inv1",19,11,8,66,18,16,0.287879,0.611111,0.500000,0.000000,1.000000,10,
"cv_v1/OVERCONSTRAINED/parsed-file918_Inv2.als","cv_v1","OVERCONSTRAINED","Inv2",38,14,15,70,22,19,0.542857,0.636364,0.789474,0.400000,0.600000,10,
"cv_v1/OVERCONSTRAINED/parsed-file919_Inv2.als","cv_v1","OVERCONSTRAINED","Inv2",51,26,27,134,37,36,0.380597,0.702703,0.750000,0.990099,0.009901,10,
"cv_v1/OVERCONSTRAINED/parsed-file920_Inv3.als","cv_v1","OVERCONSTRAINED","Inv3",37,26,32,157,47,55,0.235669,0.553191,0.581818,0.000000,1.000000,10,
"cv_v1/OVERCONSTRAINED/parsed-file92_Inv3.als","cv_v1","OVERCONSTRAINED","Inv3",48,15,19,64,21,21,0.750000,0.714286,0.904762,0.000000,1.000000,10,
"cv_v1/OVERCONSTRAINED/parsed-file933_Inv3.als","cv_v1","OVERCONSTRAINED","Inv3",71,30,27,42,17,11,1.690476,1.764706,2.454545,0.000000,1.000000,10,
"cv_v1/OVERCONSTRAINED/parsed-file94_Inv2.als","cv_v1","OVERCONSTRAINED","Inv2",16,4,3,51,16,14,0.313725,0.250000,0.214286,0.400000,0.600000,10,
"cv_v1/UNDERCONSTRAINED/parsed-file109_Inv2.als","cv_v1","UNDERCONSTRAINED","Inv2",27,13,17,100,27,22,0.270000,0.481481,0.772727,0.990099,0.009901,10,
"cv_v1/UNDERCONSTRAINED/parsed-file112_Inv1.als","cv_v1","UNDERCONSTRAINED","Inv1",22,10,10,66,18,16,0.333333,0.555556,0.625000,0.000000,1.000000,10,
"cv_v1/UNDERCONSTRAINED/parsed-file126_Inv2.als","cv_v1","UNDERCONSTRAINED","Inv2",32,9,8,46,14,13,0.695652,0.642857,0.615385,0.000000,1.000000,10,
"cv_v1/UNDERCONSTRAINED/parsed-file153_Inv2.als","cv_v1","UNDERCONSTRAINED","Inv2",11,6,4,86,25,21,0.127907,0.240000,0.190476,0.000000,1.000000,10,
"cv_v1/UNDERCONSTRAINED/parsed-file164_Inv2.als","cv_v1","UNDERCONSTRAINED","Inv2",22,9,7,116,33,30,0.189655,0.272727,0.233333,0.000000,1.000000,10,
"cv_v1/UNDERCONSTRAINED/parsed-file182_Inv3.als","cv_v1","UNDERCONSTRAINED","Inv3",55,27,24,71,19,27,0.774648,1.421053,0.888889,0.000000,1.000000,10,
"cv_v1/UNDERCONSTRAINED/parsed-file185_Inv1.als","cv_v1","UNDERCONSTRAINED","Inv1",14,8,6,34,12,9,0.411765,0.666667,0.666667,0.100000,0.900000,10,
"cv_v1/UNDERCONSTRAINED/parsed-file20_Inv1.als","cv_v1","UNDERCONSTRAINED","Inv1",11,4,4,50,16,15,0.220000,0.250000,0.266667,0.000000,1.000000,10,
"cv_v1/UNDERCONSTRAINED/parsed-file224_Inv1.als","cv_v1","UNDERCONSTRAINED","Inv1",16,12,8,66,18,16,0.242424,0.666667,0.500000,0.100000,0.900000,10,
"cv_v1/UNDERCONSTRAINED/parsed-file232_Inv3.als","cv_v1","UNDERCONSTRAINED","Inv3",62,30,24,160,48,54,0.387500,0.625000,0.444444,0.000000,1.000000,10,
"cv_v1/UNDERCONSTRAINED/parsed-file235_Inv3.als","cv_v1","UNDERCONSTRAINED","Inv3",66,36,29,60,25,13,1.100000,1.440000,2.230769,0.000000,1.000000,10,
"cv_v1/UNDERCONSTRAINED/parsed-file239_Inv1.als","cv_v1","UNDERCONSTRAINED","Inv1",9,3,3,51,16,15,0.176471,0.187500,0.200000,0.000000,1.000000,10,
"cv_v1/UNDERCONSTRAINED/parsed-file257_Inv3.als","cv_v1","UNDERCONSTRAINED","Inv3",64,22,19,33,10,10,1.939394,2.200000,1.900000,0.000000,1.000000,10,
"cv_v1/UNDERCONSTRAINED/parsed-file261_Inv3.als","cv_v1","UNDERCONSTRAINED","Inv3",11,18,14,99,30,30,0.111111,0.600000,0.466667,0.000000,1.000000,10,
"cv_v1/UNDERCONSTRAINED/parsed-file26_Inv2.als","cv_v1","UNDERCONSTRAINED","Inv2",24,11,9,116,33,30,0.206897,0.333333,0.300000,0.000000,1.000000,10,
"cv_v1/UNDERCONSTRAINED/parsed-file305_Inv2.als","cv_v1","UNDERCONSTRAINED","Inv2",36,20,17,108,28,22,0.333333,0.714286,0.772727,0.990099,0.009901,10,
"cv_v1/UNDERCONSTRAINED/parsed-file313_Inv1.als","cv_v1","UNDERCONSTRAINED","Inv1",28,13,9,48,14,11,0.583333,0.928571,0.818182,0.100000,0.900000,10,
"cv_v1/UNDERCONSTRAINED/parsed-file317_Inv2.als","cv_v1","UNDERCONSTRAINED","Inv2",25,13,10,92,27,21,0.271739,0.481481,0.476190,0.100000,0.900000,10,
"cv_v1/UNDERCONSTRAINED/parsed-file329_Inv1.als","cv_v1","UNDERCONSTRAINED","Inv1",12,4,4,51,16,15,0.235294,0.250000,0.266667,0.000000,1.000000,10,
"cv_v1/UNDERCONSTRAINED/parsed-file353_Inv1.als","cv_v1","UNDERCONSTRAINED","Inv1",14,8,6,34,12,9,0.411765,0.666667,0.666667,0.100000,0.900000,10,
"cv_v1/UNDERCONSTRAINED/parsed-file367_Inv3.als","cv_v1","UNDERCONSTRAINED","Inv3",59,28,23,157,46,53,0.375796,0.608696,0.433962,0.600000,0.400000,10,
"cv_v1/UNDERCONSTRAINED/parsed-file389_Inv1.als","cv_v1","UNDERCONSTRAINED","Inv1",21,8,5,33,12,9,0.636364,0.666667,0.555556,0.000000,1.000000,10,
"cv_v1/UNDERCONSTRAINED/parsed-file393_Inv1.als","cv_v1","UNDERCONSTRAINED","Inv1",7,3,4,52,16,15,0.134615,0.187500,0.266667,0.000000,1.000000,10,
"cv_v1/UNDERCONSTRAINED/parsed-file467_Inv3.als","cv_v1","UNDERCONSTRAINED","Inv3",71,36,41,149,44,50,0.476510,0.818182,0.820000,0.990099,0.009901,10,
"cv_v1/UNDERCONSTRAINED/parsed-file470_Inv1.als","cv_v1","UNDERCONSTRAINED","Inv1",22,16,12,56,17,14,0.392857,0.941176,0.857143,0.000000,1.000000,10,
"cv_v1/UNDERCONSTRAINED/parsed-file512_Inv1.als","cv_v1","UNDERCONSTRAINED","Inv1",16,8,6,36,12,9,0.444444,0.666667,0.666667,0.000000,1.000000,10,
"cv_v1/UNDERCONSTRAINED/parsed-file528_Inv2.als","cv_v1","UNDERCONSTRAINED","Inv2",38,22,14,39,12,9,0.974359,1.833333,1.555556,0.000000,1.000000,10,
"cv_v1/UNDERCONSTRAINED/parsed-file548_Inv3.als","cv_v1","UNDERCONSTRAINED","Inv3",58,27,25,78,23,6,0.743590,1.173913,4.166667,0.000000,1.000000,10,
"cv_v1/UNDERCONSTRAINED/parsed-file557_Inv1.als","cv_v1","UNDERCONSTRAINED","Inv1",16,12,8,66,18,16,0.242424,0.666667,0.500000,0.100000,0.900000,10,
"cv_v1/UNDERCONSTRAINED/parsed-file589_Inv1.als","cv_v1","UNDERCONSTRAINED","Inv1",14,9,6,34,12,9,0.411765,0.750000,0.666667,0.900000,0.100000,10,
"cv_v1/UNDERCONSTRAINED/parsed-file611_Inv1.als","cv_v1","UNDERCONSTRAINED","Inv1",14,8,6,34,12,9,0.411765,0.666667,0.666667,0.100000,0.900000,10,
"cv_v1/UNDERCONSTRAINED/parsed-file658_Inv3.als","cv_v1","UNDERCONSTRAINED","Inv3",71,31,25,28,12,8,2.535714,2.583333,3.125000,0.000000,1.000000,10,
"cv_v1/UNDERCONSTRAINED/parsed-file676_Inv2.als","cv_v1","UNDERCONSTRAINED","Inv2",30,6,4,115,33,29,0.260870,0.181818,0.137931,0.000000,1.000000,10,
"cv_v1/UNDERCONSTRAINED/parsed-file693_Inv2.als","cv_v1","UNDERCONSTRAINED","Inv2",1,1,23,119,33,32,0.008403,0.030303,0.718750,0.000000,1.000000,10,
"cv_v1/UNDERCONSTRAINED/parsed-file695_Inv2.als","cv_v1","UNDERCONSTRAINED","Inv2",21,9,4,56,17,15,0.375000,0.529412,0.266667,0.000000,1.000000,10,
"cv_v1/UNDERCONSTRAINED/parsed-file713_Inv1.als","cv_v1","UNDERCONSTRAINED","Inv1",16,7,5,33,12,9,0.484848,0.583333,0.555556,0.000000,1.000000,10,
"cv_v1/UNDERCONSTRAINED/parsed-file724_Inv2.als","cv_v1","UNDERCONSTRAINED","Inv2",12,7,5,86,25,21,0.139535,0.280000,0.238095,0.000000,1.000000,10,
"cv_v1/UNDERCONSTRAINED/parsed-file727_Inv2.als","cv_v1","UNDERCONSTRAINED","Inv2",25,10,8,86,25,21,0.290698,0.400000,0.380952,0.000000,1.000000,10,
"cv_v1/UNDERCONSTRAINED/parsed-file730_Inv1.als","cv_v1","UNDERCONSTRAINED","Inv1",22,8,7,72,22,19,0.305556,0.363636,0.368421,0.100000,0.900000,10,
"cv_v1/UNDERCONSTRAINED/parsed-file740_Inv2.als","cv_v1","UNDERCONSTRAINED","Inv2",39,26,16,77,24,15,0.506494,1.083333,1.066667,0.000000,1.000000,10,
"cv_v1/UNDERCONSTRAINED/parsed-file767_Inv3.als","cv_v1","UNDERCONSTRAINED","Inv3",62,32,27,163,50,55,0.380368,0.640000,0.490909,0.000000,1.000000,10,
"cv_v1/UNDERCONSTRAINED/parsed-file774_Inv2.als","cv_v1","UNDERCONSTRAINED","Inv2",15,8,6,86,25,21,0.174419,0.320000,0.285714,0.000000,1.000000,10,
"cv_v1/UNDERCONSTRAINED/parsed-file798_Inv2.als","cv_v1","UNDERCONSTRAINED","Inv2",34,25,15,60,18,13,0.566667,1.388889,1.153846,0.000000,1.000000,10,
"cv_v1/UNDERCONSTRAINED/parsed-file807_Inv1.als","cv_v1","UNDERCONSTRAINED","Inv1",22,8,7,72,22,19,0.305556,0.363636,0.368421,0.100000,0.900000,10,
"cv_v1/UNDERCONSTRAINED/parsed-file80_Inv1.als","cv_v1","UNDERCONSTRAINED","Inv1",42,18,15,92,28,23,0.456522,0.642857,0.652174,0.100000,0.900000,10,
"cv_v1/UNDERCONSTRAINED/parsed-file821_Inv3.als","cv_v1","UNDERCONSTRAINED","Inv3",96,28,24,0,2,3,0.000000,14.000000,8.000000,0.000000,1.000000,10,
"cv_v1/UNDERCONSTRAINED/parsed-file828_Inv3.als","cv_v1","UNDERCONSTRAINED","Inv3",26,25,35,111,30,42,0.234234,0.833333,0.833333,0.000000,1.000000,10,
"cv_v1/UNDERCONSTRAINED/parsed-file839_Inv2.als","cv_v1","UNDERCONSTRAINED","Inv2",24,25,16,58,18,13,0.413793,1.388889,1.230769,0.000000,1.000000,10,
"cv_v1/UNDERCONSTRAINED/parsed-file851_Inv3.als","cv_v1","UNDERCONSTRAINED","Inv3",66,37,26,56,22,13,1.178571,1.681818,2.000000,0.000000,1.000000,10,
"cv_v1/UNDERCONSTRAINED/parsed-file86_Inv2.als","cv_v1","UNDERCONSTRAINED","Inv2",11,6,4,86,25,21,0.127907,0.240000,0.190476,0.000000,1.000000,10,
"cv_v1/UNDERCONSTRAINED/parsed-file881_Inv2.als","cv_v1","UNDERCONSTRAINED","Inv2",29,9,9,79,23,19,0.367089,0.391304,0.473684,0.000000,1.000000,10,
"cv_v1/UNDERCONSTRAINED/parsed-file888_Inv2.als","cv_v1","UNDERCONSTRAINED","Inv2",11,6,4,86,25,21,0.127907,0.240000,0.190476,0.000000,1.000000,10,
"cv_v1/UNDERCONSTRAINED/parsed-file909_Inv1.als","cv_v1","UNDERCONSTRAINED","Inv1",14,8,6,34,12,9,0.411765,0.666667,0.666667,0.100000,0.900000,10,
"cv_v1/UNDERCONSTRAINED/parsed-file923_Inv1.als","cv_v1","UNDERCONSTRAINED","Inv1",9,4,5,51,16,15,0.176471,0.250000,0.333333,0.000000,1.000000,10,
"cv_v1/UNDERCONSTRAINED/parsed-file925_Inv3.als","cv_v1","UNDERCONSTRAINED","Inv3",26,18,12,79,24,22,0.329114,0.750000,0.545455,0.000000,1.000000,10,
"cv_v2/BOTH/parsed-file104_Inv2.als","cv_v2","BOTH","Inv2",18,24,24,123,34,31,0.146341,0.705882,0.774194,0.000000,1.000000,10,
"cv_v2/BOTH/parsed-file126_Inv3.als","cv_v2","BOTH","Inv3",13,28,56,120,35,40,0.108333,0.800000,1.400000,0.000000,1.000000,10,
"cv_v2/BOTH/parsed-file145_Inv3.als","cv_v2","BOTH","Inv3",57,43,30,103,37,26,0.553398,1.162162,1.153846,0.100000,0.900000,10,
"cv_v2/BOTH/parsed-file151_Inv2.als","cv_v2","BOTH","Inv2",30,19,12,57,18,13,0.526316,1.055556,0.923077,0.400000,0.600000,10,
"cv_v2/BOTH/parsed-file154_Inv2.als","cv_v2","BOTH","Inv2",34,17,33,133,34,35,0.255639,0.500000,0.942857,0.980392,0.019608,10,
"cv_v2/BOTH/parsed-file168_Inv3.als","cv_v2","BOTH","Inv3",72,24,32,47,15,13,1.531915,1.600000,2.461538,0.000000,1.000000,10,
"cv_v2/BOTH/parsed-file173_Inv1.als","cv_v2","BOTH","Inv1",28,13,8,40,13,10,0.700000,1.000000,0.800000,0.100000,0.900000,10,
"cv_v2/BOTH/parsed-file174_Inv2.als","cv_v2","BOTH","Inv2",37,23,11,85,26,17,0.435294,0.884615,0.647059,0.000000,1.000000,10,
"cv_v2/BOTH/parsed-file177_Inv2.als","cv_v2","BOTH","Inv2",49,29,30,130,36,38,0.376923,0.805556,0.789474,0.000000,1.000000,10,
"cv_v2/BOTH/parsed-file180_Inv3.als","cv_v2","BOTH","Inv3",55,19,20,76,23,29,0.723684,0.826087,0.689655,0.600000,0.400000,10,
"cv_v2/BOTH/parsed-file206_Inv3.als","cv_v2","BOTH","Inv3",25,20,24,104,30,39,0.240385,0.666667,0.615385,0.600000,0.400000,10,
"cv_v2/BOTH/parsed-file208_Inv3.als","cv_v2","BOTH","Inv3",67,37,23,136,39,44,0.492647,0.948718,0.522727,0.600000,0.400000,10,
"cv_v2/BOTH/parsed-file228_Inv3.als","cv_v2","BOTH","Inv3",54,19,20,74,23,29,0.729730,0.826087,0.689655,0.600000,0.400000,10,
"cv_v2/BOTH/parsed-file249_Inv3.als","cv_v2","BOTH","Inv3",71,24,28,48,15,13,1.479167,1.600000,2.153846,0.000000,1.000000,10,
"cv_v2/BOTH/parsed-file267_Inv2.als","cv_v2","BOTH","Inv2",32,19,25,123,32,34,0.260163,0.593750,0.735294,0.000000,1.000000,10,
"cv_v2/BOTH/parsed-file283_Inv2.als","cv_v2","BOTH","Inv2",42,20,10,121,35,34,0.347107,0.571429,0.294118,0.000000,1.000000,10,
"cv_v2/BOTH/parsed-file29_Inv3.als","cv_v2","BOTH","Inv3",55,19,20,76,23,29,0.723684,0.826087,0.689655,0.600000,0.400000,10,
"cv_v2/BOTH/parsed-file365_Inv3.als","cv_v2","BOTH","Inv3",60,27,19,67,19,26,0.895522,1.421053,0.730769,0.600000,0.400000,10,
"cv_v2/BOTH/parsed-file39_Inv3.als","cv_v2","BOTH","Inv3",46,22,10,74,22,31,0.621622,1.000000,0.322581,0.600000,0.400000,10,
"cv_v2/BOTH/parsed-file45_Inv2.als","cv_v2","BOTH","Inv2",17,24,24,122,34,31,0.139344,0.705882,0.774194,0.900000,0.100000,10,
"cv_v2/BOTH/parsed-file82_Inv3.als","cv_v2","BOTH","Inv3",66,28,23,55,16,22,1.200000,1.750000,1.045455,0.600000,0.400000,10,
"cv_v2/OVERCONSTRAINED/parsed-file109_Inv3.als","cv_v2","OVERCONSTRAINED","Inv3",40,22,31,96,28,33,0.416667,0.785714,0.939394,0.000000,1.000000,10,
"cv_v2/OVERCONSTRAINED/parsed-file112_Inv3.als","cv_v2","OVERCONSTRAINED","Inv3",53,28,26,124,36,41,0.427419,0.777778,0.634146,0.000000,1.000000,10,
"cv_v2/OVERCONSTRAINED/parsed-file132_Inv2.als","cv_v2","OVERCONSTRAINED","Inv2",28,15,9,94,27,20,0.297872,0.555556,0.450000,0.400000,0.600000,10,
"cv_v2/OVERCONSTRAINED/parsed-file155_Inv3.als","cv_v2","OVERCONSTRAINED","Inv3",30,19,14,88,27,33,0.340909,0.703704,0.424242,0.200000,0.800000,10,
"cv_v2/OVERCONSTRAINED/parsed-file164_Inv2.als","cv_v2","OVERCONSTRAINED","Inv2",28,15,9,94,27,20,0.297872,0.555556,0.450000,0.400000,0.600000,10,
"cv_v2/OVERCONSTRAINED/parsed-file179_Inv2.als","cv_v2","OVERCONSTRAINED","Inv2",5,9,6,52,14,11,0.096154,0.642857,0.545455,0.400000,0.600000,10,
"cv_v2/OVERCONSTRAINED/parsed-file183_Inv3.als","cv_v2","OVERCONSTRAINED","Inv3",65,21,23,54,17,21,1.203704,1.235294,1.095238,0.000000,1.000000,10,
"cv_v2/OVERCONSTRAINED/parsed-file197_Inv3.als","cv_v2","OVERCONSTRAINED","Inv3",53,28,26,124,36,41,0.427419,0.777778,0.634146,0.000000,1.000000,10,
"cv_v2/OVERCONSTRAINED/parsed-file199_Inv3.als","cv_v2","OVERCONSTRAINED","Inv3",64,21,22,54,17,21,1.185185,1.235294,1.047619,0.000000,1.000000,10,
"cv_v2/OVERCONSTRAINED/parsed-file19_Inv3.als","cv_v2","OVERCONSTRAINED","Inv3",25,16,14,133,37,40,0.187970,0.432432,0.350000,0.000000,1.000000,10,
"cv_v2/OVERCONSTRAINED/parsed-file218_Inv2.als","cv_v2","OVERCONSTRAINED","Inv2",5,3,4,93,27,25,0.053763,0.111111,0.160000,0.990099,0.009901,10,
"cv_v2/OVERCONSTRAINED/parsed-file254_Inv3.als","cv_v2","OVERCONSTRAINED","Inv3",52,20,23,80,21,27,0.650000,0.952381,0.851852,0.000000,1.000000,10,
"cv_v2/OVERCONSTRAINED/parsed-file25_Inv3.als","cv_v2","OVERCONSTRAINED","Inv3",49,28,37,99,27,37,0.494949,1.037037,1.000000,0.000000,1.000000,10,
"cv_v2/OVERCONSTRAINED/parsed-file261_Inv2.als","cv_v2","OVERCONSTRAINED","Inv2",15,16,5,110,32,29,0.136364,0.500000,0.172414,0.990099,0.009901,10,
"cv_v2/OVERCONSTRAINED/parsed-file264_Inv2.als","cv_v2","OVERCONSTRAINED","Inv2",16,4,3,62,19,20,0.258065,0.210526,0.150000,0.400000,0.600000,10,
"cv_v2/OVERCONSTRAINED/parsed-file26_Inv3.als","cv_v2","OVERCONSTRAINED","Inv3",5,0,2,110,33,39,0.045455,0.000000,0.051282,0.000000,1.000000,10,
"cv_v2/OVERCONSTRAINED/parsed-file272_Inv2.als","cv_v2","OVERCONSTRAINED","Inv2",29,11,11,78,23,18,0.371795,0.478261,0.611111,0.400000,0.600000,10,
"cv_v2/OVERCONSTRAINED/parsed-file27_Inv3.als","cv_v2","OVERCONSTRAINED","Inv3",61,37,29,128,36,41,0.476563,1.027778,0.707317,0.000000,1.000000,10,
"cv_v2/OVERCONSTRAINED/parsed-file289_Inv2.als","cv_v2","OVERCONSTRAINED","Inv2",28,15,9,94,27,20,0.297872,0.555556,0.450000,0.400000,0.600000,10,
"cv_v2/OVERCONSTRAINED/parsed-file290_Inv2.als","cv_v2","OVERCONSTRAINED","Inv2",30,10,14,75,22,18,0.400000,0.454545,0.777778,0.990099,0.009901,10,
"cv_v2/OVERCONSTRAINED/parsed-file301_Inv3.als","cv_v2","OVERCONSTRAINED","Inv3",64,30,49,102,29,33,0.627451,1.034483,1.484848,0.000000,1.000000,10,
"cv_v2/OVERCONSTRAINED/parsed-file306_Inv2.als","cv_v2","OVERCONSTRAINED","Inv2",2,1,1,66,19,16,0.030303,0.052632,0.062500,0.600000,0.400000,10,
"cv_v2/OVERCONSTRAINED/parsed-file311_Inv3.als","cv_v2","OVERCONSTRAINED","Inv3",12,13,15,116,34,39,0.103448,0.382353,0.384615,0.000000,1.000000,10,
"cv_v2/OVERCONSTRAINED/parsed-file329_Inv3.als","cv_v2","OVERCONSTRAINED","Inv3",13,9,7,108,29,39,0.120370,0.310345,0.179487,0.000000,1.000000,10,
"cv_v2/OVERCONSTRAINED/parsed-file351_Inv3.als","cv_v2","OVERCONSTRAINED","Inv3",81,33,36,56,20,16,1.446429,1.650000,2.250000,0.200000,0.800000,10,
"cv_v2/OVERCONSTRAINED/parsed-file35_Inv2.als","cv_v2","OVERCONSTRAINED","Inv2",30,22,11,67,20,14,0.447761,1.100000,0.785714,0.000000,1.000000,10,
"cv_v2/OVERCONSTRAINED/parsed-file360_Inv3.als","cv_v2","OVERCONSTRAINED","Inv3",31,22,35,110,30,42,0.281818,0.733333,0.833333,0.000000,1.000000,10,
"cv_v2/OVERCONSTRAINED/parsed-file361_Inv2.als","cv_v2","OVERCONSTRAINED","Inv2",16,9,8,83,24,21,0.192771,0.375000,0.380952,0.990099,0.009901,10,
"cv_v2/OVERCONSTRAINED/parsed-file363_Inv3.als","cv_v2","OVERCONSTRAINED","Inv3",13,12,11,117,34,38,0.111111,0.352941,0.289474,0.000000,1.000000,10,
"cv_v2/OVERCONSTRAINED/parsed-file386_Inv3.als","cv_v2","OVERCONSTRAINED","Inv3",63,32,26,111,32,32,0.567568,1.000000,0.812500,0.000000,1.000000,10,
"cv_v2/OVERCONSTRAINED/parsed-file43_Inv2.als","cv_v2","OVERCONSTRAINED","Inv2",32,24,25,119,33,33,0.268908,0.727273,0.757576,0.990099,0.009901,10,
"cv_v2/OVERCONSTRAINED/parsed-file46_Inv3.als","cv_v2","OVERCONSTRAINED","Inv3",41,22,31,96,28,33,0.427083,0.785714,0.939394,0.000000,1.000000,10,
"cv_v2/OVERCONSTRAINED/parsed-file52_Inv3.als","cv_v2","OVERCONSTRAINED","Inv3",18,6,15,108,31,38,0.166667,0.193548,0.394737,0.990099,0.009901,10,
"cv_v2/OVERCONSTRAINED/parsed-file59_Inv3.als","cv_v2","OVERCONSTRAINED","Inv3",60,29,22,101,29,32,0.594059,1.000000,0.687500,0.000000,1.000000,10,
"cv_v2/OVERCONSTRAINED/parsed-file66_Inv3.als","cv_v2","OVERCONSTRAINED","Inv3",64,27,19,60,19,26,1.066667,1.421053,0.730769,0.000000,1.000000,10,
"cv_v2/OVERCONSTRAINED/parsed-file74_Inv2.als","cv_v2","OVERCONSTRAINED","Inv2",32,24,25,119,33,33,0.268908,0.727273,0.757576,0.990099,0.009901,10,
"cv_v2/OVERCONSTRAINED/parsed-file7_Inv3.als","cv_v2","OVERCONSTRAINED","Inv3",69,28,26,84,26,27,0.821429,1.076923,0.962963,0.000000,1.000000,10,
"cv_v2/OVERCONSTRAINED/parsed-file86_Inv3.als","cv_v2","OVERCONSTRAINED","Inv3",56,37,54,73,22,24,0.767123,1.681818,2.250000,0.000000,1.000000,10,
"cv_v2/OVERCONSTRAINED/parsed-file8_Inv2.als","cv_v2","OVERCONSTRAINED","Inv2",41,11,15,88,24,22,0.465909,0.458333,0.681818,0.600000,0.400000,10,
"cv_v2/OVERCONSTRAINED/parsed-file9_Inv3.als","cv_v2","OVERCONSTRAINED","Inv3",38,20,27,128,42,45,0.296875,0.476190,0.600000,0.200000,0.800000,10,
"cv_v2/UNDERCONSTRAINED/parsed-file103_Inv1.als","cv_v2","UNDERCONSTRAINED","Inv1",14,9,6,34,12,9,0.411765,0.750000,0.666667,0.900000,0.100000,10,
"cv_v2/UNDERCONSTRAINED/parsed-file166_Inv1.als","cv_v2","UNDERCONSTRAINED","Inv1",22,8,7,72,22,19,0.305556,0.363636,0.368421,0.100000,0.900000,10,
"cv_v2/UNDERCONSTRAINED/parsed-file170_Inv1.als","cv_v2","UNDERCONSTRAINED","Inv1",25,12,13,66,18,16,0.378788,0.666667,0.812500,0.100000,0.900000,10,
"cv_v2/UNDERCONSTRAINED/parsed-file184_Inv2.als","cv_v2","UNDERCONSTRAINED","Inv2",22,16,5,56,17,12,0.392857,0.941176,0.416667,0.000000,1.000000,10,
"cv_v2/UNDERCONSTRAINED/parsed-file18_Inv3.als","cv_v2","UNDERCONSTRAINED","Inv3",63,40,52,68,19,22,0.926471,2.105263,2.363636,0.000000,1.000000,10,
"cv_v2/UNDERCONSTRAINED/parsed-file210_Inv1.als","cv_v2","UNDERCONSTRAINED","Inv1",7,3,5,52,16,15,0.134615,0.187500,0.333333,0.000000,1.000000,10,
"cv_v2/UNDERCONSTRAINED/parsed-file317_Inv1.als","cv_v2","UNDERCONSTRAINED","Inv1",14,8,6,34,12,9,0.411765,0.666667,0.666667,0.100000,0.900000,10,
"cv_v2/UNDERCONSTRAINED/parsed-file336_Inv3.als","cv_v2","UNDERCONSTRAINED","Inv3",47,28,37,104,27,37,0.451923,1.037037,1.000000,0.000000,1.000000,10,
"cv_v2/UNDERCONSTRAINED/parsed-file355_Inv2.als","cv_v2","UNDERCONSTRAINED","Inv2",18,15,5,49,15,10,0.367347,1.000000,0.500000,0.000000,1.000000,10,
"cv_v2/UNDERCONSTRAINED/parsed-file44_Inv3.als","cv_v2","UNDERCONSTRAINED","Inv3",59,21,26,59,18,19,1.000000,1.166667,1.368421,0.000000,1.000000,10,
"cv_v2/UNDERCONSTRAINED/parsed-file60_Inv2.als","cv_v2","UNDERCONSTRAINED","Inv2",20,9,10,87,25,20,0.229885,0.360000,0.500000,0.000000,1.000000,10,
"cv_v2/UNDERCONSTRAINED/parsed-file81_Inv1.als","cv_v2","UNDERCONSTRAINED","Inv1",8,4,2,58,18,15,0.137931,0.222222,0.133333,0.100000,0.900000,10,
"lts/BOTH/parsed-file1018_inv4.als","lts","BOTH","inv4",68,42,35,81,25,23,0.839506,1.680000,1.521739,0.480000,0.520000,10,
"lts/BOTH/parsed-file1022_inv4.als","lts","BOTH","inv4",61,45,37,92,28,25,0.663043,1.607143,1.480000,0.480000,0.520000,10,
"lts/BOTH/parsed-file1066_inv4.als","lts","BOTH","inv4",78,32,32,61,20,16,1.278689,1.600000,2.000000,0.900000,0.100000,10,
"lts/BOTH/parsed-file1068_inv4.als","lts","BOTH","inv4",68,42,43,90,27,28,0.755556,1.555556,1.535714,0.000000,1.000000,10,
"lts/BOTH/parsed-file106_inv4.als","lts","BOTH","inv4",70,35,36,63,22,21,1.111111,1.590909,1.714286,0.000000,1.000000,10,
"lts/BOTH/parsed-file1096_inv4.als","lts","BOTH","inv4",77,34,31,51,15,14,1.509804,2.266667,2.214286,0.000000,1.000000,10,
"lts/BOTH/parsed-file1104_inv1.als","lts","BOTH","inv1",23,11,10,39,13,10,0.589744,0.846154,1.000000,0.100000,0.900000,10,
"lts/BOTH/parsed-file1118_inv1.als","lts","BOTH","inv1",22,10,6,12,4,4,1.833333,2.500000,1.500000,0.000000,1.000000,10,
"lts/BOTH/parsed-file1142_inv3.als","lts","BOTH","inv3",21,7,7,49,15,13,0.428571,0.466667,0.538462,0.000000,1.000000,10,
"lts/BOTH/parsed-file1147_inv3.als","lts","BOTH","inv3",14,10,12,72,21,21,0.194444,0.476190,0.571429,0.000000,1.000000,10,
"lts/BOTH/parsed-file1206_inv5.als","lts","BOTH","inv5",45,27,22,103,30,34,0.436893,0.900000,0.647059,0.000000,1.000000,10,
"lts/BOTH/parsed-file1244_inv1.als","lts","BOTH","inv1",18,9,4,20,7,6,0.900000,1.285714,0.666667,0.100000,0.900000,10,
"lts/BOTH/parsed-file1268_inv3.als","lts","BOTH","inv3",23,19,20,58,16,16,0.396552,1.187500,1.250000,0.000000,1.000000,10,
"lts/BOTH/parsed-file1294_inv4.als","lts","BOTH","inv4",81,28,31,54,20,16,1.500000,1.400000,1.937500,0.000000,1.000000,10,
"lts/BOTH/parsed-file1297_inv1.als","lts","BOTH","inv1",4,2,2,41,12,12,0.097561,0.166667,0.166667,0.100000,0.900000,10,
"lts/BOTH/parsed-file1320_inv3.als","lts","BOTH","inv3",9,5,4,61,18,19,0.147541,0.277778,0.210526,0.000000,1.000000,10,
"lts/BOTH/parsed-file1343_inv3.als","lts","BOTH","inv3",21,7,7,49,15,13,0.428571,0.466667,0.538462,0.000000,1.000000,10,
"lts/BOTH/parsed-file1367_inv4.als","lts","BOTH","inv4",76,32,35,66,22,21,1.151515,1.454545,1.666667,0.120000,0.880000,10,
"lts/BOTH/parsed-file1376_inv4.als","lts","BOTH","inv4",61,41,40,76,23,24,0.802632,1.782609,1.666667,0.120000,0.880000,10,
"lts/BOTH/parsed-file1417_inv4.als","lts","BOTH","inv4",73,36,35,62,18,19,1.177419,2.000000,1.842105,0.480000,0.520000,10,
"lts/BOTH/parsed-file1422_inv4.als","lts","BOTH","inv4",74,32,36,63,20,19,1.174603,1.600000,1.894737,0.120000,0.880000,10,
"lts/BOTH/parsed-file1508_inv3.als","lts","BOTH","inv3",21,7,7,49,15,13,0.428571,0.466667,0.538462,0.000000,1.000000,10,
"lts/BOTH/parsed-file1516_inv4.als","lts","BOTH","inv4",79,31,35,66,22,21,1.196970,1.409091,1.666667,0.000000,1.000000,10,
"lts/BOTH/parsed-file1525_inv5.als","lts","BOTH","inv5",51,29,22,111,32,34,0.459459,0.906250,0.647059,0.000000,1.000000,10,
"lts/BOTH/parsed-file154_inv2.als","lts","BOTH","inv2",4,1,1,11,4,4,0.363636,0.250000,0.250000,0.000000,1.000000,10,
"lts/BOTH/parsed-file1559_inv4.als","lts","BOTH","inv4",67,47,36,94,29,25,0.712766,1.620690,1.440000,0.500000,0.500000,10,
"lts/BOTH/parsed-file1562_inv3.als","lts","BOTH","inv3",41,18,18,114,34,41,0.359649,0.529412,0.439024,0.000000,1.000000,10,
"lts/BOTH/parsed-file1585_inv4.als","lts","BOTH","inv4",73,39,40,74,23,24,0.986486,1.695652,1.666667,0.000000,1.000000,10,
"lts/BOTH/parsed-file1602_inv3.als","lts","BOTH","inv3",13,7,14,63,17,18,0.206349,0.411765,0.777778,0.000000,1.000000,10,
"lts/BOTH/parsed-file1604_inv7.als","lts","BOTH","inv7",45,25,72,133,40,35,0.338346,0.625000,2.057143,0.320000,0.680000,10,
"lts/BOTH/parsed-file1606_inv7.als","lts","BOTH","inv7",144,51,64,28,10,7,5.142857,5.100000,9.142857,0.000000,1.000000,10,
"lts/BOTH/parsed-file1618_inv7.als","lts","BOTH","inv7",123,49,63,54,20,16,2.277778,2.450000,3.937500,0.000000,1.000000,10,
"lts/BOTH/parsed-file1627_inv3.als","lts","BOTH","inv3",33,18,13,49,19,14,0.673469,0.947368,0.928571,0.000000,1.000000,10,
"lts/BOTH/parsed-file163_inv4.als","lts","BOTH","inv4",60,45,37,94,28,25,0.638298,1.607143,1.480000,0.480000,0.520000,10,
"lts/BOTH/parsed-file1644_inv4.als","lts","BOTH","inv4",87,30,26,40,15,10,2.175000,2.000000,2.600000,0.900000,0.100000,10,
"lts/BOTH/parsed-file1666_inv3.als","lts","BOTH","inv3",22,10,7,41,12,12,0.536585,0.833333,0.583333,0.000000,1.000000,10,
"lts/BOTH/parsed-file1691_inv7.als","lts","BOTH","inv7",144,51,64,28,10,7,5.142857,5.100000,9.142857,0.000000,1.000000,10,
"lts/BOTH/parsed-file1708_inv1.als","lts","BOTH","inv1",17,6,4,28,10,7,0.607143,0.600000,0.571429,0.100000,0.900000,10,
"lts/BOTH/parsed-file1729_inv4.als","lts","BOTH","inv4",79,44,36,85,27,21,0.929412,1.629630,1.714286,0.500000,0.500000,10,
"lts/BOTH/parsed-file1741_inv4.als","lts","BOTH","inv4",80,30,31,55,19,16,1.454545,1.578947,1.937500,0.200000,0.800000,10,
"lts/BOTH/parsed-file1744_inv5.als","lts","BOTH","inv5",37,23,19,95,26,30,0.389474,0.884615,0.633333,0.000000,1.000000,10,
"lts/BOTH/parsed-file1759_inv5.als","lts","BOTH","inv5",30,12,10,60,18,18,0.500000,0.666667,0.555556,0.500000,0.500000,10,
"lts/BOTH/parsed-file1769_inv4.als","lts","BOTH","inv4",73,34,31,51,15,14,1.431373,2.266667,2.214286,0.420000,0.580000,10,
"lts/BOTH/parsed-file1791_inv3.als","lts","BOTH","inv3",29,16,11,46,17,11,0.630435,0.941176,1.000000,0.000000,1.000000,10,
"lts/BOTH/parsed-file1795_inv3.als","lts","BOTH","inv3",30,18,13,78,29,21,0.384615,0.620690,0.619048,0.640000,0.360000,10,
"lts/BOTH/parsed-file1832_inv7.als","lts","BOTH","inv7",123,49,63,54,20,16,2.277778,2.450000,3.937500,0.000000,1.000000,10,
"lts/BOTH/parsed-file1853_inv1.als","lts","BOTH","inv1",18,9,4,20,7,6,0.900000,1.285714,0.666667,0.000000,1.000000,10,
"lts/BOTH/parsed-file1854_inv5.als","lts","BOTH","inv5",40,25,15,32,12,9,1.250000,2.083333,1.666667,0.000000,1.000000,10,
"lts/BOTH/parsed-file1889_inv4.als","lts","BOTH","inv4",94,36,25,30,12,9,3.133333,3.000000,2.777778,0.500000,0.500000,10,
"lts/BOTH/parsed-file1892_inv5.als","lts","BOTH","inv5",30,13,13,51,15,13,0.588235,0.866667,1.000000,0.000000,1.000000,10,
"lts/BOTH/parsed-file1893_inv4.als","lts","BOTH","inv4",69,31,35,67,22,21,1.029851,1.409091,1.666667,0.000000,1.000000,10,
"lts/BOTH/parsed-file1967_inv4.als","lts","BOTH","inv4",77,29,31,56,19,16,1.375000,1.526316,1.937500,0.350000,0.650000,10,
"lts/BOTH/parsed-file1969_inv4.als","lts","BOTH","inv4",80,29,32,61,21,16,1.311475,1.380952,2.000000,0.000000,1.000000,10,
"lts/BOTH/parsed-file1971_inv1.als","lts","BOTH","inv1",4,2,2,41,12,12,0.097561,0.166667,0.166667,0.100000,0.900000,10,
"lts/BOTH/parsed-file1972_inv7.als","lts","BOTH","inv7",124,51,63,54,19,16,2.296296,2.684211,3.937500,0.000000,1.000000,10,
"lts/BOTH/parsed-file1986_inv1.als","lts","BOTH","inv1",23,11,10,39,13,10,0.589744,0.846154,1.000000,0.100000,0.900000,10,
"lts/BOTH/parsed-file1989_inv5.als","lts","BOTH","inv5",46,27,26,105,30,39,0.438095,0.900000,0.666667,0.000000,1.000000,10,
"lts/BOTH/parsed-file2011_inv4.als","lts","BOTH","inv4",58,40,35,76,22,20,0.763158,1.818182,1.750000,0.200000,0.800000,10,
"lts/BOTH/parsed-file2035_inv4.als","lts","BOTH","inv4",77,34,31,51,15,14,1.509804,2.266667,2.214286,0.000000,1.000000,10,
"lts/BOTH/parsed-file2074_inv1.als","lts","BOTH","inv1",18,9,4,20,7,6,0.900000,1.285714,0.666667,0.100000,0.900000,10,
"lts/BOTH/parsed-file2092_inv5.als","lts","BOTH","inv5",12,25,18,103,28,30,0.116505,0.892857,0.600000,0.000000,1.000000,10,
"lts/BOTH/parsed-file211_inv4.als","lts","BOTH","inv4",102,34,25,19,7,6,5.368421,4.857143,4.166667,0.500000,0.500000,10,
"lts/BOTH/parsed-file2128_inv4.als","lts","BOTH","inv4",80,28,31,55,20,16,1.454545,1.400000,1.937500,0.000000,1.000000,10,
"lts/BOTH/parsed-file2164_inv4.als","lts","BOTH","inv4",76,32,35,66,22,21,1.151515,1.454545,1.666667,0.120000,0.880000,10,
"lts/BOTH/parsed-file2165_inv4.als","lts","BOTH","inv4",73,30,33,53,17,15,1.377358,1.764706,2.200000,0.200000,0.800000,10,
"lts/BOTH/parsed-file2178_inv4.als","lts","BOTH","inv4",72,37,40,74,24,24,0.972973,1.541667,1.666667,0.000000,1.000000,10,
"lts/BOTH/parsed-file221_inv5.als","lts","BOTH","inv5",40,23,16,32,12,8,1.250000,1.916667,2.000000,0.000000,1.000000,10,
"lts/BOTH/parsed-file222_inv5.als","lts","BOTH","inv5",32,14,13,42,12,12,0.761905,1.166667,1.083333,0.000000,1.000000,10,
"lts/BOTH/parsed-file2250_inv7.als","lts","BOTH","inv7",141,51,65,36,13,8,3.916667,3.923077,8.125000,0.000000,1.000000,10,
"lts/BOTH/parsed-file2271_inv4.als","lts","BOTH","inv4",76,32,35,66,22,21,1.151515,1.454545,1.666667,0.120000,0.880000,10,
"lts/BOTH/parsed-file2282_inv4.als","lts","BOTH","inv4",73,34,36,63,20,19,1.158730,1.700000,1.894737,0.000000,1.000000,10,
"lts/BOTH/parsed-file2364_inv4.als","lts","BOTH","inv4",67,37,41,78,23,25,0.858974,1.608696,1.640000,0.000000,1.000000,10,
"lts/BOTH/parsed-file2379_inv5.als","lts","BOTH","inv5",78,37,38,156,40,53,0.500000,0.925000,0.716981,0.720000,0.280000,10,
"lts/BOTH/parsed-file2380_inv7.als","lts","BOTH","inv7",110,55,68,86,26,29,1.279070,2.115385,2.344828,0.600000,0.400000,10,
"lts/BOTH/parsed-file2381_inv4.als","lts","BOTH","inv4",71,34,36,63,20,19,1.126984,1.700000,1.894737,0.000000,1.000000,10,
"lts/BOTH/parsed-file2386_inv5.als","lts","BOTH","inv5",39,16,13,75,21,25,0.520000,0.761905,0.520000,0.100000,0.900000,10,
"lts/BOTH/parsed-file2403_inv7.als","lts","BOTH","inv7",126,50,62,64,22,18,1.968750,2.272727,3.444444,0.000000,1.000000,10,
"lts/BOTH/parsed-file2410_inv1.als","lts","BOTH","inv1",4,2,2,41,12,12,0.097561,0.166667,0.166667,0.100000,0.900000,10,
"lts/BOTH/parsed-file2421_inv1.als","lts","BOTH","inv1",23,11,10,39,13,10,0.589744,0.846154,1.000000,0.100000,0.900000,10,
"lts/BOTH/parsed-file2434_inv4.als","lts","BOTH","inv4",67,41,35,77,24,22,0.870130,1.708333,1.590909,0.480000,0.520000,10,
"lts/BOTH/parsed-file2439_inv1.als","lts","BOTH","inv1",21,9,5,19,7,6,1.105263,1.285714,0.833333,0.600000,0.400000,10,
"lts/BOTH/parsed-file2454_inv4.als","lts","BOTH","inv4",64,46,37,98,29,25,0.653061,1.586207,1.480000,0.480000,0.520000,10,
"lts/BOTH/parsed-file2459_inv3.als","lts","BOTH","inv3",21,7,5,51,14,18,0.411765,0.500000,0.277778,0.000000,1.000000,10,
"lts/BOTH/parsed-file250_inv3.als","lts","BOTH","inv3",22,11,7,28,10,7,0.785714,1.100000,1.000000,0.000000,1.000000,10,
"lts/BOTH/parsed-file2515_inv3.als","lts","BOTH","inv3",21,7,7,49,15,13,0.428571,0.466667,0.538462,0.000000,1.000000,10,
"lts/BOTH/parsed-file2522_inv2.als","lts","BOTH","inv2",13,7,10,39,12,12,0.333333,0.583333,0.833333,0.000000,1.000000,10,
"lts/BOTH/parsed-file2528_inv5.als","lts","BOTH","inv5",35,18,14,73,20,19,0.479452,0.900000,0.736842,0.000000,1.000000,10,
"lts/BOTH/parsed-file2536_inv3.als","lts","BOTH","inv3",7,3,13,70,20,19,0.100000,0.150000,0.684211,0.000000,1.000000,10,
"lts/BOTH/parsed-file2542_inv3.als","lts","BOTH","inv3",19,9,10,66,19,24,0.287879,0.473684,0.416667,0.000000,1.000000,10,
"lts/BOTH/parsed-file2551_inv3.als","lts","BOTH","inv3",14,10,12,72,21,21,0.194444,0.476190,0.571429,0.000000,1.000000,10,
"lts/BOTH/parsed-file2557_inv5.als","lts","BOTH","inv5",29,13,13,41,12,12,0.707317,1.083333,1.083333,0.000000,1.000000,10,
"lts/BOTH/parsed-file2576_inv2.als","lts","BOTH","inv2",4,1,1,11,4,4,0.363636,0.250000,0.250000,0.000000,1.000000,10,
"lts/BOTH/parsed-file2583_inv1.als","lts","BOTH","inv1",22,10,6,12,4,4,1.833333,2.500000,1.500000,0.100000,0.900000,10,
"lts/BOTH/parsed-file277_inv3.als","lts","BOTH","inv3",22,11,7,28,10,7,0.785714,1.100000,1.000000,0.000000,1.000000,10,
"lts/BOTH/parsed-file296_inv4.als","lts","BOTH","inv4",87,30,26,40,15,10,2.175000,2.000000,2.600000,0.900000,0.100000,10,
"lts/BOTH/parsed-file306_inv1.als","lts","BOTH","inv1",2,1,8,41,12,12,0.048780,0.083333,0.666667,0.000000,1.000000,10,
"lts/BOTH/parsed-file31_inv3.als","lts","BOTH","inv3",18,12,7,31,12,8,0.580645,1.000000,0.875000,0.100000,0.900000,10,
"lts/BOTH/parsed-file344_inv3.als","lts","BOTH","inv3",21,7,7,49,15,13,0.428571,0.466667,0.538462,0.000000,1.000000,10,
"lts/BOTH/parsed-file34_inv2.als","lts","BOTH","inv2",26,11,11,53,17,15,0.490566,0.647059,0.733333,0.000000,1.000000,10,
"lts/BOTH/parsed-file350_inv4.als","lts","BOTH","inv4",67,41,35,77,24,22,0.870130,1.708333,1.590909,0.480000,0.520000,10,
"lts/BOTH/parsed-file357_inv4.als","lts","BOTH","inv4",53,40,35,74,22,20,0.716216,1.818182,1.750000,0.160000,0.840000,10,
"lts/BOTH/parsed-file362_inv3.als","lts","BOTH","inv3",21,7,7,49,15,13,0.428571,0.466667,0.538462,0.000000,1.000000,10,
"lts/BOTH/parsed-file367_inv4.als","lts","BOTH","inv4",68,37,36,62,20,19,1.096774,1.850000,1.894737,0.120000,0.880000,10,
"lts/BOTH/parsed-file375_inv5.als","lts","BOTH","inv5",40,25,15,32,12,9,1.250000,2.083333,1.666667,0.000000,1.000000,10,
"lts/BOTH/parsed-file376_inv5.als","lts","BOTH","inv5",41,19,17,35,14,10,1.171429,1.357143,1.700000,0.000000,1.000000,10,
"lts/BOTH/parsed-file378_inv4.als","lts","BOTH","inv4",74,33,32,54,17,14,1.370370,1.941176,2.285714,0.120000,0.880000,10,
"lts/BOTH/parsed-file3_inv4.als","lts","BOTH","inv4",81,31,31,55,19,16,1.472727,1.631579,1.937500,0.000000,1.000000,10,
"lts/BOTH/parsed-file411_inv5.als","lts","BOTH","inv5",43,23,16,32,12,8,1.343750,1.916667,2.000000,0.000000,1.000000,10,
"lts/BOTH/parsed-file461_inv5.als","lts","BOTH","inv5",28,12,14,49,15,13,0.571429,0.800000,1.076923,0.000000,1.000000,10,
"lts/BOTH/parsed-file463_inv3.als","lts","BOTH","inv3",46,18,19,119,34,41,0.386555,0.529412,0.463415,0.000000,1.000000,10,
"lts/BOTH/parsed-file464_inv5.als","lts","BOTH","inv5",45,23,16,27,10,7,1.666667,2.300000,2.285714,0.300000,0.700000,10,
"lts/BOTH/parsed-file469_inv4.als","lts","BOTH","inv4",81,28,32,55,20,16,1.472727,1.400000,2.000000,0.000000,1.000000,10,
"lts/BOTH/parsed-file476_inv4.als","lts","BOTH","inv4",70,35,31,62,18,16,1.129032,1.944444,1.937500,0.000000,1.000000,10,
"lts/BOTH/parsed-file47_inv3.als","lts","BOTH","inv3",14,7,14,64,17,18,0.218750,0.411765,0.777778,0.000000,1.000000,10,
"lts/BOTH/parsed-file488_inv1.als","lts","BOTH","inv1",2,1,8,41,12,12,0.048780,0.083333,0.666667,0.000000,1.000000,10,
"lts/BOTH/parsed-file492_inv7.als","lts","BOTH","inv7",121,50,61,64,22,18,1.890625,2.272727,3.388889,0.900000,0.100000,10,
"lts/BOTH/parsed-file503_inv1.als","lts","BOTH","inv1",14,9,3,20,7,6,0.700000,1.285714,0.500000,0.100000,0.900000,10,
"lts/BOTH/parsed-file544_inv4.als","lts","BOTH","inv4",71,40,37,75,25,20,0.946667,1.600000,1.850000,0.000000,1.000000,10,
"lts/BOTH/parsed-file546_inv5.als","lts","BOTH","inv5",45,23,16,30,10,7,1.500000,2.300000,2.285714,0.000000,1.000000,10,
"lts/BOTH/parsed-file548_inv7.als","lts","BOTH","inv7",88,64,86,135,37,43,0.651852,1.729730,2.000000,0.080000,0.920000,10,
"lts/BOTH/parsed-file554_inv1.als","lts","BOTH","inv1",18,9,4,20,7,6,0.900000,1.285714,0.666667,0.100000,0.900000,10,
"lts/BOTH/parsed-file587_inv4.als","lts","BOTH","inv4",76,37,36,72,24,23,1.055556,1.541667,1.565217,0.250000,0.750000,10,
"lts/BOTH/parsed-file590_inv4.als","lts","BOTH","inv4",77,34,32,51,17,14,1.509804,2.000000,2.285714,0.480000,0.520000,10,
"lts/BOTH/parsed-file592_inv3.als","lts","BOTH","inv3",21,7,7,49,15,13,0.428571,0.466667,0.538462,0.000000,1.000000,10,
"lts/BOTH/parsed-file592_inv4.als","lts","BOTH","inv4",76,36,32,51,17,14,1.490196,2.117647,2.285714,0.200000,0.800000,10,
"lts/BOTH/parsed-file606_inv4.als","lts","BOTH","inv4",69,31,35,67,22,21,1.029851,1.409091,1.666667,0.000000,1.000000,10,
"lts/BOTH/parsed-file616_inv4.als","lts","BOTH","inv4",82,29,32,52,17,14,1.576923,1.705882,2.285714,0.480000,0.520000,10,
"lts/BOTH/parsed-file630_inv5.als","lts","BOTH","inv5",34,17,14,70,20,19,0.485714,0.850000,0.736842,0.300000,0.700000,10,
"lts/BOTH/parsed-file640_inv1.als","lts","BOTH","inv1",22,10,6,12,4,4,1.833333,2.500000,1.500000,0.100000,0.900000,10,
"lts/BOTH/parsed-file647_inv4.als","lts","BOTH","inv4",81,29,31,55,19,16,1.472727,1.526316,1.937500,0.480000,0.520000,10,
"lts/BOTH/parsed-file670_inv7.als","lts","BOTH","inv7",144,51,64,28,10,7,5.142857,5.100000,9.142857,0.000000,1.000000,10,
"lts/BOTH/parsed-file686_inv3.als","lts","BOTH","inv3",2,1,10,60,18,18,0.033333,0.055556,0.555556,0.640000,0.360000,10,
"lts/BOTH/parsed-file715_inv4.als","lts","BOTH","inv4",73,35,35,62,18,19,1.177419,1.944444,1.842105,0.000000,1.000000,10,
"lts/BOTH/parsed-file721_inv3.als","lts","BOTH","inv3",21,10,11,41,12,12,0.512195,0.833333,0.916667,0.100000,0.900000,10,
"lts/BOTH/parsed-file734_inv3.als","lts","BOTH","inv3",17,7,14,74,19,24,0.229730,0.368421,0.583333,0.000000,1.000000,10,
"lts/BOTH/parsed-file778_inv3.als","lts","BOTH","inv3",2,1,10,60,18,18,0.033333,0.055556,0.555556,0.640000,0.360000,10,
"lts/BOTH/parsed-file805_inv4.als","lts","BOTH","inv4",81,35,32,58,18,15,1.396552,1.944444,2.133333,0.000000,1.000000,10,
"lts/BOTH/parsed-file818_inv3.als","lts","BOTH","inv3",19,6,5,47,14,18,0.404255,0.428571,0.277778,0.000000,1.000000,10,
"lts/OVERCONSTRAINED/parsed-file1033_inv4.als","lts","OVERCONSTRAINED","inv4",92,35,23,34,14,10,2.705882,2.500000,2.300000,0.800000,0.200000,10,
"lts/OVERCONSTRAINED/parsed-file1052_inv3.als","lts","OVERCONSTRAINED","inv3",19,9,6,41,12,12,0.463415,0.750000,0.500000,0.000000,1.000000,10,
"lts/OVERCONSTRAINED/parsed-file1058_inv4.als","lts","OVERCONSTRAINED","inv4",91,36,24,34,14,10,2.676471,2.571429,2.400000,0.000000,1.000000,10,
"lts/OVERCONSTRAINED/parsed-file1071_inv7.als","lts","OVERCONSTRAINED","inv7",120,50,64,54,17,15,2.222222,2.941176,4.266667,0.800000,0.200000,10,
"lts/OVERCONSTRAINED/parsed-file1108_inv4.als","lts","OVERCONSTRAINED","inv4",76,35,31,51,16,14,1.490196,2.187500,2.214286,0.000000,1.000000,10,
"lts/OVERCONSTRAINED/parsed-file113_inv1.als","lts","OVERCONSTRAINED","inv1",28,15,6,46,17,11,0.608696,0.882353,0.545455,0.000000,1.000000,10,
"lts/OVERCONSTRAINED/parsed-file1196_inv3.als","lts","OVERCONSTRAINED","inv3",33,18,8,46,17,11,0.717391,1.058824,0.727273,0.000000,1.000000,10,
"lts/OVERCONSTRAINED/parsed-file1198_inv5.als","lts","OVERCONSTRAINED","inv5",43,23,16,32,12,8,1.343750,1.916667,2.000000,0.000000,1.000000,10,
"lts/OVERCONSTRAINED/parsed-file119_inv4.als","lts","OVERCONSTRAINED","inv4",74,30,32,55,19,16,1.345455,1.578947,2.000000,0.000000,1.000000,10,
"lts/OVERCONSTRAINED/parsed-file1203_inv7.als","lts","OVERCONSTRAINED","inv7",90,56,80,104,28,37,0.865385,2.000000,2.162162,0.000000,1.000000,10,
"lts/OVERCONSTRAINED/parsed-file1223_inv4.als","lts","OVERCONSTRAINED","inv4",78,35,32,49,15,13,1.591837,2.333333,2.461538,0.000000,1.000000,10,
"lts/OVERCONSTRAINED/parsed-file1238_inv3.als","lts","OVERCONSTRAINED","inv3",10,4,2,67,23,17,0.149254,0.173913,0.117647,0.990099,0.009901,10,
"lts/OVERCONSTRAINED/parsed-file1247_inv4.als","lts","OVERCONSTRAINED","inv4",76,32,32,52,17,14,1.461538,1.882353,2.285714,0.800000,0.200000,10,
"lts/OVERCONSTRAINED/parsed-file1257_inv3.als","lts","OVERCONSTRAINED","inv3",19,9,6,41,12,12,0.463415,0.750000,0.500000,0.000000,1.000000,10,
"lts/OVERCONSTRAINED/parsed-file1292_inv3.als","lts","OVERCONSTRAINED","inv3",23,15,12,54,19,15,0.425926,0.789474,0.800000,0.000000,1.000000,10,
"lts/OVERCONSTRAINED/parsed-file1331_inv4.als","lts","OVERCONSTRAINED","inv4",92,35,24,34,14,10,2.705882,2.500000,2.400000,0.800000,0.200000,10,
"lts/OVERCONSTRAINED/parsed-file133_inv5.als","lts","OVERCONSTRAINED","inv5",23,10,2,52,17,15,0.442308,0.588235,0.133333,0.500000,0.500000,10,
"lts/OVERCONSTRAINED/parsed-file1386_inv3.als","lts","OVERCONSTRAINED","inv3",1,1,10,59,18,18,0.016949,0.055556,0.555556,0.800000,0.200000,10,
"lts/OVERCONSTRAINED/parsed-file1393_inv4.als","lts","OVERCONSTRAINED","inv4",91,35,23,33,14,10,2.757576,2.500000,2.300000,0.000000,1.000000,10,
"lts/OVERCONSTRAINED/parsed-file140_inv3.als","lts","OVERCONSTRAINED","inv3",26,9,6,20,7,6,1.300000,1.285714,1.000000,0.000000,1.000000,10,
"lts/OVERCONSTRAINED/parsed-file1424_inv5.als","lts","OVERCONSTRAINED","inv5",31,15,10,66,20,19,0.469697,0.750000,0.526316,0.000000,1.000000,10,
"lts/OVERCONSTRAINED/parsed-file1426_inv3.als","lts","OVERCONSTRAINED","inv3",20,6,6,49,15,13,0.408163,0.400000,0.461538,0.990099,0.009901,10,
"lts/OVERCONSTRAINED/parsed-file1437_inv5.als","lts","OVERCONSTRAINED","inv5",22,11,11,56,19,16,0.392857,0.578947,0.687500,0.990099,0.009901,10,
"lts/OVERCONSTRAINED/parsed-file1439_inv3.als","lts","OVERCONSTRAINED","inv3",26,8,7,28,10,7,0.928571,0.800000,1.000000,0.400000,0.600000,10,
"lts/OVERCONSTRAINED/parsed-file144_inv7.als","lts","OVERCONSTRAINED","inv7",108,58,65,106,27,29,1.018868,2.148148,2.241379,0.000000,1.000000,10,
"lts/OVERCONSTRAINED/parsed-file1452_inv7.als","lts","OVERCONSTRAINED","inv7",99,43,59,78,24,22,1.269231,1.791667,2.681818,0.800000,0.200000,10,
"lts/OVERCONSTRAINED/parsed-file1496_inv3.als","lts","OVERCONSTRAINED","inv3",19,9,6,41,12,12,0.463415,0.750000,0.500000,0.000000,1.000000,10,
"lts/OVERCONSTRAINED/parsed-file1503_inv3.als","lts","OVERCONSTRAINED","inv3",3,8,10,59,19,18,0.050847,0.421053,0.555556,0.000000,1.000000,10,
"lts/OVERCONSTRAINED/parsed-file1510_inv5.als","lts","OVERCONSTRAINED","inv5",38,19,19,96,33,25,0.395833,0.575758,0.760000,0.900000,0.100000,10,
"lts/OVERCONSTRAINED/parsed-file1544_inv3.als","lts","OVERCONSTRAINED","inv3",19,9,6,41,12,12,0.463415,0.750000,0.500000,0.000000,1.000000,10,
"lts/OVERCONSTRAINED/parsed-file1545_inv3.als","lts","OVERCONSTRAINED","inv3",29,18,10,42,17,11,0.690476,1.058824,0.909091,0.990099,0.009901,10,
"lts/OVERCONSTRAINED/parsed-file1577_inv7.als","lts","OVERCONSTRAINED","inv7",104,56,76,98,28,32,1.061224,2.000000,2.375000,0.000000,1.000000,10,
"lts/OVERCONSTRAINED/parsed-file1582_inv3.als","lts","OVERCONSTRAINED","inv3",20,8,6,41,12,12,0.487805,0.666667,0.500000,0.000000,1.000000,10,
"lts/OVERCONSTRAINED/parsed-file1600_inv4.als","lts","OVERCONSTRAINED","inv4",76,35,31,51,15,14,1.490196,2.333333,2.214286,0.800000,0.200000,10,
"lts/OVERCONSTRAINED/parsed-file160_inv3.als","lts","OVERCONSTRAINED","inv3",19,9,6,41,12,12,0.463415,0.750000,0.500000,0.000000,1.000000,10,
"lts/OVERCONSTRAINED/parsed-file1643_inv5.als","lts","OVERCONSTRAINED","inv5",35,21,11,77,24,21,0.454545,0.875000,0.523810,0.990099,0.009901,10,
"lts/OVERCONSTRAINED/parsed-file1655_inv5.als","lts","OVERCONSTRAINED","inv5",19,8,5,53,17,14,0.358491,0.470588,0.357143,0.990099,0.009901,10,
"lts/OVERCONSTRAINED/parsed-file1693_inv4.als","lts","OVERCONSTRAINED","inv4",97,36,25,30,12,8,3.233333,3.000000,3.125000,0.000000,1.000000,10,
"lts/OVERCONSTRAINED/parsed-file1719_inv4.als","lts","OVERCONSTRAINED","inv4",78,30,31,55,20,16,1.418182,1.500000,1.937500,0.000000,1.000000,10,
"lts/OVERCONSTRAINED/parsed-file1753_inv3.als","lts","OVERCONSTRAINED","inv3",18,6,6,49,15,13,0.367347,0.400000,0.461538,0.400000,0.600000,10,
"lts/OVERCONSTRAINED/parsed-file1773_inv4.als","lts","OVERCONSTRAINED","inv4",94,34,24,31,12,8,3.032258,2.833333,3.000000,0.800000,0.200000,10,
"lts/OVERCONSTRAINED/parsed-file1788_inv7.als","lts","OVERCONSTRAINED","inv7",112,55,67,92,23,25,1.217391,2.391304,2.680000,0.000000,1.000000,10,
"lts/OVERCONSTRAINED/parsed-file1822_inv3.als","lts","OVERCONSTRAINED","inv3",19,9,6,41,12,12,0.463415,0.750000,0.500000,0.000000,1.000000,10,
"lts/OVERCONSTRAINED/parsed-file1866_inv1.als","lts","OVERCONSTRAINED","inv1",23,16,5,46,17,11,0.500000,0.941176,0.454545,0.000000,1.000000,10,
"lts/OVERCONSTRAINED/parsed-file1906_inv4.als","lts","OVERCONSTRAINED","inv4",77,30,30,56,19,16,1.375000,1.578947,1.875000,0.800000,0.200000,10,
"lts/OVERCONSTRAINED/parsed-file1913_inv4.als","lts","OVERCONSTRAINED","inv4",77,35,32,50,15,13,1.540000,2.333333,2.461538,0.800000,0.200000,10,
"lts/OVERCONSTRAINED/parsed-file1917_inv3.als","lts","OVERCONSTRAINED","inv3",20,10,11,40,12,12,0.500000,0.833333,0.916667,0.000000,1.000000,10,
"lts/OVERCONSTRAINED/parsed-file1954_inv5.als","lts","OVERCONSTRAINED","inv5",31,13,8,53,17,14,0.584906,0.764706,0.571429,0.000000,1.000000,10,
"lts/OVERCONSTRAINED/parsed-file1977_inv3.als","lts","OVERCONSTRAINED","inv3",19,9,6,41,12,12,0.463415,0.750000,0.500000,0.000000,1.000000,10,
"lts/OVERCONSTRAINED/parsed-file1991_inv5.als","lts","OVERCONSTRAINED","inv5",31,15,8,66,19,24,0.469697,0.789474,0.333333,0.000000,1.000000,10,
"lts/OVERCONSTRAINED/parsed-file2001_inv5.als","lts","OVERCONSTRAINED","inv5",16,10,2,57,17,21,0.280702,0.588235,0.095238,0.500000,0.500000,10,
"lts/OVERCONSTRAINED/parsed-file2062_inv5.als","lts","OVERCONSTRAINED","inv5",27,13,8,55,17,14,0.490909,0.764706,0.571429,0.000000,1.000000,10,
"lts/OVERCONSTRAINED/parsed-file2064_inv5.als","lts","OVERCONSTRAINED","inv5",27,11,12,60,18,18,0.450000,0.611111,0.666667,0.000000,1.000000,10,
"lts/OVERCONSTRAINED/parsed-file2072_inv5.als","lts","OVERCONSTRAINED","inv5",41,17,13,79,22,25,0.518987,0.772727,0.520000,0.000000,1.000000,10,
"lts/OVERCONSTRAINED/parsed-file2077_inv1.als","lts","OVERCONSTRAINED","inv1",19,11,11,37,11,10,0.513514,1.000000,1.100000,0.000000,1.000000,10,
"lts/OVERCONSTRAINED/parsed-file2084_inv5.als","lts","OVERCONSTRAINED","inv5",31,14,8,48,14,13,0.645833,1.000000,0.615385,0.000000,1.000000,10,
"lts/OVERCONSTRAINED/parsed-file2091_inv5.als","lts","OVERCONSTRAINED","inv5",30,12,11,59,18,18,0.508475,0.666667,0.611111,0.500000,0.500000,10,
"lts/OVERCONSTRAINED/parsed-file2094_inv4.als","lts","OVERCONSTRAINED","inv4",78,34,32,48,15,13,1.625000,2.266667,2.461538,0.000000,1.000000,10,
"lts/OVERCONSTRAINED/parsed-file2143_inv3.als","lts","OVERCONSTRAINED","inv3",19,9,6,41,12,12,0.463415,0.750000,0.500000,0.000000,1.000000,10,
"lts/OVERCONSTRAINED/parsed-file2148_inv3.als","lts","OVERCONSTRAINED","inv3",33,18,10,46,17,11,0.717391,1.058824,0.909091,0.000000,1.000000,10,
"lts/OVERCONSTRAINED/parsed-file2153_inv5.als","lts","OVERCONSTRAINED","inv5",28,11,11,84,26,28,0.333333,0.423077,0.392857,0.500000,0.500000,10,
"lts/OVERCONSTRAINED/parsed-file2163_inv7.als","lts","OVERCONSTRAINED","inv7",122,51,60,62,17,15,1.967742,3.000000,4.000000,0.000000,1.000000,10,
"lts/OVERCONSTRAINED/parsed-file221_inv3.als","lts","OVERCONSTRAINED","inv3",5,2,1,63,22,17,0.079365,0.090909,0.058824,0.990099,0.009901,10,
"lts/OVERCONSTRAINED/parsed-file2228_inv3.als","lts","OVERCONSTRAINED","inv3",18,6,6,49,15,13,0.367347,0.400000,0.461538,0.400000,0.600000,10,
"lts/OVERCONSTRAINED/parsed-file2235_inv5.als","lts","OVERCONSTRAINED","inv5",35,25,15,31,12,9,1.129032,2.083333,1.666667,0.000000,1.000000,10,
"lts/OVERCONSTRAINED/parsed-file2242_inv4.als","lts","OVERCONSTRAINED","inv4",77,35,32,50,15,13,1.540000,2.333333,2.461538,0.800000,0.200000,10,
"lts/OVERCONSTRAINED/parsed-file2244_inv4.als","lts","OVERCONSTRAINED","inv4",95,34,24,31,12,8,3.064516,2.833333,3.000000,0.000000,1.000000,10,
"lts/OVERCONSTRAINED/parsed-file2276_inv3.als","lts","OVERCONSTRAINED","inv3",19,9,6,41,12,12,0.463415,0.750000,0.500000,0.000000,1.000000,10,
"lts/OVERCONSTRAINED/parsed-file2289_inv4.als","lts","OVERCONSTRAINED","inv4",78,27,31,55,19,16,1.418182,1.421053,1.937500,0.000000,1.000000,10,
"lts/OVERCONSTRAINED/parsed-file2309_inv4.als","lts","OVERCONSTRAINED","inv4",94,31,22,34,15,10,2.764706,2.066667,2.200000,0.000000,1.000000,10,
"lts/OVERCONSTRAINED/parsed-file2310_inv4.als","lts","OVERCONSTRAINED","inv4",75,33,32,52,17,14,1.442308,1.941176,2.285714,0.000000,1.000000,10,
"lts/OVERCONSTRAINED/parsed-file2372_inv1.als","lts","OVERCONSTRAINED","inv1",27,15,7,46,17,11,0.586957,0.882353,0.636364,0.000000,1.000000,10,
"lts/OVERCONSTRAINED/parsed-file2393_inv4.als","lts","OVERCONSTRAINED","inv4",92,35,24,33,14,10,2.787879,2.500000,2.400000,0.800000,0.200000,10,
"lts/OVERCONSTRAINED/parsed-file2411_inv4.als","lts","OVERCONSTRAINED","inv4",78,35,32,48,15,13,1.625000,2.333333,2.461538,0.800000,0.200000,10,
"lts/OVERCONSTRAINED/parsed-file2413_inv4.als","lts","OVERCONSTRAINED","inv4",92,36,25,33,14,10,2.787879,2.571429,2.500000,0.000000,1.000000,10,
"lts/OVERCONSTRAINED/parsed-file2416_inv5.als","lts","OVERCONSTRAINED","inv5",51,23,15,27,9,7,1.888889,2.555556,2.142857,0.000000,1.000000,10,
"lts/OVERCONSTRAINED/parsed-file245_inv5.als","lts","OVERCONSTRAINED","inv5",22,11,3,51,16,20,0.431373,0.687500,0.150000,0.500000,0.500000,10,
"lts/OVERCONSTRAINED/parsed-file2487_inv5.als","lts","OVERCONSTRAINED","inv5",25,11,3,53,17,15,0.471698,0.647059,0.200000,0.500000,0.500000,10,
"lts/OVERCONSTRAINED/parsed-file2493_inv5.als","lts","OVERCONSTRAINED","inv5",54,21,15,16,6,5,3.375000,3.500000,3.000000,0.000000,1.000000,10,
"lts/OVERCONSTRAINED/parsed-file2500_inv4.als","lts","OVERCONSTRAINED","inv4",74,31,31,55,19,16,1.345455,1.631579,1.937500,0.800000,0.200000,10,
"lts/OVERCONSTRAINED/parsed-file2511_inv5.als","lts","OVERCONSTRAINED","inv5",15,6,4,77,24,27,0.194805,0.250000,0.148148,0.500000,0.500000,10,
"lts/OVERCONSTRAINED/parsed-file2524_inv1.als","lts","OVERCONSTRAINED","inv1",33,14,18,79,21,25,0.417722,0.666667,0.720000,0.500000,0.500000,10,
"lts/OVERCONSTRAINED/parsed-file2525_inv4.als","lts","OVERCONSTRAINED","inv4",73,34,31,55,19,16,1.327273,1.789474,1.937500,0.000000,1.000000,10,
"lts/OVERCONSTRAINED/parsed-file2579_inv4.als","lts","OVERCONSTRAINED","inv4",56,39,37,75,22,21,0.746667,1.772727,1.761905,0.800000,0.200000,10,
"lts/OVERCONSTRAINED/parsed-file257_inv4.als","lts","OVERCONSTRAINED","inv4",93,31,23,33,15,10,2.818182,2.066667,2.300000,0.000000,1.000000,10,
"lts/OVERCONSTRAINED/parsed-file2582_inv4.als","lts","OVERCONSTRAINED","inv4",78,30,31,55,20,16,1.418182,1.500000,1.937500,0.000000,1.000000,10,
"lts/OVERCONSTRAINED/parsed-file325_inv5.als","lts","OVERCONSTRAINED","inv5",33,14,13,98,28,31,0.336735,0.500000,0.419355,0.000000,1.000000,10,
"lts/OVERCONSTRAINED/parsed-file361_inv5.als","lts","OVERCONSTRAINED","inv5",42,21,16,32,13,8,1.312500,1.615385,2.000000,0.000000,1.000000,10,
"lts/OVERCONSTRAINED/parsed-file373_inv3.als","lts","OVERCONSTRAINED","inv3",18,6,6,49,15,13,0.367347,0.400000,0.461538,0.400000,0.600000,10,
"lts/OVERCONSTRAINED/parsed-file374_inv5.als","lts","OVERCONSTRAINED","inv5",51,23,15,20,7,6,2.550000,3.285714,2.500000,0.000000,1.000000,10,
"lts/OVERCONSTRAINED/parsed-file383_inv5.als","lts","OVERCONSTRAINED","inv5",21,11,5,54,17,15,0.388889,0.647059,0.333333,0.000000,1.000000,10,
"lts/OVERCONSTRAINED/parsed-file400_inv4.als","lts","OVERCONSTRAINED","inv4",76,32,32,52,17,14,1.461538,1.882353,2.285714,0.000000,1.000000,10,
"lts/OVERCONSTRAINED/parsed-file419_inv4.als","lts","OVERCONSTRAINED","inv4",92,35,23,34,14,10,2.705882,2.500000,2.300000,0.800000,0.200000,10,
"lts/OVERCONSTRAINED/parsed-file453_inv5.als","lts","OVERCONSTRAINED","inv5",16,10,2,52,17,15,0.307692,0.588235,0.133333,0.500000,0.500000,10,
"lts/OVERCONSTRAINED/parsed-file475_inv4.als","lts","OVERCONSTRAINED","inv4",92,35,24,34,14,10,2.705882,2.500000,2.400000,0.800000,0.200000,10,
"lts/OVERCONSTRAINED/parsed-file509_inv5.als","lts","OVERCONSTRAINED","inv5",42,21,16,32,13,8,1.312500,1.615385,2.000000,0.000000,1.000000,10,
"lts/OVERCONSTRAINED/parsed-file520_inv3.als","lts","OVERCONSTRAINED","inv3",33,18,9,46,17,11,0.717391,1.058824,0.818182,0.000000,1.000000,10,
"lts/OVERCONSTRAINED/parsed-file570_inv4.als","lts","OVERCONSTRAINED","inv4",76,32,32,52,17,14,1.461538,1.882353,2.285714,0.800000,0.200000,10,
"lts/OVERCONSTRAINED/parsed-file573_inv5.als","lts","OVERCONSTRAINED","inv5",22,11,11,56,19,16,0.392857,0.578947,0.687500,0.990099,0.009901,10,
"lts/OVERCONSTRAINED/parsed-file584_inv3.als","lts","OVERCONSTRAINED","inv3",19,9,6,41,12,12,0.463415,0.750000,0.500000,0.000000,1.000000,10,
"lts/OVERCONSTRAINED/parsed-file58_inv4.als","lts","OVERCONSTRAINED","inv4",59,41,35,77,24,22,0.766234,1.708333,1.590909,0.800000,0.200000,10,
"lts/OVERCONSTRAINED/parsed-file598_inv1.als","lts","OVERCONSTRAINED","inv1",24,16,6,46,17,11,0.521739,0.941176,0.545455,0.000000,1.000000,10,
"lts/OVERCONSTRAINED/parsed-file59_inv7.als","lts","OVERCONSTRAINED","inv7",108,58,65,106,27,29,1.018868,2.148148,2.241379,0.000000,1.000000,10,
"lts/OVERCONSTRAINED/parsed-file607_inv7.als","lts","OVERCONSTRAINED","inv7",90,56,80,104,28,37,0.865385,2.000000,2.162162,0.000000,1.000000,10,
"lts/OVERCONSTRAINED/parsed-file609_inv5.als","lts","OVERCONSTRAINED","inv5",30,12,10,60,18,18,0.500000,0.666667,0.555556,0.990099,0.009901,10,
"lts/OVERCONSTRAINED/parsed-file610_inv3.als","lts","OVERCONSTRAINED","inv3",17,12,8,38,12,9,0.447368,1.000000,0.888889,0.990099,0.009901,10,
"lts/OVERCONSTRAINED/parsed-file650_inv4.als","lts","OVERCONSTRAINED","inv4",94,34,24,31,12,8,3.032258,2.833333,3.000000,0.800000,0.200000,10,
"lts/OVERCONSTRAINED/parsed-file683_inv3.als","lts","OVERCONSTRAINED","inv3",31,9,6,12,4,4,2.583333,2.250000,1.500000,0.000000,1.000000,10,
"lts/OVERCONSTRAINED/parsed-file699_inv4.als","lts","OVERCONSTRAINED","inv4",76,34,31,51,18,16,1.490196,1.888889,1.937500,0.000000,1.000000,10,
"lts/OVERCONSTRAINED/parsed-file708_inv3.als","lts","OVERCONSTRAINED","inv3",31,16,10,46,17,11,0.673913,0.941176,0.909091,0.990099,0.009901,10,
"lts/OVERCONSTRAINED/parsed-file751_inv7.als","lts","OVERCONSTRAINED","inv7",143,50,62,34,14,10,4.205882,3.571429,6.200000,0.000000,1.000000,10,
"lts/OVERCONSTRAINED/parsed-file769_inv7.als","lts","OVERCONSTRAINED","inv7",112,55,67,92,23,25,1.217391,2.391304,2.680000,0.000000,1.000000,10,
"lts/OVERCONSTRAINED/parsed-file808_inv1.als","lts","OVERCONSTRAINED","inv1",24,16,5,42,17,11,0.571429,0.941176,0.454545,0.000000,1.000000,10,
"lts/UNDERCONSTRAINED/parsed-file1020_inv3.als","lts","UNDERCONSTRAINED","inv3",33,18,10,52,22,13,0.634615,0.818182,0.769231,0.000000,1.000000,10,
"lts/UNDERCONSTRAINED/parsed-file1047_inv5.als","lts","UNDERCONSTRAINED","inv5",56,33,27,135,36,41,0.414815,0.916667,0.658537,0.990099,0.009901,10,
"lts/UNDERCONSTRAINED/parsed-file107_inv5.als","lts","UNDERCONSTRAINED","inv5",56,24,26,126,34,44,0.444444,0.705882,0.590909,0.990099,0.009901,10,
"lts/UNDERCONSTRAINED/parsed-file1132_inv3.als","lts","UNDERCONSTRAINED","inv3",24,12,7,32,12,8,0.750000,1.000000,0.875000,0.000000,1.000000,10,
"lts/UNDERCONSTRAINED/parsed-file1204_inv3.als","lts","UNDERCONSTRAINED","inv3",3,2,2,60,18,18,0.050000,0.111111,0.111111,0.000000,1.000000,10,
"lts/UNDERCONSTRAINED/parsed-file1227_inv3.als","lts","UNDERCONSTRAINED","inv3",27,10,7,60,18,15,0.450000,0.555556,0.466667,0.000000,1.000000,10,
"lts/UNDERCONSTRAINED/parsed-file1243_inv4.als","lts","UNDERCONSTRAINED","inv4",98,34,27,25,8,7,3.920000,4.250000,3.857143,0.400000,0.600000,10,
"lts/UNDERCONSTRAINED/parsed-file1345_inv5.als","lts","UNDERCONSTRAINED","inv5",21,9,6,53,17,14,0.396226,0.529412,0.428571,0.000000,1.000000,10,
"lts/UNDERCONSTRAINED/parsed-file1374_inv5.als","lts","UNDERCONSTRAINED","inv5",28,13,7,53,17,14,0.528302,0.764706,0.500000,0.000000,1.000000,10,
"lts/UNDERCONSTRAINED/parsed-file1392_inv2.als","lts","UNDERCONSTRAINED","inv2",1,1,1,11,4,4,0.090909,0.250000,0.250000,0.400000,0.600000,10,
"lts/UNDERCONSTRAINED/parsed-file1413_inv3.als","lts","UNDERCONSTRAINED","inv3",5,7,3,63,20,19,0.079365,0.350000,0.157895,0.000000,1.000000,10,
"lts/UNDERCONSTRAINED/parsed-file1427_inv3.als","lts","UNDERCONSTRAINED","inv3",32,16,13,78,27,21,0.410256,0.592593,0.619048,0.000000,1.000000,10,
"lts/UNDERCONSTRAINED/parsed-file1448_inv2.als","lts","UNDERCONSTRAINED","inv2",11,6,10,35,11,12,0.314286,0.545455,0.833333,0.000000,1.000000,10,
"lts/UNDERCONSTRAINED/parsed-file1527_inv5.als","lts","UNDERCONSTRAINED","inv5",27,11,10,56,19,16,0.482143,0.578947,0.625000,0.000000,1.000000,10,
"lts/UNDERCONSTRAINED/parsed-file1564_inv3.als","lts","UNDERCONSTRAINED","inv3",27,8,7,20,8,6,1.350000,1.000000,1.166667,0.000000,1.000000,10,
"lts/UNDERCONSTRAINED/parsed-file1598_inv2.als","lts","UNDERCONSTRAINED","inv2",2,1,1,11,4,4,0.181818,0.250000,0.250000,0.600000,0.400000,10,
"lts/UNDERCONSTRAINED/parsed-file1628_inv5.als","lts","UNDERCONSTRAINED","inv5",22,25,17,47,18,11,0.468085,1.388889,1.545455,0.000000,1.000000,10,
"lts/UNDERCONSTRAINED/parsed-file1664_inv3.als","lts","UNDERCONSTRAINED","inv3",14,13,7,59,23,17,0.237288,0.565217,0.411765,0.000000,1.000000,10,
"lts/UNDERCONSTRAINED/parsed-file1717_inv5.als","lts","UNDERCONSTRAINED","inv5",45,21,17,35,14,10,1.285714,1.500000,1.700000,0.000000,1.000000,10,
"lts/UNDERCONSTRAINED/parsed-file1725_inv3.als","lts","UNDERCONSTRAINED","inv3",27,9,7,20,8,6,1.350000,1.125000,1.166667,0.000000,1.000000,10,
"lts/UNDERCONSTRAINED/parsed-file1749_inv4.als","lts","UNDERCONSTRAINED","inv4",54,40,35,75,22,20,0.720000,1.818182,1.750000,0.000000,1.000000,10,
"lts/UNDERCONSTRAINED/parsed-file1801_inv5.als","lts","UNDERCONSTRAINED","inv5",10,2,2,70,22,22,0.142857,0.090909,0.090909,0.000000,1.000000,10,
"lts/UNDERCONSTRAINED/parsed-file1840_inv3.als","lts","UNDERCONSTRAINED","inv3",4,2,2,60,18,18,0.066667,0.111111,0.111111,0.000000,1.000000,10,
"lts/UNDERCONSTRAINED/parsed-file1868_inv3.als","lts","UNDERCONSTRAINED","inv3",3,2,2,60,18,18,0.050000,0.111111,0.111111,0.000000,1.000000,10,
"lts/UNDERCONSTRAINED/parsed-file186_inv5.als","lts","UNDERCONSTRAINED","inv5",31,15,14,70,20,18,0.442857,0.750000,0.777778,0.000000,1.000000,10,
"lts/UNDERCONSTRAINED/parsed-file1871_inv3.als","lts","UNDERCONSTRAINED","inv3",3,2,2,63,20,20,0.047619,0.100000,0.100000,0.000000,1.000000,10,
"lts/UNDERCONSTRAINED/parsed-file1937_inv5.als","lts","UNDERCONSTRAINED","inv5",19,8,6,53,17,14,0.358491,0.470588,0.428571,0.000000,1.000000,10,
"lts/UNDERCONSTRAINED/parsed-file1976_inv3.als","lts","UNDERCONSTRAINED","inv3",22,8,8,41,13,12,0.536585,0.615385,0.666667,0.000000,1.000000,10,
"lts/UNDERCONSTRAINED/parsed-file19_inv3.als","lts","UNDERCONSTRAINED","inv3",25,9,8,70,19,22,0.357143,0.473684,0.363636,0.000000,1.000000,10,
"lts/UNDERCONSTRAINED/parsed-file2023_inv1.als","lts","UNDERCONSTRAINED","inv1",35,21,14,57,25,16,0.614035,0.840000,0.875000,0.000000,1.000000,10,
"lts/UNDERCONSTRAINED/parsed-file2040_inv3.als","lts","UNDERCONSTRAINED","inv3",3,2,2,60,18,18,0.050000,0.111111,0.111111,0.000000,1.000000,10,
"lts/UNDERCONSTRAINED/parsed-file2049_inv5.als","lts","UNDERCONSTRAINED","inv5",71,37,33,148,40,48,0.479730,0.925000,0.687500,0.000000,1.000000,10,
"lts/UNDERCONSTRAINED/parsed-file2055_inv3.als","lts","UNDERCONSTRAINED","inv3",12,22,25,69,19,21,0.173913,1.157895,1.190476,0.000000,1.000000,10,
"lts/UNDERCONSTRAINED/parsed-file2073_inv2.als","lts","UNDERCONSTRAINED","inv2",1,1,1,11,4,4,0.090909,0.250000,0.250000,0.400000,0.600000,10,
"lts/UNDERCONSTRAINED/parsed-file2139_inv5.als","lts","UNDERCONSTRAINED","inv5",30,12,11,56,19,16,0.535714,0.631579,0.687500,0.000000,1.000000,10,
"lts/UNDERCONSTRAINED/parsed-file2265_inv3.als","lts","UNDERCONSTRAINED","inv3",14,6,8,64,17,23,0.218750,0.352941,0.347826,0.000000,1.000000,10,
"lts/UNDERCONSTRAINED/parsed-file2292_inv3.als","lts","UNDERCONSTRAINED","inv3",29,15,12,54,19,15,0.537037,0.789474,0.800000,0.000000,1.000000,10,
"lts/UNDERCONSTRAINED/parsed-file2319_inv4.als","lts","UNDERCONSTRAINED","inv4",84,48,38,101,31,23,0.831683,1.548387,1.652174,0.000000,1.000000,10,
"lts/UNDERCONSTRAINED/parsed-file2337_inv3.als","lts","UNDERCONSTRAINED","inv3",27,8,7,20,8,6,1.350000,1.000000,1.166667,0.000000,1.000000,10,
"lts/UNDERCONSTRAINED/parsed-file2350_inv3.als","lts","UNDERCONSTRAINED","inv3",28,13,13,81,23,21,0.345679,0.565217,0.619048,0.000000,1.000000,10,
"lts/UNDERCONSTRAINED/parsed-file2384_inv5.als","lts","UNDERCONSTRAINED","inv5",31,13,11,67,18,21,0.462687,0.722222,0.523810,0.000000,1.000000,10,
"lts/UNDERCONSTRAINED/parsed-file2389_inv4.als","lts","UNDERCONSTRAINED","inv4",88,36,27,50,22,13,1.760000,1.636364,2.076923,0.000000,1.000000,10,
"lts/UNDERCONSTRAINED/parsed-file23_inv4.als","lts","UNDERCONSTRAINED","inv4",54,41,35,78,23,20,0.692308,1.782609,1.750000,0.000000,1.000000,10,
"lts/UNDERCONSTRAINED/parsed-file2460_inv2.als","lts","UNDERCONSTRAINED","inv2",41,14,20,74,20,26,0.554054,0.700000,0.769231,0.400000,0.600000,10,
"lts/UNDERCONSTRAINED/parsed-file2474_inv3.als","lts","UNDERCONSTRAINED","inv3",22,7,7,49,15,13,0.448980,0.466667,0.538462,0.000000,1.000000,10,
"lts/UNDERCONSTRAINED/parsed-file2486_inv1.als","lts","UNDERCONSTRAINED","inv1",33,20,14,57,24,16,0.578947,0.833333,0.875000,0.000000,1.000000,10,
"lts/UNDERCONSTRAINED/parsed-file2490_inv5.als","lts","UNDERCONSTRAINED","inv5",22,11,4,55,17,20,0.400000,0.647059,0.200000,0.000000,1.000000,10,
"lts/UNDERCONSTRAINED/parsed-file2498_inv3.als","lts","UNDERCONSTRAINED","inv3",11,7,9,52,15,17,0.211538,0.466667,0.529412,0.000000,1.000000,10,
"lts/UNDERCONSTRAINED/parsed-file2520_inv3.als","lts","UNDERCONSTRAINED","inv3",28,13,13,81,23,21,0.345679,0.565217,0.619048,0.000000,1.000000,10,
"lts/UNDERCONSTRAINED/parsed-file2548_inv3.als","lts","UNDERCONSTRAINED","inv3",3,2,2,60,18,18,0.050000,0.111111,0.111111,0.000000,1.000000,10,
"lts/UNDERCONSTRAINED/parsed-file2593_inv2.als","lts","UNDERCONSTRAINED","inv2",17,6,13,33,10,16,0.515152,0.600000,0.812500,0.400000,0.600000,10,
"lts/UNDERCONSTRAINED/parsed-file311_inv3.als","lts","UNDERCONSTRAINED","inv3",22,7,7,49,15,13,0.448980,0.466667,0.538462,0.000000,1.000000,10,
"lts/UNDERCONSTRAINED/parsed-file365_inv3.als","lts","UNDERCONSTRAINED","inv3",13,10,6,53,17,14,0.245283,0.588235,0.428571,0.000000,1.000000,10,
"lts/UNDERCONSTRAINED/parsed-file412_inv1.als","lts","UNDERCONSTRAINED","inv1",4,4,3,37,10,10,0.108108,0.400000,0.300000,0.100000,0.900000,10,
"lts/UNDERCONSTRAINED/parsed-file416_inv5.als","lts","UNDERCONSTRAINED","inv5",28,12,6,74,20,26,0.378378,0.600000,0.230769,0.000000,1.000000,10,
"lts/UNDERCONSTRAINED/parsed-file451_inv4.als","lts","UNDERCONSTRAINED","inv4",77,45,38,94,30,24,0.819149,1.500000,1.583333,0.400000,0.600000,10,
"lts/UNDERCONSTRAINED/parsed-file496_inv4.als","lts","UNDERCONSTRAINED","inv4",105,33,26,15,6,5,7.000000,5.500000,5.200000,0.000000,1.000000,10,
"lts/UNDERCONSTRAINED/parsed-file500_inv2.als","lts","UNDERCONSTRAINED","inv2",18,6,13,37,10,16,0.486486,0.600000,0.812500,0.400000,0.600000,10,
"lts/UNDERCONSTRAINED/parsed-file543_inv4.als","lts","UNDERCONSTRAINED","inv4",92,32,25,34,15,10,2.705882,2.133333,2.500000,0.000000,1.000000,10,
"lts/UNDERCONSTRAINED/parsed-file612_inv5.als","lts","UNDERCONSTRAINED","inv5",29,12,8,53,17,15,0.547170,0.705882,0.533333,0.000000,1.000000,10,
"lts/UNDERCONSTRAINED/parsed-file638_inv5.als","lts","UNDERCONSTRAINED","inv5",26,12,7,53,17,14,0.490566,0.705882,0.500000,0.000000,1.000000,10,
"lts/UNDERCONSTRAINED/parsed-file706_inv3.als","lts","UNDERCONSTRAINED","inv3",27,9,7,20,8,6,1.350000,1.125000,1.166667,0.000000,1.000000,10,
"lts/UNDERCONSTRAINED/parsed-file729_inv3.als","lts","UNDERCONSTRAINED","inv3",7,3,2,64,19,18,0.109375,0.157895,0.111111,0.000000,1.000000,10,
"lts/UNDERCONSTRAINED/parsed-file753_inv3.als","lts","UNDERCONSTRAINED","inv3",22,7,7,49,15,13,0.448980,0.466667,0.538462,0.000000,1.000000,10,
"lts/UNDERCONSTRAINED/parsed-file815_inv3.als","lts","UNDERCONSTRAINED","inv3",25,17,10,85,29,26,0.294118,0.586207,0.384615,0.000000,1.000000,10,
"lts/UNDERCONSTRAINED/parsed-file850_inv3.als","lts","UNDERCONSTRAINED","inv3",22,8,8,41,13,12,0.536585,0.615385,0.666667,0.000000,1.000000,10,
"production/BOTH/parsed-file185_Inv1.als","production","BOTH","Inv1",19,5,4,24,7,6,0.791667,0.714286,0.666667,0.000000,1.000000,10,
"production/BOTH/parsed-file187_Inv2.als","production","BOTH","Inv2",89,29,34,142,38,44,0.626761,0.763158,0.772727,0.000000,1.000000,10,
"production/BOTH/parsed-file213_Inv1.als","production","BOTH","Inv1",19,6,4,12,4,4,1.583333,1.500000,1.000000,0.000000,1.000000,10,
"production/BOTH/parsed-file235_Inv1.als","production","BOTH","Inv1",2,1,7,45,12,12,0.044444,0.083333,0.583333,0.000000,1.000000,10,
"production/BOTH/parsed-file243_Inv2.als","production","BOTH","Inv2",9,8,6,19,7,8,0.473684,1.142857,0.750000,0.000000,1.000000,10,
"production/BOTH/parsed-file259_Inv2.als","production","BOTH","Inv2",17,15,11,33,15,12,0.515152,1.000000,0.916667,0.090000,0.910000,10,
"production/BOTH/parsed-file33_Inv2.als","production","BOTH","Inv2",12,10,6,46,14,13,0.260870,0.714286,0.461538,0.000000,1.000000,10,
"production/BOTH/parsed-file435_Inv2.als","production","BOTH","Inv2",54,20,23,96,25,32,0.562500,0.800000,0.718750,0.000000,1.000000,10,
"production/BOTH/parsed-file457_Inv1.als","production","BOTH","Inv1",2,1,7,45,12,12,0.044444,0.083333,0.583333,0.000000,1.000000,10,
"production/BOTH/parsed-file465_Inv1.als","production","BOTH","Inv1",2,1,7,45,12,12,0.044444,0.083333,0.583333,0.000000,1.000000,10,
"production/BOTH/parsed-file467_Inv2.als","production","BOTH","Inv2",19,7,11,66,17,21,0.287879,0.411765,0.523810,0.810000,0.190000,10,
"production/BOTH/parsed-file486_Inv1.als","production","BOTH","Inv1",8,5,6,49,15,15,0.163265,0.333333,0.400000,0.000000,1.000000,10,
"production/BOTH/parsed-file519_Inv1.als","production","BOTH","Inv1",21,11,11,33,8,9,0.636364,1.375000,1.222222,0.000000,1.000000,10,
"production/BOTH/parsed-file524_Inv1.als","production","BOTH","Inv1",13,6,3,49,19,12,0.265306,0.315789,0.250000,0.000000,1.000000,10,
"production/BOTH/parsed-file549_Inv1.als","production","BOTH","Inv1",19,6,4,12,4,4,1.583333,1.500000,1.000000,0.000000,1.000000,10,
"production/BOTH/parsed-file568_Inv2.als","production","BOTH","Inv2",8,8,5,19,7,8,0.421053,1.142857,0.625000,0.000000,1.000000,10,
"production/BOTH/parsed-file579_Inv2.als","production","BOTH","Inv2",16,15,6,32,15,10,0.500000,1.000000,0.600000,0.090000,0.910000,10,
"production/BOTH/parsed-file595_Inv1.als","production","BOTH","Inv1",21,12,5,26,11,8,0.807692,1.090909,0.625000,0.000000,1.000000,10,
"production/BOTH/parsed-file598_Inv2.als","production","BOTH","Inv2",15,7,6,51,13,13,0.294118,0.538462,0.461538,0.000000,1.000000,10,
"production/BOTH/parsed-file603_Inv1.als","production","BOTH","Inv1",19,5,4,24,7,6,0.791667,0.714286,0.666667,0.000000,1.000000,10,
"production/BOTH/parsed-file645_Inv2.als","production","BOTH","Inv2",89,29,37,142,38,46,0.626761,0.763158,0.804348,0.980392,0.019608,10,
"production/BOTH/parsed-file83_Inv1.als","production","BOTH","Inv1",19,6,4,11,4,4,1.727273,1.500000,1.000000,0.000000,1.000000,10,
"production/OVERCONSTRAINED/parsed-file106_Inv2.als","production","OVERCONSTRAINED","Inv2",9,3,3,25,9,7,0.360000,0.333333,0.428571,0.000000,1.000000,10,
"production/OVERCONSTRAINED/parsed-file192_Inv1.als","production","OVERCONSTRAINED","Inv1",7,2,1,49,19,12,0.142857,0.105263,0.083333,0.000000,1.000000,10,
"production/OVERCONSTRAINED/parsed-file242_Inv1.als","production","OVERCONSTRAINED","Inv1",15,7,3,26,11,8,0.576923,0.636364,0.375000,0.000000,1.000000,10,
"production/OVERCONSTRAINED/parsed-file320_Inv1.als","production","OVERCONSTRAINED","Inv1",17,11,4,26,11,8,0.653846,1.000000,0.500000,0.000000,1.000000,10,
"production/OVERCONSTRAINED/parsed-file326_Inv1.als","production","OVERCONSTRAINED","Inv1",15,7,3,26,11,8,0.576923,0.636364,0.375000,0.000000,1.000000,10,
"production/OVERCONSTRAINED/parsed-file372_Inv2.als","production","OVERCONSTRAINED","Inv2",5,2,2,46,14,13,0.108696,0.142857,0.153846,0.000000,1.000000,10,
"production/OVERCONSTRAINED/parsed-file378_Inv1.als","production","OVERCONSTRAINED","Inv1",15,7,3,26,11,8,0.576923,0.636364,0.375000,0.000000,1.000000,10,
"production/OVERCONSTRAINED/parsed-file37_Inv2.als","production","OVERCONSTRAINED","Inv2",21,11,16,72,18,24,0.291667,0.611111,0.666667,0.000000,1.000000,10,
"production/OVERCONSTRAINED/parsed-file43_Inv2.als","production","OVERCONSTRAINED","Inv2",10,4,4,25,9,7,0.400000,0.444444,0.571429,0.000000,1.000000,10,
"production/OVERCONSTRAINED/parsed-file466_Inv1.als","production","OVERCONSTRAINED","Inv1",31,17,11,62,20,14,0.500000,0.850000,0.785714,0.000000,1.000000,10,
"production/OVERCONSTRAINED/parsed-file470_Inv2.als","production","OVERCONSTRAINED","Inv2",5,2,4,54,17,14,0.092593,0.117647,0.285714,0.000000,1.000000,10,
"production/OVERCONSTRAINED/parsed-file483_Inv2.als","production","OVERCONSTRAINED","Inv2",21,10,6,40,12,9,0.525000,0.833333,0.666667,0.000000,1.000000,10,
"production/OVERCONSTRAINED/parsed-file495_Inv1.als","production","OVERCONSTRAINED","Inv1",40,21,14,75,23,16,0.533333,0.913043,0.875000,0.000000,1.000000,10,
"production/OVERCONSTRAINED/parsed-file510_Inv2.als","production","OVERCONSTRAINED","Inv2",1,1,1,49,15,15,0.020408,0.066667,0.066667,0.000000,1.000000,10,
"production/OVERCONSTRAINED/parsed-file516_Inv1.als","production","OVERCONSTRAINED","Inv1",15,7,3,26,11,8,0.576923,0.636364,0.375000,0.000000,1.000000,10,
"production/OVERCONSTRAINED/parsed-file522_Inv1.als","production","OVERCONSTRAINED","Inv1",9,2,4,43,12,12,0.209302,0.166667,0.333333,0.000000,1.000000,10,
"production/OVERCONSTRAINED/parsed-file532_Inv2.als","production","OVERCONSTRAINED","Inv2",14,7,5,40,12,12,0.350000,0.583333,0.416667,0.000000,1.000000,10,
"production/OVERCONSTRAINED/parsed-file551_Inv2.als","production","OVERCONSTRAINED","Inv2",8,5,4,50,14,14,0.160000,0.357143,0.285714,0.000000,1.000000,10,
"production/OVERCONSTRAINED/parsed-file552_Inv2.als","production","OVERCONSTRAINED","Inv2",10,4,4,28,9,7,0.357143,0.444444,0.571429,0.000000,1.000000,10,
"production/OVERCONSTRAINED/parsed-file566_Inv2.als","production","OVERCONSTRAINED","Inv2",5,2,2,46,14,13,0.108696,0.142857,0.153846,0.000000,1.000000,10,
"production/OVERCONSTRAINED/parsed-file592_Inv2.als","production","OVERCONSTRAINED","Inv2",10,7,6,49,14,13,0.204082,0.500000,0.461538,0.000000,1.000000,10,
"production/OVERCONSTRAINED/parsed-file615_Inv2.als","production","OVERCONSTRAINED","Inv2",6,3,3,46,14,13,0.130435,0.214286,0.230769,0.000000,1.000000,10,
"production/OVERCONSTRAINED/parsed-file61_Inv1.als","production","OVERCONSTRAINED","Inv1",30,13,3,38,14,8,0.789474,0.928571,0.375000,0.000000,1.000000,10,
"production/OVERCONSTRAINED/parsed-file651_Inv1.als","production","OVERCONSTRAINED","Inv1",31,17,11,62,20,14,0.500000,0.850000,0.785714,0.000000,1.000000,10,
"production/OVERCONSTRAINED/parsed-file94_Inv1.als","production","OVERCONSTRAINED","Inv1",8,5,6,49,15,15,0.163265,0.333333,0.400000,0.000000,1.000000,10,
"production/UNDERCONSTRAINED/parsed-file118_Inv2.als","production","UNDERCONSTRAINED","Inv2",3,3,2,46,13,14,0.065217,0.230769,0.142857,0.990099,0.009901,10,
"production/UNDERCONSTRAINED/parsed-file132_Inv2.als","production","UNDERCONSTRAINED","Inv2",12,10,6,47,14,15,0.255319,0.714286,0.400000,0.990099,0.009901,10,
"production/UNDERCONSTRAINED/parsed-file15_Inv2.als","production","UNDERCONSTRAINED","Inv2",12,8,14,58,15,17,0.206897,0.533333,0.823529,0.990099,0.009901,10,
"production/UNDERCONSTRAINED/parsed-file160_Inv2.als","production","UNDERCONSTRAINED","Inv2",3,3,2,44,13,14,0.068182,0.230769,0.142857,0.990099,0.009901,10,
"production/UNDERCONSTRAINED/parsed-file166_Inv2.als","production","UNDERCONSTRAINED","Inv2",12,4,5,61,16,16,0.196721,0.250000,0.312500,0.990099,0.009901,10,
"production/UNDERCONSTRAINED/parsed-file172_Inv2.als","production","UNDERCONSTRAINED","Inv2",3,3,2,49,14,14,0.061224,0.214286,0.142857,0.990099,0.009901,10,
"production/UNDERCONSTRAINED/parsed-file195_Inv2.als","production","UNDERCONSTRAINED","Inv2",16,9,7,59,18,17,0.271186,0.500000,0.411765,0.990099,0.009901,10,
"production/UNDERCONSTRAINED/parsed-file218_Inv1.als","production","UNDERCONSTRAINED","Inv1",4,4,3,41,10,10,0.097561,0.400000,0.300000,0.000000,1.000000,10,
"production/UNDERCONSTRAINED/parsed-file230_Inv2.als","production","UNDERCONSTRAINED","Inv2",8,8,5,19,7,8,0.421053,1.142857,0.625000,0.000000,1.000000,10,
"production/UNDERCONSTRAINED/parsed-file255_Inv2.als","production","UNDERCONSTRAINED","Inv2",8,6,5,50,14,14,0.160000,0.428571,0.357143,0.990099,0.009901,10,
"production/UNDERCONSTRAINED/parsed-file281_Inv2.als","production","UNDERCONSTRAINED","Inv2",19,11,12,60,17,19,0.316667,0.647059,0.631579,0.990099,0.009901,10,
"production/UNDERCONSTRAINED/parsed-file302_Inv2.als","production","UNDERCONSTRAINED","Inv2",3,3,2,49,14,14,0.061224,0.214286,0.142857,0.990099,0.009901,10,
"production/UNDERCONSTRAINED/parsed-file327_Inv2.als","production","UNDERCONSTRAINED","Inv2",3,3,2,49,14,14,0.061224,0.214286,0.142857,0.990099,0.009901,10,
"production/UNDERCONSTRAINED/parsed-file32_Inv2.als","production","UNDERCONSTRAINED","Inv2",19,11,12,60,17,19,0.316667,0.647059,0.631579,0.990099,0.009901,10,
"production/UNDERCONSTRAINED/parsed-file341_Inv2.als","production","UNDERCONSTRAINED","Inv2",3,3,2,46,13,14,0.065217,0.230769,0.142857,0.990099,0.009901,10,
"production/UNDERCONSTRAINED/parsed-file34_Inv2.als","production","UNDERCONSTRAINED","Inv2",3,3,2,46,13,14,0.065217,0.230769,0.142857,0.990099,0.009901,10,
"production/UNDERCONSTRAINED/parsed-file371_Inv2.als","production","UNDERCONSTRAINED","Inv2",19,15,11,33,15,12,0.575758,1.000000,0.916667,0.000000,1.000000,10,
"production/UNDERCONSTRAINED/parsed-file373_Inv2.als","production","UNDERCONSTRAINED","Inv2",33,14,18,79,21,24,0.417722,0.666667,0.750000,0.990099,0.009901,10,
"production/UNDERCONSTRAINED/parsed-file400_Inv2.als","production","UNDERCONSTRAINED","Inv2",3,3,2,49,14,14,0.061224,0.214286,0.142857,0.990099,0.009901,10,
"production/UNDERCONSTRAINED/parsed-file406_Inv2.als","production","UNDERCONSTRAINED","Inv2",3,3,2,46,13,14,0.065217,0.230769,0.142857,0.990099,0.009901,10,
"production/UNDERCONSTRAINED/parsed-file408_Inv2.als","production","UNDERCONSTRAINED","Inv2",3,3,2,49,14,14,0.061224,0.214286,0.142857,0.990099,0.009901,10,
"production/UNDERCONSTRAINED/parsed-file438_Inv2.als","production","UNDERCONSTRAINED","Inv2",3,3,2,46,13,14,0.065217,0.230769,0.142857,0.990099,0.009901,10,
"production/UNDERCONSTRAINED/parsed-file469_Inv1.als","production","UNDERCONSTRAINED","Inv1",4,4,3,41,10,10,0.097561,0.400000,0.300000,0.000000,1.000000,10,
"production/UNDERCONSTRAINED/parsed-file4_Inv2.als","production","UNDERCONSTRAINED","Inv2",28,16,24,69,18,22,0.405797,0.888889,1.090909,0.990099,0.009901,10,
"production/UNDERCONSTRAINED/parsed-file50_Inv2.als","production","UNDERCONSTRAINED","Inv2",12,8,14,58,15,17,0.206897,0.533333,0.823529,0.990099,0.009901,10,
"production/UNDERCONSTRAINED/parsed-file527_Inv2.als","production","UNDERCONSTRAINED","Inv2",12,13,19,58,15,17,0.206897,0.866667,1.117647,0.990099,0.009901,10,
"production/UNDERCONSTRAINED/parsed-file547_Inv2.als","production","UNDERCONSTRAINED","Inv2",3,3,2,46,13,14,0.065217,0.230769,0.142857,0.990099,0.009901,10,
"production/UNDERCONSTRAINED/parsed-file563_Inv2.als","production","UNDERCONSTRAINED","Inv2",3,3,2,46,13,14,0.065217,0.230769,0.142857,0.990099,0.009901,10,
"production/UNDERCONSTRAINED/parsed-file569_Inv2.als","production","UNDERCONSTRAINED","Inv2",3,3,2,49,14,14,0.061224,0.214286,0.142857,0.990099,0.009901,10,
"production/UNDERCONSTRAINED/parsed-file602_Inv2.als","production","UNDERCONSTRAINED","Inv2",3,3,3,19,6,6,0.157895,0.500000,0.500000,0.990099,0.009901,10,
"production/UNDERCONSTRAINED/parsed-file612_Inv2.als","production","UNDERCONSTRAINED","Inv2",3,3,2,49,14,14,0.061224,0.214286,0.142857,0.990099,0.009901,10,
"production/UNDERCONSTRAINED/parsed-file61_Inv2.als","production","UNDERCONSTRAINED","Inv2",28,14,7,49,15,10,0.571429,0.933333,0.700000,0.990099,0.009901,10,
"production/UNDERCONSTRAINED/parsed-file627_Inv2.als","production","UNDERCONSTRAINED","Inv2",3,3,2,49,14,14,0.061224,0.214286,0.142857,0.990099,0.009901,10,
"production/UNDERCONSTRAINED/parsed-file639_Inv2.als","production","UNDERCONSTRAINED","Inv2",3,3,2,46,13,14,0.065217,0.230769,0.142857,0.990099,0.009901,10,
"production/UNDERCONSTRAINED/parsed-file648_Inv2.als","production","UNDERCONSTRAINED","Inv2",8,5,4,50,14,14,0.160000,0.357143,0.285714,0.990099,0.009901,10,
"production/UNDERCONSTRAINED/parsed-file9_Inv2.als","production","UNDERCONSTRAINED","Inv2",3,3,2,54,16,15,0.055556,0.187500,0.133333,0.990099,0.009901,10,
"train/BOTH/parsed-file1006_prop8.als","train","BOTH","prop8",78,33,26,206,64,54,0.378641,0.515625,0.481481,0.000000,1.000000,10,
"train/BOTH/parsed-file1007_prop15.als","train","BOTH","prop15",49,22,17,53,14,17,0.924528,1.571429,1.000000,0.600000,0.400000,10,
"train/BOTH/parsed-file1013_prop8.als","train","BOTH","prop8",55,33,30,131,40,37,0.419847,0.825000,0.810811,0.833333,0.166667,10,
"train/BOTH/parsed-file1018_prop9.als","train","BOTH","prop9",59,37,39,110,27,34,0.536364,1.370370,1.147059,0.833333,0.166667,10,
"train/BOTH/parsed-file1023_prop3.als","train","BOTH","prop3",42,22,18,99,29,30,0.424242,0.758621,0.600000,0.000000,1.000000,10,
"train/BOTH/parsed-file1032_prop5.als","train","BOTH","prop5",98,75,77,112,39,37,0.875000,1.923077,2.081081,0.833333,0.166667,10,
"train/BOTH/parsed-file1036_prop15.als","train","BOTH","prop15",49,25,21,53,14,17,0.924528,1.785714,1.235294,0.833333,0.166667,10,
"train/BOTH/parsed-file1037_prop1.als","train","BOTH","prop1",45,18,20,75,19,23,0.600000,0.947368,0.869565,0.833333,0.166667,10,
"train/BOTH/parsed-file1038_prop14.als","train","BOTH","prop14",87,54,39,142,42,37,0.612676,1.285714,1.054054,0.500000,0.500000,10,
"train/BOTH/parsed-file1040_prop6.als","train","BOTH","prop6",48,25,37,140,36,35,0.342857,0.694444,1.057143,0.000000,1.000000,10,
"train/BOTH/parsed-file1043_prop1.als","train","BOTH","prop1",26,14,15,54,15,18,0.481481,0.933333,0.833333,0.833333,0.166667,10,
"train/BOTH/parsed-file1044_prop6.als","train","BOTH","prop6",65,24,30,51,15,15,1.274510,1.600000,2.000000,0.000000,1.000000,10,
"train/BOTH/parsed-file104_prop9.als","train","BOTH","prop9",26,19,15,88,23,25,0.295455,0.826087,0.600000,0.000000,1.000000,10,
"train/BOTH/parsed-file1054_prop7.als","train","BOTH","prop7",17,5,7,100,26,26,0.170000,0.192308,0.269231,0.000000,1.000000,10,
"train/BOTH/parsed-file1055_prop5.als","train","BOTH","prop5",104,65,55,111,37,32,0.936937,1.756757,1.718750,0.833333,0.166667,10,
"train/BOTH/parsed-file1058_prop2.als","train","BOTH","prop2",38,11,12,36,8,9,1.055556,1.375000,1.333333,0.000000,1.000000,10,
"train/BOTH/parsed-file106_prop8.als","train","BOTH","prop8",90,58,55,216,63,56,0.416667,0.920635,0.982143,0.000000,1.000000,10,
"train/BOTH/parsed-file1080_prop15.als","train","BOTH","prop15",41,24,11,53,16,18,0.773585,1.500000,0.611111,0.000000,1.000000,10,
"train/BOTH/parsed-file1082_prop3.als","train","BOTH","prop3",12,9,5,26,8,9,0.461538,1.125000,0.555556,0.833333,0.166667,10,
"train/BOTH/parsed-file1083_prop6.als","train","BOTH","prop6",52,24,32,92,26,31,0.565217,0.923077,1.032258,0.833333,0.166667,10,
"train/BOTH/parsed-file1084_prop8.als","train","BOTH","prop8",61,45,54,119,39,30,0.512605,1.153846,1.800000,0.000000,1.000000,10,
"train/BOTH/parsed-file1097_prop8.als","train","BOTH","prop8",54,36,11,131,42,33,0.412214,0.857143,0.333333,0.900000,0.100000,10,
"train/BOTH/parsed-file10_prop4.als","train","BOTH","prop4",58,25,30,125,31,45,0.464000,0.806452,0.666667,0.000000,1.000000,10,
"train/BOTH/parsed-file1101_prop6.als","train","BOTH","prop6",55,21,26,69,19,21,0.797101,1.105263,1.238095,0.700000,0.300000,10,
"train/BOTH/parsed-file1105_prop1.als","train","BOTH","prop1",4,2,4,23,7,8,0.173913,0.285714,0.500000,0.000000,1.000000,10,
"train/BOTH/parsed-file1114_prop8.als","train","BOTH","prop8",39,49,40,139,41,38,0.280576,1.195122,1.052632,0.000000,1.000000,10,
"train/BOTH/parsed-file1117_prop7.als","train","BOTH","prop7",20,12,14,70,20,24,0.285714,0.600000,0.583333,0.980392,0.019608,10,
"train/BOTH/parsed-file1118_prop8.als","train","BOTH","prop8",10,39,55,109,38,31,0.091743,1.026316,1.774194,0.000000,1.000000,10,
"train/BOTH/parsed-file112_prop9.als","train","BOTH","prop9",36,14,17,83,22,24,0.433735,0.636364,0.708333,0.000000,1.000000,10,
"train/BOTH/parsed-file1131_prop5.als","train","BOTH","prop5",123,72,52,75,25,26,1.640000,2.880000,2.000000,0.833333,0.166667,10,
"train/BOTH/parsed-file1138_prop7.als","train","BOTH","prop7",37,14,11,54,15,16,0.685185,0.933333,0.687500,0.000000,1.000000,10,
"train/BOTH/parsed-file1142_prop15.als","train","BOTH","prop15",42,28,24,71,20,21,0.591549,1.400000,1.142857,0.000000,1.000000,10,
"train/BOTH/parsed-file1149_prop9.als","train","BOTH","prop9",27,26,18,72,17,20,0.375000,1.529412,0.900000,0.833333,0.166667,10,
"train/BOTH/parsed-file1150_prop9.als","train","BOTH","prop9",29,31,33,86,22,28,0.337209,1.409091,1.178571,0.000000,1.000000,10,
"train/BOTH/parsed-file1151_prop4.als","train","BOTH","prop4",22,11,12,18,7,6,1.222222,1.571429,2.000000,0.000000,1.000000,10,
"train/BOTH/parsed-file1153_prop7.als","train","BOTH","prop7",32,13,16,75,19,23,0.426667,0.684211,0.695652,0.980392,0.019608,10,
"train/BOTH/parsed-file1155_prop4.als","train","BOTH","prop4",4,2,2,33,12,11,0.121212,0.166667,0.181818,0.833333,0.166667,10,
"train/BOTH/parsed-file1157_prop5.als","train","BOTH","prop5",114,76,55,99,33,31,1.151515,2.303030,1.774194,0.833333,0.166667,10,
"train/BOTH/parsed-file1172_prop15.als","train","BOTH","prop15",17,19,23,61,19,21,0.278689,1.000000,1.095238,0.000000,1.000000,10,
"train/BOTH/parsed-file1173_prop7.als","train","BOTH","prop7",32,10,14,66,16,21,0.484848,0.625000,0.666667,0.980392,0.019608,10,
"train/BOTH/parsed-file1175_prop13.als","train","BOTH","prop13",44,25,21,58,18,21,0.758621,1.388889,1.000000,0.500000,0.500000,10,
"train/BOTH/parsed-file1176_prop15.als","train","BOTH","prop15",40,21,15,37,10,14,1.081081,2.100000,1.071429,0.000000,1.000000,10,
"train/BOTH/parsed-file1181_prop1.als","train","BOTH","prop1",24,9,15,53,15,18,0.452830,0.600000,0.833333,0.833333,0.166667,10,
"train/BOTH/parsed-file1184_prop5.als","train","BOTH","prop5",128,68,52,76,21,21,1.684211,3.238095,2.476190,0.833333,0.166667,10,
"train/BOTH/parsed-file1191_prop9.als","train","BOTH","prop9",40,32,30,98,23,27,0.408163,1.391304,1.111111,0.000000,1.000000,10,
"train/BOTH/parsed-file1195_prop3.als","train","BOTH","prop3",30,12,9,49,15,14,0.612245,0.800000,0.642857,0.833333,0.166667,10,
"train/BOTH/parsed-file1198_prop9.als","train","BOTH","prop9",35,33,27,97,24,28,0.360825,1.375000,0.964286,0.000000,1.000000,10,
"train/BOTH/parsed-file119_prop3.als","train","BOTH","prop3",17,6,10,17,7,6,1.000000,0.857143,1.666667,0.833333,0.166667,10,
"train/BOTH/parsed-file1200_prop6.als","train","BOTH","prop6",46,16,19,58,16,16,0.793103,1.000000,1.187500,0.500000,0.500000,10,
"train/BOTH/parsed-file1201_prop5.als","train","BOTH","prop5",103,62,55,84,28,26,1.226190,2.214286,2.115385,0.500000,0.500000,10,
"train/BOTH/parsed-file1214_prop3.als","train","BOTH","prop3",18,8,8,9,4,4,2.000000,2.000000,2.000000,0.833333,0.166667,10,
"train/BOTH/parsed-file1216_prop3.als","train","BOTH","prop3",18,8,8,9,4,4,2.000000,2.000000,2.000000,0.833333,0.166667,10,
"train/BOTH/parsed-file1220_prop3.als","train","BOTH","prop3",23,16,10,75,23,21,0.306667,0.695652,0.476190,0.100000,0.900000,10,
"train/BOTH/parsed-file1222_prop9.als","train","BOTH","prop9",33,18,22,65,16,19,0.507692,1.125000,1.157895,0.000000,1.000000,10,
"train/BOTH/parsed-file1223_prop4.als","train","BOTH","prop4",10,5,3,33,12,11,0.303030,0.416667,0.272727,0.833333,0.166667,10,
"train/BOTH/parsed-file1226_prop3.als","train","BOTH","prop3",22,17,21,55,18,19,0.400000,0.944444,1.105263,0.200000,0.800000,10,
"train/BOTH/parsed-file1231_prop4.als","train","BOTH","prop4",65,26,32,130,32,43,0.500000,0.812500,0.744186,0.833333,0.166667,10,
"train/BOTH/parsed-file1232_prop15.als","train","BOTH","prop15",37,29,36,109,32,33,0.339450,0.906250,1.090909,0.000000,1.000000,10,
"train/BOTH/parsed-file123_prop1.als","train","BOTH","prop1",55,23,25,88,24,28,0.625000,0.958333,0.892857,0.833333,0.166667,10,
"train/BOTH/parsed-file127_prop3.als","train","BOTH","prop3",25,13,15,87,24,27,0.287356,0.541667,0.555556,0.833333,0.166667,10,
"train/BOTH/parsed-file136_prop4.als","train","BOTH","prop4",55,25,25,121,31,40,0.454545,0.806452,0.625000,0.000000,1.000000,10,
"train/BOTH/parsed-file137_prop1.als","train","BOTH","prop1",13,6,7,26,9,9,0.500000,0.666667,0.777778,0.000000,1.000000,10,
"train/BOTH/parsed-file138_prop5.als","train","BOTH","prop5",116,87,83,209,56,51,0.555024,1.553571,1.627451,0.833333,0.166667,10,
"train/BOTH/parsed-file145_prop9.als","train","BOTH","prop9",18,23,27,73,21,25,0.246575,1.095238,1.080000,0.000000,1.000000,10,
"train/BOTH/parsed-file146_prop7.als","train","BOTH","prop7",42,24,24,99,29,29,0.424242,0.827586,0.827586,0.980392,0.019608,10,
"train/BOTH/parsed-file148_prop1.als","train","BOTH","prop1",59,23,25,90,24,28,0.655556,0.958333,0.892857,0.833333,0.166667,10,
"train/BOTH/parsed-file151_prop5.als","train","BOTH","prop5",100,66,55,103,36,30,0.970874,1.833333,1.833333,0.100000,0.900000,10,
"train/BOTH/parsed-file154_prop4.als","train","BOTH","prop4",25,14,24,57,16,22,0.438596,0.875000,1.090909,0.833333,0.166667,10,
"train/BOTH/parsed-file162_prop6.als","train","BOTH","prop6",39,15,28,118,32,32,0.330508,0.468750,0.875000,0.400000,0.600000,10,
"train/BOTH/parsed-file165_prop2.als","train","BOTH","prop2",21,6,7,72,16,19,0.291667,0.375000,0.368421,0.000000,1.000000,10,
"train/BOTH/parsed-file175_prop17.als","train","BOTH","prop17",103,44,38,63,18,18,1.634921,2.444444,2.111111,0.000000,1.000000,10,
"train/BOTH/parsed-file180_prop6.als","train","BOTH","prop6",68,34,34,101,31,25,0.673267,1.096774,1.360000,0.300000,0.700000,10,
"train/BOTH/parsed-file186_prop4.als","train","BOTH","prop4",34,17,24,85,23,33,0.400000,0.739130,0.727273,0.833333,0.166667,10,
"train/BOTH/parsed-file187_prop1.als","train","BOTH","prop1",35,15,18,63,16,21,0.555556,0.937500,0.857143,0.833333,0.166667,10,
"train/BOTH/parsed-file189_prop9.als","train","BOTH","prop9",44,22,20,44,11,13,1.000000,2.000000,1.538462,0.000000,1.000000,10,
"train/BOTH/parsed-file190_prop1.als","train","BOTH","prop1",44,18,20,73,19,23,0.602740,0.947368,0.869565,0.833333,0.166667,10,
"train/BOTH/parsed-file19_prop8.als","train","BOTH","prop8",71,33,25,181,57,50,0.392265,0.578947,0.500000,0.833333,0.166667,10,
"train/BOTH/parsed-file210_prop5.als","train","BOTH","prop5",101,66,63,82,30,23,1.231707,2.200000,2.739130,0.100000,0.900000,10,
"train/BOTH/parsed-file212_prop3.als","train","BOTH","prop3",11,7,10,47,13,15,0.234043,0.538462,0.666667,0.000000,1.000000,10,
"train/BOTH/parsed-file21_prop9.als","train","BOTH","prop9",21,30,31,79,24,22,0.265823,1.250000,1.409091,0.833333,0.166667,10,
"train/BOTH/parsed-file223_prop1.als","train","BOTH","prop1",34,17,17,64,18,20,0.531250,0.944444,0.850000,0.833333,0.166667,10,
"train/BOTH/parsed-file228_prop5.als","train","BOTH","prop5",114,73,51,90,32,26,1.266667,2.281250,1.961538,0.833333,0.166667,10,
"train/BOTH/parsed-file238_prop3.als","train","BOTH","prop3",16,8,8,8,4,4,2.000000,2.000000,2.000000,0.900000,0.100000,10,
"train/BOTH/parsed-file240_prop1.als","train","BOTH","prop1",29,14,15,56,15,18,0.517857,0.933333,0.833333,0.833333,0.166667,10,
"train/BOTH/parsed-file241_prop4.als","train","BOTH","prop4",17,12,5,27,8,9,0.629630,1.500000,0.555556,0.000000,1.000000,10,
"train/BOTH/parsed-file242_prop5.als","train","BOTH","prop5",125,65,60,63,20,17,1.984127,3.250000,3.529412,0.833333,0.166667,10,
"train/BOTH/parsed-file246_prop5.als","train","BOTH","prop5",79,69,73,111,42,33,0.711712,1.642857,2.212121,0.000000,1.000000,10,
"train/BOTH/parsed-file248_prop1.als","train","BOTH","prop1",26,19,22,87,22,26,0.298851,0.863636,0.846154,0.000000,1.000000,10,
"train/BOTH/parsed-file24_prop5.als","train","BOTH","prop5",99,78,60,131,46,39,0.755725,1.695652,1.538462,0.100000,0.900000,10,
"train/BOTH/parsed-file252_prop1.als","train","BOTH","prop1",29,14,15,56,15,18,0.517857,0.933333,0.833333,0.600000,0.400000,10,
"train/BOTH/parsed-file255_prop13.als","train","BOTH","prop13",22,8,12,95,22,28,0.231579,0.363636,0.428571,0.000000,1.000000,10,
"train/BOTH/parsed-file260_prop4.als","train","BOTH","prop4",19,12,7,58,18,17,0.327586,0.666667,0.411765,0.833333,0.166667,10,
"train/BOTH/parsed-file264_prop4.als","train","BOTH","prop4",46,19,29,110,26,36,0.418182,0.730769,0.805556,0.000000,1.000000,10,
"train/BOTH/parsed-file265_prop3.als","train","BOTH","prop3",45,22,19,60,20,15,0.750000,1.100000,1.266667,0.833333,0.166667,10,
"train/BOTH/parsed-file266_prop5.als","train","BOTH","prop5",116,73,52,89,32,26,1.303371,2.281250,2.000000,0.833333,0.166667,10,
"train/BOTH/parsed-file268_prop3.als","train","BOTH","prop3",22,12,6,40,13,12,0.550000,0.923077,0.500000,0.000000,1.000000,10,
"train/BOTH/parsed-file270_prop6.als","train","BOTH","prop6",62,19,22,42,10,14,1.476190,1.900000,1.571429,0.000000,1.000000,10,
"train/BOTH/parsed-file273_prop4.als","train","BOTH","prop4",17,12,5,26,8,9,0.653846,1.500000,0.555556,0.000000,1.000000,10,
"train/BOTH/parsed-file274_prop5.als","train","BOTH","prop5",97,69,65,84,33,25,1.154762,2.090909,2.600000,0.900000,0.100000,10,
"train/BOTH/parsed-file279_prop15.als","train","BOTH","prop15",34,14,27,71,20,24,0.478873,0.700000,1.125000,0.000000,1.000000,10,
"train/BOTH/parsed-file282_prop7.als","train","BOTH","prop7",25,13,19,109,27,29,0.229358,0.481481,0.655172,0.000000,1.000000,10,
"train/BOTH/parsed-file286_prop15.als","train","BOTH","prop15",42,25,27,71,20,24,0.591549,1.250000,1.125000,0.000000,1.000000,10,
"train/BOTH/parsed-file287_prop9.als","train","BOTH","prop9",29,26,19,71,17,20,0.408451,1.529412,0.950000,0.833333,0.166667,10,
"train/BOTH/parsed-file295_prop15.als","train","BOTH","prop15",27,17,27,77,23,26,0.350649,0.739130,1.038462,0.000000,1.000000,10,
"train/BOTH/parsed-file298_prop6.als","train","BOTH","prop6",48,25,37,140,36,35,0.342857,0.694444,1.057143,0.000000,1.000000,10,
"train/BOTH/parsed-file30_prop5.als","train","BOTH","prop5",102,78,60,135,48,40,0.755556,1.625000,1.500000,0.100000,0.900000,10,
"train/BOTH/parsed-file310_prop15.als","train","BOTH","prop15",44,24,20,53,14,17,0.830189,1.714286,1.176471,0.000000,1.000000,10,
"train/BOTH/parsed-file311_prop5.als","train","BOTH","prop5",119,67,53,76,27,24,1.565789,2.481481,2.208333,0.833333,0.166667,10,
"train/BOTH/parsed-file336_prop1.als","train","BOTH","prop1",32,15,19,87,22,26,0.367816,0.681818,0.730769,0.000000,1.000000,10,
"train/BOTH/parsed-file33_prop14.als","train","BOTH","prop14",76,54,45,114,35,28,0.666667,1.542857,1.607143,0.500000,0.500000,10,
"train/BOTH/parsed-file34_prop9.als","train","BOTH","prop9",28,28,27,85,22,24,0.329412,1.272727,1.125000,0.833333,0.166667,10,
"train/BOTH/parsed-file356_prop5.als","train","BOTH","prop5",120,74,55,75,25,26,1.600000,2.960000,2.115385,0.833333,0.166667,10,
"train/BOTH/parsed-file359_prop9.als","train","BOTH","prop9",31,22,19,89,23,25,0.348315,0.956522,0.760000,0.000000,1.000000,10,
"train/BOTH/parsed-file361_prop5.als","train","BOTH","prop5",124,62,57,55,21,17,2.254545,2.952381,3.352941,0.833333,0.166667,10,
"train/BOTH/parsed-file364_prop15.als","train","BOTH","prop15",40,21,15,37,10,14,1.081081,2.100000,1.071429,0.000000,1.000000,10,
"train/BOTH/parsed-file365_prop17.als","train","BOTH","prop17",116,43,45,42,14,12,2.761905,3.071429,3.750000,0.500000,0.500000,10,
"train/BOTH/parsed-file367_prop5.als","train","BOTH","prop5",104,81,59,142,51,41,0.732394,1.588235,1.439024,0.833333,0.166667,10,
"train/BOTH/parsed-file36_prop7.als","train","BOTH","prop7",26,19,18,91,25,23,0.285714,0.760000,0.782609,0.000000,1.000000,10,
"train/BOTH/parsed-file375_prop3.als","train","BOTH","prop3",15,10,10,48,13,15,0.312500,0.769231,0.666667,0.800000,0.200000,10,
"train/BOTH/parsed-file381_prop6.als","train","BOTH","prop6",71,19,26,32,10,10,2.218750,1.900000,2.600000,0.500000,0.500000,10,
"train/BOTH/parsed-file382_prop5.als","train","BOTH","prop5",101,78,60,132,46,39,0.765152,1.695652,1.538462,0.100000,0.900000,10,
"train/BOTH/parsed-file383_prop5.als","train","BOTH","prop5",123,72,52,75,25,26,1.640000,2.880000,2.000000,0.833333,0.166667,10,
"train/BOTH/parsed-file387_prop6.als","train","BOTH","prop6",38,20,31,109,31,28,0.348624,0.645161,1.107143,0.000000,1.000000,10,
"train/BOTH/parsed-file39_prop5.als","train","BOTH","prop5",117,72,52,87,30,25,1.344828,2.400000,2.080000,0.900000,0.100000,10,
"train/BOTH/parsed-file403_prop1.als","train","BOTH","prop1",55,17,23,86,23,28,0.639535,0.739130,0.821429,0.000000,1.000000,10,
"train/BOTH/parsed-file404_prop3.als","train","BOTH","prop3",13,8,4,30,10,10,0.433333,0.800000,0.400000,0.100000,0.900000,10,
"train/BOTH/parsed-file405_prop3.als","train","BOTH","prop3",54,20,22,107,28,33,0.504673,0.714286,0.666667,0.000000,1.000000,10,
"train/BOTH/parsed-file417_prop8.als","train","BOTH","prop8",1,1,3,118,39,34,0.008475,0.025641,0.088235,0.000000,1.000000,10,
"train/BOTH/parsed-file419_prop4.als","train","BOTH","prop4",13,8,6,23,9,9,0.565217,0.888889,0.666667,0.000000,1.000000,10,
"train/BOTH/parsed-file420_prop1.als","train","BOTH","prop1",8,3,5,18,6,7,0.444444,0.500000,0.714286,0.000000,1.000000,10,
"train/BOTH/parsed-file426_prop3.als","train","BOTH","prop3",14,8,4,31,10,10,0.451613,0.800000,0.400000,0.900000,0.100000,10,
"train/BOTH/parsed-file430_prop2.als","train","BOTH","prop2",18,6,8,51,12,14,0.352941,0.500000,0.571429,0.000000,1.000000,10,
"train/BOTH/parsed-file436_prop14.als","train","BOTH","prop14",80,55,47,124,34,30,0.645161,1.617647,1.566667,0.500000,0.500000,10,
"train/BOTH/parsed-file437_prop14.als","train","BOTH","prop14",105,75,64,192,58,49,0.546875,1.293103,1.306122,0.700000,0.300000,10,
"train/BOTH/parsed-file443_prop1.als","train","BOTH","prop1",58,18,23,88,21,26,0.659091,0.857143,0.884615,0.000000,1.000000,10,
"train/BOTH/parsed-file444_prop8.als","train","BOTH","prop8",73,51,51,195,56,51,0.374359,0.910714,1.000000,0.000000,1.000000,10,
"train/BOTH/parsed-file450_prop15.als","train","BOTH","prop15",50,22,18,37,10,14,1.351351,2.200000,1.285714,0.000000,1.000000,10,
"train/BOTH/parsed-file453_prop16.als","train","BOTH","prop16",25,25,26,105,30,35,0.238095,0.833333,0.742857,0.000000,1.000000,10,
"train/BOTH/parsed-file456_prop3.als","train","BOTH","prop3",14,8,5,31,10,10,0.451613,0.800000,0.500000,0.833333,0.166667,10,
"train/BOTH/parsed-file465_prop5.als","train","BOTH","prop5",115,76,55,98,33,31,1.173469,2.303030,1.774194,0.833333,0.166667,10,
"train/BOTH/parsed-file467_prop6.als","train","BOTH","prop6",66,31,28,95,26,23,0.694737,1.192308,1.217391,0.800000,0.200000,10,
"train/BOTH/parsed-file471_prop3.als","train","BOTH","prop3",12,7,3,30,10,10,0.400000,0.700000,0.300000,0.833333,0.166667,10,
"train/BOTH/parsed-file475_prop9.als","train","BOTH","prop9",60,22,22,108,27,30,0.555556,0.814815,0.733333,0.000000,1.000000,10,
"train/BOTH/parsed-file483_prop15.als","train","BOTH","prop15",44,22,21,55,14,17,0.800000,1.571429,1.235294,0.000000,1.000000,10,
"train/BOTH/parsed-file485_prop4.als","train","BOTH","prop4",17,12,5,27,8,9,0.629630,1.500000,0.555556,0.000000,1.000000,10,
"train/BOTH/parsed-file487_prop3.als","train","BOTH","prop3",12,7,5,52,15,16,0.230769,0.466667,0.312500,0.833333,0.166667,10,
"train/BOTH/parsed-file489_prop1.als","train","BOTH","prop1",43,15,18,73,20,23,0.589041,0.750000,0.782609,0.000000,1.000000,10,
"train/BOTH/parsed-file495_prop15.als","train","BOTH","prop15",53,27,16,53,16,18,1.000000,1.687500,0.888889,0.000000,1.000000,10,
"train/BOTH/parsed-file501_prop1.als","train","BOTH","prop1",56,22,24,86,23,28,0.651163,0.956522,0.857143,0.833333,0.166667,10,
"train/BOTH/parsed-file502_prop7.als","train","BOTH","prop7",26,19,18,91,25,23,0.285714,0.760000,0.782609,0.000000,1.000000,10,
"train/BOTH/parsed-file507_prop3.als","train","BOTH","prop3",18,9,11,24,10,7,0.750000,0.900000,1.571429,0.833333,0.166667,10,
"train/BOTH/parsed-file510_prop5.als","train","BOTH","prop5",114,73,51,90,32,26,1.266667,2.281250,1.961538,0.833333,0.166667,10,
"train/BOTH/parsed-file511_prop16.als","train","BOTH","prop16",42,25,28,89,25,30,0.471910,1.000000,0.933333,0.833333,0.166667,10,
"train/BOTH/parsed-file513_prop9.als","train","BOTH","prop9",34,34,25,92,25,26,0.369565,1.360000,0.961538,0.000000,1.000000,10,
"train/BOTH/parsed-file525_prop5.als","train","BOTH","prop5",124,71,52,70,25,22,1.771429,2.840000,2.363636,0.833333,0.166667,10,
"train/BOTH/parsed-file52_prop14.als","train","BOTH","prop14",90,61,44,132,35,29,0.681818,1.742857,1.517241,0.500000,0.500000,10,
"train/BOTH/parsed-file530_prop13.als","train","BOTH","prop13",31,20,14,86,21,25,0.360465,0.952381,0.560000,0.000000,1.000000,10,
"train/BOTH/parsed-file539_prop5.als","train","BOTH","prop5",128,68,52,64,22,20,2.000000,3.090909,2.600000,0.833333,0.166667,10,
"train/BOTH/parsed-file551_prop4.als","train","BOTH","prop4",16,8,13,61,15,18,0.262295,0.533333,0.722222,0.000000,1.000000,10,
"train/BOTH/parsed-file552_prop5.als","train","BOTH","prop5",132,59,58,48,18,18,2.750000,3.277778,3.222222,0.000000,1.000000,10,
"train/BOTH/parsed-file553_prop9.als","train","BOTH","prop9",47,33,35,101,24,30,0.465347,1.375000,1.166667,0.000000,1.000000,10,
"train/BOTH/parsed-file555_prop6.als","train","BOTH","prop6",33,16,41,109,31,29,0.302752,0.516129,1.413793,0.000000,1.000000,10,
"train/BOTH/parsed-file557_prop8.als","train","BOTH","prop8",58,36,31,134,42,38,0.432836,0.857143,0.815789,0.800000,0.200000,10,
"train/BOTH/parsed-file559_prop1.als","train","BOTH","prop1",47,16,20,77,22,25,0.610390,0.727273,0.800000,0.833333,0.166667,10,
"train/BOTH/parsed-file560_prop4.als","train","BOTH","prop4",4,2,2,33,12,11,0.121212,0.166667,0.181818,0.833333,0.166667,10,
"train/BOTH/parsed-file570_prop4.als","train","BOTH","prop4",10,11,19,62,17,21,0.161290,0.647059,0.904762,0.000000,1.000000,10,
"train/BOTH/parsed-file575_prop9.als","train","BOTH","prop9",32,28,21,74,19,21,0.432432,1.473684,1.000000,0.833333,0.166667,10,
"train/BOTH/parsed-file592_prop1.als","train","BOTH","prop1",56,22,24,86,23,28,0.651163,0.956522,0.857143,0.000000,1.000000,10,
"train/BOTH/parsed-file593_prop7.als","train","BOTH","prop7",17,5,7,100,26,26,0.170000,0.192308,0.269231,0.000000,1.000000,10,
"train/BOTH/parsed-file595_prop7.als","train","BOTH","prop7",28,12,18,75,23,23,0.373333,0.521739,0.782609,0.600000,0.400000,10,
"train/BOTH/parsed-file596_prop1.als","train","BOTH","prop1",9,2,7,27,7,10,0.333333,0.285714,0.700000,0.000000,1.000000,10,
"train/BOTH/parsed-file600_prop8.als","train","BOTH","prop8",78,33,26,206,64,54,0.378641,0.515625,0.481481,0.000000,1.000000,10,
"train/BOTH/parsed-file602_prop3.als","train","BOTH","prop3",9,6,4,18,5,7,0.500000,1.200000,0.571429,0.833333,0.166667,10,
"train/BOTH/parsed-file603_prop1.als","train","BOTH","prop1",26,9,15,54,15,18,0.481481,0.600000,0.833333,0.833333,0.166667,10,
"train/BOTH/parsed-file604_prop8.als","train","BOTH","prop8",29,37,34,138,45,37,0.210145,0.822222,0.918919,0.700000,0.300000,10,
"train/BOTH/parsed-file609_prop3.als","train","BOTH","prop3",15,5,10,17,7,6,0.882353,0.714286,1.666667,0.000000,1.000000,10,
"train/BOTH/parsed-file610_prop6.als","train","BOTH","prop6",40,20,32,109,31,29,0.366972,0.645161,1.103448,0.200000,0.800000,10,
"train/BOTH/parsed-file611_prop4.als","train","BOTH","prop4",10,5,3,33,12,11,0.303030,0.416667,0.272727,0.833333,0.166667,10,
"train/BOTH/parsed-file614_prop6.als","train","BOTH","prop6",34,16,41,110,31,29,0.309091,0.516129,1.413793,0.000000,1.000000,10,
"train/BOTH/parsed-file615_prop2.als","train","BOTH","prop2",40,12,12,17,7,6,2.352941,1.714286,2.000000,0.000000,1.000000,10,
"train/BOTH/parsed-file616_prop5.als","train","BOTH","prop5",128,68,52,76,21,21,1.684211,3.238095,2.476190,0.833333,0.166667,10,
"train/BOTH/parsed-file618_prop2.als","train","BOTH","prop2",23,10,11,34,6,10,0.676471,1.666667,1.100000,0.000000,1.000000,10,
"train/BOTH/parsed-file619_prop5.als","train","BOTH","prop5",115,63,60,78,25,20,1.474359,2.520000,3.000000,0.833333,0.166667,10,
"train/BOTH/parsed-file61_prop9.als","train","BOTH","prop9",35,33,27,97,24,28,0.360825,1.375000,0.964286,0.000000,1.000000,10,
"train/BOTH/parsed-file620_prop15.als","train","BOTH","prop15",46,28,24,71,20,21,0.647887,1.400000,1.142857,0.000000,1.000000,10,
"train/BOTH/parsed-file623_prop4.als","train","BOTH","prop4",25,14,20,76,20,29,0.328947,0.700000,0.689655,0.833333,0.166667,10,
"train/BOTH/parsed-file627_prop3.als","train","BOTH","prop3",11,7,5,56,14,18,0.196429,0.500000,0.277778,0.000000,1.000000,10,
"train/BOTH/parsed-file635_prop8.als","train","BOTH","prop8",78,42,31,161,51,44,0.484472,0.823529,0.704545,0.000000,1.000000,10,
"train/BOTH/parsed-file640_prop8.als","train","BOTH","prop8",60,44,53,119,39,29,0.504202,1.128205,1.827586,0.700000,0.300000,10,
"train/BOTH/parsed-file642_prop9.als","train","BOTH","prop9",61,27,30,129,38,32,0.472868,0.710526,0.937500,0.833333,0.166667,10,
"train/BOTH/parsed-file647_prop14.als","train","BOTH","prop14",96,58,49,161,49,39,0.596273,1.183673,1.256410,0.500000,0.500000,10,
"train/BOTH/parsed-file650_prop3.als","train","BOTH","prop3",22,11,14,84,22,26,0.261905,0.500000,0.538462,0.833333,0.166667,10,
"train/BOTH/parsed-file659_prop9.als","train","BOTH","prop9",19,4,17,76,21,21,0.250000,0.190476,0.809524,0.833333,0.166667,10,
"train/BOTH/parsed-file661_prop6.als","train","BOTH","prop6",69,36,35,104,33,26,0.663462,1.090909,1.346154,0.300000,0.700000,10,
"train/BOTH/parsed-file665_prop14.als","train","BOTH","prop14",79,51,45,135,41,33,0.585185,1.243902,1.363636,0.500000,0.500000,10,
"train/BOTH/parsed-file66_prop9.als","train","BOTH","prop9",29,33,27,91,24,28,0.318681,1.375000,0.964286,0.833333,0.166667,10,
"train/BOTH/parsed-file672_prop3.als","train","BOTH","prop3",16,9,5,32,11,10,0.500000,0.818182,0.500000,0.900000,0.100000,10,
"train/BOTH/parsed-file673_prop7.als","train","BOTH","prop7",30,13,9,50,13,15,0.600000,1.000000,0.600000,0.600000,0.400000,10,
"train/BOTH/parsed-file679_prop5.als","train","BOTH","prop5",107,55,67,118,33,36,0.906780,1.666667,1.861111,0.000000,1.000000,10,
"train/BOTH/parsed-file67_prop3.als","train","BOTH","prop3",22,12,6,40,13,12,0.550000,0.923077,0.500000,0.900000,0.100000,10,
"train/BOTH/parsed-file68_prop2.als","train","BOTH","prop2",9,2,2,64,13,17,0.140625,0.153846,0.117647,0.000000,1.000000,10,
"train/BOTH/parsed-file691_prop3.als","train","BOTH","prop3",48,23,21,108,30,32,0.444444,0.766667,0.656250,0.000000,1.000000,10,
"train/BOTH/parsed-file700_prop15.als","train","BOTH","prop15",42,30,39,122,33,36,0.344262,0.909091,1.083333,0.000000,1.000000,10,
"train/BOTH/parsed-file703_prop15.als","train","BOTH","prop15",23,19,23,61,19,21,0.377049,1.000000,1.095238,0.000000,1.000000,10,
"train/BOTH/parsed-file71_prop14.als","train","BOTH","prop14",87,49,50,130,39,33,0.669231,1.256410,1.515152,0.200000,0.800000,10,
"train/BOTH/parsed-file726_prop6.als","train","BOTH","prop6",55,21,26,69,19,21,0.797101,1.105263,1.238095,0.700000,0.300000,10,
"train/BOTH/parsed-file729_prop7.als","train","BOTH","prop7",27,6,10,90,24,28,0.300000,0.250000,0.357143,0.980392,0.019608,10,
"train/BOTH/parsed-file731_prop15.als","train","BOTH","prop15",42,28,24,71,20,21,0.591549,1.400000,1.142857,0.000000,1.000000,10,
"train/BOTH/parsed-file73_prop14.als","train","BOTH","prop14",92,68,41,153,43,35,0.601307,1.581395,1.171429,0.200000,0.800000,10,
"train/BOTH/parsed-file741_prop7.als","train","BOTH","prop7",21,16,16,81,22,24,0.259259,0.727273,0.666667,0.600000,0.400000,10,
"train/BOTH/parsed-file742_prop2.als","train","BOTH","prop2",29,11,9,25,5,7,1.160000,2.200000,1.285714,0.000000,1.000000,10,
"train/BOTH/parsed-file743_prop3.als","train","BOTH","prop3",43,22,18,100,29,30,0.430000,0.758621,0.600000,0.000000,1.000000,10,
"train/BOTH/parsed-file749_prop14.als","train","BOTH","prop14",80,54,45,119,34,30,0.672269,1.588235,1.500000,0.500000,0.500000,10,
"train/BOTH/parsed-file750_prop17.als","train","BOTH","prop17",116,45,38,45,14,15,2.577778,3.214286,2.533333,0.000000,1.000000,10,
"train/BOTH/parsed-file755_prop1.als","train","BOTH","prop1",56,22,24,86,23,28,0.651163,0.956522,0.857143,0.000000,1.000000,10,
"train/BOTH/parsed-file758_prop13.als","train","BOTH","prop13",34,26,26,64,19,19,0.531250,1.368421,1.368421,0.500000,0.500000,10,
"train/BOTH/parsed-file762_prop3.als","train","BOTH","prop3",15,5,10,16,7,6,0.937500,0.714286,1.666667,0.900000,0.100000,10,
"train/BOTH/parsed-file767_prop15.als","train","BOTH","prop15",45,22,21,53,14,17,0.849057,1.571429,1.235294,0.000000,1.000000,10,
"train/BOTH/parsed-file772_prop14.als","train","BOTH","prop14",85,51,52,150,46,38,0.566667,1.108696,1.368421,0.300000,0.700000,10,
"train/BOTH/parsed-file773_prop17.als","train","BOTH","prop17",94,49,34,72,19,21,1.305556,2.578947,1.619048,0.000000,1.000000,10,
"train/BOTH/parsed-file776_prop1.als","train","BOTH","prop1",62,24,27,102,28,31,0.607843,0.857143,0.870968,0.000000,1.000000,10,
"train/BOTH/parsed-file791_prop5.als","train","BOTH","prop5",101,90,55,195,70,3,0.517949,1.285714,18.333333,0.833333,0.166667,10,
"train/BOTH/parsed-file796_prop4.als","train","BOTH","prop4",14,11,20,55,17,21,0.254545,0.647059,0.952381,0.833333,0.166667,10,
"train/BOTH/parsed-file79_prop5.als","train","BOTH","prop5",126,71,52,82,24,23,1.536585,2.958333,2.260870,0.833333,0.166667,10,
"train/BOTH/parsed-file802_prop9.als","train","BOTH","prop9",32,32,20,90,21,22,0.355556,1.523810,0.909091,0.000000,1.000000,10,
"train/BOTH/parsed-file803_prop2.als","train","BOTH","prop2",26,7,13,59,15,16,0.440678,0.466667,0.812500,0.000000,1.000000,10,
"train/BOTH/parsed-file804_prop8.als","train","BOTH","prop8",62,53,51,177,55,50,0.350282,0.963636,1.020000,0.000000,1.000000,10,
"train/BOTH/parsed-file806_prop9.als","train","BOTH","prop9",47,36,35,104,26,30,0.451923,1.384615,1.166667,0.000000,1.000000,10,
"train/BOTH/parsed-file814_prop9.als","train","BOTH","prop9",34,29,24,83,20,21,0.409639,1.450000,1.142857,0.000000,1.000000,10,
"train/BOTH/parsed-file823_prop6.als","train","BOTH","prop6",46,18,29,78,20,25,0.589744,0.900000,1.160000,0.700000,0.300000,10,
"train/BOTH/parsed-file828_prop6.als","train","BOTH","prop6",44,27,33,127,33,35,0.346457,0.818182,0.942857,0.400000,0.600000,10,
"train/BOTH/parsed-file82_prop3.als","train","BOTH","prop3",55,25,24,117,31,36,0.470085,0.806452,0.666667,0.000000,1.000000,10,
"train/BOTH/parsed-file833_prop9.als","train","BOTH","prop9",26,19,15,88,23,25,0.295455,0.826087,0.600000,0.000000,1.000000,10,
"train/BOTH/parsed-file835_prop3.als","train","BOTH","prop3",32,22,12,84,24,23,0.380952,0.916667,0.521739,0.900000,0.100000,10,
"train/BOTH/parsed-file838_prop9.als","train","BOTH","prop9",31,31,27,84,22,24,0.369048,1.409091,1.125000,0.000000,1.000000,10,
"train/BOTH/parsed-file846_prop1.als","train","BOTH","prop1",6,3,2,16,6,5,0.375000,0.500000,0.400000,0.000000,1.000000,10,
"train/BOTH/parsed-file84_prop3.als","train","BOTH","prop3",12,9,5,26,8,9,0.461538,1.125000,0.555556,0.833333,0.166667,10,
"train/BOTH/parsed-file858_prop5.als","train","BOTH","prop5",102,78,60,135,48,40,0.755556,1.625000,1.500000,0.100000,0.900000,10,
"train/BOTH/parsed-file85_prop4.als","train","BOTH","prop4",17,10,16,66,17,25,0.257576,0.588235,0.640000,0.833333,0.166667,10,
"train/BOTH/parsed-file865_prop3.als","train","BOTH","prop3",17,9,11,23,10,7,0.739130,0.900000,1.571429,0.200000,0.800000,10,
"train/BOTH/parsed-file868_prop1.als","train","BOTH","prop1",59,24,28,93,25,32,0.634409,0.960000,0.875000,0.000000,1.000000,10,
"train/BOTH/parsed-file871_prop9.als","train","BOTH","prop9",35,33,27,97,24,28,0.360825,1.375000,0.964286,0.833333,0.166667,10,
"train/BOTH/parsed-file876_prop3.als","train","BOTH","prop3",10,6,4,19,5,7,0.526316,1.200000,0.571429,0.800000,0.200000,10,
"train/BOTH/parsed-file880_prop9.als","train","BOTH","prop9",23,12,12,55,15,16,0.418182,0.800000,0.750000,0.000000,1.000000,10,
"train/BOTH/parsed-file887_prop15.als","train","BOTH","prop15",24,28,36,96,31,30,0.250000,0.903226,1.200000,0.000000,1.000000,10,
"train/BOTH/parsed-file888_prop3.als","train","BOTH","prop3",40,16,13,88,23,25,0.454545,0.695652,0.520000,0.000000,1.000000,10,
"train/BOTH/parsed-file890_prop3.als","train","BOTH","prop3",9,6,4,18,5,7,0.500000,1.200000,0.571429,0.833333,0.166667,10,
"train/BOTH/parsed-file892_prop9.als","train","BOTH","prop9",28,28,27,85,22,24,0.329412,1.272727,1.125000,0.833333,0.166667,10,
"train/BOTH/parsed-file895_prop3.als","train","BOTH","prop3",20,13,9,65,19,18,0.307692,0.684211,0.500000,0.600000,0.400000,10,
"train/BOTH/parsed-file901_prop5.als","train","BOTH","prop5",128,68,52,64,22,20,2.000000,3.090909,2.600000,0.833333,0.166667,10,
"train/BOTH/parsed-file90_prop14.als","train","BOTH","prop14",105,75,64,192,58,49,0.546875,1.293103,1.306122,0.700000,0.300000,10,
"train/BOTH/parsed-file921_prop5.als","train","BOTH","prop5",96,70,56,113,40,33,0.849558,1.750000,1.696970,0.833333,0.166667,10,
"train/BOTH/parsed-file926_prop6.als","train","BOTH","prop6",71,19,26,32,10,10,2.218750,1.900000,2.600000,0.500000,0.500000,10,
"train/BOTH/parsed-file92_prop9.als","train","BOTH","prop9",33,18,22,65,16,19,0.507692,1.125000,1.157895,0.000000,1.000000,10,
"train/BOTH/parsed-file930_prop6.als","train","BOTH","prop6",80,21,24,23,9,7,3.478261,2.333333,3.428571,0.300000,0.700000,10,
"train/BOTH/parsed-file931_prop3.als","train","BOTH","prop3",46,24,19,108,30,33,0.425926,0.800000,0.575758,0.000000,1.000000,10,
"train/BOTH/parsed-file935_prop3.als","train","BOTH","prop3",13,8,6,31,12,11,0.419355,0.666667,0.545455,0.800000,0.200000,10,
"train/BOTH/parsed-file93_prop17.als","train","BOTH","prop17",104,44,38,61,18,18,1.704918,2.444444,2.111111,0.000000,1.000000,10,
"train/BOTH/parsed-file941_prop3.als","train","BOTH","prop3",48,22,20,104,28,32,0.461538,0.785714,0.625000,0.000000,1.000000,10,
"train/BOTH/parsed-file942_prop14.als","train","BOTH","prop14",86,51,41,139,40,36,0.618705,1.275000,1.138889,0.500000,0.500000,10,
"train/BOTH/parsed-file945_prop15.als","train","BOTH","prop15",37,15,34,122,33,35,0.303279,0.454545,0.971429,0.000000,1.000000,10,
"train/BOTH/parsed-file949_prop3.als","train","BOTH","prop3",13,10,6,29,10,10,0.448276,1.000000,0.600000,0.833333,0.166667,10,
"train/BOTH/parsed-file958_prop17.als","train","BOTH","prop17",131,41,40,23,8,8,5.695652,5.125000,5.000000,0.800000,0.200000,10,
"train/BOTH/parsed-file960_prop14.als","train","BOTH","prop14",78,51,47,134,41,34,0.582090,1.243902,1.382353,0.500000,0.500000,10,
"train/BOTH/parsed-file961_prop4.als","train","BOTH","prop4",63,26,32,130,32,43,0.484615,0.812500,0.744186,0.000000,1.000000,10,
"train/BOTH/parsed-file965_prop9.als","train","BOTH","prop9",34,34,25,92,25,26,0.369565,1.360000,0.961538,0.833333,0.166667,10,
"train/BOTH/parsed-file966_prop17.als","train","BOTH","prop17",108,44,36,54,15,18,2.000000,2.933333,2.000000,0.000000,1.000000,10,
"train/BOTH/parsed-file967_prop9.als","train","BOTH","prop9",44,34,36,106,25,31,0.415094,1.360000,1.161290,0.000000,1.000000,10,
"train/BOTH/parsed-file969_prop8.als","train","BOTH","prop8",80,33,28,208,65,55,0.384615,0.507692,0.509091,0.833333,0.166667,10,
"train/BOTH/parsed-file970_prop5.als","train","BOTH","prop5",105,65,54,94,32,27,1.117021,2.031250,2.000000,0.833333,0.166667,10,
"train/BOTH/parsed-file974_prop15.als","train","BOTH","prop15",29,29,32,109,32,33,0.266055,0.906250,0.969697,0.000000,1.000000,10,
"train/BOTH/parsed-file975_prop1.als","train","BOTH","prop1",37,17,17,66,18,20,0.560606,0.944444,0.850000,0.833333,0.166667,10,
"train/BOTH/parsed-file985_prop4.als","train","BOTH","prop4",15,8,12,63,19,26,0.238095,0.421053,0.461538,0.000000,1.000000,10,
"train/BOTH/parsed-file986_prop9.als","train","BOTH","prop9",33,18,22,65,16,19,0.507692,1.125000,1.157895,0.000000,1.000000,10,
"train/BOTH/parsed-file988_prop9.als","train","BOTH","prop9",26,19,15,88,23,25,0.295455,0.826087,0.600000,0.000000,1.000000,10,
"train/BOTH/parsed-file994_prop9.als","train","BOTH","prop9",36,34,27,103,28,28,0.349515,1.214286,0.964286,0.833333,0.166667,10,
"train/BOTH/parsed-file9_prop5.als","train","BOTH","prop5",85,75,77,114,39,37,0.745614,1.923077,2.081081,0.833333,0.166667,10,
"train/OVERCONSTRAINED/parsed-file0_prop6.als","train","OVERCONSTRAINED","prop6",58,13,19,46,13,16,1.260870,1.000000,1.187500,0.909091,0.090909,10,
"train/OVERCONSTRAINED/parsed-file1001_prop2.als","train","OVERCONSTRAINED","prop2",85,32,21,146,32,35,0.582192,1.000000,0.600000,0.909091,0.090909,10,
"train/OVERCONSTRAINED/parsed-file1003_prop2.als","train","OVERCONSTRAINED","prop2",9,1,2,60,13,17,0.150000,0.076923,0.117647,0.909091,0.090909,10,
"train/OVERCONSTRAINED/parsed-file1004_prop4.als","train","OVERCONSTRAINED","prop4",12,10,11,60,17,25,0.200000,0.588235,0.440000,0.000000,1.000000,10,
"train/OVERCONSTRAINED/parsed-file1008_prop2.als","train","OVERCONSTRAINED","prop2",13,6,8,51,12,14,0.254902,0.500000,0.571429,0.909091,0.090909,10,
"train/OVERCONSTRAINED/parsed-file1011_prop4.als","train","OVERCONSTRAINED","prop4",5,0,2,64,18,24,0.078125,0.000000,0.083333,0.909091,0.090909,10,
"train/OVERCONSTRAINED/parsed-file1014_prop13.als","train","OVERCONSTRAINED","prop13",22,14,9,76,22,23,0.289474,0.636364,0.391304,0.909091,0.090909,10,
"train/OVERCONSTRAINED/parsed-file1024_prop6.als","train","OVERCONSTRAINED","prop6",64,21,22,59,14,19,1.084746,1.500000,1.157895,0.909091,0.090909,10,
"train/OVERCONSTRAINED/parsed-file1030_prop4.als","train","OVERCONSTRAINED","prop4",7,10,9,65,17,25,0.107692,0.588235,0.360000,0.909091,0.090909,10,
"train/OVERCONSTRAINED/parsed-file1034_prop9.als","train","OVERCONSTRAINED","prop9",22,29,24,84,23,25,0.261905,1.260870,0.960000,0.000000,1.000000,10,
"train/OVERCONSTRAINED/parsed-file1035_prop3.als","train","OVERCONSTRAINED","prop3",7,5,3,17,5,7,0.411765,1.000000,0.428571,0.909091,0.090909,10,
"train/OVERCONSTRAINED/parsed-file1046_prop11.als","train","OVERCONSTRAINED","prop11",17,11,16,87,22,24,0.195402,0.500000,0.666667,0.990099,0.009901,10,
"train/OVERCONSTRAINED/parsed-file1050_prop3.als","train","OVERCONSTRAINED","prop3",7,5,3,17,5,7,0.411765,1.000000,0.428571,0.909091,0.090909,10,
"train/OVERCONSTRAINED/parsed-file1061_prop2.als","train","OVERCONSTRAINED","prop2",24,11,10,45,8,11,0.533333,1.375000,0.909091,0.909091,0.090909,10,
"train/OVERCONSTRAINED/parsed-file1062_prop4.als","train","OVERCONSTRAINED","prop4",7,8,4,65,17,25,0.107692,0.470588,0.160000,0.909091,0.090909,10,
"train/OVERCONSTRAINED/parsed-file1070_prop6.als","train","OVERCONSTRAINED","prop6",57,20,27,63,19,21,0.904762,1.052632,1.285714,0.833333,0.166667,10,
"train/OVERCONSTRAINED/parsed-file1086_prop2.als","train","OVERCONSTRAINED","prop2",85,32,21,146,32,35,0.582192,1.000000,0.600000,0.909091,0.090909,10,
"train/OVERCONSTRAINED/parsed-file1088_prop2.als","train","OVERCONSTRAINED","prop2",15,6,8,71,16,19,0.211268,0.375000,0.421053,0.833333,0.166667,10,
"train/OVERCONSTRAINED/parsed-file1098_prop2.als","train","OVERCONSTRAINED","prop2",16,4,5,64,14,17,0.250000,0.285714,0.294118,0.909091,0.090909,10,
"train/OVERCONSTRAINED/parsed-file1103_prop4.als","train","OVERCONSTRAINED","prop4",9,11,20,73,19,27,0.123288,0.578947,0.740741,0.909091,0.090909,10,
"train/OVERCONSTRAINED/parsed-file1129_prop3.als","train","OVERCONSTRAINED","prop3",10,9,4,25,8,9,0.400000,1.125000,0.444444,0.909091,0.090909,10,
"train/OVERCONSTRAINED/parsed-file1133_prop14.als","train","OVERCONSTRAINED","prop14",81,49,47,131,39,33,0.618321,1.256410,1.424242,0.833333,0.166667,10,
"train/OVERCONSTRAINED/parsed-file1135_prop8.als","train","OVERCONSTRAINED","prop8",28,10,19,94,31,26,0.297872,0.322581,0.730769,0.909091,0.090909,10,
"train/OVERCONSTRAINED/parsed-file1148_prop11.als","train","OVERCONSTRAINED","prop11",17,11,16,87,22,24,0.195402,0.500000,0.666667,0.990099,0.009901,10,
"train/OVERCONSTRAINED/parsed-file1190_prop16.als","train","OVERCONSTRAINED","prop16",42,25,28,95,25,30,0.442105,1.000000,0.933333,0.909091,0.090909,10,
"train/OVERCONSTRAINED/parsed-file1196_prop9.als","train","OVERCONSTRAINED","prop9",28,18,10,90,23,25,0.311111,0.782609,0.400000,0.000000,1.000000,10,
"train/OVERCONSTRAINED/parsed-file11_prop6.als","train","OVERCONSTRAINED","prop6",66,22,25,60,14,19,1.100000,1.571429,1.315789,0.000000,1.000000,10,
"train/OVERCONSTRAINED/parsed-file1206_prop7.als","train","OVERCONSTRAINED","prop7",26,9,9,59,14,18,0.440678,0.642857,0.500000,0.990099,0.009901,10,
"train/OVERCONSTRAINED/parsed-file120_prop3.als","train","OVERCONSTRAINED","prop3",11,7,5,46,13,15,0.239130,0.538462,0.333333,0.909091,0.090909,10,
"train/OVERCONSTRAINED/parsed-file1215_prop2.als","train","OVERCONSTRAINED","prop2",11,7,10,67,16,19,0.164179,0.437500,0.526316,0.833333,0.166667,10,
"train/OVERCONSTRAINED/parsed-file1224_prop11.als","train","OVERCONSTRAINED","prop11",11,10,15,79,22,24,0.139241,0.454545,0.625000,0.990099,0.009901,10,
"train/OVERCONSTRAINED/parsed-file1234_prop3.als","train","OVERCONSTRAINED","prop3",10,9,4,25,8,9,0.400000,1.125000,0.444444,0.909091,0.090909,10,
"train/OVERCONSTRAINED/parsed-file1235_prop4.als","train","OVERCONSTRAINED","prop4",7,8,4,65,17,25,0.107692,0.470588,0.160000,0.909091,0.090909,10,
"train/OVERCONSTRAINED/parsed-file130_prop14.als","train","OVERCONSTRAINED","prop14",89,68,59,171,51,44,0.520468,1.333333,1.340909,0.833333,0.166667,10,
"train/OVERCONSTRAINED/parsed-file135_prop3.als","train","OVERCONSTRAINED","prop3",18,10,9,16,6,5,1.125000,1.666667,1.800000,0.000000,1.000000,10,
"train/OVERCONSTRAINED/parsed-file140_prop7.als","train","OVERCONSTRAINED","prop7",29,12,11,62,16,19,0.467742,0.750000,0.578947,0.990099,0.009901,10,
"train/OVERCONSTRAINED/parsed-file150_prop4.als","train","OVERCONSTRAINED","prop4",16,12,4,27,8,9,0.592593,1.500000,0.444444,0.909091,0.090909,10,
"train/OVERCONSTRAINED/parsed-file153_prop2.als","train","OVERCONSTRAINED","prop2",30,13,11,41,10,10,0.731707,1.300000,1.100000,0.909091,0.090909,10,
"train/OVERCONSTRAINED/parsed-file160_prop9.als","train","OVERCONSTRAINED","prop9",29,33,27,91,24,28,0.318681,1.375000,0.964286,0.000000,1.000000,10,
"train/OVERCONSTRAINED/parsed-file163_prop2.als","train","OVERCONSTRAINED","prop2",32,11,10,29,7,8,1.103448,1.571429,1.250000,0.909091,0.090909,10,
"train/OVERCONSTRAINED/parsed-file164_prop4.als","train","OVERCONSTRAINED","prop4",7,10,9,65,17,25,0.107692,0.588235,0.360000,0.909091,0.090909,10,
"train/OVERCONSTRAINED/parsed-file168_prop2.als","train","OVERCONSTRAINED","prop2",30,13,11,41,10,10,0.731707,1.300000,1.100000,0.909091,0.090909,10,
"train/OVERCONSTRAINED/parsed-file172_prop9.als","train","OVERCONSTRAINED","prop9",39,32,30,93,23,27,0.419355,1.391304,1.111111,0.000000,1.000000,10,
"train/OVERCONSTRAINED/parsed-file178_prop2.als","train","OVERCONSTRAINED","prop2",13,6,8,51,12,14,0.254902,0.500000,0.571429,0.909091,0.090909,10,
"train/OVERCONSTRAINED/parsed-file18_prop1.als","train","OVERCONSTRAINED","prop1",9,1,2,19,5,7,0.473684,0.200000,0.285714,0.000000,1.000000,10,
"train/OVERCONSTRAINED/parsed-file194_prop4.als","train","OVERCONSTRAINED","prop4",12,10,11,60,17,25,0.200000,0.588235,0.440000,0.000000,1.000000,10,
"train/OVERCONSTRAINED/parsed-file198_prop11.als","train","OVERCONSTRAINED","prop11",32,20,17,108,28,27,0.296296,0.714286,0.629630,0.990099,0.009901,10,
"train/OVERCONSTRAINED/parsed-file216_prop2.als","train","OVERCONSTRAINED","prop2",38,11,11,44,8,11,0.863636,1.375000,1.000000,0.909091,0.090909,10,
"train/OVERCONSTRAINED/parsed-file222_prop2.als","train","OVERCONSTRAINED","prop2",18,7,10,69,14,20,0.260870,0.500000,0.500000,0.909091,0.090909,10,
"train/OVERCONSTRAINED/parsed-file229_prop7.als","train","OVERCONSTRAINED","prop7",26,9,9,59,14,18,0.440678,0.642857,0.500000,0.990099,0.009901,10,
"train/OVERCONSTRAINED/parsed-file232_prop2.als","train","OVERCONSTRAINED","prop2",13,6,8,51,12,14,0.254902,0.500000,0.571429,0.909091,0.090909,10,
"train/OVERCONSTRAINED/parsed-file233_prop1.als","train","OVERCONSTRAINED","prop1",9,6,5,30,8,9,0.300000,0.750000,0.555556,0.000000,1.000000,10,
"train/OVERCONSTRAINED/parsed-file244_prop2.als","train","OVERCONSTRAINED","prop2",30,11,8,30,7,8,1.000000,1.571429,1.000000,0.909091,0.090909,10,
"train/OVERCONSTRAINED/parsed-file247_prop4.als","train","OVERCONSTRAINED","prop4",5,0,2,64,18,24,0.078125,0.000000,0.083333,0.909091,0.090909,10,
"train/OVERCONSTRAINED/parsed-file256_prop4.als","train","OVERCONSTRAINED","prop4",5,0,2,64,18,24,0.078125,0.000000,0.083333,0.909091,0.090909,10,
"train/OVERCONSTRAINED/parsed-file267_prop2.als","train","OVERCONSTRAINED","prop2",13,6,8,51,12,14,0.254902,0.500000,0.571429,0.909091,0.090909,10,
"train/OVERCONSTRAINED/parsed-file271_prop9.als","train","OVERCONSTRAINED","prop9",44,17,13,112,30,32,0.392857,0.566667,0.406250,0.000000,1.000000,10,
"train/OVERCONSTRAINED/parsed-file284_prop2.als","train","OVERCONSTRAINED","prop2",4,2,3,50,12,14,0.080000,0.166667,0.214286,0.909091,0.090909,10,
"train/OVERCONSTRAINED/parsed-file28_prop2.als","train","OVERCONSTRAINED","prop2",20,7,8,67,16,19,0.298507,0.437500,0.421053,0.833333,0.166667,10,
"train/OVERCONSTRAINED/parsed-file297_prop8.als","train","OVERCONSTRAINED","prop8",53,44,48,168,54,47,0.315476,0.814815,1.021277,0.000000,1.000000,10,
"train/OVERCONSTRAINED/parsed-file305_prop9.als","train","OVERCONSTRAINED","prop9",66,20,17,134,37,12,0.492537,0.540541,1.416667,0.909091,0.090909,10,
"train/OVERCONSTRAINED/parsed-file316_prop6.als","train","OVERCONSTRAINED","prop6",41,20,37,84,25,28,0.488095,0.800000,1.321429,0.909091,0.090909,10,
"train/OVERCONSTRAINED/parsed-file320_prop4.als","train","OVERCONSTRAINED","prop4",12,10,11,60,17,25,0.200000,0.588235,0.440000,0.000000,1.000000,10,
"train/OVERCONSTRAINED/parsed-file324_prop6.als","train","OVERCONSTRAINED","prop6",67,31,31,89,27,21,0.752809,1.148148,1.476190,0.909091,0.090909,10,
"train/OVERCONSTRAINED/parsed-file332_prop11.als","train","OVERCONSTRAINED","prop11",29,13,18,91,24,26,0.318681,0.541667,0.692308,0.990099,0.009901,10,
"train/OVERCONSTRAINED/parsed-file335_prop6.als","train","OVERCONSTRAINED","prop6",28,14,22,109,31,31,0.256881,0.451613,0.709677,0.909091,0.090909,10,
"train/OVERCONSTRAINED/parsed-file343_prop6.als","train","OVERCONSTRAINED","prop6",50,24,32,93,26,31,0.537634,0.923077,1.032258,0.909091,0.090909,10,
"train/OVERCONSTRAINED/parsed-file346_prop2.als","train","OVERCONSTRAINED","prop2",38,11,11,44,8,11,0.863636,1.375000,1.000000,0.909091,0.090909,10,
"train/OVERCONSTRAINED/parsed-file353_prop8.als","train","OVERCONSTRAINED","prop8",72,52,52,195,62,52,0.369231,0.838710,1.000000,0.000000,1.000000,10,
"train/OVERCONSTRAINED/parsed-file357_prop2.als","train","OVERCONSTRAINED","prop2",9,1,2,60,13,17,0.150000,0.076923,0.117647,0.909091,0.090909,10,
"train/OVERCONSTRAINED/parsed-file373_prop6.als","train","OVERCONSTRAINED","prop6",67,31,31,89,27,21,0.752809,1.148148,1.476190,0.909091,0.090909,10,
"train/OVERCONSTRAINED/parsed-file37_prop10.als","train","OVERCONSTRAINED","prop10",21,16,11,93,25,23,0.225806,0.640000,0.478261,0.909091,0.090909,10,
"train/OVERCONSTRAINED/parsed-file385_prop11.als","train","OVERCONSTRAINED","prop11",17,11,16,87,22,24,0.195402,0.500000,0.666667,0.990099,0.009901,10,
"train/OVERCONSTRAINED/parsed-file386_prop9.als","train","OVERCONSTRAINED","prop9",21,18,6,89,23,25,0.235955,0.782609,0.240000,0.000000,1.000000,10,
"train/OVERCONSTRAINED/parsed-file390_prop2.als","train","OVERCONSTRAINED","prop2",36,11,10,29,7,8,1.241379,1.571429,1.250000,0.909091,0.090909,10,
"train/OVERCONSTRAINED/parsed-file395_prop3.als","train","OVERCONSTRAINED","prop3",10,6,4,19,5,7,0.526316,1.200000,0.571429,0.909091,0.090909,10,
"train/OVERCONSTRAINED/parsed-file397_prop2.als","train","OVERCONSTRAINED","prop2",28,15,10,80,21,20,0.350000,0.714286,0.500000,0.833333,0.166667,10,
"train/OVERCONSTRAINED/parsed-file398_prop8.als","train","OVERCONSTRAINED","prop8",72,52,52,195,62,52,0.369231,0.838710,1.000000,0.000000,1.000000,10,
"train/OVERCONSTRAINED/parsed-file399_prop9.als","train","OVERCONSTRAINED","prop9",35,23,20,97,24,28,0.360825,0.958333,0.714286,0.000000,1.000000,10,
"train/OVERCONSTRAINED/parsed-file408_prop6.als","train","OVERCONSTRAINED","prop6",74,19,26,34,10,10,2.176471,1.900000,2.600000,0.833333,0.166667,10,
"train/OVERCONSTRAINED/parsed-file409_prop9.als","train","OVERCONSTRAINED","prop9",41,25,23,103,24,28,0.398058,1.041667,0.821429,0.000000,1.000000,10,
"train/OVERCONSTRAINED/parsed-file413_prop3.als","train","OVERCONSTRAINED","prop3",8,7,5,60,17,20,0.133333,0.411765,0.250000,0.000000,1.000000,10,
"train/OVERCONSTRAINED/parsed-file423_prop2.als","train","OVERCONSTRAINED","prop2",11,2,5,59,13,17,0.186441,0.153846,0.294118,0.909091,0.090909,10,
"train/OVERCONSTRAINED/parsed-file427_prop2.als","train","OVERCONSTRAINED","prop2",32,11,10,29,7,8,1.103448,1.571429,1.250000,0.909091,0.090909,10,
"train/OVERCONSTRAINED/parsed-file42_prop8.als","train","OVERCONSTRAINED","prop8",47,33,40,132,39,39,0.356061,0.846154,1.025641,0.909091,0.090909,10,
"train/OVERCONSTRAINED/parsed-file432_prop15.als","train","OVERCONSTRAINED","prop15",38,25,27,70,20,24,0.542857,1.250000,1.125000,0.000000,1.000000,10,
"train/OVERCONSTRAINED/parsed-file438_prop5.als","train","OVERCONSTRAINED","prop5",134,68,51,58,19,19,2.310345,3.578947,2.684211,0.909091,0.090909,10,
"train/OVERCONSTRAINED/parsed-file439_prop2.als","train","OVERCONSTRAINED","prop2",30,11,9,45,8,11,0.666667,1.375000,0.818182,0.909091,0.090909,10,
"train/OVERCONSTRAINED/parsed-file454_prop2.als","train","OVERCONSTRAINED","prop2",32,11,12,34,8,9,0.941176,1.375000,1.333333,0.909091,0.090909,10,
"train/OVERCONSTRAINED/parsed-file464_prop13.als","train","OVERCONSTRAINED","prop13",25,13,10,73,20,22,0.342466,0.650000,0.454545,0.909091,0.090909,10,
"train/OVERCONSTRAINED/parsed-file468_prop13.als","train","OVERCONSTRAINED","prop13",36,21,11,67,19,24,0.537313,1.105263,0.458333,0.909091,0.090909,10,
"train/OVERCONSTRAINED/parsed-file469_prop2.als","train","OVERCONSTRAINED","prop2",13,6,8,51,12,14,0.254902,0.500000,0.571429,0.909091,0.090909,10,
"train/OVERCONSTRAINED/parsed-file484_prop6.als","train","OVERCONSTRAINED","prop6",58,13,19,46,13,16,1.260870,1.000000,1.187500,0.909091,0.090909,10,
"train/OVERCONSTRAINED/parsed-file498_prop6.als","train","OVERCONSTRAINED","prop6",68,22,26,55,14,19,1.236364,1.571429,1.368421,0.000000,1.000000,10,
"train/OVERCONSTRAINED/parsed-file504_prop2.als","train","OVERCONSTRAINED","prop2",9,1,2,60,13,17,0.150000,0.076923,0.117647,0.909091,0.090909,10,
"train/OVERCONSTRAINED/parsed-file50_prop2.als","train","OVERCONSTRAINED","prop2",11,2,5,59,13,17,0.186441,0.153846,0.294118,0.909091,0.090909,10,
"train/OVERCONSTRAINED/parsed-file514_prop9.als","train","OVERCONSTRAINED","prop9",41,15,18,89,23,25,0.460674,0.652174,0.720000,0.000000,1.000000,10,
"train/OVERCONSTRAINED/parsed-file515_prop3.als","train","OVERCONSTRAINED","prop3",19,8,8,10,4,4,1.900000,2.000000,2.000000,0.909091,0.090909,10,
"train/OVERCONSTRAINED/parsed-file516_prop3.als","train","OVERCONSTRAINED","prop3",19,8,8,10,4,4,1.900000,2.000000,2.000000,0.000000,1.000000,10,
"train/OVERCONSTRAINED/parsed-file519_prop1.als","train","OVERCONSTRAINED","prop1",16,5,7,47,14,15,0.340426,0.357143,0.466667,0.833333,0.166667,10,
"train/OVERCONSTRAINED/parsed-file523_prop6.als","train","OVERCONSTRAINED","prop6",58,13,19,46,13,16,1.260870,1.000000,1.187500,0.909091,0.090909,10,
"train/OVERCONSTRAINED/parsed-file524_prop2.als","train","OVERCONSTRAINED","prop2",13,7,10,59,13,17,0.220339,0.538462,0.588235,0.909091,0.090909,10,
"train/OVERCONSTRAINED/parsed-file529_prop2.als","train","OVERCONSTRAINED","prop2",26,11,12,38,8,11,0.684211,1.375000,1.090909,0.909091,0.090909,10,
"train/OVERCONSTRAINED/parsed-file533_prop3.als","train","OVERCONSTRAINED","prop3",17,9,8,55,13,17,0.309091,0.692308,0.470588,0.000000,1.000000,10,
"train/OVERCONSTRAINED/parsed-file538_prop6.als","train","OVERCONSTRAINED","prop6",51,24,32,94,26,31,0.542553,0.923077,1.032258,0.909091,0.090909,10,
"train/OVERCONSTRAINED/parsed-file561_prop6.als","train","OVERCONSTRAINED","prop6",80,21,27,30,9,11,2.666667,2.333333,2.454545,0.000000,1.000000,10,
"train/OVERCONSTRAINED/parsed-file56_prop3.als","train","OVERCONSTRAINED","prop3",13,10,6,29,10,10,0.448276,1.000000,0.600000,0.909091,0.090909,10,
"train/OVERCONSTRAINED/parsed-file574_prop14.als","train","OVERCONSTRAINED","prop14",79,52,45,111,33,27,0.711712,1.575758,1.666667,0.833333,0.166667,10,
"train/OVERCONSTRAINED/parsed-file577_prop4.als","train","OVERCONSTRAINED","prop4",12,8,6,60,17,25,0.200000,0.470588,0.240000,0.000000,1.000000,10,
"train/OVERCONSTRAINED/parsed-file578_prop14.als","train","OVERCONSTRAINED","prop14",87,54,49,158,50,41,0.550633,1.080000,1.195122,0.833333,0.166667,10,
"train/OVERCONSTRAINED/parsed-file580_prop17.als","train","OVERCONSTRAINED","prop17",84,46,40,157,35,10,0.535032,1.314286,4.000000,0.833333,0.166667,10,
"train/OVERCONSTRAINED/parsed-file5_prop17.als","train","OVERCONSTRAINED","prop17",94,46,39,154,36,20,0.610390,1.277778,1.950000,0.909091,0.090909,10,
"train/OVERCONSTRAINED/parsed-file624_prop6.als","train","OVERCONSTRAINED","prop6",65,29,30,85,25,20,0.764706,1.160000,1.500000,0.909091,0.090909,10,
"train/OVERCONSTRAINED/parsed-file625_prop6.als","train","OVERCONSTRAINED","prop6",69,23,27,38,12,11,1.815789,1.916667,2.454545,0.909091,0.090909,10,
"train/OVERCONSTRAINED/parsed-file626_prop8.als","train","OVERCONSTRAINED","prop8",52,32,20,128,40,33,0.406250,0.800000,0.606061,0.000000,1.000000,10,
"train/OVERCONSTRAINED/parsed-file633_prop7.als","train","OVERCONSTRAINED","prop7",26,7,8,59,14,18,0.440678,0.500000,0.444444,0.990099,0.009901,10,
"train/OVERCONSTRAINED/parsed-file636_prop2.als","train","OVERCONSTRAINED","prop2",30,11,8,30,7,8,1.000000,1.571429,1.000000,0.909091,0.090909,10,
"train/OVERCONSTRAINED/parsed-file638_prop2.als","train","OVERCONSTRAINED","prop2",13,6,8,51,12,14,0.254902,0.500000,0.571429,0.909091,0.090909,10,
"train/OVERCONSTRAINED/parsed-file645_prop7.als","train","OVERCONSTRAINED","prop7",26,9,9,59,14,18,0.440678,0.642857,0.500000,0.990099,0.009901,10,
"train/OVERCONSTRAINED/parsed-file662_prop2.als","train","OVERCONSTRAINED","prop2",9,1,2,60,13,17,0.150000,0.076923,0.117647,0.909091,0.090909,10,
"train/OVERCONSTRAINED/parsed-file664_prop9.als","train","OVERCONSTRAINED","prop9",11,28,28,80,22,26,0.137500,1.272727,1.076923,0.909091,0.090909,10,
"train/OVERCONSTRAINED/parsed-file667_prop1.als","train","OVERCONSTRAINED","prop1",16,5,7,47,14,15,0.340426,0.357143,0.466667,0.833333,0.166667,10,
"train/OVERCONSTRAINED/parsed-file676_prop6.als","train","OVERCONSTRAINED","prop6",57,20,27,63,19,21,0.904762,1.052632,1.285714,0.833333,0.166667,10,
"train/OVERCONSTRAINED/parsed-file680_prop2.als","train","OVERCONSTRAINED","prop2",22,12,18,60,13,17,0.366667,0.923077,1.058824,0.909091,0.090909,10,
"train/OVERCONSTRAINED/parsed-file688_prop4.als","train","OVERCONSTRAINED","prop4",9,8,4,63,17,25,0.142857,0.470588,0.160000,0.909091,0.090909,10,
"train/OVERCONSTRAINED/parsed-file694_prop9.als","train","OVERCONSTRAINED","prop9",35,28,34,97,24,28,0.360825,1.166667,1.214286,0.000000,1.000000,10,
"train/OVERCONSTRAINED/parsed-file699_prop2.als","train","OVERCONSTRAINED","prop2",31,11,12,38,8,11,0.815789,1.375000,1.090909,0.909091,0.090909,10,
"train/OVERCONSTRAINED/parsed-file704_prop6.als","train","OVERCONSTRAINED","prop6",33,22,35,93,26,32,0.354839,0.846154,1.093750,0.909091,0.090909,10,
"train/OVERCONSTRAINED/parsed-file70_prop4.als","train","OVERCONSTRAINED","prop4",12,8,6,60,17,25,0.200000,0.470588,0.240000,0.000000,1.000000,10,
"train/OVERCONSTRAINED/parsed-file719_prop17.als","train","OVERCONSTRAINED","prop17",80,38,40,141,30,21,0.567376,1.266667,1.904762,0.000000,1.000000,10,
"train/OVERCONSTRAINED/parsed-file723_prop3.als","train","OVERCONSTRAINED","prop3",28,13,13,38,11,9,0.736842,1.181818,1.444444,0.833333,0.166667,10,
"train/OVERCONSTRAINED/parsed-file725_prop2.als","train","OVERCONSTRAINED","prop2",30,11,8,30,7,8,1.000000,1.571429,1.000000,0.909091,0.090909,10,
"train/OVERCONSTRAINED/parsed-file733_prop4.als","train","OVERCONSTRAINED","prop4",35,13,22,94,28,34,0.372340,0.464286,0.647059,0.000000,1.000000,10,
"train/OVERCONSTRAINED/parsed-file734_prop2.als","train","OVERCONSTRAINED","prop2",13,5,6,58,15,16,0.224138,0.333333,0.375000,0.833333,0.166667,10,
"train/OVERCONSTRAINED/parsed-file736_prop9.als","train","OVERCONSTRAINED","prop9",20,19,14,82,23,25,0.243902,0.826087,0.560000,0.000000,1.000000,10,
"train/OVERCONSTRAINED/parsed-file737_prop11.als","train","OVERCONSTRAINED","prop11",25,16,15,98,25,25,0.255102,0.640000,0.600000,0.990099,0.009901,10,
"train/OVERCONSTRAINED/parsed-file745_prop8.als","train","OVERCONSTRAINED","prop8",23,17,7,100,33,29,0.230000,0.515152,0.241379,0.909091,0.090909,10,
"train/OVERCONSTRAINED/parsed-file763_prop6.als","train","OVERCONSTRAINED","prop6",58,24,32,86,25,26,0.674419,0.960000,1.230769,0.833333,0.166667,10,
"train/OVERCONSTRAINED/parsed-file784_prop3.als","train","OVERCONSTRAINED","prop3",34,16,22,120,33,34,0.283333,0.484848,0.647059,0.909091,0.090909,10,
"train/OVERCONSTRAINED/parsed-file789_prop11.als","train","OVERCONSTRAINED","prop11",10,1,3,94,23,24,0.106383,0.043478,0.125000,0.990099,0.009901,10,
"train/OVERCONSTRAINED/parsed-file799_prop6.als","train","OVERCONSTRAINED","prop6",67,21,23,55,14,19,1.218182,1.500000,1.210526,0.909091,0.090909,10,
"train/OVERCONSTRAINED/parsed-file801_prop4.als","train","OVERCONSTRAINED","prop4",16,12,4,26,8,9,0.615385,1.500000,0.444444,0.000000,1.000000,10,
"train/OVERCONSTRAINED/parsed-file805_prop6.als","train","OVERCONSTRAINED","prop6",55,22,24,68,15,22,0.808824,1.466667,1.090909,0.909091,0.090909,10,
"train/OVERCONSTRAINED/parsed-file819_prop6.als","train","OVERCONSTRAINED","prop6",69,22,26,56,14,19,1.232143,1.571429,1.368421,0.000000,1.000000,10,
"train/OVERCONSTRAINED/parsed-file831_prop2.als","train","OVERCONSTRAINED","prop2",2,1,3,50,12,14,0.040000,0.083333,0.214286,0.909091,0.090909,10,
"train/OVERCONSTRAINED/parsed-file856_prop3.als","train","OVERCONSTRAINED","prop3",10,6,4,19,5,7,0.526316,1.200000,0.571429,0.000000,1.000000,10,
"train/OVERCONSTRAINED/parsed-file859_prop17.als","train","OVERCONSTRAINED","prop17",108,44,41,51,15,15,2.117647,2.933333,2.733333,0.909091,0.090909,10,
"train/OVERCONSTRAINED/parsed-file864_prop4.als","train","OVERCONSTRAINED","prop4",16,10,14,66,21,27,0.242424,0.476190,0.518519,0.000000,1.000000,10,
"train/OVERCONSTRAINED/parsed-file87_prop2.als","train","OVERCONSTRAINED","prop2",32,11,12,34,8,9,0.941176,1.375000,1.333333,0.909091,0.090909,10,
"train/OVERCONSTRAINED/parsed-file882_prop13.als","train","OVERCONSTRAINED","prop13",25,13,10,73,20,22,0.342466,0.650000,0.454545,0.909091,0.090909,10,
"train/OVERCONSTRAINED/parsed-file886_prop4.als","train","OVERCONSTRAINED","prop4",7,8,4,65,17,25,0.107692,0.470588,0.160000,0.909091,0.090909,10,
"train/OVERCONSTRAINED/parsed-file893_prop14.als","train","OVERCONSTRAINED","prop14",91,59,58,160,51,44,0.568750,1.156863,1.318182,0.833333,0.166667,10,
"train/OVERCONSTRAINED/parsed-file897_prop4.als","train","OVERCONSTRAINED","prop4",5,0,2,64,18,24,0.078125,0.000000,0.083333,0.909091,0.090909,10,
"train/OVERCONSTRAINED/parsed-file907_prop6.als","train","OVERCONSTRAINED","prop6",58,30,31,76,25,19,0.763158,1.200000,1.631579,0.909091,0.090909,10,
"train/OVERCONSTRAINED/parsed-file909_prop2.als","train","OVERCONSTRAINED","prop2",22,7,13,58,15,16,0.379310,0.466667,0.812500,0.833333,0.166667,10,
"train/OVERCONSTRAINED/parsed-file914_prop6.als","train","OVERCONSTRAINED","prop6",66,20,23,55,14,19,1.200000,1.428571,1.210526,0.909091,0.090909,10,
"train/OVERCONSTRAINED/parsed-file919_prop1.als","train","OVERCONSTRAINED","prop1",6,1,1,11,4,4,0.545455,0.250000,0.250000,0.909091,0.090909,10,
"train/OVERCONSTRAINED/parsed-file929_prop2.als","train","OVERCONSTRAINED","prop2",13,3,5,59,13,17,0.220339,0.230769,0.294118,0.909091,0.090909,10,
"train/OVERCONSTRAINED/parsed-file948_prop17.als","train","OVERCONSTRAINED","prop17",84,41,37,132,29,18,0.636364,1.413793,2.055556,0.909091,0.090909,10,
"train/OVERCONSTRAINED/parsed-file952_prop3.als","train","OVERCONSTRAINED","prop3",13,5,4,25,7,8,0.520000,0.714286,0.500000,0.000000,1.000000,10,
"train/OVERCONSTRAINED/parsed-file953_prop6.als","train","OVERCONSTRAINED","prop6",58,28,30,73,23,18,0.794521,1.217391,1.666667,0.909091,0.090909,10,
"train/OVERCONSTRAINED/parsed-file956_prop2.als","train","OVERCONSTRAINED","prop2",13,6,8,51,12,14,0.254902,0.500000,0.571429,0.909091,0.090909,10,
"train/OVERCONSTRAINED/parsed-file959_prop6.als","train","OVERCONSTRAINED","prop6",71,23,27,38,12,11,1.868421,1.916667,2.454545,0.909091,0.090909,10,
"train/OVERCONSTRAINED/parsed-file963_prop2.als","train","OVERCONSTRAINED","prop2",36,11,10,29,7,8,1.241379,1.571429,1.250000,0.909091,0.090909,10,
"train/OVERCONSTRAINED/parsed-file971_prop6.als","train","OVERCONSTRAINED","prop6",64,31,31,88,27,21,0.727273,1.148148,1.476190,0.909091,0.090909,10,
"train/OVERCONSTRAINED/parsed-file976_prop3.als","train","OVERCONSTRAINED","prop3",11,7,5,46,13,15,0.239130,0.538462,0.333333,0.909091,0.090909,10,
"train/OVERCONSTRAINED/parsed-file979_prop5.als","train","OVERCONSTRAINED","prop5",155,64,53,24,9,9,6.458333,7.111111,5.888889,0.909091,0.090909,10,
"train/OVERCONSTRAINED/parsed-file981_prop14.als","train","OVERCONSTRAINED","prop14",100,64,54,173,52,47,0.578035,1.230769,1.148936,0.833333,0.166667,10,
"train/OVERCONSTRAINED/parsed-file984_prop9.als","train","OVERCONSTRAINED","prop9",46,24,27,111,32,28,0.414414,0.750000,0.964286,0.000000,1.000000,10,
"train/OVERCONSTRAINED/parsed-file997_prop3.als","train","OVERCONSTRAINED","prop3",17,9,8,55,13,17,0.309091,0.692308,0.470588,0.000000,1.000000,10,
"train/UNDERCONSTRAINED/parsed-file1005_prop10.als","train","UNDERCONSTRAINED","prop10",9,12,16,62,18,15,0.145161,0.666667,1.066667,0.800000,0.200000,10,
"train/UNDERCONSTRAINED/parsed-file1014_prop8.als","train","UNDERCONSTRAINED","prop8",72,42,31,129,46,35,0.558140,0.913043,0.885714,0.300000,0.700000,10,
"train/UNDERCONSTRAINED/parsed-file1025_prop4.als","train","UNDERCONSTRAINED","prop4",5,4,6,48,13,15,0.104167,0.307692,0.400000,0.000000,1.000000,10,
"train/UNDERCONSTRAINED/parsed-file1026_prop3.als","train","UNDERCONSTRAINED","prop3",41,21,26,116,32,38,0.353448,0.656250,0.684211,0.900000,0.100000,10,
"train/UNDERCONSTRAINED/parsed-file1027_prop9.als","train","UNDERCONSTRAINED","prop9",56,43,30,122,34,31,0.459016,1.264706,0.967742,0.000000,1.000000,10,
"train/UNDERCONSTRAINED/parsed-file103_prop3.als","train","UNDERCONSTRAINED","prop3",26,12,11,64,20,23,0.406250,0.600000,0.478261,0.900000,0.100000,10,
"train/UNDERCONSTRAINED/parsed-file1045_prop7.als","train","UNDERCONSTRAINED","prop7",26,10,6,119,32,30,0.218487,0.312500,0.200000,0.990099,0.009901,10,
"train/UNDERCONSTRAINED/parsed-file1056_prop3.als","train","UNDERCONSTRAINED","prop3",65,35,32,130,38,35,0.500000,0.921053,0.914286,0.000000,1.000000,10,
"train/UNDERCONSTRAINED/parsed-file1077_prop7.als","train","UNDERCONSTRAINED","prop7",26,13,18,109,27,29,0.238532,0.481481,0.620690,0.000000,1.000000,10,
"train/UNDERCONSTRAINED/parsed-file107_prop3.als","train","UNDERCONSTRAINED","prop3",34,20,26,120,33,38,0.283333,0.606061,0.684211,0.000000,1.000000,10,
"train/UNDERCONSTRAINED/parsed-file1087_prop3.als","train","UNDERCONSTRAINED","prop3",14,9,5,29,8,9,0.482759,1.125000,0.555556,0.000000,1.000000,10,
"train/UNDERCONSTRAINED/parsed-file108_prop6.als","train","UNDERCONSTRAINED","prop6",46,17,21,78,20,23,0.589744,0.850000,0.913043,0.500000,0.500000,10,
"train/UNDERCONSTRAINED/parsed-file1095_prop15.als","train","UNDERCONSTRAINED","prop15",44,24,21,53,14,17,0.830189,1.714286,1.235294,0.909091,0.090909,10,
"train/UNDERCONSTRAINED/parsed-file1099_prop3.als","train","UNDERCONSTRAINED","prop3",61,35,33,139,39,38,0.438849,0.897436,0.868421,0.000000,1.000000,10,
"train/UNDERCONSTRAINED/parsed-file1104_prop6.als","train","UNDERCONSTRAINED","prop6",2,1,16,129,29,30,0.015504,0.034483,0.533333,0.000000,1.000000,10,
"train/UNDERCONSTRAINED/parsed-file1109_prop8.als","train","UNDERCONSTRAINED","prop8",29,24,20,117,35,34,0.247863,0.685714,0.588235,0.000000,1.000000,10,
"train/UNDERCONSTRAINED/parsed-file110_prop12.als","train","UNDERCONSTRAINED","prop12",175,56,49,0,2,3,0.000000,28.000000,16.333333,0.000000,1.000000,10,
"train/UNDERCONSTRAINED/parsed-file1111_prop15.als","train","UNDERCONSTRAINED","prop15",17,19,26,80,25,26,0.212500,0.760000,1.000000,0.600000,0.400000,10,
"train/UNDERCONSTRAINED/parsed-file111_prop4.als","train","UNDERCONSTRAINED","prop4",9,11,18,60,17,21,0.150000,0.647059,0.857143,0.909091,0.090909,10,
"train/UNDERCONSTRAINED/parsed-file1128_prop9.als","train","UNDERCONSTRAINED","prop9",27,16,23,94,27,25,0.287234,0.592593,0.920000,0.909091,0.090909,10,
"train/UNDERCONSTRAINED/parsed-file1132_prop3.als","train","UNDERCONSTRAINED","prop3",24,14,15,69,21,24,0.347826,0.666667,0.625000,0.000000,1.000000,10,
"train/UNDERCONSTRAINED/parsed-file1134_prop4.als","train","UNDERCONSTRAINED","prop4",9,11,18,60,17,21,0.150000,0.647059,0.857143,0.909091,0.090909,10,
"train/UNDERCONSTRAINED/parsed-file1140_prop3.als","train","UNDERCONSTRAINED","prop3",69,35,32,130,38,35,0.530769,0.921053,0.914286,0.000000,1.000000,10,
"train/UNDERCONSTRAINED/parsed-file115_prop6.als","train","UNDERCONSTRAINED","prop6",30,15,33,109,31,27,0.275229,0.483871,1.222222,0.000000,1.000000,10,
"train/UNDERCONSTRAINED/parsed-file1166_prop3.als","train","UNDERCONSTRAINED","prop3",15,8,14,30,14,10,0.500000,0.571429,1.400000,0.900000,0.100000,10,
"train/UNDERCONSTRAINED/parsed-file1183_prop6.als","train","UNDERCONSTRAINED","prop6",44,24,31,139,36,34,0.316547,0.666667,0.911765,0.000000,1.000000,10,
"train/UNDERCONSTRAINED/parsed-file1186_prop3.als","train","UNDERCONSTRAINED","prop3",18,9,8,47,12,15,0.382979,0.750000,0.533333,0.000000,1.000000,10,
"train/UNDERCONSTRAINED/parsed-file1197_prop9.als","train","UNDERCONSTRAINED","prop9",25,28,26,83,22,23,0.301205,1.272727,1.130435,0.000000,1.000000,10,
"train/UNDERCONSTRAINED/parsed-file1205_prop7.als","train","UNDERCONSTRAINED","prop7",28,14,16,55,15,16,0.509091,0.933333,1.000000,0.000000,1.000000,10,
"train/UNDERCONSTRAINED/parsed-file1207_prop3.als","train","UNDERCONSTRAINED","prop3",19,11,14,39,12,12,0.487179,0.916667,1.166667,0.000000,1.000000,10,
"train/UNDERCONSTRAINED/parsed-file1211_prop3.als","train","UNDERCONSTRAINED","prop3",16,12,7,39,15,13,0.410256,0.800000,0.538462,0.900000,0.100000,10,
"train/UNDERCONSTRAINED/parsed-file1212_prop11.als","train","UNDERCONSTRAINED","prop11",33,18,16,65,19,21,0.507692,0.947368,0.761905,0.800000,0.200000,10,
"train/UNDERCONSTRAINED/parsed-file1228_prop3.als","train","UNDERCONSTRAINED","prop3",48,27,21,94,26,26,0.510638,1.038462,0.807692,0.000000,1.000000,10,
"train/UNDERCONSTRAINED/parsed-file1243_prop4.als","train","UNDERCONSTRAINED","prop4",8,6,6,48,13,15,0.166667,0.461538,0.400000,0.000000,1.000000,10,
"train/UNDERCONSTRAINED/parsed-file1245_prop4.als","train","UNDERCONSTRAINED","prop4",9,9,11,41,12,12,0.219512,0.750000,0.916667,0.909091,0.090909,10,
"train/UNDERCONSTRAINED/parsed-file129_prop1.als","train","UNDERCONSTRAINED","prop1",47,16,21,77,22,25,0.610390,0.727273,0.840000,0.000000,1.000000,10,
"train/UNDERCONSTRAINED/parsed-file132_prop9.als","train","UNDERCONSTRAINED","prop9",27,16,23,94,27,25,0.287234,0.592593,0.920000,0.909091,0.090909,10,
"train/UNDERCONSTRAINED/parsed-file149_prop7.als","train","UNDERCONSTRAINED","prop7",25,6,10,88,24,26,0.284091,0.250000,0.384615,0.000000,1.000000,10,
"train/UNDERCONSTRAINED/parsed-file155_prop6.als","train","UNDERCONSTRAINED","prop6",30,15,33,109,31,27,0.275229,0.483871,1.222222,0.000000,1.000000,10,
"train/UNDERCONSTRAINED/parsed-file159_prop3.als","train","UNDERCONSTRAINED","prop3",9,16,18,47,18,16,0.191489,0.888889,1.125000,0.909091,0.090909,10,
"train/UNDERCONSTRAINED/parsed-file166_prop4.als","train","UNDERCONSTRAINED","prop4",9,11,18,60,17,21,0.150000,0.647059,0.857143,0.909091,0.090909,10,
"train/UNDERCONSTRAINED/parsed-file174_prop2.als","train","UNDERCONSTRAINED","prop2",36,11,9,30,7,8,1.200000,1.571429,1.125000,0.000000,1.000000,10,
"train/UNDERCONSTRAINED/parsed-file17_prop3.als","train","UNDERCONSTRAINED","prop3",13,8,9,48,13,15,0.270833,0.615385,0.600000,0.000000,1.000000,10,
"train/UNDERCONSTRAINED/parsed-file182_prop6.als","train","UNDERCONSTRAINED","prop6",2,1,16,129,29,30,0.015504,0.034483,0.533333,0.000000,1.000000,10,
"train/UNDERCONSTRAINED/parsed-file185_prop3.als","train","UNDERCONSTRAINED","prop3",8,4,4,61,18,21,0.131148,0.222222,0.190476,0.000000,1.000000,10,
"train/UNDERCONSTRAINED/parsed-file1_prop9.als","train","UNDERCONSTRAINED","prop9",19,4,16,76,21,20,0.250000,0.190476,0.800000,0.000000,1.000000,10,
"train/UNDERCONSTRAINED/parsed-file202_prop9.als","train","UNDERCONSTRAINED","prop9",28,13,20,76,21,21,0.368421,0.619048,0.952381,0.909091,0.090909,10,
"train/UNDERCONSTRAINED/parsed-file203_prop3.als","train","UNDERCONSTRAINED","prop3",3,3,2,20,7,8,0.150000,0.428571,0.250000,0.000000,1.000000,10,
"train/UNDERCONSTRAINED/parsed-file205_prop3.als","train","UNDERCONSTRAINED","prop3",4,2,2,25,9,9,0.160000,0.222222,0.222222,0.000000,1.000000,10,
"train/UNDERCONSTRAINED/parsed-file211_prop3.als","train","UNDERCONSTRAINED","prop3",79,37,32,136,40,35,0.580882,0.925000,0.914286,0.100000,0.900000,10,
"train/UNDERCONSTRAINED/parsed-file219_prop3.als","train","UNDERCONSTRAINED","prop3",2,1,23,152,41,45,0.013158,0.024390,0.511111,0.000000,1.000000,10,
"train/UNDERCONSTRAINED/parsed-file221_prop3.als","train","UNDERCONSTRAINED","prop3",23,8,7,0,2,3,0.000000,4.000000,2.333333,0.000000,1.000000,10,
"train/UNDERCONSTRAINED/parsed-file231_prop6.als","train","UNDERCONSTRAINED","prop6",38,18,35,115,33,28,0.330435,0.545455,1.250000,0.000000,1.000000,10,
"train/UNDERCONSTRAINED/parsed-file234_prop9.als","train","UNDERCONSTRAINED","prop9",49,22,18,35,10,10,1.400000,2.200000,1.800000,0.000000,1.000000,10,
"train/UNDERCONSTRAINED/parsed-file237_prop3.als","train","UNDERCONSTRAINED","prop3",48,20,13,74,25,20,0.648649,0.800000,0.650000,0.000000,1.000000,10,
"train/UNDERCONSTRAINED/parsed-file258_prop3.als","train","UNDERCONSTRAINED","prop3",47,22,19,88,25,28,0.534091,0.880000,0.678571,0.900000,0.100000,10,
"train/UNDERCONSTRAINED/parsed-file259_prop3.als","train","UNDERCONSTRAINED","prop3",25,12,8,72,17,16,0.347222,0.705882,0.500000,0.000000,1.000000,10,
"train/UNDERCONSTRAINED/parsed-file288_prop6.als","train","UNDERCONSTRAINED","prop6",2,1,16,129,29,30,0.015504,0.034483,0.533333,0.000000,1.000000,10,
"train/UNDERCONSTRAINED/parsed-file291_prop6.als","train","UNDERCONSTRAINED","prop6",30,15,33,109,31,27,0.275229,0.483871,1.222222,0.000000,1.000000,10,
"train/UNDERCONSTRAINED/parsed-file307_prop3.als","train","UNDERCONSTRAINED","prop3",65,29,29,120,36,34,0.541667,0.805556,0.852941,0.000000,1.000000,10,
"train/UNDERCONSTRAINED/parsed-file312_prop3.als","train","UNDERCONSTRAINED","prop3",24,13,11,73,21,26,0.328767,0.619048,0.423077,0.900000,0.100000,10,
"train/UNDERCONSTRAINED/parsed-file315_prop3.als","train","UNDERCONSTRAINED","prop3",53,23,20,87,26,25,0.609195,0.884615,0.800000,0.000000,1.000000,10,
"train/UNDERCONSTRAINED/parsed-file327_prop9.als","train","UNDERCONSTRAINED","prop9",25,18,22,82,22,22,0.304878,0.818182,1.000000,0.909091,0.090909,10,
"train/UNDERCONSTRAINED/parsed-file329_prop16.als","train","UNDERCONSTRAINED","prop16",35,28,19,80,24,27,0.437500,1.166667,0.703704,0.909091,0.090909,10,
"train/UNDERCONSTRAINED/parsed-file330_prop3.als","train","UNDERCONSTRAINED","prop3",21,13,12,39,13,14,0.538462,1.000000,0.857143,0.000000,1.000000,10,
"train/UNDERCONSTRAINED/parsed-file339_prop11.als","train","UNDERCONSTRAINED","prop11",11,10,13,78,22,24,0.141026,0.454545,0.541667,0.800000,0.200000,10,
"train/UNDERCONSTRAINED/parsed-file340_prop9.als","train","UNDERCONSTRAINED","prop9",41,22,25,56,15,16,0.732143,1.466667,1.562500,0.000000,1.000000,10,
"train/UNDERCONSTRAINED/parsed-file345_prop6.als","train","UNDERCONSTRAINED","prop6",30,23,29,147,36,34,0.204082,0.638889,0.852941,0.000000,1.000000,10,
"train/UNDERCONSTRAINED/parsed-file349_prop4.als","train","UNDERCONSTRAINED","prop4",41,18,30,115,34,33,0.356522,0.529412,0.909091,0.000000,1.000000,10,
"train/UNDERCONSTRAINED/parsed-file355_prop1.als","train","UNDERCONSTRAINED","prop1",47,16,21,77,22,25,0.610390,0.727273,0.840000,0.000000,1.000000,10,
"train/UNDERCONSTRAINED/parsed-file358_prop4.als","train","UNDERCONSTRAINED","prop4",6,4,2,31,12,11,0.193548,0.333333,0.181818,0.000000,1.000000,10,
"train/UNDERCONSTRAINED/parsed-file35_prop3.als","train","UNDERCONSTRAINED","prop3",13,8,6,31,12,11,0.419355,0.666667,0.545455,0.000000,1.000000,10,
"train/UNDERCONSTRAINED/parsed-file361_prop4.als","train","UNDERCONSTRAINED","prop4",31,11,9,0,2,3,0.000000,5.500000,3.000000,0.000000,1.000000,10,
"train/UNDERCONSTRAINED/parsed-file366_prop3.als","train","UNDERCONSTRAINED","prop3",13,9,7,46,13,15,0.282609,0.692308,0.466667,0.000000,1.000000,10,
"train/UNDERCONSTRAINED/parsed-file369_prop3.als","train","UNDERCONSTRAINED","prop3",46,18,19,97,26,31,0.474227,0.692308,0.612903,0.900000,0.100000,10,
"train/UNDERCONSTRAINED/parsed-file371_prop3.als","train","UNDERCONSTRAINED","prop3",4,2,2,25,9,9,0.160000,0.222222,0.222222,0.000000,1.000000,10,
"train/UNDERCONSTRAINED/parsed-file378_prop6.als","train","UNDERCONSTRAINED","prop6",30,15,33,109,31,28,0.275229,0.483871,1.178571,0.000000,1.000000,10,
"train/UNDERCONSTRAINED/parsed-file391_prop3.als","train","UNDERCONSTRAINED","prop3",24,18,6,84,26,26,0.285714,0.692308,0.230769,0.100000,0.900000,10,
"train/UNDERCONSTRAINED/parsed-file406_prop9.als","train","UNDERCONSTRAINED","prop9",26,19,15,88,23,25,0.295455,0.826087,0.600000,0.909091,0.090909,10,
"train/UNDERCONSTRAINED/parsed-file407_prop9.als","train","UNDERCONSTRAINED","prop9",76,27,28,133,35,36,0.571429,0.771429,0.777778,0.909091,0.090909,10,
"train/UNDERCONSTRAINED/parsed-file421_prop3.als","train","UNDERCONSTRAINED","prop3",11,7,5,48,13,15,0.229167,0.538462,0.333333,0.000000,1.000000,10,
"train/UNDERCONSTRAINED/parsed-file424_prop9.als","train","UNDERCONSTRAINED","prop9",24,12,12,56,15,16,0.428571,0.800000,0.750000,0.000000,1.000000,10,
"train/UNDERCONSTRAINED/parsed-file428_prop3.als","train","UNDERCONSTRAINED","prop3",11,7,5,57,14,18,0.192982,0.500000,0.277778,0.000000,1.000000,10,
"train/UNDERCONSTRAINED/parsed-file433_prop11.als","train","UNDERCONSTRAINED","prop11",9,9,7,79,22,23,0.113924,0.409091,0.304348,0.800000,0.200000,10,
"train/UNDERCONSTRAINED/parsed-file440_prop3.als","train","UNDERCONSTRAINED","prop3",11,7,5,48,13,15,0.229167,0.538462,0.333333,0.000000,1.000000,10,
"train/UNDERCONSTRAINED/parsed-file449_prop3.als","train","UNDERCONSTRAINED","prop3",9,16,18,47,18,16,0.191489,0.888889,1.125000,0.909091,0.090909,10,
"train/UNDERCONSTRAINED/parsed-file44_prop1.als","train","UNDERCONSTRAINED","prop1",15,5,6,39,10,11,0.384615,0.500000,0.545455,0.000000,1.000000,10,
"train/UNDERCONSTRAINED/parsed-file451_prop3.als","train","UNDERCONSTRAINED","prop3",18,9,8,47,12,15,0.382979,0.750000,0.533333,0.000000,1.000000,10,
"train/UNDERCONSTRAINED/parsed-file460_prop5.als","train","UNDERCONSTRAINED","prop5",118,66,68,94,29,28,1.255319,2.275862,2.428571,0.000000,1.000000,10,
"train/UNDERCONSTRAINED/parsed-file466_prop3.als","train","UNDERCONSTRAINED","prop3",13,8,9,57,14,18,0.228070,0.571429,0.500000,0.000000,1.000000,10,
"train/UNDERCONSTRAINED/parsed-file46_prop9.als","train","UNDERCONSTRAINED","prop9",16,6,16,62,16,17,0.258065,0.375000,0.941176,0.909091,0.090909,10,
"train/UNDERCONSTRAINED/parsed-file473_prop6.als","train","UNDERCONSTRAINED","prop6",30,15,33,109,31,28,0.275229,0.483871,1.178571,0.000000,1.000000,10,
"train/UNDERCONSTRAINED/parsed-file478_prop7.als","train","UNDERCONSTRAINED","prop7",17,14,15,50,13,15,0.340000,1.076923,1.000000,0.600000,0.400000,10,
"train/UNDERCONSTRAINED/parsed-file482_prop3.als","train","UNDERCONSTRAINED","prop3",17,9,8,56,13,18,0.303571,0.692308,0.444444,0.000000,1.000000,10,
"train/UNDERCONSTRAINED/parsed-file490_prop6.als","train","UNDERCONSTRAINED","prop6",63,35,35,109,31,24,0.577982,1.129032,1.458333,0.000000,1.000000,10,
"train/UNDERCONSTRAINED/parsed-file494_prop5.als","train","UNDERCONSTRAINED","prop5",101,63,52,101,35,29,1.000000,1.800000,1.793103,0.000000,1.000000,10,
"train/UNDERCONSTRAINED/parsed-file503_prop5.als","train","UNDERCONSTRAINED","prop5",92,74,56,138,43,34,0.666667,1.720930,1.647059,0.000000,1.000000,10,
"train/UNDERCONSTRAINED/parsed-file509_prop9.als","train","UNDERCONSTRAINED","prop9",40,32,29,98,23,26,0.408163,1.391304,1.115385,0.000000,1.000000,10,
"train/UNDERCONSTRAINED/parsed-file512_prop3.als","train","UNDERCONSTRAINED","prop3",15,8,14,30,14,10,0.500000,0.571429,1.400000,0.900000,0.100000,10,
"train/UNDERCONSTRAINED/parsed-file518_prop3.als","train","UNDERCONSTRAINED","prop3",11,11,17,70,19,24,0.157143,0.578947,0.708333,0.000000,1.000000,10,
"train/UNDERCONSTRAINED/parsed-file531_prop11.als","train","UNDERCONSTRAINED","prop11",9,9,7,79,22,23,0.113924,0.409091,0.304348,0.800000,0.200000,10,
"train/UNDERCONSTRAINED/parsed-file532_prop4.als","train","UNDERCONSTRAINED","prop4",72,28,38,147,45,41,0.489796,0.622222,0.926829,0.000000,1.000000,10,
"train/UNDERCONSTRAINED/parsed-file535_prop3.als","train","UNDERCONSTRAINED","prop3",2,1,1,24,9,9,0.083333,0.111111,0.111111,0.900000,0.100000,10,
"train/UNDERCONSTRAINED/parsed-file53_prop9.als","train","UNDERCONSTRAINED","prop9",64,24,15,132,35,10,0.484848,0.685714,1.500000,0.909091,0.090909,10,
"train/UNDERCONSTRAINED/parsed-file540_prop9.als","train","UNDERCONSTRAINED","prop9",41,22,25,56,15,16,0.732143,1.466667,1.562500,0.000000,1.000000,10,
"train/UNDERCONSTRAINED/parsed-file542_prop6.als","train","UNDERCONSTRAINED","prop6",35,18,24,70,17,19,0.500000,1.058824,1.263158,0.000000,1.000000,10,
"train/UNDERCONSTRAINED/parsed-file543_prop7.als","train","UNDERCONSTRAINED","prop7",35,25,22,110,31,27,0.318182,0.806452,0.814815,0.600000,0.400000,10,
"train/UNDERCONSTRAINED/parsed-file546_prop5.als","train","UNDERCONSTRAINED","prop5",109,75,54,105,38,31,1.038095,1.973684,1.741935,0.000000,1.000000,10,
"train/UNDERCONSTRAINED/parsed-file549_prop15.als","train","UNDERCONSTRAINED","prop15",44,24,21,53,14,17,0.830189,1.714286,1.235294,0.909091,0.090909,10,
"train/UNDERCONSTRAINED/parsed-file54_prop3.als","train","UNDERCONSTRAINED","prop3",44,18,21,96,26,31,0.458333,0.692308,0.677419,0.900000,0.100000,10,
"train/UNDERCONSTRAINED/parsed-file556_prop3.als","train","UNDERCONSTRAINED","prop3",34,18,17,89,26,30,0.382022,0.692308,0.566667,0.900000,0.100000,10,
"train/UNDERCONSTRAINED/parsed-file558_prop9.als","train","UNDERCONSTRAINED","prop9",20,8,16,62,16,17,0.322581,0.500000,0.941176,0.909091,0.090909,10,
"train/UNDERCONSTRAINED/parsed-file570_prop6.als","train","UNDERCONSTRAINED","prop6",38,25,33,100,30,24,0.380000,0.833333,1.375000,0.000000,1.000000,10,
"train/UNDERCONSTRAINED/parsed-file571_prop6.als","train","UNDERCONSTRAINED","prop6",32,17,33,109,31,27,0.293578,0.548387,1.222222,0.000000,1.000000,10,
"train/UNDERCONSTRAINED/parsed-file579_prop8.als","train","UNDERCONSTRAINED","prop8",41,38,34,123,35,35,0.333333,1.085714,0.971429,0.000000,1.000000,10,
"train/UNDERCONSTRAINED/parsed-file580_prop5.als","train","UNDERCONSTRAINED","prop5",96,81,52,134,50,40,0.716418,1.620000,1.300000,0.900000,0.100000,10,
"train/UNDERCONSTRAINED/parsed-file588_prop3.als","train","UNDERCONSTRAINED","prop3",74,38,29,129,37,35,0.573643,1.027027,0.828571,0.000000,1.000000,10,
"train/UNDERCONSTRAINED/parsed-file59_prop9.als","train","UNDERCONSTRAINED","prop9",25,28,26,83,22,23,0.301205,1.272727,1.130435,0.000000,1.000000,10,
"train/UNDERCONSTRAINED/parsed-file607_prop3.als","train","UNDERCONSTRAINED","prop3",16,12,7,39,15,13,0.410256,0.800000,0.538462,0.900000,0.100000,10,
"train/UNDERCONSTRAINED/parsed-file608_prop15.als","train","UNDERCONSTRAINED","prop15",24,20,21,89,26,28,0.269663,0.769231,0.750000,0.600000,0.400000,10,
"train/UNDERCONSTRAINED/parsed-file612_prop3.als","train","UNDERCONSTRAINED","prop3",2,1,23,152,41,45,0.013158,0.024390,0.511111,0.000000,1.000000,10,
"train/UNDERCONSTRAINED/parsed-file613_prop3.als","train","UNDERCONSTRAINED","prop3",45,26,18,85,25,23,0.529412,1.040000,0.782609,0.000000,1.000000,10,
"train/UNDERCONSTRAINED/parsed-file617_prop9.als","train","UNDERCONSTRAINED","prop9",78,25,28,131,34,36,0.595420,0.735294,0.777778,0.909091,0.090909,10,
"train/UNDERCONSTRAINED/parsed-file629_prop7.als","train","UNDERCONSTRAINED","prop7",29,14,16,56,15,16,0.517857,0.933333,1.000000,0.000000,1.000000,10,
"train/UNDERCONSTRAINED/parsed-file641_prop3.als","train","UNDERCONSTRAINED","prop3",47,22,19,88,25,28,0.534091,0.880000,0.678571,0.900000,0.100000,10,
"train/UNDERCONSTRAINED/parsed-file646_prop11.als","train","UNDERCONSTRAINED","prop11",33,18,16,65,19,21,0.507692,0.947368,0.761905,0.800000,0.200000,10,
"train/UNDERCONSTRAINED/parsed-file651_prop3.als","train","UNDERCONSTRAINED","prop3",13,8,6,31,12,11,0.419355,0.666667,0.545455,0.000000,1.000000,10,
"train/UNDERCONSTRAINED/parsed-file652_prop3.als","train","UNDERCONSTRAINED","prop3",17,6,10,17,7,6,1.000000,0.857143,1.666667,0.000000,1.000000,10,
"train/UNDERCONSTRAINED/parsed-file65_prop2.als","train","UNDERCONSTRAINED","prop2",36,11,9,30,7,8,1.200000,1.571429,1.125000,0.000000,1.000000,10,
"train/UNDERCONSTRAINED/parsed-file669_prop4.als","train","UNDERCONSTRAINED","prop4",20,9,13,52,15,14,0.384615,0.600000,0.928571,0.909091,0.090909,10,
"train/UNDERCONSTRAINED/parsed-file675_prop5.als","train","UNDERCONSTRAINED","prop5",94,75,56,132,42,35,0.712121,1.785714,1.600000,0.000000,1.000000,10,
"train/UNDERCONSTRAINED/parsed-file681_prop3.als","train","UNDERCONSTRAINED","prop3",49,21,25,104,30,30,0.471154,0.700000,0.833333,0.000000,1.000000,10,
"train/UNDERCONSTRAINED/parsed-file682_prop9.als","train","UNDERCONSTRAINED","prop9",46,23,11,114,31,30,0.403509,0.741935,0.366667,0.000000,1.000000,10,
"train/UNDERCONSTRAINED/parsed-file683_prop4.als","train","UNDERCONSTRAINED","prop4",18,9,13,52,15,14,0.346154,0.600000,0.928571,0.909091,0.090909,10,
"train/UNDERCONSTRAINED/parsed-file689_prop3.als","train","UNDERCONSTRAINED","prop3",9,16,18,47,18,16,0.191489,0.888889,1.125000,0.909091,0.090909,10,
"train/UNDERCONSTRAINED/parsed-file696_prop3.als","train","UNDERCONSTRAINED","prop3",48,20,13,74,25,20,0.648649,0.800000,0.650000,0.000000,1.000000,10,
"train/UNDERCONSTRAINED/parsed-file698_prop9.als","train","UNDERCONSTRAINED","prop9",47,25,27,113,33,28,0.415929,0.757576,0.964286,0.000000,1.000000,10,
"train/UNDERCONSTRAINED/parsed-file709_prop7.als","train","UNDERCONSTRAINED","prop7",65,16,18,0,2,3,0.000000,8.000000,6.000000,0.000000,1.000000,10,
"train/UNDERCONSTRAINED/parsed-file710_prop6.als","train","UNDERCONSTRAINED","prop6",20,13,24,147,31,35,0.136054,0.419355,0.685714,0.000000,1.000000,10,
"train/UNDERCONSTRAINED/parsed-file713_prop8.als","train","UNDERCONSTRAINED","prop8",41,38,34,123,35,35,0.333333,1.085714,0.971429,0.000000,1.000000,10,
"train/UNDERCONSTRAINED/parsed-file748_prop6.als","train","UNDERCONSTRAINED","prop6",41,22,36,117,34,29,0.350427,0.647059,1.241379,0.000000,1.000000,10,
"train/UNDERCONSTRAINED/parsed-file757_prop3.als","train","UNDERCONSTRAINED","prop3",6,29,26,152,41,48,0.039474,0.707317,0.541667,0.000000,1.000000,10,
"train/UNDERCONSTRAINED/parsed-file759_prop8.als","train","UNDERCONSTRAINED","prop8",29,24,20,117,35,34,0.247863,0.685714,0.588235,0.000000,1.000000,10,
"train/UNDERCONSTRAINED/parsed-file75_prop4.als","train","UNDERCONSTRAINED","prop4",9,13,14,22,11,8,0.409091,1.181818,1.750000,0.909091,0.090909,10,
"train/UNDERCONSTRAINED/parsed-file761_prop3.als","train","UNDERCONSTRAINED","prop3",41,16,15,70,20,21,0.585714,0.800000,0.714286,0.000000,1.000000,10,
"train/UNDERCONSTRAINED/parsed-file766_prop15.als","train","UNDERCONSTRAINED","prop15",9,22,26,81,25,25,0.111111,0.880000,1.040000,0.600000,0.400000,10,
"train/UNDERCONSTRAINED/parsed-file768_prop11.als","train","UNDERCONSTRAINED","prop11",33,18,16,65,19,21,0.507692,0.947368,0.761905,0.800000,0.200000,10,
"train/UNDERCONSTRAINED/parsed-file774_prop7.als","train","UNDERCONSTRAINED","prop7",10,17,18,73,21,20,0.136986,0.809524,0.900000,0.600000,0.400000,10,
"train/UNDERCONSTRAINED/parsed-file775_prop4.als","train","UNDERCONSTRAINED","prop4",8,6,6,48,13,15,0.166667,0.461538,0.400000,0.000000,1.000000,10,
"train/UNDERCONSTRAINED/parsed-file777_prop5.als","train","UNDERCONSTRAINED","prop5",99,62,51,100,35,29,0.990000,1.771429,1.758621,0.000000,1.000000,10,
"train/UNDERCONSTRAINED/parsed-file77_prop11.als","train","UNDERCONSTRAINED","prop11",15,20,18,78,22,23,0.192308,0.909091,0.782609,0.500000,0.500000,10,
"train/UNDERCONSTRAINED/parsed-file785_prop7.als","train","UNDERCONSTRAINED","prop7",2,1,4,65,17,20,0.030769,0.058824,0.200000,0.000000,1.000000,10,
"train/UNDERCONSTRAINED/parsed-file788_prop3.als","train","UNDERCONSTRAINED","prop3",16,10,6,39,15,13,0.410256,0.666667,0.461538,0.900000,0.100000,10,
"train/UNDERCONSTRAINED/parsed-file797_prop3.als","train","UNDERCONSTRAINED","prop3",15,8,14,30,14,10,0.500000,0.571429,1.400000,0.900000,0.100000,10,
"train/UNDERCONSTRAINED/parsed-file7_prop11.als","train","UNDERCONSTRAINED","prop11",9,9,7,79,22,23,0.113924,0.409091,0.304348,0.800000,0.200000,10,
"train/UNDERCONSTRAINED/parsed-file808_prop9.als","train","UNDERCONSTRAINED","prop9",28,13,20,76,21,21,0.368421,0.619048,0.952381,0.909091,0.090909,10,
"train/UNDERCONSTRAINED/parsed-file812_prop3.als","train","UNDERCONSTRAINED","prop3",16,12,7,39,15,13,0.410256,0.800000,0.538462,0.900000,0.100000,10,
"train/UNDERCONSTRAINED/parsed-file817_prop3.als","train","UNDERCONSTRAINED","prop3",46,18,19,97,26,31,0.474227,0.692308,0.612903,0.900000,0.100000,10,
"train/UNDERCONSTRAINED/parsed-file841_prop14.als","train","UNDERCONSTRAINED","prop14",85,53,52,153,48,39,0.555556,1.104167,1.333333,0.000000,1.000000,10,
"train/UNDERCONSTRAINED/parsed-file848_prop8.als","train","UNDERCONSTRAINED","prop8",49,34,40,133,39,39,0.368421,0.871795,1.025641,0.000000,1.000000,10,
"train/UNDERCONSTRAINED/parsed-file850_prop4.als","train","UNDERCONSTRAINED","prop4",15,12,4,27,8,9,0.555556,1.500000,0.444444,0.000000,1.000000,10,
"train/UNDERCONSTRAINED/parsed-file875_prop3.als","train","UNDERCONSTRAINED","prop3",23,12,15,85,23,27,0.270588,0.521739,0.555556,0.000000,1.000000,10,
"train/UNDERCONSTRAINED/parsed-file878_prop3.als","train","UNDERCONSTRAINED","prop3",16,6,4,76,25,23,0.210526,0.240000,0.173913,0.900000,0.100000,10,
"train/UNDERCONSTRAINED/parsed-file88_prop9.als","train","UNDERCONSTRAINED","prop9",64,27,15,132,35,34,0.484848,0.771429,0.441176,0.000000,1.000000,10,
"train/UNDERCONSTRAINED/parsed-file891_prop6.als","train","UNDERCONSTRAINED","prop6",57,34,36,106,30,25,0.537736,1.133333,1.440000,0.000000,1.000000,10,
"train/UNDERCONSTRAINED/parsed-file899_prop3.als","train","UNDERCONSTRAINED","prop3",6,29,26,152,41,48,0.039474,0.707317,0.541667,0.000000,1.000000,10,
"train/UNDERCONSTRAINED/parsed-file900_prop5.als","train","UNDERCONSTRAINED","prop5",111,56,44,72,25,23,1.541667,2.240000,1.913043,0.000000,1.000000,10,
"train/UNDERCONSTRAINED/parsed-file905_prop7.als","train","UNDERCONSTRAINED","prop7",22,9,7,82,21,23,0.268293,0.428571,0.304348,0.000000,1.000000,10,
"train/UNDERCONSTRAINED/parsed-file916_prop9.als","train","UNDERCONSTRAINED","prop9",59,18,26,104,27,28,0.567308,0.666667,0.928571,0.909091,0.090909,10,
"train/UNDERCONSTRAINED/parsed-file924_prop3.als","train","UNDERCONSTRAINED","prop3",18,10,10,48,14,16,0.375000,0.714286,0.625000,0.000000,1.000000,10,
"train/UNDERCONSTRAINED/parsed-file932_prop3.als","train","UNDERCONSTRAINED","prop3",13,8,9,48,13,15,0.270833,0.615385,0.600000,0.000000,1.000000,10,
"train/UNDERCONSTRAINED/parsed-file936_prop6.als","train","UNDERCONSTRAINED","prop6",47,30,27,165,38,38,0.284848,0.789474,0.710526,0.000000,1.000000,10,
"train/UNDERCONSTRAINED/parsed-file944_prop3.als","train","UNDERCONSTRAINED","prop3",22,12,13,76,22,25,0.289474,0.545455,0.520000,0.000000,1.000000,10,
"train/UNDERCONSTRAINED/parsed-file950_prop3.als","train","UNDERCONSTRAINED","prop3",64,36,33,139,39,38,0.460432,0.923077,0.868421,0.000000,1.000000,10,
"train/UNDERCONSTRAINED/parsed-file951_prop3.als","train","UNDERCONSTRAINED","prop3",16,12,7,39,15,13,0.410256,0.800000,0.538462,0.900000,0.100000,10,
"train/UNDERCONSTRAINED/parsed-file955_prop3.als","train","UNDERCONSTRAINED","prop3",2,1,3,23,9,9,0.086957,0.111111,0.333333,0.000000,1.000000,10,
"train/UNDERCONSTRAINED/parsed-file972_prop3.als","train","UNDERCONSTRAINED","prop3",41,22,23,77,23,28,0.532468,0.956522,0.821429,0.000000,1.000000,10,
"train/UNDERCONSTRAINED/parsed-file980_prop7.als","train","UNDERCONSTRAINED","prop7",17,14,15,50,13,15,0.340000,1.076923,1.000000,0.600000,0.400000,10,
"trash_rl/BOTH/parsed-file1009_inv7.als","trash_rl","BOTH","inv7",18,6,7,52,16,17,0.346154,0.375000,0.411765,0.540000,0.460000,10,
"trash_rl/BOTH/parsed-file1017_inv10.als","trash_rl","BOTH","inv10",7,5,3,30,12,9,0.233333,0.416667,0.333333,0.500000,0.500000,10,
"trash_rl/BOTH/parsed-file1023_inv5.als","trash_rl","BOTH","inv5",8,4,4,25,7,6,0.320000,0.571429,0.666667,0.720000,0.280000,10,
"trash_rl/BOTH/parsed-file1028_inv10.als","trash_rl","BOTH","inv10",18,10,9,43,15,13,0.418605,0.666667,0.692308,0.000000,1.000000,10,
"trash_rl/BOTH/parsed-file1038_inv10.als","trash_rl","BOTH","inv10",11,6,6,68,22,20,0.161765,0.272727,0.300000,0.000000,1.000000,10,
"trash_rl/BOTH/parsed-file1047_inv5.als","trash_rl","BOTH","inv5",6,4,3,26,7,6,0.230769,0.571429,0.500000,0.720000,0.280000,10,
"trash_rl/BOTH/parsed-file1052_inv7.als","trash_rl","BOTH","inv7",19,6,6,58,17,17,0.327586,0.352941,0.352941,0.320000,0.680000,10,
"trash_rl/BOTH/parsed-file1056_inv10.als","trash_rl","BOTH","inv10",2,2,2,72,22,22,0.027778,0.090909,0.090909,0.300000,0.700000,10,
"trash_rl/BOTH/parsed-file1074_inv6.als","trash_rl","BOTH","inv6",6,4,2,24,11,8,0.250000,0.363636,0.250000,0.240000,0.760000,10,
"trash_rl/BOTH/parsed-file1082_inv9.als","trash_rl","BOTH","inv9",7,4,3,13,6,5,0.538462,0.666667,0.600000,0.400000,0.600000,10,
"trash_rl/BOTH/parsed-file108_inv10.als","trash_rl","BOTH","inv10",14,8,7,61,19,18,0.229508,0.421053,0.388889,0.300000,0.700000,10,
"trash_rl/BOTH/parsed-file1090_inv10.als","trash_rl","BOTH","inv10",7,9,8,52,17,10,0.134615,0.529412,0.800000,0.200000,0.800000,10,
"trash_rl/BOTH/parsed-file1092_inv7.als","trash_rl","BOTH","inv7",18,9,7,44,14,18,0.409091,0.642857,0.388889,0.180000,0.820000,10,
"trash_rl/BOTH/parsed-file1101_inv5.als","trash_rl","BOTH","inv5",9,5,3,20,6,5,0.450000,0.833333,0.600000,0.000000,1.000000,10,
"trash_rl/BOTH/parsed-file1108_inv5.als","trash_rl","BOTH","inv5",7,4,3,24,7,6,0.291667,0.571429,0.500000,0.720000,0.280000,10,
"trash_rl/BOTH/parsed-file1116_inv3.als","trash_rl","BOTH","inv3",3,2,2,21,7,6,0.142857,0.285714,0.333333,0.800000,0.200000,10,
"trash_rl/BOTH/parsed-file1117_inv9.als","trash_rl","BOTH","inv9",14,5,4,24,11,8,0.583333,0.454545,0.500000,0.600000,0.400000,10,
"trash_rl/BOTH/parsed-file1118_inv6.als","trash_rl","BOTH","inv6",6,4,2,24,11,8,0.250000,0.363636,0.250000,0.240000,0.760000,10,
"trash_rl/BOTH/parsed-file1133_inv6.als","trash_rl","BOTH","inv6",14,5,4,17,8,6,0.823529,0.625000,0.666667,0.600000,0.400000,10,
"trash_rl/BOTH/parsed-file1136_inv4.als","trash_rl","BOTH","inv4",5,9,2,24,8,6,0.208333,1.125000,0.333333,0.080000,0.920000,10,
"trash_rl/BOTH/parsed-file1150_inv6.als","trash_rl","BOTH","inv6",14,12,5,18,7,6,0.777778,1.714286,0.833333,0.240000,0.760000,10,
"trash_rl/BOTH/parsed-file1160_inv6.als","trash_rl","BOTH","inv6",32,27,34,114,34,43,0.280702,0.794118,0.790698,0.000000,1.000000,10,
"trash_rl/BOTH/parsed-file1168_inv4.als","trash_rl","BOTH","inv4",6,9,2,25,8,6,0.240000,1.125000,0.333333,0.100000,0.900000,10,
"trash_rl/BOTH/parsed-file1172_inv10.als","trash_rl","BOTH","inv10",15,7,14,70,22,24,0.214286,0.318182,0.583333,0.280000,0.720000,10,
"trash_rl/BOTH/parsed-file1181_inv10.als","trash_rl","BOTH","inv10",12,4,5,32,12,9,0.375000,0.333333,0.555556,0.300000,0.700000,10,
"trash_rl/BOTH/parsed-file1187_inv4.als","trash_rl","BOTH","inv4",5,9,5,23,8,7,0.217391,1.125000,0.714286,0.720000,0.280000,10,
"trash_rl/BOTH/parsed-file1205_inv5.als","trash_rl","BOTH","inv5",7,4,3,24,7,6,0.291667,0.571429,0.500000,0.720000,0.280000,10,
"trash_rl/BOTH/parsed-file120_inv5.als","trash_rl","BOTH","inv5",18,4,6,59,16,16,0.305085,0.250000,0.375000,0.720000,0.280000,10,
"trash_rl/BOTH/parsed-file1217_inv5.als","trash_rl","BOTH","inv5",9,6,3,23,8,6,0.391304,0.750000,0.500000,0.080000,0.920000,10,
"trash_rl/BOTH/parsed-file1231_inv7.als","trash_rl","BOTH","inv7",14,5,4,63,19,17,0.222222,0.263158,0.235294,0.360000,0.640000,10,
"trash_rl/BOTH/parsed-file1238_inv9.als","trash_rl","BOTH","inv9",10,5,2,39,12,12,0.256410,0.416667,0.166667,0.600000,0.400000,10,
"trash_rl/BOTH/parsed-file1241_inv7.als","trash_rl","BOTH","inv7",4,2,2,38,12,12,0.105263,0.166667,0.166667,0.540000,0.460000,10,
"trash_rl/BOTH/parsed-file1253_inv7.als","trash_rl","BOTH","inv7",11,4,7,44,14,15,0.250000,0.285714,0.466667,0.140000,0.860000,10,
"trash_rl/BOTH/parsed-file1268_inv6.als","trash_rl","BOTH","inv6",2,1,8,39,12,12,0.051282,0.083333,0.666667,0.360000,0.640000,10,
"trash_rl/BOTH/parsed-file1273_inv10.als","trash_rl","BOTH","inv10",6,3,19,84,24,24,0.071429,0.125000,0.791667,0.100000,0.900000,10,
"trash_rl/BOTH/parsed-file1303_inv2.als","trash_rl","BOTH","inv2",1,1,3,37,11,12,0.027027,0.090909,0.250000,0.000000,1.000000,10,
"trash_rl/BOTH/parsed-file1305_inv7.als","trash_rl","BOTH","inv7",6,2,2,26,10,8,0.230769,0.200000,0.250000,0.540000,0.460000,10,
"trash_rl/BOTH/parsed-file1315_inv7.als","trash_rl","BOTH","inv7",11,4,8,39,12,12,0.282051,0.333333,0.666667,0.240000,0.760000,10,
"trash_rl/BOTH/parsed-file1320_inv5.als","trash_rl","BOTH","inv5",16,11,6,32,11,9,0.500000,1.000000,0.666667,0.800000,0.200000,10,
"trash_rl/BOTH/parsed-file1325_inv10.als","trash_rl","BOTH","inv10",14,14,10,59,20,12,0.237288,0.700000,0.833333,0.200000,0.800000,10,
"trash_rl/BOTH/parsed-file1328_inv4.als","trash_rl","BOTH","inv4",14,6,4,14,6,5,1.000000,1.000000,0.800000,0.090000,0.910000,10,
"trash_rl/BOTH/parsed-file1331_inv4.als","trash_rl","BOTH","inv4",6,6,4,19,6,5,0.315789,1.000000,0.800000,0.000000,1.000000,10,
"trash_rl/BOTH/parsed-file1352_inv10.als","trash_rl","BOTH","inv10",4,2,2,61,19,17,0.065574,0.105263,0.117647,0.300000,0.700000,10,
"trash_rl/BOTH/parsed-file1353_inv5.als","trash_rl","BOTH","inv5",6,4,3,26,7,6,0.230769,0.571429,0.500000,0.800000,0.200000,10,
"trash_rl/BOTH/parsed-file1365_inv7.als","trash_rl","BOTH","inv7",8,6,5,44,14,15,0.181818,0.428571,0.333333,0.480000,0.520000,10,
"trash_rl/BOTH/parsed-file1366_inv3.als","trash_rl","BOTH","inv3",3,2,2,20,7,6,0.150000,0.285714,0.333333,0.720000,0.280000,10,
"trash_rl/BOTH/parsed-file1373_inv7.als","trash_rl","BOTH","inv7",7,5,3,43,14,13,0.162791,0.357143,0.230769,0.000000,1.000000,10,
"trash_rl/BOTH/parsed-file1420_inv5.als","trash_rl","BOTH","inv5",9,5,3,20,6,5,0.450000,0.833333,0.600000,0.000000,1.000000,10,
"trash_rl/BOTH/parsed-file1426_inv10.als","trash_rl","BOTH","inv10",29,13,13,59,19,22,0.491525,0.684211,0.590909,0.000000,1.000000,10,
"trash_rl/BOTH/parsed-file1427_inv7.als","trash_rl","BOTH","inv7",10,4,3,43,14,13,0.232558,0.285714,0.230769,0.000000,1.000000,10,
"trash_rl/BOTH/parsed-file1431_inv7.als","trash_rl","BOTH","inv7",15,8,5,19,6,5,0.789474,1.333333,1.000000,0.270000,0.730000,10,
"trash_rl/BOTH/parsed-file1442_inv7.als","trash_rl","BOTH","inv7",10,6,4,42,14,13,0.238095,0.428571,0.307692,0.480000,0.520000,10,
"trash_rl/BOTH/parsed-file1448_inv5.als","trash_rl","BOTH","inv5",6,2,4,29,9,7,0.206897,0.222222,0.571429,0.720000,0.280000,10,
"trash_rl/BOTH/parsed-file1453_inv10.als","trash_rl","BOTH","inv10",14,8,7,61,19,18,0.229508,0.421053,0.388889,0.300000,0.700000,10,
"trash_rl/BOTH/parsed-file1472_inv10.als","trash_rl","BOTH","inv10",15,7,19,69,22,21,0.217391,0.318182,0.904762,0.000000,1.000000,10,
"trash_rl/BOTH/parsed-file1485_inv6.als","trash_rl","BOTH","inv6",32,22,19,71,25,22,0.450704,0.880000,0.863636,0.000000,1.000000,10,
"trash_rl/BOTH/parsed-file1495_inv4.als","trash_rl","BOTH","inv4",8,6,5,21,6,7,0.380952,1.000000,0.714286,0.720000,0.280000,10,
"trash_rl/BOTH/parsed-file1507_inv5.als","trash_rl","BOTH","inv5",11,4,4,38,12,9,0.289474,0.333333,0.444444,0.720000,0.280000,10,
"trash_rl/BOTH/parsed-file151_inv7.als","trash_rl","BOTH","inv7",10,4,3,43,14,13,0.232558,0.285714,0.230769,0.000000,1.000000,10,
"trash_rl/BOTH/parsed-file1527_inv7.als","trash_rl","BOTH","inv7",6,3,6,58,17,17,0.103448,0.176471,0.352941,0.120000,0.880000,10,
"trash_rl/BOTH/parsed-file1531_inv2.als","trash_rl","BOTH","inv2",12,4,3,14,4,4,0.857143,1.000000,0.750000,0.200000,0.800000,10,
"trash_rl/BOTH/parsed-file1543_inv3.als","trash_rl","BOTH","inv3",14,4,3,25,9,7,0.560000,0.444444,0.428571,0.100000,0.900000,10,
"trash_rl/BOTH/parsed-file1543_inv7.als","trash_rl","BOTH","inv7",10,2,2,17,7,6,0.588235,0.285714,0.333333,0.540000,0.460000,10,
"trash_rl/BOTH/parsed-file1559_inv6.als","trash_rl","BOTH","inv6",24,10,14,61,19,23,0.393443,0.526316,0.608696,0.000000,1.000000,10,
"trash_rl/BOTH/parsed-file155_inv6.als","trash_rl","BOTH","inv6",16,6,4,20,10,7,0.800000,0.600000,0.571429,0.240000,0.760000,10,
"trash_rl/BOTH/parsed-file1568_inv5.als","trash_rl","BOTH","inv5",8,4,4,25,7,6,0.320000,0.571429,0.666667,0.720000,0.280000,10,
"trash_rl/BOTH/parsed-file1584_inv5.als","trash_rl","BOTH","inv5",9,7,5,23,8,7,0.391304,0.875000,0.714286,0.800000,0.200000,10,
"trash_rl/BOTH/parsed-file1612_inv6.als","trash_rl","BOTH","inv6",18,12,4,18,7,6,1.000000,1.714286,0.666667,0.000000,1.000000,10,
"trash_rl/BOTH/parsed-file1620_inv1.als","trash_rl","BOTH","inv1",8,3,4,16,6,7,0.500000,0.500000,0.571429,0.100000,0.900000,10,
"trash_rl/BOTH/parsed-file1630_inv7.als","trash_rl","BOTH","inv7",16,6,4,24,11,8,0.666667,0.545455,0.500000,0.300000,0.700000,10,
"trash_rl/BOTH/parsed-file1651_inv10.als","trash_rl","BOTH","inv10",25,10,10,83,24,21,0.301205,0.416667,0.476190,0.240000,0.760000,10,
"trash_rl/BOTH/parsed-file1656_inv7.als","trash_rl","BOTH","inv7",10,2,2,17,7,6,0.588235,0.285714,0.333333,0.540000,0.460000,10,
"trash_rl/BOTH/parsed-file165_inv7.als","trash_rl","BOTH","inv7",10,2,2,17,7,6,0.588235,0.285714,0.333333,0.540000,0.460000,10,
"trash_rl/BOTH/parsed-file1662_inv10.als","trash_rl","BOTH","inv10",23,9,9,52,16,17,0.442308,0.562500,0.529412,0.160000,0.840000,10,
"trash_rl/BOTH/parsed-file1668_inv7.als","trash_rl","BOTH","inv7",6,2,2,26,10,8,0.230769,0.200000,0.250000,0.540000,0.460000,10,
"trash_rl/BOTH/parsed-file1712_inv7.als","trash_rl","BOTH","inv7",16,8,6,49,15,14,0.326531,0.533333,0.428571,0.300000,0.700000,10,
"trash_rl/BOTH/parsed-file1720_inv3.als","trash_rl","BOTH","inv3",1,1,1,21,7,6,0.047619,0.142857,0.166667,0.000000,1.000000,10,
"trash_rl/BOTH/parsed-file1726_inv7.als","trash_rl","BOTH","inv7",3,2,1,63,19,24,0.047619,0.105263,0.041667,0.540000,0.460000,10,
"trash_rl/BOTH/parsed-file1727_inv5.als","trash_rl","BOTH","inv5",1,1,1,29,9,7,0.034483,0.111111,0.142857,0.000000,1.000000,10,
"trash_rl/BOTH/parsed-file1729_inv5.als","trash_rl","BOTH","inv5",6,4,3,25,7,6,0.240000,0.571429,0.500000,0.720000,0.280000,10,
"trash_rl/BOTH/parsed-file1730_inv1.als","trash_rl","BOTH","inv1",1,1,1,36,11,11,0.027778,0.090909,0.090909,0.000000,1.000000,10,
"trash_rl/BOTH/parsed-file1731_inv7.als","trash_rl","BOTH","inv7",1,1,3,47,15,14,0.021277,0.066667,0.214286,0.000000,1.000000,10,
"trash_rl/BOTH/parsed-file1739_inv6.als","trash_rl","BOTH","inv6",11,4,11,43,13,12,0.255814,0.307692,0.916667,0.000000,1.000000,10,
"trash_rl/BOTH/parsed-file1758_inv9.als","trash_rl","BOTH","inv9",4,4,3,56,17,21,0.071429,0.235294,0.142857,0.350000,0.650000,10,
"trash_rl/BOTH/parsed-file1761_inv6.als","trash_rl","BOTH","inv6",14,5,4,18,8,6,0.777778,0.625000,0.666667,0.600000,0.400000,10,
"trash_rl/BOTH/parsed-file1779_inv10.als","trash_rl","BOTH","inv10",14,5,4,38,12,12,0.368421,0.416667,0.333333,0.160000,0.840000,10,
"trash_rl/BOTH/parsed-file177_inv7.als","trash_rl","BOTH","inv7",8,6,5,44,14,15,0.181818,0.428571,0.333333,0.480000,0.520000,10,
"trash_rl/BOTH/parsed-file1784_inv5.als","trash_rl","BOTH","inv5",16,7,5,14,4,4,1.142857,1.750000,1.250000,0.080000,0.920000,10,
"trash_rl/BOTH/parsed-file1789_inv9.als","trash_rl","BOTH","inv9",10,5,2,39,12,12,0.256410,0.416667,0.166667,0.600000,0.400000,10,
"trash_rl/BOTH/parsed-file1791_inv5.als","trash_rl","BOTH","inv5",23,7,8,39,12,12,0.589744,0.583333,0.666667,0.300000,0.700000,10,
"trash_rl/BOTH/parsed-file179_inv9.als","trash_rl","BOTH","inv9",11,6,3,39,12,12,0.282051,0.500000,0.250000,0.600000,0.400000,10,
"trash_rl/BOTH/parsed-file17_inv2.als","trash_rl","BOTH","inv2",5,3,2,12,4,4,0.416667,0.750000,0.500000,0.000000,1.000000,10,
"trash_rl/BOTH/parsed-file1826_inv6.als","trash_rl","BOTH","inv6",18,9,6,11,4,4,1.636364,2.250000,1.500000,0.000000,1.000000,10,
"trash_rl/BOTH/parsed-file1837_inv6.als","trash_rl","BOTH","inv6",6,4,2,24,11,8,0.250000,0.363636,0.250000,0.240000,0.760000,10,
"trash_rl/BOTH/parsed-file1844_inv5.als","trash_rl","BOTH","inv5",6,4,3,25,7,6,0.240000,0.571429,0.500000,0.720000,0.280000,10,
"trash_rl/BOTH/parsed-file1860_inv6.als","trash_rl","BOTH","inv6",6,4,2,24,11,8,0.250000,0.363636,0.250000,0.240000,0.760000,10,
"trash_rl/BOTH/parsed-file1865_inv7.als","trash_rl","BOTH","inv7",10,6,4,42,14,13,0.238095,0.428571,0.307692,0.480000,0.520000,10,
"trash_rl/BOTH/parsed-file1867_inv5.als","trash_rl","BOTH","inv5",12,7,9,42,11,12,0.285714,0.636364,0.750000,0.720000,0.280000,10,
"trash_rl/BOTH/parsed-file1873_inv6.als","trash_rl","BOTH","inv6",4,1,10,40,12,12,0.100000,0.083333,0.833333,0.000000,1.000000,10,
"trash_rl/BOTH/parsed-file1894_inv10.als","trash_rl","BOTH","inv10",17,12,9,67,20,17,0.253731,0.600000,0.529412,0.300000,0.700000,10,
"trash_rl/BOTH/parsed-file1917_inv6.als","trash_rl","BOTH","inv6",5,3,8,38,12,12,0.131579,0.250000,0.666667,0.080000,0.920000,10,
"trash_rl/BOTH/parsed-file1921_inv10.als","trash_rl","BOTH","inv10",14,8,7,61,19,18,0.229508,0.421053,0.388889,0.300000,0.700000,10,
"trash_rl/BOTH/parsed-file1928_inv5.als","trash_rl","BOTH","inv5",9,5,4,23,8,6,0.391304,0.625000,0.666667,0.080000,0.920000,10,
"trash_rl/BOTH/parsed-file1985_inv7.als","trash_rl","BOTH","inv7",6,2,2,26,10,8,0.230769,0.200000,0.250000,0.540000,0.460000,10,
"trash_rl/BOTH/parsed-file198_inv6.als","trash_rl","BOTH","inv6",24,10,13,83,24,29,0.289157,0.416667,0.448276,0.480000,0.520000,10,
"trash_rl/BOTH/parsed-file198_inv7.als","trash_rl","BOTH","inv7",54,24,34,114,34,43,0.473684,0.705882,0.790698,0.080000,0.920000,10,
"trash_rl/BOTH/parsed-file2001_inv4.als","trash_rl","BOTH","inv4",1,1,1,24,7,6,0.041667,0.142857,0.166667,0.020000,0.980000,10,
"trash_rl/BOTH/parsed-file2014_inv5.als","trash_rl","BOTH","inv5",8,7,3,24,8,6,0.333333,0.875000,0.500000,0.180000,0.820000,10,
"trash_rl/BOTH/parsed-file2034_inv7.als","trash_rl","BOTH","inv7",4,2,2,58,17,16,0.068966,0.117647,0.125000,0.540000,0.460000,10,
"trash_rl/BOTH/parsed-file203_inv7.als","trash_rl","BOTH","inv7",11,4,7,44,14,15,0.250000,0.285714,0.466667,0.140000,0.860000,10,
"trash_rl/BOTH/parsed-file2069_inv5.als","trash_rl","BOTH","inv5",12,12,9,44,13,12,0.272727,0.923077,0.750000,0.720000,0.280000,10,
"trash_rl/BOTH/parsed-file2078_inv9.als","trash_rl","BOTH","inv9",19,7,7,71,23,24,0.267606,0.304348,0.291667,0.600000,0.400000,10,
"trash_rl/BOTH/parsed-file2080_inv10.als","trash_rl","BOTH","inv10",25,17,14,89,29,25,0.280899,0.586207,0.560000,0.300000,0.700000,10,
"trash_rl/BOTH/parsed-file2090_inv9.als","trash_rl","BOTH","inv9",13,6,4,24,12,8,0.541667,0.500000,0.500000,0.300000,0.700000,10,
"trash_rl/BOTH/parsed-file2106_inv5.als","trash_rl","BOTH","inv5",7,4,3,24,7,6,0.291667,0.571429,0.500000,0.720000,0.280000,10,
"trash_rl/BOTH/parsed-file2118_inv5.als","trash_rl","BOTH","inv5",6,3,2,24,7,6,0.250000,0.428571,0.333333,0.000000,1.000000,10,
"trash_rl/BOTH/parsed-file2129_inv10.als","trash_rl","BOTH","inv10",17,7,4,30,12,9,0.566667,0.583333,0.444444,0.000000,1.000000,10,
"trash_rl/BOTH/parsed-file2130_inv10.als","trash_rl","BOTH","inv10",15,8,8,74,24,22,0.202703,0.333333,0.363636,0.000000,1.000000,10,
"trash_rl/BOTH/parsed-file2156_inv9.als","trash_rl","BOTH","inv9",10,5,2,39,12,12,0.256410,0.416667,0.166667,0.600000,0.400000,10,
"trash_rl/BOTH/parsed-file2190_inv7.als","trash_rl","BOTH","inv7",8,6,5,44,14,15,0.181818,0.428571,0.333333,0.480000,0.520000,10,
"trash_rl/BOTH/parsed-file2205_inv10.als","trash_rl","BOTH","inv10",2,2,2,81,24,29,0.024691,0.083333,0.068966,0.300000,0.700000,10,
"trash_rl/BOTH/parsed-file2214_inv9.als","trash_rl","BOTH","inv9",9,9,4,21,9,7,0.428571,1.000000,0.571429,0.600000,0.400000,10,
"trash_rl/BOTH/parsed-file221_inv4.als","trash_rl","BOTH","inv4",7,6,5,20,6,7,0.350000,1.000000,0.714286,0.900000,0.100000,10,
"trash_rl/BOTH/parsed-file2243_inv2.als","trash_rl","BOTH","inv2",8,1,1,23,7,6,0.347826,0.142857,0.166667,0.100000,0.900000,10,
"trash_rl/BOTH/parsed-file2244_inv7.als","trash_rl","BOTH","inv7",3,1,7,56,17,16,0.053571,0.058824,0.437500,0.000000,1.000000,10,
"trash_rl/BOTH/parsed-file2250_inv4.als","trash_rl","BOTH","inv4",8,6,5,21,6,7,0.380952,1.000000,0.714286,0.720000,0.280000,10,
"trash_rl/BOTH/parsed-file2258_inv5.als","trash_rl","BOTH","inv5",6,4,3,26,7,6,0.230769,0.571429,0.500000,0.000000,1.000000,10,
"trash_rl/BOTH/parsed-file2261_inv7.als","trash_rl","BOTH","inv7",4,2,2,58,17,16,0.068966,0.117647,0.125000,0.540000,0.460000,10,
"trash_rl/BOTH/parsed-file2262_inv5.als","trash_rl","BOTH","inv5",9,7,5,23,8,7,0.391304,0.875000,0.714286,0.800000,0.200000,10,
"trash_rl/BOTH/parsed-file2270_inv5.als","trash_rl","BOTH","inv5",14,4,2,33,10,8,0.424242,0.400000,0.250000,0.720000,0.280000,10,
"trash_rl/BOTH/parsed-file228_inv1.als","trash_rl","BOTH","inv1",3,2,1,36,11,11,0.083333,0.181818,0.090909,0.000000,1.000000,10,
"trash_rl/BOTH/parsed-file2298_inv3.als","trash_rl","BOTH","inv3",8,3,5,35,10,10,0.228571,0.300000,0.500000,0.980392,0.019608,10,
"trash_rl/BOTH/parsed-file2301_inv6.als","trash_rl","BOTH","inv6",2,1,8,39,12,12,0.051282,0.083333,0.666667,0.360000,0.640000,10,
"trash_rl/BOTH/parsed-file2305_inv7.als","trash_rl","BOTH","inv7",1,1,1,47,15,14,0.021277,0.066667,0.071429,0.120000,0.880000,10,
"trash_rl/BOTH/parsed-file2328_inv6.als","trash_rl","BOTH","inv6",16,8,7,26,10,8,0.615385,0.800000,0.875000,0.400000,0.600000,10,
"trash_rl/BOTH/parsed-file2331_inv5.als","trash_rl","BOTH","inv5",18,4,4,29,9,7,0.620690,0.444444,0.571429,0.000000,1.000000,10,
"trash_rl/BOTH/parsed-file2334_inv10.als","trash_rl","BOTH","inv10",23,9,9,52,16,17,0.442308,0.562500,0.529412,0.160000,0.840000,10,
"trash_rl/BOTH/parsed-file2337_inv5.als","trash_rl","BOTH","inv5",8,6,4,25,8,6,0.320000,0.750000,0.666667,0.000000,1.000000,10,
"trash_rl/BOTH/parsed-file2341_inv5.als","trash_rl","BOTH","inv5",8,7,3,25,8,6,0.320000,0.875000,0.500000,0.180000,0.820000,10,
"trash_rl/BOTH/parsed-file2343_inv10.als","trash_rl","BOTH","inv10",10,2,2,23,9,7,0.434783,0.222222,0.285714,0.300000,0.700000,10,
"trash_rl/BOTH/parsed-file234_inv6.als","trash_rl","BOTH","inv6",6,4,2,24,11,8,0.250000,0.363636,0.250000,0.240000,0.760000,10,
"trash_rl/BOTH/parsed-file2358_inv5.als","trash_rl","BOTH","inv5",8,4,3,25,7,6,0.320000,0.571429,0.500000,0.720000,0.280000,10,
"trash_rl/BOTH/parsed-file2359_inv7.als","trash_rl","BOTH","inv7",7,5,4,22,9,7,0.318182,0.555556,0.571429,0.000000,1.000000,10,
"trash_rl/BOTH/parsed-file2371_inv6.als","trash_rl","BOTH","inv6",14,12,5,18,7,6,0.777778,1.714286,0.833333,0.240000,0.760000,10,
"trash_rl/BOTH/parsed-file237_inv5.als","trash_rl","BOTH","inv5",12,4,2,29,9,7,0.413793,0.444444,0.285714,0.720000,0.280000,10,
"trash_rl/BOTH/parsed-file2404_inv5.als","trash_rl","BOTH","inv5",11,3,3,28,9,7,0.392857,0.333333,0.428571,0.000000,1.000000,10,
"trash_rl/BOTH/parsed-file2420_inv10.als","trash_rl","BOTH","inv10",15,5,5,31,12,9,0.483871,0.416667,0.555556,0.280000,0.720000,10,
"trash_rl/BOTH/parsed-file2440_inv10.als","trash_rl","BOTH","inv10",12,6,3,24,10,7,0.500000,0.600000,0.428571,0.300000,0.700000,10,
"trash_rl/BOTH/parsed-file2448_inv2.als","trash_rl","BOTH","inv2",1,1,1,19,7,6,0.052632,0.142857,0.166667,0.000000,1.000000,10,
"trash_rl/BOTH/parsed-file2465_inv7.als","trash_rl","BOTH","inv7",8,6,5,44,14,15,0.181818,0.428571,0.333333,0.480000,0.520000,10,
"trash_rl/BOTH/parsed-file2467_inv3.als","trash_rl","BOTH","inv3",6,3,2,15,6,5,0.400000,0.500000,0.400000,0.100000,0.900000,10,
"trash_rl/BOTH/parsed-file2471_inv9.als","trash_rl","BOTH","inv9",12,3,7,22,10,9,0.545455,0.300000,0.777778,0.000000,1.000000,10,
"trash_rl/BOTH/parsed-file2472_inv10.als","trash_rl","BOTH","inv10",12,3,5,22,9,7,0.545455,0.333333,0.714286,0.280000,0.720000,10,
"trash_rl/BOTH/parsed-file2480_inv9.als","trash_rl","BOTH","inv9",23,15,8,59,19,19,0.389831,0.789474,0.421053,0.400000,0.600000,10,
"trash_rl/BOTH/parsed-file2494_inv3.als","trash_rl","BOTH","inv3",3,1,1,19,7,6,0.157895,0.142857,0.166667,0.000000,1.000000,10,
"trash_rl/BOTH/parsed-file2495_inv5.als","trash_rl","BOTH","inv5",7,4,3,24,7,6,0.291667,0.571429,0.500000,0.020000,0.980000,10,
"trash_rl/BOTH/parsed-file249_inv9.als","trash_rl","BOTH","inv9",9,5,9,38,12,12,0.236842,0.416667,0.750000,0.000000,1.000000,10,
"trash_rl/BOTH/parsed-file2502_inv10.als","trash_rl","BOTH","inv10",6,2,1,30,12,8,0.200000,0.166667,0.125000,0.640000,0.360000,10,
"trash_rl/BOTH/parsed-file250_inv5.als","trash_rl","BOTH","inv5",9,6,3,23,8,6,0.391304,0.750000,0.500000,0.080000,0.920000,10,
"trash_rl/BOTH/parsed-file2514_inv6.als","trash_rl","BOTH","inv6",32,27,34,114,34,43,0.280702,0.794118,0.790698,0.000000,1.000000,10,
"trash_rl/BOTH/parsed-file2540_inv6.als","trash_rl","BOTH","inv6",16,12,5,18,7,6,0.888889,1.714286,0.833333,0.000000,1.000000,10,
"trash_rl/BOTH/parsed-file2557_inv1.als","trash_rl","BOTH","inv1",3,1,1,12,4,4,0.250000,0.250000,0.250000,0.000000,1.000000,10,
"trash_rl/BOTH/parsed-file2560_inv3.als","trash_rl","BOTH","inv3",6,3,2,15,6,5,0.400000,0.500000,0.400000,0.100000,0.900000,10,
"trash_rl/BOTH/parsed-file2564_inv10.als","trash_rl","BOTH","inv10",7,4,4,68,22,20,0.102941,0.181818,0.200000,0.500000,0.500000,10,
"trash_rl/BOTH/parsed-file2585_inv9.als","trash_rl","BOTH","inv9",18,14,8,60,20,17,0.300000,0.700000,0.470588,0.000000,1.000000,10,
"trash_rl/BOTH/parsed-file258_inv10.als","trash_rl","BOTH","inv10",2,2,2,84,24,29,0.023810,0.083333,0.068966,0.300000,0.700000,10,
"trash_rl/BOTH/parsed-file2595_inv6.als","trash_rl","BOTH","inv6",4,2,2,39,12,12,0.102564,0.166667,0.166667,0.240000,0.760000,10,
"trash_rl/BOTH/parsed-file2600_inv6.als","trash_rl","BOTH","inv6",7,3,3,42,13,12,0.166667,0.230769,0.250000,0.240000,0.760000,10,
"trash_rl/BOTH/parsed-file260_inv4.als","trash_rl","BOTH","inv4",6,9,2,25,8,6,0.240000,1.125000,0.333333,0.000000,1.000000,10,
"trash_rl/BOTH/parsed-file261_inv7.als","trash_rl","BOTH","inv7",13,4,7,23,9,9,0.565217,0.444444,0.777778,0.400000,0.600000,10,
"trash_rl/BOTH/parsed-file2628_inv6.als","trash_rl","BOTH","inv6",4,2,2,39,12,12,0.102564,0.166667,0.166667,0.240000,0.760000,10,
"trash_rl/BOTH/parsed-file2630_inv10.als","trash_rl","BOTH","inv10",14,8,7,61,19,18,0.229508,0.421053,0.388889,0.300000,0.700000,10,
"trash_rl/BOTH/parsed-file2638_inv10.als","trash_rl","BOTH","inv10",12,6,3,24,10,7,0.500000,0.600000,0.428571,0.400000,0.600000,10,
"trash_rl/BOTH/parsed-file2640_inv7.als","trash_rl","BOTH","inv7",13,5,3,47,14,13,0.276596,0.357143,0.230769,0.350000,0.650000,10,
"trash_rl/BOTH/parsed-file2650_inv7.als","trash_rl","BOTH","inv7",4,2,2,38,12,12,0.105263,0.166667,0.166667,0.540000,0.460000,10,
"trash_rl/BOTH/parsed-file2657_inv5.als","trash_rl","BOTH","inv5",6,4,3,25,7,6,0.240000,0.571429,0.500000,0.800000,0.200000,10,
"trash_rl/BOTH/parsed-file2683_inv6.als","trash_rl","BOTH","inv6",6,3,8,39,12,12,0.153846,0.250000,0.666667,0.000000,1.000000,10,
"trash_rl/BOTH/parsed-file268_inv10.als","trash_rl","BOTH","inv10",18,9,17,62,19,19,0.290323,0.473684,0.894737,0.000000,1.000000,10,
"trash_rl/BOTH/parsed-file2702_inv5.als","trash_rl","BOTH","inv5",6,4,3,25,7,6,0.240000,0.571429,0.500000,0.020000,0.980000,10,
"trash_rl/BOTH/parsed-file2705_inv7.als","trash_rl","BOTH","inv7",11,4,7,44,14,15,0.250000,0.285714,0.466667,0.140000,0.860000,10,
"trash_rl/BOTH/parsed-file2707_inv2.als","trash_rl","BOTH","inv2",8,1,1,40,11,11,0.200000,0.090909,0.090909,0.100000,0.900000,10,
"trash_rl/BOTH/parsed-file2709_inv5.als","trash_rl","BOTH","inv5",1,1,1,29,9,7,0.034483,0.111111,0.142857,0.000000,1.000000,10,
"trash_rl/BOTH/parsed-file2737_inv5.als","trash_rl","BOTH","inv5",6,3,2,24,7,6,0.250000,0.428571,0.333333,0.000000,1.000000,10,
"trash_rl/BOTH/parsed-file2739_inv9.als","trash_rl","BOTH","inv9",12,7,3,43,14,13,0.279070,0.500000,0.230769,0.560000,0.440000,10,
"trash_rl/BOTH/parsed-file2744_inv7.als","trash_rl","BOTH","inv7",8,6,5,44,14,15,0.181818,0.428571,0.333333,0.480000,0.520000,10,
"trash_rl/BOTH/parsed-file2769_inv10.als","trash_rl","BOTH","inv10",11,6,6,68,22,20,0.161765,0.272727,0.300000,0.000000,1.000000,10,
"trash_rl/BOTH/parsed-file2777_inv9.als","trash_rl","BOTH","inv9",62,29,30,115,32,34,0.539130,0.906250,0.882353,0.980392,0.019608,10,
"trash_rl/BOTH/parsed-file2782_inv5.als","trash_rl","BOTH","inv5",8,6,4,25,8,6,0.320000,0.750000,0.666667,0.180000,0.820000,10,
"trash_rl/BOTH/parsed-file2788_inv5.als","trash_rl","BOTH","inv5",7,4,3,24,7,6,0.291667,0.571429,0.500000,0.720000,0.280000,10,
"trash_rl/BOTH/parsed-file278_inv4.als","trash_rl","BOTH","inv4",5,9,5,23,8,7,0.217391,1.125000,0.714286,0.720000,0.280000,10,
"trash_rl/BOTH/parsed-file2810_inv10.als","trash_rl","BOTH","inv10",10,2,2,23,9,7,0.434783,0.222222,0.285714,0.300000,0.700000,10,
"trash_rl/BOTH/parsed-file282_inv9.als","trash_rl","BOTH","inv9",19,7,7,71,23,24,0.267606,0.304348,0.291667,0.600000,0.400000,10,
"trash_rl/BOTH/parsed-file2834_inv9.als","trash_rl","BOTH","inv9",8,4,3,14,6,5,0.571429,0.666667,0.600000,0.800000,0.200000,10,
"trash_rl/BOTH/parsed-file2845_inv9.als","trash_rl","BOTH","inv9",11,8,4,42,14,13,0.261905,0.571429,0.307692,0.600000,0.400000,10,
"trash_rl/BOTH/parsed-file291_inv3.als","trash_rl","BOTH","inv3",1,1,1,21,7,6,0.047619,0.142857,0.166667,0.000000,1.000000,10,
"trash_rl/BOTH/parsed-file294_inv9.als","trash_rl","BOTH","inv9",19,7,7,71,23,24,0.267606,0.304348,0.291667,0.400000,0.600000,10,
"trash_rl/BOTH/parsed-file304_inv7.als","trash_rl","BOTH","inv7",7,3,3,40,12,12,0.175000,0.250000,0.250000,0.400000,0.600000,10,
"trash_rl/BOTH/parsed-file323_inv10.als","trash_rl","BOTH","inv10",17,8,8,64,21,19,0.265625,0.380952,0.421053,0.180000,0.820000,10,
"trash_rl/BOTH/parsed-file32_inv7.als","trash_rl","BOTH","inv7",14,5,4,26,9,7,0.538462,0.555556,0.571429,0.350000,0.650000,10,
"trash_rl/BOTH/parsed-file331_inv1.als","trash_rl","BOTH","inv1",24,9,8,59,16,16,0.406780,0.562500,0.500000,0.000000,1.000000,10,
"trash_rl/BOTH/parsed-file339_inv4.als","trash_rl","BOTH","inv4",3,1,2,43,13,11,0.069767,0.076923,0.181818,0.020000,0.980000,10,
"trash_rl/BOTH/parsed-file340_inv9.als","trash_rl","BOTH","inv9",21,9,11,62,16,20,0.338710,0.562500,0.550000,0.600000,0.400000,10,
"trash_rl/BOTH/parsed-file342_inv4.als","trash_rl","BOTH","inv4",14,7,8,50,14,13,0.280000,0.500000,0.615385,0.000000,1.000000,10,
"trash_rl/BOTH/parsed-file350_inv5.als","trash_rl","BOTH","inv5",7,4,3,24,7,6,0.291667,0.571429,0.500000,0.000000,1.000000,10,
"trash_rl/BOTH/parsed-file378_inv5.als","trash_rl","BOTH","inv5",14,12,9,44,13,12,0.318182,0.923077,0.750000,0.720000,0.280000,10,
"trash_rl/BOTH/parsed-file387_inv6.als","trash_rl","BOTH","inv6",15,5,4,18,8,6,0.833333,0.625000,0.666667,0.000000,1.000000,10,
"trash_rl/BOTH/parsed-file407_inv7.als","trash_rl","BOTH","inv7",4,2,2,58,17,16,0.068966,0.117647,0.125000,0.540000,0.460000,10,
"trash_rl/BOTH/parsed-file416_inv9.als","trash_rl","BOTH","inv9",2,2,2,59,19,22,0.033898,0.105263,0.090909,0.150000,0.850000,10,
"trash_rl/BOTH/parsed-file421_inv7.als","trash_rl","BOTH","inv7",5,10,5,46,16,15,0.108696,0.625000,0.333333,0.480000,0.520000,10,
"trash_rl/BOTH/parsed-file435_inv7.als","trash_rl","BOTH","inv7",11,4,8,39,12,12,0.282051,0.333333,0.666667,0.240000,0.760000,10,
"trash_rl/BOTH/parsed-file436_inv10.als","trash_rl","BOTH","inv10",14,8,7,61,19,18,0.229508,0.421053,0.388889,0.300000,0.700000,10,
"trash_rl/BOTH/parsed-file43_inv5.als","trash_rl","BOTH","inv5",16,7,10,45,12,12,0.355556,0.583333,0.833333,0.720000,0.280000,10,
"trash_rl/BOTH/parsed-file471_inv4.als","trash_rl","BOTH","inv4",5,9,5,23,8,7,0.217391,1.125000,0.714286,0.720000,0.280000,10,
"trash_rl/BOTH/parsed-file477_inv10.als","trash_rl","BOTH","inv10",14,8,7,61,19,18,0.229508,0.421053,0.388889,0.300000,0.700000,10,
"trash_rl/BOTH/parsed-file485_inv9.als","trash_rl","BOTH","inv9",14,6,8,25,12,10,0.560000,0.500000,0.800000,0.200000,0.800000,10,
"trash_rl/BOTH/parsed-file491_inv5.als","trash_rl","BOTH","inv5",8,6,4,24,8,6,0.333333,0.750000,0.666667,0.180000,0.820000,10,
"trash_rl/BOTH/parsed-file497_inv4.als","trash_rl","BOTH","inv4",7,4,2,28,9,7,0.250000,0.444444,0.285714,0.720000,0.280000,10,
"trash_rl/BOTH/parsed-file4_inv5.als","trash_rl","BOTH","inv5",12,4,2,29,9,7,0.413793,0.444444,0.285714,0.720000,0.280000,10,
"trash_rl/BOTH/parsed-file502_inv5.als","trash_rl","BOTH","inv5",12,7,9,42,11,12,0.285714,0.636364,0.750000,0.720000,0.280000,10,
"trash_rl/BOTH/parsed-file504_inv9.als","trash_rl","BOTH","inv9",12,3,7,22,10,9,0.545455,0.300000,0.777778,0.000000,1.000000,10,
"trash_rl/BOTH/parsed-file513_inv4.als","trash_rl","BOTH","inv4",8,6,5,21,6,7,0.380952,1.000000,0.714286,0.720000,0.280000,10,
"trash_rl/BOTH/parsed-file514_inv9.als","trash_rl","BOTH","inv9",11,6,8,25,12,10,0.440000,0.500000,0.800000,0.200000,0.800000,10,
"trash_rl/BOTH/parsed-file535_inv5.als","trash_rl","BOTH","inv5",16,7,10,45,12,12,0.355556,0.583333,0.833333,0.720000,0.280000,10,
"trash_rl/BOTH/parsed-file54_inv9.als","trash_rl","BOTH","inv9",10,6,4,24,12,8,0.416667,0.500000,0.500000,0.300000,0.700000,10,
"trash_rl/BOTH/parsed-file553_inv5.als","trash_rl","BOTH","inv5",7,4,3,24,7,6,0.291667,0.571429,0.500000,0.720000,0.280000,10,
"trash_rl/BOTH/parsed-file571_inv5.als","trash_rl","BOTH","inv5",14,7,7,39,10,10,0.358974,0.700000,0.700000,0.080000,0.920000,10,
"trash_rl/BOTH/parsed-file575_inv5.als","trash_rl","BOTH","inv5",8,7,3,25,8,6,0.320000,0.875000,0.500000,0.000000,1.000000,10,
"trash_rl/BOTH/parsed-file579_inv6.als","trash_rl","BOTH","inv6",7,3,3,42,13,12,0.166667,0.230769,0.250000,0.240000,0.760000,10,
"trash_rl/BOTH/parsed-file601_inv4.als","trash_rl","BOTH","inv4",7,5,3,20,6,5,0.350000,0.833333,0.600000,0.020000,0.980000,10,
"trash_rl/BOTH/parsed-file608_inv5.als","trash_rl","BOTH","inv5",6,2,4,29,9,7,0.206897,0.222222,0.571429,0.720000,0.280000,10,
"trash_rl/BOTH/parsed-file612_inv7.als","trash_rl","BOTH","inv7",7,5,3,43,14,13,0.162791,0.357143,0.230769,0.000000,1.000000,10,
"trash_rl/BOTH/parsed-file675_inv3.als","trash_rl","BOTH","inv3",19,5,4,32,10,8,0.593750,0.500000,0.500000,0.100000,0.900000,10,
"trash_rl/BOTH/parsed-file699_inv4.als","trash_rl","BOTH","inv4",13,7,8,50,14,13,0.260000,0.500000,0.615385,0.000000,1.000000,10,
"trash_rl/BOTH/parsed-file69_inv10.als","trash_rl","BOTH","inv10",20,13,8,50,18,15,0.400000,0.722222,0.533333,0.000000,1.000000,10,
"trash_rl/BOTH/parsed-file707_inv9.als","trash_rl","BOTH","inv9",14,5,4,24,11,8,0.583333,0.454545,0.500000,0.600000,0.400000,10,
"trash_rl/BOTH/parsed-file715_inv5.als","trash_rl","BOTH","inv5",7,4,3,24,7,6,0.291667,0.571429,0.500000,0.720000,0.280000,10,
"trash_rl/BOTH/parsed-file717_inv6.als","trash_rl","BOTH","inv6",17,12,5,17,7,6,1.000000,1.714286,0.833333,0.400000,0.600000,10,
"trash_rl/BOTH/parsed-file71_inv7.als","trash_rl","BOTH","inv7",16,7,5,24,11,8,0.666667,0.636364,0.625000,0.700000,0.300000,10,
"trash_rl/BOTH/parsed-file766_inv6.als","trash_rl","BOTH","inv6",32,27,34,114,34,43,0.280702,0.794118,0.790698,0.000000,1.000000,10,
"trash_rl/BOTH/parsed-file77_inv10.als","trash_rl","BOTH","inv10",25,12,11,91,27,25,0.274725,0.444444,0.440000,0.000000,1.000000,10,
"trash_rl/BOTH/parsed-file785_inv9.als","trash_rl","BOTH","inv9",10,6,9,38,12,12,0.263158,0.500000,0.750000,0.000000,1.000000,10,
"trash_rl/BOTH/parsed-file800_inv4.als","trash_rl","BOTH","inv4",8,6,5,21,6,7,0.380952,1.000000,0.714286,0.720000,0.280000,10,
"trash_rl/BOTH/parsed-file811_inv7.als","trash_rl","BOTH","inv7",4,2,2,38,12,12,0.105263,0.166667,0.166667,0.540000,0.460000,10,
"trash_rl/BOTH/parsed-file814_inv6.als","trash_rl","BOTH","inv6",20,8,6,27,10,7,0.740741,0.800000,0.857143,0.240000,0.760000,10,
"trash_rl/BOTH/parsed-file824_inv6.als","trash_rl","BOTH","inv6",2,1,8,39,12,12,0.051282,0.083333,0.666667,0.360000,0.640000,10,
"trash_rl/BOTH/parsed-file832_inv5.als","trash_rl","BOTH","inv5",7,4,3,24,7,6,0.291667,0.571429,0.500000,0.720000,0.280000,10,
"trash_rl/BOTH/parsed-file843_inv10.als","trash_rl","BOTH","inv10",24,10,12,84,24,23,0.285714,0.416667,0.521739,0.240000,0.760000,10,
"trash_rl/BOTH/parsed-file84_inv3.als","trash_rl","BOTH","inv3",7,4,3,24,9,7,0.291667,0.444444,0.428571,0.000000,1.000000,10,
"trash_rl/BOTH/parsed-file853_inv10.als","trash_rl","BOTH","inv10",11,6,6,68,22,20,0.161765,0.272727,0.300000,0.000000,1.000000,10,
"trash_rl/BOTH/parsed-file866_inv10.als","trash_rl","BOTH","inv10",14,8,7,61,19,18,0.229508,0.421053,0.388889,0.300000,0.700000,10,
"trash_rl/BOTH/parsed-file86_inv7.als","trash_rl","BOTH","inv7",15,5,9,40,12,12,0.375000,0.416667,0.750000,0.000000,1.000000,10,
"trash_rl/BOTH/parsed-file876_inv5.als","trash_rl","BOTH","inv5",7,4,3,24,7,6,0.291667,0.571429,0.500000,0.000000,1.000000,10,
"trash_rl/BOTH/parsed-file877_inv5.als","trash_rl","BOTH","inv5",6,2,2,29,9,7,0.206897,0.222222,0.285714,0.000000,1.000000,10,
"trash_rl/BOTH/parsed-file88_inv7.als","trash_rl","BOTH","inv7",11,3,3,18,7,6,0.611111,0.428571,0.500000,0.000000,1.000000,10,
"trash_rl/BOTH/parsed-file890_inv5.als","trash_rl","BOTH","inv5",7,4,3,24,7,6,0.291667,0.571429,0.500000,0.720000,0.280000,10,
"trash_rl/BOTH/parsed-file910_inv3.als","trash_rl","BOTH","inv3",17,7,8,39,12,12,0.435897,0.583333,0.666667,0.280000,0.720000,10,
"trash_rl/BOTH/parsed-file922_inv4.als","trash_rl","BOTH","inv4",7,5,3,20,6,5,0.350000,0.833333,0.600000,0.020000,0.980000,10,
"trash_rl/BOTH/parsed-file925_inv7.als","trash_rl","BOTH","inv7",6,2,11,66,19,20,0.090909,0.105263,0.550000,0.480000,0.520000,10,
"trash_rl/BOTH/parsed-file948_inv2.als","trash_rl","BOTH","inv2",6,3,1,19,7,6,0.315789,0.428571,0.166667,0.000000,1.000000,10,
"trash_rl/BOTH/parsed-file949_inv10.als","trash_rl","BOTH","inv10",4,1,16,62,19,18,0.064516,0.052632,0.888889,0.000000,1.000000,10,
"trash_rl/BOTH/parsed-file960_inv9.als","trash_rl","BOTH","inv9",8,4,3,14,6,5,0.571429,0.666667,0.600000,0.800000,0.200000,10,
"trash_rl/BOTH/parsed-file961_inv10.als","trash_rl","BOTH","inv10",15,5,9,40,12,12,0.375000,0.416667,0.750000,0.160000,0.840000,10,
"trash_rl/BOTH/parsed-file976_inv9.als","trash_rl","BOTH","inv9",17,6,6,65,19,22,0.261538,0.315789,0.272727,0.600000,0.400000,10,
"trash_rl/BOTH/parsed-file977_inv7.als","trash_rl","BOTH","inv7",8,5,5,23,9,9,0.347826,0.555556,0.555556,0.300000,0.700000,10,
"trash_rl/BOTH/parsed-file982_inv5.als","trash_rl","BOTH","inv5",8,4,3,25,7,6,0.320000,0.571429,0.500000,0.720000,0.280000,10,
"trash_rl/BOTH/parsed-file992_inv3.als","trash_rl","BOTH","inv3",43,13,9,58,16,12,0.741379,0.812500,0.750000,0.360000,0.640000,10,
"trash_rl/BOTH/parsed-file998_inv6.als","trash_rl","BOTH","inv6",18,9,5,34,18,11,0.529412,0.500000,0.454545,0.000000,1.000000,10,
"trash_rl/OVERCONSTRAINED/parsed-file1011_inv7.als","trash_rl","OVERCONSTRAINED","inv7",5,1,1,37,12,12,0.135135,0.083333,0.083333,0.000000,1.000000,10,
"trash_rl/OVERCONSTRAINED/parsed-file1043_inv9.als","trash_rl","OVERCONSTRAINED","inv9",8,6,6,18,8,8,0.444444,0.750000,0.750000,0.000000,1.000000,10,
"trash_rl/OVERCONSTRAINED/parsed-file104_inv3.als","trash_rl","OVERCONSTRAINED","inv3",2,1,3,36,11,11,0.055556,0.090909,0.272727,0.990099,0.009901,10,
"trash_rl/OVERCONSTRAINED/parsed-file1058_inv4.als","trash_rl","OVERCONSTRAINED","inv4",3,8,1,23,8,6,0.130435,1.000000,0.166667,0.200000,0.800000,10,
"trash_rl/OVERCONSTRAINED/parsed-file1068_inv3.als","trash_rl","OVERCONSTRAINED","inv3",2,1,3,36,11,11,0.055556,0.090909,0.272727,0.990099,0.009901,10,
"trash_rl/OVERCONSTRAINED/parsed-file106_inv9.als","trash_rl","OVERCONSTRAINED","inv9",10,5,6,39,12,17,0.256410,0.416667,0.352941,0.500000,0.500000,10,
"trash_rl/OVERCONSTRAINED/parsed-file1076_inv6.als","trash_rl","OVERCONSTRAINED","inv6",17,12,4,18,7,6,0.944444,1.714286,0.666667,0.990099,0.009901,10,
"trash_rl/OVERCONSTRAINED/parsed-file1084_inv7.als","trash_rl","OVERCONSTRAINED","inv7",5,3,11,61,19,23,0.081967,0.157895,0.478261,0.200000,0.800000,10,
"trash_rl/OVERCONSTRAINED/parsed-file1086_inv5.als","trash_rl","OVERCONSTRAINED","inv5",20,5,11,59,16,16,0.338983,0.312500,0.687500,0.100000,0.900000,10,
"trash_rl/OVERCONSTRAINED/parsed-file1093_inv6.als","trash_rl","OVERCONSTRAINED","inv6",16,9,6,11,4,4,1.454545,2.250000,1.500000,0.600000,0.400000,10,
"trash_rl/OVERCONSTRAINED/parsed-file1106_inv10.als","trash_rl","OVERCONSTRAINED","inv10",15,5,5,31,12,9,0.483871,0.416667,0.555556,0.200000,0.800000,10,
"trash_rl/OVERCONSTRAINED/parsed-file1123_inv6.als","trash_rl","OVERCONSTRAINED","inv6",1,1,8,38,12,12,0.026316,0.083333,0.666667,0.600000,0.400000,10,
"trash_rl/OVERCONSTRAINED/parsed-file1141_inv10.als","trash_rl","OVERCONSTRAINED","inv10",13,4,5,31,12,9,0.419355,0.333333,0.555556,0.600000,0.400000,10,
"trash_rl/OVERCONSTRAINED/parsed-file1173_inv5.als","trash_rl","OVERCONSTRAINED","inv5",19,5,20,60,16,25,0.316667,0.312500,0.800000,0.900000,0.100000,10,
"trash_rl/OVERCONSTRAINED/parsed-file1174_inv4.als","trash_rl","OVERCONSTRAINED","inv4",8,1,4,37,11,12,0.216216,0.090909,0.333333,0.000000,1.000000,10,
"trash_rl/OVERCONSTRAINED/parsed-file1189_inv6.als","trash_rl","OVERCONSTRAINED","inv6",4,4,3,35,10,10,0.114286,0.400000,0.300000,0.600000,0.400000,10,
"trash_rl/OVERCONSTRAINED/parsed-file1203_inv4.als","trash_rl","OVERCONSTRAINED","inv4",34,12,10,58,16,12,0.586207,0.750000,0.833333,0.900000,0.100000,10,
"trash_rl/OVERCONSTRAINED/parsed-file1266_inv5.als","trash_rl","OVERCONSTRAINED","inv5",2,1,3,28,9,7,0.071429,0.111111,0.428571,0.900000,0.100000,10,
"trash_rl/OVERCONSTRAINED/parsed-file1276_inv9.als","trash_rl","OVERCONSTRAINED","inv9",3,3,2,19,10,7,0.157895,0.300000,0.285714,0.500000,0.500000,10,
"trash_rl/OVERCONSTRAINED/parsed-file1295_inv10.als","trash_rl","OVERCONSTRAINED","inv10",13,7,8,61,19,24,0.213115,0.368421,0.333333,0.400000,0.600000,10,
"trash_rl/OVERCONSTRAINED/parsed-file132_inv7.als","trash_rl","OVERCONSTRAINED","inv7",5,1,1,37,12,12,0.135135,0.083333,0.083333,0.000000,1.000000,10,
"trash_rl/OVERCONSTRAINED/parsed-file133_inv6.als","trash_rl","OVERCONSTRAINED","inv6",17,12,4,17,7,6,1.000000,1.714286,0.666667,0.990099,0.009901,10,
"trash_rl/OVERCONSTRAINED/parsed-file1342_inv5.als","trash_rl","OVERCONSTRAINED","inv5",10,3,3,28,9,7,0.357143,0.333333,0.428571,0.900000,0.100000,10,
"trash_rl/OVERCONSTRAINED/parsed-file1361_inv4.als","trash_rl","OVERCONSTRAINED","inv4",5,2,3,39,10,10,0.128205,0.200000,0.300000,0.200000,0.800000,10,
"trash_rl/OVERCONSTRAINED/parsed-file1375_inv10.als","trash_rl","OVERCONSTRAINED","inv10",5,1,4,43,14,13,0.116279,0.071429,0.307692,0.600000,0.400000,10,
"trash_rl/OVERCONSTRAINED/parsed-file1377_inv5.als","trash_rl","OVERCONSTRAINED","inv5",1,1,3,28,9,7,0.035714,0.111111,0.428571,0.100000,0.900000,10,
"trash_rl/OVERCONSTRAINED/parsed-file1389_inv3.als","trash_rl","OVERCONSTRAINED","inv3",19,5,4,32,10,8,0.593750,0.500000,0.500000,0.100000,0.900000,10,
"trash_rl/OVERCONSTRAINED/parsed-file1438_inv6.als","trash_rl","OVERCONSTRAINED","inv6",3,3,2,48,14,13,0.062500,0.214286,0.153846,0.990099,0.009901,10,
"trash_rl/OVERCONSTRAINED/parsed-file1474_inv6.als","trash_rl","OVERCONSTRAINED","inv6",17,12,4,18,7,6,0.944444,1.714286,0.666667,0.990099,0.009901,10,
"trash_rl/OVERCONSTRAINED/parsed-file1477_inv4.als","trash_rl","OVERCONSTRAINED","inv4",16,6,5,34,10,8,0.470588,0.600000,0.625000,0.100000,0.900000,10,
"trash_rl/OVERCONSTRAINED/parsed-file1478_inv4.als","trash_rl","OVERCONSTRAINED","inv4",13,6,6,34,10,8,0.382353,0.600000,0.750000,0.000000,1.000000,10,
"trash_rl/OVERCONSTRAINED/parsed-file1498_inv4.als","trash_rl","OVERCONSTRAINED","inv4",14,7,8,49,14,13,0.285714,0.500000,0.615385,0.000000,1.000000,10,
"trash_rl/OVERCONSTRAINED/parsed-file1521_inv7.als","trash_rl","OVERCONSTRAINED","inv7",8,2,2,16,7,6,0.500000,0.285714,0.333333,0.000000,1.000000,10,
"trash_rl/OVERCONSTRAINED/parsed-file1529_inv6.als","trash_rl","OVERCONSTRAINED","inv6",17,12,4,18,7,6,0.944444,1.714286,0.666667,0.990099,0.009901,10,
"trash_rl/OVERCONSTRAINED/parsed-file1541_inv3.als","trash_rl","OVERCONSTRAINED","inv3",2,1,3,36,11,11,0.055556,0.090909,0.272727,0.990099,0.009901,10,
"trash_rl/OVERCONSTRAINED/parsed-file1558_inv6.als","trash_rl","OVERCONSTRAINED","inv6",1,1,8,38,12,12,0.026316,0.083333,0.666667,0.600000,0.400000,10,
"trash_rl/OVERCONSTRAINED/parsed-file1583_inv10.als","trash_rl","OVERCONSTRAINED","inv10",11,5,3,15,6,5,0.733333,0.833333,0.600000,0.200000,0.800000,10,
"trash_rl/OVERCONSTRAINED/parsed-file1631_inv6.als","trash_rl","OVERCONSTRAINED","inv6",2,1,1,40,12,12,0.050000,0.083333,0.083333,0.600000,0.400000,10,
"trash_rl/OVERCONSTRAINED/parsed-file1632_inv9.als","trash_rl","OVERCONSTRAINED","inv9",3,3,2,56,17,21,0.053571,0.176471,0.095238,0.500000,0.500000,10,
"trash_rl/OVERCONSTRAINED/parsed-file1663_inv4.als","trash_rl","OVERCONSTRAINED","inv4",14,5,3,10,4,4,1.400000,1.250000,0.750000,0.000000,1.000000,10,
"trash_rl/OVERCONSTRAINED/parsed-file1694_inv2.als","trash_rl","OVERCONSTRAINED","inv2",42,13,9,57,16,12,0.736842,0.812500,0.750000,0.200000,0.800000,10,
"trash_rl/OVERCONSTRAINED/parsed-file1708_inv6.als","trash_rl","OVERCONSTRAINED","inv6",4,4,3,35,10,10,0.114286,0.400000,0.300000,0.600000,0.400000,10,
"trash_rl/OVERCONSTRAINED/parsed-file1717_inv6.als","trash_rl","OVERCONSTRAINED","inv6",17,12,4,18,7,6,0.944444,1.714286,0.666667,0.990099,0.009901,10,
"trash_rl/OVERCONSTRAINED/parsed-file1733_inv4.als","trash_rl","OVERCONSTRAINED","inv4",3,8,3,23,8,6,0.130435,1.000000,0.500000,0.200000,0.800000,10,
"trash_rl/OVERCONSTRAINED/parsed-file1745_inv2.als","trash_rl","OVERCONSTRAINED","inv2",34,10,7,48,13,10,0.708333,0.769231,0.700000,0.200000,0.800000,10,
"trash_rl/OVERCONSTRAINED/parsed-file1756_inv6.als","trash_rl","OVERCONSTRAINED","inv6",1,1,8,44,12,12,0.022727,0.083333,0.666667,0.600000,0.400000,10,
"trash_rl/OVERCONSTRAINED/parsed-file1778_inv9.als","trash_rl","OVERCONSTRAINED","inv9",12,9,5,46,16,14,0.260870,0.562500,0.357143,0.500000,0.500000,10,
"trash_rl/OVERCONSTRAINED/parsed-file1780_inv7.als","trash_rl","OVERCONSTRAINED","inv7",4,4,3,34,10,10,0.117647,0.400000,0.300000,0.200000,0.800000,10,
"trash_rl/OVERCONSTRAINED/parsed-file1796_inv10.als","trash_rl","OVERCONSTRAINED","inv10",12,4,5,32,12,9,0.375000,0.333333,0.555556,0.200000,0.800000,10,
"trash_rl/OVERCONSTRAINED/parsed-file1803_inv10.als","trash_rl","OVERCONSTRAINED","inv10",12,6,14,70,22,24,0.171429,0.272727,0.583333,0.600000,0.400000,10,
"trash_rl/OVERCONSTRAINED/parsed-file1806_inv4.als","trash_rl","OVERCONSTRAINED","inv4",3,8,1,23,8,6,0.130435,1.000000,0.166667,0.200000,0.800000,10,
"trash_rl/OVERCONSTRAINED/parsed-file1814_inv5.als","trash_rl","OVERCONSTRAINED","inv5",2,1,11,59,16,16,0.033898,0.062500,0.687500,0.100000,0.900000,10,
"trash_rl/OVERCONSTRAINED/parsed-file182_inv5.als","trash_rl","OVERCONSTRAINED","inv5",13,7,6,41,12,9,0.317073,0.583333,0.666667,0.200000,0.800000,10,
"trash_rl/OVERCONSTRAINED/parsed-file1848_inv7.als","trash_rl","OVERCONSTRAINED","inv7",8,2,2,16,7,6,0.500000,0.285714,0.333333,0.000000,1.000000,10,
"trash_rl/OVERCONSTRAINED/parsed-file1849_inv3.als","trash_rl","OVERCONSTRAINED","inv3",31,10,7,46,13,10,0.673913,0.769231,0.700000,0.100000,0.900000,10,
"trash_rl/OVERCONSTRAINED/parsed-file1857_inv3.als","trash_rl","OVERCONSTRAINED","inv3",2,1,1,11,4,4,0.181818,0.250000,0.250000,0.990099,0.009901,10,
"trash_rl/OVERCONSTRAINED/parsed-file1901_inv5.als","trash_rl","OVERCONSTRAINED","inv5",10,3,3,28,9,7,0.357143,0.333333,0.428571,0.900000,0.100000,10,
"trash_rl/OVERCONSTRAINED/parsed-file1914_inv5.als","trash_rl","OVERCONSTRAINED","inv5",10,3,3,28,9,7,0.357143,0.333333,0.428571,0.900000,0.100000,10,
"trash_rl/OVERCONSTRAINED/parsed-file192_inv9.als","trash_rl","OVERCONSTRAINED","inv9",14,7,5,56,17,21,0.250000,0.411765,0.238095,0.500000,0.500000,10,
"trash_rl/OVERCONSTRAINED/parsed-file1939_inv4.als","trash_rl","OVERCONSTRAINED","inv4",14,7,8,49,14,13,0.285714,0.500000,0.615385,0.000000,1.000000,10,
"trash_rl/OVERCONSTRAINED/parsed-file1940_inv5.als","trash_rl","OVERCONSTRAINED","inv5",30,11,8,58,16,12,0.517241,0.687500,0.666667,0.900000,0.100000,10,
"trash_rl/OVERCONSTRAINED/parsed-file1969_inv4.als","trash_rl","OVERCONSTRAINED","inv4",5,2,3,39,10,10,0.128205,0.200000,0.300000,0.200000,0.800000,10,
"trash_rl/OVERCONSTRAINED/parsed-file1993_inv9.als","trash_rl","OVERCONSTRAINED","inv9",46,30,23,104,35,35,0.442308,0.857143,0.657143,0.000000,1.000000,10,
"trash_rl/OVERCONSTRAINED/parsed-file2007_inv5.als","trash_rl","OVERCONSTRAINED","inv5",14,5,3,15,6,5,0.933333,0.833333,0.600000,0.200000,0.800000,10,
"trash_rl/OVERCONSTRAINED/parsed-file2024_inv2.als","trash_rl","OVERCONSTRAINED","inv2",7,3,2,9,4,4,0.777778,0.750000,0.500000,0.000000,1.000000,10,
"trash_rl/OVERCONSTRAINED/parsed-file2032_inv6.als","trash_rl","OVERCONSTRAINED","inv6",17,12,4,18,7,6,0.944444,1.714286,0.666667,0.990099,0.009901,10,
"trash_rl/OVERCONSTRAINED/parsed-file2063_inv6.als","trash_rl","OVERCONSTRAINED","inv6",17,12,4,18,7,6,0.944444,1.714286,0.666667,0.990099,0.009901,10,
"trash_rl/OVERCONSTRAINED/parsed-file2093_inv4.als","trash_rl","OVERCONSTRAINED","inv4",7,3,2,28,9,7,0.250000,0.333333,0.285714,0.000000,1.000000,10,
"trash_rl/OVERCONSTRAINED/parsed-file2104_inv7.als","trash_rl","OVERCONSTRAINED","inv7",43,14,14,77,21,18,0.558442,0.666667,0.777778,0.300000,0.700000,10,
"trash_rl/OVERCONSTRAINED/parsed-file2133_inv5.als","trash_rl","OVERCONSTRAINED","inv5",17,7,5,34,10,8,0.500000,0.700000,0.625000,0.100000,0.900000,10,
"trash_rl/OVERCONSTRAINED/parsed-file2139_inv4.als","trash_rl","OVERCONSTRAINED","inv4",1,1,1,24,7,6,0.041667,0.142857,0.166667,0.000000,1.000000,10,
"trash_rl/OVERCONSTRAINED/parsed-file2147_inv7.als","trash_rl","OVERCONSTRAINED","inv7",24,11,13,80,24,29,0.300000,0.458333,0.448276,0.600000,0.400000,10,
"trash_rl/OVERCONSTRAINED/parsed-file2172_inv10.als","trash_rl","OVERCONSTRAINED","inv10",8,4,5,46,16,14,0.173913,0.250000,0.357143,0.200000,0.800000,10,
"trash_rl/OVERCONSTRAINED/parsed-file217_inv4.als","trash_rl","OVERCONSTRAINED","inv4",7,4,4,28,9,7,0.250000,0.444444,0.571429,0.100000,0.900000,10,
"trash_rl/OVERCONSTRAINED/parsed-file2186_inv1.als","trash_rl","OVERCONSTRAINED","inv1",5,1,1,9,4,4,0.555556,0.250000,0.250000,0.000000,1.000000,10,
"trash_rl/OVERCONSTRAINED/parsed-file2188_inv6.als","trash_rl","OVERCONSTRAINED","inv6",16,9,6,11,4,4,1.454545,2.250000,1.500000,0.600000,0.400000,10,
"trash_rl/OVERCONSTRAINED/parsed-file2193_inv7.als","trash_rl","OVERCONSTRAINED","inv7",11,5,8,61,19,19,0.180328,0.263158,0.421053,0.200000,0.800000,10,
"trash_rl/OVERCONSTRAINED/parsed-file222_inv5.als","trash_rl","OVERCONSTRAINED","inv5",45,24,20,96,25,23,0.468750,0.960000,0.869565,0.900000,0.100000,10,
"trash_rl/OVERCONSTRAINED/parsed-file2254_inv5.als","trash_rl","OVERCONSTRAINED","inv5",19,9,7,45,13,10,0.422222,0.692308,0.700000,0.100000,0.900000,10,
"trash_rl/OVERCONSTRAINED/parsed-file2255_inv6.als","trash_rl","OVERCONSTRAINED","inv6",17,12,4,18,7,6,0.944444,1.714286,0.666667,0.990099,0.009901,10,
"trash_rl/OVERCONSTRAINED/parsed-file2287_inv2.als","trash_rl","OVERCONSTRAINED","inv2",7,3,2,9,4,4,0.777778,0.750000,0.500000,0.000000,1.000000,10,
"trash_rl/OVERCONSTRAINED/parsed-file2325_inv6.als","trash_rl","OVERCONSTRAINED","inv6",1,1,8,38,12,12,0.026316,0.083333,0.666667,0.600000,0.400000,10,
"trash_rl/OVERCONSTRAINED/parsed-file2344_inv5.als","trash_rl","OVERCONSTRAINED","inv5",10,5,3,18,6,5,0.555556,0.833333,0.600000,0.100000,0.900000,10,
"trash_rl/OVERCONSTRAINED/parsed-file2345_inv4.als","trash_rl","OVERCONSTRAINED","inv4",14,7,8,49,14,13,0.285714,0.500000,0.615385,0.000000,1.000000,10,
"trash_rl/OVERCONSTRAINED/parsed-file2360_inv7.als","trash_rl","OVERCONSTRAINED","inv7",5,1,1,16,7,6,0.312500,0.142857,0.166667,0.000000,1.000000,10,
"trash_rl/OVERCONSTRAINED/parsed-file2362_inv10.als","trash_rl","OVERCONSTRAINED","inv10",23,7,8,52,16,17,0.442308,0.437500,0.470588,0.000000,1.000000,10,
"trash_rl/OVERCONSTRAINED/parsed-file2364_inv5.als","trash_rl","OVERCONSTRAINED","inv5",30,11,8,58,16,12,0.517241,0.687500,0.666667,0.900000,0.100000,10,
"trash_rl/OVERCONSTRAINED/parsed-file2368_inv7.als","trash_rl","OVERCONSTRAINED","inv7",15,7,6,48,16,15,0.312500,0.437500,0.400000,0.200000,0.800000,10,
"trash_rl/OVERCONSTRAINED/parsed-file2380_inv5.als","trash_rl","OVERCONSTRAINED","inv5",22,9,8,49,14,13,0.448980,0.642857,0.615385,0.100000,0.900000,10,
"trash_rl/OVERCONSTRAINED/parsed-file238_inv9.als","trash_rl","OVERCONSTRAINED","inv9",4,4,3,56,17,21,0.071429,0.235294,0.142857,0.500000,0.500000,10,
"trash_rl/OVERCONSTRAINED/parsed-file2422_inv10.als","trash_rl","OVERCONSTRAINED","inv10",14,12,9,43,15,11,0.325581,0.800000,0.818182,0.200000,0.800000,10,
"trash_rl/OVERCONSTRAINED/parsed-file2431_inv7.als","trash_rl","OVERCONSTRAINED","inv7",8,5,3,9,4,4,0.888889,1.250000,0.750000,0.000000,1.000000,10,
"trash_rl/OVERCONSTRAINED/parsed-file2434_inv7.als","trash_rl","OVERCONSTRAINED","inv7",8,3,2,37,12,12,0.216216,0.250000,0.166667,0.000000,1.000000,10,
"trash_rl/OVERCONSTRAINED/parsed-file2442_inv9.als","trash_rl","OVERCONSTRAINED","inv9",1,1,1,59,19,22,0.016949,0.052632,0.045455,0.500000,0.500000,10,
"trash_rl/OVERCONSTRAINED/parsed-file2447_inv5.als","trash_rl","OVERCONSTRAINED","inv5",13,7,6,41,12,9,0.317073,0.583333,0.666667,0.200000,0.800000,10,
"trash_rl/OVERCONSTRAINED/parsed-file2456_inv7.als","trash_rl","OVERCONSTRAINED","inv7",28,14,13,57,18,16,0.491228,0.777778,0.812500,0.000000,1.000000,10,
"trash_rl/OVERCONSTRAINED/parsed-file2481_inv5.als","trash_rl","OVERCONSTRAINED","inv5",1,1,3,28,9,7,0.035714,0.111111,0.428571,0.100000,0.900000,10,
"trash_rl/OVERCONSTRAINED/parsed-file2513_inv5.als","trash_rl","OVERCONSTRAINED","inv5",10,3,2,23,7,6,0.434783,0.428571,0.333333,0.100000,0.900000,10,
"trash_rl/OVERCONSTRAINED/parsed-file2573_inv7.als","trash_rl","OVERCONSTRAINED","inv7",5,2,9,56,17,17,0.089286,0.117647,0.529412,0.000000,1.000000,10,
"trash_rl/OVERCONSTRAINED/parsed-file2608_inv5.als","trash_rl","OVERCONSTRAINED","inv5",2,1,3,28,9,7,0.071429,0.111111,0.428571,0.900000,0.100000,10,
"trash_rl/OVERCONSTRAINED/parsed-file2622_inv5.als","trash_rl","OVERCONSTRAINED","inv5",1,1,1,28,9,7,0.035714,0.111111,0.142857,0.000000,1.000000,10,
"trash_rl/OVERCONSTRAINED/parsed-file2633_inv6.als","trash_rl","OVERCONSTRAINED","inv6",16,12,4,16,7,6,1.000000,1.714286,0.666667,0.000000,1.000000,10,
"trash_rl/OVERCONSTRAINED/parsed-file2649_inv10.als","trash_rl","OVERCONSTRAINED","inv10",5,1,1,22,9,7,0.227273,0.111111,0.142857,0.600000,0.400000,10,
"trash_rl/OVERCONSTRAINED/parsed-file2671_inv5.als","trash_rl","OVERCONSTRAINED","inv5",19,10,7,48,13,10,0.395833,0.769231,0.700000,0.100000,0.900000,10,
"trash_rl/OVERCONSTRAINED/parsed-file2672_inv9.als","trash_rl","OVERCONSTRAINED","inv9",1,1,1,59,19,22,0.016949,0.052632,0.045455,0.500000,0.500000,10,
"trash_rl/OVERCONSTRAINED/parsed-file2676_inv7.als","trash_rl","OVERCONSTRAINED","inv7",5,1,1,37,12,12,0.135135,0.083333,0.083333,0.000000,1.000000,10,
"trash_rl/OVERCONSTRAINED/parsed-file269_inv9.als","trash_rl","OVERCONSTRAINED","inv9",16,9,10,57,16,20,0.280702,0.562500,0.500000,0.500000,0.500000,10,
"trash_rl/OVERCONSTRAINED/parsed-file2708_inv6.als","trash_rl","OVERCONSTRAINED","inv6",17,12,4,17,7,6,1.000000,1.714286,0.666667,0.990099,0.009901,10,
"trash_rl/OVERCONSTRAINED/parsed-file2745_inv10.als","trash_rl","OVERCONSTRAINED","inv10",17,9,4,24,10,7,0.708333,0.900000,0.571429,0.400000,0.600000,10,
"trash_rl/OVERCONSTRAINED/parsed-file2748_inv4.als","trash_rl","OVERCONSTRAINED","inv4",8,7,5,30,8,7,0.266667,0.875000,0.714286,0.000000,1.000000,10,
"trash_rl/OVERCONSTRAINED/parsed-file2774_inv10.als","trash_rl","OVERCONSTRAINED","inv10",11,2,4,49,14,13,0.224490,0.142857,0.307692,0.600000,0.400000,10,
"trash_rl/OVERCONSTRAINED/parsed-file2792_inv9.als","trash_rl","OVERCONSTRAINED","inv9",54,26,25,114,37,37,0.473684,0.702703,0.675676,0.000000,1.000000,10,
"trash_rl/OVERCONSTRAINED/parsed-file2857_inv7.als","trash_rl","OVERCONSTRAINED","inv7",11,3,3,18,7,6,0.611111,0.428571,0.500000,0.200000,0.800000,10,
"trash_rl/OVERCONSTRAINED/parsed-file29_inv6.als","trash_rl","OVERCONSTRAINED","inv6",3,3,2,48,14,13,0.062500,0.214286,0.153846,0.990099,0.009901,10,
"trash_rl/OVERCONSTRAINED/parsed-file2_inv9.als","trash_rl","OVERCONSTRAINED","inv9",2,6,1,17,7,6,0.117647,0.857143,0.166667,0.500000,0.500000,10,
"trash_rl/OVERCONSTRAINED/parsed-file302_inv5.als","trash_rl","OVERCONSTRAINED","inv5",10,3,3,28,9,7,0.357143,0.333333,0.428571,0.900000,0.100000,10,
"trash_rl/OVERCONSTRAINED/parsed-file316_inv3.als","trash_rl","OVERCONSTRAINED","inv3",31,10,7,46,13,10,0.673913,0.769231,0.700000,0.500000,0.500000,10,
"trash_rl/OVERCONSTRAINED/parsed-file327_inv9.als","trash_rl","OVERCONSTRAINED","inv9",33,16,9,82,25,22,0.402439,0.640000,0.409091,0.500000,0.500000,10,
"trash_rl/OVERCONSTRAINED/parsed-file359_inv9.als","trash_rl","OVERCONSTRAINED","inv9",28,11,11,74,22,22,0.378378,0.500000,0.500000,0.000000,1.000000,10,
"trash_rl/OVERCONSTRAINED/parsed-file377_inv7.als","trash_rl","OVERCONSTRAINED","inv7",2,1,1,18,7,6,0.111111,0.142857,0.166667,0.200000,0.800000,10,
"trash_rl/OVERCONSTRAINED/parsed-file389_inv6.als","trash_rl","OVERCONSTRAINED","inv6",17,12,4,18,7,6,0.944444,1.714286,0.666667,0.990099,0.009901,10,
"trash_rl/OVERCONSTRAINED/parsed-file38_inv4.als","trash_rl","OVERCONSTRAINED","inv4",13,6,5,34,10,8,0.382353,0.600000,0.625000,0.100000,0.900000,10,
"trash_rl/OVERCONSTRAINED/parsed-file393_inv9.als","trash_rl","OVERCONSTRAINED","inv9",14,7,5,56,17,21,0.250000,0.411765,0.238095,0.500000,0.500000,10,
"trash_rl/OVERCONSTRAINED/parsed-file3_inv3.als","trash_rl","OVERCONSTRAINED","inv3",2,1,3,36,11,11,0.055556,0.090909,0.272727,0.990099,0.009901,10,
"trash_rl/OVERCONSTRAINED/parsed-file424_inv2.als","trash_rl","OVERCONSTRAINED","inv2",25,9,8,59,16,16,0.423729,0.562500,0.500000,0.200000,0.800000,10,
"trash_rl/OVERCONSTRAINED/parsed-file426_inv10.als","trash_rl","OVERCONSTRAINED","inv10",17,9,4,24,10,7,0.708333,0.900000,0.571429,0.400000,0.600000,10,
"trash_rl/OVERCONSTRAINED/parsed-file448_inv5.als","trash_rl","OVERCONSTRAINED","inv5",17,7,5,34,10,8,0.500000,0.700000,0.625000,0.100000,0.900000,10,
"trash_rl/OVERCONSTRAINED/parsed-file462_inv5.als","trash_rl","OVERCONSTRAINED","inv5",19,10,7,48,13,10,0.395833,0.769231,0.700000,0.100000,0.900000,10,
"trash_rl/OVERCONSTRAINED/parsed-file499_inv5.als","trash_rl","OVERCONSTRAINED","inv5",13,7,5,37,12,9,0.351351,0.583333,0.555556,0.900000,0.100000,10,
"trash_rl/OVERCONSTRAINED/parsed-file518_inv6.als","trash_rl","OVERCONSTRAINED","inv6",17,12,4,18,7,6,0.944444,1.714286,0.666667,0.990099,0.009901,10,
"trash_rl/OVERCONSTRAINED/parsed-file60_inv2.als","trash_rl","OVERCONSTRAINED","inv2",23,9,8,59,16,16,0.389831,0.562500,0.500000,0.200000,0.800000,10,
"trash_rl/OVERCONSTRAINED/parsed-file610_inv9.als","trash_rl","OVERCONSTRAINED","inv9",31,17,5,82,25,22,0.378049,0.680000,0.227273,0.500000,0.500000,10,
"trash_rl/OVERCONSTRAINED/parsed-file620_inv9.als","trash_rl","OVERCONSTRAINED","inv9",19,17,11,66,22,22,0.287879,0.772727,0.500000,0.000000,1.000000,10,
"trash_rl/OVERCONSTRAINED/parsed-file635_inv7.als","trash_rl","OVERCONSTRAINED","inv7",5,1,1,37,12,12,0.135135,0.083333,0.083333,0.000000,1.000000,10,
"trash_rl/OVERCONSTRAINED/parsed-file648_inv6.als","trash_rl","OVERCONSTRAINED","inv6",17,12,4,18,7,6,0.944444,1.714286,0.666667,0.990099,0.009901,10,
"trash_rl/OVERCONSTRAINED/parsed-file666_inv2.als","trash_rl","OVERCONSTRAINED","inv2",7,3,2,9,4,4,0.777778,0.750000,0.500000,0.000000,1.000000,10,
"trash_rl/OVERCONSTRAINED/parsed-file68_inv9.als","trash_rl","OVERCONSTRAINED","inv9",4,2,2,44,15,13,0.090909,0.133333,0.153846,0.500000,0.500000,10,
"trash_rl/OVERCONSTRAINED/parsed-file691_inv7.als","trash_rl","OVERCONSTRAINED","inv7",16,11,7,60,20,18,0.266667,0.550000,0.388889,0.600000,0.400000,10,
"trash_rl/OVERCONSTRAINED/parsed-file6_inv4.als","trash_rl","OVERCONSTRAINED","inv4",14,7,8,49,14,13,0.285714,0.500000,0.615385,0.000000,1.000000,10,
"trash_rl/OVERCONSTRAINED/parsed-file713_inv5.als","trash_rl","OVERCONSTRAINED","inv5",10,3,3,28,9,7,0.357143,0.333333,0.428571,0.900000,0.100000,10,
"trash_rl/OVERCONSTRAINED/parsed-file754_inv9.als","trash_rl","OVERCONSTRAINED","inv9",17,6,11,50,13,20,0.340000,0.461538,0.550000,0.500000,0.500000,10,
"trash_rl/OVERCONSTRAINED/parsed-file771_inv6.als","trash_rl","OVERCONSTRAINED","inv6",7,4,3,35,10,10,0.200000,0.400000,0.300000,0.200000,0.800000,10,
"trash_rl/OVERCONSTRAINED/parsed-file789_inv9.als","trash_rl","OVERCONSTRAINED","inv9",12,6,4,60,19,22,0.200000,0.315789,0.181818,0.500000,0.500000,10,
"trash_rl/OVERCONSTRAINED/parsed-file797_inv6.als","trash_rl","OVERCONSTRAINED","inv6",17,12,4,17,7,6,1.000000,1.714286,0.666667,0.990099,0.009901,10,
"trash_rl/OVERCONSTRAINED/parsed-file826_inv7.als","trash_rl","OVERCONSTRAINED","inv7",2,1,1,18,7,6,0.111111,0.142857,0.166667,0.200000,0.800000,10,
"trash_rl/OVERCONSTRAINED/parsed-file869_inv5.als","trash_rl","OVERCONSTRAINED","inv5",11,6,5,35,10,8,0.314286,0.600000,0.625000,0.100000,0.900000,10,
"trash_rl/OVERCONSTRAINED/parsed-file893_inv2.als","trash_rl","OVERCONSTRAINED","inv2",7,3,2,9,4,4,0.777778,0.750000,0.500000,0.000000,1.000000,10,
"trash_rl/OVERCONSTRAINED/parsed-file896_inv5.als","trash_rl","OVERCONSTRAINED","inv5",18,9,6,48,13,10,0.375000,0.692308,0.600000,0.100000,0.900000,10,
"trash_rl/OVERCONSTRAINED/parsed-file936_inv9.als","trash_rl","OVERCONSTRAINED","inv9",6,2,1,23,10,7,0.260870,0.200000,0.142857,0.500000,0.500000,10,
"trash_rl/OVERCONSTRAINED/parsed-file959_inv9.als","trash_rl","OVERCONSTRAINED","inv9",6,12,3,55,18,21,0.109091,0.666667,0.142857,0.500000,0.500000,10,
"trash_rl/UNDERCONSTRAINED/parsed-file1050_inv1.als","trash_rl","UNDERCONSTRAINED","inv1",5,2,2,15,6,5,0.333333,0.333333,0.400000,0.000000,1.000000,10,
"trash_rl/UNDERCONSTRAINED/parsed-file1128_inv5.als","trash_rl","UNDERCONSTRAINED","inv5",11,3,3,24,9,7,0.458333,0.333333,0.428571,0.000000,1.000000,10,
"trash_rl/UNDERCONSTRAINED/parsed-file1147_inv6.als","trash_rl","UNDERCONSTRAINED","inv6",26,25,30,108,32,39,0.240741,0.781250,0.769231,0.000000,1.000000,10,
"trash_rl/UNDERCONSTRAINED/parsed-file122_inv9.als","trash_rl","UNDERCONSTRAINED","inv9",13,6,8,53,17,16,0.245283,0.352941,0.500000,0.990099,0.009901,10,
"trash_rl/UNDERCONSTRAINED/parsed-file1263_inv6.als","trash_rl","UNDERCONSTRAINED","inv6",35,14,10,76,19,11,0.460526,0.736842,0.909091,0.000000,1.000000,10,
"trash_rl/UNDERCONSTRAINED/parsed-file1277_inv6.als","trash_rl","UNDERCONSTRAINED","inv6",52,31,36,134,38,45,0.388060,0.815789,0.800000,0.000000,1.000000,10,
"trash_rl/UNDERCONSTRAINED/parsed-file1277_inv7.als","trash_rl","UNDERCONSTRAINED","inv7",19,12,5,83,24,29,0.228916,0.500000,0.172414,0.600000,0.400000,10,
"trash_rl/UNDERCONSTRAINED/parsed-file1308_inv9.als","trash_rl","UNDERCONSTRAINED","inv9",14,6,3,44,13,13,0.318182,0.461538,0.230769,0.990099,0.009901,10,
"trash_rl/UNDERCONSTRAINED/parsed-file1381_inv6.als","trash_rl","UNDERCONSTRAINED","inv6",52,31,36,134,38,45,0.388060,0.815789,0.800000,0.000000,1.000000,10,
"trash_rl/UNDERCONSTRAINED/parsed-file1416_inv8.als","trash_rl","UNDERCONSTRAINED","inv8",5,1,1,17,7,6,0.294118,0.142857,0.166667,0.900000,0.100000,10,
"trash_rl/UNDERCONSTRAINED/parsed-file1451_inv10.als","trash_rl","UNDERCONSTRAINED","inv10",14,12,5,43,15,13,0.325581,0.800000,0.384615,0.000000,1.000000,10,
"trash_rl/UNDERCONSTRAINED/parsed-file1468_inv10.als","trash_rl","UNDERCONSTRAINED","inv10",15,10,9,67,21,20,0.223881,0.476190,0.450000,0.000000,1.000000,10,
"trash_rl/UNDERCONSTRAINED/parsed-file1470_inv9.als","trash_rl","UNDERCONSTRAINED","inv9",10,6,8,40,13,14,0.250000,0.461538,0.571429,0.990099,0.009901,10,
"trash_rl/UNDERCONSTRAINED/parsed-file1505_inv7.als","trash_rl","UNDERCONSTRAINED","inv7",13,9,6,37,13,12,0.351351,0.692308,0.500000,0.100000,0.900000,10,
"trash_rl/UNDERCONSTRAINED/parsed-file1515_inv2.als","trash_rl","UNDERCONSTRAINED","inv2",14,5,3,50,14,13,0.280000,0.357143,0.230769,0.500000,0.500000,10,
"trash_rl/UNDERCONSTRAINED/parsed-file1569_inv9.als","trash_rl","UNDERCONSTRAINED","inv9",11,2,2,21,9,7,0.523810,0.222222,0.285714,0.800000,0.200000,10,
"trash_rl/UNDERCONSTRAINED/parsed-file1608_inv6.als","trash_rl","UNDERCONSTRAINED","inv6",39,28,33,121,35,42,0.322314,0.800000,0.785714,0.000000,1.000000,10,
"trash_rl/UNDERCONSTRAINED/parsed-file1710_inv6.als","trash_rl","UNDERCONSTRAINED","inv6",17,10,6,13,6,5,1.307692,1.666667,1.200000,0.000000,1.000000,10,
"trash_rl/UNDERCONSTRAINED/parsed-file1718_inv4.als","trash_rl","UNDERCONSTRAINED","inv4",10,5,3,19,6,5,0.526316,0.833333,0.600000,0.000000,1.000000,10,
"trash_rl/UNDERCONSTRAINED/parsed-file1751_inv9.als","trash_rl","UNDERCONSTRAINED","inv9",8,5,4,56,17,21,0.142857,0.294118,0.190476,0.990099,0.009901,10,
"trash_rl/UNDERCONSTRAINED/parsed-file1907_inv1.als","trash_rl","UNDERCONSTRAINED","inv1",3,1,2,15,6,5,0.200000,0.166667,0.400000,0.000000,1.000000,10,
"trash_rl/UNDERCONSTRAINED/parsed-file1927_inv6.als","trash_rl","UNDERCONSTRAINED","inv6",52,31,36,134,38,45,0.388060,0.815789,0.800000,0.000000,1.000000,10,
"trash_rl/UNDERCONSTRAINED/parsed-file1961_inv3.als","trash_rl","UNDERCONSTRAINED","inv3",8,3,5,36,10,10,0.222222,0.300000,0.500000,0.990099,0.009901,10,
"trash_rl/UNDERCONSTRAINED/parsed-file2035_inv7.als","trash_rl","UNDERCONSTRAINED","inv7",20,10,12,72,23,28,0.277778,0.434783,0.428571,0.000000,1.000000,10,
"trash_rl/UNDERCONSTRAINED/parsed-file2060_inv10.als","trash_rl","UNDERCONSTRAINED","inv10",13,7,5,30,12,9,0.433333,0.583333,0.555556,0.000000,1.000000,10,
"trash_rl/UNDERCONSTRAINED/parsed-file2075_inv10.als","trash_rl","UNDERCONSTRAINED","inv10",14,8,5,75,25,21,0.186667,0.320000,0.238095,0.200000,0.800000,10,
"trash_rl/UNDERCONSTRAINED/parsed-file2101_inv2.als","trash_rl","UNDERCONSTRAINED","inv2",14,5,3,50,14,13,0.280000,0.357143,0.230769,0.500000,0.500000,10,
"trash_rl/UNDERCONSTRAINED/parsed-file2137_inv10.als","trash_rl","UNDERCONSTRAINED","inv10",32,16,3,110,33,31,0.290909,0.484848,0.096774,0.800000,0.200000,10,
"trash_rl/UNDERCONSTRAINED/parsed-file213_inv6.als","trash_rl","UNDERCONSTRAINED","inv6",15,9,6,45,12,4,0.333333,0.750000,1.500000,0.000000,1.000000,10,
"trash_rl/UNDERCONSTRAINED/parsed-file218_inv9.als","trash_rl","UNDERCONSTRAINED","inv9",13,9,9,43,15,15,0.302326,0.600000,0.600000,0.990099,0.009901,10,
"trash_rl/UNDERCONSTRAINED/parsed-file2237_inv7.als","trash_rl","UNDERCONSTRAINED","inv7",11,6,6,65,20,19,0.169231,0.300000,0.315789,0.500000,0.500000,10,
"trash_rl/UNDERCONSTRAINED/parsed-file2330_inv6.als","trash_rl","UNDERCONSTRAINED","inv6",7,5,3,46,15,14,0.152174,0.333333,0.214286,0.990099,0.009901,10,
"trash_rl/UNDERCONSTRAINED/parsed-file2408_inv9.als","trash_rl","UNDERCONSTRAINED","inv9",11,3,2,21,10,7,0.523810,0.300000,0.285714,0.400000,0.600000,10,
"trash_rl/UNDERCONSTRAINED/parsed-file2410_inv6.als","trash_rl","UNDERCONSTRAINED","inv6",15,9,6,45,12,4,0.333333,0.750000,1.500000,0.000000,1.000000,10,
"trash_rl/UNDERCONSTRAINED/parsed-file2438_inv10.als","trash_rl","UNDERCONSTRAINED","inv10",1,1,1,82,24,29,0.012195,0.041667,0.034483,0.000000,1.000000,10,
"trash_rl/UNDERCONSTRAINED/parsed-file2451_inv7.als","trash_rl","UNDERCONSTRAINED","inv7",20,17,17,87,25,26,0.229885,0.680000,0.653846,0.400000,0.600000,10,
"trash_rl/UNDERCONSTRAINED/parsed-file2468_inv9.als","trash_rl","UNDERCONSTRAINED","inv9",25,19,17,79,24,26,0.316456,0.791667,0.653846,0.900000,0.100000,10,
"trash_rl/UNDERCONSTRAINED/parsed-file2477_inv6.als","trash_rl","UNDERCONSTRAINED","inv6",40,28,33,122,35,42,0.327869,0.800000,0.785714,0.000000,1.000000,10,
"trash_rl/UNDERCONSTRAINED/parsed-file2514_inv7.als","trash_rl","UNDERCONSTRAINED","inv7",19,12,5,83,24,29,0.228916,0.500000,0.172414,0.600000,0.400000,10,
"trash_rl/UNDERCONSTRAINED/parsed-file2538_inv6.als","trash_rl","UNDERCONSTRAINED","inv6",42,31,30,131,38,39,0.320611,0.815789,0.769231,0.000000,1.000000,10,
"trash_rl/UNDERCONSTRAINED/parsed-file2609_inv9.als","trash_rl","UNDERCONSTRAINED","inv9",12,3,2,50,17,14,0.240000,0.176471,0.142857,0.700000,0.300000,10,
"trash_rl/UNDERCONSTRAINED/parsed-file2643_inv10.als","trash_rl","UNDERCONSTRAINED","inv10",7,4,4,68,22,20,0.102941,0.181818,0.200000,0.000000,1.000000,10,
"trash_rl/UNDERCONSTRAINED/parsed-file2678_inv10.als","trash_rl","UNDERCONSTRAINED","inv10",36,17,28,111,33,33,0.324324,0.515152,0.848485,0.000000,1.000000,10,
"trash_rl/UNDERCONSTRAINED/parsed-file2775_inv6.als","trash_rl","UNDERCONSTRAINED","inv6",15,9,6,45,12,4,0.333333,0.750000,1.500000,0.000000,1.000000,10,
"trash_rl/UNDERCONSTRAINED/parsed-file2787_inv10.als","trash_rl","UNDERCONSTRAINED","inv10",19,14,7,50,18,15,0.380000,0.777778,0.466667,0.300000,0.700000,10,
"trash_rl/UNDERCONSTRAINED/parsed-file2838_inv9.als","trash_rl","UNDERCONSTRAINED","inv9",10,6,4,56,17,21,0.178571,0.352941,0.190476,0.990099,0.009901,10,
"trash_rl/UNDERCONSTRAINED/parsed-file28_inv4.als","trash_rl","UNDERCONSTRAINED","inv4",24,6,4,0,2,3,0.000000,3.000000,1.333333,0.000000,1.000000,10,
"trash_rl/UNDERCONSTRAINED/parsed-file444_inv3.als","trash_rl","UNDERCONSTRAINED","inv3",5,1,1,11,4,4,0.454545,0.250000,0.250000,0.000000,1.000000,10,
"trash_rl/UNDERCONSTRAINED/parsed-file45_inv10.als","trash_rl","UNDERCONSTRAINED","inv10",7,4,4,71,24,21,0.098592,0.166667,0.190476,0.200000,0.800000,10,
"trash_rl/UNDERCONSTRAINED/parsed-file46_inv10.als","trash_rl","UNDERCONSTRAINED","inv10",19,14,7,50,18,15,0.380000,0.777778,0.466667,0.300000,0.700000,10,
"trash_rl/UNDERCONSTRAINED/parsed-file547_inv5.als","trash_rl","UNDERCONSTRAINED","inv5",26,10,10,45,15,13,0.577778,0.666667,0.769231,0.000000,1.000000,10,
"trash_rl/UNDERCONSTRAINED/parsed-file588_inv10.als","trash_rl","UNDERCONSTRAINED","inv10",7,5,3,68,22,19,0.102941,0.227273,0.157895,0.800000,0.200000,10,
"trash_rl/UNDERCONSTRAINED/parsed-file593_inv10.als","trash_rl","UNDERCONSTRAINED","inv10",14,12,5,43,15,13,0.325581,0.800000,0.384615,0.000000,1.000000,10,
"trash_rl/UNDERCONSTRAINED/parsed-file59_inv9.als","trash_rl","UNDERCONSTRAINED","inv9",20,19,15,74,24,26,0.270270,0.791667,0.576923,0.990099,0.009901,10,
"trash_rl/UNDERCONSTRAINED/parsed-file606_inv7.als","trash_rl","UNDERCONSTRAINED","inv7",8,4,4,70,21,27,0.114286,0.190476,0.148148,0.700000,0.300000,10,
"trash_rl/UNDERCONSTRAINED/parsed-file647_inv10.als","trash_rl","UNDERCONSTRAINED","inv10",7,5,4,55,19,11,0.127273,0.263158,0.363636,0.800000,0.200000,10,
"trash_rl/UNDERCONSTRAINED/parsed-file687_inv6.als","trash_rl","UNDERCONSTRAINED","inv6",26,25,30,108,32,39,0.240741,0.781250,0.769231,0.000000,1.000000,10,
"trash_rl/UNDERCONSTRAINED/parsed-file709_inv9.als","trash_rl","UNDERCONSTRAINED","inv9",7,1,3,77,22,32,0.090909,0.045455,0.093750,0.000000,1.000000,10,
"trash_rl/UNDERCONSTRAINED/parsed-file772_inv7.als","trash_rl","UNDERCONSTRAINED","inv7",9,4,7,41,13,14,0.219512,0.307692,0.500000,0.700000,0.300000,10,
"trash_rl/UNDERCONSTRAINED/parsed-file776_inv10.als","trash_rl","UNDERCONSTRAINED","inv10",4,2,2,82,25,23,0.048780,0.080000,0.086957,0.800000,0.200000,10,
"trash_rl/UNDERCONSTRAINED/parsed-file951_inv6.als","trash_rl","UNDERCONSTRAINED","inv6",52,32,36,134,39,45,0.388060,0.820513,0.800000,0.000000,1.000000,10,
"trash_rl/UNDERCONSTRAINED/parsed-file95_inv7.als","trash_rl","UNDERCONSTRAINED","inv7",19,17,17,86,25,26,0.220930,0.680000,0.653846,0.500000,0.500000,10,
"trash_rl/UNDERCONSTRAINED/parsed-file995_inv9.als","trash_rl","UNDERCONSTRAINED","inv9",3,5,1,23,12,7,0.130435,0.416667,0.142857,0.990099,0.009901,10,
