Running is.fivefivefive.CanDis.RewriteRuleTraceability
Traceability scope: catalog reference presence only; this gate does not establish Java-Lean refinement or exhaustive executable-branch coverage.
R0 rewrite-rule traceability
rules=61
baselineRules=24
failures=0
Running is.fivefivefive.CanDis.RewriteRuleTraceabilityTest
RewriteRuleTraceabilityTest passed: 61 rule families, 24 bootstrap rules, 0 correspondence failures
Running is.fivefivefive.CanDis.Section3AssuranceTraceabilityTest
Section 3 assurance traceability
requirements=1
matrixRows=1
ready=0
failures=1
FAIL	A-01 MISSING_LOW_LEVEL_REGISTRY: no atomic child obligations or parent reconstruction evidence
Section3AssuranceTraceabilityTest passed: 40 checks
Running is.fivefivefive.CanDis.assurance.ContractDecompositionTest
ContractDecompositionTest passed: 4863 checks
Running is.fivefivefive.CanDis.AssuranceTestExecutionCoverageTest
AssuranceTestExecutionCoverageTest passed: 918 checks across 43 executables
Running is.fivefivefive.CanDis.RequiredPolicyCoverageTest
RequiredPolicyCoverageTest passed: 128 checks over 18 policies
Running is.fivefivefive.CanDis.CallExtractionRegressionTest
Adding key: is.fivefivefive.ACGN.alloy.EndSymbol@0
Adding key: CallSymbol{EXPRESSION callregression/g/1@0}
Adding key: DummySymbol{type='field'}
Adding key: DummySymbol{type='predroot'}
Adding key: CallSymbol{EXPRESSION util/ordering<A>/last/0@0}
Adding key: CallSymbol{EXPRESSION callregression/f/1@0}
Adding key: CallSymbol{FORMULA callregression/single/1@0}
Adding key: MiddleSymbol{name='LIST_FORMULA_1', infiniteRoot=true, typeConfinerOp= false}
Adding key: CallSymbol{EXPRESSION callregression/h/2@0}
Adding key: MiddleSymbol{name='FIELD_DECL', infiniteRoot=false, typeConfinerOp= false}
Adding key: DummySymbol{type='sig'}
Adding key: CallSymbol{FORMULA callregression/zero/0@0}
Adding key: MiddleSymbol{name='BOP_EQ', infiniteRoot=false, typeConfinerOp= false}
Adding key: DummySymbol{type='local_var'}
Adding key: DummySymbol{type='ref'}
Adding key: MiddleSymbol{name='UNOPF_NO', infiniteRoot=false, typeConfinerOp= false}
Adding key: MiddleSymbol{name='BOPEXPR_JOIN', infiniteRoot=false, typeConfinerOp= false}
Adding key: DeclRootSymbol{semantic=0}
Adding key: ShadowSymbol{signature=0.0}
Adding key: MiddleSymbol{name='QT_FORMULA_SOME2', infiniteRoot=true, typeConfinerOp= false}
Adding key: MiddleSymbol{name='UNOPE_ONE', infiniteRoot=false, typeConfinerOp= false}
Adding key: MiddleSymbol{name='UNOPF_NOT', infiniteRoot=false, typeConfinerOp= false}
Adding key: CallSymbol{EXPRESSION util/ordering<A>/first/0@0}
Adding key: CallSymbol{FORMULA callregression/nested/1@0}
Generating code for callregression/h at TOV 1
Generating code for b at TOV 1
Generating code for a at TOV 1
Generating code for callregression/h at TOV 1
Generating code for a at TOV 1
Generating code for b at TOV 1
Generating code for callregression/h at TOV 1
Generating code for b at TOV 1
Generating code for a at TOV 1
Adding key: is.fivefivefive.ACGN.alloy.EndSymbol@0
Adding key: DummySymbol{type='sig'}
Adding key: DummySymbol{type='predroot'}
Adding key: MiddleSymbol{name='UNOPE_ONE', infiniteRoot=false, typeConfinerOp= false}
Adding key: DummySymbol{type='local_var'}
Adding key: is.fivefivefive.ACGN.alloy.ConstSymbol@5cb1923
Adding key: MiddleSymbol{name='BOPEXPR_JOIN', infiniteRoot=false, typeConfinerOp= false}
Adding key: DummySymbol{type='field'}
Adding key: MiddleSymbol{name='QT_FORMULA_ALL1', infiniteRoot=true, typeConfinerOp= false}
Adding key: DummySymbol{type='ref'}
Adding key: MiddleSymbol{name='FIELD_DECL', infiniteRoot=false, typeConfinerOp= false}
Adding key: DeclRootSymbol{semantic=0}
Adding key: CallSymbol{EXPRESSION util/integer/next/0@0}
Adding key: ShadowSymbol{signature=0.0}
Adding key: MiddleSymbol{name='BOP_IN', infiniteRoot=false, typeConfinerOp= false}
Adding key: is.fivefivefive.ACGN.alloy.EndSymbol@0
Adding key: DummySymbol{type='sig'}
Adding key: DummySymbol{type='predroot'}
Adding key: DummySymbol{type='field'}
Adding key: is.fivefivefive.ACGN.alloy.ConstSymbol@5cb1923
Adding key: DummySymbol{type='ref'}
Adding key: MiddleSymbol{name='LIST_FORMULA_1', infiniteRoot=true, typeConfinerOp= false}
Adding key: CallSymbol{EXPRESSION util/ordering<A>/first/0@0}
Adding key: CallSymbol{EXPRESSION util/ordering<B>/first/0@0}
Adding key: ShadowSymbol{signature=0.0}
Adding key: MiddleSymbol{name='BOP_IN', infiniteRoot=false, typeConfinerOp= false}
Generating code for callregression/f at TOV 1
Generating code for callregression/f at TOV 1
Generating code for a at TOV 1
SLF4J: Class path contains multiple SLF4J bindings.
SLF4J: Found binding in [jar:file:/home/augustus/ACGN/lib/AlloyASG-Release.jar!/org/slf4j/impl/StaticLoggerBinder.class]
SLF4J: Found binding in [jar:file:/home/augustus/ACGN/lib/slf4j-simple-1.7.36.jar!/org/slf4j/impl/StaticLoggerBinder.class]
SLF4J: See http://www.slf4j.org/codes.html#multiple_bindings for an explanation.
SLF4J: Actual binding is of type [org.slf4j.impl.SimpleLoggerFactory]
[main] INFO kodkod.engine.config.Reporter - detecting symmetries ...
[main] INFO kodkod.engine.config.Reporter - detected 18 equivalence classes of atoms ...
[main] INFO kodkod.engine.config.Reporter - optimizing bounds and formula (breaking predicate symmetries, inlining, skolemizing) ...
[main] INFO kodkod.engine.config.Reporter - translating to boolean ...
[main] INFO kodkod.engine.config.Reporter - generating lex-leader symmetry breaking predicate ...
[main] INFO kodkod.engine.config.Reporter - translating to cnf ...
Generating code for callregression/f at TOV 1
Error in generating code for callregression/f at 1
java.lang.IllegalStateException: Cannot serialize CALL with the wrong callee: CallSymbol{EXPRESSION callregression/f/1@0}@1
	at is.fivefivefive.ACGN.codegen.Generator.validatedCallEdges(Generator.java:919)
	at is.fivefivefive.ACGN.codegen.Generator.toCode(Generator.java:131)
	at is.fivefivefive.CanDis.CallExtractionRegressionTest.main(CallExtractionRegressionTest.java:341)
Adding key: is.fivefivefive.ACGN.alloy.EndSymbol@0
Adding key: MiddleSymbol{name='BOP_EQ', infiniteRoot=false, typeConfinerOp= false}
Adding key: DummySymbol{type='predroot'}
Adding key: DummySymbol{type='sig'}
Adding key: DummySymbol{type='local_var'}
Adding key: is.fivefivefive.ACGN.alloy.ConstSymbol@5cb1923
Adding key: CallSymbol{EXPRESSION anonymous/sha256-7cc61599b98e0f44f976775d3488e4e8874537ed78f5e76bc28c81d192a57cce/f/1@0}
Adding key: DummySymbol{type='ref'}
Adding key: DeclRootSymbol{semantic=0}
Adding key: ShadowSymbol{signature=0.0}
Adding key: is.fivefivefive.ACGN.alloy.EndSymbol@0
Adding key: MiddleSymbol{name='BOP_EQ', infiniteRoot=false, typeConfinerOp= false}
Adding key: DummySymbol{type='sig'}
Adding key: DummySymbol{type='predroot'}
Adding key: DummySymbol{type='local_var'}
Adding key: is.fivefivefive.ACGN.alloy.ConstSymbol@5cb1923
Adding key: MiddleSymbol{name='BOPEXPR_MINUS', infiniteRoot=false, typeConfinerOp= false}
Adding key: DummySymbol{type='ref'}
Adding key: DeclRootSymbol{semantic=0}
Adding key: CallSymbol{EXPRESSION anonymous/sha256-feb9b2c158ff0ac8c4017a8182645e427820db21bb5f6496e2ad1b62d9818959/f/1@0}
Adding key: ShadowSymbol{signature=0.0}
Generating code for CALL_EXPR at TOV 1
Error in generating code for CALL_EXPR at 1
java.lang.IllegalStateException: Generic syntactic CALL lacks CallSymbol metadata
	at is.fivefivefive.ACGN.codegen.Generator.toCode(Generator.java:280)
	at is.fivefivefive.CanDis.CallExtractionRegressionTest.main(CallExtractionRegressionTest.java:733)
CallExtractionRegressionTest passed: 161 checks
Running is.fivefivefive.CanDis.ZeroArgumentCallRegressionTest
Adding key: is.fivefivefive.ACGN.alloy.EndSymbol@0
Adding key: DummySymbol{type='predroot'}
Adding key: DummySymbol{type='sig'}
Adding key: CallSymbol{EXPRESSION zlocal/value/0@0}
Adding key: is.fivefivefive.ACGN.alloy.ConstSymbol@5cb1923
Adding key: DummySymbol{type='ref'}
Adding key: MiddleSymbol{name='LIST_FORMULA_1', infiniteRoot=true, typeConfinerOp= false}
Adding key: MiddleSymbol{name='UNOPF_SOME', infiniteRoot=false, typeConfinerOp= false}
Adding key: ShadowSymbol{signature=0.0}
Adding key: CallSymbol{FORMULA zlocal/zero/0@0}
Adding key: is.fivefivefive.ACGN.alloy.EndSymbol@0
Adding key: MiddleSymbol{name='BOP_EQ', infiniteRoot=false, typeConfinerOp= false}
Adding key: DummySymbol{type='sig'}
Adding key: DummySymbol{type='predroot'}
Adding key: is.fivefivefive.ACGN.alloy.ConstSymbol@5cb1923
Adding key: DummySymbol{type='field'}
Adding key: DummySymbol{type='ref'}
Adding key: CallSymbol{EXPRESSION util/ordering<A>/first/0@0}
Adding key: ShadowSymbol{signature=0.0}
Adding key: CallSymbol{EXPRESSION util/ordering<A>/last/0@0}
Adding key: is.fivefivefive.ACGN.alloy.EndSymbol@0
Adding key: DummySymbol{type='sig'}
Adding key: MiddleSymbol{name='UNOPE_ONE', infiniteRoot=false, typeConfinerOp= false}
Adding key: DummySymbol{type='local_var'}
Adding key: is.fivefivefive.ACGN.alloy.ConstSymbol@5cb1923
Adding key: DummySymbol{type='ref'}
Adding key: CallSymbol{EXPRESSION util/integer/next/0@0}
Adding key: DummySymbol{type='predroot'}
Adding key: MiddleSymbol{name='BOPEXPR_JOIN', infiniteRoot=false, typeConfinerOp= false}
Adding key: MiddleSymbol{name='QT_FORMULA_ALL1', infiniteRoot=true, typeConfinerOp= false}
Adding key: DummySymbol{type='field'}
Adding key: MiddleSymbol{name='FIELD_DECL', infiniteRoot=false, typeConfinerOp= false}
Adding key: DeclRootSymbol{semantic=0}
Adding key: ShadowSymbol{signature=0.0}
Adding key: MiddleSymbol{name='BOP_IN', infiniteRoot=false, typeConfinerOp= false}
Adding key: is.fivefivefive.ACGN.alloy.EndSymbol@0
Adding key: DummySymbol{type='sig'}
Adding key: DummySymbol{type='predroot'}
Adding key: DummySymbol{type='ref'}
Adding key: is.fivefivefive.ACGN.alloy.ConstSymbol@5cb1923
Adding key: CallSymbol{FORMULA zrepeat/zero/0@0}
Adding key: CallSymbol{EXPRESSION zrepeat/value/0@0}
Adding key: MiddleSymbol{name='UNOPF_SOME', infiniteRoot=false, typeConfinerOp= false}
Adding key: ShadowSymbol{signature=0.0}
Adding key: is.fivefivefive.ACGN.alloy.EndSymbol@0
Adding key: DummySymbol{type='sig'}
Adding key: is.fivefivefive.ACGN.alloy.ConstSymbol@5cb1923
Adding key: DummySymbol{type='ref'}
Adding key: DummySymbol{type='field'}
Adding key: DummySymbol{type='predroot'}
Adding key: CallSymbol{EXPRESSION util/ordering<A>/first/0@0}
Adding key: MiddleSymbol{name='UNOPF_SOME', infiniteRoot=false, typeConfinerOp= false}
Adding key: CallSymbol{EXPRESSION util/ordering<A>/last/0@0}
Adding key: ShadowSymbol{signature=0.0}
ZeroArgumentCallRegressionTest: fixtures=5 occurrences=13 invalidSources=2 absentFromOptimizedMatrix=0 checks=1160
Running is.fivefivefive.CanDis.OrderedCallValidationRegressionTest
Adding key: is.fivefivefive.ACGN.alloy.EndSymbol@0
Adding key: DummySymbol{type='predroot'}
Adding key: DummySymbol{type='ref'}
Adding key: DummySymbol{type='sig'}
Adding key: MiddleSymbol{name='UNOPF_SOME', infiniteRoot=false, typeConfinerOp= false}
Adding key: ShadowSymbol{signature=0.0}
Adding key: CallSymbol{FORMULA ordered/p/0@0}
Adding key: is.fivefivefive.ACGN.alloy.ConstSymbol@5cb1923
Adding key: CallSymbol{EXPRESSION ordered/f/0@0}
Adding key: is.fivefivefive.ACGN.alloy.ConstSymbol@31
Adding key: is.fivefivefive.ACGN.alloy.EndSymbol@0
Adding key: DummySymbol{type='predroot'}
Adding key: DummySymbol{type='sig'}
Adding key: DummySymbol{type='local_var'}
Adding key: DeclRootSymbol{semantic=0}
Adding key: MiddleSymbol{name='UNOPF_SOME', infiniteRoot=false, typeConfinerOp= false}
Adding key: ShadowSymbol{signature=0.0}
Adding key: CallSymbol{FORMULA ordered/p/1@0}
Adding key: CallSymbol{EXPRESSION ordered/f/1@0}
Adding key: is.fivefivefive.ACGN.alloy.ConstSymbol@5cb1923
Adding key: DummySymbol{type='ref'}
Adding key: is.fivefivefive.ACGN.alloy.ConstSymbol@31
Adding key: is.fivefivefive.ACGN.alloy.ConstSymbol@32
Adding key: is.fivefivefive.ACGN.alloy.EndSymbol@0
Adding key: DummySymbol{type='predroot'}
Adding key: DummySymbol{type='ref'}
Adding key: DummySymbol{type='sig'}
Adding key: DummySymbol{type='local_var'}
Adding key: DeclRootSymbol{semantic=0}
Adding key: MiddleSymbol{name='UNOPF_SOME', infiniteRoot=false, typeConfinerOp= false}
Adding key: ShadowSymbol{signature=0.0}
Adding key: CallSymbol{FORMULA ordered/p/2@0}
Adding key: CallSymbol{EXPRESSION ordered/f/2@0}
Adding key: is.fivefivefive.ACGN.alloy.ConstSymbol@5cb1923
Adding key: is.fivefivefive.ACGN.alloy.ConstSymbol@31
Adding key: is.fivefivefive.ACGN.alloy.ConstSymbol@32
Adding key: is.fivefivefive.ACGN.alloy.EndSymbol@0
Adding key: DummySymbol{type='predroot'}
Adding key: DummySymbol{type='sig'}
Adding key: DummySymbol{type='local_var'}
Adding key: DeclRootSymbol{semantic=0}
Adding key: MiddleSymbol{name='UNOPF_SOME', infiniteRoot=false, typeConfinerOp= false}
Adding key: ShadowSymbol{signature=0.0}
Adding key: CallSymbol{FORMULA ordered/p/3@0}
Adding key: CallSymbol{EXPRESSION ordered/f/3@0}
Adding key: is.fivefivefive.ACGN.alloy.ConstSymbol@5cb1923
Adding key: DummySymbol{type='ref'}
Adding key: is.fivefivefive.ACGN.alloy.ConstSymbol@31
Adding key: is.fivefivefive.ACGN.alloy.ConstSymbol@32
Adding key: is.fivefivefive.ACGN.alloy.ConstSymbol@33
Adding key: is.fivefivefive.ACGN.alloy.EndSymbol@0
Adding key: DummySymbol{type='predroot'}
Adding key: DummySymbol{type='sig'}
Adding key: DummySymbol{type='ref'}
Adding key: DummySymbol{type='local_var'}
Adding key: DeclRootSymbol{semantic=0}
Adding key: MiddleSymbol{name='UNOPF_SOME', infiniteRoot=false, typeConfinerOp= false}
Adding key: ShadowSymbol{signature=0.0}
Adding key: CallSymbol{EXPRESSION ordered/f/5@0}
Adding key: CallSymbol{FORMULA ordered/p/5@0}
Adding key: is.fivefivefive.ACGN.alloy.ConstSymbol@5cb1923
Adding key: is.fivefivefive.ACGN.alloy.ConstSymbol@31
Adding key: is.fivefivefive.ACGN.alloy.ConstSymbol@32
Adding key: is.fivefivefive.ACGN.alloy.ConstSymbol@33
Adding key: is.fivefivefive.ACGN.alloy.EndSymbol@0
Adding key: DummySymbol{type='predroot'}
Adding key: MiddleSymbol{name='UNOPF_SOME', infiniteRoot=false, typeConfinerOp= false}
Adding key: DummySymbol{type='sig'}
Adding key: CallSymbol{EXPRESSION ordered/f/8@0}
Adding key: DummySymbol{type='local_var'}
Adding key: CallSymbol{FORMULA ordered/p/8@0}
Adding key: is.fivefivefive.ACGN.alloy.ConstSymbol@31
Adding key: DummySymbol{type='ref'}
Adding key: is.fivefivefive.ACGN.alloy.ConstSymbol@32
Adding key: is.fivefivefive.ACGN.alloy.ConstSymbol@33
Adding key: DeclRootSymbol{semantic=0}
Adding key: ShadowSymbol{signature=0.0}
Adding key: is.fivefivefive.ACGN.alloy.ConstSymbol@5cb1923
Adding key: is.fivefivefive.ACGN.alloy.EndSymbol@0
Adding key: CallSymbol{FORMULA ordered/p/16@0}
Adding key: DummySymbol{type='predroot'}
Adding key: MiddleSymbol{name='UNOPF_SOME', infiniteRoot=false, typeConfinerOp= false}
Adding key: DummySymbol{type='sig'}
Adding key: DummySymbol{type='local_var'}
Adding key: is.fivefivefive.ACGN.alloy.ConstSymbol@31
Adding key: is.fivefivefive.ACGN.alloy.ConstSymbol@32
Adding key: is.fivefivefive.ACGN.alloy.ConstSymbol@33
Adding key: DummySymbol{type='ref'}
Adding key: CallSymbol{EXPRESSION ordered/f/16@0}
Adding key: DeclRootSymbol{semantic=0}
Adding key: ShadowSymbol{signature=0.0}
Adding key: is.fivefivefive.ACGN.alloy.ConstSymbol@5cb1923
OrderedCallValidationRegressionTest: fixtures=7 occurrences=56 rejections=637 orderControls=70 checks=5355
Running is.fivefivefive.CanDis.BuiltinIdentityRegressionTest
Adding key: is.fivefivefive.ACGN.alloy.EndSymbol@0
Adding key: DummySymbol{type='predroot'}
Adding key: DummySymbol{type='sig'}
Adding key: MiddleSymbol{name='UNOPF_NOT', infiniteRoot=false, typeConfinerOp= false}
Adding key: MiddleSymbol{name='UNOPF_SOME', infiniteRoot=false, typeConfinerOp= false}
Adding key: MiddleSymbol{name='UNOPF_NO', infiniteRoot=false, typeConfinerOp= false}
Adding key: ShadowSymbol{signature=0.0}
SLF4J: Class path contains multiple SLF4J bindings.
SLF4J: Found binding in [jar:file:/home/augustus/ACGN/lib/AlloyASG-Release.jar!/org/slf4j/impl/StaticLoggerBinder.class]
SLF4J: Found binding in [jar:file:/home/augustus/ACGN/lib/slf4j-simple-1.7.36.jar!/org/slf4j/impl/StaticLoggerBinder.class]
SLF4J: See http://www.slf4j.org/codes.html#multiple_bindings for an explanation.
SLF4J: Actual binding is of type [org.slf4j.impl.SimpleLoggerFactory]
[main] INFO kodkod.engine.config.Reporter - detecting symmetries ...
[main] INFO kodkod.engine.config.Reporter - detected 1 equivalence classes of atoms ...
[main] INFO kodkod.engine.config.Reporter - optimizing bounds and formula (breaking predicate symmetries, inlining, skolemizing) ...
[main] INFO kodkod.engine.config.Reporter - translating to boolean ...
[main] INFO kodkod.engine.config.Reporter - generating lex-leader symmetry breaking predicate ...
[main] INFO kodkod.engine.config.Reporter - detecting symmetries ...
[main] INFO kodkod.engine.config.Reporter - detected 1 equivalence classes of atoms ...
[main] INFO kodkod.engine.config.Reporter - optimizing bounds and formula (breaking predicate symmetries, inlining, skolemizing) ...
[main] INFO kodkod.engine.config.Reporter - translating to boolean ...
[main] INFO kodkod.engine.config.Reporter - generating lex-leader symmetry breaking predicate ...
[main] INFO kodkod.engine.config.Reporter - detecting symmetries ...
[main] INFO kodkod.engine.config.Reporter - detected 1 equivalence classes of atoms ...
[main] INFO kodkod.engine.config.Reporter - optimizing bounds and formula (breaking predicate symmetries, inlining, skolemizing) ...
[main] INFO kodkod.engine.config.Reporter - translating to boolean ...
[main] INFO kodkod.engine.config.Reporter - generating lex-leader symmetry breaking predicate ...
[main] INFO kodkod.engine.config.Reporter - detecting symmetries ...
[main] INFO kodkod.engine.config.Reporter - detected 1 equivalence classes of atoms ...
[main] INFO kodkod.engine.config.Reporter - optimizing bounds and formula (breaking predicate symmetries, inlining, skolemizing) ...
[main] INFO kodkod.engine.config.Reporter - translating to boolean ...
[main] INFO kodkod.engine.config.Reporter - generating lex-leader symmetry breaking predicate ...
[main] INFO kodkod.engine.config.Reporter - detecting symmetries ...
[main] INFO kodkod.engine.config.Reporter - detected 1 equivalence classes of atoms ...
[main] INFO kodkod.engine.config.Reporter - optimizing bounds and formula (breaking predicate symmetries, inlining, skolemizing) ...
[main] INFO kodkod.engine.config.Reporter - translating to boolean ...
[main] INFO kodkod.engine.config.Reporter - generating lex-leader symmetry breaking predicate ...
[main] INFO kodkod.engine.config.Reporter - detecting symmetries ...
[main] INFO kodkod.engine.config.Reporter - detected 1 equivalence classes of atoms ...
[main] INFO kodkod.engine.config.Reporter - optimizing bounds and formula (breaking predicate symmetries, inlining, skolemizing) ...
[main] INFO kodkod.engine.config.Reporter - translating to boolean ...
[main] INFO kodkod.engine.config.Reporter - generating lex-leader symmetry breaking predicate ...
[main] INFO kodkod.engine.config.Reporter - detecting symmetries ...
[main] INFO kodkod.engine.config.Reporter - detected 1 equivalence classes of atoms ...
[main] INFO kodkod.engine.config.Reporter - optimizing bounds and formula (breaking predicate symmetries, inlining, skolemizing) ...
[main] INFO kodkod.engine.config.Reporter - translating to boolean ...
[main] INFO kodkod.engine.config.Reporter - generating lex-leader symmetry breaking predicate ...
[main] INFO kodkod.engine.config.Reporter - detecting symmetries ...
[main] INFO kodkod.engine.config.Reporter - detected 1 equivalence classes of atoms ...
[main] INFO kodkod.engine.config.Reporter - optimizing bounds and formula (breaking predicate symmetries, inlining, skolemizing) ...
[main] INFO kodkod.engine.config.Reporter - translating to boolean ...
[main] INFO kodkod.engine.config.Reporter - generating lex-leader symmetry breaking predicate ...
[main] INFO kodkod.engine.config.Reporter - detecting symmetries ...
[main] INFO kodkod.engine.config.Reporter - detected 1 equivalence classes of atoms ...
[main] INFO kodkod.engine.config.Reporter - optimizing bounds and formula (breaking predicate symmetries, inlining, skolemizing) ...
[main] INFO kodkod.engine.config.Reporter - translating to boolean ...
[main] INFO kodkod.engine.config.Reporter - generating lex-leader symmetry breaking predicate ...
[main] INFO kodkod.engine.config.Reporter - detecting symmetries ...
[main] INFO kodkod.engine.config.Reporter - detected 1 equivalence classes of atoms ...
[main] INFO kodkod.engine.config.Reporter - optimizing bounds and formula (breaking predicate symmetries, inlining, skolemizing) ...
[main] INFO kodkod.engine.config.Reporter - translating to boolean ...
[main] INFO kodkod.engine.config.Reporter - generating lex-leader symmetry breaking predicate ...
[main] INFO kodkod.engine.config.Reporter - detecting symmetries ...
[main] INFO kodkod.engine.config.Reporter - detected 1 equivalence classes of atoms ...
[main] INFO kodkod.engine.config.Reporter - optimizing bounds and formula (breaking predicate symmetries, inlining, skolemizing) ...
[main] INFO kodkod.engine.config.Reporter - translating to boolean ...
[main] INFO kodkod.engine.config.Reporter - generating lex-leader symmetry breaking predicate ...
[main] INFO kodkod.engine.config.Reporter - detecting symmetries ...
[main] INFO kodkod.engine.config.Reporter - detected 1 equivalence classes of atoms ...
[main] INFO kodkod.engine.config.Reporter - optimizing bounds and formula (breaking predicate symmetries, inlining, skolemizing) ...
[main] INFO kodkod.engine.config.Reporter - translating to boolean ...
[main] INFO kodkod.engine.config.Reporter - generating lex-leader symmetry breaking predicate ...
[main] INFO kodkod.engine.config.Reporter - detecting symmetries ...
[main] INFO kodkod.engine.config.Reporter - detected 1 equivalence classes of atoms ...
[main] INFO kodkod.engine.config.Reporter - optimizing bounds and formula (breaking predicate symmetries, inlining, skolemizing) ...
[main] INFO kodkod.engine.config.Reporter - translating to boolean ...
[main] INFO kodkod.engine.config.Reporter - generating lex-leader symmetry breaking predicate ...
[main] INFO kodkod.engine.config.Reporter - detecting symmetries ...
[main] INFO kodkod.engine.config.Reporter - detected 1 equivalence classes of atoms ...
[main] INFO kodkod.engine.config.Reporter - optimizing bounds and formula (breaking predicate symmetries, inlining, skolemizing) ...
[main] INFO kodkod.engine.config.Reporter - translating to boolean ...
[main] INFO kodkod.engine.config.Reporter - generating lex-leader symmetry breaking predicate ...
[main] INFO kodkod.engine.config.Reporter - detecting symmetries ...
[main] INFO kodkod.engine.config.Reporter - detected 5 equivalence classes of atoms ...
[main] INFO kodkod.engine.config.Reporter - optimizing bounds and formula (breaking predicate symmetries, inlining, skolemizing) ...
[main] INFO kodkod.engine.config.Reporter - translating to boolean ...
[main] INFO kodkod.engine.config.Reporter - generating lex-leader symmetry breaking predicate ...
[main] INFO kodkod.engine.config.Reporter - detecting symmetries ...
[main] INFO kodkod.engine.config.Reporter - detected 5 equivalence classes of atoms ...
[main] INFO kodkod.engine.config.Reporter - optimizing bounds and formula (breaking predicate symmetries, inlining, skolemizing) ...
[main] INFO kodkod.engine.config.Reporter - translating to boolean ...
[main] INFO kodkod.engine.config.Reporter - generating lex-leader symmetry breaking predicate ...
[main] INFO kodkod.engine.config.Reporter - detecting symmetries ...
[main] INFO kodkod.engine.config.Reporter - detected 5 equivalence classes of atoms ...
[main] INFO kodkod.engine.config.Reporter - optimizing bounds and formula (breaking predicate symmetries, inlining, skolemizing) ...
[main] INFO kodkod.engine.config.Reporter - translating to boolean ...
[main] INFO kodkod.engine.config.Reporter - generating lex-leader symmetry breaking predicate ...
[main] INFO kodkod.engine.config.Reporter - detecting symmetries ...
[main] INFO kodkod.engine.config.Reporter - detected 5 equivalence classes of atoms ...
[main] INFO kodkod.engine.config.Reporter - optimizing bounds and formula (breaking predicate symmetries, inlining, skolemizing) ...
[main] INFO kodkod.engine.config.Reporter - translating to boolean ...
[main] INFO kodkod.engine.config.Reporter - generating lex-leader symmetry breaking predicate ...
[main] INFO kodkod.engine.config.Reporter - detecting symmetries ...
[main] INFO kodkod.engine.config.Reporter - detected 5 equivalence classes of atoms ...
[main] INFO kodkod.engine.config.Reporter - optimizing bounds and formula (breaking predicate symmetries, inlining, skolemizing) ...
[main] INFO kodkod.engine.config.Reporter - translating to boolean ...
[main] INFO kodkod.engine.config.Reporter - generating lex-leader symmetry breaking predicate ...
[main] INFO kodkod.engine.config.Reporter - detecting symmetries ...
[main] INFO kodkod.engine.config.Reporter - detected 5 equivalence classes of atoms ...
[main] INFO kodkod.engine.config.Reporter - optimizing bounds and formula (breaking predicate symmetries, inlining, skolemizing) ...
[main] INFO kodkod.engine.config.Reporter - translating to boolean ...
[main] INFO kodkod.engine.config.Reporter - generating lex-leader symmetry breaking predicate ...
[main] INFO kodkod.engine.config.Reporter - detecting symmetries ...
[main] INFO kodkod.engine.config.Reporter - detected 5 equivalence classes of atoms ...
[main] INFO kodkod.engine.config.Reporter - optimizing bounds and formula (breaking predicate symmetries, inlining, skolemizing) ...
[main] INFO kodkod.engine.config.Reporter - translating to boolean ...
[main] INFO kodkod.engine.config.Reporter - generating lex-leader symmetry breaking predicate ...
Adding key: is.fivefivefive.ACGN.alloy.EndSymbol@0
Adding key: DummySymbol{type='predroot'}
Adding key: DummySymbol{type='sig'}
Adding key: MiddleSymbol{name='UNOPF_NOT', infiniteRoot=false, typeConfinerOp= false}
Adding key: MiddleSymbol{name='UNOPF_SOME', infiniteRoot=false, typeConfinerOp= false}
Adding key: MiddleSymbol{name='UNOPF_NO', infiniteRoot=false, typeConfinerOp= false}
Adding key: ShadowSymbol{signature=0.0}
[main] INFO kodkod.engine.config.Reporter - detecting symmetries ...
[main] INFO kodkod.engine.config.Reporter - detected 1 equivalence classes of atoms ...
[main] INFO kodkod.engine.config.Reporter - optimizing bounds and formula (breaking predicate symmetries, inlining, skolemizing) ...
[main] INFO kodkod.engine.config.Reporter - translating to boolean ...
[main] INFO kodkod.engine.config.Reporter - generating lex-leader symmetry breaking predicate ...
[main] INFO kodkod.engine.config.Reporter - detecting symmetries ...
[main] INFO kodkod.engine.config.Reporter - detected 1 equivalence classes of atoms ...
[main] INFO kodkod.engine.config.Reporter - optimizing bounds and formula (breaking predicate symmetries, inlining, skolemizing) ...
[main] INFO kodkod.engine.config.Reporter - translating to boolean ...
[main] INFO kodkod.engine.config.Reporter - generating lex-leader symmetry breaking predicate ...
[main] INFO kodkod.engine.config.Reporter - detecting symmetries ...
[main] INFO kodkod.engine.config.Reporter - detected 1 equivalence classes of atoms ...
[main] INFO kodkod.engine.config.Reporter - optimizing bounds and formula (breaking predicate symmetries, inlining, skolemizing) ...
[main] INFO kodkod.engine.config.Reporter - translating to boolean ...
[main] INFO kodkod.engine.config.Reporter - generating lex-leader symmetry breaking predicate ...
[main] INFO kodkod.engine.config.Reporter - detecting symmetries ...
[main] INFO kodkod.engine.config.Reporter - detected 1 equivalence classes of atoms ...
[main] INFO kodkod.engine.config.Reporter - optimizing bounds and formula (breaking predicate symmetries, inlining, skolemizing) ...
[main] INFO kodkod.engine.config.Reporter - translating to boolean ...
[main] INFO kodkod.engine.config.Reporter - generating lex-leader symmetry breaking predicate ...
[main] INFO kodkod.engine.config.Reporter - detecting symmetries ...
[main] INFO kodkod.engine.config.Reporter - detected 1 equivalence classes of atoms ...
[main] INFO kodkod.engine.config.Reporter - optimizing bounds and formula (breaking predicate symmetries, inlining, skolemizing) ...
[main] INFO kodkod.engine.config.Reporter - translating to boolean ...
[main] INFO kodkod.engine.config.Reporter - generating lex-leader symmetry breaking predicate ...
[main] INFO kodkod.engine.config.Reporter - detecting symmetries ...
[main] INFO kodkod.engine.config.Reporter - detected 1 equivalence classes of atoms ...
[main] INFO kodkod.engine.config.Reporter - optimizing bounds and formula (breaking predicate symmetries, inlining, skolemizing) ...
[main] INFO kodkod.engine.config.Reporter - translating to boolean ...
[main] INFO kodkod.engine.config.Reporter - generating lex-leader symmetry breaking predicate ...
[main] INFO kodkod.engine.config.Reporter - detecting symmetries ...
[main] INFO kodkod.engine.config.Reporter - detected 1 equivalence classes of atoms ...
[main] INFO kodkod.engine.config.Reporter - optimizing bounds and formula (breaking predicate symmetries, inlining, skolemizing) ...
[main] INFO kodkod.engine.config.Reporter - translating to boolean ...
[main] INFO kodkod.engine.config.Reporter - generating lex-leader symmetry breaking predicate ...
[main] INFO kodkod.engine.config.Reporter - detecting symmetries ...
[main] INFO kodkod.engine.config.Reporter - detected 1 equivalence classes of atoms ...
[main] INFO kodkod.engine.config.Reporter - optimizing bounds and formula (breaking predicate symmetries, inlining, skolemizing) ...
[main] INFO kodkod.engine.config.Reporter - translating to boolean ...
[main] INFO kodkod.engine.config.Reporter - generating lex-leader symmetry breaking predicate ...
[main] INFO kodkod.engine.config.Reporter - detecting symmetries ...
[main] INFO kodkod.engine.config.Reporter - detected 1 equivalence classes of atoms ...
[main] INFO kodkod.engine.config.Reporter - optimizing bounds and formula (breaking predicate symmetries, inlining, skolemizing) ...
[main] INFO kodkod.engine.config.Reporter - translating to boolean ...
[main] INFO kodkod.engine.config.Reporter - generating lex-leader symmetry breaking predicate ...
[main] INFO kodkod.engine.config.Reporter - detecting symmetries ...
[main] INFO kodkod.engine.config.Reporter - detected 1 equivalence classes of atoms ...
[main] INFO kodkod.engine.config.Reporter - optimizing bounds and formula (breaking predicate symmetries, inlining, skolemizing) ...
[main] INFO kodkod.engine.config.Reporter - translating to boolean ...
[main] INFO kodkod.engine.config.Reporter - generating lex-leader symmetry breaking predicate ...
[main] INFO kodkod.engine.config.Reporter - detecting symmetries ...
[main] INFO kodkod.engine.config.Reporter - detected 1 equivalence classes of atoms ...
[main] INFO kodkod.engine.config.Reporter - optimizing bounds and formula (breaking predicate symmetries, inlining, skolemizing) ...
[main] INFO kodkod.engine.config.Reporter - translating to boolean ...
[main] INFO kodkod.engine.config.Reporter - generating lex-leader symmetry breaking predicate ...
[main] INFO kodkod.engine.config.Reporter - detecting symmetries ...
[main] INFO kodkod.engine.config.Reporter - detected 1 equivalence classes of atoms ...
[main] INFO kodkod.engine.config.Reporter - optimizing bounds and formula (breaking predicate symmetries, inlining, skolemizing) ...
[main] INFO kodkod.engine.config.Reporter - translating to boolean ...
[main] INFO kodkod.engine.config.Reporter - generating lex-leader symmetry breaking predicate ...
[main] INFO kodkod.engine.config.Reporter - detecting symmetries ...
[main] INFO kodkod.engine.config.Reporter - detected 1 equivalence classes of atoms ...
[main] INFO kodkod.engine.config.Reporter - optimizing bounds and formula (breaking predicate symmetries, inlining, skolemizing) ...
[main] INFO kodkod.engine.config.Reporter - translating to boolean ...
[main] INFO kodkod.engine.config.Reporter - generating lex-leader symmetry breaking predicate ...
[main] INFO kodkod.engine.config.Reporter - detecting symmetries ...
[main] INFO kodkod.engine.config.Reporter - detected 1 equivalence classes of atoms ...
[main] INFO kodkod.engine.config.Reporter - optimizing bounds and formula (breaking predicate symmetries, inlining, skolemizing) ...
[main] INFO kodkod.engine.config.Reporter - translating to boolean ...
[main] INFO kodkod.engine.config.Reporter - generating lex-leader symmetry breaking predicate ...
[main] INFO kodkod.engine.config.Reporter - detecting symmetries ...
[main] INFO kodkod.engine.config.Reporter - detected 1 equivalence classes of atoms ...
[main] INFO kodkod.engine.config.Reporter - optimizing bounds and formula (breaking predicate symmetries, inlining, skolemizing) ...
[main] INFO kodkod.engine.config.Reporter - translating to boolean ...
[main] INFO kodkod.engine.config.Reporter - generating lex-leader symmetry breaking predicate ...
[main] INFO kodkod.engine.config.Reporter - detecting symmetries ...
[main] INFO kodkod.engine.config.Reporter - detected 1 equivalence classes of atoms ...
[main] INFO kodkod.engine.config.Reporter - optimizing bounds and formula (breaking predicate symmetries, inlining, skolemizing) ...
[main] INFO kodkod.engine.config.Reporter - translating to boolean ...
[main] INFO kodkod.engine.config.Reporter - generating lex-leader symmetry breaking predicate ...
[main] INFO kodkod.engine.config.Reporter - detecting symmetries ...
[main] INFO kodkod.engine.config.Reporter - detected 1 equivalence classes of atoms ...
[main] INFO kodkod.engine.config.Reporter - optimizing bounds and formula (breaking predicate symmetries, inlining, skolemizing) ...
[main] INFO kodkod.engine.config.Reporter - translating to boolean ...
[main] INFO kodkod.engine.config.Reporter - generating lex-leader symmetry breaking predicate ...
[main] INFO kodkod.engine.config.Reporter - detecting symmetries ...
[main] INFO kodkod.engine.config.Reporter - detected 1 equivalence classes of atoms ...
[main] INFO kodkod.engine.config.Reporter - optimizing bounds and formula (breaking predicate symmetries, inlining, skolemizing) ...
[main] INFO kodkod.engine.config.Reporter - translating to boolean ...
[main] INFO kodkod.engine.config.Reporter - generating lex-leader symmetry breaking predicate ...
[main] INFO kodkod.engine.config.Reporter - detecting symmetries ...
[main] INFO kodkod.engine.config.Reporter - detected 1 equivalence classes of atoms ...
[main] INFO kodkod.engine.config.Reporter - optimizing bounds and formula (breaking predicate symmetries, inlining, skolemizing) ...
[main] INFO kodkod.engine.config.Reporter - translating to boolean ...
[main] INFO kodkod.engine.config.Reporter - generating lex-leader symmetry breaking predicate ...
[main] INFO kodkod.engine.config.Reporter - detecting symmetries ...
[main] INFO kodkod.engine.config.Reporter - detected 1 equivalence classes of atoms ...
[main] INFO kodkod.engine.config.Reporter - optimizing bounds and formula (breaking predicate symmetries, inlining, skolemizing) ...
[main] INFO kodkod.engine.config.Reporter - translating to boolean ...
[main] INFO kodkod.engine.config.Reporter - generating lex-leader symmetry breaking predicate ...
[main] INFO kodkod.engine.config.Reporter - detecting symmetries ...
[main] INFO kodkod.engine.config.Reporter - detected 1 equivalence classes of atoms ...
[main] INFO kodkod.engine.config.Reporter - optimizing bounds and formula (breaking predicate symmetries, inlining, skolemizing) ...
[main] INFO kodkod.engine.config.Reporter - translating to boolean ...
[main] INFO kodkod.engine.config.Reporter - generating lex-leader symmetry breaking predicate ...
[main] INFO kodkod.engine.config.Reporter - detecting symmetries ...
[main] INFO kodkod.engine.config.Reporter - detected 1 equivalence classes of atoms ...
[main] INFO kodkod.engine.config.Reporter - optimizing bounds and formula (breaking predicate symmetries, inlining, skolemizing) ...
[main] INFO kodkod.engine.config.Reporter - translating to boolean ...
[main] INFO kodkod.engine.config.Reporter - generating lex-leader symmetry breaking predicate ...
[main] INFO kodkod.engine.config.Reporter - detecting symmetries ...
[main] INFO kodkod.engine.config.Reporter - detected 5 equivalence classes of atoms ...
[main] INFO kodkod.engine.config.Reporter - optimizing bounds and formula (breaking predicate symmetries, inlining, skolemizing) ...
[main] INFO kodkod.engine.config.Reporter - translating to boolean ...
[main] INFO kodkod.engine.config.Reporter - generating lex-leader symmetry breaking predicate ...
[main] INFO kodkod.engine.config.Reporter - detecting symmetries ...
[main] INFO kodkod.engine.config.Reporter - detected 1 equivalence classes of atoms ...
[main] INFO kodkod.engine.config.Reporter - optimizing bounds and formula (breaking predicate symmetries, inlining, skolemizing) ...
[main] INFO kodkod.engine.config.Reporter - translating to boolean ...
[main] INFO kodkod.engine.config.Reporter - generating lex-leader symmetry breaking predicate ...
[main] INFO kodkod.engine.config.Reporter - detecting symmetries ...
[main] INFO kodkod.engine.config.Reporter - detected 5 equivalence classes of atoms ...
[main] INFO kodkod.engine.config.Reporter - optimizing bounds and formula (breaking predicate symmetries, inlining, skolemizing) ...
[main] INFO kodkod.engine.config.Reporter - translating to boolean ...
[main] INFO kodkod.engine.config.Reporter - generating lex-leader symmetry breaking predicate ...
[main] INFO kodkod.engine.config.Reporter - detecting symmetries ...
[main] INFO kodkod.engine.config.Reporter - detected 1 equivalence classes of atoms ...
[main] INFO kodkod.engine.config.Reporter - optimizing bounds and formula (breaking predicate symmetries, inlining, skolemizing) ...
[main] INFO kodkod.engine.config.Reporter - translating to boolean ...
[main] INFO kodkod.engine.config.Reporter - generating lex-leader symmetry breaking predicate ...
[main] INFO kodkod.engine.config.Reporter - detecting symmetries ...
[main] INFO kodkod.engine.config.Reporter - detected 5 equivalence classes of atoms ...
[main] INFO kodkod.engine.config.Reporter - optimizing bounds and formula (breaking predicate symmetries, inlining, skolemizing) ...
[main] INFO kodkod.engine.config.Reporter - translating to boolean ...
[main] INFO kodkod.engine.config.Reporter - generating lex-leader symmetry breaking predicate ...
[main] INFO kodkod.engine.config.Reporter - detecting symmetries ...
[main] INFO kodkod.engine.config.Reporter - detected 1 equivalence classes of atoms ...
[main] INFO kodkod.engine.config.Reporter - optimizing bounds and formula (breaking predicate symmetries, inlining, skolemizing) ...
[main] INFO kodkod.engine.config.Reporter - translating to boolean ...
[main] INFO kodkod.engine.config.Reporter - generating lex-leader symmetry breaking predicate ...
[main] INFO kodkod.engine.config.Reporter - detecting symmetries ...
[main] INFO kodkod.engine.config.Reporter - detected 5 equivalence classes of atoms ...
[main] INFO kodkod.engine.config.Reporter - optimizing bounds and formula (breaking predicate symmetries, inlining, skolemizing) ...
[main] INFO kodkod.engine.config.Reporter - translating to boolean ...
[main] INFO kodkod.engine.config.Reporter - generating lex-leader symmetry breaking predicate ...
[main] INFO kodkod.engine.config.Reporter - detecting symmetries ...
[main] INFO kodkod.engine.config.Reporter - detected 1 equivalence classes of atoms ...
[main] INFO kodkod.engine.config.Reporter - optimizing bounds and formula (breaking predicate symmetries, inlining, skolemizing) ...
[main] INFO kodkod.engine.config.Reporter - translating to boolean ...
[main] INFO kodkod.engine.config.Reporter - generating lex-leader symmetry breaking predicate ...
[main] INFO kodkod.engine.config.Reporter - detecting symmetries ...
[main] INFO kodkod.engine.config.Reporter - detected 5 equivalence classes of atoms ...
[main] INFO kodkod.engine.config.Reporter - optimizing bounds and formula (breaking predicate symmetries, inlining, skolemizing) ...
[main] INFO kodkod.engine.config.Reporter - translating to boolean ...
[main] INFO kodkod.engine.config.Reporter - generating lex-leader symmetry breaking predicate ...
[main] INFO kodkod.engine.config.Reporter - detecting symmetries ...
[main] INFO kodkod.engine.config.Reporter - detected 5 equivalence classes of atoms ...
[main] INFO kodkod.engine.config.Reporter - optimizing bounds and formula (breaking predicate symmetries, inlining, skolemizing) ...
[main] INFO kodkod.engine.config.Reporter - translating to boolean ...
[main] INFO kodkod.engine.config.Reporter - generating lex-leader symmetry breaking predicate ...
[main] INFO kodkod.engine.config.Reporter - detecting symmetries ...
[main] INFO kodkod.engine.config.Reporter - detected 5 equivalence classes of atoms ...
[main] INFO kodkod.engine.config.Reporter - optimizing bounds and formula (breaking predicate symmetries, inlining, skolemizing) ...
[main] INFO kodkod.engine.config.Reporter - translating to boolean ...
[main] INFO kodkod.engine.config.Reporter - generating lex-leader symmetry breaking predicate ...
Adding key: is.fivefivefive.ACGN.alloy.EndSymbol@0
Adding key: DummySymbol{type='predroot'}
Adding key: DummySymbol{type='sig'}
Adding key: MiddleSymbol{name='UNOPF_SOME', infiniteRoot=false, typeConfinerOp= false}
Adding key: MiddleSymbol{name='UNOPF_NO', infiniteRoot=false, typeConfinerOp= false}
Adding key: ShadowSymbol{signature=0.0}
Adding key: MiddleSymbol{name='UNOPF_ONE', infiniteRoot=false, typeConfinerOp= false}
[main] INFO kodkod.engine.config.Reporter - detecting symmetries ...
[main] INFO kodkod.engine.config.Reporter - detected 1 equivalence classes of atoms ...
[main] INFO kodkod.engine.config.Reporter - optimizing bounds and formula (breaking predicate symmetries, inlining, skolemizing) ...
[main] INFO kodkod.engine.config.Reporter - translating to boolean ...
[main] INFO kodkod.engine.config.Reporter - generating lex-leader symmetry breaking predicate ...
[main] INFO kodkod.engine.config.Reporter - detecting symmetries ...
[main] INFO kodkod.engine.config.Reporter - detected 1 equivalence classes of atoms ...
[main] INFO kodkod.engine.config.Reporter - optimizing bounds and formula (breaking predicate symmetries, inlining, skolemizing) ...
[main] INFO kodkod.engine.config.Reporter - translating to boolean ...
[main] INFO kodkod.engine.config.Reporter - generating lex-leader symmetry breaking predicate ...
[main] INFO kodkod.engine.config.Reporter - detecting symmetries ...
[main] INFO kodkod.engine.config.Reporter - detected 1 equivalence classes of atoms ...
[main] INFO kodkod.engine.config.Reporter - optimizing bounds and formula (breaking predicate symmetries, inlining, skolemizing) ...
[main] INFO kodkod.engine.config.Reporter - translating to boolean ...
[main] INFO kodkod.engine.config.Reporter - generating lex-leader symmetry breaking predicate ...
[main] INFO kodkod.engine.config.Reporter - detecting symmetries ...
[main] INFO kodkod.engine.config.Reporter - detected 1 equivalence classes of atoms ...
[main] INFO kodkod.engine.config.Reporter - optimizing bounds and formula (breaking predicate symmetries, inlining, skolemizing) ...
[main] INFO kodkod.engine.config.Reporter - translating to boolean ...
[main] INFO kodkod.engine.config.Reporter - generating lex-leader symmetry breaking predicate ...
[main] INFO kodkod.engine.config.Reporter - detecting symmetries ...
[main] INFO kodkod.engine.config.Reporter - detected 1 equivalence classes of atoms ...
[main] INFO kodkod.engine.config.Reporter - optimizing bounds and formula (breaking predicate symmetries, inlining, skolemizing) ...
[main] INFO kodkod.engine.config.Reporter - translating to boolean ...
[main] INFO kodkod.engine.config.Reporter - generating lex-leader symmetry breaking predicate ...
[main] INFO kodkod.engine.config.Reporter - detecting symmetries ...
[main] INFO kodkod.engine.config.Reporter - detected 1 equivalence classes of atoms ...
[main] INFO kodkod.engine.config.Reporter - optimizing bounds and formula (breaking predicate symmetries, inlining, skolemizing) ...
[main] INFO kodkod.engine.config.Reporter - translating to boolean ...
[main] INFO kodkod.engine.config.Reporter - generating lex-leader symmetry breaking predicate ...
[main] INFO kodkod.engine.config.Reporter - detecting symmetries ...
[main] INFO kodkod.engine.config.Reporter - detected 1 equivalence classes of atoms ...
[main] INFO kodkod.engine.config.Reporter - optimizing bounds and formula (breaking predicate symmetries, inlining, skolemizing) ...
[main] INFO kodkod.engine.config.Reporter - translating to boolean ...
[main] INFO kodkod.engine.config.Reporter - generating lex-leader symmetry breaking predicate ...
[main] INFO kodkod.engine.config.Reporter - detecting symmetries ...
[main] INFO kodkod.engine.config.Reporter - detected 1 equivalence classes of atoms ...
[main] INFO kodkod.engine.config.Reporter - optimizing bounds and formula (breaking predicate symmetries, inlining, skolemizing) ...
[main] INFO kodkod.engine.config.Reporter - translating to boolean ...
[main] INFO kodkod.engine.config.Reporter - generating lex-leader symmetry breaking predicate ...
[main] INFO kodkod.engine.config.Reporter - detecting symmetries ...
[main] INFO kodkod.engine.config.Reporter - detected 1 equivalence classes of atoms ...
[main] INFO kodkod.engine.config.Reporter - optimizing bounds and formula (breaking predicate symmetries, inlining, skolemizing) ...
[main] INFO kodkod.engine.config.Reporter - translating to boolean ...
[main] INFO kodkod.engine.config.Reporter - generating lex-leader symmetry breaking predicate ...
[main] INFO kodkod.engine.config.Reporter - detecting symmetries ...
[main] INFO kodkod.engine.config.Reporter - detected 1 equivalence classes of atoms ...
[main] INFO kodkod.engine.config.Reporter - optimizing bounds and formula (breaking predicate symmetries, inlining, skolemizing) ...
[main] INFO kodkod.engine.config.Reporter - translating to boolean ...
[main] INFO kodkod.engine.config.Reporter - generating lex-leader symmetry breaking predicate ...
[main] INFO kodkod.engine.config.Reporter - detecting symmetries ...
[main] INFO kodkod.engine.config.Reporter - detected 1 equivalence classes of atoms ...
[main] INFO kodkod.engine.config.Reporter - optimizing bounds and formula (breaking predicate symmetries, inlining, skolemizing) ...
[main] INFO kodkod.engine.config.Reporter - translating to boolean ...
[main] INFO kodkod.engine.config.Reporter - generating lex-leader symmetry breaking predicate ...
[main] INFO kodkod.engine.config.Reporter - detecting symmetries ...
[main] INFO kodkod.engine.config.Reporter - detected 1 equivalence classes of atoms ...
[main] INFO kodkod.engine.config.Reporter - optimizing bounds and formula (breaking predicate symmetries, inlining, skolemizing) ...
[main] INFO kodkod.engine.config.Reporter - translating to boolean ...
[main] INFO kodkod.engine.config.Reporter - generating lex-leader symmetry breaking predicate ...
[main] INFO kodkod.engine.config.Reporter - detecting symmetries ...
[main] INFO kodkod.engine.config.Reporter - detected 1 equivalence classes of atoms ...
[main] INFO kodkod.engine.config.Reporter - optimizing bounds and formula (breaking predicate symmetries, inlining, skolemizing) ...
[main] INFO kodkod.engine.config.Reporter - translating to boolean ...
[main] INFO kodkod.engine.config.Reporter - generating lex-leader symmetry breaking predicate ...
[main] INFO kodkod.engine.config.Reporter - detecting symmetries ...
[main] INFO kodkod.engine.config.Reporter - detected 1 equivalence classes of atoms ...
[main] INFO kodkod.engine.config.Reporter - optimizing bounds and formula (breaking predicate symmetries, inlining, skolemizing) ...
[main] INFO kodkod.engine.config.Reporter - translating to boolean ...
[main] INFO kodkod.engine.config.Reporter - generating lex-leader symmetry breaking predicate ...
[main] INFO kodkod.engine.config.Reporter - detecting symmetries ...
[main] INFO kodkod.engine.config.Reporter - detected 5 equivalence classes of atoms ...
[main] INFO kodkod.engine.config.Reporter - optimizing bounds and formula (breaking predicate symmetries, inlining, skolemizing) ...
[main] INFO kodkod.engine.config.Reporter - translating to boolean ...
[main] INFO kodkod.engine.config.Reporter - generating lex-leader symmetry breaking predicate ...
[main] INFO kodkod.engine.config.Reporter - detecting symmetries ...
[main] INFO kodkod.engine.config.Reporter - detected 5 equivalence classes of atoms ...
[main] INFO kodkod.engine.config.Reporter - optimizing bounds and formula (breaking predicate symmetries, inlining, skolemizing) ...
[main] INFO kodkod.engine.config.Reporter - translating to boolean ...
[main] INFO kodkod.engine.config.Reporter - generating lex-leader symmetry breaking predicate ...
[main] INFO kodkod.engine.config.Reporter - detecting symmetries ...
[main] INFO kodkod.engine.config.Reporter - detected 5 equivalence classes of atoms ...
[main] INFO kodkod.engine.config.Reporter - optimizing bounds and formula (breaking predicate symmetries, inlining, skolemizing) ...
[main] INFO kodkod.engine.config.Reporter - translating to boolean ...
[main] INFO kodkod.engine.config.Reporter - generating lex-leader symmetry breaking predicate ...
[main] INFO kodkod.engine.config.Reporter - detecting symmetries ...
[main] INFO kodkod.engine.config.Reporter - detected 5 equivalence classes of atoms ...
[main] INFO kodkod.engine.config.Reporter - optimizing bounds and formula (breaking predicate symmetries, inlining, skolemizing) ...
[main] INFO kodkod.engine.config.Reporter - translating to boolean ...
[main] INFO kodkod.engine.config.Reporter - generating lex-leader symmetry breaking predicate ...
[main] INFO kodkod.engine.config.Reporter - detecting symmetries ...
[main] INFO kodkod.engine.config.Reporter - detected 5 equivalence classes of atoms ...
[main] INFO kodkod.engine.config.Reporter - optimizing bounds and formula (breaking predicate symmetries, inlining, skolemizing) ...
[main] INFO kodkod.engine.config.Reporter - translating to boolean ...
[main] INFO kodkod.engine.config.Reporter - generating lex-leader symmetry breaking predicate ...
[main] INFO kodkod.engine.config.Reporter - detecting symmetries ...
[main] INFO kodkod.engine.config.Reporter - detected 5 equivalence classes of atoms ...
[main] INFO kodkod.engine.config.Reporter - optimizing bounds and formula (breaking predicate symmetries, inlining, skolemizing) ...
[main] INFO kodkod.engine.config.Reporter - translating to boolean ...
[main] INFO kodkod.engine.config.Reporter - generating lex-leader symmetry breaking predicate ...
[main] INFO kodkod.engine.config.Reporter - detecting symmetries ...
[main] INFO kodkod.engine.config.Reporter - detected 5 equivalence classes of atoms ...
[main] INFO kodkod.engine.config.Reporter - optimizing bounds and formula (breaking predicate symmetries, inlining, skolemizing) ...
[main] INFO kodkod.engine.config.Reporter - translating to boolean ...
[main] INFO kodkod.engine.config.Reporter - generating lex-leader symmetry breaking predicate ...
Adding key: is.fivefivefive.ACGN.alloy.EndSymbol@0
Adding key: DummySymbol{type='predroot'}
Adding key: DummySymbol{type='sig'}
Adding key: MiddleSymbol{name='UNOPF_SOME', infiniteRoot=false, typeConfinerOp= false}
Adding key: MiddleSymbol{name='UNOPF_NO', infiniteRoot=false, typeConfinerOp= false}
Adding key: MiddleSymbol{name='UNOPF_LONE', infiniteRoot=false, typeConfinerOp= false}
Adding key: ShadowSymbol{signature=0.0}
[main] INFO kodkod.engine.config.Reporter - detecting symmetries ...
[main] INFO kodkod.engine.config.Reporter - detected 1 equivalence classes of atoms ...
[main] INFO kodkod.engine.config.Reporter - optimizing bounds and formula (breaking predicate symmetries, inlining, skolemizing) ...
[main] INFO kodkod.engine.config.Reporter - translating to boolean ...
[main] INFO kodkod.engine.config.Reporter - generating lex-leader symmetry breaking predicate ...
[main] INFO kodkod.engine.config.Reporter - detecting symmetries ...
[main] INFO kodkod.engine.config.Reporter - detected 1 equivalence classes of atoms ...
[main] INFO kodkod.engine.config.Reporter - optimizing bounds and formula (breaking predicate symmetries, inlining, skolemizing) ...
[main] INFO kodkod.engine.config.Reporter - translating to boolean ...
[main] INFO kodkod.engine.config.Reporter - generating lex-leader symmetry breaking predicate ...
[main] INFO kodkod.engine.config.Reporter - detecting symmetries ...
[main] INFO kodkod.engine.config.Reporter - detected 1 equivalence classes of atoms ...
[main] INFO kodkod.engine.config.Reporter - optimizing bounds and formula (breaking predicate symmetries, inlining, skolemizing) ...
[main] INFO kodkod.engine.config.Reporter - translating to boolean ...
[main] INFO kodkod.engine.config.Reporter - generating lex-leader symmetry breaking predicate ...
[main] INFO kodkod.engine.config.Reporter - detecting symmetries ...
[main] INFO kodkod.engine.config.Reporter - detected 1 equivalence classes of atoms ...
[main] INFO kodkod.engine.config.Reporter - optimizing bounds and formula (breaking predicate symmetries, inlining, skolemizing) ...
[main] INFO kodkod.engine.config.Reporter - translating to boolean ...
[main] INFO kodkod.engine.config.Reporter - generating lex-leader symmetry breaking predicate ...
[main] INFO kodkod.engine.config.Reporter - detecting symmetries ...
[main] INFO kodkod.engine.config.Reporter - detected 1 equivalence classes of atoms ...
[main] INFO kodkod.engine.config.Reporter - optimizing bounds and formula (breaking predicate symmetries, inlining, skolemizing) ...
[main] INFO kodkod.engine.config.Reporter - translating to boolean ...
[main] INFO kodkod.engine.config.Reporter - generating lex-leader symmetry breaking predicate ...
[main] INFO kodkod.engine.config.Reporter - detecting symmetries ...
[main] INFO kodkod.engine.config.Reporter - detected 1 equivalence classes of atoms ...
[main] INFO kodkod.engine.config.Reporter - optimizing bounds and formula (breaking predicate symmetries, inlining, skolemizing) ...
[main] INFO kodkod.engine.config.Reporter - translating to boolean ...
[main] INFO kodkod.engine.config.Reporter - generating lex-leader symmetry breaking predicate ...
[main] INFO kodkod.engine.config.Reporter - detecting symmetries ...
[main] INFO kodkod.engine.config.Reporter - detected 1 equivalence classes of atoms ...
[main] INFO kodkod.engine.config.Reporter - optimizing bounds and formula (breaking predicate symmetries, inlining, skolemizing) ...
[main] INFO kodkod.engine.config.Reporter - translating to boolean ...
[main] INFO kodkod.engine.config.Reporter - generating lex-leader symmetry breaking predicate ...
[main] INFO kodkod.engine.config.Reporter - detecting symmetries ...
[main] INFO kodkod.engine.config.Reporter - detected 1 equivalence classes of atoms ...
[main] INFO kodkod.engine.config.Reporter - optimizing bounds and formula (breaking predicate symmetries, inlining, skolemizing) ...
[main] INFO kodkod.engine.config.Reporter - translating to boolean ...
[main] INFO kodkod.engine.config.Reporter - generating lex-leader symmetry breaking predicate ...
[main] INFO kodkod.engine.config.Reporter - detecting symmetries ...
[main] INFO kodkod.engine.config.Reporter - detected 1 equivalence classes of atoms ...
[main] INFO kodkod.engine.config.Reporter - optimizing bounds and formula (breaking predicate symmetries, inlining, skolemizing) ...
[main] INFO kodkod.engine.config.Reporter - translating to boolean ...
[main] INFO kodkod.engine.config.Reporter - generating lex-leader symmetry breaking predicate ...
[main] INFO kodkod.engine.config.Reporter - detecting symmetries ...
[main] INFO kodkod.engine.config.Reporter - detected 1 equivalence classes of atoms ...
[main] INFO kodkod.engine.config.Reporter - optimizing bounds and formula (breaking predicate symmetries, inlining, skolemizing) ...
[main] INFO kodkod.engine.config.Reporter - translating to boolean ...
[main] INFO kodkod.engine.config.Reporter - generating lex-leader symmetry breaking predicate ...
[main] INFO kodkod.engine.config.Reporter - detecting symmetries ...
[main] INFO kodkod.engine.config.Reporter - detected 1 equivalence classes of atoms ...
[main] INFO kodkod.engine.config.Reporter - optimizing bounds and formula (breaking predicate symmetries, inlining, skolemizing) ...
[main] INFO kodkod.engine.config.Reporter - translating to boolean ...
[main] INFO kodkod.engine.config.Reporter - generating lex-leader symmetry breaking predicate ...
[main] INFO kodkod.engine.config.Reporter - detecting symmetries ...
[main] INFO kodkod.engine.config.Reporter - detected 1 equivalence classes of atoms ...
[main] INFO kodkod.engine.config.Reporter - optimizing bounds and formula (breaking predicate symmetries, inlining, skolemizing) ...
[main] INFO kodkod.engine.config.Reporter - translating to boolean ...
[main] INFO kodkod.engine.config.Reporter - generating lex-leader symmetry breaking predicate ...
[main] INFO kodkod.engine.config.Reporter - detecting symmetries ...
[main] INFO kodkod.engine.config.Reporter - detected 1 equivalence classes of atoms ...
[main] INFO kodkod.engine.config.Reporter - optimizing bounds and formula (breaking predicate symmetries, inlining, skolemizing) ...
[main] INFO kodkod.engine.config.Reporter - translating to boolean ...
[main] INFO kodkod.engine.config.Reporter - generating lex-leader symmetry breaking predicate ...
[main] INFO kodkod.engine.config.Reporter - detecting symmetries ...
[main] INFO kodkod.engine.config.Reporter - detected 1 equivalence classes of atoms ...
[main] INFO kodkod.engine.config.Reporter - optimizing bounds and formula (breaking predicate symmetries, inlining, skolemizing) ...
[main] INFO kodkod.engine.config.Reporter - translating to boolean ...
[main] INFO kodkod.engine.config.Reporter - generating lex-leader symmetry breaking predicate ...
[main] INFO kodkod.engine.config.Reporter - detecting symmetries ...
[main] INFO kodkod.engine.config.Reporter - detected 1 equivalence classes of atoms ...
[main] INFO kodkod.engine.config.Reporter - optimizing bounds and formula (breaking predicate symmetries, inlining, skolemizing) ...
[main] INFO kodkod.engine.config.Reporter - translating to boolean ...
[main] INFO kodkod.engine.config.Reporter - generating lex-leader symmetry breaking predicate ...
[main] INFO kodkod.engine.config.Reporter - detecting symmetries ...
[main] INFO kodkod.engine.config.Reporter - detected 1 equivalence classes of atoms ...
[main] INFO kodkod.engine.config.Reporter - optimizing bounds and formula (breaking predicate symmetries, inlining, skolemizing) ...
[main] INFO kodkod.engine.config.Reporter - translating to boolean ...
[main] INFO kodkod.engine.config.Reporter - generating lex-leader symmetry breaking predicate ...
[main] INFO kodkod.engine.config.Reporter - detecting symmetries ...
[main] INFO kodkod.engine.config.Reporter - detected 1 equivalence classes of atoms ...
[main] INFO kodkod.engine.config.Reporter - optimizing bounds and formula (breaking predicate symmetries, inlining, skolemizing) ...
[main] INFO kodkod.engine.config.Reporter - translating to boolean ...
[main] INFO kodkod.engine.config.Reporter - generating lex-leader symmetry breaking predicate ...
[main] INFO kodkod.engine.config.Reporter - detecting symmetries ...
[main] INFO kodkod.engine.config.Reporter - detected 1 equivalence classes of atoms ...
[main] INFO kodkod.engine.config.Reporter - optimizing bounds and formula (breaking predicate symmetries, inlining, skolemizing) ...
[main] INFO kodkod.engine.config.Reporter - translating to boolean ...
[main] INFO kodkod.engine.config.Reporter - generating lex-leader symmetry breaking predicate ...
[main] INFO kodkod.engine.config.Reporter - detecting symmetries ...
[main] INFO kodkod.engine.config.Reporter - detected 1 equivalence classes of atoms ...
[main] INFO kodkod.engine.config.Reporter - optimizing bounds and formula (breaking predicate symmetries, inlining, skolemizing) ...
[main] INFO kodkod.engine.config.Reporter - translating to boolean ...
[main] INFO kodkod.engine.config.Reporter - generating lex-leader symmetry breaking predicate ...
[main] INFO kodkod.engine.config.Reporter - detecting symmetries ...
[main] INFO kodkod.engine.config.Reporter - detected 1 equivalence classes of atoms ...
[main] INFO kodkod.engine.config.Reporter - optimizing bounds and formula (breaking predicate symmetries, inlining, skolemizing) ...
[main] INFO kodkod.engine.config.Reporter - translating to boolean ...
[main] INFO kodkod.engine.config.Reporter - generating lex-leader symmetry breaking predicate ...
[main] INFO kodkod.engine.config.Reporter - detecting symmetries ...
[main] INFO kodkod.engine.config.Reporter - detected 1 equivalence classes of atoms ...
[main] INFO kodkod.engine.config.Reporter - optimizing bounds and formula (breaking predicate symmetries, inlining, skolemizing) ...
[main] INFO kodkod.engine.config.Reporter - translating to boolean ...
[main] INFO kodkod.engine.config.Reporter - generating lex-leader symmetry breaking predicate ...
[main] INFO kodkod.engine.config.Reporter - detecting symmetries ...
[main] INFO kodkod.engine.config.Reporter - detected 1 equivalence classes of atoms ...
[main] INFO kodkod.engine.config.Reporter - optimizing bounds and formula (breaking predicate symmetries, inlining, skolemizing) ...
[main] INFO kodkod.engine.config.Reporter - translating to boolean ...
[main] INFO kodkod.engine.config.Reporter - generating lex-leader symmetry breaking predicate ...
[main] INFO kodkod.engine.config.Reporter - detecting symmetries ...
[main] INFO kodkod.engine.config.Reporter - detected 5 equivalence classes of atoms ...
[main] INFO kodkod.engine.config.Reporter - optimizing bounds and formula (breaking predicate symmetries, inlining, skolemizing) ...
[main] INFO kodkod.engine.config.Reporter - translating to boolean ...
[main] INFO kodkod.engine.config.Reporter - generating lex-leader symmetry breaking predicate ...
[main] INFO kodkod.engine.config.Reporter - detecting symmetries ...
[main] INFO kodkod.engine.config.Reporter - detected 1 equivalence classes of atoms ...
[main] INFO kodkod.engine.config.Reporter - optimizing bounds and formula (breaking predicate symmetries, inlining, skolemizing) ...
[main] INFO kodkod.engine.config.Reporter - translating to boolean ...
[main] INFO kodkod.engine.config.Reporter - generating lex-leader symmetry breaking predicate ...
[main] INFO kodkod.engine.config.Reporter - detecting symmetries ...
[main] INFO kodkod.engine.config.Reporter - detected 5 equivalence classes of atoms ...
[main] INFO kodkod.engine.config.Reporter - optimizing bounds and formula (breaking predicate symmetries, inlining, skolemizing) ...
[main] INFO kodkod.engine.config.Reporter - translating to boolean ...
[main] INFO kodkod.engine.config.Reporter - generating lex-leader symmetry breaking predicate ...
[main] INFO kodkod.engine.config.Reporter - detecting symmetries ...
[main] INFO kodkod.engine.config.Reporter - detected 1 equivalence classes of atoms ...
[main] INFO kodkod.engine.config.Reporter - optimizing bounds and formula (breaking predicate symmetries, inlining, skolemizing) ...
[main] INFO kodkod.engine.config.Reporter - translating to boolean ...
[main] INFO kodkod.engine.config.Reporter - generating lex-leader symmetry breaking predicate ...
[main] INFO kodkod.engine.config.Reporter - detecting symmetries ...
[main] INFO kodkod.engine.config.Reporter - detected 5 equivalence classes of atoms ...
[main] INFO kodkod.engine.config.Reporter - optimizing bounds and formula (breaking predicate symmetries, inlining, skolemizing) ...
[main] INFO kodkod.engine.config.Reporter - translating to boolean ...
[main] INFO kodkod.engine.config.Reporter - generating lex-leader symmetry breaking predicate ...
[main] INFO kodkod.engine.config.Reporter - detecting symmetries ...
[main] INFO kodkod.engine.config.Reporter - detected 1 equivalence classes of atoms ...
[main] INFO kodkod.engine.config.Reporter - optimizing bounds and formula (breaking predicate symmetries, inlining, skolemizing) ...
[main] INFO kodkod.engine.config.Reporter - translating to boolean ...
[main] INFO kodkod.engine.config.Reporter - generating lex-leader symmetry breaking predicate ...
[main] INFO kodkod.engine.config.Reporter - detecting symmetries ...
[main] INFO kodkod.engine.config.Reporter - detected 5 equivalence classes of atoms ...
[main] INFO kodkod.engine.config.Reporter - optimizing bounds and formula (breaking predicate symmetries, inlining, skolemizing) ...
[main] INFO kodkod.engine.config.Reporter - translating to boolean ...
[main] INFO kodkod.engine.config.Reporter - generating lex-leader symmetry breaking predicate ...
[main] INFO kodkod.engine.config.Reporter - detecting symmetries ...
[main] INFO kodkod.engine.config.Reporter - detected 1 equivalence classes of atoms ...
[main] INFO kodkod.engine.config.Reporter - optimizing bounds and formula (breaking predicate symmetries, inlining, skolemizing) ...
[main] INFO kodkod.engine.config.Reporter - translating to boolean ...
[main] INFO kodkod.engine.config.Reporter - generating lex-leader symmetry breaking predicate ...
[main] INFO kodkod.engine.config.Reporter - detecting symmetries ...
[main] INFO kodkod.engine.config.Reporter - detected 5 equivalence classes of atoms ...
[main] INFO kodkod.engine.config.Reporter - optimizing bounds and formula (breaking predicate symmetries, inlining, skolemizing) ...
[main] INFO kodkod.engine.config.Reporter - translating to boolean ...
[main] INFO kodkod.engine.config.Reporter - generating lex-leader symmetry breaking predicate ...
[main] INFO kodkod.engine.config.Reporter - detecting symmetries ...
[main] INFO kodkod.engine.config.Reporter - detected 5 equivalence classes of atoms ...
[main] INFO kodkod.engine.config.Reporter - optimizing bounds and formula (breaking predicate symmetries, inlining, skolemizing) ...
[main] INFO kodkod.engine.config.Reporter - translating to boolean ...
[main] INFO kodkod.engine.config.Reporter - generating lex-leader symmetry breaking predicate ...
[main] INFO kodkod.engine.config.Reporter - detecting symmetries ...
[main] INFO kodkod.engine.config.Reporter - detected 5 equivalence classes of atoms ...
[main] INFO kodkod.engine.config.Reporter - optimizing bounds and formula (breaking predicate symmetries, inlining, skolemizing) ...
[main] INFO kodkod.engine.config.Reporter - translating to boolean ...
[main] INFO kodkod.engine.config.Reporter - generating lex-leader symmetry breaking predicate ...
Adding key: is.fivefivefive.ACGN.alloy.EndSymbol@0
Adding key: MiddleSymbol{name='BOPEXPR_PLUS', infiniteRoot=false, typeConfinerOp= false}
Adding key: DummySymbol{type='predroot'}
Adding key: DummySymbol{type='sig'}
Adding key: MiddleSymbol{name='UNOPF_SOME', infiniteRoot=false, typeConfinerOp= false}
Adding key: MiddleSymbol{name='UNOPF_NO', infiniteRoot=false, typeConfinerOp= false}
Adding key: ShadowSymbol{signature=0.0}
[main] INFO kodkod.engine.config.Reporter - detecting symmetries ...
[main] INFO kodkod.engine.config.Reporter - detected 1 equivalence classes of atoms ...
[main] INFO kodkod.engine.config.Reporter - optimizing bounds and formula (breaking predicate symmetries, inlining, skolemizing) ...
[main] INFO kodkod.engine.config.Reporter - translating to boolean ...
[main] INFO kodkod.engine.config.Reporter - generating lex-leader symmetry breaking predicate ...
[main] INFO kodkod.engine.config.Reporter - detecting symmetries ...
[main] INFO kodkod.engine.config.Reporter - detected 1 equivalence classes of atoms ...
[main] INFO kodkod.engine.config.Reporter - optimizing bounds and formula (breaking predicate symmetries, inlining, skolemizing) ...
[main] INFO kodkod.engine.config.Reporter - translating to boolean ...
[main] INFO kodkod.engine.config.Reporter - generating lex-leader symmetry breaking predicate ...
[main] INFO kodkod.engine.config.Reporter - detecting symmetries ...
[main] INFO kodkod.engine.config.Reporter - detected 1 equivalence classes of atoms ...
[main] INFO kodkod.engine.config.Reporter - optimizing bounds and formula (breaking predicate symmetries, inlining, skolemizing) ...
[main] INFO kodkod.engine.config.Reporter - translating to boolean ...
[main] INFO kodkod.engine.config.Reporter - generating lex-leader symmetry breaking predicate ...
[main] INFO kodkod.engine.config.Reporter - detecting symmetries ...
[main] INFO kodkod.engine.config.Reporter - detected 1 equivalence classes of atoms ...
[main] INFO kodkod.engine.config.Reporter - optimizing bounds and formula (breaking predicate symmetries, inlining, skolemizing) ...
[main] INFO kodkod.engine.config.Reporter - translating to boolean ...
[main] INFO kodkod.engine.config.Reporter - generating lex-leader symmetry breaking predicate ...
[main] INFO kodkod.engine.config.Reporter - detecting symmetries ...
[main] INFO kodkod.engine.config.Reporter - detected 1 equivalence classes of atoms ...
[main] INFO kodkod.engine.config.Reporter - optimizing bounds and formula (breaking predicate symmetries, inlining, skolemizing) ...
[main] INFO kodkod.engine.config.Reporter - translating to boolean ...
[main] INFO kodkod.engine.config.Reporter - generating lex-leader symmetry breaking predicate ...
[main] INFO kodkod.engine.config.Reporter - detecting symmetries ...
[main] INFO kodkod.engine.config.Reporter - detected 1 equivalence classes of atoms ...
[main] INFO kodkod.engine.config.Reporter - optimizing bounds and formula (breaking predicate symmetries, inlining, skolemizing) ...
[main] INFO kodkod.engine.config.Reporter - translating to boolean ...
[main] INFO kodkod.engine.config.Reporter - generating lex-leader symmetry breaking predicate ...
[main] INFO kodkod.engine.config.Reporter - detecting symmetries ...
[main] INFO kodkod.engine.config.Reporter - detected 1 equivalence classes of atoms ...
[main] INFO kodkod.engine.config.Reporter - optimizing bounds and formula (breaking predicate symmetries, inlining, skolemizing) ...
[main] INFO kodkod.engine.config.Reporter - translating to boolean ...
[main] INFO kodkod.engine.config.Reporter - generating lex-leader symmetry breaking predicate ...
[main] INFO kodkod.engine.config.Reporter - detecting symmetries ...
[main] INFO kodkod.engine.config.Reporter - detected 1 equivalence classes of atoms ...
[main] INFO kodkod.engine.config.Reporter - optimizing bounds and formula (breaking predicate symmetries, inlining, skolemizing) ...
[main] INFO kodkod.engine.config.Reporter - translating to boolean ...
[main] INFO kodkod.engine.config.Reporter - generating lex-leader symmetry breaking predicate ...
[main] INFO kodkod.engine.config.Reporter - detecting symmetries ...
[main] INFO kodkod.engine.config.Reporter - detected 1 equivalence classes of atoms ...
[main] INFO kodkod.engine.config.Reporter - optimizing bounds and formula (breaking predicate symmetries, inlining, skolemizing) ...
[main] INFO kodkod.engine.config.Reporter - translating to boolean ...
[main] INFO kodkod.engine.config.Reporter - generating lex-leader symmetry breaking predicate ...
[main] INFO kodkod.engine.config.Reporter - detecting symmetries ...
[main] INFO kodkod.engine.config.Reporter - detected 1 equivalence classes of atoms ...
[main] INFO kodkod.engine.config.Reporter - optimizing bounds and formula (breaking predicate symmetries, inlining, skolemizing) ...
[main] INFO kodkod.engine.config.Reporter - translating to boolean ...
[main] INFO kodkod.engine.config.Reporter - generating lex-leader symmetry breaking predicate ...
[main] INFO kodkod.engine.config.Reporter - detecting symmetries ...
[main] INFO kodkod.engine.config.Reporter - detected 1 equivalence classes of atoms ...
[main] INFO kodkod.engine.config.Reporter - optimizing bounds and formula (breaking predicate symmetries, inlining, skolemizing) ...
[main] INFO kodkod.engine.config.Reporter - translating to boolean ...
[main] INFO kodkod.engine.config.Reporter - generating lex-leader symmetry breaking predicate ...
[main] INFO kodkod.engine.config.Reporter - detecting symmetries ...
[main] INFO kodkod.engine.config.Reporter - detected 1 equivalence classes of atoms ...
[main] INFO kodkod.engine.config.Reporter - optimizing bounds and formula (breaking predicate symmetries, inlining, skolemizing) ...
[main] INFO kodkod.engine.config.Reporter - translating to boolean ...
[main] INFO kodkod.engine.config.Reporter - generating lex-leader symmetry breaking predicate ...
[main] INFO kodkod.engine.config.Reporter - detecting symmetries ...
[main] INFO kodkod.engine.config.Reporter - detected 1 equivalence classes of atoms ...
[main] INFO kodkod.engine.config.Reporter - optimizing bounds and formula (breaking predicate symmetries, inlining, skolemizing) ...
[main] INFO kodkod.engine.config.Reporter - translating to boolean ...
[main] INFO kodkod.engine.config.Reporter - generating lex-leader symmetry breaking predicate ...
[main] INFO kodkod.engine.config.Reporter - detecting symmetries ...
[main] INFO kodkod.engine.config.Reporter - detected 1 equivalence classes of atoms ...
[main] INFO kodkod.engine.config.Reporter - optimizing bounds and formula (breaking predicate symmetries, inlining, skolemizing) ...
[main] INFO kodkod.engine.config.Reporter - translating to boolean ...
[main] INFO kodkod.engine.config.Reporter - generating lex-leader symmetry breaking predicate ...
[main] INFO kodkod.engine.config.Reporter - detecting symmetries ...
[main] INFO kodkod.engine.config.Reporter - detected 1 equivalence classes of atoms ...
[main] INFO kodkod.engine.config.Reporter - optimizing bounds and formula (breaking predicate symmetries, inlining, skolemizing) ...
[main] INFO kodkod.engine.config.Reporter - translating to boolean ...
[main] INFO kodkod.engine.config.Reporter - generating lex-leader symmetry breaking predicate ...
[main] INFO kodkod.engine.config.Reporter - detecting symmetries ...
[main] INFO kodkod.engine.config.Reporter - detected 1 equivalence classes of atoms ...
[main] INFO kodkod.engine.config.Reporter - optimizing bounds and formula (breaking predicate symmetries, inlining, skolemizing) ...
[main] INFO kodkod.engine.config.Reporter - translating to boolean ...
[main] INFO kodkod.engine.config.Reporter - generating lex-leader symmetry breaking predicate ...
[main] INFO kodkod.engine.config.Reporter - detecting symmetries ...
[main] INFO kodkod.engine.config.Reporter - detected 1 equivalence classes of atoms ...
[main] INFO kodkod.engine.config.Reporter - optimizing bounds and formula (breaking predicate symmetries, inlining, skolemizing) ...
[main] INFO kodkod.engine.config.Reporter - translating to boolean ...
[main] INFO kodkod.engine.config.Reporter - generating lex-leader symmetry breaking predicate ...
[main] INFO kodkod.engine.config.Reporter - detecting symmetries ...
[main] INFO kodkod.engine.config.Reporter - detected 1 equivalence classes of atoms ...
[main] INFO kodkod.engine.config.Reporter - optimizing bounds and formula (breaking predicate symmetries, inlining, skolemizing) ...
[main] INFO kodkod.engine.config.Reporter - translating to boolean ...
[main] INFO kodkod.engine.config.Reporter - generating lex-leader symmetry breaking predicate ...
[main] INFO kodkod.engine.config.Reporter - detecting symmetries ...
[main] INFO kodkod.engine.config.Reporter - detected 5 equivalence classes of atoms ...
[main] INFO kodkod.engine.config.Reporter - optimizing bounds and formula (breaking predicate symmetries, inlining, skolemizing) ...
[main] INFO kodkod.engine.config.Reporter - translating to boolean ...
[main] INFO kodkod.engine.config.Reporter - generating lex-leader symmetry breaking predicate ...
[main] INFO kodkod.engine.config.Reporter - detecting symmetries ...
[main] INFO kodkod.engine.config.Reporter - detected 1 equivalence classes of atoms ...
[main] INFO kodkod.engine.config.Reporter - optimizing bounds and formula (breaking predicate symmetries, inlining, skolemizing) ...
[main] INFO kodkod.engine.config.Reporter - translating to boolean ...
[main] INFO kodkod.engine.config.Reporter - generating lex-leader symmetry breaking predicate ...
[main] INFO kodkod.engine.config.Reporter - detecting symmetries ...
[main] INFO kodkod.engine.config.Reporter - detected 5 equivalence classes of atoms ...
[main] INFO kodkod.engine.config.Reporter - optimizing bounds and formula (breaking predicate symmetries, inlining, skolemizing) ...
[main] INFO kodkod.engine.config.Reporter - translating to boolean ...
[main] INFO kodkod.engine.config.Reporter - generating lex-leader symmetry breaking predicate ...
[main] INFO kodkod.engine.config.Reporter - detecting symmetries ...
[main] INFO kodkod.engine.config.Reporter - detected 1 equivalence classes of atoms ...
[main] INFO kodkod.engine.config.Reporter - optimizing bounds and formula (breaking predicate symmetries, inlining, skolemizing) ...
[main] INFO kodkod.engine.config.Reporter - translating to boolean ...
[main] INFO kodkod.engine.config.Reporter - generating lex-leader symmetry breaking predicate ...
[main] INFO kodkod.engine.config.Reporter - detecting symmetries ...
[main] INFO kodkod.engine.config.Reporter - detected 5 equivalence classes of atoms ...
[main] INFO kodkod.engine.config.Reporter - optimizing bounds and formula (breaking predicate symmetries, inlining, skolemizing) ...
[main] INFO kodkod.engine.config.Reporter - translating to boolean ...
[main] INFO kodkod.engine.config.Reporter - generating lex-leader symmetry breaking predicate ...
[main] INFO kodkod.engine.config.Reporter - detecting symmetries ...
[main] INFO kodkod.engine.config.Reporter - detected 1 equivalence classes of atoms ...
[main] INFO kodkod.engine.config.Reporter - optimizing bounds and formula (breaking predicate symmetries, inlining, skolemizing) ...
[main] INFO kodkod.engine.config.Reporter - translating to boolean ...
[main] INFO kodkod.engine.config.Reporter - generating lex-leader symmetry breaking predicate ...
[main] INFO kodkod.engine.config.Reporter - detecting symmetries ...
[main] INFO kodkod.engine.config.Reporter - detected 5 equivalence classes of atoms ...
[main] INFO kodkod.engine.config.Reporter - optimizing bounds and formula (breaking predicate symmetries, inlining, skolemizing) ...
[main] INFO kodkod.engine.config.Reporter - translating to boolean ...
[main] INFO kodkod.engine.config.Reporter - generating lex-leader symmetry breaking predicate ...
[main] INFO kodkod.engine.config.Reporter - detecting symmetries ...
[main] INFO kodkod.engine.config.Reporter - detected 1 equivalence classes of atoms ...
[main] INFO kodkod.engine.config.Reporter - optimizing bounds and formula (breaking predicate symmetries, inlining, skolemizing) ...
[main] INFO kodkod.engine.config.Reporter - translating to boolean ...
[main] INFO kodkod.engine.config.Reporter - generating lex-leader symmetry breaking predicate ...
[main] INFO kodkod.engine.config.Reporter - detecting symmetries ...
[main] INFO kodkod.engine.config.Reporter - detected 5 equivalence classes of atoms ...
[main] INFO kodkod.engine.config.Reporter - optimizing bounds and formula (breaking predicate symmetries, inlining, skolemizing) ...
[main] INFO kodkod.engine.config.Reporter - translating to boolean ...
[main] INFO kodkod.engine.config.Reporter - generating lex-leader symmetry breaking predicate ...
[main] INFO kodkod.engine.config.Reporter - detecting symmetries ...
[main] INFO kodkod.engine.config.Reporter - detected 5 equivalence classes of atoms ...
[main] INFO kodkod.engine.config.Reporter - optimizing bounds and formula (breaking predicate symmetries, inlining, skolemizing) ...
[main] INFO kodkod.engine.config.Reporter - translating to boolean ...
[main] INFO kodkod.engine.config.Reporter - generating lex-leader symmetry breaking predicate ...
[main] INFO kodkod.engine.config.Reporter - detecting symmetries ...
[main] INFO kodkod.engine.config.Reporter - detected 5 equivalence classes of atoms ...
[main] INFO kodkod.engine.config.Reporter - optimizing bounds and formula (breaking predicate symmetries, inlining, skolemizing) ...
[main] INFO kodkod.engine.config.Reporter - translating to boolean ...
[main] INFO kodkod.engine.config.Reporter - generating lex-leader symmetry breaking predicate ...
Adding key: is.fivefivefive.ACGN.alloy.EndSymbol@0
Adding key: DummySymbol{type='predroot'}
Adding key: DummySymbol{type='sig'}
Adding key: MiddleSymbol{name='UNOPF_SOME', infiniteRoot=false, typeConfinerOp= false}
Adding key: MiddleSymbol{name='UNOPF_NO', infiniteRoot=false, typeConfinerOp= false}
Adding key: ShadowSymbol{signature=0.0}
Adding key: MiddleSymbol{name='BOP_IN', infiniteRoot=false, typeConfinerOp= false}
[main] INFO kodkod.engine.config.Reporter - detecting symmetries ...
[main] INFO kodkod.engine.config.Reporter - detected 1 equivalence classes of atoms ...
[main] INFO kodkod.engine.config.Reporter - optimizing bounds and formula (breaking predicate symmetries, inlining, skolemizing) ...
[main] INFO kodkod.engine.config.Reporter - translating to boolean ...
[main] INFO kodkod.engine.config.Reporter - generating lex-leader symmetry breaking predicate ...
[main] INFO kodkod.engine.config.Reporter - detecting symmetries ...
[main] INFO kodkod.engine.config.Reporter - detected 1 equivalence classes of atoms ...
[main] INFO kodkod.engine.config.Reporter - optimizing bounds and formula (breaking predicate symmetries, inlining, skolemizing) ...
[main] INFO kodkod.engine.config.Reporter - translating to boolean ...
[main] INFO kodkod.engine.config.Reporter - generating lex-leader symmetry breaking predicate ...
[main] INFO kodkod.engine.config.Reporter - detecting symmetries ...
[main] INFO kodkod.engine.config.Reporter - detected 1 equivalence classes of atoms ...
[main] INFO kodkod.engine.config.Reporter - optimizing bounds and formula (breaking predicate symmetries, inlining, skolemizing) ...
[main] INFO kodkod.engine.config.Reporter - translating to boolean ...
[main] INFO kodkod.engine.config.Reporter - generating lex-leader symmetry breaking predicate ...
[main] INFO kodkod.engine.config.Reporter - detecting symmetries ...
[main] INFO kodkod.engine.config.Reporter - detected 1 equivalence classes of atoms ...
[main] INFO kodkod.engine.config.Reporter - optimizing bounds and formula (breaking predicate symmetries, inlining, skolemizing) ...
[main] INFO kodkod.engine.config.Reporter - translating to boolean ...
[main] INFO kodkod.engine.config.Reporter - generating lex-leader symmetry breaking predicate ...
[main] INFO kodkod.engine.config.Reporter - detecting symmetries ...
[main] INFO kodkod.engine.config.Reporter - detected 1 equivalence classes of atoms ...
[main] INFO kodkod.engine.config.Reporter - optimizing bounds and formula (breaking predicate symmetries, inlining, skolemizing) ...
[main] INFO kodkod.engine.config.Reporter - translating to boolean ...
[main] INFO kodkod.engine.config.Reporter - generating lex-leader symmetry breaking predicate ...
[main] INFO kodkod.engine.config.Reporter - detecting symmetries ...
[main] INFO kodkod.engine.config.Reporter - detected 1 equivalence classes of atoms ...
[main] INFO kodkod.engine.config.Reporter - optimizing bounds and formula (breaking predicate symmetries, inlining, skolemizing) ...
[main] INFO kodkod.engine.config.Reporter - translating to boolean ...
[main] INFO kodkod.engine.config.Reporter - generating lex-leader symmetry breaking predicate ...
[main] INFO kodkod.engine.config.Reporter - detecting symmetries ...
[main] INFO kodkod.engine.config.Reporter - detected 1 equivalence classes of atoms ...
[main] INFO kodkod.engine.config.Reporter - optimizing bounds and formula (breaking predicate symmetries, inlining, skolemizing) ...
[main] INFO kodkod.engine.config.Reporter - translating to boolean ...
[main] INFO kodkod.engine.config.Reporter - generating lex-leader symmetry breaking predicate ...
[main] INFO kodkod.engine.config.Reporter - detecting symmetries ...
[main] INFO kodkod.engine.config.Reporter - detected 1 equivalence classes of atoms ...
[main] INFO kodkod.engine.config.Reporter - optimizing bounds and formula (breaking predicate symmetries, inlining, skolemizing) ...
[main] INFO kodkod.engine.config.Reporter - translating to boolean ...
[main] INFO kodkod.engine.config.Reporter - generating lex-leader symmetry breaking predicate ...
[main] INFO kodkod.engine.config.Reporter - detecting symmetries ...
[main] INFO kodkod.engine.config.Reporter - detected 1 equivalence classes of atoms ...
[main] INFO kodkod.engine.config.Reporter - optimizing bounds and formula (breaking predicate symmetries, inlining, skolemizing) ...
[main] INFO kodkod.engine.config.Reporter - translating to boolean ...
[main] INFO kodkod.engine.config.Reporter - generating lex-leader symmetry breaking predicate ...
[main] INFO kodkod.engine.config.Reporter - detecting symmetries ...
[main] INFO kodkod.engine.config.Reporter - detected 1 equivalence classes of atoms ...
[main] INFO kodkod.engine.config.Reporter - optimizing bounds and formula (breaking predicate symmetries, inlining, skolemizing) ...
[main] INFO kodkod.engine.config.Reporter - translating to boolean ...
[main] INFO kodkod.engine.config.Reporter - generating lex-leader symmetry breaking predicate ...
[main] INFO kodkod.engine.config.Reporter - detecting symmetries ...
[main] INFO kodkod.engine.config.Reporter - detected 1 equivalence classes of atoms ...
[main] INFO kodkod.engine.config.Reporter - optimizing bounds and formula (breaking predicate symmetries, inlining, skolemizing) ...
[main] INFO kodkod.engine.config.Reporter - translating to boolean ...
[main] INFO kodkod.engine.config.Reporter - generating lex-leader symmetry breaking predicate ...
[main] INFO kodkod.engine.config.Reporter - detecting symmetries ...
[main] INFO kodkod.engine.config.Reporter - detected 1 equivalence classes of atoms ...
[main] INFO kodkod.engine.config.Reporter - optimizing bounds and formula (breaking predicate symmetries, inlining, skolemizing) ...
[main] INFO kodkod.engine.config.Reporter - translating to boolean ...
[main] INFO kodkod.engine.config.Reporter - generating lex-leader symmetry breaking predicate ...
[main] INFO kodkod.engine.config.Reporter - detecting symmetries ...
[main] INFO kodkod.engine.config.Reporter - detected 1 equivalence classes of atoms ...
[main] INFO kodkod.engine.config.Reporter - optimizing bounds and formula (breaking predicate symmetries, inlining, skolemizing) ...
[main] INFO kodkod.engine.config.Reporter - translating to boolean ...
[main] INFO kodkod.engine.config.Reporter - generating lex-leader symmetry breaking predicate ...
[main] INFO kodkod.engine.config.Reporter - detecting symmetries ...
[main] INFO kodkod.engine.config.Reporter - detected 1 equivalence classes of atoms ...
[main] INFO kodkod.engine.config.Reporter - optimizing bounds and formula (breaking predicate symmetries, inlining, skolemizing) ...
[main] INFO kodkod.engine.config.Reporter - translating to boolean ...
[main] INFO kodkod.engine.config.Reporter - generating lex-leader symmetry breaking predicate ...
[main] INFO kodkod.engine.config.Reporter - detecting symmetries ...
[main] INFO kodkod.engine.config.Reporter - detected 1 equivalence classes of atoms ...
[main] INFO kodkod.engine.config.Reporter - optimizing bounds and formula (breaking predicate symmetries, inlining, skolemizing) ...
[main] INFO kodkod.engine.config.Reporter - translating to boolean ...
[main] INFO kodkod.engine.config.Reporter - generating lex-leader symmetry breaking predicate ...
[main] INFO kodkod.engine.config.Reporter - detecting symmetries ...
[main] INFO kodkod.engine.config.Reporter - detected 1 equivalence classes of atoms ...
[main] INFO kodkod.engine.config.Reporter - optimizing bounds and formula (breaking predicate symmetries, inlining, skolemizing) ...
[main] INFO kodkod.engine.config.Reporter - translating to boolean ...
[main] INFO kodkod.engine.config.Reporter - generating lex-leader symmetry breaking predicate ...
[main] INFO kodkod.engine.config.Reporter - detecting symmetries ...
[main] INFO kodkod.engine.config.Reporter - detected 1 equivalence classes of atoms ...
[main] INFO kodkod.engine.config.Reporter - optimizing bounds and formula (breaking predicate symmetries, inlining, skolemizing) ...
[main] INFO kodkod.engine.config.Reporter - translating to boolean ...
[main] INFO kodkod.engine.config.Reporter - generating lex-leader symmetry breaking predicate ...
[main] INFO kodkod.engine.config.Reporter - detecting symmetries ...
[main] INFO kodkod.engine.config.Reporter - detected 1 equivalence classes of atoms ...
[main] INFO kodkod.engine.config.Reporter - optimizing bounds and formula (breaking predicate symmetries, inlining, skolemizing) ...
[main] INFO kodkod.engine.config.Reporter - translating to boolean ...
[main] INFO kodkod.engine.config.Reporter - generating lex-leader symmetry breaking predicate ...
[main] INFO kodkod.engine.config.Reporter - detecting symmetries ...
[main] INFO kodkod.engine.config.Reporter - detected 1 equivalence classes of atoms ...
[main] INFO kodkod.engine.config.Reporter - optimizing bounds and formula (breaking predicate symmetries, inlining, skolemizing) ...
[main] INFO kodkod.engine.config.Reporter - translating to boolean ...
[main] INFO kodkod.engine.config.Reporter - generating lex-leader symmetry breaking predicate ...
[main] INFO kodkod.engine.config.Reporter - detecting symmetries ...
[main] INFO kodkod.engine.config.Reporter - detected 1 equivalence classes of atoms ...
[main] INFO kodkod.engine.config.Reporter - optimizing bounds and formula (breaking predicate symmetries, inlining, skolemizing) ...
[main] INFO kodkod.engine.config.Reporter - translating to boolean ...
[main] INFO kodkod.engine.config.Reporter - generating lex-leader symmetry breaking predicate ...
[main] INFO kodkod.engine.config.Reporter - detecting symmetries ...
[main] INFO kodkod.engine.config.Reporter - detected 1 equivalence classes of atoms ...
[main] INFO kodkod.engine.config.Reporter - optimizing bounds and formula (breaking predicate symmetries, inlining, skolemizing) ...
[main] INFO kodkod.engine.config.Reporter - translating to boolean ...
[main] INFO kodkod.engine.config.Reporter - generating lex-leader symmetry breaking predicate ...
[main] INFO kodkod.engine.config.Reporter - detecting symmetries ...
[main] INFO kodkod.engine.config.Reporter - detected 1 equivalence classes of atoms ...
[main] INFO kodkod.engine.config.Reporter - optimizing bounds and formula (breaking predicate symmetries, inlining, skolemizing) ...
[main] INFO kodkod.engine.config.Reporter - translating to boolean ...
[main] INFO kodkod.engine.config.Reporter - generating lex-leader symmetry breaking predicate ...
[main] INFO kodkod.engine.config.Reporter - detecting symmetries ...
[main] INFO kodkod.engine.config.Reporter - detected 5 equivalence classes of atoms ...
[main] INFO kodkod.engine.config.Reporter - optimizing bounds and formula (breaking predicate symmetries, inlining, skolemizing) ...
[main] INFO kodkod.engine.config.Reporter - translating to boolean ...
[main] INFO kodkod.engine.config.Reporter - generating lex-leader symmetry breaking predicate ...
[main] INFO kodkod.engine.config.Reporter - detecting symmetries ...
[main] INFO kodkod.engine.config.Reporter - detected 1 equivalence classes of atoms ...
[main] INFO kodkod.engine.config.Reporter - optimizing bounds and formula (breaking predicate symmetries, inlining, skolemizing) ...
[main] INFO kodkod.engine.config.Reporter - translating to boolean ...
[main] INFO kodkod.engine.config.Reporter - generating lex-leader symmetry breaking predicate ...
[main] INFO kodkod.engine.config.Reporter - detecting symmetries ...
[main] INFO kodkod.engine.config.Reporter - detected 5 equivalence classes of atoms ...
[main] INFO kodkod.engine.config.Reporter - optimizing bounds and formula (breaking predicate symmetries, inlining, skolemizing) ...
[main] INFO kodkod.engine.config.Reporter - translating to boolean ...
[main] INFO kodkod.engine.config.Reporter - generating lex-leader symmetry breaking predicate ...
[main] INFO kodkod.engine.config.Reporter - detecting symmetries ...
[main] INFO kodkod.engine.config.Reporter - detected 1 equivalence classes of atoms ...
[main] INFO kodkod.engine.config.Reporter - optimizing bounds and formula (breaking predicate symmetries, inlining, skolemizing) ...
[main] INFO kodkod.engine.config.Reporter - translating to boolean ...
[main] INFO kodkod.engine.config.Reporter - generating lex-leader symmetry breaking predicate ...
[main] INFO kodkod.engine.config.Reporter - detecting symmetries ...
[main] INFO kodkod.engine.config.Reporter - detected 5 equivalence classes of atoms ...
[main] INFO kodkod.engine.config.Reporter - optimizing bounds and formula (breaking predicate symmetries, inlining, skolemizing) ...
[main] INFO kodkod.engine.config.Reporter - translating to boolean ...
[main] INFO kodkod.engine.config.Reporter - generating lex-leader symmetry breaking predicate ...
[main] INFO kodkod.engine.config.Reporter - detecting symmetries ...
[main] INFO kodkod.engine.config.Reporter - detected 1 equivalence classes of atoms ...
[main] INFO kodkod.engine.config.Reporter - optimizing bounds and formula (breaking predicate symmetries, inlining, skolemizing) ...
[main] INFO kodkod.engine.config.Reporter - translating to boolean ...
[main] INFO kodkod.engine.config.Reporter - generating lex-leader symmetry breaking predicate ...
[main] INFO kodkod.engine.config.Reporter - detecting symmetries ...
[main] INFO kodkod.engine.config.Reporter - detected 5 equivalence classes of atoms ...
[main] INFO kodkod.engine.config.Reporter - optimizing bounds and formula (breaking predicate symmetries, inlining, skolemizing) ...
[main] INFO kodkod.engine.config.Reporter - translating to boolean ...
[main] INFO kodkod.engine.config.Reporter - generating lex-leader symmetry breaking predicate ...
[main] INFO kodkod.engine.config.Reporter - detecting symmetries ...
[main] INFO kodkod.engine.config.Reporter - detected 1 equivalence classes of atoms ...
[main] INFO kodkod.engine.config.Reporter - optimizing bounds and formula (breaking predicate symmetries, inlining, skolemizing) ...
[main] INFO kodkod.engine.config.Reporter - translating to boolean ...
[main] INFO kodkod.engine.config.Reporter - generating lex-leader symmetry breaking predicate ...
[main] INFO kodkod.engine.config.Reporter - detecting symmetries ...
[main] INFO kodkod.engine.config.Reporter - detected 5 equivalence classes of atoms ...
[main] INFO kodkod.engine.config.Reporter - optimizing bounds and formula (breaking predicate symmetries, inlining, skolemizing) ...
[main] INFO kodkod.engine.config.Reporter - translating to boolean ...
[main] INFO kodkod.engine.config.Reporter - generating lex-leader symmetry breaking predicate ...
[main] INFO kodkod.engine.config.Reporter - detecting symmetries ...
[main] INFO kodkod.engine.config.Reporter - detected 5 equivalence classes of atoms ...
[main] INFO kodkod.engine.config.Reporter - optimizing bounds and formula (breaking predicate symmetries, inlining, skolemizing) ...
[main] INFO kodkod.engine.config.Reporter - translating to boolean ...
[main] INFO kodkod.engine.config.Reporter - generating lex-leader symmetry breaking predicate ...
[main] INFO kodkod.engine.config.Reporter - detecting symmetries ...
[main] INFO kodkod.engine.config.Reporter - detected 5 equivalence classes of atoms ...
[main] INFO kodkod.engine.config.Reporter - optimizing bounds and formula (breaking predicate symmetries, inlining, skolemizing) ...
[main] INFO kodkod.engine.config.Reporter - translating to boolean ...
[main] INFO kodkod.engine.config.Reporter - generating lex-leader symmetry breaking predicate ...
Adding key: is.fivefivefive.ACGN.alloy.EndSymbol@0
Adding key: DummySymbol{type='predroot'}
Adding key: DummySymbol{type='sig'}
Adding key: MiddleSymbol{name='UNOPF_NOT', infiniteRoot=false, typeConfinerOp= false}
Adding key: MiddleSymbol{name='UNOPF_SOME', infiniteRoot=false, typeConfinerOp= false}
Adding key: MiddleSymbol{name='UNOPF_NO', infiniteRoot=false, typeConfinerOp= false}
Adding key: ShadowSymbol{signature=0.0}
[main] INFO kodkod.engine.config.Reporter - detecting symmetries ...
[main] INFO kodkod.engine.config.Reporter - detected 1 equivalence classes of atoms ...
[main] INFO kodkod.engine.config.Reporter - optimizing bounds and formula (breaking predicate symmetries, inlining, skolemizing) ...
[main] INFO kodkod.engine.config.Reporter - translating to boolean ...
[main] INFO kodkod.engine.config.Reporter - generating lex-leader symmetry breaking predicate ...
[main] INFO kodkod.engine.config.Reporter - detecting symmetries ...
[main] INFO kodkod.engine.config.Reporter - detected 1 equivalence classes of atoms ...
[main] INFO kodkod.engine.config.Reporter - optimizing bounds and formula (breaking predicate symmetries, inlining, skolemizing) ...
[main] INFO kodkod.engine.config.Reporter - translating to boolean ...
[main] INFO kodkod.engine.config.Reporter - generating lex-leader symmetry breaking predicate ...
[main] INFO kodkod.engine.config.Reporter - detecting symmetries ...
[main] INFO kodkod.engine.config.Reporter - detected 1 equivalence classes of atoms ...
[main] INFO kodkod.engine.config.Reporter - optimizing bounds and formula (breaking predicate symmetries, inlining, skolemizing) ...
[main] INFO kodkod.engine.config.Reporter - translating to boolean ...
[main] INFO kodkod.engine.config.Reporter - generating lex-leader symmetry breaking predicate ...
[main] INFO kodkod.engine.config.Reporter - detecting symmetries ...
[main] INFO kodkod.engine.config.Reporter - detected 1 equivalence classes of atoms ...
[main] INFO kodkod.engine.config.Reporter - optimizing bounds and formula (breaking predicate symmetries, inlining, skolemizing) ...
[main] INFO kodkod.engine.config.Reporter - translating to boolean ...
[main] INFO kodkod.engine.config.Reporter - generating lex-leader symmetry breaking predicate ...
[main] INFO kodkod.engine.config.Reporter - detecting symmetries ...
[main] INFO kodkod.engine.config.Reporter - detected 1 equivalence classes of atoms ...
[main] INFO kodkod.engine.config.Reporter - optimizing bounds and formula (breaking predicate symmetries, inlining, skolemizing) ...
[main] INFO kodkod.engine.config.Reporter - translating to boolean ...
[main] INFO kodkod.engine.config.Reporter - generating lex-leader symmetry breaking predicate ...
[main] INFO kodkod.engine.config.Reporter - detecting symmetries ...
[main] INFO kodkod.engine.config.Reporter - detected 1 equivalence classes of atoms ...
[main] INFO kodkod.engine.config.Reporter - optimizing bounds and formula (breaking predicate symmetries, inlining, skolemizing) ...
[main] INFO kodkod.engine.config.Reporter - translating to boolean ...
[main] INFO kodkod.engine.config.Reporter - generating lex-leader symmetry breaking predicate ...
[main] INFO kodkod.engine.config.Reporter - detecting symmetries ...
[main] INFO kodkod.engine.config.Reporter - detected 1 equivalence classes of atoms ...
[main] INFO kodkod.engine.config.Reporter - optimizing bounds and formula (breaking predicate symmetries, inlining, skolemizing) ...
[main] INFO kodkod.engine.config.Reporter - translating to boolean ...
[main] INFO kodkod.engine.config.Reporter - generating lex-leader symmetry breaking predicate ...
[main] INFO kodkod.engine.config.Reporter - detecting symmetries ...
[main] INFO kodkod.engine.config.Reporter - detected 1 equivalence classes of atoms ...
[main] INFO kodkod.engine.config.Reporter - optimizing bounds and formula (breaking predicate symmetries, inlining, skolemizing) ...
[main] INFO kodkod.engine.config.Reporter - translating to boolean ...
[main] INFO kodkod.engine.config.Reporter - generating lex-leader symmetry breaking predicate ...
[main] INFO kodkod.engine.config.Reporter - detecting symmetries ...
[main] INFO kodkod.engine.config.Reporter - detected 1 equivalence classes of atoms ...
[main] INFO kodkod.engine.config.Reporter - optimizing bounds and formula (breaking predicate symmetries, inlining, skolemizing) ...
[main] INFO kodkod.engine.config.Reporter - translating to boolean ...
[main] INFO kodkod.engine.config.Reporter - generating lex-leader symmetry breaking predicate ...
[main] INFO kodkod.engine.config.Reporter - detecting symmetries ...
[main] INFO kodkod.engine.config.Reporter - detected 1 equivalence classes of atoms ...
[main] INFO kodkod.engine.config.Reporter - optimizing bounds and formula (breaking predicate symmetries, inlining, skolemizing) ...
[main] INFO kodkod.engine.config.Reporter - translating to boolean ...
[main] INFO kodkod.engine.config.Reporter - generating lex-leader symmetry breaking predicate ...
[main] INFO kodkod.engine.config.Reporter - detecting symmetries ...
[main] INFO kodkod.engine.config.Reporter - detected 1 equivalence classes of atoms ...
[main] INFO kodkod.engine.config.Reporter - optimizing bounds and formula (breaking predicate symmetries, inlining, skolemizing) ...
[main] INFO kodkod.engine.config.Reporter - translating to boolean ...
[main] INFO kodkod.engine.config.Reporter - generating lex-leader symmetry breaking predicate ...
[main] INFO kodkod.engine.config.Reporter - detecting symmetries ...
[main] INFO kodkod.engine.config.Reporter - detected 1 equivalence classes of atoms ...
[main] INFO kodkod.engine.config.Reporter - optimizing bounds and formula (breaking predicate symmetries, inlining, skolemizing) ...
[main] INFO kodkod.engine.config.Reporter - translating to boolean ...
[main] INFO kodkod.engine.config.Reporter - generating lex-leader symmetry breaking predicate ...
[main] INFO kodkod.engine.config.Reporter - detecting symmetries ...
[main] INFO kodkod.engine.config.Reporter - detected 1 equivalence classes of atoms ...
[main] INFO kodkod.engine.config.Reporter - optimizing bounds and formula (breaking predicate symmetries, inlining, skolemizing) ...
[main] INFO kodkod.engine.config.Reporter - translating to boolean ...
[main] INFO kodkod.engine.config.Reporter - generating lex-leader symmetry breaking predicate ...
[main] INFO kodkod.engine.config.Reporter - detecting symmetries ...
[main] INFO kodkod.engine.config.Reporter - detected 1 equivalence classes of atoms ...
[main] INFO kodkod.engine.config.Reporter - optimizing bounds and formula (breaking predicate symmetries, inlining, skolemizing) ...
[main] INFO kodkod.engine.config.Reporter - translating to boolean ...
[main] INFO kodkod.engine.config.Reporter - generating lex-leader symmetry breaking predicate ...
[main] INFO kodkod.engine.config.Reporter - detecting symmetries ...
[main] INFO kodkod.engine.config.Reporter - detected 1 equivalence classes of atoms ...
[main] INFO kodkod.engine.config.Reporter - optimizing bounds and formula (breaking predicate symmetries, inlining, skolemizing) ...
[main] INFO kodkod.engine.config.Reporter - translating to boolean ...
[main] INFO kodkod.engine.config.Reporter - generating lex-leader symmetry breaking predicate ...
[main] INFO kodkod.engine.config.Reporter - detecting symmetries ...
[main] INFO kodkod.engine.config.Reporter - detected 1 equivalence classes of atoms ...
[main] INFO kodkod.engine.config.Reporter - optimizing bounds and formula (breaking predicate symmetries, inlining, skolemizing) ...
[main] INFO kodkod.engine.config.Reporter - translating to boolean ...
[main] INFO kodkod.engine.config.Reporter - generating lex-leader symmetry breaking predicate ...
[main] INFO kodkod.engine.config.Reporter - detecting symmetries ...
[main] INFO kodkod.engine.config.Reporter - detected 1 equivalence classes of atoms ...
[main] INFO kodkod.engine.config.Reporter - optimizing bounds and formula (breaking predicate symmetries, inlining, skolemizing) ...
[main] INFO kodkod.engine.config.Reporter - translating to boolean ...
[main] INFO kodkod.engine.config.Reporter - generating lex-leader symmetry breaking predicate ...
[main] INFO kodkod.engine.config.Reporter - detecting symmetries ...
[main] INFO kodkod.engine.config.Reporter - detected 1 equivalence classes of atoms ...
[main] INFO kodkod.engine.config.Reporter - optimizing bounds and formula (breaking predicate symmetries, inlining, skolemizing) ...
[main] INFO kodkod.engine.config.Reporter - translating to boolean ...
[main] INFO kodkod.engine.config.Reporter - generating lex-leader symmetry breaking predicate ...
[main] INFO kodkod.engine.config.Reporter - detecting symmetries ...
[main] INFO kodkod.engine.config.Reporter - detected 5 equivalence classes of atoms ...
[main] INFO kodkod.engine.config.Reporter - optimizing bounds and formula (breaking predicate symmetries, inlining, skolemizing) ...
[main] INFO kodkod.engine.config.Reporter - translating to boolean ...
[main] INFO kodkod.engine.config.Reporter - generating lex-leader symmetry breaking predicate ...
[main] INFO kodkod.engine.config.Reporter - detecting symmetries ...
[main] INFO kodkod.engine.config.Reporter - detected 1 equivalence classes of atoms ...
[main] INFO kodkod.engine.config.Reporter - optimizing bounds and formula (breaking predicate symmetries, inlining, skolemizing) ...
[main] INFO kodkod.engine.config.Reporter - translating to boolean ...
[main] INFO kodkod.engine.config.Reporter - generating lex-leader symmetry breaking predicate ...
[main] INFO kodkod.engine.config.Reporter - detecting symmetries ...
[main] INFO kodkod.engine.config.Reporter - detected 5 equivalence classes of atoms ...
[main] INFO kodkod.engine.config.Reporter - optimizing bounds and formula (breaking predicate symmetries, inlining, skolemizing) ...
[main] INFO kodkod.engine.config.Reporter - translating to boolean ...
[main] INFO kodkod.engine.config.Reporter - generating lex-leader symmetry breaking predicate ...
[main] INFO kodkod.engine.config.Reporter - detecting symmetries ...
[main] INFO kodkod.engine.config.Reporter - detected 1 equivalence classes of atoms ...
[main] INFO kodkod.engine.config.Reporter - optimizing bounds and formula (breaking predicate symmetries, inlining, skolemizing) ...
[main] INFO kodkod.engine.config.Reporter - translating to boolean ...
[main] INFO kodkod.engine.config.Reporter - generating lex-leader symmetry breaking predicate ...
[main] INFO kodkod.engine.config.Reporter - detecting symmetries ...
[main] INFO kodkod.engine.config.Reporter - detected 5 equivalence classes of atoms ...
[main] INFO kodkod.engine.config.Reporter - optimizing bounds and formula (breaking predicate symmetries, inlining, skolemizing) ...
[main] INFO kodkod.engine.config.Reporter - translating to boolean ...
[main] INFO kodkod.engine.config.Reporter - generating lex-leader symmetry breaking predicate ...
[main] INFO kodkod.engine.config.Reporter - detecting symmetries ...
[main] INFO kodkod.engine.config.Reporter - detected 1 equivalence classes of atoms ...
[main] INFO kodkod.engine.config.Reporter - optimizing bounds and formula (breaking predicate symmetries, inlining, skolemizing) ...
[main] INFO kodkod.engine.config.Reporter - translating to boolean ...
[main] INFO kodkod.engine.config.Reporter - generating lex-leader symmetry breaking predicate ...
[main] INFO kodkod.engine.config.Reporter - detecting symmetries ...
[main] INFO kodkod.engine.config.Reporter - detected 5 equivalence classes of atoms ...
[main] INFO kodkod.engine.config.Reporter - optimizing bounds and formula (breaking predicate symmetries, inlining, skolemizing) ...
[main] INFO kodkod.engine.config.Reporter - translating to boolean ...
[main] INFO kodkod.engine.config.Reporter - generating lex-leader symmetry breaking predicate ...
[main] INFO kodkod.engine.config.Reporter - detecting symmetries ...
[main] INFO kodkod.engine.config.Reporter - detected 1 equivalence classes of atoms ...
[main] INFO kodkod.engine.config.Reporter - optimizing bounds and formula (breaking predicate symmetries, inlining, skolemizing) ...
[main] INFO kodkod.engine.config.Reporter - translating to boolean ...
[main] INFO kodkod.engine.config.Reporter - generating lex-leader symmetry breaking predicate ...
[main] INFO kodkod.engine.config.Reporter - detecting symmetries ...
[main] INFO kodkod.engine.config.Reporter - detected 5 equivalence classes of atoms ...
[main] INFO kodkod.engine.config.Reporter - optimizing bounds and formula (breaking predicate symmetries, inlining, skolemizing) ...
[main] INFO kodkod.engine.config.Reporter - translating to boolean ...
[main] INFO kodkod.engine.config.Reporter - generating lex-leader symmetry breaking predicate ...
[main] INFO kodkod.engine.config.Reporter - detecting symmetries ...
[main] INFO kodkod.engine.config.Reporter - detected 5 equivalence classes of atoms ...
[main] INFO kodkod.engine.config.Reporter - optimizing bounds and formula (breaking predicate symmetries, inlining, skolemizing) ...
[main] INFO kodkod.engine.config.Reporter - translating to boolean ...
[main] INFO kodkod.engine.config.Reporter - generating lex-leader symmetry breaking predicate ...
[main] INFO kodkod.engine.config.Reporter - detecting symmetries ...
[main] INFO kodkod.engine.config.Reporter - detected 5 equivalence classes of atoms ...
[main] INFO kodkod.engine.config.Reporter - optimizing bounds and formula (breaking predicate symmetries, inlining, skolemizing) ...
[main] INFO kodkod.engine.config.Reporter - translating to boolean ...
[main] INFO kodkod.engine.config.Reporter - generating lex-leader symmetry breaking predicate ...
Adding key: is.fivefivefive.ACGN.alloy.EndSymbol@0
Adding key: DummySymbol{type='predroot'}
Adding key: DummySymbol{type='sig'}
Adding key: MiddleSymbol{name='UNOPF_NOT', infiniteRoot=false, typeConfinerOp= false}
Adding key: MiddleSymbol{name='UNOPF_SOME', infiniteRoot=false, typeConfinerOp= false}
Adding key: MiddleSymbol{name='UNOPF_NO', infiniteRoot=false, typeConfinerOp= false}
Adding key: ShadowSymbol{signature=0.0}
[main] INFO kodkod.engine.config.Reporter - detecting symmetries ...
[main] INFO kodkod.engine.config.Reporter - detected 1 equivalence classes of atoms ...
[main] INFO kodkod.engine.config.Reporter - optimizing bounds and formula (breaking predicate symmetries, inlining, skolemizing) ...
[main] INFO kodkod.engine.config.Reporter - translating to boolean ...
[main] INFO kodkod.engine.config.Reporter - generating lex-leader symmetry breaking predicate ...
[main] INFO kodkod.engine.config.Reporter - detecting symmetries ...
[main] INFO kodkod.engine.config.Reporter - detected 1 equivalence classes of atoms ...
[main] INFO kodkod.engine.config.Reporter - optimizing bounds and formula (breaking predicate symmetries, inlining, skolemizing) ...
[main] INFO kodkod.engine.config.Reporter - translating to boolean ...
[main] INFO kodkod.engine.config.Reporter - generating lex-leader symmetry breaking predicate ...
[main] INFO kodkod.engine.config.Reporter - detecting symmetries ...
[main] INFO kodkod.engine.config.Reporter - detected 1 equivalence classes of atoms ...
[main] INFO kodkod.engine.config.Reporter - optimizing bounds and formula (breaking predicate symmetries, inlining, skolemizing) ...
[main] INFO kodkod.engine.config.Reporter - translating to boolean ...
[main] INFO kodkod.engine.config.Reporter - generating lex-leader symmetry breaking predicate ...
[main] INFO kodkod.engine.config.Reporter - detecting symmetries ...
[main] INFO kodkod.engine.config.Reporter - detected 1 equivalence classes of atoms ...
[main] INFO kodkod.engine.config.Reporter - optimizing bounds and formula (breaking predicate symmetries, inlining, skolemizing) ...
[main] INFO kodkod.engine.config.Reporter - translating to boolean ...
[main] INFO kodkod.engine.config.Reporter - generating lex-leader symmetry breaking predicate ...
[main] INFO kodkod.engine.config.Reporter - detecting symmetries ...
[main] INFO kodkod.engine.config.Reporter - detected 1 equivalence classes of atoms ...
[main] INFO kodkod.engine.config.Reporter - optimizing bounds and formula (breaking predicate symmetries, inlining, skolemizing) ...
[main] INFO kodkod.engine.config.Reporter - translating to boolean ...
[main] INFO kodkod.engine.config.Reporter - generating lex-leader symmetry breaking predicate ...
[main] INFO kodkod.engine.config.Reporter - detecting symmetries ...
[main] INFO kodkod.engine.config.Reporter - detected 1 equivalence classes of atoms ...
[main] INFO kodkod.engine.config.Reporter - optimizing bounds and formula (breaking predicate symmetries, inlining, skolemizing) ...
[main] INFO kodkod.engine.config.Reporter - translating to boolean ...
[main] INFO kodkod.engine.config.Reporter - generating lex-leader symmetry breaking predicate ...
[main] INFO kodkod.engine.config.Reporter - detecting symmetries ...
[main] INFO kodkod.engine.config.Reporter - detected 1 equivalence classes of atoms ...
[main] INFO kodkod.engine.config.Reporter - optimizing bounds and formula (breaking predicate symmetries, inlining, skolemizing) ...
[main] INFO kodkod.engine.config.Reporter - translating to boolean ...
[main] INFO kodkod.engine.config.Reporter - generating lex-leader symmetry breaking predicate ...
[main] INFO kodkod.engine.config.Reporter - detecting symmetries ...
[main] INFO kodkod.engine.config.Reporter - detected 1 equivalence classes of atoms ...
[main] INFO kodkod.engine.config.Reporter - optimizing bounds and formula (breaking predicate symmetries, inlining, skolemizing) ...
[main] INFO kodkod.engine.config.Reporter - translating to boolean ...
[main] INFO kodkod.engine.config.Reporter - generating lex-leader symmetry breaking predicate ...
[main] INFO kodkod.engine.config.Reporter - detecting symmetries ...
[main] INFO kodkod.engine.config.Reporter - detected 1 equivalence classes of atoms ...
[main] INFO kodkod.engine.config.Reporter - optimizing bounds and formula (breaking predicate symmetries, inlining, skolemizing) ...
[main] INFO kodkod.engine.config.Reporter - translating to boolean ...
[main] INFO kodkod.engine.config.Reporter - generating lex-leader symmetry breaking predicate ...
[main] INFO kodkod.engine.config.Reporter - detecting symmetries ...
[main] INFO kodkod.engine.config.Reporter - detected 1 equivalence classes of atoms ...
[main] INFO kodkod.engine.config.Reporter - optimizing bounds and formula (breaking predicate symmetries, inlining, skolemizing) ...
[main] INFO kodkod.engine.config.Reporter - translating to boolean ...
[main] INFO kodkod.engine.config.Reporter - generating lex-leader symmetry breaking predicate ...
[main] INFO kodkod.engine.config.Reporter - detecting symmetries ...
[main] INFO kodkod.engine.config.Reporter - detected 1 equivalence classes of atoms ...
[main] INFO kodkod.engine.config.Reporter - optimizing bounds and formula (breaking predicate symmetries, inlining, skolemizing) ...
[main] INFO kodkod.engine.config.Reporter - translating to boolean ...
[main] INFO kodkod.engine.config.Reporter - generating lex-leader symmetry breaking predicate ...
[main] INFO kodkod.engine.config.Reporter - detecting symmetries ...
[main] INFO kodkod.engine.config.Reporter - detected 1 equivalence classes of atoms ...
[main] INFO kodkod.engine.config.Reporter - optimizing bounds and formula (breaking predicate symmetries, inlining, skolemizing) ...
[main] INFO kodkod.engine.config.Reporter - translating to boolean ...
[main] INFO kodkod.engine.config.Reporter - generating lex-leader symmetry breaking predicate ...
[main] INFO kodkod.engine.config.Reporter - detecting symmetries ...
[main] INFO kodkod.engine.config.Reporter - detected 1 equivalence classes of atoms ...
[main] INFO kodkod.engine.config.Reporter - optimizing bounds and formula (breaking predicate symmetries, inlining, skolemizing) ...
[main] INFO kodkod.engine.config.Reporter - translating to boolean ...
[main] INFO kodkod.engine.config.Reporter - generating lex-leader symmetry breaking predicate ...
[main] INFO kodkod.engine.config.Reporter - detecting symmetries ...
[main] INFO kodkod.engine.config.Reporter - detected 1 equivalence classes of atoms ...
[main] INFO kodkod.engine.config.Reporter - optimizing bounds and formula (breaking predicate symmetries, inlining, skolemizing) ...
[main] INFO kodkod.engine.config.Reporter - translating to boolean ...
[main] INFO kodkod.engine.config.Reporter - generating lex-leader symmetry breaking predicate ...
[main] INFO kodkod.engine.config.Reporter - detecting symmetries ...
[main] INFO kodkod.engine.config.Reporter - detected 1 equivalence classes of atoms ...
[main] INFO kodkod.engine.config.Reporter - optimizing bounds and formula (breaking predicate symmetries, inlining, skolemizing) ...
[main] INFO kodkod.engine.config.Reporter - translating to boolean ...
[main] INFO kodkod.engine.config.Reporter - generating lex-leader symmetry breaking predicate ...
[main] INFO kodkod.engine.config.Reporter - detecting symmetries ...
[main] INFO kodkod.engine.config.Reporter - detected 1 equivalence classes of atoms ...
[main] INFO kodkod.engine.config.Reporter - optimizing bounds and formula (breaking predicate symmetries, inlining, skolemizing) ...
[main] INFO kodkod.engine.config.Reporter - translating to boolean ...
[main] INFO kodkod.engine.config.Reporter - generating lex-leader symmetry breaking predicate ...
[main] INFO kodkod.engine.config.Reporter - detecting symmetries ...
[main] INFO kodkod.engine.config.Reporter - detected 1 equivalence classes of atoms ...
[main] INFO kodkod.engine.config.Reporter - optimizing bounds and formula (breaking predicate symmetries, inlining, skolemizing) ...
[main] INFO kodkod.engine.config.Reporter - translating to boolean ...
[main] INFO kodkod.engine.config.Reporter - generating lex-leader symmetry breaking predicate ...
[main] INFO kodkod.engine.config.Reporter - detecting symmetries ...
[main] INFO kodkod.engine.config.Reporter - detected 1 equivalence classes of atoms ...
[main] INFO kodkod.engine.config.Reporter - optimizing bounds and formula (breaking predicate symmetries, inlining, skolemizing) ...
[main] INFO kodkod.engine.config.Reporter - translating to boolean ...
[main] INFO kodkod.engine.config.Reporter - generating lex-leader symmetry breaking predicate ...
[main] INFO kodkod.engine.config.Reporter - detecting symmetries ...
[main] INFO kodkod.engine.config.Reporter - detected 5 equivalence classes of atoms ...
[main] INFO kodkod.engine.config.Reporter - optimizing bounds and formula (breaking predicate symmetries, inlining, skolemizing) ...
[main] INFO kodkod.engine.config.Reporter - translating to boolean ...
[main] INFO kodkod.engine.config.Reporter - generating lex-leader symmetry breaking predicate ...
[main] INFO kodkod.engine.config.Reporter - detecting symmetries ...
[main] INFO kodkod.engine.config.Reporter - detected 5 equivalence classes of atoms ...
[main] INFO kodkod.engine.config.Reporter - optimizing bounds and formula (breaking predicate symmetries, inlining, skolemizing) ...
[main] INFO kodkod.engine.config.Reporter - translating to boolean ...
[main] INFO kodkod.engine.config.Reporter - generating lex-leader symmetry breaking predicate ...
[main] INFO kodkod.engine.config.Reporter - detecting symmetries ...
[main] INFO kodkod.engine.config.Reporter - detected 5 equivalence classes of atoms ...
[main] INFO kodkod.engine.config.Reporter - optimizing bounds and formula (breaking predicate symmetries, inlining, skolemizing) ...
[main] INFO kodkod.engine.config.Reporter - translating to boolean ...
[main] INFO kodkod.engine.config.Reporter - generating lex-leader symmetry breaking predicate ...
[main] INFO kodkod.engine.config.Reporter - detecting symmetries ...
[main] INFO kodkod.engine.config.Reporter - detected 5 equivalence classes of atoms ...
[main] INFO kodkod.engine.config.Reporter - optimizing bounds and formula (breaking predicate symmetries, inlining, skolemizing) ...
[main] INFO kodkod.engine.config.Reporter - translating to boolean ...
[main] INFO kodkod.engine.config.Reporter - generating lex-leader symmetry breaking predicate ...
[main] INFO kodkod.engine.config.Reporter - detecting symmetries ...
[main] INFO kodkod.engine.config.Reporter - detected 5 equivalence classes of atoms ...
[main] INFO kodkod.engine.config.Reporter - optimizing bounds and formula (breaking predicate symmetries, inlining, skolemizing) ...
[main] INFO kodkod.engine.config.Reporter - translating to boolean ...
[main] INFO kodkod.engine.config.Reporter - generating lex-leader symmetry breaking predicate ...
[main] INFO kodkod.engine.config.Reporter - detecting symmetries ...
[main] INFO kodkod.engine.config.Reporter - detected 5 equivalence classes of atoms ...
[main] INFO kodkod.engine.config.Reporter - optimizing bounds and formula (breaking predicate symmetries, inlining, skolemizing) ...
[main] INFO kodkod.engine.config.Reporter - translating to boolean ...
[main] INFO kodkod.engine.config.Reporter - generating lex-leader symmetry breaking predicate ...
[main] INFO kodkod.engine.config.Reporter - detecting symmetries ...
[main] INFO kodkod.engine.config.Reporter - detected 5 equivalence classes of atoms ...
[main] INFO kodkod.engine.config.Reporter - optimizing bounds and formula (breaking predicate symmetries, inlining, skolemizing) ...
[main] INFO kodkod.engine.config.Reporter - translating to boolean ...
[main] INFO kodkod.engine.config.Reporter - generating lex-leader symmetry breaking predicate ...
Adding key: is.fivefivefive.ACGN.alloy.EndSymbol@0
Adding key: DummySymbol{type='predroot'}
Adding key: DummySymbol{type='sig'}
Adding key: MiddleSymbol{name='UNOPF_SOME', infiniteRoot=false, typeConfinerOp= false}
Adding key: MiddleSymbol{name='UNOPF_NO', infiniteRoot=false, typeConfinerOp= false}
Adding key: ShadowSymbol{signature=0.0}
[main] INFO kodkod.engine.config.Reporter - detecting symmetries ...
[main] INFO kodkod.engine.config.Reporter - detected 1 equivalence classes of atoms ...
[main] INFO kodkod.engine.config.Reporter - optimizing bounds and formula (breaking predicate symmetries, inlining, skolemizing) ...
[main] INFO kodkod.engine.config.Reporter - translating to boolean ...
[main] INFO kodkod.engine.config.Reporter - generating lex-leader symmetry breaking predicate ...
[main] INFO kodkod.engine.config.Reporter - detecting symmetries ...
[main] INFO kodkod.engine.config.Reporter - detected 1 equivalence classes of atoms ...
[main] INFO kodkod.engine.config.Reporter - optimizing bounds and formula (breaking predicate symmetries, inlining, skolemizing) ...
[main] INFO kodkod.engine.config.Reporter - translating to boolean ...
[main] INFO kodkod.engine.config.Reporter - generating lex-leader symmetry breaking predicate ...
[main] INFO kodkod.engine.config.Reporter - detecting symmetries ...
[main] INFO kodkod.engine.config.Reporter - detected 1 equivalence classes of atoms ...
[main] INFO kodkod.engine.config.Reporter - optimizing bounds and formula (breaking predicate symmetries, inlining, skolemizing) ...
[main] INFO kodkod.engine.config.Reporter - translating to boolean ...
[main] INFO kodkod.engine.config.Reporter - generating lex-leader symmetry breaking predicate ...
[main] INFO kodkod.engine.config.Reporter - detecting symmetries ...
[main] INFO kodkod.engine.config.Reporter - detected 1 equivalence classes of atoms ...
[main] INFO kodkod.engine.config.Reporter - optimizing bounds and formula (breaking predicate symmetries, inlining, skolemizing) ...
[main] INFO kodkod.engine.config.Reporter - translating to boolean ...
[main] INFO kodkod.engine.config.Reporter - generating lex-leader symmetry breaking predicate ...
[main] INFO kodkod.engine.config.Reporter - detecting symmetries ...
[main] INFO kodkod.engine.config.Reporter - detected 1 equivalence classes of atoms ...
[main] INFO kodkod.engine.config.Reporter - optimizing bounds and formula (breaking predicate symmetries, inlining, skolemizing) ...
[main] INFO kodkod.engine.config.Reporter - translating to boolean ...
[main] INFO kodkod.engine.config.Reporter - generating lex-leader symmetry breaking predicate ...
[main] INFO kodkod.engine.config.Reporter - detecting symmetries ...
[main] INFO kodkod.engine.config.Reporter - detected 1 equivalence classes of atoms ...
[main] INFO kodkod.engine.config.Reporter - optimizing bounds and formula (breaking predicate symmetries, inlining, skolemizing) ...
[main] INFO kodkod.engine.config.Reporter - translating to boolean ...
[main] INFO kodkod.engine.config.Reporter - generating lex-leader symmetry breaking predicate ...
[main] INFO kodkod.engine.config.Reporter - detecting symmetries ...
[main] INFO kodkod.engine.config.Reporter - detected 1 equivalence classes of atoms ...
[main] INFO kodkod.engine.config.Reporter - optimizing bounds and formula (breaking predicate symmetries, inlining, skolemizing) ...
[main] INFO kodkod.engine.config.Reporter - translating to boolean ...
[main] INFO kodkod.engine.config.Reporter - generating lex-leader symmetry breaking predicate ...
[main] INFO kodkod.engine.config.Reporter - detecting symmetries ...
[main] INFO kodkod.engine.config.Reporter - detected 1 equivalence classes of atoms ...
[main] INFO kodkod.engine.config.Reporter - optimizing bounds and formula (breaking predicate symmetries, inlining, skolemizing) ...
[main] INFO kodkod.engine.config.Reporter - translating to boolean ...
[main] INFO kodkod.engine.config.Reporter - generating lex-leader symmetry breaking predicate ...
[main] INFO kodkod.engine.config.Reporter - detecting symmetries ...
[main] INFO kodkod.engine.config.Reporter - detected 1 equivalence classes of atoms ...
[main] INFO kodkod.engine.config.Reporter - optimizing bounds and formula (breaking predicate symmetries, inlining, skolemizing) ...
[main] INFO kodkod.engine.config.Reporter - translating to boolean ...
[main] INFO kodkod.engine.config.Reporter - generating lex-leader symmetry breaking predicate ...
[main] INFO kodkod.engine.config.Reporter - detecting symmetries ...
[main] INFO kodkod.engine.config.Reporter - detected 1 equivalence classes of atoms ...
[main] INFO kodkod.engine.config.Reporter - optimizing bounds and formula (breaking predicate symmetries, inlining, skolemizing) ...
[main] INFO kodkod.engine.config.Reporter - translating to boolean ...
[main] INFO kodkod.engine.config.Reporter - generating lex-leader symmetry breaking predicate ...
[main] INFO kodkod.engine.config.Reporter - detecting symmetries ...
[main] INFO kodkod.engine.config.Reporter - detected 1 equivalence classes of atoms ...
[main] INFO kodkod.engine.config.Reporter - optimizing bounds and formula (breaking predicate symmetries, inlining, skolemizing) ...
[main] INFO kodkod.engine.config.Reporter - translating to boolean ...
[main] INFO kodkod.engine.config.Reporter - generating lex-leader symmetry breaking predicate ...
[main] INFO kodkod.engine.config.Reporter - detecting symmetries ...
[main] INFO kodkod.engine.config.Reporter - detected 1 equivalence classes of atoms ...
[main] INFO kodkod.engine.config.Reporter - optimizing bounds and formula (breaking predicate symmetries, inlining, skolemizing) ...
[main] INFO kodkod.engine.config.Reporter - translating to boolean ...
[main] INFO kodkod.engine.config.Reporter - generating lex-leader symmetry breaking predicate ...
[main] INFO kodkod.engine.config.Reporter - detecting symmetries ...
[main] INFO kodkod.engine.config.Reporter - detected 1 equivalence classes of atoms ...
[main] INFO kodkod.engine.config.Reporter - optimizing bounds and formula (breaking predicate symmetries, inlining, skolemizing) ...
[main] INFO kodkod.engine.config.Reporter - translating to boolean ...
[main] INFO kodkod.engine.config.Reporter - generating lex-leader symmetry breaking predicate ...
[main] INFO kodkod.engine.config.Reporter - detecting symmetries ...
[main] INFO kodkod.engine.config.Reporter - detected 1 equivalence classes of atoms ...
[main] INFO kodkod.engine.config.Reporter - optimizing bounds and formula (breaking predicate symmetries, inlining, skolemizing) ...
[main] INFO kodkod.engine.config.Reporter - translating to boolean ...
[main] INFO kodkod.engine.config.Reporter - generating lex-leader symmetry breaking predicate ...
[main] INFO kodkod.engine.config.Reporter - detecting symmetries ...
[main] INFO kodkod.engine.config.Reporter - detected 5 equivalence classes of atoms ...
[main] INFO kodkod.engine.config.Reporter - optimizing bounds and formula (breaking predicate symmetries, inlining, skolemizing) ...
[main] INFO kodkod.engine.config.Reporter - translating to boolean ...
[main] INFO kodkod.engine.config.Reporter - generating lex-leader symmetry breaking predicate ...
[main] INFO kodkod.engine.config.Reporter - detecting symmetries ...
[main] INFO kodkod.engine.config.Reporter - detected 1 equivalence classes of atoms ...
[main] INFO kodkod.engine.config.Reporter - optimizing bounds and formula (breaking predicate symmetries, inlining, skolemizing) ...
[main] INFO kodkod.engine.config.Reporter - translating to boolean ...
[main] INFO kodkod.engine.config.Reporter - generating lex-leader symmetry breaking predicate ...
[main] INFO kodkod.engine.config.Reporter - detecting symmetries ...
[main] INFO kodkod.engine.config.Reporter - detected 5 equivalence classes of atoms ...
[main] INFO kodkod.engine.config.Reporter - optimizing bounds and formula (breaking predicate symmetries, inlining, skolemizing) ...
[main] INFO kodkod.engine.config.Reporter - translating to boolean ...
[main] INFO kodkod.engine.config.Reporter - generating lex-leader symmetry breaking predicate ...
[main] INFO kodkod.engine.config.Reporter - detecting symmetries ...
[main] INFO kodkod.engine.config.Reporter - detected 5 equivalence classes of atoms ...
[main] INFO kodkod.engine.config.Reporter - optimizing bounds and formula (breaking predicate symmetries, inlining, skolemizing) ...
[main] INFO kodkod.engine.config.Reporter - translating to boolean ...
[main] INFO kodkod.engine.config.Reporter - generating lex-leader symmetry breaking predicate ...
[main] INFO kodkod.engine.config.Reporter - detecting symmetries ...
[main] INFO kodkod.engine.config.Reporter - detected 1 equivalence classes of atoms ...
[main] INFO kodkod.engine.config.Reporter - optimizing bounds and formula (breaking predicate symmetries, inlining, skolemizing) ...
[main] INFO kodkod.engine.config.Reporter - translating to boolean ...
[main] INFO kodkod.engine.config.Reporter - generating lex-leader symmetry breaking predicate ...
[main] INFO kodkod.engine.config.Reporter - detecting symmetries ...
[main] INFO kodkod.engine.config.Reporter - detected 5 equivalence classes of atoms ...
[main] INFO kodkod.engine.config.Reporter - optimizing bounds and formula (breaking predicate symmetries, inlining, skolemizing) ...
[main] INFO kodkod.engine.config.Reporter - translating to boolean ...
[main] INFO kodkod.engine.config.Reporter - generating lex-leader symmetry breaking predicate ...
[main] INFO kodkod.engine.config.Reporter - detecting symmetries ...
[main] INFO kodkod.engine.config.Reporter - detected 5 equivalence classes of atoms ...
[main] INFO kodkod.engine.config.Reporter - optimizing bounds and formula (breaking predicate symmetries, inlining, skolemizing) ...
[main] INFO kodkod.engine.config.Reporter - translating to boolean ...
[main] INFO kodkod.engine.config.Reporter - generating lex-leader symmetry breaking predicate ...
[main] INFO kodkod.engine.config.Reporter - detecting symmetries ...
[main] INFO kodkod.engine.config.Reporter - detected 5 equivalence classes of atoms ...
[main] INFO kodkod.engine.config.Reporter - optimizing bounds and formula (breaking predicate symmetries, inlining, skolemizing) ...
[main] INFO kodkod.engine.config.Reporter - translating to boolean ...
[main] INFO kodkod.engine.config.Reporter - generating lex-leader symmetry breaking predicate ...
[main] INFO kodkod.engine.config.Reporter - detecting symmetries ...
[main] INFO kodkod.engine.config.Reporter - detected 5 equivalence classes of atoms ...
[main] INFO kodkod.engine.config.Reporter - optimizing bounds and formula (breaking predicate symmetries, inlining, skolemizing) ...
[main] INFO kodkod.engine.config.Reporter - translating to boolean ...
[main] INFO kodkod.engine.config.Reporter - generating lex-leader symmetry breaking predicate ...
[main] INFO kodkod.engine.config.Reporter - detecting symmetries ...
[main] INFO kodkod.engine.config.Reporter - detected 1 equivalence classes of atoms ...
[main] INFO kodkod.engine.config.Reporter - optimizing bounds and formula (breaking predicate symmetries, inlining, skolemizing) ...
[main] INFO kodkod.engine.config.Reporter - translating to boolean ...
[main] INFO kodkod.engine.config.Reporter - generating lex-leader symmetry breaking predicate ...
Adding key: is.fivefivefive.ACGN.alloy.EndSymbol@0
Adding key: DummySymbol{type='predroot'}
Adding key: DummySymbol{type='sig'}
Adding key: MiddleSymbol{name='UNOPF_SOME', infiniteRoot=false, typeConfinerOp= false}
Adding key: MiddleSymbol{name='UNOPF_NO', infiniteRoot=false, typeConfinerOp= false}
Adding key: ShadowSymbol{signature=0.0}
[main] INFO kodkod.engine.config.Reporter - detecting symmetries ...
[main] INFO kodkod.engine.config.Reporter - detected 1 equivalence classes of atoms ...
[main] INFO kodkod.engine.config.Reporter - optimizing bounds and formula (breaking predicate symmetries, inlining, skolemizing) ...
[main] INFO kodkod.engine.config.Reporter - translating to boolean ...
[main] INFO kodkod.engine.config.Reporter - generating lex-leader symmetry breaking predicate ...
[main] INFO kodkod.engine.config.Reporter - detecting symmetries ...
[main] INFO kodkod.engine.config.Reporter - detected 1 equivalence classes of atoms ...
[main] INFO kodkod.engine.config.Reporter - optimizing bounds and formula (breaking predicate symmetries, inlining, skolemizing) ...
[main] INFO kodkod.engine.config.Reporter - translating to boolean ...
[main] INFO kodkod.engine.config.Reporter - generating lex-leader symmetry breaking predicate ...
[main] INFO kodkod.engine.config.Reporter - detecting symmetries ...
[main] INFO kodkod.engine.config.Reporter - detected 1 equivalence classes of atoms ...
[main] INFO kodkod.engine.config.Reporter - optimizing bounds and formula (breaking predicate symmetries, inlining, skolemizing) ...
[main] INFO kodkod.engine.config.Reporter - translating to boolean ...
[main] INFO kodkod.engine.config.Reporter - generating lex-leader symmetry breaking predicate ...
[main] INFO kodkod.engine.config.Reporter - detecting symmetries ...
[main] INFO kodkod.engine.config.Reporter - detected 1 equivalence classes of atoms ...
[main] INFO kodkod.engine.config.Reporter - optimizing bounds and formula (breaking predicate symmetries, inlining, skolemizing) ...
[main] INFO kodkod.engine.config.Reporter - translating to boolean ...
[main] INFO kodkod.engine.config.Reporter - generating lex-leader symmetry breaking predicate ...
[main] INFO kodkod.engine.config.Reporter - detecting symmetries ...
[main] INFO kodkod.engine.config.Reporter - detected 1 equivalence classes of atoms ...
[main] INFO kodkod.engine.config.Reporter - optimizing bounds and formula (breaking predicate symmetries, inlining, skolemizing) ...
[main] INFO kodkod.engine.config.Reporter - translating to boolean ...
[main] INFO kodkod.engine.config.Reporter - generating lex-leader symmetry breaking predicate ...
[main] INFO kodkod.engine.config.Reporter - detecting symmetries ...
[main] INFO kodkod.engine.config.Reporter - detected 1 equivalence classes of atoms ...
[main] INFO kodkod.engine.config.Reporter - optimizing bounds and formula (breaking predicate symmetries, inlining, skolemizing) ...
[main] INFO kodkod.engine.config.Reporter - translating to boolean ...
[main] INFO kodkod.engine.config.Reporter - generating lex-leader symmetry breaking predicate ...
[main] INFO kodkod.engine.config.Reporter - detecting symmetries ...
[main] INFO kodkod.engine.config.Reporter - detected 1 equivalence classes of atoms ...
[main] INFO kodkod.engine.config.Reporter - optimizing bounds and formula (breaking predicate symmetries, inlining, skolemizing) ...
[main] INFO kodkod.engine.config.Reporter - translating to boolean ...
[main] INFO kodkod.engine.config.Reporter - generating lex-leader symmetry breaking predicate ...
[main] INFO kodkod.engine.config.Reporter - detecting symmetries ...
[main] INFO kodkod.engine.config.Reporter - detected 1 equivalence classes of atoms ...
[main] INFO kodkod.engine.config.Reporter - optimizing bounds and formula (breaking predicate symmetries, inlining, skolemizing) ...
[main] INFO kodkod.engine.config.Reporter - translating to boolean ...
[main] INFO kodkod.engine.config.Reporter - generating lex-leader symmetry breaking predicate ...
[main] INFO kodkod.engine.config.Reporter - detecting symmetries ...
[main] INFO kodkod.engine.config.Reporter - detected 1 equivalence classes of atoms ...
[main] INFO kodkod.engine.config.Reporter - optimizing bounds and formula (breaking predicate symmetries, inlining, skolemizing) ...
[main] INFO kodkod.engine.config.Reporter - translating to boolean ...
[main] INFO kodkod.engine.config.Reporter - generating lex-leader symmetry breaking predicate ...
[main] INFO kodkod.engine.config.Reporter - detecting symmetries ...
[main] INFO kodkod.engine.config.Reporter - detected 1 equivalence classes of atoms ...
[main] INFO kodkod.engine.config.Reporter - optimizing bounds and formula (breaking predicate symmetries, inlining, skolemizing) ...
[main] INFO kodkod.engine.config.Reporter - translating to boolean ...
[main] INFO kodkod.engine.config.Reporter - generating lex-leader symmetry breaking predicate ...
[main] INFO kodkod.engine.config.Reporter - detecting symmetries ...
[main] INFO kodkod.engine.config.Reporter - detected 1 equivalence classes of atoms ...
[main] INFO kodkod.engine.config.Reporter - optimizing bounds and formula (breaking predicate symmetries, inlining, skolemizing) ...
[main] INFO kodkod.engine.config.Reporter - translating to boolean ...
[main] INFO kodkod.engine.config.Reporter - generating lex-leader symmetry breaking predicate ...
[main] INFO kodkod.engine.config.Reporter - detecting symmetries ...
[main] INFO kodkod.engine.config.Reporter - detected 1 equivalence classes of atoms ...
[main] INFO kodkod.engine.config.Reporter - optimizing bounds and formula (breaking predicate symmetries, inlining, skolemizing) ...
[main] INFO kodkod.engine.config.Reporter - translating to boolean ...
[main] INFO kodkod.engine.config.Reporter - generating lex-leader symmetry breaking predicate ...
[main] INFO kodkod.engine.config.Reporter - detecting symmetries ...
[main] INFO kodkod.engine.config.Reporter - detected 1 equivalence classes of atoms ...
[main] INFO kodkod.engine.config.Reporter - optimizing bounds and formula (breaking predicate symmetries, inlining, skolemizing) ...
[main] INFO kodkod.engine.config.Reporter - translating to boolean ...
[main] INFO kodkod.engine.config.Reporter - generating lex-leader symmetry breaking predicate ...
[main] INFO kodkod.engine.config.Reporter - detecting symmetries ...
[main] INFO kodkod.engine.config.Reporter - detected 1 equivalence classes of atoms ...
[main] INFO kodkod.engine.config.Reporter - optimizing bounds and formula (breaking predicate symmetries, inlining, skolemizing) ...
[main] INFO kodkod.engine.config.Reporter - translating to boolean ...
[main] INFO kodkod.engine.config.Reporter - generating lex-leader symmetry breaking predicate ...
[main] INFO kodkod.engine.config.Reporter - detecting symmetries ...
[main] INFO kodkod.engine.config.Reporter - detected 1 equivalence classes of atoms ...
[main] INFO kodkod.engine.config.Reporter - optimizing bounds and formula (breaking predicate symmetries, inlining, skolemizing) ...
[main] INFO kodkod.engine.config.Reporter - translating to boolean ...
[main] INFO kodkod.engine.config.Reporter - generating lex-leader symmetry breaking predicate ...
[main] INFO kodkod.engine.config.Reporter - detecting symmetries ...
[main] INFO kodkod.engine.config.Reporter - detected 1 equivalence classes of atoms ...
[main] INFO kodkod.engine.config.Reporter - optimizing bounds and formula (breaking predicate symmetries, inlining, skolemizing) ...
[main] INFO kodkod.engine.config.Reporter - translating to boolean ...
[main] INFO kodkod.engine.config.Reporter - generating lex-leader symmetry breaking predicate ...
[main] INFO kodkod.engine.config.Reporter - detecting symmetries ...
[main] INFO kodkod.engine.config.Reporter - detected 1 equivalence classes of atoms ...
[main] INFO kodkod.engine.config.Reporter - optimizing bounds and formula (breaking predicate symmetries, inlining, skolemizing) ...
[main] INFO kodkod.engine.config.Reporter - translating to boolean ...
[main] INFO kodkod.engine.config.Reporter - generating lex-leader symmetry breaking predicate ...
[main] INFO kodkod.engine.config.Reporter - detecting symmetries ...
[main] INFO kodkod.engine.config.Reporter - detected 5 equivalence classes of atoms ...
[main] INFO kodkod.engine.config.Reporter - optimizing bounds and formula (breaking predicate symmetries, inlining, skolemizing) ...
[main] INFO kodkod.engine.config.Reporter - translating to boolean ...
[main] INFO kodkod.engine.config.Reporter - generating lex-leader symmetry breaking predicate ...
[main] INFO kodkod.engine.config.Reporter - detecting symmetries ...
[main] INFO kodkod.engine.config.Reporter - detected 1 equivalence classes of atoms ...
[main] INFO kodkod.engine.config.Reporter - optimizing bounds and formula (breaking predicate symmetries, inlining, skolemizing) ...
[main] INFO kodkod.engine.config.Reporter - translating to boolean ...
[main] INFO kodkod.engine.config.Reporter - generating lex-leader symmetry breaking predicate ...
[main] INFO kodkod.engine.config.Reporter - detecting symmetries ...
[main] INFO kodkod.engine.config.Reporter - detected 5 equivalence classes of atoms ...
[main] INFO kodkod.engine.config.Reporter - optimizing bounds and formula (breaking predicate symmetries, inlining, skolemizing) ...
[main] INFO kodkod.engine.config.Reporter - translating to boolean ...
[main] INFO kodkod.engine.config.Reporter - generating lex-leader symmetry breaking predicate ...
[main] INFO kodkod.engine.config.Reporter - detecting symmetries ...
[main] INFO kodkod.engine.config.Reporter - detected 1 equivalence classes of atoms ...
[main] INFO kodkod.engine.config.Reporter - optimizing bounds and formula (breaking predicate symmetries, inlining, skolemizing) ...
[main] INFO kodkod.engine.config.Reporter - translating to boolean ...
[main] INFO kodkod.engine.config.Reporter - generating lex-leader symmetry breaking predicate ...
[main] INFO kodkod.engine.config.Reporter - detecting symmetries ...
[main] INFO kodkod.engine.config.Reporter - detected 5 equivalence classes of atoms ...
[main] INFO kodkod.engine.config.Reporter - optimizing bounds and formula (breaking predicate symmetries, inlining, skolemizing) ...
[main] INFO kodkod.engine.config.Reporter - translating to boolean ...
[main] INFO kodkod.engine.config.Reporter - generating lex-leader symmetry breaking predicate ...
[main] INFO kodkod.engine.config.Reporter - detecting symmetries ...
[main] INFO kodkod.engine.config.Reporter - detected 1 equivalence classes of atoms ...
[main] INFO kodkod.engine.config.Reporter - optimizing bounds and formula (breaking predicate symmetries, inlining, skolemizing) ...
[main] INFO kodkod.engine.config.Reporter - translating to boolean ...
[main] INFO kodkod.engine.config.Reporter - generating lex-leader symmetry breaking predicate ...
[main] INFO kodkod.engine.config.Reporter - detecting symmetries ...
[main] INFO kodkod.engine.config.Reporter - detected 5 equivalence classes of atoms ...
[main] INFO kodkod.engine.config.Reporter - optimizing bounds and formula (breaking predicate symmetries, inlining, skolemizing) ...
[main] INFO kodkod.engine.config.Reporter - translating to boolean ...
[main] INFO kodkod.engine.config.Reporter - generating lex-leader symmetry breaking predicate ...
[main] INFO kodkod.engine.config.Reporter - detecting symmetries ...
[main] INFO kodkod.engine.config.Reporter - detected 1 equivalence classes of atoms ...
[main] INFO kodkod.engine.config.Reporter - optimizing bounds and formula (breaking predicate symmetries, inlining, skolemizing) ...
[main] INFO kodkod.engine.config.Reporter - translating to boolean ...
[main] INFO kodkod.engine.config.Reporter - generating lex-leader symmetry breaking predicate ...
[main] INFO kodkod.engine.config.Reporter - detecting symmetries ...
[main] INFO kodkod.engine.config.Reporter - detected 5 equivalence classes of atoms ...
[main] INFO kodkod.engine.config.Reporter - optimizing bounds and formula (breaking predicate symmetries, inlining, skolemizing) ...
[main] INFO kodkod.engine.config.Reporter - translating to boolean ...
[main] INFO kodkod.engine.config.Reporter - generating lex-leader symmetry breaking predicate ...
[main] INFO kodkod.engine.config.Reporter - detecting symmetries ...
[main] INFO kodkod.engine.config.Reporter - detected 5 equivalence classes of atoms ...
[main] INFO kodkod.engine.config.Reporter - optimizing bounds and formula (breaking predicate symmetries, inlining, skolemizing) ...
[main] INFO kodkod.engine.config.Reporter - translating to boolean ...
[main] INFO kodkod.engine.config.Reporter - generating lex-leader symmetry breaking predicate ...
[main] INFO kodkod.engine.config.Reporter - detecting symmetries ...
[main] INFO kodkod.engine.config.Reporter - detected 5 equivalence classes of atoms ...
[main] INFO kodkod.engine.config.Reporter - optimizing bounds and formula (breaking predicate symmetries, inlining, skolemizing) ...
[main] INFO kodkod.engine.config.Reporter - translating to boolean ...
[main] INFO kodkod.engine.config.Reporter - generating lex-leader symmetry breaking predicate ...
Adding key: is.fivefivefive.ACGN.alloy.EndSymbol@0
Adding key: DummySymbol{type='predroot'}
Adding key: DummySymbol{type='sig'}
Adding key: MiddleSymbol{name='UNOPF_SOME', infiniteRoot=false, typeConfinerOp= false}
Adding key: MiddleSymbol{name='UNOPF_NO', infiniteRoot=false, typeConfinerOp= false}
Adding key: ShadowSymbol{signature=0.0}
[main] INFO kodkod.engine.config.Reporter - detecting symmetries ...
[main] INFO kodkod.engine.config.Reporter - detected 1 equivalence classes of atoms ...
[main] INFO kodkod.engine.config.Reporter - optimizing bounds and formula (breaking predicate symmetries, inlining, skolemizing) ...
[main] INFO kodkod.engine.config.Reporter - translating to boolean ...
[main] INFO kodkod.engine.config.Reporter - generating lex-leader symmetry breaking predicate ...
[main] INFO kodkod.engine.config.Reporter - detecting symmetries ...
[main] INFO kodkod.engine.config.Reporter - detected 1 equivalence classes of atoms ...
[main] INFO kodkod.engine.config.Reporter - optimizing bounds and formula (breaking predicate symmetries, inlining, skolemizing) ...
[main] INFO kodkod.engine.config.Reporter - translating to boolean ...
[main] INFO kodkod.engine.config.Reporter - generating lex-leader symmetry breaking predicate ...
[main] INFO kodkod.engine.config.Reporter - detecting symmetries ...
[main] INFO kodkod.engine.config.Reporter - detected 1 equivalence classes of atoms ...
[main] INFO kodkod.engine.config.Reporter - optimizing bounds and formula (breaking predicate symmetries, inlining, skolemizing) ...
[main] INFO kodkod.engine.config.Reporter - translating to boolean ...
[main] INFO kodkod.engine.config.Reporter - generating lex-leader symmetry breaking predicate ...
[main] INFO kodkod.engine.config.Reporter - detecting symmetries ...
[main] INFO kodkod.engine.config.Reporter - detected 1 equivalence classes of atoms ...
[main] INFO kodkod.engine.config.Reporter - optimizing bounds and formula (breaking predicate symmetries, inlining, skolemizing) ...
[main] INFO kodkod.engine.config.Reporter - translating to boolean ...
[main] INFO kodkod.engine.config.Reporter - generating lex-leader symmetry breaking predicate ...
[main] INFO kodkod.engine.config.Reporter - detecting symmetries ...
[main] INFO kodkod.engine.config.Reporter - detected 1 equivalence classes of atoms ...
[main] INFO kodkod.engine.config.Reporter - optimizing bounds and formula (breaking predicate symmetries, inlining, skolemizing) ...
[main] INFO kodkod.engine.config.Reporter - translating to boolean ...
[main] INFO kodkod.engine.config.Reporter - generating lex-leader symmetry breaking predicate ...
[main] INFO kodkod.engine.config.Reporter - detecting symmetries ...
[main] INFO kodkod.engine.config.Reporter - detected 1 equivalence classes of atoms ...
[main] INFO kodkod.engine.config.Reporter - optimizing bounds and formula (breaking predicate symmetries, inlining, skolemizing) ...
[main] INFO kodkod.engine.config.Reporter - translating to boolean ...
[main] INFO kodkod.engine.config.Reporter - generating lex-leader symmetry breaking predicate ...
[main] INFO kodkod.engine.config.Reporter - detecting symmetries ...
[main] INFO kodkod.engine.config.Reporter - detected 1 equivalence classes of atoms ...
[main] INFO kodkod.engine.config.Reporter - optimizing bounds and formula (breaking predicate symmetries, inlining, skolemizing) ...
[main] INFO kodkod.engine.config.Reporter - translating to boolean ...
[main] INFO kodkod.engine.config.Reporter - generating lex-leader symmetry breaking predicate ...
[main] INFO kodkod.engine.config.Reporter - detecting symmetries ...
[main] INFO kodkod.engine.config.Reporter - detected 1 equivalence classes of atoms ...
[main] INFO kodkod.engine.config.Reporter - optimizing bounds and formula (breaking predicate symmetries, inlining, skolemizing) ...
[main] INFO kodkod.engine.config.Reporter - translating to boolean ...
[main] INFO kodkod.engine.config.Reporter - generating lex-leader symmetry breaking predicate ...
[main] INFO kodkod.engine.config.Reporter - detecting symmetries ...
[main] INFO kodkod.engine.config.Reporter - detected 1 equivalence classes of atoms ...
[main] INFO kodkod.engine.config.Reporter - optimizing bounds and formula (breaking predicate symmetries, inlining, skolemizing) ...
[main] INFO kodkod.engine.config.Reporter - translating to boolean ...
[main] INFO kodkod.engine.config.Reporter - generating lex-leader symmetry breaking predicate ...
[main] INFO kodkod.engine.config.Reporter - detecting symmetries ...
[main] INFO kodkod.engine.config.Reporter - detected 1 equivalence classes of atoms ...
[main] INFO kodkod.engine.config.Reporter - optimizing bounds and formula (breaking predicate symmetries, inlining, skolemizing) ...
[main] INFO kodkod.engine.config.Reporter - translating to boolean ...
[main] INFO kodkod.engine.config.Reporter - generating lex-leader symmetry breaking predicate ...
[main] INFO kodkod.engine.config.Reporter - detecting symmetries ...
[main] INFO kodkod.engine.config.Reporter - detected 1 equivalence classes of atoms ...
[main] INFO kodkod.engine.config.Reporter - optimizing bounds and formula (breaking predicate symmetries, inlining, skolemizing) ...
[main] INFO kodkod.engine.config.Reporter - translating to boolean ...
[main] INFO kodkod.engine.config.Reporter - generating lex-leader symmetry breaking predicate ...
[main] INFO kodkod.engine.config.Reporter - detecting symmetries ...
[main] INFO kodkod.engine.config.Reporter - detected 1 equivalence classes of atoms ...
[main] INFO kodkod.engine.config.Reporter - optimizing bounds and formula (breaking predicate symmetries, inlining, skolemizing) ...
[main] INFO kodkod.engine.config.Reporter - translating to boolean ...
[main] INFO kodkod.engine.config.Reporter - generating lex-leader symmetry breaking predicate ...
[main] INFO kodkod.engine.config.Reporter - detecting symmetries ...
[main] INFO kodkod.engine.config.Reporter - detected 1 equivalence classes of atoms ...
[main] INFO kodkod.engine.config.Reporter - optimizing bounds and formula (breaking predicate symmetries, inlining, skolemizing) ...
[main] INFO kodkod.engine.config.Reporter - translating to boolean ...
[main] INFO kodkod.engine.config.Reporter - generating lex-leader symmetry breaking predicate ...
[main] INFO kodkod.engine.config.Reporter - detecting symmetries ...
[main] INFO kodkod.engine.config.Reporter - detected 1 equivalence classes of atoms ...
[main] INFO kodkod.engine.config.Reporter - optimizing bounds and formula (breaking predicate symmetries, inlining, skolemizing) ...
[main] INFO kodkod.engine.config.Reporter - translating to boolean ...
[main] INFO kodkod.engine.config.Reporter - generating lex-leader symmetry breaking predicate ...
[main] INFO kodkod.engine.config.Reporter - detecting symmetries ...
[main] INFO kodkod.engine.config.Reporter - detected 5 equivalence classes of atoms ...
[main] INFO kodkod.engine.config.Reporter - optimizing bounds and formula (breaking predicate symmetries, inlining, skolemizing) ...
[main] INFO kodkod.engine.config.Reporter - translating to boolean ...
[main] INFO kodkod.engine.config.Reporter - generating lex-leader symmetry breaking predicate ...
[main] INFO kodkod.engine.config.Reporter - detecting symmetries ...
[main] INFO kodkod.engine.config.Reporter - detected 1 equivalence classes of atoms ...
[main] INFO kodkod.engine.config.Reporter - optimizing bounds and formula (breaking predicate symmetries, inlining, skolemizing) ...
[main] INFO kodkod.engine.config.Reporter - translating to boolean ...
[main] INFO kodkod.engine.config.Reporter - generating lex-leader symmetry breaking predicate ...
[main] INFO kodkod.engine.config.Reporter - detecting symmetries ...
[main] INFO kodkod.engine.config.Reporter - detected 5 equivalence classes of atoms ...
[main] INFO kodkod.engine.config.Reporter - optimizing bounds and formula (breaking predicate symmetries, inlining, skolemizing) ...
[main] INFO kodkod.engine.config.Reporter - translating to boolean ...
[main] INFO kodkod.engine.config.Reporter - generating lex-leader symmetry breaking predicate ...
[main] INFO kodkod.engine.config.Reporter - detecting symmetries ...
[main] INFO kodkod.engine.config.Reporter - detected 5 equivalence classes of atoms ...
[main] INFO kodkod.engine.config.Reporter - optimizing bounds and formula (breaking predicate symmetries, inlining, skolemizing) ...
[main] INFO kodkod.engine.config.Reporter - translating to boolean ...
[main] INFO kodkod.engine.config.Reporter - generating lex-leader symmetry breaking predicate ...
[main] INFO kodkod.engine.config.Reporter - detecting symmetries ...
[main] INFO kodkod.engine.config.Reporter - detected 1 equivalence classes of atoms ...
[main] INFO kodkod.engine.config.Reporter - optimizing bounds and formula (breaking predicate symmetries, inlining, skolemizing) ...
[main] INFO kodkod.engine.config.Reporter - translating to boolean ...
[main] INFO kodkod.engine.config.Reporter - generating lex-leader symmetry breaking predicate ...
[main] INFO kodkod.engine.config.Reporter - detecting symmetries ...
[main] INFO kodkod.engine.config.Reporter - detected 5 equivalence classes of atoms ...
[main] INFO kodkod.engine.config.Reporter - optimizing bounds and formula (breaking predicate symmetries, inlining, skolemizing) ...
[main] INFO kodkod.engine.config.Reporter - translating to boolean ...
[main] INFO kodkod.engine.config.Reporter - generating lex-leader symmetry breaking predicate ...
[main] INFO kodkod.engine.config.Reporter - detecting symmetries ...
[main] INFO kodkod.engine.config.Reporter - detected 5 equivalence classes of atoms ...
[main] INFO kodkod.engine.config.Reporter - optimizing bounds and formula (breaking predicate symmetries, inlining, skolemizing) ...
[main] INFO kodkod.engine.config.Reporter - translating to boolean ...
[main] INFO kodkod.engine.config.Reporter - generating lex-leader symmetry breaking predicate ...
[main] INFO kodkod.engine.config.Reporter - detecting symmetries ...
[main] INFO kodkod.engine.config.Reporter - detected 5 equivalence classes of atoms ...
[main] INFO kodkod.engine.config.Reporter - optimizing bounds and formula (breaking predicate symmetries, inlining, skolemizing) ...
[main] INFO kodkod.engine.config.Reporter - translating to boolean ...
[main] INFO kodkod.engine.config.Reporter - generating lex-leader symmetry breaking predicate ...
[main] INFO kodkod.engine.config.Reporter - detecting symmetries ...
[main] INFO kodkod.engine.config.Reporter - detected 5 equivalence classes of atoms ...
[main] INFO kodkod.engine.config.Reporter - optimizing bounds and formula (breaking predicate symmetries, inlining, skolemizing) ...
[main] INFO kodkod.engine.config.Reporter - translating to boolean ...
[main] INFO kodkod.engine.config.Reporter - generating lex-leader symmetry breaking predicate ...
[main] INFO kodkod.engine.config.Reporter - detecting symmetries ...
[main] INFO kodkod.engine.config.Reporter - detected 1 equivalence classes of atoms ...
[main] INFO kodkod.engine.config.Reporter - optimizing bounds and formula (breaking predicate symmetries, inlining, skolemizing) ...
[main] INFO kodkod.engine.config.Reporter - translating to boolean ...
[main] INFO kodkod.engine.config.Reporter - generating lex-leader symmetry breaking predicate ...
Adding key: is.fivefivefive.ACGN.alloy.EndSymbol@0
Adding key: DummySymbol{type='predroot'}
Adding key: DummySymbol{type='sig'}
Adding key: MiddleSymbol{name='UNOPF_SOME', infiniteRoot=false, typeConfinerOp= false}
Adding key: MiddleSymbol{name='UNOPF_NO', infiniteRoot=false, typeConfinerOp= false}
Adding key: ShadowSymbol{signature=0.0}
[main] INFO kodkod.engine.config.Reporter - detecting symmetries ...
[main] INFO kodkod.engine.config.Reporter - detected 1 equivalence classes of atoms ...
[main] INFO kodkod.engine.config.Reporter - optimizing bounds and formula (breaking predicate symmetries, inlining, skolemizing) ...
[main] INFO kodkod.engine.config.Reporter - translating to boolean ...
[main] INFO kodkod.engine.config.Reporter - generating lex-leader symmetry breaking predicate ...
[main] INFO kodkod.engine.config.Reporter - detecting symmetries ...
[main] INFO kodkod.engine.config.Reporter - detected 1 equivalence classes of atoms ...
[main] INFO kodkod.engine.config.Reporter - optimizing bounds and formula (breaking predicate symmetries, inlining, skolemizing) ...
[main] INFO kodkod.engine.config.Reporter - translating to boolean ...
[main] INFO kodkod.engine.config.Reporter - generating lex-leader symmetry breaking predicate ...
[main] INFO kodkod.engine.config.Reporter - detecting symmetries ...
[main] INFO kodkod.engine.config.Reporter - detected 1 equivalence classes of atoms ...
[main] INFO kodkod.engine.config.Reporter - optimizing bounds and formula (breaking predicate symmetries, inlining, skolemizing) ...
[main] INFO kodkod.engine.config.Reporter - translating to boolean ...
[main] INFO kodkod.engine.config.Reporter - generating lex-leader symmetry breaking predicate ...
[main] INFO kodkod.engine.config.Reporter - detecting symmetries ...
[main] INFO kodkod.engine.config.Reporter - detected 1 equivalence classes of atoms ...
[main] INFO kodkod.engine.config.Reporter - optimizing bounds and formula (breaking predicate symmetries, inlining, skolemizing) ...
[main] INFO kodkod.engine.config.Reporter - translating to boolean ...
[main] INFO kodkod.engine.config.Reporter - generating lex-leader symmetry breaking predicate ...
[main] INFO kodkod.engine.config.Reporter - detecting symmetries ...
[main] INFO kodkod.engine.config.Reporter - detected 1 equivalence classes of atoms ...
[main] INFO kodkod.engine.config.Reporter - optimizing bounds and formula (breaking predicate symmetries, inlining, skolemizing) ...
[main] INFO kodkod.engine.config.Reporter - translating to boolean ...
[main] INFO kodkod.engine.config.Reporter - generating lex-leader symmetry breaking predicate ...
[main] INFO kodkod.engine.config.Reporter - detecting symmetries ...
[main] INFO kodkod.engine.config.Reporter - detected 1 equivalence classes of atoms ...
[main] INFO kodkod.engine.config.Reporter - optimizing bounds and formula (breaking predicate symmetries, inlining, skolemizing) ...
[main] INFO kodkod.engine.config.Reporter - translating to boolean ...
[main] INFO kodkod.engine.config.Reporter - generating lex-leader symmetry breaking predicate ...
[main] INFO kodkod.engine.config.Reporter - detecting symmetries ...
[main] INFO kodkod.engine.config.Reporter - detected 1 equivalence classes of atoms ...
[main] INFO kodkod.engine.config.Reporter - optimizing bounds and formula (breaking predicate symmetries, inlining, skolemizing) ...
[main] INFO kodkod.engine.config.Reporter - translating to boolean ...
[main] INFO kodkod.engine.config.Reporter - generating lex-leader symmetry breaking predicate ...
[main] INFO kodkod.engine.config.Reporter - detecting symmetries ...
[main] INFO kodkod.engine.config.Reporter - detected 1 equivalence classes of atoms ...
[main] INFO kodkod.engine.config.Reporter - optimizing bounds and formula (breaking predicate symmetries, inlining, skolemizing) ...
[main] INFO kodkod.engine.config.Reporter - translating to boolean ...
[main] INFO kodkod.engine.config.Reporter - generating lex-leader symmetry breaking predicate ...
[main] INFO kodkod.engine.config.Reporter - detecting symmetries ...
[main] INFO kodkod.engine.config.Reporter - detected 1 equivalence classes of atoms ...
[main] INFO kodkod.engine.config.Reporter - optimizing bounds and formula (breaking predicate symmetries, inlining, skolemizing) ...
[main] INFO kodkod.engine.config.Reporter - translating to boolean ...
[main] INFO kodkod.engine.config.Reporter - generating lex-leader symmetry breaking predicate ...
[main] INFO kodkod.engine.config.Reporter - detecting symmetries ...
[main] INFO kodkod.engine.config.Reporter - detected 1 equivalence classes of atoms ...
[main] INFO kodkod.engine.config.Reporter - optimizing bounds and formula (breaking predicate symmetries, inlining, skolemizing) ...
[main] INFO kodkod.engine.config.Reporter - translating to boolean ...
[main] INFO kodkod.engine.config.Reporter - generating lex-leader symmetry breaking predicate ...
[main] INFO kodkod.engine.config.Reporter - detecting symmetries ...
[main] INFO kodkod.engine.config.Reporter - detected 1 equivalence classes of atoms ...
[main] INFO kodkod.engine.config.Reporter - optimizing bounds and formula (breaking predicate symmetries, inlining, skolemizing) ...
[main] INFO kodkod.engine.config.Reporter - translating to boolean ...
[main] INFO kodkod.engine.config.Reporter - generating lex-leader symmetry breaking predicate ...
[main] INFO kodkod.engine.config.Reporter - detecting symmetries ...
[main] INFO kodkod.engine.config.Reporter - detected 1 equivalence classes of atoms ...
[main] INFO kodkod.engine.config.Reporter - optimizing bounds and formula (breaking predicate symmetries, inlining, skolemizing) ...
[main] INFO kodkod.engine.config.Reporter - translating to boolean ...
[main] INFO kodkod.engine.config.Reporter - generating lex-leader symmetry breaking predicate ...
[main] INFO kodkod.engine.config.Reporter - detecting symmetries ...
[main] INFO kodkod.engine.config.Reporter - detected 1 equivalence classes of atoms ...
[main] INFO kodkod.engine.config.Reporter - optimizing bounds and formula (breaking predicate symmetries, inlining, skolemizing) ...
[main] INFO kodkod.engine.config.Reporter - translating to boolean ...
[main] INFO kodkod.engine.config.Reporter - generating lex-leader symmetry breaking predicate ...
[main] INFO kodkod.engine.config.Reporter - detecting symmetries ...
[main] INFO kodkod.engine.config.Reporter - detected 1 equivalence classes of atoms ...
[main] INFO kodkod.engine.config.Reporter - optimizing bounds and formula (breaking predicate symmetries, inlining, skolemizing) ...
[main] INFO kodkod.engine.config.Reporter - translating to boolean ...
[main] INFO kodkod.engine.config.Reporter - generating lex-leader symmetry breaking predicate ...
[main] INFO kodkod.engine.config.Reporter - detecting symmetries ...
[main] INFO kodkod.engine.config.Reporter - detected 1 equivalence classes of atoms ...
[main] INFO kodkod.engine.config.Reporter - optimizing bounds and formula (breaking predicate symmetries, inlining, skolemizing) ...
[main] INFO kodkod.engine.config.Reporter - translating to boolean ...
[main] INFO kodkod.engine.config.Reporter - generating lex-leader symmetry breaking predicate ...
[main] INFO kodkod.engine.config.Reporter - detecting symmetries ...
[main] INFO kodkod.engine.config.Reporter - detected 1 equivalence classes of atoms ...
[main] INFO kodkod.engine.config.Reporter - optimizing bounds and formula (breaking predicate symmetries, inlining, skolemizing) ...
[main] INFO kodkod.engine.config.Reporter - translating to boolean ...
[main] INFO kodkod.engine.config.Reporter - generating lex-leader symmetry breaking predicate ...
[main] INFO kodkod.engine.config.Reporter - detecting symmetries ...
[main] INFO kodkod.engine.config.Reporter - detected 1 equivalence classes of atoms ...
[main] INFO kodkod.engine.config.Reporter - optimizing bounds and formula (breaking predicate symmetries, inlining, skolemizing) ...
[main] INFO kodkod.engine.config.Reporter - translating to boolean ...
[main] INFO kodkod.engine.config.Reporter - generating lex-leader symmetry breaking predicate ...
[main] INFO kodkod.engine.config.Reporter - detecting symmetries ...
[main] INFO kodkod.engine.config.Reporter - detected 5 equivalence classes of atoms ...
[main] INFO kodkod.engine.config.Reporter - optimizing bounds and formula (breaking predicate symmetries, inlining, skolemizing) ...
[main] INFO kodkod.engine.config.Reporter - translating to boolean ...
[main] INFO kodkod.engine.config.Reporter - generating lex-leader symmetry breaking predicate ...
[main] INFO kodkod.engine.config.Reporter - detecting symmetries ...
[main] INFO kodkod.engine.config.Reporter - detected 1 equivalence classes of atoms ...
[main] INFO kodkod.engine.config.Reporter - optimizing bounds and formula (breaking predicate symmetries, inlining, skolemizing) ...
[main] INFO kodkod.engine.config.Reporter - translating to boolean ...
[main] INFO kodkod.engine.config.Reporter - generating lex-leader symmetry breaking predicate ...
[main] INFO kodkod.engine.config.Reporter - detecting symmetries ...
[main] INFO kodkod.engine.config.Reporter - detected 5 equivalence classes of atoms ...
[main] INFO kodkod.engine.config.Reporter - optimizing bounds and formula (breaking predicate symmetries, inlining, skolemizing) ...
[main] INFO kodkod.engine.config.Reporter - translating to boolean ...
[main] INFO kodkod.engine.config.Reporter - generating lex-leader symmetry breaking predicate ...
[main] INFO kodkod.engine.config.Reporter - detecting symmetries ...
[main] INFO kodkod.engine.config.Reporter - detected 1 equivalence classes of atoms ...
[main] INFO kodkod.engine.config.Reporter - optimizing bounds and formula (breaking predicate symmetries, inlining, skolemizing) ...
[main] INFO kodkod.engine.config.Reporter - translating to boolean ...
[main] INFO kodkod.engine.config.Reporter - generating lex-leader symmetry breaking predicate ...
[main] INFO kodkod.engine.config.Reporter - detecting symmetries ...
[main] INFO kodkod.engine.config.Reporter - detected 5 equivalence classes of atoms ...
[main] INFO kodkod.engine.config.Reporter - optimizing bounds and formula (breaking predicate symmetries, inlining, skolemizing) ...
[main] INFO kodkod.engine.config.Reporter - translating to boolean ...
[main] INFO kodkod.engine.config.Reporter - generating lex-leader symmetry breaking predicate ...
[main] INFO kodkod.engine.config.Reporter - detecting symmetries ...
[main] INFO kodkod.engine.config.Reporter - detected 1 equivalence classes of atoms ...
[main] INFO kodkod.engine.config.Reporter - optimizing bounds and formula (breaking predicate symmetries, inlining, skolemizing) ...
[main] INFO kodkod.engine.config.Reporter - translating to boolean ...
[main] INFO kodkod.engine.config.Reporter - generating lex-leader symmetry breaking predicate ...
[main] INFO kodkod.engine.config.Reporter - detecting symmetries ...
[main] INFO kodkod.engine.config.Reporter - detected 5 equivalence classes of atoms ...
[main] INFO kodkod.engine.config.Reporter - optimizing bounds and formula (breaking predicate symmetries, inlining, skolemizing) ...
[main] INFO kodkod.engine.config.Reporter - translating to boolean ...
[main] INFO kodkod.engine.config.Reporter - generating lex-leader symmetry breaking predicate ...
[main] INFO kodkod.engine.config.Reporter - detecting symmetries ...
[main] INFO kodkod.engine.config.Reporter - detected 1 equivalence classes of atoms ...
[main] INFO kodkod.engine.config.Reporter - optimizing bounds and formula (breaking predicate symmetries, inlining, skolemizing) ...
[main] INFO kodkod.engine.config.Reporter - translating to boolean ...
[main] INFO kodkod.engine.config.Reporter - generating lex-leader symmetry breaking predicate ...
[main] INFO kodkod.engine.config.Reporter - detecting symmetries ...
[main] INFO kodkod.engine.config.Reporter - detected 5 equivalence classes of atoms ...
[main] INFO kodkod.engine.config.Reporter - optimizing bounds and formula (breaking predicate symmetries, inlining, skolemizing) ...
[main] INFO kodkod.engine.config.Reporter - translating to boolean ...
[main] INFO kodkod.engine.config.Reporter - generating lex-leader symmetry breaking predicate ...
[main] INFO kodkod.engine.config.Reporter - detecting symmetries ...
[main] INFO kodkod.engine.config.Reporter - detected 5 equivalence classes of atoms ...
[main] INFO kodkod.engine.config.Reporter - optimizing bounds and formula (breaking predicate symmetries, inlining, skolemizing) ...
[main] INFO kodkod.engine.config.Reporter - translating to boolean ...
[main] INFO kodkod.engine.config.Reporter - generating lex-leader symmetry breaking predicate ...
[main] INFO kodkod.engine.config.Reporter - detecting symmetries ...
[main] INFO kodkod.engine.config.Reporter - detected 5 equivalence classes of atoms ...
[main] INFO kodkod.engine.config.Reporter - optimizing bounds and formula (breaking predicate symmetries, inlining, skolemizing) ...
[main] INFO kodkod.engine.config.Reporter - translating to boolean ...
[main] INFO kodkod.engine.config.Reporter - generating lex-leader symmetry breaking predicate ...
BuiltinIdentityRegressionTest passed: positives=8 negatives=4 scopes=3 engines=Fast,certified,Raw,RawDeBruijn,JavaEgglog,JavaEgglogDeBruijn,Slotted solverCalls=252 checks=2655
Running is.fivefivefive.CanDis.theory.PolicyRepresentationRegressionTest
PolicyRepresentationRegressionTest passed: 4303 checks
Running is.fivefivefive.CanDis.theory.DependentJoinGuardRegressionTest
DependentJoinGuardRegressionTest passed: 358847 checks (6560 exhaustive cases, 1416 longer cases, 218 retained-family cases, 567 invalid-input cases)
Running is.fivefivefive.CanDis.theory.FlatRootPortRegressionTest
FlatRootPortRegressionTest passed: 3400 checks (1080 constructor matrix cases: 132 admitted, 948 rejected; 54 polymorphic instances; 24 flat node results)
Running is.fivefivefive.CanDis.theory.FlatTypeSubstitutionRegressionTest
FlatTypeSubstitutionRegressionTest passed: 6313 checks; 675 observations
Running is.fivefivefive.CanDis.theory.DependentChainSequenceRegressionTest
Adding key: is.fivefivefive.ACGN.alloy.EndSymbol@0
Adding key: DummySymbol{type='sig'}
Adding key: DummySymbol{type='field'}
Adding key: is.fivefivefive.ACGN.alloy.ConstSymbol@5cb1923
Adding key: MiddleSymbol{name='BOPEXPR_ARROW', infiniteRoot=false, typeConfinerOp= false}
Adding key: MiddleSymbol{name='BOPEXPR_JOIN', infiniteRoot=false, typeConfinerOp= false}
Adding key: DummySymbol{type='predroot'}
Adding key: MiddleSymbol{name='FIELD_DECL', infiniteRoot=false, typeConfinerOp= false}
Adding key: ShadowSymbol{signature=0.0}
Adding key: is.fivefivefive.ACGN.alloy.EndSymbol@0
Adding key: DummySymbol{type='sig'}
Adding key: is.fivefivefive.ACGN.alloy.ConstSymbol@5cb1923
Adding key: MiddleSymbol{name='BOPEXPR_ARROW', infiniteRoot=false, typeConfinerOp= false}
Adding key: MiddleSymbol{name='BOPEXPR_JOIN', infiniteRoot=false, typeConfinerOp= false}
Adding key: DummySymbol{type='predroot'}
Adding key: DummySymbol{type='field'}
Adding key: MiddleSymbol{name='FIELD_DECL', infiniteRoot=false, typeConfinerOp= false}
Adding key: ShadowSymbol{signature=0.0}
Adding key: is.fivefivefive.ACGN.alloy.EndSymbol@0
Adding key: DummySymbol{type='sig'}
Adding key: is.fivefivefive.ACGN.alloy.ConstSymbol@5cb1923
Adding key: MiddleSymbol{name='BOPEXPR_ARROW', infiniteRoot=false, typeConfinerOp= false}
Adding key: DummySymbol{type='field'}
Adding key: MiddleSymbol{name='BOPEXPR_JOIN', infiniteRoot=false, typeConfinerOp= false}
Adding key: DummySymbol{type='predroot'}
Adding key: MiddleSymbol{name='FIELD_DECL', infiniteRoot=false, typeConfinerOp= false}
Adding key: ShadowSymbol{signature=0.0}
Adding key: is.fivefivefive.ACGN.alloy.EndSymbol@0
Adding key: DummySymbol{type='field'}
Adding key: DummySymbol{type='sig'}
Adding key: is.fivefivefive.ACGN.alloy.ConstSymbol@5cb1923
Adding key: MiddleSymbol{name='BOPEXPR_ARROW', infiniteRoot=false, typeConfinerOp= false}
Adding key: MiddleSymbol{name='BOPEXPR_JOIN', infiniteRoot=false, typeConfinerOp= false}
Adding key: DummySymbol{type='predroot'}
Adding key: MiddleSymbol{name='FIELD_DECL', infiniteRoot=false, typeConfinerOp= false}
Adding key: ShadowSymbol{signature=0.0}
DependentChainSequenceRegressionTest passed: typed=1872 pipeline=12 certificate=12 barrier=4 rejectedBundles=24 checks=55204
Running is.fivefivefive.CanDis.CanonicalAlloyPipelineTest
Adding key: is.fivefivefive.ACGN.alloy.AssertSymbol@7fffffff
Adding key: is.fivefivefive.ACGN.alloy.AssertSymbol@7fffffff
Adding key: is.fivefivefive.ACGN.alloy.EndSymbol@0
Adding key: is.fivefivefive.ACGN.alloy.AssertSymbol@7fffffff
Adding key: is.fivefivefive.ACGN.alloy.AssertSymbol@7fffffff
Adding key: is.fivefivefive.ACGN.alloy.AssertSymbol@7fffffff
Adding key: is.fivefivefive.ACGN.alloy.AssertSymbol@7fffffff
Adding key: is.fivefivefive.ACGN.alloy.AssertSymbol@7fffffff
Adding key: is.fivefivefive.ACGN.alloy.AssertSymbol@7fffffff
Adding key: is.fivefivefive.ACGN.alloy.AssertSymbol@7fffffff
Adding key: is.fivefivefive.ACGN.alloy.AssertSymbol@7fffffff
Adding key: is.fivefivefive.ACGN.alloy.AssertSymbol@7fffffff
Adding key: is.fivefivefive.ACGN.alloy.AssertSymbol@7fffffff
Adding key: is.fivefivefive.ACGN.alloy.AssertSymbol@7fffffff
Adding key: is.fivefivefive.ACGN.alloy.AssertSymbol@7fffffff
Adding key: is.fivefivefive.ACGN.alloy.AssertSymbol@7fffffff
Adding key: DummySymbol{type='predroot'}
Adding key: CallSymbol{FORMULA certified_lattices/boolAbsorbOrExpected/2@0}
Adding key: DummySymbol{type='local_var'}
Adding key: DummySymbol{type='sig'}
Adding key: CallSymbol{FORMULA certified_lattices/boolAbsorbOr/2@0}
Adding key: CallSymbol{FORMULA certified_lattices/boolAbsorbOrContextExpected/4@0}
Adding key: CallSymbol{FORMULA certified_lattices/boolAbsorbOrContext/4@0}
Adding key: CallSymbol{FORMULA certified_lattices/boolDistributeAnd/3@0}
Adding key: MiddleSymbol{name='BOP_IFF', infiniteRoot=false, typeConfinerOp= false}
Adding key: MiddleSymbol{name='LIST_FORMULA_2', infiniteRoot=true, typeConfinerOp= false}
Adding key: MiddleSymbol{name='LIST_FORMULA_1', infiniteRoot=true, typeConfinerOp= false}
Adding key: MiddleSymbol{name='BOP_EQ', infiniteRoot=false, typeConfinerOp= false}
Adding key: MiddleSymbol{name='BOPEXPR_INTERSECT', infiniteRoot=false, typeConfinerOp= false}
Adding key: ShadowSymbol{signature=0.0}
Adding key: MiddleSymbol{name='BOPEXPR_ARROW', infiniteRoot=false, typeConfinerOp= false}
Adding key: MiddleSymbol{name='BOP_NEQ', infiniteRoot=false, typeConfinerOp= false}
Adding key: CallSymbol{FORMULA certified_lattices/boolDistributeOr/3@0}
Adding key: CallSymbol{FORMULA certified_lattices/boolAbsorbAndExpected/2@0}
Adding key: MiddleSymbol{name='QT_FORMULA_ALL1', infiniteRoot=true, typeConfinerOp= false}
Adding key: CallSymbol{FORMULA certified_lattices/boolAbsorbAnd/2@0}
Adding key: DeclRootSymbol{semantic=0}
Adding key: MiddleSymbol{name='QT_FORMULA_SOME2', infiniteRoot=true, typeConfinerOp= false}
Adding key: CallSymbol{FORMULA certified_lattices/boolAbsorbAndContext/4@0}
Adding key: CallSymbol{FORMULA certified_lattices/boolAbsorbAndContextExpected/4@0}
Adding key: MiddleSymbol{name='UNOPF_SOME', infiniteRoot=false, typeConfinerOp= false}
Adding key: MiddleSymbol{name='BOPEXPR_PLUS', infiniteRoot=false, typeConfinerOp= false}
Adding key: CallSymbol{FORMULA certified_lattices/boolDistributeAndExpected/3@0}
Adding key: CallSymbol{FORMULA certified_lattices/boolDistributeOrExpected/3@0}
Adding key: MiddleSymbol{name='UNOPE_SET', infiniteRoot=false, typeConfinerOp= false}
SLF4J: Class path contains multiple SLF4J bindings.
SLF4J: Found binding in [jar:file:/home/augustus/ACGN/lib/AlloyASG-Release.jar!/org/slf4j/impl/StaticLoggerBinder.class]
SLF4J: Found binding in [jar:file:/home/augustus/ACGN/lib/slf4j-simple-1.7.36.jar!/org/slf4j/impl/StaticLoggerBinder.class]
SLF4J: See http://www.slf4j.org/codes.html#multiple_bindings for an explanation.
SLF4J: Actual binding is of type [org.slf4j.impl.SimpleLoggerFactory]
[main] INFO kodkod.engine.config.Reporter - detecting symmetries ...
[main] INFO kodkod.engine.config.Reporter - detected 17 equivalence classes of atoms ...
[main] INFO kodkod.engine.config.Reporter - optimizing bounds and formula (breaking predicate symmetries, inlining, skolemizing) ...
[main] INFO kodkod.engine.config.Reporter - translating to boolean ...
[main] INFO kodkod.engine.config.Reporter - generating lex-leader symmetry breaking predicate ...
[main] INFO kodkod.engine.config.Reporter - detecting symmetries ...
[main] INFO kodkod.engine.config.Reporter - detected 17 equivalence classes of atoms ...
[main] INFO kodkod.engine.config.Reporter - optimizing bounds and formula (breaking predicate symmetries, inlining, skolemizing) ...
[main] INFO kodkod.engine.config.Reporter - translating to boolean ...
[main] INFO kodkod.engine.config.Reporter - generating lex-leader symmetry breaking predicate ...
[main] INFO kodkod.engine.config.Reporter - detecting symmetries ...
[main] INFO kodkod.engine.config.Reporter - detected 17 equivalence classes of atoms ...
[main] INFO kodkod.engine.config.Reporter - optimizing bounds and formula (breaking predicate symmetries, inlining, skolemizing) ...
[main] INFO kodkod.engine.config.Reporter - translating to boolean ...
[main] INFO kodkod.engine.config.Reporter - generating lex-leader symmetry breaking predicate ...
[main] INFO kodkod.engine.config.Reporter - translating to cnf ...
[main] INFO kodkod.engine.config.Reporter - detecting symmetries ...
[main] INFO kodkod.engine.config.Reporter - detected 17 equivalence classes of atoms ...
[main] INFO kodkod.engine.config.Reporter - optimizing bounds and formula (breaking predicate symmetries, inlining, skolemizing) ...
[main] INFO kodkod.engine.config.Reporter - translating to boolean ...
[main] INFO kodkod.engine.config.Reporter - generating lex-leader symmetry breaking predicate ...
[main] INFO kodkod.engine.config.Reporter - translating to cnf ...
[main] INFO kodkod.engine.config.Reporter - detecting symmetries ...
[main] INFO kodkod.engine.config.Reporter - detected 17 equivalence classes of atoms ...
[main] INFO kodkod.engine.config.Reporter - optimizing bounds and formula (breaking predicate symmetries, inlining, skolemizing) ...
[main] INFO kodkod.engine.config.Reporter - translating to boolean ...
[main] INFO kodkod.engine.config.Reporter - generating lex-leader symmetry breaking predicate ...
[main] INFO kodkod.engine.config.Reporter - translating to cnf ...
[main] INFO kodkod.engine.config.Reporter - detecting symmetries ...
[main] INFO kodkod.engine.config.Reporter - detected 17 equivalence classes of atoms ...
[main] INFO kodkod.engine.config.Reporter - optimizing bounds and formula (breaking predicate symmetries, inlining, skolemizing) ...
[main] INFO kodkod.engine.config.Reporter - translating to boolean ...
[main] INFO kodkod.engine.config.Reporter - generating lex-leader symmetry breaking predicate ...
[main] INFO kodkod.engine.config.Reporter - translating to cnf ...
[main] INFO kodkod.engine.config.Reporter - detecting symmetries ...
[main] INFO kodkod.engine.config.Reporter - detected 17 equivalence classes of atoms ...
[main] INFO kodkod.engine.config.Reporter - optimizing bounds and formula (breaking predicate symmetries, inlining, skolemizing) ...
[main] INFO kodkod.engine.config.Reporter - translating to boolean ...
[main] INFO kodkod.engine.config.Reporter - generating lex-leader symmetry breaking predicate ...
[main] INFO kodkod.engine.config.Reporter - detecting symmetries ...
[main] INFO kodkod.engine.config.Reporter - detected 17 equivalence classes of atoms ...
[main] INFO kodkod.engine.config.Reporter - optimizing bounds and formula (breaking predicate symmetries, inlining, skolemizing) ...
[main] INFO kodkod.engine.config.Reporter - translating to boolean ...
[main] INFO kodkod.engine.config.Reporter - generating lex-leader symmetry breaking predicate ...
[main] INFO kodkod.engine.config.Reporter - detecting symmetries ...
[main] INFO kodkod.engine.config.Reporter - detected 17 equivalence classes of atoms ...
[main] INFO kodkod.engine.config.Reporter - optimizing bounds and formula (breaking predicate symmetries, inlining, skolemizing) ...
[main] INFO kodkod.engine.config.Reporter - translating to boolean ...
[main] INFO kodkod.engine.config.Reporter - generating lex-leader symmetry breaking predicate ...
[main] INFO kodkod.engine.config.Reporter - detecting symmetries ...
[main] INFO kodkod.engine.config.Reporter - detected 17 equivalence classes of atoms ...
[main] INFO kodkod.engine.config.Reporter - optimizing bounds and formula (breaking predicate symmetries, inlining, skolemizing) ...
[main] INFO kodkod.engine.config.Reporter - translating to boolean ...
[main] INFO kodkod.engine.config.Reporter - generating lex-leader symmetry breaking predicate ...
[main] INFO kodkod.engine.config.Reporter - detecting symmetries ...
[main] INFO kodkod.engine.config.Reporter - detected 17 equivalence classes of atoms ...
[main] INFO kodkod.engine.config.Reporter - optimizing bounds and formula (breaking predicate symmetries, inlining, skolemizing) ...
[main] INFO kodkod.engine.config.Reporter - translating to boolean ...
[main] INFO kodkod.engine.config.Reporter - generating lex-leader symmetry breaking predicate ...
[main] INFO kodkod.engine.config.Reporter - translating to cnf ...
[main] INFO kodkod.engine.config.Reporter - detecting symmetries ...
[main] INFO kodkod.engine.config.Reporter - detected 17 equivalence classes of atoms ...
[main] INFO kodkod.engine.config.Reporter - optimizing bounds and formula (breaking predicate symmetries, inlining, skolemizing) ...
[main] INFO kodkod.engine.config.Reporter - translating to boolean ...
[main] INFO kodkod.engine.config.Reporter - generating lex-leader symmetry breaking predicate ...
[main] INFO kodkod.engine.config.Reporter - translating to cnf ...
[main] INFO kodkod.engine.config.Reporter - detecting symmetries ...
[main] INFO kodkod.engine.config.Reporter - detected 17 equivalence classes of atoms ...
[main] INFO kodkod.engine.config.Reporter - optimizing bounds and formula (breaking predicate symmetries, inlining, skolemizing) ...
[main] INFO kodkod.engine.config.Reporter - translating to boolean ...
[main] INFO kodkod.engine.config.Reporter - generating lex-leader symmetry breaking predicate ...
[main] INFO kodkod.engine.config.Reporter - translating to cnf ...
[main] INFO kodkod.engine.config.Reporter - detecting symmetries ...
[main] INFO kodkod.engine.config.Reporter - detected 17 equivalence classes of atoms ...
[main] INFO kodkod.engine.config.Reporter - optimizing bounds and formula (breaking predicate symmetries, inlining, skolemizing) ...
[main] INFO kodkod.engine.config.Reporter - translating to boolean ...
[main] INFO kodkod.engine.config.Reporter - generating lex-leader symmetry breaking predicate ...
[main] INFO kodkod.engine.config.Reporter - translating to cnf ...
[main] INFO kodkod.engine.config.Reporter - detecting symmetries ...
[main] INFO kodkod.engine.config.Reporter - detected 17 equivalence classes of atoms ...
[main] INFO kodkod.engine.config.Reporter - optimizing bounds and formula (breaking predicate symmetries, inlining, skolemizing) ...
[main] INFO kodkod.engine.config.Reporter - translating to boolean ...
[main] INFO kodkod.engine.config.Reporter - generating lex-leader symmetry breaking predicate ...
[main] INFO kodkod.engine.config.Reporter - translating to cnf ...
[main] INFO kodkod.engine.config.Reporter - detecting symmetries ...
[main] INFO kodkod.engine.config.Reporter - detected 17 equivalence classes of atoms ...
[main] INFO kodkod.engine.config.Reporter - optimizing bounds and formula (breaking predicate symmetries, inlining, skolemizing) ...
[main] INFO kodkod.engine.config.Reporter - translating to boolean ...
[main] INFO kodkod.engine.config.Reporter - generating lex-leader symmetry breaking predicate ...
[main] INFO kodkod.engine.config.Reporter - translating to cnf ...
Adding key: is.fivefivefive.ACGN.alloy.EndSymbol@0
Adding key: is.fivefivefive.ACGN.alloy.AssertSymbol@7fffffff
Adding key: is.fivefivefive.ACGN.alloy.AssertSymbol@7fffffff
Adding key: is.fivefivefive.ACGN.alloy.AssertSymbol@7fffffff
Adding key: is.fivefivefive.ACGN.alloy.AssertSymbol@7fffffff
Adding key: is.fivefivefive.ACGN.alloy.AssertSymbol@7fffffff
Adding key: MiddleSymbol{name='BOPEXPR_PLUS', infiniteRoot=false, typeConfinerOp= false}
Adding key: DummySymbol{type='predroot'}
Adding key: DummySymbol{type='sig'}
Adding key: MiddleSymbol{name='BOPEXPR_JOIN', infiniteRoot=false, typeConfinerOp= false}
Adding key: MiddleSymbol{name='LIST_FORMULA_1', infiniteRoot=true, typeConfinerOp= false}
Adding key: MiddleSymbol{name='FIELD_DECL', infiniteRoot=false, typeConfinerOp= false}
Adding key: MiddleSymbol{name='UNOPF_SOME', infiniteRoot=false, typeConfinerOp= false}
Adding key: DummySymbol{type='field'}
Adding key: ShadowSymbol{signature=0.0}
Adding key: MiddleSymbol{name='BOP_EQ', infiniteRoot=false, typeConfinerOp= false}
Adding key: MiddleSymbol{name='BOPEXPR_ARROW', infiniteRoot=false, typeConfinerOp= false}
Adding key: MiddleSymbol{name='BOPEXPR_INTERSECT', infiniteRoot=false, typeConfinerOp= false}
Adding key: MiddleSymbol{name='UNOPF_NO', infiniteRoot=false, typeConfinerOp= false}
[main] INFO kodkod.engine.config.Reporter - detecting symmetries ...
[main] INFO kodkod.engine.config.Reporter - detected 18 equivalence classes of atoms ...
[main] INFO kodkod.engine.config.Reporter - optimizing bounds and formula (breaking predicate symmetries, inlining, skolemizing) ...
[main] INFO kodkod.engine.config.Reporter - translating to boolean ...
[main] INFO kodkod.engine.config.Reporter - generating lex-leader symmetry breaking predicate ...
[main] INFO kodkod.engine.config.Reporter - detecting symmetries ...
[main] INFO kodkod.engine.config.Reporter - detected 18 equivalence classes of atoms ...
[main] INFO kodkod.engine.config.Reporter - optimizing bounds and formula (breaking predicate symmetries, inlining, skolemizing) ...
[main] INFO kodkod.engine.config.Reporter - translating to boolean ...
[main] INFO kodkod.engine.config.Reporter - generating lex-leader symmetry breaking predicate ...
[main] INFO kodkod.engine.config.Reporter - detecting symmetries ...
[main] INFO kodkod.engine.config.Reporter - detected 18 equivalence classes of atoms ...
[main] INFO kodkod.engine.config.Reporter - optimizing bounds and formula (breaking predicate symmetries, inlining, skolemizing) ...
[main] INFO kodkod.engine.config.Reporter - translating to boolean ...
[main] INFO kodkod.engine.config.Reporter - generating lex-leader symmetry breaking predicate ...
[main] INFO kodkod.engine.config.Reporter - translating to cnf ...
[main] INFO kodkod.engine.config.Reporter - detecting symmetries ...
[main] INFO kodkod.engine.config.Reporter - detected 18 equivalence classes of atoms ...
[main] INFO kodkod.engine.config.Reporter - optimizing bounds and formula (breaking predicate symmetries, inlining, skolemizing) ...
[main] INFO kodkod.engine.config.Reporter - translating to boolean ...
[main] INFO kodkod.engine.config.Reporter - generating lex-leader symmetry breaking predicate ...
[main] INFO kodkod.engine.config.Reporter - translating to cnf ...
[main] INFO kodkod.engine.config.Reporter - detecting symmetries ...
[main] INFO kodkod.engine.config.Reporter - detected 18 equivalence classes of atoms ...
[main] INFO kodkod.engine.config.Reporter - optimizing bounds and formula (breaking predicate symmetries, inlining, skolemizing) ...
[main] INFO kodkod.engine.config.Reporter - translating to boolean ...
[main] INFO kodkod.engine.config.Reporter - generating lex-leader symmetry breaking predicate ...
[main] INFO kodkod.engine.config.Reporter - translating to cnf ...
[main] INFO kodkod.engine.config.Reporter - detecting symmetries ...
[main] INFO kodkod.engine.config.Reporter - detected 18 equivalence classes of atoms ...
[main] INFO kodkod.engine.config.Reporter - optimizing bounds and formula (breaking predicate symmetries, inlining, skolemizing) ...
[main] INFO kodkod.engine.config.Reporter - translating to boolean ...
[main] INFO kodkod.engine.config.Reporter - generating lex-leader symmetry breaking predicate ...
[main] INFO kodkod.engine.config.Reporter - translating to cnf ...
[main] INFO kodkod.engine.config.Reporter - detecting symmetries ...
[main] INFO kodkod.engine.config.Reporter - detected 18 equivalence classes of atoms ...
[main] INFO kodkod.engine.config.Reporter - optimizing bounds and formula (breaking predicate symmetries, inlining, skolemizing) ...
[main] INFO kodkod.engine.config.Reporter - translating to boolean ...
[main] INFO kodkod.engine.config.Reporter - generating lex-leader symmetry breaking predicate ...
[main] INFO kodkod.engine.config.Reporter - translating to cnf ...
[main] INFO kodkod.engine.config.Reporter - detecting symmetries ...
[main] INFO kodkod.engine.config.Reporter - detected 18 equivalence classes of atoms ...
[main] INFO kodkod.engine.config.Reporter - optimizing bounds and formula (breaking predicate symmetries, inlining, skolemizing) ...
[main] INFO kodkod.engine.config.Reporter - translating to boolean ...
[main] INFO kodkod.engine.config.Reporter - generating lex-leader symmetry breaking predicate ...
[main] INFO kodkod.engine.config.Reporter - translating to cnf ...
[main] INFO kodkod.engine.config.Reporter - detecting symmetries ...
[main] INFO kodkod.engine.config.Reporter - detected 18 equivalence classes of atoms ...
[main] INFO kodkod.engine.config.Reporter - optimizing bounds and formula (breaking predicate symmetries, inlining, skolemizing) ...
[main] INFO kodkod.engine.config.Reporter - translating to boolean ...
[main] INFO kodkod.engine.config.Reporter - generating lex-leader symmetry breaking predicate ...
[main] INFO kodkod.engine.config.Reporter - translating to cnf ...
Adding key: is.fivefivefive.ACGN.alloy.AssertSymbol@7fffffff
Adding key: is.fivefivefive.ACGN.alloy.EndSymbol@0
Adding key: is.fivefivefive.ACGN.alloy.AssertSymbol@7fffffff
Adding key: is.fivefivefive.ACGN.alloy.AssertSymbol@7fffffff
Adding key: is.fivefivefive.ACGN.alloy.AssertSymbol@7fffffff
Adding key: is.fivefivefive.ACGN.alloy.AssertSymbol@7fffffff
Adding key: is.fivefivefive.ACGN.alloy.AssertSymbol@7fffffff
Adding key: is.fivefivefive.ACGN.alloy.AssertSymbol@7fffffff
Adding key: is.fivefivefive.ACGN.alloy.AssertSymbol@7fffffff
Adding key: is.fivefivefive.ACGN.alloy.AssertSymbol@7fffffff
Adding key: is.fivefivefive.ACGN.alloy.AssertSymbol@7fffffff
Adding key: is.fivefivefive.ACGN.alloy.AssertSymbol@7fffffff
Adding key: is.fivefivefive.ACGN.alloy.AssertSymbol@7fffffff
Adding key: is.fivefivefive.ACGN.alloy.AssertSymbol@7fffffff
Adding key: is.fivefivefive.ACGN.alloy.AssertSymbol@7fffffff
Adding key: is.fivefivefive.ACGN.alloy.AssertSymbol@7fffffff
Adding key: is.fivefivefive.ACGN.alloy.AssertSymbol@7fffffff
Adding key: is.fivefivefive.ACGN.alloy.AssertSymbol@7fffffff
Adding key: is.fivefivefive.ACGN.alloy.AssertSymbol@7fffffff
Adding key: is.fivefivefive.ACGN.alloy.AssertSymbol@7fffffff
Adding key: is.fivefivefive.ACGN.alloy.AssertSymbol@7fffffff
Adding key: is.fivefivefive.ACGN.alloy.AssertSymbol@7fffffff
Adding key: is.fivefivefive.ACGN.alloy.AssertSymbol@7fffffff
Adding key: is.fivefivefive.ACGN.alloy.AssertSymbol@7fffffff
Adding key: is.fivefivefive.ACGN.alloy.AssertSymbol@7fffffff
Adding key: is.fivefivefive.ACGN.alloy.AssertSymbol@7fffffff
Adding key: is.fivefivefive.ACGN.alloy.AssertSymbol@7fffffff
Adding key: is.fivefivefive.ACGN.alloy.AssertSymbol@7fffffff
Adding key: is.fivefivefive.ACGN.alloy.AssertSymbol@7fffffff
Adding key: is.fivefivefive.ACGN.alloy.AssertSymbol@7fffffff
Adding key: is.fivefivefive.ACGN.alloy.AssertSymbol@7fffffff
Adding key: is.fivefivefive.ACGN.alloy.AssertSymbol@7fffffff
Adding key: is.fivefivefive.ACGN.alloy.AssertSymbol@7fffffff
Adding key: is.fivefivefive.ACGN.alloy.AssertSymbol@7fffffff
Adding key: is.fivefivefive.ACGN.alloy.AssertSymbol@7fffffff
Adding key: is.fivefivefive.ACGN.alloy.AssertSymbol@7fffffff
Adding key: is.fivefivefive.ACGN.alloy.AssertSymbol@7fffffff
Adding key: is.fivefivefive.ACGN.alloy.AssertSymbol@7fffffff
Adding key: is.fivefivefive.ACGN.alloy.AssertSymbol@7fffffff
Adding key: is.fivefivefive.ACGN.alloy.AssertSymbol@7fffffff
Adding key: is.fivefivefive.ACGN.alloy.AssertSymbol@7fffffff
Adding key: is.fivefivefive.ACGN.alloy.AssertSymbol@7fffffff
Adding key: is.fivefivefive.ACGN.alloy.AssertSymbol@7fffffff
Adding key: is.fivefivefive.ACGN.alloy.AssertSymbol@7fffffff
Adding key: is.fivefivefive.ACGN.alloy.AssertSymbol@7fffffff
Adding key: is.fivefivefive.ACGN.alloy.AssertSymbol@7fffffff
Adding key: is.fivefivefive.ACGN.alloy.AssertSymbol@7fffffff
Adding key: is.fivefivefive.ACGN.alloy.AssertSymbol@7fffffff
Adding key: is.fivefivefive.ACGN.alloy.AssertSymbol@7fffffff
Adding key: is.fivefivefive.ACGN.alloy.AssertSymbol@7fffffff
Adding key: is.fivefivefive.ACGN.alloy.AssertSymbol@7fffffff
Adding key: is.fivefivefive.ACGN.alloy.AssertSymbol@7fffffff
Adding key: is.fivefivefive.ACGN.alloy.AssertSymbol@7fffffff
Adding key: is.fivefivefive.ACGN.alloy.AssertSymbol@7fffffff
Adding key: is.fivefivefive.ACGN.alloy.AssertSymbol@7fffffff
Adding key: is.fivefivefive.ACGN.alloy.AssertSymbol@7fffffff
Adding key: is.fivefivefive.ACGN.alloy.AssertSymbol@7fffffff
Adding key: is.fivefivefive.ACGN.alloy.AssertSymbol@7fffffff
Adding key: is.fivefivefive.ACGN.alloy.AssertSymbol@7fffffff
Adding key: is.fivefivefive.ACGN.alloy.AssertSymbol@7fffffff
Adding key: is.fivefivefive.ACGN.alloy.AssertSymbol@7fffffff
Adding key: is.fivefivefive.ACGN.alloy.AssertSymbol@7fffffff
Adding key: is.fivefivefive.ACGN.alloy.AssertSymbol@7fffffff
Adding key: is.fivefivefive.ACGN.alloy.AssertSymbol@7fffffff
Adding key: is.fivefivefive.ACGN.alloy.AssertSymbol@7fffffff
Adding key: is.fivefivefive.ACGN.alloy.AssertSymbol@7fffffff
Adding key: is.fivefivefive.ACGN.alloy.AssertSymbol@7fffffff
Adding key: is.fivefivefive.ACGN.alloy.AssertSymbol@7fffffff
Adding key: is.fivefivefive.ACGN.alloy.AssertSymbol@7fffffff
Adding key: is.fivefivefive.ACGN.alloy.AssertSymbol@7fffffff
Adding key: is.fivefivefive.ACGN.alloy.AssertSymbol@7fffffff
Adding key: is.fivefivefive.ACGN.alloy.AssertSymbol@7fffffff
Adding key: is.fivefivefive.ACGN.alloy.AssertSymbol@7fffffff
Adding key: is.fivefivefive.ACGN.alloy.AssertSymbol@7fffffff
Adding key: is.fivefivefive.ACGN.alloy.AssertSymbol@7fffffff
Adding key: is.fivefivefive.ACGN.alloy.AssertSymbol@7fffffff
Adding key: is.fivefivefive.ACGN.alloy.AssertSymbol@7fffffff
Adding key: is.fivefivefive.ACGN.alloy.AssertSymbol@7fffffff
Adding key: is.fivefivefive.ACGN.alloy.AssertSymbol@7fffffff
Adding key: is.fivefivefive.ACGN.alloy.AssertSymbol@7fffffff
Adding key: is.fivefivefive.ACGN.alloy.AssertSymbol@7fffffff
Adding key: is.fivefivefive.ACGN.alloy.AssertSymbol@7fffffff
Adding key: is.fivefivefive.ACGN.alloy.AssertSymbol@7fffffff
Adding key: is.fivefivefive.ACGN.alloy.AssertSymbol@7fffffff
Adding key: is.fivefivefive.ACGN.alloy.AssertSymbol@7fffffff
Adding key: is.fivefivefive.ACGN.alloy.AssertSymbol@7fffffff
Adding key: is.fivefivefive.ACGN.alloy.AssertSymbol@7fffffff
Adding key: is.fivefivefive.ACGN.alloy.AssertSymbol@7fffffff
Adding key: is.fivefivefive.ACGN.alloy.AssertSymbol@7fffffff
Adding key: is.fivefivefive.ACGN.alloy.AssertSymbol@7fffffff
Adding key: is.fivefivefive.ACGN.alloy.AssertSymbol@7fffffff
Adding key: is.fivefivefive.ACGN.alloy.AssertSymbol@7fffffff
Adding key: is.fivefivefive.ACGN.alloy.AssertSymbol@7fffffff
Adding key: is.fivefivefive.ACGN.alloy.AssertSymbol@7fffffff
Adding key: is.fivefivefive.ACGN.alloy.AssertSymbol@7fffffff
Adding key: is.fivefivefive.ACGN.alloy.AssertSymbol@7fffffff
Adding key: is.fivefivefive.ACGN.alloy.AssertSymbol@7fffffff
Adding key: is.fivefivefive.ACGN.alloy.AssertSymbol@7fffffff
Adding key: is.fivefivefive.ACGN.alloy.AssertSymbol@7fffffff
Adding key: is.fivefivefive.ACGN.alloy.AssertSymbol@7fffffff
Adding key: is.fivefivefive.ACGN.alloy.AssertSymbol@7fffffff
Adding key: is.fivefivefive.ACGN.alloy.AssertSymbol@7fffffff
Adding key: is.fivefivefive.ACGN.alloy.AssertSymbol@7fffffff
Adding key: is.fivefivefive.ACGN.alloy.AssertSymbol@7fffffff
Adding key: is.fivefivefive.ACGN.alloy.AssertSymbol@7fffffff
Adding key: is.fivefivefive.ACGN.alloy.AssertSymbol@7fffffff
Adding key: is.fivefivefive.ACGN.alloy.AssertSymbol@7fffffff
Adding key: is.fivefivefive.ACGN.alloy.AssertSymbol@7fffffff
Adding key: is.fivefivefive.ACGN.alloy.AssertSymbol@7fffffff
Adding key: is.fivefivefive.ACGN.alloy.AssertSymbol@7fffffff
Adding key: is.fivefivefive.ACGN.alloy.AssertSymbol@7fffffff
Adding key: is.fivefivefive.ACGN.alloy.AssertSymbol@7fffffff
Adding key: is.fivefivefive.ACGN.alloy.AssertSymbol@7fffffff
Adding key: is.fivefivefive.ACGN.alloy.AssertSymbol@7fffffff
Adding key: is.fivefivefive.ACGN.alloy.AssertSymbol@7fffffff
Adding key: is.fivefivefive.ACGN.alloy.AssertSymbol@7fffffff
Adding key: is.fivefivefive.ACGN.alloy.AssertSymbol@7fffffff
Adding key: is.fivefivefive.ACGN.alloy.AssertSymbol@7fffffff
Adding key: DummySymbol{type='local_var'}
Adding key: DummySymbol{type='predroot'}
Adding key: is.fivefivefive.ACGN.alloy.ConstSymbol@31
Adding key: is.fivefivefive.ACGN.alloy.ConstSymbol@32
Adding key: MiddleSymbol{name='QT_FORMULA_NO3', infiniteRoot=true, typeConfinerOp= false}
Adding key: MiddleSymbol{name='BOPEXPR_DOMAIN', infiniteRoot=false, typeConfinerOp= false}
Adding key: MiddleSymbol{name='UNOPE_TRANSPOSE', infiniteRoot=false, typeConfinerOp= false}
Adding key: MiddleSymbol{name='QT_FORMULA_SOME2', infiniteRoot=true, typeConfinerOp= false}
Adding key: MiddleSymbol{name='UNOPE_ONE', infiniteRoot=false, typeConfinerOp= false}
Adding key: MiddleSymbol{name='UNOPF_NO', infiniteRoot=false, typeConfinerOp= false}
Adding key: MiddleSymbol{name='UNOPE_RCLOSURE', infiniteRoot=false, typeConfinerOp= false}
Adding key: MiddleSymbol{name='BOP_IFF', infiniteRoot=false, typeConfinerOp= false}
Adding key: MiddleSymbol{name='LIST_FORMULA_2', infiniteRoot=true, typeConfinerOp= false}
Adding key: MiddleSymbol{name='LIST_FORMULA_1', infiniteRoot=true, typeConfinerOp= false}
Adding key: MiddleSymbol{name='BOPEXPR_ARROW', infiniteRoot=false, typeConfinerOp= false}
Adding key: DummySymbol{type='sig'}
Adding key: MiddleSymbol{name='UNOPF_SOME', infiniteRoot=false, typeConfinerOp= false}
Adding key: MiddleSymbol{name='BOP_EQ', infiniteRoot=false, typeConfinerOp= false}
Adding key: MiddleSymbol{name='BOP_NEQ', infiniteRoot=false, typeConfinerOp= false}
Adding key: MiddleSymbol{name='BOP_IN', infiniteRoot=false, typeConfinerOp= false}
Adding key: MiddleSymbol{name='QT_FORMULA_ALL1', infiniteRoot=true, typeConfinerOp= false}
Adding key: MiddleSymbol{name='UNOPE_CARDINALITY', infiniteRoot=false, typeConfinerOp= false}
Adding key: MiddleSymbol{name='UNOPE_CLOSURE', infiniteRoot=false, typeConfinerOp= false}
Adding key: MiddleSymbol{name='BOPEXPR_INTERSECT', infiniteRoot=false, typeConfinerOp= false}
Adding key: DeclRootSymbol{semantic=0}
Adding key: DeclRootSymbol{semantic=1}
Adding key: MiddleSymbol{name='BOP_NOT_IN', infiniteRoot=false, typeConfinerOp= false}
Adding key: MiddleSymbol{name='BOPEXPR_JOIN', infiniteRoot=false, typeConfinerOp= false}
Adding key: MiddleSymbol{name='UNOPF_NOT', infiniteRoot=false, typeConfinerOp= false}
Adding key: MiddleSymbol{name='QT_FORMULA_ONE5', infiniteRoot=true, typeConfinerOp= false}
Adding key: MiddleSymbol{name='UNOPE_LONE', infiniteRoot=false, typeConfinerOp= false}
Adding key: MiddleSymbol{name='UNOPE_SOME', infiniteRoot=false, typeConfinerOp= false}
Adding key: MiddleSymbol{name='BOPEXPR_RANGE', infiniteRoot=false, typeConfinerOp= false}
Adding key: MiddleSymbol{name='BOPEXPR_PLUS', infiniteRoot=false, typeConfinerOp= false}
Adding key: ShadowSymbol{signature=0.0}
Adding key: MiddleSymbol{name='BOPEXPR_MINUS', infiniteRoot=false, typeConfinerOp= false}
Adding key: is.fivefivefive.ACGN.alloy.ConstSymbol@313f04
Adding key: MiddleSymbol{name='UNOPE_SET', infiniteRoot=false, typeConfinerOp= false}
[main] INFO kodkod.engine.config.Reporter - detecting symmetries ...
[main] INFO kodkod.engine.config.Reporter - detected 17 equivalence classes of atoms ...
[main] INFO kodkod.engine.config.Reporter - optimizing bounds and formula (breaking predicate symmetries, inlining, skolemizing) ...
[main] INFO kodkod.engine.config.Reporter - translating to boolean ...
[main] INFO kodkod.engine.config.Reporter - generating lex-leader symmetry breaking predicate ...
[main] INFO kodkod.engine.config.Reporter - translating to cnf ...
[main] INFO kodkod.engine.config.Reporter - detecting symmetries ...
[main] INFO kodkod.engine.config.Reporter - detected 17 equivalence classes of atoms ...
[main] INFO kodkod.engine.config.Reporter - optimizing bounds and formula (breaking predicate symmetries, inlining, skolemizing) ...
[main] INFO kodkod.engine.config.Reporter - translating to boolean ...
[main] INFO kodkod.engine.config.Reporter - generating lex-leader symmetry breaking predicate ...
[main] INFO kodkod.engine.config.Reporter - translating to cnf ...
[main] INFO kodkod.engine.config.Reporter - detecting symmetries ...
[main] INFO kodkod.engine.config.Reporter - detected 17 equivalence classes of atoms ...
[main] INFO kodkod.engine.config.Reporter - optimizing bounds and formula (breaking predicate symmetries, inlining, skolemizing) ...
[main] INFO kodkod.engine.config.Reporter - translating to boolean ...
[main] INFO kodkod.engine.config.Reporter - generating lex-leader symmetry breaking predicate ...
[main] INFO kodkod.engine.config.Reporter - translating to cnf ...
[main] INFO kodkod.engine.config.Reporter - detecting symmetries ...
[main] INFO kodkod.engine.config.Reporter - detected 17 equivalence classes of atoms ...
[main] INFO kodkod.engine.config.Reporter - optimizing bounds and formula (breaking predicate symmetries, inlining, skolemizing) ...
[main] INFO kodkod.engine.config.Reporter - translating to boolean ...
[main] INFO kodkod.engine.config.Reporter - generating lex-leader symmetry breaking predicate ...
[main] INFO kodkod.engine.config.Reporter - translating to cnf ...
[main] INFO kodkod.engine.config.Reporter - detecting symmetries ...
[main] INFO kodkod.engine.config.Reporter - detected 17 equivalence classes of atoms ...
[main] INFO kodkod.engine.config.Reporter - optimizing bounds and formula (breaking predicate symmetries, inlining, skolemizing) ...
[main] INFO kodkod.engine.config.Reporter - translating to boolean ...
[main] INFO kodkod.engine.config.Reporter - generating lex-leader symmetry breaking predicate ...
[main] INFO kodkod.engine.config.Reporter - translating to cnf ...
[main] INFO kodkod.engine.config.Reporter - detecting symmetries ...
[main] INFO kodkod.engine.config.Reporter - detected 17 equivalence classes of atoms ...
[main] INFO kodkod.engine.config.Reporter - optimizing bounds and formula (breaking predicate symmetries, inlining, skolemizing) ...
[main] INFO kodkod.engine.config.Reporter - translating to boolean ...
[main] INFO kodkod.engine.config.Reporter - generating lex-leader symmetry breaking predicate ...
[main] INFO kodkod.engine.config.Reporter - translating to cnf ...
[main] INFO kodkod.engine.config.Reporter - detecting symmetries ...
[main] INFO kodkod.engine.config.Reporter - detected 17 equivalence classes of atoms ...
[main] INFO kodkod.engine.config.Reporter - optimizing bounds and formula (breaking predicate symmetries, inlining, skolemizing) ...
[main] INFO kodkod.engine.config.Reporter - translating to boolean ...
[main] INFO kodkod.engine.config.Reporter - generating lex-leader symmetry breaking predicate ...
[main] INFO kodkod.engine.config.Reporter - translating to cnf ...
[main] INFO kodkod.engine.config.Reporter - detecting symmetries ...
[main] INFO kodkod.engine.config.Reporter - detected 17 equivalence classes of atoms ...
[main] INFO kodkod.engine.config.Reporter - optimizing bounds and formula (breaking predicate symmetries, inlining, skolemizing) ...
[main] INFO kodkod.engine.config.Reporter - translating to boolean ...
[main] INFO kodkod.engine.config.Reporter - generating lex-leader symmetry breaking predicate ...
[main] INFO kodkod.engine.config.Reporter - translating to cnf ...
[main] INFO kodkod.engine.config.Reporter - detecting symmetries ...
[main] INFO kodkod.engine.config.Reporter - detected 17 equivalence classes of atoms ...
[main] INFO kodkod.engine.config.Reporter - optimizing bounds and formula (breaking predicate symmetries, inlining, skolemizing) ...
[main] INFO kodkod.engine.config.Reporter - translating to boolean ...
[main] INFO kodkod.engine.config.Reporter - generating lex-leader symmetry breaking predicate ...
[main] INFO kodkod.engine.config.Reporter - translating to cnf ...
[main] INFO kodkod.engine.config.Reporter - detecting symmetries ...
[main] INFO kodkod.engine.config.Reporter - detected 17 equivalence classes of atoms ...
[main] INFO kodkod.engine.config.Reporter - optimizing bounds and formula (breaking predicate symmetries, inlining, skolemizing) ...
[main] INFO kodkod.engine.config.Reporter - translating to boolean ...
[main] INFO kodkod.engine.config.Reporter - generating lex-leader symmetry breaking predicate ...
[main] INFO kodkod.engine.config.Reporter - translating to cnf ...
[main] INFO kodkod.engine.config.Reporter - detecting symmetries ...
[main] INFO kodkod.engine.config.Reporter - detected 17 equivalence classes of atoms ...
[main] INFO kodkod.engine.config.Reporter - optimizing bounds and formula (breaking predicate symmetries, inlining, skolemizing) ...
[main] INFO kodkod.engine.config.Reporter - translating to boolean ...
[main] INFO kodkod.engine.config.Reporter - generating lex-leader symmetry breaking predicate ...
[main] INFO kodkod.engine.config.Reporter - translating to cnf ...
[main] INFO kodkod.engine.config.Reporter - detecting symmetries ...
[main] INFO kodkod.engine.config.Reporter - detected 17 equivalence classes of atoms ...
[main] INFO kodkod.engine.config.Reporter - optimizing bounds and formula (breaking predicate symmetries, inlining, skolemizing) ...
[main] INFO kodkod.engine.config.Reporter - translating to boolean ...
[main] INFO kodkod.engine.config.Reporter - generating lex-leader symmetry breaking predicate ...
[main] INFO kodkod.engine.config.Reporter - translating to cnf ...
[main] INFO kodkod.engine.config.Reporter - detecting symmetries ...
[main] INFO kodkod.engine.config.Reporter - detected 17 equivalence classes of atoms ...
[main] INFO kodkod.engine.config.Reporter - optimizing bounds and formula (breaking predicate symmetries, inlining, skolemizing) ...
[main] INFO kodkod.engine.config.Reporter - translating to boolean ...
[main] INFO kodkod.engine.config.Reporter - generating lex-leader symmetry breaking predicate ...
[main] INFO kodkod.engine.config.Reporter - translating to cnf ...
[main] INFO kodkod.engine.config.Reporter - detecting symmetries ...
[main] INFO kodkod.engine.config.Reporter - detected 17 equivalence classes of atoms ...
[main] INFO kodkod.engine.config.Reporter - optimizing bounds and formula (breaking predicate symmetries, inlining, skolemizing) ...
[main] INFO kodkod.engine.config.Reporter - translating to boolean ...
[main] INFO kodkod.engine.config.Reporter - generating lex-leader symmetry breaking predicate ...
[main] INFO kodkod.engine.config.Reporter - detecting symmetries ...
[main] INFO kodkod.engine.config.Reporter - detected 17 equivalence classes of atoms ...
[main] INFO kodkod.engine.config.Reporter - optimizing bounds and formula (breaking predicate symmetries, inlining, skolemizing) ...
[main] INFO kodkod.engine.config.Reporter - translating to boolean ...
[main] INFO kodkod.engine.config.Reporter - generating lex-leader symmetry breaking predicate ...
[main] INFO kodkod.engine.config.Reporter - translating to cnf ...
[main] INFO kodkod.engine.config.Reporter - detecting symmetries ...
[main] INFO kodkod.engine.config.Reporter - detected 17 equivalence classes of atoms ...
[main] INFO kodkod.engine.config.Reporter - optimizing bounds and formula (breaking predicate symmetries, inlining, skolemizing) ...
[main] INFO kodkod.engine.config.Reporter - translating to boolean ...
[main] INFO kodkod.engine.config.Reporter - generating lex-leader symmetry breaking predicate ...
[main] INFO kodkod.engine.config.Reporter - translating to cnf ...
[main] INFO kodkod.engine.config.Reporter - detecting symmetries ...
[main] INFO kodkod.engine.config.Reporter - detected 17 equivalence classes of atoms ...
[main] INFO kodkod.engine.config.Reporter - optimizing bounds and formula (breaking predicate symmetries, inlining, skolemizing) ...
[main] INFO kodkod.engine.config.Reporter - translating to boolean ...
[main] INFO kodkod.engine.config.Reporter - generating lex-leader symmetry breaking predicate ...
[main] INFO kodkod.engine.config.Reporter - translating to cnf ...
[main] INFO kodkod.engine.config.Reporter - detecting symmetries ...
[main] INFO kodkod.engine.config.Reporter - detected 17 equivalence classes of atoms ...
[main] INFO kodkod.engine.config.Reporter - optimizing bounds and formula (breaking predicate symmetries, inlining, skolemizing) ...
[main] INFO kodkod.engine.config.Reporter - translating to boolean ...
[main] INFO kodkod.engine.config.Reporter - generating lex-leader symmetry breaking predicate ...
[main] INFO kodkod.engine.config.Reporter - translating to cnf ...
[main] INFO kodkod.engine.config.Reporter - detecting symmetries ...
[main] INFO kodkod.engine.config.Reporter - detected 17 equivalence classes of atoms ...
[main] INFO kodkod.engine.config.Reporter - optimizing bounds and formula (breaking predicate symmetries, inlining, skolemizing) ...
[main] INFO kodkod.engine.config.Reporter - translating to boolean ...
[main] INFO kodkod.engine.config.Reporter - generating lex-leader symmetry breaking predicate ...
[main] INFO kodkod.engine.config.Reporter - translating to cnf ...
[main] INFO kodkod.engine.config.Reporter - detecting symmetries ...
[main] INFO kodkod.engine.config.Reporter - detected 17 equivalence classes of atoms ...
[main] INFO kodkod.engine.config.Reporter - optimizing bounds and formula (breaking predicate symmetries, inlining, skolemizing) ...
[main] INFO kodkod.engine.config.Reporter - translating to boolean ...
[main] INFO kodkod.engine.config.Reporter - generating lex-leader symmetry breaking predicate ...
[main] INFO kodkod.engine.config.Reporter - translating to cnf ...
[main] INFO kodkod.engine.config.Reporter - detecting symmetries ...
[main] INFO kodkod.engine.config.Reporter - detected 17 equivalence classes of atoms ...
[main] INFO kodkod.engine.config.Reporter - optimizing bounds and formula (breaking predicate symmetries, inlining, skolemizing) ...
[main] INFO kodkod.engine.config.Reporter - translating to boolean ...
[main] INFO kodkod.engine.config.Reporter - generating lex-leader symmetry breaking predicate ...
[main] INFO kodkod.engine.config.Reporter - translating to cnf ...
[main] INFO kodkod.engine.config.Reporter - detecting symmetries ...
[main] INFO kodkod.engine.config.Reporter - detected 17 equivalence classes of atoms ...
[main] INFO kodkod.engine.config.Reporter - optimizing bounds and formula (breaking predicate symmetries, inlining, skolemizing) ...
[main] INFO kodkod.engine.config.Reporter - translating to boolean ...
[main] INFO kodkod.engine.config.Reporter - generating lex-leader symmetry breaking predicate ...
[main] INFO kodkod.engine.config.Reporter - detecting symmetries ...
[main] INFO kodkod.engine.config.Reporter - detected 17 equivalence classes of atoms ...
[main] INFO kodkod.engine.config.Reporter - optimizing bounds and formula (breaking predicate symmetries, inlining, skolemizing) ...
[main] INFO kodkod.engine.config.Reporter - translating to boolean ...
[main] INFO kodkod.engine.config.Reporter - generating lex-leader symmetry breaking predicate ...
[main] INFO kodkod.engine.config.Reporter - detecting symmetries ...
[main] INFO kodkod.engine.config.Reporter - detected 17 equivalence classes of atoms ...
[main] INFO kodkod.engine.config.Reporter - optimizing bounds and formula (breaking predicate symmetries, inlining, skolemizing) ...
[main] INFO kodkod.engine.config.Reporter - translating to boolean ...
[main] INFO kodkod.engine.config.Reporter - generating lex-leader symmetry breaking predicate ...
[main] INFO kodkod.engine.config.Reporter - detecting symmetries ...
[main] INFO kodkod.engine.config.Reporter - detected 17 equivalence classes of atoms ...
[main] INFO kodkod.engine.config.Reporter - optimizing bounds and formula (breaking predicate symmetries, inlining, skolemizing) ...
[main] INFO kodkod.engine.config.Reporter - translating to boolean ...
[main] INFO kodkod.engine.config.Reporter - generating lex-leader symmetry breaking predicate ...
[main] INFO kodkod.engine.config.Reporter - detecting symmetries ...
[main] INFO kodkod.engine.config.Reporter - detected 17 equivalence classes of atoms ...
[main] INFO kodkod.engine.config.Reporter - optimizing bounds and formula (breaking predicate symmetries, inlining, skolemizing) ...
[main] INFO kodkod.engine.config.Reporter - translating to boolean ...
[main] INFO kodkod.engine.config.Reporter - generating lex-leader symmetry breaking predicate ...
[main] INFO kodkod.engine.config.Reporter - detecting symmetries ...
[main] INFO kodkod.engine.config.Reporter - detected 17 equivalence classes of atoms ...
[main] INFO kodkod.engine.config.Reporter - optimizing bounds and formula (breaking predicate symmetries, inlining, skolemizing) ...
[main] INFO kodkod.engine.config.Reporter - translating to boolean ...
[main] INFO kodkod.engine.config.Reporter - generating lex-leader symmetry breaking predicate ...
[main] INFO kodkod.engine.config.Reporter - detecting symmetries ...
[main] INFO kodkod.engine.config.Reporter - detected 17 equivalence classes of atoms ...
[main] INFO kodkod.engine.config.Reporter - optimizing bounds and formula (breaking predicate symmetries, inlining, skolemizing) ...
[main] INFO kodkod.engine.config.Reporter - translating to boolean ...
[main] INFO kodkod.engine.config.Reporter - generating lex-leader symmetry breaking predicate ...
[main] INFO kodkod.engine.config.Reporter - detecting symmetries ...
[main] INFO kodkod.engine.config.Reporter - detected 17 equivalence classes of atoms ...
[main] INFO kodkod.engine.config.Reporter - optimizing bounds and formula (breaking predicate symmetries, inlining, skolemizing) ...
[main] INFO kodkod.engine.config.Reporter - translating to boolean ...
[main] INFO kodkod.engine.config.Reporter - generating lex-leader symmetry breaking predicate ...
[main] INFO kodkod.engine.config.Reporter - detecting symmetries ...
[main] INFO kodkod.engine.config.Reporter - detected 17 equivalence classes of atoms ...
[main] INFO kodkod.engine.config.Reporter - optimizing bounds and formula (breaking predicate symmetries, inlining, skolemizing) ...
[main] INFO kodkod.engine.config.Reporter - translating to boolean ...
[main] INFO kodkod.engine.config.Reporter - generating lex-leader symmetry breaking predicate ...
[main] INFO kodkod.engine.config.Reporter - detecting symmetries ...
[main] INFO kodkod.engine.config.Reporter - detected 17 equivalence classes of atoms ...
[main] INFO kodkod.engine.config.Reporter - optimizing bounds and formula (breaking predicate symmetries, inlining, skolemizing) ...
[main] INFO kodkod.engine.config.Reporter - translating to boolean ...
[main] INFO kodkod.engine.config.Reporter - generating lex-leader symmetry breaking predicate ...
[main] INFO kodkod.engine.config.Reporter - detecting symmetries ...
[main] INFO kodkod.engine.config.Reporter - detected 17 equivalence classes of atoms ...
[main] INFO kodkod.engine.config.Reporter - optimizing bounds and formula (breaking predicate symmetries, inlining, skolemizing) ...
[main] INFO kodkod.engine.config.Reporter - translating to boolean ...
[main] INFO kodkod.engine.config.Reporter - generating lex-leader symmetry breaking predicate ...
[main] INFO kodkod.engine.config.Reporter - detecting symmetries ...
[main] INFO kodkod.engine.config.Reporter - detected 17 equivalence classes of atoms ...
[main] INFO kodkod.engine.config.Reporter - optimizing bounds and formula (breaking predicate symmetries, inlining, skolemizing) ...
[main] INFO kodkod.engine.config.Reporter - translating to boolean ...
[main] INFO kodkod.engine.config.Reporter - generating lex-leader symmetry breaking predicate ...
[main] INFO kodkod.engine.config.Reporter - detecting symmetries ...
[main] INFO kodkod.engine.config.Reporter - detected 17 equivalence classes of atoms ...
[main] INFO kodkod.engine.config.Reporter - optimizing bounds and formula (breaking predicate symmetries, inlining, skolemizing) ...
[main] INFO kodkod.engine.config.Reporter - translating to boolean ...
[main] INFO kodkod.engine.config.Reporter - generating lex-leader symmetry breaking predicate ...
[main] INFO kodkod.engine.config.Reporter - detecting symmetries ...
[main] INFO kodkod.engine.config.Reporter - detected 17 equivalence classes of atoms ...
[main] INFO kodkod.engine.config.Reporter - optimizing bounds and formula (breaking predicate symmetries, inlining, skolemizing) ...
[main] INFO kodkod.engine.config.Reporter - translating to boolean ...
[main] INFO kodkod.engine.config.Reporter - generating lex-leader symmetry breaking predicate ...
[main] INFO kodkod.engine.config.Reporter - detecting symmetries ...
[main] INFO kodkod.engine.config.Reporter - detected 17 equivalence classes of atoms ...
[main] INFO kodkod.engine.config.Reporter - optimizing bounds and formula (breaking predicate symmetries, inlining, skolemizing) ...
[main] INFO kodkod.engine.config.Reporter - translating to boolean ...
[main] INFO kodkod.engine.config.Reporter - generating lex-leader symmetry breaking predicate ...
[main] INFO kodkod.engine.config.Reporter - detecting symmetries ...
[main] INFO kodkod.engine.config.Reporter - detected 17 equivalence classes of atoms ...
[main] INFO kodkod.engine.config.Reporter - optimizing bounds and formula (breaking predicate symmetries, inlining, skolemizing) ...
[main] INFO kodkod.engine.config.Reporter - translating to boolean ...
[main] INFO kodkod.engine.config.Reporter - generating lex-leader symmetry breaking predicate ...
[main] INFO kodkod.engine.config.Reporter - detecting symmetries ...
[main] INFO kodkod.engine.config.Reporter - detected 17 equivalence classes of atoms ...
[main] INFO kodkod.engine.config.Reporter - optimizing bounds and formula (breaking predicate symmetries, inlining, skolemizing) ...
[main] INFO kodkod.engine.config.Reporter - translating to boolean ...
[main] INFO kodkod.engine.config.Reporter - generating lex-leader symmetry breaking predicate ...
[main] INFO kodkod.engine.config.Reporter - translating to cnf ...
[main] INFO kodkod.engine.config.Reporter - detecting symmetries ...
[main] INFO kodkod.engine.config.Reporter - detected 17 equivalence classes of atoms ...
[main] INFO kodkod.engine.config.Reporter - optimizing bounds and formula (breaking predicate symmetries, inlining, skolemizing) ...
[main] INFO kodkod.engine.config.Reporter - translating to boolean ...
[main] INFO kodkod.engine.config.Reporter - generating lex-leader symmetry breaking predicate ...
[main] INFO kodkod.engine.config.Reporter - translating to cnf ...
[main] INFO kodkod.engine.config.Reporter - detecting symmetries ...
[main] INFO kodkod.engine.config.Reporter - detected 17 equivalence classes of atoms ...
[main] INFO kodkod.engine.config.Reporter - optimizing bounds and formula (breaking predicate symmetries, inlining, skolemizing) ...
[main] INFO kodkod.engine.config.Reporter - translating to boolean ...
[main] INFO kodkod.engine.config.Reporter - generating lex-leader symmetry breaking predicate ...
[main] INFO kodkod.engine.config.Reporter - translating to cnf ...
[main] INFO kodkod.engine.config.Reporter - detecting symmetries ...
[main] INFO kodkod.engine.config.Reporter - detected 17 equivalence classes of atoms ...
[main] INFO kodkod.engine.config.Reporter - optimizing bounds and formula (breaking predicate symmetries, inlining, skolemizing) ...
[main] INFO kodkod.engine.config.Reporter - translating to boolean ...
[main] INFO kodkod.engine.config.Reporter - generating lex-leader symmetry breaking predicate ...
[main] INFO kodkod.engine.config.Reporter - translating to cnf ...
[main] INFO kodkod.engine.config.Reporter - detecting symmetries ...
[main] INFO kodkod.engine.config.Reporter - detected 17 equivalence classes of atoms ...
[main] INFO kodkod.engine.config.Reporter - optimizing bounds and formula (breaking predicate symmetries, inlining, skolemizing) ...
[main] INFO kodkod.engine.config.Reporter - translating to boolean ...
[main] INFO kodkod.engine.config.Reporter - generating lex-leader symmetry breaking predicate ...
[main] INFO kodkod.engine.config.Reporter - translating to cnf ...
[main] INFO kodkod.engine.config.Reporter - detecting symmetries ...
[main] INFO kodkod.engine.config.Reporter - detected 17 equivalence classes of atoms ...
[main] INFO kodkod.engine.config.Reporter - optimizing bounds and formula (breaking predicate symmetries, inlining, skolemizing) ...
[main] INFO kodkod.engine.config.Reporter - translating to boolean ...
[main] INFO kodkod.engine.config.Reporter - generating lex-leader symmetry breaking predicate ...
[main] INFO kodkod.engine.config.Reporter - translating to cnf ...
[main] INFO kodkod.engine.config.Reporter - detecting symmetries ...
[main] INFO kodkod.engine.config.Reporter - detected 17 equivalence classes of atoms ...
[main] INFO kodkod.engine.config.Reporter - optimizing bounds and formula (breaking predicate symmetries, inlining, skolemizing) ...
[main] INFO kodkod.engine.config.Reporter - translating to boolean ...
[main] INFO kodkod.engine.config.Reporter - generating lex-leader symmetry breaking predicate ...
[main] INFO kodkod.engine.config.Reporter - translating to cnf ...
[main] INFO kodkod.engine.config.Reporter - detecting symmetries ...
[main] INFO kodkod.engine.config.Reporter - detected 17 equivalence classes of atoms ...
[main] INFO kodkod.engine.config.Reporter - optimizing bounds and formula (breaking predicate symmetries, inlining, skolemizing) ...
[main] INFO kodkod.engine.config.Reporter - translating to boolean ...
[main] INFO kodkod.engine.config.Reporter - generating lex-leader symmetry breaking predicate ...
[main] INFO kodkod.engine.config.Reporter - translating to cnf ...
[main] INFO kodkod.engine.config.Reporter - detecting symmetries ...
[main] INFO kodkod.engine.config.Reporter - detected 17 equivalence classes of atoms ...
[main] INFO kodkod.engine.config.Reporter - optimizing bounds and formula (breaking predicate symmetries, inlining, skolemizing) ...
[main] INFO kodkod.engine.config.Reporter - translating to boolean ...
[main] INFO kodkod.engine.config.Reporter - generating lex-leader symmetry breaking predicate ...
[main] INFO kodkod.engine.config.Reporter - translating to cnf ...
[main] INFO kodkod.engine.config.Reporter - detecting symmetries ...
[main] INFO kodkod.engine.config.Reporter - detected 17 equivalence classes of atoms ...
[main] INFO kodkod.engine.config.Reporter - optimizing bounds and formula (breaking predicate symmetries, inlining, skolemizing) ...
[main] INFO kodkod.engine.config.Reporter - translating to boolean ...
[main] INFO kodkod.engine.config.Reporter - generating lex-leader symmetry breaking predicate ...
[main] INFO kodkod.engine.config.Reporter - translating to cnf ...
[main] INFO kodkod.engine.config.Reporter - detecting symmetries ...
[main] INFO kodkod.engine.config.Reporter - detected 17 equivalence classes of atoms ...
[main] INFO kodkod.engine.config.Reporter - optimizing bounds and formula (breaking predicate symmetries, inlining, skolemizing) ...
[main] INFO kodkod.engine.config.Reporter - translating to boolean ...
[main] INFO kodkod.engine.config.Reporter - generating lex-leader symmetry breaking predicate ...
[main] INFO kodkod.engine.config.Reporter - translating to cnf ...
[main] INFO kodkod.engine.config.Reporter - detecting symmetries ...
[main] INFO kodkod.engine.config.Reporter - detected 17 equivalence classes of atoms ...
[main] INFO kodkod.engine.config.Reporter - optimizing bounds and formula (breaking predicate symmetries, inlining, skolemizing) ...
[main] INFO kodkod.engine.config.Reporter - translating to boolean ...
[main] INFO kodkod.engine.config.Reporter - generating lex-leader symmetry breaking predicate ...
[main] INFO kodkod.engine.config.Reporter - translating to cnf ...
[main] INFO kodkod.engine.config.Reporter - detecting symmetries ...
[main] INFO kodkod.engine.config.Reporter - detected 17 equivalence classes of atoms ...
[main] INFO kodkod.engine.config.Reporter - optimizing bounds and formula (breaking predicate symmetries, inlining, skolemizing) ...
[main] INFO kodkod.engine.config.Reporter - translating to boolean ...
[main] INFO kodkod.engine.config.Reporter - generating lex-leader symmetry breaking predicate ...
[main] INFO kodkod.engine.config.Reporter - translating to cnf ...
[main] INFO kodkod.engine.config.Reporter - detecting symmetries ...
[main] INFO kodkod.engine.config.Reporter - detected 17 equivalence classes of atoms ...
[main] INFO kodkod.engine.config.Reporter - optimizing bounds and formula (breaking predicate symmetries, inlining, skolemizing) ...
[main] INFO kodkod.engine.config.Reporter - translating to boolean ...
[main] INFO kodkod.engine.config.Reporter - generating lex-leader symmetry breaking predicate ...
[main] INFO kodkod.engine.config.Reporter - translating to cnf ...
[main] INFO kodkod.engine.config.Reporter - detecting symmetries ...
[main] INFO kodkod.engine.config.Reporter - detected 17 equivalence classes of atoms ...
[main] INFO kodkod.engine.config.Reporter - optimizing bounds and formula (breaking predicate symmetries, inlining, skolemizing) ...
[main] INFO kodkod.engine.config.Reporter - translating to boolean ...
[main] INFO kodkod.engine.config.Reporter - generating lex-leader symmetry breaking predicate ...
[main] INFO kodkod.engine.config.Reporter - translating to cnf ...
[main] INFO kodkod.engine.config.Reporter - detecting symmetries ...
[main] INFO kodkod.engine.config.Reporter - detected 17 equivalence classes of atoms ...
[main] INFO kodkod.engine.config.Reporter - optimizing bounds and formula (breaking predicate symmetries, inlining, skolemizing) ...
[main] INFO kodkod.engine.config.Reporter - translating to boolean ...
[main] INFO kodkod.engine.config.Reporter - generating lex-leader symmetry breaking predicate ...
[main] INFO kodkod.engine.config.Reporter - translating to cnf ...
[main] INFO kodkod.engine.config.Reporter - detecting symmetries ...
[main] INFO kodkod.engine.config.Reporter - detected 17 equivalence classes of atoms ...
[main] INFO kodkod.engine.config.Reporter - optimizing bounds and formula (breaking predicate symmetries, inlining, skolemizing) ...
[main] INFO kodkod.engine.config.Reporter - translating to boolean ...
[main] INFO kodkod.engine.config.Reporter - generating lex-leader symmetry breaking predicate ...
[main] INFO kodkod.engine.config.Reporter - translating to cnf ...
[main] INFO kodkod.engine.config.Reporter - detecting symmetries ...
[main] INFO kodkod.engine.config.Reporter - detected 17 equivalence classes of atoms ...
[main] INFO kodkod.engine.config.Reporter - optimizing bounds and formula (breaking predicate symmetries, inlining, skolemizing) ...
[main] INFO kodkod.engine.config.Reporter - translating to boolean ...
[main] INFO kodkod.engine.config.Reporter - generating lex-leader symmetry breaking predicate ...
[main] INFO kodkod.engine.config.Reporter - translating to cnf ...
[main] INFO kodkod.engine.config.Reporter - detecting symmetries ...
[main] INFO kodkod.engine.config.Reporter - detected 17 equivalence classes of atoms ...
[main] INFO kodkod.engine.config.Reporter - optimizing bounds and formula (breaking predicate symmetries, inlining, skolemizing) ...
[main] INFO kodkod.engine.config.Reporter - translating to boolean ...
[main] INFO kodkod.engine.config.Reporter - generating lex-leader symmetry breaking predicate ...
[main] INFO kodkod.engine.config.Reporter - detecting symmetries ...
[main] INFO kodkod.engine.config.Reporter - detected 17 equivalence classes of atoms ...
[main] INFO kodkod.engine.config.Reporter - optimizing bounds and formula (breaking predicate symmetries, inlining, skolemizing) ...
[main] INFO kodkod.engine.config.Reporter - translating to boolean ...
[main] INFO kodkod.engine.config.Reporter - generating lex-leader symmetry breaking predicate ...
[main] INFO kodkod.engine.config.Reporter - detecting symmetries ...
[main] INFO kodkod.engine.config.Reporter - detected 17 equivalence classes of atoms ...
[main] INFO kodkod.engine.config.Reporter - optimizing bounds and formula (breaking predicate symmetries, inlining, skolemizing) ...
[main] INFO kodkod.engine.config.Reporter - translating to boolean ...
[main] INFO kodkod.engine.config.Reporter - generating lex-leader symmetry breaking predicate ...
[main] INFO kodkod.engine.config.Reporter - detecting symmetries ...
[main] INFO kodkod.engine.config.Reporter - detected 17 equivalence classes of atoms ...
[main] INFO kodkod.engine.config.Reporter - optimizing bounds and formula (breaking predicate symmetries, inlining, skolemizing) ...
[main] INFO kodkod.engine.config.Reporter - translating to boolean ...
[main] INFO kodkod.engine.config.Reporter - generating lex-leader symmetry breaking predicate ...
[main] INFO kodkod.engine.config.Reporter - detecting symmetries ...
[main] INFO kodkod.engine.config.Reporter - detected 17 equivalence classes of atoms ...
[main] INFO kodkod.engine.config.Reporter - optimizing bounds and formula (breaking predicate symmetries, inlining, skolemizing) ...
[main] INFO kodkod.engine.config.Reporter - translating to boolean ...
[main] INFO kodkod.engine.config.Reporter - generating lex-leader symmetry breaking predicate ...
[main] INFO kodkod.engine.config.Reporter - detecting symmetries ...
[main] INFO kodkod.engine.config.Reporter - detected 17 equivalence classes of atoms ...
[main] INFO kodkod.engine.config.Reporter - optimizing bounds and formula (breaking predicate symmetries, inlining, skolemizing) ...
[main] INFO kodkod.engine.config.Reporter - translating to boolean ...
[main] INFO kodkod.engine.config.Reporter - generating lex-leader symmetry breaking predicate ...
[main] INFO kodkod.engine.config.Reporter - detecting symmetries ...
[main] INFO kodkod.engine.config.Reporter - detected 17 equivalence classes of atoms ...
[main] INFO kodkod.engine.config.Reporter - optimizing bounds and formula (breaking predicate symmetries, inlining, skolemizing) ...
[main] INFO kodkod.engine.config.Reporter - translating to boolean ...
[main] INFO kodkod.engine.config.Reporter - generating lex-leader symmetry breaking predicate ...
[main] INFO kodkod.engine.config.Reporter - detecting symmetries ...
[main] INFO kodkod.engine.config.Reporter - detected 17 equivalence classes of atoms ...
[main] INFO kodkod.engine.config.Reporter - optimizing bounds and formula (breaking predicate symmetries, inlining, skolemizing) ...
[main] INFO kodkod.engine.config.Reporter - translating to boolean ...
[main] INFO kodkod.engine.config.Reporter - generating lex-leader symmetry breaking predicate ...
[main] INFO kodkod.engine.config.Reporter - translating to cnf ...
[main] INFO kodkod.engine.config.Reporter - detecting symmetries ...
[main] INFO kodkod.engine.config.Reporter - detected 17 equivalence classes of atoms ...
[main] INFO kodkod.engine.config.Reporter - optimizing bounds and formula (breaking predicate symmetries, inlining, skolemizing) ...
[main] INFO kodkod.engine.config.Reporter - translating to boolean ...
[main] INFO kodkod.engine.config.Reporter - generating lex-leader symmetry breaking predicate ...
[main] INFO kodkod.engine.config.Reporter - translating to cnf ...
[main] INFO kodkod.engine.config.Reporter - detecting symmetries ...
[main] INFO kodkod.engine.config.Reporter - detected 17 equivalence classes of atoms ...
[main] INFO kodkod.engine.config.Reporter - optimizing bounds and formula (breaking predicate symmetries, inlining, skolemizing) ...
[main] INFO kodkod.engine.config.Reporter - translating to boolean ...
[main] INFO kodkod.engine.config.Reporter - generating lex-leader symmetry breaking predicate ...
[main] INFO kodkod.engine.config.Reporter - translating to cnf ...
[main] INFO kodkod.engine.config.Reporter - detecting symmetries ...
[main] INFO kodkod.engine.config.Reporter - detected 17 equivalence classes of atoms ...
[main] INFO kodkod.engine.config.Reporter - optimizing bounds and formula (breaking predicate symmetries, inlining, skolemizing) ...
[main] INFO kodkod.engine.config.Reporter - translating to boolean ...
[main] INFO kodkod.engine.config.Reporter - generating lex-leader symmetry breaking predicate ...
[main] INFO kodkod.engine.config.Reporter - detecting symmetries ...
[main] INFO kodkod.engine.config.Reporter - detected 17 equivalence classes of atoms ...
[main] INFO kodkod.engine.config.Reporter - optimizing bounds and formula (breaking predicate symmetries, inlining, skolemizing) ...
[main] INFO kodkod.engine.config.Reporter - translating to boolean ...
[main] INFO kodkod.engine.config.Reporter - generating lex-leader symmetry breaking predicate ...
[main] INFO kodkod.engine.config.Reporter - translating to cnf ...
[main] INFO kodkod.engine.config.Reporter - detecting symmetries ...
[main] INFO kodkod.engine.config.Reporter - detected 17 equivalence classes of atoms ...
[main] INFO kodkod.engine.config.Reporter - optimizing bounds and formula (breaking predicate symmetries, inlining, skolemizing) ...
[main] INFO kodkod.engine.config.Reporter - translating to boolean ...
[main] INFO kodkod.engine.config.Reporter - generating lex-leader symmetry breaking predicate ...
[main] INFO kodkod.engine.config.Reporter - translating to cnf ...
[main] INFO kodkod.engine.config.Reporter - detecting symmetries ...
[main] INFO kodkod.engine.config.Reporter - detected 17 equivalence classes of atoms ...
[main] INFO kodkod.engine.config.Reporter - optimizing bounds and formula (breaking predicate symmetries, inlining, skolemizing) ...
[main] INFO kodkod.engine.config.Reporter - translating to boolean ...
[main] INFO kodkod.engine.config.Reporter - generating lex-leader symmetry breaking predicate ...
[main] INFO kodkod.engine.config.Reporter - detecting symmetries ...
[main] INFO kodkod.engine.config.Reporter - detected 17 equivalence classes of atoms ...
[main] INFO kodkod.engine.config.Reporter - optimizing bounds and formula (breaking predicate symmetries, inlining, skolemizing) ...
[main] INFO kodkod.engine.config.Reporter - translating to boolean ...
[main] INFO kodkod.engine.config.Reporter - generating lex-leader symmetry breaking predicate ...
[main] INFO kodkod.engine.config.Reporter - translating to cnf ...
[main] INFO kodkod.engine.config.Reporter - detecting symmetries ...
[main] INFO kodkod.engine.config.Reporter - detected 17 equivalence classes of atoms ...
[main] INFO kodkod.engine.config.Reporter - optimizing bounds and formula (breaking predicate symmetries, inlining, skolemizing) ...
[main] INFO kodkod.engine.config.Reporter - translating to boolean ...
[main] INFO kodkod.engine.config.Reporter - generating lex-leader symmetry breaking predicate ...
[main] INFO kodkod.engine.config.Reporter - detecting symmetries ...
[main] INFO kodkod.engine.config.Reporter - detected 17 equivalence classes of atoms ...
[main] INFO kodkod.engine.config.Reporter - optimizing bounds and formula (breaking predicate symmetries, inlining, skolemizing) ...
[main] INFO kodkod.engine.config.Reporter - translating to boolean ...
[main] INFO kodkod.engine.config.Reporter - generating lex-leader symmetry breaking predicate ...
[main] INFO kodkod.engine.config.Reporter - detecting symmetries ...
[main] INFO kodkod.engine.config.Reporter - detected 17 equivalence classes of atoms ...
[main] INFO kodkod.engine.config.Reporter - optimizing bounds and formula (breaking predicate symmetries, inlining, skolemizing) ...
[main] INFO kodkod.engine.config.Reporter - translating to boolean ...
[main] INFO kodkod.engine.config.Reporter - generating lex-leader symmetry breaking predicate ...
[main] INFO kodkod.engine.config.Reporter - detecting symmetries ...
[main] INFO kodkod.engine.config.Reporter - detected 17 equivalence classes of atoms ...
[main] INFO kodkod.engine.config.Reporter - optimizing bounds and formula (breaking predicate symmetries, inlining, skolemizing) ...
[main] INFO kodkod.engine.config.Reporter - translating to boolean ...
[main] INFO kodkod.engine.config.Reporter - generating lex-leader symmetry breaking predicate ...
[main] INFO kodkod.engine.config.Reporter - detecting symmetries ...
[main] INFO kodkod.engine.config.Reporter - detected 17 equivalence classes of atoms ...
[main] INFO kodkod.engine.config.Reporter - optimizing bounds and formula (breaking predicate symmetries, inlining, skolemizing) ...
[main] INFO kodkod.engine.config.Reporter - translating to boolean ...
[main] INFO kodkod.engine.config.Reporter - generating lex-leader symmetry breaking predicate ...
[main] INFO kodkod.engine.config.Reporter - detecting symmetries ...
[main] INFO kodkod.engine.config.Reporter - detected 17 equivalence classes of atoms ...
[main] INFO kodkod.engine.config.Reporter - optimizing bounds and formula (breaking predicate symmetries, inlining, skolemizing) ...
[main] INFO kodkod.engine.config.Reporter - translating to boolean ...
[main] INFO kodkod.engine.config.Reporter - generating lex-leader symmetry breaking predicate ...
[main] INFO kodkod.engine.config.Reporter - detecting symmetries ...
[main] INFO kodkod.engine.config.Reporter - detected 17 equivalence classes of atoms ...
[main] INFO kodkod.engine.config.Reporter - optimizing bounds and formula (breaking predicate symmetries, inlining, skolemizing) ...
[main] INFO kodkod.engine.config.Reporter - translating to boolean ...
[main] INFO kodkod.engine.config.Reporter - generating lex-leader symmetry breaking predicate ...
[main] INFO kodkod.engine.config.Reporter - detecting symmetries ...
[main] INFO kodkod.engine.config.Reporter - detected 17 equivalence classes of atoms ...
[main] INFO kodkod.engine.config.Reporter - optimizing bounds and formula (breaking predicate symmetries, inlining, skolemizing) ...
[main] INFO kodkod.engine.config.Reporter - translating to boolean ...
[main] INFO kodkod.engine.config.Reporter - generating lex-leader symmetry breaking predicate ...
[main] INFO kodkod.engine.config.Reporter - detecting symmetries ...
[main] INFO kodkod.engine.config.Reporter - detected 17 equivalence classes of atoms ...
[main] INFO kodkod.engine.config.Reporter - optimizing bounds and formula (breaking predicate symmetries, inlining, skolemizing) ...
[main] INFO kodkod.engine.config.Reporter - translating to boolean ...
[main] INFO kodkod.engine.config.Reporter - generating lex-leader symmetry breaking predicate ...
[main] INFO kodkod.engine.config.Reporter - detecting symmetries ...
[main] INFO kodkod.engine.config.Reporter - detected 17 equivalence classes of atoms ...
[main] INFO kodkod.engine.config.Reporter - optimizing bounds and formula (breaking predicate symmetries, inlining, skolemizing) ...
[main] INFO kodkod.engine.config.Reporter - translating to boolean ...
[main] INFO kodkod.engine.config.Reporter - generating lex-leader symmetry breaking predicate ...
[main] INFO kodkod.engine.config.Reporter - detecting symmetries ...
[main] INFO kodkod.engine.config.Reporter - detected 17 equivalence classes of atoms ...
[main] INFO kodkod.engine.config.Reporter - optimizing bounds and formula (breaking predicate symmetries, inlining, skolemizing) ...
[main] INFO kodkod.engine.config.Reporter - translating to boolean ...
[main] INFO kodkod.engine.config.Reporter - generating lex-leader symmetry breaking predicate ...
[main] INFO kodkod.engine.config.Reporter - detecting symmetries ...
[main] INFO kodkod.engine.config.Reporter - detected 17 equivalence classes of atoms ...
[main] INFO kodkod.engine.config.Reporter - optimizing bounds and formula (breaking predicate symmetries, inlining, skolemizing) ...
[main] INFO kodkod.engine.config.Reporter - translating to boolean ...
[main] INFO kodkod.engine.config.Reporter - generating lex-leader symmetry breaking predicate ...
[main] INFO kodkod.engine.config.Reporter - detecting symmetries ...
[main] INFO kodkod.engine.config.Reporter - detected 17 equivalence classes of atoms ...
[main] INFO kodkod.engine.config.Reporter - optimizing bounds and formula (breaking predicate symmetries, inlining, skolemizing) ...
[main] INFO kodkod.engine.config.Reporter - translating to boolean ...
[main] INFO kodkod.engine.config.Reporter - generating lex-leader symmetry breaking predicate ...
[main] INFO kodkod.engine.config.Reporter - translating to cnf ...
[main] INFO kodkod.engine.config.Reporter - detecting symmetries ...
[main] INFO kodkod.engine.config.Reporter - detected 17 equivalence classes of atoms ...
[main] INFO kodkod.engine.config.Reporter - optimizing bounds and formula (breaking predicate symmetries, inlining, skolemizing) ...
[main] INFO kodkod.engine.config.Reporter - translating to boolean ...
[main] INFO kodkod.engine.config.Reporter - generating lex-leader symmetry breaking predicate ...
[main] INFO kodkod.engine.config.Reporter - translating to cnf ...
[main] INFO kodkod.engine.config.Reporter - detecting symmetries ...
[main] INFO kodkod.engine.config.Reporter - detected 17 equivalence classes of atoms ...
[main] INFO kodkod.engine.config.Reporter - optimizing bounds and formula (breaking predicate symmetries, inlining, skolemizing) ...
[main] INFO kodkod.engine.config.Reporter - translating to boolean ...
[main] INFO kodkod.engine.config.Reporter - generating lex-leader symmetry breaking predicate ...
[main] INFO kodkod.engine.config.Reporter - translating to cnf ...
[main] INFO kodkod.engine.config.Reporter - detecting symmetries ...
[main] INFO kodkod.engine.config.Reporter - detected 17 equivalence classes of atoms ...
[main] INFO kodkod.engine.config.Reporter - optimizing bounds and formula (breaking predicate symmetries, inlining, skolemizing) ...
[main] INFO kodkod.engine.config.Reporter - translating to boolean ...
[main] INFO kodkod.engine.config.Reporter - generating lex-leader symmetry breaking predicate ...
[main] INFO kodkod.engine.config.Reporter - translating to cnf ...
[main] INFO kodkod.engine.config.Reporter - detecting symmetries ...
[main] INFO kodkod.engine.config.Reporter - detected 17 equivalence classes of atoms ...
[main] INFO kodkod.engine.config.Reporter - optimizing bounds and formula (breaking predicate symmetries, inlining, skolemizing) ...
[main] INFO kodkod.engine.config.Reporter - translating to boolean ...
[main] INFO kodkod.engine.config.Reporter - generating lex-leader symmetry breaking predicate ...
[main] INFO kodkod.engine.config.Reporter - translating to cnf ...
[main] INFO kodkod.engine.config.Reporter - detecting symmetries ...
[main] INFO kodkod.engine.config.Reporter - detected 17 equivalence classes of atoms ...
[main] INFO kodkod.engine.config.Reporter - optimizing bounds and formula (breaking predicate symmetries, inlining, skolemizing) ...
[main] INFO kodkod.engine.config.Reporter - translating to boolean ...
[main] INFO kodkod.engine.config.Reporter - generating lex-leader symmetry breaking predicate ...
[main] INFO kodkod.engine.config.Reporter - translating to cnf ...
[main] INFO kodkod.engine.config.Reporter - detecting symmetries ...
[main] INFO kodkod.engine.config.Reporter - detected 17 equivalence classes of atoms ...
[main] INFO kodkod.engine.config.Reporter - optimizing bounds and formula (breaking predicate symmetries, inlining, skolemizing) ...
[main] INFO kodkod.engine.config.Reporter - translating to boolean ...
[main] INFO kodkod.engine.config.Reporter - generating lex-leader symmetry breaking predicate ...
[main] INFO kodkod.engine.config.Reporter - translating to cnf ...
[main] INFO kodkod.engine.config.Reporter - detecting symmetries ...
[main] INFO kodkod.engine.config.Reporter - detected 17 equivalence classes of atoms ...
[main] INFO kodkod.engine.config.Reporter - optimizing bounds and formula (breaking predicate symmetries, inlining, skolemizing) ...
[main] INFO kodkod.engine.config.Reporter - translating to boolean ...
[main] INFO kodkod.engine.config.Reporter - generating lex-leader symmetry breaking predicate ...
[main] INFO kodkod.engine.config.Reporter - translating to cnf ...
[main] INFO kodkod.engine.config.Reporter - detecting symmetries ...
[main] INFO kodkod.engine.config.Reporter - detected 17 equivalence classes of atoms ...
[main] INFO kodkod.engine.config.Reporter - optimizing bounds and formula (breaking predicate symmetries, inlining, skolemizing) ...
[main] INFO kodkod.engine.config.Reporter - translating to boolean ...
[main] INFO kodkod.engine.config.Reporter - generating lex-leader symmetry breaking predicate ...
[main] INFO kodkod.engine.config.Reporter - translating to cnf ...
[main] INFO kodkod.engine.config.Reporter - detecting symmetries ...
[main] INFO kodkod.engine.config.Reporter - detected 17 equivalence classes of atoms ...
[main] INFO kodkod.engine.config.Reporter - optimizing bounds and formula (breaking predicate symmetries, inlining, skolemizing) ...
[main] INFO kodkod.engine.config.Reporter - translating to boolean ...
[main] INFO kodkod.engine.config.Reporter - generating lex-leader symmetry breaking predicate ...
[main] INFO kodkod.engine.config.Reporter - translating to cnf ...
[main] INFO kodkod.engine.config.Reporter - detecting symmetries ...
[main] INFO kodkod.engine.config.Reporter - detected 17 equivalence classes of atoms ...
[main] INFO kodkod.engine.config.Reporter - optimizing bounds and formula (breaking predicate symmetries, inlining, skolemizing) ...
[main] INFO kodkod.engine.config.Reporter - translating to boolean ...
[main] INFO kodkod.engine.config.Reporter - generating lex-leader symmetry breaking predicate ...
[main] INFO kodkod.engine.config.Reporter - translating to cnf ...
[main] INFO kodkod.engine.config.Reporter - detecting symmetries ...
[main] INFO kodkod.engine.config.Reporter - detected 17 equivalence classes of atoms ...
[main] INFO kodkod.engine.config.Reporter - optimizing bounds and formula (breaking predicate symmetries, inlining, skolemizing) ...
[main] INFO kodkod.engine.config.Reporter - translating to boolean ...
[main] INFO kodkod.engine.config.Reporter - generating lex-leader symmetry breaking predicate ...
[main] INFO kodkod.engine.config.Reporter - translating to cnf ...
[main] INFO kodkod.engine.config.Reporter - detecting symmetries ...
[main] INFO kodkod.engine.config.Reporter - detected 17 equivalence classes of atoms ...
[main] INFO kodkod.engine.config.Reporter - optimizing bounds and formula (breaking predicate symmetries, inlining, skolemizing) ...
[main] INFO kodkod.engine.config.Reporter - translating to boolean ...
[main] INFO kodkod.engine.config.Reporter - generating lex-leader symmetry breaking predicate ...
[main] INFO kodkod.engine.config.Reporter - translating to cnf ...
[main] INFO kodkod.engine.config.Reporter - detecting symmetries ...
[main] INFO kodkod.engine.config.Reporter - detected 17 equivalence classes of atoms ...
[main] INFO kodkod.engine.config.Reporter - optimizing bounds and formula (breaking predicate symmetries, inlining, skolemizing) ...
[main] INFO kodkod.engine.config.Reporter - translating to boolean ...
[main] INFO kodkod.engine.config.Reporter - generating lex-leader symmetry breaking predicate ...
[main] INFO kodkod.engine.config.Reporter - detecting symmetries ...
[main] INFO kodkod.engine.config.Reporter - detected 17 equivalence classes of atoms ...
[main] INFO kodkod.engine.config.Reporter - optimizing bounds and formula (breaking predicate symmetries, inlining, skolemizing) ...
[main] INFO kodkod.engine.config.Reporter - translating to boolean ...
[main] INFO kodkod.engine.config.Reporter - generating lex-leader symmetry breaking predicate ...
[main] INFO kodkod.engine.config.Reporter - translating to cnf ...
[main] INFO kodkod.engine.config.Reporter - detecting symmetries ...
[main] INFO kodkod.engine.config.Reporter - detected 17 equivalence classes of atoms ...
[main] INFO kodkod.engine.config.Reporter - optimizing bounds and formula (breaking predicate symmetries, inlining, skolemizing) ...
[main] INFO kodkod.engine.config.Reporter - translating to boolean ...
[main] INFO kodkod.engine.config.Reporter - generating lex-leader symmetry breaking predicate ...
[main] INFO kodkod.engine.config.Reporter - detecting symmetries ...
[main] INFO kodkod.engine.config.Reporter - detected 17 equivalence classes of atoms ...
[main] INFO kodkod.engine.config.Reporter - optimizing bounds and formula (breaking predicate symmetries, inlining, skolemizing) ...
[main] INFO kodkod.engine.config.Reporter - translating to boolean ...
[main] INFO kodkod.engine.config.Reporter - generating lex-leader symmetry breaking predicate ...
[main] INFO kodkod.engine.config.Reporter - translating to cnf ...
[main] INFO kodkod.engine.config.Reporter - detecting symmetries ...
[main] INFO kodkod.engine.config.Reporter - detected 17 equivalence classes of atoms ...
[main] INFO kodkod.engine.config.Reporter - optimizing bounds and formula (breaking predicate symmetries, inlining, skolemizing) ...
[main] INFO kodkod.engine.config.Reporter - translating to boolean ...
[main] INFO kodkod.engine.config.Reporter - generating lex-leader symmetry breaking predicate ...
[main] INFO kodkod.engine.config.Reporter - translating to cnf ...
[main] INFO kodkod.engine.config.Reporter - detecting symmetries ...
[main] INFO kodkod.engine.config.Reporter - detected 17 equivalence classes of atoms ...
[main] INFO kodkod.engine.config.Reporter - optimizing bounds and formula (breaking predicate symmetries, inlining, skolemizing) ...
[main] INFO kodkod.engine.config.Reporter - translating to boolean ...
[main] INFO kodkod.engine.config.Reporter - generating lex-leader symmetry breaking predicate ...
[main] INFO kodkod.engine.config.Reporter - translating to cnf ...
[main] INFO kodkod.engine.config.Reporter - detecting symmetries ...
[main] INFO kodkod.engine.config.Reporter - detected 17 equivalence classes of atoms ...
[main] INFO kodkod.engine.config.Reporter - optimizing bounds and formula (breaking predicate symmetries, inlining, skolemizing) ...
[main] INFO kodkod.engine.config.Reporter - translating to boolean ...
[main] INFO kodkod.engine.config.Reporter - generating lex-leader symmetry breaking predicate ...
[main] INFO kodkod.engine.config.Reporter - translating to cnf ...
[main] INFO kodkod.engine.config.Reporter - detecting symmetries ...
[main] INFO kodkod.engine.config.Reporter - detected 17 equivalence classes of atoms ...
[main] INFO kodkod.engine.config.Reporter - optimizing bounds and formula (breaking predicate symmetries, inlining, skolemizing) ...
[main] INFO kodkod.engine.config.Reporter - translating to boolean ...
[main] INFO kodkod.engine.config.Reporter - generating lex-leader symmetry breaking predicate ...
[main] INFO kodkod.engine.config.Reporter - detecting symmetries ...
[main] INFO kodkod.engine.config.Reporter - detected 17 equivalence classes of atoms ...
[main] INFO kodkod.engine.config.Reporter - optimizing bounds and formula (breaking predicate symmetries, inlining, skolemizing) ...
[main] INFO kodkod.engine.config.Reporter - translating to boolean ...
[main] INFO kodkod.engine.config.Reporter - generating lex-leader symmetry breaking predicate ...
[main] INFO kodkod.engine.config.Reporter - translating to cnf ...
[main] INFO kodkod.engine.config.Reporter - detecting symmetries ...
[main] INFO kodkod.engine.config.Reporter - detected 17 equivalence classes of atoms ...
[main] INFO kodkod.engine.config.Reporter - optimizing bounds and formula (breaking predicate symmetries, inlining, skolemizing) ...
[main] INFO kodkod.engine.config.Reporter - translating to boolean ...
[main] INFO kodkod.engine.config.Reporter - generating lex-leader symmetry breaking predicate ...
[main] INFO kodkod.engine.config.Reporter - detecting symmetries ...
[main] INFO kodkod.engine.config.Reporter - detected 17 equivalence classes of atoms ...
[main] INFO kodkod.engine.config.Reporter - optimizing bounds and formula (breaking predicate symmetries, inlining, skolemizing) ...
[main] INFO kodkod.engine.config.Reporter - translating to boolean ...
[main] INFO kodkod.engine.config.Reporter - generating lex-leader symmetry breaking predicate ...
[main] INFO kodkod.engine.config.Reporter - detecting symmetries ...
[main] INFO kodkod.engine.config.Reporter - detected 17 equivalence classes of atoms ...
[main] INFO kodkod.engine.config.Reporter - optimizing bounds and formula (breaking predicate symmetries, inlining, skolemizing) ...
[main] INFO kodkod.engine.config.Reporter - translating to boolean ...
[main] INFO kodkod.engine.config.Reporter - generating lex-leader symmetry breaking predicate ...
[main] INFO kodkod.engine.config.Reporter - detecting symmetries ...
[main] INFO kodkod.engine.config.Reporter - detected 17 equivalence classes of atoms ...
[main] INFO kodkod.engine.config.Reporter - optimizing bounds and formula (breaking predicate symmetries, inlining, skolemizing) ...
[main] INFO kodkod.engine.config.Reporter - translating to boolean ...
[main] INFO kodkod.engine.config.Reporter - generating lex-leader symmetry breaking predicate ...
[main] INFO kodkod.engine.config.Reporter - translating to cnf ...
[main] INFO kodkod.engine.config.Reporter - detecting symmetries ...
[main] INFO kodkod.engine.config.Reporter - detected 17 equivalence classes of atoms ...
[main] INFO kodkod.engine.config.Reporter - optimizing bounds and formula (breaking predicate symmetries, inlining, skolemizing) ...
[main] INFO kodkod.engine.config.Reporter - translating to boolean ...
[main] INFO kodkod.engine.config.Reporter - generating lex-leader symmetry breaking predicate ...
[main] INFO kodkod.engine.config.Reporter - translating to cnf ...
[main] INFO kodkod.engine.config.Reporter - detecting symmetries ...
[main] INFO kodkod.engine.config.Reporter - detected 17 equivalence classes of atoms ...
[main] INFO kodkod.engine.config.Reporter - optimizing bounds and formula (breaking predicate symmetries, inlining, skolemizing) ...
[main] INFO kodkod.engine.config.Reporter - translating to boolean ...
[main] INFO kodkod.engine.config.Reporter - generating lex-leader symmetry breaking predicate ...
[main] INFO kodkod.engine.config.Reporter - translating to cnf ...
[main] INFO kodkod.engine.config.Reporter - detecting symmetries ...
[main] INFO kodkod.engine.config.Reporter - detected 17 equivalence classes of atoms ...
[main] INFO kodkod.engine.config.Reporter - optimizing bounds and formula (breaking predicate symmetries, inlining, skolemizing) ...
[main] INFO kodkod.engine.config.Reporter - translating to boolean ...
[main] INFO kodkod.engine.config.Reporter - generating lex-leader symmetry breaking predicate ...
[main] INFO kodkod.engine.config.Reporter - translating to cnf ...
[main] INFO kodkod.engine.config.Reporter - detecting symmetries ...
[main] INFO kodkod.engine.config.Reporter - detected 17 equivalence classes of atoms ...
[main] INFO kodkod.engine.config.Reporter - optimizing bounds and formula (breaking predicate symmetries, inlining, skolemizing) ...
[main] INFO kodkod.engine.config.Reporter - translating to boolean ...
[main] INFO kodkod.engine.config.Reporter - generating lex-leader symmetry breaking predicate ...
[main] INFO kodkod.engine.config.Reporter - translating to cnf ...
[main] INFO kodkod.engine.config.Reporter - detecting symmetries ...
[main] INFO kodkod.engine.config.Reporter - detected 17 equivalence classes of atoms ...
[main] INFO kodkod.engine.config.Reporter - optimizing bounds and formula (breaking predicate symmetries, inlining, skolemizing) ...
[main] INFO kodkod.engine.config.Reporter - translating to boolean ...
[main] INFO kodkod.engine.config.Reporter - generating lex-leader symmetry breaking predicate ...
[main] INFO kodkod.engine.config.Reporter - translating to cnf ...
[main] INFO kodkod.engine.config.Reporter - detecting symmetries ...
[main] INFO kodkod.engine.config.Reporter - detected 17 equivalence classes of atoms ...
[main] INFO kodkod.engine.config.Reporter - optimizing bounds and formula (breaking predicate symmetries, inlining, skolemizing) ...
[main] INFO kodkod.engine.config.Reporter - translating to boolean ...
[main] INFO kodkod.engine.config.Reporter - generating lex-leader symmetry breaking predicate ...
[main] INFO kodkod.engine.config.Reporter - translating to cnf ...
[main] INFO kodkod.engine.config.Reporter - detecting symmetries ...
[main] INFO kodkod.engine.config.Reporter - detected 17 equivalence classes of atoms ...
[main] INFO kodkod.engine.config.Reporter - optimizing bounds and formula (breaking predicate symmetries, inlining, skolemizing) ...
[main] INFO kodkod.engine.config.Reporter - translating to boolean ...
[main] INFO kodkod.engine.config.Reporter - generating lex-leader symmetry breaking predicate ...
[main] INFO kodkod.engine.config.Reporter - translating to cnf ...
[main] INFO kodkod.engine.config.Reporter - detecting symmetries ...
[main] INFO kodkod.engine.config.Reporter - detected 17 equivalence classes of atoms ...
[main] INFO kodkod.engine.config.Reporter - optimizing bounds and formula (breaking predicate symmetries, inlining, skolemizing) ...
[main] INFO kodkod.engine.config.Reporter - translating to boolean ...
[main] INFO kodkod.engine.config.Reporter - generating lex-leader symmetry breaking predicate ...
[main] INFO kodkod.engine.config.Reporter - translating to cnf ...
[main] INFO kodkod.engine.config.Reporter - detecting symmetries ...
[main] INFO kodkod.engine.config.Reporter - detected 17 equivalence classes of atoms ...
[main] INFO kodkod.engine.config.Reporter - optimizing bounds and formula (breaking predicate symmetries, inlining, skolemizing) ...
[main] INFO kodkod.engine.config.Reporter - translating to boolean ...
[main] INFO kodkod.engine.config.Reporter - generating lex-leader symmetry breaking predicate ...
[main] INFO kodkod.engine.config.Reporter - translating to cnf ...
[main] INFO kodkod.engine.config.Reporter - detecting symmetries ...
[main] INFO kodkod.engine.config.Reporter - detected 17 equivalence classes of atoms ...
[main] INFO kodkod.engine.config.Reporter - optimizing bounds and formula (breaking predicate symmetries, inlining, skolemizing) ...
[main] INFO kodkod.engine.config.Reporter - translating to boolean ...
[main] INFO kodkod.engine.config.Reporter - generating lex-leader symmetry breaking predicate ...
[main] INFO kodkod.engine.config.Reporter - translating to cnf ...
[main] INFO kodkod.engine.config.Reporter - detecting symmetries ...
[main] INFO kodkod.engine.config.Reporter - detected 17 equivalence classes of atoms ...
[main] INFO kodkod.engine.config.Reporter - optimizing bounds and formula (breaking predicate symmetries, inlining, skolemizing) ...
[main] INFO kodkod.engine.config.Reporter - translating to boolean ...
[main] INFO kodkod.engine.config.Reporter - generating lex-leader symmetry breaking predicate ...
[main] INFO kodkod.engine.config.Reporter - detecting symmetries ...
[main] INFO kodkod.engine.config.Reporter - detected 2 equivalence classes of atoms ...
[main] INFO kodkod.engine.config.Reporter - optimizing bounds and formula (breaking predicate symmetries, inlining, skolemizing) ...
[main] INFO kodkod.engine.config.Reporter - translating to boolean ...
[main] INFO kodkod.engine.config.Reporter - generating lex-leader symmetry breaking predicate ...
[main] INFO kodkod.engine.config.Reporter - translating to cnf ...
[main] INFO kodkod.engine.config.Reporter - detecting symmetries ...
[main] INFO kodkod.engine.config.Reporter - detected 17 equivalence classes of atoms ...
[main] INFO kodkod.engine.config.Reporter - optimizing bounds and formula (breaking predicate symmetries, inlining, skolemizing) ...
[main] INFO kodkod.engine.config.Reporter - translating to boolean ...
[main] INFO kodkod.engine.config.Reporter - generating lex-leader symmetry breaking predicate ...
[main] INFO kodkod.engine.config.Reporter - translating to cnf ...
[main] INFO kodkod.engine.config.Reporter - detecting symmetries ...
[main] INFO kodkod.engine.config.Reporter - detected 17 equivalence classes of atoms ...
[main] INFO kodkod.engine.config.Reporter - optimizing bounds and formula (breaking predicate symmetries, inlining, skolemizing) ...
[main] INFO kodkod.engine.config.Reporter - translating to boolean ...
[main] INFO kodkod.engine.config.Reporter - generating lex-leader symmetry breaking predicate ...
[main] INFO kodkod.engine.config.Reporter - translating to cnf ...
[main] INFO kodkod.engine.config.Reporter - detecting symmetries ...
[main] INFO kodkod.engine.config.Reporter - detected 17 equivalence classes of atoms ...
[main] INFO kodkod.engine.config.Reporter - optimizing bounds and formula (breaking predicate symmetries, inlining, skolemizing) ...
[main] INFO kodkod.engine.config.Reporter - translating to boolean ...
[main] INFO kodkod.engine.config.Reporter - generating lex-leader symmetry breaking predicate ...
[main] INFO kodkod.engine.config.Reporter - translating to cnf ...
[main] INFO kodkod.engine.config.Reporter - detecting symmetries ...
[main] INFO kodkod.engine.config.Reporter - detected 17 equivalence classes of atoms ...
[main] INFO kodkod.engine.config.Reporter - optimizing bounds and formula (breaking predicate symmetries, inlining, skolemizing) ...
[main] INFO kodkod.engine.config.Reporter - translating to boolean ...
[main] INFO kodkod.engine.config.Reporter - generating lex-leader symmetry breaking predicate ...
[main] INFO kodkod.engine.config.Reporter - translating to cnf ...
[main] INFO kodkod.engine.config.Reporter - detecting symmetries ...
[main] INFO kodkod.engine.config.Reporter - detected 17 equivalence classes of atoms ...
[main] INFO kodkod.engine.config.Reporter - optimizing bounds and formula (breaking predicate symmetries, inlining, skolemizing) ...
[main] INFO kodkod.engine.config.Reporter - translating to boolean ...
[main] INFO kodkod.engine.config.Reporter - generating lex-leader symmetry breaking predicate ...
[main] INFO kodkod.engine.config.Reporter - translating to cnf ...
[main] INFO kodkod.engine.config.Reporter - detecting symmetries ...
[main] INFO kodkod.engine.config.Reporter - detected 17 equivalence classes of atoms ...
[main] INFO kodkod.engine.config.Reporter - optimizing bounds and formula (breaking predicate symmetries, inlining, skolemizing) ...
[main] INFO kodkod.engine.config.Reporter - translating to boolean ...
[main] INFO kodkod.engine.config.Reporter - generating lex-leader symmetry breaking predicate ...
[main] INFO kodkod.engine.config.Reporter - translating to cnf ...
[main] INFO kodkod.engine.config.Reporter - detecting symmetries ...
[main] INFO kodkod.engine.config.Reporter - detected 17 equivalence classes of atoms ...
[main] INFO kodkod.engine.config.Reporter - optimizing bounds and formula (breaking predicate symmetries, inlining, skolemizing) ...
[main] INFO kodkod.engine.config.Reporter - translating to boolean ...
[main] INFO kodkod.engine.config.Reporter - generating lex-leader symmetry breaking predicate ...
[main] INFO kodkod.engine.config.Reporter - translating to cnf ...
[main] INFO kodkod.engine.config.Reporter - detecting symmetries ...
[main] INFO kodkod.engine.config.Reporter - detected 17 equivalence classes of atoms ...
[main] INFO kodkod.engine.config.Reporter - optimizing bounds and formula (breaking predicate symmetries, inlining, skolemizing) ...
[main] INFO kodkod.engine.config.Reporter - translating to boolean ...
[main] INFO kodkod.engine.config.Reporter - generating lex-leader symmetry breaking predicate ...
[main] INFO kodkod.engine.config.Reporter - translating to cnf ...
[main] INFO kodkod.engine.config.Reporter - detecting symmetries ...
[main] INFO kodkod.engine.config.Reporter - detected 17 equivalence classes of atoms ...
[main] INFO kodkod.engine.config.Reporter - optimizing bounds and formula (breaking predicate symmetries, inlining, skolemizing) ...
[main] INFO kodkod.engine.config.Reporter - translating to boolean ...
[main] INFO kodkod.engine.config.Reporter - generating lex-leader symmetry breaking predicate ...
[main] INFO kodkod.engine.config.Reporter - translating to cnf ...
[main] INFO kodkod.engine.config.Reporter - detecting symmetries ...
[main] INFO kodkod.engine.config.Reporter - detected 17 equivalence classes of atoms ...
[main] INFO kodkod.engine.config.Reporter - optimizing bounds and formula (breaking predicate symmetries, inlining, skolemizing) ...
[main] INFO kodkod.engine.config.Reporter - translating to boolean ...
[main] INFO kodkod.engine.config.Reporter - generating lex-leader symmetry breaking predicate ...
[main] INFO kodkod.engine.config.Reporter - translating to cnf ...
[main] INFO kodkod.engine.config.Reporter - detecting symmetries ...
[main] INFO kodkod.engine.config.Reporter - detected 17 equivalence classes of atoms ...
[main] INFO kodkod.engine.config.Reporter - optimizing bounds and formula (breaking predicate symmetries, inlining, skolemizing) ...
[main] INFO kodkod.engine.config.Reporter - translating to boolean ...
[main] INFO kodkod.engine.config.Reporter - generating lex-leader symmetry breaking predicate ...
[main] INFO kodkod.engine.config.Reporter - translating to cnf ...
Adding key: is.fivefivefive.ACGN.alloy.EndSymbol@0
Adding key: DummySymbol{type='local_var'}
Adding key: DummySymbol{type='predroot'}
Adding key: DummySymbol{type='sig'}
Adding key: is.fivefivefive.ACGN.alloy.ConstSymbol@30
Adding key: is.fivefivefive.ACGN.alloy.ConstSymbol@31
Adding key: is.fivefivefive.ACGN.alloy.ConstSymbol@32
Adding key: is.fivefivefive.ACGN.alloy.ConstSymbol@33
Adding key: MiddleSymbol{name='UNOPF_LONE', infiniteRoot=false, typeConfinerOp= false}
Adding key: MiddleSymbol{name='UNOPF_ONCE', infiniteRoot=false, typeConfinerOp= false}
Adding key: DummySymbol{type='ref'}
Adding key: MiddleSymbol{name='BOP_IMPLIES', infiniteRoot=false, typeConfinerOp= false}
Adding key: MiddleSymbol{name='QT_FORMULA_NO3', infiniteRoot=true, typeConfinerOp= false}
Adding key: MiddleSymbol{name='UNOPF_AFTER', infiniteRoot=false, typeConfinerOp= false}
Adding key: MiddleSymbol{name='BOP_EQ', infiniteRoot=false, typeConfinerOp= false}
Adding key: MiddleSymbol{name='BOPEXPR_INTERSECT', infiniteRoot=false, typeConfinerOp= false}
Adding key: DummySymbol{type='let'}
Adding key: DummySymbol{type='field'}
Adding key: is.fivefivefive.ACGN.alloy.ConstSymbol@5cb1923
Adding key: MiddleSymbol{name='UNOPF_ALWAYS', infiniteRoot=false, typeConfinerOp= false}
Adding key: MiddleSymbol{name='BOP_NEQ', infiniteRoot=false, typeConfinerOp= false}
Adding key: MiddleSymbol{name='BOP_IN', infiniteRoot=false, typeConfinerOp= false}
Adding key: MiddleSymbol{name='BOPEXPR_IPLUS', infiniteRoot=false, typeConfinerOp= false}
Adding key: MiddleSymbol{name='QT_FORMULA_ALL1', infiniteRoot=true, typeConfinerOp= false}
Adding key: MiddleSymbol{name='UNOPE_TRANSPOSE', infiniteRoot=false, typeConfinerOp= false}
Adding key: DeclRootSymbol{semantic=0}
Adding key: DeclRootSymbol{semantic=1}
Adding key: MiddleSymbol{name='QT_FORMULA_SOME2', infiniteRoot=true, typeConfinerOp= false}
Adding key: MiddleSymbol{name='BOPEXPR_PLUS', infiniteRoot=false, typeConfinerOp= false}
Adding key: MiddleSymbol{name='UNOPE_ONE', infiniteRoot=false, typeConfinerOp= false}
Adding key: MiddleSymbol{name='QT_FORMULA_LONE4', infiniteRoot=true, typeConfinerOp= false}
Adding key: MiddleSymbol{name='UNOPF_NO', infiniteRoot=false, typeConfinerOp= false}
Adding key: MiddleSymbol{name='UNOPE_RCLOSURE', infiniteRoot=false, typeConfinerOp= false}
Adding key: CallSymbol{EXPRESSION util/ordering<S>/last/0@0}
Adding key: MiddleSymbol{name='BOP_IFF', infiniteRoot=false, typeConfinerOp= false}
Adding key: MiddleSymbol{name='LIST_EXPR_1', infiniteRoot=true, typeConfinerOp= false}
Adding key: MiddleSymbol{name='LIST_FORMULA_2', infiniteRoot=true, typeConfinerOp= false}
Adding key: MiddleSymbol{name='LIST_FORMULA_1', infiniteRoot=true, typeConfinerOp= false}
Adding key: MiddleSymbol{name='FIELD_DECL', infiniteRoot=false, typeConfinerOp= false}
Adding key: ShadowSymbol{signature=0.0}
Adding key: MiddleSymbol{name='QT_EXPR_COMP2', infiniteRoot=true, typeConfinerOp= false}
Adding key: MiddleSymbol{name='ITE_FORMULA', infiniteRoot=false, typeConfinerOp= false}
Adding key: MiddleSymbol{name='BOPEXPR_ARROW', infiniteRoot=false, typeConfinerOp= false}
Adding key: MiddleSymbol{name='BOPEXPR_MINUS', infiniteRoot=false, typeConfinerOp= false}
Adding key: MiddleSymbol{name='UNOPE_CARDINALITY', infiniteRoot=false, typeConfinerOp= false}
Adding key: is.fivefivefive.ACGN.alloy.ConstSymbol@313f04
Adding key: MiddleSymbol{name='BOP_NOT_IN', infiniteRoot=false, typeConfinerOp= false}
Adding key: CallSymbol{EXPRESSION util/ordering<S>/first/0@0}
Adding key: MiddleSymbol{name='UNOPF_ONE', infiniteRoot=false, typeConfinerOp= false}
Adding key: MiddleSymbol{name='UNOPF_SOME', infiniteRoot=false, typeConfinerOp= false}
Adding key: MiddleSymbol{name='UNOPF_EVENTUALLY', infiniteRoot=false, typeConfinerOp= false}
Adding key: MiddleSymbol{name='UNOPE_CLOSURE', infiniteRoot=false, typeConfinerOp= false}
Adding key: MiddleSymbol{name='BOPEXPR_JOIN', infiniteRoot=false, typeConfinerOp= false}
Adding key: MiddleSymbol{name='UNOPF_HISTORICALLY', infiniteRoot=false, typeConfinerOp= false}
Adding key: MiddleSymbol{name='UNOPF_NOT', infiniteRoot=false, typeConfinerOp= false}
Adding key: MiddleSymbol{name='ITE_EXPR', infiniteRoot=false, typeConfinerOp= false}
CanonicalAlloyPipelineTest passed: 2041 checks
Running is.fivefivefive.CanDis.CanonicalBacktranslatorTest
Adding key: is.fivefivefive.ACGN.alloy.EndSymbol@0
Adding key: DummySymbol{type='sig'}
Adding key: is.fivefivefive.ACGN.alloy.ConstSymbol@5cb1923
Adding key: MiddleSymbol{name='LIST_FORMULA_2', infiniteRoot=true, typeConfinerOp= false}
Adding key: DummySymbol{type='predroot'}
Adding key: MiddleSymbol{name='UNOPF_SOME', infiniteRoot=false, typeConfinerOp= false}
Adding key: ShadowSymbol{signature=0.0}
Adding key: MiddleSymbol{name='UNOPF_AFTER', infiniteRoot=false, typeConfinerOp= false}
Adding key: MiddleSymbol{name='BOP_IN', infiniteRoot=false, typeConfinerOp= false}
CanonicalBacktranslatorTest passed
Running is.fivefivefive.CanDis.EGraphSaturationTest
Adding key: is.fivefivefive.ACGN.alloy.EndSymbol@0
Adding key: DummySymbol{type='sig'}
Adding key: is.fivefivefive.ACGN.alloy.ConstSymbol@5cb1923
Adding key: DummySymbol{type='predroot'}
Adding key: MiddleSymbol{name='UNOPF_ALWAYS', infiniteRoot=false, typeConfinerOp= false}
Adding key: MiddleSymbol{name='UNOPF_NOT', infiniteRoot=false, typeConfinerOp= false}
Adding key: MiddleSymbol{name='UNOPF_SOME', infiniteRoot=false, typeConfinerOp= false}
Adding key: ShadowSymbol{signature=0.0}
Adding key: is.fivefivefive.ACGN.alloy.EndSymbol@0
Adding key: DummySymbol{type='sig'}
Adding key: is.fivefivefive.ACGN.alloy.ConstSymbol@5cb1923
Adding key: DummySymbol{type='predroot'}
Adding key: MiddleSymbol{name='UNOPF_ALWAYS', infiniteRoot=false, typeConfinerOp= false}
Adding key: MiddleSymbol{name='UNOPF_NOT', infiniteRoot=false, typeConfinerOp= false}
Adding key: MiddleSymbol{name='UNOPF_SOME', infiniteRoot=false, typeConfinerOp= false}
Adding key: ShadowSymbol{signature=0.0}
Adding key: is.fivefivefive.ACGN.alloy.EndSymbol@0
Adding key: DummySymbol{type='sig'}
Adding key: is.fivefivefive.ACGN.alloy.ConstSymbol@5cb1923
Adding key: DummySymbol{type='predroot'}
Adding key: MiddleSymbol{name='UNOPF_NOT', infiniteRoot=false, typeConfinerOp= false}
Adding key: MiddleSymbol{name='UNOPF_SOME', infiniteRoot=false, typeConfinerOp= false}
Adding key: MiddleSymbol{name='BOP_TRIGGERED', infiniteRoot=false, typeConfinerOp= false}
Adding key: MiddleSymbol{name='UNOPF_NO', infiniteRoot=false, typeConfinerOp= false}
Adding key: ShadowSymbol{signature=0.0}
EGraphSaturationTest passed
Running is.fivefivefive.CanDis.AlloySourceRuleRegressionTest
SLF4J: Class path contains multiple SLF4J bindings.
SLF4J: Found binding in [jar:file:/home/augustus/ACGN/lib/AlloyASG-Release.jar!/org/slf4j/impl/StaticLoggerBinder.class]
SLF4J: Found binding in [jar:file:/home/augustus/ACGN/lib/slf4j-simple-1.7.36.jar!/org/slf4j/impl/StaticLoggerBinder.class]
SLF4J: See http://www.slf4j.org/codes.html#multiple_bindings for an explanation.
SLF4J: Actual binding is of type [org.slf4j.impl.SimpleLoggerFactory]
[main] INFO kodkod.engine.config.Reporter - detecting symmetries ...
[main] INFO kodkod.engine.config.Reporter - detected 21 equivalence classes of atoms ...
[main] INFO kodkod.engine.config.Reporter - optimizing bounds and formula (breaking predicate symmetries, inlining, skolemizing) ...
[main] INFO kodkod.engine.config.Reporter - translating to boolean ...
[main] INFO kodkod.engine.config.Reporter - generating lex-leader symmetry breaking predicate ...
[main] INFO kodkod.engine.config.Reporter - detecting symmetries ...
[main] INFO kodkod.engine.config.Reporter - detected 21 equivalence classes of atoms ...
[main] INFO kodkod.engine.config.Reporter - optimizing bounds and formula (breaking predicate symmetries, inlining, skolemizing) ...
[main] INFO kodkod.engine.config.Reporter - translating to boolean ...
[main] INFO kodkod.engine.config.Reporter - generating lex-leader symmetry breaking predicate ...
[main] INFO kodkod.engine.config.Reporter - detecting symmetries ...
[main] INFO kodkod.engine.config.Reporter - detected 21 equivalence classes of atoms ...
[main] INFO kodkod.engine.config.Reporter - optimizing bounds and formula (breaking predicate symmetries, inlining, skolemizing) ...
[main] INFO kodkod.engine.config.Reporter - translating to boolean ...
[main] INFO kodkod.engine.config.Reporter - generating lex-leader symmetry breaking predicate ...
[main] INFO kodkod.engine.config.Reporter - translating to cnf ...
[main] INFO kodkod.engine.config.Reporter - detecting symmetries ...
[main] INFO kodkod.engine.config.Reporter - detected 21 equivalence classes of atoms ...
[main] INFO kodkod.engine.config.Reporter - optimizing bounds and formula (breaking predicate symmetries, inlining, skolemizing) ...
[main] INFO kodkod.engine.config.Reporter - translating to boolean ...
[main] INFO kodkod.engine.config.Reporter - generating lex-leader symmetry breaking predicate ...
[main] INFO kodkod.engine.config.Reporter - detecting symmetries ...
[main] INFO kodkod.engine.config.Reporter - detected 1 equivalence classes of atoms ...
[main] INFO kodkod.engine.config.Reporter - optimizing bounds and formula (breaking predicate symmetries, inlining, skolemizing) ...
[main] INFO kodkod.engine.config.Reporter - translating to boolean ...
[main] INFO kodkod.engine.config.Reporter - generating lex-leader symmetry breaking predicate ...
[main] INFO kodkod.engine.config.Reporter - detecting symmetries ...
[main] INFO kodkod.engine.config.Reporter - detected 1 equivalence classes of atoms ...
[main] INFO kodkod.engine.config.Reporter - optimizing bounds and formula (breaking predicate symmetries, inlining, skolemizing) ...
[main] INFO kodkod.engine.config.Reporter - translating to boolean ...
[main] INFO kodkod.engine.config.Reporter - generating lex-leader symmetry breaking predicate ...
[main] INFO kodkod.engine.config.Reporter - detecting symmetries ...
[main] INFO kodkod.engine.config.Reporter - detected 1 equivalence classes of atoms ...
[main] INFO kodkod.engine.config.Reporter - optimizing bounds and formula (breaking predicate symmetries, inlining, skolemizing) ...
[main] INFO kodkod.engine.config.Reporter - translating to boolean ...
[main] INFO kodkod.engine.config.Reporter - generating lex-leader symmetry breaking predicate ...
[main] INFO kodkod.engine.config.Reporter - detecting symmetries ...
[main] INFO kodkod.engine.config.Reporter - detected 21 equivalence classes of atoms ...
[main] INFO kodkod.engine.config.Reporter - optimizing bounds and formula (breaking predicate symmetries, inlining, skolemizing) ...
[main] INFO kodkod.engine.config.Reporter - translating to boolean ...
[main] INFO kodkod.engine.config.Reporter - generating lex-leader symmetry breaking predicate ...
[main] INFO kodkod.engine.config.Reporter - translating to cnf ...
[main] INFO kodkod.engine.config.Reporter - detecting symmetries ...
[main] INFO kodkod.engine.config.Reporter - detected 21 equivalence classes of atoms ...
[main] INFO kodkod.engine.config.Reporter - optimizing bounds and formula (breaking predicate symmetries, inlining, skolemizing) ...
[main] INFO kodkod.engine.config.Reporter - translating to boolean ...
[main] INFO kodkod.engine.config.Reporter - detecting symmetries ...
[main] INFO kodkod.engine.config.Reporter - detected 21 equivalence classes of atoms ...
[main] INFO kodkod.engine.config.Reporter - optimizing bounds and formula (breaking predicate symmetries, inlining, skolemizing) ...
[main] INFO kodkod.engine.config.Reporter - translating to boolean ...
[main] INFO kodkod.engine.config.Reporter - detecting symmetries ...
[main] INFO kodkod.engine.config.Reporter - detected 21 equivalence classes of atoms ...
[main] INFO kodkod.engine.config.Reporter - optimizing bounds and formula (breaking predicate symmetries, inlining, skolemizing) ...
[main] INFO kodkod.engine.config.Reporter - translating to boolean ...
[main] INFO kodkod.engine.config.Reporter - generating lex-leader symmetry breaking predicate ...
[main] INFO kodkod.engine.config.Reporter - translating to cnf ...
[main] INFO kodkod.engine.config.Reporter - detecting symmetries ...
[main] INFO kodkod.engine.config.Reporter - detected 21 equivalence classes of atoms ...
[main] INFO kodkod.engine.config.Reporter - optimizing bounds and formula (breaking predicate symmetries, inlining, skolemizing) ...
[main] INFO kodkod.engine.config.Reporter - translating to boolean ...
[main] INFO kodkod.engine.config.Reporter - detecting symmetries ...
[main] INFO kodkod.engine.config.Reporter - detected 21 equivalence classes of atoms ...
[main] INFO kodkod.engine.config.Reporter - optimizing bounds and formula (breaking predicate symmetries, inlining, skolemizing) ...
[main] INFO kodkod.engine.config.Reporter - translating to boolean ...
[main] INFO kodkod.engine.config.Reporter - detecting symmetries ...
[main] INFO kodkod.engine.config.Reporter - detected 21 equivalence classes of atoms ...
[main] INFO kodkod.engine.config.Reporter - optimizing bounds and formula (breaking predicate symmetries, inlining, skolemizing) ...
[main] INFO kodkod.engine.config.Reporter - translating to boolean ...
[main] INFO kodkod.engine.config.Reporter - generating lex-leader symmetry breaking predicate ...
[main] INFO kodkod.engine.config.Reporter - detecting symmetries ...
[main] INFO kodkod.engine.config.Reporter - detected 21 equivalence classes of atoms ...
[main] INFO kodkod.engine.config.Reporter - optimizing bounds and formula (breaking predicate symmetries, inlining, skolemizing) ...
[main] INFO kodkod.engine.config.Reporter - translating to boolean ...
[main] INFO kodkod.engine.config.Reporter - generating lex-leader symmetry breaking predicate ...
[main] INFO kodkod.engine.config.Reporter - detecting symmetries ...
[main] INFO kodkod.engine.config.Reporter - detected 21 equivalence classes of atoms ...
[main] INFO kodkod.engine.config.Reporter - optimizing bounds and formula (breaking predicate symmetries, inlining, skolemizing) ...
[main] INFO kodkod.engine.config.Reporter - translating to boolean ...
[main] INFO kodkod.engine.config.Reporter - generating lex-leader symmetry breaking predicate ...
[main] INFO kodkod.engine.config.Reporter - detecting symmetries ...
[main] INFO kodkod.engine.config.Reporter - detected 21 equivalence classes of atoms ...
[main] INFO kodkod.engine.config.Reporter - optimizing bounds and formula (breaking predicate symmetries, inlining, skolemizing) ...
[main] INFO kodkod.engine.config.Reporter - translating to boolean ...
[main] INFO kodkod.engine.config.Reporter - generating lex-leader symmetry breaking predicate ...
[main] INFO kodkod.engine.config.Reporter - detecting symmetries ...
[main] INFO kodkod.engine.config.Reporter - detected 21 equivalence classes of atoms ...
[main] INFO kodkod.engine.config.Reporter - optimizing bounds and formula (breaking predicate symmetries, inlining, skolemizing) ...
[main] INFO kodkod.engine.config.Reporter - translating to boolean ...
[main] INFO kodkod.engine.config.Reporter - generating lex-leader symmetry breaking predicate ...
[main] INFO kodkod.engine.config.Reporter - detecting symmetries ...
[main] INFO kodkod.engine.config.Reporter - detected 21 equivalence classes of atoms ...
[main] INFO kodkod.engine.config.Reporter - optimizing bounds and formula (breaking predicate symmetries, inlining, skolemizing) ...
[main] INFO kodkod.engine.config.Reporter - translating to boolean ...
[main] INFO kodkod.engine.config.Reporter - generating lex-leader symmetry breaking predicate ...
SOURCE_RULE_AUTHORITY commandIndex=6 command=setSome authority=TRANSLATED_SAT
SOURCE_RULE_AUTHORITY commandIndex=7 command=notSetSome authority=PARSER_TYPE_LOWERING_ONLY reason=edu.mit.csail.sdg.alloy4.ErrorType
SOURCE_RULE_AUTHORITY commandIndex=8 command=setAllFalse authority=PARSER_TYPE_LOWERING_ONLY reason=edu.mit.csail.sdg.alloy4.ErrorType
SOURCE_RULE_AUTHORITY commandIndex=9 command=loneSome authority=TRANSLATED_SAT
SOURCE_RULE_AUTHORITY commandIndex=10 command=notLoneSome authority=PARSER_TYPE_LOWERING_ONLY reason=edu.mit.csail.sdg.alloy4.ErrorType
SOURCE_RULE_AUTHORITY commandIndex=11 command=loneAllFalse authority=PARSER_TYPE_LOWERING_ONLY reason=edu.mit.csail.sdg.alloy4.ErrorType
SOURCE_RULE_AUTHORITY commandIndex=12 command=bareSome authority=TRANSLATED_UNSAT
SOURCE_RULE_AUTHORITY commandIndex=13 command=notBareAll authority=TRANSLATED_UNSAT
SOURCE_RULE_AUTHORITY commandIndex=14 command=oneSome authority=TRANSLATED_UNSAT
SOURCE_RULE_AUTHORITY commandIndex=15 command=someSome authority=TRANSLATED_UNSAT
SOURCE_RULE_AUTHORITY commandIndex=16 command=notNoneSubset authority=TRANSLATED_UNSAT
SOURCE_RULE_AUTHORITY commandIndex=17 command=compoundEmpty authority=TRANSLATED_UNSAT
Adding key: is.fivefivefive.ACGN.alloy.EndSymbol@0
Adding key: DummySymbol{type='local_var'}
Adding key: DummySymbol{type='predroot'}
Adding key: MiddleSymbol{name='UNOPF_ALWAYS', infiniteRoot=false, typeConfinerOp= false}
Adding key: DummySymbol{type='sig'}
Adding key: MiddleSymbol{name='QT_FORMULA_ONE5', infiniteRoot=true, typeConfinerOp= false}
Adding key: MiddleSymbol{name='BOP_IN', infiniteRoot=false, typeConfinerOp= false}
Adding key: MiddleSymbol{name='QT_FORMULA_ALL1', infiniteRoot=true, typeConfinerOp= false}
Adding key: MiddleSymbol{name='UNOPF_NO', infiniteRoot=false, typeConfinerOp= false}
Adding key: CallSymbol{FORMULA source_rules/loneSome/0@0}
Adding key: MiddleSymbol{name='BOP_NOT_IN', infiniteRoot=false, typeConfinerOp= false}
Adding key: DeclRootSymbol{semantic=0}
Adding key: DummySymbol{type='field'}
Adding key: MiddleSymbol{name='UNOPF_LONE', infiniteRoot=false, typeConfinerOp= false}
Adding key: MiddleSymbol{name='QT_FORMULA_SOME2', infiniteRoot=true, typeConfinerOp= false}
Adding key: MiddleSymbol{name='BOP_IFF', infiniteRoot=false, typeConfinerOp= false}
Adding key: MiddleSymbol{name='BOP_IMPLIES', infiniteRoot=false, typeConfinerOp= false}
Adding key: MiddleSymbol{name='UNOPF_ONE', infiniteRoot=false, typeConfinerOp= false}
Adding key: MiddleSymbol{name='LIST_FORMULA_2', infiniteRoot=true, typeConfinerOp= false}
Adding key: MiddleSymbol{name='UNOPE_LONE', infiniteRoot=false, typeConfinerOp= false}
Adding key: MiddleSymbol{name='UNOPE_SOME', infiniteRoot=false, typeConfinerOp= false}
Adding key: MiddleSymbol{name='LIST_FORMULA_1', infiniteRoot=true, typeConfinerOp= false}
Adding key: MiddleSymbol{name='FIELD_DECL', infiniteRoot=false, typeConfinerOp= false}
Adding key: MiddleSymbol{name='UNOPF_SOME', infiniteRoot=false, typeConfinerOp= false}
Adding key: MiddleSymbol{name='UNOPF_EVENTUALLY', infiniteRoot=false, typeConfinerOp= false}
Adding key: MiddleSymbol{name='BOP_EQ', infiniteRoot=false, typeConfinerOp= false}
Adding key: MiddleSymbol{name='BOPEXPR_INTERSECT', infiniteRoot=false, typeConfinerOp= false}
Adding key: MiddleSymbol{name='BOPEXPR_PLUS', infiniteRoot=false, typeConfinerOp= false}
Adding key: DummySymbol{type='let'}
Adding key: CallSymbol{FORMULA source_rules/setSome/0@0}
Adding key: MiddleSymbol{name='BOPEXPR_JOIN', infiniteRoot=false, typeConfinerOp= false}
Adding key: CallSymbol{FORMULA source_rules/bareAll/0@0}
Adding key: ShadowSymbol{signature=0.0}
Adding key: MiddleSymbol{name='UNOPE_SET', infiniteRoot=false, typeConfinerOp= false}
Adding key: MiddleSymbol{name='UNOPE_ONE', infiniteRoot=false, typeConfinerOp= false}
Adding key: MiddleSymbol{name='BOPEXPR_MINUS', infiniteRoot=false, typeConfinerOp= false}
Adding key: MiddleSymbol{name='UNOPF_HISTORICALLY', infiniteRoot=false, typeConfinerOp= false}
Adding key: MiddleSymbol{name='UNOPF_NOT', infiniteRoot=false, typeConfinerOp= false}
Adding key: MiddleSymbol{name='ITE_EXPR', infiniteRoot=false, typeConfinerOp= false}
Adding key: MiddleSymbol{name='QT_FORMULA_LONE4', infiniteRoot=true, typeConfinerOp= false}
[main] INFO kodkod.engine.config.Reporter - detecting symmetries ...
[main] INFO kodkod.engine.config.Reporter - detected 1 equivalence classes of atoms ...
[main] INFO kodkod.engine.config.Reporter - optimizing bounds and formula (breaking predicate symmetries, inlining, skolemizing) ...
[main] INFO kodkod.engine.config.Reporter - translating to boolean ...
[main] INFO kodkod.engine.config.Reporter - generating lex-leader symmetry breaking predicate ...
[main] INFO kodkod.engine.config.Reporter - detecting symmetries ...
[main] INFO kodkod.engine.config.Reporter - detected 1 equivalence classes of atoms ...
[main] INFO kodkod.engine.config.Reporter - optimizing bounds and formula (breaking predicate symmetries, inlining, skolemizing) ...
[main] INFO kodkod.engine.config.Reporter - translating to boolean ...
[main] INFO kodkod.engine.config.Reporter - generating lex-leader symmetry breaking predicate ...
[main] INFO kodkod.engine.config.Reporter - detecting symmetries ...
[main] INFO kodkod.engine.config.Reporter - detected 1 equivalence classes of atoms ...
[main] INFO kodkod.engine.config.Reporter - optimizing bounds and formula (breaking predicate symmetries, inlining, skolemizing) ...
[main] INFO kodkod.engine.config.Reporter - translating to boolean ...
[main] INFO kodkod.engine.config.Reporter - generating lex-leader symmetry breaking predicate ...
[main] INFO kodkod.engine.config.Reporter - detecting symmetries ...
[main] INFO kodkod.engine.config.Reporter - detected 1 equivalence classes of atoms ...
[main] INFO kodkod.engine.config.Reporter - optimizing bounds and formula (breaking predicate symmetries, inlining, skolemizing) ...
[main] INFO kodkod.engine.config.Reporter - translating to boolean ...
[main] INFO kodkod.engine.config.Reporter - generating lex-leader symmetry breaking predicate ...
[main] INFO kodkod.engine.config.Reporter - detecting symmetries ...
[main] INFO kodkod.engine.config.Reporter - detected 1 equivalence classes of atoms ...
[main] INFO kodkod.engine.config.Reporter - optimizing bounds and formula (breaking predicate symmetries, inlining, skolemizing) ...
[main] INFO kodkod.engine.config.Reporter - translating to boolean ...
[main] INFO kodkod.engine.config.Reporter - generating lex-leader symmetry breaking predicate ...
[main] INFO kodkod.engine.config.Reporter - detecting symmetries ...
[main] INFO kodkod.engine.config.Reporter - detected 3 equivalence classes of atoms ...
[main] INFO kodkod.engine.config.Reporter - optimizing bounds and formula (breaking predicate symmetries, inlining, skolemizing) ...
[main] INFO kodkod.engine.config.Reporter - translating to boolean ...
[main] INFO kodkod.engine.config.Reporter - generating lex-leader symmetry breaking predicate ...
[main] INFO kodkod.engine.config.Reporter - detecting symmetries ...
[main] INFO kodkod.engine.config.Reporter - detected 3 equivalence classes of atoms ...
[main] INFO kodkod.engine.config.Reporter - optimizing bounds and formula (breaking predicate symmetries, inlining, skolemizing) ...
[main] INFO kodkod.engine.config.Reporter - translating to boolean ...
[main] INFO kodkod.engine.config.Reporter - generating lex-leader symmetry breaking predicate ...
[main] INFO kodkod.engine.config.Reporter - detecting symmetries ...
[main] INFO kodkod.engine.config.Reporter - detected 3 equivalence classes of atoms ...
[main] INFO kodkod.engine.config.Reporter - optimizing bounds and formula (breaking predicate symmetries, inlining, skolemizing) ...
[main] INFO kodkod.engine.config.Reporter - translating to boolean ...
[main] INFO kodkod.engine.config.Reporter - generating lex-leader symmetry breaking predicate ...
[main] INFO kodkod.engine.config.Reporter - detecting symmetries ...
[main] INFO kodkod.engine.config.Reporter - detected 3 equivalence classes of atoms ...
[main] INFO kodkod.engine.config.Reporter - optimizing bounds and formula (breaking predicate symmetries, inlining, skolemizing) ...
[main] INFO kodkod.engine.config.Reporter - translating to boolean ...
[main] INFO kodkod.engine.config.Reporter - generating lex-leader symmetry breaking predicate ...
[main] INFO kodkod.engine.config.Reporter - detecting symmetries ...
[main] INFO kodkod.engine.config.Reporter - detected 3 equivalence classes of atoms ...
[main] INFO kodkod.engine.config.Reporter - optimizing bounds and formula (breaking predicate symmetries, inlining, skolemizing) ...
[main] INFO kodkod.engine.config.Reporter - translating to boolean ...
[main] INFO kodkod.engine.config.Reporter - generating lex-leader symmetry breaking predicate ...
[main] INFO kodkod.engine.config.Reporter - detecting symmetries ...
[main] INFO kodkod.engine.config.Reporter - detected 3 equivalence classes of atoms ...
[main] INFO kodkod.engine.config.Reporter - optimizing bounds and formula (breaking predicate symmetries, inlining, skolemizing) ...
[main] INFO kodkod.engine.config.Reporter - translating to boolean ...
[main] INFO kodkod.engine.config.Reporter - generating lex-leader symmetry breaking predicate ...
[main] INFO kodkod.engine.config.Reporter - detecting symmetries ...
[main] INFO kodkod.engine.config.Reporter - detected 3 equivalence classes of atoms ...
[main] INFO kodkod.engine.config.Reporter - optimizing bounds and formula (breaking predicate symmetries, inlining, skolemizing) ...
[main] INFO kodkod.engine.config.Reporter - translating to boolean ...
[main] INFO kodkod.engine.config.Reporter - generating lex-leader symmetry breaking predicate ...
[main] INFO kodkod.engine.config.Reporter - translating to cnf ...
[main] INFO kodkod.engine.config.Reporter - detecting symmetries ...
[main] INFO kodkod.engine.config.Reporter - detected 3 equivalence classes of atoms ...
[main] INFO kodkod.engine.config.Reporter - optimizing bounds and formula (breaking predicate symmetries, inlining, skolemizing) ...
[main] INFO kodkod.engine.config.Reporter - translating to boolean ...
[main] INFO kodkod.engine.config.Reporter - generating lex-leader symmetry breaking predicate ...
[main] INFO kodkod.engine.config.Reporter - translating to cnf ...
[main] INFO kodkod.engine.config.Reporter - detecting symmetries ...
[main] INFO kodkod.engine.config.Reporter - detected 3 equivalence classes of atoms ...
[main] INFO kodkod.engine.config.Reporter - optimizing bounds and formula (breaking predicate symmetries, inlining, skolemizing) ...
[main] INFO kodkod.engine.config.Reporter - translating to boolean ...
[main] INFO kodkod.engine.config.Reporter - generating lex-leader symmetry breaking predicate ...
[main] INFO kodkod.engine.config.Reporter - detecting symmetries ...
[main] INFO kodkod.engine.config.Reporter - detected 3 equivalence classes of atoms ...
[main] INFO kodkod.engine.config.Reporter - optimizing bounds and formula (breaking predicate symmetries, inlining, skolemizing) ...
[main] INFO kodkod.engine.config.Reporter - translating to boolean ...
[main] INFO kodkod.engine.config.Reporter - generating lex-leader symmetry breaking predicate ...
[main] INFO kodkod.engine.config.Reporter - detecting symmetries ...
[main] INFO kodkod.engine.config.Reporter - detected 3 equivalence classes of atoms ...
[main] INFO kodkod.engine.config.Reporter - optimizing bounds and formula (breaking predicate symmetries, inlining, skolemizing) ...
[main] INFO kodkod.engine.config.Reporter - translating to boolean ...
[main] INFO kodkod.engine.config.Reporter - generating lex-leader symmetry breaking predicate ...
[main] INFO kodkod.engine.config.Reporter - detecting symmetries ...
[main] INFO kodkod.engine.config.Reporter - detected 3 equivalence classes of atoms ...
[main] INFO kodkod.engine.config.Reporter - optimizing bounds and formula (breaking predicate symmetries, inlining, skolemizing) ...
[main] INFO kodkod.engine.config.Reporter - translating to boolean ...
[main] INFO kodkod.engine.config.Reporter - generating lex-leader symmetry breaking predicate ...
[main] INFO kodkod.engine.config.Reporter - translating to cnf ...
[main] INFO kodkod.engine.config.Reporter - detecting symmetries ...
[main] INFO kodkod.engine.config.Reporter - detected 3 equivalence classes of atoms ...
[main] INFO kodkod.engine.config.Reporter - optimizing bounds and formula (breaking predicate symmetries, inlining, skolemizing) ...
[main] INFO kodkod.engine.config.Reporter - translating to boolean ...
[main] INFO kodkod.engine.config.Reporter - generating lex-leader symmetry breaking predicate ...
[main] INFO kodkod.engine.config.Reporter - translating to cnf ...
[main] INFO kodkod.engine.config.Reporter - detecting symmetries ...
[main] INFO kodkod.engine.config.Reporter - detected 3 equivalence classes of atoms ...
[main] INFO kodkod.engine.config.Reporter - optimizing bounds and formula (breaking predicate symmetries, inlining, skolemizing) ...
[main] INFO kodkod.engine.config.Reporter - translating to boolean ...
[main] INFO kodkod.engine.config.Reporter - generating lex-leader symmetry breaking predicate ...
[main] INFO kodkod.engine.config.Reporter - translating to cnf ...
[main] INFO kodkod.engine.config.Reporter - detecting symmetries ...
[main] INFO kodkod.engine.config.Reporter - detected 3 equivalence classes of atoms ...
[main] INFO kodkod.engine.config.Reporter - optimizing bounds and formula (breaking predicate symmetries, inlining, skolemizing) ...
[main] INFO kodkod.engine.config.Reporter - translating to boolean ...
[main] INFO kodkod.engine.config.Reporter - generating lex-leader symmetry breaking predicate ...
[main] INFO kodkod.engine.config.Reporter - translating to cnf ...
[main] INFO kodkod.engine.config.Reporter - detecting symmetries ...
[main] INFO kodkod.engine.config.Reporter - detected 3 equivalence classes of atoms ...
[main] INFO kodkod.engine.config.Reporter - optimizing bounds and formula (breaking predicate symmetries, inlining, skolemizing) ...
[main] INFO kodkod.engine.config.Reporter - translating to boolean ...
[main] INFO kodkod.engine.config.Reporter - generating lex-leader symmetry breaking predicate ...
[main] INFO kodkod.engine.config.Reporter - detecting symmetries ...
[main] INFO kodkod.engine.config.Reporter - detected 3 equivalence classes of atoms ...
[main] INFO kodkod.engine.config.Reporter - optimizing bounds and formula (breaking predicate symmetries, inlining, skolemizing) ...
[main] INFO kodkod.engine.config.Reporter - translating to boolean ...
[main] INFO kodkod.engine.config.Reporter - generating lex-leader symmetry breaking predicate ...
[main] INFO kodkod.engine.config.Reporter - translating to cnf ...
[main] INFO kodkod.engine.config.Reporter - detecting symmetries ...
[main] INFO kodkod.engine.config.Reporter - detected 3 equivalence classes of atoms ...
[main] INFO kodkod.engine.config.Reporter - optimizing bounds and formula (breaking predicate symmetries, inlining, skolemizing) ...
[main] INFO kodkod.engine.config.Reporter - translating to boolean ...
[main] INFO kodkod.engine.config.Reporter - generating lex-leader symmetry breaking predicate ...
[main] INFO kodkod.engine.config.Reporter - translating to cnf ...
[main] INFO kodkod.engine.config.Reporter - detecting symmetries ...
[main] INFO kodkod.engine.config.Reporter - detected 3 equivalence classes of atoms ...
[main] INFO kodkod.engine.config.Reporter - optimizing bounds and formula (breaking predicate symmetries, inlining, skolemizing) ...
[main] INFO kodkod.engine.config.Reporter - translating to boolean ...
[main] INFO kodkod.engine.config.Reporter - generating lex-leader symmetry breaking predicate ...
[main] INFO kodkod.engine.config.Reporter - detecting symmetries ...
[main] INFO kodkod.engine.config.Reporter - detected 3 equivalence classes of atoms ...
[main] INFO kodkod.engine.config.Reporter - optimizing bounds and formula (breaking predicate symmetries, inlining, skolemizing) ...
[main] INFO kodkod.engine.config.Reporter - translating to boolean ...
[main] INFO kodkod.engine.config.Reporter - generating lex-leader symmetry breaking predicate ...
[main] INFO kodkod.engine.config.Reporter - translating to cnf ...
[main] INFO kodkod.engine.config.Reporter - detecting symmetries ...
[main] INFO kodkod.engine.config.Reporter - detected 2 equivalence classes of atoms ...
[main] INFO kodkod.engine.config.Reporter - optimizing bounds and formula (breaking predicate symmetries, inlining, skolemizing) ...
[main] INFO kodkod.engine.config.Reporter - translating to boolean ...
[main] INFO kodkod.engine.config.Reporter - generating lex-leader symmetry breaking predicate ...
[main] INFO kodkod.engine.config.Reporter - detecting symmetries ...
[main] INFO kodkod.engine.config.Reporter - detected 3 equivalence classes of atoms ...
[main] INFO kodkod.engine.config.Reporter - optimizing bounds and formula (breaking predicate symmetries, inlining, skolemizing) ...
[main] INFO kodkod.engine.config.Reporter - translating to boolean ...
[main] INFO kodkod.engine.config.Reporter - generating lex-leader symmetry breaking predicate ...
[main] INFO kodkod.engine.config.Reporter - detecting symmetries ...
[main] INFO kodkod.engine.config.Reporter - detected 4 equivalence classes of atoms ...
[main] INFO kodkod.engine.config.Reporter - optimizing bounds and formula (breaking predicate symmetries, inlining, skolemizing) ...
[main] INFO kodkod.engine.config.Reporter - translating to boolean ...
[main] INFO kodkod.engine.config.Reporter - generating lex-leader symmetry breaking predicate ...
[main] INFO kodkod.engine.config.Reporter - detecting symmetries ...
[main] INFO kodkod.engine.config.Reporter - detected 5 equivalence classes of atoms ...
[main] INFO kodkod.engine.config.Reporter - optimizing bounds and formula (breaking predicate symmetries, inlining, skolemizing) ...
[main] INFO kodkod.engine.config.Reporter - translating to boolean ...
[main] INFO kodkod.engine.config.Reporter - generating lex-leader symmetry breaking predicate ...
[main] INFO kodkod.engine.config.Reporter - detecting symmetries ...
[main] INFO kodkod.engine.config.Reporter - detected 6 equivalence classes of atoms ...
[main] INFO kodkod.engine.config.Reporter - optimizing bounds and formula (breaking predicate symmetries, inlining, skolemizing) ...
[main] INFO kodkod.engine.config.Reporter - translating to boolean ...
[main] INFO kodkod.engine.config.Reporter - generating lex-leader symmetry breaking predicate ...
[main] INFO kodkod.engine.config.Reporter - detecting symmetries ...
[main] INFO kodkod.engine.config.Reporter - detected 3 equivalence classes of atoms ...
[main] INFO kodkod.engine.config.Reporter - optimizing bounds and formula (breaking predicate symmetries, inlining, skolemizing) ...
[main] INFO kodkod.engine.config.Reporter - translating to boolean ...
[main] INFO kodkod.engine.config.Reporter - generating lex-leader symmetry breaking predicate ...
[main] INFO kodkod.engine.config.Reporter - detecting symmetries ...
[main] INFO kodkod.engine.config.Reporter - detected 5 equivalence classes of atoms ...
[main] INFO kodkod.engine.config.Reporter - optimizing bounds and formula (breaking predicate symmetries, inlining, skolemizing) ...
[main] INFO kodkod.engine.config.Reporter - translating to boolean ...
[main] INFO kodkod.engine.config.Reporter - generating lex-leader symmetry breaking predicate ...
[main] INFO kodkod.engine.config.Reporter - detecting symmetries ...
[main] INFO kodkod.engine.config.Reporter - detected 7 equivalence classes of atoms ...
[main] INFO kodkod.engine.config.Reporter - optimizing bounds and formula (breaking predicate symmetries, inlining, skolemizing) ...
[main] INFO kodkod.engine.config.Reporter - translating to boolean ...
[main] INFO kodkod.engine.config.Reporter - generating lex-leader symmetry breaking predicate ...
[main] INFO kodkod.engine.config.Reporter - detecting symmetries ...
[main] INFO kodkod.engine.config.Reporter - detected 9 equivalence classes of atoms ...
[main] INFO kodkod.engine.config.Reporter - optimizing bounds and formula (breaking predicate symmetries, inlining, skolemizing) ...
[main] INFO kodkod.engine.config.Reporter - translating to boolean ...
[main] INFO kodkod.engine.config.Reporter - generating lex-leader symmetry breaking predicate ...
[main] INFO kodkod.engine.config.Reporter - detecting symmetries ...
[main] INFO kodkod.engine.config.Reporter - detected 11 equivalence classes of atoms ...
[main] INFO kodkod.engine.config.Reporter - optimizing bounds and formula (breaking predicate symmetries, inlining, skolemizing) ...
[main] INFO kodkod.engine.config.Reporter - translating to boolean ...
[main] INFO kodkod.engine.config.Reporter - generating lex-leader symmetry breaking predicate ...
[main] INFO kodkod.engine.config.Reporter - detecting symmetries ...
[main] INFO kodkod.engine.config.Reporter - detected 1 equivalence classes of atoms ...
[main] INFO kodkod.engine.config.Reporter - optimizing bounds and formula (breaking predicate symmetries, inlining, skolemizing) ...
[main] INFO kodkod.engine.config.Reporter - translating to boolean ...
[main] INFO kodkod.engine.config.Reporter - generating lex-leader symmetry breaking predicate ...
AlloySourceRuleRegressionTest passed: 332 checks
Running is.fivefivefive.CanDis.MASGVisitorTypeRegressionTest
Adding key: is.fivefivefive.ACGN.alloy.EndSymbol@0
Adding key: is.fivefivefive.ACGN.alloy.AssertSymbol@7fffffff
Adding key: DummySymbol{type='let'}
Adding key: DummySymbol{type='sig'}
Adding key: DummySymbol{type='predroot'}
Adding key: DummySymbol{type='local_var'}
Adding key: MiddleSymbol{name='BOP_NEQ', infiniteRoot=false, typeConfinerOp= false}
Adding key: MiddleSymbol{name='BOP_IN', infiniteRoot=false, typeConfinerOp= false}
Adding key: DummySymbol{type='field'}
Adding key: MiddleSymbol{name='QT_FORMULA_ALL1', infiniteRoot=true, typeConfinerOp= false}
Adding key: MiddleSymbol{name='UNOPF_NO', infiniteRoot=false, typeConfinerOp= false}
Adding key: DeclRootSymbol{semantic=0}
Adding key: MiddleSymbol{name='QT_FORMULA_SOME2', infiniteRoot=true, typeConfinerOp= false}
Adding key: MiddleSymbol{name='BOP_IMPLIES', infiniteRoot=false, typeConfinerOp= false}
Adding key: MiddleSymbol{name='LIST_FORMULA_1', infiniteRoot=true, typeConfinerOp= false}
Adding key: MiddleSymbol{name='FIELD_DECL', infiniteRoot=false, typeConfinerOp= false}
Adding key: MiddleSymbol{name='UNOPF_SOME', infiniteRoot=false, typeConfinerOp= false}
Adding key: MiddleSymbol{name='BOP_EQ', infiniteRoot=false, typeConfinerOp= false}
Adding key: MiddleSymbol{name='BOPEXPR_INTERSECT', infiniteRoot=false, typeConfinerOp= false}
Adding key: MiddleSymbol{name='BOPEXPR_JOIN', infiniteRoot=false, typeConfinerOp= false}
Adding key: ShadowSymbol{signature=0.0}
Adding key: MiddleSymbol{name='UNOPE_ONE', infiniteRoot=false, typeConfinerOp= false}
Adding key: is.fivefivefive.ACGN.alloy.ConstSymbol@5cb1923
Adding key: MiddleSymbol{name='BOPEXPR_MINUS', infiniteRoot=false, typeConfinerOp= false}
Adding key: is.fivefivefive.ACGN.alloy.EndSymbol@0
Adding key: is.fivefivefive.ACGN.alloy.AssertSymbol@7fffffff
Adding key: DummySymbol{type='let'}
Adding key: DummySymbol{type='sig'}
Adding key: DummySymbol{type='field'}
Adding key: DummySymbol{type='predroot'}
Adding key: DummySymbol{type='local_var'}
Adding key: MiddleSymbol{name='BOP_NEQ', infiniteRoot=false, typeConfinerOp= false}
Adding key: MiddleSymbol{name='BOP_IN', infiniteRoot=false, typeConfinerOp= false}
Adding key: MiddleSymbol{name='QT_FORMULA_ALL1', infiniteRoot=true, typeConfinerOp= false}
Adding key: MiddleSymbol{name='UNOPF_NO', infiniteRoot=false, typeConfinerOp= false}
Adding key: DeclRootSymbol{semantic=0}
Adding key: MiddleSymbol{name='QT_FORMULA_SOME2', infiniteRoot=true, typeConfinerOp= false}
Adding key: MiddleSymbol{name='BOP_IMPLIES', infiniteRoot=false, typeConfinerOp= false}
Adding key: MiddleSymbol{name='LIST_FORMULA_1', infiniteRoot=true, typeConfinerOp= false}
Adding key: MiddleSymbol{name='FIELD_DECL', infiniteRoot=false, typeConfinerOp= false}
Adding key: MiddleSymbol{name='UNOPF_SOME', infiniteRoot=false, typeConfinerOp= false}
Adding key: MiddleSymbol{name='BOP_EQ', infiniteRoot=false, typeConfinerOp= false}
Adding key: MiddleSymbol{name='BOPEXPR_INTERSECT', infiniteRoot=false, typeConfinerOp= false}
Adding key: MiddleSymbol{name='BOPEXPR_JOIN', infiniteRoot=false, typeConfinerOp= false}
Adding key: ShadowSymbol{signature=0.0}
Adding key: MiddleSymbol{name='UNOPE_ONE', infiniteRoot=false, typeConfinerOp= false}
Adding key: is.fivefivefive.ACGN.alloy.ConstSymbol@5cb1923
Adding key: MiddleSymbol{name='BOPEXPR_MINUS', infiniteRoot=false, typeConfinerOp= false}
SLF4J: Class path contains multiple SLF4J bindings.
SLF4J: Found binding in [jar:file:/home/augustus/ACGN/lib/AlloyASG-Release.jar!/org/slf4j/impl/StaticLoggerBinder.class]
SLF4J: Found binding in [jar:file:/home/augustus/ACGN/lib/slf4j-simple-1.7.36.jar!/org/slf4j/impl/StaticLoggerBinder.class]
SLF4J: See http://www.slf4j.org/codes.html#multiple_bindings for an explanation.
SLF4J: Actual binding is of type [org.slf4j.impl.SimpleLoggerFactory]
[main] INFO kodkod.engine.config.Reporter - detecting symmetries ...
[main] INFO kodkod.engine.config.Reporter - detected 20 equivalence classes of atoms ...
[main] INFO kodkod.engine.config.Reporter - optimizing bounds and formula (breaking predicate symmetries, inlining, skolemizing) ...
[main] INFO kodkod.engine.config.Reporter - translating to boolean ...
[main] INFO kodkod.engine.config.Reporter - generating lex-leader symmetry breaking predicate ...
[main] INFO kodkod.engine.config.Reporter - detecting symmetries ...
[main] INFO kodkod.engine.config.Reporter - detected 20 equivalence classes of atoms ...
[main] INFO kodkod.engine.config.Reporter - optimizing bounds and formula (breaking predicate symmetries, inlining, skolemizing) ...
[main] INFO kodkod.engine.config.Reporter - translating to boolean ...
[main] INFO kodkod.engine.config.Reporter - generating lex-leader symmetry breaking predicate ...
[main] INFO kodkod.engine.config.Reporter - detecting symmetries ...
[main] INFO kodkod.engine.config.Reporter - detected 20 equivalence classes of atoms ...
[main] INFO kodkod.engine.config.Reporter - optimizing bounds and formula (breaking predicate symmetries, inlining, skolemizing) ...
[main] INFO kodkod.engine.config.Reporter - translating to boolean ...
[main] INFO kodkod.engine.config.Reporter - generating lex-leader symmetry breaking predicate ...
[main] INFO kodkod.engine.config.Reporter - translating to cnf ...
[main] INFO kodkod.engine.config.Reporter - detecting symmetries ...
[main] INFO kodkod.engine.config.Reporter - detected 20 equivalence classes of atoms ...
[main] INFO kodkod.engine.config.Reporter - optimizing bounds and formula (breaking predicate symmetries, inlining, skolemizing) ...
[main] INFO kodkod.engine.config.Reporter - translating to boolean ...
[main] INFO kodkod.engine.config.Reporter - generating lex-leader symmetry breaking predicate ...
[main] INFO kodkod.engine.config.Reporter - detecting symmetries ...
[main] INFO kodkod.engine.config.Reporter - detected 20 equivalence classes of atoms ...
[main] INFO kodkod.engine.config.Reporter - optimizing bounds and formula (breaking predicate symmetries, inlining, skolemizing) ...
[main] INFO kodkod.engine.config.Reporter - translating to boolean ...
[main] INFO kodkod.engine.config.Reporter - generating lex-leader symmetry breaking predicate ...
[main] INFO kodkod.engine.config.Reporter - detecting symmetries ...
[main] INFO kodkod.engine.config.Reporter - detected 20 equivalence classes of atoms ...
[main] INFO kodkod.engine.config.Reporter - optimizing bounds and formula (breaking predicate symmetries, inlining, skolemizing) ...
[main] INFO kodkod.engine.config.Reporter - translating to boolean ...
[main] INFO kodkod.engine.config.Reporter - generating lex-leader symmetry breaking predicate ...
[main] INFO kodkod.engine.config.Reporter - translating to cnf ...
[main] INFO kodkod.engine.config.Reporter - detecting symmetries ...
[main] INFO kodkod.engine.config.Reporter - detected 20 equivalence classes of atoms ...
[main] INFO kodkod.engine.config.Reporter - optimizing bounds and formula (breaking predicate symmetries, inlining, skolemizing) ...
[main] INFO kodkod.engine.config.Reporter - translating to boolean ...
[main] INFO kodkod.engine.config.Reporter - generating lex-leader symmetry breaking predicate ...
[main] INFO kodkod.engine.config.Reporter - detecting symmetries ...
[main] INFO kodkod.engine.config.Reporter - detected 20 equivalence classes of atoms ...
[main] INFO kodkod.engine.config.Reporter - optimizing bounds and formula (breaking predicate symmetries, inlining, skolemizing) ...
[main] INFO kodkod.engine.config.Reporter - translating to boolean ...
[main] INFO kodkod.engine.config.Reporter - generating lex-leader symmetry breaking predicate ...
[main] INFO kodkod.engine.config.Reporter - detecting symmetries ...
[main] INFO kodkod.engine.config.Reporter - detected 20 equivalence classes of atoms ...
[main] INFO kodkod.engine.config.Reporter - optimizing bounds and formula (breaking predicate symmetries, inlining, skolemizing) ...
[main] INFO kodkod.engine.config.Reporter - translating to boolean ...
[main] INFO kodkod.engine.config.Reporter - generating lex-leader symmetry breaking predicate ...
[main] INFO kodkod.engine.config.Reporter - detecting symmetries ...
[main] INFO kodkod.engine.config.Reporter - detected 20 equivalence classes of atoms ...
[main] INFO kodkod.engine.config.Reporter - optimizing bounds and formula (breaking predicate symmetries, inlining, skolemizing) ...
[main] INFO kodkod.engine.config.Reporter - translating to boolean ...
[main] INFO kodkod.engine.config.Reporter - generating lex-leader symmetry breaking predicate ...
[main] INFO kodkod.engine.config.Reporter - translating to cnf ...
[main] INFO kodkod.engine.config.Reporter - detecting symmetries ...
[main] INFO kodkod.engine.config.Reporter - detected 20 equivalence classes of atoms ...
[main] INFO kodkod.engine.config.Reporter - optimizing bounds and formula (breaking predicate symmetries, inlining, skolemizing) ...
[main] INFO kodkod.engine.config.Reporter - translating to boolean ...
[main] INFO kodkod.engine.config.Reporter - generating lex-leader symmetry breaking predicate ...
[main] INFO kodkod.engine.config.Reporter - detecting symmetries ...
[main] INFO kodkod.engine.config.Reporter - detected 20 equivalence classes of atoms ...
[main] INFO kodkod.engine.config.Reporter - optimizing bounds and formula (breaking predicate symmetries, inlining, skolemizing) ...
[main] INFO kodkod.engine.config.Reporter - translating to boolean ...
[main] INFO kodkod.engine.config.Reporter - generating lex-leader symmetry breaking predicate ...
[main] INFO kodkod.engine.config.Reporter - translating to cnf ...
[main] INFO kodkod.engine.config.Reporter - detecting symmetries ...
[main] INFO kodkod.engine.config.Reporter - detected 20 equivalence classes of atoms ...
[main] INFO kodkod.engine.config.Reporter - optimizing bounds and formula (breaking predicate symmetries, inlining, skolemizing) ...
[main] INFO kodkod.engine.config.Reporter - translating to boolean ...
[main] INFO kodkod.engine.config.Reporter - generating lex-leader symmetry breaking predicate ...
[main] INFO kodkod.engine.config.Reporter - translating to cnf ...
[main] INFO kodkod.engine.config.Reporter - detecting symmetries ...
[main] INFO kodkod.engine.config.Reporter - detected 20 equivalence classes of atoms ...
[main] INFO kodkod.engine.config.Reporter - optimizing bounds and formula (breaking predicate symmetries, inlining, skolemizing) ...
[main] INFO kodkod.engine.config.Reporter - translating to boolean ...
[main] INFO kodkod.engine.config.Reporter - generating lex-leader symmetry breaking predicate ...
[main] INFO kodkod.engine.config.Reporter - translating to cnf ...
[main] INFO kodkod.engine.config.Reporter - detecting symmetries ...
[main] INFO kodkod.engine.config.Reporter - detected 20 equivalence classes of atoms ...
[main] INFO kodkod.engine.config.Reporter - optimizing bounds and formula (breaking predicate symmetries, inlining, skolemizing) ...
[main] INFO kodkod.engine.config.Reporter - translating to boolean ...
[main] INFO kodkod.engine.config.Reporter - generating lex-leader symmetry breaking predicate ...
[main] INFO kodkod.engine.config.Reporter - detecting symmetries ...
[main] INFO kodkod.engine.config.Reporter - detected 20 equivalence classes of atoms ...
[main] INFO kodkod.engine.config.Reporter - optimizing bounds and formula (breaking predicate symmetries, inlining, skolemizing) ...
[main] INFO kodkod.engine.config.Reporter - translating to boolean ...
[main] INFO kodkod.engine.config.Reporter - generating lex-leader symmetry breaking predicate ...
[main] INFO kodkod.engine.config.Reporter - detecting symmetries ...
[main] INFO kodkod.engine.config.Reporter - detected 20 equivalence classes of atoms ...
[main] INFO kodkod.engine.config.Reporter - optimizing bounds and formula (breaking predicate symmetries, inlining, skolemizing) ...
[main] INFO kodkod.engine.config.Reporter - translating to boolean ...
[main] INFO kodkod.engine.config.Reporter - generating lex-leader symmetry breaking predicate ...
[main] INFO kodkod.engine.config.Reporter - detecting symmetries ...
[main] INFO kodkod.engine.config.Reporter - detected 20 equivalence classes of atoms ...
[main] INFO kodkod.engine.config.Reporter - optimizing bounds and formula (breaking predicate symmetries, inlining, skolemizing) ...
[main] INFO kodkod.engine.config.Reporter - translating to boolean ...
[main] INFO kodkod.engine.config.Reporter - generating lex-leader symmetry breaking predicate ...
[main] INFO kodkod.engine.config.Reporter - detecting symmetries ...
[main] INFO kodkod.engine.config.Reporter - detected 20 equivalence classes of atoms ...
[main] INFO kodkod.engine.config.Reporter - optimizing bounds and formula (breaking predicate symmetries, inlining, skolemizing) ...
[main] INFO kodkod.engine.config.Reporter - translating to boolean ...
[main] INFO kodkod.engine.config.Reporter - generating lex-leader symmetry breaking predicate ...
[main] INFO kodkod.engine.config.Reporter - detecting symmetries ...
[main] INFO kodkod.engine.config.Reporter - detected 20 equivalence classes of atoms ...
[main] INFO kodkod.engine.config.Reporter - optimizing bounds and formula (breaking predicate symmetries, inlining, skolemizing) ...
[main] INFO kodkod.engine.config.Reporter - translating to boolean ...
[main] INFO kodkod.engine.config.Reporter - generating lex-leader symmetry breaking predicate ...
[main] INFO kodkod.engine.config.Reporter - translating to cnf ...
[main] INFO kodkod.engine.config.Reporter - detecting symmetries ...
[main] INFO kodkod.engine.config.Reporter - detected 20 equivalence classes of atoms ...
[main] INFO kodkod.engine.config.Reporter - optimizing bounds and formula (breaking predicate symmetries, inlining, skolemizing) ...
[main] INFO kodkod.engine.config.Reporter - translating to boolean ...
[main] INFO kodkod.engine.config.Reporter - generating lex-leader symmetry breaking predicate ...
[main] INFO kodkod.engine.config.Reporter - translating to cnf ...
[main] INFO kodkod.engine.config.Reporter - detecting symmetries ...
[main] INFO kodkod.engine.config.Reporter - detected 21 equivalence classes of atoms ...
[main] INFO kodkod.engine.config.Reporter - optimizing bounds and formula (breaking predicate symmetries, inlining, skolemizing) ...
[main] INFO kodkod.engine.config.Reporter - translating to boolean ...
[main] INFO kodkod.engine.config.Reporter - generating lex-leader symmetry breaking predicate ...
[main] INFO kodkod.engine.config.Reporter - translating to cnf ...
[main] INFO kodkod.engine.config.Reporter - detecting symmetries ...
[main] INFO kodkod.engine.config.Reporter - detected 20 equivalence classes of atoms ...
[main] INFO kodkod.engine.config.Reporter - optimizing bounds and formula (breaking predicate symmetries, inlining, skolemizing) ...
[main] INFO kodkod.engine.config.Reporter - translating to boolean ...
[main] INFO kodkod.engine.config.Reporter - generating lex-leader symmetry breaking predicate ...
[main] INFO kodkod.engine.config.Reporter - translating to cnf ...
[main] INFO kodkod.engine.config.Reporter - detecting symmetries ...
[main] INFO kodkod.engine.config.Reporter - detected 23 equivalence classes of atoms ...
[main] INFO kodkod.engine.config.Reporter - optimizing bounds and formula (breaking predicate symmetries, inlining, skolemizing) ...
[main] INFO kodkod.engine.config.Reporter - translating to boolean ...
[main] INFO kodkod.engine.config.Reporter - generating lex-leader symmetry breaking predicate ...
[main] INFO kodkod.engine.config.Reporter - detecting symmetries ...
[main] INFO kodkod.engine.config.Reporter - detected 23 equivalence classes of atoms ...
[main] INFO kodkod.engine.config.Reporter - optimizing bounds and formula (breaking predicate symmetries, inlining, skolemizing) ...
[main] INFO kodkod.engine.config.Reporter - translating to boolean ...
[main] INFO kodkod.engine.config.Reporter - generating lex-leader symmetry breaking predicate ...
[main] INFO kodkod.engine.config.Reporter - detecting symmetries ...
[main] INFO kodkod.engine.config.Reporter - detected 23 equivalence classes of atoms ...
[main] INFO kodkod.engine.config.Reporter - optimizing bounds and formula (breaking predicate symmetries, inlining, skolemizing) ...
[main] INFO kodkod.engine.config.Reporter - translating to boolean ...
[main] INFO kodkod.engine.config.Reporter - generating lex-leader symmetry breaking predicate ...
[main] INFO kodkod.engine.config.Reporter - detecting symmetries ...
[main] INFO kodkod.engine.config.Reporter - detected 23 equivalence classes of atoms ...
[main] INFO kodkod.engine.config.Reporter - optimizing bounds and formula (breaking predicate symmetries, inlining, skolemizing) ...
[main] INFO kodkod.engine.config.Reporter - translating to boolean ...
[main] INFO kodkod.engine.config.Reporter - generating lex-leader symmetry breaking predicate ...
[main] INFO kodkod.engine.config.Reporter - translating to cnf ...
[main] INFO kodkod.engine.config.Reporter - detecting symmetries ...
[main] INFO kodkod.engine.config.Reporter - detected 23 equivalence classes of atoms ...
[main] INFO kodkod.engine.config.Reporter - optimizing bounds and formula (breaking predicate symmetries, inlining, skolemizing) ...
[main] INFO kodkod.engine.config.Reporter - translating to boolean ...
[main] INFO kodkod.engine.config.Reporter - generating lex-leader symmetry breaking predicate ...
[main] INFO kodkod.engine.config.Reporter - translating to cnf ...
[main] INFO kodkod.engine.config.Reporter - detecting symmetries ...
[main] INFO kodkod.engine.config.Reporter - detected 23 equivalence classes of atoms ...
[main] INFO kodkod.engine.config.Reporter - optimizing bounds and formula (breaking predicate symmetries, inlining, skolemizing) ...
[main] INFO kodkod.engine.config.Reporter - translating to boolean ...
[main] INFO kodkod.engine.config.Reporter - generating lex-leader symmetry breaking predicate ...
[main] INFO kodkod.engine.config.Reporter - translating to cnf ...
[main] INFO kodkod.engine.config.Reporter - detecting symmetries ...
[main] INFO kodkod.engine.config.Reporter - detected 23 equivalence classes of atoms ...
[main] INFO kodkod.engine.config.Reporter - optimizing bounds and formula (breaking predicate symmetries, inlining, skolemizing) ...
[main] INFO kodkod.engine.config.Reporter - translating to boolean ...
[main] INFO kodkod.engine.config.Reporter - generating lex-leader symmetry breaking predicate ...
[main] INFO kodkod.engine.config.Reporter - translating to cnf ...
[main] INFO kodkod.engine.config.Reporter - detecting symmetries ...
[main] INFO kodkod.engine.config.Reporter - detected 23 equivalence classes of atoms ...
[main] INFO kodkod.engine.config.Reporter - optimizing bounds and formula (breaking predicate symmetries, inlining, skolemizing) ...
[main] INFO kodkod.engine.config.Reporter - translating to boolean ...
[main] INFO kodkod.engine.config.Reporter - generating lex-leader symmetry breaking predicate ...
[main] INFO kodkod.engine.config.Reporter - translating to cnf ...
[main] INFO kodkod.engine.config.Reporter - detecting symmetries ...
[main] INFO kodkod.engine.config.Reporter - detected 23 equivalence classes of atoms ...
[main] INFO kodkod.engine.config.Reporter - optimizing bounds and formula (breaking predicate symmetries, inlining, skolemizing) ...
[main] INFO kodkod.engine.config.Reporter - translating to boolean ...
[main] INFO kodkod.engine.config.Reporter - generating lex-leader symmetry breaking predicate ...
[main] INFO kodkod.engine.config.Reporter - detecting symmetries ...
[main] INFO kodkod.engine.config.Reporter - detected 23 equivalence classes of atoms ...
[main] INFO kodkod.engine.config.Reporter - optimizing bounds and formula (breaking predicate symmetries, inlining, skolemizing) ...
[main] INFO kodkod.engine.config.Reporter - translating to boolean ...
[main] INFO kodkod.engine.config.Reporter - generating lex-leader symmetry breaking predicate ...
[main] INFO kodkod.engine.config.Reporter - detecting symmetries ...
[main] INFO kodkod.engine.config.Reporter - detected 23 equivalence classes of atoms ...
[main] INFO kodkod.engine.config.Reporter - optimizing bounds and formula (breaking predicate symmetries, inlining, skolemizing) ...
[main] INFO kodkod.engine.config.Reporter - translating to boolean ...
[main] INFO kodkod.engine.config.Reporter - generating lex-leader symmetry breaking predicate ...
[main] INFO kodkod.engine.config.Reporter - translating to cnf ...
[main] INFO kodkod.engine.config.Reporter - detecting symmetries ...
[main] INFO kodkod.engine.config.Reporter - detected 23 equivalence classes of atoms ...
[main] INFO kodkod.engine.config.Reporter - optimizing bounds and formula (breaking predicate symmetries, inlining, skolemizing) ...
[main] INFO kodkod.engine.config.Reporter - translating to boolean ...
[main] INFO kodkod.engine.config.Reporter - generating lex-leader symmetry breaking predicate ...
[main] INFO kodkod.engine.config.Reporter - translating to cnf ...
[main] INFO kodkod.engine.config.Reporter - detecting symmetries ...
[main] INFO kodkod.engine.config.Reporter - detected 23 equivalence classes of atoms ...
[main] INFO kodkod.engine.config.Reporter - optimizing bounds and formula (breaking predicate symmetries, inlining, skolemizing) ...
[main] INFO kodkod.engine.config.Reporter - translating to boolean ...
[main] INFO kodkod.engine.config.Reporter - generating lex-leader symmetry breaking predicate ...
[main] INFO kodkod.engine.config.Reporter - translating to cnf ...
[main] INFO kodkod.engine.config.Reporter - detecting symmetries ...
[main] INFO kodkod.engine.config.Reporter - detected 23 equivalence classes of atoms ...
[main] INFO kodkod.engine.config.Reporter - optimizing bounds and formula (breaking predicate symmetries, inlining, skolemizing) ...
[main] INFO kodkod.engine.config.Reporter - translating to boolean ...
[main] INFO kodkod.engine.config.Reporter - generating lex-leader symmetry breaking predicate ...
[main] INFO kodkod.engine.config.Reporter - translating to cnf ...
[main] INFO kodkod.engine.config.Reporter - detecting symmetries ...
[main] INFO kodkod.engine.config.Reporter - detected 23 equivalence classes of atoms ...
[main] INFO kodkod.engine.config.Reporter - optimizing bounds and formula (breaking predicate symmetries, inlining, skolemizing) ...
[main] INFO kodkod.engine.config.Reporter - translating to boolean ...
[main] INFO kodkod.engine.config.Reporter - generating lex-leader symmetry breaking predicate ...
[main] INFO kodkod.engine.config.Reporter - translating to cnf ...
[main] INFO kodkod.engine.config.Reporter - detecting symmetries ...
[main] INFO kodkod.engine.config.Reporter - detected 23 equivalence classes of atoms ...
[main] INFO kodkod.engine.config.Reporter - optimizing bounds and formula (breaking predicate symmetries, inlining, skolemizing) ...
[main] INFO kodkod.engine.config.Reporter - translating to boolean ...
[main] INFO kodkod.engine.config.Reporter - generating lex-leader symmetry breaking predicate ...
[main] INFO kodkod.engine.config.Reporter - translating to cnf ...
[main] INFO kodkod.engine.config.Reporter - detecting symmetries ...
[main] INFO kodkod.engine.config.Reporter - detected 22 equivalence classes of atoms ...
[main] INFO kodkod.engine.config.Reporter - optimizing bounds and formula (breaking predicate symmetries, inlining, skolemizing) ...
[main] INFO kodkod.engine.config.Reporter - translating to boolean ...
[main] INFO kodkod.engine.config.Reporter - generating lex-leader symmetry breaking predicate ...
[main] INFO kodkod.engine.config.Reporter - detecting symmetries ...
[main] INFO kodkod.engine.config.Reporter - detected 22 equivalence classes of atoms ...
[main] INFO kodkod.engine.config.Reporter - optimizing bounds and formula (breaking predicate symmetries, inlining, skolemizing) ...
[main] INFO kodkod.engine.config.Reporter - translating to boolean ...
[main] INFO kodkod.engine.config.Reporter - generating lex-leader symmetry breaking predicate ...
[main] INFO kodkod.engine.config.Reporter - detecting symmetries ...
[main] INFO kodkod.engine.config.Reporter - detected 22 equivalence classes of atoms ...
[main] INFO kodkod.engine.config.Reporter - optimizing bounds and formula (breaking predicate symmetries, inlining, skolemizing) ...
[main] INFO kodkod.engine.config.Reporter - translating to boolean ...
[main] INFO kodkod.engine.config.Reporter - generating lex-leader symmetry breaking predicate ...
[main] INFO kodkod.engine.config.Reporter - detecting symmetries ...
[main] INFO kodkod.engine.config.Reporter - detected 22 equivalence classes of atoms ...
[main] INFO kodkod.engine.config.Reporter - optimizing bounds and formula (breaking predicate symmetries, inlining, skolemizing) ...
[main] INFO kodkod.engine.config.Reporter - translating to boolean ...
[main] INFO kodkod.engine.config.Reporter - generating lex-leader symmetry breaking predicate ...
[main] INFO kodkod.engine.config.Reporter - detecting symmetries ...
[main] INFO kodkod.engine.config.Reporter - detected 22 equivalence classes of atoms ...
[main] INFO kodkod.engine.config.Reporter - optimizing bounds and formula (breaking predicate symmetries, inlining, skolemizing) ...
[main] INFO kodkod.engine.config.Reporter - translating to boolean ...
[main] INFO kodkod.engine.config.Reporter - generating lex-leader symmetry breaking predicate ...
[main] INFO kodkod.engine.config.Reporter - detecting symmetries ...
[main] INFO kodkod.engine.config.Reporter - detected 22 equivalence classes of atoms ...
[main] INFO kodkod.engine.config.Reporter - optimizing bounds and formula (breaking predicate symmetries, inlining, skolemizing) ...
[main] INFO kodkod.engine.config.Reporter - translating to boolean ...
[main] INFO kodkod.engine.config.Reporter - generating lex-leader symmetry breaking predicate ...
[main] INFO kodkod.engine.config.Reporter - detecting symmetries ...
[main] INFO kodkod.engine.config.Reporter - detected 22 equivalence classes of atoms ...
[main] INFO kodkod.engine.config.Reporter - optimizing bounds and formula (breaking predicate symmetries, inlining, skolemizing) ...
[main] INFO kodkod.engine.config.Reporter - translating to boolean ...
[main] INFO kodkod.engine.config.Reporter - generating lex-leader symmetry breaking predicate ...
[main] INFO kodkod.engine.config.Reporter - translating to cnf ...
[main] INFO kodkod.engine.config.Reporter - detecting symmetries ...
[main] INFO kodkod.engine.config.Reporter - detected 22 equivalence classes of atoms ...
[main] INFO kodkod.engine.config.Reporter - optimizing bounds and formula (breaking predicate symmetries, inlining, skolemizing) ...
[main] INFO kodkod.engine.config.Reporter - translating to boolean ...
[main] INFO kodkod.engine.config.Reporter - generating lex-leader symmetry breaking predicate ...
[main] INFO kodkod.engine.config.Reporter - translating to cnf ...
[main] INFO kodkod.engine.config.Reporter - detecting symmetries ...
[main] INFO kodkod.engine.config.Reporter - detected 22 equivalence classes of atoms ...
[main] INFO kodkod.engine.config.Reporter - optimizing bounds and formula (breaking predicate symmetries, inlining, skolemizing) ...
[main] INFO kodkod.engine.config.Reporter - translating to boolean ...
[main] INFO kodkod.engine.config.Reporter - generating lex-leader symmetry breaking predicate ...
[main] INFO kodkod.engine.config.Reporter - translating to cnf ...
[main] INFO kodkod.engine.config.Reporter - detecting symmetries ...
[main] INFO kodkod.engine.config.Reporter - detected 22 equivalence classes of atoms ...
[main] INFO kodkod.engine.config.Reporter - optimizing bounds and formula (breaking predicate symmetries, inlining, skolemizing) ...
[main] INFO kodkod.engine.config.Reporter - translating to boolean ...
[main] INFO kodkod.engine.config.Reporter - generating lex-leader symmetry breaking predicate ...
[main] INFO kodkod.engine.config.Reporter - translating to cnf ...
[main] INFO kodkod.engine.config.Reporter - detecting symmetries ...
[main] INFO kodkod.engine.config.Reporter - detected 22 equivalence classes of atoms ...
[main] INFO kodkod.engine.config.Reporter - optimizing bounds and formula (breaking predicate symmetries, inlining, skolemizing) ...
[main] INFO kodkod.engine.config.Reporter - translating to boolean ...
[main] INFO kodkod.engine.config.Reporter - generating lex-leader symmetry breaking predicate ...
[main] INFO kodkod.engine.config.Reporter - detecting symmetries ...
[main] INFO kodkod.engine.config.Reporter - detected 22 equivalence classes of atoms ...
[main] INFO kodkod.engine.config.Reporter - optimizing bounds and formula (breaking predicate symmetries, inlining, skolemizing) ...
[main] INFO kodkod.engine.config.Reporter - translating to boolean ...
[main] INFO kodkod.engine.config.Reporter - generating lex-leader symmetry breaking predicate ...
[main] INFO kodkod.engine.config.Reporter - detecting symmetries ...
[main] INFO kodkod.engine.config.Reporter - detected 22 equivalence classes of atoms ...
[main] INFO kodkod.engine.config.Reporter - optimizing bounds and formula (breaking predicate symmetries, inlining, skolemizing) ...
[main] INFO kodkod.engine.config.Reporter - translating to boolean ...
[main] INFO kodkod.engine.config.Reporter - generating lex-leader symmetry breaking predicate ...
[main] INFO kodkod.engine.config.Reporter - detecting symmetries ...
[main] INFO kodkod.engine.config.Reporter - detected 22 equivalence classes of atoms ...
[main] INFO kodkod.engine.config.Reporter - optimizing bounds and formula (breaking predicate symmetries, inlining, skolemizing) ...
[main] INFO kodkod.engine.config.Reporter - translating to boolean ...
[main] INFO kodkod.engine.config.Reporter - generating lex-leader symmetry breaking predicate ...
[main] INFO kodkod.engine.config.Reporter - detecting symmetries ...
[main] INFO kodkod.engine.config.Reporter - detected 22 equivalence classes of atoms ...
[main] INFO kodkod.engine.config.Reporter - optimizing bounds and formula (breaking predicate symmetries, inlining, skolemizing) ...
[main] INFO kodkod.engine.config.Reporter - translating to boolean ...
[main] INFO kodkod.engine.config.Reporter - generating lex-leader symmetry breaking predicate ...
[main] INFO kodkod.engine.config.Reporter - translating to cnf ...
[main] INFO kodkod.engine.config.Reporter - detecting symmetries ...
[main] INFO kodkod.engine.config.Reporter - detected 22 equivalence classes of atoms ...
[main] INFO kodkod.engine.config.Reporter - optimizing bounds and formula (breaking predicate symmetries, inlining, skolemizing) ...
[main] INFO kodkod.engine.config.Reporter - translating to boolean ...
[main] INFO kodkod.engine.config.Reporter - generating lex-leader symmetry breaking predicate ...
[main] INFO kodkod.engine.config.Reporter - translating to cnf ...
[main] INFO kodkod.engine.config.Reporter - detecting symmetries ...
[main] INFO kodkod.engine.config.Reporter - detected 22 equivalence classes of atoms ...
[main] INFO kodkod.engine.config.Reporter - optimizing bounds and formula (breaking predicate symmetries, inlining, skolemizing) ...
[main] INFO kodkod.engine.config.Reporter - translating to boolean ...
[main] INFO kodkod.engine.config.Reporter - generating lex-leader symmetry breaking predicate ...
[main] INFO kodkod.engine.config.Reporter - translating to cnf ...
[main] INFO kodkod.engine.config.Reporter - detecting symmetries ...
[main] INFO kodkod.engine.config.Reporter - detected 19 equivalence classes of atoms ...
[main] INFO kodkod.engine.config.Reporter - optimizing bounds and formula (breaking predicate symmetries, inlining, skolemizing) ...
[main] INFO kodkod.engine.config.Reporter - translating to boolean ...
[main] INFO kodkod.engine.config.Reporter - generating lex-leader symmetry breaking predicate ...
[main] INFO kodkod.engine.config.Reporter - detecting symmetries ...
[main] INFO kodkod.engine.config.Reporter - detected 19 equivalence classes of atoms ...
[main] INFO kodkod.engine.config.Reporter - optimizing bounds and formula (breaking predicate symmetries, inlining, skolemizing) ...
[main] INFO kodkod.engine.config.Reporter - translating to boolean ...
[main] INFO kodkod.engine.config.Reporter - generating lex-leader symmetry breaking predicate ...
[main] INFO kodkod.engine.config.Reporter - detecting symmetries ...
[main] INFO kodkod.engine.config.Reporter - detected 19 equivalence classes of atoms ...
[main] INFO kodkod.engine.config.Reporter - optimizing bounds and formula (breaking predicate symmetries, inlining, skolemizing) ...
[main] INFO kodkod.engine.config.Reporter - translating to boolean ...
[main] INFO kodkod.engine.config.Reporter - generating lex-leader symmetry breaking predicate ...
[main] INFO kodkod.engine.config.Reporter - detecting symmetries ...
[main] INFO kodkod.engine.config.Reporter - detected 19 equivalence classes of atoms ...
[main] INFO kodkod.engine.config.Reporter - optimizing bounds and formula (breaking predicate symmetries, inlining, skolemizing) ...
[main] INFO kodkod.engine.config.Reporter - translating to boolean ...
[main] INFO kodkod.engine.config.Reporter - generating lex-leader symmetry breaking predicate ...
[main] INFO kodkod.engine.config.Reporter - detecting symmetries ...
[main] INFO kodkod.engine.config.Reporter - detected 19 equivalence classes of atoms ...
[main] INFO kodkod.engine.config.Reporter - optimizing bounds and formula (breaking predicate symmetries, inlining, skolemizing) ...
[main] INFO kodkod.engine.config.Reporter - translating to boolean ...
[main] INFO kodkod.engine.config.Reporter - generating lex-leader symmetry breaking predicate ...
[main] INFO kodkod.engine.config.Reporter - detecting symmetries ...
[main] INFO kodkod.engine.config.Reporter - detected 19 equivalence classes of atoms ...
[main] INFO kodkod.engine.config.Reporter - optimizing bounds and formula (breaking predicate symmetries, inlining, skolemizing) ...
[main] INFO kodkod.engine.config.Reporter - translating to boolean ...
[main] INFO kodkod.engine.config.Reporter - generating lex-leader symmetry breaking predicate ...
[main] INFO kodkod.engine.config.Reporter - detecting symmetries ...
[main] INFO kodkod.engine.config.Reporter - detected 19 equivalence classes of atoms ...
[main] INFO kodkod.engine.config.Reporter - optimizing bounds and formula (breaking predicate symmetries, inlining, skolemizing) ...
[main] INFO kodkod.engine.config.Reporter - translating to boolean ...
[main] INFO kodkod.engine.config.Reporter - generating lex-leader symmetry breaking predicate ...
[main] INFO kodkod.engine.config.Reporter - detecting symmetries ...
[main] INFO kodkod.engine.config.Reporter - detected 19 equivalence classes of atoms ...
[main] INFO kodkod.engine.config.Reporter - optimizing bounds and formula (breaking predicate symmetries, inlining, skolemizing) ...
[main] INFO kodkod.engine.config.Reporter - translating to boolean ...
[main] INFO kodkod.engine.config.Reporter - generating lex-leader symmetry breaking predicate ...
[main] INFO kodkod.engine.config.Reporter - detecting symmetries ...
[main] INFO kodkod.engine.config.Reporter - detected 19 equivalence classes of atoms ...
[main] INFO kodkod.engine.config.Reporter - optimizing bounds and formula (breaking predicate symmetries, inlining, skolemizing) ...
[main] INFO kodkod.engine.config.Reporter - translating to boolean ...
[main] INFO kodkod.engine.config.Reporter - generating lex-leader symmetry breaking predicate ...
[main] INFO kodkod.engine.config.Reporter - detecting symmetries ...
[main] INFO kodkod.engine.config.Reporter - detected 19 equivalence classes of atoms ...
[main] INFO kodkod.engine.config.Reporter - optimizing bounds and formula (breaking predicate symmetries, inlining, skolemizing) ...
[main] INFO kodkod.engine.config.Reporter - translating to boolean ...
[main] INFO kodkod.engine.config.Reporter - generating lex-leader symmetry breaking predicate ...
[main] INFO kodkod.engine.config.Reporter - detecting symmetries ...
[main] INFO kodkod.engine.config.Reporter - detected 19 equivalence classes of atoms ...
[main] INFO kodkod.engine.config.Reporter - optimizing bounds and formula (breaking predicate symmetries, inlining, skolemizing) ...
[main] INFO kodkod.engine.config.Reporter - translating to boolean ...
[main] INFO kodkod.engine.config.Reporter - generating lex-leader symmetry breaking predicate ...
[main] INFO kodkod.engine.config.Reporter - detecting symmetries ...
[main] INFO kodkod.engine.config.Reporter - detected 19 equivalence classes of atoms ...
[main] INFO kodkod.engine.config.Reporter - optimizing bounds and formula (breaking predicate symmetries, inlining, skolemizing) ...
[main] INFO kodkod.engine.config.Reporter - translating to boolean ...
[main] INFO kodkod.engine.config.Reporter - generating lex-leader symmetry breaking predicate ...
[main] INFO kodkod.engine.config.Reporter - translating to cnf ...
[main] INFO kodkod.engine.config.Reporter - detecting symmetries ...
[main] INFO kodkod.engine.config.Reporter - detected 19 equivalence classes of atoms ...
[main] INFO kodkod.engine.config.Reporter - optimizing bounds and formula (breaking predicate symmetries, inlining, skolemizing) ...
[main] INFO kodkod.engine.config.Reporter - translating to boolean ...
[main] INFO kodkod.engine.config.Reporter - generating lex-leader symmetry breaking predicate ...
[main] INFO kodkod.engine.config.Reporter - translating to cnf ...
[main] INFO kodkod.engine.config.Reporter - detecting symmetries ...
[main] INFO kodkod.engine.config.Reporter - detected 19 equivalence classes of atoms ...
[main] INFO kodkod.engine.config.Reporter - optimizing bounds and formula (breaking predicate symmetries, inlining, skolemizing) ...
[main] INFO kodkod.engine.config.Reporter - translating to boolean ...
[main] INFO kodkod.engine.config.Reporter - generating lex-leader symmetry breaking predicate ...
[main] INFO kodkod.engine.config.Reporter - detecting symmetries ...
[main] INFO kodkod.engine.config.Reporter - detected 19 equivalence classes of atoms ...
[main] INFO kodkod.engine.config.Reporter - optimizing bounds and formula (breaking predicate symmetries, inlining, skolemizing) ...
[main] INFO kodkod.engine.config.Reporter - translating to boolean ...
[main] INFO kodkod.engine.config.Reporter - generating lex-leader symmetry breaking predicate ...
[main] INFO kodkod.engine.config.Reporter - detecting symmetries ...
[main] INFO kodkod.engine.config.Reporter - detected 19 equivalence classes of atoms ...
[main] INFO kodkod.engine.config.Reporter - optimizing bounds and formula (breaking predicate symmetries, inlining, skolemizing) ...
[main] INFO kodkod.engine.config.Reporter - translating to boolean ...
[main] INFO kodkod.engine.config.Reporter - generating lex-leader symmetry breaking predicate ...
[main] INFO kodkod.engine.config.Reporter - translating to cnf ...
[main] INFO kodkod.engine.config.Reporter - detecting symmetries ...
[main] INFO kodkod.engine.config.Reporter - detected 19 equivalence classes of atoms ...
[main] INFO kodkod.engine.config.Reporter - optimizing bounds and formula (breaking predicate symmetries, inlining, skolemizing) ...
[main] INFO kodkod.engine.config.Reporter - translating to boolean ...
[main] INFO kodkod.engine.config.Reporter - generating lex-leader symmetry breaking predicate ...
[main] INFO kodkod.engine.config.Reporter - translating to cnf ...
[main] INFO kodkod.engine.config.Reporter - detecting symmetries ...
[main] INFO kodkod.engine.config.Reporter - detected 19 equivalence classes of atoms ...
[main] INFO kodkod.engine.config.Reporter - optimizing bounds and formula (breaking predicate symmetries, inlining, skolemizing) ...
[main] INFO kodkod.engine.config.Reporter - translating to boolean ...
[main] INFO kodkod.engine.config.Reporter - generating lex-leader symmetry breaking predicate ...
[main] INFO kodkod.engine.config.Reporter - translating to cnf ...
[main] INFO kodkod.engine.config.Reporter - detecting symmetries ...
[main] INFO kodkod.engine.config.Reporter - detected 19 equivalence classes of atoms ...
[main] INFO kodkod.engine.config.Reporter - optimizing bounds and formula (breaking predicate symmetries, inlining, skolemizing) ...
[main] INFO kodkod.engine.config.Reporter - translating to boolean ...
[main] INFO kodkod.engine.config.Reporter - generating lex-leader symmetry breaking predicate ...
[main] INFO kodkod.engine.config.Reporter - translating to cnf ...
[main] INFO kodkod.engine.config.Reporter - detecting symmetries ...
[main] INFO kodkod.engine.config.Reporter - detected 19 equivalence classes of atoms ...
[main] INFO kodkod.engine.config.Reporter - optimizing bounds and formula (breaking predicate symmetries, inlining, skolemizing) ...
[main] INFO kodkod.engine.config.Reporter - translating to boolean ...
[main] INFO kodkod.engine.config.Reporter - generating lex-leader symmetry breaking predicate ...
[main] INFO kodkod.engine.config.Reporter - translating to cnf ...
[main] INFO kodkod.engine.config.Reporter - detecting symmetries ...
[main] INFO kodkod.engine.config.Reporter - detected 19 equivalence classes of atoms ...
[main] INFO kodkod.engine.config.Reporter - optimizing bounds and formula (breaking predicate symmetries, inlining, skolemizing) ...
[main] INFO kodkod.engine.config.Reporter - translating to boolean ...
[main] INFO kodkod.engine.config.Reporter - generating lex-leader symmetry breaking predicate ...
[main] INFO kodkod.engine.config.Reporter - translating to cnf ...
[main] INFO kodkod.engine.config.Reporter - detecting symmetries ...
[main] INFO kodkod.engine.config.Reporter - detected 19 equivalence classes of atoms ...
[main] INFO kodkod.engine.config.Reporter - optimizing bounds and formula (breaking predicate symmetries, inlining, skolemizing) ...
[main] INFO kodkod.engine.config.Reporter - translating to boolean ...
[main] INFO kodkod.engine.config.Reporter - generating lex-leader symmetry breaking predicate ...
[main] INFO kodkod.engine.config.Reporter - translating to cnf ...
[main] INFO kodkod.engine.config.Reporter - detecting symmetries ...
[main] INFO kodkod.engine.config.Reporter - detected 19 equivalence classes of atoms ...
[main] INFO kodkod.engine.config.Reporter - optimizing bounds and formula (breaking predicate symmetries, inlining, skolemizing) ...
[main] INFO kodkod.engine.config.Reporter - translating to boolean ...
[main] INFO kodkod.engine.config.Reporter - generating lex-leader symmetry breaking predicate ...
[main] INFO kodkod.engine.config.Reporter - translating to cnf ...
[main] INFO kodkod.engine.config.Reporter - detecting symmetries ...
[main] INFO kodkod.engine.config.Reporter - detected 19 equivalence classes of atoms ...
[main] INFO kodkod.engine.config.Reporter - optimizing bounds and formula (breaking predicate symmetries, inlining, skolemizing) ...
[main] INFO kodkod.engine.config.Reporter - translating to boolean ...
[main] INFO kodkod.engine.config.Reporter - generating lex-leader symmetry breaking predicate ...
[main] INFO kodkod.engine.config.Reporter - translating to cnf ...
[main] INFO kodkod.engine.config.Reporter - detecting symmetries ...
[main] INFO kodkod.engine.config.Reporter - detected 1 equivalence classes of atoms ...
[main] INFO kodkod.engine.config.Reporter - optimizing bounds and formula (breaking predicate symmetries, inlining, skolemizing) ...
[main] INFO kodkod.engine.config.Reporter - translating to boolean ...
[main] INFO kodkod.engine.config.Reporter - generating lex-leader symmetry breaking predicate ...
[main] INFO kodkod.engine.config.Reporter - detecting symmetries ...
[main] INFO kodkod.engine.config.Reporter - detected 1 equivalence classes of atoms ...
[main] INFO kodkod.engine.config.Reporter - optimizing bounds and formula (breaking predicate symmetries, inlining, skolemizing) ...
[main] INFO kodkod.engine.config.Reporter - translating to boolean ...
[main] INFO kodkod.engine.config.Reporter - generating lex-leader symmetry breaking predicate ...
[main] INFO kodkod.engine.config.Reporter - detecting symmetries ...
[main] INFO kodkod.engine.config.Reporter - detected 1 equivalence classes of atoms ...
[main] INFO kodkod.engine.config.Reporter - optimizing bounds and formula (breaking predicate symmetries, inlining, skolemizing) ...
[main] INFO kodkod.engine.config.Reporter - translating to boolean ...
[main] INFO kodkod.engine.config.Reporter - generating lex-leader symmetry breaking predicate ...
[main] INFO kodkod.engine.config.Reporter - detecting symmetries ...
[main] INFO kodkod.engine.config.Reporter - detected 1 equivalence classes of atoms ...
[main] INFO kodkod.engine.config.Reporter - optimizing bounds and formula (breaking predicate symmetries, inlining, skolemizing) ...
[main] INFO kodkod.engine.config.Reporter - translating to boolean ...
[main] INFO kodkod.engine.config.Reporter - generating lex-leader symmetry breaking predicate ...
[main] INFO kodkod.engine.config.Reporter - detecting symmetries ...
[main] INFO kodkod.engine.config.Reporter - detected 1 equivalence classes of atoms ...
[main] INFO kodkod.engine.config.Reporter - optimizing bounds and formula (breaking predicate symmetries, inlining, skolemizing) ...
[main] INFO kodkod.engine.config.Reporter - translating to boolean ...
[main] INFO kodkod.engine.config.Reporter - generating lex-leader symmetry breaking predicate ...
[main] INFO kodkod.engine.config.Reporter - detecting symmetries ...
[main] INFO kodkod.engine.config.Reporter - detected 3 equivalence classes of atoms ...
[main] INFO kodkod.engine.config.Reporter - optimizing bounds and formula (breaking predicate symmetries, inlining, skolemizing) ...
[main] INFO kodkod.engine.config.Reporter - translating to boolean ...
[main] INFO kodkod.engine.config.Reporter - generating lex-leader symmetry breaking predicate ...
[main] INFO kodkod.engine.config.Reporter - detecting symmetries ...
[main] INFO kodkod.engine.config.Reporter - detected 3 equivalence classes of atoms ...
[main] INFO kodkod.engine.config.Reporter - optimizing bounds and formula (breaking predicate symmetries, inlining, skolemizing) ...
[main] INFO kodkod.engine.config.Reporter - translating to boolean ...
[main] INFO kodkod.engine.config.Reporter - generating lex-leader symmetry breaking predicate ...
[main] INFO kodkod.engine.config.Reporter - translating to cnf ...
[main] INFO kodkod.engine.config.Reporter - detecting symmetries ...
[main] INFO kodkod.engine.config.Reporter - detected 2 equivalence classes of atoms ...
[main] INFO kodkod.engine.config.Reporter - optimizing bounds and formula (breaking predicate symmetries, inlining, skolemizing) ...
[main] INFO kodkod.engine.config.Reporter - translating to boolean ...
[main] INFO kodkod.engine.config.Reporter - generating lex-leader symmetry breaking predicate ...
[main] INFO kodkod.engine.config.Reporter - translating to cnf ...
Adding key: is.fivefivefive.ACGN.alloy.EndSymbol@0
Adding key: CallSymbol{FORMULA temporal_snapshot_carrier_regression/staleAtom/0@0}
Adding key: CallSymbol{FORMULA temporal_snapshot_carrier_regression/currentMembership/0@0}
Adding key: DummySymbol{type='sig'}
Adding key: MiddleSymbol{name='UNOPF_ALWAYS', infiniteRoot=false, typeConfinerOp= false}
Adding key: DummySymbol{type='predroot'}
Adding key: MiddleSymbol{name='LIST_FORMULA_1', infiniteRoot=true, typeConfinerOp= false}
Adding key: DeclRootSymbol{semantic=0}
Adding key: ShadowSymbol{signature=0.0}
Adding key: MiddleSymbol{name='UNOPF_AFTER', infiniteRoot=false, typeConfinerOp= false}
Adding key: MiddleSymbol{name='UNOPE_ONE', infiniteRoot=false, typeConfinerOp= false}
Adding key: DummySymbol{type='local_var'}
Adding key: MiddleSymbol{name='UNOPF_NOT', infiniteRoot=false, typeConfinerOp= false}
Adding key: MiddleSymbol{name='QT_FORMULA_ALL1', infiniteRoot=true, typeConfinerOp= false}
Adding key: MiddleSymbol{name='BOPEXPR_INTERSECT', infiniteRoot=false, typeConfinerOp= false}
Adding key: MiddleSymbol{name='UNOPF_NO', infiniteRoot=false, typeConfinerOp= false}
[main] INFO kodkod.engine.config.Reporter - detecting symmetries ...
[main] INFO kodkod.engine.config.Reporter - detected 3 equivalence classes of atoms ...
[main] INFO kodkod.engine.config.Reporter - optimizing bounds and formula (breaking predicate symmetries, inlining, skolemizing) ...
[main] INFO kodkod.engine.config.Reporter - translating to boolean ...
[main] INFO kodkod.engine.config.Reporter - generating lex-leader symmetry breaking predicate ...
[main] INFO kodkod.engine.config.Reporter - translating to cnf ...
[main] INFO kodkod.engine.config.Reporter - detecting symmetries ...
[main] INFO kodkod.engine.config.Reporter - detected 4 equivalence classes of atoms ...
[main] INFO kodkod.engine.config.Reporter - optimizing bounds and formula (breaking predicate symmetries, inlining, skolemizing) ...
[main] INFO kodkod.engine.config.Reporter - translating to boolean ...
[main] INFO kodkod.engine.config.Reporter - generating lex-leader symmetry breaking predicate ...
[main] INFO kodkod.engine.config.Reporter - translating to cnf ...
MASGVisitorTypeRegressionTest passed
Running is.fivefivefive.CanDis.SemanticProfileSourceCommandTest
Adding key: is.fivefivefive.ACGN.alloy.EndSymbol@0
Adding key: DummySymbol{type='sig'}
Adding key: DummySymbol{type='predroot'}
Adding key: MiddleSymbol{name='UNOPF_NO', infiniteRoot=false, typeConfinerOp= false}
Adding key: ShadowSymbol{signature=0.0}
SemanticProfileSourceCommandTest passed: 44 checks
Running is.fivefivefive.CanDis.TheoryLawPolicyRegressionTest
TheoryLawPolicyRegressionTest passed: 187 checks
Running is.fivefivefive.CanDis.VisualizationAnalysisServiceTest
Adding key: is.fivefivefive.ACGN.alloy.EndSymbol@0
Adding key: DummySymbol{type='sig'}
Adding key: DummySymbol{type='field'}
Adding key: MiddleSymbol{name='BOPEXPR_JOIN', infiniteRoot=false, typeConfinerOp= false}
Adding key: MiddleSymbol{name='FIELD_DECL', infiniteRoot=false, typeConfinerOp= false}
Adding key: DummySymbol{type='local_var'}
Adding key: DeclRootSymbol{semantic=0}
Adding key: DummySymbol{type='predroot'}
Adding key: ShadowSymbol{signature=0.0}
Adding key: is.fivefivefive.ACGN.alloy.EndSymbol@0
Adding key: DummySymbol{type='sig'}
Adding key: DummySymbol{type='local_var'}
Adding key: CallSymbol{EXPRESSION anonymous/sha256-7386f25bcf8c6d97ea8a8b40fc7e81c3cf24e4f9b9c0f15bd87ee4d565c95e13/neighbors/1@0}
Adding key: MiddleSymbol{name='BOPEXPR_JOIN', infiniteRoot=false, typeConfinerOp= false}
Adding key: DummySymbol{type='field'}
Adding key: MiddleSymbol{name='FIELD_DECL', infiniteRoot=false, typeConfinerOp= false}
Adding key: DummySymbol{type='predroot'}
Adding key: DeclRootSymbol{semantic=0}
Adding key: MiddleSymbol{name='UNOPF_SOME', infiniteRoot=false, typeConfinerOp= false}
Adding key: DummySymbol{type='ref'}
Adding key: ShadowSymbol{signature=0.0}
Adding key: is.fivefivefive.ACGN.alloy.EndSymbol@0
Adding key: DummySymbol{type='sig'}
Adding key: DummySymbol{type='predroot'}
Adding key: MiddleSymbol{name='FIELD_DECL', infiniteRoot=false, typeConfinerOp= false}
Adding key: MiddleSymbol{name='BOPEXPR_ARROW', infiniteRoot=false, typeConfinerOp= false}
Adding key: DummySymbol{type='field'}
Adding key: ShadowSymbol{signature=0.0}
Adding key: is.fivefivefive.ACGN.alloy.EndSymbol@0
Adding key: DummySymbol{type='sig'}
Adding key: DummySymbol{type='local_var'}
Adding key: CallSymbol{EXPRESSION anonymous/sha256-7386f25bcf8c6d97ea8a8b40fc7e81c3cf24e4f9b9c0f15bd87ee4d565c95e13/neighbors/1@0}
Adding key: MiddleSymbol{name='BOPEXPR_JOIN', infiniteRoot=false, typeConfinerOp= false}
Adding key: DummySymbol{type='field'}
Adding key: MiddleSymbol{name='FIELD_DECL', infiniteRoot=false, typeConfinerOp= false}
Adding key: DummySymbol{type='predroot'}
Adding key: DeclRootSymbol{semantic=0}
Adding key: MiddleSymbol{name='UNOPF_SOME', infiniteRoot=false, typeConfinerOp= false}
Adding key: DummySymbol{type='ref'}
Adding key: ShadowSymbol{signature=0.0}
Adding key: is.fivefivefive.ACGN.alloy.EndSymbol@0
Adding key: DummySymbol{type='sig'}
Adding key: MiddleSymbol{name='BOPEXPR_JOIN', infiniteRoot=false, typeConfinerOp= false}
Adding key: DummySymbol{type='field'}
Adding key: MiddleSymbol{name='FIELD_DECL', infiniteRoot=false, typeConfinerOp= false}
Adding key: DummySymbol{type='local_var'}
Adding key: DeclRootSymbol{semantic=0}
Adding key: DummySymbol{type='predroot'}
Adding key: ShadowSymbol{signature=0.0}
VisualizationAnalysisServiceTest passed
Running is.fivefivefive.CanDis.VisualizationProcessRunnerTest
VisualizationProcessRunnerTest passed
Running is.fivefivefive.CanDis.ablation.EGraphAblationTest
EGraph ablation tests passed.
Running is.fivefivefive.CanDis.metric.QuotientRepairDistanceTest
QuotientRepairDistanceTest passed: 2266 checks
Running is.fivefivefive.CanDis.theory.TheoryFoundationsTest
TheoryFoundationsTest passed: 1053 checks; deterministic seed=55520260816
Running is.fivefivefive.CanDis.theory.TheoryPortsTest
TheoryPortsTest passed: 1014 checks; deterministic seed=55520260817
Running is.fivefivefive.CanDis.theory.BooleanSmartConstructionTest
BooleanSmartConstructionTest passed: 68 checks
Running is.fivefivefive.CanDis.theory.TheoryStateTest
TheoryStateTest passed: 4214 checks; deterministic seed=55520260818
Running is.fivefivefive.CanDis.theory.TheoryCanonicalizationTest
TheoryCanonicalizationTest passed: 14481 checks; deterministic seed=55520260819
Running is.fivefivefive.CanDis.theory.TheoryLeaderKernelTest
TheoryLeaderKernelTest passed: 233 checks; deterministic seed=55520260820
Running is.fivefivefive.CanDis.theory.TheoryCertificatesTest
TheoryCertificatesTest passed: 445 checks; deterministic seed=55520260821
Running is.fivefivefive.CanDis.theory.TheoryCoherentInsertionTest
TheoryCoherentInsertionTest passed: 19 checks
Running is.fivefivefive.CanDis.theory.TheoryRebuildTest
TheoryRebuildTest passed: 522 checks; deterministic seed=55520260822
Running is.fivefivefive.CanDis.theory.Phase4ProducerTransitionEvidenceTest
Phase4ProducerTransitionEvidenceTest passed: 69 checks
Running is.fivefivefive.CanDis.theory.TheoryFiniteUnfoldingTest
TheoryFiniteUnfoldingTest passed: 424 checks; deterministic seed=55520260823
Running is.fivefivefive.CanDis.theory.TheoryDeterminismTest
TheoryDeterminismTest passed: 47 checks; deterministic seed=55520260824
Running is.fivefivefive.CanDis.theory.CertificateProvenanceTest
CertificateProvenanceTest passed
Wrote /tmp/acgn-bounded-java-tests.RWWXJU/distance-paper-artifacts/paper_tables.md
Wrote /tmp/acgn-bounded-java-tests.RWWXJU/distance-paper-artifacts/paper_metrics.json
Reward plots skipped: this snapshot has no reward plotting inputs.
Derived distance artifacts written outside the frozen snapshot: /tmp/acgn-bounded-java-tests.RWWXJU/distance-paper-artifacts
Wrote /tmp/acgn-bounded-java-tests.RWWXJU/distance-paper-artifacts/synthetic-rewarded/paper_tables.md
Wrote /tmp/acgn-bounded-java-tests.RWWXJU/distance-paper-artifacts/synthetic-rewarded/paper_metrics.json
distance artifact regeneration smoke passed; output=/tmp/acgn-bounded-java-tests.RWWXJU/distance-paper-artifacts
