case	surface	fixture	mutation	authority	testOnly	bitwidth	overflow	temporal	rewrite	signature	digest	producerKey	independentKey	writer	outcome	detail
0	serialization	0:FORBID:0	base	custom	false	0	FORBID	cGxhaW4=	cGxhaW4=	cGxhaW4=	f2f2ac3d25366e6882906f4df4f74d087d5a8145bc973d35a1c1bc6485831810	MTY6c2VtYW50aWMtcHJvZmlsZVs1OjE6MDY6Rk9SQklENTpwbGFpbjU6cGxhaW41OnBsYWluXXswOn0=	MTY6c2VtYW50aWMtcHJvZmlsZVs1OjE6MDY6Rk9SQklENTpwbGFpbjU6cGxhaW41OnBsYWluXXswOn0=	-	UNEXPORTED	
1	serialization	0:FORBID:1	base	custom	false	0	FORBID	W117fTowMTI=	cGxhaW4=	cGxhaW4=	e95bb28bb6a9b9a226e481d1f7b21a2126bcb9aa146143d1757e82331f1af453	MTY6c2VtYW50aWMtcHJvZmlsZVs1OjE6MDY6Rk9SQklEODpbXXt9OjAxMjU6cGxhaW41OnBsYWluXXswOn0=	MTY6c2VtYW50aWMtcHJvZmlsZVs1OjE6MDY6Rk9SQklEODpbXXt9OjAxMjU6cGxhaW41OnBsYWluXXswOn0=	-	UNEXPORTED	
2	serialization	0:FORBID:2	base	custom	false	0	FORBID	cXVvdGUic2xhc2hc	cGxhaW4=	cGxhaW4=	6875933434740766cb570f7c11b4fd5fdbc3a24e12e7dc2b008d2f3ba9116773	MTY6c2VtYW50aWMtcHJvZmlsZVs1OjE6MDY6Rk9SQklEMTI6cXVvdGUic2xhc2hcNTpwbGFpbjU6cGxhaW5dezA6fQ==	MTY6c2VtYW50aWMtcHJvZmlsZVs1OjE6MDY6Rk9SQklEMTI6cXVvdGUic2xhc2hcNTpwbGFpbjU6cGxhaW5dezA6fQ==	-	UNEXPORTED	
3	serialization	0:FORBID:3	base	custom	false	0	FORBID	bGluZQpuZXh0CWNlbGw=	cGxhaW4=	cGxhaW4=	4f591ac6c28d3ef7a82402e56a24c14938b339d00b2fa223b13fc3aef87c7580	MTY6c2VtYW50aWMtcHJvZmlsZVs1OjE6MDY6Rk9SQklEMTQ6bGluZQpuZXh0CWNlbGw1OnBsYWluNTpwbGFpbl17MDp9	MTY6c2VtYW50aWMtcHJvZmlsZVs1OjE6MDY6Rk9SQklEMTQ6bGluZQpuZXh0CWNlbGw1OnBsYWluNTpwbGFpbl17MDp9	-	UNEXPORTED	
4	serialization	0:FORBID:4	base	custom	false	0	FORBID	zrHkuK0=	cGxhaW4=	cGxhaW4=	b87604c3fd55f56f6eba563018912bdebc48cb412461ca5f5f2f2871065b3df5	MTY6c2VtYW50aWMtcHJvZmlsZVs1OjE6MDY6Rk9SQklEMjrOseS4rTU6cGxhaW41OnBsYWluXXswOn0=	MTY6c2VtYW50aWMtcHJvZmlsZVs1OjE6MDY6Rk9SQklEMjrOseS4rTU6cGxhaW41OnBsYWluXXswOn0=	-	UNEXPORTED	
5	serialization	0:FORBID:5	base	custom	false	0	FORBID	8J+YgA==	cGxhaW4=	cGxhaW4=	cebc79bbf3d672d4e5a78d925d12915dbf8f4abb385ea559427b0d6d3af434e5	MTY6c2VtYW50aWMtcHJvZmlsZVs1OjE6MDY6Rk9SQklEMjrwn5iANTpwbGFpbjU6cGxhaW5dezA6fQ==	MTY6c2VtYW50aWMtcHJvZmlsZVs1OjE6MDY6Rk9SQklEMjrwn5iANTpwbGFpbjU6cGxhaW5dezA6fQ==	-	UNEXPORTED	
6	serialization	0:FORBID:6	base	custom	false	0	FORBID	ZcyB	cGxhaW4=	cGxhaW4=	c28a2e067d4faea630d5d8113008129623e560e533ae96993ec872c88c1bd61f	MTY6c2VtYW50aWMtcHJvZmlsZVs1OjE6MDY6Rk9SQklEMjplzIE1OnBsYWluNTpwbGFpbl17MDp9	MTY6c2VtYW50aWMtcHJvZmlsZVs1OjE6MDY6Rk9SQklEMjplzIE1OnBsYWluNTpwbGFpbl17MDp9	-	UNEXPORTED	
7	serialization	0:FORBID:7	base	custom	false	0	FORBID	eAB5	cGxhaW4=	cGxhaW4=	2b4bed3328003eae2c4830961a0893b9cbc59bc7bcd8ee9c61a73fe5261255c8	MTY6c2VtYW50aWMtcHJvZmlsZVs1OjE6MDY6Rk9SQklEMzp4AHk1OnBsYWluNTpwbGFpbl17MDp9	MTY6c2VtYW50aWMtcHJvZmlsZVs1OjE6MDY6Rk9SQklEMzp4AHk1OnBsYWluNTpwbGFpbl17MDp9	-	UNEXPORTED	
8	serialization	0:FORBID:8	base	custom	false	0	FORBID	cGxhaW4=	W117fTowMTI=	cGxhaW4=	00da4043ce67b58c3a9feb5236354900e03997724e2487bbad2951d9401078d9	MTY6c2VtYW50aWMtcHJvZmlsZVs1OjE6MDY6Rk9SQklENTpwbGFpbjg6W117fTowMTI1OnBsYWluXXswOn0=	MTY6c2VtYW50aWMtcHJvZmlsZVs1OjE6MDY6Rk9SQklENTpwbGFpbjg6W117fTowMTI1OnBsYWluXXswOn0=	-	UNEXPORTED	
9	serialization	0:FORBID:9	base	custom	false	0	FORBID	cGxhaW4=	cXVvdGUic2xhc2hc	cGxhaW4=	04f1d3719ab21d7a96f2c802ed30ac7050da69a7061064b1f8e67df31bc30b01	MTY6c2VtYW50aWMtcHJvZmlsZVs1OjE6MDY6Rk9SQklENTpwbGFpbjEyOnF1b3RlInNsYXNoXDU6cGxhaW5dezA6fQ==	MTY6c2VtYW50aWMtcHJvZmlsZVs1OjE6MDY6Rk9SQklENTpwbGFpbjEyOnF1b3RlInNsYXNoXDU6cGxhaW5dezA6fQ==	-	UNEXPORTED	
10	serialization	0:FORBID:10	base	custom	false	0	FORBID	cGxhaW4=	bGluZQpuZXh0CWNlbGw=	cGxhaW4=	69c7a20e3ec704193173c7953bad105e30283796b2b81de49aa30e8d3282a641	MTY6c2VtYW50aWMtcHJvZmlsZVs1OjE6MDY6Rk9SQklENTpwbGFpbjE0OmxpbmUKbmV4dAljZWxsNTpwbGFpbl17MDp9	MTY6c2VtYW50aWMtcHJvZmlsZVs1OjE6MDY6Rk9SQklENTpwbGFpbjE0OmxpbmUKbmV4dAljZWxsNTpwbGFpbl17MDp9	-	UNEXPORTED	
11	serialization	0:FORBID:11	base	custom	false	0	FORBID	cGxhaW4=	zrHkuK0=	cGxhaW4=	98b9cfa5ca6c9649d25b04833eb58199258da9dfc10d2b01b6a9f9654b2101bf	MTY6c2VtYW50aWMtcHJvZmlsZVs1OjE6MDY6Rk9SQklENTpwbGFpbjI6zrHkuK01OnBsYWluXXswOn0=	MTY6c2VtYW50aWMtcHJvZmlsZVs1OjE6MDY6Rk9SQklENTpwbGFpbjI6zrHkuK01OnBsYWluXXswOn0=	-	UNEXPORTED	
12	serialization	0:FORBID:12	base	custom	false	0	FORBID	cGxhaW4=	8J+YgA==	cGxhaW4=	4b20348299aea0222873d6d8ccecc3cf1c4022e84757620b1efe6a79b2968a4e	MTY6c2VtYW50aWMtcHJvZmlsZVs1OjE6MDY6Rk9SQklENTpwbGFpbjI68J+YgDU6cGxhaW5dezA6fQ==	MTY6c2VtYW50aWMtcHJvZmlsZVs1OjE6MDY6Rk9SQklENTpwbGFpbjI68J+YgDU6cGxhaW5dezA6fQ==	-	UNEXPORTED	
13	serialization	0:FORBID:13	base	custom	false	0	FORBID	cGxhaW4=	ZcyB	cGxhaW4=	03523c1f57fd5a37f258f3e1dc1d3d3373864169959b9becfdc95cce9815b811	MTY6c2VtYW50aWMtcHJvZmlsZVs1OjE6MDY6Rk9SQklENTpwbGFpbjI6ZcyBNTpwbGFpbl17MDp9	MTY6c2VtYW50aWMtcHJvZmlsZVs1OjE6MDY6Rk9SQklENTpwbGFpbjI6ZcyBNTpwbGFpbl17MDp9	-	UNEXPORTED	
14	serialization	0:FORBID:14	base	custom	false	0	FORBID	cGxhaW4=	eAB5	cGxhaW4=	bf4f45518546951d8535c78dd719ea6e68144a35691301ec9a29085a771545e6	MTY6c2VtYW50aWMtcHJvZmlsZVs1OjE6MDY6Rk9SQklENTpwbGFpbjM6eAB5NTpwbGFpbl17MDp9	MTY6c2VtYW50aWMtcHJvZmlsZVs1OjE6MDY6Rk9SQklENTpwbGFpbjM6eAB5NTpwbGFpbl17MDp9	-	UNEXPORTED	
15	serialization	0:FORBID:15	base	custom	false	0	FORBID	cGxhaW4=	cGxhaW4=	W117fTowMTI=	5205fa004d3acc66f8cb319f2199e0af9badf17b7b455933ddbb54883ddf1058	MTY6c2VtYW50aWMtcHJvZmlsZVs1OjE6MDY6Rk9SQklENTpwbGFpbjU6cGxhaW44Oltde306MDEyXXswOn0=	MTY6c2VtYW50aWMtcHJvZmlsZVs1OjE6MDY6Rk9SQklENTpwbGFpbjU6cGxhaW44Oltde306MDEyXXswOn0=	-	UNEXPORTED	
16	serialization	0:FORBID:16	base	custom	false	0	FORBID	cGxhaW4=	cGxhaW4=	cXVvdGUic2xhc2hc	63a70eada82622262b1718480af6dfac856f7e493a276b1dd5bc47a9d6401937	MTY6c2VtYW50aWMtcHJvZmlsZVs1OjE6MDY6Rk9SQklENTpwbGFpbjU6cGxhaW4xMjpxdW90ZSJzbGFzaFxdezA6fQ==	MTY6c2VtYW50aWMtcHJvZmlsZVs1OjE6MDY6Rk9SQklENTpwbGFpbjU6cGxhaW4xMjpxdW90ZSJzbGFzaFxdezA6fQ==	-	UNEXPORTED	
17	serialization	0:FORBID:17	base	custom	false	0	FORBID	cGxhaW4=	cGxhaW4=	bGluZQpuZXh0CWNlbGw=	4e2161efee0b940eafbf9fad91dafb8df56c016f329dc337d60b8103861fe4de	MTY6c2VtYW50aWMtcHJvZmlsZVs1OjE6MDY6Rk9SQklENTpwbGFpbjU6cGxhaW4xNDpsaW5lCm5leHQJY2VsbF17MDp9	MTY6c2VtYW50aWMtcHJvZmlsZVs1OjE6MDY6Rk9SQklENTpwbGFpbjU6cGxhaW4xNDpsaW5lCm5leHQJY2VsbF17MDp9	-	UNEXPORTED	
18	serialization	0:FORBID:18	base	custom	false	0	FORBID	cGxhaW4=	cGxhaW4=	zrHkuK0=	0fc83e728c3ec90004ad002939b13748c691d5a71798d3eb95d8bb4adf1182d4	MTY6c2VtYW50aWMtcHJvZmlsZVs1OjE6MDY6Rk9SQklENTpwbGFpbjU6cGxhaW4yOs6x5LitXXswOn0=	MTY6c2VtYW50aWMtcHJvZmlsZVs1OjE6MDY6Rk9SQklENTpwbGFpbjU6cGxhaW4yOs6x5LitXXswOn0=	-	UNEXPORTED	
19	serialization	0:FORBID:19	base	custom	false	0	FORBID	cGxhaW4=	cGxhaW4=	8J+YgA==	779fe3c3e44d6945c1fdaafe2f9aee1bd6c0754aab7d4678c90868b25bf4748a	MTY6c2VtYW50aWMtcHJvZmlsZVs1OjE6MDY6Rk9SQklENTpwbGFpbjU6cGxhaW4yOvCfmIBdezA6fQ==	MTY6c2VtYW50aWMtcHJvZmlsZVs1OjE6MDY6Rk9SQklENTpwbGFpbjU6cGxhaW4yOvCfmIBdezA6fQ==	-	UNEXPORTED	
20	serialization	0:FORBID:20	base	custom	false	0	FORBID	cGxhaW4=	cGxhaW4=	ZcyB	4647daa25d3c4d4f782e7080825be82531fc265737712ac16ccc4d812fee0f33	MTY6c2VtYW50aWMtcHJvZmlsZVs1OjE6MDY6Rk9SQklENTpwbGFpbjU6cGxhaW4yOmXMgV17MDp9	MTY6c2VtYW50aWMtcHJvZmlsZVs1OjE6MDY6Rk9SQklENTpwbGFpbjU6cGxhaW4yOmXMgV17MDp9	-	UNEXPORTED	
21	serialization	0:FORBID:21	base	custom	false	0	FORBID	cGxhaW4=	cGxhaW4=	eAB5	3a9496bd28d174b4a6741f0fb81acf3fcbb5867e3d62a837239bf075fce7e019	MTY6c2VtYW50aWMtcHJvZmlsZVs1OjE6MDY6Rk9SQklENTpwbGFpbjU6cGxhaW4zOngAeV17MDp9	MTY6c2VtYW50aWMtcHJvZmlsZVs1OjE6MDY6Rk9SQklENTpwbGFpbjU6cGxhaW4zOngAeV17MDp9	-	UNEXPORTED	
22	serialization	0:MODULAR:0	base	custom	false	0	MODULAR	cGxhaW4=	cGxhaW4=	cGxhaW4=	7380470e7ba2f68c6ae27e9d079639281f4d3d574a28295ec9f2b1d0df40519d	MTY6c2VtYW50aWMtcHJvZmlsZVs1OjE6MDc6TU9EVUxBUjU6cGxhaW41OnBsYWluNTpwbGFpbl17MDp9	MTY6c2VtYW50aWMtcHJvZmlsZVs1OjE6MDc6TU9EVUxBUjU6cGxhaW41OnBsYWluNTpwbGFpbl17MDp9	-	UNEXPORTED	
23	serialization	0:MODULAR:1	base	custom	false	0	MODULAR	W117fTowMTI=	cGxhaW4=	cGxhaW4=	e078e3c0e010b14dc4355f31da3d96a25b12a862c79702b128ffc25663ece32b	MTY6c2VtYW50aWMtcHJvZmlsZVs1OjE6MDc6TU9EVUxBUjg6W117fTowMTI1OnBsYWluNTpwbGFpbl17MDp9	MTY6c2VtYW50aWMtcHJvZmlsZVs1OjE6MDc6TU9EVUxBUjg6W117fTowMTI1OnBsYWluNTpwbGFpbl17MDp9	-	UNEXPORTED	
24	serialization	0:MODULAR:2	base	custom	false	0	MODULAR	cXVvdGUic2xhc2hc	cGxhaW4=	cGxhaW4=	b7a9dc1d810322103acbcbb6f8dbe3727be4306089f63480b6a971f96f100c1a	MTY6c2VtYW50aWMtcHJvZmlsZVs1OjE6MDc6TU9EVUxBUjEyOnF1b3RlInNsYXNoXDU6cGxhaW41OnBsYWluXXswOn0=	MTY6c2VtYW50aWMtcHJvZmlsZVs1OjE6MDc6TU9EVUxBUjEyOnF1b3RlInNsYXNoXDU6cGxhaW41OnBsYWluXXswOn0=	-	UNEXPORTED	
25	serialization	0:MODULAR:3	base	custom	false	0	MODULAR	bGluZQpuZXh0CWNlbGw=	cGxhaW4=	cGxhaW4=	902176eff0d2cd2660a29c77692061f5585ca22770f7516e407801b87c3a21cf	MTY6c2VtYW50aWMtcHJvZmlsZVs1OjE6MDc6TU9EVUxBUjE0OmxpbmUKbmV4dAljZWxsNTpwbGFpbjU6cGxhaW5dezA6fQ==	MTY6c2VtYW50aWMtcHJvZmlsZVs1OjE6MDc6TU9EVUxBUjE0OmxpbmUKbmV4dAljZWxsNTpwbGFpbjU6cGxhaW5dezA6fQ==	-	UNEXPORTED	
26	serialization	0:MODULAR:4	base	custom	false	0	MODULAR	zrHkuK0=	cGxhaW4=	cGxhaW4=	ec1003b54deb39d6ed2de4be095d772185fad3ab0de80eba584c85f452590f15	MTY6c2VtYW50aWMtcHJvZmlsZVs1OjE6MDc6TU9EVUxBUjI6zrHkuK01OnBsYWluNTpwbGFpbl17MDp9	MTY6c2VtYW50aWMtcHJvZmlsZVs1OjE6MDc6TU9EVUxBUjI6zrHkuK01OnBsYWluNTpwbGFpbl17MDp9	-	UNEXPORTED	
27	serialization	0:MODULAR:5	base	custom	false	0	MODULAR	8J+YgA==	cGxhaW4=	cGxhaW4=	6e814712c1826b1462fd2d07a35b3410e3580889dc76fb1c269c824772ec16c6	MTY6c2VtYW50aWMtcHJvZmlsZVs1OjE6MDc6TU9EVUxBUjI68J+YgDU6cGxhaW41OnBsYWluXXswOn0=	MTY6c2VtYW50aWMtcHJvZmlsZVs1OjE6MDc6TU9EVUxBUjI68J+YgDU6cGxhaW41OnBsYWluXXswOn0=	-	UNEXPORTED	
28	serialization	0:MODULAR:6	base	custom	false	0	MODULAR	ZcyB	cGxhaW4=	cGxhaW4=	961c1da1331669196a080b901ee9c8f8afea4f4722a99fa6f58ef24b10dd984b	MTY6c2VtYW50aWMtcHJvZmlsZVs1OjE6MDc6TU9EVUxBUjI6ZcyBNTpwbGFpbjU6cGxhaW5dezA6fQ==	MTY6c2VtYW50aWMtcHJvZmlsZVs1OjE6MDc6TU9EVUxBUjI6ZcyBNTpwbGFpbjU6cGxhaW5dezA6fQ==	-	UNEXPORTED	
29	serialization	0:MODULAR:7	base	custom	false	0	MODULAR	eAB5	cGxhaW4=	cGxhaW4=	9c9ed45eea5c87ca8025ed5cdc83fe12fd85d52361e3112bd98c18845f209ff7	MTY6c2VtYW50aWMtcHJvZmlsZVs1OjE6MDc6TU9EVUxBUjM6eAB5NTpwbGFpbjU6cGxhaW5dezA6fQ==	MTY6c2VtYW50aWMtcHJvZmlsZVs1OjE6MDc6TU9EVUxBUjM6eAB5NTpwbGFpbjU6cGxhaW5dezA6fQ==	-	UNEXPORTED	
30	serialization	0:MODULAR:8	base	custom	false	0	MODULAR	cGxhaW4=	W117fTowMTI=	cGxhaW4=	08c59b7d610d5e7f4aa71bddd824c92f11e1f56c14ad4e0a59e1a0fbce8d1c34	MTY6c2VtYW50aWMtcHJvZmlsZVs1OjE6MDc6TU9EVUxBUjU6cGxhaW44Oltde306MDEyNTpwbGFpbl17MDp9	MTY6c2VtYW50aWMtcHJvZmlsZVs1OjE6MDc6TU9EVUxBUjU6cGxhaW44Oltde306MDEyNTpwbGFpbl17MDp9	-	UNEXPORTED	
31	serialization	0:MODULAR:9	base	custom	false	0	MODULAR	cGxhaW4=	cXVvdGUic2xhc2hc	cGxhaW4=	396965393de2afa4406e66511e5690b0929ff6d7d5c6a8d17cc7d3a7a0098e5f	MTY6c2VtYW50aWMtcHJvZmlsZVs1OjE6MDc6TU9EVUxBUjU6cGxhaW4xMjpxdW90ZSJzbGFzaFw1OnBsYWluXXswOn0=	MTY6c2VtYW50aWMtcHJvZmlsZVs1OjE6MDc6TU9EVUxBUjU6cGxhaW4xMjpxdW90ZSJzbGFzaFw1OnBsYWluXXswOn0=	-	UNEXPORTED	
32	serialization	0:MODULAR:10	base	custom	false	0	MODULAR	cGxhaW4=	bGluZQpuZXh0CWNlbGw=	cGxhaW4=	28220c0b14d6ac3032200529f5a70bf66ed1fa930df3d1d0d347496c29c02478	MTY6c2VtYW50aWMtcHJvZmlsZVs1OjE6MDc6TU9EVUxBUjU6cGxhaW4xNDpsaW5lCm5leHQJY2VsbDU6cGxhaW5dezA6fQ==	MTY6c2VtYW50aWMtcHJvZmlsZVs1OjE6MDc6TU9EVUxBUjU6cGxhaW4xNDpsaW5lCm5leHQJY2VsbDU6cGxhaW5dezA6fQ==	-	UNEXPORTED	
33	serialization	0:MODULAR:11	base	custom	false	0	MODULAR	cGxhaW4=	zrHkuK0=	cGxhaW4=	85225fe085eab4e740191c280fa321ea60359d709fa6df826f7ca3f0ef906172	MTY6c2VtYW50aWMtcHJvZmlsZVs1OjE6MDc6TU9EVUxBUjU6cGxhaW4yOs6x5LitNTpwbGFpbl17MDp9	MTY6c2VtYW50aWMtcHJvZmlsZVs1OjE6MDc6TU9EVUxBUjU6cGxhaW4yOs6x5LitNTpwbGFpbl17MDp9	-	UNEXPORTED	
34	serialization	0:MODULAR:12	base	custom	false	0	MODULAR	cGxhaW4=	8J+YgA==	cGxhaW4=	ed77b3ad5ab556c67363617fa082c6c727372141b64d5c7fe97f347d56fbc94d	MTY6c2VtYW50aWMtcHJvZmlsZVs1OjE6MDc6TU9EVUxBUjU6cGxhaW4yOvCfmIA1OnBsYWluXXswOn0=	MTY6c2VtYW50aWMtcHJvZmlsZVs1OjE6MDc6TU9EVUxBUjU6cGxhaW4yOvCfmIA1OnBsYWluXXswOn0=	-	UNEXPORTED	
35	serialization	0:MODULAR:13	base	custom	false	0	MODULAR	cGxhaW4=	ZcyB	cGxhaW4=	c973ef983ea9cc868e497ad15f5515eb7235aa15e92a23bf8a3ba0e4e1c27a2d	MTY6c2VtYW50aWMtcHJvZmlsZVs1OjE6MDc6TU9EVUxBUjU6cGxhaW4yOmXMgTU6cGxhaW5dezA6fQ==	MTY6c2VtYW50aWMtcHJvZmlsZVs1OjE6MDc6TU9EVUxBUjU6cGxhaW4yOmXMgTU6cGxhaW5dezA6fQ==	-	UNEXPORTED	
36	serialization	0:MODULAR:14	base	custom	false	0	MODULAR	cGxhaW4=	eAB5	cGxhaW4=	87ab5d9c6cdc6335585dad408a7bb4dd6ed62bab7c77228356905ac66ca61720	MTY6c2VtYW50aWMtcHJvZmlsZVs1OjE6MDc6TU9EVUxBUjU6cGxhaW4zOngAeTU6cGxhaW5dezA6fQ==	MTY6c2VtYW50aWMtcHJvZmlsZVs1OjE6MDc6TU9EVUxBUjU6cGxhaW4zOngAeTU6cGxhaW5dezA6fQ==	-	UNEXPORTED	
37	serialization	0:MODULAR:15	base	custom	false	0	MODULAR	cGxhaW4=	cGxhaW4=	W117fTowMTI=	e3ee5e52c5555a6a9d004713a273a2c11c0b3c64c3a84bc8418c86577b9671e3	MTY6c2VtYW50aWMtcHJvZmlsZVs1OjE6MDc6TU9EVUxBUjU6cGxhaW41OnBsYWluODpbXXt9OjAxMl17MDp9	MTY6c2VtYW50aWMtcHJvZmlsZVs1OjE6MDc6TU9EVUxBUjU6cGxhaW41OnBsYWluODpbXXt9OjAxMl17MDp9	-	UNEXPORTED	
38	serialization	0:MODULAR:16	base	custom	false	0	MODULAR	cGxhaW4=	cGxhaW4=	cXVvdGUic2xhc2hc	b69b4dc2b5042d0c4bf909d5ef14cd835defb4a851c3c7559fa207391ed0f8d2	MTY6c2VtYW50aWMtcHJvZmlsZVs1OjE6MDc6TU9EVUxBUjU6cGxhaW41OnBsYWluMTI6cXVvdGUic2xhc2hcXXswOn0=	MTY6c2VtYW50aWMtcHJvZmlsZVs1OjE6MDc6TU9EVUxBUjU6cGxhaW41OnBsYWluMTI6cXVvdGUic2xhc2hcXXswOn0=	-	UNEXPORTED	
39	serialization	0:MODULAR:17	base	custom	false	0	MODULAR	cGxhaW4=	cGxhaW4=	bGluZQpuZXh0CWNlbGw=	06c10e266a95d8fbf42318d311b97ff5ab81e695f320877266b3dd5ed5611e67	MTY6c2VtYW50aWMtcHJvZmlsZVs1OjE6MDc6TU9EVUxBUjU6cGxhaW41OnBsYWluMTQ6bGluZQpuZXh0CWNlbGxdezA6fQ==	MTY6c2VtYW50aWMtcHJvZmlsZVs1OjE6MDc6TU9EVUxBUjU6cGxhaW41OnBsYWluMTQ6bGluZQpuZXh0CWNlbGxdezA6fQ==	-	UNEXPORTED	
40	serialization	0:MODULAR:18	base	custom	false	0	MODULAR	cGxhaW4=	cGxhaW4=	zrHkuK0=	8c67cca6ba52ee3fe5deebeb1984630fb94e1721f6bf2c908e3708c14dc97790	MTY6c2VtYW50aWMtcHJvZmlsZVs1OjE6MDc6TU9EVUxBUjU6cGxhaW41OnBsYWluMjrOseS4rV17MDp9	MTY6c2VtYW50aWMtcHJvZmlsZVs1OjE6MDc6TU9EVUxBUjU6cGxhaW41OnBsYWluMjrOseS4rV17MDp9	-	UNEXPORTED	
41	serialization	0:MODULAR:19	base	custom	false	0	MODULAR	cGxhaW4=	cGxhaW4=	8J+YgA==	a4517d972c22bdc950fce5d15f629a4adb6b79b9b0dad9f1ae82528c3f85b6f1	MTY6c2VtYW50aWMtcHJvZmlsZVs1OjE6MDc6TU9EVUxBUjU6cGxhaW41OnBsYWluMjrwn5iAXXswOn0=	MTY6c2VtYW50aWMtcHJvZmlsZVs1OjE6MDc6TU9EVUxBUjU6cGxhaW41OnBsYWluMjrwn5iAXXswOn0=	-	UNEXPORTED	
42	serialization	0:MODULAR:20	base	custom	false	0	MODULAR	cGxhaW4=	cGxhaW4=	ZcyB	34e15cfd1f2b2997ad3d901831b394abfd89289c33a7c5c65ac56c34fb08d2c5	MTY6c2VtYW50aWMtcHJvZmlsZVs1OjE6MDc6TU9EVUxBUjU6cGxhaW41OnBsYWluMjplzIFdezA6fQ==	MTY6c2VtYW50aWMtcHJvZmlsZVs1OjE6MDc6TU9EVUxBUjU6cGxhaW41OnBsYWluMjplzIFdezA6fQ==	-	UNEXPORTED	
43	serialization	0:MODULAR:21	base	custom	false	0	MODULAR	cGxhaW4=	cGxhaW4=	eAB5	60e69279e714df38695808514dc695676724e80fbe12b2ddf5d688562357db7f	MTY6c2VtYW50aWMtcHJvZmlsZVs1OjE6MDc6TU9EVUxBUjU6cGxhaW41OnBsYWluMzp4AHldezA6fQ==	MTY6c2VtYW50aWMtcHJvZmlsZVs1OjE6MDc6TU9EVUxBUjU6cGxhaW41OnBsYWluMzp4AHldezA6fQ==	-	UNEXPORTED	
44	serialization	4:FORBID:0	base	custom	false	4	FORBID	cGxhaW4=	cGxhaW4=	cGxhaW4=	3eed16560dc63e03cb99515f3d1db2de17928f73470e998b144a8ae302c504ce	MTY6c2VtYW50aWMtcHJvZmlsZVs1OjE6NDY6Rk9SQklENTpwbGFpbjU6cGxhaW41OnBsYWluXXswOn0=	MTY6c2VtYW50aWMtcHJvZmlsZVs1OjE6NDY6Rk9SQklENTpwbGFpbjU6cGxhaW41OnBsYWluXXswOn0=	-	UNEXPORTED	
45	serialization	4:FORBID:1	base	custom	false	4	FORBID	W117fTowMTI=	cGxhaW4=	cGxhaW4=	4ffbb5e65836a1e97e45801bc5fff44759088e06dac63649242926d460f98b2c	MTY6c2VtYW50aWMtcHJvZmlsZVs1OjE6NDY6Rk9SQklEODpbXXt9OjAxMjU6cGxhaW41OnBsYWluXXswOn0=	MTY6c2VtYW50aWMtcHJvZmlsZVs1OjE6NDY6Rk9SQklEODpbXXt9OjAxMjU6cGxhaW41OnBsYWluXXswOn0=	-	UNEXPORTED	
46	serialization	4:FORBID:2	base	custom	false	4	FORBID	cXVvdGUic2xhc2hc	cGxhaW4=	cGxhaW4=	c17d7d0faa450e5d50442f15477ee987003d4edb58b73697d810e9fbd7fa93e1	MTY6c2VtYW50aWMtcHJvZmlsZVs1OjE6NDY6Rk9SQklEMTI6cXVvdGUic2xhc2hcNTpwbGFpbjU6cGxhaW5dezA6fQ==	MTY6c2VtYW50aWMtcHJvZmlsZVs1OjE6NDY6Rk9SQklEMTI6cXVvdGUic2xhc2hcNTpwbGFpbjU6cGxhaW5dezA6fQ==	-	UNEXPORTED	
47	serialization	4:FORBID:3	base	custom	false	4	FORBID	bGluZQpuZXh0CWNlbGw=	cGxhaW4=	cGxhaW4=	29a1ee1b312019f3f2047397dd07ff301500a9d4bed27bcb33ca8330a32c944f	MTY6c2VtYW50aWMtcHJvZmlsZVs1OjE6NDY6Rk9SQklEMTQ6bGluZQpuZXh0CWNlbGw1OnBsYWluNTpwbGFpbl17MDp9	MTY6c2VtYW50aWMtcHJvZmlsZVs1OjE6NDY6Rk9SQklEMTQ6bGluZQpuZXh0CWNlbGw1OnBsYWluNTpwbGFpbl17MDp9	-	UNEXPORTED	
48	serialization	4:FORBID:4	base	custom	false	4	FORBID	zrHkuK0=	cGxhaW4=	cGxhaW4=	37700431a635521e698c5b7f163c1b78b78f4706ea506ebd23ad38d92b3be6d2	MTY6c2VtYW50aWMtcHJvZmlsZVs1OjE6NDY6Rk9SQklEMjrOseS4rTU6cGxhaW41OnBsYWluXXswOn0=	MTY6c2VtYW50aWMtcHJvZmlsZVs1OjE6NDY6Rk9SQklEMjrOseS4rTU6cGxhaW41OnBsYWluXXswOn0=	-	UNEXPORTED	
49	serialization	4:FORBID:5	base	custom	false	4	FORBID	8J+YgA==	cGxhaW4=	cGxhaW4=	b9615a41c04b5fea8cb90764ed800517f6298b668e8f8f615f45ae38656dce9e	MTY6c2VtYW50aWMtcHJvZmlsZVs1OjE6NDY6Rk9SQklEMjrwn5iANTpwbGFpbjU6cGxhaW5dezA6fQ==	MTY6c2VtYW50aWMtcHJvZmlsZVs1OjE6NDY6Rk9SQklEMjrwn5iANTpwbGFpbjU6cGxhaW5dezA6fQ==	-	UNEXPORTED	
50	serialization	4:FORBID:6	base	custom	false	4	FORBID	ZcyB	cGxhaW4=	cGxhaW4=	ea283b2585db88add14b6c17968ad989f0292d00e45be5bca5483d8fd0cb88cd	MTY6c2VtYW50aWMtcHJvZmlsZVs1OjE6NDY6Rk9SQklEMjplzIE1OnBsYWluNTpwbGFpbl17MDp9	MTY6c2VtYW50aWMtcHJvZmlsZVs1OjE6NDY6Rk9SQklEMjplzIE1OnBsYWluNTpwbGFpbl17MDp9	-	UNEXPORTED	
51	serialization	4:FORBID:7	base	custom	false	4	FORBID	eAB5	cGxhaW4=	cGxhaW4=	dbf9dbde92bcedf33a88adb48bda27ff97bcd7d4042f494bd41bc14ef2a17ad2	MTY6c2VtYW50aWMtcHJvZmlsZVs1OjE6NDY6Rk9SQklEMzp4AHk1OnBsYWluNTpwbGFpbl17MDp9	MTY6c2VtYW50aWMtcHJvZmlsZVs1OjE6NDY6Rk9SQklEMzp4AHk1OnBsYWluNTpwbGFpbl17MDp9	-	UNEXPORTED	
52	serialization	4:FORBID:8	base	custom	false	4	FORBID	cGxhaW4=	W117fTowMTI=	cGxhaW4=	73fa56c151da284608614b90ef732a0a8595f12c46e285f58c9a6c05da0f57da	MTY6c2VtYW50aWMtcHJvZmlsZVs1OjE6NDY6Rk9SQklENTpwbGFpbjg6W117fTowMTI1OnBsYWluXXswOn0=	MTY6c2VtYW50aWMtcHJvZmlsZVs1OjE6NDY6Rk9SQklENTpwbGFpbjg6W117fTowMTI1OnBsYWluXXswOn0=	-	UNEXPORTED	
53	serialization	4:FORBID:9	base	custom	false	4	FORBID	cGxhaW4=	cXVvdGUic2xhc2hc	cGxhaW4=	4f635e1e4d5ebc2d09123ff87265790e354ef84c1c9d33602a7cc79d6fac66a7	MTY6c2VtYW50aWMtcHJvZmlsZVs1OjE6NDY6Rk9SQklENTpwbGFpbjEyOnF1b3RlInNsYXNoXDU6cGxhaW5dezA6fQ==	MTY6c2VtYW50aWMtcHJvZmlsZVs1OjE6NDY6Rk9SQklENTpwbGFpbjEyOnF1b3RlInNsYXNoXDU6cGxhaW5dezA6fQ==	-	UNEXPORTED	
54	serialization	4:FORBID:10	base	custom	false	4	FORBID	cGxhaW4=	bGluZQpuZXh0CWNlbGw=	cGxhaW4=	4ddf063136e2cb94f1a6b2d3706a0039a754ca2c6b106b3ad3f06d26188a57c8	MTY6c2VtYW50aWMtcHJvZmlsZVs1OjE6NDY6Rk9SQklENTpwbGFpbjE0OmxpbmUKbmV4dAljZWxsNTpwbGFpbl17MDp9	MTY6c2VtYW50aWMtcHJvZmlsZVs1OjE6NDY6Rk9SQklENTpwbGFpbjE0OmxpbmUKbmV4dAljZWxsNTpwbGFpbl17MDp9	-	UNEXPORTED	
55	serialization	4:FORBID:11	base	custom	false	4	FORBID	cGxhaW4=	zrHkuK0=	cGxhaW4=	af54e100158edc28753aa77d9ca2c63944d1bf986ebada1d85217833edc56c3c	MTY6c2VtYW50aWMtcHJvZmlsZVs1OjE6NDY6Rk9SQklENTpwbGFpbjI6zrHkuK01OnBsYWluXXswOn0=	MTY6c2VtYW50aWMtcHJvZmlsZVs1OjE6NDY6Rk9SQklENTpwbGFpbjI6zrHkuK01OnBsYWluXXswOn0=	-	UNEXPORTED	
56	serialization	4:FORBID:12	base	custom	false	4	FORBID	cGxhaW4=	8J+YgA==	cGxhaW4=	d0552e352a5ae233e3fdcbbbbc0f57398c17285c92ef3397847a639e08dd7f32	MTY6c2VtYW50aWMtcHJvZmlsZVs1OjE6NDY6Rk9SQklENTpwbGFpbjI68J+YgDU6cGxhaW5dezA6fQ==	MTY6c2VtYW50aWMtcHJvZmlsZVs1OjE6NDY6Rk9SQklENTpwbGFpbjI68J+YgDU6cGxhaW5dezA6fQ==	-	UNEXPORTED	
57	serialization	4:FORBID:13	base	custom	false	4	FORBID	cGxhaW4=	ZcyB	cGxhaW4=	0f14aab65812259f654fb44c63222285f735b11e3417ab3156e0f4087912499d	MTY6c2VtYW50aWMtcHJvZmlsZVs1OjE6NDY6Rk9SQklENTpwbGFpbjI6ZcyBNTpwbGFpbl17MDp9	MTY6c2VtYW50aWMtcHJvZmlsZVs1OjE6NDY6Rk9SQklENTpwbGFpbjI6ZcyBNTpwbGFpbl17MDp9	-	UNEXPORTED	
58	serialization	4:FORBID:14	base	custom	false	4	FORBID	cGxhaW4=	eAB5	cGxhaW4=	26708889faa8b80802dcdd150d663559ea0c78c0b789d303ed0c7e99bd7c7000	MTY6c2VtYW50aWMtcHJvZmlsZVs1OjE6NDY6Rk9SQklENTpwbGFpbjM6eAB5NTpwbGFpbl17MDp9	MTY6c2VtYW50aWMtcHJvZmlsZVs1OjE6NDY6Rk9SQklENTpwbGFpbjM6eAB5NTpwbGFpbl17MDp9	-	UNEXPORTED	
59	serialization	4:FORBID:15	base	custom	false	4	FORBID	cGxhaW4=	cGxhaW4=	W117fTowMTI=	57d6ab960e7b94b19255024d30db6b73cc20b646e2e742ae8ae80285472e7643	MTY6c2VtYW50aWMtcHJvZmlsZVs1OjE6NDY6Rk9SQklENTpwbGFpbjU6cGxhaW44Oltde306MDEyXXswOn0=	MTY6c2VtYW50aWMtcHJvZmlsZVs1OjE6NDY6Rk9SQklENTpwbGFpbjU6cGxhaW44Oltde306MDEyXXswOn0=	-	UNEXPORTED	
60	serialization	4:FORBID:16	base	custom	false	4	FORBID	cGxhaW4=	cGxhaW4=	cXVvdGUic2xhc2hc	752da2cf7e80e43793b642e14261ca07e9d29a97fef3490f27613b06898cbf9a	MTY6c2VtYW50aWMtcHJvZmlsZVs1OjE6NDY6Rk9SQklENTpwbGFpbjU6cGxhaW4xMjpxdW90ZSJzbGFzaFxdezA6fQ==	MTY6c2VtYW50aWMtcHJvZmlsZVs1OjE6NDY6Rk9SQklENTpwbGFpbjU6cGxhaW4xMjpxdW90ZSJzbGFzaFxdezA6fQ==	-	UNEXPORTED	
61	serialization	4:FORBID:17	base	custom	false	4	FORBID	cGxhaW4=	cGxhaW4=	bGluZQpuZXh0CWNlbGw=	51ab386d35ef788bf53ea4ace39984ccdaa8504b40d53d912bac3781899ce533	MTY6c2VtYW50aWMtcHJvZmlsZVs1OjE6NDY6Rk9SQklENTpwbGFpbjU6cGxhaW4xNDpsaW5lCm5leHQJY2VsbF17MDp9	MTY6c2VtYW50aWMtcHJvZmlsZVs1OjE6NDY6Rk9SQklENTpwbGFpbjU6cGxhaW4xNDpsaW5lCm5leHQJY2VsbF17MDp9	-	UNEXPORTED	
62	serialization	4:FORBID:18	base	custom	false	4	FORBID	cGxhaW4=	cGxhaW4=	zrHkuK0=	600afec08ed29707cf4bb47e99025d21c06818e68656298160b7a1570dc8e354	MTY6c2VtYW50aWMtcHJvZmlsZVs1OjE6NDY6Rk9SQklENTpwbGFpbjU6cGxhaW4yOs6x5LitXXswOn0=	MTY6c2VtYW50aWMtcHJvZmlsZVs1OjE6NDY6Rk9SQklENTpwbGFpbjU6cGxhaW4yOs6x5LitXXswOn0=	-	UNEXPORTED	
63	serialization	4:FORBID:19	base	custom	false	4	FORBID	cGxhaW4=	cGxhaW4=	8J+YgA==	43154dc481ab82405dd94a7c8ca3610f613c8fc20bcfce8359caf7746292e82a	MTY6c2VtYW50aWMtcHJvZmlsZVs1OjE6NDY6Rk9SQklENTpwbGFpbjU6cGxhaW4yOvCfmIBdezA6fQ==	MTY6c2VtYW50aWMtcHJvZmlsZVs1OjE6NDY6Rk9SQklENTpwbGFpbjU6cGxhaW4yOvCfmIBdezA6fQ==	-	UNEXPORTED	
64	serialization	4:FORBID:20	base	custom	false	4	FORBID	cGxhaW4=	cGxhaW4=	ZcyB	5ca1d6f2bd5c4c42cb8a557e1cca1d20be24936859ff396e1122f0d55900c379	MTY6c2VtYW50aWMtcHJvZmlsZVs1OjE6NDY6Rk9SQklENTpwbGFpbjU6cGxhaW4yOmXMgV17MDp9	MTY6c2VtYW50aWMtcHJvZmlsZVs1OjE6NDY6Rk9SQklENTpwbGFpbjU6cGxhaW4yOmXMgV17MDp9	-	UNEXPORTED	
65	serialization	4:FORBID:21	base	custom	false	4	FORBID	cGxhaW4=	cGxhaW4=	eAB5	e2478ff58b8b817221bc83126418dc9ee8126578c8c73150ebbf10c0d0e20383	MTY6c2VtYW50aWMtcHJvZmlsZVs1OjE6NDY6Rk9SQklENTpwbGFpbjU6cGxhaW4zOngAeV17MDp9	MTY6c2VtYW50aWMtcHJvZmlsZVs1OjE6NDY6Rk9SQklENTpwbGFpbjU6cGxhaW4zOngAeV17MDp9	-	UNEXPORTED	
66	serialization	4:MODULAR:0	base	custom	false	4	MODULAR	cGxhaW4=	cGxhaW4=	cGxhaW4=	40b5b1040f980f0e42d9f572879df93e32c03250f1e80bd3b177193cfdaa38b9	MTY6c2VtYW50aWMtcHJvZmlsZVs1OjE6NDc6TU9EVUxBUjU6cGxhaW41OnBsYWluNTpwbGFpbl17MDp9	MTY6c2VtYW50aWMtcHJvZmlsZVs1OjE6NDc6TU9EVUxBUjU6cGxhaW41OnBsYWluNTpwbGFpbl17MDp9	-	UNEXPORTED	
67	serialization	4:MODULAR:1	base	custom	false	4	MODULAR	W117fTowMTI=	cGxhaW4=	cGxhaW4=	51bf79aec48a87d098c864910be977f39b3b2b3c5fac0b1a6699b91ef875fac5	MTY6c2VtYW50aWMtcHJvZmlsZVs1OjE6NDc6TU9EVUxBUjg6W117fTowMTI1OnBsYWluNTpwbGFpbl17MDp9	MTY6c2VtYW50aWMtcHJvZmlsZVs1OjE6NDc6TU9EVUxBUjg6W117fTowMTI1OnBsYWluNTpwbGFpbl17MDp9	-	UNEXPORTED	
68	serialization	4:MODULAR:2	base	custom	false	4	MODULAR	cXVvdGUic2xhc2hc	cGxhaW4=	cGxhaW4=	c9e3315ff257c75ee33878b05f0b36781bc11fa8b9b1c71eec2e8beb3992b8d8	MTY6c2VtYW50aWMtcHJvZmlsZVs1OjE6NDc6TU9EVUxBUjEyOnF1b3RlInNsYXNoXDU6cGxhaW41OnBsYWluXXswOn0=	MTY6c2VtYW50aWMtcHJvZmlsZVs1OjE6NDc6TU9EVUxBUjEyOnF1b3RlInNsYXNoXDU6cGxhaW41OnBsYWluXXswOn0=	-	UNEXPORTED	
69	serialization	4:MODULAR:3	base	custom	false	4	MODULAR	bGluZQpuZXh0CWNlbGw=	cGxhaW4=	cGxhaW4=	89695e5af2b14c03b9f7ab9ce2f6c3617faf8d3584b296354da9fb15b24c293a	MTY6c2VtYW50aWMtcHJvZmlsZVs1OjE6NDc6TU9EVUxBUjE0OmxpbmUKbmV4dAljZWxsNTpwbGFpbjU6cGxhaW5dezA6fQ==	MTY6c2VtYW50aWMtcHJvZmlsZVs1OjE6NDc6TU9EVUxBUjE0OmxpbmUKbmV4dAljZWxsNTpwbGFpbjU6cGxhaW5dezA6fQ==	-	UNEXPORTED	
70	serialization	4:MODULAR:4	base	custom	false	4	MODULAR	zrHkuK0=	cGxhaW4=	cGxhaW4=	5a5539c5bb85f519929c7d21f0f2eaa269d343c406c9653edd610648c90142ac	MTY6c2VtYW50aWMtcHJvZmlsZVs1OjE6NDc6TU9EVUxBUjI6zrHkuK01OnBsYWluNTpwbGFpbl17MDp9	MTY6c2VtYW50aWMtcHJvZmlsZVs1OjE6NDc6TU9EVUxBUjI6zrHkuK01OnBsYWluNTpwbGFpbl17MDp9	-	UNEXPORTED	
71	serialization	4:MODULAR:5	base	custom	false	4	MODULAR	8J+YgA==	cGxhaW4=	cGxhaW4=	f1e888dcc2ab39af7d89be49c40d5f91523f1475a01dbeae3243b8ee73e7ee67	MTY6c2VtYW50aWMtcHJvZmlsZVs1OjE6NDc6TU9EVUxBUjI68J+YgDU6cGxhaW41OnBsYWluXXswOn0=	MTY6c2VtYW50aWMtcHJvZmlsZVs1OjE6NDc6TU9EVUxBUjI68J+YgDU6cGxhaW41OnBsYWluXXswOn0=	-	UNEXPORTED	
72	serialization	4:MODULAR:6	base	custom	false	4	MODULAR	ZcyB	cGxhaW4=	cGxhaW4=	704e8cfc191b0a1c2a64beea076596e8e5bf9e36cc064a8603497fb0aec7b57b	MTY6c2VtYW50aWMtcHJvZmlsZVs1OjE6NDc6TU9EVUxBUjI6ZcyBNTpwbGFpbjU6cGxhaW5dezA6fQ==	MTY6c2VtYW50aWMtcHJvZmlsZVs1OjE6NDc6TU9EVUxBUjI6ZcyBNTpwbGFpbjU6cGxhaW5dezA6fQ==	-	UNEXPORTED	
73	serialization	4:MODULAR:7	base	custom	false	4	MODULAR	eAB5	cGxhaW4=	cGxhaW4=	6d68e41e5af034ad9fbf65e019afbe48429bc5af063ce210f52360655ab68946	MTY6c2VtYW50aWMtcHJvZmlsZVs1OjE6NDc6TU9EVUxBUjM6eAB5NTpwbGFpbjU6cGxhaW5dezA6fQ==	MTY6c2VtYW50aWMtcHJvZmlsZVs1OjE6NDc6TU9EVUxBUjM6eAB5NTpwbGFpbjU6cGxhaW5dezA6fQ==	-	UNEXPORTED	
74	serialization	4:MODULAR:8	base	custom	false	4	MODULAR	cGxhaW4=	W117fTowMTI=	cGxhaW4=	92487a9540e86a8ff90329cde5375c73777cf7ee287b46fae6bcd5b14f924e8c	MTY6c2VtYW50aWMtcHJvZmlsZVs1OjE6NDc6TU9EVUxBUjU6cGxhaW44Oltde306MDEyNTpwbGFpbl17MDp9	MTY6c2VtYW50aWMtcHJvZmlsZVs1OjE6NDc6TU9EVUxBUjU6cGxhaW44Oltde306MDEyNTpwbGFpbl17MDp9	-	UNEXPORTED	
75	serialization	4:MODULAR:9	base	custom	false	4	MODULAR	cGxhaW4=	cXVvdGUic2xhc2hc	cGxhaW4=	e5b4abf4f6743db15ee89fce2b0cd1d2046e23881e8dda0bf924eb4f62671cad	MTY6c2VtYW50aWMtcHJvZmlsZVs1OjE6NDc6TU9EVUxBUjU6cGxhaW4xMjpxdW90ZSJzbGFzaFw1OnBsYWluXXswOn0=	MTY6c2VtYW50aWMtcHJvZmlsZVs1OjE6NDc6TU9EVUxBUjU6cGxhaW4xMjpxdW90ZSJzbGFzaFw1OnBsYWluXXswOn0=	-	UNEXPORTED	
76	serialization	4:MODULAR:10	base	custom	false	4	MODULAR	cGxhaW4=	bGluZQpuZXh0CWNlbGw=	cGxhaW4=	52e07261ebd19ab300ef5b45f2a448a77cf8865fa5aa84c99892099a14812f32	MTY6c2VtYW50aWMtcHJvZmlsZVs1OjE6NDc6TU9EVUxBUjU6cGxhaW4xNDpsaW5lCm5leHQJY2VsbDU6cGxhaW5dezA6fQ==	MTY6c2VtYW50aWMtcHJvZmlsZVs1OjE6NDc6TU9EVUxBUjU6cGxhaW4xNDpsaW5lCm5leHQJY2VsbDU6cGxhaW5dezA6fQ==	-	UNEXPORTED	
77	serialization	4:MODULAR:11	base	custom	false	4	MODULAR	cGxhaW4=	zrHkuK0=	cGxhaW4=	7e8c9e52b5ae9bf17df49b712ed094bd9607ef63b2b6f45ce54106860e9716f9	MTY6c2VtYW50aWMtcHJvZmlsZVs1OjE6NDc6TU9EVUxBUjU6cGxhaW4yOs6x5LitNTpwbGFpbl17MDp9	MTY6c2VtYW50aWMtcHJvZmlsZVs1OjE6NDc6TU9EVUxBUjU6cGxhaW4yOs6x5LitNTpwbGFpbl17MDp9	-	UNEXPORTED	
78	serialization	4:MODULAR:12	base	custom	false	4	MODULAR	cGxhaW4=	8J+YgA==	cGxhaW4=	bf6d73ba0c973c037f96454f2e81463c526ad7fd99812d7f917bc4ca6977834b	MTY6c2VtYW50aWMtcHJvZmlsZVs1OjE6NDc6TU9EVUxBUjU6cGxhaW4yOvCfmIA1OnBsYWluXXswOn0=	MTY6c2VtYW50aWMtcHJvZmlsZVs1OjE6NDc6TU9EVUxBUjU6cGxhaW4yOvCfmIA1OnBsYWluXXswOn0=	-	UNEXPORTED	
79	serialization	4:MODULAR:13	base	custom	false	4	MODULAR	cGxhaW4=	ZcyB	cGxhaW4=	b4196079d6992c88f020cf35bfbec87d109097bed56c201975e494d94753c64d	MTY6c2VtYW50aWMtcHJvZmlsZVs1OjE6NDc6TU9EVUxBUjU6cGxhaW4yOmXMgTU6cGxhaW5dezA6fQ==	MTY6c2VtYW50aWMtcHJvZmlsZVs1OjE6NDc6TU9EVUxBUjU6cGxhaW4yOmXMgTU6cGxhaW5dezA6fQ==	-	UNEXPORTED	
80	serialization	4:MODULAR:14	base	custom	false	4	MODULAR	cGxhaW4=	eAB5	cGxhaW4=	0a041c8dae32d3b0947e4018d04bccc780f7a138326e0b563f4ab342a1e43e3a	MTY6c2VtYW50aWMtcHJvZmlsZVs1OjE6NDc6TU9EVUxBUjU6cGxhaW4zOngAeTU6cGxhaW5dezA6fQ==	MTY6c2VtYW50aWMtcHJvZmlsZVs1OjE6NDc6TU9EVUxBUjU6cGxhaW4zOngAeTU6cGxhaW5dezA6fQ==	-	UNEXPORTED	
81	serialization	4:MODULAR:15	base	custom	false	4	MODULAR	cGxhaW4=	cGxhaW4=	W117fTowMTI=	a9d207a5f7c6d6bb0d5d6b8f6e9963acaef73714a4f54f778af0b6f98590991b	MTY6c2VtYW50aWMtcHJvZmlsZVs1OjE6NDc6TU9EVUxBUjU6cGxhaW41OnBsYWluODpbXXt9OjAxMl17MDp9	MTY6c2VtYW50aWMtcHJvZmlsZVs1OjE6NDc6TU9EVUxBUjU6cGxhaW41OnBsYWluODpbXXt9OjAxMl17MDp9	-	UNEXPORTED	
82	serialization	4:MODULAR:16	base	custom	false	4	MODULAR	cGxhaW4=	cGxhaW4=	cXVvdGUic2xhc2hc	e82b490e695cce53a14344e2f816c91ec162d07d1952702666833d54f8b3ef37	MTY6c2VtYW50aWMtcHJvZmlsZVs1OjE6NDc6TU9EVUxBUjU6cGxhaW41OnBsYWluMTI6cXVvdGUic2xhc2hcXXswOn0=	MTY6c2VtYW50aWMtcHJvZmlsZVs1OjE6NDc6TU9EVUxBUjU6cGxhaW41OnBsYWluMTI6cXVvdGUic2xhc2hcXXswOn0=	-	UNEXPORTED	
83	serialization	4:MODULAR:17	base	custom	false	4	MODULAR	cGxhaW4=	cGxhaW4=	bGluZQpuZXh0CWNlbGw=	e089efdb7d3a87332943f4a1bcac60af22e61a5040aa817282e6d1e63670c8a0	MTY6c2VtYW50aWMtcHJvZmlsZVs1OjE6NDc6TU9EVUxBUjU6cGxhaW41OnBsYWluMTQ6bGluZQpuZXh0CWNlbGxdezA6fQ==	MTY6c2VtYW50aWMtcHJvZmlsZVs1OjE6NDc6TU9EVUxBUjU6cGxhaW41OnBsYWluMTQ6bGluZQpuZXh0CWNlbGxdezA6fQ==	-	UNEXPORTED	
84	serialization	4:MODULAR:18	base	custom	false	4	MODULAR	cGxhaW4=	cGxhaW4=	zrHkuK0=	02e9f00daa4d88e5a14049664808c5bfa0ccda732681efa943092617159bc294	MTY6c2VtYW50aWMtcHJvZmlsZVs1OjE6NDc6TU9EVUxBUjU6cGxhaW41OnBsYWluMjrOseS4rV17MDp9	MTY6c2VtYW50aWMtcHJvZmlsZVs1OjE6NDc6TU9EVUxBUjU6cGxhaW41OnBsYWluMjrOseS4rV17MDp9	-	UNEXPORTED	
85	serialization	4:MODULAR:19	base	custom	false	4	MODULAR	cGxhaW4=	cGxhaW4=	8J+YgA==	6f6796af5836b208712dc500094494040d8dac25b2ff8b511b838b90ee8182ae	MTY6c2VtYW50aWMtcHJvZmlsZVs1OjE6NDc6TU9EVUxBUjU6cGxhaW41OnBsYWluMjrwn5iAXXswOn0=	MTY6c2VtYW50aWMtcHJvZmlsZVs1OjE6NDc6TU9EVUxBUjU6cGxhaW41OnBsYWluMjrwn5iAXXswOn0=	-	UNEXPORTED	
86	serialization	4:MODULAR:20	base	custom	false	4	MODULAR	cGxhaW4=	cGxhaW4=	ZcyB	090234724cab8f89b2ebc8c44b621f6f36b6fbf4ac12a94dbc3d85be7d6b75c9	MTY6c2VtYW50aWMtcHJvZmlsZVs1OjE6NDc6TU9EVUxBUjU6cGxhaW41OnBsYWluMjplzIFdezA6fQ==	MTY6c2VtYW50aWMtcHJvZmlsZVs1OjE6NDc6TU9EVUxBUjU6cGxhaW41OnBsYWluMjplzIFdezA6fQ==	-	UNEXPORTED	
87	serialization	4:MODULAR:21	base	custom	false	4	MODULAR	cGxhaW4=	cGxhaW4=	eAB5	81b3b26d96ac53f4cbb045963571290b1dc0bf18794f6ca8956af12f0ac2fccd	MTY6c2VtYW50aWMtcHJvZmlsZVs1OjE6NDc6TU9EVUxBUjU6cGxhaW41OnBsYWluMzp4AHldezA6fQ==	MTY6c2VtYW50aWMtcHJvZmlsZVs1OjE6NDc6TU9EVUxBUjU6cGxhaW41OnBsYWluMzp4AHldezA6fQ==	-	UNEXPORTED	
88	serialization	30:FORBID:0	base	custom	false	30	FORBID	cGxhaW4=	cGxhaW4=	cGxhaW4=	73b868293ed9ecb2f6a3e1ae78c8e8e93bc9d381568e468486ad66fd427a9f4f	MTY6c2VtYW50aWMtcHJvZmlsZVs1OjI6MzA2OkZPUkJJRDU6cGxhaW41OnBsYWluNTpwbGFpbl17MDp9	MTY6c2VtYW50aWMtcHJvZmlsZVs1OjI6MzA2OkZPUkJJRDU6cGxhaW41OnBsYWluNTpwbGFpbl17MDp9	-	UNEXPORTED	
89	serialization	30:FORBID:1	base	custom	false	30	FORBID	W117fTowMTI=	cGxhaW4=	cGxhaW4=	b8c2a6ffdf8ee001f1a71f72575412d944b1e58e97e87027194ef0cac552adc6	MTY6c2VtYW50aWMtcHJvZmlsZVs1OjI6MzA2OkZPUkJJRDg6W117fTowMTI1OnBsYWluNTpwbGFpbl17MDp9	MTY6c2VtYW50aWMtcHJvZmlsZVs1OjI6MzA2OkZPUkJJRDg6W117fTowMTI1OnBsYWluNTpwbGFpbl17MDp9	-	UNEXPORTED	
90	serialization	30:FORBID:2	base	custom	false	30	FORBID	cXVvdGUic2xhc2hc	cGxhaW4=	cGxhaW4=	d98c4794e0fbc06be5e10e3cee5736c71a08e04aca47b3440375d127d9ac2676	MTY6c2VtYW50aWMtcHJvZmlsZVs1OjI6MzA2OkZPUkJJRDEyOnF1b3RlInNsYXNoXDU6cGxhaW41OnBsYWluXXswOn0=	MTY6c2VtYW50aWMtcHJvZmlsZVs1OjI6MzA2OkZPUkJJRDEyOnF1b3RlInNsYXNoXDU6cGxhaW41OnBsYWluXXswOn0=	-	UNEXPORTED	
91	serialization	30:FORBID:3	base	custom	false	30	FORBID	bGluZQpuZXh0CWNlbGw=	cGxhaW4=	cGxhaW4=	e78427066981140f45c2da7fcbb0e4725c227c436303d90a602b0a6526de26e5	MTY6c2VtYW50aWMtcHJvZmlsZVs1OjI6MzA2OkZPUkJJRDE0OmxpbmUKbmV4dAljZWxsNTpwbGFpbjU6cGxhaW5dezA6fQ==	MTY6c2VtYW50aWMtcHJvZmlsZVs1OjI6MzA2OkZPUkJJRDE0OmxpbmUKbmV4dAljZWxsNTpwbGFpbjU6cGxhaW5dezA6fQ==	-	UNEXPORTED	
92	serialization	30:FORBID:4	base	custom	false	30	FORBID	zrHkuK0=	cGxhaW4=	cGxhaW4=	53b23f6ce539d62451b88091a49e26b569c5532bb8d0082216843785389e2d88	MTY6c2VtYW50aWMtcHJvZmlsZVs1OjI6MzA2OkZPUkJJRDI6zrHkuK01OnBsYWluNTpwbGFpbl17MDp9	MTY6c2VtYW50aWMtcHJvZmlsZVs1OjI6MzA2OkZPUkJJRDI6zrHkuK01OnBsYWluNTpwbGFpbl17MDp9	-	UNEXPORTED	
93	serialization	30:FORBID:5	base	custom	false	30	FORBID	8J+YgA==	cGxhaW4=	cGxhaW4=	db468bec18bdeefc197e1fcfb15b994684c5914bb2a46ba6cf4bfd33bf9b7985	MTY6c2VtYW50aWMtcHJvZmlsZVs1OjI6MzA2OkZPUkJJRDI68J+YgDU6cGxhaW41OnBsYWluXXswOn0=	MTY6c2VtYW50aWMtcHJvZmlsZVs1OjI6MzA2OkZPUkJJRDI68J+YgDU6cGxhaW41OnBsYWluXXswOn0=	-	UNEXPORTED	
94	serialization	30:FORBID:6	base	custom	false	30	FORBID	ZcyB	cGxhaW4=	cGxhaW4=	c35bdbc2856d4d5f51a633efd88d6bf1ef1be3fb6e4a2e8fe4ac3e99bbd94c55	MTY6c2VtYW50aWMtcHJvZmlsZVs1OjI6MzA2OkZPUkJJRDI6ZcyBNTpwbGFpbjU6cGxhaW5dezA6fQ==	MTY6c2VtYW50aWMtcHJvZmlsZVs1OjI6MzA2OkZPUkJJRDI6ZcyBNTpwbGFpbjU6cGxhaW5dezA6fQ==	-	UNEXPORTED	
95	serialization	30:FORBID:7	base	custom	false	30	FORBID	eAB5	cGxhaW4=	cGxhaW4=	ef7bb770d71407e07dc1b0a1d746a6b2e14d780ac4820031d7603f1e9565dc08	MTY6c2VtYW50aWMtcHJvZmlsZVs1OjI6MzA2OkZPUkJJRDM6eAB5NTpwbGFpbjU6cGxhaW5dezA6fQ==	MTY6c2VtYW50aWMtcHJvZmlsZVs1OjI6MzA2OkZPUkJJRDM6eAB5NTpwbGFpbjU6cGxhaW5dezA6fQ==	-	UNEXPORTED	
96	serialization	30:FORBID:8	base	custom	false	30	FORBID	cGxhaW4=	W117fTowMTI=	cGxhaW4=	d8671f909a075b03ddb7a92b6e35cd51d1336bf669a247630b7739723cd8f0f8	MTY6c2VtYW50aWMtcHJvZmlsZVs1OjI6MzA2OkZPUkJJRDU6cGxhaW44Oltde306MDEyNTpwbGFpbl17MDp9	MTY6c2VtYW50aWMtcHJvZmlsZVs1OjI6MzA2OkZPUkJJRDU6cGxhaW44Oltde306MDEyNTpwbGFpbl17MDp9	-	UNEXPORTED	
97	serialization	30:FORBID:9	base	custom	false	30	FORBID	cGxhaW4=	cXVvdGUic2xhc2hc	cGxhaW4=	297eba4ffce1e1d5754b3712585a5b2d9d670e0e739ddaf8a2d511053f9494ee	MTY6c2VtYW50aWMtcHJvZmlsZVs1OjI6MzA2OkZPUkJJRDU6cGxhaW4xMjpxdW90ZSJzbGFzaFw1OnBsYWluXXswOn0=	MTY6c2VtYW50aWMtcHJvZmlsZVs1OjI6MzA2OkZPUkJJRDU6cGxhaW4xMjpxdW90ZSJzbGFzaFw1OnBsYWluXXswOn0=	-	UNEXPORTED	
98	serialization	30:FORBID:10	base	custom	false	30	FORBID	cGxhaW4=	bGluZQpuZXh0CWNlbGw=	cGxhaW4=	d4ce05be7a577e0ee5b3b026ea40a4764edfda44f891583c3b029d5f474d83b6	MTY6c2VtYW50aWMtcHJvZmlsZVs1OjI6MzA2OkZPUkJJRDU6cGxhaW4xNDpsaW5lCm5leHQJY2VsbDU6cGxhaW5dezA6fQ==	MTY6c2VtYW50aWMtcHJvZmlsZVs1OjI6MzA2OkZPUkJJRDU6cGxhaW4xNDpsaW5lCm5leHQJY2VsbDU6cGxhaW5dezA6fQ==	-	UNEXPORTED	
99	serialization	30:FORBID:11	base	custom	false	30	FORBID	cGxhaW4=	zrHkuK0=	cGxhaW4=	e331777d99293f2b4ba73c5c429323b9ac544eec6cdc1b186947a98e443833e6	MTY6c2VtYW50aWMtcHJvZmlsZVs1OjI6MzA2OkZPUkJJRDU6cGxhaW4yOs6x5LitNTpwbGFpbl17MDp9	MTY6c2VtYW50aWMtcHJvZmlsZVs1OjI6MzA2OkZPUkJJRDU6cGxhaW4yOs6x5LitNTpwbGFpbl17MDp9	-	UNEXPORTED	
100	serialization	30:FORBID:12	base	custom	false	30	FORBID	cGxhaW4=	8J+YgA==	cGxhaW4=	3779ffcb5bf77556e38100c349820b6240f6048b9b878857e472f91ce3240e83	MTY6c2VtYW50aWMtcHJvZmlsZVs1OjI6MzA2OkZPUkJJRDU6cGxhaW4yOvCfmIA1OnBsYWluXXswOn0=	MTY6c2VtYW50aWMtcHJvZmlsZVs1OjI6MzA2OkZPUkJJRDU6cGxhaW4yOvCfmIA1OnBsYWluXXswOn0=	-	UNEXPORTED	
101	serialization	30:FORBID:13	base	custom	false	30	FORBID	cGxhaW4=	ZcyB	cGxhaW4=	b4e3b52615ff1b46eea4a1e2d3ecbb73f94b2fa184b59aef8e6233512665b495	MTY6c2VtYW50aWMtcHJvZmlsZVs1OjI6MzA2OkZPUkJJRDU6cGxhaW4yOmXMgTU6cGxhaW5dezA6fQ==	MTY6c2VtYW50aWMtcHJvZmlsZVs1OjI6MzA2OkZPUkJJRDU6cGxhaW4yOmXMgTU6cGxhaW5dezA6fQ==	-	UNEXPORTED	
102	serialization	30:FORBID:14	base	custom	false	30	FORBID	cGxhaW4=	eAB5	cGxhaW4=	6df95d46e04b41565d1f4b5600dca7a9aa4994c7d19dd8507738df4d05b5829e	MTY6c2VtYW50aWMtcHJvZmlsZVs1OjI6MzA2OkZPUkJJRDU6cGxhaW4zOngAeTU6cGxhaW5dezA6fQ==	MTY6c2VtYW50aWMtcHJvZmlsZVs1OjI6MzA2OkZPUkJJRDU6cGxhaW4zOngAeTU6cGxhaW5dezA6fQ==	-	UNEXPORTED	
103	serialization	30:FORBID:15	base	custom	false	30	FORBID	cGxhaW4=	cGxhaW4=	W117fTowMTI=	a540eba4cf568872377662a35c302e3f34b123e6fc58e1191f380b9096587da5	MTY6c2VtYW50aWMtcHJvZmlsZVs1OjI6MzA2OkZPUkJJRDU6cGxhaW41OnBsYWluODpbXXt9OjAxMl17MDp9	MTY6c2VtYW50aWMtcHJvZmlsZVs1OjI6MzA2OkZPUkJJRDU6cGxhaW41OnBsYWluODpbXXt9OjAxMl17MDp9	-	UNEXPORTED	
104	serialization	30:FORBID:16	base	custom	false	30	FORBID	cGxhaW4=	cGxhaW4=	cXVvdGUic2xhc2hc	c1a4ff9e26f0d6aa6a2a94738dcca6fc1530ecd77f5f4b620c8155b625329e06	MTY6c2VtYW50aWMtcHJvZmlsZVs1OjI6MzA2OkZPUkJJRDU6cGxhaW41OnBsYWluMTI6cXVvdGUic2xhc2hcXXswOn0=	MTY6c2VtYW50aWMtcHJvZmlsZVs1OjI6MzA2OkZPUkJJRDU6cGxhaW41OnBsYWluMTI6cXVvdGUic2xhc2hcXXswOn0=	-	UNEXPORTED	
105	serialization	30:FORBID:17	base	custom	false	30	FORBID	cGxhaW4=	cGxhaW4=	bGluZQpuZXh0CWNlbGw=	a7236ba8fa8a87d0f79ff9bbb2e54584d85a30cdc5cd7253d4470a399827f3fa	MTY6c2VtYW50aWMtcHJvZmlsZVs1OjI6MzA2OkZPUkJJRDU6cGxhaW41OnBsYWluMTQ6bGluZQpuZXh0CWNlbGxdezA6fQ==	MTY6c2VtYW50aWMtcHJvZmlsZVs1OjI6MzA2OkZPUkJJRDU6cGxhaW41OnBsYWluMTQ6bGluZQpuZXh0CWNlbGxdezA6fQ==	-	UNEXPORTED	
106	serialization	30:FORBID:18	base	custom	false	30	FORBID	cGxhaW4=	cGxhaW4=	zrHkuK0=	f4f19a269efffcf1b6b50b0361d7054e5105b0cd30e13d34ac47acf51c953a8f	MTY6c2VtYW50aWMtcHJvZmlsZVs1OjI6MzA2OkZPUkJJRDU6cGxhaW41OnBsYWluMjrOseS4rV17MDp9	MTY6c2VtYW50aWMtcHJvZmlsZVs1OjI6MzA2OkZPUkJJRDU6cGxhaW41OnBsYWluMjrOseS4rV17MDp9	-	UNEXPORTED	
107	serialization	30:FORBID:19	base	custom	false	30	FORBID	cGxhaW4=	cGxhaW4=	8J+YgA==	e11018b9f29cd8339b72efa6690372c87ef01cf54c8af8a000b328b7ed2fba53	MTY6c2VtYW50aWMtcHJvZmlsZVs1OjI6MzA2OkZPUkJJRDU6cGxhaW41OnBsYWluMjrwn5iAXXswOn0=	MTY6c2VtYW50aWMtcHJvZmlsZVs1OjI6MzA2OkZPUkJJRDU6cGxhaW41OnBsYWluMjrwn5iAXXswOn0=	-	UNEXPORTED	
108	serialization	30:FORBID:20	base	custom	false	30	FORBID	cGxhaW4=	cGxhaW4=	ZcyB	cab369f7e094e709dd98d32f83620159f7f7265d7801fcf71204f2bb7035bd07	MTY6c2VtYW50aWMtcHJvZmlsZVs1OjI6MzA2OkZPUkJJRDU6cGxhaW41OnBsYWluMjplzIFdezA6fQ==	MTY6c2VtYW50aWMtcHJvZmlsZVs1OjI6MzA2OkZPUkJJRDU6cGxhaW41OnBsYWluMjplzIFdezA6fQ==	-	UNEXPORTED	
109	serialization	30:FORBID:21	base	custom	false	30	FORBID	cGxhaW4=	cGxhaW4=	eAB5	43e9388ac12814afa18cfbf664c6722fb327ef6f519ce412daa6aa1f9d2305e2	MTY6c2VtYW50aWMtcHJvZmlsZVs1OjI6MzA2OkZPUkJJRDU6cGxhaW41OnBsYWluMzp4AHldezA6fQ==	MTY6c2VtYW50aWMtcHJvZmlsZVs1OjI6MzA2OkZPUkJJRDU6cGxhaW41OnBsYWluMzp4AHldezA6fQ==	-	UNEXPORTED	
110	serialization	30:MODULAR:0	base	custom	false	30	MODULAR	cGxhaW4=	cGxhaW4=	cGxhaW4=	799ab9d205dfe1e86c5938de0d96c4dd0fd88e56f48d58e6d398bb7ef38c54f8	MTY6c2VtYW50aWMtcHJvZmlsZVs1OjI6MzA3Ok1PRFVMQVI1OnBsYWluNTpwbGFpbjU6cGxhaW5dezA6fQ==	MTY6c2VtYW50aWMtcHJvZmlsZVs1OjI6MzA3Ok1PRFVMQVI1OnBsYWluNTpwbGFpbjU6cGxhaW5dezA6fQ==	-	UNEXPORTED	
111	serialization	30:MODULAR:1	base	custom	false	30	MODULAR	W117fTowMTI=	cGxhaW4=	cGxhaW4=	62b794d54ccdbcff0ccba38f8d2a0d3c6614edf67b65305f97c4e09170f44826	MTY6c2VtYW50aWMtcHJvZmlsZVs1OjI6MzA3Ok1PRFVMQVI4Oltde306MDEyNTpwbGFpbjU6cGxhaW5dezA6fQ==	MTY6c2VtYW50aWMtcHJvZmlsZVs1OjI6MzA3Ok1PRFVMQVI4Oltde306MDEyNTpwbGFpbjU6cGxhaW5dezA6fQ==	-	UNEXPORTED	
112	serialization	30:MODULAR:2	base	custom	false	30	MODULAR	cXVvdGUic2xhc2hc	cGxhaW4=	cGxhaW4=	211dec929d5d0c7e8ec78d0637ca5643568f36e9f6bbebda0636cd073d6bcf67	MTY6c2VtYW50aWMtcHJvZmlsZVs1OjI6MzA3Ok1PRFVMQVIxMjpxdW90ZSJzbGFzaFw1OnBsYWluNTpwbGFpbl17MDp9	MTY6c2VtYW50aWMtcHJvZmlsZVs1OjI6MzA3Ok1PRFVMQVIxMjpxdW90ZSJzbGFzaFw1OnBsYWluNTpwbGFpbl17MDp9	-	UNEXPORTED	
113	serialization	30:MODULAR:3	base	custom	false	30	MODULAR	bGluZQpuZXh0CWNlbGw=	cGxhaW4=	cGxhaW4=	fc3d898535be9d9ce461986bfdb717c2fa37fa25a652ac7ce391fdac6b1f86e5	MTY6c2VtYW50aWMtcHJvZmlsZVs1OjI6MzA3Ok1PRFVMQVIxNDpsaW5lCm5leHQJY2VsbDU6cGxhaW41OnBsYWluXXswOn0=	MTY6c2VtYW50aWMtcHJvZmlsZVs1OjI6MzA3Ok1PRFVMQVIxNDpsaW5lCm5leHQJY2VsbDU6cGxhaW41OnBsYWluXXswOn0=	-	UNEXPORTED	
114	serialization	30:MODULAR:4	base	custom	false	30	MODULAR	zrHkuK0=	cGxhaW4=	cGxhaW4=	442691414db01ce1628a42852ea55eff4518db1cc46eefa08d333c42111dc2e9	MTY6c2VtYW50aWMtcHJvZmlsZVs1OjI6MzA3Ok1PRFVMQVIyOs6x5LitNTpwbGFpbjU6cGxhaW5dezA6fQ==	MTY6c2VtYW50aWMtcHJvZmlsZVs1OjI6MzA3Ok1PRFVMQVIyOs6x5LitNTpwbGFpbjU6cGxhaW5dezA6fQ==	-	UNEXPORTED	
115	serialization	30:MODULAR:5	base	custom	false	30	MODULAR	8J+YgA==	cGxhaW4=	cGxhaW4=	ec4b0c63a183660a3bf901fc354fa74f3808cff6852918fc8968ca70e14d5c64	MTY6c2VtYW50aWMtcHJvZmlsZVs1OjI6MzA3Ok1PRFVMQVIyOvCfmIA1OnBsYWluNTpwbGFpbl17MDp9	MTY6c2VtYW50aWMtcHJvZmlsZVs1OjI6MzA3Ok1PRFVMQVIyOvCfmIA1OnBsYWluNTpwbGFpbl17MDp9	-	UNEXPORTED	
116	serialization	30:MODULAR:6	base	custom	false	30	MODULAR	ZcyB	cGxhaW4=	cGxhaW4=	c4cdb40dbbb674bce7af6e104056d8acefc3b0f1303497611f90b984982932d2	MTY6c2VtYW50aWMtcHJvZmlsZVs1OjI6MzA3Ok1PRFVMQVIyOmXMgTU6cGxhaW41OnBsYWluXXswOn0=	MTY6c2VtYW50aWMtcHJvZmlsZVs1OjI6MzA3Ok1PRFVMQVIyOmXMgTU6cGxhaW41OnBsYWluXXswOn0=	-	UNEXPORTED	
117	serialization	30:MODULAR:7	base	custom	false	30	MODULAR	eAB5	cGxhaW4=	cGxhaW4=	523fae98d3c28323c0e5e2366b3c5144bae9f4ce86908e2c7dd7050b597a790c	MTY6c2VtYW50aWMtcHJvZmlsZVs1OjI6MzA3Ok1PRFVMQVIzOngAeTU6cGxhaW41OnBsYWluXXswOn0=	MTY6c2VtYW50aWMtcHJvZmlsZVs1OjI6MzA3Ok1PRFVMQVIzOngAeTU6cGxhaW41OnBsYWluXXswOn0=	-	UNEXPORTED	
118	serialization	30:MODULAR:8	base	custom	false	30	MODULAR	cGxhaW4=	W117fTowMTI=	cGxhaW4=	fceb307cca251326ff6d60cd1e0b0598014ae707f00334756af5ab3e9a103ad8	MTY6c2VtYW50aWMtcHJvZmlsZVs1OjI6MzA3Ok1PRFVMQVI1OnBsYWluODpbXXt9OjAxMjU6cGxhaW5dezA6fQ==	MTY6c2VtYW50aWMtcHJvZmlsZVs1OjI6MzA3Ok1PRFVMQVI1OnBsYWluODpbXXt9OjAxMjU6cGxhaW5dezA6fQ==	-	UNEXPORTED	
119	serialization	30:MODULAR:9	base	custom	false	30	MODULAR	cGxhaW4=	cXVvdGUic2xhc2hc	cGxhaW4=	41f4ac3dbfc2d267801a227ca09fbf6baf84cbdccb453e20b8e2f7e7b2112d73	MTY6c2VtYW50aWMtcHJvZmlsZVs1OjI6MzA3Ok1PRFVMQVI1OnBsYWluMTI6cXVvdGUic2xhc2hcNTpwbGFpbl17MDp9	MTY6c2VtYW50aWMtcHJvZmlsZVs1OjI6MzA3Ok1PRFVMQVI1OnBsYWluMTI6cXVvdGUic2xhc2hcNTpwbGFpbl17MDp9	-	UNEXPORTED	
120	serialization	30:MODULAR:10	base	custom	false	30	MODULAR	cGxhaW4=	bGluZQpuZXh0CWNlbGw=	cGxhaW4=	a1b4c16f8ba37bb7f741b6a03ea1e9d7dee50a51ed9eb88dca1a487fb359df48	MTY6c2VtYW50aWMtcHJvZmlsZVs1OjI6MzA3Ok1PRFVMQVI1OnBsYWluMTQ6bGluZQpuZXh0CWNlbGw1OnBsYWluXXswOn0=	MTY6c2VtYW50aWMtcHJvZmlsZVs1OjI6MzA3Ok1PRFVMQVI1OnBsYWluMTQ6bGluZQpuZXh0CWNlbGw1OnBsYWluXXswOn0=	-	UNEXPORTED	
121	serialization	30:MODULAR:11	base	custom	false	30	MODULAR	cGxhaW4=	zrHkuK0=	cGxhaW4=	b225673d4bd68a869486d66c47e3f4c6061acaec6033b9d95f598f4fa64baf3f	MTY6c2VtYW50aWMtcHJvZmlsZVs1OjI6MzA3Ok1PRFVMQVI1OnBsYWluMjrOseS4rTU6cGxhaW5dezA6fQ==	MTY6c2VtYW50aWMtcHJvZmlsZVs1OjI6MzA3Ok1PRFVMQVI1OnBsYWluMjrOseS4rTU6cGxhaW5dezA6fQ==	-	UNEXPORTED	
122	serialization	30:MODULAR:12	base	custom	false	30	MODULAR	cGxhaW4=	8J+YgA==	cGxhaW4=	e4033c9c0296ee6e5cb5663f423f345e44f33dcd8d5a1650cc6efefc013e59c9	MTY6c2VtYW50aWMtcHJvZmlsZVs1OjI6MzA3Ok1PRFVMQVI1OnBsYWluMjrwn5iANTpwbGFpbl17MDp9	MTY6c2VtYW50aWMtcHJvZmlsZVs1OjI6MzA3Ok1PRFVMQVI1OnBsYWluMjrwn5iANTpwbGFpbl17MDp9	-	UNEXPORTED	
123	serialization	30:MODULAR:13	base	custom	false	30	MODULAR	cGxhaW4=	ZcyB	cGxhaW4=	a3bda2f5a2f429424a74a91395c8af3c6dcccf55879b83922a2e0ac2fcf37f24	MTY6c2VtYW50aWMtcHJvZmlsZVs1OjI6MzA3Ok1PRFVMQVI1OnBsYWluMjplzIE1OnBsYWluXXswOn0=	MTY6c2VtYW50aWMtcHJvZmlsZVs1OjI6MzA3Ok1PRFVMQVI1OnBsYWluMjplzIE1OnBsYWluXXswOn0=	-	UNEXPORTED	
124	serialization	30:MODULAR:14	base	custom	false	30	MODULAR	cGxhaW4=	eAB5	cGxhaW4=	b70ad4b71e5ac56d918de4754311a01664a63bda45c81e000da32df65b165bd0	MTY6c2VtYW50aWMtcHJvZmlsZVs1OjI6MzA3Ok1PRFVMQVI1OnBsYWluMzp4AHk1OnBsYWluXXswOn0=	MTY6c2VtYW50aWMtcHJvZmlsZVs1OjI6MzA3Ok1PRFVMQVI1OnBsYWluMzp4AHk1OnBsYWluXXswOn0=	-	UNEXPORTED	
125	serialization	30:MODULAR:15	base	custom	false	30	MODULAR	cGxhaW4=	cGxhaW4=	W117fTowMTI=	eb51b8adfd63dac852b447d9a96c6d4b76427dcb9251834cafccc6a0caeb2c3d	MTY6c2VtYW50aWMtcHJvZmlsZVs1OjI6MzA3Ok1PRFVMQVI1OnBsYWluNTpwbGFpbjg6W117fTowMTJdezA6fQ==	MTY6c2VtYW50aWMtcHJvZmlsZVs1OjI6MzA3Ok1PRFVMQVI1OnBsYWluNTpwbGFpbjg6W117fTowMTJdezA6fQ==	-	UNEXPORTED	
126	serialization	30:MODULAR:16	base	custom	false	30	MODULAR	cGxhaW4=	cGxhaW4=	cXVvdGUic2xhc2hc	06dd5f5f19e8e83cd3d14f4d0a03286c726c609a81e9e52d18574a681855419b	MTY6c2VtYW50aWMtcHJvZmlsZVs1OjI6MzA3Ok1PRFVMQVI1OnBsYWluNTpwbGFpbjEyOnF1b3RlInNsYXNoXF17MDp9	MTY6c2VtYW50aWMtcHJvZmlsZVs1OjI6MzA3Ok1PRFVMQVI1OnBsYWluNTpwbGFpbjEyOnF1b3RlInNsYXNoXF17MDp9	-	UNEXPORTED	
127	serialization	30:MODULAR:17	base	custom	false	30	MODULAR	cGxhaW4=	cGxhaW4=	bGluZQpuZXh0CWNlbGw=	d47b49b66169248a1567c1b93496de9b33e3b208578dae79bd43af2c6dce6588	MTY6c2VtYW50aWMtcHJvZmlsZVs1OjI6MzA3Ok1PRFVMQVI1OnBsYWluNTpwbGFpbjE0OmxpbmUKbmV4dAljZWxsXXswOn0=	MTY6c2VtYW50aWMtcHJvZmlsZVs1OjI6MzA3Ok1PRFVMQVI1OnBsYWluNTpwbGFpbjE0OmxpbmUKbmV4dAljZWxsXXswOn0=	-	UNEXPORTED	
128	serialization	30:MODULAR:18	base	custom	false	30	MODULAR	cGxhaW4=	cGxhaW4=	zrHkuK0=	59ea15be75bda297798c54d76e3e865ca2bc8635ce6cae0657f150d70830ba96	MTY6c2VtYW50aWMtcHJvZmlsZVs1OjI6MzA3Ok1PRFVMQVI1OnBsYWluNTpwbGFpbjI6zrHkuK1dezA6fQ==	MTY6c2VtYW50aWMtcHJvZmlsZVs1OjI6MzA3Ok1PRFVMQVI1OnBsYWluNTpwbGFpbjI6zrHkuK1dezA6fQ==	-	UNEXPORTED	
129	serialization	30:MODULAR:19	base	custom	false	30	MODULAR	cGxhaW4=	cGxhaW4=	8J+YgA==	4f814aef72ba00242d19d40128bbeb16f9469c9d5d43318f9b9e8fc84dd806dc	MTY6c2VtYW50aWMtcHJvZmlsZVs1OjI6MzA3Ok1PRFVMQVI1OnBsYWluNTpwbGFpbjI68J+YgF17MDp9	MTY6c2VtYW50aWMtcHJvZmlsZVs1OjI6MzA3Ok1PRFVMQVI1OnBsYWluNTpwbGFpbjI68J+YgF17MDp9	-	UNEXPORTED	
130	serialization	30:MODULAR:20	base	custom	false	30	MODULAR	cGxhaW4=	cGxhaW4=	ZcyB	edada8fe70f6560114b022799f46c340afab51a030584c6a397d7b374cfaf809	MTY6c2VtYW50aWMtcHJvZmlsZVs1OjI6MzA3Ok1PRFVMQVI1OnBsYWluNTpwbGFpbjI6ZcyBXXswOn0=	MTY6c2VtYW50aWMtcHJvZmlsZVs1OjI6MzA3Ok1PRFVMQVI1OnBsYWluNTpwbGFpbjI6ZcyBXXswOn0=	-	UNEXPORTED	
131	serialization	30:MODULAR:21	base	custom	false	30	MODULAR	cGxhaW4=	cGxhaW4=	eAB5	50c3030220a09f9476fa6d7aff5749e1049ff19e7efb72f77a1fa4f2b4a943d7	MTY6c2VtYW50aWMtcHJvZmlsZVs1OjI6MzA3Ok1PRFVMQVI1OnBsYWluNTpwbGFpbjM6eAB5XXswOn0=	MTY6c2VtYW50aWMtcHJvZmlsZVs1OjI6MzA3Ok1PRFVMQVI1OnBsYWluNTpwbGFpbjM6eAB5XXswOn0=	-	UNEXPORTED	
132	boundary	fixed:FORBID	base	compatibility	true	4	FORBID	YWxsb3ktdGVtcG9yYWw=	cmVwYWlyZWQtbm9ybWFsLWZvcm0tdjI=	YWxsb3ktc2lnbmF0dXJlLXYy	3bdad8f587b547cbce4cc60b65ddc2e165a1a8cbfaf6b42ca9e54a5fe4b7f5da	MTY6c2VtYW50aWMtcHJvZmlsZVs1OjE6NDY6Rk9SQklEMTQ6YWxsb3ktdGVtcG9yYWwyMzpyZXBhaXJlZC1ub3JtYWwtZm9ybS12MjE4OmFsbG95LXNpZ25hdHVyZS12Ml17MDp9	MTY6c2VtYW50aWMtcHJvZmlsZVs1OjE6NDY6Rk9SQklEMTQ6YWxsb3ktdGVtcG9yYWwyMzpyZXBhaXJlZC1ub3JtYWwtZm9ybS12MjE4OmFsbG95LXNpZ25hdHVyZS12Ml17MDp9	NA==|Rk9SQklE|YWxsb3ktdGVtcG9yYWw=|cmVwYWlyZWQtbm9ybWFsLWZvcm0tdjI=|YWxsb3ktc2lnbmF0dXJlLXYy|M2JkYWQ4ZjU4N2I1NDdjYmNlNGNjNjBiNjVkZGMyZTE2NWExYThjYmZhZjZiNDJjYTllNTRhNWZlNGI3ZjVkYQ==|YWxsb3ktY29udGFpbmVyLWxhdy10aGVvcnktdjM=|YjY0Nzk3MTJlNTE4YjVkZmMxM2YxOTg2Njc2OWYzMGFiODFiNDliZDRiYWQ1MDhhMTc1NjkxZmJiMWQwNjMzZg==	ACCEPT	a2VybmVsIHByb2ZpbGUgaW5kZXBlbmRlbnRseSB2ZXJpZmllZA==
133	boundary	fixed:FORBID	stale-0	compatibility	true	5	FORBID	YWxsb3ktdGVtcG9yYWw=	cmVwYWlyZWQtbm9ybWFsLWZvcm0tdjI=	YWxsb3ktc2lnbmF0dXJlLXYy	3bdad8f587b547cbce4cc60b65ddc2e165a1a8cbfaf6b42ca9e54a5fe4b7f5da	MTY6c2VtYW50aWMtcHJvZmlsZVs1OjE6NTY6Rk9SQklEMTQ6YWxsb3ktdGVtcG9yYWwyMzpyZXBhaXJlZC1ub3JtYWwtZm9ybS12MjE4OmFsbG95LXNpZ25hdHVyZS12Ml17MDp9	MTY6c2VtYW50aWMtcHJvZmlsZVs1OjE6NTY6Rk9SQklEMTQ6YWxsb3ktdGVtcG9yYWwyMzpyZXBhaXJlZC1ub3JtYWwtZm9ybS12MjE4OmFsbG95LXNpZ25hdHVyZS12Ml17MDp9	NA==|Rk9SQklE|YWxsb3ktdGVtcG9yYWw=|cmVwYWlyZWQtbm9ybWFsLWZvcm0tdjI=|YWxsb3ktc2lnbmF0dXJlLXYy|M2JkYWQ4ZjU4N2I1NDdjYmNlNGNjNjBiNjVkZGMyZTE2NWExYThjYmZhZjZiNDJjYTllNTRhNWZlNGI3ZjVkYQ==|YWxsb3ktY29udGFpbmVyLWxhdy10aGVvcnktdjM=|YjY0Nzk3MTJlNTE4YjVkZmMxM2YxOTg2Njc2OWYzMGFiODFiNDliZDRiYWQ1MDhhMTc1NjkxZmJiMWQwNjMzZg==	THEORY_MISMATCH	Rml4ZWQgY29tcGF0aWJpbGl0eSBwcm9maWxlcyBhcmUgYXV0aG9yaXplZCBvbmx5IGZvciBURVNUX09OTFkgZXZpZGVuY2U=
134	boundary	fixed:FORBID	stale-1	compatibility	true	4	MODULAR	YWxsb3ktdGVtcG9yYWw=	cmVwYWlyZWQtbm9ybWFsLWZvcm0tdjI=	YWxsb3ktc2lnbmF0dXJlLXYy	3bdad8f587b547cbce4cc60b65ddc2e165a1a8cbfaf6b42ca9e54a5fe4b7f5da	MTY6c2VtYW50aWMtcHJvZmlsZVs1OjE6NDc6TU9EVUxBUjE0OmFsbG95LXRlbXBvcmFsMjM6cmVwYWlyZWQtbm9ybWFsLWZvcm0tdjIxODphbGxveS1zaWduYXR1cmUtdjJdezA6fQ==	MTY6c2VtYW50aWMtcHJvZmlsZVs1OjE6NDc6TU9EVUxBUjE0OmFsbG95LXRlbXBvcmFsMjM6cmVwYWlyZWQtbm9ybWFsLWZvcm0tdjIxODphbGxveS1zaWduYXR1cmUtdjJdezA6fQ==	NA==|Rk9SQklE|YWxsb3ktdGVtcG9yYWw=|cmVwYWlyZWQtbm9ybWFsLWZvcm0tdjI=|YWxsb3ktc2lnbmF0dXJlLXYy|M2JkYWQ4ZjU4N2I1NDdjYmNlNGNjNjBiNjVkZGMyZTE2NWExYThjYmZhZjZiNDJjYTllNTRhNWZlNGI3ZjVkYQ==|YWxsb3ktY29udGFpbmVyLWxhdy10aGVvcnktdjM=|YjY0Nzk3MTJlNTE4YjVkZmMxM2YxOTg2Njc2OWYzMGFiODFiNDliZDRiYWQ1MDhhMTc1NjkxZmJiMWQwNjMzZg==	DIGEST_MISMATCH	U2VtYW50aWMtcHJvZmlsZSBmaW5nZXJwcmludCBkb2VzIG5vdCBtYXRjaCBpdHMgZml2ZS1zY2FsYXIgcHJvZmlsZQ==
135	boundary	fixed:FORBID	stale-2	compatibility	true	4	FORBID	YWxsb3ktdGVtcG9yYWw6Y2hhbmdlZA==	cmVwYWlyZWQtbm9ybWFsLWZvcm0tdjI=	YWxsb3ktc2lnbmF0dXJlLXYy	3bdad8f587b547cbce4cc60b65ddc2e165a1a8cbfaf6b42ca9e54a5fe4b7f5da	MTY6c2VtYW50aWMtcHJvZmlsZVs1OjE6NDY6Rk9SQklEMjI6YWxsb3ktdGVtcG9yYWw6Y2hhbmdlZDIzOnJlcGFpcmVkLW5vcm1hbC1mb3JtLXYyMTg6YWxsb3ktc2lnbmF0dXJlLXYyXXswOn0=	MTY6c2VtYW50aWMtcHJvZmlsZVs1OjE6NDY6Rk9SQklEMjI6YWxsb3ktdGVtcG9yYWw6Y2hhbmdlZDIzOnJlcGFpcmVkLW5vcm1hbC1mb3JtLXYyMTg6YWxsb3ktc2lnbmF0dXJlLXYyXXswOn0=	NA==|Rk9SQklE|YWxsb3ktdGVtcG9yYWw=|cmVwYWlyZWQtbm9ybWFsLWZvcm0tdjI=|YWxsb3ktc2lnbmF0dXJlLXYy|M2JkYWQ4ZjU4N2I1NDdjYmNlNGNjNjBiNjVkZGMyZTE2NWExYThjYmZhZjZiNDJjYTllNTRhNWZlNGI3ZjVkYQ==|YWxsb3ktY29udGFpbmVyLWxhdy10aGVvcnktdjM=|YjY0Nzk3MTJlNTE4YjVkZmMxM2YxOTg2Njc2OWYzMGFiODFiNDliZDRiYWQ1MDhhMTc1NjkxZmJiMWQwNjMzZg==	THEORY_MISMATCH	U291cmNlLWNvbW1hbmQgZXZpZGVuY2UgbmFtZXMgdW5zdXBwb3J0ZWQgc2VtYW50aWMgaW1wbGVtZW50YXRpb24gdmVyc2lvbnM=
136	boundary	fixed:FORBID	stale-3	compatibility	true	4	FORBID	YWxsb3ktdGVtcG9yYWw=	cmVwYWlyZWQtbm9ybWFsLWZvcm0tdjI6Y2hhbmdlZA==	YWxsb3ktc2lnbmF0dXJlLXYy	3bdad8f587b547cbce4cc60b65ddc2e165a1a8cbfaf6b42ca9e54a5fe4b7f5da	MTY6c2VtYW50aWMtcHJvZmlsZVs1OjE6NDY6Rk9SQklEMTQ6YWxsb3ktdGVtcG9yYWwzMTpyZXBhaXJlZC1ub3JtYWwtZm9ybS12MjpjaGFuZ2VkMTg6YWxsb3ktc2lnbmF0dXJlLXYyXXswOn0=	MTY6c2VtYW50aWMtcHJvZmlsZVs1OjE6NDY6Rk9SQklEMTQ6YWxsb3ktdGVtcG9yYWwzMTpyZXBhaXJlZC1ub3JtYWwtZm9ybS12MjpjaGFuZ2VkMTg6YWxsb3ktc2lnbmF0dXJlLXYyXXswOn0=	NA==|Rk9SQklE|YWxsb3ktdGVtcG9yYWw=|cmVwYWlyZWQtbm9ybWFsLWZvcm0tdjI=|YWxsb3ktc2lnbmF0dXJlLXYy|M2JkYWQ4ZjU4N2I1NDdjYmNlNGNjNjBiNjVkZGMyZTE2NWExYThjYmZhZjZiNDJjYTllNTRhNWZlNGI3ZjVkYQ==|YWxsb3ktY29udGFpbmVyLWxhdy10aGVvcnktdjM=|YjY0Nzk3MTJlNTE4YjVkZmMxM2YxOTg2Njc2OWYzMGFiODFiNDliZDRiYWQ1MDhhMTc1NjkxZmJiMWQwNjMzZg==	THEORY_MISMATCH	Rml4ZWQgY29tcGF0aWJpbGl0eSBwcm9maWxlcyBhcmUgYXV0aG9yaXplZCBvbmx5IGZvciBURVNUX09OTFkgZXZpZGVuY2U=
137	boundary	fixed:FORBID	stale-4	compatibility	true	4	FORBID	YWxsb3ktdGVtcG9yYWw=	cmVwYWlyZWQtbm9ybWFsLWZvcm0tdjI=	YWxsb3ktc2lnbmF0dXJlLXYyOmNoYW5nZWQ=	3bdad8f587b547cbce4cc60b65ddc2e165a1a8cbfaf6b42ca9e54a5fe4b7f5da	MTY6c2VtYW50aWMtcHJvZmlsZVs1OjE6NDY6Rk9SQklEMTQ6YWxsb3ktdGVtcG9yYWwyMzpyZXBhaXJlZC1ub3JtYWwtZm9ybS12MjI2OmFsbG95LXNpZ25hdHVyZS12MjpjaGFuZ2VkXXswOn0=	MTY6c2VtYW50aWMtcHJvZmlsZVs1OjE6NDY6Rk9SQklEMTQ6YWxsb3ktdGVtcG9yYWwyMzpyZXBhaXJlZC1ub3JtYWwtZm9ybS12MjI2OmFsbG95LXNpZ25hdHVyZS12MjpjaGFuZ2VkXXswOn0=	NA==|Rk9SQklE|YWxsb3ktdGVtcG9yYWw=|cmVwYWlyZWQtbm9ybWFsLWZvcm0tdjI=|YWxsb3ktc2lnbmF0dXJlLXYy|M2JkYWQ4ZjU4N2I1NDdjYmNlNGNjNjBiNjVkZGMyZTE2NWExYThjYmZhZjZiNDJjYTllNTRhNWZlNGI3ZjVkYQ==|YWxsb3ktY29udGFpbmVyLWxhdy10aGVvcnktdjM=|YjY0Nzk3MTJlNTE4YjVkZmMxM2YxOTg2Njc2OWYzMGFiODFiNDliZDRiYWQ1MDhhMTc1NjkxZmJiMWQwNjMzZg==	THEORY_MISMATCH	Rml4ZWQgY29tcGF0aWJpbGl0eSBwcm9maWxlcyBhcmUgYXV0aG9yaXplZCBvbmx5IGZvciBURVNUX09OTFkgZXZpZGVuY2U=
138	boundary	fixed:FORBID	rehashed-0	compatibility	true	5	FORBID	YWxsb3ktdGVtcG9yYWw=	cmVwYWlyZWQtbm9ybWFsLWZvcm0tdjI=	YWxsb3ktc2lnbmF0dXJlLXYy	4d674b94be88a84508d601d08366cfb98780bb67ffdfdc3af1cd15a55820f1de	MTY6c2VtYW50aWMtcHJvZmlsZVs1OjE6NTY6Rk9SQklEMTQ6YWxsb3ktdGVtcG9yYWwyMzpyZXBhaXJlZC1ub3JtYWwtZm9ybS12MjE4OmFsbG95LXNpZ25hdHVyZS12Ml17MDp9	MTY6c2VtYW50aWMtcHJvZmlsZVs1OjE6NTY6Rk9SQklEMTQ6YWxsb3ktdGVtcG9yYWwyMzpyZXBhaXJlZC1ub3JtYWwtZm9ybS12MjE4OmFsbG95LXNpZ25hdHVyZS12Ml17MDp9	NA==|Rk9SQklE|YWxsb3ktdGVtcG9yYWw=|cmVwYWlyZWQtbm9ybWFsLWZvcm0tdjI=|YWxsb3ktc2lnbmF0dXJlLXYy|M2JkYWQ4ZjU4N2I1NDdjYmNlNGNjNjBiNjVkZGMyZTE2NWExYThjYmZhZjZiNDJjYTllNTRhNWZlNGI3ZjVkYQ==|YWxsb3ktY29udGFpbmVyLWxhdy10aGVvcnktdjM=|YjY0Nzk3MTJlNTE4YjVkZmMxM2YxOTg2Njc2OWYzMGFiODFiNDliZDRiYWQ1MDhhMTc1NjkxZmJiMWQwNjMzZg==	THEORY_MISMATCH	Rml4ZWQgY29tcGF0aWJpbGl0eSBwcm9maWxlcyBhcmUgYXV0aG9yaXplZCBvbmx5IGZvciBURVNUX09OTFkgZXZpZGVuY2U=
139	boundary	fixed:FORBID	rehashed-1	compatibility	true	4	MODULAR	YWxsb3ktdGVtcG9yYWw=	cmVwYWlyZWQtbm9ybWFsLWZvcm0tdjI=	YWxsb3ktc2lnbmF0dXJlLXYy	89e7eca47a6a3c4773e64b18226fdc094a387e46b5224ef92d5601efffaab661	MTY6c2VtYW50aWMtcHJvZmlsZVs1OjE6NDc6TU9EVUxBUjE0OmFsbG95LXRlbXBvcmFsMjM6cmVwYWlyZWQtbm9ybWFsLWZvcm0tdjIxODphbGxveS1zaWduYXR1cmUtdjJdezA6fQ==	MTY6c2VtYW50aWMtcHJvZmlsZVs1OjE6NDc6TU9EVUxBUjE0OmFsbG95LXRlbXBvcmFsMjM6cmVwYWlyZWQtbm9ybWFsLWZvcm0tdjIxODphbGxveS1zaWduYXR1cmUtdjJdezA6fQ==	NA==|Rk9SQklE|YWxsb3ktdGVtcG9yYWw=|cmVwYWlyZWQtbm9ybWFsLWZvcm0tdjI=|YWxsb3ktc2lnbmF0dXJlLXYy|M2JkYWQ4ZjU4N2I1NDdjYmNlNGNjNjBiNjVkZGMyZTE2NWExYThjYmZhZjZiNDJjYTllNTRhNWZlNGI3ZjVkYQ==|YWxsb3ktY29udGFpbmVyLWxhdy10aGVvcnktdjM=|YjY0Nzk3MTJlNTE4YjVkZmMxM2YxOTg2Njc2OWYzMGFiODFiNDliZDRiYWQ1MDhhMTc1NjkxZmJiMWQwNjMzZg==	ACCEPT	a2VybmVsIHByb2ZpbGUgaW5kZXBlbmRlbnRseSB2ZXJpZmllZA==
140	boundary	fixed:FORBID	rehashed-2	compatibility	true	4	FORBID	YWxsb3ktdGVtcG9yYWw6Y2hhbmdlZA==	cmVwYWlyZWQtbm9ybWFsLWZvcm0tdjI=	YWxsb3ktc2lnbmF0dXJlLXYy	446b3fb21f60ff2c7b2b6fe47aa74763f76d25178c0a3e175c2f7a0a5ce3ba2c	MTY6c2VtYW50aWMtcHJvZmlsZVs1OjE6NDY6Rk9SQklEMjI6YWxsb3ktdGVtcG9yYWw6Y2hhbmdlZDIzOnJlcGFpcmVkLW5vcm1hbC1mb3JtLXYyMTg6YWxsb3ktc2lnbmF0dXJlLXYyXXswOn0=	MTY6c2VtYW50aWMtcHJvZmlsZVs1OjE6NDY6Rk9SQklEMjI6YWxsb3ktdGVtcG9yYWw6Y2hhbmdlZDIzOnJlcGFpcmVkLW5vcm1hbC1mb3JtLXYyMTg6YWxsb3ktc2lnbmF0dXJlLXYyXXswOn0=	NA==|Rk9SQklE|YWxsb3ktdGVtcG9yYWw=|cmVwYWlyZWQtbm9ybWFsLWZvcm0tdjI=|YWxsb3ktc2lnbmF0dXJlLXYy|M2JkYWQ4ZjU4N2I1NDdjYmNlNGNjNjBiNjVkZGMyZTE2NWExYThjYmZhZjZiNDJjYTllNTRhNWZlNGI3ZjVkYQ==|YWxsb3ktY29udGFpbmVyLWxhdy10aGVvcnktdjM=|YjY0Nzk3MTJlNTE4YjVkZmMxM2YxOTg2Njc2OWYzMGFiODFiNDliZDRiYWQ1MDhhMTc1NjkxZmJiMWQwNjMzZg==	THEORY_MISMATCH	U291cmNlLWNvbW1hbmQgZXZpZGVuY2UgbmFtZXMgdW5zdXBwb3J0ZWQgc2VtYW50aWMgaW1wbGVtZW50YXRpb24gdmVyc2lvbnM=
141	boundary	fixed:FORBID	rehashed-3	compatibility	true	4	FORBID	YWxsb3ktdGVtcG9yYWw=	cmVwYWlyZWQtbm9ybWFsLWZvcm0tdjI6Y2hhbmdlZA==	YWxsb3ktc2lnbmF0dXJlLXYy	0c0d7c447829141bb5057b1abcfddbf48ecbab8b278e592a4e0b02a44b4a804d	MTY6c2VtYW50aWMtcHJvZmlsZVs1OjE6NDY6Rk9SQklEMTQ6YWxsb3ktdGVtcG9yYWwzMTpyZXBhaXJlZC1ub3JtYWwtZm9ybS12MjpjaGFuZ2VkMTg6YWxsb3ktc2lnbmF0dXJlLXYyXXswOn0=	MTY6c2VtYW50aWMtcHJvZmlsZVs1OjE6NDY6Rk9SQklEMTQ6YWxsb3ktdGVtcG9yYWwzMTpyZXBhaXJlZC1ub3JtYWwtZm9ybS12MjpjaGFuZ2VkMTg6YWxsb3ktc2lnbmF0dXJlLXYyXXswOn0=	NA==|Rk9SQklE|YWxsb3ktdGVtcG9yYWw=|cmVwYWlyZWQtbm9ybWFsLWZvcm0tdjI=|YWxsb3ktc2lnbmF0dXJlLXYy|M2JkYWQ4ZjU4N2I1NDdjYmNlNGNjNjBiNjVkZGMyZTE2NWExYThjYmZhZjZiNDJjYTllNTRhNWZlNGI3ZjVkYQ==|YWxsb3ktY29udGFpbmVyLWxhdy10aGVvcnktdjM=|YjY0Nzk3MTJlNTE4YjVkZmMxM2YxOTg2Njc2OWYzMGFiODFiNDliZDRiYWQ1MDhhMTc1NjkxZmJiMWQwNjMzZg==	THEORY_MISMATCH	Rml4ZWQgY29tcGF0aWJpbGl0eSBwcm9maWxlcyBhcmUgYXV0aG9yaXplZCBvbmx5IGZvciBURVNUX09OTFkgZXZpZGVuY2U=
142	boundary	fixed:FORBID	rehashed-4	compatibility	true	4	FORBID	YWxsb3ktdGVtcG9yYWw=	cmVwYWlyZWQtbm9ybWFsLWZvcm0tdjI=	YWxsb3ktc2lnbmF0dXJlLXYyOmNoYW5nZWQ=	202527d3804082535abe5dfbe5a222108400f0dc776daf200c0630a3e7383393	MTY6c2VtYW50aWMtcHJvZmlsZVs1OjE6NDY6Rk9SQklEMTQ6YWxsb3ktdGVtcG9yYWwyMzpyZXBhaXJlZC1ub3JtYWwtZm9ybS12MjI2OmFsbG95LXNpZ25hdHVyZS12MjpjaGFuZ2VkXXswOn0=	MTY6c2VtYW50aWMtcHJvZmlsZVs1OjE6NDY6Rk9SQklEMTQ6YWxsb3ktdGVtcG9yYWwyMzpyZXBhaXJlZC1ub3JtYWwtZm9ybS12MjI2OmFsbG95LXNpZ25hdHVyZS12MjpjaGFuZ2VkXXswOn0=	NA==|Rk9SQklE|YWxsb3ktdGVtcG9yYWw=|cmVwYWlyZWQtbm9ybWFsLWZvcm0tdjI=|YWxsb3ktc2lnbmF0dXJlLXYy|M2JkYWQ4ZjU4N2I1NDdjYmNlNGNjNjBiNjVkZGMyZTE2NWExYThjYmZhZjZiNDJjYTllNTRhNWZlNGI3ZjVkYQ==|YWxsb3ktY29udGFpbmVyLWxhdy10aGVvcnktdjM=|YjY0Nzk3MTJlNTE4YjVkZmMxM2YxOTg2Njc2OWYzMGFiODFiNDliZDRiYWQ1MDhhMTc1NjkxZmJiMWQwNjMzZg==	THEORY_MISMATCH	Rml4ZWQgY29tcGF0aWJpbGl0eSBwcm9maWxlcyBhcmUgYXV0aG9yaXplZCBvbmx5IGZvciBURVNUX09OTFkgZXZpZGVuY2U=
143	boundary	fixed:FORBID	digest	compatibility	true	4	FORBID	YWxsb3ktdGVtcG9yYWw=	cmVwYWlyZWQtbm9ybWFsLWZvcm0tdjI=	YWxsb3ktc2lnbmF0dXJlLXYy	0000000000000000000000000000000000000000000000000000000000000000	MTY6c2VtYW50aWMtcHJvZmlsZVs1OjE6NDY6Rk9SQklEMTQ6YWxsb3ktdGVtcG9yYWwyMzpyZXBhaXJlZC1ub3JtYWwtZm9ybS12MjE4OmFsbG95LXNpZ25hdHVyZS12Ml17MDp9	MTY6c2VtYW50aWMtcHJvZmlsZVs1OjE6NDY6Rk9SQklEMTQ6YWxsb3ktdGVtcG9yYWwyMzpyZXBhaXJlZC1ub3JtYWwtZm9ybS12MjE4OmFsbG95LXNpZ25hdHVyZS12Ml17MDp9	NA==|Rk9SQklE|YWxsb3ktdGVtcG9yYWw=|cmVwYWlyZWQtbm9ybWFsLWZvcm0tdjI=|YWxsb3ktc2lnbmF0dXJlLXYy|M2JkYWQ4ZjU4N2I1NDdjYmNlNGNjNjBiNjVkZGMyZTE2NWExYThjYmZhZjZiNDJjYTllNTRhNWZlNGI3ZjVkYQ==|YWxsb3ktY29udGFpbmVyLWxhdy10aGVvcnktdjM=|YjY0Nzk3MTJlNTE4YjVkZmMxM2YxOTg2Njc2OWYzMGFiODFiNDliZDRiYWQ1MDhhMTc1NjkxZmJiMWQwNjMzZg==	DIGEST_MISMATCH	U2VtYW50aWMtcHJvZmlsZSBmaW5nZXJwcmludCBkb2VzIG5vdCBtYXRjaCBpdHMgZml2ZS1zY2FsYXIgcHJvZmlsZQ==
144	boundary	fixed:FORBID	registry-version	compatibility	true	4	FORBID	YWxsb3ktdGVtcG9yYWw=	cmVwYWlyZWQtbm9ybWFsLWZvcm0tdjI=	YWxsb3ktc2lnbmF0dXJlLXYy	3bdad8f587b547cbce4cc60b65ddc2e165a1a8cbfaf6b42ca9e54a5fe4b7f5da	MTY6c2VtYW50aWMtcHJvZmlsZVs1OjE6NDY6Rk9SQklEMTQ6YWxsb3ktdGVtcG9yYWwyMzpyZXBhaXJlZC1ub3JtYWwtZm9ybS12MjE4OmFsbG95LXNpZ25hdHVyZS12Ml17MDp9	MTY6c2VtYW50aWMtcHJvZmlsZVs1OjE6NDY6Rk9SQklEMTQ6YWxsb3ktdGVtcG9yYWwyMzpyZXBhaXJlZC1ub3JtYWwtZm9ybS12MjE4OmFsbG95LXNpZ25hdHVyZS12Ml17MDp9	NA==|Rk9SQklE|YWxsb3ktdGVtcG9yYWw=|cmVwYWlyZWQtbm9ybWFsLWZvcm0tdjI=|YWxsb3ktc2lnbmF0dXJlLXYy|M2JkYWQ4ZjU4N2I1NDdjYmNlNGNjNjBiNjVkZGMyZTE2NWExYThjYmZhZjZiNDJjYTllNTRhNWZlNGI3ZjVkYQ==|YWxsb3ktY29udGFpbmVyLWxhdy10aGVvcnktdjM=|YjY0Nzk3MTJlNTE4YjVkZmMxM2YxOTg2Njc2OWYzMGFiODFiNDliZDRiYWQ1MDhhMTc1NjkxZmJiMWQwNjMzZg==	THEORY_MISMATCH	U2VtYW50aWMgZXZpZGVuY2UgbmFtZXMgYW4gdW5rbm93biBBbGxveSBsYXcgcmVnaXN0cnk=
145	boundary	fixed:FORBID	registry-digest	compatibility	true	4	FORBID	YWxsb3ktdGVtcG9yYWw=	cmVwYWlyZWQtbm9ybWFsLWZvcm0tdjI=	YWxsb3ktc2lnbmF0dXJlLXYy	3bdad8f587b547cbce4cc60b65ddc2e165a1a8cbfaf6b42ca9e54a5fe4b7f5da	MTY6c2VtYW50aWMtcHJvZmlsZVs1OjE6NDY6Rk9SQklEMTQ6YWxsb3ktdGVtcG9yYWwyMzpyZXBhaXJlZC1ub3JtYWwtZm9ybS12MjE4OmFsbG95LXNpZ25hdHVyZS12Ml17MDp9	MTY6c2VtYW50aWMtcHJvZmlsZVs1OjE6NDY6Rk9SQklEMTQ6YWxsb3ktdGVtcG9yYWwyMzpyZXBhaXJlZC1ub3JtYWwtZm9ybS12MjE4OmFsbG95LXNpZ25hdHVyZS12Ml17MDp9	NA==|Rk9SQklE|YWxsb3ktdGVtcG9yYWw=|cmVwYWlyZWQtbm9ybWFsLWZvcm0tdjI=|YWxsb3ktc2lnbmF0dXJlLXYy|M2JkYWQ4ZjU4N2I1NDdjYmNlNGNjNjBiNjVkZGMyZTE2NWExYThjYmZhZjZiNDJjYTllNTRhNWZlNGI3ZjVkYQ==|YWxsb3ktY29udGFpbmVyLWxhdy10aGVvcnktdjM=|YjY0Nzk3MTJlNTE4YjVkZmMxM2YxOTg2Njc2OWYzMGFiODFiNDliZDRiYWQ1MDhhMTc1NjkxZmJiMWQwNjMzZg==	DIGEST_MISMATCH	QWxsb3kgbGF3LXJlZ2lzdHJ5IGRpZ2VzdCBkb2VzIG5vdCBtYXRjaCB0aGUgZml4ZWQgdjIgc291cmNlIHRleHQ=
146	boundary	fixed:FORBID	publication	compatibility	false	4	FORBID	YWxsb3ktdGVtcG9yYWw=	cmVwYWlyZWQtbm9ybWFsLWZvcm0tdjI=	YWxsb3ktc2lnbmF0dXJlLXYy	3bdad8f587b547cbce4cc60b65ddc2e165a1a8cbfaf6b42ca9e54a5fe4b7f5da	MTY6c2VtYW50aWMtcHJvZmlsZVs1OjE6NDY6Rk9SQklEMTQ6YWxsb3ktdGVtcG9yYWwyMzpyZXBhaXJlZC1ub3JtYWwtZm9ybS12MjE4OmFsbG95LXNpZ25hdHVyZS12Ml17MDp9	MTY6c2VtYW50aWMtcHJvZmlsZVs1OjE6NDY6Rk9SQklEMTQ6YWxsb3ktdGVtcG9yYWwyMzpyZXBhaXJlZC1ub3JtYWwtZm9ybS12MjE4OmFsbG95LXNpZ25hdHVyZS12Ml17MDp9	NA==|Rk9SQklE|YWxsb3ktdGVtcG9yYWw=|cmVwYWlyZWQtbm9ybWFsLWZvcm0tdjI=|YWxsb3ktc2lnbmF0dXJlLXYy|M2JkYWQ4ZjU4N2I1NDdjYmNlNGNjNjBiNjVkZGMyZTE2NWExYThjYmZhZjZiNDJjYTllNTRhNWZlNGI3ZjVkYQ==|YWxsb3ktY29udGFpbmVyLWxhdy10aGVvcnktdjM=|YjY0Nzk3MTJlNTE4YjVkZmMxM2YxOTg2Njc2OWYzMGFiODFiNDliZDRiYWQ1MDhhMTc1NjkxZmJiMWQwNjMzZg==	THEORY_MISMATCH	Rml4ZWQgY29tcGF0aWJpbGl0eSBwcm9maWxlcyBhcmUgYXV0aG9yaXplZCBvbmx5IGZvciBURVNUX09OTFkgZXZpZGVuY2U=
147	clone	fixed:FORBID	same-spelling	custom	true	4	FORBID	YWxsb3ktdGVtcG9yYWw=	cmVwYWlyZWQtbm9ybWFsLWZvcm0tdjI=	YWxsb3ktc2lnbmF0dXJlLXYy	3bdad8f587b547cbce4cc60b65ddc2e165a1a8cbfaf6b42ca9e54a5fe4b7f5da	MTY6c2VtYW50aWMtcHJvZmlsZVs1OjE6NDY6Rk9SQklEMTQ6YWxsb3ktdGVtcG9yYWwyMzpyZXBhaXJlZC1ub3JtYWwtZm9ybS12MjE4OmFsbG95LXNpZ25hdHVyZS12Ml17MDp9	MTY6c2VtYW50aWMtcHJvZmlsZVs1OjE6NDY6Rk9SQklEMTQ6YWxsb3ktdGVtcG9yYWwyMzpyZXBhaXJlZC1ub3JtYWwtZm9ybS12MjE4OmFsbG95LXNpZ25hdHVyZS12Ml17MDp9	NA==|Rk9SQklE|YWxsb3ktdGVtcG9yYWw=|cmVwYWlyZWQtbm9ybWFsLWZvcm0tdjI=|YWxsb3ktc2lnbmF0dXJlLXYy|M2JkYWQ4ZjU4N2I1NDdjYmNlNGNjNjBiNjVkZGMyZTE2NWExYThjYmZhZjZiNDJjYTllNTRhNWZlNGI3ZjVkYQ==|YWxsb3ktY29udGFpbmVyLWxhdy10aGVvcnktdjM=|YjY0Nzk3MTJlNTE4YjVkZmMxM2YxOTg2Njc2OWYzMGFiODFiNDliZDRiYWQ1MDhhMTc1NjkxZmJiMWQwNjMzZg==	AUTHORITY_REJECT	
148	boundary	source:3:FORBID	base	source	true	3	FORBID	MzE6YWxsb3ktc291cmNlLWNvbW1hbmQtY29udGV4dC12MVsxMTo1MDphbGxveS1jb21tYW5kLW9wdGlvbnMtdjQtaW5kZXBlbmRlbnQtc2VhcmNoLWRvbWFpbjQ6d2lyZTE2OkFORFtzb21lIHRoaXMvQV01OmZhbHNlMTozMTozMjotMTI6LTEyOi0xMjotMTI6LTFdezM6MTY6NjpzY29wZXNbMDpdezA6fTM0OjIzOmFkZGl0aW9uYWwtZXhhY3Qtc2NvcGVzWzA6XXswOn03MToxNzpleGVjdXRpb24tb3B0aW9uc1sxMDo0OnRydWUyOjIwMTowMToyMTowNTpzYXQ0ajQ6dHJ1ZTI6LTExOjAxOjRdezA6fX0=	cmVwYWlyZWQtbm9ybWFsLWZvcm0tdjM7dHlwZWQtYWxsb3ktbm9ybWFsLWZvcm0tYWRhcHRlci12MTM=	Y2Fub25pY2FsLWFsbG95LXNpZ25hdHVyZS12OA==	ff7a4cdf0bd9789212000ceded036dc154f05b721495432774fdf9d8a29ea392	MTY6c2VtYW50aWMtcHJvZmlsZVs1OjE6MzY6Rk9SQklEMjg0OjMxOmFsbG95LXNvdXJjZS1jb21tYW5kLWNvbnRleHQtdjFbMTE6NTA6YWxsb3ktY29tbWFuZC1vcHRpb25zLXY0LWluZGVwZW5kZW50LXNlYXJjaC1kb21haW40OndpcmUxNjpBTkRbc29tZSB0aGlzL0FdNTpmYWxzZTE6MzE6MzI6LTEyOi0xMjotMTI6LTEyOi0xXXszOjE2OjY6c2NvcGVzWzA6XXswOn0zNDoyMzphZGRpdGlvbmFsLWV4YWN0LXNjb3Blc1swOl17MDp9NzE6MTc6ZXhlY3V0aW9uLW9wdGlvbnNbMTA6NDp0cnVlMjoyMDE6MDE6MjE6MDU6c2F0NGo0OnRydWUyOi0xMTowMTo0XXswOn19NTk6cmVwYWlyZWQtbm9ybWFsLWZvcm0tdjM7dHlwZWQtYWxsb3ktbm9ybWFsLWZvcm0tYWRhcHRlci12MTMyODpjYW5vbmljYWwtYWxsb3ktc2lnbmF0dXJlLXY4XXswOn0=	MTY6c2VtYW50aWMtcHJvZmlsZVs1OjE6MzY6Rk9SQklEMjg0OjMxOmFsbG95LXNvdXJjZS1jb21tYW5kLWNvbnRleHQtdjFbMTE6NTA6YWxsb3ktY29tbWFuZC1vcHRpb25zLXY0LWluZGVwZW5kZW50LXNlYXJjaC1kb21haW40OndpcmUxNjpBTkRbc29tZSB0aGlzL0FdNTpmYWxzZTE6MzE6MzI6LTEyOi0xMjotMTI6LTEyOi0xXXszOjE2OjY6c2NvcGVzWzA6XXswOn0zNDoyMzphZGRpdGlvbmFsLWV4YWN0LXNjb3Blc1swOl17MDp9NzE6MTc6ZXhlY3V0aW9uLW9wdGlvbnNbMTA6NDp0cnVlMjoyMDE6MDE6MjE6MDU6c2F0NGo0OnRydWUyOi0xMTowMTo0XXswOn19NTk6cmVwYWlyZWQtbm9ybWFsLWZvcm0tdjM7dHlwZWQtYWxsb3ktbm9ybWFsLWZvcm0tYWRhcHRlci12MTMyODpjYW5vbmljYWwtYWxsb3ktc2lnbmF0dXJlLXY4XXswOn0=	Mw==|Rk9SQklE|MzE6YWxsb3ktc291cmNlLWNvbW1hbmQtY29udGV4dC12MVsxMTo1MDphbGxveS1jb21tYW5kLW9wdGlvbnMtdjQtaW5kZXBlbmRlbnQtc2VhcmNoLWRvbWFpbjQ6d2lyZTE2OkFORFtzb21lIHRoaXMvQV01OmZhbHNlMTozMTozMjotMTI6LTEyOi0xMjotMTI6LTFdezM6MTY6NjpzY29wZXNbMDpdezA6fTM0OjIzOmFkZGl0aW9uYWwtZXhhY3Qtc2NvcGVzWzA6XXswOn03MToxNzpleGVjdXRpb24tb3B0aW9uc1sxMDo0OnRydWUyOjIwMTowMToyMTowNTpzYXQ0ajQ6dHJ1ZTI6LTExOjAxOjRdezA6fX0=|cmVwYWlyZWQtbm9ybWFsLWZvcm0tdjM7dHlwZWQtYWxsb3ktbm9ybWFsLWZvcm0tYWRhcHRlci12MTM=|Y2Fub25pY2FsLWFsbG95LXNpZ25hdHVyZS12OA==|ZmY3YTRjZGYwYmQ5Nzg5MjEyMDAwY2VkZWQwMzZkYzE1NGYwNWI3MjE0OTU0MzI3NzRmZGY5ZDhhMjllYTM5Mg==|YWxsb3ktY29udGFpbmVyLWxhdy10aGVvcnktdjM=|YjY0Nzk3MTJlNTE4YjVkZmMxM2YxOTg2Njc2OWYzMGFiODFiNDliZDRiYWQ1MDhhMTc1NjkxZmJiMWQwNjMzZg==	THEORY_MISMATCH	U291cmNlLWNvbW1hbmQgc2VtYW50aWMgY29udGV4dCBoYXMgYW4gdW5zdXBwb3J0ZWQgdmVyc2lvbg==
149	boundary	source:3:FORBID	stale-0	source	true	4	FORBID	MzE6YWxsb3ktc291cmNlLWNvbW1hbmQtY29udGV4dC12MVsxMTo1MDphbGxveS1jb21tYW5kLW9wdGlvbnMtdjQtaW5kZXBlbmRlbnQtc2VhcmNoLWRvbWFpbjQ6d2lyZTE2OkFORFtzb21lIHRoaXMvQV01OmZhbHNlMTozMTozMjotMTI6LTEyOi0xMjotMTI6LTFdezM6MTY6NjpzY29wZXNbMDpdezA6fTM0OjIzOmFkZGl0aW9uYWwtZXhhY3Qtc2NvcGVzWzA6XXswOn03MToxNzpleGVjdXRpb24tb3B0aW9uc1sxMDo0OnRydWUyOjIwMTowMToyMTowNTpzYXQ0ajQ6dHJ1ZTI6LTExOjAxOjRdezA6fX0=	cmVwYWlyZWQtbm9ybWFsLWZvcm0tdjM7dHlwZWQtYWxsb3ktbm9ybWFsLWZvcm0tYWRhcHRlci12MTM=	Y2Fub25pY2FsLWFsbG95LXNpZ25hdHVyZS12OA==	ff7a4cdf0bd9789212000ceded036dc154f05b721495432774fdf9d8a29ea392	MTY6c2VtYW50aWMtcHJvZmlsZVs1OjE6NDY6Rk9SQklEMjg0OjMxOmFsbG95LXNvdXJjZS1jb21tYW5kLWNvbnRleHQtdjFbMTE6NTA6YWxsb3ktY29tbWFuZC1vcHRpb25zLXY0LWluZGVwZW5kZW50LXNlYXJjaC1kb21haW40OndpcmUxNjpBTkRbc29tZSB0aGlzL0FdNTpmYWxzZTE6MzE6MzI6LTEyOi0xMjotMTI6LTEyOi0xXXszOjE2OjY6c2NvcGVzWzA6XXswOn0zNDoyMzphZGRpdGlvbmFsLWV4YWN0LXNjb3Blc1swOl17MDp9NzE6MTc6ZXhlY3V0aW9uLW9wdGlvbnNbMTA6NDp0cnVlMjoyMDE6MDE6MjE6MDU6c2F0NGo0OnRydWUyOi0xMTowMTo0XXswOn19NTk6cmVwYWlyZWQtbm9ybWFsLWZvcm0tdjM7dHlwZWQtYWxsb3ktbm9ybWFsLWZvcm0tYWRhcHRlci12MTMyODpjYW5vbmljYWwtYWxsb3ktc2lnbmF0dXJlLXY4XXswOn0=	MTY6c2VtYW50aWMtcHJvZmlsZVs1OjE6NDY6Rk9SQklEMjg0OjMxOmFsbG95LXNvdXJjZS1jb21tYW5kLWNvbnRleHQtdjFbMTE6NTA6YWxsb3ktY29tbWFuZC1vcHRpb25zLXY0LWluZGVwZW5kZW50LXNlYXJjaC1kb21haW40OndpcmUxNjpBTkRbc29tZSB0aGlzL0FdNTpmYWxzZTE6MzE6MzI6LTEyOi0xMjotMTI6LTEyOi0xXXszOjE2OjY6c2NvcGVzWzA6XXswOn0zNDoyMzphZGRpdGlvbmFsLWV4YWN0LXNjb3Blc1swOl17MDp9NzE6MTc6ZXhlY3V0aW9uLW9wdGlvbnNbMTA6NDp0cnVlMjoyMDE6MDE6MjE6MDU6c2F0NGo0OnRydWUyOi0xMTowMTo0XXswOn19NTk6cmVwYWlyZWQtbm9ybWFsLWZvcm0tdjM7dHlwZWQtYWxsb3ktbm9ybWFsLWZvcm0tYWRhcHRlci12MTMyODpjYW5vbmljYWwtYWxsb3ktc2lnbmF0dXJlLXY4XXswOn0=	Mw==|Rk9SQklE|MzE6YWxsb3ktc291cmNlLWNvbW1hbmQtY29udGV4dC12MVsxMTo1MDphbGxveS1jb21tYW5kLW9wdGlvbnMtdjQtaW5kZXBlbmRlbnQtc2VhcmNoLWRvbWFpbjQ6d2lyZTE2OkFORFtzb21lIHRoaXMvQV01OmZhbHNlMTozMTozMjotMTI6LTEyOi0xMjotMTI6LTFdezM6MTY6NjpzY29wZXNbMDpdezA6fTM0OjIzOmFkZGl0aW9uYWwtZXhhY3Qtc2NvcGVzWzA6XXswOn03MToxNzpleGVjdXRpb24tb3B0aW9uc1sxMDo0OnRydWUyOjIwMTowMToyMTowNTpzYXQ0ajQ6dHJ1ZTI6LTExOjAxOjRdezA6fX0=|cmVwYWlyZWQtbm9ybWFsLWZvcm0tdjM7dHlwZWQtYWxsb3ktbm9ybWFsLWZvcm0tYWRhcHRlci12MTM=|Y2Fub25pY2FsLWFsbG95LXNpZ25hdHVyZS12OA==|ZmY3YTRjZGYwYmQ5Nzg5MjEyMDAwY2VkZWQwMzZkYzE1NGYwNWI3MjE0OTU0MzI3NzRmZGY5ZDhhMjllYTM5Mg==|YWxsb3ktY29udGFpbmVyLWxhdy10aGVvcnktdjM=|YjY0Nzk3MTJlNTE4YjVkZmMxM2YxOTg2Njc2OWYzMGFiODFiNDliZDRiYWQ1MDhhMTc1NjkxZmJiMWQwNjMzZg==	THEORY_MISMATCH	U291cmNlLWNvbW1hbmQgc2VtYW50aWMgY29udGV4dCBoYXMgYW4gdW5zdXBwb3J0ZWQgdmVyc2lvbg==
150	boundary	source:3:FORBID	stale-1	source	true	3	MODULAR	MzE6YWxsb3ktc291cmNlLWNvbW1hbmQtY29udGV4dC12MVsxMTo1MDphbGxveS1jb21tYW5kLW9wdGlvbnMtdjQtaW5kZXBlbmRlbnQtc2VhcmNoLWRvbWFpbjQ6d2lyZTE2OkFORFtzb21lIHRoaXMvQV01OmZhbHNlMTozMTozMjotMTI6LTEyOi0xMjotMTI6LTFdezM6MTY6NjpzY29wZXNbMDpdezA6fTM0OjIzOmFkZGl0aW9uYWwtZXhhY3Qtc2NvcGVzWzA6XXswOn03MToxNzpleGVjdXRpb24tb3B0aW9uc1sxMDo0OnRydWUyOjIwMTowMToyMTowNTpzYXQ0ajQ6dHJ1ZTI6LTExOjAxOjRdezA6fX0=	cmVwYWlyZWQtbm9ybWFsLWZvcm0tdjM7dHlwZWQtYWxsb3ktbm9ybWFsLWZvcm0tYWRhcHRlci12MTM=	Y2Fub25pY2FsLWFsbG95LXNpZ25hdHVyZS12OA==	ff7a4cdf0bd9789212000ceded036dc154f05b721495432774fdf9d8a29ea392	MTY6c2VtYW50aWMtcHJvZmlsZVs1OjE6Mzc6TU9EVUxBUjI4NDozMTphbGxveS1zb3VyY2UtY29tbWFuZC1jb250ZXh0LXYxWzExOjUwOmFsbG95LWNvbW1hbmQtb3B0aW9ucy12NC1pbmRlcGVuZGVudC1zZWFyY2gtZG9tYWluNDp3aXJlMTY6QU5EW3NvbWUgdGhpcy9BXTU6ZmFsc2UxOjMxOjMyOi0xMjotMTI6LTEyOi0xMjotMV17MzoxNjo2OnNjb3Blc1swOl17MDp9MzQ6MjM6YWRkaXRpb25hbC1leGFjdC1zY29wZXNbMDpdezA6fTcxOjE3OmV4ZWN1dGlvbi1vcHRpb25zWzEwOjQ6dHJ1ZTI6MjAxOjAxOjIxOjA1OnNhdDRqNDp0cnVlMjotMTE6MDE6NF17MDp9fTU5OnJlcGFpcmVkLW5vcm1hbC1mb3JtLXYzO3R5cGVkLWFsbG95LW5vcm1hbC1mb3JtLWFkYXB0ZXItdjEzMjg6Y2Fub25pY2FsLWFsbG95LXNpZ25hdHVyZS12OF17MDp9	MTY6c2VtYW50aWMtcHJvZmlsZVs1OjE6Mzc6TU9EVUxBUjI4NDozMTphbGxveS1zb3VyY2UtY29tbWFuZC1jb250ZXh0LXYxWzExOjUwOmFsbG95LWNvbW1hbmQtb3B0aW9ucy12NC1pbmRlcGVuZGVudC1zZWFyY2gtZG9tYWluNDp3aXJlMTY6QU5EW3NvbWUgdGhpcy9BXTU6ZmFsc2UxOjMxOjMyOi0xMjotMTI6LTEyOi0xMjotMV17MzoxNjo2OnNjb3Blc1swOl17MDp9MzQ6MjM6YWRkaXRpb25hbC1leGFjdC1zY29wZXNbMDpdezA6fTcxOjE3OmV4ZWN1dGlvbi1vcHRpb25zWzEwOjQ6dHJ1ZTI6MjAxOjAxOjIxOjA1OnNhdDRqNDp0cnVlMjotMTE6MDE6NF17MDp9fTU5OnJlcGFpcmVkLW5vcm1hbC1mb3JtLXYzO3R5cGVkLWFsbG95LW5vcm1hbC1mb3JtLWFkYXB0ZXItdjEzMjg6Y2Fub25pY2FsLWFsbG95LXNpZ25hdHVyZS12OF17MDp9	Mw==|Rk9SQklE|MzE6YWxsb3ktc291cmNlLWNvbW1hbmQtY29udGV4dC12MVsxMTo1MDphbGxveS1jb21tYW5kLW9wdGlvbnMtdjQtaW5kZXBlbmRlbnQtc2VhcmNoLWRvbWFpbjQ6d2lyZTE2OkFORFtzb21lIHRoaXMvQV01OmZhbHNlMTozMTozMjotMTI6LTEyOi0xMjotMTI6LTFdezM6MTY6NjpzY29wZXNbMDpdezA6fTM0OjIzOmFkZGl0aW9uYWwtZXhhY3Qtc2NvcGVzWzA6XXswOn03MToxNzpleGVjdXRpb24tb3B0aW9uc1sxMDo0OnRydWUyOjIwMTowMToyMTowNTpzYXQ0ajQ6dHJ1ZTI6LTExOjAxOjRdezA6fX0=|cmVwYWlyZWQtbm9ybWFsLWZvcm0tdjM7dHlwZWQtYWxsb3ktbm9ybWFsLWZvcm0tYWRhcHRlci12MTM=|Y2Fub25pY2FsLWFsbG95LXNpZ25hdHVyZS12OA==|ZmY3YTRjZGYwYmQ5Nzg5MjEyMDAwY2VkZWQwMzZkYzE1NGYwNWI3MjE0OTU0MzI3NzRmZGY5ZDhhMjllYTM5Mg==|YWxsb3ktY29udGFpbmVyLWxhdy10aGVvcnktdjM=|YjY0Nzk3MTJlNTE4YjVkZmMxM2YxOTg2Njc2OWYzMGFiODFiNDliZDRiYWQ1MDhhMTc1NjkxZmJiMWQwNjMzZg==	THEORY_MISMATCH	U291cmNlLWNvbW1hbmQgc2VtYW50aWMgY29udGV4dCBoYXMgYW4gdW5zdXBwb3J0ZWQgdmVyc2lvbg==
151	boundary	source:3:FORBID	stale-2	source	true	3	FORBID	MzE6YWxsb3ktc291cmNlLWNvbW1hbmQtY29udGV4dC12MVsxMTo1MDphbGxveS1jb21tYW5kLW9wdGlvbnMtdjQtaW5kZXBlbmRlbnQtc2VhcmNoLWRvbWFpbjQ6d2lyZTE2OkFORFtzb21lIHRoaXMvQV01OmZhbHNlMTozMTozMjotMTI6LTEyOi0xMjotMTI6LTFdezM6MTY6NjpzY29wZXNbMDpdezA6fTM0OjIzOmFkZGl0aW9uYWwtZXhhY3Qtc2NvcGVzWzA6XXswOn03MToxNzpleGVjdXRpb24tb3B0aW9uc1sxMDo0OnRydWUyOjIwMTowMToyMTowNTpzYXQ0ajQ6dHJ1ZTI6LTExOjAxOjRdezA6fX06Y2hhbmdlZA==	cmVwYWlyZWQtbm9ybWFsLWZvcm0tdjM7dHlwZWQtYWxsb3ktbm9ybWFsLWZvcm0tYWRhcHRlci12MTM=	Y2Fub25pY2FsLWFsbG95LXNpZ25hdHVyZS12OA==	ff7a4cdf0bd9789212000ceded036dc154f05b721495432774fdf9d8a29ea392	MTY6c2VtYW50aWMtcHJvZmlsZVs1OjE6MzY6Rk9SQklEMjkyOjMxOmFsbG95LXNvdXJjZS1jb21tYW5kLWNvbnRleHQtdjFbMTE6NTA6YWxsb3ktY29tbWFuZC1vcHRpb25zLXY0LWluZGVwZW5kZW50LXNlYXJjaC1kb21haW40OndpcmUxNjpBTkRbc29tZSB0aGlzL0FdNTpmYWxzZTE6MzE6MzI6LTEyOi0xMjotMTI6LTEyOi0xXXszOjE2OjY6c2NvcGVzWzA6XXswOn0zNDoyMzphZGRpdGlvbmFsLWV4YWN0LXNjb3Blc1swOl17MDp9NzE6MTc6ZXhlY3V0aW9uLW9wdGlvbnNbMTA6NDp0cnVlMjoyMDE6MDE6MjE6MDU6c2F0NGo0OnRydWUyOi0xMTowMTo0XXswOn19OmNoYW5nZWQ1OTpyZXBhaXJlZC1ub3JtYWwtZm9ybS12Mzt0eXBlZC1hbGxveS1ub3JtYWwtZm9ybS1hZGFwdGVyLXYxMzI4OmNhbm9uaWNhbC1hbGxveS1zaWduYXR1cmUtdjhdezA6fQ==	MTY6c2VtYW50aWMtcHJvZmlsZVs1OjE6MzY6Rk9SQklEMjkyOjMxOmFsbG95LXNvdXJjZS1jb21tYW5kLWNvbnRleHQtdjFbMTE6NTA6YWxsb3ktY29tbWFuZC1vcHRpb25zLXY0LWluZGVwZW5kZW50LXNlYXJjaC1kb21haW40OndpcmUxNjpBTkRbc29tZSB0aGlzL0FdNTpmYWxzZTE6MzE6MzI6LTEyOi0xMjotMTI6LTEyOi0xXXszOjE2OjY6c2NvcGVzWzA6XXswOn0zNDoyMzphZGRpdGlvbmFsLWV4YWN0LXNjb3Blc1swOl17MDp9NzE6MTc6ZXhlY3V0aW9uLW9wdGlvbnNbMTA6NDp0cnVlMjoyMDE6MDE6MjE6MDU6c2F0NGo0OnRydWUyOi0xMTowMTo0XXswOn19OmNoYW5nZWQ1OTpyZXBhaXJlZC1ub3JtYWwtZm9ybS12Mzt0eXBlZC1hbGxveS1ub3JtYWwtZm9ybS1hZGFwdGVyLXYxMzI4OmNhbm9uaWNhbC1hbGxveS1zaWduYXR1cmUtdjhdezA6fQ==	Mw==|Rk9SQklE|MzE6YWxsb3ktc291cmNlLWNvbW1hbmQtY29udGV4dC12MVsxMTo1MDphbGxveS1jb21tYW5kLW9wdGlvbnMtdjQtaW5kZXBlbmRlbnQtc2VhcmNoLWRvbWFpbjQ6d2lyZTE2OkFORFtzb21lIHRoaXMvQV01OmZhbHNlMTozMTozMjotMTI6LTEyOi0xMjotMTI6LTFdezM6MTY6NjpzY29wZXNbMDpdezA6fTM0OjIzOmFkZGl0aW9uYWwtZXhhY3Qtc2NvcGVzWzA6XXswOn03MToxNzpleGVjdXRpb24tb3B0aW9uc1sxMDo0OnRydWUyOjIwMTowMToyMTowNTpzYXQ0ajQ6dHJ1ZTI6LTExOjAxOjRdezA6fX0=|cmVwYWlyZWQtbm9ybWFsLWZvcm0tdjM7dHlwZWQtYWxsb3ktbm9ybWFsLWZvcm0tYWRhcHRlci12MTM=|Y2Fub25pY2FsLWFsbG95LXNpZ25hdHVyZS12OA==|ZmY3YTRjZGYwYmQ5Nzg5MjEyMDAwY2VkZWQwMzZkYzE1NGYwNWI3MjE0OTU0MzI3NzRmZGY5ZDhhMjllYTM5Mg==|YWxsb3ktY29udGFpbmVyLWxhdy10aGVvcnktdjM=|YjY0Nzk3MTJlNTE4YjVkZmMxM2YxOTg2Njc2OWYzMGFiODFiNDliZDRiYWQ1MDhhMTc1NjkxZmJiMWQwNjMzZg==	INVALID_RECORD_SHAPE	c291cmNlLWNvbW1hbmQgc2VtYW50aWMgY29udGV4dCBoYXMgdHJhaWxpbmcgc3RydWN0dXJhbC1rZXkgZGF0YQ==
152	boundary	source:3:FORBID	stale-3	source	true	3	FORBID	MzE6YWxsb3ktc291cmNlLWNvbW1hbmQtY29udGV4dC12MVsxMTo1MDphbGxveS1jb21tYW5kLW9wdGlvbnMtdjQtaW5kZXBlbmRlbnQtc2VhcmNoLWRvbWFpbjQ6d2lyZTE2OkFORFtzb21lIHRoaXMvQV01OmZhbHNlMTozMTozMjotMTI6LTEyOi0xMjotMTI6LTFdezM6MTY6NjpzY29wZXNbMDpdezA6fTM0OjIzOmFkZGl0aW9uYWwtZXhhY3Qtc2NvcGVzWzA6XXswOn03MToxNzpleGVjdXRpb24tb3B0aW9uc1sxMDo0OnRydWUyOjIwMTowMToyMTowNTpzYXQ0ajQ6dHJ1ZTI6LTExOjAxOjRdezA6fX0=	cmVwYWlyZWQtbm9ybWFsLWZvcm0tdjM7dHlwZWQtYWxsb3ktbm9ybWFsLWZvcm0tYWRhcHRlci12MTM6Y2hhbmdlZA==	Y2Fub25pY2FsLWFsbG95LXNpZ25hdHVyZS12OA==	ff7a4cdf0bd9789212000ceded036dc154f05b721495432774fdf9d8a29ea392	MTY6c2VtYW50aWMtcHJvZmlsZVs1OjE6MzY6Rk9SQklEMjg0OjMxOmFsbG95LXNvdXJjZS1jb21tYW5kLWNvbnRleHQtdjFbMTE6NTA6YWxsb3ktY29tbWFuZC1vcHRpb25zLXY0LWluZGVwZW5kZW50LXNlYXJjaC1kb21haW40OndpcmUxNjpBTkRbc29tZSB0aGlzL0FdNTpmYWxzZTE6MzE6MzI6LTEyOi0xMjotMTI6LTEyOi0xXXszOjE2OjY6c2NvcGVzWzA6XXswOn0zNDoyMzphZGRpdGlvbmFsLWV4YWN0LXNjb3Blc1swOl17MDp9NzE6MTc6ZXhlY3V0aW9uLW9wdGlvbnNbMTA6NDp0cnVlMjoyMDE6MDE6MjE6MDU6c2F0NGo0OnRydWUyOi0xMTowMTo0XXswOn19Njc6cmVwYWlyZWQtbm9ybWFsLWZvcm0tdjM7dHlwZWQtYWxsb3ktbm9ybWFsLWZvcm0tYWRhcHRlci12MTM6Y2hhbmdlZDI4OmNhbm9uaWNhbC1hbGxveS1zaWduYXR1cmUtdjhdezA6fQ==	MTY6c2VtYW50aWMtcHJvZmlsZVs1OjE6MzY6Rk9SQklEMjg0OjMxOmFsbG95LXNvdXJjZS1jb21tYW5kLWNvbnRleHQtdjFbMTE6NTA6YWxsb3ktY29tbWFuZC1vcHRpb25zLXY0LWluZGVwZW5kZW50LXNlYXJjaC1kb21haW40OndpcmUxNjpBTkRbc29tZSB0aGlzL0FdNTpmYWxzZTE6MzE6MzI6LTEyOi0xMjotMTI6LTEyOi0xXXszOjE2OjY6c2NvcGVzWzA6XXswOn0zNDoyMzphZGRpdGlvbmFsLWV4YWN0LXNjb3Blc1swOl17MDp9NzE6MTc6ZXhlY3V0aW9uLW9wdGlvbnNbMTA6NDp0cnVlMjoyMDE6MDE6MjE6MDU6c2F0NGo0OnRydWUyOi0xMTowMTo0XXswOn19Njc6cmVwYWlyZWQtbm9ybWFsLWZvcm0tdjM7dHlwZWQtYWxsb3ktbm9ybWFsLWZvcm0tYWRhcHRlci12MTM6Y2hhbmdlZDI4OmNhbm9uaWNhbC1hbGxveS1zaWduYXR1cmUtdjhdezA6fQ==	Mw==|Rk9SQklE|MzE6YWxsb3ktc291cmNlLWNvbW1hbmQtY29udGV4dC12MVsxMTo1MDphbGxveS1jb21tYW5kLW9wdGlvbnMtdjQtaW5kZXBlbmRlbnQtc2VhcmNoLWRvbWFpbjQ6d2lyZTE2OkFORFtzb21lIHRoaXMvQV01OmZhbHNlMTozMTozMjotMTI6LTEyOi0xMjotMTI6LTFdezM6MTY6NjpzY29wZXNbMDpdezA6fTM0OjIzOmFkZGl0aW9uYWwtZXhhY3Qtc2NvcGVzWzA6XXswOn03MToxNzpleGVjdXRpb24tb3B0aW9uc1sxMDo0OnRydWUyOjIwMTowMToyMTowNTpzYXQ0ajQ6dHJ1ZTI6LTExOjAxOjRdezA6fX0=|cmVwYWlyZWQtbm9ybWFsLWZvcm0tdjM7dHlwZWQtYWxsb3ktbm9ybWFsLWZvcm0tYWRhcHRlci12MTM=|Y2Fub25pY2FsLWFsbG95LXNpZ25hdHVyZS12OA==|ZmY3YTRjZGYwYmQ5Nzg5MjEyMDAwY2VkZWQwMzZkYzE1NGYwNWI3MjE0OTU0MzI3NzRmZGY5ZDhhMjllYTM5Mg==|YWxsb3ktY29udGFpbmVyLWxhdy10aGVvcnktdjM=|YjY0Nzk3MTJlNTE4YjVkZmMxM2YxOTg2Njc2OWYzMGFiODFiNDliZDRiYWQ1MDhhMTc1NjkxZmJiMWQwNjMzZg==	THEORY_MISMATCH	U291cmNlLWNvbW1hbmQgZXZpZGVuY2UgbmFtZXMgdW5zdXBwb3J0ZWQgc2VtYW50aWMgaW1wbGVtZW50YXRpb24gdmVyc2lvbnM=
153	boundary	source:3:FORBID	stale-4	source	true	3	FORBID	MzE6YWxsb3ktc291cmNlLWNvbW1hbmQtY29udGV4dC12MVsxMTo1MDphbGxveS1jb21tYW5kLW9wdGlvbnMtdjQtaW5kZXBlbmRlbnQtc2VhcmNoLWRvbWFpbjQ6d2lyZTE2OkFORFtzb21lIHRoaXMvQV01OmZhbHNlMTozMTozMjotMTI6LTEyOi0xMjotMTI6LTFdezM6MTY6NjpzY29wZXNbMDpdezA6fTM0OjIzOmFkZGl0aW9uYWwtZXhhY3Qtc2NvcGVzWzA6XXswOn03MToxNzpleGVjdXRpb24tb3B0aW9uc1sxMDo0OnRydWUyOjIwMTowMToyMTowNTpzYXQ0ajQ6dHJ1ZTI6LTExOjAxOjRdezA6fX0=	cmVwYWlyZWQtbm9ybWFsLWZvcm0tdjM7dHlwZWQtYWxsb3ktbm9ybWFsLWZvcm0tYWRhcHRlci12MTM=	Y2Fub25pY2FsLWFsbG95LXNpZ25hdHVyZS12ODpjaGFuZ2Vk	ff7a4cdf0bd9789212000ceded036dc154f05b721495432774fdf9d8a29ea392	MTY6c2VtYW50aWMtcHJvZmlsZVs1OjE6MzY6Rk9SQklEMjg0OjMxOmFsbG95LXNvdXJjZS1jb21tYW5kLWNvbnRleHQtdjFbMTE6NTA6YWxsb3ktY29tbWFuZC1vcHRpb25zLXY0LWluZGVwZW5kZW50LXNlYXJjaC1kb21haW40OndpcmUxNjpBTkRbc29tZSB0aGlzL0FdNTpmYWxzZTE6MzE6MzI6LTEyOi0xMjotMTI6LTEyOi0xXXszOjE2OjY6c2NvcGVzWzA6XXswOn0zNDoyMzphZGRpdGlvbmFsLWV4YWN0LXNjb3Blc1swOl17MDp9NzE6MTc6ZXhlY3V0aW9uLW9wdGlvbnNbMTA6NDp0cnVlMjoyMDE6MDE6MjE6MDU6c2F0NGo0OnRydWUyOi0xMTowMTo0XXswOn19NTk6cmVwYWlyZWQtbm9ybWFsLWZvcm0tdjM7dHlwZWQtYWxsb3ktbm9ybWFsLWZvcm0tYWRhcHRlci12MTMzNjpjYW5vbmljYWwtYWxsb3ktc2lnbmF0dXJlLXY4OmNoYW5nZWRdezA6fQ==	MTY6c2VtYW50aWMtcHJvZmlsZVs1OjE6MzY6Rk9SQklEMjg0OjMxOmFsbG95LXNvdXJjZS1jb21tYW5kLWNvbnRleHQtdjFbMTE6NTA6YWxsb3ktY29tbWFuZC1vcHRpb25zLXY0LWluZGVwZW5kZW50LXNlYXJjaC1kb21haW40OndpcmUxNjpBTkRbc29tZSB0aGlzL0FdNTpmYWxzZTE6MzE6MzI6LTEyOi0xMjotMTI6LTEyOi0xXXszOjE2OjY6c2NvcGVzWzA6XXswOn0zNDoyMzphZGRpdGlvbmFsLWV4YWN0LXNjb3Blc1swOl17MDp9NzE6MTc6ZXhlY3V0aW9uLW9wdGlvbnNbMTA6NDp0cnVlMjoyMDE6MDE6MjE6MDU6c2F0NGo0OnRydWUyOi0xMTowMTo0XXswOn19NTk6cmVwYWlyZWQtbm9ybWFsLWZvcm0tdjM7dHlwZWQtYWxsb3ktbm9ybWFsLWZvcm0tYWRhcHRlci12MTMzNjpjYW5vbmljYWwtYWxsb3ktc2lnbmF0dXJlLXY4OmNoYW5nZWRdezA6fQ==	Mw==|Rk9SQklE|MzE6YWxsb3ktc291cmNlLWNvbW1hbmQtY29udGV4dC12MVsxMTo1MDphbGxveS1jb21tYW5kLW9wdGlvbnMtdjQtaW5kZXBlbmRlbnQtc2VhcmNoLWRvbWFpbjQ6d2lyZTE2OkFORFtzb21lIHRoaXMvQV01OmZhbHNlMTozMTozMjotMTI6LTEyOi0xMjotMTI6LTFdezM6MTY6NjpzY29wZXNbMDpdezA6fTM0OjIzOmFkZGl0aW9uYWwtZXhhY3Qtc2NvcGVzWzA6XXswOn03MToxNzpleGVjdXRpb24tb3B0aW9uc1sxMDo0OnRydWUyOjIwMTowMToyMTowNTpzYXQ0ajQ6dHJ1ZTI6LTExOjAxOjRdezA6fX0=|cmVwYWlyZWQtbm9ybWFsLWZvcm0tdjM7dHlwZWQtYWxsb3ktbm9ybWFsLWZvcm0tYWRhcHRlci12MTM=|Y2Fub25pY2FsLWFsbG95LXNpZ25hdHVyZS12OA==|ZmY3YTRjZGYwYmQ5Nzg5MjEyMDAwY2VkZWQwMzZkYzE1NGYwNWI3MjE0OTU0MzI3NzRmZGY5ZDhhMjllYTM5Mg==|YWxsb3ktY29udGFpbmVyLWxhdy10aGVvcnktdjM=|YjY0Nzk3MTJlNTE4YjVkZmMxM2YxOTg2Njc2OWYzMGFiODFiNDliZDRiYWQ1MDhhMTc1NjkxZmJiMWQwNjMzZg==	THEORY_MISMATCH	U291cmNlLWNvbW1hbmQgZXZpZGVuY2UgbmFtZXMgdW5zdXBwb3J0ZWQgc2VtYW50aWMgaW1wbGVtZW50YXRpb24gdmVyc2lvbnM=
154	boundary	source:3:FORBID	rehashed-0	source	true	4	FORBID	MzE6YWxsb3ktc291cmNlLWNvbW1hbmQtY29udGV4dC12MVsxMTo1MDphbGxveS1jb21tYW5kLW9wdGlvbnMtdjQtaW5kZXBlbmRlbnQtc2VhcmNoLWRvbWFpbjQ6d2lyZTE2OkFORFtzb21lIHRoaXMvQV01OmZhbHNlMTozMTozMjotMTI6LTEyOi0xMjotMTI6LTFdezM6MTY6NjpzY29wZXNbMDpdezA6fTM0OjIzOmFkZGl0aW9uYWwtZXhhY3Qtc2NvcGVzWzA6XXswOn03MToxNzpleGVjdXRpb24tb3B0aW9uc1sxMDo0OnRydWUyOjIwMTowMToyMTowNTpzYXQ0ajQ6dHJ1ZTI6LTExOjAxOjRdezA6fX0=	cmVwYWlyZWQtbm9ybWFsLWZvcm0tdjM7dHlwZWQtYWxsb3ktbm9ybWFsLWZvcm0tYWRhcHRlci12MTM=	Y2Fub25pY2FsLWFsbG95LXNpZ25hdHVyZS12OA==	fb6637c204d003c265a0b9c2ec18f2019e79c07e710806a7d7e2446243166dad	MTY6c2VtYW50aWMtcHJvZmlsZVs1OjE6NDY6Rk9SQklEMjg0OjMxOmFsbG95LXNvdXJjZS1jb21tYW5kLWNvbnRleHQtdjFbMTE6NTA6YWxsb3ktY29tbWFuZC1vcHRpb25zLXY0LWluZGVwZW5kZW50LXNlYXJjaC1kb21haW40OndpcmUxNjpBTkRbc29tZSB0aGlzL0FdNTpmYWxzZTE6MzE6MzI6LTEyOi0xMjotMTI6LTEyOi0xXXszOjE2OjY6c2NvcGVzWzA6XXswOn0zNDoyMzphZGRpdGlvbmFsLWV4YWN0LXNjb3Blc1swOl17MDp9NzE6MTc6ZXhlY3V0aW9uLW9wdGlvbnNbMTA6NDp0cnVlMjoyMDE6MDE6MjE6MDU6c2F0NGo0OnRydWUyOi0xMTowMTo0XXswOn19NTk6cmVwYWlyZWQtbm9ybWFsLWZvcm0tdjM7dHlwZWQtYWxsb3ktbm9ybWFsLWZvcm0tYWRhcHRlci12MTMyODpjYW5vbmljYWwtYWxsb3ktc2lnbmF0dXJlLXY4XXswOn0=	MTY6c2VtYW50aWMtcHJvZmlsZVs1OjE6NDY6Rk9SQklEMjg0OjMxOmFsbG95LXNvdXJjZS1jb21tYW5kLWNvbnRleHQtdjFbMTE6NTA6YWxsb3ktY29tbWFuZC1vcHRpb25zLXY0LWluZGVwZW5kZW50LXNlYXJjaC1kb21haW40OndpcmUxNjpBTkRbc29tZSB0aGlzL0FdNTpmYWxzZTE6MzE6MzI6LTEyOi0xMjotMTI6LTEyOi0xXXszOjE2OjY6c2NvcGVzWzA6XXswOn0zNDoyMzphZGRpdGlvbmFsLWV4YWN0LXNjb3Blc1swOl17MDp9NzE6MTc6ZXhlY3V0aW9uLW9wdGlvbnNbMTA6NDp0cnVlMjoyMDE6MDE6MjE6MDU6c2F0NGo0OnRydWUyOi0xMTowMTo0XXswOn19NTk6cmVwYWlyZWQtbm9ybWFsLWZvcm0tdjM7dHlwZWQtYWxsb3ktbm9ybWFsLWZvcm0tYWRhcHRlci12MTMyODpjYW5vbmljYWwtYWxsb3ktc2lnbmF0dXJlLXY4XXswOn0=	Mw==|Rk9SQklE|MzE6YWxsb3ktc291cmNlLWNvbW1hbmQtY29udGV4dC12MVsxMTo1MDphbGxveS1jb21tYW5kLW9wdGlvbnMtdjQtaW5kZXBlbmRlbnQtc2VhcmNoLWRvbWFpbjQ6d2lyZTE2OkFORFtzb21lIHRoaXMvQV01OmZhbHNlMTozMTozMjotMTI6LTEyOi0xMjotMTI6LTFdezM6MTY6NjpzY29wZXNbMDpdezA6fTM0OjIzOmFkZGl0aW9uYWwtZXhhY3Qtc2NvcGVzWzA6XXswOn03MToxNzpleGVjdXRpb24tb3B0aW9uc1sxMDo0OnRydWUyOjIwMTowMToyMTowNTpzYXQ0ajQ6dHJ1ZTI6LTExOjAxOjRdezA6fX0=|cmVwYWlyZWQtbm9ybWFsLWZvcm0tdjM7dHlwZWQtYWxsb3ktbm9ybWFsLWZvcm0tYWRhcHRlci12MTM=|Y2Fub25pY2FsLWFsbG95LXNpZ25hdHVyZS12OA==|ZmY3YTRjZGYwYmQ5Nzg5MjEyMDAwY2VkZWQwMzZkYzE1NGYwNWI3MjE0OTU0MzI3NzRmZGY5ZDhhMjllYTM5Mg==|YWxsb3ktY29udGFpbmVyLWxhdy10aGVvcnktdjM=|YjY0Nzk3MTJlNTE4YjVkZmMxM2YxOTg2Njc2OWYzMGFiODFiNDliZDRiYWQ1MDhhMTc1NjkxZmJiMWQwNjMzZg==	THEORY_MISMATCH	U291cmNlLWNvbW1hbmQgc2VtYW50aWMgY29udGV4dCBoYXMgYW4gdW5zdXBwb3J0ZWQgdmVyc2lvbg==
155	boundary	source:3:FORBID	rehashed-1	source	true	3	MODULAR	MzE6YWxsb3ktc291cmNlLWNvbW1hbmQtY29udGV4dC12MVsxMTo1MDphbGxveS1jb21tYW5kLW9wdGlvbnMtdjQtaW5kZXBlbmRlbnQtc2VhcmNoLWRvbWFpbjQ6d2lyZTE2OkFORFtzb21lIHRoaXMvQV01OmZhbHNlMTozMTozMjotMTI6LTEyOi0xMjotMTI6LTFdezM6MTY6NjpzY29wZXNbMDpdezA6fTM0OjIzOmFkZGl0aW9uYWwtZXhhY3Qtc2NvcGVzWzA6XXswOn03MToxNzpleGVjdXRpb24tb3B0aW9uc1sxMDo0OnRydWUyOjIwMTowMToyMTowNTpzYXQ0ajQ6dHJ1ZTI6LTExOjAxOjRdezA6fX0=	cmVwYWlyZWQtbm9ybWFsLWZvcm0tdjM7dHlwZWQtYWxsb3ktbm9ybWFsLWZvcm0tYWRhcHRlci12MTM=	Y2Fub25pY2FsLWFsbG95LXNpZ25hdHVyZS12OA==	5dfe607c9fdc15d1bf1615490172cbad121bfbb2d1510205d443518e16efd2f4	MTY6c2VtYW50aWMtcHJvZmlsZVs1OjE6Mzc6TU9EVUxBUjI4NDozMTphbGxveS1zb3VyY2UtY29tbWFuZC1jb250ZXh0LXYxWzExOjUwOmFsbG95LWNvbW1hbmQtb3B0aW9ucy12NC1pbmRlcGVuZGVudC1zZWFyY2gtZG9tYWluNDp3aXJlMTY6QU5EW3NvbWUgdGhpcy9BXTU6ZmFsc2UxOjMxOjMyOi0xMjotMTI6LTEyOi0xMjotMV17MzoxNjo2OnNjb3Blc1swOl17MDp9MzQ6MjM6YWRkaXRpb25hbC1leGFjdC1zY29wZXNbMDpdezA6fTcxOjE3OmV4ZWN1dGlvbi1vcHRpb25zWzEwOjQ6dHJ1ZTI6MjAxOjAxOjIxOjA1OnNhdDRqNDp0cnVlMjotMTE6MDE6NF17MDp9fTU5OnJlcGFpcmVkLW5vcm1hbC1mb3JtLXYzO3R5cGVkLWFsbG95LW5vcm1hbC1mb3JtLWFkYXB0ZXItdjEzMjg6Y2Fub25pY2FsLWFsbG95LXNpZ25hdHVyZS12OF17MDp9	MTY6c2VtYW50aWMtcHJvZmlsZVs1OjE6Mzc6TU9EVUxBUjI4NDozMTphbGxveS1zb3VyY2UtY29tbWFuZC1jb250ZXh0LXYxWzExOjUwOmFsbG95LWNvbW1hbmQtb3B0aW9ucy12NC1pbmRlcGVuZGVudC1zZWFyY2gtZG9tYWluNDp3aXJlMTY6QU5EW3NvbWUgdGhpcy9BXTU6ZmFsc2UxOjMxOjMyOi0xMjotMTI6LTEyOi0xMjotMV17MzoxNjo2OnNjb3Blc1swOl17MDp9MzQ6MjM6YWRkaXRpb25hbC1leGFjdC1zY29wZXNbMDpdezA6fTcxOjE3OmV4ZWN1dGlvbi1vcHRpb25zWzEwOjQ6dHJ1ZTI6MjAxOjAxOjIxOjA1OnNhdDRqNDp0cnVlMjotMTE6MDE6NF17MDp9fTU5OnJlcGFpcmVkLW5vcm1hbC1mb3JtLXYzO3R5cGVkLWFsbG95LW5vcm1hbC1mb3JtLWFkYXB0ZXItdjEzMjg6Y2Fub25pY2FsLWFsbG95LXNpZ25hdHVyZS12OF17MDp9	Mw==|Rk9SQklE|MzE6YWxsb3ktc291cmNlLWNvbW1hbmQtY29udGV4dC12MVsxMTo1MDphbGxveS1jb21tYW5kLW9wdGlvbnMtdjQtaW5kZXBlbmRlbnQtc2VhcmNoLWRvbWFpbjQ6d2lyZTE2OkFORFtzb21lIHRoaXMvQV01OmZhbHNlMTozMTozMjotMTI6LTEyOi0xMjotMTI6LTFdezM6MTY6NjpzY29wZXNbMDpdezA6fTM0OjIzOmFkZGl0aW9uYWwtZXhhY3Qtc2NvcGVzWzA6XXswOn03MToxNzpleGVjdXRpb24tb3B0aW9uc1sxMDo0OnRydWUyOjIwMTowMToyMTowNTpzYXQ0ajQ6dHJ1ZTI6LTExOjAxOjRdezA6fX0=|cmVwYWlyZWQtbm9ybWFsLWZvcm0tdjM7dHlwZWQtYWxsb3ktbm9ybWFsLWZvcm0tYWRhcHRlci12MTM=|Y2Fub25pY2FsLWFsbG95LXNpZ25hdHVyZS12OA==|ZmY3YTRjZGYwYmQ5Nzg5MjEyMDAwY2VkZWQwMzZkYzE1NGYwNWI3MjE0OTU0MzI3NzRmZGY5ZDhhMjllYTM5Mg==|YWxsb3ktY29udGFpbmVyLWxhdy10aGVvcnktdjM=|YjY0Nzk3MTJlNTE4YjVkZmMxM2YxOTg2Njc2OWYzMGFiODFiNDliZDRiYWQ1MDhhMTc1NjkxZmJiMWQwNjMzZg==	THEORY_MISMATCH	U291cmNlLWNvbW1hbmQgc2VtYW50aWMgY29udGV4dCBoYXMgYW4gdW5zdXBwb3J0ZWQgdmVyc2lvbg==
156	boundary	source:3:FORBID	rehashed-2	source	true	3	FORBID	MzE6YWxsb3ktc291cmNlLWNvbW1hbmQtY29udGV4dC12MVsxMTo1MDphbGxveS1jb21tYW5kLW9wdGlvbnMtdjQtaW5kZXBlbmRlbnQtc2VhcmNoLWRvbWFpbjQ6d2lyZTE2OkFORFtzb21lIHRoaXMvQV01OmZhbHNlMTozMTozMjotMTI6LTEyOi0xMjotMTI6LTFdezM6MTY6NjpzY29wZXNbMDpdezA6fTM0OjIzOmFkZGl0aW9uYWwtZXhhY3Qtc2NvcGVzWzA6XXswOn03MToxNzpleGVjdXRpb24tb3B0aW9uc1sxMDo0OnRydWUyOjIwMTowMToyMTowNTpzYXQ0ajQ6dHJ1ZTI6LTExOjAxOjRdezA6fX06Y2hhbmdlZA==	cmVwYWlyZWQtbm9ybWFsLWZvcm0tdjM7dHlwZWQtYWxsb3ktbm9ybWFsLWZvcm0tYWRhcHRlci12MTM=	Y2Fub25pY2FsLWFsbG95LXNpZ25hdHVyZS12OA==	aa8d14b202ca3491809ea2b515176735d45f9f8d40a8f001d77b4872dc3dcc24	MTY6c2VtYW50aWMtcHJvZmlsZVs1OjE6MzY6Rk9SQklEMjkyOjMxOmFsbG95LXNvdXJjZS1jb21tYW5kLWNvbnRleHQtdjFbMTE6NTA6YWxsb3ktY29tbWFuZC1vcHRpb25zLXY0LWluZGVwZW5kZW50LXNlYXJjaC1kb21haW40OndpcmUxNjpBTkRbc29tZSB0aGlzL0FdNTpmYWxzZTE6MzE6MzI6LTEyOi0xMjotMTI6LTEyOi0xXXszOjE2OjY6c2NvcGVzWzA6XXswOn0zNDoyMzphZGRpdGlvbmFsLWV4YWN0LXNjb3Blc1swOl17MDp9NzE6MTc6ZXhlY3V0aW9uLW9wdGlvbnNbMTA6NDp0cnVlMjoyMDE6MDE6MjE6MDU6c2F0NGo0OnRydWUyOi0xMTowMTo0XXswOn19OmNoYW5nZWQ1OTpyZXBhaXJlZC1ub3JtYWwtZm9ybS12Mzt0eXBlZC1hbGxveS1ub3JtYWwtZm9ybS1hZGFwdGVyLXYxMzI4OmNhbm9uaWNhbC1hbGxveS1zaWduYXR1cmUtdjhdezA6fQ==	MTY6c2VtYW50aWMtcHJvZmlsZVs1OjE6MzY6Rk9SQklEMjkyOjMxOmFsbG95LXNvdXJjZS1jb21tYW5kLWNvbnRleHQtdjFbMTE6NTA6YWxsb3ktY29tbWFuZC1vcHRpb25zLXY0LWluZGVwZW5kZW50LXNlYXJjaC1kb21haW40OndpcmUxNjpBTkRbc29tZSB0aGlzL0FdNTpmYWxzZTE6MzE6MzI6LTEyOi0xMjotMTI6LTEyOi0xXXszOjE2OjY6c2NvcGVzWzA6XXswOn0zNDoyMzphZGRpdGlvbmFsLWV4YWN0LXNjb3Blc1swOl17MDp9NzE6MTc6ZXhlY3V0aW9uLW9wdGlvbnNbMTA6NDp0cnVlMjoyMDE6MDE6MjE6MDU6c2F0NGo0OnRydWUyOi0xMTowMTo0XXswOn19OmNoYW5nZWQ1OTpyZXBhaXJlZC1ub3JtYWwtZm9ybS12Mzt0eXBlZC1hbGxveS1ub3JtYWwtZm9ybS1hZGFwdGVyLXYxMzI4OmNhbm9uaWNhbC1hbGxveS1zaWduYXR1cmUtdjhdezA6fQ==	Mw==|Rk9SQklE|MzE6YWxsb3ktc291cmNlLWNvbW1hbmQtY29udGV4dC12MVsxMTo1MDphbGxveS1jb21tYW5kLW9wdGlvbnMtdjQtaW5kZXBlbmRlbnQtc2VhcmNoLWRvbWFpbjQ6d2lyZTE2OkFORFtzb21lIHRoaXMvQV01OmZhbHNlMTozMTozMjotMTI6LTEyOi0xMjotMTI6LTFdezM6MTY6NjpzY29wZXNbMDpdezA6fTM0OjIzOmFkZGl0aW9uYWwtZXhhY3Qtc2NvcGVzWzA6XXswOn03MToxNzpleGVjdXRpb24tb3B0aW9uc1sxMDo0OnRydWUyOjIwMTowMToyMTowNTpzYXQ0ajQ6dHJ1ZTI6LTExOjAxOjRdezA6fX0=|cmVwYWlyZWQtbm9ybWFsLWZvcm0tdjM7dHlwZWQtYWxsb3ktbm9ybWFsLWZvcm0tYWRhcHRlci12MTM=|Y2Fub25pY2FsLWFsbG95LXNpZ25hdHVyZS12OA==|ZmY3YTRjZGYwYmQ5Nzg5MjEyMDAwY2VkZWQwMzZkYzE1NGYwNWI3MjE0OTU0MzI3NzRmZGY5ZDhhMjllYTM5Mg==|YWxsb3ktY29udGFpbmVyLWxhdy10aGVvcnktdjM=|YjY0Nzk3MTJlNTE4YjVkZmMxM2YxOTg2Njc2OWYzMGFiODFiNDliZDRiYWQ1MDhhMTc1NjkxZmJiMWQwNjMzZg==	INVALID_RECORD_SHAPE	c291cmNlLWNvbW1hbmQgc2VtYW50aWMgY29udGV4dCBoYXMgdHJhaWxpbmcgc3RydWN0dXJhbC1rZXkgZGF0YQ==
157	boundary	source:3:FORBID	rehashed-3	source	true	3	FORBID	MzE6YWxsb3ktc291cmNlLWNvbW1hbmQtY29udGV4dC12MVsxMTo1MDphbGxveS1jb21tYW5kLW9wdGlvbnMtdjQtaW5kZXBlbmRlbnQtc2VhcmNoLWRvbWFpbjQ6d2lyZTE2OkFORFtzb21lIHRoaXMvQV01OmZhbHNlMTozMTozMjotMTI6LTEyOi0xMjotMTI6LTFdezM6MTY6NjpzY29wZXNbMDpdezA6fTM0OjIzOmFkZGl0aW9uYWwtZXhhY3Qtc2NvcGVzWzA6XXswOn03MToxNzpleGVjdXRpb24tb3B0aW9uc1sxMDo0OnRydWUyOjIwMTowMToyMTowNTpzYXQ0ajQ6dHJ1ZTI6LTExOjAxOjRdezA6fX0=	cmVwYWlyZWQtbm9ybWFsLWZvcm0tdjM7dHlwZWQtYWxsb3ktbm9ybWFsLWZvcm0tYWRhcHRlci12MTM6Y2hhbmdlZA==	Y2Fub25pY2FsLWFsbG95LXNpZ25hdHVyZS12OA==	dbaa740cc2115a531315daaff5104d445bea402c6a9c7e0b6e5f98f89f8ae333	MTY6c2VtYW50aWMtcHJvZmlsZVs1OjE6MzY6Rk9SQklEMjg0OjMxOmFsbG95LXNvdXJjZS1jb21tYW5kLWNvbnRleHQtdjFbMTE6NTA6YWxsb3ktY29tbWFuZC1vcHRpb25zLXY0LWluZGVwZW5kZW50LXNlYXJjaC1kb21haW40OndpcmUxNjpBTkRbc29tZSB0aGlzL0FdNTpmYWxzZTE6MzE6MzI6LTEyOi0xMjotMTI6LTEyOi0xXXszOjE2OjY6c2NvcGVzWzA6XXswOn0zNDoyMzphZGRpdGlvbmFsLWV4YWN0LXNjb3Blc1swOl17MDp9NzE6MTc6ZXhlY3V0aW9uLW9wdGlvbnNbMTA6NDp0cnVlMjoyMDE6MDE6MjE6MDU6c2F0NGo0OnRydWUyOi0xMTowMTo0XXswOn19Njc6cmVwYWlyZWQtbm9ybWFsLWZvcm0tdjM7dHlwZWQtYWxsb3ktbm9ybWFsLWZvcm0tYWRhcHRlci12MTM6Y2hhbmdlZDI4OmNhbm9uaWNhbC1hbGxveS1zaWduYXR1cmUtdjhdezA6fQ==	MTY6c2VtYW50aWMtcHJvZmlsZVs1OjE6MzY6Rk9SQklEMjg0OjMxOmFsbG95LXNvdXJjZS1jb21tYW5kLWNvbnRleHQtdjFbMTE6NTA6YWxsb3ktY29tbWFuZC1vcHRpb25zLXY0LWluZGVwZW5kZW50LXNlYXJjaC1kb21haW40OndpcmUxNjpBTkRbc29tZSB0aGlzL0FdNTpmYWxzZTE6MzE6MzI6LTEyOi0xMjotMTI6LTEyOi0xXXszOjE2OjY6c2NvcGVzWzA6XXswOn0zNDoyMzphZGRpdGlvbmFsLWV4YWN0LXNjb3Blc1swOl17MDp9NzE6MTc6ZXhlY3V0aW9uLW9wdGlvbnNbMTA6NDp0cnVlMjoyMDE6MDE6MjE6MDU6c2F0NGo0OnRydWUyOi0xMTowMTo0XXswOn19Njc6cmVwYWlyZWQtbm9ybWFsLWZvcm0tdjM7dHlwZWQtYWxsb3ktbm9ybWFsLWZvcm0tYWRhcHRlci12MTM6Y2hhbmdlZDI4OmNhbm9uaWNhbC1hbGxveS1zaWduYXR1cmUtdjhdezA6fQ==	Mw==|Rk9SQklE|MzE6YWxsb3ktc291cmNlLWNvbW1hbmQtY29udGV4dC12MVsxMTo1MDphbGxveS1jb21tYW5kLW9wdGlvbnMtdjQtaW5kZXBlbmRlbnQtc2VhcmNoLWRvbWFpbjQ6d2lyZTE2OkFORFtzb21lIHRoaXMvQV01OmZhbHNlMTozMTozMjotMTI6LTEyOi0xMjotMTI6LTFdezM6MTY6NjpzY29wZXNbMDpdezA6fTM0OjIzOmFkZGl0aW9uYWwtZXhhY3Qtc2NvcGVzWzA6XXswOn03MToxNzpleGVjdXRpb24tb3B0aW9uc1sxMDo0OnRydWUyOjIwMTowMToyMTowNTpzYXQ0ajQ6dHJ1ZTI6LTExOjAxOjRdezA6fX0=|cmVwYWlyZWQtbm9ybWFsLWZvcm0tdjM7dHlwZWQtYWxsb3ktbm9ybWFsLWZvcm0tYWRhcHRlci12MTM=|Y2Fub25pY2FsLWFsbG95LXNpZ25hdHVyZS12OA==|ZmY3YTRjZGYwYmQ5Nzg5MjEyMDAwY2VkZWQwMzZkYzE1NGYwNWI3MjE0OTU0MzI3NzRmZGY5ZDhhMjllYTM5Mg==|YWxsb3ktY29udGFpbmVyLWxhdy10aGVvcnktdjM=|YjY0Nzk3MTJlNTE4YjVkZmMxM2YxOTg2Njc2OWYzMGFiODFiNDliZDRiYWQ1MDhhMTc1NjkxZmJiMWQwNjMzZg==	THEORY_MISMATCH	U291cmNlLWNvbW1hbmQgZXZpZGVuY2UgbmFtZXMgdW5zdXBwb3J0ZWQgc2VtYW50aWMgaW1wbGVtZW50YXRpb24gdmVyc2lvbnM=
158	boundary	source:3:FORBID	rehashed-4	source	true	3	FORBID	MzE6YWxsb3ktc291cmNlLWNvbW1hbmQtY29udGV4dC12MVsxMTo1MDphbGxveS1jb21tYW5kLW9wdGlvbnMtdjQtaW5kZXBlbmRlbnQtc2VhcmNoLWRvbWFpbjQ6d2lyZTE2OkFORFtzb21lIHRoaXMvQV01OmZhbHNlMTozMTozMjotMTI6LTEyOi0xMjotMTI6LTFdezM6MTY6NjpzY29wZXNbMDpdezA6fTM0OjIzOmFkZGl0aW9uYWwtZXhhY3Qtc2NvcGVzWzA6XXswOn03MToxNzpleGVjdXRpb24tb3B0aW9uc1sxMDo0OnRydWUyOjIwMTowMToyMTowNTpzYXQ0ajQ6dHJ1ZTI6LTExOjAxOjRdezA6fX0=	cmVwYWlyZWQtbm9ybWFsLWZvcm0tdjM7dHlwZWQtYWxsb3ktbm9ybWFsLWZvcm0tYWRhcHRlci12MTM=	Y2Fub25pY2FsLWFsbG95LXNpZ25hdHVyZS12ODpjaGFuZ2Vk	fdfcce2eea36a760182d7f48970e2f736c09e039cf9b3210a9b5b2ddfc6c3fa9	MTY6c2VtYW50aWMtcHJvZmlsZVs1OjE6MzY6Rk9SQklEMjg0OjMxOmFsbG95LXNvdXJjZS1jb21tYW5kLWNvbnRleHQtdjFbMTE6NTA6YWxsb3ktY29tbWFuZC1vcHRpb25zLXY0LWluZGVwZW5kZW50LXNlYXJjaC1kb21haW40OndpcmUxNjpBTkRbc29tZSB0aGlzL0FdNTpmYWxzZTE6MzE6MzI6LTEyOi0xMjotMTI6LTEyOi0xXXszOjE2OjY6c2NvcGVzWzA6XXswOn0zNDoyMzphZGRpdGlvbmFsLWV4YWN0LXNjb3Blc1swOl17MDp9NzE6MTc6ZXhlY3V0aW9uLW9wdGlvbnNbMTA6NDp0cnVlMjoyMDE6MDE6MjE6MDU6c2F0NGo0OnRydWUyOi0xMTowMTo0XXswOn19NTk6cmVwYWlyZWQtbm9ybWFsLWZvcm0tdjM7dHlwZWQtYWxsb3ktbm9ybWFsLWZvcm0tYWRhcHRlci12MTMzNjpjYW5vbmljYWwtYWxsb3ktc2lnbmF0dXJlLXY4OmNoYW5nZWRdezA6fQ==	MTY6c2VtYW50aWMtcHJvZmlsZVs1OjE6MzY6Rk9SQklEMjg0OjMxOmFsbG95LXNvdXJjZS1jb21tYW5kLWNvbnRleHQtdjFbMTE6NTA6YWxsb3ktY29tbWFuZC1vcHRpb25zLXY0LWluZGVwZW5kZW50LXNlYXJjaC1kb21haW40OndpcmUxNjpBTkRbc29tZSB0aGlzL0FdNTpmYWxzZTE6MzE6MzI6LTEyOi0xMjotMTI6LTEyOi0xXXszOjE2OjY6c2NvcGVzWzA6XXswOn0zNDoyMzphZGRpdGlvbmFsLWV4YWN0LXNjb3Blc1swOl17MDp9NzE6MTc6ZXhlY3V0aW9uLW9wdGlvbnNbMTA6NDp0cnVlMjoyMDE6MDE6MjE6MDU6c2F0NGo0OnRydWUyOi0xMTowMTo0XXswOn19NTk6cmVwYWlyZWQtbm9ybWFsLWZvcm0tdjM7dHlwZWQtYWxsb3ktbm9ybWFsLWZvcm0tYWRhcHRlci12MTMzNjpjYW5vbmljYWwtYWxsb3ktc2lnbmF0dXJlLXY4OmNoYW5nZWRdezA6fQ==	Mw==|Rk9SQklE|MzE6YWxsb3ktc291cmNlLWNvbW1hbmQtY29udGV4dC12MVsxMTo1MDphbGxveS1jb21tYW5kLW9wdGlvbnMtdjQtaW5kZXBlbmRlbnQtc2VhcmNoLWRvbWFpbjQ6d2lyZTE2OkFORFtzb21lIHRoaXMvQV01OmZhbHNlMTozMTozMjotMTI6LTEyOi0xMjotMTI6LTFdezM6MTY6NjpzY29wZXNbMDpdezA6fTM0OjIzOmFkZGl0aW9uYWwtZXhhY3Qtc2NvcGVzWzA6XXswOn03MToxNzpleGVjdXRpb24tb3B0aW9uc1sxMDo0OnRydWUyOjIwMTowMToyMTowNTpzYXQ0ajQ6dHJ1ZTI6LTExOjAxOjRdezA6fX0=|cmVwYWlyZWQtbm9ybWFsLWZvcm0tdjM7dHlwZWQtYWxsb3ktbm9ybWFsLWZvcm0tYWRhcHRlci12MTM=|Y2Fub25pY2FsLWFsbG95LXNpZ25hdHVyZS12OA==|ZmY3YTRjZGYwYmQ5Nzg5MjEyMDAwY2VkZWQwMzZkYzE1NGYwNWI3MjE0OTU0MzI3NzRmZGY5ZDhhMjllYTM5Mg==|YWxsb3ktY29udGFpbmVyLWxhdy10aGVvcnktdjM=|YjY0Nzk3MTJlNTE4YjVkZmMxM2YxOTg2Njc2OWYzMGFiODFiNDliZDRiYWQ1MDhhMTc1NjkxZmJiMWQwNjMzZg==	THEORY_MISMATCH	U291cmNlLWNvbW1hbmQgZXZpZGVuY2UgbmFtZXMgdW5zdXBwb3J0ZWQgc2VtYW50aWMgaW1wbGVtZW50YXRpb24gdmVyc2lvbnM=
159	boundary	source:3:FORBID	digest	source	true	3	FORBID	MzE6YWxsb3ktc291cmNlLWNvbW1hbmQtY29udGV4dC12MVsxMTo1MDphbGxveS1jb21tYW5kLW9wdGlvbnMtdjQtaW5kZXBlbmRlbnQtc2VhcmNoLWRvbWFpbjQ6d2lyZTE2OkFORFtzb21lIHRoaXMvQV01OmZhbHNlMTozMTozMjotMTI6LTEyOi0xMjotMTI6LTFdezM6MTY6NjpzY29wZXNbMDpdezA6fTM0OjIzOmFkZGl0aW9uYWwtZXhhY3Qtc2NvcGVzWzA6XXswOn03MToxNzpleGVjdXRpb24tb3B0aW9uc1sxMDo0OnRydWUyOjIwMTowMToyMTowNTpzYXQ0ajQ6dHJ1ZTI6LTExOjAxOjRdezA6fX0=	cmVwYWlyZWQtbm9ybWFsLWZvcm0tdjM7dHlwZWQtYWxsb3ktbm9ybWFsLWZvcm0tYWRhcHRlci12MTM=	Y2Fub25pY2FsLWFsbG95LXNpZ25hdHVyZS12OA==	0000000000000000000000000000000000000000000000000000000000000000	MTY6c2VtYW50aWMtcHJvZmlsZVs1OjE6MzY6Rk9SQklEMjg0OjMxOmFsbG95LXNvdXJjZS1jb21tYW5kLWNvbnRleHQtdjFbMTE6NTA6YWxsb3ktY29tbWFuZC1vcHRpb25zLXY0LWluZGVwZW5kZW50LXNlYXJjaC1kb21haW40OndpcmUxNjpBTkRbc29tZSB0aGlzL0FdNTpmYWxzZTE6MzE6MzI6LTEyOi0xMjotMTI6LTEyOi0xXXszOjE2OjY6c2NvcGVzWzA6XXswOn0zNDoyMzphZGRpdGlvbmFsLWV4YWN0LXNjb3Blc1swOl17MDp9NzE6MTc6ZXhlY3V0aW9uLW9wdGlvbnNbMTA6NDp0cnVlMjoyMDE6MDE6MjE6MDU6c2F0NGo0OnRydWUyOi0xMTowMTo0XXswOn19NTk6cmVwYWlyZWQtbm9ybWFsLWZvcm0tdjM7dHlwZWQtYWxsb3ktbm9ybWFsLWZvcm0tYWRhcHRlci12MTMyODpjYW5vbmljYWwtYWxsb3ktc2lnbmF0dXJlLXY4XXswOn0=	MTY6c2VtYW50aWMtcHJvZmlsZVs1OjE6MzY6Rk9SQklEMjg0OjMxOmFsbG95LXNvdXJjZS1jb21tYW5kLWNvbnRleHQtdjFbMTE6NTA6YWxsb3ktY29tbWFuZC1vcHRpb25zLXY0LWluZGVwZW5kZW50LXNlYXJjaC1kb21haW40OndpcmUxNjpBTkRbc29tZSB0aGlzL0FdNTpmYWxzZTE6MzE6MzI6LTEyOi0xMjotMTI6LTEyOi0xXXszOjE2OjY6c2NvcGVzWzA6XXswOn0zNDoyMzphZGRpdGlvbmFsLWV4YWN0LXNjb3Blc1swOl17MDp9NzE6MTc6ZXhlY3V0aW9uLW9wdGlvbnNbMTA6NDp0cnVlMjoyMDE6MDE6MjE6MDU6c2F0NGo0OnRydWUyOi0xMTowMTo0XXswOn19NTk6cmVwYWlyZWQtbm9ybWFsLWZvcm0tdjM7dHlwZWQtYWxsb3ktbm9ybWFsLWZvcm0tYWRhcHRlci12MTMyODpjYW5vbmljYWwtYWxsb3ktc2lnbmF0dXJlLXY4XXswOn0=	Mw==|Rk9SQklE|MzE6YWxsb3ktc291cmNlLWNvbW1hbmQtY29udGV4dC12MVsxMTo1MDphbGxveS1jb21tYW5kLW9wdGlvbnMtdjQtaW5kZXBlbmRlbnQtc2VhcmNoLWRvbWFpbjQ6d2lyZTE2OkFORFtzb21lIHRoaXMvQV01OmZhbHNlMTozMTozMjotMTI6LTEyOi0xMjotMTI6LTFdezM6MTY6NjpzY29wZXNbMDpdezA6fTM0OjIzOmFkZGl0aW9uYWwtZXhhY3Qtc2NvcGVzWzA6XXswOn03MToxNzpleGVjdXRpb24tb3B0aW9uc1sxMDo0OnRydWUyOjIwMTowMToyMTowNTpzYXQ0ajQ6dHJ1ZTI6LTExOjAxOjRdezA6fX0=|cmVwYWlyZWQtbm9ybWFsLWZvcm0tdjM7dHlwZWQtYWxsb3ktbm9ybWFsLWZvcm0tYWRhcHRlci12MTM=|Y2Fub25pY2FsLWFsbG95LXNpZ25hdHVyZS12OA==|ZmY3YTRjZGYwYmQ5Nzg5MjEyMDAwY2VkZWQwMzZkYzE1NGYwNWI3MjE0OTU0MzI3NzRmZGY5ZDhhMjllYTM5Mg==|YWxsb3ktY29udGFpbmVyLWxhdy10aGVvcnktdjM=|YjY0Nzk3MTJlNTE4YjVkZmMxM2YxOTg2Njc2OWYzMGFiODFiNDliZDRiYWQ1MDhhMTc1NjkxZmJiMWQwNjMzZg==	THEORY_MISMATCH	U291cmNlLWNvbW1hbmQgc2VtYW50aWMgY29udGV4dCBoYXMgYW4gdW5zdXBwb3J0ZWQgdmVyc2lvbg==
160	boundary	source:3:FORBID	registry-version	source	true	3	FORBID	MzE6YWxsb3ktc291cmNlLWNvbW1hbmQtY29udGV4dC12MVsxMTo1MDphbGxveS1jb21tYW5kLW9wdGlvbnMtdjQtaW5kZXBlbmRlbnQtc2VhcmNoLWRvbWFpbjQ6d2lyZTE2OkFORFtzb21lIHRoaXMvQV01OmZhbHNlMTozMTozMjotMTI6LTEyOi0xMjotMTI6LTFdezM6MTY6NjpzY29wZXNbMDpdezA6fTM0OjIzOmFkZGl0aW9uYWwtZXhhY3Qtc2NvcGVzWzA6XXswOn03MToxNzpleGVjdXRpb24tb3B0aW9uc1sxMDo0OnRydWUyOjIwMTowMToyMTowNTpzYXQ0ajQ6dHJ1ZTI6LTExOjAxOjRdezA6fX0=	cmVwYWlyZWQtbm9ybWFsLWZvcm0tdjM7dHlwZWQtYWxsb3ktbm9ybWFsLWZvcm0tYWRhcHRlci12MTM=	Y2Fub25pY2FsLWFsbG95LXNpZ25hdHVyZS12OA==	ff7a4cdf0bd9789212000ceded036dc154f05b721495432774fdf9d8a29ea392	MTY6c2VtYW50aWMtcHJvZmlsZVs1OjE6MzY6Rk9SQklEMjg0OjMxOmFsbG95LXNvdXJjZS1jb21tYW5kLWNvbnRleHQtdjFbMTE6NTA6YWxsb3ktY29tbWFuZC1vcHRpb25zLXY0LWluZGVwZW5kZW50LXNlYXJjaC1kb21haW40OndpcmUxNjpBTkRbc29tZSB0aGlzL0FdNTpmYWxzZTE6MzE6MzI6LTEyOi0xMjotMTI6LTEyOi0xXXszOjE2OjY6c2NvcGVzWzA6XXswOn0zNDoyMzphZGRpdGlvbmFsLWV4YWN0LXNjb3Blc1swOl17MDp9NzE6MTc6ZXhlY3V0aW9uLW9wdGlvbnNbMTA6NDp0cnVlMjoyMDE6MDE6MjE6MDU6c2F0NGo0OnRydWUyOi0xMTowMTo0XXswOn19NTk6cmVwYWlyZWQtbm9ybWFsLWZvcm0tdjM7dHlwZWQtYWxsb3ktbm9ybWFsLWZvcm0tYWRhcHRlci12MTMyODpjYW5vbmljYWwtYWxsb3ktc2lnbmF0dXJlLXY4XXswOn0=	MTY6c2VtYW50aWMtcHJvZmlsZVs1OjE6MzY6Rk9SQklEMjg0OjMxOmFsbG95LXNvdXJjZS1jb21tYW5kLWNvbnRleHQtdjFbMTE6NTA6YWxsb3ktY29tbWFuZC1vcHRpb25zLXY0LWluZGVwZW5kZW50LXNlYXJjaC1kb21haW40OndpcmUxNjpBTkRbc29tZSB0aGlzL0FdNTpmYWxzZTE6MzE6MzI6LTEyOi0xMjotMTI6LTEyOi0xXXszOjE2OjY6c2NvcGVzWzA6XXswOn0zNDoyMzphZGRpdGlvbmFsLWV4YWN0LXNjb3Blc1swOl17MDp9NzE6MTc6ZXhlY3V0aW9uLW9wdGlvbnNbMTA6NDp0cnVlMjoyMDE6MDE6MjE6MDU6c2F0NGo0OnRydWUyOi0xMTowMTo0XXswOn19NTk6cmVwYWlyZWQtbm9ybWFsLWZvcm0tdjM7dHlwZWQtYWxsb3ktbm9ybWFsLWZvcm0tYWRhcHRlci12MTMyODpjYW5vbmljYWwtYWxsb3ktc2lnbmF0dXJlLXY4XXswOn0=	Mw==|Rk9SQklE|MzE6YWxsb3ktc291cmNlLWNvbW1hbmQtY29udGV4dC12MVsxMTo1MDphbGxveS1jb21tYW5kLW9wdGlvbnMtdjQtaW5kZXBlbmRlbnQtc2VhcmNoLWRvbWFpbjQ6d2lyZTE2OkFORFtzb21lIHRoaXMvQV01OmZhbHNlMTozMTozMjotMTI6LTEyOi0xMjotMTI6LTFdezM6MTY6NjpzY29wZXNbMDpdezA6fTM0OjIzOmFkZGl0aW9uYWwtZXhhY3Qtc2NvcGVzWzA6XXswOn03MToxNzpleGVjdXRpb24tb3B0aW9uc1sxMDo0OnRydWUyOjIwMTowMToyMTowNTpzYXQ0ajQ6dHJ1ZTI6LTExOjAxOjRdezA6fX0=|cmVwYWlyZWQtbm9ybWFsLWZvcm0tdjM7dHlwZWQtYWxsb3ktbm9ybWFsLWZvcm0tYWRhcHRlci12MTM=|Y2Fub25pY2FsLWFsbG95LXNpZ25hdHVyZS12OA==|ZmY3YTRjZGYwYmQ5Nzg5MjEyMDAwY2VkZWQwMzZkYzE1NGYwNWI3MjE0OTU0MzI3NzRmZGY5ZDhhMjllYTM5Mg==|YWxsb3ktY29udGFpbmVyLWxhdy10aGVvcnktdjM=|YjY0Nzk3MTJlNTE4YjVkZmMxM2YxOTg2Njc2OWYzMGFiODFiNDliZDRiYWQ1MDhhMTc1NjkxZmJiMWQwNjMzZg==	THEORY_MISMATCH	U291cmNlLWNvbW1hbmQgc2VtYW50aWMgY29udGV4dCBoYXMgYW4gdW5zdXBwb3J0ZWQgdmVyc2lvbg==
161	boundary	source:3:FORBID	registry-digest	source	true	3	FORBID	MzE6YWxsb3ktc291cmNlLWNvbW1hbmQtY29udGV4dC12MVsxMTo1MDphbGxveS1jb21tYW5kLW9wdGlvbnMtdjQtaW5kZXBlbmRlbnQtc2VhcmNoLWRvbWFpbjQ6d2lyZTE2OkFORFtzb21lIHRoaXMvQV01OmZhbHNlMTozMTozMjotMTI6LTEyOi0xMjotMTI6LTFdezM6MTY6NjpzY29wZXNbMDpdezA6fTM0OjIzOmFkZGl0aW9uYWwtZXhhY3Qtc2NvcGVzWzA6XXswOn03MToxNzpleGVjdXRpb24tb3B0aW9uc1sxMDo0OnRydWUyOjIwMTowMToyMTowNTpzYXQ0ajQ6dHJ1ZTI6LTExOjAxOjRdezA6fX0=	cmVwYWlyZWQtbm9ybWFsLWZvcm0tdjM7dHlwZWQtYWxsb3ktbm9ybWFsLWZvcm0tYWRhcHRlci12MTM=	Y2Fub25pY2FsLWFsbG95LXNpZ25hdHVyZS12OA==	ff7a4cdf0bd9789212000ceded036dc154f05b721495432774fdf9d8a29ea392	MTY6c2VtYW50aWMtcHJvZmlsZVs1OjE6MzY6Rk9SQklEMjg0OjMxOmFsbG95LXNvdXJjZS1jb21tYW5kLWNvbnRleHQtdjFbMTE6NTA6YWxsb3ktY29tbWFuZC1vcHRpb25zLXY0LWluZGVwZW5kZW50LXNlYXJjaC1kb21haW40OndpcmUxNjpBTkRbc29tZSB0aGlzL0FdNTpmYWxzZTE6MzE6MzI6LTEyOi0xMjotMTI6LTEyOi0xXXszOjE2OjY6c2NvcGVzWzA6XXswOn0zNDoyMzphZGRpdGlvbmFsLWV4YWN0LXNjb3Blc1swOl17MDp9NzE6MTc6ZXhlY3V0aW9uLW9wdGlvbnNbMTA6NDp0cnVlMjoyMDE6MDE6MjE6MDU6c2F0NGo0OnRydWUyOi0xMTowMTo0XXswOn19NTk6cmVwYWlyZWQtbm9ybWFsLWZvcm0tdjM7dHlwZWQtYWxsb3ktbm9ybWFsLWZvcm0tYWRhcHRlci12MTMyODpjYW5vbmljYWwtYWxsb3ktc2lnbmF0dXJlLXY4XXswOn0=	MTY6c2VtYW50aWMtcHJvZmlsZVs1OjE6MzY6Rk9SQklEMjg0OjMxOmFsbG95LXNvdXJjZS1jb21tYW5kLWNvbnRleHQtdjFbMTE6NTA6YWxsb3ktY29tbWFuZC1vcHRpb25zLXY0LWluZGVwZW5kZW50LXNlYXJjaC1kb21haW40OndpcmUxNjpBTkRbc29tZSB0aGlzL0FdNTpmYWxzZTE6MzE6MzI6LTEyOi0xMjotMTI6LTEyOi0xXXszOjE2OjY6c2NvcGVzWzA6XXswOn0zNDoyMzphZGRpdGlvbmFsLWV4YWN0LXNjb3Blc1swOl17MDp9NzE6MTc6ZXhlY3V0aW9uLW9wdGlvbnNbMTA6NDp0cnVlMjoyMDE6MDE6MjE6MDU6c2F0NGo0OnRydWUyOi0xMTowMTo0XXswOn19NTk6cmVwYWlyZWQtbm9ybWFsLWZvcm0tdjM7dHlwZWQtYWxsb3ktbm9ybWFsLWZvcm0tYWRhcHRlci12MTMyODpjYW5vbmljYWwtYWxsb3ktc2lnbmF0dXJlLXY4XXswOn0=	Mw==|Rk9SQklE|MzE6YWxsb3ktc291cmNlLWNvbW1hbmQtY29udGV4dC12MVsxMTo1MDphbGxveS1jb21tYW5kLW9wdGlvbnMtdjQtaW5kZXBlbmRlbnQtc2VhcmNoLWRvbWFpbjQ6d2lyZTE2OkFORFtzb21lIHRoaXMvQV01OmZhbHNlMTozMTozMjotMTI6LTEyOi0xMjotMTI6LTFdezM6MTY6NjpzY29wZXNbMDpdezA6fTM0OjIzOmFkZGl0aW9uYWwtZXhhY3Qtc2NvcGVzWzA6XXswOn03MToxNzpleGVjdXRpb24tb3B0aW9uc1sxMDo0OnRydWUyOjIwMTowMToyMTowNTpzYXQ0ajQ6dHJ1ZTI6LTExOjAxOjRdezA6fX0=|cmVwYWlyZWQtbm9ybWFsLWZvcm0tdjM7dHlwZWQtYWxsb3ktbm9ybWFsLWZvcm0tYWRhcHRlci12MTM=|Y2Fub25pY2FsLWFsbG95LXNpZ25hdHVyZS12OA==|ZmY3YTRjZGYwYmQ5Nzg5MjEyMDAwY2VkZWQwMzZkYzE1NGYwNWI3MjE0OTU0MzI3NzRmZGY5ZDhhMjllYTM5Mg==|YWxsb3ktY29udGFpbmVyLWxhdy10aGVvcnktdjM=|YjY0Nzk3MTJlNTE4YjVkZmMxM2YxOTg2Njc2OWYzMGFiODFiNDliZDRiYWQ1MDhhMTc1NjkxZmJiMWQwNjMzZg==	THEORY_MISMATCH	U291cmNlLWNvbW1hbmQgc2VtYW50aWMgY29udGV4dCBoYXMgYW4gdW5zdXBwb3J0ZWQgdmVyc2lvbg==
162	boundary	source:3:FORBID	publication	source	false	3	FORBID	MzE6YWxsb3ktc291cmNlLWNvbW1hbmQtY29udGV4dC12MVsxMTo1MDphbGxveS1jb21tYW5kLW9wdGlvbnMtdjQtaW5kZXBlbmRlbnQtc2VhcmNoLWRvbWFpbjQ6d2lyZTE2OkFORFtzb21lIHRoaXMvQV01OmZhbHNlMTozMTozMjotMTI6LTEyOi0xMjotMTI6LTFdezM6MTY6NjpzY29wZXNbMDpdezA6fTM0OjIzOmFkZGl0aW9uYWwtZXhhY3Qtc2NvcGVzWzA6XXswOn03MToxNzpleGVjdXRpb24tb3B0aW9uc1sxMDo0OnRydWUyOjIwMTowMToyMTowNTpzYXQ0ajQ6dHJ1ZTI6LTExOjAxOjRdezA6fX0=	cmVwYWlyZWQtbm9ybWFsLWZvcm0tdjM7dHlwZWQtYWxsb3ktbm9ybWFsLWZvcm0tYWRhcHRlci12MTM=	Y2Fub25pY2FsLWFsbG95LXNpZ25hdHVyZS12OA==	ff7a4cdf0bd9789212000ceded036dc154f05b721495432774fdf9d8a29ea392	MTY6c2VtYW50aWMtcHJvZmlsZVs1OjE6MzY6Rk9SQklEMjg0OjMxOmFsbG95LXNvdXJjZS1jb21tYW5kLWNvbnRleHQtdjFbMTE6NTA6YWxsb3ktY29tbWFuZC1vcHRpb25zLXY0LWluZGVwZW5kZW50LXNlYXJjaC1kb21haW40OndpcmUxNjpBTkRbc29tZSB0aGlzL0FdNTpmYWxzZTE6MzE6MzI6LTEyOi0xMjotMTI6LTEyOi0xXXszOjE2OjY6c2NvcGVzWzA6XXswOn0zNDoyMzphZGRpdGlvbmFsLWV4YWN0LXNjb3Blc1swOl17MDp9NzE6MTc6ZXhlY3V0aW9uLW9wdGlvbnNbMTA6NDp0cnVlMjoyMDE6MDE6MjE6MDU6c2F0NGo0OnRydWUyOi0xMTowMTo0XXswOn19NTk6cmVwYWlyZWQtbm9ybWFsLWZvcm0tdjM7dHlwZWQtYWxsb3ktbm9ybWFsLWZvcm0tYWRhcHRlci12MTMyODpjYW5vbmljYWwtYWxsb3ktc2lnbmF0dXJlLXY4XXswOn0=	MTY6c2VtYW50aWMtcHJvZmlsZVs1OjE6MzY6Rk9SQklEMjg0OjMxOmFsbG95LXNvdXJjZS1jb21tYW5kLWNvbnRleHQtdjFbMTE6NTA6YWxsb3ktY29tbWFuZC1vcHRpb25zLXY0LWluZGVwZW5kZW50LXNlYXJjaC1kb21haW40OndpcmUxNjpBTkRbc29tZSB0aGlzL0FdNTpmYWxzZTE6MzE6MzI6LTEyOi0xMjotMTI6LTEyOi0xXXszOjE2OjY6c2NvcGVzWzA6XXswOn0zNDoyMzphZGRpdGlvbmFsLWV4YWN0LXNjb3Blc1swOl17MDp9NzE6MTc6ZXhlY3V0aW9uLW9wdGlvbnNbMTA6NDp0cnVlMjoyMDE6MDE6MjE6MDU6c2F0NGo0OnRydWUyOi0xMTowMTo0XXswOn19NTk6cmVwYWlyZWQtbm9ybWFsLWZvcm0tdjM7dHlwZWQtYWxsb3ktbm9ybWFsLWZvcm0tYWRhcHRlci12MTMyODpjYW5vbmljYWwtYWxsb3ktc2lnbmF0dXJlLXY4XXswOn0=	Mw==|Rk9SQklE|MzE6YWxsb3ktc291cmNlLWNvbW1hbmQtY29udGV4dC12MVsxMTo1MDphbGxveS1jb21tYW5kLW9wdGlvbnMtdjQtaW5kZXBlbmRlbnQtc2VhcmNoLWRvbWFpbjQ6d2lyZTE2OkFORFtzb21lIHRoaXMvQV01OmZhbHNlMTozMTozMjotMTI6LTEyOi0xMjotMTI6LTFdezM6MTY6NjpzY29wZXNbMDpdezA6fTM0OjIzOmFkZGl0aW9uYWwtZXhhY3Qtc2NvcGVzWzA6XXswOn03MToxNzpleGVjdXRpb24tb3B0aW9uc1sxMDo0OnRydWUyOjIwMTowMToyMTowNTpzYXQ0ajQ6dHJ1ZTI6LTExOjAxOjRdezA6fX0=|cmVwYWlyZWQtbm9ybWFsLWZvcm0tdjM7dHlwZWQtYWxsb3ktbm9ybWFsLWZvcm0tYWRhcHRlci12MTM=|Y2Fub25pY2FsLWFsbG95LXNpZ25hdHVyZS12OA==|ZmY3YTRjZGYwYmQ5Nzg5MjEyMDAwY2VkZWQwMzZkYzE1NGYwNWI3MjE0OTU0MzI3NzRmZGY5ZDhhMjllYTM5Mg==|YWxsb3ktY29udGFpbmVyLWxhdy10aGVvcnktdjM=|YjY0Nzk3MTJlNTE4YjVkZmMxM2YxOTg2Njc2OWYzMGFiODFiNDliZDRiYWQ1MDhhMTc1NjkxZmJiMWQwNjMzZg==	THEORY_MISMATCH	U291cmNlLWNvbW1hbmQgc2VtYW50aWMgY29udGV4dCBoYXMgYW4gdW5zdXBwb3J0ZWQgdmVyc2lvbg==
163	clone	source:3:FORBID	same-spelling	custom	true	3	FORBID	MzE6YWxsb3ktc291cmNlLWNvbW1hbmQtY29udGV4dC12MVsxMTo1MDphbGxveS1jb21tYW5kLW9wdGlvbnMtdjQtaW5kZXBlbmRlbnQtc2VhcmNoLWRvbWFpbjQ6d2lyZTE2OkFORFtzb21lIHRoaXMvQV01OmZhbHNlMTozMTozMjotMTI6LTEyOi0xMjotMTI6LTFdezM6MTY6NjpzY29wZXNbMDpdezA6fTM0OjIzOmFkZGl0aW9uYWwtZXhhY3Qtc2NvcGVzWzA6XXswOn03MToxNzpleGVjdXRpb24tb3B0aW9uc1sxMDo0OnRydWUyOjIwMTowMToyMTowNTpzYXQ0ajQ6dHJ1ZTI6LTExOjAxOjRdezA6fX0=	cmVwYWlyZWQtbm9ybWFsLWZvcm0tdjM7dHlwZWQtYWxsb3ktbm9ybWFsLWZvcm0tYWRhcHRlci12MTM=	Y2Fub25pY2FsLWFsbG95LXNpZ25hdHVyZS12OA==	ff7a4cdf0bd9789212000ceded036dc154f05b721495432774fdf9d8a29ea392	MTY6c2VtYW50aWMtcHJvZmlsZVs1OjE6MzY6Rk9SQklEMjg0OjMxOmFsbG95LXNvdXJjZS1jb21tYW5kLWNvbnRleHQtdjFbMTE6NTA6YWxsb3ktY29tbWFuZC1vcHRpb25zLXY0LWluZGVwZW5kZW50LXNlYXJjaC1kb21haW40OndpcmUxNjpBTkRbc29tZSB0aGlzL0FdNTpmYWxzZTE6MzE6MzI6LTEyOi0xMjotMTI6LTEyOi0xXXszOjE2OjY6c2NvcGVzWzA6XXswOn0zNDoyMzphZGRpdGlvbmFsLWV4YWN0LXNjb3Blc1swOl17MDp9NzE6MTc6ZXhlY3V0aW9uLW9wdGlvbnNbMTA6NDp0cnVlMjoyMDE6MDE6MjE6MDU6c2F0NGo0OnRydWUyOi0xMTowMTo0XXswOn19NTk6cmVwYWlyZWQtbm9ybWFsLWZvcm0tdjM7dHlwZWQtYWxsb3ktbm9ybWFsLWZvcm0tYWRhcHRlci12MTMyODpjYW5vbmljYWwtYWxsb3ktc2lnbmF0dXJlLXY4XXswOn0=	MTY6c2VtYW50aWMtcHJvZmlsZVs1OjE6MzY6Rk9SQklEMjg0OjMxOmFsbG95LXNvdXJjZS1jb21tYW5kLWNvbnRleHQtdjFbMTE6NTA6YWxsb3ktY29tbWFuZC1vcHRpb25zLXY0LWluZGVwZW5kZW50LXNlYXJjaC1kb21haW40OndpcmUxNjpBTkRbc29tZSB0aGlzL0FdNTpmYWxzZTE6MzE6MzI6LTEyOi0xMjotMTI6LTEyOi0xXXszOjE2OjY6c2NvcGVzWzA6XXswOn0zNDoyMzphZGRpdGlvbmFsLWV4YWN0LXNjb3Blc1swOl17MDp9NzE6MTc6ZXhlY3V0aW9uLW9wdGlvbnNbMTA6NDp0cnVlMjoyMDE6MDE6MjE6MDU6c2F0NGo0OnRydWUyOi0xMTowMTo0XXswOn19NTk6cmVwYWlyZWQtbm9ybWFsLWZvcm0tdjM7dHlwZWQtYWxsb3ktbm9ybWFsLWZvcm0tYWRhcHRlci12MTMyODpjYW5vbmljYWwtYWxsb3ktc2lnbmF0dXJlLXY4XXswOn0=	Mw==|Rk9SQklE|MzE6YWxsb3ktc291cmNlLWNvbW1hbmQtY29udGV4dC12MVsxMTo1MDphbGxveS1jb21tYW5kLW9wdGlvbnMtdjQtaW5kZXBlbmRlbnQtc2VhcmNoLWRvbWFpbjQ6d2lyZTE2OkFORFtzb21lIHRoaXMvQV01OmZhbHNlMTozMTozMjotMTI6LTEyOi0xMjotMTI6LTFdezM6MTY6NjpzY29wZXNbMDpdezA6fTM0OjIzOmFkZGl0aW9uYWwtZXhhY3Qtc2NvcGVzWzA6XXswOn03MToxNzpleGVjdXRpb24tb3B0aW9uc1sxMDo0OnRydWUyOjIwMTowMToyMTowNTpzYXQ0ajQ6dHJ1ZTI6LTExOjAxOjRdezA6fX0=|cmVwYWlyZWQtbm9ybWFsLWZvcm0tdjM7dHlwZWQtYWxsb3ktbm9ybWFsLWZvcm0tYWRhcHRlci12MTM=|Y2Fub25pY2FsLWFsbG95LXNpZ25hdHVyZS12OA==|ZmY3YTRjZGYwYmQ5Nzg5MjEyMDAwY2VkZWQwMzZkYzE1NGYwNWI3MjE0OTU0MzI3NzRmZGY5ZDhhMjllYTM5Mg==|YWxsb3ktY29udGFpbmVyLWxhdy10aGVvcnktdjM=|YjY0Nzk3MTJlNTE4YjVkZmMxM2YxOTg2Njc2OWYzMGFiODFiNDliZDRiYWQ1MDhhMTc1NjkxZmJiMWQwNjMzZg==	AUTHORITY_REJECT	
164	boundary	source:4:FORBID	base	source	true	4	FORBID	MzE6YWxsb3ktc291cmNlLWNvbW1hbmQtY29udGV4dC12MVsxMTo1MDphbGxveS1jb21tYW5kLW9wdGlvbnMtdjQtaW5kZXBlbmRlbnQtc2VhcmNoLWRvbWFpbjQ6d2lyZTE2OkFORFtzb21lIHRoaXMvQV01OmZhbHNlMTozMTo0MjotMTI6LTEyOi0xMjotMTI6LTFdezM6MTY6NjpzY29wZXNbMDpdezA6fTM0OjIzOmFkZGl0aW9uYWwtZXhhY3Qtc2NvcGVzWzA6XXswOn03MToxNzpleGVjdXRpb24tb3B0aW9uc1sxMDo0OnRydWUyOjIwMTowMToyMTowNTpzYXQ0ajQ6dHJ1ZTI6LTExOjAxOjRdezA6fX0=	cmVwYWlyZWQtbm9ybWFsLWZvcm0tdjM7dHlwZWQtYWxsb3ktbm9ybWFsLWZvcm0tYWRhcHRlci12MTM=	Y2Fub25pY2FsLWFsbG95LXNpZ25hdHVyZS12OA==	1aec2fc4a15ed416c54e1157c6f07c35e4b84c87c76cadf64706fba89db8fbc3	MTY6c2VtYW50aWMtcHJvZmlsZVs1OjE6NDY6Rk9SQklEMjg0OjMxOmFsbG95LXNvdXJjZS1jb21tYW5kLWNvbnRleHQtdjFbMTE6NTA6YWxsb3ktY29tbWFuZC1vcHRpb25zLXY0LWluZGVwZW5kZW50LXNlYXJjaC1kb21haW40OndpcmUxNjpBTkRbc29tZSB0aGlzL0FdNTpmYWxzZTE6MzE6NDI6LTEyOi0xMjotMTI6LTEyOi0xXXszOjE2OjY6c2NvcGVzWzA6XXswOn0zNDoyMzphZGRpdGlvbmFsLWV4YWN0LXNjb3Blc1swOl17MDp9NzE6MTc6ZXhlY3V0aW9uLW9wdGlvbnNbMTA6NDp0cnVlMjoyMDE6MDE6MjE6MDU6c2F0NGo0OnRydWUyOi0xMTowMTo0XXswOn19NTk6cmVwYWlyZWQtbm9ybWFsLWZvcm0tdjM7dHlwZWQtYWxsb3ktbm9ybWFsLWZvcm0tYWRhcHRlci12MTMyODpjYW5vbmljYWwtYWxsb3ktc2lnbmF0dXJlLXY4XXswOn0=	MTY6c2VtYW50aWMtcHJvZmlsZVs1OjE6NDY6Rk9SQklEMjg0OjMxOmFsbG95LXNvdXJjZS1jb21tYW5kLWNvbnRleHQtdjFbMTE6NTA6YWxsb3ktY29tbWFuZC1vcHRpb25zLXY0LWluZGVwZW5kZW50LXNlYXJjaC1kb21haW40OndpcmUxNjpBTkRbc29tZSB0aGlzL0FdNTpmYWxzZTE6MzE6NDI6LTEyOi0xMjotMTI6LTEyOi0xXXszOjE2OjY6c2NvcGVzWzA6XXswOn0zNDoyMzphZGRpdGlvbmFsLWV4YWN0LXNjb3Blc1swOl17MDp9NzE6MTc6ZXhlY3V0aW9uLW9wdGlvbnNbMTA6NDp0cnVlMjoyMDE6MDE6MjE6MDU6c2F0NGo0OnRydWUyOi0xMTowMTo0XXswOn19NTk6cmVwYWlyZWQtbm9ybWFsLWZvcm0tdjM7dHlwZWQtYWxsb3ktbm9ybWFsLWZvcm0tYWRhcHRlci12MTMyODpjYW5vbmljYWwtYWxsb3ktc2lnbmF0dXJlLXY4XXswOn0=	NA==|Rk9SQklE|MzE6YWxsb3ktc291cmNlLWNvbW1hbmQtY29udGV4dC12MVsxMTo1MDphbGxveS1jb21tYW5kLW9wdGlvbnMtdjQtaW5kZXBlbmRlbnQtc2VhcmNoLWRvbWFpbjQ6d2lyZTE2OkFORFtzb21lIHRoaXMvQV01OmZhbHNlMTozMTo0MjotMTI6LTEyOi0xMjotMTI6LTFdezM6MTY6NjpzY29wZXNbMDpdezA6fTM0OjIzOmFkZGl0aW9uYWwtZXhhY3Qtc2NvcGVzWzA6XXswOn03MToxNzpleGVjdXRpb24tb3B0aW9uc1sxMDo0OnRydWUyOjIwMTowMToyMTowNTpzYXQ0ajQ6dHJ1ZTI6LTExOjAxOjRdezA6fX0=|cmVwYWlyZWQtbm9ybWFsLWZvcm0tdjM7dHlwZWQtYWxsb3ktbm9ybWFsLWZvcm0tYWRhcHRlci12MTM=|Y2Fub25pY2FsLWFsbG95LXNpZ25hdHVyZS12OA==|MWFlYzJmYzRhMTVlZDQxNmM1NGUxMTU3YzZmMDdjMzVlNGI4NGM4N2M3NmNhZGY2NDcwNmZiYTg5ZGI4ZmJjMw==|YWxsb3ktY29udGFpbmVyLWxhdy10aGVvcnktdjM=|YjY0Nzk3MTJlNTE4YjVkZmMxM2YxOTg2Njc2OWYzMGFiODFiNDliZDRiYWQ1MDhhMTc1NjkxZmJiMWQwNjMzZg==	THEORY_MISMATCH	U291cmNlLWNvbW1hbmQgc2VtYW50aWMgY29udGV4dCBoYXMgYW4gdW5zdXBwb3J0ZWQgdmVyc2lvbg==
165	boundary	source:4:FORBID	stale-0	source	true	5	FORBID	MzE6YWxsb3ktc291cmNlLWNvbW1hbmQtY29udGV4dC12MVsxMTo1MDphbGxveS1jb21tYW5kLW9wdGlvbnMtdjQtaW5kZXBlbmRlbnQtc2VhcmNoLWRvbWFpbjQ6d2lyZTE2OkFORFtzb21lIHRoaXMvQV01OmZhbHNlMTozMTo0MjotMTI6LTEyOi0xMjotMTI6LTFdezM6MTY6NjpzY29wZXNbMDpdezA6fTM0OjIzOmFkZGl0aW9uYWwtZXhhY3Qtc2NvcGVzWzA6XXswOn03MToxNzpleGVjdXRpb24tb3B0aW9uc1sxMDo0OnRydWUyOjIwMTowMToyMTowNTpzYXQ0ajQ6dHJ1ZTI6LTExOjAxOjRdezA6fX0=	cmVwYWlyZWQtbm9ybWFsLWZvcm0tdjM7dHlwZWQtYWxsb3ktbm9ybWFsLWZvcm0tYWRhcHRlci12MTM=	Y2Fub25pY2FsLWFsbG95LXNpZ25hdHVyZS12OA==	1aec2fc4a15ed416c54e1157c6f07c35e4b84c87c76cadf64706fba89db8fbc3	MTY6c2VtYW50aWMtcHJvZmlsZVs1OjE6NTY6Rk9SQklEMjg0OjMxOmFsbG95LXNvdXJjZS1jb21tYW5kLWNvbnRleHQtdjFbMTE6NTA6YWxsb3ktY29tbWFuZC1vcHRpb25zLXY0LWluZGVwZW5kZW50LXNlYXJjaC1kb21haW40OndpcmUxNjpBTkRbc29tZSB0aGlzL0FdNTpmYWxzZTE6MzE6NDI6LTEyOi0xMjotMTI6LTEyOi0xXXszOjE2OjY6c2NvcGVzWzA6XXswOn0zNDoyMzphZGRpdGlvbmFsLWV4YWN0LXNjb3Blc1swOl17MDp9NzE6MTc6ZXhlY3V0aW9uLW9wdGlvbnNbMTA6NDp0cnVlMjoyMDE6MDE6MjE6MDU6c2F0NGo0OnRydWUyOi0xMTowMTo0XXswOn19NTk6cmVwYWlyZWQtbm9ybWFsLWZvcm0tdjM7dHlwZWQtYWxsb3ktbm9ybWFsLWZvcm0tYWRhcHRlci12MTMyODpjYW5vbmljYWwtYWxsb3ktc2lnbmF0dXJlLXY4XXswOn0=	MTY6c2VtYW50aWMtcHJvZmlsZVs1OjE6NTY6Rk9SQklEMjg0OjMxOmFsbG95LXNvdXJjZS1jb21tYW5kLWNvbnRleHQtdjFbMTE6NTA6YWxsb3ktY29tbWFuZC1vcHRpb25zLXY0LWluZGVwZW5kZW50LXNlYXJjaC1kb21haW40OndpcmUxNjpBTkRbc29tZSB0aGlzL0FdNTpmYWxzZTE6MzE6NDI6LTEyOi0xMjotMTI6LTEyOi0xXXszOjE2OjY6c2NvcGVzWzA6XXswOn0zNDoyMzphZGRpdGlvbmFsLWV4YWN0LXNjb3Blc1swOl17MDp9NzE6MTc6ZXhlY3V0aW9uLW9wdGlvbnNbMTA6NDp0cnVlMjoyMDE6MDE6MjE6MDU6c2F0NGo0OnRydWUyOi0xMTowMTo0XXswOn19NTk6cmVwYWlyZWQtbm9ybWFsLWZvcm0tdjM7dHlwZWQtYWxsb3ktbm9ybWFsLWZvcm0tYWRhcHRlci12MTMyODpjYW5vbmljYWwtYWxsb3ktc2lnbmF0dXJlLXY4XXswOn0=	NA==|Rk9SQklE|MzE6YWxsb3ktc291cmNlLWNvbW1hbmQtY29udGV4dC12MVsxMTo1MDphbGxveS1jb21tYW5kLW9wdGlvbnMtdjQtaW5kZXBlbmRlbnQtc2VhcmNoLWRvbWFpbjQ6d2lyZTE2OkFORFtzb21lIHRoaXMvQV01OmZhbHNlMTozMTo0MjotMTI6LTEyOi0xMjotMTI6LTFdezM6MTY6NjpzY29wZXNbMDpdezA6fTM0OjIzOmFkZGl0aW9uYWwtZXhhY3Qtc2NvcGVzWzA6XXswOn03MToxNzpleGVjdXRpb24tb3B0aW9uc1sxMDo0OnRydWUyOjIwMTowMToyMTowNTpzYXQ0ajQ6dHJ1ZTI6LTExOjAxOjRdezA6fX0=|cmVwYWlyZWQtbm9ybWFsLWZvcm0tdjM7dHlwZWQtYWxsb3ktbm9ybWFsLWZvcm0tYWRhcHRlci12MTM=|Y2Fub25pY2FsLWFsbG95LXNpZ25hdHVyZS12OA==|MWFlYzJmYzRhMTVlZDQxNmM1NGUxMTU3YzZmMDdjMzVlNGI4NGM4N2M3NmNhZGY2NDcwNmZiYTg5ZGI4ZmJjMw==|YWxsb3ktY29udGFpbmVyLWxhdy10aGVvcnktdjM=|YjY0Nzk3MTJlNTE4YjVkZmMxM2YxOTg2Njc2OWYzMGFiODFiNDliZDRiYWQ1MDhhMTc1NjkxZmJiMWQwNjMzZg==	THEORY_MISMATCH	U291cmNlLWNvbW1hbmQgc2VtYW50aWMgY29udGV4dCBoYXMgYW4gdW5zdXBwb3J0ZWQgdmVyc2lvbg==
166	boundary	source:4:FORBID	stale-1	source	true	4	MODULAR	MzE6YWxsb3ktc291cmNlLWNvbW1hbmQtY29udGV4dC12MVsxMTo1MDphbGxveS1jb21tYW5kLW9wdGlvbnMtdjQtaW5kZXBlbmRlbnQtc2VhcmNoLWRvbWFpbjQ6d2lyZTE2OkFORFtzb21lIHRoaXMvQV01OmZhbHNlMTozMTo0MjotMTI6LTEyOi0xMjotMTI6LTFdezM6MTY6NjpzY29wZXNbMDpdezA6fTM0OjIzOmFkZGl0aW9uYWwtZXhhY3Qtc2NvcGVzWzA6XXswOn03MToxNzpleGVjdXRpb24tb3B0aW9uc1sxMDo0OnRydWUyOjIwMTowMToyMTowNTpzYXQ0ajQ6dHJ1ZTI6LTExOjAxOjRdezA6fX0=	cmVwYWlyZWQtbm9ybWFsLWZvcm0tdjM7dHlwZWQtYWxsb3ktbm9ybWFsLWZvcm0tYWRhcHRlci12MTM=	Y2Fub25pY2FsLWFsbG95LXNpZ25hdHVyZS12OA==	1aec2fc4a15ed416c54e1157c6f07c35e4b84c87c76cadf64706fba89db8fbc3	MTY6c2VtYW50aWMtcHJvZmlsZVs1OjE6NDc6TU9EVUxBUjI4NDozMTphbGxveS1zb3VyY2UtY29tbWFuZC1jb250ZXh0LXYxWzExOjUwOmFsbG95LWNvbW1hbmQtb3B0aW9ucy12NC1pbmRlcGVuZGVudC1zZWFyY2gtZG9tYWluNDp3aXJlMTY6QU5EW3NvbWUgdGhpcy9BXTU6ZmFsc2UxOjMxOjQyOi0xMjotMTI6LTEyOi0xMjotMV17MzoxNjo2OnNjb3Blc1swOl17MDp9MzQ6MjM6YWRkaXRpb25hbC1leGFjdC1zY29wZXNbMDpdezA6fTcxOjE3OmV4ZWN1dGlvbi1vcHRpb25zWzEwOjQ6dHJ1ZTI6MjAxOjAxOjIxOjA1OnNhdDRqNDp0cnVlMjotMTE6MDE6NF17MDp9fTU5OnJlcGFpcmVkLW5vcm1hbC1mb3JtLXYzO3R5cGVkLWFsbG95LW5vcm1hbC1mb3JtLWFkYXB0ZXItdjEzMjg6Y2Fub25pY2FsLWFsbG95LXNpZ25hdHVyZS12OF17MDp9	MTY6c2VtYW50aWMtcHJvZmlsZVs1OjE6NDc6TU9EVUxBUjI4NDozMTphbGxveS1zb3VyY2UtY29tbWFuZC1jb250ZXh0LXYxWzExOjUwOmFsbG95LWNvbW1hbmQtb3B0aW9ucy12NC1pbmRlcGVuZGVudC1zZWFyY2gtZG9tYWluNDp3aXJlMTY6QU5EW3NvbWUgdGhpcy9BXTU6ZmFsc2UxOjMxOjQyOi0xMjotMTI6LTEyOi0xMjotMV17MzoxNjo2OnNjb3Blc1swOl17MDp9MzQ6MjM6YWRkaXRpb25hbC1leGFjdC1zY29wZXNbMDpdezA6fTcxOjE3OmV4ZWN1dGlvbi1vcHRpb25zWzEwOjQ6dHJ1ZTI6MjAxOjAxOjIxOjA1OnNhdDRqNDp0cnVlMjotMTE6MDE6NF17MDp9fTU5OnJlcGFpcmVkLW5vcm1hbC1mb3JtLXYzO3R5cGVkLWFsbG95LW5vcm1hbC1mb3JtLWFkYXB0ZXItdjEzMjg6Y2Fub25pY2FsLWFsbG95LXNpZ25hdHVyZS12OF17MDp9	NA==|Rk9SQklE|MzE6YWxsb3ktc291cmNlLWNvbW1hbmQtY29udGV4dC12MVsxMTo1MDphbGxveS1jb21tYW5kLW9wdGlvbnMtdjQtaW5kZXBlbmRlbnQtc2VhcmNoLWRvbWFpbjQ6d2lyZTE2OkFORFtzb21lIHRoaXMvQV01OmZhbHNlMTozMTo0MjotMTI6LTEyOi0xMjotMTI6LTFdezM6MTY6NjpzY29wZXNbMDpdezA6fTM0OjIzOmFkZGl0aW9uYWwtZXhhY3Qtc2NvcGVzWzA6XXswOn03MToxNzpleGVjdXRpb24tb3B0aW9uc1sxMDo0OnRydWUyOjIwMTowMToyMTowNTpzYXQ0ajQ6dHJ1ZTI6LTExOjAxOjRdezA6fX0=|cmVwYWlyZWQtbm9ybWFsLWZvcm0tdjM7dHlwZWQtYWxsb3ktbm9ybWFsLWZvcm0tYWRhcHRlci12MTM=|Y2Fub25pY2FsLWFsbG95LXNpZ25hdHVyZS12OA==|MWFlYzJmYzRhMTVlZDQxNmM1NGUxMTU3YzZmMDdjMzVlNGI4NGM4N2M3NmNhZGY2NDcwNmZiYTg5ZGI4ZmJjMw==|YWxsb3ktY29udGFpbmVyLWxhdy10aGVvcnktdjM=|YjY0Nzk3MTJlNTE4YjVkZmMxM2YxOTg2Njc2OWYzMGFiODFiNDliZDRiYWQ1MDhhMTc1NjkxZmJiMWQwNjMzZg==	THEORY_MISMATCH	U291cmNlLWNvbW1hbmQgc2VtYW50aWMgY29udGV4dCBoYXMgYW4gdW5zdXBwb3J0ZWQgdmVyc2lvbg==
167	boundary	source:4:FORBID	stale-2	source	true	4	FORBID	MzE6YWxsb3ktc291cmNlLWNvbW1hbmQtY29udGV4dC12MVsxMTo1MDphbGxveS1jb21tYW5kLW9wdGlvbnMtdjQtaW5kZXBlbmRlbnQtc2VhcmNoLWRvbWFpbjQ6d2lyZTE2OkFORFtzb21lIHRoaXMvQV01OmZhbHNlMTozMTo0MjotMTI6LTEyOi0xMjotMTI6LTFdezM6MTY6NjpzY29wZXNbMDpdezA6fTM0OjIzOmFkZGl0aW9uYWwtZXhhY3Qtc2NvcGVzWzA6XXswOn03MToxNzpleGVjdXRpb24tb3B0aW9uc1sxMDo0OnRydWUyOjIwMTowMToyMTowNTpzYXQ0ajQ6dHJ1ZTI6LTExOjAxOjRdezA6fX06Y2hhbmdlZA==	cmVwYWlyZWQtbm9ybWFsLWZvcm0tdjM7dHlwZWQtYWxsb3ktbm9ybWFsLWZvcm0tYWRhcHRlci12MTM=	Y2Fub25pY2FsLWFsbG95LXNpZ25hdHVyZS12OA==	1aec2fc4a15ed416c54e1157c6f07c35e4b84c87c76cadf64706fba89db8fbc3	MTY6c2VtYW50aWMtcHJvZmlsZVs1OjE6NDY6Rk9SQklEMjkyOjMxOmFsbG95LXNvdXJjZS1jb21tYW5kLWNvbnRleHQtdjFbMTE6NTA6YWxsb3ktY29tbWFuZC1vcHRpb25zLXY0LWluZGVwZW5kZW50LXNlYXJjaC1kb21haW40OndpcmUxNjpBTkRbc29tZSB0aGlzL0FdNTpmYWxzZTE6MzE6NDI6LTEyOi0xMjotMTI6LTEyOi0xXXszOjE2OjY6c2NvcGVzWzA6XXswOn0zNDoyMzphZGRpdGlvbmFsLWV4YWN0LXNjb3Blc1swOl17MDp9NzE6MTc6ZXhlY3V0aW9uLW9wdGlvbnNbMTA6NDp0cnVlMjoyMDE6MDE6MjE6MDU6c2F0NGo0OnRydWUyOi0xMTowMTo0XXswOn19OmNoYW5nZWQ1OTpyZXBhaXJlZC1ub3JtYWwtZm9ybS12Mzt0eXBlZC1hbGxveS1ub3JtYWwtZm9ybS1hZGFwdGVyLXYxMzI4OmNhbm9uaWNhbC1hbGxveS1zaWduYXR1cmUtdjhdezA6fQ==	MTY6c2VtYW50aWMtcHJvZmlsZVs1OjE6NDY6Rk9SQklEMjkyOjMxOmFsbG95LXNvdXJjZS1jb21tYW5kLWNvbnRleHQtdjFbMTE6NTA6YWxsb3ktY29tbWFuZC1vcHRpb25zLXY0LWluZGVwZW5kZW50LXNlYXJjaC1kb21haW40OndpcmUxNjpBTkRbc29tZSB0aGlzL0FdNTpmYWxzZTE6MzE6NDI6LTEyOi0xMjotMTI6LTEyOi0xXXszOjE2OjY6c2NvcGVzWzA6XXswOn0zNDoyMzphZGRpdGlvbmFsLWV4YWN0LXNjb3Blc1swOl17MDp9NzE6MTc6ZXhlY3V0aW9uLW9wdGlvbnNbMTA6NDp0cnVlMjoyMDE6MDE6MjE6MDU6c2F0NGo0OnRydWUyOi0xMTowMTo0XXswOn19OmNoYW5nZWQ1OTpyZXBhaXJlZC1ub3JtYWwtZm9ybS12Mzt0eXBlZC1hbGxveS1ub3JtYWwtZm9ybS1hZGFwdGVyLXYxMzI4OmNhbm9uaWNhbC1hbGxveS1zaWduYXR1cmUtdjhdezA6fQ==	NA==|Rk9SQklE|MzE6YWxsb3ktc291cmNlLWNvbW1hbmQtY29udGV4dC12MVsxMTo1MDphbGxveS1jb21tYW5kLW9wdGlvbnMtdjQtaW5kZXBlbmRlbnQtc2VhcmNoLWRvbWFpbjQ6d2lyZTE2OkFORFtzb21lIHRoaXMvQV01OmZhbHNlMTozMTo0MjotMTI6LTEyOi0xMjotMTI6LTFdezM6MTY6NjpzY29wZXNbMDpdezA6fTM0OjIzOmFkZGl0aW9uYWwtZXhhY3Qtc2NvcGVzWzA6XXswOn03MToxNzpleGVjdXRpb24tb3B0aW9uc1sxMDo0OnRydWUyOjIwMTowMToyMTowNTpzYXQ0ajQ6dHJ1ZTI6LTExOjAxOjRdezA6fX0=|cmVwYWlyZWQtbm9ybWFsLWZvcm0tdjM7dHlwZWQtYWxsb3ktbm9ybWFsLWZvcm0tYWRhcHRlci12MTM=|Y2Fub25pY2FsLWFsbG95LXNpZ25hdHVyZS12OA==|MWFlYzJmYzRhMTVlZDQxNmM1NGUxMTU3YzZmMDdjMzVlNGI4NGM4N2M3NmNhZGY2NDcwNmZiYTg5ZGI4ZmJjMw==|YWxsb3ktY29udGFpbmVyLWxhdy10aGVvcnktdjM=|YjY0Nzk3MTJlNTE4YjVkZmMxM2YxOTg2Njc2OWYzMGFiODFiNDliZDRiYWQ1MDhhMTc1NjkxZmJiMWQwNjMzZg==	INVALID_RECORD_SHAPE	c291cmNlLWNvbW1hbmQgc2VtYW50aWMgY29udGV4dCBoYXMgdHJhaWxpbmcgc3RydWN0dXJhbC1rZXkgZGF0YQ==
168	boundary	source:4:FORBID	stale-3	source	true	4	FORBID	MzE6YWxsb3ktc291cmNlLWNvbW1hbmQtY29udGV4dC12MVsxMTo1MDphbGxveS1jb21tYW5kLW9wdGlvbnMtdjQtaW5kZXBlbmRlbnQtc2VhcmNoLWRvbWFpbjQ6d2lyZTE2OkFORFtzb21lIHRoaXMvQV01OmZhbHNlMTozMTo0MjotMTI6LTEyOi0xMjotMTI6LTFdezM6MTY6NjpzY29wZXNbMDpdezA6fTM0OjIzOmFkZGl0aW9uYWwtZXhhY3Qtc2NvcGVzWzA6XXswOn03MToxNzpleGVjdXRpb24tb3B0aW9uc1sxMDo0OnRydWUyOjIwMTowMToyMTowNTpzYXQ0ajQ6dHJ1ZTI6LTExOjAxOjRdezA6fX0=	cmVwYWlyZWQtbm9ybWFsLWZvcm0tdjM7dHlwZWQtYWxsb3ktbm9ybWFsLWZvcm0tYWRhcHRlci12MTM6Y2hhbmdlZA==	Y2Fub25pY2FsLWFsbG95LXNpZ25hdHVyZS12OA==	1aec2fc4a15ed416c54e1157c6f07c35e4b84c87c76cadf64706fba89db8fbc3	MTY6c2VtYW50aWMtcHJvZmlsZVs1OjE6NDY6Rk9SQklEMjg0OjMxOmFsbG95LXNvdXJjZS1jb21tYW5kLWNvbnRleHQtdjFbMTE6NTA6YWxsb3ktY29tbWFuZC1vcHRpb25zLXY0LWluZGVwZW5kZW50LXNlYXJjaC1kb21haW40OndpcmUxNjpBTkRbc29tZSB0aGlzL0FdNTpmYWxzZTE6MzE6NDI6LTEyOi0xMjotMTI6LTEyOi0xXXszOjE2OjY6c2NvcGVzWzA6XXswOn0zNDoyMzphZGRpdGlvbmFsLWV4YWN0LXNjb3Blc1swOl17MDp9NzE6MTc6ZXhlY3V0aW9uLW9wdGlvbnNbMTA6NDp0cnVlMjoyMDE6MDE6MjE6MDU6c2F0NGo0OnRydWUyOi0xMTowMTo0XXswOn19Njc6cmVwYWlyZWQtbm9ybWFsLWZvcm0tdjM7dHlwZWQtYWxsb3ktbm9ybWFsLWZvcm0tYWRhcHRlci12MTM6Y2hhbmdlZDI4OmNhbm9uaWNhbC1hbGxveS1zaWduYXR1cmUtdjhdezA6fQ==	MTY6c2VtYW50aWMtcHJvZmlsZVs1OjE6NDY6Rk9SQklEMjg0OjMxOmFsbG95LXNvdXJjZS1jb21tYW5kLWNvbnRleHQtdjFbMTE6NTA6YWxsb3ktY29tbWFuZC1vcHRpb25zLXY0LWluZGVwZW5kZW50LXNlYXJjaC1kb21haW40OndpcmUxNjpBTkRbc29tZSB0aGlzL0FdNTpmYWxzZTE6MzE6NDI6LTEyOi0xMjotMTI6LTEyOi0xXXszOjE2OjY6c2NvcGVzWzA6XXswOn0zNDoyMzphZGRpdGlvbmFsLWV4YWN0LXNjb3Blc1swOl17MDp9NzE6MTc6ZXhlY3V0aW9uLW9wdGlvbnNbMTA6NDp0cnVlMjoyMDE6MDE6MjE6MDU6c2F0NGo0OnRydWUyOi0xMTowMTo0XXswOn19Njc6cmVwYWlyZWQtbm9ybWFsLWZvcm0tdjM7dHlwZWQtYWxsb3ktbm9ybWFsLWZvcm0tYWRhcHRlci12MTM6Y2hhbmdlZDI4OmNhbm9uaWNhbC1hbGxveS1zaWduYXR1cmUtdjhdezA6fQ==	NA==|Rk9SQklE|MzE6YWxsb3ktc291cmNlLWNvbW1hbmQtY29udGV4dC12MVsxMTo1MDphbGxveS1jb21tYW5kLW9wdGlvbnMtdjQtaW5kZXBlbmRlbnQtc2VhcmNoLWRvbWFpbjQ6d2lyZTE2OkFORFtzb21lIHRoaXMvQV01OmZhbHNlMTozMTo0MjotMTI6LTEyOi0xMjotMTI6LTFdezM6MTY6NjpzY29wZXNbMDpdezA6fTM0OjIzOmFkZGl0aW9uYWwtZXhhY3Qtc2NvcGVzWzA6XXswOn03MToxNzpleGVjdXRpb24tb3B0aW9uc1sxMDo0OnRydWUyOjIwMTowMToyMTowNTpzYXQ0ajQ6dHJ1ZTI6LTExOjAxOjRdezA6fX0=|cmVwYWlyZWQtbm9ybWFsLWZvcm0tdjM7dHlwZWQtYWxsb3ktbm9ybWFsLWZvcm0tYWRhcHRlci12MTM=|Y2Fub25pY2FsLWFsbG95LXNpZ25hdHVyZS12OA==|MWFlYzJmYzRhMTVlZDQxNmM1NGUxMTU3YzZmMDdjMzVlNGI4NGM4N2M3NmNhZGY2NDcwNmZiYTg5ZGI4ZmJjMw==|YWxsb3ktY29udGFpbmVyLWxhdy10aGVvcnktdjM=|YjY0Nzk3MTJlNTE4YjVkZmMxM2YxOTg2Njc2OWYzMGFiODFiNDliZDRiYWQ1MDhhMTc1NjkxZmJiMWQwNjMzZg==	THEORY_MISMATCH	U291cmNlLWNvbW1hbmQgZXZpZGVuY2UgbmFtZXMgdW5zdXBwb3J0ZWQgc2VtYW50aWMgaW1wbGVtZW50YXRpb24gdmVyc2lvbnM=
169	boundary	source:4:FORBID	stale-4	source	true	4	FORBID	MzE6YWxsb3ktc291cmNlLWNvbW1hbmQtY29udGV4dC12MVsxMTo1MDphbGxveS1jb21tYW5kLW9wdGlvbnMtdjQtaW5kZXBlbmRlbnQtc2VhcmNoLWRvbWFpbjQ6d2lyZTE2OkFORFtzb21lIHRoaXMvQV01OmZhbHNlMTozMTo0MjotMTI6LTEyOi0xMjotMTI6LTFdezM6MTY6NjpzY29wZXNbMDpdezA6fTM0OjIzOmFkZGl0aW9uYWwtZXhhY3Qtc2NvcGVzWzA6XXswOn03MToxNzpleGVjdXRpb24tb3B0aW9uc1sxMDo0OnRydWUyOjIwMTowMToyMTowNTpzYXQ0ajQ6dHJ1ZTI6LTExOjAxOjRdezA6fX0=	cmVwYWlyZWQtbm9ybWFsLWZvcm0tdjM7dHlwZWQtYWxsb3ktbm9ybWFsLWZvcm0tYWRhcHRlci12MTM=	Y2Fub25pY2FsLWFsbG95LXNpZ25hdHVyZS12ODpjaGFuZ2Vk	1aec2fc4a15ed416c54e1157c6f07c35e4b84c87c76cadf64706fba89db8fbc3	MTY6c2VtYW50aWMtcHJvZmlsZVs1OjE6NDY6Rk9SQklEMjg0OjMxOmFsbG95LXNvdXJjZS1jb21tYW5kLWNvbnRleHQtdjFbMTE6NTA6YWxsb3ktY29tbWFuZC1vcHRpb25zLXY0LWluZGVwZW5kZW50LXNlYXJjaC1kb21haW40OndpcmUxNjpBTkRbc29tZSB0aGlzL0FdNTpmYWxzZTE6MzE6NDI6LTEyOi0xMjotMTI6LTEyOi0xXXszOjE2OjY6c2NvcGVzWzA6XXswOn0zNDoyMzphZGRpdGlvbmFsLWV4YWN0LXNjb3Blc1swOl17MDp9NzE6MTc6ZXhlY3V0aW9uLW9wdGlvbnNbMTA6NDp0cnVlMjoyMDE6MDE6MjE6MDU6c2F0NGo0OnRydWUyOi0xMTowMTo0XXswOn19NTk6cmVwYWlyZWQtbm9ybWFsLWZvcm0tdjM7dHlwZWQtYWxsb3ktbm9ybWFsLWZvcm0tYWRhcHRlci12MTMzNjpjYW5vbmljYWwtYWxsb3ktc2lnbmF0dXJlLXY4OmNoYW5nZWRdezA6fQ==	MTY6c2VtYW50aWMtcHJvZmlsZVs1OjE6NDY6Rk9SQklEMjg0OjMxOmFsbG95LXNvdXJjZS1jb21tYW5kLWNvbnRleHQtdjFbMTE6NTA6YWxsb3ktY29tbWFuZC1vcHRpb25zLXY0LWluZGVwZW5kZW50LXNlYXJjaC1kb21haW40OndpcmUxNjpBTkRbc29tZSB0aGlzL0FdNTpmYWxzZTE6MzE6NDI6LTEyOi0xMjotMTI6LTEyOi0xXXszOjE2OjY6c2NvcGVzWzA6XXswOn0zNDoyMzphZGRpdGlvbmFsLWV4YWN0LXNjb3Blc1swOl17MDp9NzE6MTc6ZXhlY3V0aW9uLW9wdGlvbnNbMTA6NDp0cnVlMjoyMDE6MDE6MjE6MDU6c2F0NGo0OnRydWUyOi0xMTowMTo0XXswOn19NTk6cmVwYWlyZWQtbm9ybWFsLWZvcm0tdjM7dHlwZWQtYWxsb3ktbm9ybWFsLWZvcm0tYWRhcHRlci12MTMzNjpjYW5vbmljYWwtYWxsb3ktc2lnbmF0dXJlLXY4OmNoYW5nZWRdezA6fQ==	NA==|Rk9SQklE|MzE6YWxsb3ktc291cmNlLWNvbW1hbmQtY29udGV4dC12MVsxMTo1MDphbGxveS1jb21tYW5kLW9wdGlvbnMtdjQtaW5kZXBlbmRlbnQtc2VhcmNoLWRvbWFpbjQ6d2lyZTE2OkFORFtzb21lIHRoaXMvQV01OmZhbHNlMTozMTo0MjotMTI6LTEyOi0xMjotMTI6LTFdezM6MTY6NjpzY29wZXNbMDpdezA6fTM0OjIzOmFkZGl0aW9uYWwtZXhhY3Qtc2NvcGVzWzA6XXswOn03MToxNzpleGVjdXRpb24tb3B0aW9uc1sxMDo0OnRydWUyOjIwMTowMToyMTowNTpzYXQ0ajQ6dHJ1ZTI6LTExOjAxOjRdezA6fX0=|cmVwYWlyZWQtbm9ybWFsLWZvcm0tdjM7dHlwZWQtYWxsb3ktbm9ybWFsLWZvcm0tYWRhcHRlci12MTM=|Y2Fub25pY2FsLWFsbG95LXNpZ25hdHVyZS12OA==|MWFlYzJmYzRhMTVlZDQxNmM1NGUxMTU3YzZmMDdjMzVlNGI4NGM4N2M3NmNhZGY2NDcwNmZiYTg5ZGI4ZmJjMw==|YWxsb3ktY29udGFpbmVyLWxhdy10aGVvcnktdjM=|YjY0Nzk3MTJlNTE4YjVkZmMxM2YxOTg2Njc2OWYzMGFiODFiNDliZDRiYWQ1MDhhMTc1NjkxZmJiMWQwNjMzZg==	THEORY_MISMATCH	U291cmNlLWNvbW1hbmQgZXZpZGVuY2UgbmFtZXMgdW5zdXBwb3J0ZWQgc2VtYW50aWMgaW1wbGVtZW50YXRpb24gdmVyc2lvbnM=
170	boundary	source:4:FORBID	rehashed-0	source	true	5	FORBID	MzE6YWxsb3ktc291cmNlLWNvbW1hbmQtY29udGV4dC12MVsxMTo1MDphbGxveS1jb21tYW5kLW9wdGlvbnMtdjQtaW5kZXBlbmRlbnQtc2VhcmNoLWRvbWFpbjQ6d2lyZTE2OkFORFtzb21lIHRoaXMvQV01OmZhbHNlMTozMTo0MjotMTI6LTEyOi0xMjotMTI6LTFdezM6MTY6NjpzY29wZXNbMDpdezA6fTM0OjIzOmFkZGl0aW9uYWwtZXhhY3Qtc2NvcGVzWzA6XXswOn03MToxNzpleGVjdXRpb24tb3B0aW9uc1sxMDo0OnRydWUyOjIwMTowMToyMTowNTpzYXQ0ajQ6dHJ1ZTI6LTExOjAxOjRdezA6fX0=	cmVwYWlyZWQtbm9ybWFsLWZvcm0tdjM7dHlwZWQtYWxsb3ktbm9ybWFsLWZvcm0tYWRhcHRlci12MTM=	Y2Fub25pY2FsLWFsbG95LXNpZ25hdHVyZS12OA==	d86923a95168376c10f1b2dc936b45d9e0b42d9c09ba1a42050e2c8692954dc4	MTY6c2VtYW50aWMtcHJvZmlsZVs1OjE6NTY6Rk9SQklEMjg0OjMxOmFsbG95LXNvdXJjZS1jb21tYW5kLWNvbnRleHQtdjFbMTE6NTA6YWxsb3ktY29tbWFuZC1vcHRpb25zLXY0LWluZGVwZW5kZW50LXNlYXJjaC1kb21haW40OndpcmUxNjpBTkRbc29tZSB0aGlzL0FdNTpmYWxzZTE6MzE6NDI6LTEyOi0xMjotMTI6LTEyOi0xXXszOjE2OjY6c2NvcGVzWzA6XXswOn0zNDoyMzphZGRpdGlvbmFsLWV4YWN0LXNjb3Blc1swOl17MDp9NzE6MTc6ZXhlY3V0aW9uLW9wdGlvbnNbMTA6NDp0cnVlMjoyMDE6MDE6MjE6MDU6c2F0NGo0OnRydWUyOi0xMTowMTo0XXswOn19NTk6cmVwYWlyZWQtbm9ybWFsLWZvcm0tdjM7dHlwZWQtYWxsb3ktbm9ybWFsLWZvcm0tYWRhcHRlci12MTMyODpjYW5vbmljYWwtYWxsb3ktc2lnbmF0dXJlLXY4XXswOn0=	MTY6c2VtYW50aWMtcHJvZmlsZVs1OjE6NTY6Rk9SQklEMjg0OjMxOmFsbG95LXNvdXJjZS1jb21tYW5kLWNvbnRleHQtdjFbMTE6NTA6YWxsb3ktY29tbWFuZC1vcHRpb25zLXY0LWluZGVwZW5kZW50LXNlYXJjaC1kb21haW40OndpcmUxNjpBTkRbc29tZSB0aGlzL0FdNTpmYWxzZTE6MzE6NDI6LTEyOi0xMjotMTI6LTEyOi0xXXszOjE2OjY6c2NvcGVzWzA6XXswOn0zNDoyMzphZGRpdGlvbmFsLWV4YWN0LXNjb3Blc1swOl17MDp9NzE6MTc6ZXhlY3V0aW9uLW9wdGlvbnNbMTA6NDp0cnVlMjoyMDE6MDE6MjE6MDU6c2F0NGo0OnRydWUyOi0xMTowMTo0XXswOn19NTk6cmVwYWlyZWQtbm9ybWFsLWZvcm0tdjM7dHlwZWQtYWxsb3ktbm9ybWFsLWZvcm0tYWRhcHRlci12MTMyODpjYW5vbmljYWwtYWxsb3ktc2lnbmF0dXJlLXY4XXswOn0=	NA==|Rk9SQklE|MzE6YWxsb3ktc291cmNlLWNvbW1hbmQtY29udGV4dC12MVsxMTo1MDphbGxveS1jb21tYW5kLW9wdGlvbnMtdjQtaW5kZXBlbmRlbnQtc2VhcmNoLWRvbWFpbjQ6d2lyZTE2OkFORFtzb21lIHRoaXMvQV01OmZhbHNlMTozMTo0MjotMTI6LTEyOi0xMjotMTI6LTFdezM6MTY6NjpzY29wZXNbMDpdezA6fTM0OjIzOmFkZGl0aW9uYWwtZXhhY3Qtc2NvcGVzWzA6XXswOn03MToxNzpleGVjdXRpb24tb3B0aW9uc1sxMDo0OnRydWUyOjIwMTowMToyMTowNTpzYXQ0ajQ6dHJ1ZTI6LTExOjAxOjRdezA6fX0=|cmVwYWlyZWQtbm9ybWFsLWZvcm0tdjM7dHlwZWQtYWxsb3ktbm9ybWFsLWZvcm0tYWRhcHRlci12MTM=|Y2Fub25pY2FsLWFsbG95LXNpZ25hdHVyZS12OA==|MWFlYzJmYzRhMTVlZDQxNmM1NGUxMTU3YzZmMDdjMzVlNGI4NGM4N2M3NmNhZGY2NDcwNmZiYTg5ZGI4ZmJjMw==|YWxsb3ktY29udGFpbmVyLWxhdy10aGVvcnktdjM=|YjY0Nzk3MTJlNTE4YjVkZmMxM2YxOTg2Njc2OWYzMGFiODFiNDliZDRiYWQ1MDhhMTc1NjkxZmJiMWQwNjMzZg==	THEORY_MISMATCH	U291cmNlLWNvbW1hbmQgc2VtYW50aWMgY29udGV4dCBoYXMgYW4gdW5zdXBwb3J0ZWQgdmVyc2lvbg==
171	boundary	source:4:FORBID	rehashed-1	source	true	4	MODULAR	MzE6YWxsb3ktc291cmNlLWNvbW1hbmQtY29udGV4dC12MVsxMTo1MDphbGxveS1jb21tYW5kLW9wdGlvbnMtdjQtaW5kZXBlbmRlbnQtc2VhcmNoLWRvbWFpbjQ6d2lyZTE2OkFORFtzb21lIHRoaXMvQV01OmZhbHNlMTozMTo0MjotMTI6LTEyOi0xMjotMTI6LTFdezM6MTY6NjpzY29wZXNbMDpdezA6fTM0OjIzOmFkZGl0aW9uYWwtZXhhY3Qtc2NvcGVzWzA6XXswOn03MToxNzpleGVjdXRpb24tb3B0aW9uc1sxMDo0OnRydWUyOjIwMTowMToyMTowNTpzYXQ0ajQ6dHJ1ZTI6LTExOjAxOjRdezA6fX0=	cmVwYWlyZWQtbm9ybWFsLWZvcm0tdjM7dHlwZWQtYWxsb3ktbm9ybWFsLWZvcm0tYWRhcHRlci12MTM=	Y2Fub25pY2FsLWFsbG95LXNpZ25hdHVyZS12OA==	d4d768f0c461876f63bf22d4182a87ae5b44b57bda3acfe9f4f62acd2135e765	MTY6c2VtYW50aWMtcHJvZmlsZVs1OjE6NDc6TU9EVUxBUjI4NDozMTphbGxveS1zb3VyY2UtY29tbWFuZC1jb250ZXh0LXYxWzExOjUwOmFsbG95LWNvbW1hbmQtb3B0aW9ucy12NC1pbmRlcGVuZGVudC1zZWFyY2gtZG9tYWluNDp3aXJlMTY6QU5EW3NvbWUgdGhpcy9BXTU6ZmFsc2UxOjMxOjQyOi0xMjotMTI6LTEyOi0xMjotMV17MzoxNjo2OnNjb3Blc1swOl17MDp9MzQ6MjM6YWRkaXRpb25hbC1leGFjdC1zY29wZXNbMDpdezA6fTcxOjE3OmV4ZWN1dGlvbi1vcHRpb25zWzEwOjQ6dHJ1ZTI6MjAxOjAxOjIxOjA1OnNhdDRqNDp0cnVlMjotMTE6MDE6NF17MDp9fTU5OnJlcGFpcmVkLW5vcm1hbC1mb3JtLXYzO3R5cGVkLWFsbG95LW5vcm1hbC1mb3JtLWFkYXB0ZXItdjEzMjg6Y2Fub25pY2FsLWFsbG95LXNpZ25hdHVyZS12OF17MDp9	MTY6c2VtYW50aWMtcHJvZmlsZVs1OjE6NDc6TU9EVUxBUjI4NDozMTphbGxveS1zb3VyY2UtY29tbWFuZC1jb250ZXh0LXYxWzExOjUwOmFsbG95LWNvbW1hbmQtb3B0aW9ucy12NC1pbmRlcGVuZGVudC1zZWFyY2gtZG9tYWluNDp3aXJlMTY6QU5EW3NvbWUgdGhpcy9BXTU6ZmFsc2UxOjMxOjQyOi0xMjotMTI6LTEyOi0xMjotMV17MzoxNjo2OnNjb3Blc1swOl17MDp9MzQ6MjM6YWRkaXRpb25hbC1leGFjdC1zY29wZXNbMDpdezA6fTcxOjE3OmV4ZWN1dGlvbi1vcHRpb25zWzEwOjQ6dHJ1ZTI6MjAxOjAxOjIxOjA1OnNhdDRqNDp0cnVlMjotMTE6MDE6NF17MDp9fTU5OnJlcGFpcmVkLW5vcm1hbC1mb3JtLXYzO3R5cGVkLWFsbG95LW5vcm1hbC1mb3JtLWFkYXB0ZXItdjEzMjg6Y2Fub25pY2FsLWFsbG95LXNpZ25hdHVyZS12OF17MDp9	NA==|Rk9SQklE|MzE6YWxsb3ktc291cmNlLWNvbW1hbmQtY29udGV4dC12MVsxMTo1MDphbGxveS1jb21tYW5kLW9wdGlvbnMtdjQtaW5kZXBlbmRlbnQtc2VhcmNoLWRvbWFpbjQ6d2lyZTE2OkFORFtzb21lIHRoaXMvQV01OmZhbHNlMTozMTo0MjotMTI6LTEyOi0xMjotMTI6LTFdezM6MTY6NjpzY29wZXNbMDpdezA6fTM0OjIzOmFkZGl0aW9uYWwtZXhhY3Qtc2NvcGVzWzA6XXswOn03MToxNzpleGVjdXRpb24tb3B0aW9uc1sxMDo0OnRydWUyOjIwMTowMToyMTowNTpzYXQ0ajQ6dHJ1ZTI6LTExOjAxOjRdezA6fX0=|cmVwYWlyZWQtbm9ybWFsLWZvcm0tdjM7dHlwZWQtYWxsb3ktbm9ybWFsLWZvcm0tYWRhcHRlci12MTM=|Y2Fub25pY2FsLWFsbG95LXNpZ25hdHVyZS12OA==|MWFlYzJmYzRhMTVlZDQxNmM1NGUxMTU3YzZmMDdjMzVlNGI4NGM4N2M3NmNhZGY2NDcwNmZiYTg5ZGI4ZmJjMw==|YWxsb3ktY29udGFpbmVyLWxhdy10aGVvcnktdjM=|YjY0Nzk3MTJlNTE4YjVkZmMxM2YxOTg2Njc2OWYzMGFiODFiNDliZDRiYWQ1MDhhMTc1NjkxZmJiMWQwNjMzZg==	THEORY_MISMATCH	U291cmNlLWNvbW1hbmQgc2VtYW50aWMgY29udGV4dCBoYXMgYW4gdW5zdXBwb3J0ZWQgdmVyc2lvbg==
172	boundary	source:4:FORBID	rehashed-2	source	true	4	FORBID	MzE6YWxsb3ktc291cmNlLWNvbW1hbmQtY29udGV4dC12MVsxMTo1MDphbGxveS1jb21tYW5kLW9wdGlvbnMtdjQtaW5kZXBlbmRlbnQtc2VhcmNoLWRvbWFpbjQ6d2lyZTE2OkFORFtzb21lIHRoaXMvQV01OmZhbHNlMTozMTo0MjotMTI6LTEyOi0xMjotMTI6LTFdezM6MTY6NjpzY29wZXNbMDpdezA6fTM0OjIzOmFkZGl0aW9uYWwtZXhhY3Qtc2NvcGVzWzA6XXswOn03MToxNzpleGVjdXRpb24tb3B0aW9uc1sxMDo0OnRydWUyOjIwMTowMToyMTowNTpzYXQ0ajQ6dHJ1ZTI6LTExOjAxOjRdezA6fX06Y2hhbmdlZA==	cmVwYWlyZWQtbm9ybWFsLWZvcm0tdjM7dHlwZWQtYWxsb3ktbm9ybWFsLWZvcm0tYWRhcHRlci12MTM=	Y2Fub25pY2FsLWFsbG95LXNpZ25hdHVyZS12OA==	003b0d955e260fa1dbd5f8d999eab142bef8768206a5d4e27178167d7752d4af	MTY6c2VtYW50aWMtcHJvZmlsZVs1OjE6NDY6Rk9SQklEMjkyOjMxOmFsbG95LXNvdXJjZS1jb21tYW5kLWNvbnRleHQtdjFbMTE6NTA6YWxsb3ktY29tbWFuZC1vcHRpb25zLXY0LWluZGVwZW5kZW50LXNlYXJjaC1kb21haW40OndpcmUxNjpBTkRbc29tZSB0aGlzL0FdNTpmYWxzZTE6MzE6NDI6LTEyOi0xMjotMTI6LTEyOi0xXXszOjE2OjY6c2NvcGVzWzA6XXswOn0zNDoyMzphZGRpdGlvbmFsLWV4YWN0LXNjb3Blc1swOl17MDp9NzE6MTc6ZXhlY3V0aW9uLW9wdGlvbnNbMTA6NDp0cnVlMjoyMDE6MDE6MjE6MDU6c2F0NGo0OnRydWUyOi0xMTowMTo0XXswOn19OmNoYW5nZWQ1OTpyZXBhaXJlZC1ub3JtYWwtZm9ybS12Mzt0eXBlZC1hbGxveS1ub3JtYWwtZm9ybS1hZGFwdGVyLXYxMzI4OmNhbm9uaWNhbC1hbGxveS1zaWduYXR1cmUtdjhdezA6fQ==	MTY6c2VtYW50aWMtcHJvZmlsZVs1OjE6NDY6Rk9SQklEMjkyOjMxOmFsbG95LXNvdXJjZS1jb21tYW5kLWNvbnRleHQtdjFbMTE6NTA6YWxsb3ktY29tbWFuZC1vcHRpb25zLXY0LWluZGVwZW5kZW50LXNlYXJjaC1kb21haW40OndpcmUxNjpBTkRbc29tZSB0aGlzL0FdNTpmYWxzZTE6MzE6NDI6LTEyOi0xMjotMTI6LTEyOi0xXXszOjE2OjY6c2NvcGVzWzA6XXswOn0zNDoyMzphZGRpdGlvbmFsLWV4YWN0LXNjb3Blc1swOl17MDp9NzE6MTc6ZXhlY3V0aW9uLW9wdGlvbnNbMTA6NDp0cnVlMjoyMDE6MDE6MjE6MDU6c2F0NGo0OnRydWUyOi0xMTowMTo0XXswOn19OmNoYW5nZWQ1OTpyZXBhaXJlZC1ub3JtYWwtZm9ybS12Mzt0eXBlZC1hbGxveS1ub3JtYWwtZm9ybS1hZGFwdGVyLXYxMzI4OmNhbm9uaWNhbC1hbGxveS1zaWduYXR1cmUtdjhdezA6fQ==	NA==|Rk9SQklE|MzE6YWxsb3ktc291cmNlLWNvbW1hbmQtY29udGV4dC12MVsxMTo1MDphbGxveS1jb21tYW5kLW9wdGlvbnMtdjQtaW5kZXBlbmRlbnQtc2VhcmNoLWRvbWFpbjQ6d2lyZTE2OkFORFtzb21lIHRoaXMvQV01OmZhbHNlMTozMTo0MjotMTI6LTEyOi0xMjotMTI6LTFdezM6MTY6NjpzY29wZXNbMDpdezA6fTM0OjIzOmFkZGl0aW9uYWwtZXhhY3Qtc2NvcGVzWzA6XXswOn03MToxNzpleGVjdXRpb24tb3B0aW9uc1sxMDo0OnRydWUyOjIwMTowMToyMTowNTpzYXQ0ajQ6dHJ1ZTI6LTExOjAxOjRdezA6fX0=|cmVwYWlyZWQtbm9ybWFsLWZvcm0tdjM7dHlwZWQtYWxsb3ktbm9ybWFsLWZvcm0tYWRhcHRlci12MTM=|Y2Fub25pY2FsLWFsbG95LXNpZ25hdHVyZS12OA==|MWFlYzJmYzRhMTVlZDQxNmM1NGUxMTU3YzZmMDdjMzVlNGI4NGM4N2M3NmNhZGY2NDcwNmZiYTg5ZGI4ZmJjMw==|YWxsb3ktY29udGFpbmVyLWxhdy10aGVvcnktdjM=|YjY0Nzk3MTJlNTE4YjVkZmMxM2YxOTg2Njc2OWYzMGFiODFiNDliZDRiYWQ1MDhhMTc1NjkxZmJiMWQwNjMzZg==	INVALID_RECORD_SHAPE	c291cmNlLWNvbW1hbmQgc2VtYW50aWMgY29udGV4dCBoYXMgdHJhaWxpbmcgc3RydWN0dXJhbC1rZXkgZGF0YQ==
173	boundary	source:4:FORBID	rehashed-3	source	true	4	FORBID	MzE6YWxsb3ktc291cmNlLWNvbW1hbmQtY29udGV4dC12MVsxMTo1MDphbGxveS1jb21tYW5kLW9wdGlvbnMtdjQtaW5kZXBlbmRlbnQtc2VhcmNoLWRvbWFpbjQ6d2lyZTE2OkFORFtzb21lIHRoaXMvQV01OmZhbHNlMTozMTo0MjotMTI6LTEyOi0xMjotMTI6LTFdezM6MTY6NjpzY29wZXNbMDpdezA6fTM0OjIzOmFkZGl0aW9uYWwtZXhhY3Qtc2NvcGVzWzA6XXswOn03MToxNzpleGVjdXRpb24tb3B0aW9uc1sxMDo0OnRydWUyOjIwMTowMToyMTowNTpzYXQ0ajQ6dHJ1ZTI6LTExOjAxOjRdezA6fX0=	cmVwYWlyZWQtbm9ybWFsLWZvcm0tdjM7dHlwZWQtYWxsb3ktbm9ybWFsLWZvcm0tYWRhcHRlci12MTM6Y2hhbmdlZA==	Y2Fub25pY2FsLWFsbG95LXNpZ25hdHVyZS12OA==	2e2a88b24f622302efd64c08c2a5f7cf7d5ec832e2317ea25a32b969231dd777	MTY6c2VtYW50aWMtcHJvZmlsZVs1OjE6NDY6Rk9SQklEMjg0OjMxOmFsbG95LXNvdXJjZS1jb21tYW5kLWNvbnRleHQtdjFbMTE6NTA6YWxsb3ktY29tbWFuZC1vcHRpb25zLXY0LWluZGVwZW5kZW50LXNlYXJjaC1kb21haW40OndpcmUxNjpBTkRbc29tZSB0aGlzL0FdNTpmYWxzZTE6MzE6NDI6LTEyOi0xMjotMTI6LTEyOi0xXXszOjE2OjY6c2NvcGVzWzA6XXswOn0zNDoyMzphZGRpdGlvbmFsLWV4YWN0LXNjb3Blc1swOl17MDp9NzE6MTc6ZXhlY3V0aW9uLW9wdGlvbnNbMTA6NDp0cnVlMjoyMDE6MDE6MjE6MDU6c2F0NGo0OnRydWUyOi0xMTowMTo0XXswOn19Njc6cmVwYWlyZWQtbm9ybWFsLWZvcm0tdjM7dHlwZWQtYWxsb3ktbm9ybWFsLWZvcm0tYWRhcHRlci12MTM6Y2hhbmdlZDI4OmNhbm9uaWNhbC1hbGxveS1zaWduYXR1cmUtdjhdezA6fQ==	MTY6c2VtYW50aWMtcHJvZmlsZVs1OjE6NDY6Rk9SQklEMjg0OjMxOmFsbG95LXNvdXJjZS1jb21tYW5kLWNvbnRleHQtdjFbMTE6NTA6YWxsb3ktY29tbWFuZC1vcHRpb25zLXY0LWluZGVwZW5kZW50LXNlYXJjaC1kb21haW40OndpcmUxNjpBTkRbc29tZSB0aGlzL0FdNTpmYWxzZTE6MzE6NDI6LTEyOi0xMjotMTI6LTEyOi0xXXszOjE2OjY6c2NvcGVzWzA6XXswOn0zNDoyMzphZGRpdGlvbmFsLWV4YWN0LXNjb3Blc1swOl17MDp9NzE6MTc6ZXhlY3V0aW9uLW9wdGlvbnNbMTA6NDp0cnVlMjoyMDE6MDE6MjE6MDU6c2F0NGo0OnRydWUyOi0xMTowMTo0XXswOn19Njc6cmVwYWlyZWQtbm9ybWFsLWZvcm0tdjM7dHlwZWQtYWxsb3ktbm9ybWFsLWZvcm0tYWRhcHRlci12MTM6Y2hhbmdlZDI4OmNhbm9uaWNhbC1hbGxveS1zaWduYXR1cmUtdjhdezA6fQ==	NA==|Rk9SQklE|MzE6YWxsb3ktc291cmNlLWNvbW1hbmQtY29udGV4dC12MVsxMTo1MDphbGxveS1jb21tYW5kLW9wdGlvbnMtdjQtaW5kZXBlbmRlbnQtc2VhcmNoLWRvbWFpbjQ6d2lyZTE2OkFORFtzb21lIHRoaXMvQV01OmZhbHNlMTozMTo0MjotMTI6LTEyOi0xMjotMTI6LTFdezM6MTY6NjpzY29wZXNbMDpdezA6fTM0OjIzOmFkZGl0aW9uYWwtZXhhY3Qtc2NvcGVzWzA6XXswOn03MToxNzpleGVjdXRpb24tb3B0aW9uc1sxMDo0OnRydWUyOjIwMTowMToyMTowNTpzYXQ0ajQ6dHJ1ZTI6LTExOjAxOjRdezA6fX0=|cmVwYWlyZWQtbm9ybWFsLWZvcm0tdjM7dHlwZWQtYWxsb3ktbm9ybWFsLWZvcm0tYWRhcHRlci12MTM=|Y2Fub25pY2FsLWFsbG95LXNpZ25hdHVyZS12OA==|MWFlYzJmYzRhMTVlZDQxNmM1NGUxMTU3YzZmMDdjMzVlNGI4NGM4N2M3NmNhZGY2NDcwNmZiYTg5ZGI4ZmJjMw==|YWxsb3ktY29udGFpbmVyLWxhdy10aGVvcnktdjM=|YjY0Nzk3MTJlNTE4YjVkZmMxM2YxOTg2Njc2OWYzMGFiODFiNDliZDRiYWQ1MDhhMTc1NjkxZmJiMWQwNjMzZg==	THEORY_MISMATCH	U291cmNlLWNvbW1hbmQgZXZpZGVuY2UgbmFtZXMgdW5zdXBwb3J0ZWQgc2VtYW50aWMgaW1wbGVtZW50YXRpb24gdmVyc2lvbnM=
174	boundary	source:4:FORBID	rehashed-4	source	true	4	FORBID	MzE6YWxsb3ktc291cmNlLWNvbW1hbmQtY29udGV4dC12MVsxMTo1MDphbGxveS1jb21tYW5kLW9wdGlvbnMtdjQtaW5kZXBlbmRlbnQtc2VhcmNoLWRvbWFpbjQ6d2lyZTE2OkFORFtzb21lIHRoaXMvQV01OmZhbHNlMTozMTo0MjotMTI6LTEyOi0xMjotMTI6LTFdezM6MTY6NjpzY29wZXNbMDpdezA6fTM0OjIzOmFkZGl0aW9uYWwtZXhhY3Qtc2NvcGVzWzA6XXswOn03MToxNzpleGVjdXRpb24tb3B0aW9uc1sxMDo0OnRydWUyOjIwMTowMToyMTowNTpzYXQ0ajQ6dHJ1ZTI6LTExOjAxOjRdezA6fX0=	cmVwYWlyZWQtbm9ybWFsLWZvcm0tdjM7dHlwZWQtYWxsb3ktbm9ybWFsLWZvcm0tYWRhcHRlci12MTM=	Y2Fub25pY2FsLWFsbG95LXNpZ25hdHVyZS12ODpjaGFuZ2Vk	5ced900bc137278cc7698f064bed685376593c7472558ef450f54ada700ee93f	MTY6c2VtYW50aWMtcHJvZmlsZVs1OjE6NDY6Rk9SQklEMjg0OjMxOmFsbG95LXNvdXJjZS1jb21tYW5kLWNvbnRleHQtdjFbMTE6NTA6YWxsb3ktY29tbWFuZC1vcHRpb25zLXY0LWluZGVwZW5kZW50LXNlYXJjaC1kb21haW40OndpcmUxNjpBTkRbc29tZSB0aGlzL0FdNTpmYWxzZTE6MzE6NDI6LTEyOi0xMjotMTI6LTEyOi0xXXszOjE2OjY6c2NvcGVzWzA6XXswOn0zNDoyMzphZGRpdGlvbmFsLWV4YWN0LXNjb3Blc1swOl17MDp9NzE6MTc6ZXhlY3V0aW9uLW9wdGlvbnNbMTA6NDp0cnVlMjoyMDE6MDE6MjE6MDU6c2F0NGo0OnRydWUyOi0xMTowMTo0XXswOn19NTk6cmVwYWlyZWQtbm9ybWFsLWZvcm0tdjM7dHlwZWQtYWxsb3ktbm9ybWFsLWZvcm0tYWRhcHRlci12MTMzNjpjYW5vbmljYWwtYWxsb3ktc2lnbmF0dXJlLXY4OmNoYW5nZWRdezA6fQ==	MTY6c2VtYW50aWMtcHJvZmlsZVs1OjE6NDY6Rk9SQklEMjg0OjMxOmFsbG95LXNvdXJjZS1jb21tYW5kLWNvbnRleHQtdjFbMTE6NTA6YWxsb3ktY29tbWFuZC1vcHRpb25zLXY0LWluZGVwZW5kZW50LXNlYXJjaC1kb21haW40OndpcmUxNjpBTkRbc29tZSB0aGlzL0FdNTpmYWxzZTE6MzE6NDI6LTEyOi0xMjotMTI6LTEyOi0xXXszOjE2OjY6c2NvcGVzWzA6XXswOn0zNDoyMzphZGRpdGlvbmFsLWV4YWN0LXNjb3Blc1swOl17MDp9NzE6MTc6ZXhlY3V0aW9uLW9wdGlvbnNbMTA6NDp0cnVlMjoyMDE6MDE6MjE6MDU6c2F0NGo0OnRydWUyOi0xMTowMTo0XXswOn19NTk6cmVwYWlyZWQtbm9ybWFsLWZvcm0tdjM7dHlwZWQtYWxsb3ktbm9ybWFsLWZvcm0tYWRhcHRlci12MTMzNjpjYW5vbmljYWwtYWxsb3ktc2lnbmF0dXJlLXY4OmNoYW5nZWRdezA6fQ==	NA==|Rk9SQklE|MzE6YWxsb3ktc291cmNlLWNvbW1hbmQtY29udGV4dC12MVsxMTo1MDphbGxveS1jb21tYW5kLW9wdGlvbnMtdjQtaW5kZXBlbmRlbnQtc2VhcmNoLWRvbWFpbjQ6d2lyZTE2OkFORFtzb21lIHRoaXMvQV01OmZhbHNlMTozMTo0MjotMTI6LTEyOi0xMjotMTI6LTFdezM6MTY6NjpzY29wZXNbMDpdezA6fTM0OjIzOmFkZGl0aW9uYWwtZXhhY3Qtc2NvcGVzWzA6XXswOn03MToxNzpleGVjdXRpb24tb3B0aW9uc1sxMDo0OnRydWUyOjIwMTowMToyMTowNTpzYXQ0ajQ6dHJ1ZTI6LTExOjAxOjRdezA6fX0=|cmVwYWlyZWQtbm9ybWFsLWZvcm0tdjM7dHlwZWQtYWxsb3ktbm9ybWFsLWZvcm0tYWRhcHRlci12MTM=|Y2Fub25pY2FsLWFsbG95LXNpZ25hdHVyZS12OA==|MWFlYzJmYzRhMTVlZDQxNmM1NGUxMTU3YzZmMDdjMzVlNGI4NGM4N2M3NmNhZGY2NDcwNmZiYTg5ZGI4ZmJjMw==|YWxsb3ktY29udGFpbmVyLWxhdy10aGVvcnktdjM=|YjY0Nzk3MTJlNTE4YjVkZmMxM2YxOTg2Njc2OWYzMGFiODFiNDliZDRiYWQ1MDhhMTc1NjkxZmJiMWQwNjMzZg==	THEORY_MISMATCH	U291cmNlLWNvbW1hbmQgZXZpZGVuY2UgbmFtZXMgdW5zdXBwb3J0ZWQgc2VtYW50aWMgaW1wbGVtZW50YXRpb24gdmVyc2lvbnM=
175	boundary	source:4:FORBID	digest	source	true	4	FORBID	MzE6YWxsb3ktc291cmNlLWNvbW1hbmQtY29udGV4dC12MVsxMTo1MDphbGxveS1jb21tYW5kLW9wdGlvbnMtdjQtaW5kZXBlbmRlbnQtc2VhcmNoLWRvbWFpbjQ6d2lyZTE2OkFORFtzb21lIHRoaXMvQV01OmZhbHNlMTozMTo0MjotMTI6LTEyOi0xMjotMTI6LTFdezM6MTY6NjpzY29wZXNbMDpdezA6fTM0OjIzOmFkZGl0aW9uYWwtZXhhY3Qtc2NvcGVzWzA6XXswOn03MToxNzpleGVjdXRpb24tb3B0aW9uc1sxMDo0OnRydWUyOjIwMTowMToyMTowNTpzYXQ0ajQ6dHJ1ZTI6LTExOjAxOjRdezA6fX0=	cmVwYWlyZWQtbm9ybWFsLWZvcm0tdjM7dHlwZWQtYWxsb3ktbm9ybWFsLWZvcm0tYWRhcHRlci12MTM=	Y2Fub25pY2FsLWFsbG95LXNpZ25hdHVyZS12OA==	0000000000000000000000000000000000000000000000000000000000000000	MTY6c2VtYW50aWMtcHJvZmlsZVs1OjE6NDY6Rk9SQklEMjg0OjMxOmFsbG95LXNvdXJjZS1jb21tYW5kLWNvbnRleHQtdjFbMTE6NTA6YWxsb3ktY29tbWFuZC1vcHRpb25zLXY0LWluZGVwZW5kZW50LXNlYXJjaC1kb21haW40OndpcmUxNjpBTkRbc29tZSB0aGlzL0FdNTpmYWxzZTE6MzE6NDI6LTEyOi0xMjotMTI6LTEyOi0xXXszOjE2OjY6c2NvcGVzWzA6XXswOn0zNDoyMzphZGRpdGlvbmFsLWV4YWN0LXNjb3Blc1swOl17MDp9NzE6MTc6ZXhlY3V0aW9uLW9wdGlvbnNbMTA6NDp0cnVlMjoyMDE6MDE6MjE6MDU6c2F0NGo0OnRydWUyOi0xMTowMTo0XXswOn19NTk6cmVwYWlyZWQtbm9ybWFsLWZvcm0tdjM7dHlwZWQtYWxsb3ktbm9ybWFsLWZvcm0tYWRhcHRlci12MTMyODpjYW5vbmljYWwtYWxsb3ktc2lnbmF0dXJlLXY4XXswOn0=	MTY6c2VtYW50aWMtcHJvZmlsZVs1OjE6NDY6Rk9SQklEMjg0OjMxOmFsbG95LXNvdXJjZS1jb21tYW5kLWNvbnRleHQtdjFbMTE6NTA6YWxsb3ktY29tbWFuZC1vcHRpb25zLXY0LWluZGVwZW5kZW50LXNlYXJjaC1kb21haW40OndpcmUxNjpBTkRbc29tZSB0aGlzL0FdNTpmYWxzZTE6MzE6NDI6LTEyOi0xMjotMTI6LTEyOi0xXXszOjE2OjY6c2NvcGVzWzA6XXswOn0zNDoyMzphZGRpdGlvbmFsLWV4YWN0LXNjb3Blc1swOl17MDp9NzE6MTc6ZXhlY3V0aW9uLW9wdGlvbnNbMTA6NDp0cnVlMjoyMDE6MDE6MjE6MDU6c2F0NGo0OnRydWUyOi0xMTowMTo0XXswOn19NTk6cmVwYWlyZWQtbm9ybWFsLWZvcm0tdjM7dHlwZWQtYWxsb3ktbm9ybWFsLWZvcm0tYWRhcHRlci12MTMyODpjYW5vbmljYWwtYWxsb3ktc2lnbmF0dXJlLXY4XXswOn0=	NA==|Rk9SQklE|MzE6YWxsb3ktc291cmNlLWNvbW1hbmQtY29udGV4dC12MVsxMTo1MDphbGxveS1jb21tYW5kLW9wdGlvbnMtdjQtaW5kZXBlbmRlbnQtc2VhcmNoLWRvbWFpbjQ6d2lyZTE2OkFORFtzb21lIHRoaXMvQV01OmZhbHNlMTozMTo0MjotMTI6LTEyOi0xMjotMTI6LTFdezM6MTY6NjpzY29wZXNbMDpdezA6fTM0OjIzOmFkZGl0aW9uYWwtZXhhY3Qtc2NvcGVzWzA6XXswOn03MToxNzpleGVjdXRpb24tb3B0aW9uc1sxMDo0OnRydWUyOjIwMTowMToyMTowNTpzYXQ0ajQ6dHJ1ZTI6LTExOjAxOjRdezA6fX0=|cmVwYWlyZWQtbm9ybWFsLWZvcm0tdjM7dHlwZWQtYWxsb3ktbm9ybWFsLWZvcm0tYWRhcHRlci12MTM=|Y2Fub25pY2FsLWFsbG95LXNpZ25hdHVyZS12OA==|MWFlYzJmYzRhMTVlZDQxNmM1NGUxMTU3YzZmMDdjMzVlNGI4NGM4N2M3NmNhZGY2NDcwNmZiYTg5ZGI4ZmJjMw==|YWxsb3ktY29udGFpbmVyLWxhdy10aGVvcnktdjM=|YjY0Nzk3MTJlNTE4YjVkZmMxM2YxOTg2Njc2OWYzMGFiODFiNDliZDRiYWQ1MDhhMTc1NjkxZmJiMWQwNjMzZg==	THEORY_MISMATCH	U291cmNlLWNvbW1hbmQgc2VtYW50aWMgY29udGV4dCBoYXMgYW4gdW5zdXBwb3J0ZWQgdmVyc2lvbg==
176	boundary	source:4:FORBID	registry-version	source	true	4	FORBID	MzE6YWxsb3ktc291cmNlLWNvbW1hbmQtY29udGV4dC12MVsxMTo1MDphbGxveS1jb21tYW5kLW9wdGlvbnMtdjQtaW5kZXBlbmRlbnQtc2VhcmNoLWRvbWFpbjQ6d2lyZTE2OkFORFtzb21lIHRoaXMvQV01OmZhbHNlMTozMTo0MjotMTI6LTEyOi0xMjotMTI6LTFdezM6MTY6NjpzY29wZXNbMDpdezA6fTM0OjIzOmFkZGl0aW9uYWwtZXhhY3Qtc2NvcGVzWzA6XXswOn03MToxNzpleGVjdXRpb24tb3B0aW9uc1sxMDo0OnRydWUyOjIwMTowMToyMTowNTpzYXQ0ajQ6dHJ1ZTI6LTExOjAxOjRdezA6fX0=	cmVwYWlyZWQtbm9ybWFsLWZvcm0tdjM7dHlwZWQtYWxsb3ktbm9ybWFsLWZvcm0tYWRhcHRlci12MTM=	Y2Fub25pY2FsLWFsbG95LXNpZ25hdHVyZS12OA==	1aec2fc4a15ed416c54e1157c6f07c35e4b84c87c76cadf64706fba89db8fbc3	MTY6c2VtYW50aWMtcHJvZmlsZVs1OjE6NDY6Rk9SQklEMjg0OjMxOmFsbG95LXNvdXJjZS1jb21tYW5kLWNvbnRleHQtdjFbMTE6NTA6YWxsb3ktY29tbWFuZC1vcHRpb25zLXY0LWluZGVwZW5kZW50LXNlYXJjaC1kb21haW40OndpcmUxNjpBTkRbc29tZSB0aGlzL0FdNTpmYWxzZTE6MzE6NDI6LTEyOi0xMjotMTI6LTEyOi0xXXszOjE2OjY6c2NvcGVzWzA6XXswOn0zNDoyMzphZGRpdGlvbmFsLWV4YWN0LXNjb3Blc1swOl17MDp9NzE6MTc6ZXhlY3V0aW9uLW9wdGlvbnNbMTA6NDp0cnVlMjoyMDE6MDE6MjE6MDU6c2F0NGo0OnRydWUyOi0xMTowMTo0XXswOn19NTk6cmVwYWlyZWQtbm9ybWFsLWZvcm0tdjM7dHlwZWQtYWxsb3ktbm9ybWFsLWZvcm0tYWRhcHRlci12MTMyODpjYW5vbmljYWwtYWxsb3ktc2lnbmF0dXJlLXY4XXswOn0=	MTY6c2VtYW50aWMtcHJvZmlsZVs1OjE6NDY6Rk9SQklEMjg0OjMxOmFsbG95LXNvdXJjZS1jb21tYW5kLWNvbnRleHQtdjFbMTE6NTA6YWxsb3ktY29tbWFuZC1vcHRpb25zLXY0LWluZGVwZW5kZW50LXNlYXJjaC1kb21haW40OndpcmUxNjpBTkRbc29tZSB0aGlzL0FdNTpmYWxzZTE6MzE6NDI6LTEyOi0xMjotMTI6LTEyOi0xXXszOjE2OjY6c2NvcGVzWzA6XXswOn0zNDoyMzphZGRpdGlvbmFsLWV4YWN0LXNjb3Blc1swOl17MDp9NzE6MTc6ZXhlY3V0aW9uLW9wdGlvbnNbMTA6NDp0cnVlMjoyMDE6MDE6MjE6MDU6c2F0NGo0OnRydWUyOi0xMTowMTo0XXswOn19NTk6cmVwYWlyZWQtbm9ybWFsLWZvcm0tdjM7dHlwZWQtYWxsb3ktbm9ybWFsLWZvcm0tYWRhcHRlci12MTMyODpjYW5vbmljYWwtYWxsb3ktc2lnbmF0dXJlLXY4XXswOn0=	NA==|Rk9SQklE|MzE6YWxsb3ktc291cmNlLWNvbW1hbmQtY29udGV4dC12MVsxMTo1MDphbGxveS1jb21tYW5kLW9wdGlvbnMtdjQtaW5kZXBlbmRlbnQtc2VhcmNoLWRvbWFpbjQ6d2lyZTE2OkFORFtzb21lIHRoaXMvQV01OmZhbHNlMTozMTo0MjotMTI6LTEyOi0xMjotMTI6LTFdezM6MTY6NjpzY29wZXNbMDpdezA6fTM0OjIzOmFkZGl0aW9uYWwtZXhhY3Qtc2NvcGVzWzA6XXswOn03MToxNzpleGVjdXRpb24tb3B0aW9uc1sxMDo0OnRydWUyOjIwMTowMToyMTowNTpzYXQ0ajQ6dHJ1ZTI6LTExOjAxOjRdezA6fX0=|cmVwYWlyZWQtbm9ybWFsLWZvcm0tdjM7dHlwZWQtYWxsb3ktbm9ybWFsLWZvcm0tYWRhcHRlci12MTM=|Y2Fub25pY2FsLWFsbG95LXNpZ25hdHVyZS12OA==|MWFlYzJmYzRhMTVlZDQxNmM1NGUxMTU3YzZmMDdjMzVlNGI4NGM4N2M3NmNhZGY2NDcwNmZiYTg5ZGI4ZmJjMw==|YWxsb3ktY29udGFpbmVyLWxhdy10aGVvcnktdjM=|YjY0Nzk3MTJlNTE4YjVkZmMxM2YxOTg2Njc2OWYzMGFiODFiNDliZDRiYWQ1MDhhMTc1NjkxZmJiMWQwNjMzZg==	THEORY_MISMATCH	U291cmNlLWNvbW1hbmQgc2VtYW50aWMgY29udGV4dCBoYXMgYW4gdW5zdXBwb3J0ZWQgdmVyc2lvbg==
177	boundary	source:4:FORBID	registry-digest	source	true	4	FORBID	MzE6YWxsb3ktc291cmNlLWNvbW1hbmQtY29udGV4dC12MVsxMTo1MDphbGxveS1jb21tYW5kLW9wdGlvbnMtdjQtaW5kZXBlbmRlbnQtc2VhcmNoLWRvbWFpbjQ6d2lyZTE2OkFORFtzb21lIHRoaXMvQV01OmZhbHNlMTozMTo0MjotMTI6LTEyOi0xMjotMTI6LTFdezM6MTY6NjpzY29wZXNbMDpdezA6fTM0OjIzOmFkZGl0aW9uYWwtZXhhY3Qtc2NvcGVzWzA6XXswOn03MToxNzpleGVjdXRpb24tb3B0aW9uc1sxMDo0OnRydWUyOjIwMTowMToyMTowNTpzYXQ0ajQ6dHJ1ZTI6LTExOjAxOjRdezA6fX0=	cmVwYWlyZWQtbm9ybWFsLWZvcm0tdjM7dHlwZWQtYWxsb3ktbm9ybWFsLWZvcm0tYWRhcHRlci12MTM=	Y2Fub25pY2FsLWFsbG95LXNpZ25hdHVyZS12OA==	1aec2fc4a15ed416c54e1157c6f07c35e4b84c87c76cadf64706fba89db8fbc3	MTY6c2VtYW50aWMtcHJvZmlsZVs1OjE6NDY6Rk9SQklEMjg0OjMxOmFsbG95LXNvdXJjZS1jb21tYW5kLWNvbnRleHQtdjFbMTE6NTA6YWxsb3ktY29tbWFuZC1vcHRpb25zLXY0LWluZGVwZW5kZW50LXNlYXJjaC1kb21haW40OndpcmUxNjpBTkRbc29tZSB0aGlzL0FdNTpmYWxzZTE6MzE6NDI6LTEyOi0xMjotMTI6LTEyOi0xXXszOjE2OjY6c2NvcGVzWzA6XXswOn0zNDoyMzphZGRpdGlvbmFsLWV4YWN0LXNjb3Blc1swOl17MDp9NzE6MTc6ZXhlY3V0aW9uLW9wdGlvbnNbMTA6NDp0cnVlMjoyMDE6MDE6MjE6MDU6c2F0NGo0OnRydWUyOi0xMTowMTo0XXswOn19NTk6cmVwYWlyZWQtbm9ybWFsLWZvcm0tdjM7dHlwZWQtYWxsb3ktbm9ybWFsLWZvcm0tYWRhcHRlci12MTMyODpjYW5vbmljYWwtYWxsb3ktc2lnbmF0dXJlLXY4XXswOn0=	MTY6c2VtYW50aWMtcHJvZmlsZVs1OjE6NDY6Rk9SQklEMjg0OjMxOmFsbG95LXNvdXJjZS1jb21tYW5kLWNvbnRleHQtdjFbMTE6NTA6YWxsb3ktY29tbWFuZC1vcHRpb25zLXY0LWluZGVwZW5kZW50LXNlYXJjaC1kb21haW40OndpcmUxNjpBTkRbc29tZSB0aGlzL0FdNTpmYWxzZTE6MzE6NDI6LTEyOi0xMjotMTI6LTEyOi0xXXszOjE2OjY6c2NvcGVzWzA6XXswOn0zNDoyMzphZGRpdGlvbmFsLWV4YWN0LXNjb3Blc1swOl17MDp9NzE6MTc6ZXhlY3V0aW9uLW9wdGlvbnNbMTA6NDp0cnVlMjoyMDE6MDE6MjE6MDU6c2F0NGo0OnRydWUyOi0xMTowMTo0XXswOn19NTk6cmVwYWlyZWQtbm9ybWFsLWZvcm0tdjM7dHlwZWQtYWxsb3ktbm9ybWFsLWZvcm0tYWRhcHRlci12MTMyODpjYW5vbmljYWwtYWxsb3ktc2lnbmF0dXJlLXY4XXswOn0=	NA==|Rk9SQklE|MzE6YWxsb3ktc291cmNlLWNvbW1hbmQtY29udGV4dC12MVsxMTo1MDphbGxveS1jb21tYW5kLW9wdGlvbnMtdjQtaW5kZXBlbmRlbnQtc2VhcmNoLWRvbWFpbjQ6d2lyZTE2OkFORFtzb21lIHRoaXMvQV01OmZhbHNlMTozMTo0MjotMTI6LTEyOi0xMjotMTI6LTFdezM6MTY6NjpzY29wZXNbMDpdezA6fTM0OjIzOmFkZGl0aW9uYWwtZXhhY3Qtc2NvcGVzWzA6XXswOn03MToxNzpleGVjdXRpb24tb3B0aW9uc1sxMDo0OnRydWUyOjIwMTowMToyMTowNTpzYXQ0ajQ6dHJ1ZTI6LTExOjAxOjRdezA6fX0=|cmVwYWlyZWQtbm9ybWFsLWZvcm0tdjM7dHlwZWQtYWxsb3ktbm9ybWFsLWZvcm0tYWRhcHRlci12MTM=|Y2Fub25pY2FsLWFsbG95LXNpZ25hdHVyZS12OA==|MWFlYzJmYzRhMTVlZDQxNmM1NGUxMTU3YzZmMDdjMzVlNGI4NGM4N2M3NmNhZGY2NDcwNmZiYTg5ZGI4ZmJjMw==|YWxsb3ktY29udGFpbmVyLWxhdy10aGVvcnktdjM=|YjY0Nzk3MTJlNTE4YjVkZmMxM2YxOTg2Njc2OWYzMGFiODFiNDliZDRiYWQ1MDhhMTc1NjkxZmJiMWQwNjMzZg==	THEORY_MISMATCH	U291cmNlLWNvbW1hbmQgc2VtYW50aWMgY29udGV4dCBoYXMgYW4gdW5zdXBwb3J0ZWQgdmVyc2lvbg==
178	boundary	source:4:FORBID	publication	source	false	4	FORBID	MzE6YWxsb3ktc291cmNlLWNvbW1hbmQtY29udGV4dC12MVsxMTo1MDphbGxveS1jb21tYW5kLW9wdGlvbnMtdjQtaW5kZXBlbmRlbnQtc2VhcmNoLWRvbWFpbjQ6d2lyZTE2OkFORFtzb21lIHRoaXMvQV01OmZhbHNlMTozMTo0MjotMTI6LTEyOi0xMjotMTI6LTFdezM6MTY6NjpzY29wZXNbMDpdezA6fTM0OjIzOmFkZGl0aW9uYWwtZXhhY3Qtc2NvcGVzWzA6XXswOn03MToxNzpleGVjdXRpb24tb3B0aW9uc1sxMDo0OnRydWUyOjIwMTowMToyMTowNTpzYXQ0ajQ6dHJ1ZTI6LTExOjAxOjRdezA6fX0=	cmVwYWlyZWQtbm9ybWFsLWZvcm0tdjM7dHlwZWQtYWxsb3ktbm9ybWFsLWZvcm0tYWRhcHRlci12MTM=	Y2Fub25pY2FsLWFsbG95LXNpZ25hdHVyZS12OA==	1aec2fc4a15ed416c54e1157c6f07c35e4b84c87c76cadf64706fba89db8fbc3	MTY6c2VtYW50aWMtcHJvZmlsZVs1OjE6NDY6Rk9SQklEMjg0OjMxOmFsbG95LXNvdXJjZS1jb21tYW5kLWNvbnRleHQtdjFbMTE6NTA6YWxsb3ktY29tbWFuZC1vcHRpb25zLXY0LWluZGVwZW5kZW50LXNlYXJjaC1kb21haW40OndpcmUxNjpBTkRbc29tZSB0aGlzL0FdNTpmYWxzZTE6MzE6NDI6LTEyOi0xMjotMTI6LTEyOi0xXXszOjE2OjY6c2NvcGVzWzA6XXswOn0zNDoyMzphZGRpdGlvbmFsLWV4YWN0LXNjb3Blc1swOl17MDp9NzE6MTc6ZXhlY3V0aW9uLW9wdGlvbnNbMTA6NDp0cnVlMjoyMDE6MDE6MjE6MDU6c2F0NGo0OnRydWUyOi0xMTowMTo0XXswOn19NTk6cmVwYWlyZWQtbm9ybWFsLWZvcm0tdjM7dHlwZWQtYWxsb3ktbm9ybWFsLWZvcm0tYWRhcHRlci12MTMyODpjYW5vbmljYWwtYWxsb3ktc2lnbmF0dXJlLXY4XXswOn0=	MTY6c2VtYW50aWMtcHJvZmlsZVs1OjE6NDY6Rk9SQklEMjg0OjMxOmFsbG95LXNvdXJjZS1jb21tYW5kLWNvbnRleHQtdjFbMTE6NTA6YWxsb3ktY29tbWFuZC1vcHRpb25zLXY0LWluZGVwZW5kZW50LXNlYXJjaC1kb21haW40OndpcmUxNjpBTkRbc29tZSB0aGlzL0FdNTpmYWxzZTE6MzE6NDI6LTEyOi0xMjotMTI6LTEyOi0xXXszOjE2OjY6c2NvcGVzWzA6XXswOn0zNDoyMzphZGRpdGlvbmFsLWV4YWN0LXNjb3Blc1swOl17MDp9NzE6MTc6ZXhlY3V0aW9uLW9wdGlvbnNbMTA6NDp0cnVlMjoyMDE6MDE6MjE6MDU6c2F0NGo0OnRydWUyOi0xMTowMTo0XXswOn19NTk6cmVwYWlyZWQtbm9ybWFsLWZvcm0tdjM7dHlwZWQtYWxsb3ktbm9ybWFsLWZvcm0tYWRhcHRlci12MTMyODpjYW5vbmljYWwtYWxsb3ktc2lnbmF0dXJlLXY4XXswOn0=	NA==|Rk9SQklE|MzE6YWxsb3ktc291cmNlLWNvbW1hbmQtY29udGV4dC12MVsxMTo1MDphbGxveS1jb21tYW5kLW9wdGlvbnMtdjQtaW5kZXBlbmRlbnQtc2VhcmNoLWRvbWFpbjQ6d2lyZTE2OkFORFtzb21lIHRoaXMvQV01OmZhbHNlMTozMTo0MjotMTI6LTEyOi0xMjotMTI6LTFdezM6MTY6NjpzY29wZXNbMDpdezA6fTM0OjIzOmFkZGl0aW9uYWwtZXhhY3Qtc2NvcGVzWzA6XXswOn03MToxNzpleGVjdXRpb24tb3B0aW9uc1sxMDo0OnRydWUyOjIwMTowMToyMTowNTpzYXQ0ajQ6dHJ1ZTI6LTExOjAxOjRdezA6fX0=|cmVwYWlyZWQtbm9ybWFsLWZvcm0tdjM7dHlwZWQtYWxsb3ktbm9ybWFsLWZvcm0tYWRhcHRlci12MTM=|Y2Fub25pY2FsLWFsbG95LXNpZ25hdHVyZS12OA==|MWFlYzJmYzRhMTVlZDQxNmM1NGUxMTU3YzZmMDdjMzVlNGI4NGM4N2M3NmNhZGY2NDcwNmZiYTg5ZGI4ZmJjMw==|YWxsb3ktY29udGFpbmVyLWxhdy10aGVvcnktdjM=|YjY0Nzk3MTJlNTE4YjVkZmMxM2YxOTg2Njc2OWYzMGFiODFiNDliZDRiYWQ1MDhhMTc1NjkxZmJiMWQwNjMzZg==	THEORY_MISMATCH	U291cmNlLWNvbW1hbmQgc2VtYW50aWMgY29udGV4dCBoYXMgYW4gdW5zdXBwb3J0ZWQgdmVyc2lvbg==
179	clone	source:4:FORBID	same-spelling	custom	true	4	FORBID	MzE6YWxsb3ktc291cmNlLWNvbW1hbmQtY29udGV4dC12MVsxMTo1MDphbGxveS1jb21tYW5kLW9wdGlvbnMtdjQtaW5kZXBlbmRlbnQtc2VhcmNoLWRvbWFpbjQ6d2lyZTE2OkFORFtzb21lIHRoaXMvQV01OmZhbHNlMTozMTo0MjotMTI6LTEyOi0xMjotMTI6LTFdezM6MTY6NjpzY29wZXNbMDpdezA6fTM0OjIzOmFkZGl0aW9uYWwtZXhhY3Qtc2NvcGVzWzA6XXswOn03MToxNzpleGVjdXRpb24tb3B0aW9uc1sxMDo0OnRydWUyOjIwMTowMToyMTowNTpzYXQ0ajQ6dHJ1ZTI6LTExOjAxOjRdezA6fX0=	cmVwYWlyZWQtbm9ybWFsLWZvcm0tdjM7dHlwZWQtYWxsb3ktbm9ybWFsLWZvcm0tYWRhcHRlci12MTM=	Y2Fub25pY2FsLWFsbG95LXNpZ25hdHVyZS12OA==	1aec2fc4a15ed416c54e1157c6f07c35e4b84c87c76cadf64706fba89db8fbc3	MTY6c2VtYW50aWMtcHJvZmlsZVs1OjE6NDY6Rk9SQklEMjg0OjMxOmFsbG95LXNvdXJjZS1jb21tYW5kLWNvbnRleHQtdjFbMTE6NTA6YWxsb3ktY29tbWFuZC1vcHRpb25zLXY0LWluZGVwZW5kZW50LXNlYXJjaC1kb21haW40OndpcmUxNjpBTkRbc29tZSB0aGlzL0FdNTpmYWxzZTE6MzE6NDI6LTEyOi0xMjotMTI6LTEyOi0xXXszOjE2OjY6c2NvcGVzWzA6XXswOn0zNDoyMzphZGRpdGlvbmFsLWV4YWN0LXNjb3Blc1swOl17MDp9NzE6MTc6ZXhlY3V0aW9uLW9wdGlvbnNbMTA6NDp0cnVlMjoyMDE6MDE6MjE6MDU6c2F0NGo0OnRydWUyOi0xMTowMTo0XXswOn19NTk6cmVwYWlyZWQtbm9ybWFsLWZvcm0tdjM7dHlwZWQtYWxsb3ktbm9ybWFsLWZvcm0tYWRhcHRlci12MTMyODpjYW5vbmljYWwtYWxsb3ktc2lnbmF0dXJlLXY4XXswOn0=	MTY6c2VtYW50aWMtcHJvZmlsZVs1OjE6NDY6Rk9SQklEMjg0OjMxOmFsbG95LXNvdXJjZS1jb21tYW5kLWNvbnRleHQtdjFbMTE6NTA6YWxsb3ktY29tbWFuZC1vcHRpb25zLXY0LWluZGVwZW5kZW50LXNlYXJjaC1kb21haW40OndpcmUxNjpBTkRbc29tZSB0aGlzL0FdNTpmYWxzZTE6MzE6NDI6LTEyOi0xMjotMTI6LTEyOi0xXXszOjE2OjY6c2NvcGVzWzA6XXswOn0zNDoyMzphZGRpdGlvbmFsLWV4YWN0LXNjb3Blc1swOl17MDp9NzE6MTc6ZXhlY3V0aW9uLW9wdGlvbnNbMTA6NDp0cnVlMjoyMDE6MDE6MjE6MDU6c2F0NGo0OnRydWUyOi0xMTowMTo0XXswOn19NTk6cmVwYWlyZWQtbm9ybWFsLWZvcm0tdjM7dHlwZWQtYWxsb3ktbm9ybWFsLWZvcm0tYWRhcHRlci12MTMyODpjYW5vbmljYWwtYWxsb3ktc2lnbmF0dXJlLXY4XXswOn0=	NA==|Rk9SQklE|MzE6YWxsb3ktc291cmNlLWNvbW1hbmQtY29udGV4dC12MVsxMTo1MDphbGxveS1jb21tYW5kLW9wdGlvbnMtdjQtaW5kZXBlbmRlbnQtc2VhcmNoLWRvbWFpbjQ6d2lyZTE2OkFORFtzb21lIHRoaXMvQV01OmZhbHNlMTozMTo0MjotMTI6LTEyOi0xMjotMTI6LTFdezM6MTY6NjpzY29wZXNbMDpdezA6fTM0OjIzOmFkZGl0aW9uYWwtZXhhY3Qtc2NvcGVzWzA6XXswOn03MToxNzpleGVjdXRpb24tb3B0aW9uc1sxMDo0OnRydWUyOjIwMTowMToyMTowNTpzYXQ0ajQ6dHJ1ZTI6LTExOjAxOjRdezA6fX0=|cmVwYWlyZWQtbm9ybWFsLWZvcm0tdjM7dHlwZWQtYWxsb3ktbm9ybWFsLWZvcm0tYWRhcHRlci12MTM=|Y2Fub25pY2FsLWFsbG95LXNpZ25hdHVyZS12OA==|MWFlYzJmYzRhMTVlZDQxNmM1NGUxMTU3YzZmMDdjMzVlNGI4NGM4N2M3NmNhZGY2NDcwNmZiYTg5ZGI4ZmJjMw==|YWxsb3ktY29udGFpbmVyLWxhdy10aGVvcnktdjM=|YjY0Nzk3MTJlNTE4YjVkZmMxM2YxOTg2Njc2OWYzMGFiODFiNDliZDRiYWQ1MDhhMTc1NjkxZmJiMWQwNjMzZg==	AUTHORITY_REJECT	
180	boundary	source:6:FORBID	base	source	true	6	FORBID	MzE6YWxsb3ktc291cmNlLWNvbW1hbmQtY29udGV4dC12MVsxMTo1MDphbGxveS1jb21tYW5kLW9wdGlvbnMtdjQtaW5kZXBlbmRlbnQtc2VhcmNoLWRvbWFpbjQ6d2lyZTE2OkFORFtzb21lIHRoaXMvQV01OmZhbHNlMTozMTo2MjotMTI6LTEyOi0xMjotMTI6LTFdezM6MTY6NjpzY29wZXNbMDpdezA6fTM0OjIzOmFkZGl0aW9uYWwtZXhhY3Qtc2NvcGVzWzA6XXswOn03MToxNzpleGVjdXRpb24tb3B0aW9uc1sxMDo0OnRydWUyOjIwMTowMToyMTowNTpzYXQ0ajQ6dHJ1ZTI6LTExOjAxOjRdezA6fX0=	cmVwYWlyZWQtbm9ybWFsLWZvcm0tdjM7dHlwZWQtYWxsb3ktbm9ybWFsLWZvcm0tYWRhcHRlci12MTM=	Y2Fub25pY2FsLWFsbG95LXNpZ25hdHVyZS12OA==	33d050fa7ba42394209343b0f182c68008c34c6ee9d3c9f1195a9dde604dc755	MTY6c2VtYW50aWMtcHJvZmlsZVs1OjE6NjY6Rk9SQklEMjg0OjMxOmFsbG95LXNvdXJjZS1jb21tYW5kLWNvbnRleHQtdjFbMTE6NTA6YWxsb3ktY29tbWFuZC1vcHRpb25zLXY0LWluZGVwZW5kZW50LXNlYXJjaC1kb21haW40OndpcmUxNjpBTkRbc29tZSB0aGlzL0FdNTpmYWxzZTE6MzE6NjI6LTEyOi0xMjotMTI6LTEyOi0xXXszOjE2OjY6c2NvcGVzWzA6XXswOn0zNDoyMzphZGRpdGlvbmFsLWV4YWN0LXNjb3Blc1swOl17MDp9NzE6MTc6ZXhlY3V0aW9uLW9wdGlvbnNbMTA6NDp0cnVlMjoyMDE6MDE6MjE6MDU6c2F0NGo0OnRydWUyOi0xMTowMTo0XXswOn19NTk6cmVwYWlyZWQtbm9ybWFsLWZvcm0tdjM7dHlwZWQtYWxsb3ktbm9ybWFsLWZvcm0tYWRhcHRlci12MTMyODpjYW5vbmljYWwtYWxsb3ktc2lnbmF0dXJlLXY4XXswOn0=	MTY6c2VtYW50aWMtcHJvZmlsZVs1OjE6NjY6Rk9SQklEMjg0OjMxOmFsbG95LXNvdXJjZS1jb21tYW5kLWNvbnRleHQtdjFbMTE6NTA6YWxsb3ktY29tbWFuZC1vcHRpb25zLXY0LWluZGVwZW5kZW50LXNlYXJjaC1kb21haW40OndpcmUxNjpBTkRbc29tZSB0aGlzL0FdNTpmYWxzZTE6MzE6NjI6LTEyOi0xMjotMTI6LTEyOi0xXXszOjE2OjY6c2NvcGVzWzA6XXswOn0zNDoyMzphZGRpdGlvbmFsLWV4YWN0LXNjb3Blc1swOl17MDp9NzE6MTc6ZXhlY3V0aW9uLW9wdGlvbnNbMTA6NDp0cnVlMjoyMDE6MDE6MjE6MDU6c2F0NGo0OnRydWUyOi0xMTowMTo0XXswOn19NTk6cmVwYWlyZWQtbm9ybWFsLWZvcm0tdjM7dHlwZWQtYWxsb3ktbm9ybWFsLWZvcm0tYWRhcHRlci12MTMyODpjYW5vbmljYWwtYWxsb3ktc2lnbmF0dXJlLXY4XXswOn0=	Ng==|Rk9SQklE|MzE6YWxsb3ktc291cmNlLWNvbW1hbmQtY29udGV4dC12MVsxMTo1MDphbGxveS1jb21tYW5kLW9wdGlvbnMtdjQtaW5kZXBlbmRlbnQtc2VhcmNoLWRvbWFpbjQ6d2lyZTE2OkFORFtzb21lIHRoaXMvQV01OmZhbHNlMTozMTo2MjotMTI6LTEyOi0xMjotMTI6LTFdezM6MTY6NjpzY29wZXNbMDpdezA6fTM0OjIzOmFkZGl0aW9uYWwtZXhhY3Qtc2NvcGVzWzA6XXswOn03MToxNzpleGVjdXRpb24tb3B0aW9uc1sxMDo0OnRydWUyOjIwMTowMToyMTowNTpzYXQ0ajQ6dHJ1ZTI6LTExOjAxOjRdezA6fX0=|cmVwYWlyZWQtbm9ybWFsLWZvcm0tdjM7dHlwZWQtYWxsb3ktbm9ybWFsLWZvcm0tYWRhcHRlci12MTM=|Y2Fub25pY2FsLWFsbG95LXNpZ25hdHVyZS12OA==|MzNkMDUwZmE3YmE0MjM5NDIwOTM0M2IwZjE4MmM2ODAwOGMzNGM2ZWU5ZDNjOWYxMTk1YTlkZGU2MDRkYzc1NQ==|YWxsb3ktY29udGFpbmVyLWxhdy10aGVvcnktdjM=|YjY0Nzk3MTJlNTE4YjVkZmMxM2YxOTg2Njc2OWYzMGFiODFiNDliZDRiYWQ1MDhhMTc1NjkxZmJiMWQwNjMzZg==	THEORY_MISMATCH	U291cmNlLWNvbW1hbmQgc2VtYW50aWMgY29udGV4dCBoYXMgYW4gdW5zdXBwb3J0ZWQgdmVyc2lvbg==
181	boundary	source:6:FORBID	stale-0	source	true	7	FORBID	MzE6YWxsb3ktc291cmNlLWNvbW1hbmQtY29udGV4dC12MVsxMTo1MDphbGxveS1jb21tYW5kLW9wdGlvbnMtdjQtaW5kZXBlbmRlbnQtc2VhcmNoLWRvbWFpbjQ6d2lyZTE2OkFORFtzb21lIHRoaXMvQV01OmZhbHNlMTozMTo2MjotMTI6LTEyOi0xMjotMTI6LTFdezM6MTY6NjpzY29wZXNbMDpdezA6fTM0OjIzOmFkZGl0aW9uYWwtZXhhY3Qtc2NvcGVzWzA6XXswOn03MToxNzpleGVjdXRpb24tb3B0aW9uc1sxMDo0OnRydWUyOjIwMTowMToyMTowNTpzYXQ0ajQ6dHJ1ZTI6LTExOjAxOjRdezA6fX0=	cmVwYWlyZWQtbm9ybWFsLWZvcm0tdjM7dHlwZWQtYWxsb3ktbm9ybWFsLWZvcm0tYWRhcHRlci12MTM=	Y2Fub25pY2FsLWFsbG95LXNpZ25hdHVyZS12OA==	33d050fa7ba42394209343b0f182c68008c34c6ee9d3c9f1195a9dde604dc755	MTY6c2VtYW50aWMtcHJvZmlsZVs1OjE6NzY6Rk9SQklEMjg0OjMxOmFsbG95LXNvdXJjZS1jb21tYW5kLWNvbnRleHQtdjFbMTE6NTA6YWxsb3ktY29tbWFuZC1vcHRpb25zLXY0LWluZGVwZW5kZW50LXNlYXJjaC1kb21haW40OndpcmUxNjpBTkRbc29tZSB0aGlzL0FdNTpmYWxzZTE6MzE6NjI6LTEyOi0xMjotMTI6LTEyOi0xXXszOjE2OjY6c2NvcGVzWzA6XXswOn0zNDoyMzphZGRpdGlvbmFsLWV4YWN0LXNjb3Blc1swOl17MDp9NzE6MTc6ZXhlY3V0aW9uLW9wdGlvbnNbMTA6NDp0cnVlMjoyMDE6MDE6MjE6MDU6c2F0NGo0OnRydWUyOi0xMTowMTo0XXswOn19NTk6cmVwYWlyZWQtbm9ybWFsLWZvcm0tdjM7dHlwZWQtYWxsb3ktbm9ybWFsLWZvcm0tYWRhcHRlci12MTMyODpjYW5vbmljYWwtYWxsb3ktc2lnbmF0dXJlLXY4XXswOn0=	MTY6c2VtYW50aWMtcHJvZmlsZVs1OjE6NzY6Rk9SQklEMjg0OjMxOmFsbG95LXNvdXJjZS1jb21tYW5kLWNvbnRleHQtdjFbMTE6NTA6YWxsb3ktY29tbWFuZC1vcHRpb25zLXY0LWluZGVwZW5kZW50LXNlYXJjaC1kb21haW40OndpcmUxNjpBTkRbc29tZSB0aGlzL0FdNTpmYWxzZTE6MzE6NjI6LTEyOi0xMjotMTI6LTEyOi0xXXszOjE2OjY6c2NvcGVzWzA6XXswOn0zNDoyMzphZGRpdGlvbmFsLWV4YWN0LXNjb3Blc1swOl17MDp9NzE6MTc6ZXhlY3V0aW9uLW9wdGlvbnNbMTA6NDp0cnVlMjoyMDE6MDE6MjE6MDU6c2F0NGo0OnRydWUyOi0xMTowMTo0XXswOn19NTk6cmVwYWlyZWQtbm9ybWFsLWZvcm0tdjM7dHlwZWQtYWxsb3ktbm9ybWFsLWZvcm0tYWRhcHRlci12MTMyODpjYW5vbmljYWwtYWxsb3ktc2lnbmF0dXJlLXY4XXswOn0=	Ng==|Rk9SQklE|MzE6YWxsb3ktc291cmNlLWNvbW1hbmQtY29udGV4dC12MVsxMTo1MDphbGxveS1jb21tYW5kLW9wdGlvbnMtdjQtaW5kZXBlbmRlbnQtc2VhcmNoLWRvbWFpbjQ6d2lyZTE2OkFORFtzb21lIHRoaXMvQV01OmZhbHNlMTozMTo2MjotMTI6LTEyOi0xMjotMTI6LTFdezM6MTY6NjpzY29wZXNbMDpdezA6fTM0OjIzOmFkZGl0aW9uYWwtZXhhY3Qtc2NvcGVzWzA6XXswOn03MToxNzpleGVjdXRpb24tb3B0aW9uc1sxMDo0OnRydWUyOjIwMTowMToyMTowNTpzYXQ0ajQ6dHJ1ZTI6LTExOjAxOjRdezA6fX0=|cmVwYWlyZWQtbm9ybWFsLWZvcm0tdjM7dHlwZWQtYWxsb3ktbm9ybWFsLWZvcm0tYWRhcHRlci12MTM=|Y2Fub25pY2FsLWFsbG95LXNpZ25hdHVyZS12OA==|MzNkMDUwZmE3YmE0MjM5NDIwOTM0M2IwZjE4MmM2ODAwOGMzNGM2ZWU5ZDNjOWYxMTk1YTlkZGU2MDRkYzc1NQ==|YWxsb3ktY29udGFpbmVyLWxhdy10aGVvcnktdjM=|YjY0Nzk3MTJlNTE4YjVkZmMxM2YxOTg2Njc2OWYzMGFiODFiNDliZDRiYWQ1MDhhMTc1NjkxZmJiMWQwNjMzZg==	THEORY_MISMATCH	U291cmNlLWNvbW1hbmQgc2VtYW50aWMgY29udGV4dCBoYXMgYW4gdW5zdXBwb3J0ZWQgdmVyc2lvbg==
182	boundary	source:6:FORBID	stale-1	source	true	6	MODULAR	MzE6YWxsb3ktc291cmNlLWNvbW1hbmQtY29udGV4dC12MVsxMTo1MDphbGxveS1jb21tYW5kLW9wdGlvbnMtdjQtaW5kZXBlbmRlbnQtc2VhcmNoLWRvbWFpbjQ6d2lyZTE2OkFORFtzb21lIHRoaXMvQV01OmZhbHNlMTozMTo2MjotMTI6LTEyOi0xMjotMTI6LTFdezM6MTY6NjpzY29wZXNbMDpdezA6fTM0OjIzOmFkZGl0aW9uYWwtZXhhY3Qtc2NvcGVzWzA6XXswOn03MToxNzpleGVjdXRpb24tb3B0aW9uc1sxMDo0OnRydWUyOjIwMTowMToyMTowNTpzYXQ0ajQ6dHJ1ZTI6LTExOjAxOjRdezA6fX0=	cmVwYWlyZWQtbm9ybWFsLWZvcm0tdjM7dHlwZWQtYWxsb3ktbm9ybWFsLWZvcm0tYWRhcHRlci12MTM=	Y2Fub25pY2FsLWFsbG95LXNpZ25hdHVyZS12OA==	33d050fa7ba42394209343b0f182c68008c34c6ee9d3c9f1195a9dde604dc755	MTY6c2VtYW50aWMtcHJvZmlsZVs1OjE6Njc6TU9EVUxBUjI4NDozMTphbGxveS1zb3VyY2UtY29tbWFuZC1jb250ZXh0LXYxWzExOjUwOmFsbG95LWNvbW1hbmQtb3B0aW9ucy12NC1pbmRlcGVuZGVudC1zZWFyY2gtZG9tYWluNDp3aXJlMTY6QU5EW3NvbWUgdGhpcy9BXTU6ZmFsc2UxOjMxOjYyOi0xMjotMTI6LTEyOi0xMjotMV17MzoxNjo2OnNjb3Blc1swOl17MDp9MzQ6MjM6YWRkaXRpb25hbC1leGFjdC1zY29wZXNbMDpdezA6fTcxOjE3OmV4ZWN1dGlvbi1vcHRpb25zWzEwOjQ6dHJ1ZTI6MjAxOjAxOjIxOjA1OnNhdDRqNDp0cnVlMjotMTE6MDE6NF17MDp9fTU5OnJlcGFpcmVkLW5vcm1hbC1mb3JtLXYzO3R5cGVkLWFsbG95LW5vcm1hbC1mb3JtLWFkYXB0ZXItdjEzMjg6Y2Fub25pY2FsLWFsbG95LXNpZ25hdHVyZS12OF17MDp9	MTY6c2VtYW50aWMtcHJvZmlsZVs1OjE6Njc6TU9EVUxBUjI4NDozMTphbGxveS1zb3VyY2UtY29tbWFuZC1jb250ZXh0LXYxWzExOjUwOmFsbG95LWNvbW1hbmQtb3B0aW9ucy12NC1pbmRlcGVuZGVudC1zZWFyY2gtZG9tYWluNDp3aXJlMTY6QU5EW3NvbWUgdGhpcy9BXTU6ZmFsc2UxOjMxOjYyOi0xMjotMTI6LTEyOi0xMjotMV17MzoxNjo2OnNjb3Blc1swOl17MDp9MzQ6MjM6YWRkaXRpb25hbC1leGFjdC1zY29wZXNbMDpdezA6fTcxOjE3OmV4ZWN1dGlvbi1vcHRpb25zWzEwOjQ6dHJ1ZTI6MjAxOjAxOjIxOjA1OnNhdDRqNDp0cnVlMjotMTE6MDE6NF17MDp9fTU5OnJlcGFpcmVkLW5vcm1hbC1mb3JtLXYzO3R5cGVkLWFsbG95LW5vcm1hbC1mb3JtLWFkYXB0ZXItdjEzMjg6Y2Fub25pY2FsLWFsbG95LXNpZ25hdHVyZS12OF17MDp9	Ng==|Rk9SQklE|MzE6YWxsb3ktc291cmNlLWNvbW1hbmQtY29udGV4dC12MVsxMTo1MDphbGxveS1jb21tYW5kLW9wdGlvbnMtdjQtaW5kZXBlbmRlbnQtc2VhcmNoLWRvbWFpbjQ6d2lyZTE2OkFORFtzb21lIHRoaXMvQV01OmZhbHNlMTozMTo2MjotMTI6LTEyOi0xMjotMTI6LTFdezM6MTY6NjpzY29wZXNbMDpdezA6fTM0OjIzOmFkZGl0aW9uYWwtZXhhY3Qtc2NvcGVzWzA6XXswOn03MToxNzpleGVjdXRpb24tb3B0aW9uc1sxMDo0OnRydWUyOjIwMTowMToyMTowNTpzYXQ0ajQ6dHJ1ZTI6LTExOjAxOjRdezA6fX0=|cmVwYWlyZWQtbm9ybWFsLWZvcm0tdjM7dHlwZWQtYWxsb3ktbm9ybWFsLWZvcm0tYWRhcHRlci12MTM=|Y2Fub25pY2FsLWFsbG95LXNpZ25hdHVyZS12OA==|MzNkMDUwZmE3YmE0MjM5NDIwOTM0M2IwZjE4MmM2ODAwOGMzNGM2ZWU5ZDNjOWYxMTk1YTlkZGU2MDRkYzc1NQ==|YWxsb3ktY29udGFpbmVyLWxhdy10aGVvcnktdjM=|YjY0Nzk3MTJlNTE4YjVkZmMxM2YxOTg2Njc2OWYzMGFiODFiNDliZDRiYWQ1MDhhMTc1NjkxZmJiMWQwNjMzZg==	THEORY_MISMATCH	U291cmNlLWNvbW1hbmQgc2VtYW50aWMgY29udGV4dCBoYXMgYW4gdW5zdXBwb3J0ZWQgdmVyc2lvbg==
183	boundary	source:6:FORBID	stale-2	source	true	6	FORBID	MzE6YWxsb3ktc291cmNlLWNvbW1hbmQtY29udGV4dC12MVsxMTo1MDphbGxveS1jb21tYW5kLW9wdGlvbnMtdjQtaW5kZXBlbmRlbnQtc2VhcmNoLWRvbWFpbjQ6d2lyZTE2OkFORFtzb21lIHRoaXMvQV01OmZhbHNlMTozMTo2MjotMTI6LTEyOi0xMjotMTI6LTFdezM6MTY6NjpzY29wZXNbMDpdezA6fTM0OjIzOmFkZGl0aW9uYWwtZXhhY3Qtc2NvcGVzWzA6XXswOn03MToxNzpleGVjdXRpb24tb3B0aW9uc1sxMDo0OnRydWUyOjIwMTowMToyMTowNTpzYXQ0ajQ6dHJ1ZTI6LTExOjAxOjRdezA6fX06Y2hhbmdlZA==	cmVwYWlyZWQtbm9ybWFsLWZvcm0tdjM7dHlwZWQtYWxsb3ktbm9ybWFsLWZvcm0tYWRhcHRlci12MTM=	Y2Fub25pY2FsLWFsbG95LXNpZ25hdHVyZS12OA==	33d050fa7ba42394209343b0f182c68008c34c6ee9d3c9f1195a9dde604dc755	MTY6c2VtYW50aWMtcHJvZmlsZVs1OjE6NjY6Rk9SQklEMjkyOjMxOmFsbG95LXNvdXJjZS1jb21tYW5kLWNvbnRleHQtdjFbMTE6NTA6YWxsb3ktY29tbWFuZC1vcHRpb25zLXY0LWluZGVwZW5kZW50LXNlYXJjaC1kb21haW40OndpcmUxNjpBTkRbc29tZSB0aGlzL0FdNTpmYWxzZTE6MzE6NjI6LTEyOi0xMjotMTI6LTEyOi0xXXszOjE2OjY6c2NvcGVzWzA6XXswOn0zNDoyMzphZGRpdGlvbmFsLWV4YWN0LXNjb3Blc1swOl17MDp9NzE6MTc6ZXhlY3V0aW9uLW9wdGlvbnNbMTA6NDp0cnVlMjoyMDE6MDE6MjE6MDU6c2F0NGo0OnRydWUyOi0xMTowMTo0XXswOn19OmNoYW5nZWQ1OTpyZXBhaXJlZC1ub3JtYWwtZm9ybS12Mzt0eXBlZC1hbGxveS1ub3JtYWwtZm9ybS1hZGFwdGVyLXYxMzI4OmNhbm9uaWNhbC1hbGxveS1zaWduYXR1cmUtdjhdezA6fQ==	MTY6c2VtYW50aWMtcHJvZmlsZVs1OjE6NjY6Rk9SQklEMjkyOjMxOmFsbG95LXNvdXJjZS1jb21tYW5kLWNvbnRleHQtdjFbMTE6NTA6YWxsb3ktY29tbWFuZC1vcHRpb25zLXY0LWluZGVwZW5kZW50LXNlYXJjaC1kb21haW40OndpcmUxNjpBTkRbc29tZSB0aGlzL0FdNTpmYWxzZTE6MzE6NjI6LTEyOi0xMjotMTI6LTEyOi0xXXszOjE2OjY6c2NvcGVzWzA6XXswOn0zNDoyMzphZGRpdGlvbmFsLWV4YWN0LXNjb3Blc1swOl17MDp9NzE6MTc6ZXhlY3V0aW9uLW9wdGlvbnNbMTA6NDp0cnVlMjoyMDE6MDE6MjE6MDU6c2F0NGo0OnRydWUyOi0xMTowMTo0XXswOn19OmNoYW5nZWQ1OTpyZXBhaXJlZC1ub3JtYWwtZm9ybS12Mzt0eXBlZC1hbGxveS1ub3JtYWwtZm9ybS1hZGFwdGVyLXYxMzI4OmNhbm9uaWNhbC1hbGxveS1zaWduYXR1cmUtdjhdezA6fQ==	Ng==|Rk9SQklE|MzE6YWxsb3ktc291cmNlLWNvbW1hbmQtY29udGV4dC12MVsxMTo1MDphbGxveS1jb21tYW5kLW9wdGlvbnMtdjQtaW5kZXBlbmRlbnQtc2VhcmNoLWRvbWFpbjQ6d2lyZTE2OkFORFtzb21lIHRoaXMvQV01OmZhbHNlMTozMTo2MjotMTI6LTEyOi0xMjotMTI6LTFdezM6MTY6NjpzY29wZXNbMDpdezA6fTM0OjIzOmFkZGl0aW9uYWwtZXhhY3Qtc2NvcGVzWzA6XXswOn03MToxNzpleGVjdXRpb24tb3B0aW9uc1sxMDo0OnRydWUyOjIwMTowMToyMTowNTpzYXQ0ajQ6dHJ1ZTI6LTExOjAxOjRdezA6fX0=|cmVwYWlyZWQtbm9ybWFsLWZvcm0tdjM7dHlwZWQtYWxsb3ktbm9ybWFsLWZvcm0tYWRhcHRlci12MTM=|Y2Fub25pY2FsLWFsbG95LXNpZ25hdHVyZS12OA==|MzNkMDUwZmE3YmE0MjM5NDIwOTM0M2IwZjE4MmM2ODAwOGMzNGM2ZWU5ZDNjOWYxMTk1YTlkZGU2MDRkYzc1NQ==|YWxsb3ktY29udGFpbmVyLWxhdy10aGVvcnktdjM=|YjY0Nzk3MTJlNTE4YjVkZmMxM2YxOTg2Njc2OWYzMGFiODFiNDliZDRiYWQ1MDhhMTc1NjkxZmJiMWQwNjMzZg==	INVALID_RECORD_SHAPE	c291cmNlLWNvbW1hbmQgc2VtYW50aWMgY29udGV4dCBoYXMgdHJhaWxpbmcgc3RydWN0dXJhbC1rZXkgZGF0YQ==
184	boundary	source:6:FORBID	stale-3	source	true	6	FORBID	MzE6YWxsb3ktc291cmNlLWNvbW1hbmQtY29udGV4dC12MVsxMTo1MDphbGxveS1jb21tYW5kLW9wdGlvbnMtdjQtaW5kZXBlbmRlbnQtc2VhcmNoLWRvbWFpbjQ6d2lyZTE2OkFORFtzb21lIHRoaXMvQV01OmZhbHNlMTozMTo2MjotMTI6LTEyOi0xMjotMTI6LTFdezM6MTY6NjpzY29wZXNbMDpdezA6fTM0OjIzOmFkZGl0aW9uYWwtZXhhY3Qtc2NvcGVzWzA6XXswOn03MToxNzpleGVjdXRpb24tb3B0aW9uc1sxMDo0OnRydWUyOjIwMTowMToyMTowNTpzYXQ0ajQ6dHJ1ZTI6LTExOjAxOjRdezA6fX0=	cmVwYWlyZWQtbm9ybWFsLWZvcm0tdjM7dHlwZWQtYWxsb3ktbm9ybWFsLWZvcm0tYWRhcHRlci12MTM6Y2hhbmdlZA==	Y2Fub25pY2FsLWFsbG95LXNpZ25hdHVyZS12OA==	33d050fa7ba42394209343b0f182c68008c34c6ee9d3c9f1195a9dde604dc755	MTY6c2VtYW50aWMtcHJvZmlsZVs1OjE6NjY6Rk9SQklEMjg0OjMxOmFsbG95LXNvdXJjZS1jb21tYW5kLWNvbnRleHQtdjFbMTE6NTA6YWxsb3ktY29tbWFuZC1vcHRpb25zLXY0LWluZGVwZW5kZW50LXNlYXJjaC1kb21haW40OndpcmUxNjpBTkRbc29tZSB0aGlzL0FdNTpmYWxzZTE6MzE6NjI6LTEyOi0xMjotMTI6LTEyOi0xXXszOjE2OjY6c2NvcGVzWzA6XXswOn0zNDoyMzphZGRpdGlvbmFsLWV4YWN0LXNjb3Blc1swOl17MDp9NzE6MTc6ZXhlY3V0aW9uLW9wdGlvbnNbMTA6NDp0cnVlMjoyMDE6MDE6MjE6MDU6c2F0NGo0OnRydWUyOi0xMTowMTo0XXswOn19Njc6cmVwYWlyZWQtbm9ybWFsLWZvcm0tdjM7dHlwZWQtYWxsb3ktbm9ybWFsLWZvcm0tYWRhcHRlci12MTM6Y2hhbmdlZDI4OmNhbm9uaWNhbC1hbGxveS1zaWduYXR1cmUtdjhdezA6fQ==	MTY6c2VtYW50aWMtcHJvZmlsZVs1OjE6NjY6Rk9SQklEMjg0OjMxOmFsbG95LXNvdXJjZS1jb21tYW5kLWNvbnRleHQtdjFbMTE6NTA6YWxsb3ktY29tbWFuZC1vcHRpb25zLXY0LWluZGVwZW5kZW50LXNlYXJjaC1kb21haW40OndpcmUxNjpBTkRbc29tZSB0aGlzL0FdNTpmYWxzZTE6MzE6NjI6LTEyOi0xMjotMTI6LTEyOi0xXXszOjE2OjY6c2NvcGVzWzA6XXswOn0zNDoyMzphZGRpdGlvbmFsLWV4YWN0LXNjb3Blc1swOl17MDp9NzE6MTc6ZXhlY3V0aW9uLW9wdGlvbnNbMTA6NDp0cnVlMjoyMDE6MDE6MjE6MDU6c2F0NGo0OnRydWUyOi0xMTowMTo0XXswOn19Njc6cmVwYWlyZWQtbm9ybWFsLWZvcm0tdjM7dHlwZWQtYWxsb3ktbm9ybWFsLWZvcm0tYWRhcHRlci12MTM6Y2hhbmdlZDI4OmNhbm9uaWNhbC1hbGxveS1zaWduYXR1cmUtdjhdezA6fQ==	Ng==|Rk9SQklE|MzE6YWxsb3ktc291cmNlLWNvbW1hbmQtY29udGV4dC12MVsxMTo1MDphbGxveS1jb21tYW5kLW9wdGlvbnMtdjQtaW5kZXBlbmRlbnQtc2VhcmNoLWRvbWFpbjQ6d2lyZTE2OkFORFtzb21lIHRoaXMvQV01OmZhbHNlMTozMTo2MjotMTI6LTEyOi0xMjotMTI6LTFdezM6MTY6NjpzY29wZXNbMDpdezA6fTM0OjIzOmFkZGl0aW9uYWwtZXhhY3Qtc2NvcGVzWzA6XXswOn03MToxNzpleGVjdXRpb24tb3B0aW9uc1sxMDo0OnRydWUyOjIwMTowMToyMTowNTpzYXQ0ajQ6dHJ1ZTI6LTExOjAxOjRdezA6fX0=|cmVwYWlyZWQtbm9ybWFsLWZvcm0tdjM7dHlwZWQtYWxsb3ktbm9ybWFsLWZvcm0tYWRhcHRlci12MTM=|Y2Fub25pY2FsLWFsbG95LXNpZ25hdHVyZS12OA==|MzNkMDUwZmE3YmE0MjM5NDIwOTM0M2IwZjE4MmM2ODAwOGMzNGM2ZWU5ZDNjOWYxMTk1YTlkZGU2MDRkYzc1NQ==|YWxsb3ktY29udGFpbmVyLWxhdy10aGVvcnktdjM=|YjY0Nzk3MTJlNTE4YjVkZmMxM2YxOTg2Njc2OWYzMGFiODFiNDliZDRiYWQ1MDhhMTc1NjkxZmJiMWQwNjMzZg==	THEORY_MISMATCH	U291cmNlLWNvbW1hbmQgZXZpZGVuY2UgbmFtZXMgdW5zdXBwb3J0ZWQgc2VtYW50aWMgaW1wbGVtZW50YXRpb24gdmVyc2lvbnM=
185	boundary	source:6:FORBID	stale-4	source	true	6	FORBID	MzE6YWxsb3ktc291cmNlLWNvbW1hbmQtY29udGV4dC12MVsxMTo1MDphbGxveS1jb21tYW5kLW9wdGlvbnMtdjQtaW5kZXBlbmRlbnQtc2VhcmNoLWRvbWFpbjQ6d2lyZTE2OkFORFtzb21lIHRoaXMvQV01OmZhbHNlMTozMTo2MjotMTI6LTEyOi0xMjotMTI6LTFdezM6MTY6NjpzY29wZXNbMDpdezA6fTM0OjIzOmFkZGl0aW9uYWwtZXhhY3Qtc2NvcGVzWzA6XXswOn03MToxNzpleGVjdXRpb24tb3B0aW9uc1sxMDo0OnRydWUyOjIwMTowMToyMTowNTpzYXQ0ajQ6dHJ1ZTI6LTExOjAxOjRdezA6fX0=	cmVwYWlyZWQtbm9ybWFsLWZvcm0tdjM7dHlwZWQtYWxsb3ktbm9ybWFsLWZvcm0tYWRhcHRlci12MTM=	Y2Fub25pY2FsLWFsbG95LXNpZ25hdHVyZS12ODpjaGFuZ2Vk	33d050fa7ba42394209343b0f182c68008c34c6ee9d3c9f1195a9dde604dc755	MTY6c2VtYW50aWMtcHJvZmlsZVs1OjE6NjY6Rk9SQklEMjg0OjMxOmFsbG95LXNvdXJjZS1jb21tYW5kLWNvbnRleHQtdjFbMTE6NTA6YWxsb3ktY29tbWFuZC1vcHRpb25zLXY0LWluZGVwZW5kZW50LXNlYXJjaC1kb21haW40OndpcmUxNjpBTkRbc29tZSB0aGlzL0FdNTpmYWxzZTE6MzE6NjI6LTEyOi0xMjotMTI6LTEyOi0xXXszOjE2OjY6c2NvcGVzWzA6XXswOn0zNDoyMzphZGRpdGlvbmFsLWV4YWN0LXNjb3Blc1swOl17MDp9NzE6MTc6ZXhlY3V0aW9uLW9wdGlvbnNbMTA6NDp0cnVlMjoyMDE6MDE6MjE6MDU6c2F0NGo0OnRydWUyOi0xMTowMTo0XXswOn19NTk6cmVwYWlyZWQtbm9ybWFsLWZvcm0tdjM7dHlwZWQtYWxsb3ktbm9ybWFsLWZvcm0tYWRhcHRlci12MTMzNjpjYW5vbmljYWwtYWxsb3ktc2lnbmF0dXJlLXY4OmNoYW5nZWRdezA6fQ==	MTY6c2VtYW50aWMtcHJvZmlsZVs1OjE6NjY6Rk9SQklEMjg0OjMxOmFsbG95LXNvdXJjZS1jb21tYW5kLWNvbnRleHQtdjFbMTE6NTA6YWxsb3ktY29tbWFuZC1vcHRpb25zLXY0LWluZGVwZW5kZW50LXNlYXJjaC1kb21haW40OndpcmUxNjpBTkRbc29tZSB0aGlzL0FdNTpmYWxzZTE6MzE6NjI6LTEyOi0xMjotMTI6LTEyOi0xXXszOjE2OjY6c2NvcGVzWzA6XXswOn0zNDoyMzphZGRpdGlvbmFsLWV4YWN0LXNjb3Blc1swOl17MDp9NzE6MTc6ZXhlY3V0aW9uLW9wdGlvbnNbMTA6NDp0cnVlMjoyMDE6MDE6MjE6MDU6c2F0NGo0OnRydWUyOi0xMTowMTo0XXswOn19NTk6cmVwYWlyZWQtbm9ybWFsLWZvcm0tdjM7dHlwZWQtYWxsb3ktbm9ybWFsLWZvcm0tYWRhcHRlci12MTMzNjpjYW5vbmljYWwtYWxsb3ktc2lnbmF0dXJlLXY4OmNoYW5nZWRdezA6fQ==	Ng==|Rk9SQklE|MzE6YWxsb3ktc291cmNlLWNvbW1hbmQtY29udGV4dC12MVsxMTo1MDphbGxveS1jb21tYW5kLW9wdGlvbnMtdjQtaW5kZXBlbmRlbnQtc2VhcmNoLWRvbWFpbjQ6d2lyZTE2OkFORFtzb21lIHRoaXMvQV01OmZhbHNlMTozMTo2MjotMTI6LTEyOi0xMjotMTI6LTFdezM6MTY6NjpzY29wZXNbMDpdezA6fTM0OjIzOmFkZGl0aW9uYWwtZXhhY3Qtc2NvcGVzWzA6XXswOn03MToxNzpleGVjdXRpb24tb3B0aW9uc1sxMDo0OnRydWUyOjIwMTowMToyMTowNTpzYXQ0ajQ6dHJ1ZTI6LTExOjAxOjRdezA6fX0=|cmVwYWlyZWQtbm9ybWFsLWZvcm0tdjM7dHlwZWQtYWxsb3ktbm9ybWFsLWZvcm0tYWRhcHRlci12MTM=|Y2Fub25pY2FsLWFsbG95LXNpZ25hdHVyZS12OA==|MzNkMDUwZmE3YmE0MjM5NDIwOTM0M2IwZjE4MmM2ODAwOGMzNGM2ZWU5ZDNjOWYxMTk1YTlkZGU2MDRkYzc1NQ==|YWxsb3ktY29udGFpbmVyLWxhdy10aGVvcnktdjM=|YjY0Nzk3MTJlNTE4YjVkZmMxM2YxOTg2Njc2OWYzMGFiODFiNDliZDRiYWQ1MDhhMTc1NjkxZmJiMWQwNjMzZg==	THEORY_MISMATCH	U291cmNlLWNvbW1hbmQgZXZpZGVuY2UgbmFtZXMgdW5zdXBwb3J0ZWQgc2VtYW50aWMgaW1wbGVtZW50YXRpb24gdmVyc2lvbnM=
186	boundary	source:6:FORBID	rehashed-0	source	true	7	FORBID	MzE6YWxsb3ktc291cmNlLWNvbW1hbmQtY29udGV4dC12MVsxMTo1MDphbGxveS1jb21tYW5kLW9wdGlvbnMtdjQtaW5kZXBlbmRlbnQtc2VhcmNoLWRvbWFpbjQ6d2lyZTE2OkFORFtzb21lIHRoaXMvQV01OmZhbHNlMTozMTo2MjotMTI6LTEyOi0xMjotMTI6LTFdezM6MTY6NjpzY29wZXNbMDpdezA6fTM0OjIzOmFkZGl0aW9uYWwtZXhhY3Qtc2NvcGVzWzA6XXswOn03MToxNzpleGVjdXRpb24tb3B0aW9uc1sxMDo0OnRydWUyOjIwMTowMToyMTowNTpzYXQ0ajQ6dHJ1ZTI6LTExOjAxOjRdezA6fX0=	cmVwYWlyZWQtbm9ybWFsLWZvcm0tdjM7dHlwZWQtYWxsb3ktbm9ybWFsLWZvcm0tYWRhcHRlci12MTM=	Y2Fub25pY2FsLWFsbG95LXNpZ25hdHVyZS12OA==	f85fc3cf683cda5b6c4c5c4b46a930a1d4ea710f07bcac8ba613063d8b200006	MTY6c2VtYW50aWMtcHJvZmlsZVs1OjE6NzY6Rk9SQklEMjg0OjMxOmFsbG95LXNvdXJjZS1jb21tYW5kLWNvbnRleHQtdjFbMTE6NTA6YWxsb3ktY29tbWFuZC1vcHRpb25zLXY0LWluZGVwZW5kZW50LXNlYXJjaC1kb21haW40OndpcmUxNjpBTkRbc29tZSB0aGlzL0FdNTpmYWxzZTE6MzE6NjI6LTEyOi0xMjotMTI6LTEyOi0xXXszOjE2OjY6c2NvcGVzWzA6XXswOn0zNDoyMzphZGRpdGlvbmFsLWV4YWN0LXNjb3Blc1swOl17MDp9NzE6MTc6ZXhlY3V0aW9uLW9wdGlvbnNbMTA6NDp0cnVlMjoyMDE6MDE6MjE6MDU6c2F0NGo0OnRydWUyOi0xMTowMTo0XXswOn19NTk6cmVwYWlyZWQtbm9ybWFsLWZvcm0tdjM7dHlwZWQtYWxsb3ktbm9ybWFsLWZvcm0tYWRhcHRlci12MTMyODpjYW5vbmljYWwtYWxsb3ktc2lnbmF0dXJlLXY4XXswOn0=	MTY6c2VtYW50aWMtcHJvZmlsZVs1OjE6NzY6Rk9SQklEMjg0OjMxOmFsbG95LXNvdXJjZS1jb21tYW5kLWNvbnRleHQtdjFbMTE6NTA6YWxsb3ktY29tbWFuZC1vcHRpb25zLXY0LWluZGVwZW5kZW50LXNlYXJjaC1kb21haW40OndpcmUxNjpBTkRbc29tZSB0aGlzL0FdNTpmYWxzZTE6MzE6NjI6LTEyOi0xMjotMTI6LTEyOi0xXXszOjE2OjY6c2NvcGVzWzA6XXswOn0zNDoyMzphZGRpdGlvbmFsLWV4YWN0LXNjb3Blc1swOl17MDp9NzE6MTc6ZXhlY3V0aW9uLW9wdGlvbnNbMTA6NDp0cnVlMjoyMDE6MDE6MjE6MDU6c2F0NGo0OnRydWUyOi0xMTowMTo0XXswOn19NTk6cmVwYWlyZWQtbm9ybWFsLWZvcm0tdjM7dHlwZWQtYWxsb3ktbm9ybWFsLWZvcm0tYWRhcHRlci12MTMyODpjYW5vbmljYWwtYWxsb3ktc2lnbmF0dXJlLXY4XXswOn0=	Ng==|Rk9SQklE|MzE6YWxsb3ktc291cmNlLWNvbW1hbmQtY29udGV4dC12MVsxMTo1MDphbGxveS1jb21tYW5kLW9wdGlvbnMtdjQtaW5kZXBlbmRlbnQtc2VhcmNoLWRvbWFpbjQ6d2lyZTE2OkFORFtzb21lIHRoaXMvQV01OmZhbHNlMTozMTo2MjotMTI6LTEyOi0xMjotMTI6LTFdezM6MTY6NjpzY29wZXNbMDpdezA6fTM0OjIzOmFkZGl0aW9uYWwtZXhhY3Qtc2NvcGVzWzA6XXswOn03MToxNzpleGVjdXRpb24tb3B0aW9uc1sxMDo0OnRydWUyOjIwMTowMToyMTowNTpzYXQ0ajQ6dHJ1ZTI6LTExOjAxOjRdezA6fX0=|cmVwYWlyZWQtbm9ybWFsLWZvcm0tdjM7dHlwZWQtYWxsb3ktbm9ybWFsLWZvcm0tYWRhcHRlci12MTM=|Y2Fub25pY2FsLWFsbG95LXNpZ25hdHVyZS12OA==|MzNkMDUwZmE3YmE0MjM5NDIwOTM0M2IwZjE4MmM2ODAwOGMzNGM2ZWU5ZDNjOWYxMTk1YTlkZGU2MDRkYzc1NQ==|YWxsb3ktY29udGFpbmVyLWxhdy10aGVvcnktdjM=|YjY0Nzk3MTJlNTE4YjVkZmMxM2YxOTg2Njc2OWYzMGFiODFiNDliZDRiYWQ1MDhhMTc1NjkxZmJiMWQwNjMzZg==	THEORY_MISMATCH	U291cmNlLWNvbW1hbmQgc2VtYW50aWMgY29udGV4dCBoYXMgYW4gdW5zdXBwb3J0ZWQgdmVyc2lvbg==
187	boundary	source:6:FORBID	rehashed-1	source	true	6	MODULAR	MzE6YWxsb3ktc291cmNlLWNvbW1hbmQtY29udGV4dC12MVsxMTo1MDphbGxveS1jb21tYW5kLW9wdGlvbnMtdjQtaW5kZXBlbmRlbnQtc2VhcmNoLWRvbWFpbjQ6d2lyZTE2OkFORFtzb21lIHRoaXMvQV01OmZhbHNlMTozMTo2MjotMTI6LTEyOi0xMjotMTI6LTFdezM6MTY6NjpzY29wZXNbMDpdezA6fTM0OjIzOmFkZGl0aW9uYWwtZXhhY3Qtc2NvcGVzWzA6XXswOn03MToxNzpleGVjdXRpb24tb3B0aW9uc1sxMDo0OnRydWUyOjIwMTowMToyMTowNTpzYXQ0ajQ6dHJ1ZTI6LTExOjAxOjRdezA6fX0=	cmVwYWlyZWQtbm9ybWFsLWZvcm0tdjM7dHlwZWQtYWxsb3ktbm9ybWFsLWZvcm0tYWRhcHRlci12MTM=	Y2Fub25pY2FsLWFsbG95LXNpZ25hdHVyZS12OA==	8408b7a9c018cefbf9c5524657ff57bdacb009047dca1772a8608e61aa089fe6	MTY6c2VtYW50aWMtcHJvZmlsZVs1OjE6Njc6TU9EVUxBUjI4NDozMTphbGxveS1zb3VyY2UtY29tbWFuZC1jb250ZXh0LXYxWzExOjUwOmFsbG95LWNvbW1hbmQtb3B0aW9ucy12NC1pbmRlcGVuZGVudC1zZWFyY2gtZG9tYWluNDp3aXJlMTY6QU5EW3NvbWUgdGhpcy9BXTU6ZmFsc2UxOjMxOjYyOi0xMjotMTI6LTEyOi0xMjotMV17MzoxNjo2OnNjb3Blc1swOl17MDp9MzQ6MjM6YWRkaXRpb25hbC1leGFjdC1zY29wZXNbMDpdezA6fTcxOjE3OmV4ZWN1dGlvbi1vcHRpb25zWzEwOjQ6dHJ1ZTI6MjAxOjAxOjIxOjA1OnNhdDRqNDp0cnVlMjotMTE6MDE6NF17MDp9fTU5OnJlcGFpcmVkLW5vcm1hbC1mb3JtLXYzO3R5cGVkLWFsbG95LW5vcm1hbC1mb3JtLWFkYXB0ZXItdjEzMjg6Y2Fub25pY2FsLWFsbG95LXNpZ25hdHVyZS12OF17MDp9	MTY6c2VtYW50aWMtcHJvZmlsZVs1OjE6Njc6TU9EVUxBUjI4NDozMTphbGxveS1zb3VyY2UtY29tbWFuZC1jb250ZXh0LXYxWzExOjUwOmFsbG95LWNvbW1hbmQtb3B0aW9ucy12NC1pbmRlcGVuZGVudC1zZWFyY2gtZG9tYWluNDp3aXJlMTY6QU5EW3NvbWUgdGhpcy9BXTU6ZmFsc2UxOjMxOjYyOi0xMjotMTI6LTEyOi0xMjotMV17MzoxNjo2OnNjb3Blc1swOl17MDp9MzQ6MjM6YWRkaXRpb25hbC1leGFjdC1zY29wZXNbMDpdezA6fTcxOjE3OmV4ZWN1dGlvbi1vcHRpb25zWzEwOjQ6dHJ1ZTI6MjAxOjAxOjIxOjA1OnNhdDRqNDp0cnVlMjotMTE6MDE6NF17MDp9fTU5OnJlcGFpcmVkLW5vcm1hbC1mb3JtLXYzO3R5cGVkLWFsbG95LW5vcm1hbC1mb3JtLWFkYXB0ZXItdjEzMjg6Y2Fub25pY2FsLWFsbG95LXNpZ25hdHVyZS12OF17MDp9	Ng==|Rk9SQklE|MzE6YWxsb3ktc291cmNlLWNvbW1hbmQtY29udGV4dC12MVsxMTo1MDphbGxveS1jb21tYW5kLW9wdGlvbnMtdjQtaW5kZXBlbmRlbnQtc2VhcmNoLWRvbWFpbjQ6d2lyZTE2OkFORFtzb21lIHRoaXMvQV01OmZhbHNlMTozMTo2MjotMTI6LTEyOi0xMjotMTI6LTFdezM6MTY6NjpzY29wZXNbMDpdezA6fTM0OjIzOmFkZGl0aW9uYWwtZXhhY3Qtc2NvcGVzWzA6XXswOn03MToxNzpleGVjdXRpb24tb3B0aW9uc1sxMDo0OnRydWUyOjIwMTowMToyMTowNTpzYXQ0ajQ6dHJ1ZTI6LTExOjAxOjRdezA6fX0=|cmVwYWlyZWQtbm9ybWFsLWZvcm0tdjM7dHlwZWQtYWxsb3ktbm9ybWFsLWZvcm0tYWRhcHRlci12MTM=|Y2Fub25pY2FsLWFsbG95LXNpZ25hdHVyZS12OA==|MzNkMDUwZmE3YmE0MjM5NDIwOTM0M2IwZjE4MmM2ODAwOGMzNGM2ZWU5ZDNjOWYxMTk1YTlkZGU2MDRkYzc1NQ==|YWxsb3ktY29udGFpbmVyLWxhdy10aGVvcnktdjM=|YjY0Nzk3MTJlNTE4YjVkZmMxM2YxOTg2Njc2OWYzMGFiODFiNDliZDRiYWQ1MDhhMTc1NjkxZmJiMWQwNjMzZg==	THEORY_MISMATCH	U291cmNlLWNvbW1hbmQgc2VtYW50aWMgY29udGV4dCBoYXMgYW4gdW5zdXBwb3J0ZWQgdmVyc2lvbg==
188	boundary	source:6:FORBID	rehashed-2	source	true	6	FORBID	MzE6YWxsb3ktc291cmNlLWNvbW1hbmQtY29udGV4dC12MVsxMTo1MDphbGxveS1jb21tYW5kLW9wdGlvbnMtdjQtaW5kZXBlbmRlbnQtc2VhcmNoLWRvbWFpbjQ6d2lyZTE2OkFORFtzb21lIHRoaXMvQV01OmZhbHNlMTozMTo2MjotMTI6LTEyOi0xMjotMTI6LTFdezM6MTY6NjpzY29wZXNbMDpdezA6fTM0OjIzOmFkZGl0aW9uYWwtZXhhY3Qtc2NvcGVzWzA6XXswOn03MToxNzpleGVjdXRpb24tb3B0aW9uc1sxMDo0OnRydWUyOjIwMTowMToyMTowNTpzYXQ0ajQ6dHJ1ZTI6LTExOjAxOjRdezA6fX06Y2hhbmdlZA==	cmVwYWlyZWQtbm9ybWFsLWZvcm0tdjM7dHlwZWQtYWxsb3ktbm9ybWFsLWZvcm0tYWRhcHRlci12MTM=	Y2Fub25pY2FsLWFsbG95LXNpZ25hdHVyZS12OA==	faf92e1776226408d4b0847e77d61a48710e5d812db1c1078eb5c61949095b06	MTY6c2VtYW50aWMtcHJvZmlsZVs1OjE6NjY6Rk9SQklEMjkyOjMxOmFsbG95LXNvdXJjZS1jb21tYW5kLWNvbnRleHQtdjFbMTE6NTA6YWxsb3ktY29tbWFuZC1vcHRpb25zLXY0LWluZGVwZW5kZW50LXNlYXJjaC1kb21haW40OndpcmUxNjpBTkRbc29tZSB0aGlzL0FdNTpmYWxzZTE6MzE6NjI6LTEyOi0xMjotMTI6LTEyOi0xXXszOjE2OjY6c2NvcGVzWzA6XXswOn0zNDoyMzphZGRpdGlvbmFsLWV4YWN0LXNjb3Blc1swOl17MDp9NzE6MTc6ZXhlY3V0aW9uLW9wdGlvbnNbMTA6NDp0cnVlMjoyMDE6MDE6MjE6MDU6c2F0NGo0OnRydWUyOi0xMTowMTo0XXswOn19OmNoYW5nZWQ1OTpyZXBhaXJlZC1ub3JtYWwtZm9ybS12Mzt0eXBlZC1hbGxveS1ub3JtYWwtZm9ybS1hZGFwdGVyLXYxMzI4OmNhbm9uaWNhbC1hbGxveS1zaWduYXR1cmUtdjhdezA6fQ==	MTY6c2VtYW50aWMtcHJvZmlsZVs1OjE6NjY6Rk9SQklEMjkyOjMxOmFsbG95LXNvdXJjZS1jb21tYW5kLWNvbnRleHQtdjFbMTE6NTA6YWxsb3ktY29tbWFuZC1vcHRpb25zLXY0LWluZGVwZW5kZW50LXNlYXJjaC1kb21haW40OndpcmUxNjpBTkRbc29tZSB0aGlzL0FdNTpmYWxzZTE6MzE6NjI6LTEyOi0xMjotMTI6LTEyOi0xXXszOjE2OjY6c2NvcGVzWzA6XXswOn0zNDoyMzphZGRpdGlvbmFsLWV4YWN0LXNjb3Blc1swOl17MDp9NzE6MTc6ZXhlY3V0aW9uLW9wdGlvbnNbMTA6NDp0cnVlMjoyMDE6MDE6MjE6MDU6c2F0NGo0OnRydWUyOi0xMTowMTo0XXswOn19OmNoYW5nZWQ1OTpyZXBhaXJlZC1ub3JtYWwtZm9ybS12Mzt0eXBlZC1hbGxveS1ub3JtYWwtZm9ybS1hZGFwdGVyLXYxMzI4OmNhbm9uaWNhbC1hbGxveS1zaWduYXR1cmUtdjhdezA6fQ==	Ng==|Rk9SQklE|MzE6YWxsb3ktc291cmNlLWNvbW1hbmQtY29udGV4dC12MVsxMTo1MDphbGxveS1jb21tYW5kLW9wdGlvbnMtdjQtaW5kZXBlbmRlbnQtc2VhcmNoLWRvbWFpbjQ6d2lyZTE2OkFORFtzb21lIHRoaXMvQV01OmZhbHNlMTozMTo2MjotMTI6LTEyOi0xMjotMTI6LTFdezM6MTY6NjpzY29wZXNbMDpdezA6fTM0OjIzOmFkZGl0aW9uYWwtZXhhY3Qtc2NvcGVzWzA6XXswOn03MToxNzpleGVjdXRpb24tb3B0aW9uc1sxMDo0OnRydWUyOjIwMTowMToyMTowNTpzYXQ0ajQ6dHJ1ZTI6LTExOjAxOjRdezA6fX0=|cmVwYWlyZWQtbm9ybWFsLWZvcm0tdjM7dHlwZWQtYWxsb3ktbm9ybWFsLWZvcm0tYWRhcHRlci12MTM=|Y2Fub25pY2FsLWFsbG95LXNpZ25hdHVyZS12OA==|MzNkMDUwZmE3YmE0MjM5NDIwOTM0M2IwZjE4MmM2ODAwOGMzNGM2ZWU5ZDNjOWYxMTk1YTlkZGU2MDRkYzc1NQ==|YWxsb3ktY29udGFpbmVyLWxhdy10aGVvcnktdjM=|YjY0Nzk3MTJlNTE4YjVkZmMxM2YxOTg2Njc2OWYzMGFiODFiNDliZDRiYWQ1MDhhMTc1NjkxZmJiMWQwNjMzZg==	INVALID_RECORD_SHAPE	c291cmNlLWNvbW1hbmQgc2VtYW50aWMgY29udGV4dCBoYXMgdHJhaWxpbmcgc3RydWN0dXJhbC1rZXkgZGF0YQ==
189	boundary	source:6:FORBID	rehashed-3	source	true	6	FORBID	MzE6YWxsb3ktc291cmNlLWNvbW1hbmQtY29udGV4dC12MVsxMTo1MDphbGxveS1jb21tYW5kLW9wdGlvbnMtdjQtaW5kZXBlbmRlbnQtc2VhcmNoLWRvbWFpbjQ6d2lyZTE2OkFORFtzb21lIHRoaXMvQV01OmZhbHNlMTozMTo2MjotMTI6LTEyOi0xMjotMTI6LTFdezM6MTY6NjpzY29wZXNbMDpdezA6fTM0OjIzOmFkZGl0aW9uYWwtZXhhY3Qtc2NvcGVzWzA6XXswOn03MToxNzpleGVjdXRpb24tb3B0aW9uc1sxMDo0OnRydWUyOjIwMTowMToyMTowNTpzYXQ0ajQ6dHJ1ZTI6LTExOjAxOjRdezA6fX0=	cmVwYWlyZWQtbm9ybWFsLWZvcm0tdjM7dHlwZWQtYWxsb3ktbm9ybWFsLWZvcm0tYWRhcHRlci12MTM6Y2hhbmdlZA==	Y2Fub25pY2FsLWFsbG95LXNpZ25hdHVyZS12OA==	fff3bf537f5abcefa2e5b7871cf0d125e00dce43c1f910940a4cd5bf5a825c23	MTY6c2VtYW50aWMtcHJvZmlsZVs1OjE6NjY6Rk9SQklEMjg0OjMxOmFsbG95LXNvdXJjZS1jb21tYW5kLWNvbnRleHQtdjFbMTE6NTA6YWxsb3ktY29tbWFuZC1vcHRpb25zLXY0LWluZGVwZW5kZW50LXNlYXJjaC1kb21haW40OndpcmUxNjpBTkRbc29tZSB0aGlzL0FdNTpmYWxzZTE6MzE6NjI6LTEyOi0xMjotMTI6LTEyOi0xXXszOjE2OjY6c2NvcGVzWzA6XXswOn0zNDoyMzphZGRpdGlvbmFsLWV4YWN0LXNjb3Blc1swOl17MDp9NzE6MTc6ZXhlY3V0aW9uLW9wdGlvbnNbMTA6NDp0cnVlMjoyMDE6MDE6MjE6MDU6c2F0NGo0OnRydWUyOi0xMTowMTo0XXswOn19Njc6cmVwYWlyZWQtbm9ybWFsLWZvcm0tdjM7dHlwZWQtYWxsb3ktbm9ybWFsLWZvcm0tYWRhcHRlci12MTM6Y2hhbmdlZDI4OmNhbm9uaWNhbC1hbGxveS1zaWduYXR1cmUtdjhdezA6fQ==	MTY6c2VtYW50aWMtcHJvZmlsZVs1OjE6NjY6Rk9SQklEMjg0OjMxOmFsbG95LXNvdXJjZS1jb21tYW5kLWNvbnRleHQtdjFbMTE6NTA6YWxsb3ktY29tbWFuZC1vcHRpb25zLXY0LWluZGVwZW5kZW50LXNlYXJjaC1kb21haW40OndpcmUxNjpBTkRbc29tZSB0aGlzL0FdNTpmYWxzZTE6MzE6NjI6LTEyOi0xMjotMTI6LTEyOi0xXXszOjE2OjY6c2NvcGVzWzA6XXswOn0zNDoyMzphZGRpdGlvbmFsLWV4YWN0LXNjb3Blc1swOl17MDp9NzE6MTc6ZXhlY3V0aW9uLW9wdGlvbnNbMTA6NDp0cnVlMjoyMDE6MDE6MjE6MDU6c2F0NGo0OnRydWUyOi0xMTowMTo0XXswOn19Njc6cmVwYWlyZWQtbm9ybWFsLWZvcm0tdjM7dHlwZWQtYWxsb3ktbm9ybWFsLWZvcm0tYWRhcHRlci12MTM6Y2hhbmdlZDI4OmNhbm9uaWNhbC1hbGxveS1zaWduYXR1cmUtdjhdezA6fQ==	Ng==|Rk9SQklE|MzE6YWxsb3ktc291cmNlLWNvbW1hbmQtY29udGV4dC12MVsxMTo1MDphbGxveS1jb21tYW5kLW9wdGlvbnMtdjQtaW5kZXBlbmRlbnQtc2VhcmNoLWRvbWFpbjQ6d2lyZTE2OkFORFtzb21lIHRoaXMvQV01OmZhbHNlMTozMTo2MjotMTI6LTEyOi0xMjotMTI6LTFdezM6MTY6NjpzY29wZXNbMDpdezA6fTM0OjIzOmFkZGl0aW9uYWwtZXhhY3Qtc2NvcGVzWzA6XXswOn03MToxNzpleGVjdXRpb24tb3B0aW9uc1sxMDo0OnRydWUyOjIwMTowMToyMTowNTpzYXQ0ajQ6dHJ1ZTI6LTExOjAxOjRdezA6fX0=|cmVwYWlyZWQtbm9ybWFsLWZvcm0tdjM7dHlwZWQtYWxsb3ktbm9ybWFsLWZvcm0tYWRhcHRlci12MTM=|Y2Fub25pY2FsLWFsbG95LXNpZ25hdHVyZS12OA==|MzNkMDUwZmE3YmE0MjM5NDIwOTM0M2IwZjE4MmM2ODAwOGMzNGM2ZWU5ZDNjOWYxMTk1YTlkZGU2MDRkYzc1NQ==|YWxsb3ktY29udGFpbmVyLWxhdy10aGVvcnktdjM=|YjY0Nzk3MTJlNTE4YjVkZmMxM2YxOTg2Njc2OWYzMGFiODFiNDliZDRiYWQ1MDhhMTc1NjkxZmJiMWQwNjMzZg==	THEORY_MISMATCH	U291cmNlLWNvbW1hbmQgZXZpZGVuY2UgbmFtZXMgdW5zdXBwb3J0ZWQgc2VtYW50aWMgaW1wbGVtZW50YXRpb24gdmVyc2lvbnM=
190	boundary	source:6:FORBID	rehashed-4	source	true	6	FORBID	MzE6YWxsb3ktc291cmNlLWNvbW1hbmQtY29udGV4dC12MVsxMTo1MDphbGxveS1jb21tYW5kLW9wdGlvbnMtdjQtaW5kZXBlbmRlbnQtc2VhcmNoLWRvbWFpbjQ6d2lyZTE2OkFORFtzb21lIHRoaXMvQV01OmZhbHNlMTozMTo2MjotMTI6LTEyOi0xMjotMTI6LTFdezM6MTY6NjpzY29wZXNbMDpdezA6fTM0OjIzOmFkZGl0aW9uYWwtZXhhY3Qtc2NvcGVzWzA6XXswOn03MToxNzpleGVjdXRpb24tb3B0aW9uc1sxMDo0OnRydWUyOjIwMTowMToyMTowNTpzYXQ0ajQ6dHJ1ZTI6LTExOjAxOjRdezA6fX0=	cmVwYWlyZWQtbm9ybWFsLWZvcm0tdjM7dHlwZWQtYWxsb3ktbm9ybWFsLWZvcm0tYWRhcHRlci12MTM=	Y2Fub25pY2FsLWFsbG95LXNpZ25hdHVyZS12ODpjaGFuZ2Vk	910f3ba379ba2fe3fdb25705ef33e7ca5eabffda5d927f2662c8e62524d935e8	MTY6c2VtYW50aWMtcHJvZmlsZVs1OjE6NjY6Rk9SQklEMjg0OjMxOmFsbG95LXNvdXJjZS1jb21tYW5kLWNvbnRleHQtdjFbMTE6NTA6YWxsb3ktY29tbWFuZC1vcHRpb25zLXY0LWluZGVwZW5kZW50LXNlYXJjaC1kb21haW40OndpcmUxNjpBTkRbc29tZSB0aGlzL0FdNTpmYWxzZTE6MzE6NjI6LTEyOi0xMjotMTI6LTEyOi0xXXszOjE2OjY6c2NvcGVzWzA6XXswOn0zNDoyMzphZGRpdGlvbmFsLWV4YWN0LXNjb3Blc1swOl17MDp9NzE6MTc6ZXhlY3V0aW9uLW9wdGlvbnNbMTA6NDp0cnVlMjoyMDE6MDE6MjE6MDU6c2F0NGo0OnRydWUyOi0xMTowMTo0XXswOn19NTk6cmVwYWlyZWQtbm9ybWFsLWZvcm0tdjM7dHlwZWQtYWxsb3ktbm9ybWFsLWZvcm0tYWRhcHRlci12MTMzNjpjYW5vbmljYWwtYWxsb3ktc2lnbmF0dXJlLXY4OmNoYW5nZWRdezA6fQ==	MTY6c2VtYW50aWMtcHJvZmlsZVs1OjE6NjY6Rk9SQklEMjg0OjMxOmFsbG95LXNvdXJjZS1jb21tYW5kLWNvbnRleHQtdjFbMTE6NTA6YWxsb3ktY29tbWFuZC1vcHRpb25zLXY0LWluZGVwZW5kZW50LXNlYXJjaC1kb21haW40OndpcmUxNjpBTkRbc29tZSB0aGlzL0FdNTpmYWxzZTE6MzE6NjI6LTEyOi0xMjotMTI6LTEyOi0xXXszOjE2OjY6c2NvcGVzWzA6XXswOn0zNDoyMzphZGRpdGlvbmFsLWV4YWN0LXNjb3Blc1swOl17MDp9NzE6MTc6ZXhlY3V0aW9uLW9wdGlvbnNbMTA6NDp0cnVlMjoyMDE6MDE6MjE6MDU6c2F0NGo0OnRydWUyOi0xMTowMTo0XXswOn19NTk6cmVwYWlyZWQtbm9ybWFsLWZvcm0tdjM7dHlwZWQtYWxsb3ktbm9ybWFsLWZvcm0tYWRhcHRlci12MTMzNjpjYW5vbmljYWwtYWxsb3ktc2lnbmF0dXJlLXY4OmNoYW5nZWRdezA6fQ==	Ng==|Rk9SQklE|MzE6YWxsb3ktc291cmNlLWNvbW1hbmQtY29udGV4dC12MVsxMTo1MDphbGxveS1jb21tYW5kLW9wdGlvbnMtdjQtaW5kZXBlbmRlbnQtc2VhcmNoLWRvbWFpbjQ6d2lyZTE2OkFORFtzb21lIHRoaXMvQV01OmZhbHNlMTozMTo2MjotMTI6LTEyOi0xMjotMTI6LTFdezM6MTY6NjpzY29wZXNbMDpdezA6fTM0OjIzOmFkZGl0aW9uYWwtZXhhY3Qtc2NvcGVzWzA6XXswOn03MToxNzpleGVjdXRpb24tb3B0aW9uc1sxMDo0OnRydWUyOjIwMTowMToyMTowNTpzYXQ0ajQ6dHJ1ZTI6LTExOjAxOjRdezA6fX0=|cmVwYWlyZWQtbm9ybWFsLWZvcm0tdjM7dHlwZWQtYWxsb3ktbm9ybWFsLWZvcm0tYWRhcHRlci12MTM=|Y2Fub25pY2FsLWFsbG95LXNpZ25hdHVyZS12OA==|MzNkMDUwZmE3YmE0MjM5NDIwOTM0M2IwZjE4MmM2ODAwOGMzNGM2ZWU5ZDNjOWYxMTk1YTlkZGU2MDRkYzc1NQ==|YWxsb3ktY29udGFpbmVyLWxhdy10aGVvcnktdjM=|YjY0Nzk3MTJlNTE4YjVkZmMxM2YxOTg2Njc2OWYzMGFiODFiNDliZDRiYWQ1MDhhMTc1NjkxZmJiMWQwNjMzZg==	THEORY_MISMATCH	U291cmNlLWNvbW1hbmQgZXZpZGVuY2UgbmFtZXMgdW5zdXBwb3J0ZWQgc2VtYW50aWMgaW1wbGVtZW50YXRpb24gdmVyc2lvbnM=
191	boundary	source:6:FORBID	digest	source	true	6	FORBID	MzE6YWxsb3ktc291cmNlLWNvbW1hbmQtY29udGV4dC12MVsxMTo1MDphbGxveS1jb21tYW5kLW9wdGlvbnMtdjQtaW5kZXBlbmRlbnQtc2VhcmNoLWRvbWFpbjQ6d2lyZTE2OkFORFtzb21lIHRoaXMvQV01OmZhbHNlMTozMTo2MjotMTI6LTEyOi0xMjotMTI6LTFdezM6MTY6NjpzY29wZXNbMDpdezA6fTM0OjIzOmFkZGl0aW9uYWwtZXhhY3Qtc2NvcGVzWzA6XXswOn03MToxNzpleGVjdXRpb24tb3B0aW9uc1sxMDo0OnRydWUyOjIwMTowMToyMTowNTpzYXQ0ajQ6dHJ1ZTI6LTExOjAxOjRdezA6fX0=	cmVwYWlyZWQtbm9ybWFsLWZvcm0tdjM7dHlwZWQtYWxsb3ktbm9ybWFsLWZvcm0tYWRhcHRlci12MTM=	Y2Fub25pY2FsLWFsbG95LXNpZ25hdHVyZS12OA==	0000000000000000000000000000000000000000000000000000000000000000	MTY6c2VtYW50aWMtcHJvZmlsZVs1OjE6NjY6Rk9SQklEMjg0OjMxOmFsbG95LXNvdXJjZS1jb21tYW5kLWNvbnRleHQtdjFbMTE6NTA6YWxsb3ktY29tbWFuZC1vcHRpb25zLXY0LWluZGVwZW5kZW50LXNlYXJjaC1kb21haW40OndpcmUxNjpBTkRbc29tZSB0aGlzL0FdNTpmYWxzZTE6MzE6NjI6LTEyOi0xMjotMTI6LTEyOi0xXXszOjE2OjY6c2NvcGVzWzA6XXswOn0zNDoyMzphZGRpdGlvbmFsLWV4YWN0LXNjb3Blc1swOl17MDp9NzE6MTc6ZXhlY3V0aW9uLW9wdGlvbnNbMTA6NDp0cnVlMjoyMDE6MDE6MjE6MDU6c2F0NGo0OnRydWUyOi0xMTowMTo0XXswOn19NTk6cmVwYWlyZWQtbm9ybWFsLWZvcm0tdjM7dHlwZWQtYWxsb3ktbm9ybWFsLWZvcm0tYWRhcHRlci12MTMyODpjYW5vbmljYWwtYWxsb3ktc2lnbmF0dXJlLXY4XXswOn0=	MTY6c2VtYW50aWMtcHJvZmlsZVs1OjE6NjY6Rk9SQklEMjg0OjMxOmFsbG95LXNvdXJjZS1jb21tYW5kLWNvbnRleHQtdjFbMTE6NTA6YWxsb3ktY29tbWFuZC1vcHRpb25zLXY0LWluZGVwZW5kZW50LXNlYXJjaC1kb21haW40OndpcmUxNjpBTkRbc29tZSB0aGlzL0FdNTpmYWxzZTE6MzE6NjI6LTEyOi0xMjotMTI6LTEyOi0xXXszOjE2OjY6c2NvcGVzWzA6XXswOn0zNDoyMzphZGRpdGlvbmFsLWV4YWN0LXNjb3Blc1swOl17MDp9NzE6MTc6ZXhlY3V0aW9uLW9wdGlvbnNbMTA6NDp0cnVlMjoyMDE6MDE6MjE6MDU6c2F0NGo0OnRydWUyOi0xMTowMTo0XXswOn19NTk6cmVwYWlyZWQtbm9ybWFsLWZvcm0tdjM7dHlwZWQtYWxsb3ktbm9ybWFsLWZvcm0tYWRhcHRlci12MTMyODpjYW5vbmljYWwtYWxsb3ktc2lnbmF0dXJlLXY4XXswOn0=	Ng==|Rk9SQklE|MzE6YWxsb3ktc291cmNlLWNvbW1hbmQtY29udGV4dC12MVsxMTo1MDphbGxveS1jb21tYW5kLW9wdGlvbnMtdjQtaW5kZXBlbmRlbnQtc2VhcmNoLWRvbWFpbjQ6d2lyZTE2OkFORFtzb21lIHRoaXMvQV01OmZhbHNlMTozMTo2MjotMTI6LTEyOi0xMjotMTI6LTFdezM6MTY6NjpzY29wZXNbMDpdezA6fTM0OjIzOmFkZGl0aW9uYWwtZXhhY3Qtc2NvcGVzWzA6XXswOn03MToxNzpleGVjdXRpb24tb3B0aW9uc1sxMDo0OnRydWUyOjIwMTowMToyMTowNTpzYXQ0ajQ6dHJ1ZTI6LTExOjAxOjRdezA6fX0=|cmVwYWlyZWQtbm9ybWFsLWZvcm0tdjM7dHlwZWQtYWxsb3ktbm9ybWFsLWZvcm0tYWRhcHRlci12MTM=|Y2Fub25pY2FsLWFsbG95LXNpZ25hdHVyZS12OA==|MzNkMDUwZmE3YmE0MjM5NDIwOTM0M2IwZjE4MmM2ODAwOGMzNGM2ZWU5ZDNjOWYxMTk1YTlkZGU2MDRkYzc1NQ==|YWxsb3ktY29udGFpbmVyLWxhdy10aGVvcnktdjM=|YjY0Nzk3MTJlNTE4YjVkZmMxM2YxOTg2Njc2OWYzMGFiODFiNDliZDRiYWQ1MDhhMTc1NjkxZmJiMWQwNjMzZg==	THEORY_MISMATCH	U291cmNlLWNvbW1hbmQgc2VtYW50aWMgY29udGV4dCBoYXMgYW4gdW5zdXBwb3J0ZWQgdmVyc2lvbg==
192	boundary	source:6:FORBID	registry-version	source	true	6	FORBID	MzE6YWxsb3ktc291cmNlLWNvbW1hbmQtY29udGV4dC12MVsxMTo1MDphbGxveS1jb21tYW5kLW9wdGlvbnMtdjQtaW5kZXBlbmRlbnQtc2VhcmNoLWRvbWFpbjQ6d2lyZTE2OkFORFtzb21lIHRoaXMvQV01OmZhbHNlMTozMTo2MjotMTI6LTEyOi0xMjotMTI6LTFdezM6MTY6NjpzY29wZXNbMDpdezA6fTM0OjIzOmFkZGl0aW9uYWwtZXhhY3Qtc2NvcGVzWzA6XXswOn03MToxNzpleGVjdXRpb24tb3B0aW9uc1sxMDo0OnRydWUyOjIwMTowMToyMTowNTpzYXQ0ajQ6dHJ1ZTI6LTExOjAxOjRdezA6fX0=	cmVwYWlyZWQtbm9ybWFsLWZvcm0tdjM7dHlwZWQtYWxsb3ktbm9ybWFsLWZvcm0tYWRhcHRlci12MTM=	Y2Fub25pY2FsLWFsbG95LXNpZ25hdHVyZS12OA==	33d050fa7ba42394209343b0f182c68008c34c6ee9d3c9f1195a9dde604dc755	MTY6c2VtYW50aWMtcHJvZmlsZVs1OjE6NjY6Rk9SQklEMjg0OjMxOmFsbG95LXNvdXJjZS1jb21tYW5kLWNvbnRleHQtdjFbMTE6NTA6YWxsb3ktY29tbWFuZC1vcHRpb25zLXY0LWluZGVwZW5kZW50LXNlYXJjaC1kb21haW40OndpcmUxNjpBTkRbc29tZSB0aGlzL0FdNTpmYWxzZTE6MzE6NjI6LTEyOi0xMjotMTI6LTEyOi0xXXszOjE2OjY6c2NvcGVzWzA6XXswOn0zNDoyMzphZGRpdGlvbmFsLWV4YWN0LXNjb3Blc1swOl17MDp9NzE6MTc6ZXhlY3V0aW9uLW9wdGlvbnNbMTA6NDp0cnVlMjoyMDE6MDE6MjE6MDU6c2F0NGo0OnRydWUyOi0xMTowMTo0XXswOn19NTk6cmVwYWlyZWQtbm9ybWFsLWZvcm0tdjM7dHlwZWQtYWxsb3ktbm9ybWFsLWZvcm0tYWRhcHRlci12MTMyODpjYW5vbmljYWwtYWxsb3ktc2lnbmF0dXJlLXY4XXswOn0=	MTY6c2VtYW50aWMtcHJvZmlsZVs1OjE6NjY6Rk9SQklEMjg0OjMxOmFsbG95LXNvdXJjZS1jb21tYW5kLWNvbnRleHQtdjFbMTE6NTA6YWxsb3ktY29tbWFuZC1vcHRpb25zLXY0LWluZGVwZW5kZW50LXNlYXJjaC1kb21haW40OndpcmUxNjpBTkRbc29tZSB0aGlzL0FdNTpmYWxzZTE6MzE6NjI6LTEyOi0xMjotMTI6LTEyOi0xXXszOjE2OjY6c2NvcGVzWzA6XXswOn0zNDoyMzphZGRpdGlvbmFsLWV4YWN0LXNjb3Blc1swOl17MDp9NzE6MTc6ZXhlY3V0aW9uLW9wdGlvbnNbMTA6NDp0cnVlMjoyMDE6MDE6MjE6MDU6c2F0NGo0OnRydWUyOi0xMTowMTo0XXswOn19NTk6cmVwYWlyZWQtbm9ybWFsLWZvcm0tdjM7dHlwZWQtYWxsb3ktbm9ybWFsLWZvcm0tYWRhcHRlci12MTMyODpjYW5vbmljYWwtYWxsb3ktc2lnbmF0dXJlLXY4XXswOn0=	Ng==|Rk9SQklE|MzE6YWxsb3ktc291cmNlLWNvbW1hbmQtY29udGV4dC12MVsxMTo1MDphbGxveS1jb21tYW5kLW9wdGlvbnMtdjQtaW5kZXBlbmRlbnQtc2VhcmNoLWRvbWFpbjQ6d2lyZTE2OkFORFtzb21lIHRoaXMvQV01OmZhbHNlMTozMTo2MjotMTI6LTEyOi0xMjotMTI6LTFdezM6MTY6NjpzY29wZXNbMDpdezA6fTM0OjIzOmFkZGl0aW9uYWwtZXhhY3Qtc2NvcGVzWzA6XXswOn03MToxNzpleGVjdXRpb24tb3B0aW9uc1sxMDo0OnRydWUyOjIwMTowMToyMTowNTpzYXQ0ajQ6dHJ1ZTI6LTExOjAxOjRdezA6fX0=|cmVwYWlyZWQtbm9ybWFsLWZvcm0tdjM7dHlwZWQtYWxsb3ktbm9ybWFsLWZvcm0tYWRhcHRlci12MTM=|Y2Fub25pY2FsLWFsbG95LXNpZ25hdHVyZS12OA==|MzNkMDUwZmE3YmE0MjM5NDIwOTM0M2IwZjE4MmM2ODAwOGMzNGM2ZWU5ZDNjOWYxMTk1YTlkZGU2MDRkYzc1NQ==|YWxsb3ktY29udGFpbmVyLWxhdy10aGVvcnktdjM=|YjY0Nzk3MTJlNTE4YjVkZmMxM2YxOTg2Njc2OWYzMGFiODFiNDliZDRiYWQ1MDhhMTc1NjkxZmJiMWQwNjMzZg==	THEORY_MISMATCH	U291cmNlLWNvbW1hbmQgc2VtYW50aWMgY29udGV4dCBoYXMgYW4gdW5zdXBwb3J0ZWQgdmVyc2lvbg==
193	boundary	source:6:FORBID	registry-digest	source	true	6	FORBID	MzE6YWxsb3ktc291cmNlLWNvbW1hbmQtY29udGV4dC12MVsxMTo1MDphbGxveS1jb21tYW5kLW9wdGlvbnMtdjQtaW5kZXBlbmRlbnQtc2VhcmNoLWRvbWFpbjQ6d2lyZTE2OkFORFtzb21lIHRoaXMvQV01OmZhbHNlMTozMTo2MjotMTI6LTEyOi0xMjotMTI6LTFdezM6MTY6NjpzY29wZXNbMDpdezA6fTM0OjIzOmFkZGl0aW9uYWwtZXhhY3Qtc2NvcGVzWzA6XXswOn03MToxNzpleGVjdXRpb24tb3B0aW9uc1sxMDo0OnRydWUyOjIwMTowMToyMTowNTpzYXQ0ajQ6dHJ1ZTI6LTExOjAxOjRdezA6fX0=	cmVwYWlyZWQtbm9ybWFsLWZvcm0tdjM7dHlwZWQtYWxsb3ktbm9ybWFsLWZvcm0tYWRhcHRlci12MTM=	Y2Fub25pY2FsLWFsbG95LXNpZ25hdHVyZS12OA==	33d050fa7ba42394209343b0f182c68008c34c6ee9d3c9f1195a9dde604dc755	MTY6c2VtYW50aWMtcHJvZmlsZVs1OjE6NjY6Rk9SQklEMjg0OjMxOmFsbG95LXNvdXJjZS1jb21tYW5kLWNvbnRleHQtdjFbMTE6NTA6YWxsb3ktY29tbWFuZC1vcHRpb25zLXY0LWluZGVwZW5kZW50LXNlYXJjaC1kb21haW40OndpcmUxNjpBTkRbc29tZSB0aGlzL0FdNTpmYWxzZTE6MzE6NjI6LTEyOi0xMjotMTI6LTEyOi0xXXszOjE2OjY6c2NvcGVzWzA6XXswOn0zNDoyMzphZGRpdGlvbmFsLWV4YWN0LXNjb3Blc1swOl17MDp9NzE6MTc6ZXhlY3V0aW9uLW9wdGlvbnNbMTA6NDp0cnVlMjoyMDE6MDE6MjE6MDU6c2F0NGo0OnRydWUyOi0xMTowMTo0XXswOn19NTk6cmVwYWlyZWQtbm9ybWFsLWZvcm0tdjM7dHlwZWQtYWxsb3ktbm9ybWFsLWZvcm0tYWRhcHRlci12MTMyODpjYW5vbmljYWwtYWxsb3ktc2lnbmF0dXJlLXY4XXswOn0=	MTY6c2VtYW50aWMtcHJvZmlsZVs1OjE6NjY6Rk9SQklEMjg0OjMxOmFsbG95LXNvdXJjZS1jb21tYW5kLWNvbnRleHQtdjFbMTE6NTA6YWxsb3ktY29tbWFuZC1vcHRpb25zLXY0LWluZGVwZW5kZW50LXNlYXJjaC1kb21haW40OndpcmUxNjpBTkRbc29tZSB0aGlzL0FdNTpmYWxzZTE6MzE6NjI6LTEyOi0xMjotMTI6LTEyOi0xXXszOjE2OjY6c2NvcGVzWzA6XXswOn0zNDoyMzphZGRpdGlvbmFsLWV4YWN0LXNjb3Blc1swOl17MDp9NzE6MTc6ZXhlY3V0aW9uLW9wdGlvbnNbMTA6NDp0cnVlMjoyMDE6MDE6MjE6MDU6c2F0NGo0OnRydWUyOi0xMTowMTo0XXswOn19NTk6cmVwYWlyZWQtbm9ybWFsLWZvcm0tdjM7dHlwZWQtYWxsb3ktbm9ybWFsLWZvcm0tYWRhcHRlci12MTMyODpjYW5vbmljYWwtYWxsb3ktc2lnbmF0dXJlLXY4XXswOn0=	Ng==|Rk9SQklE|MzE6YWxsb3ktc291cmNlLWNvbW1hbmQtY29udGV4dC12MVsxMTo1MDphbGxveS1jb21tYW5kLW9wdGlvbnMtdjQtaW5kZXBlbmRlbnQtc2VhcmNoLWRvbWFpbjQ6d2lyZTE2OkFORFtzb21lIHRoaXMvQV01OmZhbHNlMTozMTo2MjotMTI6LTEyOi0xMjotMTI6LTFdezM6MTY6NjpzY29wZXNbMDpdezA6fTM0OjIzOmFkZGl0aW9uYWwtZXhhY3Qtc2NvcGVzWzA6XXswOn03MToxNzpleGVjdXRpb24tb3B0aW9uc1sxMDo0OnRydWUyOjIwMTowMToyMTowNTpzYXQ0ajQ6dHJ1ZTI6LTExOjAxOjRdezA6fX0=|cmVwYWlyZWQtbm9ybWFsLWZvcm0tdjM7dHlwZWQtYWxsb3ktbm9ybWFsLWZvcm0tYWRhcHRlci12MTM=|Y2Fub25pY2FsLWFsbG95LXNpZ25hdHVyZS12OA==|MzNkMDUwZmE3YmE0MjM5NDIwOTM0M2IwZjE4MmM2ODAwOGMzNGM2ZWU5ZDNjOWYxMTk1YTlkZGU2MDRkYzc1NQ==|YWxsb3ktY29udGFpbmVyLWxhdy10aGVvcnktdjM=|YjY0Nzk3MTJlNTE4YjVkZmMxM2YxOTg2Njc2OWYzMGFiODFiNDliZDRiYWQ1MDhhMTc1NjkxZmJiMWQwNjMzZg==	THEORY_MISMATCH	U291cmNlLWNvbW1hbmQgc2VtYW50aWMgY29udGV4dCBoYXMgYW4gdW5zdXBwb3J0ZWQgdmVyc2lvbg==
194	boundary	source:6:FORBID	publication	source	false	6	FORBID	MzE6YWxsb3ktc291cmNlLWNvbW1hbmQtY29udGV4dC12MVsxMTo1MDphbGxveS1jb21tYW5kLW9wdGlvbnMtdjQtaW5kZXBlbmRlbnQtc2VhcmNoLWRvbWFpbjQ6d2lyZTE2OkFORFtzb21lIHRoaXMvQV01OmZhbHNlMTozMTo2MjotMTI6LTEyOi0xMjotMTI6LTFdezM6MTY6NjpzY29wZXNbMDpdezA6fTM0OjIzOmFkZGl0aW9uYWwtZXhhY3Qtc2NvcGVzWzA6XXswOn03MToxNzpleGVjdXRpb24tb3B0aW9uc1sxMDo0OnRydWUyOjIwMTowMToyMTowNTpzYXQ0ajQ6dHJ1ZTI6LTExOjAxOjRdezA6fX0=	cmVwYWlyZWQtbm9ybWFsLWZvcm0tdjM7dHlwZWQtYWxsb3ktbm9ybWFsLWZvcm0tYWRhcHRlci12MTM=	Y2Fub25pY2FsLWFsbG95LXNpZ25hdHVyZS12OA==	33d050fa7ba42394209343b0f182c68008c34c6ee9d3c9f1195a9dde604dc755	MTY6c2VtYW50aWMtcHJvZmlsZVs1OjE6NjY6Rk9SQklEMjg0OjMxOmFsbG95LXNvdXJjZS1jb21tYW5kLWNvbnRleHQtdjFbMTE6NTA6YWxsb3ktY29tbWFuZC1vcHRpb25zLXY0LWluZGVwZW5kZW50LXNlYXJjaC1kb21haW40OndpcmUxNjpBTkRbc29tZSB0aGlzL0FdNTpmYWxzZTE6MzE6NjI6LTEyOi0xMjotMTI6LTEyOi0xXXszOjE2OjY6c2NvcGVzWzA6XXswOn0zNDoyMzphZGRpdGlvbmFsLWV4YWN0LXNjb3Blc1swOl17MDp9NzE6MTc6ZXhlY3V0aW9uLW9wdGlvbnNbMTA6NDp0cnVlMjoyMDE6MDE6MjE6MDU6c2F0NGo0OnRydWUyOi0xMTowMTo0XXswOn19NTk6cmVwYWlyZWQtbm9ybWFsLWZvcm0tdjM7dHlwZWQtYWxsb3ktbm9ybWFsLWZvcm0tYWRhcHRlci12MTMyODpjYW5vbmljYWwtYWxsb3ktc2lnbmF0dXJlLXY4XXswOn0=	MTY6c2VtYW50aWMtcHJvZmlsZVs1OjE6NjY6Rk9SQklEMjg0OjMxOmFsbG95LXNvdXJjZS1jb21tYW5kLWNvbnRleHQtdjFbMTE6NTA6YWxsb3ktY29tbWFuZC1vcHRpb25zLXY0LWluZGVwZW5kZW50LXNlYXJjaC1kb21haW40OndpcmUxNjpBTkRbc29tZSB0aGlzL0FdNTpmYWxzZTE6MzE6NjI6LTEyOi0xMjotMTI6LTEyOi0xXXszOjE2OjY6c2NvcGVzWzA6XXswOn0zNDoyMzphZGRpdGlvbmFsLWV4YWN0LXNjb3Blc1swOl17MDp9NzE6MTc6ZXhlY3V0aW9uLW9wdGlvbnNbMTA6NDp0cnVlMjoyMDE6MDE6MjE6MDU6c2F0NGo0OnRydWUyOi0xMTowMTo0XXswOn19NTk6cmVwYWlyZWQtbm9ybWFsLWZvcm0tdjM7dHlwZWQtYWxsb3ktbm9ybWFsLWZvcm0tYWRhcHRlci12MTMyODpjYW5vbmljYWwtYWxsb3ktc2lnbmF0dXJlLXY4XXswOn0=	Ng==|Rk9SQklE|MzE6YWxsb3ktc291cmNlLWNvbW1hbmQtY29udGV4dC12MVsxMTo1MDphbGxveS1jb21tYW5kLW9wdGlvbnMtdjQtaW5kZXBlbmRlbnQtc2VhcmNoLWRvbWFpbjQ6d2lyZTE2OkFORFtzb21lIHRoaXMvQV01OmZhbHNlMTozMTo2MjotMTI6LTEyOi0xMjotMTI6LTFdezM6MTY6NjpzY29wZXNbMDpdezA6fTM0OjIzOmFkZGl0aW9uYWwtZXhhY3Qtc2NvcGVzWzA6XXswOn03MToxNzpleGVjdXRpb24tb3B0aW9uc1sxMDo0OnRydWUyOjIwMTowMToyMTowNTpzYXQ0ajQ6dHJ1ZTI6LTExOjAxOjRdezA6fX0=|cmVwYWlyZWQtbm9ybWFsLWZvcm0tdjM7dHlwZWQtYWxsb3ktbm9ybWFsLWZvcm0tYWRhcHRlci12MTM=|Y2Fub25pY2FsLWFsbG95LXNpZ25hdHVyZS12OA==|MzNkMDUwZmE3YmE0MjM5NDIwOTM0M2IwZjE4MmM2ODAwOGMzNGM2ZWU5ZDNjOWYxMTk1YTlkZGU2MDRkYzc1NQ==|YWxsb3ktY29udGFpbmVyLWxhdy10aGVvcnktdjM=|YjY0Nzk3MTJlNTE4YjVkZmMxM2YxOTg2Njc2OWYzMGFiODFiNDliZDRiYWQ1MDhhMTc1NjkxZmJiMWQwNjMzZg==	THEORY_MISMATCH	U291cmNlLWNvbW1hbmQgc2VtYW50aWMgY29udGV4dCBoYXMgYW4gdW5zdXBwb3J0ZWQgdmVyc2lvbg==
195	clone	source:6:FORBID	same-spelling	custom	true	6	FORBID	MzE6YWxsb3ktc291cmNlLWNvbW1hbmQtY29udGV4dC12MVsxMTo1MDphbGxveS1jb21tYW5kLW9wdGlvbnMtdjQtaW5kZXBlbmRlbnQtc2VhcmNoLWRvbWFpbjQ6d2lyZTE2OkFORFtzb21lIHRoaXMvQV01OmZhbHNlMTozMTo2MjotMTI6LTEyOi0xMjotMTI6LTFdezM6MTY6NjpzY29wZXNbMDpdezA6fTM0OjIzOmFkZGl0aW9uYWwtZXhhY3Qtc2NvcGVzWzA6XXswOn03MToxNzpleGVjdXRpb24tb3B0aW9uc1sxMDo0OnRydWUyOjIwMTowMToyMTowNTpzYXQ0ajQ6dHJ1ZTI6LTExOjAxOjRdezA6fX0=	cmVwYWlyZWQtbm9ybWFsLWZvcm0tdjM7dHlwZWQtYWxsb3ktbm9ybWFsLWZvcm0tYWRhcHRlci12MTM=	Y2Fub25pY2FsLWFsbG95LXNpZ25hdHVyZS12OA==	33d050fa7ba42394209343b0f182c68008c34c6ee9d3c9f1195a9dde604dc755	MTY6c2VtYW50aWMtcHJvZmlsZVs1OjE6NjY6Rk9SQklEMjg0OjMxOmFsbG95LXNvdXJjZS1jb21tYW5kLWNvbnRleHQtdjFbMTE6NTA6YWxsb3ktY29tbWFuZC1vcHRpb25zLXY0LWluZGVwZW5kZW50LXNlYXJjaC1kb21haW40OndpcmUxNjpBTkRbc29tZSB0aGlzL0FdNTpmYWxzZTE6MzE6NjI6LTEyOi0xMjotMTI6LTEyOi0xXXszOjE2OjY6c2NvcGVzWzA6XXswOn0zNDoyMzphZGRpdGlvbmFsLWV4YWN0LXNjb3Blc1swOl17MDp9NzE6MTc6ZXhlY3V0aW9uLW9wdGlvbnNbMTA6NDp0cnVlMjoyMDE6MDE6MjE6MDU6c2F0NGo0OnRydWUyOi0xMTowMTo0XXswOn19NTk6cmVwYWlyZWQtbm9ybWFsLWZvcm0tdjM7dHlwZWQtYWxsb3ktbm9ybWFsLWZvcm0tYWRhcHRlci12MTMyODpjYW5vbmljYWwtYWxsb3ktc2lnbmF0dXJlLXY4XXswOn0=	MTY6c2VtYW50aWMtcHJvZmlsZVs1OjE6NjY6Rk9SQklEMjg0OjMxOmFsbG95LXNvdXJjZS1jb21tYW5kLWNvbnRleHQtdjFbMTE6NTA6YWxsb3ktY29tbWFuZC1vcHRpb25zLXY0LWluZGVwZW5kZW50LXNlYXJjaC1kb21haW40OndpcmUxNjpBTkRbc29tZSB0aGlzL0FdNTpmYWxzZTE6MzE6NjI6LTEyOi0xMjotMTI6LTEyOi0xXXszOjE2OjY6c2NvcGVzWzA6XXswOn0zNDoyMzphZGRpdGlvbmFsLWV4YWN0LXNjb3Blc1swOl17MDp9NzE6MTc6ZXhlY3V0aW9uLW9wdGlvbnNbMTA6NDp0cnVlMjoyMDE6MDE6MjE6MDU6c2F0NGo0OnRydWUyOi0xMTowMTo0XXswOn19NTk6cmVwYWlyZWQtbm9ybWFsLWZvcm0tdjM7dHlwZWQtYWxsb3ktbm9ybWFsLWZvcm0tYWRhcHRlci12MTMyODpjYW5vbmljYWwtYWxsb3ktc2lnbmF0dXJlLXY4XXswOn0=	Ng==|Rk9SQklE|MzE6YWxsb3ktc291cmNlLWNvbW1hbmQtY29udGV4dC12MVsxMTo1MDphbGxveS1jb21tYW5kLW9wdGlvbnMtdjQtaW5kZXBlbmRlbnQtc2VhcmNoLWRvbWFpbjQ6d2lyZTE2OkFORFtzb21lIHRoaXMvQV01OmZhbHNlMTozMTo2MjotMTI6LTEyOi0xMjotMTI6LTFdezM6MTY6NjpzY29wZXNbMDpdezA6fTM0OjIzOmFkZGl0aW9uYWwtZXhhY3Qtc2NvcGVzWzA6XXswOn03MToxNzpleGVjdXRpb24tb3B0aW9uc1sxMDo0OnRydWUyOjIwMTowMToyMTowNTpzYXQ0ajQ6dHJ1ZTI6LTExOjAxOjRdezA6fX0=|cmVwYWlyZWQtbm9ybWFsLWZvcm0tdjM7dHlwZWQtYWxsb3ktbm9ybWFsLWZvcm0tYWRhcHRlci12MTM=|Y2Fub25pY2FsLWFsbG95LXNpZ25hdHVyZS12OA==|MzNkMDUwZmE3YmE0MjM5NDIwOTM0M2IwZjE4MmM2ODAwOGMzNGM2ZWU5ZDNjOWYxMTk1YTlkZGU2MDRkYzc1NQ==|YWxsb3ktY29udGFpbmVyLWxhdy10aGVvcnktdjM=|YjY0Nzk3MTJlNTE4YjVkZmMxM2YxOTg2Njc2OWYzMGFiODFiNDliZDRiYWQ1MDhhMTc1NjkxZmJiMWQwNjMzZg==	AUTHORITY_REJECT	
196	boundary	fixed:MODULAR	base	compatibility	true	4	MODULAR	YWxsb3ktdGVtcG9yYWw=	cmVwYWlyZWQtbm9ybWFsLWZvcm0tdjI=	YWxsb3ktc2lnbmF0dXJlLXYy	89e7eca47a6a3c4773e64b18226fdc094a387e46b5224ef92d5601efffaab661	MTY6c2VtYW50aWMtcHJvZmlsZVs1OjE6NDc6TU9EVUxBUjE0OmFsbG95LXRlbXBvcmFsMjM6cmVwYWlyZWQtbm9ybWFsLWZvcm0tdjIxODphbGxveS1zaWduYXR1cmUtdjJdezA6fQ==	MTY6c2VtYW50aWMtcHJvZmlsZVs1OjE6NDc6TU9EVUxBUjE0OmFsbG95LXRlbXBvcmFsMjM6cmVwYWlyZWQtbm9ybWFsLWZvcm0tdjIxODphbGxveS1zaWduYXR1cmUtdjJdezA6fQ==	NA==|TU9EVUxBUg==|YWxsb3ktdGVtcG9yYWw=|cmVwYWlyZWQtbm9ybWFsLWZvcm0tdjI=|YWxsb3ktc2lnbmF0dXJlLXYy|ODllN2VjYTQ3YTZhM2M0NzczZTY0YjE4MjI2ZmRjMDk0YTM4N2U0NmI1MjI0ZWY5MmQ1NjAxZWZmZmFhYjY2MQ==|YWxsb3ktY29udGFpbmVyLWxhdy10aGVvcnktdjM=|YjY0Nzk3MTJlNTE4YjVkZmMxM2YxOTg2Njc2OWYzMGFiODFiNDliZDRiYWQ1MDhhMTc1NjkxZmJiMWQwNjMzZg==	ACCEPT	a2VybmVsIHByb2ZpbGUgaW5kZXBlbmRlbnRseSB2ZXJpZmllZA==
197	boundary	fixed:MODULAR	stale-0	compatibility	true	5	MODULAR	YWxsb3ktdGVtcG9yYWw=	cmVwYWlyZWQtbm9ybWFsLWZvcm0tdjI=	YWxsb3ktc2lnbmF0dXJlLXYy	89e7eca47a6a3c4773e64b18226fdc094a387e46b5224ef92d5601efffaab661	MTY6c2VtYW50aWMtcHJvZmlsZVs1OjE6NTc6TU9EVUxBUjE0OmFsbG95LXRlbXBvcmFsMjM6cmVwYWlyZWQtbm9ybWFsLWZvcm0tdjIxODphbGxveS1zaWduYXR1cmUtdjJdezA6fQ==	MTY6c2VtYW50aWMtcHJvZmlsZVs1OjE6NTc6TU9EVUxBUjE0OmFsbG95LXRlbXBvcmFsMjM6cmVwYWlyZWQtbm9ybWFsLWZvcm0tdjIxODphbGxveS1zaWduYXR1cmUtdjJdezA6fQ==	NA==|TU9EVUxBUg==|YWxsb3ktdGVtcG9yYWw=|cmVwYWlyZWQtbm9ybWFsLWZvcm0tdjI=|YWxsb3ktc2lnbmF0dXJlLXYy|ODllN2VjYTQ3YTZhM2M0NzczZTY0YjE4MjI2ZmRjMDk0YTM4N2U0NmI1MjI0ZWY5MmQ1NjAxZWZmZmFhYjY2MQ==|YWxsb3ktY29udGFpbmVyLWxhdy10aGVvcnktdjM=|YjY0Nzk3MTJlNTE4YjVkZmMxM2YxOTg2Njc2OWYzMGFiODFiNDliZDRiYWQ1MDhhMTc1NjkxZmJiMWQwNjMzZg==	THEORY_MISMATCH	Rml4ZWQgY29tcGF0aWJpbGl0eSBwcm9maWxlcyBhcmUgYXV0aG9yaXplZCBvbmx5IGZvciBURVNUX09OTFkgZXZpZGVuY2U=
198	boundary	fixed:MODULAR	stale-1	compatibility	true	4	FORBID	YWxsb3ktdGVtcG9yYWw=	cmVwYWlyZWQtbm9ybWFsLWZvcm0tdjI=	YWxsb3ktc2lnbmF0dXJlLXYy	89e7eca47a6a3c4773e64b18226fdc094a387e46b5224ef92d5601efffaab661	MTY6c2VtYW50aWMtcHJvZmlsZVs1OjE6NDY6Rk9SQklEMTQ6YWxsb3ktdGVtcG9yYWwyMzpyZXBhaXJlZC1ub3JtYWwtZm9ybS12MjE4OmFsbG95LXNpZ25hdHVyZS12Ml17MDp9	MTY6c2VtYW50aWMtcHJvZmlsZVs1OjE6NDY6Rk9SQklEMTQ6YWxsb3ktdGVtcG9yYWwyMzpyZXBhaXJlZC1ub3JtYWwtZm9ybS12MjE4OmFsbG95LXNpZ25hdHVyZS12Ml17MDp9	NA==|TU9EVUxBUg==|YWxsb3ktdGVtcG9yYWw=|cmVwYWlyZWQtbm9ybWFsLWZvcm0tdjI=|YWxsb3ktc2lnbmF0dXJlLXYy|ODllN2VjYTQ3YTZhM2M0NzczZTY0YjE4MjI2ZmRjMDk0YTM4N2U0NmI1MjI0ZWY5MmQ1NjAxZWZmZmFhYjY2MQ==|YWxsb3ktY29udGFpbmVyLWxhdy10aGVvcnktdjM=|YjY0Nzk3MTJlNTE4YjVkZmMxM2YxOTg2Njc2OWYzMGFiODFiNDliZDRiYWQ1MDhhMTc1NjkxZmJiMWQwNjMzZg==	DIGEST_MISMATCH	U2VtYW50aWMtcHJvZmlsZSBmaW5nZXJwcmludCBkb2VzIG5vdCBtYXRjaCBpdHMgZml2ZS1zY2FsYXIgcHJvZmlsZQ==
199	boundary	fixed:MODULAR	stale-2	compatibility	true	4	MODULAR	YWxsb3ktdGVtcG9yYWw6Y2hhbmdlZA==	cmVwYWlyZWQtbm9ybWFsLWZvcm0tdjI=	YWxsb3ktc2lnbmF0dXJlLXYy	89e7eca47a6a3c4773e64b18226fdc094a387e46b5224ef92d5601efffaab661	MTY6c2VtYW50aWMtcHJvZmlsZVs1OjE6NDc6TU9EVUxBUjIyOmFsbG95LXRlbXBvcmFsOmNoYW5nZWQyMzpyZXBhaXJlZC1ub3JtYWwtZm9ybS12MjE4OmFsbG95LXNpZ25hdHVyZS12Ml17MDp9	MTY6c2VtYW50aWMtcHJvZmlsZVs1OjE6NDc6TU9EVUxBUjIyOmFsbG95LXRlbXBvcmFsOmNoYW5nZWQyMzpyZXBhaXJlZC1ub3JtYWwtZm9ybS12MjE4OmFsbG95LXNpZ25hdHVyZS12Ml17MDp9	NA==|TU9EVUxBUg==|YWxsb3ktdGVtcG9yYWw=|cmVwYWlyZWQtbm9ybWFsLWZvcm0tdjI=|YWxsb3ktc2lnbmF0dXJlLXYy|ODllN2VjYTQ3YTZhM2M0NzczZTY0YjE4MjI2ZmRjMDk0YTM4N2U0NmI1MjI0ZWY5MmQ1NjAxZWZmZmFhYjY2MQ==|YWxsb3ktY29udGFpbmVyLWxhdy10aGVvcnktdjM=|YjY0Nzk3MTJlNTE4YjVkZmMxM2YxOTg2Njc2OWYzMGFiODFiNDliZDRiYWQ1MDhhMTc1NjkxZmJiMWQwNjMzZg==	THEORY_MISMATCH	U291cmNlLWNvbW1hbmQgZXZpZGVuY2UgbmFtZXMgdW5zdXBwb3J0ZWQgc2VtYW50aWMgaW1wbGVtZW50YXRpb24gdmVyc2lvbnM=
200	boundary	fixed:MODULAR	stale-3	compatibility	true	4	MODULAR	YWxsb3ktdGVtcG9yYWw=	cmVwYWlyZWQtbm9ybWFsLWZvcm0tdjI6Y2hhbmdlZA==	YWxsb3ktc2lnbmF0dXJlLXYy	89e7eca47a6a3c4773e64b18226fdc094a387e46b5224ef92d5601efffaab661	MTY6c2VtYW50aWMtcHJvZmlsZVs1OjE6NDc6TU9EVUxBUjE0OmFsbG95LXRlbXBvcmFsMzE6cmVwYWlyZWQtbm9ybWFsLWZvcm0tdjI6Y2hhbmdlZDE4OmFsbG95LXNpZ25hdHVyZS12Ml17MDp9	MTY6c2VtYW50aWMtcHJvZmlsZVs1OjE6NDc6TU9EVUxBUjE0OmFsbG95LXRlbXBvcmFsMzE6cmVwYWlyZWQtbm9ybWFsLWZvcm0tdjI6Y2hhbmdlZDE4OmFsbG95LXNpZ25hdHVyZS12Ml17MDp9	NA==|TU9EVUxBUg==|YWxsb3ktdGVtcG9yYWw=|cmVwYWlyZWQtbm9ybWFsLWZvcm0tdjI=|YWxsb3ktc2lnbmF0dXJlLXYy|ODllN2VjYTQ3YTZhM2M0NzczZTY0YjE4MjI2ZmRjMDk0YTM4N2U0NmI1MjI0ZWY5MmQ1NjAxZWZmZmFhYjY2MQ==|YWxsb3ktY29udGFpbmVyLWxhdy10aGVvcnktdjM=|YjY0Nzk3MTJlNTE4YjVkZmMxM2YxOTg2Njc2OWYzMGFiODFiNDliZDRiYWQ1MDhhMTc1NjkxZmJiMWQwNjMzZg==	THEORY_MISMATCH	Rml4ZWQgY29tcGF0aWJpbGl0eSBwcm9maWxlcyBhcmUgYXV0aG9yaXplZCBvbmx5IGZvciBURVNUX09OTFkgZXZpZGVuY2U=
201	boundary	fixed:MODULAR	stale-4	compatibility	true	4	MODULAR	YWxsb3ktdGVtcG9yYWw=	cmVwYWlyZWQtbm9ybWFsLWZvcm0tdjI=	YWxsb3ktc2lnbmF0dXJlLXYyOmNoYW5nZWQ=	89e7eca47a6a3c4773e64b18226fdc094a387e46b5224ef92d5601efffaab661	MTY6c2VtYW50aWMtcHJvZmlsZVs1OjE6NDc6TU9EVUxBUjE0OmFsbG95LXRlbXBvcmFsMjM6cmVwYWlyZWQtbm9ybWFsLWZvcm0tdjIyNjphbGxveS1zaWduYXR1cmUtdjI6Y2hhbmdlZF17MDp9	MTY6c2VtYW50aWMtcHJvZmlsZVs1OjE6NDc6TU9EVUxBUjE0OmFsbG95LXRlbXBvcmFsMjM6cmVwYWlyZWQtbm9ybWFsLWZvcm0tdjIyNjphbGxveS1zaWduYXR1cmUtdjI6Y2hhbmdlZF17MDp9	NA==|TU9EVUxBUg==|YWxsb3ktdGVtcG9yYWw=|cmVwYWlyZWQtbm9ybWFsLWZvcm0tdjI=|YWxsb3ktc2lnbmF0dXJlLXYy|ODllN2VjYTQ3YTZhM2M0NzczZTY0YjE4MjI2ZmRjMDk0YTM4N2U0NmI1MjI0ZWY5MmQ1NjAxZWZmZmFhYjY2MQ==|YWxsb3ktY29udGFpbmVyLWxhdy10aGVvcnktdjM=|YjY0Nzk3MTJlNTE4YjVkZmMxM2YxOTg2Njc2OWYzMGFiODFiNDliZDRiYWQ1MDhhMTc1NjkxZmJiMWQwNjMzZg==	THEORY_MISMATCH	Rml4ZWQgY29tcGF0aWJpbGl0eSBwcm9maWxlcyBhcmUgYXV0aG9yaXplZCBvbmx5IGZvciBURVNUX09OTFkgZXZpZGVuY2U=
202	boundary	fixed:MODULAR	rehashed-0	compatibility	true	5	MODULAR	YWxsb3ktdGVtcG9yYWw=	cmVwYWlyZWQtbm9ybWFsLWZvcm0tdjI=	YWxsb3ktc2lnbmF0dXJlLXYy	2039644cff410a5b2ba63003e7e377f71585cacc86b9509ed27cbd56f9336b71	MTY6c2VtYW50aWMtcHJvZmlsZVs1OjE6NTc6TU9EVUxBUjE0OmFsbG95LXRlbXBvcmFsMjM6cmVwYWlyZWQtbm9ybWFsLWZvcm0tdjIxODphbGxveS1zaWduYXR1cmUtdjJdezA6fQ==	MTY6c2VtYW50aWMtcHJvZmlsZVs1OjE6NTc6TU9EVUxBUjE0OmFsbG95LXRlbXBvcmFsMjM6cmVwYWlyZWQtbm9ybWFsLWZvcm0tdjIxODphbGxveS1zaWduYXR1cmUtdjJdezA6fQ==	NA==|TU9EVUxBUg==|YWxsb3ktdGVtcG9yYWw=|cmVwYWlyZWQtbm9ybWFsLWZvcm0tdjI=|YWxsb3ktc2lnbmF0dXJlLXYy|ODllN2VjYTQ3YTZhM2M0NzczZTY0YjE4MjI2ZmRjMDk0YTM4N2U0NmI1MjI0ZWY5MmQ1NjAxZWZmZmFhYjY2MQ==|YWxsb3ktY29udGFpbmVyLWxhdy10aGVvcnktdjM=|YjY0Nzk3MTJlNTE4YjVkZmMxM2YxOTg2Njc2OWYzMGFiODFiNDliZDRiYWQ1MDhhMTc1NjkxZmJiMWQwNjMzZg==	THEORY_MISMATCH	Rml4ZWQgY29tcGF0aWJpbGl0eSBwcm9maWxlcyBhcmUgYXV0aG9yaXplZCBvbmx5IGZvciBURVNUX09OTFkgZXZpZGVuY2U=
203	boundary	fixed:MODULAR	rehashed-1	compatibility	true	4	FORBID	YWxsb3ktdGVtcG9yYWw=	cmVwYWlyZWQtbm9ybWFsLWZvcm0tdjI=	YWxsb3ktc2lnbmF0dXJlLXYy	3bdad8f587b547cbce4cc60b65ddc2e165a1a8cbfaf6b42ca9e54a5fe4b7f5da	MTY6c2VtYW50aWMtcHJvZmlsZVs1OjE6NDY6Rk9SQklEMTQ6YWxsb3ktdGVtcG9yYWwyMzpyZXBhaXJlZC1ub3JtYWwtZm9ybS12MjE4OmFsbG95LXNpZ25hdHVyZS12Ml17MDp9	MTY6c2VtYW50aWMtcHJvZmlsZVs1OjE6NDY6Rk9SQklEMTQ6YWxsb3ktdGVtcG9yYWwyMzpyZXBhaXJlZC1ub3JtYWwtZm9ybS12MjE4OmFsbG95LXNpZ25hdHVyZS12Ml17MDp9	NA==|TU9EVUxBUg==|YWxsb3ktdGVtcG9yYWw=|cmVwYWlyZWQtbm9ybWFsLWZvcm0tdjI=|YWxsb3ktc2lnbmF0dXJlLXYy|ODllN2VjYTQ3YTZhM2M0NzczZTY0YjE4MjI2ZmRjMDk0YTM4N2U0NmI1MjI0ZWY5MmQ1NjAxZWZmZmFhYjY2MQ==|YWxsb3ktY29udGFpbmVyLWxhdy10aGVvcnktdjM=|YjY0Nzk3MTJlNTE4YjVkZmMxM2YxOTg2Njc2OWYzMGFiODFiNDliZDRiYWQ1MDhhMTc1NjkxZmJiMWQwNjMzZg==	ACCEPT	a2VybmVsIHByb2ZpbGUgaW5kZXBlbmRlbnRseSB2ZXJpZmllZA==
204	boundary	fixed:MODULAR	rehashed-2	compatibility	true	4	MODULAR	YWxsb3ktdGVtcG9yYWw6Y2hhbmdlZA==	cmVwYWlyZWQtbm9ybWFsLWZvcm0tdjI=	YWxsb3ktc2lnbmF0dXJlLXYy	d850f171ddbdbafe425d9e2d0a54b061dbbba2ab4d771aca12f4d895573e359c	MTY6c2VtYW50aWMtcHJvZmlsZVs1OjE6NDc6TU9EVUxBUjIyOmFsbG95LXRlbXBvcmFsOmNoYW5nZWQyMzpyZXBhaXJlZC1ub3JtYWwtZm9ybS12MjE4OmFsbG95LXNpZ25hdHVyZS12Ml17MDp9	MTY6c2VtYW50aWMtcHJvZmlsZVs1OjE6NDc6TU9EVUxBUjIyOmFsbG95LXRlbXBvcmFsOmNoYW5nZWQyMzpyZXBhaXJlZC1ub3JtYWwtZm9ybS12MjE4OmFsbG95LXNpZ25hdHVyZS12Ml17MDp9	NA==|TU9EVUxBUg==|YWxsb3ktdGVtcG9yYWw=|cmVwYWlyZWQtbm9ybWFsLWZvcm0tdjI=|YWxsb3ktc2lnbmF0dXJlLXYy|ODllN2VjYTQ3YTZhM2M0NzczZTY0YjE4MjI2ZmRjMDk0YTM4N2U0NmI1MjI0ZWY5MmQ1NjAxZWZmZmFhYjY2MQ==|YWxsb3ktY29udGFpbmVyLWxhdy10aGVvcnktdjM=|YjY0Nzk3MTJlNTE4YjVkZmMxM2YxOTg2Njc2OWYzMGFiODFiNDliZDRiYWQ1MDhhMTc1NjkxZmJiMWQwNjMzZg==	THEORY_MISMATCH	U291cmNlLWNvbW1hbmQgZXZpZGVuY2UgbmFtZXMgdW5zdXBwb3J0ZWQgc2VtYW50aWMgaW1wbGVtZW50YXRpb24gdmVyc2lvbnM=
205	boundary	fixed:MODULAR	rehashed-3	compatibility	true	4	MODULAR	YWxsb3ktdGVtcG9yYWw=	cmVwYWlyZWQtbm9ybWFsLWZvcm0tdjI6Y2hhbmdlZA==	YWxsb3ktc2lnbmF0dXJlLXYy	c61ffb199ac90d7e5192a27cb27e58d5442f41bca1251e5adc42eea4a77d9cf2	MTY6c2VtYW50aWMtcHJvZmlsZVs1OjE6NDc6TU9EVUxBUjE0OmFsbG95LXRlbXBvcmFsMzE6cmVwYWlyZWQtbm9ybWFsLWZvcm0tdjI6Y2hhbmdlZDE4OmFsbG95LXNpZ25hdHVyZS12Ml17MDp9	MTY6c2VtYW50aWMtcHJvZmlsZVs1OjE6NDc6TU9EVUxBUjE0OmFsbG95LXRlbXBvcmFsMzE6cmVwYWlyZWQtbm9ybWFsLWZvcm0tdjI6Y2hhbmdlZDE4OmFsbG95LXNpZ25hdHVyZS12Ml17MDp9	NA==|TU9EVUxBUg==|YWxsb3ktdGVtcG9yYWw=|cmVwYWlyZWQtbm9ybWFsLWZvcm0tdjI=|YWxsb3ktc2lnbmF0dXJlLXYy|ODllN2VjYTQ3YTZhM2M0NzczZTY0YjE4MjI2ZmRjMDk0YTM4N2U0NmI1MjI0ZWY5MmQ1NjAxZWZmZmFhYjY2MQ==|YWxsb3ktY29udGFpbmVyLWxhdy10aGVvcnktdjM=|YjY0Nzk3MTJlNTE4YjVkZmMxM2YxOTg2Njc2OWYzMGFiODFiNDliZDRiYWQ1MDhhMTc1NjkxZmJiMWQwNjMzZg==	THEORY_MISMATCH	Rml4ZWQgY29tcGF0aWJpbGl0eSBwcm9maWxlcyBhcmUgYXV0aG9yaXplZCBvbmx5IGZvciBURVNUX09OTFkgZXZpZGVuY2U=
206	boundary	fixed:MODULAR	rehashed-4	compatibility	true	4	MODULAR	YWxsb3ktdGVtcG9yYWw=	cmVwYWlyZWQtbm9ybWFsLWZvcm0tdjI=	YWxsb3ktc2lnbmF0dXJlLXYyOmNoYW5nZWQ=	98a134bda70b138c56930376a0a936b3536036216fa89f40026ab461089c60cb	MTY6c2VtYW50aWMtcHJvZmlsZVs1OjE6NDc6TU9EVUxBUjE0OmFsbG95LXRlbXBvcmFsMjM6cmVwYWlyZWQtbm9ybWFsLWZvcm0tdjIyNjphbGxveS1zaWduYXR1cmUtdjI6Y2hhbmdlZF17MDp9	MTY6c2VtYW50aWMtcHJvZmlsZVs1OjE6NDc6TU9EVUxBUjE0OmFsbG95LXRlbXBvcmFsMjM6cmVwYWlyZWQtbm9ybWFsLWZvcm0tdjIyNjphbGxveS1zaWduYXR1cmUtdjI6Y2hhbmdlZF17MDp9	NA==|TU9EVUxBUg==|YWxsb3ktdGVtcG9yYWw=|cmVwYWlyZWQtbm9ybWFsLWZvcm0tdjI=|YWxsb3ktc2lnbmF0dXJlLXYy|ODllN2VjYTQ3YTZhM2M0NzczZTY0YjE4MjI2ZmRjMDk0YTM4N2U0NmI1MjI0ZWY5MmQ1NjAxZWZmZmFhYjY2MQ==|YWxsb3ktY29udGFpbmVyLWxhdy10aGVvcnktdjM=|YjY0Nzk3MTJlNTE4YjVkZmMxM2YxOTg2Njc2OWYzMGFiODFiNDliZDRiYWQ1MDhhMTc1NjkxZmJiMWQwNjMzZg==	THEORY_MISMATCH	Rml4ZWQgY29tcGF0aWJpbGl0eSBwcm9maWxlcyBhcmUgYXV0aG9yaXplZCBvbmx5IGZvciBURVNUX09OTFkgZXZpZGVuY2U=
207	boundary	fixed:MODULAR	digest	compatibility	true	4	MODULAR	YWxsb3ktdGVtcG9yYWw=	cmVwYWlyZWQtbm9ybWFsLWZvcm0tdjI=	YWxsb3ktc2lnbmF0dXJlLXYy	0000000000000000000000000000000000000000000000000000000000000000	MTY6c2VtYW50aWMtcHJvZmlsZVs1OjE6NDc6TU9EVUxBUjE0OmFsbG95LXRlbXBvcmFsMjM6cmVwYWlyZWQtbm9ybWFsLWZvcm0tdjIxODphbGxveS1zaWduYXR1cmUtdjJdezA6fQ==	MTY6c2VtYW50aWMtcHJvZmlsZVs1OjE6NDc6TU9EVUxBUjE0OmFsbG95LXRlbXBvcmFsMjM6cmVwYWlyZWQtbm9ybWFsLWZvcm0tdjIxODphbGxveS1zaWduYXR1cmUtdjJdezA6fQ==	NA==|TU9EVUxBUg==|YWxsb3ktdGVtcG9yYWw=|cmVwYWlyZWQtbm9ybWFsLWZvcm0tdjI=|YWxsb3ktc2lnbmF0dXJlLXYy|ODllN2VjYTQ3YTZhM2M0NzczZTY0YjE4MjI2ZmRjMDk0YTM4N2U0NmI1MjI0ZWY5MmQ1NjAxZWZmZmFhYjY2MQ==|YWxsb3ktY29udGFpbmVyLWxhdy10aGVvcnktdjM=|YjY0Nzk3MTJlNTE4YjVkZmMxM2YxOTg2Njc2OWYzMGFiODFiNDliZDRiYWQ1MDhhMTc1NjkxZmJiMWQwNjMzZg==	DIGEST_MISMATCH	U2VtYW50aWMtcHJvZmlsZSBmaW5nZXJwcmludCBkb2VzIG5vdCBtYXRjaCBpdHMgZml2ZS1zY2FsYXIgcHJvZmlsZQ==
208	boundary	fixed:MODULAR	registry-version	compatibility	true	4	MODULAR	YWxsb3ktdGVtcG9yYWw=	cmVwYWlyZWQtbm9ybWFsLWZvcm0tdjI=	YWxsb3ktc2lnbmF0dXJlLXYy	89e7eca47a6a3c4773e64b18226fdc094a387e46b5224ef92d5601efffaab661	MTY6c2VtYW50aWMtcHJvZmlsZVs1OjE6NDc6TU9EVUxBUjE0OmFsbG95LXRlbXBvcmFsMjM6cmVwYWlyZWQtbm9ybWFsLWZvcm0tdjIxODphbGxveS1zaWduYXR1cmUtdjJdezA6fQ==	MTY6c2VtYW50aWMtcHJvZmlsZVs1OjE6NDc6TU9EVUxBUjE0OmFsbG95LXRlbXBvcmFsMjM6cmVwYWlyZWQtbm9ybWFsLWZvcm0tdjIxODphbGxveS1zaWduYXR1cmUtdjJdezA6fQ==	NA==|TU9EVUxBUg==|YWxsb3ktdGVtcG9yYWw=|cmVwYWlyZWQtbm9ybWFsLWZvcm0tdjI=|YWxsb3ktc2lnbmF0dXJlLXYy|ODllN2VjYTQ3YTZhM2M0NzczZTY0YjE4MjI2ZmRjMDk0YTM4N2U0NmI1MjI0ZWY5MmQ1NjAxZWZmZmFhYjY2MQ==|YWxsb3ktY29udGFpbmVyLWxhdy10aGVvcnktdjM=|YjY0Nzk3MTJlNTE4YjVkZmMxM2YxOTg2Njc2OWYzMGFiODFiNDliZDRiYWQ1MDhhMTc1NjkxZmJiMWQwNjMzZg==	THEORY_MISMATCH	U2VtYW50aWMgZXZpZGVuY2UgbmFtZXMgYW4gdW5rbm93biBBbGxveSBsYXcgcmVnaXN0cnk=
209	boundary	fixed:MODULAR	registry-digest	compatibility	true	4	MODULAR	YWxsb3ktdGVtcG9yYWw=	cmVwYWlyZWQtbm9ybWFsLWZvcm0tdjI=	YWxsb3ktc2lnbmF0dXJlLXYy	89e7eca47a6a3c4773e64b18226fdc094a387e46b5224ef92d5601efffaab661	MTY6c2VtYW50aWMtcHJvZmlsZVs1OjE6NDc6TU9EVUxBUjE0OmFsbG95LXRlbXBvcmFsMjM6cmVwYWlyZWQtbm9ybWFsLWZvcm0tdjIxODphbGxveS1zaWduYXR1cmUtdjJdezA6fQ==	MTY6c2VtYW50aWMtcHJvZmlsZVs1OjE6NDc6TU9EVUxBUjE0OmFsbG95LXRlbXBvcmFsMjM6cmVwYWlyZWQtbm9ybWFsLWZvcm0tdjIxODphbGxveS1zaWduYXR1cmUtdjJdezA6fQ==	NA==|TU9EVUxBUg==|YWxsb3ktdGVtcG9yYWw=|cmVwYWlyZWQtbm9ybWFsLWZvcm0tdjI=|YWxsb3ktc2lnbmF0dXJlLXYy|ODllN2VjYTQ3YTZhM2M0NzczZTY0YjE4MjI2ZmRjMDk0YTM4N2U0NmI1MjI0ZWY5MmQ1NjAxZWZmZmFhYjY2MQ==|YWxsb3ktY29udGFpbmVyLWxhdy10aGVvcnktdjM=|YjY0Nzk3MTJlNTE4YjVkZmMxM2YxOTg2Njc2OWYzMGFiODFiNDliZDRiYWQ1MDhhMTc1NjkxZmJiMWQwNjMzZg==	DIGEST_MISMATCH	QWxsb3kgbGF3LXJlZ2lzdHJ5IGRpZ2VzdCBkb2VzIG5vdCBtYXRjaCB0aGUgZml4ZWQgdjIgc291cmNlIHRleHQ=
210	boundary	fixed:MODULAR	publication	compatibility	false	4	MODULAR	YWxsb3ktdGVtcG9yYWw=	cmVwYWlyZWQtbm9ybWFsLWZvcm0tdjI=	YWxsb3ktc2lnbmF0dXJlLXYy	89e7eca47a6a3c4773e64b18226fdc094a387e46b5224ef92d5601efffaab661	MTY6c2VtYW50aWMtcHJvZmlsZVs1OjE6NDc6TU9EVUxBUjE0OmFsbG95LXRlbXBvcmFsMjM6cmVwYWlyZWQtbm9ybWFsLWZvcm0tdjIxODphbGxveS1zaWduYXR1cmUtdjJdezA6fQ==	MTY6c2VtYW50aWMtcHJvZmlsZVs1OjE6NDc6TU9EVUxBUjE0OmFsbG95LXRlbXBvcmFsMjM6cmVwYWlyZWQtbm9ybWFsLWZvcm0tdjIxODphbGxveS1zaWduYXR1cmUtdjJdezA6fQ==	NA==|TU9EVUxBUg==|YWxsb3ktdGVtcG9yYWw=|cmVwYWlyZWQtbm9ybWFsLWZvcm0tdjI=|YWxsb3ktc2lnbmF0dXJlLXYy|ODllN2VjYTQ3YTZhM2M0NzczZTY0YjE4MjI2ZmRjMDk0YTM4N2U0NmI1MjI0ZWY5MmQ1NjAxZWZmZmFhYjY2MQ==|YWxsb3ktY29udGFpbmVyLWxhdy10aGVvcnktdjM=|YjY0Nzk3MTJlNTE4YjVkZmMxM2YxOTg2Njc2OWYzMGFiODFiNDliZDRiYWQ1MDhhMTc1NjkxZmJiMWQwNjMzZg==	THEORY_MISMATCH	Rml4ZWQgY29tcGF0aWJpbGl0eSBwcm9maWxlcyBhcmUgYXV0aG9yaXplZCBvbmx5IGZvciBURVNUX09OTFkgZXZpZGVuY2U=
211	clone	fixed:MODULAR	same-spelling	custom	true	4	MODULAR	YWxsb3ktdGVtcG9yYWw=	cmVwYWlyZWQtbm9ybWFsLWZvcm0tdjI=	YWxsb3ktc2lnbmF0dXJlLXYy	89e7eca47a6a3c4773e64b18226fdc094a387e46b5224ef92d5601efffaab661	MTY6c2VtYW50aWMtcHJvZmlsZVs1OjE6NDc6TU9EVUxBUjE0OmFsbG95LXRlbXBvcmFsMjM6cmVwYWlyZWQtbm9ybWFsLWZvcm0tdjIxODphbGxveS1zaWduYXR1cmUtdjJdezA6fQ==	MTY6c2VtYW50aWMtcHJvZmlsZVs1OjE6NDc6TU9EVUxBUjE0OmFsbG95LXRlbXBvcmFsMjM6cmVwYWlyZWQtbm9ybWFsLWZvcm0tdjIxODphbGxveS1zaWduYXR1cmUtdjJdezA6fQ==	NA==|TU9EVUxBUg==|YWxsb3ktdGVtcG9yYWw=|cmVwYWlyZWQtbm9ybWFsLWZvcm0tdjI=|YWxsb3ktc2lnbmF0dXJlLXYy|ODllN2VjYTQ3YTZhM2M0NzczZTY0YjE4MjI2ZmRjMDk0YTM4N2U0NmI1MjI0ZWY5MmQ1NjAxZWZmZmFhYjY2MQ==|YWxsb3ktY29udGFpbmVyLWxhdy10aGVvcnktdjM=|YjY0Nzk3MTJlNTE4YjVkZmMxM2YxOTg2Njc2OWYzMGFiODFiNDliZDRiYWQ1MDhhMTc1NjkxZmJiMWQwNjMzZg==	AUTHORITY_REJECT	
212	boundary	source:3:MODULAR	base	source	true	3	MODULAR	MzE6YWxsb3ktc291cmNlLWNvbW1hbmQtY29udGV4dC12MVsxMTo1MDphbGxveS1jb21tYW5kLW9wdGlvbnMtdjQtaW5kZXBlbmRlbnQtc2VhcmNoLWRvbWFpbjQ6d2lyZTE2OkFORFtzb21lIHRoaXMvQV01OmZhbHNlMTozMTozMjotMTI6LTEyOi0xMjotMTI6LTFdezM6MTY6NjpzY29wZXNbMDpdezA6fTM0OjIzOmFkZGl0aW9uYWwtZXhhY3Qtc2NvcGVzWzA6XXswOn03MjoxNzpleGVjdXRpb24tb3B0aW9uc1sxMDo0OnRydWUyOjIwMTowMToyMTowNTpzYXQ0ajU6ZmFsc2UyOi0xMTowMTo0XXswOn19	cmVwYWlyZWQtbm9ybWFsLWZvcm0tdjM7dHlwZWQtYWxsb3ktbm9ybWFsLWZvcm0tYWRhcHRlci12MTM=	Y2Fub25pY2FsLWFsbG95LXNpZ25hdHVyZS12OA==	0c4cfa7f0568656321658f30633f366bbff6286974608c49bf5af61e53341adc	MTY6c2VtYW50aWMtcHJvZmlsZVs1OjE6Mzc6TU9EVUxBUjI4NTozMTphbGxveS1zb3VyY2UtY29tbWFuZC1jb250ZXh0LXYxWzExOjUwOmFsbG95LWNvbW1hbmQtb3B0aW9ucy12NC1pbmRlcGVuZGVudC1zZWFyY2gtZG9tYWluNDp3aXJlMTY6QU5EW3NvbWUgdGhpcy9BXTU6ZmFsc2UxOjMxOjMyOi0xMjotMTI6LTEyOi0xMjotMV17MzoxNjo2OnNjb3Blc1swOl17MDp9MzQ6MjM6YWRkaXRpb25hbC1leGFjdC1zY29wZXNbMDpdezA6fTcyOjE3OmV4ZWN1dGlvbi1vcHRpb25zWzEwOjQ6dHJ1ZTI6MjAxOjAxOjIxOjA1OnNhdDRqNTpmYWxzZTI6LTExOjAxOjRdezA6fX01OTpyZXBhaXJlZC1ub3JtYWwtZm9ybS12Mzt0eXBlZC1hbGxveS1ub3JtYWwtZm9ybS1hZGFwdGVyLXYxMzI4OmNhbm9uaWNhbC1hbGxveS1zaWduYXR1cmUtdjhdezA6fQ==	MTY6c2VtYW50aWMtcHJvZmlsZVs1OjE6Mzc6TU9EVUxBUjI4NTozMTphbGxveS1zb3VyY2UtY29tbWFuZC1jb250ZXh0LXYxWzExOjUwOmFsbG95LWNvbW1hbmQtb3B0aW9ucy12NC1pbmRlcGVuZGVudC1zZWFyY2gtZG9tYWluNDp3aXJlMTY6QU5EW3NvbWUgdGhpcy9BXTU6ZmFsc2UxOjMxOjMyOi0xMjotMTI6LTEyOi0xMjotMV17MzoxNjo2OnNjb3Blc1swOl17MDp9MzQ6MjM6YWRkaXRpb25hbC1leGFjdC1zY29wZXNbMDpdezA6fTcyOjE3OmV4ZWN1dGlvbi1vcHRpb25zWzEwOjQ6dHJ1ZTI6MjAxOjAxOjIxOjA1OnNhdDRqNTpmYWxzZTI6LTExOjAxOjRdezA6fX01OTpyZXBhaXJlZC1ub3JtYWwtZm9ybS12Mzt0eXBlZC1hbGxveS1ub3JtYWwtZm9ybS1hZGFwdGVyLXYxMzI4OmNhbm9uaWNhbC1hbGxveS1zaWduYXR1cmUtdjhdezA6fQ==	Mw==|TU9EVUxBUg==|MzE6YWxsb3ktc291cmNlLWNvbW1hbmQtY29udGV4dC12MVsxMTo1MDphbGxveS1jb21tYW5kLW9wdGlvbnMtdjQtaW5kZXBlbmRlbnQtc2VhcmNoLWRvbWFpbjQ6d2lyZTE2OkFORFtzb21lIHRoaXMvQV01OmZhbHNlMTozMTozMjotMTI6LTEyOi0xMjotMTI6LTFdezM6MTY6NjpzY29wZXNbMDpdezA6fTM0OjIzOmFkZGl0aW9uYWwtZXhhY3Qtc2NvcGVzWzA6XXswOn03MjoxNzpleGVjdXRpb24tb3B0aW9uc1sxMDo0OnRydWUyOjIwMTowMToyMTowNTpzYXQ0ajU6ZmFsc2UyOi0xMTowMTo0XXswOn19|cmVwYWlyZWQtbm9ybWFsLWZvcm0tdjM7dHlwZWQtYWxsb3ktbm9ybWFsLWZvcm0tYWRhcHRlci12MTM=|Y2Fub25pY2FsLWFsbG95LXNpZ25hdHVyZS12OA==|MGM0Y2ZhN2YwNTY4NjU2MzIxNjU4ZjMwNjMzZjM2NmJiZmY2Mjg2OTc0NjA4YzQ5YmY1YWY2MWU1MzM0MWFkYw==|YWxsb3ktY29udGFpbmVyLWxhdy10aGVvcnktdjM=|YjY0Nzk3MTJlNTE4YjVkZmMxM2YxOTg2Njc2OWYzMGFiODFiNDliZDRiYWQ1MDhhMTc1NjkxZmJiMWQwNjMzZg==	THEORY_MISMATCH	U291cmNlLWNvbW1hbmQgc2VtYW50aWMgY29udGV4dCBoYXMgYW4gdW5zdXBwb3J0ZWQgdmVyc2lvbg==
213	boundary	source:3:MODULAR	stale-0	source	true	4	MODULAR	MzE6YWxsb3ktc291cmNlLWNvbW1hbmQtY29udGV4dC12MVsxMTo1MDphbGxveS1jb21tYW5kLW9wdGlvbnMtdjQtaW5kZXBlbmRlbnQtc2VhcmNoLWRvbWFpbjQ6d2lyZTE2OkFORFtzb21lIHRoaXMvQV01OmZhbHNlMTozMTozMjotMTI6LTEyOi0xMjotMTI6LTFdezM6MTY6NjpzY29wZXNbMDpdezA6fTM0OjIzOmFkZGl0aW9uYWwtZXhhY3Qtc2NvcGVzWzA6XXswOn03MjoxNzpleGVjdXRpb24tb3B0aW9uc1sxMDo0OnRydWUyOjIwMTowMToyMTowNTpzYXQ0ajU6ZmFsc2UyOi0xMTowMTo0XXswOn19	cmVwYWlyZWQtbm9ybWFsLWZvcm0tdjM7dHlwZWQtYWxsb3ktbm9ybWFsLWZvcm0tYWRhcHRlci12MTM=	Y2Fub25pY2FsLWFsbG95LXNpZ25hdHVyZS12OA==	0c4cfa7f0568656321658f30633f366bbff6286974608c49bf5af61e53341adc	MTY6c2VtYW50aWMtcHJvZmlsZVs1OjE6NDc6TU9EVUxBUjI4NTozMTphbGxveS1zb3VyY2UtY29tbWFuZC1jb250ZXh0LXYxWzExOjUwOmFsbG95LWNvbW1hbmQtb3B0aW9ucy12NC1pbmRlcGVuZGVudC1zZWFyY2gtZG9tYWluNDp3aXJlMTY6QU5EW3NvbWUgdGhpcy9BXTU6ZmFsc2UxOjMxOjMyOi0xMjotMTI6LTEyOi0xMjotMV17MzoxNjo2OnNjb3Blc1swOl17MDp9MzQ6MjM6YWRkaXRpb25hbC1leGFjdC1zY29wZXNbMDpdezA6fTcyOjE3OmV4ZWN1dGlvbi1vcHRpb25zWzEwOjQ6dHJ1ZTI6MjAxOjAxOjIxOjA1OnNhdDRqNTpmYWxzZTI6LTExOjAxOjRdezA6fX01OTpyZXBhaXJlZC1ub3JtYWwtZm9ybS12Mzt0eXBlZC1hbGxveS1ub3JtYWwtZm9ybS1hZGFwdGVyLXYxMzI4OmNhbm9uaWNhbC1hbGxveS1zaWduYXR1cmUtdjhdezA6fQ==	MTY6c2VtYW50aWMtcHJvZmlsZVs1OjE6NDc6TU9EVUxBUjI4NTozMTphbGxveS1zb3VyY2UtY29tbWFuZC1jb250ZXh0LXYxWzExOjUwOmFsbG95LWNvbW1hbmQtb3B0aW9ucy12NC1pbmRlcGVuZGVudC1zZWFyY2gtZG9tYWluNDp3aXJlMTY6QU5EW3NvbWUgdGhpcy9BXTU6ZmFsc2UxOjMxOjMyOi0xMjotMTI6LTEyOi0xMjotMV17MzoxNjo2OnNjb3Blc1swOl17MDp9MzQ6MjM6YWRkaXRpb25hbC1leGFjdC1zY29wZXNbMDpdezA6fTcyOjE3OmV4ZWN1dGlvbi1vcHRpb25zWzEwOjQ6dHJ1ZTI6MjAxOjAxOjIxOjA1OnNhdDRqNTpmYWxzZTI6LTExOjAxOjRdezA6fX01OTpyZXBhaXJlZC1ub3JtYWwtZm9ybS12Mzt0eXBlZC1hbGxveS1ub3JtYWwtZm9ybS1hZGFwdGVyLXYxMzI4OmNhbm9uaWNhbC1hbGxveS1zaWduYXR1cmUtdjhdezA6fQ==	Mw==|TU9EVUxBUg==|MzE6YWxsb3ktc291cmNlLWNvbW1hbmQtY29udGV4dC12MVsxMTo1MDphbGxveS1jb21tYW5kLW9wdGlvbnMtdjQtaW5kZXBlbmRlbnQtc2VhcmNoLWRvbWFpbjQ6d2lyZTE2OkFORFtzb21lIHRoaXMvQV01OmZhbHNlMTozMTozMjotMTI6LTEyOi0xMjotMTI6LTFdezM6MTY6NjpzY29wZXNbMDpdezA6fTM0OjIzOmFkZGl0aW9uYWwtZXhhY3Qtc2NvcGVzWzA6XXswOn03MjoxNzpleGVjdXRpb24tb3B0aW9uc1sxMDo0OnRydWUyOjIwMTowMToyMTowNTpzYXQ0ajU6ZmFsc2UyOi0xMTowMTo0XXswOn19|cmVwYWlyZWQtbm9ybWFsLWZvcm0tdjM7dHlwZWQtYWxsb3ktbm9ybWFsLWZvcm0tYWRhcHRlci12MTM=|Y2Fub25pY2FsLWFsbG95LXNpZ25hdHVyZS12OA==|MGM0Y2ZhN2YwNTY4NjU2MzIxNjU4ZjMwNjMzZjM2NmJiZmY2Mjg2OTc0NjA4YzQ5YmY1YWY2MWU1MzM0MWFkYw==|YWxsb3ktY29udGFpbmVyLWxhdy10aGVvcnktdjM=|YjY0Nzk3MTJlNTE4YjVkZmMxM2YxOTg2Njc2OWYzMGFiODFiNDliZDRiYWQ1MDhhMTc1NjkxZmJiMWQwNjMzZg==	THEORY_MISMATCH	U291cmNlLWNvbW1hbmQgc2VtYW50aWMgY29udGV4dCBoYXMgYW4gdW5zdXBwb3J0ZWQgdmVyc2lvbg==
214	boundary	source:3:MODULAR	stale-1	source	true	3	FORBID	MzE6YWxsb3ktc291cmNlLWNvbW1hbmQtY29udGV4dC12MVsxMTo1MDphbGxveS1jb21tYW5kLW9wdGlvbnMtdjQtaW5kZXBlbmRlbnQtc2VhcmNoLWRvbWFpbjQ6d2lyZTE2OkFORFtzb21lIHRoaXMvQV01OmZhbHNlMTozMTozMjotMTI6LTEyOi0xMjotMTI6LTFdezM6MTY6NjpzY29wZXNbMDpdezA6fTM0OjIzOmFkZGl0aW9uYWwtZXhhY3Qtc2NvcGVzWzA6XXswOn03MjoxNzpleGVjdXRpb24tb3B0aW9uc1sxMDo0OnRydWUyOjIwMTowMToyMTowNTpzYXQ0ajU6ZmFsc2UyOi0xMTowMTo0XXswOn19	cmVwYWlyZWQtbm9ybWFsLWZvcm0tdjM7dHlwZWQtYWxsb3ktbm9ybWFsLWZvcm0tYWRhcHRlci12MTM=	Y2Fub25pY2FsLWFsbG95LXNpZ25hdHVyZS12OA==	0c4cfa7f0568656321658f30633f366bbff6286974608c49bf5af61e53341adc	MTY6c2VtYW50aWMtcHJvZmlsZVs1OjE6MzY6Rk9SQklEMjg1OjMxOmFsbG95LXNvdXJjZS1jb21tYW5kLWNvbnRleHQtdjFbMTE6NTA6YWxsb3ktY29tbWFuZC1vcHRpb25zLXY0LWluZGVwZW5kZW50LXNlYXJjaC1kb21haW40OndpcmUxNjpBTkRbc29tZSB0aGlzL0FdNTpmYWxzZTE6MzE6MzI6LTEyOi0xMjotMTI6LTEyOi0xXXszOjE2OjY6c2NvcGVzWzA6XXswOn0zNDoyMzphZGRpdGlvbmFsLWV4YWN0LXNjb3Blc1swOl17MDp9NzI6MTc6ZXhlY3V0aW9uLW9wdGlvbnNbMTA6NDp0cnVlMjoyMDE6MDE6MjE6MDU6c2F0NGo1OmZhbHNlMjotMTE6MDE6NF17MDp9fTU5OnJlcGFpcmVkLW5vcm1hbC1mb3JtLXYzO3R5cGVkLWFsbG95LW5vcm1hbC1mb3JtLWFkYXB0ZXItdjEzMjg6Y2Fub25pY2FsLWFsbG95LXNpZ25hdHVyZS12OF17MDp9	MTY6c2VtYW50aWMtcHJvZmlsZVs1OjE6MzY6Rk9SQklEMjg1OjMxOmFsbG95LXNvdXJjZS1jb21tYW5kLWNvbnRleHQtdjFbMTE6NTA6YWxsb3ktY29tbWFuZC1vcHRpb25zLXY0LWluZGVwZW5kZW50LXNlYXJjaC1kb21haW40OndpcmUxNjpBTkRbc29tZSB0aGlzL0FdNTpmYWxzZTE6MzE6MzI6LTEyOi0xMjotMTI6LTEyOi0xXXszOjE2OjY6c2NvcGVzWzA6XXswOn0zNDoyMzphZGRpdGlvbmFsLWV4YWN0LXNjb3Blc1swOl17MDp9NzI6MTc6ZXhlY3V0aW9uLW9wdGlvbnNbMTA6NDp0cnVlMjoyMDE6MDE6MjE6MDU6c2F0NGo1OmZhbHNlMjotMTE6MDE6NF17MDp9fTU5OnJlcGFpcmVkLW5vcm1hbC1mb3JtLXYzO3R5cGVkLWFsbG95LW5vcm1hbC1mb3JtLWFkYXB0ZXItdjEzMjg6Y2Fub25pY2FsLWFsbG95LXNpZ25hdHVyZS12OF17MDp9	Mw==|TU9EVUxBUg==|MzE6YWxsb3ktc291cmNlLWNvbW1hbmQtY29udGV4dC12MVsxMTo1MDphbGxveS1jb21tYW5kLW9wdGlvbnMtdjQtaW5kZXBlbmRlbnQtc2VhcmNoLWRvbWFpbjQ6d2lyZTE2OkFORFtzb21lIHRoaXMvQV01OmZhbHNlMTozMTozMjotMTI6LTEyOi0xMjotMTI6LTFdezM6MTY6NjpzY29wZXNbMDpdezA6fTM0OjIzOmFkZGl0aW9uYWwtZXhhY3Qtc2NvcGVzWzA6XXswOn03MjoxNzpleGVjdXRpb24tb3B0aW9uc1sxMDo0OnRydWUyOjIwMTowMToyMTowNTpzYXQ0ajU6ZmFsc2UyOi0xMTowMTo0XXswOn19|cmVwYWlyZWQtbm9ybWFsLWZvcm0tdjM7dHlwZWQtYWxsb3ktbm9ybWFsLWZvcm0tYWRhcHRlci12MTM=|Y2Fub25pY2FsLWFsbG95LXNpZ25hdHVyZS12OA==|MGM0Y2ZhN2YwNTY4NjU2MzIxNjU4ZjMwNjMzZjM2NmJiZmY2Mjg2OTc0NjA4YzQ5YmY1YWY2MWU1MzM0MWFkYw==|YWxsb3ktY29udGFpbmVyLWxhdy10aGVvcnktdjM=|YjY0Nzk3MTJlNTE4YjVkZmMxM2YxOTg2Njc2OWYzMGFiODFiNDliZDRiYWQ1MDhhMTc1NjkxZmJiMWQwNjMzZg==	THEORY_MISMATCH	U291cmNlLWNvbW1hbmQgc2VtYW50aWMgY29udGV4dCBoYXMgYW4gdW5zdXBwb3J0ZWQgdmVyc2lvbg==
215	boundary	source:3:MODULAR	stale-2	source	true	3	MODULAR	MzE6YWxsb3ktc291cmNlLWNvbW1hbmQtY29udGV4dC12MVsxMTo1MDphbGxveS1jb21tYW5kLW9wdGlvbnMtdjQtaW5kZXBlbmRlbnQtc2VhcmNoLWRvbWFpbjQ6d2lyZTE2OkFORFtzb21lIHRoaXMvQV01OmZhbHNlMTozMTozMjotMTI6LTEyOi0xMjotMTI6LTFdezM6MTY6NjpzY29wZXNbMDpdezA6fTM0OjIzOmFkZGl0aW9uYWwtZXhhY3Qtc2NvcGVzWzA6XXswOn03MjoxNzpleGVjdXRpb24tb3B0aW9uc1sxMDo0OnRydWUyOjIwMTowMToyMTowNTpzYXQ0ajU6ZmFsc2UyOi0xMTowMTo0XXswOn19OmNoYW5nZWQ=	cmVwYWlyZWQtbm9ybWFsLWZvcm0tdjM7dHlwZWQtYWxsb3ktbm9ybWFsLWZvcm0tYWRhcHRlci12MTM=	Y2Fub25pY2FsLWFsbG95LXNpZ25hdHVyZS12OA==	0c4cfa7f0568656321658f30633f366bbff6286974608c49bf5af61e53341adc	MTY6c2VtYW50aWMtcHJvZmlsZVs1OjE6Mzc6TU9EVUxBUjI5MzozMTphbGxveS1zb3VyY2UtY29tbWFuZC1jb250ZXh0LXYxWzExOjUwOmFsbG95LWNvbW1hbmQtb3B0aW9ucy12NC1pbmRlcGVuZGVudC1zZWFyY2gtZG9tYWluNDp3aXJlMTY6QU5EW3NvbWUgdGhpcy9BXTU6ZmFsc2UxOjMxOjMyOi0xMjotMTI6LTEyOi0xMjotMV17MzoxNjo2OnNjb3Blc1swOl17MDp9MzQ6MjM6YWRkaXRpb25hbC1leGFjdC1zY29wZXNbMDpdezA6fTcyOjE3OmV4ZWN1dGlvbi1vcHRpb25zWzEwOjQ6dHJ1ZTI6MjAxOjAxOjIxOjA1OnNhdDRqNTpmYWxzZTI6LTExOjAxOjRdezA6fX06Y2hhbmdlZDU5OnJlcGFpcmVkLW5vcm1hbC1mb3JtLXYzO3R5cGVkLWFsbG95LW5vcm1hbC1mb3JtLWFkYXB0ZXItdjEzMjg6Y2Fub25pY2FsLWFsbG95LXNpZ25hdHVyZS12OF17MDp9	MTY6c2VtYW50aWMtcHJvZmlsZVs1OjE6Mzc6TU9EVUxBUjI5MzozMTphbGxveS1zb3VyY2UtY29tbWFuZC1jb250ZXh0LXYxWzExOjUwOmFsbG95LWNvbW1hbmQtb3B0aW9ucy12NC1pbmRlcGVuZGVudC1zZWFyY2gtZG9tYWluNDp3aXJlMTY6QU5EW3NvbWUgdGhpcy9BXTU6ZmFsc2UxOjMxOjMyOi0xMjotMTI6LTEyOi0xMjotMV17MzoxNjo2OnNjb3Blc1swOl17MDp9MzQ6MjM6YWRkaXRpb25hbC1leGFjdC1zY29wZXNbMDpdezA6fTcyOjE3OmV4ZWN1dGlvbi1vcHRpb25zWzEwOjQ6dHJ1ZTI6MjAxOjAxOjIxOjA1OnNhdDRqNTpmYWxzZTI6LTExOjAxOjRdezA6fX06Y2hhbmdlZDU5OnJlcGFpcmVkLW5vcm1hbC1mb3JtLXYzO3R5cGVkLWFsbG95LW5vcm1hbC1mb3JtLWFkYXB0ZXItdjEzMjg6Y2Fub25pY2FsLWFsbG95LXNpZ25hdHVyZS12OF17MDp9	Mw==|TU9EVUxBUg==|MzE6YWxsb3ktc291cmNlLWNvbW1hbmQtY29udGV4dC12MVsxMTo1MDphbGxveS1jb21tYW5kLW9wdGlvbnMtdjQtaW5kZXBlbmRlbnQtc2VhcmNoLWRvbWFpbjQ6d2lyZTE2OkFORFtzb21lIHRoaXMvQV01OmZhbHNlMTozMTozMjotMTI6LTEyOi0xMjotMTI6LTFdezM6MTY6NjpzY29wZXNbMDpdezA6fTM0OjIzOmFkZGl0aW9uYWwtZXhhY3Qtc2NvcGVzWzA6XXswOn03MjoxNzpleGVjdXRpb24tb3B0aW9uc1sxMDo0OnRydWUyOjIwMTowMToyMTowNTpzYXQ0ajU6ZmFsc2UyOi0xMTowMTo0XXswOn19|cmVwYWlyZWQtbm9ybWFsLWZvcm0tdjM7dHlwZWQtYWxsb3ktbm9ybWFsLWZvcm0tYWRhcHRlci12MTM=|Y2Fub25pY2FsLWFsbG95LXNpZ25hdHVyZS12OA==|MGM0Y2ZhN2YwNTY4NjU2MzIxNjU4ZjMwNjMzZjM2NmJiZmY2Mjg2OTc0NjA4YzQ5YmY1YWY2MWU1MzM0MWFkYw==|YWxsb3ktY29udGFpbmVyLWxhdy10aGVvcnktdjM=|YjY0Nzk3MTJlNTE4YjVkZmMxM2YxOTg2Njc2OWYzMGFiODFiNDliZDRiYWQ1MDhhMTc1NjkxZmJiMWQwNjMzZg==	INVALID_RECORD_SHAPE	c291cmNlLWNvbW1hbmQgc2VtYW50aWMgY29udGV4dCBoYXMgdHJhaWxpbmcgc3RydWN0dXJhbC1rZXkgZGF0YQ==
216	boundary	source:3:MODULAR	stale-3	source	true	3	MODULAR	MzE6YWxsb3ktc291cmNlLWNvbW1hbmQtY29udGV4dC12MVsxMTo1MDphbGxveS1jb21tYW5kLW9wdGlvbnMtdjQtaW5kZXBlbmRlbnQtc2VhcmNoLWRvbWFpbjQ6d2lyZTE2OkFORFtzb21lIHRoaXMvQV01OmZhbHNlMTozMTozMjotMTI6LTEyOi0xMjotMTI6LTFdezM6MTY6NjpzY29wZXNbMDpdezA6fTM0OjIzOmFkZGl0aW9uYWwtZXhhY3Qtc2NvcGVzWzA6XXswOn03MjoxNzpleGVjdXRpb24tb3B0aW9uc1sxMDo0OnRydWUyOjIwMTowMToyMTowNTpzYXQ0ajU6ZmFsc2UyOi0xMTowMTo0XXswOn19	cmVwYWlyZWQtbm9ybWFsLWZvcm0tdjM7dHlwZWQtYWxsb3ktbm9ybWFsLWZvcm0tYWRhcHRlci12MTM6Y2hhbmdlZA==	Y2Fub25pY2FsLWFsbG95LXNpZ25hdHVyZS12OA==	0c4cfa7f0568656321658f30633f366bbff6286974608c49bf5af61e53341adc	MTY6c2VtYW50aWMtcHJvZmlsZVs1OjE6Mzc6TU9EVUxBUjI4NTozMTphbGxveS1zb3VyY2UtY29tbWFuZC1jb250ZXh0LXYxWzExOjUwOmFsbG95LWNvbW1hbmQtb3B0aW9ucy12NC1pbmRlcGVuZGVudC1zZWFyY2gtZG9tYWluNDp3aXJlMTY6QU5EW3NvbWUgdGhpcy9BXTU6ZmFsc2UxOjMxOjMyOi0xMjotMTI6LTEyOi0xMjotMV17MzoxNjo2OnNjb3Blc1swOl17MDp9MzQ6MjM6YWRkaXRpb25hbC1leGFjdC1zY29wZXNbMDpdezA6fTcyOjE3OmV4ZWN1dGlvbi1vcHRpb25zWzEwOjQ6dHJ1ZTI6MjAxOjAxOjIxOjA1OnNhdDRqNTpmYWxzZTI6LTExOjAxOjRdezA6fX02NzpyZXBhaXJlZC1ub3JtYWwtZm9ybS12Mzt0eXBlZC1hbGxveS1ub3JtYWwtZm9ybS1hZGFwdGVyLXYxMzpjaGFuZ2VkMjg6Y2Fub25pY2FsLWFsbG95LXNpZ25hdHVyZS12OF17MDp9	MTY6c2VtYW50aWMtcHJvZmlsZVs1OjE6Mzc6TU9EVUxBUjI4NTozMTphbGxveS1zb3VyY2UtY29tbWFuZC1jb250ZXh0LXYxWzExOjUwOmFsbG95LWNvbW1hbmQtb3B0aW9ucy12NC1pbmRlcGVuZGVudC1zZWFyY2gtZG9tYWluNDp3aXJlMTY6QU5EW3NvbWUgdGhpcy9BXTU6ZmFsc2UxOjMxOjMyOi0xMjotMTI6LTEyOi0xMjotMV17MzoxNjo2OnNjb3Blc1swOl17MDp9MzQ6MjM6YWRkaXRpb25hbC1leGFjdC1zY29wZXNbMDpdezA6fTcyOjE3OmV4ZWN1dGlvbi1vcHRpb25zWzEwOjQ6dHJ1ZTI6MjAxOjAxOjIxOjA1OnNhdDRqNTpmYWxzZTI6LTExOjAxOjRdezA6fX02NzpyZXBhaXJlZC1ub3JtYWwtZm9ybS12Mzt0eXBlZC1hbGxveS1ub3JtYWwtZm9ybS1hZGFwdGVyLXYxMzpjaGFuZ2VkMjg6Y2Fub25pY2FsLWFsbG95LXNpZ25hdHVyZS12OF17MDp9	Mw==|TU9EVUxBUg==|MzE6YWxsb3ktc291cmNlLWNvbW1hbmQtY29udGV4dC12MVsxMTo1MDphbGxveS1jb21tYW5kLW9wdGlvbnMtdjQtaW5kZXBlbmRlbnQtc2VhcmNoLWRvbWFpbjQ6d2lyZTE2OkFORFtzb21lIHRoaXMvQV01OmZhbHNlMTozMTozMjotMTI6LTEyOi0xMjotMTI6LTFdezM6MTY6NjpzY29wZXNbMDpdezA6fTM0OjIzOmFkZGl0aW9uYWwtZXhhY3Qtc2NvcGVzWzA6XXswOn03MjoxNzpleGVjdXRpb24tb3B0aW9uc1sxMDo0OnRydWUyOjIwMTowMToyMTowNTpzYXQ0ajU6ZmFsc2UyOi0xMTowMTo0XXswOn19|cmVwYWlyZWQtbm9ybWFsLWZvcm0tdjM7dHlwZWQtYWxsb3ktbm9ybWFsLWZvcm0tYWRhcHRlci12MTM=|Y2Fub25pY2FsLWFsbG95LXNpZ25hdHVyZS12OA==|MGM0Y2ZhN2YwNTY4NjU2MzIxNjU4ZjMwNjMzZjM2NmJiZmY2Mjg2OTc0NjA4YzQ5YmY1YWY2MWU1MzM0MWFkYw==|YWxsb3ktY29udGFpbmVyLWxhdy10aGVvcnktdjM=|YjY0Nzk3MTJlNTE4YjVkZmMxM2YxOTg2Njc2OWYzMGFiODFiNDliZDRiYWQ1MDhhMTc1NjkxZmJiMWQwNjMzZg==	THEORY_MISMATCH	U291cmNlLWNvbW1hbmQgZXZpZGVuY2UgbmFtZXMgdW5zdXBwb3J0ZWQgc2VtYW50aWMgaW1wbGVtZW50YXRpb24gdmVyc2lvbnM=
217	boundary	source:3:MODULAR	stale-4	source	true	3	MODULAR	MzE6YWxsb3ktc291cmNlLWNvbW1hbmQtY29udGV4dC12MVsxMTo1MDphbGxveS1jb21tYW5kLW9wdGlvbnMtdjQtaW5kZXBlbmRlbnQtc2VhcmNoLWRvbWFpbjQ6d2lyZTE2OkFORFtzb21lIHRoaXMvQV01OmZhbHNlMTozMTozMjotMTI6LTEyOi0xMjotMTI6LTFdezM6MTY6NjpzY29wZXNbMDpdezA6fTM0OjIzOmFkZGl0aW9uYWwtZXhhY3Qtc2NvcGVzWzA6XXswOn03MjoxNzpleGVjdXRpb24tb3B0aW9uc1sxMDo0OnRydWUyOjIwMTowMToyMTowNTpzYXQ0ajU6ZmFsc2UyOi0xMTowMTo0XXswOn19	cmVwYWlyZWQtbm9ybWFsLWZvcm0tdjM7dHlwZWQtYWxsb3ktbm9ybWFsLWZvcm0tYWRhcHRlci12MTM=	Y2Fub25pY2FsLWFsbG95LXNpZ25hdHVyZS12ODpjaGFuZ2Vk	0c4cfa7f0568656321658f30633f366bbff6286974608c49bf5af61e53341adc	MTY6c2VtYW50aWMtcHJvZmlsZVs1OjE6Mzc6TU9EVUxBUjI4NTozMTphbGxveS1zb3VyY2UtY29tbWFuZC1jb250ZXh0LXYxWzExOjUwOmFsbG95LWNvbW1hbmQtb3B0aW9ucy12NC1pbmRlcGVuZGVudC1zZWFyY2gtZG9tYWluNDp3aXJlMTY6QU5EW3NvbWUgdGhpcy9BXTU6ZmFsc2UxOjMxOjMyOi0xMjotMTI6LTEyOi0xMjotMV17MzoxNjo2OnNjb3Blc1swOl17MDp9MzQ6MjM6YWRkaXRpb25hbC1leGFjdC1zY29wZXNbMDpdezA6fTcyOjE3OmV4ZWN1dGlvbi1vcHRpb25zWzEwOjQ6dHJ1ZTI6MjAxOjAxOjIxOjA1OnNhdDRqNTpmYWxzZTI6LTExOjAxOjRdezA6fX01OTpyZXBhaXJlZC1ub3JtYWwtZm9ybS12Mzt0eXBlZC1hbGxveS1ub3JtYWwtZm9ybS1hZGFwdGVyLXYxMzM2OmNhbm9uaWNhbC1hbGxveS1zaWduYXR1cmUtdjg6Y2hhbmdlZF17MDp9	MTY6c2VtYW50aWMtcHJvZmlsZVs1OjE6Mzc6TU9EVUxBUjI4NTozMTphbGxveS1zb3VyY2UtY29tbWFuZC1jb250ZXh0LXYxWzExOjUwOmFsbG95LWNvbW1hbmQtb3B0aW9ucy12NC1pbmRlcGVuZGVudC1zZWFyY2gtZG9tYWluNDp3aXJlMTY6QU5EW3NvbWUgdGhpcy9BXTU6ZmFsc2UxOjMxOjMyOi0xMjotMTI6LTEyOi0xMjotMV17MzoxNjo2OnNjb3Blc1swOl17MDp9MzQ6MjM6YWRkaXRpb25hbC1leGFjdC1zY29wZXNbMDpdezA6fTcyOjE3OmV4ZWN1dGlvbi1vcHRpb25zWzEwOjQ6dHJ1ZTI6MjAxOjAxOjIxOjA1OnNhdDRqNTpmYWxzZTI6LTExOjAxOjRdezA6fX01OTpyZXBhaXJlZC1ub3JtYWwtZm9ybS12Mzt0eXBlZC1hbGxveS1ub3JtYWwtZm9ybS1hZGFwdGVyLXYxMzM2OmNhbm9uaWNhbC1hbGxveS1zaWduYXR1cmUtdjg6Y2hhbmdlZF17MDp9	Mw==|TU9EVUxBUg==|MzE6YWxsb3ktc291cmNlLWNvbW1hbmQtY29udGV4dC12MVsxMTo1MDphbGxveS1jb21tYW5kLW9wdGlvbnMtdjQtaW5kZXBlbmRlbnQtc2VhcmNoLWRvbWFpbjQ6d2lyZTE2OkFORFtzb21lIHRoaXMvQV01OmZhbHNlMTozMTozMjotMTI6LTEyOi0xMjotMTI6LTFdezM6MTY6NjpzY29wZXNbMDpdezA6fTM0OjIzOmFkZGl0aW9uYWwtZXhhY3Qtc2NvcGVzWzA6XXswOn03MjoxNzpleGVjdXRpb24tb3B0aW9uc1sxMDo0OnRydWUyOjIwMTowMToyMTowNTpzYXQ0ajU6ZmFsc2UyOi0xMTowMTo0XXswOn19|cmVwYWlyZWQtbm9ybWFsLWZvcm0tdjM7dHlwZWQtYWxsb3ktbm9ybWFsLWZvcm0tYWRhcHRlci12MTM=|Y2Fub25pY2FsLWFsbG95LXNpZ25hdHVyZS12OA==|MGM0Y2ZhN2YwNTY4NjU2MzIxNjU4ZjMwNjMzZjM2NmJiZmY2Mjg2OTc0NjA4YzQ5YmY1YWY2MWU1MzM0MWFkYw==|YWxsb3ktY29udGFpbmVyLWxhdy10aGVvcnktdjM=|YjY0Nzk3MTJlNTE4YjVkZmMxM2YxOTg2Njc2OWYzMGFiODFiNDliZDRiYWQ1MDhhMTc1NjkxZmJiMWQwNjMzZg==	THEORY_MISMATCH	U291cmNlLWNvbW1hbmQgZXZpZGVuY2UgbmFtZXMgdW5zdXBwb3J0ZWQgc2VtYW50aWMgaW1wbGVtZW50YXRpb24gdmVyc2lvbnM=
218	boundary	source:3:MODULAR	rehashed-0	source	true	4	MODULAR	MzE6YWxsb3ktc291cmNlLWNvbW1hbmQtY29udGV4dC12MVsxMTo1MDphbGxveS1jb21tYW5kLW9wdGlvbnMtdjQtaW5kZXBlbmRlbnQtc2VhcmNoLWRvbWFpbjQ6d2lyZTE2OkFORFtzb21lIHRoaXMvQV01OmZhbHNlMTozMTozMjotMTI6LTEyOi0xMjotMTI6LTFdezM6MTY6NjpzY29wZXNbMDpdezA6fTM0OjIzOmFkZGl0aW9uYWwtZXhhY3Qtc2NvcGVzWzA6XXswOn03MjoxNzpleGVjdXRpb24tb3B0aW9uc1sxMDo0OnRydWUyOjIwMTowMToyMTowNTpzYXQ0ajU6ZmFsc2UyOi0xMTowMTo0XXswOn19	cmVwYWlyZWQtbm9ybWFsLWZvcm0tdjM7dHlwZWQtYWxsb3ktbm9ybWFsLWZvcm0tYWRhcHRlci12MTM=	Y2Fub25pY2FsLWFsbG95LXNpZ25hdHVyZS12OA==	3d590d1aa1472fcf16370e29a7b1cd1204011fe101545dc3ea52888f6f57b6df	MTY6c2VtYW50aWMtcHJvZmlsZVs1OjE6NDc6TU9EVUxBUjI4NTozMTphbGxveS1zb3VyY2UtY29tbWFuZC1jb250ZXh0LXYxWzExOjUwOmFsbG95LWNvbW1hbmQtb3B0aW9ucy12NC1pbmRlcGVuZGVudC1zZWFyY2gtZG9tYWluNDp3aXJlMTY6QU5EW3NvbWUgdGhpcy9BXTU6ZmFsc2UxOjMxOjMyOi0xMjotMTI6LTEyOi0xMjotMV17MzoxNjo2OnNjb3Blc1swOl17MDp9MzQ6MjM6YWRkaXRpb25hbC1leGFjdC1zY29wZXNbMDpdezA6fTcyOjE3OmV4ZWN1dGlvbi1vcHRpb25zWzEwOjQ6dHJ1ZTI6MjAxOjAxOjIxOjA1OnNhdDRqNTpmYWxzZTI6LTExOjAxOjRdezA6fX01OTpyZXBhaXJlZC1ub3JtYWwtZm9ybS12Mzt0eXBlZC1hbGxveS1ub3JtYWwtZm9ybS1hZGFwdGVyLXYxMzI4OmNhbm9uaWNhbC1hbGxveS1zaWduYXR1cmUtdjhdezA6fQ==	MTY6c2VtYW50aWMtcHJvZmlsZVs1OjE6NDc6TU9EVUxBUjI4NTozMTphbGxveS1zb3VyY2UtY29tbWFuZC1jb250ZXh0LXYxWzExOjUwOmFsbG95LWNvbW1hbmQtb3B0aW9ucy12NC1pbmRlcGVuZGVudC1zZWFyY2gtZG9tYWluNDp3aXJlMTY6QU5EW3NvbWUgdGhpcy9BXTU6ZmFsc2UxOjMxOjMyOi0xMjotMTI6LTEyOi0xMjotMV17MzoxNjo2OnNjb3Blc1swOl17MDp9MzQ6MjM6YWRkaXRpb25hbC1leGFjdC1zY29wZXNbMDpdezA6fTcyOjE3OmV4ZWN1dGlvbi1vcHRpb25zWzEwOjQ6dHJ1ZTI6MjAxOjAxOjIxOjA1OnNhdDRqNTpmYWxzZTI6LTExOjAxOjRdezA6fX01OTpyZXBhaXJlZC1ub3JtYWwtZm9ybS12Mzt0eXBlZC1hbGxveS1ub3JtYWwtZm9ybS1hZGFwdGVyLXYxMzI4OmNhbm9uaWNhbC1hbGxveS1zaWduYXR1cmUtdjhdezA6fQ==	Mw==|TU9EVUxBUg==|MzE6YWxsb3ktc291cmNlLWNvbW1hbmQtY29udGV4dC12MVsxMTo1MDphbGxveS1jb21tYW5kLW9wdGlvbnMtdjQtaW5kZXBlbmRlbnQtc2VhcmNoLWRvbWFpbjQ6d2lyZTE2OkFORFtzb21lIHRoaXMvQV01OmZhbHNlMTozMTozMjotMTI6LTEyOi0xMjotMTI6LTFdezM6MTY6NjpzY29wZXNbMDpdezA6fTM0OjIzOmFkZGl0aW9uYWwtZXhhY3Qtc2NvcGVzWzA6XXswOn03MjoxNzpleGVjdXRpb24tb3B0aW9uc1sxMDo0OnRydWUyOjIwMTowMToyMTowNTpzYXQ0ajU6ZmFsc2UyOi0xMTowMTo0XXswOn19|cmVwYWlyZWQtbm9ybWFsLWZvcm0tdjM7dHlwZWQtYWxsb3ktbm9ybWFsLWZvcm0tYWRhcHRlci12MTM=|Y2Fub25pY2FsLWFsbG95LXNpZ25hdHVyZS12OA==|MGM0Y2ZhN2YwNTY4NjU2MzIxNjU4ZjMwNjMzZjM2NmJiZmY2Mjg2OTc0NjA4YzQ5YmY1YWY2MWU1MzM0MWFkYw==|YWxsb3ktY29udGFpbmVyLWxhdy10aGVvcnktdjM=|YjY0Nzk3MTJlNTE4YjVkZmMxM2YxOTg2Njc2OWYzMGFiODFiNDliZDRiYWQ1MDhhMTc1NjkxZmJiMWQwNjMzZg==	THEORY_MISMATCH	U291cmNlLWNvbW1hbmQgc2VtYW50aWMgY29udGV4dCBoYXMgYW4gdW5zdXBwb3J0ZWQgdmVyc2lvbg==
219	boundary	source:3:MODULAR	rehashed-1	source	true	3	FORBID	MzE6YWxsb3ktc291cmNlLWNvbW1hbmQtY29udGV4dC12MVsxMTo1MDphbGxveS1jb21tYW5kLW9wdGlvbnMtdjQtaW5kZXBlbmRlbnQtc2VhcmNoLWRvbWFpbjQ6d2lyZTE2OkFORFtzb21lIHRoaXMvQV01OmZhbHNlMTozMTozMjotMTI6LTEyOi0xMjotMTI6LTFdezM6MTY6NjpzY29wZXNbMDpdezA6fTM0OjIzOmFkZGl0aW9uYWwtZXhhY3Qtc2NvcGVzWzA6XXswOn03MjoxNzpleGVjdXRpb24tb3B0aW9uc1sxMDo0OnRydWUyOjIwMTowMToyMTowNTpzYXQ0ajU6ZmFsc2UyOi0xMTowMTo0XXswOn19	cmVwYWlyZWQtbm9ybWFsLWZvcm0tdjM7dHlwZWQtYWxsb3ktbm9ybWFsLWZvcm0tYWRhcHRlci12MTM=	Y2Fub25pY2FsLWFsbG95LXNpZ25hdHVyZS12OA==	f13714966c61580a773534dbd647b3b4b49090391ac9d2281081afbf3bfdf388	MTY6c2VtYW50aWMtcHJvZmlsZVs1OjE6MzY6Rk9SQklEMjg1OjMxOmFsbG95LXNvdXJjZS1jb21tYW5kLWNvbnRleHQtdjFbMTE6NTA6YWxsb3ktY29tbWFuZC1vcHRpb25zLXY0LWluZGVwZW5kZW50LXNlYXJjaC1kb21haW40OndpcmUxNjpBTkRbc29tZSB0aGlzL0FdNTpmYWxzZTE6MzE6MzI6LTEyOi0xMjotMTI6LTEyOi0xXXszOjE2OjY6c2NvcGVzWzA6XXswOn0zNDoyMzphZGRpdGlvbmFsLWV4YWN0LXNjb3Blc1swOl17MDp9NzI6MTc6ZXhlY3V0aW9uLW9wdGlvbnNbMTA6NDp0cnVlMjoyMDE6MDE6MjE6MDU6c2F0NGo1OmZhbHNlMjotMTE6MDE6NF17MDp9fTU5OnJlcGFpcmVkLW5vcm1hbC1mb3JtLXYzO3R5cGVkLWFsbG95LW5vcm1hbC1mb3JtLWFkYXB0ZXItdjEzMjg6Y2Fub25pY2FsLWFsbG95LXNpZ25hdHVyZS12OF17MDp9	MTY6c2VtYW50aWMtcHJvZmlsZVs1OjE6MzY6Rk9SQklEMjg1OjMxOmFsbG95LXNvdXJjZS1jb21tYW5kLWNvbnRleHQtdjFbMTE6NTA6YWxsb3ktY29tbWFuZC1vcHRpb25zLXY0LWluZGVwZW5kZW50LXNlYXJjaC1kb21haW40OndpcmUxNjpBTkRbc29tZSB0aGlzL0FdNTpmYWxzZTE6MzE6MzI6LTEyOi0xMjotMTI6LTEyOi0xXXszOjE2OjY6c2NvcGVzWzA6XXswOn0zNDoyMzphZGRpdGlvbmFsLWV4YWN0LXNjb3Blc1swOl17MDp9NzI6MTc6ZXhlY3V0aW9uLW9wdGlvbnNbMTA6NDp0cnVlMjoyMDE6MDE6MjE6MDU6c2F0NGo1OmZhbHNlMjotMTE6MDE6NF17MDp9fTU5OnJlcGFpcmVkLW5vcm1hbC1mb3JtLXYzO3R5cGVkLWFsbG95LW5vcm1hbC1mb3JtLWFkYXB0ZXItdjEzMjg6Y2Fub25pY2FsLWFsbG95LXNpZ25hdHVyZS12OF17MDp9	Mw==|TU9EVUxBUg==|MzE6YWxsb3ktc291cmNlLWNvbW1hbmQtY29udGV4dC12MVsxMTo1MDphbGxveS1jb21tYW5kLW9wdGlvbnMtdjQtaW5kZXBlbmRlbnQtc2VhcmNoLWRvbWFpbjQ6d2lyZTE2OkFORFtzb21lIHRoaXMvQV01OmZhbHNlMTozMTozMjotMTI6LTEyOi0xMjotMTI6LTFdezM6MTY6NjpzY29wZXNbMDpdezA6fTM0OjIzOmFkZGl0aW9uYWwtZXhhY3Qtc2NvcGVzWzA6XXswOn03MjoxNzpleGVjdXRpb24tb3B0aW9uc1sxMDo0OnRydWUyOjIwMTowMToyMTowNTpzYXQ0ajU6ZmFsc2UyOi0xMTowMTo0XXswOn19|cmVwYWlyZWQtbm9ybWFsLWZvcm0tdjM7dHlwZWQtYWxsb3ktbm9ybWFsLWZvcm0tYWRhcHRlci12MTM=|Y2Fub25pY2FsLWFsbG95LXNpZ25hdHVyZS12OA==|MGM0Y2ZhN2YwNTY4NjU2MzIxNjU4ZjMwNjMzZjM2NmJiZmY2Mjg2OTc0NjA4YzQ5YmY1YWY2MWU1MzM0MWFkYw==|YWxsb3ktY29udGFpbmVyLWxhdy10aGVvcnktdjM=|YjY0Nzk3MTJlNTE4YjVkZmMxM2YxOTg2Njc2OWYzMGFiODFiNDliZDRiYWQ1MDhhMTc1NjkxZmJiMWQwNjMzZg==	THEORY_MISMATCH	U291cmNlLWNvbW1hbmQgc2VtYW50aWMgY29udGV4dCBoYXMgYW4gdW5zdXBwb3J0ZWQgdmVyc2lvbg==
220	boundary	source:3:MODULAR	rehashed-2	source	true	3	MODULAR	MzE6YWxsb3ktc291cmNlLWNvbW1hbmQtY29udGV4dC12MVsxMTo1MDphbGxveS1jb21tYW5kLW9wdGlvbnMtdjQtaW5kZXBlbmRlbnQtc2VhcmNoLWRvbWFpbjQ6d2lyZTE2OkFORFtzb21lIHRoaXMvQV01OmZhbHNlMTozMTozMjotMTI6LTEyOi0xMjotMTI6LTFdezM6MTY6NjpzY29wZXNbMDpdezA6fTM0OjIzOmFkZGl0aW9uYWwtZXhhY3Qtc2NvcGVzWzA6XXswOn03MjoxNzpleGVjdXRpb24tb3B0aW9uc1sxMDo0OnRydWUyOjIwMTowMToyMTowNTpzYXQ0ajU6ZmFsc2UyOi0xMTowMTo0XXswOn19OmNoYW5nZWQ=	cmVwYWlyZWQtbm9ybWFsLWZvcm0tdjM7dHlwZWQtYWxsb3ktbm9ybWFsLWZvcm0tYWRhcHRlci12MTM=	Y2Fub25pY2FsLWFsbG95LXNpZ25hdHVyZS12OA==	9cab7df2bcc40f1bb62743bed7e3e61a18aaa14965ff6529f40321739bdedd31	MTY6c2VtYW50aWMtcHJvZmlsZVs1OjE6Mzc6TU9EVUxBUjI5MzozMTphbGxveS1zb3VyY2UtY29tbWFuZC1jb250ZXh0LXYxWzExOjUwOmFsbG95LWNvbW1hbmQtb3B0aW9ucy12NC1pbmRlcGVuZGVudC1zZWFyY2gtZG9tYWluNDp3aXJlMTY6QU5EW3NvbWUgdGhpcy9BXTU6ZmFsc2UxOjMxOjMyOi0xMjotMTI6LTEyOi0xMjotMV17MzoxNjo2OnNjb3Blc1swOl17MDp9MzQ6MjM6YWRkaXRpb25hbC1leGFjdC1zY29wZXNbMDpdezA6fTcyOjE3OmV4ZWN1dGlvbi1vcHRpb25zWzEwOjQ6dHJ1ZTI6MjAxOjAxOjIxOjA1OnNhdDRqNTpmYWxzZTI6LTExOjAxOjRdezA6fX06Y2hhbmdlZDU5OnJlcGFpcmVkLW5vcm1hbC1mb3JtLXYzO3R5cGVkLWFsbG95LW5vcm1hbC1mb3JtLWFkYXB0ZXItdjEzMjg6Y2Fub25pY2FsLWFsbG95LXNpZ25hdHVyZS12OF17MDp9	MTY6c2VtYW50aWMtcHJvZmlsZVs1OjE6Mzc6TU9EVUxBUjI5MzozMTphbGxveS1zb3VyY2UtY29tbWFuZC1jb250ZXh0LXYxWzExOjUwOmFsbG95LWNvbW1hbmQtb3B0aW9ucy12NC1pbmRlcGVuZGVudC1zZWFyY2gtZG9tYWluNDp3aXJlMTY6QU5EW3NvbWUgdGhpcy9BXTU6ZmFsc2UxOjMxOjMyOi0xMjotMTI6LTEyOi0xMjotMV17MzoxNjo2OnNjb3Blc1swOl17MDp9MzQ6MjM6YWRkaXRpb25hbC1leGFjdC1zY29wZXNbMDpdezA6fTcyOjE3OmV4ZWN1dGlvbi1vcHRpb25zWzEwOjQ6dHJ1ZTI6MjAxOjAxOjIxOjA1OnNhdDRqNTpmYWxzZTI6LTExOjAxOjRdezA6fX06Y2hhbmdlZDU5OnJlcGFpcmVkLW5vcm1hbC1mb3JtLXYzO3R5cGVkLWFsbG95LW5vcm1hbC1mb3JtLWFkYXB0ZXItdjEzMjg6Y2Fub25pY2FsLWFsbG95LXNpZ25hdHVyZS12OF17MDp9	Mw==|TU9EVUxBUg==|MzE6YWxsb3ktc291cmNlLWNvbW1hbmQtY29udGV4dC12MVsxMTo1MDphbGxveS1jb21tYW5kLW9wdGlvbnMtdjQtaW5kZXBlbmRlbnQtc2VhcmNoLWRvbWFpbjQ6d2lyZTE2OkFORFtzb21lIHRoaXMvQV01OmZhbHNlMTozMTozMjotMTI6LTEyOi0xMjotMTI6LTFdezM6MTY6NjpzY29wZXNbMDpdezA6fTM0OjIzOmFkZGl0aW9uYWwtZXhhY3Qtc2NvcGVzWzA6XXswOn03MjoxNzpleGVjdXRpb24tb3B0aW9uc1sxMDo0OnRydWUyOjIwMTowMToyMTowNTpzYXQ0ajU6ZmFsc2UyOi0xMTowMTo0XXswOn19|cmVwYWlyZWQtbm9ybWFsLWZvcm0tdjM7dHlwZWQtYWxsb3ktbm9ybWFsLWZvcm0tYWRhcHRlci12MTM=|Y2Fub25pY2FsLWFsbG95LXNpZ25hdHVyZS12OA==|MGM0Y2ZhN2YwNTY4NjU2MzIxNjU4ZjMwNjMzZjM2NmJiZmY2Mjg2OTc0NjA4YzQ5YmY1YWY2MWU1MzM0MWFkYw==|YWxsb3ktY29udGFpbmVyLWxhdy10aGVvcnktdjM=|YjY0Nzk3MTJlNTE4YjVkZmMxM2YxOTg2Njc2OWYzMGFiODFiNDliZDRiYWQ1MDhhMTc1NjkxZmJiMWQwNjMzZg==	INVALID_RECORD_SHAPE	c291cmNlLWNvbW1hbmQgc2VtYW50aWMgY29udGV4dCBoYXMgdHJhaWxpbmcgc3RydWN0dXJhbC1rZXkgZGF0YQ==
221	boundary	source:3:MODULAR	rehashed-3	source	true	3	MODULAR	MzE6YWxsb3ktc291cmNlLWNvbW1hbmQtY29udGV4dC12MVsxMTo1MDphbGxveS1jb21tYW5kLW9wdGlvbnMtdjQtaW5kZXBlbmRlbnQtc2VhcmNoLWRvbWFpbjQ6d2lyZTE2OkFORFtzb21lIHRoaXMvQV01OmZhbHNlMTozMTozMjotMTI6LTEyOi0xMjotMTI6LTFdezM6MTY6NjpzY29wZXNbMDpdezA6fTM0OjIzOmFkZGl0aW9uYWwtZXhhY3Qtc2NvcGVzWzA6XXswOn03MjoxNzpleGVjdXRpb24tb3B0aW9uc1sxMDo0OnRydWUyOjIwMTowMToyMTowNTpzYXQ0ajU6ZmFsc2UyOi0xMTowMTo0XXswOn19	cmVwYWlyZWQtbm9ybWFsLWZvcm0tdjM7dHlwZWQtYWxsb3ktbm9ybWFsLWZvcm0tYWRhcHRlci12MTM6Y2hhbmdlZA==	Y2Fub25pY2FsLWFsbG95LXNpZ25hdHVyZS12OA==	c77b4a50b9b2bd0e98d4620c0730bb89a0613c9cb0536ba976a9e2a012807d95	MTY6c2VtYW50aWMtcHJvZmlsZVs1OjE6Mzc6TU9EVUxBUjI4NTozMTphbGxveS1zb3VyY2UtY29tbWFuZC1jb250ZXh0LXYxWzExOjUwOmFsbG95LWNvbW1hbmQtb3B0aW9ucy12NC1pbmRlcGVuZGVudC1zZWFyY2gtZG9tYWluNDp3aXJlMTY6QU5EW3NvbWUgdGhpcy9BXTU6ZmFsc2UxOjMxOjMyOi0xMjotMTI6LTEyOi0xMjotMV17MzoxNjo2OnNjb3Blc1swOl17MDp9MzQ6MjM6YWRkaXRpb25hbC1leGFjdC1zY29wZXNbMDpdezA6fTcyOjE3OmV4ZWN1dGlvbi1vcHRpb25zWzEwOjQ6dHJ1ZTI6MjAxOjAxOjIxOjA1OnNhdDRqNTpmYWxzZTI6LTExOjAxOjRdezA6fX02NzpyZXBhaXJlZC1ub3JtYWwtZm9ybS12Mzt0eXBlZC1hbGxveS1ub3JtYWwtZm9ybS1hZGFwdGVyLXYxMzpjaGFuZ2VkMjg6Y2Fub25pY2FsLWFsbG95LXNpZ25hdHVyZS12OF17MDp9	MTY6c2VtYW50aWMtcHJvZmlsZVs1OjE6Mzc6TU9EVUxBUjI4NTozMTphbGxveS1zb3VyY2UtY29tbWFuZC1jb250ZXh0LXYxWzExOjUwOmFsbG95LWNvbW1hbmQtb3B0aW9ucy12NC1pbmRlcGVuZGVudC1zZWFyY2gtZG9tYWluNDp3aXJlMTY6QU5EW3NvbWUgdGhpcy9BXTU6ZmFsc2UxOjMxOjMyOi0xMjotMTI6LTEyOi0xMjotMV17MzoxNjo2OnNjb3Blc1swOl17MDp9MzQ6MjM6YWRkaXRpb25hbC1leGFjdC1zY29wZXNbMDpdezA6fTcyOjE3OmV4ZWN1dGlvbi1vcHRpb25zWzEwOjQ6dHJ1ZTI6MjAxOjAxOjIxOjA1OnNhdDRqNTpmYWxzZTI6LTExOjAxOjRdezA6fX02NzpyZXBhaXJlZC1ub3JtYWwtZm9ybS12Mzt0eXBlZC1hbGxveS1ub3JtYWwtZm9ybS1hZGFwdGVyLXYxMzpjaGFuZ2VkMjg6Y2Fub25pY2FsLWFsbG95LXNpZ25hdHVyZS12OF17MDp9	Mw==|TU9EVUxBUg==|MzE6YWxsb3ktc291cmNlLWNvbW1hbmQtY29udGV4dC12MVsxMTo1MDphbGxveS1jb21tYW5kLW9wdGlvbnMtdjQtaW5kZXBlbmRlbnQtc2VhcmNoLWRvbWFpbjQ6d2lyZTE2OkFORFtzb21lIHRoaXMvQV01OmZhbHNlMTozMTozMjotMTI6LTEyOi0xMjotMTI6LTFdezM6MTY6NjpzY29wZXNbMDpdezA6fTM0OjIzOmFkZGl0aW9uYWwtZXhhY3Qtc2NvcGVzWzA6XXswOn03MjoxNzpleGVjdXRpb24tb3B0aW9uc1sxMDo0OnRydWUyOjIwMTowMToyMTowNTpzYXQ0ajU6ZmFsc2UyOi0xMTowMTo0XXswOn19|cmVwYWlyZWQtbm9ybWFsLWZvcm0tdjM7dHlwZWQtYWxsb3ktbm9ybWFsLWZvcm0tYWRhcHRlci12MTM=|Y2Fub25pY2FsLWFsbG95LXNpZ25hdHVyZS12OA==|MGM0Y2ZhN2YwNTY4NjU2MzIxNjU4ZjMwNjMzZjM2NmJiZmY2Mjg2OTc0NjA4YzQ5YmY1YWY2MWU1MzM0MWFkYw==|YWxsb3ktY29udGFpbmVyLWxhdy10aGVvcnktdjM=|YjY0Nzk3MTJlNTE4YjVkZmMxM2YxOTg2Njc2OWYzMGFiODFiNDliZDRiYWQ1MDhhMTc1NjkxZmJiMWQwNjMzZg==	THEORY_MISMATCH	U291cmNlLWNvbW1hbmQgZXZpZGVuY2UgbmFtZXMgdW5zdXBwb3J0ZWQgc2VtYW50aWMgaW1wbGVtZW50YXRpb24gdmVyc2lvbnM=
222	boundary	source:3:MODULAR	rehashed-4	source	true	3	MODULAR	MzE6YWxsb3ktc291cmNlLWNvbW1hbmQtY29udGV4dC12MVsxMTo1MDphbGxveS1jb21tYW5kLW9wdGlvbnMtdjQtaW5kZXBlbmRlbnQtc2VhcmNoLWRvbWFpbjQ6d2lyZTE2OkFORFtzb21lIHRoaXMvQV01OmZhbHNlMTozMTozMjotMTI6LTEyOi0xMjotMTI6LTFdezM6MTY6NjpzY29wZXNbMDpdezA6fTM0OjIzOmFkZGl0aW9uYWwtZXhhY3Qtc2NvcGVzWzA6XXswOn03MjoxNzpleGVjdXRpb24tb3B0aW9uc1sxMDo0OnRydWUyOjIwMTowMToyMTowNTpzYXQ0ajU6ZmFsc2UyOi0xMTowMTo0XXswOn19	cmVwYWlyZWQtbm9ybWFsLWZvcm0tdjM7dHlwZWQtYWxsb3ktbm9ybWFsLWZvcm0tYWRhcHRlci12MTM=	Y2Fub25pY2FsLWFsbG95LXNpZ25hdHVyZS12ODpjaGFuZ2Vk	e8aae7ffeeaf12a254993b98f276a6bb09e51c39c63b365230ed31f444a15de8	MTY6c2VtYW50aWMtcHJvZmlsZVs1OjE6Mzc6TU9EVUxBUjI4NTozMTphbGxveS1zb3VyY2UtY29tbWFuZC1jb250ZXh0LXYxWzExOjUwOmFsbG95LWNvbW1hbmQtb3B0aW9ucy12NC1pbmRlcGVuZGVudC1zZWFyY2gtZG9tYWluNDp3aXJlMTY6QU5EW3NvbWUgdGhpcy9BXTU6ZmFsc2UxOjMxOjMyOi0xMjotMTI6LTEyOi0xMjotMV17MzoxNjo2OnNjb3Blc1swOl17MDp9MzQ6MjM6YWRkaXRpb25hbC1leGFjdC1zY29wZXNbMDpdezA6fTcyOjE3OmV4ZWN1dGlvbi1vcHRpb25zWzEwOjQ6dHJ1ZTI6MjAxOjAxOjIxOjA1OnNhdDRqNTpmYWxzZTI6LTExOjAxOjRdezA6fX01OTpyZXBhaXJlZC1ub3JtYWwtZm9ybS12Mzt0eXBlZC1hbGxveS1ub3JtYWwtZm9ybS1hZGFwdGVyLXYxMzM2OmNhbm9uaWNhbC1hbGxveS1zaWduYXR1cmUtdjg6Y2hhbmdlZF17MDp9	MTY6c2VtYW50aWMtcHJvZmlsZVs1OjE6Mzc6TU9EVUxBUjI4NTozMTphbGxveS1zb3VyY2UtY29tbWFuZC1jb250ZXh0LXYxWzExOjUwOmFsbG95LWNvbW1hbmQtb3B0aW9ucy12NC1pbmRlcGVuZGVudC1zZWFyY2gtZG9tYWluNDp3aXJlMTY6QU5EW3NvbWUgdGhpcy9BXTU6ZmFsc2UxOjMxOjMyOi0xMjotMTI6LTEyOi0xMjotMV17MzoxNjo2OnNjb3Blc1swOl17MDp9MzQ6MjM6YWRkaXRpb25hbC1leGFjdC1zY29wZXNbMDpdezA6fTcyOjE3OmV4ZWN1dGlvbi1vcHRpb25zWzEwOjQ6dHJ1ZTI6MjAxOjAxOjIxOjA1OnNhdDRqNTpmYWxzZTI6LTExOjAxOjRdezA6fX01OTpyZXBhaXJlZC1ub3JtYWwtZm9ybS12Mzt0eXBlZC1hbGxveS1ub3JtYWwtZm9ybS1hZGFwdGVyLXYxMzM2OmNhbm9uaWNhbC1hbGxveS1zaWduYXR1cmUtdjg6Y2hhbmdlZF17MDp9	Mw==|TU9EVUxBUg==|MzE6YWxsb3ktc291cmNlLWNvbW1hbmQtY29udGV4dC12MVsxMTo1MDphbGxveS1jb21tYW5kLW9wdGlvbnMtdjQtaW5kZXBlbmRlbnQtc2VhcmNoLWRvbWFpbjQ6d2lyZTE2OkFORFtzb21lIHRoaXMvQV01OmZhbHNlMTozMTozMjotMTI6LTEyOi0xMjotMTI6LTFdezM6MTY6NjpzY29wZXNbMDpdezA6fTM0OjIzOmFkZGl0aW9uYWwtZXhhY3Qtc2NvcGVzWzA6XXswOn03MjoxNzpleGVjdXRpb24tb3B0aW9uc1sxMDo0OnRydWUyOjIwMTowMToyMTowNTpzYXQ0ajU6ZmFsc2UyOi0xMTowMTo0XXswOn19|cmVwYWlyZWQtbm9ybWFsLWZvcm0tdjM7dHlwZWQtYWxsb3ktbm9ybWFsLWZvcm0tYWRhcHRlci12MTM=|Y2Fub25pY2FsLWFsbG95LXNpZ25hdHVyZS12OA==|MGM0Y2ZhN2YwNTY4NjU2MzIxNjU4ZjMwNjMzZjM2NmJiZmY2Mjg2OTc0NjA4YzQ5YmY1YWY2MWU1MzM0MWFkYw==|YWxsb3ktY29udGFpbmVyLWxhdy10aGVvcnktdjM=|YjY0Nzk3MTJlNTE4YjVkZmMxM2YxOTg2Njc2OWYzMGFiODFiNDliZDRiYWQ1MDhhMTc1NjkxZmJiMWQwNjMzZg==	THEORY_MISMATCH	U291cmNlLWNvbW1hbmQgZXZpZGVuY2UgbmFtZXMgdW5zdXBwb3J0ZWQgc2VtYW50aWMgaW1wbGVtZW50YXRpb24gdmVyc2lvbnM=
223	boundary	source:3:MODULAR	digest	source	true	3	MODULAR	MzE6YWxsb3ktc291cmNlLWNvbW1hbmQtY29udGV4dC12MVsxMTo1MDphbGxveS1jb21tYW5kLW9wdGlvbnMtdjQtaW5kZXBlbmRlbnQtc2VhcmNoLWRvbWFpbjQ6d2lyZTE2OkFORFtzb21lIHRoaXMvQV01OmZhbHNlMTozMTozMjotMTI6LTEyOi0xMjotMTI6LTFdezM6MTY6NjpzY29wZXNbMDpdezA6fTM0OjIzOmFkZGl0aW9uYWwtZXhhY3Qtc2NvcGVzWzA6XXswOn03MjoxNzpleGVjdXRpb24tb3B0aW9uc1sxMDo0OnRydWUyOjIwMTowMToyMTowNTpzYXQ0ajU6ZmFsc2UyOi0xMTowMTo0XXswOn19	cmVwYWlyZWQtbm9ybWFsLWZvcm0tdjM7dHlwZWQtYWxsb3ktbm9ybWFsLWZvcm0tYWRhcHRlci12MTM=	Y2Fub25pY2FsLWFsbG95LXNpZ25hdHVyZS12OA==	0000000000000000000000000000000000000000000000000000000000000000	MTY6c2VtYW50aWMtcHJvZmlsZVs1OjE6Mzc6TU9EVUxBUjI4NTozMTphbGxveS1zb3VyY2UtY29tbWFuZC1jb250ZXh0LXYxWzExOjUwOmFsbG95LWNvbW1hbmQtb3B0aW9ucy12NC1pbmRlcGVuZGVudC1zZWFyY2gtZG9tYWluNDp3aXJlMTY6QU5EW3NvbWUgdGhpcy9BXTU6ZmFsc2UxOjMxOjMyOi0xMjotMTI6LTEyOi0xMjotMV17MzoxNjo2OnNjb3Blc1swOl17MDp9MzQ6MjM6YWRkaXRpb25hbC1leGFjdC1zY29wZXNbMDpdezA6fTcyOjE3OmV4ZWN1dGlvbi1vcHRpb25zWzEwOjQ6dHJ1ZTI6MjAxOjAxOjIxOjA1OnNhdDRqNTpmYWxzZTI6LTExOjAxOjRdezA6fX01OTpyZXBhaXJlZC1ub3JtYWwtZm9ybS12Mzt0eXBlZC1hbGxveS1ub3JtYWwtZm9ybS1hZGFwdGVyLXYxMzI4OmNhbm9uaWNhbC1hbGxveS1zaWduYXR1cmUtdjhdezA6fQ==	MTY6c2VtYW50aWMtcHJvZmlsZVs1OjE6Mzc6TU9EVUxBUjI4NTozMTphbGxveS1zb3VyY2UtY29tbWFuZC1jb250ZXh0LXYxWzExOjUwOmFsbG95LWNvbW1hbmQtb3B0aW9ucy12NC1pbmRlcGVuZGVudC1zZWFyY2gtZG9tYWluNDp3aXJlMTY6QU5EW3NvbWUgdGhpcy9BXTU6ZmFsc2UxOjMxOjMyOi0xMjotMTI6LTEyOi0xMjotMV17MzoxNjo2OnNjb3Blc1swOl17MDp9MzQ6MjM6YWRkaXRpb25hbC1leGFjdC1zY29wZXNbMDpdezA6fTcyOjE3OmV4ZWN1dGlvbi1vcHRpb25zWzEwOjQ6dHJ1ZTI6MjAxOjAxOjIxOjA1OnNhdDRqNTpmYWxzZTI6LTExOjAxOjRdezA6fX01OTpyZXBhaXJlZC1ub3JtYWwtZm9ybS12Mzt0eXBlZC1hbGxveS1ub3JtYWwtZm9ybS1hZGFwdGVyLXYxMzI4OmNhbm9uaWNhbC1hbGxveS1zaWduYXR1cmUtdjhdezA6fQ==	Mw==|TU9EVUxBUg==|MzE6YWxsb3ktc291cmNlLWNvbW1hbmQtY29udGV4dC12MVsxMTo1MDphbGxveS1jb21tYW5kLW9wdGlvbnMtdjQtaW5kZXBlbmRlbnQtc2VhcmNoLWRvbWFpbjQ6d2lyZTE2OkFORFtzb21lIHRoaXMvQV01OmZhbHNlMTozMTozMjotMTI6LTEyOi0xMjotMTI6LTFdezM6MTY6NjpzY29wZXNbMDpdezA6fTM0OjIzOmFkZGl0aW9uYWwtZXhhY3Qtc2NvcGVzWzA6XXswOn03MjoxNzpleGVjdXRpb24tb3B0aW9uc1sxMDo0OnRydWUyOjIwMTowMToyMTowNTpzYXQ0ajU6ZmFsc2UyOi0xMTowMTo0XXswOn19|cmVwYWlyZWQtbm9ybWFsLWZvcm0tdjM7dHlwZWQtYWxsb3ktbm9ybWFsLWZvcm0tYWRhcHRlci12MTM=|Y2Fub25pY2FsLWFsbG95LXNpZ25hdHVyZS12OA==|MGM0Y2ZhN2YwNTY4NjU2MzIxNjU4ZjMwNjMzZjM2NmJiZmY2Mjg2OTc0NjA4YzQ5YmY1YWY2MWU1MzM0MWFkYw==|YWxsb3ktY29udGFpbmVyLWxhdy10aGVvcnktdjM=|YjY0Nzk3MTJlNTE4YjVkZmMxM2YxOTg2Njc2OWYzMGFiODFiNDliZDRiYWQ1MDhhMTc1NjkxZmJiMWQwNjMzZg==	THEORY_MISMATCH	U291cmNlLWNvbW1hbmQgc2VtYW50aWMgY29udGV4dCBoYXMgYW4gdW5zdXBwb3J0ZWQgdmVyc2lvbg==
224	boundary	source:3:MODULAR	registry-version	source	true	3	MODULAR	MzE6YWxsb3ktc291cmNlLWNvbW1hbmQtY29udGV4dC12MVsxMTo1MDphbGxveS1jb21tYW5kLW9wdGlvbnMtdjQtaW5kZXBlbmRlbnQtc2VhcmNoLWRvbWFpbjQ6d2lyZTE2OkFORFtzb21lIHRoaXMvQV01OmZhbHNlMTozMTozMjotMTI6LTEyOi0xMjotMTI6LTFdezM6MTY6NjpzY29wZXNbMDpdezA6fTM0OjIzOmFkZGl0aW9uYWwtZXhhY3Qtc2NvcGVzWzA6XXswOn03MjoxNzpleGVjdXRpb24tb3B0aW9uc1sxMDo0OnRydWUyOjIwMTowMToyMTowNTpzYXQ0ajU6ZmFsc2UyOi0xMTowMTo0XXswOn19	cmVwYWlyZWQtbm9ybWFsLWZvcm0tdjM7dHlwZWQtYWxsb3ktbm9ybWFsLWZvcm0tYWRhcHRlci12MTM=	Y2Fub25pY2FsLWFsbG95LXNpZ25hdHVyZS12OA==	0c4cfa7f0568656321658f30633f366bbff6286974608c49bf5af61e53341adc	MTY6c2VtYW50aWMtcHJvZmlsZVs1OjE6Mzc6TU9EVUxBUjI4NTozMTphbGxveS1zb3VyY2UtY29tbWFuZC1jb250ZXh0LXYxWzExOjUwOmFsbG95LWNvbW1hbmQtb3B0aW9ucy12NC1pbmRlcGVuZGVudC1zZWFyY2gtZG9tYWluNDp3aXJlMTY6QU5EW3NvbWUgdGhpcy9BXTU6ZmFsc2UxOjMxOjMyOi0xMjotMTI6LTEyOi0xMjotMV17MzoxNjo2OnNjb3Blc1swOl17MDp9MzQ6MjM6YWRkaXRpb25hbC1leGFjdC1zY29wZXNbMDpdezA6fTcyOjE3OmV4ZWN1dGlvbi1vcHRpb25zWzEwOjQ6dHJ1ZTI6MjAxOjAxOjIxOjA1OnNhdDRqNTpmYWxzZTI6LTExOjAxOjRdezA6fX01OTpyZXBhaXJlZC1ub3JtYWwtZm9ybS12Mzt0eXBlZC1hbGxveS1ub3JtYWwtZm9ybS1hZGFwdGVyLXYxMzI4OmNhbm9uaWNhbC1hbGxveS1zaWduYXR1cmUtdjhdezA6fQ==	MTY6c2VtYW50aWMtcHJvZmlsZVs1OjE6Mzc6TU9EVUxBUjI4NTozMTphbGxveS1zb3VyY2UtY29tbWFuZC1jb250ZXh0LXYxWzExOjUwOmFsbG95LWNvbW1hbmQtb3B0aW9ucy12NC1pbmRlcGVuZGVudC1zZWFyY2gtZG9tYWluNDp3aXJlMTY6QU5EW3NvbWUgdGhpcy9BXTU6ZmFsc2UxOjMxOjMyOi0xMjotMTI6LTEyOi0xMjotMV17MzoxNjo2OnNjb3Blc1swOl17MDp9MzQ6MjM6YWRkaXRpb25hbC1leGFjdC1zY29wZXNbMDpdezA6fTcyOjE3OmV4ZWN1dGlvbi1vcHRpb25zWzEwOjQ6dHJ1ZTI6MjAxOjAxOjIxOjA1OnNhdDRqNTpmYWxzZTI6LTExOjAxOjRdezA6fX01OTpyZXBhaXJlZC1ub3JtYWwtZm9ybS12Mzt0eXBlZC1hbGxveS1ub3JtYWwtZm9ybS1hZGFwdGVyLXYxMzI4OmNhbm9uaWNhbC1hbGxveS1zaWduYXR1cmUtdjhdezA6fQ==	Mw==|TU9EVUxBUg==|MzE6YWxsb3ktc291cmNlLWNvbW1hbmQtY29udGV4dC12MVsxMTo1MDphbGxveS1jb21tYW5kLW9wdGlvbnMtdjQtaW5kZXBlbmRlbnQtc2VhcmNoLWRvbWFpbjQ6d2lyZTE2OkFORFtzb21lIHRoaXMvQV01OmZhbHNlMTozMTozMjotMTI6LTEyOi0xMjotMTI6LTFdezM6MTY6NjpzY29wZXNbMDpdezA6fTM0OjIzOmFkZGl0aW9uYWwtZXhhY3Qtc2NvcGVzWzA6XXswOn03MjoxNzpleGVjdXRpb24tb3B0aW9uc1sxMDo0OnRydWUyOjIwMTowMToyMTowNTpzYXQ0ajU6ZmFsc2UyOi0xMTowMTo0XXswOn19|cmVwYWlyZWQtbm9ybWFsLWZvcm0tdjM7dHlwZWQtYWxsb3ktbm9ybWFsLWZvcm0tYWRhcHRlci12MTM=|Y2Fub25pY2FsLWFsbG95LXNpZ25hdHVyZS12OA==|MGM0Y2ZhN2YwNTY4NjU2MzIxNjU4ZjMwNjMzZjM2NmJiZmY2Mjg2OTc0NjA4YzQ5YmY1YWY2MWU1MzM0MWFkYw==|YWxsb3ktY29udGFpbmVyLWxhdy10aGVvcnktdjM=|YjY0Nzk3MTJlNTE4YjVkZmMxM2YxOTg2Njc2OWYzMGFiODFiNDliZDRiYWQ1MDhhMTc1NjkxZmJiMWQwNjMzZg==	THEORY_MISMATCH	U291cmNlLWNvbW1hbmQgc2VtYW50aWMgY29udGV4dCBoYXMgYW4gdW5zdXBwb3J0ZWQgdmVyc2lvbg==
225	boundary	source:3:MODULAR	registry-digest	source	true	3	MODULAR	MzE6YWxsb3ktc291cmNlLWNvbW1hbmQtY29udGV4dC12MVsxMTo1MDphbGxveS1jb21tYW5kLW9wdGlvbnMtdjQtaW5kZXBlbmRlbnQtc2VhcmNoLWRvbWFpbjQ6d2lyZTE2OkFORFtzb21lIHRoaXMvQV01OmZhbHNlMTozMTozMjotMTI6LTEyOi0xMjotMTI6LTFdezM6MTY6NjpzY29wZXNbMDpdezA6fTM0OjIzOmFkZGl0aW9uYWwtZXhhY3Qtc2NvcGVzWzA6XXswOn03MjoxNzpleGVjdXRpb24tb3B0aW9uc1sxMDo0OnRydWUyOjIwMTowMToyMTowNTpzYXQ0ajU6ZmFsc2UyOi0xMTowMTo0XXswOn19	cmVwYWlyZWQtbm9ybWFsLWZvcm0tdjM7dHlwZWQtYWxsb3ktbm9ybWFsLWZvcm0tYWRhcHRlci12MTM=	Y2Fub25pY2FsLWFsbG95LXNpZ25hdHVyZS12OA==	0c4cfa7f0568656321658f30633f366bbff6286974608c49bf5af61e53341adc	MTY6c2VtYW50aWMtcHJvZmlsZVs1OjE6Mzc6TU9EVUxBUjI4NTozMTphbGxveS1zb3VyY2UtY29tbWFuZC1jb250ZXh0LXYxWzExOjUwOmFsbG95LWNvbW1hbmQtb3B0aW9ucy12NC1pbmRlcGVuZGVudC1zZWFyY2gtZG9tYWluNDp3aXJlMTY6QU5EW3NvbWUgdGhpcy9BXTU6ZmFsc2UxOjMxOjMyOi0xMjotMTI6LTEyOi0xMjotMV17MzoxNjo2OnNjb3Blc1swOl17MDp9MzQ6MjM6YWRkaXRpb25hbC1leGFjdC1zY29wZXNbMDpdezA6fTcyOjE3OmV4ZWN1dGlvbi1vcHRpb25zWzEwOjQ6dHJ1ZTI6MjAxOjAxOjIxOjA1OnNhdDRqNTpmYWxzZTI6LTExOjAxOjRdezA6fX01OTpyZXBhaXJlZC1ub3JtYWwtZm9ybS12Mzt0eXBlZC1hbGxveS1ub3JtYWwtZm9ybS1hZGFwdGVyLXYxMzI4OmNhbm9uaWNhbC1hbGxveS1zaWduYXR1cmUtdjhdezA6fQ==	MTY6c2VtYW50aWMtcHJvZmlsZVs1OjE6Mzc6TU9EVUxBUjI4NTozMTphbGxveS1zb3VyY2UtY29tbWFuZC1jb250ZXh0LXYxWzExOjUwOmFsbG95LWNvbW1hbmQtb3B0aW9ucy12NC1pbmRlcGVuZGVudC1zZWFyY2gtZG9tYWluNDp3aXJlMTY6QU5EW3NvbWUgdGhpcy9BXTU6ZmFsc2UxOjMxOjMyOi0xMjotMTI6LTEyOi0xMjotMV17MzoxNjo2OnNjb3Blc1swOl17MDp9MzQ6MjM6YWRkaXRpb25hbC1leGFjdC1zY29wZXNbMDpdezA6fTcyOjE3OmV4ZWN1dGlvbi1vcHRpb25zWzEwOjQ6dHJ1ZTI6MjAxOjAxOjIxOjA1OnNhdDRqNTpmYWxzZTI6LTExOjAxOjRdezA6fX01OTpyZXBhaXJlZC1ub3JtYWwtZm9ybS12Mzt0eXBlZC1hbGxveS1ub3JtYWwtZm9ybS1hZGFwdGVyLXYxMzI4OmNhbm9uaWNhbC1hbGxveS1zaWduYXR1cmUtdjhdezA6fQ==	Mw==|TU9EVUxBUg==|MzE6YWxsb3ktc291cmNlLWNvbW1hbmQtY29udGV4dC12MVsxMTo1MDphbGxveS1jb21tYW5kLW9wdGlvbnMtdjQtaW5kZXBlbmRlbnQtc2VhcmNoLWRvbWFpbjQ6d2lyZTE2OkFORFtzb21lIHRoaXMvQV01OmZhbHNlMTozMTozMjotMTI6LTEyOi0xMjotMTI6LTFdezM6MTY6NjpzY29wZXNbMDpdezA6fTM0OjIzOmFkZGl0aW9uYWwtZXhhY3Qtc2NvcGVzWzA6XXswOn03MjoxNzpleGVjdXRpb24tb3B0aW9uc1sxMDo0OnRydWUyOjIwMTowMToyMTowNTpzYXQ0ajU6ZmFsc2UyOi0xMTowMTo0XXswOn19|cmVwYWlyZWQtbm9ybWFsLWZvcm0tdjM7dHlwZWQtYWxsb3ktbm9ybWFsLWZvcm0tYWRhcHRlci12MTM=|Y2Fub25pY2FsLWFsbG95LXNpZ25hdHVyZS12OA==|MGM0Y2ZhN2YwNTY4NjU2MzIxNjU4ZjMwNjMzZjM2NmJiZmY2Mjg2OTc0NjA4YzQ5YmY1YWY2MWU1MzM0MWFkYw==|YWxsb3ktY29udGFpbmVyLWxhdy10aGVvcnktdjM=|YjY0Nzk3MTJlNTE4YjVkZmMxM2YxOTg2Njc2OWYzMGFiODFiNDliZDRiYWQ1MDhhMTc1NjkxZmJiMWQwNjMzZg==	THEORY_MISMATCH	U291cmNlLWNvbW1hbmQgc2VtYW50aWMgY29udGV4dCBoYXMgYW4gdW5zdXBwb3J0ZWQgdmVyc2lvbg==
226	boundary	source:3:MODULAR	publication	source	false	3	MODULAR	MzE6YWxsb3ktc291cmNlLWNvbW1hbmQtY29udGV4dC12MVsxMTo1MDphbGxveS1jb21tYW5kLW9wdGlvbnMtdjQtaW5kZXBlbmRlbnQtc2VhcmNoLWRvbWFpbjQ6d2lyZTE2OkFORFtzb21lIHRoaXMvQV01OmZhbHNlMTozMTozMjotMTI6LTEyOi0xMjotMTI6LTFdezM6MTY6NjpzY29wZXNbMDpdezA6fTM0OjIzOmFkZGl0aW9uYWwtZXhhY3Qtc2NvcGVzWzA6XXswOn03MjoxNzpleGVjdXRpb24tb3B0aW9uc1sxMDo0OnRydWUyOjIwMTowMToyMTowNTpzYXQ0ajU6ZmFsc2UyOi0xMTowMTo0XXswOn19	cmVwYWlyZWQtbm9ybWFsLWZvcm0tdjM7dHlwZWQtYWxsb3ktbm9ybWFsLWZvcm0tYWRhcHRlci12MTM=	Y2Fub25pY2FsLWFsbG95LXNpZ25hdHVyZS12OA==	0c4cfa7f0568656321658f30633f366bbff6286974608c49bf5af61e53341adc	MTY6c2VtYW50aWMtcHJvZmlsZVs1OjE6Mzc6TU9EVUxBUjI4NTozMTphbGxveS1zb3VyY2UtY29tbWFuZC1jb250ZXh0LXYxWzExOjUwOmFsbG95LWNvbW1hbmQtb3B0aW9ucy12NC1pbmRlcGVuZGVudC1zZWFyY2gtZG9tYWluNDp3aXJlMTY6QU5EW3NvbWUgdGhpcy9BXTU6ZmFsc2UxOjMxOjMyOi0xMjotMTI6LTEyOi0xMjotMV17MzoxNjo2OnNjb3Blc1swOl17MDp9MzQ6MjM6YWRkaXRpb25hbC1leGFjdC1zY29wZXNbMDpdezA6fTcyOjE3OmV4ZWN1dGlvbi1vcHRpb25zWzEwOjQ6dHJ1ZTI6MjAxOjAxOjIxOjA1OnNhdDRqNTpmYWxzZTI6LTExOjAxOjRdezA6fX01OTpyZXBhaXJlZC1ub3JtYWwtZm9ybS12Mzt0eXBlZC1hbGxveS1ub3JtYWwtZm9ybS1hZGFwdGVyLXYxMzI4OmNhbm9uaWNhbC1hbGxveS1zaWduYXR1cmUtdjhdezA6fQ==	MTY6c2VtYW50aWMtcHJvZmlsZVs1OjE6Mzc6TU9EVUxBUjI4NTozMTphbGxveS1zb3VyY2UtY29tbWFuZC1jb250ZXh0LXYxWzExOjUwOmFsbG95LWNvbW1hbmQtb3B0aW9ucy12NC1pbmRlcGVuZGVudC1zZWFyY2gtZG9tYWluNDp3aXJlMTY6QU5EW3NvbWUgdGhpcy9BXTU6ZmFsc2UxOjMxOjMyOi0xMjotMTI6LTEyOi0xMjotMV17MzoxNjo2OnNjb3Blc1swOl17MDp9MzQ6MjM6YWRkaXRpb25hbC1leGFjdC1zY29wZXNbMDpdezA6fTcyOjE3OmV4ZWN1dGlvbi1vcHRpb25zWzEwOjQ6dHJ1ZTI6MjAxOjAxOjIxOjA1OnNhdDRqNTpmYWxzZTI6LTExOjAxOjRdezA6fX01OTpyZXBhaXJlZC1ub3JtYWwtZm9ybS12Mzt0eXBlZC1hbGxveS1ub3JtYWwtZm9ybS1hZGFwdGVyLXYxMzI4OmNhbm9uaWNhbC1hbGxveS1zaWduYXR1cmUtdjhdezA6fQ==	Mw==|TU9EVUxBUg==|MzE6YWxsb3ktc291cmNlLWNvbW1hbmQtY29udGV4dC12MVsxMTo1MDphbGxveS1jb21tYW5kLW9wdGlvbnMtdjQtaW5kZXBlbmRlbnQtc2VhcmNoLWRvbWFpbjQ6d2lyZTE2OkFORFtzb21lIHRoaXMvQV01OmZhbHNlMTozMTozMjotMTI6LTEyOi0xMjotMTI6LTFdezM6MTY6NjpzY29wZXNbMDpdezA6fTM0OjIzOmFkZGl0aW9uYWwtZXhhY3Qtc2NvcGVzWzA6XXswOn03MjoxNzpleGVjdXRpb24tb3B0aW9uc1sxMDo0OnRydWUyOjIwMTowMToyMTowNTpzYXQ0ajU6ZmFsc2UyOi0xMTowMTo0XXswOn19|cmVwYWlyZWQtbm9ybWFsLWZvcm0tdjM7dHlwZWQtYWxsb3ktbm9ybWFsLWZvcm0tYWRhcHRlci12MTM=|Y2Fub25pY2FsLWFsbG95LXNpZ25hdHVyZS12OA==|MGM0Y2ZhN2YwNTY4NjU2MzIxNjU4ZjMwNjMzZjM2NmJiZmY2Mjg2OTc0NjA4YzQ5YmY1YWY2MWU1MzM0MWFkYw==|YWxsb3ktY29udGFpbmVyLWxhdy10aGVvcnktdjM=|YjY0Nzk3MTJlNTE4YjVkZmMxM2YxOTg2Njc2OWYzMGFiODFiNDliZDRiYWQ1MDhhMTc1NjkxZmJiMWQwNjMzZg==	THEORY_MISMATCH	U291cmNlLWNvbW1hbmQgc2VtYW50aWMgY29udGV4dCBoYXMgYW4gdW5zdXBwb3J0ZWQgdmVyc2lvbg==
227	clone	source:3:MODULAR	same-spelling	custom	true	3	MODULAR	MzE6YWxsb3ktc291cmNlLWNvbW1hbmQtY29udGV4dC12MVsxMTo1MDphbGxveS1jb21tYW5kLW9wdGlvbnMtdjQtaW5kZXBlbmRlbnQtc2VhcmNoLWRvbWFpbjQ6d2lyZTE2OkFORFtzb21lIHRoaXMvQV01OmZhbHNlMTozMTozMjotMTI6LTEyOi0xMjotMTI6LTFdezM6MTY6NjpzY29wZXNbMDpdezA6fTM0OjIzOmFkZGl0aW9uYWwtZXhhY3Qtc2NvcGVzWzA6XXswOn03MjoxNzpleGVjdXRpb24tb3B0aW9uc1sxMDo0OnRydWUyOjIwMTowMToyMTowNTpzYXQ0ajU6ZmFsc2UyOi0xMTowMTo0XXswOn19	cmVwYWlyZWQtbm9ybWFsLWZvcm0tdjM7dHlwZWQtYWxsb3ktbm9ybWFsLWZvcm0tYWRhcHRlci12MTM=	Y2Fub25pY2FsLWFsbG95LXNpZ25hdHVyZS12OA==	0c4cfa7f0568656321658f30633f366bbff6286974608c49bf5af61e53341adc	MTY6c2VtYW50aWMtcHJvZmlsZVs1OjE6Mzc6TU9EVUxBUjI4NTozMTphbGxveS1zb3VyY2UtY29tbWFuZC1jb250ZXh0LXYxWzExOjUwOmFsbG95LWNvbW1hbmQtb3B0aW9ucy12NC1pbmRlcGVuZGVudC1zZWFyY2gtZG9tYWluNDp3aXJlMTY6QU5EW3NvbWUgdGhpcy9BXTU6ZmFsc2UxOjMxOjMyOi0xMjotMTI6LTEyOi0xMjotMV17MzoxNjo2OnNjb3Blc1swOl17MDp9MzQ6MjM6YWRkaXRpb25hbC1leGFjdC1zY29wZXNbMDpdezA6fTcyOjE3OmV4ZWN1dGlvbi1vcHRpb25zWzEwOjQ6dHJ1ZTI6MjAxOjAxOjIxOjA1OnNhdDRqNTpmYWxzZTI6LTExOjAxOjRdezA6fX01OTpyZXBhaXJlZC1ub3JtYWwtZm9ybS12Mzt0eXBlZC1hbGxveS1ub3JtYWwtZm9ybS1hZGFwdGVyLXYxMzI4OmNhbm9uaWNhbC1hbGxveS1zaWduYXR1cmUtdjhdezA6fQ==	MTY6c2VtYW50aWMtcHJvZmlsZVs1OjE6Mzc6TU9EVUxBUjI4NTozMTphbGxveS1zb3VyY2UtY29tbWFuZC1jb250ZXh0LXYxWzExOjUwOmFsbG95LWNvbW1hbmQtb3B0aW9ucy12NC1pbmRlcGVuZGVudC1zZWFyY2gtZG9tYWluNDp3aXJlMTY6QU5EW3NvbWUgdGhpcy9BXTU6ZmFsc2UxOjMxOjMyOi0xMjotMTI6LTEyOi0xMjotMV17MzoxNjo2OnNjb3Blc1swOl17MDp9MzQ6MjM6YWRkaXRpb25hbC1leGFjdC1zY29wZXNbMDpdezA6fTcyOjE3OmV4ZWN1dGlvbi1vcHRpb25zWzEwOjQ6dHJ1ZTI6MjAxOjAxOjIxOjA1OnNhdDRqNTpmYWxzZTI6LTExOjAxOjRdezA6fX01OTpyZXBhaXJlZC1ub3JtYWwtZm9ybS12Mzt0eXBlZC1hbGxveS1ub3JtYWwtZm9ybS1hZGFwdGVyLXYxMzI4OmNhbm9uaWNhbC1hbGxveS1zaWduYXR1cmUtdjhdezA6fQ==	Mw==|TU9EVUxBUg==|MzE6YWxsb3ktc291cmNlLWNvbW1hbmQtY29udGV4dC12MVsxMTo1MDphbGxveS1jb21tYW5kLW9wdGlvbnMtdjQtaW5kZXBlbmRlbnQtc2VhcmNoLWRvbWFpbjQ6d2lyZTE2OkFORFtzb21lIHRoaXMvQV01OmZhbHNlMTozMTozMjotMTI6LTEyOi0xMjotMTI6LTFdezM6MTY6NjpzY29wZXNbMDpdezA6fTM0OjIzOmFkZGl0aW9uYWwtZXhhY3Qtc2NvcGVzWzA6XXswOn03MjoxNzpleGVjdXRpb24tb3B0aW9uc1sxMDo0OnRydWUyOjIwMTowMToyMTowNTpzYXQ0ajU6ZmFsc2UyOi0xMTowMTo0XXswOn19|cmVwYWlyZWQtbm9ybWFsLWZvcm0tdjM7dHlwZWQtYWxsb3ktbm9ybWFsLWZvcm0tYWRhcHRlci12MTM=|Y2Fub25pY2FsLWFsbG95LXNpZ25hdHVyZS12OA==|MGM0Y2ZhN2YwNTY4NjU2MzIxNjU4ZjMwNjMzZjM2NmJiZmY2Mjg2OTc0NjA4YzQ5YmY1YWY2MWU1MzM0MWFkYw==|YWxsb3ktY29udGFpbmVyLWxhdy10aGVvcnktdjM=|YjY0Nzk3MTJlNTE4YjVkZmMxM2YxOTg2Njc2OWYzMGFiODFiNDliZDRiYWQ1MDhhMTc1NjkxZmJiMWQwNjMzZg==	AUTHORITY_REJECT	
228	boundary	source:4:MODULAR	base	source	true	4	MODULAR	MzE6YWxsb3ktc291cmNlLWNvbW1hbmQtY29udGV4dC12MVsxMTo1MDphbGxveS1jb21tYW5kLW9wdGlvbnMtdjQtaW5kZXBlbmRlbnQtc2VhcmNoLWRvbWFpbjQ6d2lyZTE2OkFORFtzb21lIHRoaXMvQV01OmZhbHNlMTozMTo0MjotMTI6LTEyOi0xMjotMTI6LTFdezM6MTY6NjpzY29wZXNbMDpdezA6fTM0OjIzOmFkZGl0aW9uYWwtZXhhY3Qtc2NvcGVzWzA6XXswOn03MjoxNzpleGVjdXRpb24tb3B0aW9uc1sxMDo0OnRydWUyOjIwMTowMToyMTowNTpzYXQ0ajU6ZmFsc2UyOi0xMTowMTo0XXswOn19	cmVwYWlyZWQtbm9ybWFsLWZvcm0tdjM7dHlwZWQtYWxsb3ktbm9ybWFsLWZvcm0tYWRhcHRlci12MTM=	Y2Fub25pY2FsLWFsbG95LXNpZ25hdHVyZS12OA==	923e86d0b66d4d06fa66eecd68049dd2ee31f4da9fa02ffbcb3f883a0d557666	MTY6c2VtYW50aWMtcHJvZmlsZVs1OjE6NDc6TU9EVUxBUjI4NTozMTphbGxveS1zb3VyY2UtY29tbWFuZC1jb250ZXh0LXYxWzExOjUwOmFsbG95LWNvbW1hbmQtb3B0aW9ucy12NC1pbmRlcGVuZGVudC1zZWFyY2gtZG9tYWluNDp3aXJlMTY6QU5EW3NvbWUgdGhpcy9BXTU6ZmFsc2UxOjMxOjQyOi0xMjotMTI6LTEyOi0xMjotMV17MzoxNjo2OnNjb3Blc1swOl17MDp9MzQ6MjM6YWRkaXRpb25hbC1leGFjdC1zY29wZXNbMDpdezA6fTcyOjE3OmV4ZWN1dGlvbi1vcHRpb25zWzEwOjQ6dHJ1ZTI6MjAxOjAxOjIxOjA1OnNhdDRqNTpmYWxzZTI6LTExOjAxOjRdezA6fX01OTpyZXBhaXJlZC1ub3JtYWwtZm9ybS12Mzt0eXBlZC1hbGxveS1ub3JtYWwtZm9ybS1hZGFwdGVyLXYxMzI4OmNhbm9uaWNhbC1hbGxveS1zaWduYXR1cmUtdjhdezA6fQ==	MTY6c2VtYW50aWMtcHJvZmlsZVs1OjE6NDc6TU9EVUxBUjI4NTozMTphbGxveS1zb3VyY2UtY29tbWFuZC1jb250ZXh0LXYxWzExOjUwOmFsbG95LWNvbW1hbmQtb3B0aW9ucy12NC1pbmRlcGVuZGVudC1zZWFyY2gtZG9tYWluNDp3aXJlMTY6QU5EW3NvbWUgdGhpcy9BXTU6ZmFsc2UxOjMxOjQyOi0xMjotMTI6LTEyOi0xMjotMV17MzoxNjo2OnNjb3Blc1swOl17MDp9MzQ6MjM6YWRkaXRpb25hbC1leGFjdC1zY29wZXNbMDpdezA6fTcyOjE3OmV4ZWN1dGlvbi1vcHRpb25zWzEwOjQ6dHJ1ZTI6MjAxOjAxOjIxOjA1OnNhdDRqNTpmYWxzZTI6LTExOjAxOjRdezA6fX01OTpyZXBhaXJlZC1ub3JtYWwtZm9ybS12Mzt0eXBlZC1hbGxveS1ub3JtYWwtZm9ybS1hZGFwdGVyLXYxMzI4OmNhbm9uaWNhbC1hbGxveS1zaWduYXR1cmUtdjhdezA6fQ==	NA==|TU9EVUxBUg==|MzE6YWxsb3ktc291cmNlLWNvbW1hbmQtY29udGV4dC12MVsxMTo1MDphbGxveS1jb21tYW5kLW9wdGlvbnMtdjQtaW5kZXBlbmRlbnQtc2VhcmNoLWRvbWFpbjQ6d2lyZTE2OkFORFtzb21lIHRoaXMvQV01OmZhbHNlMTozMTo0MjotMTI6LTEyOi0xMjotMTI6LTFdezM6MTY6NjpzY29wZXNbMDpdezA6fTM0OjIzOmFkZGl0aW9uYWwtZXhhY3Qtc2NvcGVzWzA6XXswOn03MjoxNzpleGVjdXRpb24tb3B0aW9uc1sxMDo0OnRydWUyOjIwMTowMToyMTowNTpzYXQ0ajU6ZmFsc2UyOi0xMTowMTo0XXswOn19|cmVwYWlyZWQtbm9ybWFsLWZvcm0tdjM7dHlwZWQtYWxsb3ktbm9ybWFsLWZvcm0tYWRhcHRlci12MTM=|Y2Fub25pY2FsLWFsbG95LXNpZ25hdHVyZS12OA==|OTIzZTg2ZDBiNjZkNGQwNmZhNjZlZWNkNjgwNDlkZDJlZTMxZjRkYTlmYTAyZmZiY2IzZjg4M2EwZDU1NzY2Ng==|YWxsb3ktY29udGFpbmVyLWxhdy10aGVvcnktdjM=|YjY0Nzk3MTJlNTE4YjVkZmMxM2YxOTg2Njc2OWYzMGFiODFiNDliZDRiYWQ1MDhhMTc1NjkxZmJiMWQwNjMzZg==	THEORY_MISMATCH	U291cmNlLWNvbW1hbmQgc2VtYW50aWMgY29udGV4dCBoYXMgYW4gdW5zdXBwb3J0ZWQgdmVyc2lvbg==
229	boundary	source:4:MODULAR	stale-0	source	true	5	MODULAR	MzE6YWxsb3ktc291cmNlLWNvbW1hbmQtY29udGV4dC12MVsxMTo1MDphbGxveS1jb21tYW5kLW9wdGlvbnMtdjQtaW5kZXBlbmRlbnQtc2VhcmNoLWRvbWFpbjQ6d2lyZTE2OkFORFtzb21lIHRoaXMvQV01OmZhbHNlMTozMTo0MjotMTI6LTEyOi0xMjotMTI6LTFdezM6MTY6NjpzY29wZXNbMDpdezA6fTM0OjIzOmFkZGl0aW9uYWwtZXhhY3Qtc2NvcGVzWzA6XXswOn03MjoxNzpleGVjdXRpb24tb3B0aW9uc1sxMDo0OnRydWUyOjIwMTowMToyMTowNTpzYXQ0ajU6ZmFsc2UyOi0xMTowMTo0XXswOn19	cmVwYWlyZWQtbm9ybWFsLWZvcm0tdjM7dHlwZWQtYWxsb3ktbm9ybWFsLWZvcm0tYWRhcHRlci12MTM=	Y2Fub25pY2FsLWFsbG95LXNpZ25hdHVyZS12OA==	923e86d0b66d4d06fa66eecd68049dd2ee31f4da9fa02ffbcb3f883a0d557666	MTY6c2VtYW50aWMtcHJvZmlsZVs1OjE6NTc6TU9EVUxBUjI4NTozMTphbGxveS1zb3VyY2UtY29tbWFuZC1jb250ZXh0LXYxWzExOjUwOmFsbG95LWNvbW1hbmQtb3B0aW9ucy12NC1pbmRlcGVuZGVudC1zZWFyY2gtZG9tYWluNDp3aXJlMTY6QU5EW3NvbWUgdGhpcy9BXTU6ZmFsc2UxOjMxOjQyOi0xMjotMTI6LTEyOi0xMjotMV17MzoxNjo2OnNjb3Blc1swOl17MDp9MzQ6MjM6YWRkaXRpb25hbC1leGFjdC1zY29wZXNbMDpdezA6fTcyOjE3OmV4ZWN1dGlvbi1vcHRpb25zWzEwOjQ6dHJ1ZTI6MjAxOjAxOjIxOjA1OnNhdDRqNTpmYWxzZTI6LTExOjAxOjRdezA6fX01OTpyZXBhaXJlZC1ub3JtYWwtZm9ybS12Mzt0eXBlZC1hbGxveS1ub3JtYWwtZm9ybS1hZGFwdGVyLXYxMzI4OmNhbm9uaWNhbC1hbGxveS1zaWduYXR1cmUtdjhdezA6fQ==	MTY6c2VtYW50aWMtcHJvZmlsZVs1OjE6NTc6TU9EVUxBUjI4NTozMTphbGxveS1zb3VyY2UtY29tbWFuZC1jb250ZXh0LXYxWzExOjUwOmFsbG95LWNvbW1hbmQtb3B0aW9ucy12NC1pbmRlcGVuZGVudC1zZWFyY2gtZG9tYWluNDp3aXJlMTY6QU5EW3NvbWUgdGhpcy9BXTU6ZmFsc2UxOjMxOjQyOi0xMjotMTI6LTEyOi0xMjotMV17MzoxNjo2OnNjb3Blc1swOl17MDp9MzQ6MjM6YWRkaXRpb25hbC1leGFjdC1zY29wZXNbMDpdezA6fTcyOjE3OmV4ZWN1dGlvbi1vcHRpb25zWzEwOjQ6dHJ1ZTI6MjAxOjAxOjIxOjA1OnNhdDRqNTpmYWxzZTI6LTExOjAxOjRdezA6fX01OTpyZXBhaXJlZC1ub3JtYWwtZm9ybS12Mzt0eXBlZC1hbGxveS1ub3JtYWwtZm9ybS1hZGFwdGVyLXYxMzI4OmNhbm9uaWNhbC1hbGxveS1zaWduYXR1cmUtdjhdezA6fQ==	NA==|TU9EVUxBUg==|MzE6YWxsb3ktc291cmNlLWNvbW1hbmQtY29udGV4dC12MVsxMTo1MDphbGxveS1jb21tYW5kLW9wdGlvbnMtdjQtaW5kZXBlbmRlbnQtc2VhcmNoLWRvbWFpbjQ6d2lyZTE2OkFORFtzb21lIHRoaXMvQV01OmZhbHNlMTozMTo0MjotMTI6LTEyOi0xMjotMTI6LTFdezM6MTY6NjpzY29wZXNbMDpdezA6fTM0OjIzOmFkZGl0aW9uYWwtZXhhY3Qtc2NvcGVzWzA6XXswOn03MjoxNzpleGVjdXRpb24tb3B0aW9uc1sxMDo0OnRydWUyOjIwMTowMToyMTowNTpzYXQ0ajU6ZmFsc2UyOi0xMTowMTo0XXswOn19|cmVwYWlyZWQtbm9ybWFsLWZvcm0tdjM7dHlwZWQtYWxsb3ktbm9ybWFsLWZvcm0tYWRhcHRlci12MTM=|Y2Fub25pY2FsLWFsbG95LXNpZ25hdHVyZS12OA==|OTIzZTg2ZDBiNjZkNGQwNmZhNjZlZWNkNjgwNDlkZDJlZTMxZjRkYTlmYTAyZmZiY2IzZjg4M2EwZDU1NzY2Ng==|YWxsb3ktY29udGFpbmVyLWxhdy10aGVvcnktdjM=|YjY0Nzk3MTJlNTE4YjVkZmMxM2YxOTg2Njc2OWYzMGFiODFiNDliZDRiYWQ1MDhhMTc1NjkxZmJiMWQwNjMzZg==	THEORY_MISMATCH	U291cmNlLWNvbW1hbmQgc2VtYW50aWMgY29udGV4dCBoYXMgYW4gdW5zdXBwb3J0ZWQgdmVyc2lvbg==
230	boundary	source:4:MODULAR	stale-1	source	true	4	FORBID	MzE6YWxsb3ktc291cmNlLWNvbW1hbmQtY29udGV4dC12MVsxMTo1MDphbGxveS1jb21tYW5kLW9wdGlvbnMtdjQtaW5kZXBlbmRlbnQtc2VhcmNoLWRvbWFpbjQ6d2lyZTE2OkFORFtzb21lIHRoaXMvQV01OmZhbHNlMTozMTo0MjotMTI6LTEyOi0xMjotMTI6LTFdezM6MTY6NjpzY29wZXNbMDpdezA6fTM0OjIzOmFkZGl0aW9uYWwtZXhhY3Qtc2NvcGVzWzA6XXswOn03MjoxNzpleGVjdXRpb24tb3B0aW9uc1sxMDo0OnRydWUyOjIwMTowMToyMTowNTpzYXQ0ajU6ZmFsc2UyOi0xMTowMTo0XXswOn19	cmVwYWlyZWQtbm9ybWFsLWZvcm0tdjM7dHlwZWQtYWxsb3ktbm9ybWFsLWZvcm0tYWRhcHRlci12MTM=	Y2Fub25pY2FsLWFsbG95LXNpZ25hdHVyZS12OA==	923e86d0b66d4d06fa66eecd68049dd2ee31f4da9fa02ffbcb3f883a0d557666	MTY6c2VtYW50aWMtcHJvZmlsZVs1OjE6NDY6Rk9SQklEMjg1OjMxOmFsbG95LXNvdXJjZS1jb21tYW5kLWNvbnRleHQtdjFbMTE6NTA6YWxsb3ktY29tbWFuZC1vcHRpb25zLXY0LWluZGVwZW5kZW50LXNlYXJjaC1kb21haW40OndpcmUxNjpBTkRbc29tZSB0aGlzL0FdNTpmYWxzZTE6MzE6NDI6LTEyOi0xMjotMTI6LTEyOi0xXXszOjE2OjY6c2NvcGVzWzA6XXswOn0zNDoyMzphZGRpdGlvbmFsLWV4YWN0LXNjb3Blc1swOl17MDp9NzI6MTc6ZXhlY3V0aW9uLW9wdGlvbnNbMTA6NDp0cnVlMjoyMDE6MDE6MjE6MDU6c2F0NGo1OmZhbHNlMjotMTE6MDE6NF17MDp9fTU5OnJlcGFpcmVkLW5vcm1hbC1mb3JtLXYzO3R5cGVkLWFsbG95LW5vcm1hbC1mb3JtLWFkYXB0ZXItdjEzMjg6Y2Fub25pY2FsLWFsbG95LXNpZ25hdHVyZS12OF17MDp9	MTY6c2VtYW50aWMtcHJvZmlsZVs1OjE6NDY6Rk9SQklEMjg1OjMxOmFsbG95LXNvdXJjZS1jb21tYW5kLWNvbnRleHQtdjFbMTE6NTA6YWxsb3ktY29tbWFuZC1vcHRpb25zLXY0LWluZGVwZW5kZW50LXNlYXJjaC1kb21haW40OndpcmUxNjpBTkRbc29tZSB0aGlzL0FdNTpmYWxzZTE6MzE6NDI6LTEyOi0xMjotMTI6LTEyOi0xXXszOjE2OjY6c2NvcGVzWzA6XXswOn0zNDoyMzphZGRpdGlvbmFsLWV4YWN0LXNjb3Blc1swOl17MDp9NzI6MTc6ZXhlY3V0aW9uLW9wdGlvbnNbMTA6NDp0cnVlMjoyMDE6MDE6MjE6MDU6c2F0NGo1OmZhbHNlMjotMTE6MDE6NF17MDp9fTU5OnJlcGFpcmVkLW5vcm1hbC1mb3JtLXYzO3R5cGVkLWFsbG95LW5vcm1hbC1mb3JtLWFkYXB0ZXItdjEzMjg6Y2Fub25pY2FsLWFsbG95LXNpZ25hdHVyZS12OF17MDp9	NA==|TU9EVUxBUg==|MzE6YWxsb3ktc291cmNlLWNvbW1hbmQtY29udGV4dC12MVsxMTo1MDphbGxveS1jb21tYW5kLW9wdGlvbnMtdjQtaW5kZXBlbmRlbnQtc2VhcmNoLWRvbWFpbjQ6d2lyZTE2OkFORFtzb21lIHRoaXMvQV01OmZhbHNlMTozMTo0MjotMTI6LTEyOi0xMjotMTI6LTFdezM6MTY6NjpzY29wZXNbMDpdezA6fTM0OjIzOmFkZGl0aW9uYWwtZXhhY3Qtc2NvcGVzWzA6XXswOn03MjoxNzpleGVjdXRpb24tb3B0aW9uc1sxMDo0OnRydWUyOjIwMTowMToyMTowNTpzYXQ0ajU6ZmFsc2UyOi0xMTowMTo0XXswOn19|cmVwYWlyZWQtbm9ybWFsLWZvcm0tdjM7dHlwZWQtYWxsb3ktbm9ybWFsLWZvcm0tYWRhcHRlci12MTM=|Y2Fub25pY2FsLWFsbG95LXNpZ25hdHVyZS12OA==|OTIzZTg2ZDBiNjZkNGQwNmZhNjZlZWNkNjgwNDlkZDJlZTMxZjRkYTlmYTAyZmZiY2IzZjg4M2EwZDU1NzY2Ng==|YWxsb3ktY29udGFpbmVyLWxhdy10aGVvcnktdjM=|YjY0Nzk3MTJlNTE4YjVkZmMxM2YxOTg2Njc2OWYzMGFiODFiNDliZDRiYWQ1MDhhMTc1NjkxZmJiMWQwNjMzZg==	THEORY_MISMATCH	U291cmNlLWNvbW1hbmQgc2VtYW50aWMgY29udGV4dCBoYXMgYW4gdW5zdXBwb3J0ZWQgdmVyc2lvbg==
231	boundary	source:4:MODULAR	stale-2	source	true	4	MODULAR	MzE6YWxsb3ktc291cmNlLWNvbW1hbmQtY29udGV4dC12MVsxMTo1MDphbGxveS1jb21tYW5kLW9wdGlvbnMtdjQtaW5kZXBlbmRlbnQtc2VhcmNoLWRvbWFpbjQ6d2lyZTE2OkFORFtzb21lIHRoaXMvQV01OmZhbHNlMTozMTo0MjotMTI6LTEyOi0xMjotMTI6LTFdezM6MTY6NjpzY29wZXNbMDpdezA6fTM0OjIzOmFkZGl0aW9uYWwtZXhhY3Qtc2NvcGVzWzA6XXswOn03MjoxNzpleGVjdXRpb24tb3B0aW9uc1sxMDo0OnRydWUyOjIwMTowMToyMTowNTpzYXQ0ajU6ZmFsc2UyOi0xMTowMTo0XXswOn19OmNoYW5nZWQ=	cmVwYWlyZWQtbm9ybWFsLWZvcm0tdjM7dHlwZWQtYWxsb3ktbm9ybWFsLWZvcm0tYWRhcHRlci12MTM=	Y2Fub25pY2FsLWFsbG95LXNpZ25hdHVyZS12OA==	923e86d0b66d4d06fa66eecd68049dd2ee31f4da9fa02ffbcb3f883a0d557666	MTY6c2VtYW50aWMtcHJvZmlsZVs1OjE6NDc6TU9EVUxBUjI5MzozMTphbGxveS1zb3VyY2UtY29tbWFuZC1jb250ZXh0LXYxWzExOjUwOmFsbG95LWNvbW1hbmQtb3B0aW9ucy12NC1pbmRlcGVuZGVudC1zZWFyY2gtZG9tYWluNDp3aXJlMTY6QU5EW3NvbWUgdGhpcy9BXTU6ZmFsc2UxOjMxOjQyOi0xMjotMTI6LTEyOi0xMjotMV17MzoxNjo2OnNjb3Blc1swOl17MDp9MzQ6MjM6YWRkaXRpb25hbC1leGFjdC1zY29wZXNbMDpdezA6fTcyOjE3OmV4ZWN1dGlvbi1vcHRpb25zWzEwOjQ6dHJ1ZTI6MjAxOjAxOjIxOjA1OnNhdDRqNTpmYWxzZTI6LTExOjAxOjRdezA6fX06Y2hhbmdlZDU5OnJlcGFpcmVkLW5vcm1hbC1mb3JtLXYzO3R5cGVkLWFsbG95LW5vcm1hbC1mb3JtLWFkYXB0ZXItdjEzMjg6Y2Fub25pY2FsLWFsbG95LXNpZ25hdHVyZS12OF17MDp9	MTY6c2VtYW50aWMtcHJvZmlsZVs1OjE6NDc6TU9EVUxBUjI5MzozMTphbGxveS1zb3VyY2UtY29tbWFuZC1jb250ZXh0LXYxWzExOjUwOmFsbG95LWNvbW1hbmQtb3B0aW9ucy12NC1pbmRlcGVuZGVudC1zZWFyY2gtZG9tYWluNDp3aXJlMTY6QU5EW3NvbWUgdGhpcy9BXTU6ZmFsc2UxOjMxOjQyOi0xMjotMTI6LTEyOi0xMjotMV17MzoxNjo2OnNjb3Blc1swOl17MDp9MzQ6MjM6YWRkaXRpb25hbC1leGFjdC1zY29wZXNbMDpdezA6fTcyOjE3OmV4ZWN1dGlvbi1vcHRpb25zWzEwOjQ6dHJ1ZTI6MjAxOjAxOjIxOjA1OnNhdDRqNTpmYWxzZTI6LTExOjAxOjRdezA6fX06Y2hhbmdlZDU5OnJlcGFpcmVkLW5vcm1hbC1mb3JtLXYzO3R5cGVkLWFsbG95LW5vcm1hbC1mb3JtLWFkYXB0ZXItdjEzMjg6Y2Fub25pY2FsLWFsbG95LXNpZ25hdHVyZS12OF17MDp9	NA==|TU9EVUxBUg==|MzE6YWxsb3ktc291cmNlLWNvbW1hbmQtY29udGV4dC12MVsxMTo1MDphbGxveS1jb21tYW5kLW9wdGlvbnMtdjQtaW5kZXBlbmRlbnQtc2VhcmNoLWRvbWFpbjQ6d2lyZTE2OkFORFtzb21lIHRoaXMvQV01OmZhbHNlMTozMTo0MjotMTI6LTEyOi0xMjotMTI6LTFdezM6MTY6NjpzY29wZXNbMDpdezA6fTM0OjIzOmFkZGl0aW9uYWwtZXhhY3Qtc2NvcGVzWzA6XXswOn03MjoxNzpleGVjdXRpb24tb3B0aW9uc1sxMDo0OnRydWUyOjIwMTowMToyMTowNTpzYXQ0ajU6ZmFsc2UyOi0xMTowMTo0XXswOn19|cmVwYWlyZWQtbm9ybWFsLWZvcm0tdjM7dHlwZWQtYWxsb3ktbm9ybWFsLWZvcm0tYWRhcHRlci12MTM=|Y2Fub25pY2FsLWFsbG95LXNpZ25hdHVyZS12OA==|OTIzZTg2ZDBiNjZkNGQwNmZhNjZlZWNkNjgwNDlkZDJlZTMxZjRkYTlmYTAyZmZiY2IzZjg4M2EwZDU1NzY2Ng==|YWxsb3ktY29udGFpbmVyLWxhdy10aGVvcnktdjM=|YjY0Nzk3MTJlNTE4YjVkZmMxM2YxOTg2Njc2OWYzMGFiODFiNDliZDRiYWQ1MDhhMTc1NjkxZmJiMWQwNjMzZg==	INVALID_RECORD_SHAPE	c291cmNlLWNvbW1hbmQgc2VtYW50aWMgY29udGV4dCBoYXMgdHJhaWxpbmcgc3RydWN0dXJhbC1rZXkgZGF0YQ==
232	boundary	source:4:MODULAR	stale-3	source	true	4	MODULAR	MzE6YWxsb3ktc291cmNlLWNvbW1hbmQtY29udGV4dC12MVsxMTo1MDphbGxveS1jb21tYW5kLW9wdGlvbnMtdjQtaW5kZXBlbmRlbnQtc2VhcmNoLWRvbWFpbjQ6d2lyZTE2OkFORFtzb21lIHRoaXMvQV01OmZhbHNlMTozMTo0MjotMTI6LTEyOi0xMjotMTI6LTFdezM6MTY6NjpzY29wZXNbMDpdezA6fTM0OjIzOmFkZGl0aW9uYWwtZXhhY3Qtc2NvcGVzWzA6XXswOn03MjoxNzpleGVjdXRpb24tb3B0aW9uc1sxMDo0OnRydWUyOjIwMTowMToyMTowNTpzYXQ0ajU6ZmFsc2UyOi0xMTowMTo0XXswOn19	cmVwYWlyZWQtbm9ybWFsLWZvcm0tdjM7dHlwZWQtYWxsb3ktbm9ybWFsLWZvcm0tYWRhcHRlci12MTM6Y2hhbmdlZA==	Y2Fub25pY2FsLWFsbG95LXNpZ25hdHVyZS12OA==	923e86d0b66d4d06fa66eecd68049dd2ee31f4da9fa02ffbcb3f883a0d557666	MTY6c2VtYW50aWMtcHJvZmlsZVs1OjE6NDc6TU9EVUxBUjI4NTozMTphbGxveS1zb3VyY2UtY29tbWFuZC1jb250ZXh0LXYxWzExOjUwOmFsbG95LWNvbW1hbmQtb3B0aW9ucy12NC1pbmRlcGVuZGVudC1zZWFyY2gtZG9tYWluNDp3aXJlMTY6QU5EW3NvbWUgdGhpcy9BXTU6ZmFsc2UxOjMxOjQyOi0xMjotMTI6LTEyOi0xMjotMV17MzoxNjo2OnNjb3Blc1swOl17MDp9MzQ6MjM6YWRkaXRpb25hbC1leGFjdC1zY29wZXNbMDpdezA6fTcyOjE3OmV4ZWN1dGlvbi1vcHRpb25zWzEwOjQ6dHJ1ZTI6MjAxOjAxOjIxOjA1OnNhdDRqNTpmYWxzZTI6LTExOjAxOjRdezA6fX02NzpyZXBhaXJlZC1ub3JtYWwtZm9ybS12Mzt0eXBlZC1hbGxveS1ub3JtYWwtZm9ybS1hZGFwdGVyLXYxMzpjaGFuZ2VkMjg6Y2Fub25pY2FsLWFsbG95LXNpZ25hdHVyZS12OF17MDp9	MTY6c2VtYW50aWMtcHJvZmlsZVs1OjE6NDc6TU9EVUxBUjI4NTozMTphbGxveS1zb3VyY2UtY29tbWFuZC1jb250ZXh0LXYxWzExOjUwOmFsbG95LWNvbW1hbmQtb3B0aW9ucy12NC1pbmRlcGVuZGVudC1zZWFyY2gtZG9tYWluNDp3aXJlMTY6QU5EW3NvbWUgdGhpcy9BXTU6ZmFsc2UxOjMxOjQyOi0xMjotMTI6LTEyOi0xMjotMV17MzoxNjo2OnNjb3Blc1swOl17MDp9MzQ6MjM6YWRkaXRpb25hbC1leGFjdC1zY29wZXNbMDpdezA6fTcyOjE3OmV4ZWN1dGlvbi1vcHRpb25zWzEwOjQ6dHJ1ZTI6MjAxOjAxOjIxOjA1OnNhdDRqNTpmYWxzZTI6LTExOjAxOjRdezA6fX02NzpyZXBhaXJlZC1ub3JtYWwtZm9ybS12Mzt0eXBlZC1hbGxveS1ub3JtYWwtZm9ybS1hZGFwdGVyLXYxMzpjaGFuZ2VkMjg6Y2Fub25pY2FsLWFsbG95LXNpZ25hdHVyZS12OF17MDp9	NA==|TU9EVUxBUg==|MzE6YWxsb3ktc291cmNlLWNvbW1hbmQtY29udGV4dC12MVsxMTo1MDphbGxveS1jb21tYW5kLW9wdGlvbnMtdjQtaW5kZXBlbmRlbnQtc2VhcmNoLWRvbWFpbjQ6d2lyZTE2OkFORFtzb21lIHRoaXMvQV01OmZhbHNlMTozMTo0MjotMTI6LTEyOi0xMjotMTI6LTFdezM6MTY6NjpzY29wZXNbMDpdezA6fTM0OjIzOmFkZGl0aW9uYWwtZXhhY3Qtc2NvcGVzWzA6XXswOn03MjoxNzpleGVjdXRpb24tb3B0aW9uc1sxMDo0OnRydWUyOjIwMTowMToyMTowNTpzYXQ0ajU6ZmFsc2UyOi0xMTowMTo0XXswOn19|cmVwYWlyZWQtbm9ybWFsLWZvcm0tdjM7dHlwZWQtYWxsb3ktbm9ybWFsLWZvcm0tYWRhcHRlci12MTM=|Y2Fub25pY2FsLWFsbG95LXNpZ25hdHVyZS12OA==|OTIzZTg2ZDBiNjZkNGQwNmZhNjZlZWNkNjgwNDlkZDJlZTMxZjRkYTlmYTAyZmZiY2IzZjg4M2EwZDU1NzY2Ng==|YWxsb3ktY29udGFpbmVyLWxhdy10aGVvcnktdjM=|YjY0Nzk3MTJlNTE4YjVkZmMxM2YxOTg2Njc2OWYzMGFiODFiNDliZDRiYWQ1MDhhMTc1NjkxZmJiMWQwNjMzZg==	THEORY_MISMATCH	U291cmNlLWNvbW1hbmQgZXZpZGVuY2UgbmFtZXMgdW5zdXBwb3J0ZWQgc2VtYW50aWMgaW1wbGVtZW50YXRpb24gdmVyc2lvbnM=
233	boundary	source:4:MODULAR	stale-4	source	true	4	MODULAR	MzE6YWxsb3ktc291cmNlLWNvbW1hbmQtY29udGV4dC12MVsxMTo1MDphbGxveS1jb21tYW5kLW9wdGlvbnMtdjQtaW5kZXBlbmRlbnQtc2VhcmNoLWRvbWFpbjQ6d2lyZTE2OkFORFtzb21lIHRoaXMvQV01OmZhbHNlMTozMTo0MjotMTI6LTEyOi0xMjotMTI6LTFdezM6MTY6NjpzY29wZXNbMDpdezA6fTM0OjIzOmFkZGl0aW9uYWwtZXhhY3Qtc2NvcGVzWzA6XXswOn03MjoxNzpleGVjdXRpb24tb3B0aW9uc1sxMDo0OnRydWUyOjIwMTowMToyMTowNTpzYXQ0ajU6ZmFsc2UyOi0xMTowMTo0XXswOn19	cmVwYWlyZWQtbm9ybWFsLWZvcm0tdjM7dHlwZWQtYWxsb3ktbm9ybWFsLWZvcm0tYWRhcHRlci12MTM=	Y2Fub25pY2FsLWFsbG95LXNpZ25hdHVyZS12ODpjaGFuZ2Vk	923e86d0b66d4d06fa66eecd68049dd2ee31f4da9fa02ffbcb3f883a0d557666	MTY6c2VtYW50aWMtcHJvZmlsZVs1OjE6NDc6TU9EVUxBUjI4NTozMTphbGxveS1zb3VyY2UtY29tbWFuZC1jb250ZXh0LXYxWzExOjUwOmFsbG95LWNvbW1hbmQtb3B0aW9ucy12NC1pbmRlcGVuZGVudC1zZWFyY2gtZG9tYWluNDp3aXJlMTY6QU5EW3NvbWUgdGhpcy9BXTU6ZmFsc2UxOjMxOjQyOi0xMjotMTI6LTEyOi0xMjotMV17MzoxNjo2OnNjb3Blc1swOl17MDp9MzQ6MjM6YWRkaXRpb25hbC1leGFjdC1zY29wZXNbMDpdezA6fTcyOjE3OmV4ZWN1dGlvbi1vcHRpb25zWzEwOjQ6dHJ1ZTI6MjAxOjAxOjIxOjA1OnNhdDRqNTpmYWxzZTI6LTExOjAxOjRdezA6fX01OTpyZXBhaXJlZC1ub3JtYWwtZm9ybS12Mzt0eXBlZC1hbGxveS1ub3JtYWwtZm9ybS1hZGFwdGVyLXYxMzM2OmNhbm9uaWNhbC1hbGxveS1zaWduYXR1cmUtdjg6Y2hhbmdlZF17MDp9	MTY6c2VtYW50aWMtcHJvZmlsZVs1OjE6NDc6TU9EVUxBUjI4NTozMTphbGxveS1zb3VyY2UtY29tbWFuZC1jb250ZXh0LXYxWzExOjUwOmFsbG95LWNvbW1hbmQtb3B0aW9ucy12NC1pbmRlcGVuZGVudC1zZWFyY2gtZG9tYWluNDp3aXJlMTY6QU5EW3NvbWUgdGhpcy9BXTU6ZmFsc2UxOjMxOjQyOi0xMjotMTI6LTEyOi0xMjotMV17MzoxNjo2OnNjb3Blc1swOl17MDp9MzQ6MjM6YWRkaXRpb25hbC1leGFjdC1zY29wZXNbMDpdezA6fTcyOjE3OmV4ZWN1dGlvbi1vcHRpb25zWzEwOjQ6dHJ1ZTI6MjAxOjAxOjIxOjA1OnNhdDRqNTpmYWxzZTI6LTExOjAxOjRdezA6fX01OTpyZXBhaXJlZC1ub3JtYWwtZm9ybS12Mzt0eXBlZC1hbGxveS1ub3JtYWwtZm9ybS1hZGFwdGVyLXYxMzM2OmNhbm9uaWNhbC1hbGxveS1zaWduYXR1cmUtdjg6Y2hhbmdlZF17MDp9	NA==|TU9EVUxBUg==|MzE6YWxsb3ktc291cmNlLWNvbW1hbmQtY29udGV4dC12MVsxMTo1MDphbGxveS1jb21tYW5kLW9wdGlvbnMtdjQtaW5kZXBlbmRlbnQtc2VhcmNoLWRvbWFpbjQ6d2lyZTE2OkFORFtzb21lIHRoaXMvQV01OmZhbHNlMTozMTo0MjotMTI6LTEyOi0xMjotMTI6LTFdezM6MTY6NjpzY29wZXNbMDpdezA6fTM0OjIzOmFkZGl0aW9uYWwtZXhhY3Qtc2NvcGVzWzA6XXswOn03MjoxNzpleGVjdXRpb24tb3B0aW9uc1sxMDo0OnRydWUyOjIwMTowMToyMTowNTpzYXQ0ajU6ZmFsc2UyOi0xMTowMTo0XXswOn19|cmVwYWlyZWQtbm9ybWFsLWZvcm0tdjM7dHlwZWQtYWxsb3ktbm9ybWFsLWZvcm0tYWRhcHRlci12MTM=|Y2Fub25pY2FsLWFsbG95LXNpZ25hdHVyZS12OA==|OTIzZTg2ZDBiNjZkNGQwNmZhNjZlZWNkNjgwNDlkZDJlZTMxZjRkYTlmYTAyZmZiY2IzZjg4M2EwZDU1NzY2Ng==|YWxsb3ktY29udGFpbmVyLWxhdy10aGVvcnktdjM=|YjY0Nzk3MTJlNTE4YjVkZmMxM2YxOTg2Njc2OWYzMGFiODFiNDliZDRiYWQ1MDhhMTc1NjkxZmJiMWQwNjMzZg==	THEORY_MISMATCH	U291cmNlLWNvbW1hbmQgZXZpZGVuY2UgbmFtZXMgdW5zdXBwb3J0ZWQgc2VtYW50aWMgaW1wbGVtZW50YXRpb24gdmVyc2lvbnM=
234	boundary	source:4:MODULAR	rehashed-0	source	true	5	MODULAR	MzE6YWxsb3ktc291cmNlLWNvbW1hbmQtY29udGV4dC12MVsxMTo1MDphbGxveS1jb21tYW5kLW9wdGlvbnMtdjQtaW5kZXBlbmRlbnQtc2VhcmNoLWRvbWFpbjQ6d2lyZTE2OkFORFtzb21lIHRoaXMvQV01OmZhbHNlMTozMTo0MjotMTI6LTEyOi0xMjotMTI6LTFdezM6MTY6NjpzY29wZXNbMDpdezA6fTM0OjIzOmFkZGl0aW9uYWwtZXhhY3Qtc2NvcGVzWzA6XXswOn03MjoxNzpleGVjdXRpb24tb3B0aW9uc1sxMDo0OnRydWUyOjIwMTowMToyMTowNTpzYXQ0ajU6ZmFsc2UyOi0xMTowMTo0XXswOn19	cmVwYWlyZWQtbm9ybWFsLWZvcm0tdjM7dHlwZWQtYWxsb3ktbm9ybWFsLWZvcm0tYWRhcHRlci12MTM=	Y2Fub25pY2FsLWFsbG95LXNpZ25hdHVyZS12OA==	4831806a80824f4ce9b5094301259c0e47658d4374cdf2a97a6519de43df8548	MTY6c2VtYW50aWMtcHJvZmlsZVs1OjE6NTc6TU9EVUxBUjI4NTozMTphbGxveS1zb3VyY2UtY29tbWFuZC1jb250ZXh0LXYxWzExOjUwOmFsbG95LWNvbW1hbmQtb3B0aW9ucy12NC1pbmRlcGVuZGVudC1zZWFyY2gtZG9tYWluNDp3aXJlMTY6QU5EW3NvbWUgdGhpcy9BXTU6ZmFsc2UxOjMxOjQyOi0xMjotMTI6LTEyOi0xMjotMV17MzoxNjo2OnNjb3Blc1swOl17MDp9MzQ6MjM6YWRkaXRpb25hbC1leGFjdC1zY29wZXNbMDpdezA6fTcyOjE3OmV4ZWN1dGlvbi1vcHRpb25zWzEwOjQ6dHJ1ZTI6MjAxOjAxOjIxOjA1OnNhdDRqNTpmYWxzZTI6LTExOjAxOjRdezA6fX01OTpyZXBhaXJlZC1ub3JtYWwtZm9ybS12Mzt0eXBlZC1hbGxveS1ub3JtYWwtZm9ybS1hZGFwdGVyLXYxMzI4OmNhbm9uaWNhbC1hbGxveS1zaWduYXR1cmUtdjhdezA6fQ==	MTY6c2VtYW50aWMtcHJvZmlsZVs1OjE6NTc6TU9EVUxBUjI4NTozMTphbGxveS1zb3VyY2UtY29tbWFuZC1jb250ZXh0LXYxWzExOjUwOmFsbG95LWNvbW1hbmQtb3B0aW9ucy12NC1pbmRlcGVuZGVudC1zZWFyY2gtZG9tYWluNDp3aXJlMTY6QU5EW3NvbWUgdGhpcy9BXTU6ZmFsc2UxOjMxOjQyOi0xMjotMTI6LTEyOi0xMjotMV17MzoxNjo2OnNjb3Blc1swOl17MDp9MzQ6MjM6YWRkaXRpb25hbC1leGFjdC1zY29wZXNbMDpdezA6fTcyOjE3OmV4ZWN1dGlvbi1vcHRpb25zWzEwOjQ6dHJ1ZTI6MjAxOjAxOjIxOjA1OnNhdDRqNTpmYWxzZTI6LTExOjAxOjRdezA6fX01OTpyZXBhaXJlZC1ub3JtYWwtZm9ybS12Mzt0eXBlZC1hbGxveS1ub3JtYWwtZm9ybS1hZGFwdGVyLXYxMzI4OmNhbm9uaWNhbC1hbGxveS1zaWduYXR1cmUtdjhdezA6fQ==	NA==|TU9EVUxBUg==|MzE6YWxsb3ktc291cmNlLWNvbW1hbmQtY29udGV4dC12MVsxMTo1MDphbGxveS1jb21tYW5kLW9wdGlvbnMtdjQtaW5kZXBlbmRlbnQtc2VhcmNoLWRvbWFpbjQ6d2lyZTE2OkFORFtzb21lIHRoaXMvQV01OmZhbHNlMTozMTo0MjotMTI6LTEyOi0xMjotMTI6LTFdezM6MTY6NjpzY29wZXNbMDpdezA6fTM0OjIzOmFkZGl0aW9uYWwtZXhhY3Qtc2NvcGVzWzA6XXswOn03MjoxNzpleGVjdXRpb24tb3B0aW9uc1sxMDo0OnRydWUyOjIwMTowMToyMTowNTpzYXQ0ajU6ZmFsc2UyOi0xMTowMTo0XXswOn19|cmVwYWlyZWQtbm9ybWFsLWZvcm0tdjM7dHlwZWQtYWxsb3ktbm9ybWFsLWZvcm0tYWRhcHRlci12MTM=|Y2Fub25pY2FsLWFsbG95LXNpZ25hdHVyZS12OA==|OTIzZTg2ZDBiNjZkNGQwNmZhNjZlZWNkNjgwNDlkZDJlZTMxZjRkYTlmYTAyZmZiY2IzZjg4M2EwZDU1NzY2Ng==|YWxsb3ktY29udGFpbmVyLWxhdy10aGVvcnktdjM=|YjY0Nzk3MTJlNTE4YjVkZmMxM2YxOTg2Njc2OWYzMGFiODFiNDliZDRiYWQ1MDhhMTc1NjkxZmJiMWQwNjMzZg==	THEORY_MISMATCH	U291cmNlLWNvbW1hbmQgc2VtYW50aWMgY29udGV4dCBoYXMgYW4gdW5zdXBwb3J0ZWQgdmVyc2lvbg==
235	boundary	source:4:MODULAR	rehashed-1	source	true	4	FORBID	MzE6YWxsb3ktc291cmNlLWNvbW1hbmQtY29udGV4dC12MVsxMTo1MDphbGxveS1jb21tYW5kLW9wdGlvbnMtdjQtaW5kZXBlbmRlbnQtc2VhcmNoLWRvbWFpbjQ6d2lyZTE2OkFORFtzb21lIHRoaXMvQV01OmZhbHNlMTozMTo0MjotMTI6LTEyOi0xMjotMTI6LTFdezM6MTY6NjpzY29wZXNbMDpdezA6fTM0OjIzOmFkZGl0aW9uYWwtZXhhY3Qtc2NvcGVzWzA6XXswOn03MjoxNzpleGVjdXRpb24tb3B0aW9uc1sxMDo0OnRydWUyOjIwMTowMToyMTowNTpzYXQ0ajU6ZmFsc2UyOi0xMTowMTo0XXswOn19	cmVwYWlyZWQtbm9ybWFsLWZvcm0tdjM7dHlwZWQtYWxsb3ktbm9ybWFsLWZvcm0tYWRhcHRlci12MTM=	Y2Fub25pY2FsLWFsbG95LXNpZ25hdHVyZS12OA==	786f75495576ddf20598bcee36c76c88779a9f713e6eb77c113e4dce015b7793	MTY6c2VtYW50aWMtcHJvZmlsZVs1OjE6NDY6Rk9SQklEMjg1OjMxOmFsbG95LXNvdXJjZS1jb21tYW5kLWNvbnRleHQtdjFbMTE6NTA6YWxsb3ktY29tbWFuZC1vcHRpb25zLXY0LWluZGVwZW5kZW50LXNlYXJjaC1kb21haW40OndpcmUxNjpBTkRbc29tZSB0aGlzL0FdNTpmYWxzZTE6MzE6NDI6LTEyOi0xMjotMTI6LTEyOi0xXXszOjE2OjY6c2NvcGVzWzA6XXswOn0zNDoyMzphZGRpdGlvbmFsLWV4YWN0LXNjb3Blc1swOl17MDp9NzI6MTc6ZXhlY3V0aW9uLW9wdGlvbnNbMTA6NDp0cnVlMjoyMDE6MDE6MjE6MDU6c2F0NGo1OmZhbHNlMjotMTE6MDE6NF17MDp9fTU5OnJlcGFpcmVkLW5vcm1hbC1mb3JtLXYzO3R5cGVkLWFsbG95LW5vcm1hbC1mb3JtLWFkYXB0ZXItdjEzMjg6Y2Fub25pY2FsLWFsbG95LXNpZ25hdHVyZS12OF17MDp9	MTY6c2VtYW50aWMtcHJvZmlsZVs1OjE6NDY6Rk9SQklEMjg1OjMxOmFsbG95LXNvdXJjZS1jb21tYW5kLWNvbnRleHQtdjFbMTE6NTA6YWxsb3ktY29tbWFuZC1vcHRpb25zLXY0LWluZGVwZW5kZW50LXNlYXJjaC1kb21haW40OndpcmUxNjpBTkRbc29tZSB0aGlzL0FdNTpmYWxzZTE6MzE6NDI6LTEyOi0xMjotMTI6LTEyOi0xXXszOjE2OjY6c2NvcGVzWzA6XXswOn0zNDoyMzphZGRpdGlvbmFsLWV4YWN0LXNjb3Blc1swOl17MDp9NzI6MTc6ZXhlY3V0aW9uLW9wdGlvbnNbMTA6NDp0cnVlMjoyMDE6MDE6MjE6MDU6c2F0NGo1OmZhbHNlMjotMTE6MDE6NF17MDp9fTU5OnJlcGFpcmVkLW5vcm1hbC1mb3JtLXYzO3R5cGVkLWFsbG95LW5vcm1hbC1mb3JtLWFkYXB0ZXItdjEzMjg6Y2Fub25pY2FsLWFsbG95LXNpZ25hdHVyZS12OF17MDp9	NA==|TU9EVUxBUg==|MzE6YWxsb3ktc291cmNlLWNvbW1hbmQtY29udGV4dC12MVsxMTo1MDphbGxveS1jb21tYW5kLW9wdGlvbnMtdjQtaW5kZXBlbmRlbnQtc2VhcmNoLWRvbWFpbjQ6d2lyZTE2OkFORFtzb21lIHRoaXMvQV01OmZhbHNlMTozMTo0MjotMTI6LTEyOi0xMjotMTI6LTFdezM6MTY6NjpzY29wZXNbMDpdezA6fTM0OjIzOmFkZGl0aW9uYWwtZXhhY3Qtc2NvcGVzWzA6XXswOn03MjoxNzpleGVjdXRpb24tb3B0aW9uc1sxMDo0OnRydWUyOjIwMTowMToyMTowNTpzYXQ0ajU6ZmFsc2UyOi0xMTowMTo0XXswOn19|cmVwYWlyZWQtbm9ybWFsLWZvcm0tdjM7dHlwZWQtYWxsb3ktbm9ybWFsLWZvcm0tYWRhcHRlci12MTM=|Y2Fub25pY2FsLWFsbG95LXNpZ25hdHVyZS12OA==|OTIzZTg2ZDBiNjZkNGQwNmZhNjZlZWNkNjgwNDlkZDJlZTMxZjRkYTlmYTAyZmZiY2IzZjg4M2EwZDU1NzY2Ng==|YWxsb3ktY29udGFpbmVyLWxhdy10aGVvcnktdjM=|YjY0Nzk3MTJlNTE4YjVkZmMxM2YxOTg2Njc2OWYzMGFiODFiNDliZDRiYWQ1MDhhMTc1NjkxZmJiMWQwNjMzZg==	THEORY_MISMATCH	U291cmNlLWNvbW1hbmQgc2VtYW50aWMgY29udGV4dCBoYXMgYW4gdW5zdXBwb3J0ZWQgdmVyc2lvbg==
236	boundary	source:4:MODULAR	rehashed-2	source	true	4	MODULAR	MzE6YWxsb3ktc291cmNlLWNvbW1hbmQtY29udGV4dC12MVsxMTo1MDphbGxveS1jb21tYW5kLW9wdGlvbnMtdjQtaW5kZXBlbmRlbnQtc2VhcmNoLWRvbWFpbjQ6d2lyZTE2OkFORFtzb21lIHRoaXMvQV01OmZhbHNlMTozMTo0MjotMTI6LTEyOi0xMjotMTI6LTFdezM6MTY6NjpzY29wZXNbMDpdezA6fTM0OjIzOmFkZGl0aW9uYWwtZXhhY3Qtc2NvcGVzWzA6XXswOn03MjoxNzpleGVjdXRpb24tb3B0aW9uc1sxMDo0OnRydWUyOjIwMTowMToyMTowNTpzYXQ0ajU6ZmFsc2UyOi0xMTowMTo0XXswOn19OmNoYW5nZWQ=	cmVwYWlyZWQtbm9ybWFsLWZvcm0tdjM7dHlwZWQtYWxsb3ktbm9ybWFsLWZvcm0tYWRhcHRlci12MTM=	Y2Fub25pY2FsLWFsbG95LXNpZ25hdHVyZS12OA==	d77287204745ba9c6233ffca3245eb3ffa03852d3e8c1efe8b07b31034a82f95	MTY6c2VtYW50aWMtcHJvZmlsZVs1OjE6NDc6TU9EVUxBUjI5MzozMTphbGxveS1zb3VyY2UtY29tbWFuZC1jb250ZXh0LXYxWzExOjUwOmFsbG95LWNvbW1hbmQtb3B0aW9ucy12NC1pbmRlcGVuZGVudC1zZWFyY2gtZG9tYWluNDp3aXJlMTY6QU5EW3NvbWUgdGhpcy9BXTU6ZmFsc2UxOjMxOjQyOi0xMjotMTI6LTEyOi0xMjotMV17MzoxNjo2OnNjb3Blc1swOl17MDp9MzQ6MjM6YWRkaXRpb25hbC1leGFjdC1zY29wZXNbMDpdezA6fTcyOjE3OmV4ZWN1dGlvbi1vcHRpb25zWzEwOjQ6dHJ1ZTI6MjAxOjAxOjIxOjA1OnNhdDRqNTpmYWxzZTI6LTExOjAxOjRdezA6fX06Y2hhbmdlZDU5OnJlcGFpcmVkLW5vcm1hbC1mb3JtLXYzO3R5cGVkLWFsbG95LW5vcm1hbC1mb3JtLWFkYXB0ZXItdjEzMjg6Y2Fub25pY2FsLWFsbG95LXNpZ25hdHVyZS12OF17MDp9	MTY6c2VtYW50aWMtcHJvZmlsZVs1OjE6NDc6TU9EVUxBUjI5MzozMTphbGxveS1zb3VyY2UtY29tbWFuZC1jb250ZXh0LXYxWzExOjUwOmFsbG95LWNvbW1hbmQtb3B0aW9ucy12NC1pbmRlcGVuZGVudC1zZWFyY2gtZG9tYWluNDp3aXJlMTY6QU5EW3NvbWUgdGhpcy9BXTU6ZmFsc2UxOjMxOjQyOi0xMjotMTI6LTEyOi0xMjotMV17MzoxNjo2OnNjb3Blc1swOl17MDp9MzQ6MjM6YWRkaXRpb25hbC1leGFjdC1zY29wZXNbMDpdezA6fTcyOjE3OmV4ZWN1dGlvbi1vcHRpb25zWzEwOjQ6dHJ1ZTI6MjAxOjAxOjIxOjA1OnNhdDRqNTpmYWxzZTI6LTExOjAxOjRdezA6fX06Y2hhbmdlZDU5OnJlcGFpcmVkLW5vcm1hbC1mb3JtLXYzO3R5cGVkLWFsbG95LW5vcm1hbC1mb3JtLWFkYXB0ZXItdjEzMjg6Y2Fub25pY2FsLWFsbG95LXNpZ25hdHVyZS12OF17MDp9	NA==|TU9EVUxBUg==|MzE6YWxsb3ktc291cmNlLWNvbW1hbmQtY29udGV4dC12MVsxMTo1MDphbGxveS1jb21tYW5kLW9wdGlvbnMtdjQtaW5kZXBlbmRlbnQtc2VhcmNoLWRvbWFpbjQ6d2lyZTE2OkFORFtzb21lIHRoaXMvQV01OmZhbHNlMTozMTo0MjotMTI6LTEyOi0xMjotMTI6LTFdezM6MTY6NjpzY29wZXNbMDpdezA6fTM0OjIzOmFkZGl0aW9uYWwtZXhhY3Qtc2NvcGVzWzA6XXswOn03MjoxNzpleGVjdXRpb24tb3B0aW9uc1sxMDo0OnRydWUyOjIwMTowMToyMTowNTpzYXQ0ajU6ZmFsc2UyOi0xMTowMTo0XXswOn19|cmVwYWlyZWQtbm9ybWFsLWZvcm0tdjM7dHlwZWQtYWxsb3ktbm9ybWFsLWZvcm0tYWRhcHRlci12MTM=|Y2Fub25pY2FsLWFsbG95LXNpZ25hdHVyZS12OA==|OTIzZTg2ZDBiNjZkNGQwNmZhNjZlZWNkNjgwNDlkZDJlZTMxZjRkYTlmYTAyZmZiY2IzZjg4M2EwZDU1NzY2Ng==|YWxsb3ktY29udGFpbmVyLWxhdy10aGVvcnktdjM=|YjY0Nzk3MTJlNTE4YjVkZmMxM2YxOTg2Njc2OWYzMGFiODFiNDliZDRiYWQ1MDhhMTc1NjkxZmJiMWQwNjMzZg==	INVALID_RECORD_SHAPE	c291cmNlLWNvbW1hbmQgc2VtYW50aWMgY29udGV4dCBoYXMgdHJhaWxpbmcgc3RydWN0dXJhbC1rZXkgZGF0YQ==
237	boundary	source:4:MODULAR	rehashed-3	source	true	4	MODULAR	MzE6YWxsb3ktc291cmNlLWNvbW1hbmQtY29udGV4dC12MVsxMTo1MDphbGxveS1jb21tYW5kLW9wdGlvbnMtdjQtaW5kZXBlbmRlbnQtc2VhcmNoLWRvbWFpbjQ6d2lyZTE2OkFORFtzb21lIHRoaXMvQV01OmZhbHNlMTozMTo0MjotMTI6LTEyOi0xMjotMTI6LTFdezM6MTY6NjpzY29wZXNbMDpdezA6fTM0OjIzOmFkZGl0aW9uYWwtZXhhY3Qtc2NvcGVzWzA6XXswOn03MjoxNzpleGVjdXRpb24tb3B0aW9uc1sxMDo0OnRydWUyOjIwMTowMToyMTowNTpzYXQ0ajU6ZmFsc2UyOi0xMTowMTo0XXswOn19	cmVwYWlyZWQtbm9ybWFsLWZvcm0tdjM7dHlwZWQtYWxsb3ktbm9ybWFsLWZvcm0tYWRhcHRlci12MTM6Y2hhbmdlZA==	Y2Fub25pY2FsLWFsbG95LXNpZ25hdHVyZS12OA==	5cb46443421cca34c7018f5267ac703622cd6fab0e6531e436c9ca652f66b450	MTY6c2VtYW50aWMtcHJvZmlsZVs1OjE6NDc6TU9EVUxBUjI4NTozMTphbGxveS1zb3VyY2UtY29tbWFuZC1jb250ZXh0LXYxWzExOjUwOmFsbG95LWNvbW1hbmQtb3B0aW9ucy12NC1pbmRlcGVuZGVudC1zZWFyY2gtZG9tYWluNDp3aXJlMTY6QU5EW3NvbWUgdGhpcy9BXTU6ZmFsc2UxOjMxOjQyOi0xMjotMTI6LTEyOi0xMjotMV17MzoxNjo2OnNjb3Blc1swOl17MDp9MzQ6MjM6YWRkaXRpb25hbC1leGFjdC1zY29wZXNbMDpdezA6fTcyOjE3OmV4ZWN1dGlvbi1vcHRpb25zWzEwOjQ6dHJ1ZTI6MjAxOjAxOjIxOjA1OnNhdDRqNTpmYWxzZTI6LTExOjAxOjRdezA6fX02NzpyZXBhaXJlZC1ub3JtYWwtZm9ybS12Mzt0eXBlZC1hbGxveS1ub3JtYWwtZm9ybS1hZGFwdGVyLXYxMzpjaGFuZ2VkMjg6Y2Fub25pY2FsLWFsbG95LXNpZ25hdHVyZS12OF17MDp9	MTY6c2VtYW50aWMtcHJvZmlsZVs1OjE6NDc6TU9EVUxBUjI4NTozMTphbGxveS1zb3VyY2UtY29tbWFuZC1jb250ZXh0LXYxWzExOjUwOmFsbG95LWNvbW1hbmQtb3B0aW9ucy12NC1pbmRlcGVuZGVudC1zZWFyY2gtZG9tYWluNDp3aXJlMTY6QU5EW3NvbWUgdGhpcy9BXTU6ZmFsc2UxOjMxOjQyOi0xMjotMTI6LTEyOi0xMjotMV17MzoxNjo2OnNjb3Blc1swOl17MDp9MzQ6MjM6YWRkaXRpb25hbC1leGFjdC1zY29wZXNbMDpdezA6fTcyOjE3OmV4ZWN1dGlvbi1vcHRpb25zWzEwOjQ6dHJ1ZTI6MjAxOjAxOjIxOjA1OnNhdDRqNTpmYWxzZTI6LTExOjAxOjRdezA6fX02NzpyZXBhaXJlZC1ub3JtYWwtZm9ybS12Mzt0eXBlZC1hbGxveS1ub3JtYWwtZm9ybS1hZGFwdGVyLXYxMzpjaGFuZ2VkMjg6Y2Fub25pY2FsLWFsbG95LXNpZ25hdHVyZS12OF17MDp9	NA==|TU9EVUxBUg==|MzE6YWxsb3ktc291cmNlLWNvbW1hbmQtY29udGV4dC12MVsxMTo1MDphbGxveS1jb21tYW5kLW9wdGlvbnMtdjQtaW5kZXBlbmRlbnQtc2VhcmNoLWRvbWFpbjQ6d2lyZTE2OkFORFtzb21lIHRoaXMvQV01OmZhbHNlMTozMTo0MjotMTI6LTEyOi0xMjotMTI6LTFdezM6MTY6NjpzY29wZXNbMDpdezA6fTM0OjIzOmFkZGl0aW9uYWwtZXhhY3Qtc2NvcGVzWzA6XXswOn03MjoxNzpleGVjdXRpb24tb3B0aW9uc1sxMDo0OnRydWUyOjIwMTowMToyMTowNTpzYXQ0ajU6ZmFsc2UyOi0xMTowMTo0XXswOn19|cmVwYWlyZWQtbm9ybWFsLWZvcm0tdjM7dHlwZWQtYWxsb3ktbm9ybWFsLWZvcm0tYWRhcHRlci12MTM=|Y2Fub25pY2FsLWFsbG95LXNpZ25hdHVyZS12OA==|OTIzZTg2ZDBiNjZkNGQwNmZhNjZlZWNkNjgwNDlkZDJlZTMxZjRkYTlmYTAyZmZiY2IzZjg4M2EwZDU1NzY2Ng==|YWxsb3ktY29udGFpbmVyLWxhdy10aGVvcnktdjM=|YjY0Nzk3MTJlNTE4YjVkZmMxM2YxOTg2Njc2OWYzMGFiODFiNDliZDRiYWQ1MDhhMTc1NjkxZmJiMWQwNjMzZg==	THEORY_MISMATCH	U291cmNlLWNvbW1hbmQgZXZpZGVuY2UgbmFtZXMgdW5zdXBwb3J0ZWQgc2VtYW50aWMgaW1wbGVtZW50YXRpb24gdmVyc2lvbnM=
238	boundary	source:4:MODULAR	rehashed-4	source	true	4	MODULAR	MzE6YWxsb3ktc291cmNlLWNvbW1hbmQtY29udGV4dC12MVsxMTo1MDphbGxveS1jb21tYW5kLW9wdGlvbnMtdjQtaW5kZXBlbmRlbnQtc2VhcmNoLWRvbWFpbjQ6d2lyZTE2OkFORFtzb21lIHRoaXMvQV01OmZhbHNlMTozMTo0MjotMTI6LTEyOi0xMjotMTI6LTFdezM6MTY6NjpzY29wZXNbMDpdezA6fTM0OjIzOmFkZGl0aW9uYWwtZXhhY3Qtc2NvcGVzWzA6XXswOn03MjoxNzpleGVjdXRpb24tb3B0aW9uc1sxMDo0OnRydWUyOjIwMTowMToyMTowNTpzYXQ0ajU6ZmFsc2UyOi0xMTowMTo0XXswOn19	cmVwYWlyZWQtbm9ybWFsLWZvcm0tdjM7dHlwZWQtYWxsb3ktbm9ybWFsLWZvcm0tYWRhcHRlci12MTM=	Y2Fub25pY2FsLWFsbG95LXNpZ25hdHVyZS12ODpjaGFuZ2Vk	b38eb3de68298ad55fc5b62ef62697b6fe85a994c6724a4c86ded86abd2ffffa	MTY6c2VtYW50aWMtcHJvZmlsZVs1OjE6NDc6TU9EVUxBUjI4NTozMTphbGxveS1zb3VyY2UtY29tbWFuZC1jb250ZXh0LXYxWzExOjUwOmFsbG95LWNvbW1hbmQtb3B0aW9ucy12NC1pbmRlcGVuZGVudC1zZWFyY2gtZG9tYWluNDp3aXJlMTY6QU5EW3NvbWUgdGhpcy9BXTU6ZmFsc2UxOjMxOjQyOi0xMjotMTI6LTEyOi0xMjotMV17MzoxNjo2OnNjb3Blc1swOl17MDp9MzQ6MjM6YWRkaXRpb25hbC1leGFjdC1zY29wZXNbMDpdezA6fTcyOjE3OmV4ZWN1dGlvbi1vcHRpb25zWzEwOjQ6dHJ1ZTI6MjAxOjAxOjIxOjA1OnNhdDRqNTpmYWxzZTI6LTExOjAxOjRdezA6fX01OTpyZXBhaXJlZC1ub3JtYWwtZm9ybS12Mzt0eXBlZC1hbGxveS1ub3JtYWwtZm9ybS1hZGFwdGVyLXYxMzM2OmNhbm9uaWNhbC1hbGxveS1zaWduYXR1cmUtdjg6Y2hhbmdlZF17MDp9	MTY6c2VtYW50aWMtcHJvZmlsZVs1OjE6NDc6TU9EVUxBUjI4NTozMTphbGxveS1zb3VyY2UtY29tbWFuZC1jb250ZXh0LXYxWzExOjUwOmFsbG95LWNvbW1hbmQtb3B0aW9ucy12NC1pbmRlcGVuZGVudC1zZWFyY2gtZG9tYWluNDp3aXJlMTY6QU5EW3NvbWUgdGhpcy9BXTU6ZmFsc2UxOjMxOjQyOi0xMjotMTI6LTEyOi0xMjotMV17MzoxNjo2OnNjb3Blc1swOl17MDp9MzQ6MjM6YWRkaXRpb25hbC1leGFjdC1zY29wZXNbMDpdezA6fTcyOjE3OmV4ZWN1dGlvbi1vcHRpb25zWzEwOjQ6dHJ1ZTI6MjAxOjAxOjIxOjA1OnNhdDRqNTpmYWxzZTI6LTExOjAxOjRdezA6fX01OTpyZXBhaXJlZC1ub3JtYWwtZm9ybS12Mzt0eXBlZC1hbGxveS1ub3JtYWwtZm9ybS1hZGFwdGVyLXYxMzM2OmNhbm9uaWNhbC1hbGxveS1zaWduYXR1cmUtdjg6Y2hhbmdlZF17MDp9	NA==|TU9EVUxBUg==|MzE6YWxsb3ktc291cmNlLWNvbW1hbmQtY29udGV4dC12MVsxMTo1MDphbGxveS1jb21tYW5kLW9wdGlvbnMtdjQtaW5kZXBlbmRlbnQtc2VhcmNoLWRvbWFpbjQ6d2lyZTE2OkFORFtzb21lIHRoaXMvQV01OmZhbHNlMTozMTo0MjotMTI6LTEyOi0xMjotMTI6LTFdezM6MTY6NjpzY29wZXNbMDpdezA6fTM0OjIzOmFkZGl0aW9uYWwtZXhhY3Qtc2NvcGVzWzA6XXswOn03MjoxNzpleGVjdXRpb24tb3B0aW9uc1sxMDo0OnRydWUyOjIwMTowMToyMTowNTpzYXQ0ajU6ZmFsc2UyOi0xMTowMTo0XXswOn19|cmVwYWlyZWQtbm9ybWFsLWZvcm0tdjM7dHlwZWQtYWxsb3ktbm9ybWFsLWZvcm0tYWRhcHRlci12MTM=|Y2Fub25pY2FsLWFsbG95LXNpZ25hdHVyZS12OA==|OTIzZTg2ZDBiNjZkNGQwNmZhNjZlZWNkNjgwNDlkZDJlZTMxZjRkYTlmYTAyZmZiY2IzZjg4M2EwZDU1NzY2Ng==|YWxsb3ktY29udGFpbmVyLWxhdy10aGVvcnktdjM=|YjY0Nzk3MTJlNTE4YjVkZmMxM2YxOTg2Njc2OWYzMGFiODFiNDliZDRiYWQ1MDhhMTc1NjkxZmJiMWQwNjMzZg==	THEORY_MISMATCH	U291cmNlLWNvbW1hbmQgZXZpZGVuY2UgbmFtZXMgdW5zdXBwb3J0ZWQgc2VtYW50aWMgaW1wbGVtZW50YXRpb24gdmVyc2lvbnM=
239	boundary	source:4:MODULAR	digest	source	true	4	MODULAR	MzE6YWxsb3ktc291cmNlLWNvbW1hbmQtY29udGV4dC12MVsxMTo1MDphbGxveS1jb21tYW5kLW9wdGlvbnMtdjQtaW5kZXBlbmRlbnQtc2VhcmNoLWRvbWFpbjQ6d2lyZTE2OkFORFtzb21lIHRoaXMvQV01OmZhbHNlMTozMTo0MjotMTI6LTEyOi0xMjotMTI6LTFdezM6MTY6NjpzY29wZXNbMDpdezA6fTM0OjIzOmFkZGl0aW9uYWwtZXhhY3Qtc2NvcGVzWzA6XXswOn03MjoxNzpleGVjdXRpb24tb3B0aW9uc1sxMDo0OnRydWUyOjIwMTowMToyMTowNTpzYXQ0ajU6ZmFsc2UyOi0xMTowMTo0XXswOn19	cmVwYWlyZWQtbm9ybWFsLWZvcm0tdjM7dHlwZWQtYWxsb3ktbm9ybWFsLWZvcm0tYWRhcHRlci12MTM=	Y2Fub25pY2FsLWFsbG95LXNpZ25hdHVyZS12OA==	0000000000000000000000000000000000000000000000000000000000000000	MTY6c2VtYW50aWMtcHJvZmlsZVs1OjE6NDc6TU9EVUxBUjI4NTozMTphbGxveS1zb3VyY2UtY29tbWFuZC1jb250ZXh0LXYxWzExOjUwOmFsbG95LWNvbW1hbmQtb3B0aW9ucy12NC1pbmRlcGVuZGVudC1zZWFyY2gtZG9tYWluNDp3aXJlMTY6QU5EW3NvbWUgdGhpcy9BXTU6ZmFsc2UxOjMxOjQyOi0xMjotMTI6LTEyOi0xMjotMV17MzoxNjo2OnNjb3Blc1swOl17MDp9MzQ6MjM6YWRkaXRpb25hbC1leGFjdC1zY29wZXNbMDpdezA6fTcyOjE3OmV4ZWN1dGlvbi1vcHRpb25zWzEwOjQ6dHJ1ZTI6MjAxOjAxOjIxOjA1OnNhdDRqNTpmYWxzZTI6LTExOjAxOjRdezA6fX01OTpyZXBhaXJlZC1ub3JtYWwtZm9ybS12Mzt0eXBlZC1hbGxveS1ub3JtYWwtZm9ybS1hZGFwdGVyLXYxMzI4OmNhbm9uaWNhbC1hbGxveS1zaWduYXR1cmUtdjhdezA6fQ==	MTY6c2VtYW50aWMtcHJvZmlsZVs1OjE6NDc6TU9EVUxBUjI4NTozMTphbGxveS1zb3VyY2UtY29tbWFuZC1jb250ZXh0LXYxWzExOjUwOmFsbG95LWNvbW1hbmQtb3B0aW9ucy12NC1pbmRlcGVuZGVudC1zZWFyY2gtZG9tYWluNDp3aXJlMTY6QU5EW3NvbWUgdGhpcy9BXTU6ZmFsc2UxOjMxOjQyOi0xMjotMTI6LTEyOi0xMjotMV17MzoxNjo2OnNjb3Blc1swOl17MDp9MzQ6MjM6YWRkaXRpb25hbC1leGFjdC1zY29wZXNbMDpdezA6fTcyOjE3OmV4ZWN1dGlvbi1vcHRpb25zWzEwOjQ6dHJ1ZTI6MjAxOjAxOjIxOjA1OnNhdDRqNTpmYWxzZTI6LTExOjAxOjRdezA6fX01OTpyZXBhaXJlZC1ub3JtYWwtZm9ybS12Mzt0eXBlZC1hbGxveS1ub3JtYWwtZm9ybS1hZGFwdGVyLXYxMzI4OmNhbm9uaWNhbC1hbGxveS1zaWduYXR1cmUtdjhdezA6fQ==	NA==|TU9EVUxBUg==|MzE6YWxsb3ktc291cmNlLWNvbW1hbmQtY29udGV4dC12MVsxMTo1MDphbGxveS1jb21tYW5kLW9wdGlvbnMtdjQtaW5kZXBlbmRlbnQtc2VhcmNoLWRvbWFpbjQ6d2lyZTE2OkFORFtzb21lIHRoaXMvQV01OmZhbHNlMTozMTo0MjotMTI6LTEyOi0xMjotMTI6LTFdezM6MTY6NjpzY29wZXNbMDpdezA6fTM0OjIzOmFkZGl0aW9uYWwtZXhhY3Qtc2NvcGVzWzA6XXswOn03MjoxNzpleGVjdXRpb24tb3B0aW9uc1sxMDo0OnRydWUyOjIwMTowMToyMTowNTpzYXQ0ajU6ZmFsc2UyOi0xMTowMTo0XXswOn19|cmVwYWlyZWQtbm9ybWFsLWZvcm0tdjM7dHlwZWQtYWxsb3ktbm9ybWFsLWZvcm0tYWRhcHRlci12MTM=|Y2Fub25pY2FsLWFsbG95LXNpZ25hdHVyZS12OA==|OTIzZTg2ZDBiNjZkNGQwNmZhNjZlZWNkNjgwNDlkZDJlZTMxZjRkYTlmYTAyZmZiY2IzZjg4M2EwZDU1NzY2Ng==|YWxsb3ktY29udGFpbmVyLWxhdy10aGVvcnktdjM=|YjY0Nzk3MTJlNTE4YjVkZmMxM2YxOTg2Njc2OWYzMGFiODFiNDliZDRiYWQ1MDhhMTc1NjkxZmJiMWQwNjMzZg==	THEORY_MISMATCH	U291cmNlLWNvbW1hbmQgc2VtYW50aWMgY29udGV4dCBoYXMgYW4gdW5zdXBwb3J0ZWQgdmVyc2lvbg==
240	boundary	source:4:MODULAR	registry-version	source	true	4	MODULAR	MzE6YWxsb3ktc291cmNlLWNvbW1hbmQtY29udGV4dC12MVsxMTo1MDphbGxveS1jb21tYW5kLW9wdGlvbnMtdjQtaW5kZXBlbmRlbnQtc2VhcmNoLWRvbWFpbjQ6d2lyZTE2OkFORFtzb21lIHRoaXMvQV01OmZhbHNlMTozMTo0MjotMTI6LTEyOi0xMjotMTI6LTFdezM6MTY6NjpzY29wZXNbMDpdezA6fTM0OjIzOmFkZGl0aW9uYWwtZXhhY3Qtc2NvcGVzWzA6XXswOn03MjoxNzpleGVjdXRpb24tb3B0aW9uc1sxMDo0OnRydWUyOjIwMTowMToyMTowNTpzYXQ0ajU6ZmFsc2UyOi0xMTowMTo0XXswOn19	cmVwYWlyZWQtbm9ybWFsLWZvcm0tdjM7dHlwZWQtYWxsb3ktbm9ybWFsLWZvcm0tYWRhcHRlci12MTM=	Y2Fub25pY2FsLWFsbG95LXNpZ25hdHVyZS12OA==	923e86d0b66d4d06fa66eecd68049dd2ee31f4da9fa02ffbcb3f883a0d557666	MTY6c2VtYW50aWMtcHJvZmlsZVs1OjE6NDc6TU9EVUxBUjI4NTozMTphbGxveS1zb3VyY2UtY29tbWFuZC1jb250ZXh0LXYxWzExOjUwOmFsbG95LWNvbW1hbmQtb3B0aW9ucy12NC1pbmRlcGVuZGVudC1zZWFyY2gtZG9tYWluNDp3aXJlMTY6QU5EW3NvbWUgdGhpcy9BXTU6ZmFsc2UxOjMxOjQyOi0xMjotMTI6LTEyOi0xMjotMV17MzoxNjo2OnNjb3Blc1swOl17MDp9MzQ6MjM6YWRkaXRpb25hbC1leGFjdC1zY29wZXNbMDpdezA6fTcyOjE3OmV4ZWN1dGlvbi1vcHRpb25zWzEwOjQ6dHJ1ZTI6MjAxOjAxOjIxOjA1OnNhdDRqNTpmYWxzZTI6LTExOjAxOjRdezA6fX01OTpyZXBhaXJlZC1ub3JtYWwtZm9ybS12Mzt0eXBlZC1hbGxveS1ub3JtYWwtZm9ybS1hZGFwdGVyLXYxMzI4OmNhbm9uaWNhbC1hbGxveS1zaWduYXR1cmUtdjhdezA6fQ==	MTY6c2VtYW50aWMtcHJvZmlsZVs1OjE6NDc6TU9EVUxBUjI4NTozMTphbGxveS1zb3VyY2UtY29tbWFuZC1jb250ZXh0LXYxWzExOjUwOmFsbG95LWNvbW1hbmQtb3B0aW9ucy12NC1pbmRlcGVuZGVudC1zZWFyY2gtZG9tYWluNDp3aXJlMTY6QU5EW3NvbWUgdGhpcy9BXTU6ZmFsc2UxOjMxOjQyOi0xMjotMTI6LTEyOi0xMjotMV17MzoxNjo2OnNjb3Blc1swOl17MDp9MzQ6MjM6YWRkaXRpb25hbC1leGFjdC1zY29wZXNbMDpdezA6fTcyOjE3OmV4ZWN1dGlvbi1vcHRpb25zWzEwOjQ6dHJ1ZTI6MjAxOjAxOjIxOjA1OnNhdDRqNTpmYWxzZTI6LTExOjAxOjRdezA6fX01OTpyZXBhaXJlZC1ub3JtYWwtZm9ybS12Mzt0eXBlZC1hbGxveS1ub3JtYWwtZm9ybS1hZGFwdGVyLXYxMzI4OmNhbm9uaWNhbC1hbGxveS1zaWduYXR1cmUtdjhdezA6fQ==	NA==|TU9EVUxBUg==|MzE6YWxsb3ktc291cmNlLWNvbW1hbmQtY29udGV4dC12MVsxMTo1MDphbGxveS1jb21tYW5kLW9wdGlvbnMtdjQtaW5kZXBlbmRlbnQtc2VhcmNoLWRvbWFpbjQ6d2lyZTE2OkFORFtzb21lIHRoaXMvQV01OmZhbHNlMTozMTo0MjotMTI6LTEyOi0xMjotMTI6LTFdezM6MTY6NjpzY29wZXNbMDpdezA6fTM0OjIzOmFkZGl0aW9uYWwtZXhhY3Qtc2NvcGVzWzA6XXswOn03MjoxNzpleGVjdXRpb24tb3B0aW9uc1sxMDo0OnRydWUyOjIwMTowMToyMTowNTpzYXQ0ajU6ZmFsc2UyOi0xMTowMTo0XXswOn19|cmVwYWlyZWQtbm9ybWFsLWZvcm0tdjM7dHlwZWQtYWxsb3ktbm9ybWFsLWZvcm0tYWRhcHRlci12MTM=|Y2Fub25pY2FsLWFsbG95LXNpZ25hdHVyZS12OA==|OTIzZTg2ZDBiNjZkNGQwNmZhNjZlZWNkNjgwNDlkZDJlZTMxZjRkYTlmYTAyZmZiY2IzZjg4M2EwZDU1NzY2Ng==|YWxsb3ktY29udGFpbmVyLWxhdy10aGVvcnktdjM=|YjY0Nzk3MTJlNTE4YjVkZmMxM2YxOTg2Njc2OWYzMGFiODFiNDliZDRiYWQ1MDhhMTc1NjkxZmJiMWQwNjMzZg==	THEORY_MISMATCH	U291cmNlLWNvbW1hbmQgc2VtYW50aWMgY29udGV4dCBoYXMgYW4gdW5zdXBwb3J0ZWQgdmVyc2lvbg==
241	boundary	source:4:MODULAR	registry-digest	source	true	4	MODULAR	MzE6YWxsb3ktc291cmNlLWNvbW1hbmQtY29udGV4dC12MVsxMTo1MDphbGxveS1jb21tYW5kLW9wdGlvbnMtdjQtaW5kZXBlbmRlbnQtc2VhcmNoLWRvbWFpbjQ6d2lyZTE2OkFORFtzb21lIHRoaXMvQV01OmZhbHNlMTozMTo0MjotMTI6LTEyOi0xMjotMTI6LTFdezM6MTY6NjpzY29wZXNbMDpdezA6fTM0OjIzOmFkZGl0aW9uYWwtZXhhY3Qtc2NvcGVzWzA6XXswOn03MjoxNzpleGVjdXRpb24tb3B0aW9uc1sxMDo0OnRydWUyOjIwMTowMToyMTowNTpzYXQ0ajU6ZmFsc2UyOi0xMTowMTo0XXswOn19	cmVwYWlyZWQtbm9ybWFsLWZvcm0tdjM7dHlwZWQtYWxsb3ktbm9ybWFsLWZvcm0tYWRhcHRlci12MTM=	Y2Fub25pY2FsLWFsbG95LXNpZ25hdHVyZS12OA==	923e86d0b66d4d06fa66eecd68049dd2ee31f4da9fa02ffbcb3f883a0d557666	MTY6c2VtYW50aWMtcHJvZmlsZVs1OjE6NDc6TU9EVUxBUjI4NTozMTphbGxveS1zb3VyY2UtY29tbWFuZC1jb250ZXh0LXYxWzExOjUwOmFsbG95LWNvbW1hbmQtb3B0aW9ucy12NC1pbmRlcGVuZGVudC1zZWFyY2gtZG9tYWluNDp3aXJlMTY6QU5EW3NvbWUgdGhpcy9BXTU6ZmFsc2UxOjMxOjQyOi0xMjotMTI6LTEyOi0xMjotMV17MzoxNjo2OnNjb3Blc1swOl17MDp9MzQ6MjM6YWRkaXRpb25hbC1leGFjdC1zY29wZXNbMDpdezA6fTcyOjE3OmV4ZWN1dGlvbi1vcHRpb25zWzEwOjQ6dHJ1ZTI6MjAxOjAxOjIxOjA1OnNhdDRqNTpmYWxzZTI6LTExOjAxOjRdezA6fX01OTpyZXBhaXJlZC1ub3JtYWwtZm9ybS12Mzt0eXBlZC1hbGxveS1ub3JtYWwtZm9ybS1hZGFwdGVyLXYxMzI4OmNhbm9uaWNhbC1hbGxveS1zaWduYXR1cmUtdjhdezA6fQ==	MTY6c2VtYW50aWMtcHJvZmlsZVs1OjE6NDc6TU9EVUxBUjI4NTozMTphbGxveS1zb3VyY2UtY29tbWFuZC1jb250ZXh0LXYxWzExOjUwOmFsbG95LWNvbW1hbmQtb3B0aW9ucy12NC1pbmRlcGVuZGVudC1zZWFyY2gtZG9tYWluNDp3aXJlMTY6QU5EW3NvbWUgdGhpcy9BXTU6ZmFsc2UxOjMxOjQyOi0xMjotMTI6LTEyOi0xMjotMV17MzoxNjo2OnNjb3Blc1swOl17MDp9MzQ6MjM6YWRkaXRpb25hbC1leGFjdC1zY29wZXNbMDpdezA6fTcyOjE3OmV4ZWN1dGlvbi1vcHRpb25zWzEwOjQ6dHJ1ZTI6MjAxOjAxOjIxOjA1OnNhdDRqNTpmYWxzZTI6LTExOjAxOjRdezA6fX01OTpyZXBhaXJlZC1ub3JtYWwtZm9ybS12Mzt0eXBlZC1hbGxveS1ub3JtYWwtZm9ybS1hZGFwdGVyLXYxMzI4OmNhbm9uaWNhbC1hbGxveS1zaWduYXR1cmUtdjhdezA6fQ==	NA==|TU9EVUxBUg==|MzE6YWxsb3ktc291cmNlLWNvbW1hbmQtY29udGV4dC12MVsxMTo1MDphbGxveS1jb21tYW5kLW9wdGlvbnMtdjQtaW5kZXBlbmRlbnQtc2VhcmNoLWRvbWFpbjQ6d2lyZTE2OkFORFtzb21lIHRoaXMvQV01OmZhbHNlMTozMTo0MjotMTI6LTEyOi0xMjotMTI6LTFdezM6MTY6NjpzY29wZXNbMDpdezA6fTM0OjIzOmFkZGl0aW9uYWwtZXhhY3Qtc2NvcGVzWzA6XXswOn03MjoxNzpleGVjdXRpb24tb3B0aW9uc1sxMDo0OnRydWUyOjIwMTowMToyMTowNTpzYXQ0ajU6ZmFsc2UyOi0xMTowMTo0XXswOn19|cmVwYWlyZWQtbm9ybWFsLWZvcm0tdjM7dHlwZWQtYWxsb3ktbm9ybWFsLWZvcm0tYWRhcHRlci12MTM=|Y2Fub25pY2FsLWFsbG95LXNpZ25hdHVyZS12OA==|OTIzZTg2ZDBiNjZkNGQwNmZhNjZlZWNkNjgwNDlkZDJlZTMxZjRkYTlmYTAyZmZiY2IzZjg4M2EwZDU1NzY2Ng==|YWxsb3ktY29udGFpbmVyLWxhdy10aGVvcnktdjM=|YjY0Nzk3MTJlNTE4YjVkZmMxM2YxOTg2Njc2OWYzMGFiODFiNDliZDRiYWQ1MDhhMTc1NjkxZmJiMWQwNjMzZg==	THEORY_MISMATCH	U291cmNlLWNvbW1hbmQgc2VtYW50aWMgY29udGV4dCBoYXMgYW4gdW5zdXBwb3J0ZWQgdmVyc2lvbg==
242	boundary	source:4:MODULAR	publication	source	false	4	MODULAR	MzE6YWxsb3ktc291cmNlLWNvbW1hbmQtY29udGV4dC12MVsxMTo1MDphbGxveS1jb21tYW5kLW9wdGlvbnMtdjQtaW5kZXBlbmRlbnQtc2VhcmNoLWRvbWFpbjQ6d2lyZTE2OkFORFtzb21lIHRoaXMvQV01OmZhbHNlMTozMTo0MjotMTI6LTEyOi0xMjotMTI6LTFdezM6MTY6NjpzY29wZXNbMDpdezA6fTM0OjIzOmFkZGl0aW9uYWwtZXhhY3Qtc2NvcGVzWzA6XXswOn03MjoxNzpleGVjdXRpb24tb3B0aW9uc1sxMDo0OnRydWUyOjIwMTowMToyMTowNTpzYXQ0ajU6ZmFsc2UyOi0xMTowMTo0XXswOn19	cmVwYWlyZWQtbm9ybWFsLWZvcm0tdjM7dHlwZWQtYWxsb3ktbm9ybWFsLWZvcm0tYWRhcHRlci12MTM=	Y2Fub25pY2FsLWFsbG95LXNpZ25hdHVyZS12OA==	923e86d0b66d4d06fa66eecd68049dd2ee31f4da9fa02ffbcb3f883a0d557666	MTY6c2VtYW50aWMtcHJvZmlsZVs1OjE6NDc6TU9EVUxBUjI4NTozMTphbGxveS1zb3VyY2UtY29tbWFuZC1jb250ZXh0LXYxWzExOjUwOmFsbG95LWNvbW1hbmQtb3B0aW9ucy12NC1pbmRlcGVuZGVudC1zZWFyY2gtZG9tYWluNDp3aXJlMTY6QU5EW3NvbWUgdGhpcy9BXTU6ZmFsc2UxOjMxOjQyOi0xMjotMTI6LTEyOi0xMjotMV17MzoxNjo2OnNjb3Blc1swOl17MDp9MzQ6MjM6YWRkaXRpb25hbC1leGFjdC1zY29wZXNbMDpdezA6fTcyOjE3OmV4ZWN1dGlvbi1vcHRpb25zWzEwOjQ6dHJ1ZTI6MjAxOjAxOjIxOjA1OnNhdDRqNTpmYWxzZTI6LTExOjAxOjRdezA6fX01OTpyZXBhaXJlZC1ub3JtYWwtZm9ybS12Mzt0eXBlZC1hbGxveS1ub3JtYWwtZm9ybS1hZGFwdGVyLXYxMzI4OmNhbm9uaWNhbC1hbGxveS1zaWduYXR1cmUtdjhdezA6fQ==	MTY6c2VtYW50aWMtcHJvZmlsZVs1OjE6NDc6TU9EVUxBUjI4NTozMTphbGxveS1zb3VyY2UtY29tbWFuZC1jb250ZXh0LXYxWzExOjUwOmFsbG95LWNvbW1hbmQtb3B0aW9ucy12NC1pbmRlcGVuZGVudC1zZWFyY2gtZG9tYWluNDp3aXJlMTY6QU5EW3NvbWUgdGhpcy9BXTU6ZmFsc2UxOjMxOjQyOi0xMjotMTI6LTEyOi0xMjotMV17MzoxNjo2OnNjb3Blc1swOl17MDp9MzQ6MjM6YWRkaXRpb25hbC1leGFjdC1zY29wZXNbMDpdezA6fTcyOjE3OmV4ZWN1dGlvbi1vcHRpb25zWzEwOjQ6dHJ1ZTI6MjAxOjAxOjIxOjA1OnNhdDRqNTpmYWxzZTI6LTExOjAxOjRdezA6fX01OTpyZXBhaXJlZC1ub3JtYWwtZm9ybS12Mzt0eXBlZC1hbGxveS1ub3JtYWwtZm9ybS1hZGFwdGVyLXYxMzI4OmNhbm9uaWNhbC1hbGxveS1zaWduYXR1cmUtdjhdezA6fQ==	NA==|TU9EVUxBUg==|MzE6YWxsb3ktc291cmNlLWNvbW1hbmQtY29udGV4dC12MVsxMTo1MDphbGxveS1jb21tYW5kLW9wdGlvbnMtdjQtaW5kZXBlbmRlbnQtc2VhcmNoLWRvbWFpbjQ6d2lyZTE2OkFORFtzb21lIHRoaXMvQV01OmZhbHNlMTozMTo0MjotMTI6LTEyOi0xMjotMTI6LTFdezM6MTY6NjpzY29wZXNbMDpdezA6fTM0OjIzOmFkZGl0aW9uYWwtZXhhY3Qtc2NvcGVzWzA6XXswOn03MjoxNzpleGVjdXRpb24tb3B0aW9uc1sxMDo0OnRydWUyOjIwMTowMToyMTowNTpzYXQ0ajU6ZmFsc2UyOi0xMTowMTo0XXswOn19|cmVwYWlyZWQtbm9ybWFsLWZvcm0tdjM7dHlwZWQtYWxsb3ktbm9ybWFsLWZvcm0tYWRhcHRlci12MTM=|Y2Fub25pY2FsLWFsbG95LXNpZ25hdHVyZS12OA==|OTIzZTg2ZDBiNjZkNGQwNmZhNjZlZWNkNjgwNDlkZDJlZTMxZjRkYTlmYTAyZmZiY2IzZjg4M2EwZDU1NzY2Ng==|YWxsb3ktY29udGFpbmVyLWxhdy10aGVvcnktdjM=|YjY0Nzk3MTJlNTE4YjVkZmMxM2YxOTg2Njc2OWYzMGFiODFiNDliZDRiYWQ1MDhhMTc1NjkxZmJiMWQwNjMzZg==	THEORY_MISMATCH	U291cmNlLWNvbW1hbmQgc2VtYW50aWMgY29udGV4dCBoYXMgYW4gdW5zdXBwb3J0ZWQgdmVyc2lvbg==
243	clone	source:4:MODULAR	same-spelling	custom	true	4	MODULAR	MzE6YWxsb3ktc291cmNlLWNvbW1hbmQtY29udGV4dC12MVsxMTo1MDphbGxveS1jb21tYW5kLW9wdGlvbnMtdjQtaW5kZXBlbmRlbnQtc2VhcmNoLWRvbWFpbjQ6d2lyZTE2OkFORFtzb21lIHRoaXMvQV01OmZhbHNlMTozMTo0MjotMTI6LTEyOi0xMjotMTI6LTFdezM6MTY6NjpzY29wZXNbMDpdezA6fTM0OjIzOmFkZGl0aW9uYWwtZXhhY3Qtc2NvcGVzWzA6XXswOn03MjoxNzpleGVjdXRpb24tb3B0aW9uc1sxMDo0OnRydWUyOjIwMTowMToyMTowNTpzYXQ0ajU6ZmFsc2UyOi0xMTowMTo0XXswOn19	cmVwYWlyZWQtbm9ybWFsLWZvcm0tdjM7dHlwZWQtYWxsb3ktbm9ybWFsLWZvcm0tYWRhcHRlci12MTM=	Y2Fub25pY2FsLWFsbG95LXNpZ25hdHVyZS12OA==	923e86d0b66d4d06fa66eecd68049dd2ee31f4da9fa02ffbcb3f883a0d557666	MTY6c2VtYW50aWMtcHJvZmlsZVs1OjE6NDc6TU9EVUxBUjI4NTozMTphbGxveS1zb3VyY2UtY29tbWFuZC1jb250ZXh0LXYxWzExOjUwOmFsbG95LWNvbW1hbmQtb3B0aW9ucy12NC1pbmRlcGVuZGVudC1zZWFyY2gtZG9tYWluNDp3aXJlMTY6QU5EW3NvbWUgdGhpcy9BXTU6ZmFsc2UxOjMxOjQyOi0xMjotMTI6LTEyOi0xMjotMV17MzoxNjo2OnNjb3Blc1swOl17MDp9MzQ6MjM6YWRkaXRpb25hbC1leGFjdC1zY29wZXNbMDpdezA6fTcyOjE3OmV4ZWN1dGlvbi1vcHRpb25zWzEwOjQ6dHJ1ZTI6MjAxOjAxOjIxOjA1OnNhdDRqNTpmYWxzZTI6LTExOjAxOjRdezA6fX01OTpyZXBhaXJlZC1ub3JtYWwtZm9ybS12Mzt0eXBlZC1hbGxveS1ub3JtYWwtZm9ybS1hZGFwdGVyLXYxMzI4OmNhbm9uaWNhbC1hbGxveS1zaWduYXR1cmUtdjhdezA6fQ==	MTY6c2VtYW50aWMtcHJvZmlsZVs1OjE6NDc6TU9EVUxBUjI4NTozMTphbGxveS1zb3VyY2UtY29tbWFuZC1jb250ZXh0LXYxWzExOjUwOmFsbG95LWNvbW1hbmQtb3B0aW9ucy12NC1pbmRlcGVuZGVudC1zZWFyY2gtZG9tYWluNDp3aXJlMTY6QU5EW3NvbWUgdGhpcy9BXTU6ZmFsc2UxOjMxOjQyOi0xMjotMTI6LTEyOi0xMjotMV17MzoxNjo2OnNjb3Blc1swOl17MDp9MzQ6MjM6YWRkaXRpb25hbC1leGFjdC1zY29wZXNbMDpdezA6fTcyOjE3OmV4ZWN1dGlvbi1vcHRpb25zWzEwOjQ6dHJ1ZTI6MjAxOjAxOjIxOjA1OnNhdDRqNTpmYWxzZTI6LTExOjAxOjRdezA6fX01OTpyZXBhaXJlZC1ub3JtYWwtZm9ybS12Mzt0eXBlZC1hbGxveS1ub3JtYWwtZm9ybS1hZGFwdGVyLXYxMzI4OmNhbm9uaWNhbC1hbGxveS1zaWduYXR1cmUtdjhdezA6fQ==	NA==|TU9EVUxBUg==|MzE6YWxsb3ktc291cmNlLWNvbW1hbmQtY29udGV4dC12MVsxMTo1MDphbGxveS1jb21tYW5kLW9wdGlvbnMtdjQtaW5kZXBlbmRlbnQtc2VhcmNoLWRvbWFpbjQ6d2lyZTE2OkFORFtzb21lIHRoaXMvQV01OmZhbHNlMTozMTo0MjotMTI6LTEyOi0xMjotMTI6LTFdezM6MTY6NjpzY29wZXNbMDpdezA6fTM0OjIzOmFkZGl0aW9uYWwtZXhhY3Qtc2NvcGVzWzA6XXswOn03MjoxNzpleGVjdXRpb24tb3B0aW9uc1sxMDo0OnRydWUyOjIwMTowMToyMTowNTpzYXQ0ajU6ZmFsc2UyOi0xMTowMTo0XXswOn19|cmVwYWlyZWQtbm9ybWFsLWZvcm0tdjM7dHlwZWQtYWxsb3ktbm9ybWFsLWZvcm0tYWRhcHRlci12MTM=|Y2Fub25pY2FsLWFsbG95LXNpZ25hdHVyZS12OA==|OTIzZTg2ZDBiNjZkNGQwNmZhNjZlZWNkNjgwNDlkZDJlZTMxZjRkYTlmYTAyZmZiY2IzZjg4M2EwZDU1NzY2Ng==|YWxsb3ktY29udGFpbmVyLWxhdy10aGVvcnktdjM=|YjY0Nzk3MTJlNTE4YjVkZmMxM2YxOTg2Njc2OWYzMGFiODFiNDliZDRiYWQ1MDhhMTc1NjkxZmJiMWQwNjMzZg==	AUTHORITY_REJECT	
244	boundary	source:6:MODULAR	base	source	true	6	MODULAR	MzE6YWxsb3ktc291cmNlLWNvbW1hbmQtY29udGV4dC12MVsxMTo1MDphbGxveS1jb21tYW5kLW9wdGlvbnMtdjQtaW5kZXBlbmRlbnQtc2VhcmNoLWRvbWFpbjQ6d2lyZTE2OkFORFtzb21lIHRoaXMvQV01OmZhbHNlMTozMTo2MjotMTI6LTEyOi0xMjotMTI6LTFdezM6MTY6NjpzY29wZXNbMDpdezA6fTM0OjIzOmFkZGl0aW9uYWwtZXhhY3Qtc2NvcGVzWzA6XXswOn03MjoxNzpleGVjdXRpb24tb3B0aW9uc1sxMDo0OnRydWUyOjIwMTowMToyMTowNTpzYXQ0ajU6ZmFsc2UyOi0xMTowMTo0XXswOn19	cmVwYWlyZWQtbm9ybWFsLWZvcm0tdjM7dHlwZWQtYWxsb3ktbm9ybWFsLWZvcm0tYWRhcHRlci12MTM=	Y2Fub25pY2FsLWFsbG95LXNpZ25hdHVyZS12OA==	7749bc6fbeb65d9675c59ea423d4a3a9152d417861d911db806fc41e6944a6de	MTY6c2VtYW50aWMtcHJvZmlsZVs1OjE6Njc6TU9EVUxBUjI4NTozMTphbGxveS1zb3VyY2UtY29tbWFuZC1jb250ZXh0LXYxWzExOjUwOmFsbG95LWNvbW1hbmQtb3B0aW9ucy12NC1pbmRlcGVuZGVudC1zZWFyY2gtZG9tYWluNDp3aXJlMTY6QU5EW3NvbWUgdGhpcy9BXTU6ZmFsc2UxOjMxOjYyOi0xMjotMTI6LTEyOi0xMjotMV17MzoxNjo2OnNjb3Blc1swOl17MDp9MzQ6MjM6YWRkaXRpb25hbC1leGFjdC1zY29wZXNbMDpdezA6fTcyOjE3OmV4ZWN1dGlvbi1vcHRpb25zWzEwOjQ6dHJ1ZTI6MjAxOjAxOjIxOjA1OnNhdDRqNTpmYWxzZTI6LTExOjAxOjRdezA6fX01OTpyZXBhaXJlZC1ub3JtYWwtZm9ybS12Mzt0eXBlZC1hbGxveS1ub3JtYWwtZm9ybS1hZGFwdGVyLXYxMzI4OmNhbm9uaWNhbC1hbGxveS1zaWduYXR1cmUtdjhdezA6fQ==	MTY6c2VtYW50aWMtcHJvZmlsZVs1OjE6Njc6TU9EVUxBUjI4NTozMTphbGxveS1zb3VyY2UtY29tbWFuZC1jb250ZXh0LXYxWzExOjUwOmFsbG95LWNvbW1hbmQtb3B0aW9ucy12NC1pbmRlcGVuZGVudC1zZWFyY2gtZG9tYWluNDp3aXJlMTY6QU5EW3NvbWUgdGhpcy9BXTU6ZmFsc2UxOjMxOjYyOi0xMjotMTI6LTEyOi0xMjotMV17MzoxNjo2OnNjb3Blc1swOl17MDp9MzQ6MjM6YWRkaXRpb25hbC1leGFjdC1zY29wZXNbMDpdezA6fTcyOjE3OmV4ZWN1dGlvbi1vcHRpb25zWzEwOjQ6dHJ1ZTI6MjAxOjAxOjIxOjA1OnNhdDRqNTpmYWxzZTI6LTExOjAxOjRdezA6fX01OTpyZXBhaXJlZC1ub3JtYWwtZm9ybS12Mzt0eXBlZC1hbGxveS1ub3JtYWwtZm9ybS1hZGFwdGVyLXYxMzI4OmNhbm9uaWNhbC1hbGxveS1zaWduYXR1cmUtdjhdezA6fQ==	Ng==|TU9EVUxBUg==|MzE6YWxsb3ktc291cmNlLWNvbW1hbmQtY29udGV4dC12MVsxMTo1MDphbGxveS1jb21tYW5kLW9wdGlvbnMtdjQtaW5kZXBlbmRlbnQtc2VhcmNoLWRvbWFpbjQ6d2lyZTE2OkFORFtzb21lIHRoaXMvQV01OmZhbHNlMTozMTo2MjotMTI6LTEyOi0xMjotMTI6LTFdezM6MTY6NjpzY29wZXNbMDpdezA6fTM0OjIzOmFkZGl0aW9uYWwtZXhhY3Qtc2NvcGVzWzA6XXswOn03MjoxNzpleGVjdXRpb24tb3B0aW9uc1sxMDo0OnRydWUyOjIwMTowMToyMTowNTpzYXQ0ajU6ZmFsc2UyOi0xMTowMTo0XXswOn19|cmVwYWlyZWQtbm9ybWFsLWZvcm0tdjM7dHlwZWQtYWxsb3ktbm9ybWFsLWZvcm0tYWRhcHRlci12MTM=|Y2Fub25pY2FsLWFsbG95LXNpZ25hdHVyZS12OA==|Nzc0OWJjNmZiZWI2NWQ5Njc1YzU5ZWE0MjNkNGEzYTkxNTJkNDE3ODYxZDkxMWRiODA2ZmM0MWU2OTQ0YTZkZQ==|YWxsb3ktY29udGFpbmVyLWxhdy10aGVvcnktdjM=|YjY0Nzk3MTJlNTE4YjVkZmMxM2YxOTg2Njc2OWYzMGFiODFiNDliZDRiYWQ1MDhhMTc1NjkxZmJiMWQwNjMzZg==	THEORY_MISMATCH	U291cmNlLWNvbW1hbmQgc2VtYW50aWMgY29udGV4dCBoYXMgYW4gdW5zdXBwb3J0ZWQgdmVyc2lvbg==
245	boundary	source:6:MODULAR	stale-0	source	true	7	MODULAR	MzE6YWxsb3ktc291cmNlLWNvbW1hbmQtY29udGV4dC12MVsxMTo1MDphbGxveS1jb21tYW5kLW9wdGlvbnMtdjQtaW5kZXBlbmRlbnQtc2VhcmNoLWRvbWFpbjQ6d2lyZTE2OkFORFtzb21lIHRoaXMvQV01OmZhbHNlMTozMTo2MjotMTI6LTEyOi0xMjotMTI6LTFdezM6MTY6NjpzY29wZXNbMDpdezA6fTM0OjIzOmFkZGl0aW9uYWwtZXhhY3Qtc2NvcGVzWzA6XXswOn03MjoxNzpleGVjdXRpb24tb3B0aW9uc1sxMDo0OnRydWUyOjIwMTowMToyMTowNTpzYXQ0ajU6ZmFsc2UyOi0xMTowMTo0XXswOn19	cmVwYWlyZWQtbm9ybWFsLWZvcm0tdjM7dHlwZWQtYWxsb3ktbm9ybWFsLWZvcm0tYWRhcHRlci12MTM=	Y2Fub25pY2FsLWFsbG95LXNpZ25hdHVyZS12OA==	7749bc6fbeb65d9675c59ea423d4a3a9152d417861d911db806fc41e6944a6de	MTY6c2VtYW50aWMtcHJvZmlsZVs1OjE6Nzc6TU9EVUxBUjI4NTozMTphbGxveS1zb3VyY2UtY29tbWFuZC1jb250ZXh0LXYxWzExOjUwOmFsbG95LWNvbW1hbmQtb3B0aW9ucy12NC1pbmRlcGVuZGVudC1zZWFyY2gtZG9tYWluNDp3aXJlMTY6QU5EW3NvbWUgdGhpcy9BXTU6ZmFsc2UxOjMxOjYyOi0xMjotMTI6LTEyOi0xMjotMV17MzoxNjo2OnNjb3Blc1swOl17MDp9MzQ6MjM6YWRkaXRpb25hbC1leGFjdC1zY29wZXNbMDpdezA6fTcyOjE3OmV4ZWN1dGlvbi1vcHRpb25zWzEwOjQ6dHJ1ZTI6MjAxOjAxOjIxOjA1OnNhdDRqNTpmYWxzZTI6LTExOjAxOjRdezA6fX01OTpyZXBhaXJlZC1ub3JtYWwtZm9ybS12Mzt0eXBlZC1hbGxveS1ub3JtYWwtZm9ybS1hZGFwdGVyLXYxMzI4OmNhbm9uaWNhbC1hbGxveS1zaWduYXR1cmUtdjhdezA6fQ==	MTY6c2VtYW50aWMtcHJvZmlsZVs1OjE6Nzc6TU9EVUxBUjI4NTozMTphbGxveS1zb3VyY2UtY29tbWFuZC1jb250ZXh0LXYxWzExOjUwOmFsbG95LWNvbW1hbmQtb3B0aW9ucy12NC1pbmRlcGVuZGVudC1zZWFyY2gtZG9tYWluNDp3aXJlMTY6QU5EW3NvbWUgdGhpcy9BXTU6ZmFsc2UxOjMxOjYyOi0xMjotMTI6LTEyOi0xMjotMV17MzoxNjo2OnNjb3Blc1swOl17MDp9MzQ6MjM6YWRkaXRpb25hbC1leGFjdC1zY29wZXNbMDpdezA6fTcyOjE3OmV4ZWN1dGlvbi1vcHRpb25zWzEwOjQ6dHJ1ZTI6MjAxOjAxOjIxOjA1OnNhdDRqNTpmYWxzZTI6LTExOjAxOjRdezA6fX01OTpyZXBhaXJlZC1ub3JtYWwtZm9ybS12Mzt0eXBlZC1hbGxveS1ub3JtYWwtZm9ybS1hZGFwdGVyLXYxMzI4OmNhbm9uaWNhbC1hbGxveS1zaWduYXR1cmUtdjhdezA6fQ==	Ng==|TU9EVUxBUg==|MzE6YWxsb3ktc291cmNlLWNvbW1hbmQtY29udGV4dC12MVsxMTo1MDphbGxveS1jb21tYW5kLW9wdGlvbnMtdjQtaW5kZXBlbmRlbnQtc2VhcmNoLWRvbWFpbjQ6d2lyZTE2OkFORFtzb21lIHRoaXMvQV01OmZhbHNlMTozMTo2MjotMTI6LTEyOi0xMjotMTI6LTFdezM6MTY6NjpzY29wZXNbMDpdezA6fTM0OjIzOmFkZGl0aW9uYWwtZXhhY3Qtc2NvcGVzWzA6XXswOn03MjoxNzpleGVjdXRpb24tb3B0aW9uc1sxMDo0OnRydWUyOjIwMTowMToyMTowNTpzYXQ0ajU6ZmFsc2UyOi0xMTowMTo0XXswOn19|cmVwYWlyZWQtbm9ybWFsLWZvcm0tdjM7dHlwZWQtYWxsb3ktbm9ybWFsLWZvcm0tYWRhcHRlci12MTM=|Y2Fub25pY2FsLWFsbG95LXNpZ25hdHVyZS12OA==|Nzc0OWJjNmZiZWI2NWQ5Njc1YzU5ZWE0MjNkNGEzYTkxNTJkNDE3ODYxZDkxMWRiODA2ZmM0MWU2OTQ0YTZkZQ==|YWxsb3ktY29udGFpbmVyLWxhdy10aGVvcnktdjM=|YjY0Nzk3MTJlNTE4YjVkZmMxM2YxOTg2Njc2OWYzMGFiODFiNDliZDRiYWQ1MDhhMTc1NjkxZmJiMWQwNjMzZg==	THEORY_MISMATCH	U291cmNlLWNvbW1hbmQgc2VtYW50aWMgY29udGV4dCBoYXMgYW4gdW5zdXBwb3J0ZWQgdmVyc2lvbg==
246	boundary	source:6:MODULAR	stale-1	source	true	6	FORBID	MzE6YWxsb3ktc291cmNlLWNvbW1hbmQtY29udGV4dC12MVsxMTo1MDphbGxveS1jb21tYW5kLW9wdGlvbnMtdjQtaW5kZXBlbmRlbnQtc2VhcmNoLWRvbWFpbjQ6d2lyZTE2OkFORFtzb21lIHRoaXMvQV01OmZhbHNlMTozMTo2MjotMTI6LTEyOi0xMjotMTI6LTFdezM6MTY6NjpzY29wZXNbMDpdezA6fTM0OjIzOmFkZGl0aW9uYWwtZXhhY3Qtc2NvcGVzWzA6XXswOn03MjoxNzpleGVjdXRpb24tb3B0aW9uc1sxMDo0OnRydWUyOjIwMTowMToyMTowNTpzYXQ0ajU6ZmFsc2UyOi0xMTowMTo0XXswOn19	cmVwYWlyZWQtbm9ybWFsLWZvcm0tdjM7dHlwZWQtYWxsb3ktbm9ybWFsLWZvcm0tYWRhcHRlci12MTM=	Y2Fub25pY2FsLWFsbG95LXNpZ25hdHVyZS12OA==	7749bc6fbeb65d9675c59ea423d4a3a9152d417861d911db806fc41e6944a6de	MTY6c2VtYW50aWMtcHJvZmlsZVs1OjE6NjY6Rk9SQklEMjg1OjMxOmFsbG95LXNvdXJjZS1jb21tYW5kLWNvbnRleHQtdjFbMTE6NTA6YWxsb3ktY29tbWFuZC1vcHRpb25zLXY0LWluZGVwZW5kZW50LXNlYXJjaC1kb21haW40OndpcmUxNjpBTkRbc29tZSB0aGlzL0FdNTpmYWxzZTE6MzE6NjI6LTEyOi0xMjotMTI6LTEyOi0xXXszOjE2OjY6c2NvcGVzWzA6XXswOn0zNDoyMzphZGRpdGlvbmFsLWV4YWN0LXNjb3Blc1swOl17MDp9NzI6MTc6ZXhlY3V0aW9uLW9wdGlvbnNbMTA6NDp0cnVlMjoyMDE6MDE6MjE6MDU6c2F0NGo1OmZhbHNlMjotMTE6MDE6NF17MDp9fTU5OnJlcGFpcmVkLW5vcm1hbC1mb3JtLXYzO3R5cGVkLWFsbG95LW5vcm1hbC1mb3JtLWFkYXB0ZXItdjEzMjg6Y2Fub25pY2FsLWFsbG95LXNpZ25hdHVyZS12OF17MDp9	MTY6c2VtYW50aWMtcHJvZmlsZVs1OjE6NjY6Rk9SQklEMjg1OjMxOmFsbG95LXNvdXJjZS1jb21tYW5kLWNvbnRleHQtdjFbMTE6NTA6YWxsb3ktY29tbWFuZC1vcHRpb25zLXY0LWluZGVwZW5kZW50LXNlYXJjaC1kb21haW40OndpcmUxNjpBTkRbc29tZSB0aGlzL0FdNTpmYWxzZTE6MzE6NjI6LTEyOi0xMjotMTI6LTEyOi0xXXszOjE2OjY6c2NvcGVzWzA6XXswOn0zNDoyMzphZGRpdGlvbmFsLWV4YWN0LXNjb3Blc1swOl17MDp9NzI6MTc6ZXhlY3V0aW9uLW9wdGlvbnNbMTA6NDp0cnVlMjoyMDE6MDE6MjE6MDU6c2F0NGo1OmZhbHNlMjotMTE6MDE6NF17MDp9fTU5OnJlcGFpcmVkLW5vcm1hbC1mb3JtLXYzO3R5cGVkLWFsbG95LW5vcm1hbC1mb3JtLWFkYXB0ZXItdjEzMjg6Y2Fub25pY2FsLWFsbG95LXNpZ25hdHVyZS12OF17MDp9	Ng==|TU9EVUxBUg==|MzE6YWxsb3ktc291cmNlLWNvbW1hbmQtY29udGV4dC12MVsxMTo1MDphbGxveS1jb21tYW5kLW9wdGlvbnMtdjQtaW5kZXBlbmRlbnQtc2VhcmNoLWRvbWFpbjQ6d2lyZTE2OkFORFtzb21lIHRoaXMvQV01OmZhbHNlMTozMTo2MjotMTI6LTEyOi0xMjotMTI6LTFdezM6MTY6NjpzY29wZXNbMDpdezA6fTM0OjIzOmFkZGl0aW9uYWwtZXhhY3Qtc2NvcGVzWzA6XXswOn03MjoxNzpleGVjdXRpb24tb3B0aW9uc1sxMDo0OnRydWUyOjIwMTowMToyMTowNTpzYXQ0ajU6ZmFsc2UyOi0xMTowMTo0XXswOn19|cmVwYWlyZWQtbm9ybWFsLWZvcm0tdjM7dHlwZWQtYWxsb3ktbm9ybWFsLWZvcm0tYWRhcHRlci12MTM=|Y2Fub25pY2FsLWFsbG95LXNpZ25hdHVyZS12OA==|Nzc0OWJjNmZiZWI2NWQ5Njc1YzU5ZWE0MjNkNGEzYTkxNTJkNDE3ODYxZDkxMWRiODA2ZmM0MWU2OTQ0YTZkZQ==|YWxsb3ktY29udGFpbmVyLWxhdy10aGVvcnktdjM=|YjY0Nzk3MTJlNTE4YjVkZmMxM2YxOTg2Njc2OWYzMGFiODFiNDliZDRiYWQ1MDhhMTc1NjkxZmJiMWQwNjMzZg==	THEORY_MISMATCH	U291cmNlLWNvbW1hbmQgc2VtYW50aWMgY29udGV4dCBoYXMgYW4gdW5zdXBwb3J0ZWQgdmVyc2lvbg==
247	boundary	source:6:MODULAR	stale-2	source	true	6	MODULAR	MzE6YWxsb3ktc291cmNlLWNvbW1hbmQtY29udGV4dC12MVsxMTo1MDphbGxveS1jb21tYW5kLW9wdGlvbnMtdjQtaW5kZXBlbmRlbnQtc2VhcmNoLWRvbWFpbjQ6d2lyZTE2OkFORFtzb21lIHRoaXMvQV01OmZhbHNlMTozMTo2MjotMTI6LTEyOi0xMjotMTI6LTFdezM6MTY6NjpzY29wZXNbMDpdezA6fTM0OjIzOmFkZGl0aW9uYWwtZXhhY3Qtc2NvcGVzWzA6XXswOn03MjoxNzpleGVjdXRpb24tb3B0aW9uc1sxMDo0OnRydWUyOjIwMTowMToyMTowNTpzYXQ0ajU6ZmFsc2UyOi0xMTowMTo0XXswOn19OmNoYW5nZWQ=	cmVwYWlyZWQtbm9ybWFsLWZvcm0tdjM7dHlwZWQtYWxsb3ktbm9ybWFsLWZvcm0tYWRhcHRlci12MTM=	Y2Fub25pY2FsLWFsbG95LXNpZ25hdHVyZS12OA==	7749bc6fbeb65d9675c59ea423d4a3a9152d417861d911db806fc41e6944a6de	MTY6c2VtYW50aWMtcHJvZmlsZVs1OjE6Njc6TU9EVUxBUjI5MzozMTphbGxveS1zb3VyY2UtY29tbWFuZC1jb250ZXh0LXYxWzExOjUwOmFsbG95LWNvbW1hbmQtb3B0aW9ucy12NC1pbmRlcGVuZGVudC1zZWFyY2gtZG9tYWluNDp3aXJlMTY6QU5EW3NvbWUgdGhpcy9BXTU6ZmFsc2UxOjMxOjYyOi0xMjotMTI6LTEyOi0xMjotMV17MzoxNjo2OnNjb3Blc1swOl17MDp9MzQ6MjM6YWRkaXRpb25hbC1leGFjdC1zY29wZXNbMDpdezA6fTcyOjE3OmV4ZWN1dGlvbi1vcHRpb25zWzEwOjQ6dHJ1ZTI6MjAxOjAxOjIxOjA1OnNhdDRqNTpmYWxzZTI6LTExOjAxOjRdezA6fX06Y2hhbmdlZDU5OnJlcGFpcmVkLW5vcm1hbC1mb3JtLXYzO3R5cGVkLWFsbG95LW5vcm1hbC1mb3JtLWFkYXB0ZXItdjEzMjg6Y2Fub25pY2FsLWFsbG95LXNpZ25hdHVyZS12OF17MDp9	MTY6c2VtYW50aWMtcHJvZmlsZVs1OjE6Njc6TU9EVUxBUjI5MzozMTphbGxveS1zb3VyY2UtY29tbWFuZC1jb250ZXh0LXYxWzExOjUwOmFsbG95LWNvbW1hbmQtb3B0aW9ucy12NC1pbmRlcGVuZGVudC1zZWFyY2gtZG9tYWluNDp3aXJlMTY6QU5EW3NvbWUgdGhpcy9BXTU6ZmFsc2UxOjMxOjYyOi0xMjotMTI6LTEyOi0xMjotMV17MzoxNjo2OnNjb3Blc1swOl17MDp9MzQ6MjM6YWRkaXRpb25hbC1leGFjdC1zY29wZXNbMDpdezA6fTcyOjE3OmV4ZWN1dGlvbi1vcHRpb25zWzEwOjQ6dHJ1ZTI6MjAxOjAxOjIxOjA1OnNhdDRqNTpmYWxzZTI6LTExOjAxOjRdezA6fX06Y2hhbmdlZDU5OnJlcGFpcmVkLW5vcm1hbC1mb3JtLXYzO3R5cGVkLWFsbG95LW5vcm1hbC1mb3JtLWFkYXB0ZXItdjEzMjg6Y2Fub25pY2FsLWFsbG95LXNpZ25hdHVyZS12OF17MDp9	Ng==|TU9EVUxBUg==|MzE6YWxsb3ktc291cmNlLWNvbW1hbmQtY29udGV4dC12MVsxMTo1MDphbGxveS1jb21tYW5kLW9wdGlvbnMtdjQtaW5kZXBlbmRlbnQtc2VhcmNoLWRvbWFpbjQ6d2lyZTE2OkFORFtzb21lIHRoaXMvQV01OmZhbHNlMTozMTo2MjotMTI6LTEyOi0xMjotMTI6LTFdezM6MTY6NjpzY29wZXNbMDpdezA6fTM0OjIzOmFkZGl0aW9uYWwtZXhhY3Qtc2NvcGVzWzA6XXswOn03MjoxNzpleGVjdXRpb24tb3B0aW9uc1sxMDo0OnRydWUyOjIwMTowMToyMTowNTpzYXQ0ajU6ZmFsc2UyOi0xMTowMTo0XXswOn19|cmVwYWlyZWQtbm9ybWFsLWZvcm0tdjM7dHlwZWQtYWxsb3ktbm9ybWFsLWZvcm0tYWRhcHRlci12MTM=|Y2Fub25pY2FsLWFsbG95LXNpZ25hdHVyZS12OA==|Nzc0OWJjNmZiZWI2NWQ5Njc1YzU5ZWE0MjNkNGEzYTkxNTJkNDE3ODYxZDkxMWRiODA2ZmM0MWU2OTQ0YTZkZQ==|YWxsb3ktY29udGFpbmVyLWxhdy10aGVvcnktdjM=|YjY0Nzk3MTJlNTE4YjVkZmMxM2YxOTg2Njc2OWYzMGFiODFiNDliZDRiYWQ1MDhhMTc1NjkxZmJiMWQwNjMzZg==	INVALID_RECORD_SHAPE	c291cmNlLWNvbW1hbmQgc2VtYW50aWMgY29udGV4dCBoYXMgdHJhaWxpbmcgc3RydWN0dXJhbC1rZXkgZGF0YQ==
248	boundary	source:6:MODULAR	stale-3	source	true	6	MODULAR	MzE6YWxsb3ktc291cmNlLWNvbW1hbmQtY29udGV4dC12MVsxMTo1MDphbGxveS1jb21tYW5kLW9wdGlvbnMtdjQtaW5kZXBlbmRlbnQtc2VhcmNoLWRvbWFpbjQ6d2lyZTE2OkFORFtzb21lIHRoaXMvQV01OmZhbHNlMTozMTo2MjotMTI6LTEyOi0xMjotMTI6LTFdezM6MTY6NjpzY29wZXNbMDpdezA6fTM0OjIzOmFkZGl0aW9uYWwtZXhhY3Qtc2NvcGVzWzA6XXswOn03MjoxNzpleGVjdXRpb24tb3B0aW9uc1sxMDo0OnRydWUyOjIwMTowMToyMTowNTpzYXQ0ajU6ZmFsc2UyOi0xMTowMTo0XXswOn19	cmVwYWlyZWQtbm9ybWFsLWZvcm0tdjM7dHlwZWQtYWxsb3ktbm9ybWFsLWZvcm0tYWRhcHRlci12MTM6Y2hhbmdlZA==	Y2Fub25pY2FsLWFsbG95LXNpZ25hdHVyZS12OA==	7749bc6fbeb65d9675c59ea423d4a3a9152d417861d911db806fc41e6944a6de	MTY6c2VtYW50aWMtcHJvZmlsZVs1OjE6Njc6TU9EVUxBUjI4NTozMTphbGxveS1zb3VyY2UtY29tbWFuZC1jb250ZXh0LXYxWzExOjUwOmFsbG95LWNvbW1hbmQtb3B0aW9ucy12NC1pbmRlcGVuZGVudC1zZWFyY2gtZG9tYWluNDp3aXJlMTY6QU5EW3NvbWUgdGhpcy9BXTU6ZmFsc2UxOjMxOjYyOi0xMjotMTI6LTEyOi0xMjotMV17MzoxNjo2OnNjb3Blc1swOl17MDp9MzQ6MjM6YWRkaXRpb25hbC1leGFjdC1zY29wZXNbMDpdezA6fTcyOjE3OmV4ZWN1dGlvbi1vcHRpb25zWzEwOjQ6dHJ1ZTI6MjAxOjAxOjIxOjA1OnNhdDRqNTpmYWxzZTI6LTExOjAxOjRdezA6fX02NzpyZXBhaXJlZC1ub3JtYWwtZm9ybS12Mzt0eXBlZC1hbGxveS1ub3JtYWwtZm9ybS1hZGFwdGVyLXYxMzpjaGFuZ2VkMjg6Y2Fub25pY2FsLWFsbG95LXNpZ25hdHVyZS12OF17MDp9	MTY6c2VtYW50aWMtcHJvZmlsZVs1OjE6Njc6TU9EVUxBUjI4NTozMTphbGxveS1zb3VyY2UtY29tbWFuZC1jb250ZXh0LXYxWzExOjUwOmFsbG95LWNvbW1hbmQtb3B0aW9ucy12NC1pbmRlcGVuZGVudC1zZWFyY2gtZG9tYWluNDp3aXJlMTY6QU5EW3NvbWUgdGhpcy9BXTU6ZmFsc2UxOjMxOjYyOi0xMjotMTI6LTEyOi0xMjotMV17MzoxNjo2OnNjb3Blc1swOl17MDp9MzQ6MjM6YWRkaXRpb25hbC1leGFjdC1zY29wZXNbMDpdezA6fTcyOjE3OmV4ZWN1dGlvbi1vcHRpb25zWzEwOjQ6dHJ1ZTI6MjAxOjAxOjIxOjA1OnNhdDRqNTpmYWxzZTI6LTExOjAxOjRdezA6fX02NzpyZXBhaXJlZC1ub3JtYWwtZm9ybS12Mzt0eXBlZC1hbGxveS1ub3JtYWwtZm9ybS1hZGFwdGVyLXYxMzpjaGFuZ2VkMjg6Y2Fub25pY2FsLWFsbG95LXNpZ25hdHVyZS12OF17MDp9	Ng==|TU9EVUxBUg==|MzE6YWxsb3ktc291cmNlLWNvbW1hbmQtY29udGV4dC12MVsxMTo1MDphbGxveS1jb21tYW5kLW9wdGlvbnMtdjQtaW5kZXBlbmRlbnQtc2VhcmNoLWRvbWFpbjQ6d2lyZTE2OkFORFtzb21lIHRoaXMvQV01OmZhbHNlMTozMTo2MjotMTI6LTEyOi0xMjotMTI6LTFdezM6MTY6NjpzY29wZXNbMDpdezA6fTM0OjIzOmFkZGl0aW9uYWwtZXhhY3Qtc2NvcGVzWzA6XXswOn03MjoxNzpleGVjdXRpb24tb3B0aW9uc1sxMDo0OnRydWUyOjIwMTowMToyMTowNTpzYXQ0ajU6ZmFsc2UyOi0xMTowMTo0XXswOn19|cmVwYWlyZWQtbm9ybWFsLWZvcm0tdjM7dHlwZWQtYWxsb3ktbm9ybWFsLWZvcm0tYWRhcHRlci12MTM=|Y2Fub25pY2FsLWFsbG95LXNpZ25hdHVyZS12OA==|Nzc0OWJjNmZiZWI2NWQ5Njc1YzU5ZWE0MjNkNGEzYTkxNTJkNDE3ODYxZDkxMWRiODA2ZmM0MWU2OTQ0YTZkZQ==|YWxsb3ktY29udGFpbmVyLWxhdy10aGVvcnktdjM=|YjY0Nzk3MTJlNTE4YjVkZmMxM2YxOTg2Njc2OWYzMGFiODFiNDliZDRiYWQ1MDhhMTc1NjkxZmJiMWQwNjMzZg==	THEORY_MISMATCH	U291cmNlLWNvbW1hbmQgZXZpZGVuY2UgbmFtZXMgdW5zdXBwb3J0ZWQgc2VtYW50aWMgaW1wbGVtZW50YXRpb24gdmVyc2lvbnM=
249	boundary	source:6:MODULAR	stale-4	source	true	6	MODULAR	MzE6YWxsb3ktc291cmNlLWNvbW1hbmQtY29udGV4dC12MVsxMTo1MDphbGxveS1jb21tYW5kLW9wdGlvbnMtdjQtaW5kZXBlbmRlbnQtc2VhcmNoLWRvbWFpbjQ6d2lyZTE2OkFORFtzb21lIHRoaXMvQV01OmZhbHNlMTozMTo2MjotMTI6LTEyOi0xMjotMTI6LTFdezM6MTY6NjpzY29wZXNbMDpdezA6fTM0OjIzOmFkZGl0aW9uYWwtZXhhY3Qtc2NvcGVzWzA6XXswOn03MjoxNzpleGVjdXRpb24tb3B0aW9uc1sxMDo0OnRydWUyOjIwMTowMToyMTowNTpzYXQ0ajU6ZmFsc2UyOi0xMTowMTo0XXswOn19	cmVwYWlyZWQtbm9ybWFsLWZvcm0tdjM7dHlwZWQtYWxsb3ktbm9ybWFsLWZvcm0tYWRhcHRlci12MTM=	Y2Fub25pY2FsLWFsbG95LXNpZ25hdHVyZS12ODpjaGFuZ2Vk	7749bc6fbeb65d9675c59ea423d4a3a9152d417861d911db806fc41e6944a6de	MTY6c2VtYW50aWMtcHJvZmlsZVs1OjE6Njc6TU9EVUxBUjI4NTozMTphbGxveS1zb3VyY2UtY29tbWFuZC1jb250ZXh0LXYxWzExOjUwOmFsbG95LWNvbW1hbmQtb3B0aW9ucy12NC1pbmRlcGVuZGVudC1zZWFyY2gtZG9tYWluNDp3aXJlMTY6QU5EW3NvbWUgdGhpcy9BXTU6ZmFsc2UxOjMxOjYyOi0xMjotMTI6LTEyOi0xMjotMV17MzoxNjo2OnNjb3Blc1swOl17MDp9MzQ6MjM6YWRkaXRpb25hbC1leGFjdC1zY29wZXNbMDpdezA6fTcyOjE3OmV4ZWN1dGlvbi1vcHRpb25zWzEwOjQ6dHJ1ZTI6MjAxOjAxOjIxOjA1OnNhdDRqNTpmYWxzZTI6LTExOjAxOjRdezA6fX01OTpyZXBhaXJlZC1ub3JtYWwtZm9ybS12Mzt0eXBlZC1hbGxveS1ub3JtYWwtZm9ybS1hZGFwdGVyLXYxMzM2OmNhbm9uaWNhbC1hbGxveS1zaWduYXR1cmUtdjg6Y2hhbmdlZF17MDp9	MTY6c2VtYW50aWMtcHJvZmlsZVs1OjE6Njc6TU9EVUxBUjI4NTozMTphbGxveS1zb3VyY2UtY29tbWFuZC1jb250ZXh0LXYxWzExOjUwOmFsbG95LWNvbW1hbmQtb3B0aW9ucy12NC1pbmRlcGVuZGVudC1zZWFyY2gtZG9tYWluNDp3aXJlMTY6QU5EW3NvbWUgdGhpcy9BXTU6ZmFsc2UxOjMxOjYyOi0xMjotMTI6LTEyOi0xMjotMV17MzoxNjo2OnNjb3Blc1swOl17MDp9MzQ6MjM6YWRkaXRpb25hbC1leGFjdC1zY29wZXNbMDpdezA6fTcyOjE3OmV4ZWN1dGlvbi1vcHRpb25zWzEwOjQ6dHJ1ZTI6MjAxOjAxOjIxOjA1OnNhdDRqNTpmYWxzZTI6LTExOjAxOjRdezA6fX01OTpyZXBhaXJlZC1ub3JtYWwtZm9ybS12Mzt0eXBlZC1hbGxveS1ub3JtYWwtZm9ybS1hZGFwdGVyLXYxMzM2OmNhbm9uaWNhbC1hbGxveS1zaWduYXR1cmUtdjg6Y2hhbmdlZF17MDp9	Ng==|TU9EVUxBUg==|MzE6YWxsb3ktc291cmNlLWNvbW1hbmQtY29udGV4dC12MVsxMTo1MDphbGxveS1jb21tYW5kLW9wdGlvbnMtdjQtaW5kZXBlbmRlbnQtc2VhcmNoLWRvbWFpbjQ6d2lyZTE2OkFORFtzb21lIHRoaXMvQV01OmZhbHNlMTozMTo2MjotMTI6LTEyOi0xMjotMTI6LTFdezM6MTY6NjpzY29wZXNbMDpdezA6fTM0OjIzOmFkZGl0aW9uYWwtZXhhY3Qtc2NvcGVzWzA6XXswOn03MjoxNzpleGVjdXRpb24tb3B0aW9uc1sxMDo0OnRydWUyOjIwMTowMToyMTowNTpzYXQ0ajU6ZmFsc2UyOi0xMTowMTo0XXswOn19|cmVwYWlyZWQtbm9ybWFsLWZvcm0tdjM7dHlwZWQtYWxsb3ktbm9ybWFsLWZvcm0tYWRhcHRlci12MTM=|Y2Fub25pY2FsLWFsbG95LXNpZ25hdHVyZS12OA==|Nzc0OWJjNmZiZWI2NWQ5Njc1YzU5ZWE0MjNkNGEzYTkxNTJkNDE3ODYxZDkxMWRiODA2ZmM0MWU2OTQ0YTZkZQ==|YWxsb3ktY29udGFpbmVyLWxhdy10aGVvcnktdjM=|YjY0Nzk3MTJlNTE4YjVkZmMxM2YxOTg2Njc2OWYzMGFiODFiNDliZDRiYWQ1MDhhMTc1NjkxZmJiMWQwNjMzZg==	THEORY_MISMATCH	U291cmNlLWNvbW1hbmQgZXZpZGVuY2UgbmFtZXMgdW5zdXBwb3J0ZWQgc2VtYW50aWMgaW1wbGVtZW50YXRpb24gdmVyc2lvbnM=
250	boundary	source:6:MODULAR	rehashed-0	source	true	7	MODULAR	MzE6YWxsb3ktc291cmNlLWNvbW1hbmQtY29udGV4dC12MVsxMTo1MDphbGxveS1jb21tYW5kLW9wdGlvbnMtdjQtaW5kZXBlbmRlbnQtc2VhcmNoLWRvbWFpbjQ6d2lyZTE2OkFORFtzb21lIHRoaXMvQV01OmZhbHNlMTozMTo2MjotMTI6LTEyOi0xMjotMTI6LTFdezM6MTY6NjpzY29wZXNbMDpdezA6fTM0OjIzOmFkZGl0aW9uYWwtZXhhY3Qtc2NvcGVzWzA6XXswOn03MjoxNzpleGVjdXRpb24tb3B0aW9uc1sxMDo0OnRydWUyOjIwMTowMToyMTowNTpzYXQ0ajU6ZmFsc2UyOi0xMTowMTo0XXswOn19	cmVwYWlyZWQtbm9ybWFsLWZvcm0tdjM7dHlwZWQtYWxsb3ktbm9ybWFsLWZvcm0tYWRhcHRlci12MTM=	Y2Fub25pY2FsLWFsbG95LXNpZ25hdHVyZS12OA==	5db746d864cf0bf8e92a3a75261bad4321adddacc7c82dbe76db835e7e6e0391	MTY6c2VtYW50aWMtcHJvZmlsZVs1OjE6Nzc6TU9EVUxBUjI4NTozMTphbGxveS1zb3VyY2UtY29tbWFuZC1jb250ZXh0LXYxWzExOjUwOmFsbG95LWNvbW1hbmQtb3B0aW9ucy12NC1pbmRlcGVuZGVudC1zZWFyY2gtZG9tYWluNDp3aXJlMTY6QU5EW3NvbWUgdGhpcy9BXTU6ZmFsc2UxOjMxOjYyOi0xMjotMTI6LTEyOi0xMjotMV17MzoxNjo2OnNjb3Blc1swOl17MDp9MzQ6MjM6YWRkaXRpb25hbC1leGFjdC1zY29wZXNbMDpdezA6fTcyOjE3OmV4ZWN1dGlvbi1vcHRpb25zWzEwOjQ6dHJ1ZTI6MjAxOjAxOjIxOjA1OnNhdDRqNTpmYWxzZTI6LTExOjAxOjRdezA6fX01OTpyZXBhaXJlZC1ub3JtYWwtZm9ybS12Mzt0eXBlZC1hbGxveS1ub3JtYWwtZm9ybS1hZGFwdGVyLXYxMzI4OmNhbm9uaWNhbC1hbGxveS1zaWduYXR1cmUtdjhdezA6fQ==	MTY6c2VtYW50aWMtcHJvZmlsZVs1OjE6Nzc6TU9EVUxBUjI4NTozMTphbGxveS1zb3VyY2UtY29tbWFuZC1jb250ZXh0LXYxWzExOjUwOmFsbG95LWNvbW1hbmQtb3B0aW9ucy12NC1pbmRlcGVuZGVudC1zZWFyY2gtZG9tYWluNDp3aXJlMTY6QU5EW3NvbWUgdGhpcy9BXTU6ZmFsc2UxOjMxOjYyOi0xMjotMTI6LTEyOi0xMjotMV17MzoxNjo2OnNjb3Blc1swOl17MDp9MzQ6MjM6YWRkaXRpb25hbC1leGFjdC1zY29wZXNbMDpdezA6fTcyOjE3OmV4ZWN1dGlvbi1vcHRpb25zWzEwOjQ6dHJ1ZTI6MjAxOjAxOjIxOjA1OnNhdDRqNTpmYWxzZTI6LTExOjAxOjRdezA6fX01OTpyZXBhaXJlZC1ub3JtYWwtZm9ybS12Mzt0eXBlZC1hbGxveS1ub3JtYWwtZm9ybS1hZGFwdGVyLXYxMzI4OmNhbm9uaWNhbC1hbGxveS1zaWduYXR1cmUtdjhdezA6fQ==	Ng==|TU9EVUxBUg==|MzE6YWxsb3ktc291cmNlLWNvbW1hbmQtY29udGV4dC12MVsxMTo1MDphbGxveS1jb21tYW5kLW9wdGlvbnMtdjQtaW5kZXBlbmRlbnQtc2VhcmNoLWRvbWFpbjQ6d2lyZTE2OkFORFtzb21lIHRoaXMvQV01OmZhbHNlMTozMTo2MjotMTI6LTEyOi0xMjotMTI6LTFdezM6MTY6NjpzY29wZXNbMDpdezA6fTM0OjIzOmFkZGl0aW9uYWwtZXhhY3Qtc2NvcGVzWzA6XXswOn03MjoxNzpleGVjdXRpb24tb3B0aW9uc1sxMDo0OnRydWUyOjIwMTowMToyMTowNTpzYXQ0ajU6ZmFsc2UyOi0xMTowMTo0XXswOn19|cmVwYWlyZWQtbm9ybWFsLWZvcm0tdjM7dHlwZWQtYWxsb3ktbm9ybWFsLWZvcm0tYWRhcHRlci12MTM=|Y2Fub25pY2FsLWFsbG95LXNpZ25hdHVyZS12OA==|Nzc0OWJjNmZiZWI2NWQ5Njc1YzU5ZWE0MjNkNGEzYTkxNTJkNDE3ODYxZDkxMWRiODA2ZmM0MWU2OTQ0YTZkZQ==|YWxsb3ktY29udGFpbmVyLWxhdy10aGVvcnktdjM=|YjY0Nzk3MTJlNTE4YjVkZmMxM2YxOTg2Njc2OWYzMGFiODFiNDliZDRiYWQ1MDhhMTc1NjkxZmJiMWQwNjMzZg==	THEORY_MISMATCH	U291cmNlLWNvbW1hbmQgc2VtYW50aWMgY29udGV4dCBoYXMgYW4gdW5zdXBwb3J0ZWQgdmVyc2lvbg==
251	boundary	source:6:MODULAR	rehashed-1	source	true	6	FORBID	MzE6YWxsb3ktc291cmNlLWNvbW1hbmQtY29udGV4dC12MVsxMTo1MDphbGxveS1jb21tYW5kLW9wdGlvbnMtdjQtaW5kZXBlbmRlbnQtc2VhcmNoLWRvbWFpbjQ6d2lyZTE2OkFORFtzb21lIHRoaXMvQV01OmZhbHNlMTozMTo2MjotMTI6LTEyOi0xMjotMTI6LTFdezM6MTY6NjpzY29wZXNbMDpdezA6fTM0OjIzOmFkZGl0aW9uYWwtZXhhY3Qtc2NvcGVzWzA6XXswOn03MjoxNzpleGVjdXRpb24tb3B0aW9uc1sxMDo0OnRydWUyOjIwMTowMToyMTowNTpzYXQ0ajU6ZmFsc2UyOi0xMTowMTo0XXswOn19	cmVwYWlyZWQtbm9ybWFsLWZvcm0tdjM7dHlwZWQtYWxsb3ktbm9ybWFsLWZvcm0tYWRhcHRlci12MTM=	Y2Fub25pY2FsLWFsbG95LXNpZ25hdHVyZS12OA==	11a8faa332067aaf902e2028f571017eed3241fd5ce94d465f19dfc243436be1	MTY6c2VtYW50aWMtcHJvZmlsZVs1OjE6NjY6Rk9SQklEMjg1OjMxOmFsbG95LXNvdXJjZS1jb21tYW5kLWNvbnRleHQtdjFbMTE6NTA6YWxsb3ktY29tbWFuZC1vcHRpb25zLXY0LWluZGVwZW5kZW50LXNlYXJjaC1kb21haW40OndpcmUxNjpBTkRbc29tZSB0aGlzL0FdNTpmYWxzZTE6MzE6NjI6LTEyOi0xMjotMTI6LTEyOi0xXXszOjE2OjY6c2NvcGVzWzA6XXswOn0zNDoyMzphZGRpdGlvbmFsLWV4YWN0LXNjb3Blc1swOl17MDp9NzI6MTc6ZXhlY3V0aW9uLW9wdGlvbnNbMTA6NDp0cnVlMjoyMDE6MDE6MjE6MDU6c2F0NGo1OmZhbHNlMjotMTE6MDE6NF17MDp9fTU5OnJlcGFpcmVkLW5vcm1hbC1mb3JtLXYzO3R5cGVkLWFsbG95LW5vcm1hbC1mb3JtLWFkYXB0ZXItdjEzMjg6Y2Fub25pY2FsLWFsbG95LXNpZ25hdHVyZS12OF17MDp9	MTY6c2VtYW50aWMtcHJvZmlsZVs1OjE6NjY6Rk9SQklEMjg1OjMxOmFsbG95LXNvdXJjZS1jb21tYW5kLWNvbnRleHQtdjFbMTE6NTA6YWxsb3ktY29tbWFuZC1vcHRpb25zLXY0LWluZGVwZW5kZW50LXNlYXJjaC1kb21haW40OndpcmUxNjpBTkRbc29tZSB0aGlzL0FdNTpmYWxzZTE6MzE6NjI6LTEyOi0xMjotMTI6LTEyOi0xXXszOjE2OjY6c2NvcGVzWzA6XXswOn0zNDoyMzphZGRpdGlvbmFsLWV4YWN0LXNjb3Blc1swOl17MDp9NzI6MTc6ZXhlY3V0aW9uLW9wdGlvbnNbMTA6NDp0cnVlMjoyMDE6MDE6MjE6MDU6c2F0NGo1OmZhbHNlMjotMTE6MDE6NF17MDp9fTU5OnJlcGFpcmVkLW5vcm1hbC1mb3JtLXYzO3R5cGVkLWFsbG95LW5vcm1hbC1mb3JtLWFkYXB0ZXItdjEzMjg6Y2Fub25pY2FsLWFsbG95LXNpZ25hdHVyZS12OF17MDp9	Ng==|TU9EVUxBUg==|MzE6YWxsb3ktc291cmNlLWNvbW1hbmQtY29udGV4dC12MVsxMTo1MDphbGxveS1jb21tYW5kLW9wdGlvbnMtdjQtaW5kZXBlbmRlbnQtc2VhcmNoLWRvbWFpbjQ6d2lyZTE2OkFORFtzb21lIHRoaXMvQV01OmZhbHNlMTozMTo2MjotMTI6LTEyOi0xMjotMTI6LTFdezM6MTY6NjpzY29wZXNbMDpdezA6fTM0OjIzOmFkZGl0aW9uYWwtZXhhY3Qtc2NvcGVzWzA6XXswOn03MjoxNzpleGVjdXRpb24tb3B0aW9uc1sxMDo0OnRydWUyOjIwMTowMToyMTowNTpzYXQ0ajU6ZmFsc2UyOi0xMTowMTo0XXswOn19|cmVwYWlyZWQtbm9ybWFsLWZvcm0tdjM7dHlwZWQtYWxsb3ktbm9ybWFsLWZvcm0tYWRhcHRlci12MTM=|Y2Fub25pY2FsLWFsbG95LXNpZ25hdHVyZS12OA==|Nzc0OWJjNmZiZWI2NWQ5Njc1YzU5ZWE0MjNkNGEzYTkxNTJkNDE3ODYxZDkxMWRiODA2ZmM0MWU2OTQ0YTZkZQ==|YWxsb3ktY29udGFpbmVyLWxhdy10aGVvcnktdjM=|YjY0Nzk3MTJlNTE4YjVkZmMxM2YxOTg2Njc2OWYzMGFiODFiNDliZDRiYWQ1MDhhMTc1NjkxZmJiMWQwNjMzZg==	THEORY_MISMATCH	U291cmNlLWNvbW1hbmQgc2VtYW50aWMgY29udGV4dCBoYXMgYW4gdW5zdXBwb3J0ZWQgdmVyc2lvbg==
252	boundary	source:6:MODULAR	rehashed-2	source	true	6	MODULAR	MzE6YWxsb3ktc291cmNlLWNvbW1hbmQtY29udGV4dC12MVsxMTo1MDphbGxveS1jb21tYW5kLW9wdGlvbnMtdjQtaW5kZXBlbmRlbnQtc2VhcmNoLWRvbWFpbjQ6d2lyZTE2OkFORFtzb21lIHRoaXMvQV01OmZhbHNlMTozMTo2MjotMTI6LTEyOi0xMjotMTI6LTFdezM6MTY6NjpzY29wZXNbMDpdezA6fTM0OjIzOmFkZGl0aW9uYWwtZXhhY3Qtc2NvcGVzWzA6XXswOn03MjoxNzpleGVjdXRpb24tb3B0aW9uc1sxMDo0OnRydWUyOjIwMTowMToyMTowNTpzYXQ0ajU6ZmFsc2UyOi0xMTowMTo0XXswOn19OmNoYW5nZWQ=	cmVwYWlyZWQtbm9ybWFsLWZvcm0tdjM7dHlwZWQtYWxsb3ktbm9ybWFsLWZvcm0tYWRhcHRlci12MTM=	Y2Fub25pY2FsLWFsbG95LXNpZ25hdHVyZS12OA==	b6942316ddd8d924638663ba707cada815fa354f64906813238083f4f7e87580	MTY6c2VtYW50aWMtcHJvZmlsZVs1OjE6Njc6TU9EVUxBUjI5MzozMTphbGxveS1zb3VyY2UtY29tbWFuZC1jb250ZXh0LXYxWzExOjUwOmFsbG95LWNvbW1hbmQtb3B0aW9ucy12NC1pbmRlcGVuZGVudC1zZWFyY2gtZG9tYWluNDp3aXJlMTY6QU5EW3NvbWUgdGhpcy9BXTU6ZmFsc2UxOjMxOjYyOi0xMjotMTI6LTEyOi0xMjotMV17MzoxNjo2OnNjb3Blc1swOl17MDp9MzQ6MjM6YWRkaXRpb25hbC1leGFjdC1zY29wZXNbMDpdezA6fTcyOjE3OmV4ZWN1dGlvbi1vcHRpb25zWzEwOjQ6dHJ1ZTI6MjAxOjAxOjIxOjA1OnNhdDRqNTpmYWxzZTI6LTExOjAxOjRdezA6fX06Y2hhbmdlZDU5OnJlcGFpcmVkLW5vcm1hbC1mb3JtLXYzO3R5cGVkLWFsbG95LW5vcm1hbC1mb3JtLWFkYXB0ZXItdjEzMjg6Y2Fub25pY2FsLWFsbG95LXNpZ25hdHVyZS12OF17MDp9	MTY6c2VtYW50aWMtcHJvZmlsZVs1OjE6Njc6TU9EVUxBUjI5MzozMTphbGxveS1zb3VyY2UtY29tbWFuZC1jb250ZXh0LXYxWzExOjUwOmFsbG95LWNvbW1hbmQtb3B0aW9ucy12NC1pbmRlcGVuZGVudC1zZWFyY2gtZG9tYWluNDp3aXJlMTY6QU5EW3NvbWUgdGhpcy9BXTU6ZmFsc2UxOjMxOjYyOi0xMjotMTI6LTEyOi0xMjotMV17MzoxNjo2OnNjb3Blc1swOl17MDp9MzQ6MjM6YWRkaXRpb25hbC1leGFjdC1zY29wZXNbMDpdezA6fTcyOjE3OmV4ZWN1dGlvbi1vcHRpb25zWzEwOjQ6dHJ1ZTI6MjAxOjAxOjIxOjA1OnNhdDRqNTpmYWxzZTI6LTExOjAxOjRdezA6fX06Y2hhbmdlZDU5OnJlcGFpcmVkLW5vcm1hbC1mb3JtLXYzO3R5cGVkLWFsbG95LW5vcm1hbC1mb3JtLWFkYXB0ZXItdjEzMjg6Y2Fub25pY2FsLWFsbG95LXNpZ25hdHVyZS12OF17MDp9	Ng==|TU9EVUxBUg==|MzE6YWxsb3ktc291cmNlLWNvbW1hbmQtY29udGV4dC12MVsxMTo1MDphbGxveS1jb21tYW5kLW9wdGlvbnMtdjQtaW5kZXBlbmRlbnQtc2VhcmNoLWRvbWFpbjQ6d2lyZTE2OkFORFtzb21lIHRoaXMvQV01OmZhbHNlMTozMTo2MjotMTI6LTEyOi0xMjotMTI6LTFdezM6MTY6NjpzY29wZXNbMDpdezA6fTM0OjIzOmFkZGl0aW9uYWwtZXhhY3Qtc2NvcGVzWzA6XXswOn03MjoxNzpleGVjdXRpb24tb3B0aW9uc1sxMDo0OnRydWUyOjIwMTowMToyMTowNTpzYXQ0ajU6ZmFsc2UyOi0xMTowMTo0XXswOn19|cmVwYWlyZWQtbm9ybWFsLWZvcm0tdjM7dHlwZWQtYWxsb3ktbm9ybWFsLWZvcm0tYWRhcHRlci12MTM=|Y2Fub25pY2FsLWFsbG95LXNpZ25hdHVyZS12OA==|Nzc0OWJjNmZiZWI2NWQ5Njc1YzU5ZWE0MjNkNGEzYTkxNTJkNDE3ODYxZDkxMWRiODA2ZmM0MWU2OTQ0YTZkZQ==|YWxsb3ktY29udGFpbmVyLWxhdy10aGVvcnktdjM=|YjY0Nzk3MTJlNTE4YjVkZmMxM2YxOTg2Njc2OWYzMGFiODFiNDliZDRiYWQ1MDhhMTc1NjkxZmJiMWQwNjMzZg==	INVALID_RECORD_SHAPE	c291cmNlLWNvbW1hbmQgc2VtYW50aWMgY29udGV4dCBoYXMgdHJhaWxpbmcgc3RydWN0dXJhbC1rZXkgZGF0YQ==
253	boundary	source:6:MODULAR	rehashed-3	source	true	6	MODULAR	MzE6YWxsb3ktc291cmNlLWNvbW1hbmQtY29udGV4dC12MVsxMTo1MDphbGxveS1jb21tYW5kLW9wdGlvbnMtdjQtaW5kZXBlbmRlbnQtc2VhcmNoLWRvbWFpbjQ6d2lyZTE2OkFORFtzb21lIHRoaXMvQV01OmZhbHNlMTozMTo2MjotMTI6LTEyOi0xMjotMTI6LTFdezM6MTY6NjpzY29wZXNbMDpdezA6fTM0OjIzOmFkZGl0aW9uYWwtZXhhY3Qtc2NvcGVzWzA6XXswOn03MjoxNzpleGVjdXRpb24tb3B0aW9uc1sxMDo0OnRydWUyOjIwMTowMToyMTowNTpzYXQ0ajU6ZmFsc2UyOi0xMTowMTo0XXswOn19	cmVwYWlyZWQtbm9ybWFsLWZvcm0tdjM7dHlwZWQtYWxsb3ktbm9ybWFsLWZvcm0tYWRhcHRlci12MTM6Y2hhbmdlZA==	Y2Fub25pY2FsLWFsbG95LXNpZ25hdHVyZS12OA==	0f351e84497bcee52ce696b6e0880d069ed2c7d128e80856f7a61007bf6abca6	MTY6c2VtYW50aWMtcHJvZmlsZVs1OjE6Njc6TU9EVUxBUjI4NTozMTphbGxveS1zb3VyY2UtY29tbWFuZC1jb250ZXh0LXYxWzExOjUwOmFsbG95LWNvbW1hbmQtb3B0aW9ucy12NC1pbmRlcGVuZGVudC1zZWFyY2gtZG9tYWluNDp3aXJlMTY6QU5EW3NvbWUgdGhpcy9BXTU6ZmFsc2UxOjMxOjYyOi0xMjotMTI6LTEyOi0xMjotMV17MzoxNjo2OnNjb3Blc1swOl17MDp9MzQ6MjM6YWRkaXRpb25hbC1leGFjdC1zY29wZXNbMDpdezA6fTcyOjE3OmV4ZWN1dGlvbi1vcHRpb25zWzEwOjQ6dHJ1ZTI6MjAxOjAxOjIxOjA1OnNhdDRqNTpmYWxzZTI6LTExOjAxOjRdezA6fX02NzpyZXBhaXJlZC1ub3JtYWwtZm9ybS12Mzt0eXBlZC1hbGxveS1ub3JtYWwtZm9ybS1hZGFwdGVyLXYxMzpjaGFuZ2VkMjg6Y2Fub25pY2FsLWFsbG95LXNpZ25hdHVyZS12OF17MDp9	MTY6c2VtYW50aWMtcHJvZmlsZVs1OjE6Njc6TU9EVUxBUjI4NTozMTphbGxveS1zb3VyY2UtY29tbWFuZC1jb250ZXh0LXYxWzExOjUwOmFsbG95LWNvbW1hbmQtb3B0aW9ucy12NC1pbmRlcGVuZGVudC1zZWFyY2gtZG9tYWluNDp3aXJlMTY6QU5EW3NvbWUgdGhpcy9BXTU6ZmFsc2UxOjMxOjYyOi0xMjotMTI6LTEyOi0xMjotMV17MzoxNjo2OnNjb3Blc1swOl17MDp9MzQ6MjM6YWRkaXRpb25hbC1leGFjdC1zY29wZXNbMDpdezA6fTcyOjE3OmV4ZWN1dGlvbi1vcHRpb25zWzEwOjQ6dHJ1ZTI6MjAxOjAxOjIxOjA1OnNhdDRqNTpmYWxzZTI6LTExOjAxOjRdezA6fX02NzpyZXBhaXJlZC1ub3JtYWwtZm9ybS12Mzt0eXBlZC1hbGxveS1ub3JtYWwtZm9ybS1hZGFwdGVyLXYxMzpjaGFuZ2VkMjg6Y2Fub25pY2FsLWFsbG95LXNpZ25hdHVyZS12OF17MDp9	Ng==|TU9EVUxBUg==|MzE6YWxsb3ktc291cmNlLWNvbW1hbmQtY29udGV4dC12MVsxMTo1MDphbGxveS1jb21tYW5kLW9wdGlvbnMtdjQtaW5kZXBlbmRlbnQtc2VhcmNoLWRvbWFpbjQ6d2lyZTE2OkFORFtzb21lIHRoaXMvQV01OmZhbHNlMTozMTo2MjotMTI6LTEyOi0xMjotMTI6LTFdezM6MTY6NjpzY29wZXNbMDpdezA6fTM0OjIzOmFkZGl0aW9uYWwtZXhhY3Qtc2NvcGVzWzA6XXswOn03MjoxNzpleGVjdXRpb24tb3B0aW9uc1sxMDo0OnRydWUyOjIwMTowMToyMTowNTpzYXQ0ajU6ZmFsc2UyOi0xMTowMTo0XXswOn19|cmVwYWlyZWQtbm9ybWFsLWZvcm0tdjM7dHlwZWQtYWxsb3ktbm9ybWFsLWZvcm0tYWRhcHRlci12MTM=|Y2Fub25pY2FsLWFsbG95LXNpZ25hdHVyZS12OA==|Nzc0OWJjNmZiZWI2NWQ5Njc1YzU5ZWE0MjNkNGEzYTkxNTJkNDE3ODYxZDkxMWRiODA2ZmM0MWU2OTQ0YTZkZQ==|YWxsb3ktY29udGFpbmVyLWxhdy10aGVvcnktdjM=|YjY0Nzk3MTJlNTE4YjVkZmMxM2YxOTg2Njc2OWYzMGFiODFiNDliZDRiYWQ1MDhhMTc1NjkxZmJiMWQwNjMzZg==	THEORY_MISMATCH	U291cmNlLWNvbW1hbmQgZXZpZGVuY2UgbmFtZXMgdW5zdXBwb3J0ZWQgc2VtYW50aWMgaW1wbGVtZW50YXRpb24gdmVyc2lvbnM=
254	boundary	source:6:MODULAR	rehashed-4	source	true	6	MODULAR	MzE6YWxsb3ktc291cmNlLWNvbW1hbmQtY29udGV4dC12MVsxMTo1MDphbGxveS1jb21tYW5kLW9wdGlvbnMtdjQtaW5kZXBlbmRlbnQtc2VhcmNoLWRvbWFpbjQ6d2lyZTE2OkFORFtzb21lIHRoaXMvQV01OmZhbHNlMTozMTo2MjotMTI6LTEyOi0xMjotMTI6LTFdezM6MTY6NjpzY29wZXNbMDpdezA6fTM0OjIzOmFkZGl0aW9uYWwtZXhhY3Qtc2NvcGVzWzA6XXswOn03MjoxNzpleGVjdXRpb24tb3B0aW9uc1sxMDo0OnRydWUyOjIwMTowMToyMTowNTpzYXQ0ajU6ZmFsc2UyOi0xMTowMTo0XXswOn19	cmVwYWlyZWQtbm9ybWFsLWZvcm0tdjM7dHlwZWQtYWxsb3ktbm9ybWFsLWZvcm0tYWRhcHRlci12MTM=	Y2Fub25pY2FsLWFsbG95LXNpZ25hdHVyZS12ODpjaGFuZ2Vk	a52fa8d68a5d06decf7f4d04e15c65390c0f462b0e414ed3be77233025c64cee	MTY6c2VtYW50aWMtcHJvZmlsZVs1OjE6Njc6TU9EVUxBUjI4NTozMTphbGxveS1zb3VyY2UtY29tbWFuZC1jb250ZXh0LXYxWzExOjUwOmFsbG95LWNvbW1hbmQtb3B0aW9ucy12NC1pbmRlcGVuZGVudC1zZWFyY2gtZG9tYWluNDp3aXJlMTY6QU5EW3NvbWUgdGhpcy9BXTU6ZmFsc2UxOjMxOjYyOi0xMjotMTI6LTEyOi0xMjotMV17MzoxNjo2OnNjb3Blc1swOl17MDp9MzQ6MjM6YWRkaXRpb25hbC1leGFjdC1zY29wZXNbMDpdezA6fTcyOjE3OmV4ZWN1dGlvbi1vcHRpb25zWzEwOjQ6dHJ1ZTI6MjAxOjAxOjIxOjA1OnNhdDRqNTpmYWxzZTI6LTExOjAxOjRdezA6fX01OTpyZXBhaXJlZC1ub3JtYWwtZm9ybS12Mzt0eXBlZC1hbGxveS1ub3JtYWwtZm9ybS1hZGFwdGVyLXYxMzM2OmNhbm9uaWNhbC1hbGxveS1zaWduYXR1cmUtdjg6Y2hhbmdlZF17MDp9	MTY6c2VtYW50aWMtcHJvZmlsZVs1OjE6Njc6TU9EVUxBUjI4NTozMTphbGxveS1zb3VyY2UtY29tbWFuZC1jb250ZXh0LXYxWzExOjUwOmFsbG95LWNvbW1hbmQtb3B0aW9ucy12NC1pbmRlcGVuZGVudC1zZWFyY2gtZG9tYWluNDp3aXJlMTY6QU5EW3NvbWUgdGhpcy9BXTU6ZmFsc2UxOjMxOjYyOi0xMjotMTI6LTEyOi0xMjotMV17MzoxNjo2OnNjb3Blc1swOl17MDp9MzQ6MjM6YWRkaXRpb25hbC1leGFjdC1zY29wZXNbMDpdezA6fTcyOjE3OmV4ZWN1dGlvbi1vcHRpb25zWzEwOjQ6dHJ1ZTI6MjAxOjAxOjIxOjA1OnNhdDRqNTpmYWxzZTI6LTExOjAxOjRdezA6fX01OTpyZXBhaXJlZC1ub3JtYWwtZm9ybS12Mzt0eXBlZC1hbGxveS1ub3JtYWwtZm9ybS1hZGFwdGVyLXYxMzM2OmNhbm9uaWNhbC1hbGxveS1zaWduYXR1cmUtdjg6Y2hhbmdlZF17MDp9	Ng==|TU9EVUxBUg==|MzE6YWxsb3ktc291cmNlLWNvbW1hbmQtY29udGV4dC12MVsxMTo1MDphbGxveS1jb21tYW5kLW9wdGlvbnMtdjQtaW5kZXBlbmRlbnQtc2VhcmNoLWRvbWFpbjQ6d2lyZTE2OkFORFtzb21lIHRoaXMvQV01OmZhbHNlMTozMTo2MjotMTI6LTEyOi0xMjotMTI6LTFdezM6MTY6NjpzY29wZXNbMDpdezA6fTM0OjIzOmFkZGl0aW9uYWwtZXhhY3Qtc2NvcGVzWzA6XXswOn03MjoxNzpleGVjdXRpb24tb3B0aW9uc1sxMDo0OnRydWUyOjIwMTowMToyMTowNTpzYXQ0ajU6ZmFsc2UyOi0xMTowMTo0XXswOn19|cmVwYWlyZWQtbm9ybWFsLWZvcm0tdjM7dHlwZWQtYWxsb3ktbm9ybWFsLWZvcm0tYWRhcHRlci12MTM=|Y2Fub25pY2FsLWFsbG95LXNpZ25hdHVyZS12OA==|Nzc0OWJjNmZiZWI2NWQ5Njc1YzU5ZWE0MjNkNGEzYTkxNTJkNDE3ODYxZDkxMWRiODA2ZmM0MWU2OTQ0YTZkZQ==|YWxsb3ktY29udGFpbmVyLWxhdy10aGVvcnktdjM=|YjY0Nzk3MTJlNTE4YjVkZmMxM2YxOTg2Njc2OWYzMGFiODFiNDliZDRiYWQ1MDhhMTc1NjkxZmJiMWQwNjMzZg==	THEORY_MISMATCH	U291cmNlLWNvbW1hbmQgZXZpZGVuY2UgbmFtZXMgdW5zdXBwb3J0ZWQgc2VtYW50aWMgaW1wbGVtZW50YXRpb24gdmVyc2lvbnM=
255	boundary	source:6:MODULAR	digest	source	true	6	MODULAR	MzE6YWxsb3ktc291cmNlLWNvbW1hbmQtY29udGV4dC12MVsxMTo1MDphbGxveS1jb21tYW5kLW9wdGlvbnMtdjQtaW5kZXBlbmRlbnQtc2VhcmNoLWRvbWFpbjQ6d2lyZTE2OkFORFtzb21lIHRoaXMvQV01OmZhbHNlMTozMTo2MjotMTI6LTEyOi0xMjotMTI6LTFdezM6MTY6NjpzY29wZXNbMDpdezA6fTM0OjIzOmFkZGl0aW9uYWwtZXhhY3Qtc2NvcGVzWzA6XXswOn03MjoxNzpleGVjdXRpb24tb3B0aW9uc1sxMDo0OnRydWUyOjIwMTowMToyMTowNTpzYXQ0ajU6ZmFsc2UyOi0xMTowMTo0XXswOn19	cmVwYWlyZWQtbm9ybWFsLWZvcm0tdjM7dHlwZWQtYWxsb3ktbm9ybWFsLWZvcm0tYWRhcHRlci12MTM=	Y2Fub25pY2FsLWFsbG95LXNpZ25hdHVyZS12OA==	0000000000000000000000000000000000000000000000000000000000000000	MTY6c2VtYW50aWMtcHJvZmlsZVs1OjE6Njc6TU9EVUxBUjI4NTozMTphbGxveS1zb3VyY2UtY29tbWFuZC1jb250ZXh0LXYxWzExOjUwOmFsbG95LWNvbW1hbmQtb3B0aW9ucy12NC1pbmRlcGVuZGVudC1zZWFyY2gtZG9tYWluNDp3aXJlMTY6QU5EW3NvbWUgdGhpcy9BXTU6ZmFsc2UxOjMxOjYyOi0xMjotMTI6LTEyOi0xMjotMV17MzoxNjo2OnNjb3Blc1swOl17MDp9MzQ6MjM6YWRkaXRpb25hbC1leGFjdC1zY29wZXNbMDpdezA6fTcyOjE3OmV4ZWN1dGlvbi1vcHRpb25zWzEwOjQ6dHJ1ZTI6MjAxOjAxOjIxOjA1OnNhdDRqNTpmYWxzZTI6LTExOjAxOjRdezA6fX01OTpyZXBhaXJlZC1ub3JtYWwtZm9ybS12Mzt0eXBlZC1hbGxveS1ub3JtYWwtZm9ybS1hZGFwdGVyLXYxMzI4OmNhbm9uaWNhbC1hbGxveS1zaWduYXR1cmUtdjhdezA6fQ==	MTY6c2VtYW50aWMtcHJvZmlsZVs1OjE6Njc6TU9EVUxBUjI4NTozMTphbGxveS1zb3VyY2UtY29tbWFuZC1jb250ZXh0LXYxWzExOjUwOmFsbG95LWNvbW1hbmQtb3B0aW9ucy12NC1pbmRlcGVuZGVudC1zZWFyY2gtZG9tYWluNDp3aXJlMTY6QU5EW3NvbWUgdGhpcy9BXTU6ZmFsc2UxOjMxOjYyOi0xMjotMTI6LTEyOi0xMjotMV17MzoxNjo2OnNjb3Blc1swOl17MDp9MzQ6MjM6YWRkaXRpb25hbC1leGFjdC1zY29wZXNbMDpdezA6fTcyOjE3OmV4ZWN1dGlvbi1vcHRpb25zWzEwOjQ6dHJ1ZTI6MjAxOjAxOjIxOjA1OnNhdDRqNTpmYWxzZTI6LTExOjAxOjRdezA6fX01OTpyZXBhaXJlZC1ub3JtYWwtZm9ybS12Mzt0eXBlZC1hbGxveS1ub3JtYWwtZm9ybS1hZGFwdGVyLXYxMzI4OmNhbm9uaWNhbC1hbGxveS1zaWduYXR1cmUtdjhdezA6fQ==	Ng==|TU9EVUxBUg==|MzE6YWxsb3ktc291cmNlLWNvbW1hbmQtY29udGV4dC12MVsxMTo1MDphbGxveS1jb21tYW5kLW9wdGlvbnMtdjQtaW5kZXBlbmRlbnQtc2VhcmNoLWRvbWFpbjQ6d2lyZTE2OkFORFtzb21lIHRoaXMvQV01OmZhbHNlMTozMTo2MjotMTI6LTEyOi0xMjotMTI6LTFdezM6MTY6NjpzY29wZXNbMDpdezA6fTM0OjIzOmFkZGl0aW9uYWwtZXhhY3Qtc2NvcGVzWzA6XXswOn03MjoxNzpleGVjdXRpb24tb3B0aW9uc1sxMDo0OnRydWUyOjIwMTowMToyMTowNTpzYXQ0ajU6ZmFsc2UyOi0xMTowMTo0XXswOn19|cmVwYWlyZWQtbm9ybWFsLWZvcm0tdjM7dHlwZWQtYWxsb3ktbm9ybWFsLWZvcm0tYWRhcHRlci12MTM=|Y2Fub25pY2FsLWFsbG95LXNpZ25hdHVyZS12OA==|Nzc0OWJjNmZiZWI2NWQ5Njc1YzU5ZWE0MjNkNGEzYTkxNTJkNDE3ODYxZDkxMWRiODA2ZmM0MWU2OTQ0YTZkZQ==|YWxsb3ktY29udGFpbmVyLWxhdy10aGVvcnktdjM=|YjY0Nzk3MTJlNTE4YjVkZmMxM2YxOTg2Njc2OWYzMGFiODFiNDliZDRiYWQ1MDhhMTc1NjkxZmJiMWQwNjMzZg==	THEORY_MISMATCH	U291cmNlLWNvbW1hbmQgc2VtYW50aWMgY29udGV4dCBoYXMgYW4gdW5zdXBwb3J0ZWQgdmVyc2lvbg==
256	boundary	source:6:MODULAR	registry-version	source	true	6	MODULAR	MzE6YWxsb3ktc291cmNlLWNvbW1hbmQtY29udGV4dC12MVsxMTo1MDphbGxveS1jb21tYW5kLW9wdGlvbnMtdjQtaW5kZXBlbmRlbnQtc2VhcmNoLWRvbWFpbjQ6d2lyZTE2OkFORFtzb21lIHRoaXMvQV01OmZhbHNlMTozMTo2MjotMTI6LTEyOi0xMjotMTI6LTFdezM6MTY6NjpzY29wZXNbMDpdezA6fTM0OjIzOmFkZGl0aW9uYWwtZXhhY3Qtc2NvcGVzWzA6XXswOn03MjoxNzpleGVjdXRpb24tb3B0aW9uc1sxMDo0OnRydWUyOjIwMTowMToyMTowNTpzYXQ0ajU6ZmFsc2UyOi0xMTowMTo0XXswOn19	cmVwYWlyZWQtbm9ybWFsLWZvcm0tdjM7dHlwZWQtYWxsb3ktbm9ybWFsLWZvcm0tYWRhcHRlci12MTM=	Y2Fub25pY2FsLWFsbG95LXNpZ25hdHVyZS12OA==	7749bc6fbeb65d9675c59ea423d4a3a9152d417861d911db806fc41e6944a6de	MTY6c2VtYW50aWMtcHJvZmlsZVs1OjE6Njc6TU9EVUxBUjI4NTozMTphbGxveS1zb3VyY2UtY29tbWFuZC1jb250ZXh0LXYxWzExOjUwOmFsbG95LWNvbW1hbmQtb3B0aW9ucy12NC1pbmRlcGVuZGVudC1zZWFyY2gtZG9tYWluNDp3aXJlMTY6QU5EW3NvbWUgdGhpcy9BXTU6ZmFsc2UxOjMxOjYyOi0xMjotMTI6LTEyOi0xMjotMV17MzoxNjo2OnNjb3Blc1swOl17MDp9MzQ6MjM6YWRkaXRpb25hbC1leGFjdC1zY29wZXNbMDpdezA6fTcyOjE3OmV4ZWN1dGlvbi1vcHRpb25zWzEwOjQ6dHJ1ZTI6MjAxOjAxOjIxOjA1OnNhdDRqNTpmYWxzZTI6LTExOjAxOjRdezA6fX01OTpyZXBhaXJlZC1ub3JtYWwtZm9ybS12Mzt0eXBlZC1hbGxveS1ub3JtYWwtZm9ybS1hZGFwdGVyLXYxMzI4OmNhbm9uaWNhbC1hbGxveS1zaWduYXR1cmUtdjhdezA6fQ==	MTY6c2VtYW50aWMtcHJvZmlsZVs1OjE6Njc6TU9EVUxBUjI4NTozMTphbGxveS1zb3VyY2UtY29tbWFuZC1jb250ZXh0LXYxWzExOjUwOmFsbG95LWNvbW1hbmQtb3B0aW9ucy12NC1pbmRlcGVuZGVudC1zZWFyY2gtZG9tYWluNDp3aXJlMTY6QU5EW3NvbWUgdGhpcy9BXTU6ZmFsc2UxOjMxOjYyOi0xMjotMTI6LTEyOi0xMjotMV17MzoxNjo2OnNjb3Blc1swOl17MDp9MzQ6MjM6YWRkaXRpb25hbC1leGFjdC1zY29wZXNbMDpdezA6fTcyOjE3OmV4ZWN1dGlvbi1vcHRpb25zWzEwOjQ6dHJ1ZTI6MjAxOjAxOjIxOjA1OnNhdDRqNTpmYWxzZTI6LTExOjAxOjRdezA6fX01OTpyZXBhaXJlZC1ub3JtYWwtZm9ybS12Mzt0eXBlZC1hbGxveS1ub3JtYWwtZm9ybS1hZGFwdGVyLXYxMzI4OmNhbm9uaWNhbC1hbGxveS1zaWduYXR1cmUtdjhdezA6fQ==	Ng==|TU9EVUxBUg==|MzE6YWxsb3ktc291cmNlLWNvbW1hbmQtY29udGV4dC12MVsxMTo1MDphbGxveS1jb21tYW5kLW9wdGlvbnMtdjQtaW5kZXBlbmRlbnQtc2VhcmNoLWRvbWFpbjQ6d2lyZTE2OkFORFtzb21lIHRoaXMvQV01OmZhbHNlMTozMTo2MjotMTI6LTEyOi0xMjotMTI6LTFdezM6MTY6NjpzY29wZXNbMDpdezA6fTM0OjIzOmFkZGl0aW9uYWwtZXhhY3Qtc2NvcGVzWzA6XXswOn03MjoxNzpleGVjdXRpb24tb3B0aW9uc1sxMDo0OnRydWUyOjIwMTowMToyMTowNTpzYXQ0ajU6ZmFsc2UyOi0xMTowMTo0XXswOn19|cmVwYWlyZWQtbm9ybWFsLWZvcm0tdjM7dHlwZWQtYWxsb3ktbm9ybWFsLWZvcm0tYWRhcHRlci12MTM=|Y2Fub25pY2FsLWFsbG95LXNpZ25hdHVyZS12OA==|Nzc0OWJjNmZiZWI2NWQ5Njc1YzU5ZWE0MjNkNGEzYTkxNTJkNDE3ODYxZDkxMWRiODA2ZmM0MWU2OTQ0YTZkZQ==|YWxsb3ktY29udGFpbmVyLWxhdy10aGVvcnktdjM=|YjY0Nzk3MTJlNTE4YjVkZmMxM2YxOTg2Njc2OWYzMGFiODFiNDliZDRiYWQ1MDhhMTc1NjkxZmJiMWQwNjMzZg==	THEORY_MISMATCH	U291cmNlLWNvbW1hbmQgc2VtYW50aWMgY29udGV4dCBoYXMgYW4gdW5zdXBwb3J0ZWQgdmVyc2lvbg==
257	boundary	source:6:MODULAR	registry-digest	source	true	6	MODULAR	MzE6YWxsb3ktc291cmNlLWNvbW1hbmQtY29udGV4dC12MVsxMTo1MDphbGxveS1jb21tYW5kLW9wdGlvbnMtdjQtaW5kZXBlbmRlbnQtc2VhcmNoLWRvbWFpbjQ6d2lyZTE2OkFORFtzb21lIHRoaXMvQV01OmZhbHNlMTozMTo2MjotMTI6LTEyOi0xMjotMTI6LTFdezM6MTY6NjpzY29wZXNbMDpdezA6fTM0OjIzOmFkZGl0aW9uYWwtZXhhY3Qtc2NvcGVzWzA6XXswOn03MjoxNzpleGVjdXRpb24tb3B0aW9uc1sxMDo0OnRydWUyOjIwMTowMToyMTowNTpzYXQ0ajU6ZmFsc2UyOi0xMTowMTo0XXswOn19	cmVwYWlyZWQtbm9ybWFsLWZvcm0tdjM7dHlwZWQtYWxsb3ktbm9ybWFsLWZvcm0tYWRhcHRlci12MTM=	Y2Fub25pY2FsLWFsbG95LXNpZ25hdHVyZS12OA==	7749bc6fbeb65d9675c59ea423d4a3a9152d417861d911db806fc41e6944a6de	MTY6c2VtYW50aWMtcHJvZmlsZVs1OjE6Njc6TU9EVUxBUjI4NTozMTphbGxveS1zb3VyY2UtY29tbWFuZC1jb250ZXh0LXYxWzExOjUwOmFsbG95LWNvbW1hbmQtb3B0aW9ucy12NC1pbmRlcGVuZGVudC1zZWFyY2gtZG9tYWluNDp3aXJlMTY6QU5EW3NvbWUgdGhpcy9BXTU6ZmFsc2UxOjMxOjYyOi0xMjotMTI6LTEyOi0xMjotMV17MzoxNjo2OnNjb3Blc1swOl17MDp9MzQ6MjM6YWRkaXRpb25hbC1leGFjdC1zY29wZXNbMDpdezA6fTcyOjE3OmV4ZWN1dGlvbi1vcHRpb25zWzEwOjQ6dHJ1ZTI6MjAxOjAxOjIxOjA1OnNhdDRqNTpmYWxzZTI6LTExOjAxOjRdezA6fX01OTpyZXBhaXJlZC1ub3JtYWwtZm9ybS12Mzt0eXBlZC1hbGxveS1ub3JtYWwtZm9ybS1hZGFwdGVyLXYxMzI4OmNhbm9uaWNhbC1hbGxveS1zaWduYXR1cmUtdjhdezA6fQ==	MTY6c2VtYW50aWMtcHJvZmlsZVs1OjE6Njc6TU9EVUxBUjI4NTozMTphbGxveS1zb3VyY2UtY29tbWFuZC1jb250ZXh0LXYxWzExOjUwOmFsbG95LWNvbW1hbmQtb3B0aW9ucy12NC1pbmRlcGVuZGVudC1zZWFyY2gtZG9tYWluNDp3aXJlMTY6QU5EW3NvbWUgdGhpcy9BXTU6ZmFsc2UxOjMxOjYyOi0xMjotMTI6LTEyOi0xMjotMV17MzoxNjo2OnNjb3Blc1swOl17MDp9MzQ6MjM6YWRkaXRpb25hbC1leGFjdC1zY29wZXNbMDpdezA6fTcyOjE3OmV4ZWN1dGlvbi1vcHRpb25zWzEwOjQ6dHJ1ZTI6MjAxOjAxOjIxOjA1OnNhdDRqNTpmYWxzZTI6LTExOjAxOjRdezA6fX01OTpyZXBhaXJlZC1ub3JtYWwtZm9ybS12Mzt0eXBlZC1hbGxveS1ub3JtYWwtZm9ybS1hZGFwdGVyLXYxMzI4OmNhbm9uaWNhbC1hbGxveS1zaWduYXR1cmUtdjhdezA6fQ==	Ng==|TU9EVUxBUg==|MzE6YWxsb3ktc291cmNlLWNvbW1hbmQtY29udGV4dC12MVsxMTo1MDphbGxveS1jb21tYW5kLW9wdGlvbnMtdjQtaW5kZXBlbmRlbnQtc2VhcmNoLWRvbWFpbjQ6d2lyZTE2OkFORFtzb21lIHRoaXMvQV01OmZhbHNlMTozMTo2MjotMTI6LTEyOi0xMjotMTI6LTFdezM6MTY6NjpzY29wZXNbMDpdezA6fTM0OjIzOmFkZGl0aW9uYWwtZXhhY3Qtc2NvcGVzWzA6XXswOn03MjoxNzpleGVjdXRpb24tb3B0aW9uc1sxMDo0OnRydWUyOjIwMTowMToyMTowNTpzYXQ0ajU6ZmFsc2UyOi0xMTowMTo0XXswOn19|cmVwYWlyZWQtbm9ybWFsLWZvcm0tdjM7dHlwZWQtYWxsb3ktbm9ybWFsLWZvcm0tYWRhcHRlci12MTM=|Y2Fub25pY2FsLWFsbG95LXNpZ25hdHVyZS12OA==|Nzc0OWJjNmZiZWI2NWQ5Njc1YzU5ZWE0MjNkNGEzYTkxNTJkNDE3ODYxZDkxMWRiODA2ZmM0MWU2OTQ0YTZkZQ==|YWxsb3ktY29udGFpbmVyLWxhdy10aGVvcnktdjM=|YjY0Nzk3MTJlNTE4YjVkZmMxM2YxOTg2Njc2OWYzMGFiODFiNDliZDRiYWQ1MDhhMTc1NjkxZmJiMWQwNjMzZg==	THEORY_MISMATCH	U291cmNlLWNvbW1hbmQgc2VtYW50aWMgY29udGV4dCBoYXMgYW4gdW5zdXBwb3J0ZWQgdmVyc2lvbg==
258	boundary	source:6:MODULAR	publication	source	false	6	MODULAR	MzE6YWxsb3ktc291cmNlLWNvbW1hbmQtY29udGV4dC12MVsxMTo1MDphbGxveS1jb21tYW5kLW9wdGlvbnMtdjQtaW5kZXBlbmRlbnQtc2VhcmNoLWRvbWFpbjQ6d2lyZTE2OkFORFtzb21lIHRoaXMvQV01OmZhbHNlMTozMTo2MjotMTI6LTEyOi0xMjotMTI6LTFdezM6MTY6NjpzY29wZXNbMDpdezA6fTM0OjIzOmFkZGl0aW9uYWwtZXhhY3Qtc2NvcGVzWzA6XXswOn03MjoxNzpleGVjdXRpb24tb3B0aW9uc1sxMDo0OnRydWUyOjIwMTowMToyMTowNTpzYXQ0ajU6ZmFsc2UyOi0xMTowMTo0XXswOn19	cmVwYWlyZWQtbm9ybWFsLWZvcm0tdjM7dHlwZWQtYWxsb3ktbm9ybWFsLWZvcm0tYWRhcHRlci12MTM=	Y2Fub25pY2FsLWFsbG95LXNpZ25hdHVyZS12OA==	7749bc6fbeb65d9675c59ea423d4a3a9152d417861d911db806fc41e6944a6de	MTY6c2VtYW50aWMtcHJvZmlsZVs1OjE6Njc6TU9EVUxBUjI4NTozMTphbGxveS1zb3VyY2UtY29tbWFuZC1jb250ZXh0LXYxWzExOjUwOmFsbG95LWNvbW1hbmQtb3B0aW9ucy12NC1pbmRlcGVuZGVudC1zZWFyY2gtZG9tYWluNDp3aXJlMTY6QU5EW3NvbWUgdGhpcy9BXTU6ZmFsc2UxOjMxOjYyOi0xMjotMTI6LTEyOi0xMjotMV17MzoxNjo2OnNjb3Blc1swOl17MDp9MzQ6MjM6YWRkaXRpb25hbC1leGFjdC1zY29wZXNbMDpdezA6fTcyOjE3OmV4ZWN1dGlvbi1vcHRpb25zWzEwOjQ6dHJ1ZTI6MjAxOjAxOjIxOjA1OnNhdDRqNTpmYWxzZTI6LTExOjAxOjRdezA6fX01OTpyZXBhaXJlZC1ub3JtYWwtZm9ybS12Mzt0eXBlZC1hbGxveS1ub3JtYWwtZm9ybS1hZGFwdGVyLXYxMzI4OmNhbm9uaWNhbC1hbGxveS1zaWduYXR1cmUtdjhdezA6fQ==	MTY6c2VtYW50aWMtcHJvZmlsZVs1OjE6Njc6TU9EVUxBUjI4NTozMTphbGxveS1zb3VyY2UtY29tbWFuZC1jb250ZXh0LXYxWzExOjUwOmFsbG95LWNvbW1hbmQtb3B0aW9ucy12NC1pbmRlcGVuZGVudC1zZWFyY2gtZG9tYWluNDp3aXJlMTY6QU5EW3NvbWUgdGhpcy9BXTU6ZmFsc2UxOjMxOjYyOi0xMjotMTI6LTEyOi0xMjotMV17MzoxNjo2OnNjb3Blc1swOl17MDp9MzQ6MjM6YWRkaXRpb25hbC1leGFjdC1zY29wZXNbMDpdezA6fTcyOjE3OmV4ZWN1dGlvbi1vcHRpb25zWzEwOjQ6dHJ1ZTI6MjAxOjAxOjIxOjA1OnNhdDRqNTpmYWxzZTI6LTExOjAxOjRdezA6fX01OTpyZXBhaXJlZC1ub3JtYWwtZm9ybS12Mzt0eXBlZC1hbGxveS1ub3JtYWwtZm9ybS1hZGFwdGVyLXYxMzI4OmNhbm9uaWNhbC1hbGxveS1zaWduYXR1cmUtdjhdezA6fQ==	Ng==|TU9EVUxBUg==|MzE6YWxsb3ktc291cmNlLWNvbW1hbmQtY29udGV4dC12MVsxMTo1MDphbGxveS1jb21tYW5kLW9wdGlvbnMtdjQtaW5kZXBlbmRlbnQtc2VhcmNoLWRvbWFpbjQ6d2lyZTE2OkFORFtzb21lIHRoaXMvQV01OmZhbHNlMTozMTo2MjotMTI6LTEyOi0xMjotMTI6LTFdezM6MTY6NjpzY29wZXNbMDpdezA6fTM0OjIzOmFkZGl0aW9uYWwtZXhhY3Qtc2NvcGVzWzA6XXswOn03MjoxNzpleGVjdXRpb24tb3B0aW9uc1sxMDo0OnRydWUyOjIwMTowMToyMTowNTpzYXQ0ajU6ZmFsc2UyOi0xMTowMTo0XXswOn19|cmVwYWlyZWQtbm9ybWFsLWZvcm0tdjM7dHlwZWQtYWxsb3ktbm9ybWFsLWZvcm0tYWRhcHRlci12MTM=|Y2Fub25pY2FsLWFsbG95LXNpZ25hdHVyZS12OA==|Nzc0OWJjNmZiZWI2NWQ5Njc1YzU5ZWE0MjNkNGEzYTkxNTJkNDE3ODYxZDkxMWRiODA2ZmM0MWU2OTQ0YTZkZQ==|YWxsb3ktY29udGFpbmVyLWxhdy10aGVvcnktdjM=|YjY0Nzk3MTJlNTE4YjVkZmMxM2YxOTg2Njc2OWYzMGFiODFiNDliZDRiYWQ1MDhhMTc1NjkxZmJiMWQwNjMzZg==	THEORY_MISMATCH	U291cmNlLWNvbW1hbmQgc2VtYW50aWMgY29udGV4dCBoYXMgYW4gdW5zdXBwb3J0ZWQgdmVyc2lvbg==
259	clone	source:6:MODULAR	same-spelling	custom	true	6	MODULAR	MzE6YWxsb3ktc291cmNlLWNvbW1hbmQtY29udGV4dC12MVsxMTo1MDphbGxveS1jb21tYW5kLW9wdGlvbnMtdjQtaW5kZXBlbmRlbnQtc2VhcmNoLWRvbWFpbjQ6d2lyZTE2OkFORFtzb21lIHRoaXMvQV01OmZhbHNlMTozMTo2MjotMTI6LTEyOi0xMjotMTI6LTFdezM6MTY6NjpzY29wZXNbMDpdezA6fTM0OjIzOmFkZGl0aW9uYWwtZXhhY3Qtc2NvcGVzWzA6XXswOn03MjoxNzpleGVjdXRpb24tb3B0aW9uc1sxMDo0OnRydWUyOjIwMTowMToyMTowNTpzYXQ0ajU6ZmFsc2UyOi0xMTowMTo0XXswOn19	cmVwYWlyZWQtbm9ybWFsLWZvcm0tdjM7dHlwZWQtYWxsb3ktbm9ybWFsLWZvcm0tYWRhcHRlci12MTM=	Y2Fub25pY2FsLWFsbG95LXNpZ25hdHVyZS12OA==	7749bc6fbeb65d9675c59ea423d4a3a9152d417861d911db806fc41e6944a6de	MTY6c2VtYW50aWMtcHJvZmlsZVs1OjE6Njc6TU9EVUxBUjI4NTozMTphbGxveS1zb3VyY2UtY29tbWFuZC1jb250ZXh0LXYxWzExOjUwOmFsbG95LWNvbW1hbmQtb3B0aW9ucy12NC1pbmRlcGVuZGVudC1zZWFyY2gtZG9tYWluNDp3aXJlMTY6QU5EW3NvbWUgdGhpcy9BXTU6ZmFsc2UxOjMxOjYyOi0xMjotMTI6LTEyOi0xMjotMV17MzoxNjo2OnNjb3Blc1swOl17MDp9MzQ6MjM6YWRkaXRpb25hbC1leGFjdC1zY29wZXNbMDpdezA6fTcyOjE3OmV4ZWN1dGlvbi1vcHRpb25zWzEwOjQ6dHJ1ZTI6MjAxOjAxOjIxOjA1OnNhdDRqNTpmYWxzZTI6LTExOjAxOjRdezA6fX01OTpyZXBhaXJlZC1ub3JtYWwtZm9ybS12Mzt0eXBlZC1hbGxveS1ub3JtYWwtZm9ybS1hZGFwdGVyLXYxMzI4OmNhbm9uaWNhbC1hbGxveS1zaWduYXR1cmUtdjhdezA6fQ==	MTY6c2VtYW50aWMtcHJvZmlsZVs1OjE6Njc6TU9EVUxBUjI4NTozMTphbGxveS1zb3VyY2UtY29tbWFuZC1jb250ZXh0LXYxWzExOjUwOmFsbG95LWNvbW1hbmQtb3B0aW9ucy12NC1pbmRlcGVuZGVudC1zZWFyY2gtZG9tYWluNDp3aXJlMTY6QU5EW3NvbWUgdGhpcy9BXTU6ZmFsc2UxOjMxOjYyOi0xMjotMTI6LTEyOi0xMjotMV17MzoxNjo2OnNjb3Blc1swOl17MDp9MzQ6MjM6YWRkaXRpb25hbC1leGFjdC1zY29wZXNbMDpdezA6fTcyOjE3OmV4ZWN1dGlvbi1vcHRpb25zWzEwOjQ6dHJ1ZTI6MjAxOjAxOjIxOjA1OnNhdDRqNTpmYWxzZTI6LTExOjAxOjRdezA6fX01OTpyZXBhaXJlZC1ub3JtYWwtZm9ybS12Mzt0eXBlZC1hbGxveS1ub3JtYWwtZm9ybS1hZGFwdGVyLXYxMzI4OmNhbm9uaWNhbC1hbGxveS1zaWduYXR1cmUtdjhdezA6fQ==	Ng==|TU9EVUxBUg==|MzE6YWxsb3ktc291cmNlLWNvbW1hbmQtY29udGV4dC12MVsxMTo1MDphbGxveS1jb21tYW5kLW9wdGlvbnMtdjQtaW5kZXBlbmRlbnQtc2VhcmNoLWRvbWFpbjQ6d2lyZTE2OkFORFtzb21lIHRoaXMvQV01OmZhbHNlMTozMTo2MjotMTI6LTEyOi0xMjotMTI6LTFdezM6MTY6NjpzY29wZXNbMDpdezA6fTM0OjIzOmFkZGl0aW9uYWwtZXhhY3Qtc2NvcGVzWzA6XXswOn03MjoxNzpleGVjdXRpb24tb3B0aW9uc1sxMDo0OnRydWUyOjIwMTowMToyMTowNTpzYXQ0ajU6ZmFsc2UyOi0xMTowMTo0XXswOn19|cmVwYWlyZWQtbm9ybWFsLWZvcm0tdjM7dHlwZWQtYWxsb3ktbm9ybWFsLWZvcm0tYWRhcHRlci12MTM=|Y2Fub25pY2FsLWFsbG95LXNpZ25hdHVyZS12OA==|Nzc0OWJjNmZiZWI2NWQ5Njc1YzU5ZWE0MjNkNGEzYTkxNTJkNDE3ODYxZDkxMWRiODA2ZmM0MWU2OTQ0YTZkZQ==|YWxsb3ktY29udGFpbmVyLWxhdy10aGVvcnktdjM=|YjY0Nzk3MTJlNTE4YjVkZmMxM2YxOTg2Njc2OWYzMGFiODFiNDliZDRiYWQ1MDhhMTc1NjkxZmJiMWQwNjMzZg==	AUTHORITY_REJECT	
