relativePath,problemClass,statusFolder,distance,candidateReward,groundTruthReward,rewardGap
classroom_fol/BOTH/parsed-file1003_inv11.als,classroom_fol,BOTH,36.0,0.801,1.0,0.199
classroom_fol/BOTH/parsed-file1007_inv14.als,classroom_fol,BOTH,23.0,0.449,1.0,0.551
classroom_fol/BOTH/parsed-file1008_inv12.als,classroom_fol,BOTH,12.0,0.0,1.0,1.0
classroom_fol/BOTH/parsed-file1012_inv14.als,classroom_fol,BOTH,33.0,0.273,1.0,0.727
classroom_fol/BOTH/parsed-file1013_inv14.als,classroom_fol,BOTH,41.0,0.023,1.0,0.977
classroom_fol/BOTH/parsed-file1014_inv9.als,classroom_fol,BOTH,26.0,0.0,1.0,1.0
classroom_fol/BOTH/parsed-file1015_inv11.als,classroom_fol,BOTH,19.0,0.096,1.0,0.904
classroom_fol/BOTH/parsed-file1024_inv10.als,classroom_fol,BOTH,29.0,0.05,1.0,0.95
classroom_fol/BOTH/parsed-file1027_inv11.als,classroom_fol,BOTH,20.0,0.081,1.0,0.919
classroom_fol/BOTH/parsed-file1034_inv12.als,classroom_fol,BOTH,35.0,0.953,1.0,0.047
classroom_fol/BOTH/parsed-file1035_inv14.als,classroom_fol,BOTH,41.0,0.01,1.0,0.99
classroom_fol/BOTH/parsed-file1043_inv12.als,classroom_fol,BOTH,38.0,0.167,1.0,0.833
classroom_fol/BOTH/parsed-file1044_inv8.als,classroom_fol,BOTH,26.0,0.0,1.0,1.0
classroom_fol/BOTH/parsed-file1053_inv11.als,classroom_fol,BOTH,22.0,0.001,1.0,0.999
classroom_fol/BOTH/parsed-file1053_inv12.als,classroom_fol,BOTH,6.0,0.0,1.0,1.0
classroom_fol/BOTH/parsed-file1058_inv14.als,classroom_fol,BOTH,37.0,0.273,1.0,0.727
classroom_fol/BOTH/parsed-file1062_inv11.als,classroom_fol,BOTH,36.0,0.801,1.0,0.199
classroom_fol/BOTH/parsed-file1065_inv14.als,classroom_fol,BOTH,60.0,0.44,1.0,0.56
classroom_fol/BOTH/parsed-file1067_inv14.als,classroom_fol,BOTH,16.0,0.474,1.0,0.526
classroom_fol/BOTH/parsed-file1069_inv10.als,classroom_fol,BOTH,20.0,0.0,1.0,1.0
classroom_fol/BOTH/parsed-file1072_inv14.als,classroom_fol,BOTH,38.0,0.235,1.0,0.765
classroom_fol/BOTH/parsed-file1073_inv14.als,classroom_fol,BOTH,41.0,0.377,1.0,0.623
classroom_fol/BOTH/parsed-file1079_inv15.als,classroom_fol,BOTH,26.0,0.0,1.0,1.0
classroom_fol/BOTH/parsed-file107_inv12.als,classroom_fol,BOTH,18.0,0.147,1.0,0.853
classroom_fol/BOTH/parsed-file1081_inv13.als,classroom_fol,BOTH,21.0,0.047,1.0,0.953
classroom_fol/BOTH/parsed-file1087_inv14.als,classroom_fol,BOTH,29.0,0.219,1.0,0.781
classroom_fol/BOTH/parsed-file1088_inv14.als,classroom_fol,BOTH,56.0,0.291,1.0,0.709
classroom_fol/BOTH/parsed-file108_inv14.als,classroom_fol,BOTH,41.0,0.261,1.0,0.739
classroom_fol/BOTH/parsed-file1090_inv9.als,classroom_fol,BOTH,26.0,0.0,1.0,1.0
classroom_fol/BOTH/parsed-file1103_inv14.als,classroom_fol,BOTH,37.0,0.008,1.0,0.992
classroom_fol/BOTH/parsed-file1106_inv13.als,classroom_fol,BOTH,19.0,0.47,1.0,0.53
classroom_fol/BOTH/parsed-file1108_inv15.als,classroom_fol,BOTH,26.0,0.0,1.0,1.0
classroom_fol/BOTH/parsed-file1109_inv13.als,classroom_fol,BOTH,25.0,0.001,1.0,0.999
classroom_fol/BOTH/parsed-file1117_inv1.als,classroom_fol,BOTH,10.0,0.0,1.0,1.0
classroom_fol/BOTH/parsed-file1130_inv4.als,classroom_fol,BOTH,3.0,0.999,1.0,0.001
classroom_fol/BOTH/parsed-file1139_inv14.als,classroom_fol,BOTH,28.0,0.216,1.0,0.784
classroom_fol/BOTH/parsed-file1149_inv14.als,classroom_fol,BOTH,41.0,0.273,1.0,0.727
classroom_fol/BOTH/parsed-file1150_inv11.als,classroom_fol,BOTH,20.0,0.081,1.0,0.919
classroom_fol/BOTH/parsed-file1168_inv11.als,classroom_fol,BOTH,34.0,0.181,1.0,0.819
classroom_fol/BOTH/parsed-file1171_inv13.als,classroom_fol,BOTH,32.0,0.001,1.0,0.999
classroom_fol/BOTH/parsed-file1172_inv15.als,classroom_fol,BOTH,20.0,0.0,1.0,1.0
classroom_fol/BOTH/parsed-file1173_inv12.als,classroom_fol,BOTH,10.0,0.0,1.0,1.0
classroom_fol/BOTH/parsed-file1174_inv15.als,classroom_fol,BOTH,26.0,0.0,1.0,1.0
classroom_fol/BOTH/parsed-file1175_inv13.als,classroom_fol,BOTH,14.0,0.47,1.0,0.53
classroom_fol/BOTH/parsed-file1176_inv11.als,classroom_fol,BOTH,10.0,0.08,1.0,0.92
classroom_fol/BOTH/parsed-file1180_inv12.als,classroom_fol,BOTH,22.0,0.024,1.0,0.976
classroom_fol/BOTH/parsed-file1182_inv12.als,classroom_fol,BOTH,13.0,0.001,1.0,0.999
classroom_fol/BOTH/parsed-file1183_inv8.als,classroom_fol,BOTH,26.0,0.0,1.0,1.0
classroom_fol/BOTH/parsed-file1187_inv11.als,classroom_fol,BOTH,22.0,0.001,1.0,0.999
classroom_fol/BOTH/parsed-file1188_inv15.als,classroom_fol,BOTH,15.0,0.0,1.0,1.0
classroom_fol/BOTH/parsed-file1189_inv9.als,classroom_fol,BOTH,13.0,0.228,1.0,0.772
classroom_fol/BOTH/parsed-file118_inv15.als,classroom_fol,BOTH,40.0,0.0,1.0,1.0
classroom_fol/BOTH/parsed-file1190_inv9.als,classroom_fol,BOTH,13.0,0.273,1.0,0.727
classroom_fol/BOTH/parsed-file1198_inv13.als,classroom_fol,BOTH,24.0,0.0,1.0,1.0
classroom_fol/BOTH/parsed-file1204_inv12.als,classroom_fol,BOTH,10.0,0.0,1.0,1.0
classroom_fol/BOTH/parsed-file1206_inv11.als,classroom_fol,BOTH,37.0,0.001,1.0,0.999
classroom_fol/BOTH/parsed-file1207_inv14.als,classroom_fol,BOTH,40.0,0.302,1.0,0.698
classroom_fol/BOTH/parsed-file1209_inv12.als,classroom_fol,BOTH,21.0,0.016,1.0,0.984
classroom_fol/BOTH/parsed-file1209_inv13.als,classroom_fol,BOTH,16.0,0.001,1.0,0.999
classroom_fol/BOTH/parsed-file1211_inv12.als,classroom_fol,BOTH,13.0,1.0,1.0,0.0
classroom_fol/BOTH/parsed-file1212_inv14.als,classroom_fol,BOTH,38.0,0.284,1.0,0.717
classroom_fol/BOTH/parsed-file1214_inv11.als,classroom_fol,BOTH,20.0,0.081,1.0,0.919
classroom_fol/BOTH/parsed-file1216_inv12.als,classroom_fol,BOTH,13.0,0.182,1.0,0.818
classroom_fol/BOTH/parsed-file1217_inv11.als,classroom_fol,BOTH,20.0,0.001,1.0,0.999
classroom_fol/BOTH/parsed-file1219_inv15.als,classroom_fol,BOTH,32.0,0.746,1.0,0.254
classroom_fol/BOTH/parsed-file1224_inv11.als,classroom_fol,BOTH,30.0,0.016,1.0,0.984
classroom_fol/BOTH/parsed-file122_inv13.als,classroom_fol,BOTH,23.0,0.075,1.0,0.925
classroom_fol/BOTH/parsed-file1230_inv8.als,classroom_fol,BOTH,30.0,0.0,1.0,1.0
classroom_fol/BOTH/parsed-file1234_inv11.als,classroom_fol,BOTH,19.0,0.688,1.0,0.312
classroom_fol/BOTH/parsed-file123_inv5.als,classroom_fol,BOTH,19.0,0.298,1.0,0.702
classroom_fol/BOTH/parsed-file1240_inv12.als,classroom_fol,BOTH,24.0,0.017,1.0,0.983
classroom_fol/BOTH/parsed-file1244_inv14.als,classroom_fol,BOTH,44.0,0.388,1.0,0.612
classroom_fol/BOTH/parsed-file124_inv14.als,classroom_fol,BOTH,56.0,0.36,1.0,0.64
classroom_fol/BOTH/parsed-file1251_inv12.als,classroom_fol,BOTH,30.0,0.001,1.0,0.999
classroom_fol/BOTH/parsed-file1252_inv15.als,classroom_fol,BOTH,29.0,0.0,1.0,1.0
classroom_fol/BOTH/parsed-file1254_inv8.als,classroom_fol,BOTH,8.0,0.0,1.0,1.0
classroom_fol/BOTH/parsed-file1257_inv13.als,classroom_fol,BOTH,19.0,0.47,1.0,0.53
classroom_fol/BOTH/parsed-file1258_inv14.als,classroom_fol,BOTH,56.0,0.36,1.0,0.64
classroom_fol/BOTH/parsed-file1259_inv14.als,classroom_fol,BOTH,58.0,0.13,1.0,0.87
classroom_fol/BOTH/parsed-file125_inv12.als,classroom_fol,BOTH,28.0,0.0,1.0,1.0
classroom_fol/BOTH/parsed-file1264_inv12.als,classroom_fol,BOTH,43.0,0.001,1.0,0.999
classroom_fol/BOTH/parsed-file1277_inv3.als,classroom_fol,BOTH,10.0,0.0,1.0,1.0
classroom_fol/BOTH/parsed-file1278_inv11.als,classroom_fol,BOTH,14.0,0.261,1.0,0.739
classroom_fol/BOTH/parsed-file1280_inv4.als,classroom_fol,BOTH,15.0,0.0,1.0,1.0
classroom_fol/BOTH/parsed-file1284_inv14.als,classroom_fol,BOTH,65.0,0.002,1.0,0.998
classroom_fol/BOTH/parsed-file1290_inv6.als,classroom_fol,BOTH,18.0,0.298,1.0,0.702
classroom_fol/BOTH/parsed-file1291_inv13.als,classroom_fol,BOTH,24.0,0.063,1.0,0.937
classroom_fol/BOTH/parsed-file1297_inv15.als,classroom_fol,BOTH,37.0,0.746,1.0,0.254
classroom_fol/BOTH/parsed-file1299_inv11.als,classroom_fol,BOTH,28.0,0.001,1.0,0.999
classroom_fol/BOTH/parsed-file1300_inv14.als,classroom_fol,BOTH,54.0,0.102,1.0,0.898
classroom_fol/BOTH/parsed-file1302_inv12.als,classroom_fol,BOTH,6.0,0.317,1.0,0.683
classroom_fol/BOTH/parsed-file1305_inv13.als,classroom_fol,BOTH,14.0,0.001,1.0,0.999
classroom_fol/BOTH/parsed-file1307_inv11.als,classroom_fol,BOTH,30.0,0.0,1.0,1.0
classroom_fol/BOTH/parsed-file1309_inv4.als,classroom_fol,BOTH,20.0,0.0,1.0,1.0
classroom_fol/BOTH/parsed-file1313_inv10.als,classroom_fol,BOTH,12.0,0.0,1.0,1.0
classroom_fol/BOTH/parsed-file1314_inv14.als,classroom_fol,BOTH,30.0,0.267,1.0,0.733
classroom_fol/BOTH/parsed-file1315_inv14.als,classroom_fol,BOTH,29.0,0.187,1.0,0.813
classroom_fol/BOTH/parsed-file1323_inv14.als,classroom_fol,BOTH,24.0,0.267,1.0,0.733
classroom_fol/BOTH/parsed-file1326_inv11.als,classroom_fol,BOTH,30.0,0.001,1.0,0.999
classroom_fol/BOTH/parsed-file1339_inv14.als,classroom_fol,BOTH,65.0,0.002,1.0,0.998
classroom_fol/BOTH/parsed-file1343_inv11.als,classroom_fol,BOTH,31.0,0.361,1.0,0.639
classroom_fol/BOTH/parsed-file1344_inv8.als,classroom_fol,BOTH,26.0,0.0,1.0,1.0
classroom_fol/BOTH/parsed-file1347_inv11.als,classroom_fol,BOTH,30.0,0.111,1.0,0.889
classroom_fol/BOTH/parsed-file1350_inv10.als,classroom_fol,BOTH,23.0,1.0,1.0,0.0
classroom_fol/BOTH/parsed-file1353_inv14.als,classroom_fol,BOTH,44.0,0.291,1.0,0.709
classroom_fol/BOTH/parsed-file1364_inv11.als,classroom_fol,BOTH,9.0,0.0,1.0,1.0
classroom_fol/BOTH/parsed-file1366_inv11.als,classroom_fol,BOTH,13.0,0.001,1.0,0.999
classroom_fol/BOTH/parsed-file1370_inv5.als,classroom_fol,BOTH,19.0,0.298,1.0,0.702
classroom_fol/BOTH/parsed-file1371_inv5.als,classroom_fol,BOTH,19.0,0.999,1.0,0.001
classroom_fol/BOTH/parsed-file1372_inv11.als,classroom_fol,BOTH,10.0,0.0,1.0,1.0
classroom_fol/BOTH/parsed-file137_inv5.als,classroom_fol,BOTH,8.0,0.017,1.0,0.983
classroom_fol/BOTH/parsed-file1383_inv15.als,classroom_fol,BOTH,17.0,0.0,1.0,1.0
classroom_fol/BOTH/parsed-file1387_inv8.als,classroom_fol,BOTH,11.0,0.0,1.0,1.0
classroom_fol/BOTH/parsed-file1388_inv11.als,classroom_fol,BOTH,37.0,0.081,1.0,0.919
classroom_fol/BOTH/parsed-file1392_inv15.als,classroom_fol,BOTH,32.0,0.0,1.0,1.0
classroom_fol/BOTH/parsed-file1395_inv14.als,classroom_fol,BOTH,31.0,0.084,1.0,0.916
classroom_fol/BOTH/parsed-file1409_inv12.als,classroom_fol,BOTH,16.0,0.032,1.0,0.968
classroom_fol/BOTH/parsed-file1410_inv12.als,classroom_fol,BOTH,16.0,0.217,1.0,0.783
classroom_fol/BOTH/parsed-file1413_inv4.als,classroom_fol,BOTH,12.0,0.999,1.0,0.001
classroom_fol/BOTH/parsed-file1415_inv12.als,classroom_fol,BOTH,23.0,0.017,1.0,0.983
classroom_fol/BOTH/parsed-file1419_inv15.als,classroom_fol,BOTH,21.0,0.249,1.0,0.751
classroom_fol/BOTH/parsed-file141_inv14.als,classroom_fol,BOTH,34.0,0.084,1.0,0.916
classroom_fol/BOTH/parsed-file142_inv14.als,classroom_fol,BOTH,49.0,0.364,1.0,0.636
classroom_fol/BOTH/parsed-file1434_inv13.als,classroom_fol,BOTH,17.0,0.502,1.0,0.498
classroom_fol/BOTH/parsed-file1435_inv15.als,classroom_fol,BOTH,56.0,0.001,1.0,0.999
classroom_fol/BOTH/parsed-file1438_inv14.als,classroom_fol,BOTH,55.0,0.279,1.0,0.721
classroom_fol/BOTH/parsed-file143_inv6.als,classroom_fol,BOTH,18.0,0.298,1.0,0.702
classroom_fol/BOTH/parsed-file1449_inv6.als,classroom_fol,BOTH,18.0,0.0,1.0,1.0
classroom_fol/BOTH/parsed-file1458_inv14.als,classroom_fol,BOTH,41.0,0.0,1.0,1.0
classroom_fol/BOTH/parsed-file1459_inv12.als,classroom_fol,BOTH,22.0,0.024,1.0,0.976
classroom_fol/BOTH/parsed-file1460_inv11.als,classroom_fol,BOTH,10.0,0.0,1.0,1.0
classroom_fol/BOTH/parsed-file1468_inv5.als,classroom_fol,BOTH,19.0,0.701,1.0,0.299
classroom_fol/BOTH/parsed-file1472_inv14.als,classroom_fol,BOTH,41.0,0.0,1.0,1.0
classroom_fol/BOTH/parsed-file1481_inv5.als,classroom_fol,BOTH,5.0,0.0,1.0,1.0
classroom_fol/BOTH/parsed-file1488_inv4.als,classroom_fol,BOTH,12.0,0.999,1.0,0.001
classroom_fol/BOTH/parsed-file1494_inv14.als,classroom_fol,BOTH,28.0,0.492,1.0,0.508
classroom_fol/BOTH/parsed-file1498_inv11.als,classroom_fol,BOTH,30.0,0.898,1.0,0.102
classroom_fol/BOTH/parsed-file1505_inv14.als,classroom_fol,BOTH,50.0,0.115,1.0,0.885
classroom_fol/BOTH/parsed-file150_inv12.als,classroom_fol,BOTH,22.0,0.0,1.0,1.0
classroom_fol/BOTH/parsed-file1510_inv11.als,classroom_fol,BOTH,24.0,0.016,1.0,0.984
classroom_fol/BOTH/parsed-file1512_inv14.als,classroom_fol,BOTH,44.0,0.388,1.0,0.612
classroom_fol/BOTH/parsed-file1513_inv14.als,classroom_fol,BOTH,57.0,0.304,1.0,0.696
classroom_fol/BOTH/parsed-file151_inv13.als,classroom_fol,BOTH,19.0,0.47,1.0,0.53
classroom_fol/BOTH/parsed-file1523_inv4.als,classroom_fol,BOTH,14.0,0.0,1.0,1.0
classroom_fol/BOTH/parsed-file1525_inv9.als,classroom_fol,BOTH,15.0,0.111,1.0,0.889
classroom_fol/BOTH/parsed-file1534_inv11.als,classroom_fol,BOTH,19.0,0.706,1.0,0.294
classroom_fol/BOTH/parsed-file1537_inv12.als,classroom_fol,BOTH,13.0,0.001,1.0,0.999
classroom_fol/BOTH/parsed-file1537_inv13.als,classroom_fol,BOTH,24.0,0.0,1.0,1.0
classroom_fol/BOTH/parsed-file1546_inv12.als,classroom_fol,BOTH,24.0,0.017,1.0,0.983
classroom_fol/BOTH/parsed-file1554_inv11.als,classroom_fol,BOTH,35.0,0.096,1.0,0.904
classroom_fol/BOTH/parsed-file1557_inv15.als,classroom_fol,BOTH,61.0,0.746,1.0,0.254
classroom_fol/BOTH/parsed-file1559_inv14.als,classroom_fol,BOTH,38.0,0.002,1.0,0.998
classroom_fol/BOTH/parsed-file1567_inv6.als,classroom_fol,BOTH,4.0,0.0,1.0,1.0
classroom_fol/BOTH/parsed-file1569_inv13.als,classroom_fol,BOTH,19.0,0.47,1.0,0.53
classroom_fol/BOTH/parsed-file1579_inv12.als,classroom_fol,BOTH,13.0,0.165,1.0,0.835
classroom_fol/BOTH/parsed-file1590_inv14.als,classroom_fol,BOTH,57.0,0.024,1.0,0.976
classroom_fol/BOTH/parsed-file1597_inv11.als,classroom_fol,BOTH,17.0,0.0,1.0,1.0
classroom_fol/BOTH/parsed-file1599_inv14.als,classroom_fol,BOTH,38.0,0.286,1.0,0.714
classroom_fol/BOTH/parsed-file1600_inv11.als,classroom_fol,BOTH,13.0,0.307,1.0,0.693
classroom_fol/BOTH/parsed-file1604_inv11.als,classroom_fol,BOTH,24.0,0.261,1.0,0.739
classroom_fol/BOTH/parsed-file1606_inv14.als,classroom_fol,BOTH,38.0,0.291,1.0,0.709
classroom_fol/BOTH/parsed-file1610_inv12.als,classroom_fol,BOTH,42.0,0.0,1.0,1.0
classroom_fol/BOTH/parsed-file1612_inv12.als,classroom_fol,BOTH,36.0,0.182,1.0,0.818
classroom_fol/BOTH/parsed-file1615_inv15.als,classroom_fol,BOTH,40.0,0.0,1.0,1.0
classroom_fol/BOTH/parsed-file1618_inv12.als,classroom_fol,BOTH,5.0,0.017,1.0,0.983
classroom_fol/BOTH/parsed-file1627_inv11.als,classroom_fol,BOTH,24.0,0.001,1.0,0.999
classroom_fol/BOTH/parsed-file1633_inv5.als,classroom_fol,BOTH,19.0,0.999,1.0,0.001
classroom_fol/BOTH/parsed-file1636_inv12.als,classroom_fol,BOTH,16.0,0.023,1.0,0.977
classroom_fol/BOTH/parsed-file1647_inv14.als,classroom_fol,BOTH,48.0,0.57,1.0,0.43
classroom_fol/BOTH/parsed-file1650_inv11.als,classroom_fol,BOTH,30.0,0.0,1.0,1.0
classroom_fol/BOTH/parsed-file1653_inv11.als,classroom_fol,BOTH,37.0,0.0,1.0,1.0
classroom_fol/BOTH/parsed-file1655_inv12.als,classroom_fol,BOTH,19.0,0.0,1.0,1.0
classroom_fol/BOTH/parsed-file1660_inv14.als,classroom_fol,BOTH,45.0,0.377,1.0,0.623
classroom_fol/BOTH/parsed-file1663_inv8.als,classroom_fol,BOTH,26.0,0.0,1.0,1.0
classroom_fol/BOTH/parsed-file1666_inv13.als,classroom_fol,BOTH,24.0,0.0,1.0,1.0
classroom_fol/BOTH/parsed-file1669_inv5.als,classroom_fol,BOTH,21.0,0.999,1.0,0.001
classroom_fol/BOTH/parsed-file1670_inv11.als,classroom_fol,BOTH,24.0,0.261,1.0,0.739
classroom_fol/BOTH/parsed-file1671_inv11.als,classroom_fol,BOTH,26.0,0.0,1.0,1.0
classroom_fol/BOTH/parsed-file1680_inv13.als,classroom_fol,BOTH,30.0,0.001,1.0,0.999
classroom_fol/BOTH/parsed-file168_inv4.als,classroom_fol,BOTH,14.0,0.0,1.0,1.0
classroom_fol/BOTH/parsed-file1690_inv12.als,classroom_fol,BOTH,23.0,0.217,1.0,0.783
classroom_fol/BOTH/parsed-file1694_inv14.als,classroom_fol,BOTH,33.0,0.273,1.0,0.727
classroom_fol/BOTH/parsed-file1695_inv11.als,classroom_fol,BOTH,37.0,0.646,1.0,0.354
classroom_fol/BOTH/parsed-file1697_inv11.als,classroom_fol,BOTH,29.0,0.016,1.0,0.984
classroom_fol/BOTH/parsed-file1699_inv14.als,classroom_fol,BOTH,29.0,0.182,1.0,0.818
classroom_fol/BOTH/parsed-file169_inv11.als,classroom_fol,BOTH,25.0,0.001,1.0,0.999
classroom_fol/BOTH/parsed-file16_inv12.als,classroom_fol,BOTH,29.0,0.361,1.0,0.639
classroom_fol/BOTH/parsed-file1709_inv11.als,classroom_fol,BOTH,36.0,0.706,1.0,0.294
classroom_fol/BOTH/parsed-file1711_inv15.als,classroom_fol,BOTH,10.0,0.0,1.0,1.0
classroom_fol/BOTH/parsed-file1712_inv13.als,classroom_fol,BOTH,8.0,0.0,1.0,1.0
classroom_fol/BOTH/parsed-file1713_inv14.als,classroom_fol,BOTH,50.0,0.008,1.0,0.992
classroom_fol/BOTH/parsed-file1717_inv11.als,classroom_fol,BOTH,24.0,0.0,1.0,1.0
classroom_fol/BOTH/parsed-file1722_inv14.als,classroom_fol,BOTH,37.0,0.008,1.0,0.992
classroom_fol/BOTH/parsed-file1736_inv4.als,classroom_fol,BOTH,5.0,0.0,1.0,1.0
classroom_fol/BOTH/parsed-file1738_inv14.als,classroom_fol,BOTH,57.0,0.002,1.0,0.998
classroom_fol/BOTH/parsed-file173_inv14.als,classroom_fol,BOTH,51.0,0.304,1.0,0.696
classroom_fol/BOTH/parsed-file1747_inv5.als,classroom_fol,BOTH,19.0,0.298,1.0,0.702
classroom_fol/BOTH/parsed-file1748_inv5.als,classroom_fol,BOTH,11.0,0.0,1.0,1.0
classroom_fol/BOTH/parsed-file1749_inv15.als,classroom_fol,BOTH,25.0,0.752,1.0,0.248
classroom_fol/BOTH/parsed-file1755_inv14.als,classroom_fol,BOTH,32.0,0.236,1.0,0.764
classroom_fol/BOTH/parsed-file1762_inv5.als,classroom_fol,BOTH,19.0,0.999,1.0,0.001
classroom_fol/BOTH/parsed-file1763_inv4.als,classroom_fol,BOTH,7.0,0.0,1.0,1.0
classroom_fol/BOTH/parsed-file1765_inv11.als,classroom_fol,BOTH,29.0,0.001,1.0,0.999
classroom_fol/BOTH/parsed-file1768_inv11.als,classroom_fol,BOTH,36.0,0.801,1.0,0.199
classroom_fol/BOTH/parsed-file1777_inv11.als,classroom_fol,BOTH,32.0,0.24,1.0,0.76
classroom_fol/BOTH/parsed-file1780_inv4.als,classroom_fol,BOTH,13.0,0.0,1.0,1.0
classroom_fol/BOTH/parsed-file1785_inv12.als,classroom_fol,BOTH,36.0,0.182,1.0,0.818
classroom_fol/BOTH/parsed-file1790_inv14.als,classroom_fol,BOTH,70.0,0.775,1.0,0.225
classroom_fol/BOTH/parsed-file1792_inv11.als,classroom_fol,BOTH,9.0,0.0,1.0,1.0
classroom_fol/BOTH/parsed-file1794_inv13.als,classroom_fol,BOTH,25.0,0.001,1.0,0.999
classroom_fol/BOTH/parsed-file1797_inv14.als,classroom_fol,BOTH,45.0,0.386,1.0,0.614
classroom_fol/BOTH/parsed-file1801_inv11.als,classroom_fol,BOTH,31.0,0.801,1.0,0.199
classroom_fol/BOTH/parsed-file1802_inv11.als,classroom_fol,BOTH,31.0,0.065,1.0,0.935
classroom_fol/BOTH/parsed-file1803_inv15.als,classroom_fol,BOTH,22.0,0.0,1.0,1.0
classroom_fol/BOTH/parsed-file1807_inv11.als,classroom_fol,BOTH,30.0,0.0,1.0,1.0
classroom_fol/BOTH/parsed-file1809_inv15.als,classroom_fol,BOTH,24.0,0.031,1.0,0.969
classroom_fol/BOTH/parsed-file1810_inv12.als,classroom_fol,BOTH,35.0,0.317,1.0,0.683
classroom_fol/BOTH/parsed-file181_inv15.als,classroom_fol,BOTH,42.0,0.0,1.0,1.0
classroom_fol/BOTH/parsed-file1826_inv11.als,classroom_fol,BOTH,10.0,0.528,1.0,0.472
classroom_fol/BOTH/parsed-file182_inv14.als,classroom_fol,BOTH,33.0,0.141,1.0,0.859
classroom_fol/BOTH/parsed-file1831_inv6.als,classroom_fol,BOTH,5.0,0.0,1.0,1.0
classroom_fol/BOTH/parsed-file1835_inv11.als,classroom_fol,BOTH,28.0,0.249,1.0,0.751
classroom_fol/BOTH/parsed-file1839_inv4.als,classroom_fol,BOTH,2.0,0.0,1.0,1.0
classroom_fol/BOTH/parsed-file1840_inv12.als,classroom_fol,BOTH,22.0,0.0,1.0,1.0
classroom_fol/BOTH/parsed-file1841_inv11.als,classroom_fol,BOTH,36.0,0.67,1.0,0.33
classroom_fol/BOTH/parsed-file1846_inv4.als,classroom_fol,BOTH,14.0,0.0,1.0,1.0
classroom_fol/BOTH/parsed-file1847_inv11.als,classroom_fol,BOTH,34.0,0.999,1.0,0.001
classroom_fol/BOTH/parsed-file1848_inv5.als,classroom_fol,BOTH,8.0,0.298,1.0,0.702
classroom_fol/BOTH/parsed-file184_inv12.als,classroom_fol,BOTH,6.0,0.001,1.0,0.999
classroom_fol/BOTH/parsed-file1854_inv11.als,classroom_fol,BOTH,13.0,0.169,1.0,0.831
classroom_fol/BOTH/parsed-file1856_inv11.als,classroom_fol,BOTH,31.0,0.0,1.0,1.0
classroom_fol/BOTH/parsed-file1858_inv9.als,classroom_fol,BOTH,13.0,0.0,1.0,1.0
classroom_fol/BOTH/parsed-file1862_inv11.als,classroom_fol,BOTH,9.0,0.0,1.0,1.0
classroom_fol/BOTH/parsed-file1864_inv15.als,classroom_fol,BOTH,29.0,0.0,1.0,1.0
classroom_fol/BOTH/parsed-file186_inv14.als,classroom_fol,BOTH,46.0,0.294,1.0,0.706
classroom_fol/BOTH/parsed-file1870_inv9.als,classroom_fol,BOTH,26.0,0.0,1.0,1.0
classroom_fol/BOTH/parsed-file1872_inv14.als,classroom_fol,BOTH,41.0,0.006,1.0,0.994
classroom_fol/BOTH/parsed-file1876_inv8.als,classroom_fol,BOTH,11.0,0.236,1.0,0.764
classroom_fol/BOTH/parsed-file1880_inv14.als,classroom_fol,BOTH,41.0,0.0,1.0,1.0
classroom_fol/BOTH/parsed-file1886_inv14.als,classroom_fol,BOTH,63.0,0.264,1.0,0.736
classroom_fol/BOTH/parsed-file1886_inv15.als,classroom_fol,BOTH,14.0,0.0,1.0,1.0
classroom_fol/BOTH/parsed-file1889_inv1.als,classroom_fol,BOTH,10.0,0.0,1.0,1.0
classroom_fol/BOTH/parsed-file1891_inv9.als,classroom_fol,BOTH,15.0,0.204,1.0,0.796
classroom_fol/BOTH/parsed-file1892_inv10.als,classroom_fol,BOTH,20.0,0.0,1.0,1.0
classroom_fol/BOTH/parsed-file189_inv11.als,classroom_fol,BOTH,14.0,0.361,1.0,0.639
classroom_fol/BOTH/parsed-file1901_inv12.als,classroom_fol,BOTH,9.0,0.017,1.0,0.983
classroom_fol/BOTH/parsed-file1904_inv11.als,classroom_fol,BOTH,13.0,0.307,1.0,0.693
classroom_fol/BOTH/parsed-file1907_inv14.als,classroom_fol,BOTH,31.0,0.084,1.0,0.916
classroom_fol/BOTH/parsed-file1909_inv12.als,classroom_fol,BOTH,36.0,0.166,1.0,0.834
classroom_fol/BOTH/parsed-file190_inv3.als,classroom_fol,BOTH,12.0,1.0,1.0,0.0
classroom_fol/BOTH/parsed-file1910_inv11.als,classroom_fol,BOTH,28.0,0.001,1.0,0.999
classroom_fol/BOTH/parsed-file1916_inv12.als,classroom_fol,BOTH,6.0,0.001,1.0,0.999
classroom_fol/BOTH/parsed-file1919_inv4.als,classroom_fol,BOTH,2.0,0.0,1.0,1.0
classroom_fol/BOTH/parsed-file191_inv13.als,classroom_fol,BOTH,21.0,0.751,1.0,0.249
classroom_fol/BOTH/parsed-file1920_inv11.als,classroom_fol,BOTH,14.0,0.261,1.0,0.739
classroom_fol/BOTH/parsed-file1925_inv11.als,classroom_fol,BOTH,14.0,0.261,1.0,0.739
classroom_fol/BOTH/parsed-file1926_inv12.als,classroom_fol,BOTH,9.0,0.025,1.0,0.975
classroom_fol/BOTH/parsed-file1935_inv5.als,classroom_fol,BOTH,18.0,0.999,1.0,0.001
classroom_fol/BOTH/parsed-file1939_inv5.als,classroom_fol,BOTH,19.0,0.298,1.0,0.702
classroom_fol/BOTH/parsed-file1945_inv12.als,classroom_fol,BOTH,24.0,0.017,1.0,0.983
classroom_fol/BOTH/parsed-file194_inv3.als,classroom_fol,BOTH,12.0,1.0,1.0,0.0
classroom_fol/BOTH/parsed-file1951_inv11.als,classroom_fol,BOTH,10.0,0.016,1.0,0.984
classroom_fol/BOTH/parsed-file1957_inv14.als,classroom_fol,BOTH,52.0,0.377,1.0,0.623
classroom_fol/BOTH/parsed-file1958_inv5.als,classroom_fol,BOTH,19.0,0.999,1.0,0.001
classroom_fol/BOTH/parsed-file1960_inv5.als,classroom_fol,BOTH,23.0,0.999,1.0,0.001
classroom_fol/BOTH/parsed-file1964_inv15.als,classroom_fol,BOTH,19.0,0.0,1.0,1.0
classroom_fol/BOTH/parsed-file1973_inv8.als,classroom_fol,BOTH,26.0,0.0,1.0,1.0
classroom_fol/BOTH/parsed-file1974_inv11.als,classroom_fol,BOTH,19.0,0.079,1.0,0.921
classroom_fol/BOTH/parsed-file1978_inv11.als,classroom_fol,BOTH,13.0,0.0,1.0,1.0
classroom_fol/BOTH/parsed-file1985_inv15.als,classroom_fol,BOTH,56.0,0.001,1.0,0.999
classroom_fol/BOTH/parsed-file1987_inv14.als,classroom_fol,BOTH,57.0,0.024,1.0,0.976
classroom_fol/BOTH/parsed-file198_inv12.als,classroom_fol,BOTH,28.0,0.008,1.0,0.992
classroom_fol/BOTH/parsed-file1990_inv14.als,classroom_fol,BOTH,49.0,0.028,1.0,0.972
classroom_fol/BOTH/parsed-file1992_inv14.als,classroom_fol,BOTH,54.0,0.381,1.0,0.619
classroom_fol/BOTH/parsed-file2000_inv14.als,classroom_fol,BOTH,57.0,0.024,1.0,0.976
classroom_fol/BOTH/parsed-file2007_inv9.als,classroom_fol,BOTH,4.0,0.5,1.0,0.501
classroom_fol/BOTH/parsed-file2010_inv13.als,classroom_fol,BOTH,11.0,0.001,1.0,0.999
classroom_fol/BOTH/parsed-file2012_inv11.als,classroom_fol,BOTH,14.0,0.081,1.0,0.919
classroom_fol/BOTH/parsed-file2013_inv14.als,classroom_fol,BOTH,20.0,0.305,1.0,0.695
classroom_fol/BOTH/parsed-file2014_inv12.als,classroom_fol,BOTH,6.0,0.796,1.0,0.204
classroom_fol/BOTH/parsed-file2023_inv5.als,classroom_fol,BOTH,19.0,0.999,1.0,0.001
classroom_fol/BOTH/parsed-file2027_inv11.als,classroom_fol,BOTH,10.0,0.528,1.0,0.472
classroom_fol/BOTH/parsed-file2029_inv12.als,classroom_fol,BOTH,37.0,0.0,1.0,1.0
classroom_fol/BOTH/parsed-file202_inv5.als,classroom_fol,BOTH,11.0,0.0,1.0,1.0
classroom_fol/BOTH/parsed-file2033_inv13.als,classroom_fol,BOTH,29.0,0.0,1.0,1.0
classroom_fol/BOTH/parsed-file2034_inv12.als,classroom_fol,BOTH,19.0,0.204,1.0,0.796
classroom_fol/BOTH/parsed-file2035_inv12.als,classroom_fol,BOTH,22.0,0.0,1.0,1.0
classroom_fol/BOTH/parsed-file2036_inv11.als,classroom_fol,BOTH,20.0,0.001,1.0,0.999
classroom_fol/BOTH/parsed-file203_inv11.als,classroom_fol,BOTH,13.0,0.013,1.0,0.987
classroom_fol/BOTH/parsed-file2040_inv12.als,classroom_fol,BOTH,25.0,0.024,1.0,0.976
classroom_fol/BOTH/parsed-file204_inv14.als,classroom_fol,BOTH,58.0,0.002,1.0,0.998
classroom_fol/BOTH/parsed-file2061_inv11.als,classroom_fol,BOTH,43.0,0.261,1.0,0.739
classroom_fol/BOTH/parsed-file2070_inv11.als,classroom_fol,BOTH,36.0,0.096,1.0,0.904
classroom_fol/BOTH/parsed-file2071_inv11.als,classroom_fol,BOTH,19.0,0.096,1.0,0.904
classroom_fol/BOTH/parsed-file2074_inv15.als,classroom_fol,BOTH,31.0,0.746,1.0,0.254
classroom_fol/BOTH/parsed-file2079_inv14.als,classroom_fol,BOTH,57.0,0.002,1.0,0.998
classroom_fol/BOTH/parsed-file2084_inv11.als,classroom_fol,BOTH,40.0,0.454,1.0,0.546
classroom_fol/BOTH/parsed-file2086_inv4.als,classroom_fol,BOTH,2.0,0.0,1.0,1.0
classroom_fol/BOTH/parsed-file2087_inv5.als,classroom_fol,BOTH,3.0,0.0,1.0,1.0
classroom_fol/BOTH/parsed-file2089_inv11.als,classroom_fol,BOTH,28.0,0.016,1.0,0.984
classroom_fol/BOTH/parsed-file208_inv14.als,classroom_fol,BOTH,57.0,0.129,1.0,0.871
classroom_fol/BOTH/parsed-file2094_inv5.als,classroom_fol,BOTH,17.0,0.298,1.0,0.702
classroom_fol/BOTH/parsed-file209_inv11.als,classroom_fol,BOTH,14.0,0.261,1.0,0.739
classroom_fol/BOTH/parsed-file2105_inv12.als,classroom_fol,BOTH,17.0,0.189,1.0,0.811
classroom_fol/BOTH/parsed-file2106_inv14.als,classroom_fol,BOTH,37.0,0.425,1.0,0.575
classroom_fol/BOTH/parsed-file2107_inv11.als,classroom_fol,BOTH,14.0,0.081,1.0,0.919
classroom_fol/BOTH/parsed-file2109_inv11.als,classroom_fol,BOTH,31.0,0.0,1.0,1.0
classroom_fol/BOTH/parsed-file2112_inv14.als,classroom_fol,BOTH,38.0,0.002,1.0,0.998
classroom_fol/BOTH/parsed-file2116_inv12.als,classroom_fol,BOTH,9.0,0.001,1.0,0.999
classroom_fol/BOTH/parsed-file2117_inv5.als,classroom_fol,BOTH,25.0,0.017,1.0,0.983
classroom_fol/BOTH/parsed-file2122_inv11.als,classroom_fol,BOTH,13.0,0.163,1.0,0.837
classroom_fol/BOTH/parsed-file2125_inv11.als,classroom_fol,BOTH,17.0,0.327,1.0,0.673
classroom_fol/BOTH/parsed-file2126_inv12.als,classroom_fol,BOTH,24.0,0.017,1.0,0.983
classroom_fol/BOTH/parsed-file2132_inv4.als,classroom_fol,BOTH,29.0,0.999,1.0,0.001
classroom_fol/BOTH/parsed-file2138_inv13.als,classroom_fol,BOTH,36.0,0.001,1.0,0.999
classroom_fol/BOTH/parsed-file2141_inv11.als,classroom_fol,BOTH,34.0,0.0,1.0,1.0
classroom_fol/BOTH/parsed-file2147_inv5.als,classroom_fol,BOTH,16.0,0.0,1.0,1.0
classroom_fol/BOTH/parsed-file2151_inv12.als,classroom_fol,BOTH,14.0,0.0,1.0,1.0
classroom_fol/BOTH/parsed-file2155_inv8.als,classroom_fol,BOTH,11.0,0.236,1.0,0.764
classroom_fol/BOTH/parsed-file2157_inv13.als,classroom_fol,BOTH,31.0,0.001,1.0,0.999
classroom_fol/BOTH/parsed-file2159_inv6.als,classroom_fol,BOTH,18.0,0.298,1.0,0.702
classroom_fol/BOTH/parsed-file2162_inv14.als,classroom_fol,BOTH,64.0,0.37,1.0,0.63
classroom_fol/BOTH/parsed-file2175_inv11.als,classroom_fol,BOTH,36.0,0.67,1.0,0.33
classroom_fol/BOTH/parsed-file2184_inv5.als,classroom_fol,BOTH,22.0,0.0,1.0,1.0
classroom_fol/BOTH/parsed-file2193_inv13.als,classroom_fol,BOTH,20.0,0.001,1.0,1.0
classroom_fol/BOTH/parsed-file2196_inv12.als,classroom_fol,BOTH,34.0,0.712,1.0,0.288
classroom_fol/BOTH/parsed-file2197_inv12.als,classroom_fol,BOTH,11.0,0.024,1.0,0.976
classroom_fol/BOTH/parsed-file2198_inv4.als,classroom_fol,BOTH,6.0,0.0,1.0,1.0
classroom_fol/BOTH/parsed-file21_inv11.als,classroom_fol,BOTH,36.0,0.096,1.0,0.904
classroom_fol/BOTH/parsed-file2208_inv9.als,classroom_fol,BOTH,29.0,0.228,1.0,0.772
classroom_fol/BOTH/parsed-file2210_inv12.als,classroom_fol,BOTH,6.0,0.001,1.0,0.999
classroom_fol/BOTH/parsed-file2218_inv8.als,classroom_fol,BOTH,4.0,0.408,1.0,0.592
classroom_fol/BOTH/parsed-file2221_inv8.als,classroom_fol,BOTH,11.0,0.0,1.0,1.0
classroom_fol/BOTH/parsed-file2223_inv12.als,classroom_fol,BOTH,29.0,0.217,1.0,0.783
classroom_fol/BOTH/parsed-file2226_inv4.als,classroom_fol,BOTH,22.0,0.0,1.0,1.0
classroom_fol/BOTH/parsed-file2233_inv14.als,classroom_fol,BOTH,63.0,0.373,1.0,0.627
classroom_fol/BOTH/parsed-file2234_inv11.als,classroom_fol,BOTH,25.0,0.008,1.0,0.992
classroom_fol/BOTH/parsed-file2239_inv11.als,classroom_fol,BOTH,13.0,0.001,1.0,0.999
classroom_fol/BOTH/parsed-file2243_inv14.als,classroom_fol,BOTH,41.0,0.005,1.0,0.995
classroom_fol/BOTH/parsed-file2247_inv4.als,classroom_fol,BOTH,14.0,0.0,1.0,1.0
classroom_fol/BOTH/parsed-file2247_inv5.als,classroom_fol,BOTH,10.0,0.0,1.0,1.0
classroom_fol/BOTH/parsed-file224_inv9.als,classroom_fol,BOTH,26.0,0.0,1.0,1.0
classroom_fol/BOTH/parsed-file2254_inv14.als,classroom_fol,BOTH,43.0,0.293,1.0,0.707
classroom_fol/BOTH/parsed-file2274_inv15.als,classroom_fol,BOTH,35.0,0.0,1.0,1.0
classroom_fol/BOTH/parsed-file2275_inv14.als,classroom_fol,BOTH,42.0,0.308,1.0,0.692
classroom_fol/BOTH/parsed-file2283_inv12.als,classroom_fol,BOTH,6.0,0.001,1.0,0.999
classroom_fol/BOTH/parsed-file2290_inv12.als,classroom_fol,BOTH,27.0,0.217,1.0,0.783
classroom_fol/BOTH/parsed-file2291_inv11.als,classroom_fol,BOTH,20.0,0.001,1.0,0.999
classroom_fol/BOTH/parsed-file2293_inv12.als,classroom_fol,BOTH,30.0,0.028,1.0,0.972
classroom_fol/BOTH/parsed-file2299_inv8.als,classroom_fol,BOTH,4.0,0.236,1.0,0.764
classroom_fol/BOTH/parsed-file2301_inv12.als,classroom_fol,BOTH,23.0,0.217,1.0,0.783
classroom_fol/BOTH/parsed-file2301_inv15.als,classroom_fol,BOTH,28.0,0.001,1.0,0.999
classroom_fol/BOTH/parsed-file2303_inv8.als,classroom_fol,BOTH,30.0,0.0,1.0,1.0
classroom_fol/BOTH/parsed-file2306_inv14.als,classroom_fol,BOTH,34.0,0.293,1.0,0.707
classroom_fol/BOTH/parsed-file2311_inv11.als,classroom_fol,BOTH,14.0,0.001,1.0,0.999
classroom_fol/BOTH/parsed-file2311_inv15.als,classroom_fol,BOTH,26.0,0.0,1.0,1.0
classroom_fol/BOTH/parsed-file2312_inv5.als,classroom_fol,BOTH,19.0,0.0,1.0,1.0
classroom_fol/BOTH/parsed-file2312_inv6.als,classroom_fol,BOTH,8.0,0.0,1.0,1.0
classroom_fol/BOTH/parsed-file2314_inv14.als,classroom_fol,BOTH,46.0,0.115,1.0,0.885
classroom_fol/BOTH/parsed-file2316_inv14.als,classroom_fol,BOTH,44.0,0.308,1.0,0.692
classroom_fol/BOTH/parsed-file2320_inv9.als,classroom_fol,BOTH,13.0,0.232,1.0,0.768
classroom_fol/BOTH/parsed-file2324_inv5.als,classroom_fol,BOTH,13.0,0.0,1.0,1.0
classroom_fol/BOTH/parsed-file2329_inv12.als,classroom_fol,BOTH,12.0,0.0,1.0,1.0
classroom_fol/BOTH/parsed-file232_inv5.als,classroom_fol,BOTH,20.0,0.298,1.0,0.702
classroom_fol/BOTH/parsed-file2338_inv14.als,classroom_fol,BOTH,63.0,0.003,1.0,0.997
classroom_fol/BOTH/parsed-file2342_inv14.als,classroom_fol,BOTH,54.0,0.098,1.0,0.902
classroom_fol/BOTH/parsed-file2344_inv14.als,classroom_fol,BOTH,41.0,0.025,1.0,0.975
classroom_fol/BOTH/parsed-file2347_inv14.als,classroom_fol,BOTH,32.0,0.273,1.0,0.727
classroom_fol/BOTH/parsed-file2348_inv9.als,classroom_fol,BOTH,11.0,0.5,1.0,0.501
classroom_fol/BOTH/parsed-file2350_inv15.als,classroom_fol,BOTH,26.0,0.0,1.0,1.0
classroom_fol/BOTH/parsed-file2354_inv12.als,classroom_fol,BOTH,6.0,0.001,1.0,0.999
classroom_fol/BOTH/parsed-file2355_inv11.als,classroom_fol,BOTH,24.0,0.001,1.0,0.999
classroom_fol/BOTH/parsed-file2373_inv11.als,classroom_fol,BOTH,34.0,0.801,1.0,0.199
classroom_fol/BOTH/parsed-file2376_inv3.als,classroom_fol,BOTH,12.0,1.0,1.0,0.0
classroom_fol/BOTH/parsed-file2378_inv14.als,classroom_fol,BOTH,38.0,0.551,1.0,0.449
classroom_fol/BOTH/parsed-file2379_inv13.als,classroom_fol,BOTH,28.0,0.0,1.0,1.0
classroom_fol/BOTH/parsed-file238_inv11.als,classroom_fol,BOTH,30.0,0.898,1.0,0.102
classroom_fol/BOTH/parsed-file2400_inv11.als,classroom_fol,BOTH,23.0,0.999,1.0,0.001
classroom_fol/BOTH/parsed-file2404_inv11.als,classroom_fol,BOTH,37.0,0.081,1.0,0.919
classroom_fol/BOTH/parsed-file240_inv11.als,classroom_fol,BOTH,37.0,0.001,1.0,0.999
classroom_fol/BOTH/parsed-file240_inv12.als,classroom_fol,BOTH,24.0,0.017,1.0,0.983
classroom_fol/BOTH/parsed-file2415_inv15.als,classroom_fol,BOTH,44.0,0.249,1.0,0.751
classroom_fol/BOTH/parsed-file2417_inv14.als,classroom_fol,BOTH,28.0,0.472,1.0,0.528
classroom_fol/BOTH/parsed-file2418_inv14.als,classroom_fol,BOTH,28.0,0.0,1.0,1.0
classroom_fol/BOTH/parsed-file2422_inv8.als,classroom_fol,BOTH,15.0,0.0,1.0,1.0
classroom_fol/BOTH/parsed-file2425_inv12.als,classroom_fol,BOTH,11.0,0.0,1.0,1.0
classroom_fol/BOTH/parsed-file2427_inv12.als,classroom_fol,BOTH,11.0,0.0,1.0,1.0
classroom_fol/BOTH/parsed-file2433_inv12.als,classroom_fol,BOTH,23.0,0.0,1.0,1.0
classroom_fol/BOTH/parsed-file2434_inv11.als,classroom_fol,BOTH,29.0,0.016,1.0,0.984
classroom_fol/BOTH/parsed-file2438_inv14.als,classroom_fol,BOTH,44.0,0.308,1.0,0.692
classroom_fol/BOTH/parsed-file2439_inv4.als,classroom_fol,BOTH,14.0,0.0,1.0,1.0
classroom_fol/BOTH/parsed-file2449_inv11.als,classroom_fol,BOTH,25.0,0.897,1.0,0.103
classroom_fol/BOTH/parsed-file244_inv12.als,classroom_fol,BOTH,12.0,0.0,1.0,1.0
classroom_fol/BOTH/parsed-file2458_inv12.als,classroom_fol,BOTH,28.0,0.177,1.0,0.823
classroom_fol/BOTH/parsed-file2465_inv11.als,classroom_fol,BOTH,25.0,0.897,1.0,0.103
classroom_fol/BOTH/parsed-file2467_inv3.als,classroom_fol,BOTH,15.0,0.0,1.0,1.0
classroom_fol/BOTH/parsed-file2469_inv12.als,classroom_fol,BOTH,35.0,0.121,1.0,0.879
classroom_fol/BOTH/parsed-file2475_inv11.als,classroom_fol,BOTH,20.0,0.081,1.0,0.919
classroom_fol/BOTH/parsed-file2480_inv11.als,classroom_fol,BOTH,31.0,0.999,1.0,0.001
classroom_fol/BOTH/parsed-file2482_inv12.als,classroom_fol,BOTH,24.0,0.017,1.0,0.983
classroom_fol/BOTH/parsed-file2491_inv11.als,classroom_fol,BOTH,17.0,0.099,1.0,0.901
classroom_fol/BOTH/parsed-file2492_inv11.als,classroom_fol,BOTH,36.0,0.801,1.0,0.199
classroom_fol/BOTH/parsed-file2496_inv13.als,classroom_fol,BOTH,31.0,0.075,1.0,0.925
classroom_fol/BOTH/parsed-file2502_inv12.als,classroom_fol,BOTH,9.0,0.953,1.0,0.047
classroom_fol/BOTH/parsed-file2512_inv11.als,classroom_fol,BOTH,29.0,0.164,1.0,0.836
classroom_fol/BOTH/parsed-file2531_inv12.als,classroom_fol,BOTH,30.0,0.001,1.0,0.999
classroom_fol/BOTH/parsed-file2532_inv12.als,classroom_fol,BOTH,13.0,0.017,1.0,0.983
classroom_fol/BOTH/parsed-file2532_inv13.als,classroom_fol,BOTH,12.0,0.502,1.0,0.498
classroom_fol/BOTH/parsed-file2539_inv14.als,classroom_fol,BOTH,37.0,0.005,1.0,0.995
classroom_fol/BOTH/parsed-file2541_inv14.als,classroom_fol,BOTH,33.0,0.176,1.0,0.824
classroom_fol/BOTH/parsed-file2546_inv11.als,classroom_fol,BOTH,23.0,0.001,1.0,0.999
classroom_fol/BOTH/parsed-file2548_inv11.als,classroom_fol,BOTH,36.0,0.0,1.0,1.0
classroom_fol/BOTH/parsed-file2553_inv14.als,classroom_fol,BOTH,30.0,0.115,1.0,0.885
classroom_fol/BOTH/parsed-file2566_inv11.als,classroom_fol,BOTH,17.0,0.001,1.0,0.999
classroom_fol/BOTH/parsed-file2567_inv12.als,classroom_fol,BOTH,23.0,0.217,1.0,0.783
classroom_fol/BOTH/parsed-file2568_inv14.als,classroom_fol,BOTH,39.0,0.135,1.0,0.865
classroom_fol/BOTH/parsed-file2569_inv4.als,classroom_fol,BOTH,7.0,0.0,1.0,1.0
classroom_fol/BOTH/parsed-file2576_inv11.als,classroom_fol,BOTH,39.0,0.284,1.0,0.716
classroom_fol/BOTH/parsed-file2583_inv12.als,classroom_fol,BOTH,35.0,0.385,1.0,0.615
classroom_fol/BOTH/parsed-file2585_inv12.als,classroom_fol,BOTH,6.0,0.024,1.0,0.976
classroom_fol/BOTH/parsed-file2588_inv12.als,classroom_fol,BOTH,24.0,0.017,1.0,0.983
classroom_fol/BOTH/parsed-file2590_inv5.als,classroom_fol,BOTH,8.0,0.017,1.0,0.983
classroom_fol/BOTH/parsed-file2592_inv5.als,classroom_fol,BOTH,19.0,0.999,1.0,0.001
classroom_fol/BOTH/parsed-file2602_inv11.als,classroom_fol,BOTH,30.0,0.261,1.0,0.739
classroom_fol/BOTH/parsed-file2605_inv9.als,classroom_fol,BOTH,11.0,0.0,1.0,1.0
classroom_fol/BOTH/parsed-file2606_inv11.als,classroom_fol,BOTH,17.0,0.307,1.0,0.693
classroom_fol/BOTH/parsed-file2608_inv12.als,classroom_fol,BOTH,11.0,0.024,1.0,0.976
classroom_fol/BOTH/parsed-file2613_inv14.als,classroom_fol,BOTH,23.0,0.455,1.0,0.545
classroom_fol/BOTH/parsed-file2614_inv12.als,classroom_fol,BOTH,24.0,0.017,1.0,0.983
classroom_fol/BOTH/parsed-file2619_inv11.als,classroom_fol,BOTH,28.0,0.001,1.0,0.999
classroom_fol/BOTH/parsed-file2621_inv14.als,classroom_fol,BOTH,51.0,0.295,1.0,0.705
classroom_fol/BOTH/parsed-file2624_inv11.als,classroom_fol,BOTH,10.0,0.999,1.0,0.001
classroom_fol/BOTH/parsed-file2628_inv5.als,classroom_fol,BOTH,25.0,0.017,1.0,0.983
classroom_fol/BOTH/parsed-file262_inv11.als,classroom_fol,BOTH,9.0,0.0,1.0,1.0
classroom_fol/BOTH/parsed-file262_inv13.als,classroom_fol,BOTH,15.0,0.001,1.0,0.999
classroom_fol/BOTH/parsed-file2631_inv6.als,classroom_fol,BOTH,8.0,0.298,1.0,0.702
classroom_fol/BOTH/parsed-file2635_inv12.als,classroom_fol,BOTH,6.0,0.275,1.0,0.725
classroom_fol/BOTH/parsed-file2636_inv11.als,classroom_fol,BOTH,10.0,0.999,1.0,0.001
classroom_fol/BOTH/parsed-file263_inv14.als,classroom_fol,BOTH,34.0,0.293,1.0,0.707
classroom_fol/BOTH/parsed-file2640_inv14.als,classroom_fol,BOTH,57.0,0.036,1.0,0.964
classroom_fol/BOTH/parsed-file2643_inv11.als,classroom_fol,BOTH,14.0,0.099,1.0,0.901
classroom_fol/BOTH/parsed-file2648_inv14.als,classroom_fol,BOTH,39.0,0.102,1.0,0.898
classroom_fol/BOTH/parsed-file2650_inv13.als,classroom_fol,BOTH,36.0,0.001,1.0,0.999
classroom_fol/BOTH/parsed-file2652_inv15.als,classroom_fol,BOTH,54.0,0.001,1.0,0.999
classroom_fol/BOTH/parsed-file2653_inv11.als,classroom_fol,BOTH,25.0,0.897,1.0,0.103
classroom_fol/BOTH/parsed-file2655_inv14.als,classroom_fol,BOTH,28.0,0.305,1.0,0.695
classroom_fol/BOTH/parsed-file265_inv11.als,classroom_fol,BOTH,33.0,0.0,1.0,1.0
classroom_fol/BOTH/parsed-file2670_inv12.als,classroom_fol,BOTH,29.0,0.275,1.0,0.725
classroom_fol/BOTH/parsed-file2683_inv11.als,classroom_fol,BOTH,38.0,0.081,1.0,0.919
classroom_fol/BOTH/parsed-file2687_inv14.als,classroom_fol,BOTH,50.0,0.0,1.0,1.0
classroom_fol/BOTH/parsed-file2693_inv15.als,classroom_fol,BOTH,26.0,0.0,1.0,1.0
classroom_fol/BOTH/parsed-file2697_inv14.als,classroom_fol,BOTH,63.0,0.003,1.0,0.997
classroom_fol/BOTH/parsed-file26_inv9.als,classroom_fol,BOTH,7.0,0.228,1.0,0.772
classroom_fol/BOTH/parsed-file2702_inv14.als,classroom_fol,BOTH,48.0,0.57,1.0,0.43
classroom_fol/BOTH/parsed-file2705_inv11.als,classroom_fol,BOTH,31.0,0.065,1.0,0.935
classroom_fol/BOTH/parsed-file2722_inv4.als,classroom_fol,BOTH,14.0,0.0,1.0,1.0
classroom_fol/BOTH/parsed-file2724_inv5.als,classroom_fol,BOTH,19.0,0.298,1.0,0.702
classroom_fol/BOTH/parsed-file2729_inv5.als,classroom_fol,BOTH,11.0,0.0,1.0,1.0
classroom_fol/BOTH/parsed-file2732_inv4.als,classroom_fol,BOTH,5.0,0.0,1.0,1.0
classroom_fol/BOTH/parsed-file2747_inv12.als,classroom_fol,BOTH,29.0,0.177,1.0,0.823
classroom_fol/BOTH/parsed-file2755_inv14.als,classroom_fol,BOTH,45.0,0.381,1.0,0.619
classroom_fol/BOTH/parsed-file2758_inv12.als,classroom_fol,BOTH,6.0,0.001,1.0,0.999
classroom_fol/BOTH/parsed-file275_inv11.als,classroom_fol,BOTH,20.0,0.081,1.0,0.919
classroom_fol/BOTH/parsed-file2762_inv3.als,classroom_fol,BOTH,12.0,1.0,1.0,0.0
classroom_fol/BOTH/parsed-file2764_inv11.als,classroom_fol,BOTH,14.0,0.999,1.0,0.001
classroom_fol/BOTH/parsed-file2766_inv14.als,classroom_fol,BOTH,46.0,0.291,1.0,0.709
classroom_fol/BOTH/parsed-file2768_inv14.als,classroom_fol,BOTH,28.0,0.416,1.0,0.584
classroom_fol/BOTH/parsed-file2770_inv11.als,classroom_fol,BOTH,37.0,0.016,1.0,0.984
classroom_fol/BOTH/parsed-file2771_inv4.als,classroom_fol,BOTH,12.0,0.0,1.0,1.0
classroom_fol/BOTH/parsed-file2787_inv11.als,classroom_fol,BOTH,38.0,0.001,1.0,0.999
classroom_fol/BOTH/parsed-file2791_inv12.als,classroom_fol,BOTH,13.0,0.0,1.0,1.0
classroom_fol/BOTH/parsed-file2793_inv11.als,classroom_fol,BOTH,30.0,0.016,1.0,0.984
classroom_fol/BOTH/parsed-file2807_inv14.als,classroom_fol,BOTH,60.0,0.177,1.0,0.823
classroom_fol/BOTH/parsed-file2809_inv14.als,classroom_fol,BOTH,36.0,0.328,1.0,0.672
classroom_fol/BOTH/parsed-file280_inv9.als,classroom_fol,BOTH,14.0,0.0,1.0,1.0
classroom_fol/BOTH/parsed-file2814_inv14.als,classroom_fol,BOTH,37.0,0.029,1.0,0.971
classroom_fol/BOTH/parsed-file2818_inv14.als,classroom_fol,BOTH,44.0,0.291,1.0,0.709
classroom_fol/BOTH/parsed-file2826_inv11.als,classroom_fol,BOTH,34.0,0.0,1.0,1.0
classroom_fol/BOTH/parsed-file2827_inv2.als,classroom_fol,BOTH,2.0,0.0,1.0,1.0
classroom_fol/BOTH/parsed-file2829_inv11.als,classroom_fol,BOTH,25.0,0.0,1.0,1.0
classroom_fol/BOTH/parsed-file2830_inv14.als,classroom_fol,BOTH,51.0,0.41,1.0,0.59
classroom_fol/BOTH/parsed-file2835_inv14.als,classroom_fol,BOTH,42.0,0.472,1.0,0.528
classroom_fol/BOTH/parsed-file2837_inv3.als,classroom_fol,BOTH,21.0,0.0,1.0,1.0
classroom_fol/BOTH/parsed-file2839_inv6.als,classroom_fol,BOTH,28.0,0.024,1.0,0.976
classroom_fol/BOTH/parsed-file283_inv14.als,classroom_fol,BOTH,53.0,0.357,1.0,0.643
classroom_fol/BOTH/parsed-file2840_inv12.als,classroom_fol,BOTH,27.0,0.024,1.0,0.976
classroom_fol/BOTH/parsed-file2846_inv13.als,classroom_fol,BOTH,28.0,0.0,1.0,1.0
classroom_fol/BOTH/parsed-file2855_inv4.als,classroom_fol,BOTH,12.0,0.0,1.0,1.0
classroom_fol/BOTH/parsed-file2857_inv13.als,classroom_fol,BOTH,30.0,0.001,1.0,0.999
classroom_fol/BOTH/parsed-file2859_inv14.als,classroom_fol,BOTH,37.0,0.0,1.0,1.0
classroom_fol/BOTH/parsed-file2861_inv14.als,classroom_fol,BOTH,64.0,0.101,1.0,0.899
classroom_fol/BOTH/parsed-file2864_inv12.als,classroom_fol,BOTH,24.0,0.017,1.0,0.983
classroom_fol/BOTH/parsed-file2880_inv14.als,classroom_fol,BOTH,63.0,0.135,1.0,0.865
classroom_fol/BOTH/parsed-file2882_inv14.als,classroom_fol,BOTH,54.0,0.102,1.0,0.898
classroom_fol/BOTH/parsed-file2883_inv13.als,classroom_fol,BOTH,27.0,0.0,1.0,1.0
classroom_fol/BOTH/parsed-file2890_inv14.als,classroom_fol,BOTH,47.0,0.001,1.0,0.999
classroom_fol/BOTH/parsed-file2892_inv14.als,classroom_fol,BOTH,44.0,0.57,1.0,0.43
classroom_fol/BOTH/parsed-file2893_inv13.als,classroom_fol,BOTH,20.0,0.001,1.0,1.0
classroom_fol/BOTH/parsed-file2896_inv11.als,classroom_fol,BOTH,31.0,0.0,1.0,1.0
classroom_fol/BOTH/parsed-file2897_inv11.als,classroom_fol,BOTH,28.0,0.016,1.0,0.984
classroom_fol/BOTH/parsed-file2898_inv14.als,classroom_fol,BOTH,41.0,0.108,1.0,0.892
classroom_fol/BOTH/parsed-file2908_inv9.als,classroom_fol,BOTH,12.0,0.0,1.0,1.0
classroom_fol/BOTH/parsed-file2921_inv14.als,classroom_fol,BOTH,39.0,0.232,1.0,0.768
classroom_fol/BOTH/parsed-file2922_inv11.als,classroom_fol,BOTH,35.0,0.0,1.0,1.0
classroom_fol/BOTH/parsed-file2923_inv11.als,classroom_fol,BOTH,30.0,0.898,1.0,0.102
classroom_fol/BOTH/parsed-file2923_inv14.als,classroom_fol,BOTH,51.0,0.375,1.0,0.625
classroom_fol/BOTH/parsed-file2924_inv12.als,classroom_fol,BOTH,13.0,1.0,1.0,0.0
classroom_fol/BOTH/parsed-file2926_inv11.als,classroom_fol,BOTH,13.0,0.001,1.0,0.999
classroom_fol/BOTH/parsed-file2933_inv11.als,classroom_fol,BOTH,20.0,0.001,1.0,0.999
classroom_fol/BOTH/parsed-file2938_inv3.als,classroom_fol,BOTH,18.0,1.0,1.0,0.0
classroom_fol/BOTH/parsed-file2939_inv14.als,classroom_fol,BOTH,37.0,0.273,1.0,0.727
classroom_fol/BOTH/parsed-file2946_inv5.als,classroom_fol,BOTH,20.0,0.298,1.0,0.702
classroom_fol/BOTH/parsed-file2958_inv4.als,classroom_fol,BOTH,12.0,0.999,1.0,0.001
classroom_fol/BOTH/parsed-file295_inv9.als,classroom_fol,BOTH,6.0,0.5,1.0,0.501
classroom_fol/BOTH/parsed-file2960_inv14.als,classroom_fol,BOTH,50.0,0.247,1.0,0.753
classroom_fol/BOTH/parsed-file2964_inv13.als,classroom_fol,BOTH,12.0,0.531,1.0,0.469
classroom_fol/BOTH/parsed-file2966_inv4.als,classroom_fol,BOTH,5.0,0.0,1.0,1.0
classroom_fol/BOTH/parsed-file2968_inv12.als,classroom_fol,BOTH,18.0,0.017,1.0,0.983
classroom_fol/BOTH/parsed-file2969_inv15.als,classroom_fol,BOTH,26.0,0.0,1.0,1.0
classroom_fol/BOTH/parsed-file2970_inv11.als,classroom_fol,BOTH,43.0,0.0,1.0,1.0
classroom_fol/BOTH/parsed-file297_inv11.als,classroom_fol,BOTH,35.0,0.307,1.0,0.693
classroom_fol/BOTH/parsed-file2980_inv11.als,classroom_fol,BOTH,30.0,0.016,1.0,0.984
classroom_fol/BOTH/parsed-file2986_inv13.als,classroom_fol,BOTH,30.0,0.001,1.0,0.999
classroom_fol/BOTH/parsed-file2987_inv11.als,classroom_fol,BOTH,47.0,0.0,1.0,1.0
classroom_fol/BOTH/parsed-file2988_inv14.als,classroom_fol,BOTH,63.0,0.003,1.0,0.997
classroom_fol/BOTH/parsed-file2991_inv11.als,classroom_fol,BOTH,31.0,0.0,1.0,1.0
classroom_fol/BOTH/parsed-file2994_inv14.als,classroom_fol,BOTH,39.0,0.053,1.0,0.947
classroom_fol/BOTH/parsed-file299_inv14.als,classroom_fol,BOTH,57.0,0.024,1.0,0.976
classroom_fol/BOTH/parsed-file29_inv11.als,classroom_fol,BOTH,10.0,0.096,1.0,0.904
classroom_fol/BOTH/parsed-file3002_inv11.als,classroom_fol,BOTH,31.0,0.0,1.0,1.0
classroom_fol/BOTH/parsed-file3005_inv2.als,classroom_fol,BOTH,10.0,0.0,1.0,1.0
classroom_fol/BOTH/parsed-file3010_inv4.als,classroom_fol,BOTH,2.0,0.0,1.0,1.0
classroom_fol/BOTH/parsed-file3011_inv13.als,classroom_fol,BOTH,24.0,0.531,1.0,0.469
classroom_fol/BOTH/parsed-file3015_inv11.als,classroom_fol,BOTH,20.0,0.081,1.0,0.919
classroom_fol/BOTH/parsed-file3020_inv11.als,classroom_fol,BOTH,23.0,0.001,1.0,0.999
classroom_fol/BOTH/parsed-file3024_inv13.als,classroom_fol,BOTH,19.0,0.485,1.0,0.515
classroom_fol/BOTH/parsed-file302_inv15.als,classroom_fol,BOTH,37.0,0.0,1.0,1.0
classroom_fol/BOTH/parsed-file3035_inv12.als,classroom_fol,BOTH,36.0,0.165,1.0,0.835
classroom_fol/BOTH/parsed-file3044_inv14.als,classroom_fol,BOTH,38.0,0.388,1.0,0.612
classroom_fol/BOTH/parsed-file3045_inv8.als,classroom_fol,BOTH,26.0,0.0,1.0,1.0
classroom_fol/BOTH/parsed-file3049_inv13.als,classroom_fol,BOTH,14.0,0.001,1.0,0.999
classroom_fol/BOTH/parsed-file304_inv14.als,classroom_fol,BOTH,30.0,0.0,1.0,1.0
classroom_fol/BOTH/parsed-file3061_inv11.als,classroom_fol,BOTH,31.0,0.065,1.0,0.935
classroom_fol/BOTH/parsed-file3063_inv12.als,classroom_fol,BOTH,13.0,0.182,1.0,0.818
classroom_fol/BOTH/parsed-file3064_inv6.als,classroom_fol,BOTH,18.0,0.298,1.0,0.702
classroom_fol/BOTH/parsed-file3069_inv11.als,classroom_fol,BOTH,37.0,0.096,1.0,0.904
classroom_fol/BOTH/parsed-file3075_inv12.als,classroom_fol,BOTH,22.0,0.024,1.0,0.976
classroom_fol/BOTH/parsed-file3080_inv14.als,classroom_fol,BOTH,35.0,0.151,1.0,0.849
classroom_fol/BOTH/parsed-file3081_inv11.als,classroom_fol,BOTH,14.0,0.001,1.0,0.999
classroom_fol/BOTH/parsed-file3082_inv9.als,classroom_fol,BOTH,13.0,0.5,1.0,0.501
classroom_fol/BOTH/parsed-file3083_inv9.als,classroom_fol,BOTH,22.0,0.093,1.0,0.907
classroom_fol/BOTH/parsed-file3086_inv11.als,classroom_fol,BOTH,35.0,0.454,1.0,0.546
classroom_fol/BOTH/parsed-file3088_inv11.als,classroom_fol,BOTH,34.0,0.316,1.0,0.684
classroom_fol/BOTH/parsed-file308_inv12.als,classroom_fol,BOTH,6.0,0.0,1.0,1.0
classroom_fol/BOTH/parsed-file309_inv13.als,classroom_fol,BOTH,20.0,0.075,1.0,0.925
classroom_fol/BOTH/parsed-file3100_inv4.als,classroom_fol,BOTH,5.0,0.0,1.0,1.0
classroom_fol/BOTH/parsed-file3101_inv5.als,classroom_fol,BOTH,19.0,0.999,1.0,0.001
classroom_fol/BOTH/parsed-file3103_inv11.als,classroom_fol,BOTH,37.0,0.001,1.0,0.999
classroom_fol/BOTH/parsed-file3106_inv13.als,classroom_fol,BOTH,23.0,0.075,1.0,0.925
classroom_fol/BOTH/parsed-file3117_inv14.als,classroom_fol,BOTH,44.0,0.388,1.0,0.612
classroom_fol/BOTH/parsed-file3125_inv14.als,classroom_fol,BOTH,41.0,0.386,1.0,0.614
classroom_fol/BOTH/parsed-file3126_inv11.als,classroom_fol,BOTH,38.0,0.316,1.0,0.684
classroom_fol/BOTH/parsed-file3131_inv14.als,classroom_fol,BOTH,70.0,0.098,1.0,0.902
classroom_fol/BOTH/parsed-file3135_inv11.als,classroom_fol,BOTH,22.0,0.0,1.0,1.0
classroom_fol/BOTH/parsed-file313_inv12.als,classroom_fol,BOTH,10.0,0.299,1.0,0.701
classroom_fol/BOTH/parsed-file3145_inv12.als,classroom_fol,BOTH,9.0,0.001,1.0,0.999
classroom_fol/BOTH/parsed-file3147_inv12.als,classroom_fol,BOTH,21.0,0.237,1.0,0.763
classroom_fol/BOTH/parsed-file3149_inv15.als,classroom_fol,BOTH,40.0,0.0,1.0,1.0
classroom_fol/BOTH/parsed-file314_inv13.als,classroom_fol,BOTH,13.0,0.001,1.0,0.999
classroom_fol/BOTH/parsed-file3155_inv11.als,classroom_fol,BOTH,23.0,0.016,1.0,0.984
classroom_fol/BOTH/parsed-file3163_inv14.als,classroom_fol,BOTH,32.0,0.57,1.0,0.43
classroom_fol/BOTH/parsed-file3164_inv11.als,classroom_fol,BOTH,36.0,0.119,1.0,0.881
classroom_fol/BOTH/parsed-file3177_inv14.als,classroom_fol,BOTH,38.0,0.265,1.0,0.735
classroom_fol/BOTH/parsed-file317_inv11.als,classroom_fol,BOTH,31.0,0.999,1.0,0.001
classroom_fol/BOTH/parsed-file3188_inv12.als,classroom_fol,BOTH,24.0,0.017,1.0,0.983
classroom_fol/BOTH/parsed-file3191_inv9.als,classroom_fol,BOTH,6.0,0.228,1.0,0.772
classroom_fol/BOTH/parsed-file3192_inv4.als,classroom_fol,BOTH,14.0,0.0,1.0,1.0
classroom_fol/BOTH/parsed-file3195_inv15.als,classroom_fol,BOTH,45.0,0.0,1.0,1.0
classroom_fol/BOTH/parsed-file3198_inv6.als,classroom_fol,BOTH,18.0,0.0,1.0,1.0
classroom_fol/BOTH/parsed-file3202_inv5.als,classroom_fol,BOTH,11.0,0.0,1.0,1.0
classroom_fol/BOTH/parsed-file3203_inv15.als,classroom_fol,BOTH,15.0,0.159,1.0,0.841
classroom_fol/BOTH/parsed-file3204_inv14.als,classroom_fol,BOTH,41.0,0.01,1.0,0.99
classroom_fol/BOTH/parsed-file3215_inv3.als,classroom_fol,BOTH,5.0,1.0,1.0,0.0
classroom_fol/BOTH/parsed-file3226_inv14.als,classroom_fol,BOTH,48.0,0.291,1.0,0.709
classroom_fol/BOTH/parsed-file3229_inv14.als,classroom_fol,BOTH,51.0,0.077,1.0,0.923
classroom_fol/BOTH/parsed-file3230_inv8.als,classroom_fol,BOTH,4.0,0.0,1.0,1.0
classroom_fol/BOTH/parsed-file3232_inv12.als,classroom_fol,BOTH,36.0,0.092,1.0,0.908
classroom_fol/BOTH/parsed-file3234_inv12.als,classroom_fol,BOTH,6.0,0.217,1.0,0.783
classroom_fol/BOTH/parsed-file323_inv14.als,classroom_fol,BOTH,54.0,0.098,1.0,0.902
classroom_fol/BOTH/parsed-file3241_inv7.als,classroom_fol,BOTH,12.0,0.0,1.0,1.0
classroom_fol/BOTH/parsed-file3248_inv13.als,classroom_fol,BOTH,24.0,0.0,1.0,1.0
classroom_fol/BOTH/parsed-file324_inv4.als,classroom_fol,BOTH,9.0,0.0,1.0,1.0
classroom_fol/BOTH/parsed-file3254_inv11.als,classroom_fol,BOTH,20.0,0.081,1.0,0.919
classroom_fol/BOTH/parsed-file3255_inv12.als,classroom_fol,BOTH,22.0,0.299,1.0,0.701
classroom_fol/BOTH/parsed-file3257_inv12.als,classroom_fol,BOTH,13.0,0.001,1.0,0.999
classroom_fol/BOTH/parsed-file3258_inv4.als,classroom_fol,BOTH,2.0,0.0,1.0,1.0
classroom_fol/BOTH/parsed-file3262_inv11.als,classroom_fol,BOTH,12.0,0.0,1.0,1.0
classroom_fol/BOTH/parsed-file3265_inv12.als,classroom_fol,BOTH,12.0,0.017,1.0,0.983
classroom_fol/BOTH/parsed-file3269_inv11.als,classroom_fol,BOTH,19.0,0.096,1.0,0.904
classroom_fol/BOTH/parsed-file3275_inv12.als,classroom_fol,BOTH,6.0,0.0,1.0,1.0
classroom_fol/BOTH/parsed-file3277_inv11.als,classroom_fol,BOTH,14.0,0.099,1.0,0.901
classroom_fol/BOTH/parsed-file3280_inv12.als,classroom_fol,BOTH,24.0,0.217,1.0,0.783
classroom_fol/BOTH/parsed-file3281_inv14.als,classroom_fol,BOTH,39.0,0.098,1.0,0.902
classroom_fol/BOTH/parsed-file3282_inv13.als,classroom_fol,BOTH,29.0,0.001,1.0,0.999
classroom_fol/BOTH/parsed-file3283_inv15.als,classroom_fol,BOTH,29.0,0.498,1.0,0.502
classroom_fol/BOTH/parsed-file3285_inv14.als,classroom_fol,BOTH,39.0,0.098,1.0,0.902
classroom_fol/BOTH/parsed-file328_inv11.als,classroom_fol,BOTH,20.0,0.081,1.0,0.919
classroom_fol/BOTH/parsed-file3296_inv14.als,classroom_fol,BOTH,38.0,0.002,1.0,0.998
classroom_fol/BOTH/parsed-file3300_inv11.als,classroom_fol,BOTH,31.0,0.099,1.0,0.901
classroom_fol/BOTH/parsed-file3301_inv12.als,classroom_fol,BOTH,21.0,0.246,1.0,0.754
classroom_fol/BOTH/parsed-file3305_inv14.als,classroom_fol,BOTH,32.0,0.0,1.0,1.0
classroom_fol/BOTH/parsed-file3307_inv3.als,classroom_fol,BOTH,3.0,1.0,1.0,0.0
classroom_fol/BOTH/parsed-file3318_inv14.als,classroom_fol,BOTH,30.0,0.959,1.0,0.041
classroom_fol/BOTH/parsed-file3319_inv5.als,classroom_fol,BOTH,17.0,0.0,1.0,1.0
classroom_fol/BOTH/parsed-file3320_inv8.als,classroom_fol,BOTH,26.0,0.0,1.0,1.0
classroom_fol/BOTH/parsed-file3322_inv13.als,classroom_fol,BOTH,8.0,0.001,1.0,0.999
classroom_fol/BOTH/parsed-file3330_inv14.als,classroom_fol,BOTH,60.0,0.177,1.0,0.823
classroom_fol/BOTH/parsed-file3333_inv14.als,classroom_fol,BOTH,51.0,0.302,1.0,0.698
classroom_fol/BOTH/parsed-file3342_inv11.als,classroom_fol,BOTH,20.0,0.001,1.0,0.999
classroom_fol/BOTH/parsed-file3343_inv12.als,classroom_fol,BOTH,9.0,1.0,1.0,0.0
classroom_fol/BOTH/parsed-file3348_inv7.als,classroom_fol,BOTH,18.0,0.999,1.0,0.001
classroom_fol/BOTH/parsed-file334_inv15.als,classroom_fol,BOTH,44.0,0.001,1.0,0.999
classroom_fol/BOTH/parsed-file3360_inv9.als,classroom_fol,BOTH,26.0,0.0,1.0,1.0
classroom_fol/BOTH/parsed-file3365_inv14.als,classroom_fol,BOTH,58.0,0.44,1.0,0.56
classroom_fol/BOTH/parsed-file3367_inv12.als,classroom_fol,BOTH,15.0,0.299,1.0,0.701
classroom_fol/BOTH/parsed-file3371_inv9.als,classroom_fol,BOTH,9.0,0.5,1.0,0.501
classroom_fol/BOTH/parsed-file3373_inv13.als,classroom_fol,BOTH,15.0,0.0,1.0,1.0
classroom_fol/BOTH/parsed-file3375_inv12.als,classroom_fol,BOTH,23.0,0.217,1.0,0.783
classroom_fol/BOTH/parsed-file3377_inv11.als,classroom_fol,BOTH,9.0,0.0,1.0,1.0
classroom_fol/BOTH/parsed-file3378_inv12.als,classroom_fol,BOTH,9.0,0.796,1.0,0.204
classroom_fol/BOTH/parsed-file3383_inv12.als,classroom_fol,BOTH,6.0,0.001,1.0,0.999
classroom_fol/BOTH/parsed-file3396_inv11.als,classroom_fol,BOTH,14.0,0.081,1.0,0.919
classroom_fol/BOTH/parsed-file3398_inv8.als,classroom_fol,BOTH,7.0,0.0,1.0,1.0
classroom_fol/BOTH/parsed-file339_inv11.als,classroom_fol,BOTH,31.0,0.999,1.0,0.001
classroom_fol/BOTH/parsed-file339_inv14.als,classroom_fol,BOTH,43.0,0.551,1.0,0.449
classroom_fol/BOTH/parsed-file33_inv12.als,classroom_fol,BOTH,29.0,0.0,1.0,1.0
classroom_fol/BOTH/parsed-file3401_inv11.als,classroom_fol,BOTH,28.0,0.001,1.0,0.999
classroom_fol/BOTH/parsed-file3417_inv8.als,classroom_fol,BOTH,7.0,0.0,1.0,1.0
classroom_fol/BOTH/parsed-file3426_inv4.als,classroom_fol,BOTH,12.0,0.999,1.0,0.001
classroom_fol/BOTH/parsed-file3427_inv14.als,classroom_fol,BOTH,37.0,0.273,1.0,0.727
classroom_fol/BOTH/parsed-file342_inv14.als,classroom_fol,BOTH,22.0,0.315,1.0,0.685
classroom_fol/BOTH/parsed-file3434_inv3.als,classroom_fol,BOTH,3.0,1.0,1.0,0.0
classroom_fol/BOTH/parsed-file3437_inv11.als,classroom_fol,BOTH,31.0,0.897,1.0,0.103
classroom_fol/BOTH/parsed-file3440_inv11.als,classroom_fol,BOTH,14.0,0.001,1.0,0.999
classroom_fol/BOTH/parsed-file3446_inv12.als,classroom_fol,BOTH,29.0,0.115,1.0,0.885
classroom_fol/BOTH/parsed-file3448_inv11.als,classroom_fol,BOTH,33.0,0.999,1.0,0.001
classroom_fol/BOTH/parsed-file3449_inv15.als,classroom_fol,BOTH,53.0,0.0,1.0,1.0
classroom_fol/BOTH/parsed-file3460_inv14.als,classroom_fol,BOTH,41.0,0.362,1.0,0.638
classroom_fol/BOTH/parsed-file3461_inv4.als,classroom_fol,BOTH,3.0,0.999,1.0,0.001
classroom_fol/BOTH/parsed-file3466_inv8.als,classroom_fol,BOTH,26.0,0.0,1.0,1.0
classroom_fol/BOTH/parsed-file3469_inv11.als,classroom_fol,BOTH,23.0,0.016,1.0,0.984
classroom_fol/BOTH/parsed-file3470_inv11.als,classroom_fol,BOTH,37.0,0.001,1.0,0.999
classroom_fol/BOTH/parsed-file3472_inv11.als,classroom_fol,BOTH,25.0,0.0,1.0,1.0
classroom_fol/BOTH/parsed-file3474_inv11.als,classroom_fol,BOTH,38.0,0.001,1.0,0.999
classroom_fol/BOTH/parsed-file3475_inv14.als,classroom_fol,BOTH,41.0,0.001,1.0,0.999
classroom_fol/BOTH/parsed-file3476_inv11.als,classroom_fol,BOTH,36.0,0.169,1.0,0.831
classroom_fol/BOTH/parsed-file3477_inv15.als,classroom_fol,BOTH,37.0,0.746,1.0,0.254
classroom_fol/BOTH/parsed-file3486_inv4.als,classroom_fol,BOTH,12.0,0.999,1.0,0.001
classroom_fol/BOTH/parsed-file3491_inv14.als,classroom_fol,BOTH,32.0,0.48,1.0,0.52
classroom_fol/BOTH/parsed-file3495_inv12.als,classroom_fol,BOTH,29.0,0.115,1.0,0.885
classroom_fol/BOTH/parsed-file3497_inv11.als,classroom_fol,BOTH,45.0,0.0,1.0,1.0
classroom_fol/BOTH/parsed-file3498_inv4.als,classroom_fol,BOTH,14.0,0.0,1.0,1.0
classroom_fol/BOTH/parsed-file3502_inv7.als,classroom_fol,BOTH,8.0,0.999,1.0,0.001
classroom_fol/BOTH/parsed-file3503_inv11.als,classroom_fol,BOTH,31.0,0.102,1.0,0.898
classroom_fol/BOTH/parsed-file3507_inv15.als,classroom_fol,BOTH,20.0,0.0,1.0,1.0
classroom_fol/BOTH/parsed-file3511_inv13.als,classroom_fol,BOTH,24.0,0.249,1.0,0.751
classroom_fol/BOTH/parsed-file3514_inv8.als,classroom_fol,BOTH,7.0,0.0,1.0,1.0
classroom_fol/BOTH/parsed-file3523_inv12.als,classroom_fol,BOTH,29.0,0.275,1.0,0.725
classroom_fol/BOTH/parsed-file3534_inv11.als,classroom_fol,BOTH,30.0,0.898,1.0,0.102
classroom_fol/BOTH/parsed-file3549_inv13.als,classroom_fol,BOTH,24.0,0.0,1.0,1.0
classroom_fol/BOTH/parsed-file354_inv11.als,classroom_fol,BOTH,17.0,0.353,1.0,0.647
classroom_fol/BOTH/parsed-file3555_inv11.als,classroom_fol,BOTH,20.0,0.081,1.0,0.919
classroom_fol/BOTH/parsed-file3560_inv13.als,classroom_fol,BOTH,17.0,0.5,1.0,0.501
classroom_fol/BOTH/parsed-file3562_inv14.als,classroom_fol,BOTH,47.0,0.077,1.0,0.923
classroom_fol/BOTH/parsed-file3563_inv12.als,classroom_fol,BOTH,6.0,0.001,1.0,0.999
classroom_fol/BOTH/parsed-file3564_inv11.als,classroom_fol,BOTH,10.0,0.67,1.0,0.33
classroom_fol/BOTH/parsed-file3574_inv5.als,classroom_fol,BOTH,13.0,0.0,1.0,1.0
classroom_fol/BOTH/parsed-file3577_inv7.als,classroom_fol,BOTH,8.0,0.298,1.0,0.702
classroom_fol/BOTH/parsed-file3578_inv15.als,classroom_fol,BOTH,8.0,0.713,1.0,0.287
classroom_fol/BOTH/parsed-file3584_inv12.als,classroom_fol,BOTH,11.0,0.0,1.0,1.0
classroom_fol/BOTH/parsed-file3585_inv11.als,classroom_fol,BOTH,23.0,0.164,1.0,0.836
classroom_fol/BOTH/parsed-file3598_inv15.als,classroom_fol,BOTH,28.0,0.745,1.0,0.255
classroom_fol/BOTH/parsed-file3602_inv14.als,classroom_fol,BOTH,41.0,0.108,1.0,0.892
classroom_fol/BOTH/parsed-file3610_inv11.als,classroom_fol,BOTH,36.0,0.119,1.0,0.881
classroom_fol/BOTH/parsed-file3614_inv11.als,classroom_fol,BOTH,14.0,0.001,1.0,0.999
classroom_fol/BOTH/parsed-file3620_inv14.als,classroom_fol,BOTH,55.0,0.208,1.0,0.792
classroom_fol/BOTH/parsed-file3624_inv11.als,classroom_fol,BOTH,38.0,0.001,1.0,0.999
classroom_fol/BOTH/parsed-file3625_inv14.als,classroom_fol,BOTH,44.0,0.385,1.0,0.615
classroom_fol/BOTH/parsed-file3637_inv12.als,classroom_fol,BOTH,30.0,0.0,1.0,1.0
classroom_fol/BOTH/parsed-file3641_inv14.als,classroom_fol,BOTH,58.0,0.002,1.0,0.998
classroom_fol/BOTH/parsed-file3648_inv12.als,classroom_fol,BOTH,6.0,0.001,1.0,0.999
classroom_fol/BOTH/parsed-file3652_inv11.als,classroom_fol,BOTH,38.0,0.001,1.0,0.999
classroom_fol/BOTH/parsed-file3654_inv11.als,classroom_fol,BOTH,36.0,0.801,1.0,0.199
classroom_fol/BOTH/parsed-file365_inv11.als,classroom_fol,BOTH,25.0,0.897,1.0,0.103
classroom_fol/BOTH/parsed-file3661_inv11.als,classroom_fol,BOTH,24.0,0.001,1.0,0.999
classroom_fol/BOTH/parsed-file3664_inv11.als,classroom_fol,BOTH,14.0,0.801,1.0,0.199
classroom_fol/BOTH/parsed-file3671_inv9.als,classroom_fol,BOTH,13.0,0.0,1.0,1.0
classroom_fol/BOTH/parsed-file3675_inv12.als,classroom_fol,BOTH,46.0,0.163,1.0,0.837
classroom_fol/BOTH/parsed-file3675_inv14.als,classroom_fol,BOTH,40.0,0.0,1.0,1.0
classroom_fol/BOTH/parsed-file3679_inv14.als,classroom_fol,BOTH,38.0,0.11,1.0,0.89
classroom_fol/BOTH/parsed-file3694_inv12.als,classroom_fol,BOTH,9.0,0.0,1.0,1.0
classroom_fol/BOTH/parsed-file3695_inv11.als,classroom_fol,BOTH,31.0,0.801,1.0,0.199
classroom_fol/BOTH/parsed-file3701_inv14.als,classroom_fol,BOTH,37.0,0.442,1.0,0.558
classroom_fol/BOTH/parsed-file3702_inv14.als,classroom_fol,BOTH,43.0,0.299,1.0,0.701
classroom_fol/BOTH/parsed-file3707_inv2.als,classroom_fol,BOTH,3.0,0.0,1.0,1.0
classroom_fol/BOTH/parsed-file3708_inv14.als,classroom_fol,BOTH,53.0,0.004,1.0,0.996
classroom_fol/BOTH/parsed-file3710_inv14.als,classroom_fol,BOTH,37.0,0.008,1.0,0.992
classroom_fol/BOTH/parsed-file3713_inv11.als,classroom_fol,BOTH,24.0,0.261,1.0,0.739
classroom_fol/BOTH/parsed-file3715_inv11.als,classroom_fol,BOTH,14.0,0.001,1.0,0.999
classroom_fol/BOTH/parsed-file3719_inv11.als,classroom_fol,BOTH,34.0,0.0,1.0,1.0
classroom_fol/BOTH/parsed-file3725_inv12.als,classroom_fol,BOTH,36.0,0.165,1.0,0.835
classroom_fol/BOTH/parsed-file3727_inv12.als,classroom_fol,BOTH,10.0,0.0,1.0,1.0
classroom_fol/BOTH/parsed-file3729_inv12.als,classroom_fol,BOTH,38.0,0.001,1.0,0.999
classroom_fol/BOTH/parsed-file3733_inv2.als,classroom_fol,BOTH,2.0,0.0,1.0,1.0
classroom_fol/BOTH/parsed-file3738_inv6.als,classroom_fol,BOTH,8.0,0.298,1.0,0.702
classroom_fol/BOTH/parsed-file3739_inv4.als,classroom_fol,BOTH,12.0,0.0,1.0,1.0
classroom_fol/BOTH/parsed-file3740_inv14.als,classroom_fol,BOTH,37.0,0.019,1.0,0.981
classroom_fol/BOTH/parsed-file3741_inv12.als,classroom_fol,BOTH,6.0,0.001,1.0,0.999
classroom_fol/BOTH/parsed-file3747_inv12.als,classroom_fol,BOTH,41.0,0.299,1.0,0.701
classroom_fol/BOTH/parsed-file3751_inv4.als,classroom_fol,BOTH,14.0,0.0,1.0,1.0
classroom_fol/BOTH/parsed-file3759_inv15.als,classroom_fol,BOTH,14.0,1.0,1.0,0.0
classroom_fol/BOTH/parsed-file3764_inv7.als,classroom_fol,BOTH,18.0,0.999,1.0,0.001
classroom_fol/BOTH/parsed-file3776_inv11.als,classroom_fol,BOTH,24.0,0.01,1.0,0.99
classroom_fol/BOTH/parsed-file3782_inv11.als,classroom_fol,BOTH,37.0,0.0,1.0,1.0
classroom_fol/BOTH/parsed-file3783_inv12.als,classroom_fol,BOTH,23.0,0.0,1.0,1.0
classroom_fol/BOTH/parsed-file378_inv14.als,classroom_fol,BOTH,37.0,0.544,1.0,0.456
classroom_fol/BOTH/parsed-file3793_inv12.als,classroom_fol,BOTH,9.0,0.001,1.0,0.999
classroom_fol/BOTH/parsed-file3794_inv15.als,classroom_fol,BOTH,10.0,0.0,1.0,1.0
classroom_fol/BOTH/parsed-file3796_inv4.als,classroom_fol,BOTH,12.0,0.0,1.0,1.0
classroom_fol/BOTH/parsed-file3799_inv4.als,classroom_fol,BOTH,3.0,0.999,1.0,0.001
classroom_fol/BOTH/parsed-file379_inv12.als,classroom_fol,BOTH,22.0,0.024,1.0,0.976
classroom_fol/BOTH/parsed-file3804_inv14.als,classroom_fol,BOTH,26.0,0.216,1.0,0.784
classroom_fol/BOTH/parsed-file3805_inv5.als,classroom_fol,BOTH,26.0,0.224,1.0,0.776
classroom_fol/BOTH/parsed-file3809_inv12.als,classroom_fol,BOTH,14.0,0.0,1.0,1.0
classroom_fol/BOTH/parsed-file3810_inv11.als,classroom_fol,BOTH,37.0,0.096,1.0,0.904
classroom_fol/BOTH/parsed-file3811_inv11.als,classroom_fol,BOTH,24.0,0.261,1.0,0.739
classroom_fol/BOTH/parsed-file3813_inv9.als,classroom_fol,BOTH,13.0,0.5,1.0,0.501
classroom_fol/BOTH/parsed-file3815_inv14.als,classroom_fol,BOTH,43.0,0.374,1.0,0.626
classroom_fol/BOTH/parsed-file3816_inv14.als,classroom_fol,BOTH,63.0,0.002,1.0,0.998
classroom_fol/BOTH/parsed-file3820_inv12.als,classroom_fol,BOTH,30.0,0.0,1.0,1.0
classroom_fol/BOTH/parsed-file3830_inv3.als,classroom_fol,BOTH,5.0,1.0,1.0,0.0
classroom_fol/BOTH/parsed-file3840_inv4.als,classroom_fol,BOTH,14.0,0.0,1.0,1.0
classroom_fol/BOTH/parsed-file3841_inv12.als,classroom_fol,BOTH,24.0,0.017,1.0,0.983
classroom_fol/BOTH/parsed-file3841_inv15.als,classroom_fol,BOTH,25.0,0.752,1.0,0.248
classroom_fol/BOTH/parsed-file384_inv11.als,classroom_fol,BOTH,25.0,0.0,1.0,1.0
classroom_fol/BOTH/parsed-file3850_inv14.als,classroom_fol,BOTH,51.0,0.57,1.0,0.43
classroom_fol/BOTH/parsed-file3853_inv8.als,classroom_fol,BOTH,31.0,0.0,1.0,1.0
classroom_fol/BOTH/parsed-file3861_inv13.als,classroom_fol,BOTH,14.0,0.47,1.0,0.53
classroom_fol/BOTH/parsed-file3862_inv14.als,classroom_fol,BOTH,56.0,0.375,1.0,0.625
classroom_fol/BOTH/parsed-file3873_inv4.als,classroom_fol,BOTH,14.0,0.0,1.0,1.0
classroom_fol/BOTH/parsed-file3883_inv2.als,classroom_fol,BOTH,2.0,0.0,1.0,1.0
classroom_fol/BOTH/parsed-file3894_inv14.als,classroom_fol,BOTH,41.0,0.01,1.0,0.99
classroom_fol/BOTH/parsed-file3895_inv15.als,classroom_fol,BOTH,10.0,0.0,1.0,1.0
classroom_fol/BOTH/parsed-file3896_inv11.als,classroom_fol,BOTH,10.0,0.999,1.0,0.001
classroom_fol/BOTH/parsed-file3909_inv13.als,classroom_fol,BOTH,14.0,0.001,1.0,0.999
classroom_fol/BOTH/parsed-file3922_inv6.als,classroom_fol,BOTH,8.0,0.298,1.0,0.702
classroom_fol/BOTH/parsed-file3924_inv12.als,classroom_fol,BOTH,36.0,0.182,1.0,0.818
classroom_fol/BOTH/parsed-file3928_inv11.als,classroom_fol,BOTH,23.0,0.455,1.0,0.545
classroom_fol/BOTH/parsed-file3934_inv14.als,classroom_fol,BOTH,44.0,0.182,1.0,0.818
classroom_fol/BOTH/parsed-file3936_inv15.als,classroom_fol,BOTH,54.0,0.746,1.0,0.254
classroom_fol/BOTH/parsed-file3941_inv14.als,classroom_fol,BOTH,38.0,0.236,1.0,0.764
classroom_fol/BOTH/parsed-file3947_inv11.als,classroom_fol,BOTH,34.0,0.307,1.0,0.693
classroom_fol/BOTH/parsed-file3951_inv11.als,classroom_fol,BOTH,38.0,0.0,1.0,1.0
classroom_fol/BOTH/parsed-file3952_inv12.als,classroom_fol,BOTH,33.0,0.0,1.0,1.0
classroom_fol/BOTH/parsed-file3959_inv11.als,classroom_fol,BOTH,36.0,0.67,1.0,0.33
classroom_fol/BOTH/parsed-file3962_inv11.als,classroom_fol,BOTH,26.0,0.081,1.0,0.919
classroom_fol/BOTH/parsed-file3964_inv5.als,classroom_fol,BOTH,8.0,0.0,1.0,1.0
classroom_fol/BOTH/parsed-file396_inv7.als,classroom_fol,BOTH,18.0,0.999,1.0,0.001
classroom_fol/BOTH/parsed-file3970_inv13.als,classroom_fol,BOTH,25.0,0.001,1.0,0.999
classroom_fol/BOTH/parsed-file3972_inv4.als,classroom_fol,BOTH,2.0,0.0,1.0,1.0
classroom_fol/BOTH/parsed-file3975_inv12.als,classroom_fol,BOTH,27.0,0.024,1.0,0.976
classroom_fol/BOTH/parsed-file397_inv11.als,classroom_fol,BOTH,10.0,0.898,1.0,0.102
classroom_fol/BOTH/parsed-file3982_inv14.als,classroom_fol,BOTH,28.0,0.216,1.0,0.784
classroom_fol/BOTH/parsed-file3988_inv11.als,classroom_fol,BOTH,35.0,0.096,1.0,0.904
classroom_fol/BOTH/parsed-file3989_inv14.als,classroom_fol,BOTH,51.0,0.001,1.0,0.999
classroom_fol/BOTH/parsed-file3991_inv5.als,classroom_fol,BOTH,17.0,0.298,1.0,0.702
classroom_fol/BOTH/parsed-file3999_inv14.als,classroom_fol,BOTH,42.0,0.358,1.0,0.642
classroom_fol/BOTH/parsed-file39_inv11.als,classroom_fol,BOTH,10.0,0.096,1.0,0.904
classroom_fol/BOTH/parsed-file4004_inv14.als,classroom_fol,BOTH,39.0,0.098,1.0,0.902
classroom_fol/BOTH/parsed-file4009_inv3.als,classroom_fol,BOTH,12.0,1.0,1.0,0.0
classroom_fol/BOTH/parsed-file4013_inv11.als,classroom_fol,BOTH,10.0,0.0,1.0,1.0
classroom_fol/BOTH/parsed-file4016_inv11.als,classroom_fol,BOTH,36.0,0.0,1.0,1.0
classroom_fol/BOTH/parsed-file4016_inv4.als,classroom_fol,BOTH,12.0,0.999,1.0,0.001
classroom_fol/BOTH/parsed-file401_inv14.als,classroom_fol,BOTH,25.0,0.293,1.0,0.707
classroom_fol/BOTH/parsed-file4023_inv8.als,classroom_fol,BOTH,40.0,0.0,1.0,1.0
classroom_fol/BOTH/parsed-file4029_inv12.als,classroom_fol,BOTH,35.0,0.0,1.0,1.0
classroom_fol/BOTH/parsed-file4032_inv12.als,classroom_fol,BOTH,13.0,0.017,1.0,0.983
classroom_fol/BOTH/parsed-file4034_inv12.als,classroom_fol,BOTH,34.0,0.712,1.0,0.288
classroom_fol/BOTH/parsed-file4035_inv11.als,classroom_fol,BOTH,19.0,0.261,1.0,0.739
classroom_fol/BOTH/parsed-file4035_inv12.als,classroom_fol,BOTH,3.0,0.017,1.0,0.983
classroom_fol/BOTH/parsed-file4037_inv10.als,classroom_fol,BOTH,10.0,0.0,1.0,1.0
classroom_fol/BOTH/parsed-file4038_inv11.als,classroom_fol,BOTH,23.0,0.016,1.0,0.984
classroom_fol/BOTH/parsed-file4041_inv12.als,classroom_fol,BOTH,23.0,0.217,1.0,0.783
classroom_fol/BOTH/parsed-file4041_inv13.als,classroom_fol,BOTH,19.0,0.47,1.0,0.53
classroom_fol/BOTH/parsed-file4042_inv5.als,classroom_fol,BOTH,13.0,0.0,1.0,1.0
classroom_fol/BOTH/parsed-file4059_inv12.als,classroom_fol,BOTH,1.0,0.017,1.0,0.983
classroom_fol/BOTH/parsed-file4059_inv13.als,classroom_fol,BOTH,10.0,0.47,1.0,0.53
classroom_fol/BOTH/parsed-file4060_inv11.als,classroom_fol,BOTH,31.0,0.001,1.0,0.999
classroom_fol/BOTH/parsed-file4062_inv4.als,classroom_fol,BOTH,29.0,0.999,1.0,0.001
classroom_fol/BOTH/parsed-file4066_inv11.als,classroom_fol,BOTH,36.0,0.801,1.0,0.199
classroom_fol/BOTH/parsed-file4072_inv9.als,classroom_fol,BOTH,14.0,0.001,1.0,0.999
classroom_fol/BOTH/parsed-file4079_inv4.als,classroom_fol,BOTH,14.0,0.0,1.0,1.0
classroom_fol/BOTH/parsed-file4082_inv4.als,classroom_fol,BOTH,5.0,0.0,1.0,1.0
classroom_fol/BOTH/parsed-file408_inv14.als,classroom_fol,BOTH,40.0,0.0,1.0,1.0
classroom_fol/BOTH/parsed-file4096_inv14.als,classroom_fol,BOTH,58.0,0.381,1.0,0.619
classroom_fol/BOTH/parsed-file4100_inv9.als,classroom_fol,BOTH,6.0,0.5,1.0,0.501
classroom_fol/BOTH/parsed-file4109_inv5.als,classroom_fol,BOTH,4.0,0.999,1.0,0.001
classroom_fol/BOTH/parsed-file4116_inv11.als,classroom_fol,BOTH,19.0,0.096,1.0,0.904
classroom_fol/BOTH/parsed-file4119_inv3.als,classroom_fol,BOTH,12.0,1.0,1.0,0.0
classroom_fol/BOTH/parsed-file411_inv11.als,classroom_fol,BOTH,36.0,0.096,1.0,0.904
classroom_fol/BOTH/parsed-file4121_inv12.als,classroom_fol,BOTH,6.0,0.001,1.0,0.999
classroom_fol/BOTH/parsed-file4126_inv12.als,classroom_fol,BOTH,6.0,0.001,1.0,0.999
classroom_fol/BOTH/parsed-file4127_inv11.als,classroom_fol,BOTH,14.0,0.081,1.0,0.919
classroom_fol/BOTH/parsed-file4128_inv15.als,classroom_fol,BOTH,10.0,0.0,1.0,1.0
classroom_fol/BOTH/parsed-file4129_inv7.als,classroom_fol,BOTH,12.0,0.0,1.0,1.0
classroom_fol/BOTH/parsed-file4134_inv13.als,classroom_fol,BOTH,13.0,0.001,1.0,0.999
classroom_fol/BOTH/parsed-file4140_inv11.als,classroom_fol,BOTH,31.0,0.999,1.0,0.001
classroom_fol/BOTH/parsed-file4146_inv14.als,classroom_fol,BOTH,58.0,0.002,1.0,0.998
classroom_fol/BOTH/parsed-file4147_inv14.als,classroom_fol,BOTH,61.0,0.055,1.0,0.945
classroom_fol/BOTH/parsed-file4149_inv11.als,classroom_fol,BOTH,14.0,0.361,1.0,0.639
classroom_fol/BOTH/parsed-file4154_inv11.als,classroom_fol,BOTH,10.0,0.016,1.0,0.984
classroom_fol/BOTH/parsed-file4157_inv14.als,classroom_fol,BOTH,28.0,0.415,1.0,0.585
classroom_fol/BOTH/parsed-file4159_inv14.als,classroom_fol,BOTH,40.0,0.001,1.0,0.999
classroom_fol/BOTH/parsed-file4163_inv14.als,classroom_fol,BOTH,39.0,0.055,1.0,0.945
classroom_fol/BOTH/parsed-file4164_inv14.als,classroom_fol,BOTH,26.0,0.216,1.0,0.784
classroom_fol/BOTH/parsed-file4166_inv14.als,classroom_fol,BOTH,39.0,0.102,1.0,0.898
classroom_fol/BOTH/parsed-file4176_inv14.als,classroom_fol,BOTH,46.0,0.456,1.0,0.544
classroom_fol/BOTH/parsed-file4183_inv12.als,classroom_fol,BOTH,24.0,0.017,1.0,0.983
classroom_fol/BOTH/parsed-file418_inv11.als,classroom_fol,BOTH,14.0,0.0,1.0,1.0
classroom_fol/BOTH/parsed-file4190_inv15.als,classroom_fol,BOTH,34.0,0.001,1.0,0.999
classroom_fol/BOTH/parsed-file4193_inv14.als,classroom_fol,BOTH,28.0,0.429,1.0,0.571
classroom_fol/BOTH/parsed-file4203_inv14.als,classroom_fol,BOTH,37.0,0.008,1.0,0.992
classroom_fol/BOTH/parsed-file4208_inv12.als,classroom_fol,BOTH,18.0,0.239,1.0,0.761
classroom_fol/BOTH/parsed-file4209_inv11.als,classroom_fol,BOTH,37.0,0.001,1.0,0.999
classroom_fol/BOTH/parsed-file4212_inv11.als,classroom_fol,BOTH,37.0,0.001,1.0,0.999
classroom_fol/BOTH/parsed-file4217_inv5.als,classroom_fol,BOTH,8.0,0.298,1.0,0.702
classroom_fol/BOTH/parsed-file4218_inv11.als,classroom_fol,BOTH,30.0,0.0,1.0,1.0
classroom_fol/BOTH/parsed-file4221_inv4.als,classroom_fol,BOTH,10.0,0.0,1.0,1.0
classroom_fol/BOTH/parsed-file4222_inv8.als,classroom_fol,BOTH,41.0,0.0,1.0,1.0
classroom_fol/BOTH/parsed-file4227_inv11.als,classroom_fol,BOTH,19.0,0.0,1.0,1.0
classroom_fol/BOTH/parsed-file4231_inv14.als,classroom_fol,BOTH,46.0,0.294,1.0,0.706
classroom_fol/BOTH/parsed-file4232_inv5.als,classroom_fol,BOTH,11.0,0.999,1.0,0.001
classroom_fol/BOTH/parsed-file4233_inv11.als,classroom_fol,BOTH,36.0,0.169,1.0,0.831
classroom_fol/BOTH/parsed-file4237_inv13.als,classroom_fol,BOTH,19.0,0.47,1.0,0.53
classroom_fol/BOTH/parsed-file4239_inv11.als,classroom_fol,BOTH,31.0,0.361,1.0,0.639
classroom_fol/BOTH/parsed-file4242_inv12.als,classroom_fol,BOTH,24.0,0.017,1.0,0.983
classroom_fol/BOTH/parsed-file4246_inv12.als,classroom_fol,BOTH,9.0,0.017,1.0,0.983
classroom_fol/BOTH/parsed-file4262_inv12.als,classroom_fol,BOTH,9.0,0.953,1.0,0.047
classroom_fol/BOTH/parsed-file4264_inv11.als,classroom_fol,BOTH,37.0,0.001,1.0,0.999
classroom_fol/BOTH/parsed-file4265_inv11.als,classroom_fol,BOTH,33.0,0.099,1.0,0.901
classroom_fol/BOTH/parsed-file4266_inv12.als,classroom_fol,BOTH,24.0,0.017,1.0,0.983
classroom_fol/BOTH/parsed-file4267_inv11.als,classroom_fol,BOTH,37.0,0.016,1.0,0.984
classroom_fol/BOTH/parsed-file4269_inv5.als,classroom_fol,BOTH,19.0,0.999,1.0,0.001
classroom_fol/BOTH/parsed-file427_inv11.als,classroom_fol,BOTH,19.0,0.801,1.0,0.199
classroom_fol/BOTH/parsed-file4283_inv4.als,classroom_fol,BOTH,2.0,0.0,1.0,1.0
classroom_fol/BOTH/parsed-file4284_inv5.als,classroom_fol,BOTH,19.0,0.298,1.0,0.702
classroom_fol/BOTH/parsed-file4286_inv13.als,classroom_fol,BOTH,16.0,0.001,1.0,0.999
classroom_fol/BOTH/parsed-file4292_inv14.als,classroom_fol,BOTH,19.0,0.449,1.0,0.551
classroom_fol/BOTH/parsed-file4298_inv11.als,classroom_fol,BOTH,31.0,0.999,1.0,0.001
classroom_fol/BOTH/parsed-file4300_inv14.als,classroom_fol,BOTH,37.0,0.019,1.0,0.981
classroom_fol/BOTH/parsed-file4301_inv11.als,classroom_fol,BOTH,30.0,0.01,1.0,0.99
classroom_fol/BOTH/parsed-file4307_inv14.als,classroom_fol,BOTH,55.0,0.279,1.0,0.721
classroom_fol/BOTH/parsed-file4308_inv14.als,classroom_fol,BOTH,45.0,0.381,1.0,0.619
classroom_fol/BOTH/parsed-file430_inv11.als,classroom_fol,BOTH,31.0,0.999,1.0,0.001
classroom_fol/BOTH/parsed-file4318_inv11.als,classroom_fol,BOTH,14.0,0.081,1.0,0.919
classroom_fol/BOTH/parsed-file4319_inv15.als,classroom_fol,BOTH,31.0,0.746,1.0,0.254
classroom_fol/BOTH/parsed-file4324_inv11.als,classroom_fol,BOTH,36.0,0.688,1.0,0.312
classroom_fol/BOTH/parsed-file4328_inv14.als,classroom_fol,BOTH,54.0,0.098,1.0,0.902
classroom_fol/BOTH/parsed-file4329_inv11.als,classroom_fol,BOTH,31.0,0.801,1.0,0.199
classroom_fol/BOTH/parsed-file432_inv12.als,classroom_fol,BOTH,24.0,0.017,1.0,0.983
classroom_fol/BOTH/parsed-file4335_inv11.als,classroom_fol,BOTH,14.0,0.001,1.0,0.999
classroom_fol/BOTH/parsed-file4336_inv12.als,classroom_fol,BOTH,29.0,0.275,1.0,0.725
classroom_fol/BOTH/parsed-file4337_inv14.als,classroom_fol,BOTH,57.0,0.13,1.0,0.87
classroom_fol/BOTH/parsed-file4344_inv12.als,classroom_fol,BOTH,30.0,0.0,1.0,1.0
classroom_fol/BOTH/parsed-file434_inv12.als,classroom_fol,BOTH,23.0,0.246,1.0,0.754
classroom_fol/BOTH/parsed-file4363_inv12.als,classroom_fol,BOTH,6.0,0.001,1.0,0.999
classroom_fol/BOTH/parsed-file4364_inv11.als,classroom_fol,BOTH,27.0,0.261,1.0,0.739
classroom_fol/BOTH/parsed-file4365_inv11.als,classroom_fol,BOTH,40.0,0.454,1.0,0.546
classroom_fol/BOTH/parsed-file4370_inv5.als,classroom_fol,BOTH,19.0,0.999,1.0,0.001
classroom_fol/BOTH/parsed-file4376_inv11.als,classroom_fol,BOTH,20.0,0.081,1.0,0.919
classroom_fol/BOTH/parsed-file4381_inv11.als,classroom_fol,BOTH,37.0,0.081,1.0,0.919
classroom_fol/BOTH/parsed-file4383_inv12.als,classroom_fol,BOTH,6.0,0.001,1.0,0.999
classroom_fol/BOTH/parsed-file4388_inv11.als,classroom_fol,BOTH,24.0,0.01,1.0,0.99
classroom_fol/BOTH/parsed-file438_inv15.als,classroom_fol,BOTH,46.0,0.0,1.0,1.0
classroom_fol/BOTH/parsed-file4394_inv12.als,classroom_fol,BOTH,30.0,0.001,1.0,0.999
classroom_fol/BOTH/parsed-file4397_inv9.als,classroom_fol,BOTH,9.0,0.5,1.0,0.501
classroom_fol/BOTH/parsed-file4399_inv8.als,classroom_fol,BOTH,4.0,0.422,1.0,0.578
classroom_fol/BOTH/parsed-file43_inv13.als,classroom_fol,BOTH,20.0,0.001,1.0,1.0
classroom_fol/BOTH/parsed-file4401_inv11.als,classroom_fol,BOTH,34.0,0.0,1.0,1.0
classroom_fol/BOTH/parsed-file4401_inv15.als,classroom_fol,BOTH,29.0,0.498,1.0,0.502
classroom_fol/BOTH/parsed-file4408_inv11.als,classroom_fol,BOTH,31.0,0.001,1.0,0.999
classroom_fol/BOTH/parsed-file4410_inv9.als,classroom_fol,BOTH,13.0,0.5,1.0,0.501
classroom_fol/BOTH/parsed-file4413_inv11.als,classroom_fol,BOTH,30.0,0.119,1.0,0.881
classroom_fol/BOTH/parsed-file4425_inv14.als,classroom_fol,BOTH,27.0,0.455,1.0,0.545
classroom_fol/BOTH/parsed-file4427_inv6.als,classroom_fol,BOTH,18.0,0.298,1.0,0.702
classroom_fol/BOTH/parsed-file4434_inv11.als,classroom_fol,BOTH,32.0,0.24,1.0,0.76
classroom_fol/BOTH/parsed-file4438_inv11.als,classroom_fol,BOTH,36.0,0.316,1.0,0.684
classroom_fol/BOTH/parsed-file4441_inv7.als,classroom_fol,BOTH,19.0,0.298,1.0,0.702
classroom_fol/BOTH/parsed-file4442_inv14.als,classroom_fol,BOTH,54.0,0.381,1.0,0.619
classroom_fol/BOTH/parsed-file4443_inv11.als,classroom_fol,BOTH,14.0,0.361,1.0,0.639
classroom_fol/BOTH/parsed-file4444_inv12.als,classroom_fol,BOTH,6.0,0.712,1.0,0.288
classroom_fol/BOTH/parsed-file4454_inv12.als,classroom_fol,BOTH,6.0,0.0,1.0,1.0
classroom_fol/BOTH/parsed-file4455_inv3.als,classroom_fol,BOTH,12.0,0.0,1.0,1.0
classroom_fol/BOTH/parsed-file4471_inv14.als,classroom_fol,BOTH,30.0,0.115,1.0,0.885
classroom_fol/BOTH/parsed-file4473_inv12.als,classroom_fol,BOTH,13.0,0.017,1.0,0.983
classroom_fol/BOTH/parsed-file4474_inv11.als,classroom_fol,BOTH,14.0,0.001,1.0,0.999
classroom_fol/BOTH/parsed-file4475_inv11.als,classroom_fol,BOTH,24.0,0.261,1.0,0.739
classroom_fol/BOTH/parsed-file4476_inv11.als,classroom_fol,BOTH,22.0,0.001,1.0,0.999
classroom_fol/BOTH/parsed-file4477_inv12.als,classroom_fol,BOTH,35.0,0.121,1.0,0.879
classroom_fol/BOTH/parsed-file4492_inv14.als,classroom_fol,BOTH,38.0,0.489,1.0,0.511
classroom_fol/BOTH/parsed-file4497_inv4.als,classroom_fol,BOTH,2.0,0.0,1.0,1.0
classroom_fol/BOTH/parsed-file449_inv11.als,classroom_fol,BOTH,24.0,0.261,1.0,0.739
classroom_fol/BOTH/parsed-file4502_inv12.als,classroom_fol,BOTH,30.0,0.0,1.0,1.0
classroom_fol/BOTH/parsed-file4515_inv14.als,classroom_fol,BOTH,41.0,0.363,1.0,0.637
classroom_fol/BOTH/parsed-file4518_inv11.als,classroom_fol,BOTH,38.0,0.001,1.0,0.999
classroom_fol/BOTH/parsed-file4519_inv11.als,classroom_fol,BOTH,14.0,0.0,1.0,1.0
classroom_fol/BOTH/parsed-file4526_inv5.als,classroom_fol,BOTH,11.0,0.999,1.0,0.001
classroom_fol/BOTH/parsed-file4530_inv11.als,classroom_fol,BOTH,31.0,0.0,1.0,1.0
classroom_fol/BOTH/parsed-file4544_inv12.als,classroom_fol,BOTH,6.0,0.001,1.0,0.999
classroom_fol/BOTH/parsed-file4551_inv11.als,classroom_fol,BOTH,23.0,0.016,1.0,0.984
classroom_fol/BOTH/parsed-file4554_inv13.als,classroom_fol,BOTH,24.0,0.532,1.0,0.468
classroom_fol/BOTH/parsed-file4555_inv14.als,classroom_fol,BOTH,37.0,0.472,1.0,0.528
classroom_fol/BOTH/parsed-file455_inv14.als,classroom_fol,BOTH,49.0,0.377,1.0,0.623
classroom_fol/BOTH/parsed-file456_inv14.als,classroom_fol,BOTH,37.0,0.003,1.0,0.997
classroom_fol/BOTH/parsed-file4573_inv12.als,classroom_fol,BOTH,37.0,0.001,1.0,0.999
classroom_fol/BOTH/parsed-file4581_inv12.als,classroom_fol,BOTH,35.0,0.0,1.0,1.0
classroom_fol/BOTH/parsed-file4582_inv12.als,classroom_fol,BOTH,30.0,0.001,1.0,0.999
classroom_fol/BOTH/parsed-file4583_inv13.als,classroom_fol,BOTH,26.0,0.0,1.0,1.0
classroom_fol/BOTH/parsed-file4584_inv5.als,classroom_fol,BOTH,19.0,0.701,1.0,0.299
classroom_fol/BOTH/parsed-file4588_inv1.als,classroom_fol,BOTH,10.0,0.0,1.0,1.0
classroom_fol/BOTH/parsed-file4591_inv11.als,classroom_fol,BOTH,37.0,0.0,1.0,1.0
classroom_fol/BOTH/parsed-file4595_inv5.als,classroom_fol,BOTH,19.0,0.999,1.0,0.001
classroom_fol/BOTH/parsed-file4598_inv15.als,classroom_fol,BOTH,40.0,0.0,1.0,1.0
classroom_fol/BOTH/parsed-file4599_inv3.als,classroom_fol,BOTH,12.0,0.0,1.0,1.0
classroom_fol/BOTH/parsed-file4601_inv5.als,classroom_fol,BOTH,5.0,0.0,1.0,1.0
classroom_fol/BOTH/parsed-file4603_inv12.als,classroom_fol,BOTH,13.0,0.001,1.0,0.999
classroom_fol/BOTH/parsed-file4604_inv6.als,classroom_fol,BOTH,21.0,0.298,1.0,0.702
classroom_fol/BOTH/parsed-file4607_inv7.als,classroom_fol,BOTH,1.0,0.0,1.0,1.0
classroom_fol/BOTH/parsed-file4611_inv11.als,classroom_fol,BOTH,39.0,0.316,1.0,0.684
classroom_fol/BOTH/parsed-file4611_inv12.als,classroom_fol,BOTH,29.0,0.0,1.0,1.0
classroom_fol/BOTH/parsed-file4618_inv14.als,classroom_fol,BOTH,29.0,0.197,1.0,0.803
classroom_fol/BOTH/parsed-file4624_inv11.als,classroom_fol,BOTH,24.0,0.01,1.0,0.99
classroom_fol/BOTH/parsed-file4629_inv5.als,classroom_fol,BOTH,11.0,0.999,1.0,0.001
classroom_fol/BOTH/parsed-file4632_inv11.als,classroom_fol,BOTH,35.0,0.169,1.0,0.831
classroom_fol/BOTH/parsed-file4640_inv14.als,classroom_fol,BOTH,35.0,0.151,1.0,0.849
classroom_fol/BOTH/parsed-file4650_inv8.als,classroom_fol,BOTH,8.0,0.422,1.0,0.578
classroom_fol/BOTH/parsed-file4652_inv6.als,classroom_fol,BOTH,18.0,0.298,1.0,0.702
classroom_fol/BOTH/parsed-file4653_inv11.als,classroom_fol,BOTH,10.0,0.0,1.0,1.0
classroom_fol/BOTH/parsed-file4655_inv2.als,classroom_fol,BOTH,3.0,0.0,1.0,1.0
classroom_fol/BOTH/parsed-file4658_inv9.als,classroom_fol,BOTH,9.0,0.5,1.0,0.501
classroom_fol/BOTH/parsed-file465_inv11.als,classroom_fol,BOTH,9.0,0.261,1.0,0.739
classroom_fol/BOTH/parsed-file4664_inv14.als,classroom_fol,BOTH,38.0,0.135,1.0,0.865
classroom_fol/BOTH/parsed-file4667_inv11.als,classroom_fol,BOTH,36.0,0.107,1.0,0.893
classroom_fol/BOTH/parsed-file4668_inv15.als,classroom_fol,BOTH,54.0,0.746,1.0,0.254
classroom_fol/BOTH/parsed-file4676_inv15.als,classroom_fol,BOTH,23.0,0.745,1.0,0.255
classroom_fol/BOTH/parsed-file4677_inv11.als,classroom_fol,BOTH,39.0,0.0,1.0,1.0
classroom_fol/BOTH/parsed-file4680_inv14.als,classroom_fol,BOTH,57.0,0.102,1.0,0.898
classroom_fol/BOTH/parsed-file4687_inv4.als,classroom_fol,BOTH,14.0,0.0,1.0,1.0
classroom_fol/BOTH/parsed-file4688_inv11.als,classroom_fol,BOTH,14.0,0.361,1.0,0.639
classroom_fol/BOTH/parsed-file4691_inv14.als,classroom_fol,BOTH,45.0,0.377,1.0,0.623
classroom_fol/BOTH/parsed-file4696_inv4.als,classroom_fol,BOTH,17.0,0.0,1.0,1.0
classroom_fol/BOTH/parsed-file4697_inv11.als,classroom_fol,BOTH,37.0,0.309,1.0,0.691
classroom_fol/BOTH/parsed-file4699_inv12.als,classroom_fol,BOTH,23.0,0.217,1.0,0.783
classroom_fol/BOTH/parsed-file469_inv11.als,classroom_fol,BOTH,10.0,0.67,1.0,0.33
classroom_fol/BOTH/parsed-file46_inv15.als,classroom_fol,BOTH,26.0,0.0,1.0,1.0
classroom_fol/BOTH/parsed-file4701_inv12.als,classroom_fol,BOTH,13.0,0.017,1.0,0.983
classroom_fol/BOTH/parsed-file4702_inv14.als,classroom_fol,BOTH,57.0,0.373,1.0,0.627
classroom_fol/BOTH/parsed-file4705_inv14.als,classroom_fol,BOTH,38.0,0.176,1.0,0.824
classroom_fol/BOTH/parsed-file4709_inv11.als,classroom_fol,BOTH,24.0,0.261,1.0,0.739
classroom_fol/BOTH/parsed-file4710_inv11.als,classroom_fol,BOTH,36.0,0.801,1.0,0.199
classroom_fol/BOTH/parsed-file4718_inv8.als,classroom_fol,BOTH,26.0,0.0,1.0,1.0
classroom_fol/BOTH/parsed-file4719_inv14.als,classroom_fol,BOTH,37.0,0.032,1.0,0.968
classroom_fol/BOTH/parsed-file4724_inv12.als,classroom_fol,BOTH,24.0,0.017,1.0,0.983
classroom_fol/BOTH/parsed-file472_inv14.als,classroom_fol,BOTH,48.0,0.008,1.0,0.992
classroom_fol/BOTH/parsed-file4732_inv14.als,classroom_fol,BOTH,33.0,0.273,1.0,0.727
classroom_fol/BOTH/parsed-file474_inv11.als,classroom_fol,BOTH,20.0,0.081,1.0,0.919
classroom_fol/BOTH/parsed-file476_inv11.als,classroom_fol,BOTH,19.0,0.096,1.0,0.904
classroom_fol/BOTH/parsed-file483_inv5.als,classroom_fol,BOTH,19.0,0.999,1.0,0.001
classroom_fol/BOTH/parsed-file484_inv14.als,classroom_fol,BOTH,57.0,0.002,1.0,0.998
classroom_fol/BOTH/parsed-file495_inv12.als,classroom_fol,BOTH,38.0,0.001,1.0,0.999
classroom_fol/BOTH/parsed-file496_inv11.als,classroom_fol,BOTH,29.0,0.001,1.0,0.999
classroom_fol/BOTH/parsed-file497_inv12.als,classroom_fol,BOTH,40.0,0.017,1.0,0.983
classroom_fol/BOTH/parsed-file499_inv11.als,classroom_fol,BOTH,36.0,0.107,1.0,0.893
classroom_fol/BOTH/parsed-file504_inv7.als,classroom_fol,BOTH,1.0,0.0,1.0,1.0
classroom_fol/BOTH/parsed-file513_inv11.als,classroom_fol,BOTH,10.0,0.0,1.0,1.0
classroom_fol/BOTH/parsed-file516_inv12.als,classroom_fol,BOTH,36.0,0.166,1.0,0.834
classroom_fol/BOTH/parsed-file520_inv11.als,classroom_fol,BOTH,20.0,0.001,1.0,0.999
classroom_fol/BOTH/parsed-file522_inv6.als,classroom_fol,BOTH,26.0,0.5,1.0,0.5
classroom_fol/BOTH/parsed-file528_inv12.als,classroom_fol,BOTH,36.0,0.182,1.0,0.818
classroom_fol/BOTH/parsed-file539_inv13.als,classroom_fol,BOTH,10.0,0.0,1.0,1.0
classroom_fol/BOTH/parsed-file540_inv12.als,classroom_fol,BOTH,24.0,0.017,1.0,0.983
classroom_fol/BOTH/parsed-file545_inv14.als,classroom_fol,BOTH,37.0,0.718,1.0,0.282
classroom_fol/BOTH/parsed-file546_inv5.als,classroom_fol,BOTH,19.0,0.298,1.0,0.702
classroom_fol/BOTH/parsed-file550_inv12.als,classroom_fol,BOTH,25.0,0.024,1.0,0.976
classroom_fol/BOTH/parsed-file550_inv14.als,classroom_fol,BOTH,33.0,0.235,1.0,0.765
classroom_fol/BOTH/parsed-file551_inv13.als,classroom_fol,BOTH,10.0,0.0,1.0,1.0
classroom_fol/BOTH/parsed-file560_inv5.als,classroom_fol,BOTH,19.0,0.701,1.0,0.299
classroom_fol/BOTH/parsed-file561_inv13.als,classroom_fol,BOTH,30.0,0.001,1.0,0.999
classroom_fol/BOTH/parsed-file563_inv12.als,classroom_fol,BOTH,22.0,0.0,1.0,1.0
classroom_fol/BOTH/parsed-file574_inv11.als,classroom_fol,BOTH,27.0,0.01,1.0,0.99
classroom_fol/BOTH/parsed-file575_inv14.als,classroom_fol,BOTH,45.0,0.377,1.0,0.623
classroom_fol/BOTH/parsed-file577_inv11.als,classroom_fol,BOTH,20.0,0.081,1.0,0.919
classroom_fol/BOTH/parsed-file57_inv5.als,classroom_fol,BOTH,19.0,0.999,1.0,0.001
classroom_fol/BOTH/parsed-file589_inv13.als,classroom_fol,BOTH,7.0,0.47,1.0,0.53
classroom_fol/BOTH/parsed-file592_inv14.als,classroom_fol,BOTH,37.0,0.066,1.0,0.934
classroom_fol/BOTH/parsed-file593_inv14.als,classroom_fol,BOTH,41.0,0.12,1.0,0.88
classroom_fol/BOTH/parsed-file598_inv14.als,classroom_fol,BOTH,38.0,0.381,1.0,0.619
classroom_fol/BOTH/parsed-file602_inv6.als,classroom_fol,BOTH,21.0,0.298,1.0,0.702
classroom_fol/BOTH/parsed-file604_inv13.als,classroom_fol,BOTH,35.0,0.001,1.0,0.999
classroom_fol/BOTH/parsed-file605_inv12.als,classroom_fol,BOTH,35.0,0.0,1.0,1.0
classroom_fol/BOTH/parsed-file614_inv14.als,classroom_fol,BOTH,34.0,0.365,1.0,0.635
classroom_fol/BOTH/parsed-file617_inv12.als,classroom_fol,BOTH,24.0,0.017,1.0,0.983
classroom_fol/BOTH/parsed-file618_inv8.als,classroom_fol,BOTH,26.0,0.0,1.0,1.0
classroom_fol/BOTH/parsed-file61_inv3.als,classroom_fol,BOTH,12.0,1.0,1.0,0.0
classroom_fol/BOTH/parsed-file621_inv11.als,classroom_fol,BOTH,35.0,0.0,1.0,1.0
classroom_fol/BOTH/parsed-file623_inv14.als,classroom_fol,BOTH,41.0,0.209,1.0,0.791
classroom_fol/BOTH/parsed-file635_inv12.als,classroom_fol,BOTH,13.0,0.001,1.0,0.999
classroom_fol/BOTH/parsed-file638_inv11.als,classroom_fol,BOTH,14.0,0.001,1.0,0.999
classroom_fol/BOTH/parsed-file638_inv12.als,classroom_fol,BOTH,29.0,0.275,1.0,0.725
classroom_fol/BOTH/parsed-file641_inv5.als,classroom_fol,BOTH,18.0,0.001,1.0,0.999
classroom_fol/BOTH/parsed-file649_inv8.als,classroom_fol,BOTH,4.0,0.422,1.0,0.578
classroom_fol/BOTH/parsed-file64_inv11.als,classroom_fol,BOTH,20.0,0.081,1.0,0.919
classroom_fol/BOTH/parsed-file650_inv8.als,classroom_fol,BOTH,29.0,1.0,1.0,0.0
classroom_fol/BOTH/parsed-file653_inv15.als,classroom_fol,BOTH,15.0,1.0,1.0,0.0
classroom_fol/BOTH/parsed-file654_inv15.als,classroom_fol,BOTH,34.0,0.746,1.0,0.254
classroom_fol/BOTH/parsed-file658_inv6.als,classroom_fol,BOTH,18.0,0.298,1.0,0.702
classroom_fol/BOTH/parsed-file65_inv4.als,classroom_fol,BOTH,14.0,0.0,1.0,1.0
classroom_fol/BOTH/parsed-file666_inv13.als,classroom_fol,BOTH,24.0,0.0,1.0,1.0
classroom_fol/BOTH/parsed-file668_inv14.als,classroom_fol,BOTH,41.0,0.002,1.0,0.998
classroom_fol/BOTH/parsed-file672_inv14.als,classroom_fol,BOTH,28.0,0.492,1.0,0.508
classroom_fol/BOTH/parsed-file673_inv5.als,classroom_fol,BOTH,19.0,0.999,1.0,0.001
classroom_fol/BOTH/parsed-file677_inv14.als,classroom_fol,BOTH,38.0,0.002,1.0,0.998
classroom_fol/BOTH/parsed-file682_inv14.als,classroom_fol,BOTH,52.0,0.305,1.0,0.695
classroom_fol/BOTH/parsed-file687_inv4.als,classroom_fol,BOTH,14.0,0.0,1.0,1.0
classroom_fol/BOTH/parsed-file689_inv15.als,classroom_fol,BOTH,40.0,0.0,1.0,1.0
classroom_fol/BOTH/parsed-file692_inv12.als,classroom_fol,BOTH,18.0,0.017,1.0,0.983
classroom_fol/BOTH/parsed-file693_inv15.als,classroom_fol,BOTH,21.0,0.0,1.0,1.0
classroom_fol/BOTH/parsed-file694_inv12.als,classroom_fol,BOTH,28.0,0.177,1.0,0.823
classroom_fol/BOTH/parsed-file697_inv13.als,classroom_fol,BOTH,23.0,0.0,1.0,1.0
classroom_fol/BOTH/parsed-file698_inv11.als,classroom_fol,BOTH,29.0,0.001,1.0,0.999
classroom_fol/BOTH/parsed-file6_inv11.als,classroom_fol,BOTH,16.0,0.999,1.0,0.001
classroom_fol/BOTH/parsed-file700_inv12.als,classroom_fol,BOTH,37.0,0.165,1.0,0.835
classroom_fol/BOTH/parsed-file704_inv5.als,classroom_fol,BOTH,8.0,0.017,1.0,0.983
classroom_fol/BOTH/parsed-file708_inv12.als,classroom_fol,BOTH,16.0,0.048,1.0,0.952
classroom_fol/BOTH/parsed-file712_inv3.als,classroom_fol,BOTH,12.0,1.0,1.0,0.0
classroom_fol/BOTH/parsed-file712_inv4.als,classroom_fol,BOTH,14.0,0.0,1.0,1.0
classroom_fol/BOTH/parsed-file717_inv5.als,classroom_fol,BOTH,17.0,0.298,1.0,0.702
classroom_fol/BOTH/parsed-file71_inv9.als,classroom_fol,BOTH,15.0,0.204,1.0,0.797
classroom_fol/BOTH/parsed-file728_inv14.als,classroom_fol,BOTH,54.0,0.098,1.0,0.902
classroom_fol/BOTH/parsed-file730_inv11.als,classroom_fol,BOTH,31.0,0.361,1.0,0.639
classroom_fol/BOTH/parsed-file731_inv12.als,classroom_fol,BOTH,31.0,0.0,1.0,1.0
classroom_fol/BOTH/parsed-file734_inv4.als,classroom_fol,BOTH,12.0,0.999,1.0,0.001
classroom_fol/BOTH/parsed-file738_inv11.als,classroom_fol,BOTH,37.0,0.001,1.0,0.999
classroom_fol/BOTH/parsed-file739_inv5.als,classroom_fol,BOTH,13.0,0.999,1.0,0.001
classroom_fol/BOTH/parsed-file740_inv14.als,classroom_fol,BOTH,35.0,0.377,1.0,0.623
classroom_fol/BOTH/parsed-file74_inv11.als,classroom_fol,BOTH,30.0,0.0,1.0,1.0
classroom_fol/BOTH/parsed-file755_inv9.als,classroom_fol,BOTH,18.0,0.228,1.0,0.772
classroom_fol/BOTH/parsed-file758_inv11.als,classroom_fol,BOTH,43.0,0.0,1.0,1.0
classroom_fol/BOTH/parsed-file764_inv14.als,classroom_fol,BOTH,38.0,0.158,1.0,0.842
classroom_fol/BOTH/parsed-file770_inv12.als,classroom_fol,BOTH,21.0,0.017,1.0,0.983
classroom_fol/BOTH/parsed-file773_inv11.als,classroom_fol,BOTH,23.0,0.001,1.0,0.999
classroom_fol/BOTH/parsed-file775_inv11.als,classroom_fol,BOTH,13.0,0.113,1.0,0.887
classroom_fol/BOTH/parsed-file779_inv12.als,classroom_fol,BOTH,23.0,0.217,1.0,0.783
classroom_fol/BOTH/parsed-file781_inv5.als,classroom_fol,BOTH,19.0,0.318,1.0,0.682
classroom_fol/BOTH/parsed-file790_inv12.als,classroom_fol,BOTH,14.0,0.0,1.0,1.0
classroom_fol/BOTH/parsed-file791_inv11.als,classroom_fol,BOTH,24.0,0.008,1.0,0.992
classroom_fol/BOTH/parsed-file79_inv4.als,classroom_fol,BOTH,22.0,0.0,1.0,1.0
classroom_fol/BOTH/parsed-file800_inv12.als,classroom_fol,BOTH,6.0,0.42,1.0,0.58
classroom_fol/BOTH/parsed-file816_inv15.als,classroom_fol,BOTH,56.0,0.001,1.0,0.999
classroom_fol/BOTH/parsed-file823_inv4.als,classroom_fol,BOTH,14.0,0.0,1.0,1.0
classroom_fol/BOTH/parsed-file82_inv14.als,classroom_fol,BOTH,31.0,0.293,1.0,0.707
classroom_fol/BOTH/parsed-file830_inv5.als,classroom_fol,BOTH,25.0,0.298,1.0,0.702
classroom_fol/BOTH/parsed-file834_inv4.als,classroom_fol,BOTH,12.0,0.999,1.0,0.001
classroom_fol/BOTH/parsed-file841_inv12.als,classroom_fol,BOTH,6.0,0.001,1.0,0.999
classroom_fol/BOTH/parsed-file845_inv8.als,classroom_fol,BOTH,11.0,0.0,1.0,1.0
classroom_fol/BOTH/parsed-file847_inv11.als,classroom_fol,BOTH,36.0,0.316,1.0,0.684
classroom_fol/BOTH/parsed-file851_inv14.als,classroom_fol,BOTH,37.0,0.252,1.0,0.748
classroom_fol/BOTH/parsed-file852_inv14.als,classroom_fol,BOTH,31.0,0.245,1.0,0.755
classroom_fol/BOTH/parsed-file859_inv11.als,classroom_fol,BOTH,36.0,0.107,1.0,0.893
classroom_fol/BOTH/parsed-file85_inv12.als,classroom_fol,BOTH,25.0,0.017,1.0,0.983
classroom_fol/BOTH/parsed-file861_inv11.als,classroom_fol,BOTH,31.0,0.999,1.0,0.001
classroom_fol/BOTH/parsed-file863_inv9.als,classroom_fol,BOTH,16.0,0.163,1.0,0.837
classroom_fol/BOTH/parsed-file878_inv11.als,classroom_fol,BOTH,41.0,0.802,1.0,0.198
classroom_fol/BOTH/parsed-file881_inv4.als,classroom_fol,BOTH,9.0,0.0,1.0,1.0
classroom_fol/BOTH/parsed-file891_inv11.als,classroom_fol,BOTH,14.0,0.081,1.0,0.919
classroom_fol/BOTH/parsed-file891_inv12.als,classroom_fol,BOTH,13.0,0.182,1.0,0.818
classroom_fol/BOTH/parsed-file894_inv14.als,classroom_fol,BOTH,45.0,0.311,1.0,0.689
classroom_fol/BOTH/parsed-file899_inv11.als,classroom_fol,BOTH,23.0,0.26,1.0,0.74
classroom_fol/BOTH/parsed-file8_inv12.als,classroom_fol,BOTH,13.0,0.001,1.0,0.999
classroom_fol/BOTH/parsed-file904_inv11.als,classroom_fol,BOTH,24.0,0.261,1.0,0.739
classroom_fol/BOTH/parsed-file908_inv11.als,classroom_fol,BOTH,28.0,0.001,1.0,0.999
classroom_fol/BOTH/parsed-file911_inv12.als,classroom_fol,BOTH,35.0,0.359,1.0,0.641
classroom_fol/BOTH/parsed-file922_inv14.als,classroom_fol,BOTH,44.0,0.385,1.0,0.615
classroom_fol/BOTH/parsed-file929_inv8.als,classroom_fol,BOTH,21.0,0.0,1.0,1.0
classroom_fol/BOTH/parsed-file931_inv11.als,classroom_fol,BOTH,23.0,0.016,1.0,0.984
classroom_fol/BOTH/parsed-file932_inv11.als,classroom_fol,BOTH,36.0,0.898,1.0,0.102
classroom_fol/BOTH/parsed-file935_inv15.als,classroom_fol,BOTH,45.0,0.001,1.0,0.999
classroom_fol/BOTH/parsed-file951_inv14.als,classroom_fol,BOTH,36.0,0.297,1.0,0.703
classroom_fol/BOTH/parsed-file957_inv11.als,classroom_fol,BOTH,25.0,0.897,1.0,0.103
classroom_fol/BOTH/parsed-file958_inv11.als,classroom_fol,BOTH,38.0,0.001,1.0,0.999
classroom_fol/BOTH/parsed-file959_inv14.als,classroom_fol,BOTH,37.0,0.001,1.0,0.999
classroom_fol/BOTH/parsed-file95_inv14.als,classroom_fol,BOTH,23.0,0.659,1.0,0.341
classroom_fol/BOTH/parsed-file960_inv5.als,classroom_fol,BOTH,11.0,0.999,1.0,0.001
classroom_fol/BOTH/parsed-file962_inv11.als,classroom_fol,BOTH,37.0,0.08,1.0,0.92
classroom_fol/BOTH/parsed-file965_inv5.als,classroom_fol,BOTH,25.0,0.017,1.0,0.983
classroom_fol/BOTH/parsed-file966_inv12.als,classroom_fol,BOTH,24.0,0.017,1.0,0.983
classroom_fol/BOTH/parsed-file968_inv11.als,classroom_fol,BOTH,25.0,0.897,1.0,0.103
classroom_fol/BOTH/parsed-file972_inv11.als,classroom_fol,BOTH,31.0,0.999,1.0,0.001
classroom_fol/BOTH/parsed-file972_inv12.als,classroom_fol,BOTH,10.0,0.0,1.0,1.0
classroom_fol/BOTH/parsed-file978_inv14.als,classroom_fol,BOTH,47.0,0.077,1.0,0.923
classroom_fol/BOTH/parsed-file983_inv13.als,classroom_fol,BOTH,10.0,0.47,1.0,0.53
classroom_fol/BOTH/parsed-file986_inv15.als,classroom_fol,BOTH,30.0,0.0,1.0,1.0
classroom_fol/BOTH/parsed-file991_inv11.als,classroom_fol,BOTH,38.0,0.001,1.0,0.999
classroom_fol/BOTH/parsed-file993_inv11.als,classroom_fol,BOTH,20.0,0.081,1.0,0.919
classroom_fol/BOTH/parsed-file99_inv4.als,classroom_fol,BOTH,14.0,0.0,1.0,1.0
classroom_fol/CORRECT/parsed-file1002_inv9.als,classroom_fol,CORRECT,6.0,1.0,1.0,0.0
classroom_fol/CORRECT/parsed-file1030_inv5.als,classroom_fol,CORRECT,8.0,1.0,1.0,0.0
classroom_fol/CORRECT/parsed-file1042_inv13.als,classroom_fol,CORRECT,24.0,1.0,1.0,0.0
classroom_fol/CORRECT/parsed-file1067_inv10.als,classroom_fol,CORRECT,18.0,1.0,1.0,0.0
classroom_fol/CORRECT/parsed-file1074_inv5.als,classroom_fol,CORRECT,17.0,1.0,1.0,0.0
classroom_fol/CORRECT/parsed-file1078_inv1.als,classroom_fol,CORRECT,0.0,1.0,1.0,0.0
classroom_fol/CORRECT/parsed-file1078_inv9.als,classroom_fol,CORRECT,26.0,1.0,1.0,0.0
classroom_fol/CORRECT/parsed-file107_inv4.als,classroom_fol,CORRECT,13.0,1.0,1.0,0.0
classroom_fol/CORRECT/parsed-file1107_inv3.als,classroom_fol,CORRECT,14.0,1.0,1.0,0.0
classroom_fol/CORRECT/parsed-file1108_inv10.als,classroom_fol,CORRECT,18.0,1.0,1.0,0.0
classroom_fol/CORRECT/parsed-file1124_inv10.als,classroom_fol,CORRECT,18.0,1.0,1.0,0.0
classroom_fol/CORRECT/parsed-file1138_inv3.als,classroom_fol,CORRECT,0.0,1.0,1.0,0.0
classroom_fol/CORRECT/parsed-file1143_inv7.als,classroom_fol,CORRECT,19.0,1.0,1.0,0.0
classroom_fol/CORRECT/parsed-file1159_inv15.als,classroom_fol,CORRECT,21.0,1.0,1.0,0.0
classroom_fol/CORRECT/parsed-file1161_inv12.als,classroom_fol,CORRECT,35.0,1.0,1.0,0.0
classroom_fol/CORRECT/parsed-file1165_inv11.als,classroom_fol,CORRECT,36.0,1.0,1.0,0.0
classroom_fol/CORRECT/parsed-file1167_inv4.als,classroom_fol,CORRECT,12.0,1.0,1.0,0.0
classroom_fol/CORRECT/parsed-file1170_inv11.als,classroom_fol,CORRECT,32.0,1.0,1.0,0.0
classroom_fol/CORRECT/parsed-file1172_inv12.als,classroom_fol,CORRECT,18.0,1.0,1.0,0.0
classroom_fol/CORRECT/parsed-file1180_inv2.als,classroom_fol,CORRECT,10.0,1.0,1.0,0.0
classroom_fol/CORRECT/parsed-file1188_inv14.als,classroom_fol,CORRECT,26.0,1.0,1.0,0.0
classroom_fol/CORRECT/parsed-file1194_inv12.als,classroom_fol,CORRECT,35.0,1.0,1.0,0.0
classroom_fol/CORRECT/parsed-file1198_inv5.als,classroom_fol,CORRECT,17.0,1.0,1.0,0.0
classroom_fol/CORRECT/parsed-file1201_inv8.als,classroom_fol,CORRECT,25.0,1.0,1.0,0.0
classroom_fol/CORRECT/parsed-file1212_inv13.als,classroom_fol,CORRECT,24.0,1.0,1.0,0.0
classroom_fol/CORRECT/parsed-file1215_inv4.als,classroom_fol,CORRECT,12.0,1.0,1.0,0.0
classroom_fol/CORRECT/parsed-file1217_inv5.als,classroom_fol,CORRECT,17.0,1.0,1.0,0.0
classroom_fol/CORRECT/parsed-file1231_inv9.als,classroom_fol,CORRECT,29.0,1.0,1.0,0.0
classroom_fol/CORRECT/parsed-file1242_inv4.als,classroom_fol,CORRECT,12.0,1.0,1.0,0.0
classroom_fol/CORRECT/parsed-file1244_inv13.als,classroom_fol,CORRECT,24.0,1.0,1.0,0.0
classroom_fol/CORRECT/parsed-file1248_inv8.als,classroom_fol,CORRECT,7.0,1.0,1.0,0.0
classroom_fol/CORRECT/parsed-file1270_inv5.als,classroom_fol,CORRECT,8.0,1.0,1.0,0.0
classroom_fol/CORRECT/parsed-file1306_inv8.als,classroom_fol,CORRECT,11.0,1.0,1.0,0.0
classroom_fol/CORRECT/parsed-file130_inv13.als,classroom_fol,CORRECT,24.0,1.0,1.0,0.0
classroom_fol/CORRECT/parsed-file1316_inv9.als,classroom_fol,CORRECT,29.0,1.0,1.0,0.0
classroom_fol/CORRECT/parsed-file1337_inv14.als,classroom_fol,CORRECT,13.0,1.0,1.0,0.0
classroom_fol/CORRECT/parsed-file1343_inv7.als,classroom_fol,CORRECT,19.0,1.0,1.0,0.0
classroom_fol/CORRECT/parsed-file1355_inv13.als,classroom_fol,CORRECT,24.0,1.0,1.0,0.0
classroom_fol/CORRECT/parsed-file1355_inv9.als,classroom_fol,CORRECT,26.0,1.0,1.0,0.0
classroom_fol/CORRECT/parsed-file1358_inv12.als,classroom_fol,CORRECT,0.0,1.0,1.0,0.0
classroom_fol/CORRECT/parsed-file1369_inv6.als,classroom_fol,CORRECT,19.0,1.0,1.0,0.0
classroom_fol/CORRECT/parsed-file1369_inv9.als,classroom_fol,CORRECT,6.0,1.0,1.0,0.0
classroom_fol/CORRECT/parsed-file136_inv1.als,classroom_fol,CORRECT,10.0,1.0,1.0,0.0
classroom_fol/CORRECT/parsed-file1377_inv5.als,classroom_fol,CORRECT,8.0,1.0,1.0,0.0
classroom_fol/CORRECT/parsed-file1383_inv3.als,classroom_fol,CORRECT,18.0,1.0,1.0,0.0
classroom_fol/CORRECT/parsed-file1383_inv8.als,classroom_fol,CORRECT,25.0,1.0,1.0,0.0
classroom_fol/CORRECT/parsed-file1399_inv5.als,classroom_fol,CORRECT,17.0,1.0,1.0,0.0
classroom_fol/CORRECT/parsed-file1402_inv7.als,classroom_fol,CORRECT,19.0,1.0,1.0,0.0
classroom_fol/CORRECT/parsed-file1409_inv13.als,classroom_fol,CORRECT,13.0,1.0,1.0,0.0
classroom_fol/CORRECT/parsed-file1416_inv2.als,classroom_fol,CORRECT,10.0,1.0,1.0,0.0
classroom_fol/CORRECT/parsed-file1427_inv8.als,classroom_fol,CORRECT,25.0,1.0,1.0,0.0
classroom_fol/CORRECT/parsed-file142_inv13.als,classroom_fol,CORRECT,25.0,1.0,1.0,0.0
classroom_fol/CORRECT/parsed-file1434_inv10.als,classroom_fol,CORRECT,18.0,1.0,1.0,0.0
classroom_fol/CORRECT/parsed-file1444_inv15.als,classroom_fol,CORRECT,77.0,1.0,1.0,0.0
classroom_fol/CORRECT/parsed-file1452_inv3.als,classroom_fol,CORRECT,12.0,1.0,1.0,0.0
classroom_fol/CORRECT/parsed-file1455_inv7.als,classroom_fol,CORRECT,1.0,1.0,1.0,0.0
classroom_fol/CORRECT/parsed-file1466_inv9.als,classroom_fol,CORRECT,26.0,1.0,1.0,0.0
classroom_fol/CORRECT/parsed-file146_inv3.als,classroom_fol,CORRECT,27.0,1.0,1.0,0.0
classroom_fol/CORRECT/parsed-file1470_inv10.als,classroom_fol,CORRECT,18.0,1.0,1.0,0.0
classroom_fol/CORRECT/parsed-file1487_inv9.als,classroom_fol,CORRECT,28.0,1.0,1.0,0.0
classroom_fol/CORRECT/parsed-file1500_inv11.als,classroom_fol,CORRECT,18.0,1.0,1.0,0.0
classroom_fol/CORRECT/parsed-file1508_inv11.als,classroom_fol,CORRECT,32.0,1.0,1.0,0.0
classroom_fol/CORRECT/parsed-file1515_inv14.als,classroom_fol,CORRECT,31.0,1.0,1.0,0.0
classroom_fol/CORRECT/parsed-file1536_inv11.als,classroom_fol,CORRECT,36.0,1.0,1.0,0.0
classroom_fol/CORRECT/parsed-file1540_inv14.als,classroom_fol,CORRECT,15.0,1.0,1.0,0.0
classroom_fol/CORRECT/parsed-file1549_inv9.als,classroom_fol,CORRECT,26.0,1.0,1.0,0.0
classroom_fol/CORRECT/parsed-file1553_inv4.als,classroom_fol,CORRECT,12.0,1.0,1.0,0.0
classroom_fol/CORRECT/parsed-file1554_inv13.als,classroom_fol,CORRECT,24.0,1.0,1.0,0.0
classroom_fol/CORRECT/parsed-file1555_inv13.als,classroom_fol,CORRECT,24.0,1.0,1.0,0.0
classroom_fol/CORRECT/parsed-file1558_inv7.als,classroom_fol,CORRECT,15.0,1.0,1.0,0.0
classroom_fol/CORRECT/parsed-file1565_inv4.als,classroom_fol,CORRECT,12.0,1.0,1.0,0.0
classroom_fol/CORRECT/parsed-file1576_inv1.als,classroom_fol,CORRECT,10.0,1.0,1.0,0.0
classroom_fol/CORRECT/parsed-file1594_inv11.als,classroom_fol,CORRECT,24.0,1.0,1.0,0.0
classroom_fol/CORRECT/parsed-file1602_inv8.als,classroom_fol,CORRECT,25.0,1.0,1.0,0.0
classroom_fol/CORRECT/parsed-file160_inv5.als,classroom_fol,CORRECT,8.0,1.0,1.0,0.0
classroom_fol/CORRECT/parsed-file1612_inv11.als,classroom_fol,CORRECT,33.0,1.0,1.0,0.0
classroom_fol/CORRECT/parsed-file1613_inv14.als,classroom_fol,CORRECT,26.0,1.0,1.0,0.0
classroom_fol/CORRECT/parsed-file1614_inv10.als,classroom_fol,CORRECT,11.0,1.0,1.0,0.0
classroom_fol/CORRECT/parsed-file1643_inv12.als,classroom_fol,CORRECT,13.0,1.0,1.0,0.0
classroom_fol/CORRECT/parsed-file1663_inv5.als,classroom_fol,CORRECT,8.0,1.0,1.0,0.0
classroom_fol/CORRECT/parsed-file1667_inv5.als,classroom_fol,CORRECT,18.0,1.0,1.0,0.0
classroom_fol/CORRECT/parsed-file1694_inv11.als,classroom_fol,CORRECT,18.0,1.0,1.0,0.0
classroom_fol/CORRECT/parsed-file1702_inv9.als,classroom_fol,CORRECT,26.0,1.0,1.0,0.0
classroom_fol/CORRECT/parsed-file1703_inv3.als,classroom_fol,CORRECT,12.0,1.0,1.0,0.0
classroom_fol/CORRECT/parsed-file1718_inv7.als,classroom_fol,CORRECT,19.0,1.0,1.0,0.0
classroom_fol/CORRECT/parsed-file1720_inv2.als,classroom_fol,CORRECT,10.0,1.0,1.0,0.0
classroom_fol/CORRECT/parsed-file1724_inv3.als,classroom_fol,CORRECT,10.0,1.0,1.0,0.0
classroom_fol/CORRECT/parsed-file1741_inv6.als,classroom_fol,CORRECT,19.0,1.0,1.0,0.0
classroom_fol/CORRECT/parsed-file1742_inv11.als,classroom_fol,CORRECT,36.0,1.0,1.0,0.0
classroom_fol/CORRECT/parsed-file1750_inv8.als,classroom_fol,CORRECT,28.0,1.0,1.0,0.0
classroom_fol/CORRECT/parsed-file1770_inv11.als,classroom_fol,CORRECT,3.0,1.0,1.0,0.0
classroom_fol/CORRECT/parsed-file177_inv7.als,classroom_fol,CORRECT,19.0,1.0,1.0,0.0
classroom_fol/CORRECT/parsed-file178_inv11.als,classroom_fol,CORRECT,36.0,1.0,1.0,0.0
classroom_fol/CORRECT/parsed-file1801_inv8.als,classroom_fol,CORRECT,28.0,1.0,1.0,0.0
classroom_fol/CORRECT/parsed-file1805_inv8.als,classroom_fol,CORRECT,25.0,1.0,1.0,0.0
classroom_fol/CORRECT/parsed-file180_inv8.als,classroom_fol,CORRECT,27.0,1.0,1.0,0.0
classroom_fol/CORRECT/parsed-file1812_inv2.als,classroom_fol,CORRECT,10.0,1.0,1.0,0.0
classroom_fol/CORRECT/parsed-file1820_inv2.als,classroom_fol,CORRECT,10.0,1.0,1.0,0.0
classroom_fol/CORRECT/parsed-file1827_inv5.als,classroom_fol,CORRECT,17.0,1.0,1.0,0.0
classroom_fol/CORRECT/parsed-file1847_inv4.als,classroom_fol,CORRECT,12.0,1.0,1.0,0.0
classroom_fol/CORRECT/parsed-file186_inv3.als,classroom_fol,CORRECT,12.0,1.0,1.0,0.0
classroom_fol/CORRECT/parsed-file1875_inv12.als,classroom_fol,CORRECT,13.0,1.0,1.0,0.0
classroom_fol/CORRECT/parsed-file189_inv7.als,classroom_fol,CORRECT,19.0,1.0,1.0,0.0
classroom_fol/CORRECT/parsed-file1900_inv7.als,classroom_fol,CORRECT,19.0,1.0,1.0,0.0
classroom_fol/CORRECT/parsed-file1908_inv6.als,classroom_fol,CORRECT,19.0,1.0,1.0,0.0
classroom_fol/CORRECT/parsed-file1910_inv8.als,classroom_fol,CORRECT,4.0,1.0,1.0,0.0
classroom_fol/CORRECT/parsed-file1916_inv10.als,classroom_fol,CORRECT,11.0,1.0,1.0,0.0
classroom_fol/CORRECT/parsed-file1927_inv7.als,classroom_fol,CORRECT,15.0,1.0,1.0,0.0
classroom_fol/CORRECT/parsed-file1929_inv9.als,classroom_fol,CORRECT,29.0,1.0,1.0,0.0
classroom_fol/CORRECT/parsed-file192_inv3.als,classroom_fol,CORRECT,12.0,1.0,1.0,0.0
classroom_fol/CORRECT/parsed-file192_inv4.als,classroom_fol,CORRECT,12.0,1.0,1.0,0.0
classroom_fol/CORRECT/parsed-file1931_inv11.als,classroom_fol,CORRECT,36.0,1.0,1.0,0.0
classroom_fol/CORRECT/parsed-file1937_inv9.als,classroom_fol,CORRECT,26.0,1.0,1.0,0.0
classroom_fol/CORRECT/parsed-file1938_inv5.als,classroom_fol,CORRECT,17.0,1.0,1.0,0.0
classroom_fol/CORRECT/parsed-file1978_inv10.als,classroom_fol,CORRECT,11.0,1.0,1.0,0.0
classroom_fol/CORRECT/parsed-file1989_inv5.als,classroom_fol,CORRECT,20.0,1.0,1.0,0.0
classroom_fol/CORRECT/parsed-file1993_inv6.als,classroom_fol,CORRECT,19.0,1.0,1.0,0.0
classroom_fol/CORRECT/parsed-file1994_inv12.als,classroom_fol,CORRECT,35.0,1.0,1.0,0.0
classroom_fol/CORRECT/parsed-file1996_inv8.als,classroom_fol,CORRECT,4.0,1.0,1.0,0.0
classroom_fol/CORRECT/parsed-file1997_inv1.als,classroom_fol,CORRECT,10.0,1.0,1.0,0.0
classroom_fol/CORRECT/parsed-file199_inv7.als,classroom_fol,CORRECT,19.0,1.0,1.0,0.0
classroom_fol/CORRECT/parsed-file2020_inv13.als,classroom_fol,CORRECT,24.0,1.0,1.0,0.0
classroom_fol/CORRECT/parsed-file2029_inv11.als,classroom_fol,CORRECT,36.0,1.0,1.0,0.0
classroom_fol/CORRECT/parsed-file2031_inv11.als,classroom_fol,CORRECT,36.0,1.0,1.0,0.0
classroom_fol/CORRECT/parsed-file203_inv10.als,classroom_fol,CORRECT,18.0,1.0,1.0,0.0
classroom_fol/CORRECT/parsed-file205_inv13.als,classroom_fol,CORRECT,24.0,1.0,1.0,0.0
classroom_fol/CORRECT/parsed-file2103_inv4.als,classroom_fol,CORRECT,12.0,1.0,1.0,0.0
classroom_fol/CORRECT/parsed-file2107_inv10.als,classroom_fol,CORRECT,18.0,1.0,1.0,0.0
classroom_fol/CORRECT/parsed-file2107_inv5.als,classroom_fol,CORRECT,8.0,1.0,1.0,0.0
classroom_fol/CORRECT/parsed-file2115_inv6.als,classroom_fol,CORRECT,19.0,1.0,1.0,0.0
classroom_fol/CORRECT/parsed-file2134_inv10.als,classroom_fol,CORRECT,19.0,1.0,1.0,0.0
classroom_fol/CORRECT/parsed-file2135_inv9.als,classroom_fol,CORRECT,6.0,1.0,1.0,0.0
classroom_fol/CORRECT/parsed-file2140_inv9.als,classroom_fol,CORRECT,28.0,1.0,1.0,0.0
classroom_fol/CORRECT/parsed-file2142_inv15.als,classroom_fol,CORRECT,21.0,1.0,1.0,0.0
classroom_fol/CORRECT/parsed-file2154_inv7.als,classroom_fol,CORRECT,19.0,1.0,1.0,0.0
classroom_fol/CORRECT/parsed-file2203_inv6.als,classroom_fol,CORRECT,12.0,1.0,1.0,0.0
classroom_fol/CORRECT/parsed-file2207_inv12.als,classroom_fol,CORRECT,35.0,1.0,1.0,0.0
classroom_fol/CORRECT/parsed-file220_inv1.als,classroom_fol,CORRECT,10.0,1.0,1.0,0.0
classroom_fol/CORRECT/parsed-file2235_inv8.als,classroom_fol,CORRECT,0.0,1.0,1.0,0.0
classroom_fol/CORRECT/parsed-file223_inv1.als,classroom_fol,CORRECT,10.0,1.0,1.0,0.0
classroom_fol/CORRECT/parsed-file2241_inv2.als,classroom_fol,CORRECT,0.0,1.0,1.0,0.0
classroom_fol/CORRECT/parsed-file2251_inv8.als,classroom_fol,CORRECT,25.0,1.0,1.0,0.0
classroom_fol/CORRECT/parsed-file2273_inv7.als,classroom_fol,CORRECT,19.0,1.0,1.0,0.0
classroom_fol/CORRECT/parsed-file227_inv13.als,classroom_fol,CORRECT,13.0,1.0,1.0,0.0
classroom_fol/CORRECT/parsed-file227_inv9.als,classroom_fol,CORRECT,12.0,1.0,1.0,0.0
classroom_fol/CORRECT/parsed-file2281_inv7.als,classroom_fol,CORRECT,19.0,1.0,1.0,0.0
classroom_fol/CORRECT/parsed-file2285_inv12.als,classroom_fol,CORRECT,35.0,1.0,1.0,0.0
classroom_fol/CORRECT/parsed-file228_inv1.als,classroom_fol,CORRECT,5.0,1.0,1.0,0.0
classroom_fol/CORRECT/parsed-file2295_inv9.als,classroom_fol,CORRECT,3.0,1.0,1.0,0.0
classroom_fol/CORRECT/parsed-file2304_inv6.als,classroom_fol,CORRECT,23.0,1.0,1.0,0.0
classroom_fol/CORRECT/parsed-file2307_inv9.als,classroom_fol,CORRECT,26.0,1.0,1.0,0.0
classroom_fol/CORRECT/parsed-file2311_inv9.als,classroom_fol,CORRECT,26.0,1.0,1.0,0.0
classroom_fol/CORRECT/parsed-file2313_inv1.als,classroom_fol,CORRECT,10.0,1.0,1.0,0.0
classroom_fol/CORRECT/parsed-file2314_inv12.als,classroom_fol,CORRECT,35.0,1.0,1.0,0.0
classroom_fol/CORRECT/parsed-file2320_inv7.als,classroom_fol,CORRECT,19.0,1.0,1.0,0.0
classroom_fol/CORRECT/parsed-file2325_inv8.als,classroom_fol,CORRECT,25.0,1.0,1.0,0.0
classroom_fol/CORRECT/parsed-file2335_inv10.als,classroom_fol,CORRECT,0.0,1.0,1.0,0.0
classroom_fol/CORRECT/parsed-file2351_inv3.als,classroom_fol,CORRECT,22.0,1.0,1.0,0.0
classroom_fol/CORRECT/parsed-file2357_inv11.als,classroom_fol,CORRECT,10.0,1.0,1.0,0.0
classroom_fol/CORRECT/parsed-file2372_inv8.als,classroom_fol,CORRECT,19.0,1.0,1.0,0.0
classroom_fol/CORRECT/parsed-file2373_inv10.als,classroom_fol,CORRECT,23.0,1.0,1.0,0.0
classroom_fol/CORRECT/parsed-file2373_inv5.als,classroom_fol,CORRECT,17.0,1.0,1.0,0.0
classroom_fol/CORRECT/parsed-file2377_inv11.als,classroom_fol,CORRECT,36.0,1.0,1.0,0.0
classroom_fol/CORRECT/parsed-file23_inv11.als,classroom_fol,CORRECT,40.0,1.0,1.0,0.0
classroom_fol/CORRECT/parsed-file2407_inv5.als,classroom_fol,CORRECT,17.0,1.0,1.0,0.0
classroom_fol/CORRECT/parsed-file240_inv1.als,classroom_fol,CORRECT,10.0,1.0,1.0,0.0
classroom_fol/CORRECT/parsed-file2419_inv12.als,classroom_fol,CORRECT,35.0,1.0,1.0,0.0
classroom_fol/CORRECT/parsed-file2420_inv10.als,classroom_fol,CORRECT,11.0,1.0,1.0,0.0
classroom_fol/CORRECT/parsed-file2422_inv9.als,classroom_fol,CORRECT,29.0,1.0,1.0,0.0
classroom_fol/CORRECT/parsed-file2440_inv3.als,classroom_fol,CORRECT,12.0,1.0,1.0,0.0
classroom_fol/CORRECT/parsed-file2447_inv3.als,classroom_fol,CORRECT,18.0,1.0,1.0,0.0
classroom_fol/CORRECT/parsed-file2459_inv10.als,classroom_fol,CORRECT,18.0,1.0,1.0,0.0
classroom_fol/CORRECT/parsed-file245_inv9.als,classroom_fol,CORRECT,26.0,1.0,1.0,0.0
classroom_fol/CORRECT/parsed-file2465_inv8.als,classroom_fol,CORRECT,25.0,1.0,1.0,0.0
classroom_fol/CORRECT/parsed-file2477_inv14.als,classroom_fol,CORRECT,26.0,1.0,1.0,0.0
classroom_fol/CORRECT/parsed-file2486_inv13.als,classroom_fol,CORRECT,24.0,1.0,1.0,0.0
classroom_fol/CORRECT/parsed-file2490_inv1.als,classroom_fol,CORRECT,0.0,1.0,1.0,0.0
classroom_fol/CORRECT/parsed-file2490_inv3.als,classroom_fol,CORRECT,0.0,1.0,1.0,0.0
classroom_fol/CORRECT/parsed-file2492_inv10.als,classroom_fol,CORRECT,18.0,1.0,1.0,0.0
classroom_fol/CORRECT/parsed-file2494_inv3.als,classroom_fol,CORRECT,12.0,1.0,1.0,0.0
classroom_fol/CORRECT/parsed-file2516_inv13.als,classroom_fol,CORRECT,6.0,1.0,1.0,0.0
classroom_fol/CORRECT/parsed-file2533_inv3.als,classroom_fol,CORRECT,20.0,1.0,1.0,0.0
classroom_fol/CORRECT/parsed-file2552_inv14.als,classroom_fol,CORRECT,28.0,1.0,1.0,0.0
classroom_fol/CORRECT/parsed-file2555_inv14.als,classroom_fol,CORRECT,26.0,1.0,1.0,0.0
classroom_fol/CORRECT/parsed-file2558_inv6.als,classroom_fol,CORRECT,19.0,1.0,1.0,0.0
classroom_fol/CORRECT/parsed-file255_inv14.als,classroom_fol,CORRECT,28.0,1.0,1.0,0.0
classroom_fol/CORRECT/parsed-file2568_inv2.als,classroom_fol,CORRECT,10.0,1.0,1.0,0.0
classroom_fol/CORRECT/parsed-file2569_inv2.als,classroom_fol,CORRECT,0.0,1.0,1.0,0.0
classroom_fol/CORRECT/parsed-file2576_inv4.als,classroom_fol,CORRECT,8.0,1.0,1.0,0.0
classroom_fol/CORRECT/parsed-file257_inv6.als,classroom_fol,CORRECT,19.0,1.0,1.0,0.0
classroom_fol/CORRECT/parsed-file2589_inv9.als,classroom_fol,CORRECT,26.0,1.0,1.0,0.0
classroom_fol/CORRECT/parsed-file2599_inv3.als,classroom_fol,CORRECT,12.0,1.0,1.0,0.0
classroom_fol/CORRECT/parsed-file2600_inv9.als,classroom_fol,CORRECT,9.0,1.0,1.0,0.0
classroom_fol/CORRECT/parsed-file2605_inv6.als,classroom_fol,CORRECT,13.0,1.0,1.0,0.0
classroom_fol/CORRECT/parsed-file2605_inv7.als,classroom_fol,CORRECT,12.0,1.0,1.0,0.0
classroom_fol/CORRECT/parsed-file2605_inv8.als,classroom_fol,CORRECT,7.0,1.0,1.0,0.0
classroom_fol/CORRECT/parsed-file260_inv14.als,classroom_fol,CORRECT,28.0,1.0,1.0,0.0
classroom_fol/CORRECT/parsed-file2610_inv7.als,classroom_fol,CORRECT,19.0,1.0,1.0,0.0
classroom_fol/CORRECT/parsed-file2612_inv8.als,classroom_fol,CORRECT,4.0,1.0,1.0,0.0
classroom_fol/CORRECT/parsed-file2613_inv10.als,classroom_fol,CORRECT,11.0,1.0,1.0,0.0
classroom_fol/CORRECT/parsed-file2613_inv13.als,classroom_fol,CORRECT,24.0,1.0,1.0,0.0
classroom_fol/CORRECT/parsed-file2619_inv10.als,classroom_fol,CORRECT,18.0,1.0,1.0,0.0
classroom_fol/CORRECT/parsed-file2631_inv5.als,classroom_fol,CORRECT,17.0,1.0,1.0,0.0
classroom_fol/CORRECT/parsed-file2644_inv4.als,classroom_fol,CORRECT,1.0,1.0,1.0,0.0
classroom_fol/CORRECT/parsed-file2645_inv1.als,classroom_fol,CORRECT,1.0,1.0,1.0,0.0
classroom_fol/CORRECT/parsed-file2654_inv3.als,classroom_fol,CORRECT,9.0,1.0,1.0,0.0
classroom_fol/CORRECT/parsed-file2666_inv5.als,classroom_fol,CORRECT,17.0,1.0,1.0,0.0
classroom_fol/CORRECT/parsed-file2670_inv14.als,classroom_fol,CORRECT,31.0,1.0,1.0,0.0
classroom_fol/CORRECT/parsed-file2688_inv9.als,classroom_fol,CORRECT,12.0,1.0,1.0,0.0
classroom_fol/CORRECT/parsed-file2699_inv14.als,classroom_fol,CORRECT,15.0,1.0,1.0,0.0
classroom_fol/CORRECT/parsed-file2707_inv9.als,classroom_fol,CORRECT,26.0,1.0,1.0,0.0
classroom_fol/CORRECT/parsed-file2718_inv5.als,classroom_fol,CORRECT,17.0,1.0,1.0,0.0
classroom_fol/CORRECT/parsed-file271_inv5.als,classroom_fol,CORRECT,18.0,1.0,1.0,0.0
classroom_fol/CORRECT/parsed-file2721_inv5.als,classroom_fol,CORRECT,18.0,1.0,1.0,0.0
classroom_fol/CORRECT/parsed-file2727_inv10.als,classroom_fol,CORRECT,18.0,1.0,1.0,0.0
classroom_fol/CORRECT/parsed-file2745_inv4.als,classroom_fol,CORRECT,0.0,1.0,1.0,0.0
classroom_fol/CORRECT/parsed-file274_inv9.als,classroom_fol,CORRECT,0.0,1.0,1.0,0.0
classroom_fol/CORRECT/parsed-file2755_inv4.als,classroom_fol,CORRECT,22.0,1.0,1.0,0.0
classroom_fol/CORRECT/parsed-file2758_inv13.als,classroom_fol,CORRECT,24.0,1.0,1.0,0.0
classroom_fol/CORRECT/parsed-file2763_inv8.als,classroom_fol,CORRECT,0.0,1.0,1.0,0.0
classroom_fol/CORRECT/parsed-file276_inv5.als,classroom_fol,CORRECT,20.0,1.0,1.0,0.0
classroom_fol/CORRECT/parsed-file2774_inv9.als,classroom_fol,CORRECT,29.0,1.0,1.0,0.0
classroom_fol/CORRECT/parsed-file2778_inv2.als,classroom_fol,CORRECT,6.0,1.0,1.0,0.0
classroom_fol/CORRECT/parsed-file2778_inv3.als,classroom_fol,CORRECT,0.0,1.0,1.0,0.0
classroom_fol/CORRECT/parsed-file2779_inv3.als,classroom_fol,CORRECT,24.0,1.0,1.0,0.0
classroom_fol/CORRECT/parsed-file2791_inv9.als,classroom_fol,CORRECT,6.0,1.0,1.0,0.0
classroom_fol/CORRECT/parsed-file279_inv11.als,classroom_fol,CORRECT,33.0,1.0,1.0,0.0
classroom_fol/CORRECT/parsed-file279_inv3.als,classroom_fol,CORRECT,12.0,1.0,1.0,0.0
classroom_fol/CORRECT/parsed-file2810_inv6.als,classroom_fol,CORRECT,0.0,1.0,1.0,0.0
classroom_fol/CORRECT/parsed-file2814_inv11.als,classroom_fol,CORRECT,10.0,1.0,1.0,0.0
classroom_fol/CORRECT/parsed-file2826_inv1.als,classroom_fol,CORRECT,10.0,1.0,1.0,0.0
classroom_fol/CORRECT/parsed-file2842_inv5.als,classroom_fol,CORRECT,17.0,1.0,1.0,0.0
classroom_fol/CORRECT/parsed-file2851_inv2.als,classroom_fol,CORRECT,10.0,1.0,1.0,0.0
classroom_fol/CORRECT/parsed-file2852_inv12.als,classroom_fol,CORRECT,35.0,1.0,1.0,0.0
classroom_fol/CORRECT/parsed-file2853_inv8.als,classroom_fol,CORRECT,11.0,1.0,1.0,0.0
classroom_fol/CORRECT/parsed-file2860_inv13.als,classroom_fol,CORRECT,24.0,1.0,1.0,0.0
classroom_fol/CORRECT/parsed-file2867_inv3.als,classroom_fol,CORRECT,12.0,1.0,1.0,0.0
classroom_fol/CORRECT/parsed-file2868_inv11.als,classroom_fol,CORRECT,36.0,1.0,1.0,0.0
classroom_fol/CORRECT/parsed-file2869_inv14.als,classroom_fol,CORRECT,39.0,1.0,1.0,0.0
classroom_fol/CORRECT/parsed-file2873_inv6.als,classroom_fol,CORRECT,3.0,1.0,1.0,0.0
classroom_fol/CORRECT/parsed-file2877_inv9.als,classroom_fol,CORRECT,26.0,1.0,1.0,0.0
classroom_fol/CORRECT/parsed-file2879_inv4.als,classroom_fol,CORRECT,12.0,1.0,1.0,0.0
classroom_fol/CORRECT/parsed-file2879_inv5.als,classroom_fol,CORRECT,8.0,1.0,1.0,0.0
classroom_fol/CORRECT/parsed-file287_inv15.als,classroom_fol,CORRECT,58.0,1.0,1.0,0.0
classroom_fol/CORRECT/parsed-file2900_inv13.als,classroom_fol,CORRECT,24.0,1.0,1.0,0.0
classroom_fol/CORRECT/parsed-file2920_inv7.als,classroom_fol,CORRECT,26.0,1.0,1.0,0.0
classroom_fol/CORRECT/parsed-file294_inv6.als,classroom_fol,CORRECT,3.0,1.0,1.0,0.0
classroom_fol/CORRECT/parsed-file2950_inv10.als,classroom_fol,CORRECT,18.0,1.0,1.0,0.0
classroom_fol/CORRECT/parsed-file2961_inv4.als,classroom_fol,CORRECT,12.0,1.0,1.0,0.0
classroom_fol/CORRECT/parsed-file2967_inv10.als,classroom_fol,CORRECT,18.0,1.0,1.0,0.0
classroom_fol/CORRECT/parsed-file2973_inv3.als,classroom_fol,CORRECT,12.0,1.0,1.0,0.0
classroom_fol/CORRECT/parsed-file2985_inv11.als,classroom_fol,CORRECT,32.0,1.0,1.0,0.0
classroom_fol/CORRECT/parsed-file2985_inv14.als,classroom_fol,CORRECT,8.0,1.0,1.0,0.0
classroom_fol/CORRECT/parsed-file2998_inv14.als,classroom_fol,CORRECT,26.0,1.0,1.0,0.0
classroom_fol/CORRECT/parsed-file2999_inv3.als,classroom_fol,CORRECT,12.0,1.0,1.0,0.0
classroom_fol/CORRECT/parsed-file29_inv5.als,classroom_fol,CORRECT,8.0,1.0,1.0,0.0
classroom_fol/CORRECT/parsed-file3004_inv9.als,classroom_fol,CORRECT,26.0,1.0,1.0,0.0
classroom_fol/CORRECT/parsed-file3013_inv8.als,classroom_fol,CORRECT,27.0,1.0,1.0,0.0
classroom_fol/CORRECT/parsed-file3019_inv8.als,classroom_fol,CORRECT,25.0,1.0,1.0,0.0
classroom_fol/CORRECT/parsed-file3033_inv3.als,classroom_fol,CORRECT,0.0,1.0,1.0,0.0
classroom_fol/CORRECT/parsed-file3047_inv9.als,classroom_fol,CORRECT,12.0,1.0,1.0,0.0
classroom_fol/CORRECT/parsed-file3051_inv4.als,classroom_fol,CORRECT,12.0,1.0,1.0,0.0
classroom_fol/CORRECT/parsed-file3052_inv10.als,classroom_fol,CORRECT,18.0,1.0,1.0,0.0
classroom_fol/CORRECT/parsed-file3052_inv7.als,classroom_fol,CORRECT,19.0,1.0,1.0,0.0
classroom_fol/CORRECT/parsed-file3052_inv9.als,classroom_fol,CORRECT,26.0,1.0,1.0,0.0
classroom_fol/CORRECT/parsed-file3056_inv10.als,classroom_fol,CORRECT,18.0,1.0,1.0,0.0
classroom_fol/CORRECT/parsed-file3087_inv14.als,classroom_fol,CORRECT,26.0,1.0,1.0,0.0
classroom_fol/CORRECT/parsed-file3102_inv3.als,classroom_fol,CORRECT,12.0,1.0,1.0,0.0
classroom_fol/CORRECT/parsed-file3103_inv10.als,classroom_fol,CORRECT,18.0,1.0,1.0,0.0
classroom_fol/CORRECT/parsed-file3105_inv3.als,classroom_fol,CORRECT,0.0,1.0,1.0,0.0
classroom_fol/CORRECT/parsed-file3119_inv2.als,classroom_fol,CORRECT,10.0,1.0,1.0,0.0
classroom_fol/CORRECT/parsed-file3138_inv6.als,classroom_fol,CORRECT,19.0,1.0,1.0,0.0
classroom_fol/CORRECT/parsed-file3159_inv11.als,classroom_fol,CORRECT,36.0,1.0,1.0,0.0
classroom_fol/CORRECT/parsed-file3160_inv7.als,classroom_fol,CORRECT,19.0,1.0,1.0,0.0
classroom_fol/CORRECT/parsed-file3173_inv13.als,classroom_fol,CORRECT,24.0,1.0,1.0,0.0
classroom_fol/CORRECT/parsed-file3173_inv9.als,classroom_fol,CORRECT,26.0,1.0,1.0,0.0
classroom_fol/CORRECT/parsed-file3177_inv11.als,classroom_fol,CORRECT,36.0,1.0,1.0,0.0
classroom_fol/CORRECT/parsed-file3185_inv9.als,classroom_fol,CORRECT,26.0,1.0,1.0,0.0
classroom_fol/CORRECT/parsed-file3206_inv14.als,classroom_fol,CORRECT,28.0,1.0,1.0,0.0
classroom_fol/CORRECT/parsed-file3207_inv5.als,classroom_fol,CORRECT,17.0,1.0,1.0,0.0
classroom_fol/CORRECT/parsed-file3208_inv7.als,classroom_fol,CORRECT,19.0,1.0,1.0,0.0
classroom_fol/CORRECT/parsed-file3210_inv10.als,classroom_fol,CORRECT,18.0,1.0,1.0,0.0
classroom_fol/CORRECT/parsed-file3235_inv15.als,classroom_fol,CORRECT,21.0,1.0,1.0,0.0
classroom_fol/CORRECT/parsed-file3241_inv5.als,classroom_fol,CORRECT,0.0,1.0,1.0,0.0
classroom_fol/CORRECT/parsed-file3241_inv6.als,classroom_fol,CORRECT,12.0,1.0,1.0,0.0
classroom_fol/CORRECT/parsed-file3257_inv10.als,classroom_fol,CORRECT,18.0,1.0,1.0,0.0
classroom_fol/CORRECT/parsed-file3272_inv6.als,classroom_fol,CORRECT,19.0,1.0,1.0,0.0
classroom_fol/CORRECT/parsed-file3279_inv6.als,classroom_fol,CORRECT,19.0,1.0,1.0,0.0
classroom_fol/CORRECT/parsed-file3284_inv10.als,classroom_fol,CORRECT,11.0,1.0,1.0,0.0
classroom_fol/CORRECT/parsed-file3293_inv11.als,classroom_fol,CORRECT,36.0,1.0,1.0,0.0
classroom_fol/CORRECT/parsed-file3297_inv14.als,classroom_fol,CORRECT,28.0,1.0,1.0,0.0
classroom_fol/CORRECT/parsed-file329_inv4.als,classroom_fol,CORRECT,1.0,1.0,1.0,0.0
classroom_fol/CORRECT/parsed-file32_inv2.als,classroom_fol,CORRECT,0.0,1.0,1.0,0.0
classroom_fol/CORRECT/parsed-file3305_inv13.als,classroom_fol,CORRECT,6.0,1.0,1.0,0.0
classroom_fol/CORRECT/parsed-file3330_inv12.als,classroom_fol,CORRECT,35.0,1.0,1.0,0.0
classroom_fol/CORRECT/parsed-file3347_inv14.als,classroom_fol,CORRECT,28.0,1.0,1.0,0.0
classroom_fol/CORRECT/parsed-file3356_inv2.als,classroom_fol,CORRECT,10.0,1.0,1.0,0.0
classroom_fol/CORRECT/parsed-file3386_inv4.als,classroom_fol,CORRECT,0.0,1.0,1.0,0.0
classroom_fol/CORRECT/parsed-file3401_inv8.als,classroom_fol,CORRECT,14.0,1.0,1.0,0.0
classroom_fol/CORRECT/parsed-file3402_inv8.als,classroom_fol,CORRECT,11.0,1.0,1.0,0.0
classroom_fol/CORRECT/parsed-file3403_inv8.als,classroom_fol,CORRECT,24.0,1.0,1.0,0.0
classroom_fol/CORRECT/parsed-file3420_inv4.als,classroom_fol,CORRECT,12.0,1.0,1.0,0.0
classroom_fol/CORRECT/parsed-file3425_inv10.als,classroom_fol,CORRECT,18.0,1.0,1.0,0.0
classroom_fol/CORRECT/parsed-file3428_inv6.als,classroom_fol,CORRECT,12.0,1.0,1.0,0.0
classroom_fol/CORRECT/parsed-file3456_inv1.als,classroom_fol,CORRECT,10.0,1.0,1.0,0.0
classroom_fol/CORRECT/parsed-file3463_inv10.als,classroom_fol,CORRECT,18.0,1.0,1.0,0.0
classroom_fol/CORRECT/parsed-file3466_inv3.als,classroom_fol,CORRECT,12.0,1.0,1.0,0.0
classroom_fol/CORRECT/parsed-file3467_inv8.als,classroom_fol,CORRECT,11.0,1.0,1.0,0.0
classroom_fol/CORRECT/parsed-file3481_inv9.als,classroom_fol,CORRECT,29.0,1.0,1.0,0.0
classroom_fol/CORRECT/parsed-file3484_inv14.als,classroom_fol,CORRECT,33.0,1.0,1.0,0.0
classroom_fol/CORRECT/parsed-file348_inv12.als,classroom_fol,CORRECT,35.0,1.0,1.0,0.0
classroom_fol/CORRECT/parsed-file348_inv14.als,classroom_fol,CORRECT,15.0,1.0,1.0,0.0
classroom_fol/CORRECT/parsed-file348_inv4.als,classroom_fol,CORRECT,13.0,1.0,1.0,0.0
classroom_fol/CORRECT/parsed-file3495_inv6.als,classroom_fol,CORRECT,19.0,1.0,1.0,0.0
classroom_fol/CORRECT/parsed-file3496_inv10.als,classroom_fol,CORRECT,11.0,1.0,1.0,0.0
classroom_fol/CORRECT/parsed-file349_inv11.als,classroom_fol,CORRECT,19.0,1.0,1.0,0.0
classroom_fol/CORRECT/parsed-file3508_inv14.als,classroom_fol,CORRECT,26.0,1.0,1.0,0.0
classroom_fol/CORRECT/parsed-file3515_inv10.als,classroom_fol,CORRECT,0.0,1.0,1.0,0.0
classroom_fol/CORRECT/parsed-file3515_inv8.als,classroom_fol,CORRECT,0.0,1.0,1.0,0.0
classroom_fol/CORRECT/parsed-file3516_inv8.als,classroom_fol,CORRECT,25.0,1.0,1.0,0.0
classroom_fol/CORRECT/parsed-file3520_inv10.als,classroom_fol,CORRECT,18.0,1.0,1.0,0.0
classroom_fol/CORRECT/parsed-file3521_inv4.als,classroom_fol,CORRECT,0.0,1.0,1.0,0.0
classroom_fol/CORRECT/parsed-file3523_inv9.als,classroom_fol,CORRECT,26.0,1.0,1.0,0.0
classroom_fol/CORRECT/parsed-file353_inv8.als,classroom_fol,CORRECT,0.0,1.0,1.0,0.0
classroom_fol/CORRECT/parsed-file3551_inv6.als,classroom_fol,CORRECT,19.0,1.0,1.0,0.0
classroom_fol/CORRECT/parsed-file3551_inv7.als,classroom_fol,CORRECT,19.0,1.0,1.0,0.0
classroom_fol/CORRECT/parsed-file3567_inv3.als,classroom_fol,CORRECT,12.0,1.0,1.0,0.0
classroom_fol/CORRECT/parsed-file3568_inv7.als,classroom_fol,CORRECT,19.0,1.0,1.0,0.0
classroom_fol/CORRECT/parsed-file3578_inv14.als,classroom_fol,CORRECT,31.0,1.0,1.0,0.0
classroom_fol/CORRECT/parsed-file3580_inv13.als,classroom_fol,CORRECT,24.0,1.0,1.0,0.0
classroom_fol/CORRECT/parsed-file359_inv10.als,classroom_fol,CORRECT,18.0,1.0,1.0,0.0
classroom_fol/CORRECT/parsed-file359_inv9.als,classroom_fol,CORRECT,29.0,1.0,1.0,0.0
classroom_fol/CORRECT/parsed-file3602_inv12.als,classroom_fol,CORRECT,13.0,1.0,1.0,0.0
classroom_fol/CORRECT/parsed-file3604_inv2.als,classroom_fol,CORRECT,10.0,1.0,1.0,0.0
classroom_fol/CORRECT/parsed-file3622_inv9.als,classroom_fol,CORRECT,6.0,1.0,1.0,0.0
classroom_fol/CORRECT/parsed-file3627_inv4.als,classroom_fol,CORRECT,0.0,1.0,1.0,0.0
classroom_fol/CORRECT/parsed-file3630_inv6.als,classroom_fol,CORRECT,3.0,1.0,1.0,0.0
classroom_fol/CORRECT/parsed-file3636_inv5.als,classroom_fol,CORRECT,18.0,1.0,1.0,0.0
classroom_fol/CORRECT/parsed-file3650_inv11.als,classroom_fol,CORRECT,32.0,1.0,1.0,0.0
classroom_fol/CORRECT/parsed-file3655_inv5.als,classroom_fol,CORRECT,17.0,1.0,1.0,0.0
classroom_fol/CORRECT/parsed-file3659_inv8.als,classroom_fol,CORRECT,4.0,1.0,1.0,0.0
classroom_fol/CORRECT/parsed-file3660_inv7.als,classroom_fol,CORRECT,20.0,1.0,1.0,0.0
classroom_fol/CORRECT/parsed-file3670_inv5.als,classroom_fol,CORRECT,0.0,1.0,1.0,0.0
classroom_fol/CORRECT/parsed-file3672_inv4.als,classroom_fol,CORRECT,12.0,1.0,1.0,0.0
classroom_fol/CORRECT/parsed-file3679_inv9.als,classroom_fol,CORRECT,6.0,1.0,1.0,0.0
classroom_fol/CORRECT/parsed-file368_inv11.als,classroom_fol,CORRECT,36.0,1.0,1.0,0.0
classroom_fol/CORRECT/parsed-file368_inv9.als,classroom_fol,CORRECT,26.0,1.0,1.0,0.0
classroom_fol/CORRECT/parsed-file369_inv8.als,classroom_fol,CORRECT,25.0,1.0,1.0,0.0
classroom_fol/CORRECT/parsed-file3700_inv14.als,classroom_fol,CORRECT,21.0,1.0,1.0,0.0
classroom_fol/CORRECT/parsed-file3703_inv8.als,classroom_fol,CORRECT,24.0,1.0,1.0,0.0
classroom_fol/CORRECT/parsed-file3706_inv5.als,classroom_fol,CORRECT,17.0,1.0,1.0,0.0
classroom_fol/CORRECT/parsed-file3727_inv8.als,classroom_fol,CORRECT,11.0,1.0,1.0,0.0
classroom_fol/CORRECT/parsed-file3737_inv10.als,classroom_fol,CORRECT,18.0,1.0,1.0,0.0
classroom_fol/CORRECT/parsed-file3753_inv1.als,classroom_fol,CORRECT,10.0,1.0,1.0,0.0
classroom_fol/CORRECT/parsed-file3753_inv2.als,classroom_fol,CORRECT,10.0,1.0,1.0,0.0
classroom_fol/CORRECT/parsed-file3766_inv13.als,classroom_fol,CORRECT,24.0,1.0,1.0,0.0
classroom_fol/CORRECT/parsed-file3783_inv5.als,classroom_fol,CORRECT,17.0,1.0,1.0,0.0
classroom_fol/CORRECT/parsed-file3786_inv8.als,classroom_fol,CORRECT,14.0,1.0,1.0,0.0
classroom_fol/CORRECT/parsed-file3786_inv9.als,classroom_fol,CORRECT,16.0,1.0,1.0,0.0
classroom_fol/CORRECT/parsed-file378_inv12.als,classroom_fol,CORRECT,35.0,1.0,1.0,0.0
classroom_fol/CORRECT/parsed-file3792_inv9.als,classroom_fol,CORRECT,28.0,1.0,1.0,0.0
classroom_fol/CORRECT/parsed-file379_inv9.als,classroom_fol,CORRECT,29.0,1.0,1.0,0.0
classroom_fol/CORRECT/parsed-file3805_inv6.als,classroom_fol,CORRECT,19.0,1.0,1.0,0.0
classroom_fol/CORRECT/parsed-file3815_inv6.als,classroom_fol,CORRECT,12.0,1.0,1.0,0.0
classroom_fol/CORRECT/parsed-file381_inv9.als,classroom_fol,CORRECT,11.0,1.0,1.0,0.0
classroom_fol/CORRECT/parsed-file3841_inv8.als,classroom_fol,CORRECT,25.0,1.0,1.0,0.0
classroom_fol/CORRECT/parsed-file3844_inv8.als,classroom_fol,CORRECT,0.0,1.0,1.0,0.0
classroom_fol/CORRECT/parsed-file3886_inv11.als,classroom_fol,CORRECT,36.0,1.0,1.0,0.0
classroom_fol/CORRECT/parsed-file3887_inv8.als,classroom_fol,CORRECT,25.0,1.0,1.0,0.0
classroom_fol/CORRECT/parsed-file389_inv4.als,classroom_fol,CORRECT,12.0,1.0,1.0,0.0
classroom_fol/CORRECT/parsed-file389_inv6.als,classroom_fol,CORRECT,19.0,1.0,1.0,0.0
classroom_fol/CORRECT/parsed-file3923_inv10.als,classroom_fol,CORRECT,0.0,1.0,1.0,0.0
classroom_fol/CORRECT/parsed-file3925_inv12.als,classroom_fol,CORRECT,0.0,1.0,1.0,0.0
classroom_fol/CORRECT/parsed-file3927_inv13.als,classroom_fol,CORRECT,24.0,1.0,1.0,0.0
classroom_fol/CORRECT/parsed-file3929_inv9.als,classroom_fol,CORRECT,28.0,1.0,1.0,0.0
classroom_fol/CORRECT/parsed-file3940_inv8.als,classroom_fol,CORRECT,14.0,1.0,1.0,0.0
classroom_fol/CORRECT/parsed-file3948_inv9.als,classroom_fol,CORRECT,6.0,1.0,1.0,0.0
classroom_fol/CORRECT/parsed-file3952_inv9.als,classroom_fol,CORRECT,12.0,1.0,1.0,0.0
classroom_fol/CORRECT/parsed-file3963_inv6.als,classroom_fol,CORRECT,19.0,1.0,1.0,0.0
classroom_fol/CORRECT/parsed-file3968_inv4.als,classroom_fol,CORRECT,1.0,1.0,1.0,0.0
classroom_fol/CORRECT/parsed-file396_inv1.als,classroom_fol,CORRECT,10.0,1.0,1.0,0.0
classroom_fol/CORRECT/parsed-file3993_inv2.als,classroom_fol,CORRECT,10.0,1.0,1.0,0.0
classroom_fol/CORRECT/parsed-file3993_inv7.als,classroom_fol,CORRECT,12.0,1.0,1.0,0.0
classroom_fol/CORRECT/parsed-file4013_inv14.als,classroom_fol,CORRECT,0.0,1.0,1.0,0.0
classroom_fol/CORRECT/parsed-file4021_inv10.als,classroom_fol,CORRECT,19.0,1.0,1.0,0.0
classroom_fol/CORRECT/parsed-file4044_inv9.als,classroom_fol,CORRECT,29.0,1.0,1.0,0.0
classroom_fol/CORRECT/parsed-file4046_inv8.als,classroom_fol,CORRECT,25.0,1.0,1.0,0.0
classroom_fol/CORRECT/parsed-file4057_inv3.als,classroom_fol,CORRECT,8.0,1.0,1.0,0.0
classroom_fol/CORRECT/parsed-file4059_inv1.als,classroom_fol,CORRECT,0.0,1.0,1.0,0.0
classroom_fol/CORRECT/parsed-file4070_inv13.als,classroom_fol,CORRECT,24.0,1.0,1.0,0.0
classroom_fol/CORRECT/parsed-file4077_inv9.als,classroom_fol,CORRECT,26.0,1.0,1.0,0.0
classroom_fol/CORRECT/parsed-file4079_inv13.als,classroom_fol,CORRECT,24.0,1.0,1.0,0.0
classroom_fol/CORRECT/parsed-file4079_inv8.als,classroom_fol,CORRECT,4.0,1.0,1.0,0.0
classroom_fol/CORRECT/parsed-file407_inv5.als,classroom_fol,CORRECT,12.0,1.0,1.0,0.0
classroom_fol/CORRECT/parsed-file4098_inv3.als,classroom_fol,CORRECT,10.0,1.0,1.0,0.0
classroom_fol/CORRECT/parsed-file4101_inv5.als,classroom_fol,CORRECT,17.0,1.0,1.0,0.0
classroom_fol/CORRECT/parsed-file4115_inv13.als,classroom_fol,CORRECT,24.0,1.0,1.0,0.0
classroom_fol/CORRECT/parsed-file4120_inv7.als,classroom_fol,CORRECT,19.0,1.0,1.0,0.0
classroom_fol/CORRECT/parsed-file4134_inv11.als,classroom_fol,CORRECT,32.0,1.0,1.0,0.0
classroom_fol/CORRECT/parsed-file4139_inv3.als,classroom_fol,CORRECT,10.0,1.0,1.0,0.0
classroom_fol/CORRECT/parsed-file413_inv10.als,classroom_fol,CORRECT,11.0,1.0,1.0,0.0
classroom_fol/CORRECT/parsed-file4147_inv12.als,classroom_fol,CORRECT,0.0,1.0,1.0,0.0
classroom_fol/CORRECT/parsed-file4148_inv10.als,classroom_fol,CORRECT,11.0,1.0,1.0,0.0
classroom_fol/CORRECT/parsed-file4148_inv3.als,classroom_fol,CORRECT,8.0,1.0,1.0,0.0
classroom_fol/CORRECT/parsed-file4157_inv13.als,classroom_fol,CORRECT,24.0,1.0,1.0,0.0
classroom_fol/CORRECT/parsed-file4161_inv10.als,classroom_fol,CORRECT,18.0,1.0,1.0,0.0
classroom_fol/CORRECT/parsed-file4161_inv8.als,classroom_fol,CORRECT,25.0,1.0,1.0,0.0
classroom_fol/CORRECT/parsed-file417_inv5.als,classroom_fol,CORRECT,17.0,1.0,1.0,0.0
classroom_fol/CORRECT/parsed-file4186_inv8.als,classroom_fol,CORRECT,4.0,1.0,1.0,0.0
classroom_fol/CORRECT/parsed-file4204_inv4.als,classroom_fol,CORRECT,12.0,1.0,1.0,0.0
classroom_fol/CORRECT/parsed-file420_inv7.als,classroom_fol,CORRECT,19.0,1.0,1.0,0.0
classroom_fol/CORRECT/parsed-file4215_inv10.als,classroom_fol,CORRECT,11.0,1.0,1.0,0.0
classroom_fol/CORRECT/parsed-file4218_inv5.als,classroom_fol,CORRECT,8.0,1.0,1.0,0.0
classroom_fol/CORRECT/parsed-file4235_inv4.als,classroom_fol,CORRECT,6.0,1.0,1.0,0.0
classroom_fol/CORRECT/parsed-file4241_inv6.als,classroom_fol,CORRECT,19.0,1.0,1.0,0.0
classroom_fol/CORRECT/parsed-file4248_inv13.als,classroom_fol,CORRECT,24.0,1.0,1.0,0.0
classroom_fol/CORRECT/parsed-file4250_inv10.als,classroom_fol,CORRECT,8.0,1.0,1.0,0.0
classroom_fol/CORRECT/parsed-file4250_inv6.als,classroom_fol,CORRECT,0.0,1.0,1.0,0.0
classroom_fol/CORRECT/parsed-file426_inv12.als,classroom_fol,CORRECT,0.0,1.0,1.0,0.0
classroom_fol/CORRECT/parsed-file4270_inv10.als,classroom_fol,CORRECT,18.0,1.0,1.0,0.0
classroom_fol/CORRECT/parsed-file4271_inv1.als,classroom_fol,CORRECT,10.0,1.0,1.0,0.0
classroom_fol/CORRECT/parsed-file4282_inv14.als,classroom_fol,CORRECT,28.0,1.0,1.0,0.0
classroom_fol/CORRECT/parsed-file4291_inv13.als,classroom_fol,CORRECT,24.0,1.0,1.0,0.0
classroom_fol/CORRECT/parsed-file4292_inv13.als,classroom_fol,CORRECT,24.0,1.0,1.0,0.0
classroom_fol/CORRECT/parsed-file4296_inv4.als,classroom_fol,CORRECT,12.0,1.0,1.0,0.0
classroom_fol/CORRECT/parsed-file4320_inv3.als,classroom_fol,CORRECT,16.0,1.0,1.0,0.0
classroom_fol/CORRECT/parsed-file4330_inv8.als,classroom_fol,CORRECT,25.0,1.0,1.0,0.0
classroom_fol/CORRECT/parsed-file4333_inv8.als,classroom_fol,CORRECT,4.0,1.0,1.0,0.0
classroom_fol/CORRECT/parsed-file4338_inv3.als,classroom_fol,CORRECT,22.0,1.0,1.0,0.0
classroom_fol/CORRECT/parsed-file4346_inv3.als,classroom_fol,CORRECT,12.0,1.0,1.0,0.0
classroom_fol/CORRECT/parsed-file4351_inv12.als,classroom_fol,CORRECT,35.0,1.0,1.0,0.0
classroom_fol/CORRECT/parsed-file4360_inv9.als,classroom_fol,CORRECT,6.0,1.0,1.0,0.0
classroom_fol/CORRECT/parsed-file4395_inv9.als,classroom_fol,CORRECT,28.0,1.0,1.0,0.0
classroom_fol/CORRECT/parsed-file4398_inv4.als,classroom_fol,CORRECT,0.0,1.0,1.0,0.0
classroom_fol/CORRECT/parsed-file4399_inv6.als,classroom_fol,CORRECT,19.0,1.0,1.0,0.0
classroom_fol/CORRECT/parsed-file4418_inv4.als,classroom_fol,CORRECT,12.0,1.0,1.0,0.0
classroom_fol/CORRECT/parsed-file4424_inv9.als,classroom_fol,CORRECT,16.0,1.0,1.0,0.0
classroom_fol/CORRECT/parsed-file4428_inv1.als,classroom_fol,CORRECT,10.0,1.0,1.0,0.0
classroom_fol/CORRECT/parsed-file4445_inv5.als,classroom_fol,CORRECT,17.0,1.0,1.0,0.0
classroom_fol/CORRECT/parsed-file4446_inv4.als,classroom_fol,CORRECT,19.0,1.0,1.0,0.0
classroom_fol/CORRECT/parsed-file4446_inv8.als,classroom_fol,CORRECT,4.0,1.0,1.0,0.0
classroom_fol/CORRECT/parsed-file4453_inv10.als,classroom_fol,CORRECT,18.0,1.0,1.0,0.0
classroom_fol/CORRECT/parsed-file4461_inv3.als,classroom_fol,CORRECT,9.0,1.0,1.0,0.0
classroom_fol/CORRECT/parsed-file4468_inv9.als,classroom_fol,CORRECT,26.0,1.0,1.0,0.0
classroom_fol/CORRECT/parsed-file4478_inv7.als,classroom_fol,CORRECT,0.0,1.0,1.0,0.0
classroom_fol/CORRECT/parsed-file44_inv9.als,classroom_fol,CORRECT,6.0,1.0,1.0,0.0
classroom_fol/CORRECT/parsed-file4508_inv6.als,classroom_fol,CORRECT,19.0,1.0,1.0,0.0
classroom_fol/CORRECT/parsed-file4512_inv5.als,classroom_fol,CORRECT,8.0,1.0,1.0,0.0
classroom_fol/CORRECT/parsed-file4519_inv3.als,classroom_fol,CORRECT,12.0,1.0,1.0,0.0
classroom_fol/CORRECT/parsed-file4539_inv5.als,classroom_fol,CORRECT,17.0,1.0,1.0,0.0
classroom_fol/CORRECT/parsed-file4543_inv14.als,classroom_fol,CORRECT,28.0,1.0,1.0,0.0
classroom_fol/CORRECT/parsed-file4545_inv8.als,classroom_fol,CORRECT,14.0,1.0,1.0,0.0
classroom_fol/CORRECT/parsed-file4549_inv14.als,classroom_fol,CORRECT,26.0,1.0,1.0,0.0
classroom_fol/CORRECT/parsed-file4571_inv3.als,classroom_fol,CORRECT,0.0,1.0,1.0,0.0
classroom_fol/CORRECT/parsed-file4584_inv3.als,classroom_fol,CORRECT,23.0,1.0,1.0,0.0
classroom_fol/CORRECT/parsed-file4586_inv4.als,classroom_fol,CORRECT,1.0,1.0,1.0,0.0
classroom_fol/CORRECT/parsed-file459_inv3.als,classroom_fol,CORRECT,0.0,1.0,1.0,0.0
classroom_fol/CORRECT/parsed-file4600_inv9.als,classroom_fol,CORRECT,28.0,1.0,1.0,0.0
classroom_fol/CORRECT/parsed-file4620_inv6.als,classroom_fol,CORRECT,19.0,1.0,1.0,0.0
classroom_fol/CORRECT/parsed-file4622_inv10.als,classroom_fol,CORRECT,0.0,1.0,1.0,0.0
classroom_fol/CORRECT/parsed-file4625_inv8.als,classroom_fol,CORRECT,25.0,1.0,1.0,0.0
classroom_fol/CORRECT/parsed-file4625_inv9.als,classroom_fol,CORRECT,26.0,1.0,1.0,0.0
classroom_fol/CORRECT/parsed-file4639_inv7.als,classroom_fol,CORRECT,0.0,1.0,1.0,0.0
classroom_fol/CORRECT/parsed-file4643_inv12.als,classroom_fol,CORRECT,13.0,1.0,1.0,0.0
classroom_fol/CORRECT/parsed-file4649_inv8.als,classroom_fol,CORRECT,25.0,1.0,1.0,0.0
classroom_fol/CORRECT/parsed-file4650_inv7.als,classroom_fol,CORRECT,19.0,1.0,1.0,0.0
classroom_fol/CORRECT/parsed-file4656_inv5.als,classroom_fol,CORRECT,8.0,1.0,1.0,0.0
classroom_fol/CORRECT/parsed-file469_inv4.als,classroom_fol,CORRECT,12.0,1.0,1.0,0.0
classroom_fol/CORRECT/parsed-file46_inv13.als,classroom_fol,CORRECT,24.0,1.0,1.0,0.0
classroom_fol/CORRECT/parsed-file4707_inv7.als,classroom_fol,CORRECT,19.0,1.0,1.0,0.0
classroom_fol/CORRECT/parsed-file4708_inv9.als,classroom_fol,CORRECT,13.0,1.0,1.0,0.0
classroom_fol/CORRECT/parsed-file4724_inv10.als,classroom_fol,CORRECT,18.0,1.0,1.0,0.0
classroom_fol/CORRECT/parsed-file4724_inv4.als,classroom_fol,CORRECT,12.0,1.0,1.0,0.0
classroom_fol/CORRECT/parsed-file493_inv8.als,classroom_fol,CORRECT,0.0,1.0,1.0,0.0
classroom_fol/CORRECT/parsed-file502_inv5.als,classroom_fol,CORRECT,8.0,1.0,1.0,0.0
classroom_fol/CORRECT/parsed-file521_inv10.als,classroom_fol,CORRECT,11.0,1.0,1.0,0.0
classroom_fol/CORRECT/parsed-file521_inv6.als,classroom_fol,CORRECT,19.0,1.0,1.0,0.0
classroom_fol/CORRECT/parsed-file531_inv13.als,classroom_fol,CORRECT,24.0,1.0,1.0,0.0
classroom_fol/CORRECT/parsed-file536_inv8.als,classroom_fol,CORRECT,4.0,1.0,1.0,0.0
classroom_fol/CORRECT/parsed-file540_inv6.als,classroom_fol,CORRECT,19.0,1.0,1.0,0.0
classroom_fol/CORRECT/parsed-file54_inv3.als,classroom_fol,CORRECT,22.0,1.0,1.0,0.0
classroom_fol/CORRECT/parsed-file552_inv4.als,classroom_fol,CORRECT,12.0,1.0,1.0,0.0
classroom_fol/CORRECT/parsed-file587_inv3.als,classroom_fol,CORRECT,12.0,1.0,1.0,0.0
classroom_fol/CORRECT/parsed-file58_inv15.als,classroom_fol,CORRECT,21.0,1.0,1.0,0.0
classroom_fol/CORRECT/parsed-file594_inv13.als,classroom_fol,CORRECT,25.0,1.0,1.0,0.0
classroom_fol/CORRECT/parsed-file598_inv11.als,classroom_fol,CORRECT,33.0,1.0,1.0,0.0
classroom_fol/CORRECT/parsed-file598_inv3.als,classroom_fol,CORRECT,18.0,1.0,1.0,0.0
classroom_fol/CORRECT/parsed-file605_inv9.als,classroom_fol,CORRECT,28.0,1.0,1.0,0.0
classroom_fol/CORRECT/parsed-file606_inv4.als,classroom_fol,CORRECT,12.0,1.0,1.0,0.0
classroom_fol/CORRECT/parsed-file607_inv14.als,classroom_fol,CORRECT,28.0,1.0,1.0,0.0
classroom_fol/CORRECT/parsed-file617_inv3.als,classroom_fol,CORRECT,27.0,1.0,1.0,0.0
classroom_fol/CORRECT/parsed-file626_inv9.als,classroom_fol,CORRECT,26.0,1.0,1.0,0.0
classroom_fol/CORRECT/parsed-file629_inv4.als,classroom_fol,CORRECT,12.0,1.0,1.0,0.0
classroom_fol/CORRECT/parsed-file632_inv9.als,classroom_fol,CORRECT,29.0,1.0,1.0,0.0
classroom_fol/CORRECT/parsed-file63_inv3.als,classroom_fol,CORRECT,12.0,1.0,1.0,0.0
classroom_fol/CORRECT/parsed-file661_inv4.als,classroom_fol,CORRECT,19.0,1.0,1.0,0.0
classroom_fol/CORRECT/parsed-file662_inv4.als,classroom_fol,CORRECT,1.0,1.0,1.0,0.0
classroom_fol/CORRECT/parsed-file664_inv5.als,classroom_fol,CORRECT,17.0,1.0,1.0,0.0
classroom_fol/CORRECT/parsed-file681_inv9.als,classroom_fol,CORRECT,28.0,1.0,1.0,0.0
classroom_fol/CORRECT/parsed-file688_inv8.als,classroom_fol,CORRECT,25.0,1.0,1.0,0.0
classroom_fol/CORRECT/parsed-file698_inv6.als,classroom_fol,CORRECT,3.0,1.0,1.0,0.0
classroom_fol/CORRECT/parsed-file699_inv6.als,classroom_fol,CORRECT,19.0,1.0,1.0,0.0
classroom_fol/CORRECT/parsed-file701_inv9.als,classroom_fol,CORRECT,9.0,1.0,1.0,0.0
classroom_fol/CORRECT/parsed-file703_inv5.als,classroom_fol,CORRECT,8.0,1.0,1.0,0.0
classroom_fol/CORRECT/parsed-file723_inv4.als,classroom_fol,CORRECT,12.0,1.0,1.0,0.0
classroom_fol/CORRECT/parsed-file731_inv7.als,classroom_fol,CORRECT,19.0,1.0,1.0,0.0
classroom_fol/CORRECT/parsed-file739_inv3.als,classroom_fol,CORRECT,0.0,1.0,1.0,0.0
classroom_fol/CORRECT/parsed-file766_inv13.als,classroom_fol,CORRECT,6.0,1.0,1.0,0.0
classroom_fol/CORRECT/parsed-file776_inv11.als,classroom_fol,CORRECT,36.0,1.0,1.0,0.0
classroom_fol/CORRECT/parsed-file777_inv2.als,classroom_fol,CORRECT,10.0,1.0,1.0,0.0
classroom_fol/CORRECT/parsed-file777_inv3.als,classroom_fol,CORRECT,12.0,1.0,1.0,0.0
classroom_fol/CORRECT/parsed-file802_inv6.als,classroom_fol,CORRECT,19.0,1.0,1.0,0.0
classroom_fol/CORRECT/parsed-file822_inv14.als,classroom_fol,CORRECT,21.0,1.0,1.0,0.0
classroom_fol/CORRECT/parsed-file827_inv7.als,classroom_fol,CORRECT,19.0,1.0,1.0,0.0
classroom_fol/CORRECT/parsed-file847_inv10.als,classroom_fol,CORRECT,18.0,1.0,1.0,0.0
classroom_fol/CORRECT/parsed-file847_inv13.als,classroom_fol,CORRECT,25.0,1.0,1.0,0.0
classroom_fol/CORRECT/parsed-file853_inv10.als,classroom_fol,CORRECT,18.0,1.0,1.0,0.0
classroom_fol/CORRECT/parsed-file853_inv3.als,classroom_fol,CORRECT,22.0,1.0,1.0,0.0
classroom_fol/CORRECT/parsed-file898_inv1.als,classroom_fol,CORRECT,10.0,1.0,1.0,0.0
classroom_fol/CORRECT/parsed-file90_inv2.als,classroom_fol,CORRECT,10.0,1.0,1.0,0.0
classroom_fol/CORRECT/parsed-file921_inv11.als,classroom_fol,CORRECT,19.0,1.0,1.0,0.0
classroom_fol/CORRECT/parsed-file922_inv12.als,classroom_fol,CORRECT,35.0,1.0,1.0,0.0
classroom_fol/CORRECT/parsed-file925_inv4.als,classroom_fol,CORRECT,13.0,1.0,1.0,0.0
classroom_fol/CORRECT/parsed-file933_inv14.als,classroom_fol,CORRECT,28.0,1.0,1.0,0.0
classroom_fol/CORRECT/parsed-file935_inv12.als,classroom_fol,CORRECT,13.0,1.0,1.0,0.0
classroom_fol/CORRECT/parsed-file940_inv11.als,classroom_fol,CORRECT,24.0,1.0,1.0,0.0
classroom_fol/CORRECT/parsed-file956_inv7.als,classroom_fol,CORRECT,19.0,1.0,1.0,0.0
classroom_fol/CORRECT/parsed-file963_inv2.als,classroom_fol,CORRECT,0.0,1.0,1.0,0.0
classroom_fol/CORRECT/parsed-file970_inv11.als,classroom_fol,CORRECT,36.0,1.0,1.0,0.0
classroom_fol/CORRECT/parsed-file971_inv5.als,classroom_fol,CORRECT,0.0,1.0,1.0,0.0
classroom_fol/CORRECT/parsed-file974_inv9.als,classroom_fol,CORRECT,26.0,1.0,1.0,0.0
classroom_fol/CORRECT/parsed-file987_inv12.als,classroom_fol,CORRECT,13.0,1.0,1.0,0.0
classroom_fol/CORRECT/parsed-file996_inv13.als,classroom_fol,CORRECT,27.0,1.0,1.0,0.0
classroom_fol/CORRECT/parsed-file997_inv1.als,classroom_fol,CORRECT,10.0,1.0,1.0,0.0
classroom_fol/CORRECT/parsed-file998_inv6.als,classroom_fol,CORRECT,19.0,1.0,1.0,0.0
classroom_fol/CORRECT/parsed-file9_inv3.als,classroom_fol,CORRECT,0.0,1.0,1.0,0.0
classroom_fol/OVERCONSTRAINED/parsed-file1001_inv9.als,classroom_fol,OVERCONSTRAINED,5.0,1.0,1.0,0.0
classroom_fol/OVERCONSTRAINED/parsed-file1006_inv3.als,classroom_fol,OVERCONSTRAINED,22.0,1.0,1.0,0.0
classroom_fol/OVERCONSTRAINED/parsed-file1023_inv9.als,classroom_fol,OVERCONSTRAINED,13.0,0.0,1.0,1.0
classroom_fol/OVERCONSTRAINED/parsed-file1030_inv7.als,classroom_fol,OVERCONSTRAINED,19.0,0.0,1.0,1.0
classroom_fol/OVERCONSTRAINED/parsed-file1051_inv6.als,classroom_fol,OVERCONSTRAINED,13.0,0.0,1.0,1.0
classroom_fol/OVERCONSTRAINED/parsed-file105_inv12.als,classroom_fol,OVERCONSTRAINED,13.0,0.953,1.0,0.047
classroom_fol/OVERCONSTRAINED/parsed-file1091_inv5.als,classroom_fol,OVERCONSTRAINED,10.0,0.0,1.0,1.0
classroom_fol/OVERCONSTRAINED/parsed-file1093_inv12.als,classroom_fol,OVERCONSTRAINED,29.0,0.953,1.0,0.047
classroom_fol/OVERCONSTRAINED/parsed-file1116_inv6.als,classroom_fol,OVERCONSTRAINED,2.0,0.0,1.0,1.0
classroom_fol/OVERCONSTRAINED/parsed-file1121_inv9.als,classroom_fol,OVERCONSTRAINED,12.0,0.228,1.0,0.772
classroom_fol/OVERCONSTRAINED/parsed-file1151_inv11.als,classroom_fol,OVERCONSTRAINED,35.0,1.0,1.0,0.0
classroom_fol/OVERCONSTRAINED/parsed-file1152_inv11.als,classroom_fol,OVERCONSTRAINED,14.0,0.65,1.0,0.35
classroom_fol/OVERCONSTRAINED/parsed-file1155_inv14.als,classroom_fol,OVERCONSTRAINED,52.0,0.0,1.0,1.0
classroom_fol/OVERCONSTRAINED/parsed-file115_inv5.als,classroom_fol,OVERCONSTRAINED,10.0,0.0,1.0,1.0
classroom_fol/OVERCONSTRAINED/parsed-file1186_inv13.als,classroom_fol,OVERCONSTRAINED,11.0,0.0,1.0,1.0
classroom_fol/OVERCONSTRAINED/parsed-file1205_inv12.als,classroom_fol,OVERCONSTRAINED,36.0,0.853,1.0,0.147
classroom_fol/OVERCONSTRAINED/parsed-file1237_inv10.als,classroom_fol,OVERCONSTRAINED,11.0,0.0,1.0,1.0
classroom_fol/OVERCONSTRAINED/parsed-file1238_inv7.als,classroom_fol,OVERCONSTRAINED,3.0,1.0,1.0,0.0
classroom_fol/OVERCONSTRAINED/parsed-file1249_inv7.als,classroom_fol,OVERCONSTRAINED,19.0,0.999,1.0,0.001
classroom_fol/OVERCONSTRAINED/parsed-file1279_inv9.als,classroom_fol,OVERCONSTRAINED,12.0,0.228,1.0,0.772
classroom_fol/OVERCONSTRAINED/parsed-file1282_inv11.als,classroom_fol,OVERCONSTRAINED,23.0,1.0,1.0,0.0
classroom_fol/OVERCONSTRAINED/parsed-file134_inv12.als,classroom_fol,OVERCONSTRAINED,13.0,0.853,1.0,0.147
classroom_fol/OVERCONSTRAINED/parsed-file1376_inv7.als,classroom_fol,OVERCONSTRAINED,19.0,0.0,1.0,1.0
classroom_fol/OVERCONSTRAINED/parsed-file1398_inv11.als,classroom_fol,OVERCONSTRAINED,10.0,0.0,1.0,1.0
classroom_fol/OVERCONSTRAINED/parsed-file1404_inv15.als,classroom_fol,OVERCONSTRAINED,36.0,0.0,1.0,1.0
classroom_fol/OVERCONSTRAINED/parsed-file1439_inv11.als,classroom_fol,OVERCONSTRAINED,7.0,0.0,1.0,1.0
classroom_fol/OVERCONSTRAINED/parsed-file1448_inv3.als,classroom_fol,OVERCONSTRAINED,21.0,1.0,1.0,0.0
classroom_fol/OVERCONSTRAINED/parsed-file1464_inv4.als,classroom_fol,OVERCONSTRAINED,14.0,0.0,1.0,1.0
classroom_fol/OVERCONSTRAINED/parsed-file1519_inv11.als,classroom_fol,OVERCONSTRAINED,14.0,1.0,1.0,0.0
classroom_fol/OVERCONSTRAINED/parsed-file1526_inv2.als,classroom_fol,OVERCONSTRAINED,10.0,0.0,1.0,1.0
classroom_fol/OVERCONSTRAINED/parsed-file1664_inv10.als,classroom_fol,OVERCONSTRAINED,8.0,0.0,1.0,1.0
classroom_fol/OVERCONSTRAINED/parsed-file1700_inv9.als,classroom_fol,OVERCONSTRAINED,5.0,1.0,1.0,0.0
classroom_fol/OVERCONSTRAINED/parsed-file170_inv11.als,classroom_fol,OVERCONSTRAINED,36.0,1.0,1.0,0.0
classroom_fol/OVERCONSTRAINED/parsed-file1745_inv4.als,classroom_fol,OVERCONSTRAINED,12.0,1.0,1.0,0.0
classroom_fol/OVERCONSTRAINED/parsed-file1757_inv7.als,classroom_fol,OVERCONSTRAINED,19.0,0.0,1.0,1.0
classroom_fol/OVERCONSTRAINED/parsed-file175_inv11.als,classroom_fol,OVERCONSTRAINED,36.0,1.0,1.0,0.0
classroom_fol/OVERCONSTRAINED/parsed-file1793_inv3.als,classroom_fol,OVERCONSTRAINED,27.0,1.0,1.0,0.0
classroom_fol/OVERCONSTRAINED/parsed-file1811_inv11.als,classroom_fol,OVERCONSTRAINED,10.0,0.0,1.0,1.0
classroom_fol/OVERCONSTRAINED/parsed-file1818_inv10.als,classroom_fol,OVERCONSTRAINED,8.0,0.0,1.0,1.0
classroom_fol/OVERCONSTRAINED/parsed-file1833_inv11.als,classroom_fol,OVERCONSTRAINED,14.0,1.0,1.0,0.0
classroom_fol/OVERCONSTRAINED/parsed-file1866_inv8.als,classroom_fol,OVERCONSTRAINED,26.0,0.0,1.0,1.0
classroom_fol/OVERCONSTRAINED/parsed-file1875_inv11.als,classroom_fol,OVERCONSTRAINED,20.0,0.65,1.0,0.35
classroom_fol/OVERCONSTRAINED/parsed-file1940_inv5.als,classroom_fol,OVERCONSTRAINED,13.0,0.0,1.0,1.0
classroom_fol/OVERCONSTRAINED/parsed-file1942_inv12.als,classroom_fol,OVERCONSTRAINED,29.0,0.953,1.0,0.047
classroom_fol/OVERCONSTRAINED/parsed-file1946_inv3.als,classroom_fol,OVERCONSTRAINED,14.0,0.0,1.0,1.0
classroom_fol/OVERCONSTRAINED/parsed-file1959_inv11.als,classroom_fol,OVERCONSTRAINED,36.0,0.0,1.0,1.0
classroom_fol/OVERCONSTRAINED/parsed-file1963_inv12.als,classroom_fol,OVERCONSTRAINED,30.0,0.953,1.0,0.047
classroom_fol/OVERCONSTRAINED/parsed-file1986_inv6.als,classroom_fol,OVERCONSTRAINED,12.0,1.0,1.0,0.0
classroom_fol/OVERCONSTRAINED/parsed-file1994_inv15.als,classroom_fol,OVERCONSTRAINED,14.0,0.0,1.0,1.0
classroom_fol/OVERCONSTRAINED/parsed-file2009_inv13.als,classroom_fol,OVERCONSTRAINED,24.0,0.0,1.0,1.0
classroom_fol/OVERCONSTRAINED/parsed-file2051_inv10.als,classroom_fol,OVERCONSTRAINED,29.0,0.0,1.0,1.0
classroom_fol/OVERCONSTRAINED/parsed-file2055_inv13.als,classroom_fol,OVERCONSTRAINED,30.0,0.001,1.0,0.999
classroom_fol/OVERCONSTRAINED/parsed-file2110_inv12.als,classroom_fol,OVERCONSTRAINED,13.0,0.953,1.0,0.047
classroom_fol/OVERCONSTRAINED/parsed-file2149_inv11.als,classroom_fol,OVERCONSTRAINED,18.0,0.0,1.0,1.0
classroom_fol/OVERCONSTRAINED/parsed-file2189_inv12.als,classroom_fol,OVERCONSTRAINED,43.0,0.0,1.0,1.0
classroom_fol/OVERCONSTRAINED/parsed-file2192_inv6.als,classroom_fol,OVERCONSTRAINED,1.0,0.0,1.0,1.0
classroom_fol/OVERCONSTRAINED/parsed-file2204_inv2.als,classroom_fol,OVERCONSTRAINED,2.0,0.0,1.0,1.0
classroom_fol/OVERCONSTRAINED/parsed-file2238_inv3.als,classroom_fol,OVERCONSTRAINED,15.0,1.0,1.0,0.0
classroom_fol/OVERCONSTRAINED/parsed-file2298_inv9.als,classroom_fol,OVERCONSTRAINED,14.0,0.0,1.0,1.0
classroom_fol/OVERCONSTRAINED/parsed-file2317_inv5.als,classroom_fol,OVERCONSTRAINED,16.0,0.0,1.0,1.0
classroom_fol/OVERCONSTRAINED/parsed-file2387_inv11.als,classroom_fol,OVERCONSTRAINED,31.0,0.0,1.0,1.0
classroom_fol/OVERCONSTRAINED/parsed-file2401_inv11.als,classroom_fol,OVERCONSTRAINED,37.0,0.0,1.0,1.0
classroom_fol/OVERCONSTRAINED/parsed-file2457_inv10.als,classroom_fol,OVERCONSTRAINED,18.0,0.0,1.0,1.0
classroom_fol/OVERCONSTRAINED/parsed-file2459_inv13.als,classroom_fol,OVERCONSTRAINED,30.0,0.0,1.0,1.0
classroom_fol/OVERCONSTRAINED/parsed-file246_inv11.als,classroom_fol,OVERCONSTRAINED,46.0,0.0,1.0,1.0
classroom_fol/OVERCONSTRAINED/parsed-file2485_inv12.als,classroom_fol,OVERCONSTRAINED,17.0,0.0,1.0,1.0
classroom_fol/OVERCONSTRAINED/parsed-file2504_inv7.als,classroom_fol,OVERCONSTRAINED,12.0,0.0,1.0,1.0
classroom_fol/OVERCONSTRAINED/parsed-file2523_inv11.als,classroom_fol,OVERCONSTRAINED,36.0,1.0,1.0,0.0
classroom_fol/OVERCONSTRAINED/parsed-file2528_inv10.als,classroom_fol,OVERCONSTRAINED,8.0,0.0,1.0,1.0
classroom_fol/OVERCONSTRAINED/parsed-file2556_inv11.als,classroom_fol,OVERCONSTRAINED,17.0,0.0,1.0,1.0
classroom_fol/OVERCONSTRAINED/parsed-file2620_inv3.als,classroom_fol,OVERCONSTRAINED,1.0,0.0,1.0,1.0
classroom_fol/OVERCONSTRAINED/parsed-file2637_inv5.als,classroom_fol,OVERCONSTRAINED,10.0,0.0,1.0,1.0
classroom_fol/OVERCONSTRAINED/parsed-file2656_inv7.als,classroom_fol,OVERCONSTRAINED,19.0,0.999,1.0,0.001
classroom_fol/OVERCONSTRAINED/parsed-file2701_inv5.als,classroom_fol,OVERCONSTRAINED,10.0,0.0,1.0,1.0
classroom_fol/OVERCONSTRAINED/parsed-file2710_inv7.als,classroom_fol,OVERCONSTRAINED,19.0,0.999,1.0,0.001
classroom_fol/OVERCONSTRAINED/parsed-file2715_inv6.als,classroom_fol,OVERCONSTRAINED,19.0,0.702,1.0,0.298
classroom_fol/OVERCONSTRAINED/parsed-file2723_inv10.als,classroom_fol,OVERCONSTRAINED,22.0,0.736,1.0,0.264
classroom_fol/OVERCONSTRAINED/parsed-file2736_inv8.als,classroom_fol,OVERCONSTRAINED,11.0,0.0,1.0,1.0
classroom_fol/OVERCONSTRAINED/parsed-file274_inv10.als,classroom_fol,OVERCONSTRAINED,13.0,0.0,1.0,1.0
classroom_fol/OVERCONSTRAINED/parsed-file2774_inv6.als,classroom_fol,OVERCONSTRAINED,23.0,1.0,1.0,0.0
classroom_fol/OVERCONSTRAINED/parsed-file2786_inv2.als,classroom_fol,OVERCONSTRAINED,10.0,0.0,1.0,1.0
classroom_fol/OVERCONSTRAINED/parsed-file2796_inv12.als,classroom_fol,OVERCONSTRAINED,29.0,0.953,1.0,0.047
classroom_fol/OVERCONSTRAINED/parsed-file2811_inv11.als,classroom_fol,OVERCONSTRAINED,36.0,1.0,1.0,0.0
classroom_fol/OVERCONSTRAINED/parsed-file2825_inv4.als,classroom_fol,OVERCONSTRAINED,4.0,0.0,1.0,1.0
classroom_fol/OVERCONSTRAINED/parsed-file2836_inv10.als,classroom_fol,OVERCONSTRAINED,11.0,0.0,1.0,1.0
classroom_fol/OVERCONSTRAINED/parsed-file2872_inv9.als,classroom_fol,OVERCONSTRAINED,5.0,1.0,1.0,0.0
classroom_fol/OVERCONSTRAINED/parsed-file2901_inv5.als,classroom_fol,OVERCONSTRAINED,3.0,0.0,1.0,1.0
classroom_fol/OVERCONSTRAINED/parsed-file2910_inv11.als,classroom_fol,OVERCONSTRAINED,18.0,0.0,1.0,1.0
classroom_fol/OVERCONSTRAINED/parsed-file292_inv6.als,classroom_fol,OVERCONSTRAINED,2.0,0.0,1.0,1.0
classroom_fol/OVERCONSTRAINED/parsed-file2937_inv12.als,classroom_fol,OVERCONSTRAINED,16.0,0.701,1.0,0.299
classroom_fol/OVERCONSTRAINED/parsed-file293_inv12.als,classroom_fol,OVERCONSTRAINED,29.0,0.953,1.0,0.047
classroom_fol/OVERCONSTRAINED/parsed-file2990_inv7.als,classroom_fol,OVERCONSTRAINED,1.0,0.0,1.0,1.0
classroom_fol/OVERCONSTRAINED/parsed-file3017_inv6.als,classroom_fol,OVERCONSTRAINED,23.0,1.0,1.0,0.0
classroom_fol/OVERCONSTRAINED/parsed-file3048_inv15.als,classroom_fol,OVERCONSTRAINED,53.0,1.0,1.0,0.0
classroom_fol/OVERCONSTRAINED/parsed-file3053_inv9.als,classroom_fol,OVERCONSTRAINED,5.0,1.0,1.0,0.0
classroom_fol/OVERCONSTRAINED/parsed-file3092_inv3.als,classroom_fol,OVERCONSTRAINED,1.0,0.0,1.0,1.0
classroom_fol/OVERCONSTRAINED/parsed-file3095_inv11.als,classroom_fol,OVERCONSTRAINED,21.0,1.0,1.0,0.0
classroom_fol/OVERCONSTRAINED/parsed-file3107_inv9.als,classroom_fol,OVERCONSTRAINED,4.0,1.0,1.0,0.0
classroom_fol/OVERCONSTRAINED/parsed-file3120_inv11.als,classroom_fol,OVERCONSTRAINED,36.0,1.0,1.0,0.0
classroom_fol/OVERCONSTRAINED/parsed-file3154_inv12.als,classroom_fol,OVERCONSTRAINED,29.0,0.953,1.0,0.047
classroom_fol/OVERCONSTRAINED/parsed-file3156_inv3.als,classroom_fol,OVERCONSTRAINED,14.0,0.0,1.0,1.0
classroom_fol/OVERCONSTRAINED/parsed-file3169_inv8.als,classroom_fol,OVERCONSTRAINED,4.0,0.408,1.0,0.592
classroom_fol/OVERCONSTRAINED/parsed-file3174_inv11.als,classroom_fol,OVERCONSTRAINED,10.0,0.0,1.0,1.0
classroom_fol/OVERCONSTRAINED/parsed-file3208_inv11.als,classroom_fol,OVERCONSTRAINED,36.0,1.0,1.0,0.0
classroom_fol/OVERCONSTRAINED/parsed-file3266_inv3.als,classroom_fol,OVERCONSTRAINED,1.0,0.0,1.0,1.0
classroom_fol/OVERCONSTRAINED/parsed-file3279_inv7.als,classroom_fol,OVERCONSTRAINED,19.0,0.999,1.0,0.001
classroom_fol/OVERCONSTRAINED/parsed-file3328_inv15.als,classroom_fol,OVERCONSTRAINED,56.0,0.0,1.0,1.0
classroom_fol/OVERCONSTRAINED/parsed-file3363_inv12.als,classroom_fol,OVERCONSTRAINED,35.0,0.953,1.0,0.047
classroom_fol/OVERCONSTRAINED/parsed-file3385_inv12.als,classroom_fol,OVERCONSTRAINED,13.0,0.0,1.0,1.0
classroom_fol/OVERCONSTRAINED/parsed-file3436_inv15.als,classroom_fol,OVERCONSTRAINED,37.0,0.0,1.0,1.0
classroom_fol/OVERCONSTRAINED/parsed-file3441_inv9.als,classroom_fol,OVERCONSTRAINED,9.0,1.0,1.0,0.0
classroom_fol/OVERCONSTRAINED/parsed-file3442_inv3.als,classroom_fol,OVERCONSTRAINED,4.0,1.0,1.0,0.0
classroom_fol/OVERCONSTRAINED/parsed-file3452_inv9.als,classroom_fol,OVERCONSTRAINED,13.0,0.455,1.0,0.545
classroom_fol/OVERCONSTRAINED/parsed-file3463_inv11.als,classroom_fol,OVERCONSTRAINED,9.0,0.0,1.0,1.0
classroom_fol/OVERCONSTRAINED/parsed-file3465_inv8.als,classroom_fol,OVERCONSTRAINED,4.0,0.408,1.0,0.592
classroom_fol/OVERCONSTRAINED/parsed-file3478_inv11.als,classroom_fol,OVERCONSTRAINED,14.0,1.0,1.0,0.0
classroom_fol/OVERCONSTRAINED/parsed-file347_inv5.als,classroom_fol,OVERCONSTRAINED,11.0,0.0,1.0,1.0
classroom_fol/OVERCONSTRAINED/parsed-file3483_inv11.als,classroom_fol,OVERCONSTRAINED,36.0,0.016,1.0,0.984
classroom_fol/OVERCONSTRAINED/parsed-file3499_inv15.als,classroom_fol,OVERCONSTRAINED,28.0,0.0,1.0,1.0
classroom_fol/OVERCONSTRAINED/parsed-file34_inv12.als,classroom_fol,OVERCONSTRAINED,29.0,0.953,1.0,0.047
classroom_fol/OVERCONSTRAINED/parsed-file3520_inv11.als,classroom_fol,OVERCONSTRAINED,23.0,1.0,1.0,0.0
classroom_fol/OVERCONSTRAINED/parsed-file3531_inv9.als,classroom_fol,OVERCONSTRAINED,25.0,0.227,1.0,0.773
classroom_fol/OVERCONSTRAINED/parsed-file3568_inv12.als,classroom_fol,OVERCONSTRAINED,16.0,0.701,1.0,0.299
classroom_fol/OVERCONSTRAINED/parsed-file356_inv12.als,classroom_fol,OVERCONSTRAINED,40.0,0.0,1.0,1.0
classroom_fol/OVERCONSTRAINED/parsed-file3572_inv11.als,classroom_fol,OVERCONSTRAINED,43.0,0.016,1.0,0.984
classroom_fol/OVERCONSTRAINED/parsed-file3573_inv7.als,classroom_fol,OVERCONSTRAINED,2.0,0.0,1.0,1.0
classroom_fol/OVERCONSTRAINED/parsed-file3580_inv14.als,classroom_fol,OVERCONSTRAINED,42.0,0.0,1.0,1.0
classroom_fol/OVERCONSTRAINED/parsed-file3587_inv11.als,classroom_fol,OVERCONSTRAINED,36.0,0.0,1.0,1.0
classroom_fol/OVERCONSTRAINED/parsed-file3594_inv11.als,classroom_fol,OVERCONSTRAINED,23.0,0.0,1.0,1.0
classroom_fol/OVERCONSTRAINED/parsed-file3600_inv9.als,classroom_fol,OVERCONSTRAINED,25.0,0.227,1.0,0.773
classroom_fol/OVERCONSTRAINED/parsed-file3613_inv15.als,classroom_fol,OVERCONSTRAINED,18.0,0.0,1.0,1.0
classroom_fol/OVERCONSTRAINED/parsed-file3622_inv11.als,classroom_fol,OVERCONSTRAINED,10.0,0.016,1.0,0.984
classroom_fol/OVERCONSTRAINED/parsed-file3644_inv15.als,classroom_fol,OVERCONSTRAINED,21.0,0.0,1.0,1.0
classroom_fol/OVERCONSTRAINED/parsed-file3692_inv11.als,classroom_fol,OVERCONSTRAINED,24.0,1.0,1.0,0.0
classroom_fol/OVERCONSTRAINED/parsed-file3695_inv8.als,classroom_fol,OVERCONSTRAINED,23.0,0.408,1.0,0.592
classroom_fol/OVERCONSTRAINED/parsed-file36_inv9.als,classroom_fol,OVERCONSTRAINED,12.0,0.228,1.0,0.772
classroom_fol/OVERCONSTRAINED/parsed-file3709_inv5.als,classroom_fol,OVERCONSTRAINED,13.0,0.0,1.0,1.0
classroom_fol/OVERCONSTRAINED/parsed-file3712_inv4.als,classroom_fol,OVERCONSTRAINED,14.0,0.0,1.0,1.0
classroom_fol/OVERCONSTRAINED/parsed-file3756_inv9.als,classroom_fol,OVERCONSTRAINED,14.0,1.0,1.0,0.0
classroom_fol/OVERCONSTRAINED/parsed-file3773_inv11.als,classroom_fol,OVERCONSTRAINED,18.0,1.0,1.0,0.0
classroom_fol/OVERCONSTRAINED/parsed-file3819_inv11.als,classroom_fol,OVERCONSTRAINED,29.0,1.0,1.0,0.0
classroom_fol/OVERCONSTRAINED/parsed-file3825_inv11.als,classroom_fol,OVERCONSTRAINED,23.0,1.0,1.0,0.0
classroom_fol/OVERCONSTRAINED/parsed-file3827_inv6.als,classroom_fol,OVERCONSTRAINED,19.0,0.0,1.0,1.0
classroom_fol/OVERCONSTRAINED/parsed-file391_inv8.als,classroom_fol,OVERCONSTRAINED,11.0,1.0,1.0,0.0
classroom_fol/OVERCONSTRAINED/parsed-file3944_inv13.als,classroom_fol,OVERCONSTRAINED,11.0,0.0,1.0,1.0
classroom_fol/OVERCONSTRAINED/parsed-file394_inv15.als,classroom_fol,OVERCONSTRAINED,28.0,0.0,1.0,1.0
classroom_fol/OVERCONSTRAINED/parsed-file4033_inv15.als,classroom_fol,OVERCONSTRAINED,15.0,1.0,1.0,0.0
classroom_fol/OVERCONSTRAINED/parsed-file4049_inv6.als,classroom_fol,OVERCONSTRAINED,2.0,0.0,1.0,1.0
classroom_fol/OVERCONSTRAINED/parsed-file4052_inv11.als,classroom_fol,OVERCONSTRAINED,24.0,0.0,1.0,1.0
classroom_fol/OVERCONSTRAINED/parsed-file4079_inv12.als,classroom_fol,OVERCONSTRAINED,16.0,0.701,1.0,0.299
classroom_fol/OVERCONSTRAINED/parsed-file4092_inv12.als,classroom_fol,OVERCONSTRAINED,24.0,0.0,1.0,1.0
classroom_fol/OVERCONSTRAINED/parsed-file40_inv10.als,classroom_fol,OVERCONSTRAINED,18.0,0.0,1.0,1.0
classroom_fol/OVERCONSTRAINED/parsed-file4130_inv5.als,classroom_fol,OVERCONSTRAINED,4.0,0.0,1.0,1.0
classroom_fol/OVERCONSTRAINED/parsed-file4152_inv15.als,classroom_fol,OVERCONSTRAINED,15.0,1.0,1.0,0.0
classroom_fol/OVERCONSTRAINED/parsed-file4179_inv4.als,classroom_fol,OVERCONSTRAINED,13.0,1.0,1.0,0.0
classroom_fol/OVERCONSTRAINED/parsed-file4189_inv10.als,classroom_fol,OVERCONSTRAINED,14.0,0.0,1.0,1.0
classroom_fol/OVERCONSTRAINED/parsed-file4191_inv3.als,classroom_fol,OVERCONSTRAINED,21.0,1.0,1.0,0.0
classroom_fol/OVERCONSTRAINED/parsed-file4214_inv11.als,classroom_fol,OVERCONSTRAINED,14.0,1.0,1.0,0.0
classroom_fol/OVERCONSTRAINED/parsed-file4234_inv10.als,classroom_fol,OVERCONSTRAINED,18.0,0.0,1.0,1.0
classroom_fol/OVERCONSTRAINED/parsed-file4253_inv11.als,classroom_fol,OVERCONSTRAINED,10.0,1.0,1.0,0.0
classroom_fol/OVERCONSTRAINED/parsed-file4257_inv12.als,classroom_fol,OVERCONSTRAINED,17.0,0.0,1.0,1.0
classroom_fol/OVERCONSTRAINED/parsed-file4275_inv11.als,classroom_fol,OVERCONSTRAINED,23.0,1.0,1.0,0.0
classroom_fol/OVERCONSTRAINED/parsed-file4299_inv10.als,classroom_fol,OVERCONSTRAINED,23.0,0.0,1.0,1.0
classroom_fol/OVERCONSTRAINED/parsed-file4305_inv13.als,classroom_fol,OVERCONSTRAINED,17.0,0.531,1.0,0.469
classroom_fol/OVERCONSTRAINED/parsed-file4310_inv8.als,classroom_fol,OVERCONSTRAINED,4.0,0.408,1.0,0.592
classroom_fol/OVERCONSTRAINED/parsed-file4314_inv11.als,classroom_fol,OVERCONSTRAINED,17.0,0.0,1.0,1.0
classroom_fol/OVERCONSTRAINED/parsed-file4330_inv10.als,classroom_fol,OVERCONSTRAINED,8.0,0.0,1.0,1.0
classroom_fol/OVERCONSTRAINED/parsed-file4355_inv11.als,classroom_fol,OVERCONSTRAINED,24.0,1.0,1.0,0.0
classroom_fol/OVERCONSTRAINED/parsed-file4374_inv12.als,classroom_fol,OVERCONSTRAINED,36.0,0.853,1.0,0.147
classroom_fol/OVERCONSTRAINED/parsed-file4386_inv6.als,classroom_fol,OVERCONSTRAINED,19.0,1.0,1.0,0.0
classroom_fol/OVERCONSTRAINED/parsed-file4386_inv7.als,classroom_fol,OVERCONSTRAINED,19.0,0.999,1.0,0.001
classroom_fol/OVERCONSTRAINED/parsed-file4407_inv9.als,classroom_fol,OVERCONSTRAINED,16.0,0.5,1.0,0.5
classroom_fol/OVERCONSTRAINED/parsed-file4420_inv10.als,classroom_fol,OVERCONSTRAINED,11.0,0.0,1.0,1.0
classroom_fol/OVERCONSTRAINED/parsed-file4421_inv1.als,classroom_fol,OVERCONSTRAINED,10.0,0.0,1.0,1.0
classroom_fol/OVERCONSTRAINED/parsed-file4422_inv10.als,classroom_fol,OVERCONSTRAINED,14.0,0.448,1.0,0.552
classroom_fol/OVERCONSTRAINED/parsed-file4452_inv15.als,classroom_fol,OVERCONSTRAINED,24.0,0.0,1.0,1.0
classroom_fol/OVERCONSTRAINED/parsed-file4469_inv12.als,classroom_fol,OVERCONSTRAINED,29.0,0.953,1.0,0.047
classroom_fol/OVERCONSTRAINED/parsed-file4480_inv5.als,classroom_fol,OVERCONSTRAINED,17.0,0.0,1.0,1.0
classroom_fol/OVERCONSTRAINED/parsed-file451_inv3.als,classroom_fol,OVERCONSTRAINED,10.0,1.0,1.0,0.0
classroom_fol/OVERCONSTRAINED/parsed-file4541_inv15.als,classroom_fol,OVERCONSTRAINED,36.0,0.0,1.0,1.0
classroom_fol/OVERCONSTRAINED/parsed-file4547_inv11.als,classroom_fol,OVERCONSTRAINED,37.0,1.0,1.0,0.0
classroom_fol/OVERCONSTRAINED/parsed-file4571_inv11.als,classroom_fol,OVERCONSTRAINED,6.0,0.0,1.0,1.0
classroom_fol/OVERCONSTRAINED/parsed-file4575_inv3.als,classroom_fol,OVERCONSTRAINED,27.0,1.0,1.0,0.0
classroom_fol/OVERCONSTRAINED/parsed-file4588_inv11.als,classroom_fol,OVERCONSTRAINED,34.0,0.0,1.0,1.0
classroom_fol/OVERCONSTRAINED/parsed-file4631_inv12.als,classroom_fol,OVERCONSTRAINED,29.0,0.953,1.0,0.047
classroom_fol/OVERCONSTRAINED/parsed-file4659_inv9.als,classroom_fol,OVERCONSTRAINED,10.0,1.0,1.0,0.0
classroom_fol/OVERCONSTRAINED/parsed-file4664_inv12.als,classroom_fol,OVERCONSTRAINED,13.0,0.953,1.0,0.047
classroom_fol/OVERCONSTRAINED/parsed-file4666_inv12.als,classroom_fol,OVERCONSTRAINED,29.0,0.953,1.0,0.047
classroom_fol/OVERCONSTRAINED/parsed-file4669_inv3.als,classroom_fol,OVERCONSTRAINED,1.0,0.0,1.0,1.0
classroom_fol/OVERCONSTRAINED/parsed-file4673_inv5.als,classroom_fol,OVERCONSTRAINED,10.0,0.0,1.0,1.0
classroom_fol/OVERCONSTRAINED/parsed-file4675_inv12.als,classroom_fol,OVERCONSTRAINED,41.0,0.0,1.0,1.0
classroom_fol/OVERCONSTRAINED/parsed-file4692_inv7.als,classroom_fol,OVERCONSTRAINED,2.0,0.0,1.0,1.0
classroom_fol/OVERCONSTRAINED/parsed-file4735_inv5.als,classroom_fol,OVERCONSTRAINED,10.0,0.0,1.0,1.0
classroom_fol/OVERCONSTRAINED/parsed-file47_inv15.als,classroom_fol,OVERCONSTRAINED,42.0,1.0,1.0,0.0
classroom_fol/OVERCONSTRAINED/parsed-file486_inv4.als,classroom_fol,OVERCONSTRAINED,15.0,0.0,1.0,1.0
classroom_fol/OVERCONSTRAINED/parsed-file50_inv10.als,classroom_fol,OVERCONSTRAINED,28.0,0.448,1.0,0.552
classroom_fol/OVERCONSTRAINED/parsed-file511_inv10.als,classroom_fol,OVERCONSTRAINED,13.0,0.0,1.0,1.0
classroom_fol/OVERCONSTRAINED/parsed-file555_inv8.als,classroom_fol,OVERCONSTRAINED,4.0,0.408,1.0,0.592
classroom_fol/OVERCONSTRAINED/parsed-file597_inv11.als,classroom_fol,OVERCONSTRAINED,29.0,0.619,1.0,0.381
classroom_fol/OVERCONSTRAINED/parsed-file59_inv4.als,classroom_fol,OVERCONSTRAINED,14.0,0.0,1.0,1.0
classroom_fol/OVERCONSTRAINED/parsed-file615_inv9.als,classroom_fol,OVERCONSTRAINED,5.0,1.0,1.0,0.0
classroom_fol/OVERCONSTRAINED/parsed-file631_inv11.als,classroom_fol,OVERCONSTRAINED,17.0,0.0,1.0,1.0
classroom_fol/OVERCONSTRAINED/parsed-file642_inv12.als,classroom_fol,OVERCONSTRAINED,24.0,0.0,1.0,1.0
classroom_fol/OVERCONSTRAINED/parsed-file651_inv12.als,classroom_fol,OVERCONSTRAINED,35.0,0.853,1.0,0.147
classroom_fol/OVERCONSTRAINED/parsed-file660_inv11.als,classroom_fol,OVERCONSTRAINED,34.0,0.0,1.0,1.0
classroom_fol/OVERCONSTRAINED/parsed-file671_inv12.als,classroom_fol,OVERCONSTRAINED,17.0,0.0,1.0,1.0
classroom_fol/OVERCONSTRAINED/parsed-file754_inv11.als,classroom_fol,OVERCONSTRAINED,35.0,0.016,1.0,0.984
classroom_fol/OVERCONSTRAINED/parsed-file759_inv11.als,classroom_fol,OVERCONSTRAINED,36.0,0.016,1.0,0.984
classroom_fol/OVERCONSTRAINED/parsed-file761_inv4.als,classroom_fol,OVERCONSTRAINED,6.0,0.0,1.0,1.0
classroom_fol/OVERCONSTRAINED/parsed-file774_inv9.als,classroom_fol,OVERCONSTRAINED,5.0,1.0,1.0,0.0
classroom_fol/OVERCONSTRAINED/parsed-file78_inv10.als,classroom_fol,OVERCONSTRAINED,18.0,0.0,1.0,1.0
classroom_fol/OVERCONSTRAINED/parsed-file793_inv4.als,classroom_fol,OVERCONSTRAINED,14.0,0.0,1.0,1.0
classroom_fol/OVERCONSTRAINED/parsed-file796_inv4.als,classroom_fol,OVERCONSTRAINED,14.0,0.0,1.0,1.0
classroom_fol/OVERCONSTRAINED/parsed-file818_inv11.als,classroom_fol,OVERCONSTRAINED,34.0,0.0,1.0,1.0
classroom_fol/OVERCONSTRAINED/parsed-file819_inv13.als,classroom_fol,OVERCONSTRAINED,13.0,0.0,1.0,1.0
classroom_fol/OVERCONSTRAINED/parsed-file825_inv11.als,classroom_fol,OVERCONSTRAINED,20.0,0.65,1.0,0.35
classroom_fol/OVERCONSTRAINED/parsed-file844_inv6.als,classroom_fol,OVERCONSTRAINED,12.0,0.0,1.0,1.0
classroom_fol/OVERCONSTRAINED/parsed-file869_inv3.als,classroom_fol,OVERCONSTRAINED,14.0,0.0,1.0,1.0
classroom_fol/OVERCONSTRAINED/parsed-file875_inv5.als,classroom_fol,OVERCONSTRAINED,17.0,0.0,1.0,1.0
classroom_fol/OVERCONSTRAINED/parsed-file923_inv12.als,classroom_fol,OVERCONSTRAINED,41.0,0.44,1.0,0.56
classroom_fol/OVERCONSTRAINED/parsed-file941_inv8.als,classroom_fol,OVERCONSTRAINED,11.0,0.592,1.0,0.408
classroom_fol/OVERCONSTRAINED/parsed-file974_inv11.als,classroom_fol,OVERCONSTRAINED,10.0,0.0,1.0,1.0
classroom_fol/OVERCONSTRAINED/parsed-file990_inv12.als,classroom_fol,OVERCONSTRAINED,43.0,0.0,1.0,1.0
classroom_fol/UNDERCONSTRAINED/parsed-file0_inv15.als,classroom_fol,UNDERCONSTRAINED,10.0,0.752,1.0,0.248
classroom_fol/UNDERCONSTRAINED/parsed-file1039_inv14.als,classroom_fol,UNDERCONSTRAINED,26.0,0.442,1.0,0.558
classroom_fol/UNDERCONSTRAINED/parsed-file1105_inv14.als,classroom_fol,UNDERCONSTRAINED,32.0,0.442,1.0,0.558
classroom_fol/UNDERCONSTRAINED/parsed-file1115_inv14.als,classroom_fol,UNDERCONSTRAINED,28.0,0.0,1.0,1.0
classroom_fol/UNDERCONSTRAINED/parsed-file1163_inv14.als,classroom_fol,UNDERCONSTRAINED,14.0,0.442,1.0,0.558
classroom_fol/UNDERCONSTRAINED/parsed-file1165_inv12.als,classroom_fol,UNDERCONSTRAINED,13.0,0.001,1.0,0.999
classroom_fol/UNDERCONSTRAINED/parsed-file1227_inv1.als,classroom_fol,UNDERCONSTRAINED,10.0,0.0,1.0,1.0
classroom_fol/UNDERCONSTRAINED/parsed-file1272_inv15.als,classroom_fol,UNDERCONSTRAINED,10.0,0.752,1.0,0.248
classroom_fol/UNDERCONSTRAINED/parsed-file1288_inv12.als,classroom_fol,UNDERCONSTRAINED,13.0,0.0,1.0,1.0
classroom_fol/UNDERCONSTRAINED/parsed-file131_inv11.als,classroom_fol,UNDERCONSTRAINED,32.0,0.801,1.0,0.199
classroom_fol/UNDERCONSTRAINED/parsed-file1336_inv11.als,classroom_fol,UNDERCONSTRAINED,14.0,0.801,1.0,0.199
classroom_fol/UNDERCONSTRAINED/parsed-file1351_inv5.als,classroom_fol,UNDERCONSTRAINED,12.0,0.001,1.0,0.999
classroom_fol/UNDERCONSTRAINED/parsed-file1355_inv14.als,classroom_fol,UNDERCONSTRAINED,32.0,0.442,1.0,0.558
classroom_fol/UNDERCONSTRAINED/parsed-file1425_inv5.als,classroom_fol,UNDERCONSTRAINED,3.0,0.0,1.0,1.0
classroom_fol/UNDERCONSTRAINED/parsed-file1471_inv11.als,classroom_fol,UNDERCONSTRAINED,36.0,0.0,1.0,1.0
classroom_fol/UNDERCONSTRAINED/parsed-file1500_inv12.als,classroom_fol,UNDERCONSTRAINED,4.0,0.001,1.0,0.999
classroom_fol/UNDERCONSTRAINED/parsed-file1501_inv12.als,classroom_fol,UNDERCONSTRAINED,30.0,0.017,1.0,0.983
classroom_fol/UNDERCONSTRAINED/parsed-file1533_inv14.als,classroom_fol,UNDERCONSTRAINED,30.0,0.442,1.0,0.558
classroom_fol/UNDERCONSTRAINED/parsed-file1558_inv8.als,classroom_fol,UNDERCONSTRAINED,2.0,0.0,1.0,1.0
classroom_fol/UNDERCONSTRAINED/parsed-file1560_inv15.als,classroom_fol,UNDERCONSTRAINED,10.0,0.752,1.0,0.248
classroom_fol/UNDERCONSTRAINED/parsed-file1691_inv15.als,classroom_fol,UNDERCONSTRAINED,42.0,0.001,1.0,0.999
classroom_fol/UNDERCONSTRAINED/parsed-file1696_inv11.als,classroom_fol,UNDERCONSTRAINED,36.0,0.897,1.0,0.103
classroom_fol/UNDERCONSTRAINED/parsed-file1739_inv11.als,classroom_fol,UNDERCONSTRAINED,36.0,0.801,1.0,0.199
classroom_fol/UNDERCONSTRAINED/parsed-file1772_inv15.als,classroom_fol,UNDERCONSTRAINED,10.0,0.752,1.0,0.248
classroom_fol/UNDERCONSTRAINED/parsed-file1823_inv12.als,classroom_fol,UNDERCONSTRAINED,30.0,0.017,1.0,0.983
classroom_fol/UNDERCONSTRAINED/parsed-file1879_inv10.als,classroom_fol,UNDERCONSTRAINED,12.0,0.0,1.0,1.0
classroom_fol/UNDERCONSTRAINED/parsed-file1883_inv5.als,classroom_fol,UNDERCONSTRAINED,2.0,0.001,1.0,0.999
classroom_fol/UNDERCONSTRAINED/parsed-file1893_inv6.als,classroom_fol,UNDERCONSTRAINED,20.0,0.0,1.0,1.0
classroom_fol/UNDERCONSTRAINED/parsed-file1900_inv14.als,classroom_fol,UNDERCONSTRAINED,32.0,0.442,1.0,0.558
classroom_fol/UNDERCONSTRAINED/parsed-file1918_inv14.als,classroom_fol,UNDERCONSTRAINED,38.0,0.442,1.0,0.558
classroom_fol/UNDERCONSTRAINED/parsed-file1923_inv2.als,classroom_fol,UNDERCONSTRAINED,25.0,0.984,1.0,0.016
classroom_fol/UNDERCONSTRAINED/parsed-file1944_inv12.als,classroom_fol,UNDERCONSTRAINED,30.0,0.001,1.0,0.999
classroom_fol/UNDERCONSTRAINED/parsed-file1950_inv5.als,classroom_fol,UNDERCONSTRAINED,17.0,0.0,1.0,1.0
classroom_fol/UNDERCONSTRAINED/parsed-file1961_inv12.als,classroom_fol,UNDERCONSTRAINED,13.0,0.001,1.0,0.999
classroom_fol/UNDERCONSTRAINED/parsed-file1999_inv14.als,classroom_fol,UNDERCONSTRAINED,38.0,0.442,1.0,0.558
classroom_fol/UNDERCONSTRAINED/parsed-file2030_inv12.als,classroom_fol,UNDERCONSTRAINED,17.0,1.0,1.0,0.0
classroom_fol/UNDERCONSTRAINED/parsed-file2042_inv11.als,classroom_fol,UNDERCONSTRAINED,10.0,0.801,1.0,0.199
classroom_fol/UNDERCONSTRAINED/parsed-file2080_inv14.als,classroom_fol,UNDERCONSTRAINED,32.0,0.442,1.0,0.558
classroom_fol/UNDERCONSTRAINED/parsed-file2091_inv11.als,classroom_fol,UNDERCONSTRAINED,32.0,0.801,1.0,0.199
classroom_fol/UNDERCONSTRAINED/parsed-file2131_inv10.als,classroom_fol,UNDERCONSTRAINED,16.0,0.0,1.0,1.0
classroom_fol/UNDERCONSTRAINED/parsed-file221_inv12.als,classroom_fol,UNDERCONSTRAINED,12.0,0.0,1.0,1.0
classroom_fol/UNDERCONSTRAINED/parsed-file2229_inv5.als,classroom_fol,UNDERCONSTRAINED,14.0,0.0,1.0,1.0
classroom_fol/UNDERCONSTRAINED/parsed-file2261_inv12.als,classroom_fol,UNDERCONSTRAINED,15.0,0.0,1.0,1.0
classroom_fol/UNDERCONSTRAINED/parsed-file2271_inv13.als,classroom_fol,UNDERCONSTRAINED,21.0,0.752,1.0,0.248
classroom_fol/UNDERCONSTRAINED/parsed-file2292_inv5.als,classroom_fol,UNDERCONSTRAINED,22.0,0.0,1.0,1.0
classroom_fol/UNDERCONSTRAINED/parsed-file229_inv14.als,classroom_fol,UNDERCONSTRAINED,43.0,0.0,1.0,1.0
classroom_fol/UNDERCONSTRAINED/parsed-file233_inv11.als,classroom_fol,UNDERCONSTRAINED,25.0,0.0,1.0,1.0
classroom_fol/UNDERCONSTRAINED/parsed-file2352_inv1.als,classroom_fol,UNDERCONSTRAINED,10.0,0.0,1.0,1.0
classroom_fol/UNDERCONSTRAINED/parsed-file2421_inv5.als,classroom_fol,UNDERCONSTRAINED,11.0,0.0,1.0,1.0
classroom_fol/UNDERCONSTRAINED/parsed-file2447_inv5.als,classroom_fol,UNDERCONSTRAINED,2.0,0.0,1.0,1.0
classroom_fol/UNDERCONSTRAINED/parsed-file2460_inv3.als,classroom_fol,UNDERCONSTRAINED,18.0,0.0,1.0,1.0
classroom_fol/UNDERCONSTRAINED/parsed-file2479_inv11.als,classroom_fol,UNDERCONSTRAINED,32.0,0.801,1.0,0.199
classroom_fol/UNDERCONSTRAINED/parsed-file2515_inv13.als,classroom_fol,UNDERCONSTRAINED,10.0,0.503,1.0,0.497
classroom_fol/UNDERCONSTRAINED/parsed-file2521_inv15.als,classroom_fol,UNDERCONSTRAINED,60.0,0.001,1.0,0.999
classroom_fol/UNDERCONSTRAINED/parsed-file257_inv12.als,classroom_fol,UNDERCONSTRAINED,36.0,0.001,1.0,0.999
classroom_fol/UNDERCONSTRAINED/parsed-file2584_inv13.als,classroom_fol,UNDERCONSTRAINED,13.0,0.752,1.0,0.248
classroom_fol/UNDERCONSTRAINED/parsed-file2611_inv14.als,classroom_fol,UNDERCONSTRAINED,22.0,0.442,1.0,0.558
classroom_fol/UNDERCONSTRAINED/parsed-file2623_inv14.als,classroom_fol,UNDERCONSTRAINED,32.0,0.442,1.0,0.558
classroom_fol/UNDERCONSTRAINED/parsed-file2642_inv12.als,classroom_fol,UNDERCONSTRAINED,17.0,1.0,1.0,0.0
classroom_fol/UNDERCONSTRAINED/parsed-file2648_inv12.als,classroom_fol,UNDERCONSTRAINED,13.0,0.001,1.0,0.999
classroom_fol/UNDERCONSTRAINED/parsed-file2661_inv8.als,classroom_fol,UNDERCONSTRAINED,15.0,0.0,1.0,1.0
classroom_fol/UNDERCONSTRAINED/parsed-file2676_inv14.als,classroom_fol,UNDERCONSTRAINED,46.0,0.001,1.0,0.999
classroom_fol/UNDERCONSTRAINED/parsed-file2708_inv14.als,classroom_fol,UNDERCONSTRAINED,38.0,0.44,1.0,0.56
classroom_fol/UNDERCONSTRAINED/parsed-file2763_inv14.als,classroom_fol,UNDERCONSTRAINED,31.0,0.442,1.0,0.558
classroom_fol/UNDERCONSTRAINED/parsed-file2792_inv14.als,classroom_fol,UNDERCONSTRAINED,16.0,0.442,1.0,0.558
classroom_fol/UNDERCONSTRAINED/parsed-file2803_inv1.als,classroom_fol,UNDERCONSTRAINED,5.0,0.0,1.0,1.0
classroom_fol/UNDERCONSTRAINED/parsed-file2852_inv14.als,classroom_fol,UNDERCONSTRAINED,12.0,0.442,1.0,0.558
classroom_fol/UNDERCONSTRAINED/parsed-file2864_inv14.als,classroom_fol,UNDERCONSTRAINED,46.0,0.0,1.0,1.0
classroom_fol/UNDERCONSTRAINED/parsed-file2918_inv11.als,classroom_fol,UNDERCONSTRAINED,32.0,0.801,1.0,0.199
classroom_fol/UNDERCONSTRAINED/parsed-file296_inv13.als,classroom_fol,UNDERCONSTRAINED,10.0,0.0,1.0,1.0
classroom_fol/UNDERCONSTRAINED/parsed-file2974_inv11.als,classroom_fol,UNDERCONSTRAINED,32.0,0.801,1.0,0.199
classroom_fol/UNDERCONSTRAINED/parsed-file2993_inv7.als,classroom_fol,UNDERCONSTRAINED,12.0,0.0,1.0,1.0
classroom_fol/UNDERCONSTRAINED/parsed-file299_inv12.als,classroom_fol,UNDERCONSTRAINED,13.0,0.001,1.0,0.999
classroom_fol/UNDERCONSTRAINED/parsed-file3006_inv11.als,classroom_fol,UNDERCONSTRAINED,24.0,0.0,1.0,1.0
classroom_fol/UNDERCONSTRAINED/parsed-file3025_inv11.als,classroom_fol,UNDERCONSTRAINED,10.0,0.801,1.0,0.199
classroom_fol/UNDERCONSTRAINED/parsed-file3029_inv12.als,classroom_fol,UNDERCONSTRAINED,13.0,0.001,1.0,0.999
classroom_fol/UNDERCONSTRAINED/parsed-file3067_inv13.als,classroom_fol,UNDERCONSTRAINED,10.0,0.503,1.0,0.497
classroom_fol/UNDERCONSTRAINED/parsed-file3078_inv15.als,classroom_fol,UNDERCONSTRAINED,10.0,0.752,1.0,0.248
classroom_fol/UNDERCONSTRAINED/parsed-file3128_inv9.als,classroom_fol,UNDERCONSTRAINED,2.0,0.0,1.0,1.0
classroom_fol/UNDERCONSTRAINED/parsed-file3173_inv14.als,classroom_fol,UNDERCONSTRAINED,28.0,0.638,1.0,0.362
classroom_fol/UNDERCONSTRAINED/parsed-file3179_inv12.als,classroom_fol,UNDERCONSTRAINED,30.0,0.017,1.0,0.983
classroom_fol/UNDERCONSTRAINED/parsed-file3201_inv14.als,classroom_fol,UNDERCONSTRAINED,40.0,0.44,1.0,0.56
classroom_fol/UNDERCONSTRAINED/parsed-file3238_inv14.als,classroom_fol,UNDERCONSTRAINED,28.0,0.638,1.0,0.362
classroom_fol/UNDERCONSTRAINED/parsed-file3286_inv14.als,classroom_fol,UNDERCONSTRAINED,27.0,0.638,1.0,0.362
classroom_fol/UNDERCONSTRAINED/parsed-file330_inv14.als,classroom_fol,UNDERCONSTRAINED,34.0,0.442,1.0,0.558
classroom_fol/UNDERCONSTRAINED/parsed-file3336_inv11.als,classroom_fol,UNDERCONSTRAINED,36.0,0.801,1.0,0.199
classroom_fol/UNDERCONSTRAINED/parsed-file3376_inv5.als,classroom_fol,UNDERCONSTRAINED,8.0,0.0,1.0,1.0
classroom_fol/UNDERCONSTRAINED/parsed-file3402_inv12.als,classroom_fol,UNDERCONSTRAINED,32.0,0.0,1.0,1.0
classroom_fol/UNDERCONSTRAINED/parsed-file3421_inv3.als,classroom_fol,UNDERCONSTRAINED,18.0,0.0,1.0,1.0
classroom_fol/UNDERCONSTRAINED/parsed-file3457_inv14.als,classroom_fol,UNDERCONSTRAINED,32.0,0.442,1.0,0.558
classroom_fol/UNDERCONSTRAINED/parsed-file3462_inv14.als,classroom_fol,UNDERCONSTRAINED,34.0,0.442,1.0,0.558
classroom_fol/UNDERCONSTRAINED/parsed-file3492_inv14.als,classroom_fol,UNDERCONSTRAINED,32.0,0.442,1.0,0.558
classroom_fol/UNDERCONSTRAINED/parsed-file352_inv7.als,classroom_fol,UNDERCONSTRAINED,13.0,0.0,1.0,1.0
classroom_fol/UNDERCONSTRAINED/parsed-file3593_inv12.als,classroom_fol,UNDERCONSTRAINED,13.0,0.632,1.0,0.368
classroom_fol/UNDERCONSTRAINED/parsed-file360_inv11.als,classroom_fol,UNDERCONSTRAINED,33.0,0.897,1.0,0.103
classroom_fol/UNDERCONSTRAINED/parsed-file3616_inv14.als,classroom_fol,UNDERCONSTRAINED,16.0,0.442,1.0,0.558
classroom_fol/UNDERCONSTRAINED/parsed-file3629_inv2.als,classroom_fol,UNDERCONSTRAINED,10.0,1.0,1.0,0.0
classroom_fol/UNDERCONSTRAINED/parsed-file3639_inv14.als,classroom_fol,UNDERCONSTRAINED,43.0,0.0,1.0,1.0
classroom_fol/UNDERCONSTRAINED/parsed-file3653_inv5.als,classroom_fol,UNDERCONSTRAINED,1.0,0.0,1.0,1.0
classroom_fol/UNDERCONSTRAINED/parsed-file3726_inv11.als,classroom_fol,UNDERCONSTRAINED,32.0,0.801,1.0,0.199
classroom_fol/UNDERCONSTRAINED/parsed-file3754_inv14.als,classroom_fol,UNDERCONSTRAINED,47.0,0.001,1.0,0.999
classroom_fol/UNDERCONSTRAINED/parsed-file3766_inv14.als,classroom_fol,UNDERCONSTRAINED,10.0,0.638,1.0,0.362
classroom_fol/UNDERCONSTRAINED/parsed-file3784_inv15.als,classroom_fol,UNDERCONSTRAINED,14.0,0.0,1.0,1.0
classroom_fol/UNDERCONSTRAINED/parsed-file3806_inv8.als,classroom_fol,UNDERCONSTRAINED,4.0,0.0,1.0,1.0
classroom_fol/UNDERCONSTRAINED/parsed-file3821_inv5.als,classroom_fol,UNDERCONSTRAINED,22.0,0.0,1.0,1.0
classroom_fol/UNDERCONSTRAINED/parsed-file3824_inv12.als,classroom_fol,UNDERCONSTRAINED,13.0,0.001,1.0,0.999
classroom_fol/UNDERCONSTRAINED/parsed-file3831_inv14.als,classroom_fol,UNDERCONSTRAINED,27.0,0.638,1.0,0.362
classroom_fol/UNDERCONSTRAINED/parsed-file3880_inv6.als,classroom_fol,UNDERCONSTRAINED,4.0,0.0,1.0,1.0
classroom_fol/UNDERCONSTRAINED/parsed-file3950_inv14.als,classroom_fol,UNDERCONSTRAINED,52.0,0.442,1.0,0.558
classroom_fol/UNDERCONSTRAINED/parsed-file4005_inv14.als,classroom_fol,UNDERCONSTRAINED,25.0,0.442,1.0,0.558
classroom_fol/UNDERCONSTRAINED/parsed-file4022_inv12.als,classroom_fol,UNDERCONSTRAINED,36.0,0.001,1.0,0.999
classroom_fol/UNDERCONSTRAINED/parsed-file4028_inv15.als,classroom_fol,UNDERCONSTRAINED,23.0,0.001,1.0,0.999
classroom_fol/UNDERCONSTRAINED/parsed-file4039_inv3.als,classroom_fol,UNDERCONSTRAINED,18.0,0.0,1.0,1.0
classroom_fol/UNDERCONSTRAINED/parsed-file4069_inv14.als,classroom_fol,UNDERCONSTRAINED,16.0,0.442,1.0,0.558
classroom_fol/UNDERCONSTRAINED/parsed-file4074_inv9.als,classroom_fol,UNDERCONSTRAINED,15.0,0.0,1.0,1.0
classroom_fol/UNDERCONSTRAINED/parsed-file4087_inv9.als,classroom_fol,UNDERCONSTRAINED,26.0,0.0,1.0,1.0
classroom_fol/UNDERCONSTRAINED/parsed-file4097_inv1.als,classroom_fol,UNDERCONSTRAINED,2.0,0.0,1.0,1.0
classroom_fol/UNDERCONSTRAINED/parsed-file4131_inv14.als,classroom_fol,UNDERCONSTRAINED,31.0,0.442,1.0,0.558
classroom_fol/UNDERCONSTRAINED/parsed-file4138_inv15.als,classroom_fol,UNDERCONSTRAINED,30.0,0.0,1.0,1.0
classroom_fol/UNDERCONSTRAINED/parsed-file4143_inv12.als,classroom_fol,UNDERCONSTRAINED,13.0,0.001,1.0,0.999
classroom_fol/UNDERCONSTRAINED/parsed-file4178_inv14.als,classroom_fol,UNDERCONSTRAINED,47.0,0.001,1.0,0.999
classroom_fol/UNDERCONSTRAINED/parsed-file4187_inv11.als,classroom_fol,UNDERCONSTRAINED,5.0,0.0,1.0,1.0
classroom_fol/UNDERCONSTRAINED/parsed-file4219_inv14.als,classroom_fol,UNDERCONSTRAINED,16.0,0.442,1.0,0.558
classroom_fol/UNDERCONSTRAINED/parsed-file424_inv14.als,classroom_fol,UNDERCONSTRAINED,16.0,0.442,1.0,0.558
classroom_fol/UNDERCONSTRAINED/parsed-file4262_inv13.als,classroom_fol,UNDERCONSTRAINED,13.0,0.498,1.0,0.502
classroom_fol/UNDERCONSTRAINED/parsed-file4288_inv11.als,classroom_fol,UNDERCONSTRAINED,40.0,0.801,1.0,0.199
classroom_fol/UNDERCONSTRAINED/parsed-file4300_inv12.als,classroom_fol,UNDERCONSTRAINED,13.0,0.001,1.0,0.999
classroom_fol/UNDERCONSTRAINED/parsed-file4304_inv1.als,classroom_fol,UNDERCONSTRAINED,10.0,0.0,1.0,1.0
classroom_fol/UNDERCONSTRAINED/parsed-file4327_inv5.als,classroom_fol,UNDERCONSTRAINED,10.0,0.0,1.0,1.0
classroom_fol/UNDERCONSTRAINED/parsed-file4340_inv14.als,classroom_fol,UNDERCONSTRAINED,13.0,0.638,1.0,0.362
classroom_fol/UNDERCONSTRAINED/parsed-file4372_inv14.als,classroom_fol,UNDERCONSTRAINED,47.0,0.638,1.0,0.362
classroom_fol/UNDERCONSTRAINED/parsed-file4379_inv9.als,classroom_fol,UNDERCONSTRAINED,13.0,0.0,1.0,1.0
classroom_fol/UNDERCONSTRAINED/parsed-file4382_inv8.als,classroom_fol,UNDERCONSTRAINED,4.0,0.0,1.0,1.0
classroom_fol/UNDERCONSTRAINED/parsed-file4406_inv9.als,classroom_fol,UNDERCONSTRAINED,30.0,0.0,1.0,1.0
classroom_fol/UNDERCONSTRAINED/parsed-file4435_inv5.als,classroom_fol,UNDERCONSTRAINED,11.0,0.0,1.0,1.0
classroom_fol/UNDERCONSTRAINED/parsed-file4488_inv13.als,classroom_fol,UNDERCONSTRAINED,14.0,0.503,1.0,0.497
classroom_fol/UNDERCONSTRAINED/parsed-file4501_inv15.als,classroom_fol,UNDERCONSTRAINED,45.0,0.001,1.0,0.999
classroom_fol/UNDERCONSTRAINED/parsed-file4516_inv14.als,classroom_fol,UNDERCONSTRAINED,16.0,0.442,1.0,0.558
classroom_fol/UNDERCONSTRAINED/parsed-file4525_inv14.als,classroom_fol,UNDERCONSTRAINED,16.0,0.442,1.0,0.558
classroom_fol/UNDERCONSTRAINED/parsed-file4527_inv14.als,classroom_fol,UNDERCONSTRAINED,16.0,0.442,1.0,0.558
classroom_fol/UNDERCONSTRAINED/parsed-file4576_inv11.als,classroom_fol,UNDERCONSTRAINED,12.0,0.0,1.0,1.0
classroom_fol/UNDERCONSTRAINED/parsed-file457_inv14.als,classroom_fol,UNDERCONSTRAINED,35.0,0.153,1.0,0.847
classroom_fol/UNDERCONSTRAINED/parsed-file4600_inv14.als,classroom_fol,UNDERCONSTRAINED,11.0,0.638,1.0,0.362
classroom_fol/UNDERCONSTRAINED/parsed-file4615_inv14.als,classroom_fol,UNDERCONSTRAINED,32.0,0.442,1.0,0.558
classroom_fol/UNDERCONSTRAINED/parsed-file4623_inv14.als,classroom_fol,UNDERCONSTRAINED,12.0,0.442,1.0,0.558
classroom_fol/UNDERCONSTRAINED/parsed-file4636_inv12.als,classroom_fol,UNDERCONSTRAINED,30.0,0.017,1.0,0.983
classroom_fol/UNDERCONSTRAINED/parsed-file4656_inv13.als,classroom_fol,UNDERCONSTRAINED,21.0,0.752,1.0,0.248
classroom_fol/UNDERCONSTRAINED/parsed-file4711_inv15.als,classroom_fol,UNDERCONSTRAINED,50.0,0.001,1.0,0.999
classroom_fol/UNDERCONSTRAINED/parsed-file529_inv14.als,classroom_fol,UNDERCONSTRAINED,34.0,0.442,1.0,0.558
classroom_fol/UNDERCONSTRAINED/parsed-file535_inv14.als,classroom_fol,UNDERCONSTRAINED,32.0,0.638,1.0,0.362
classroom_fol/UNDERCONSTRAINED/parsed-file56_inv12.als,classroom_fol,UNDERCONSTRAINED,6.0,0.0,1.0,1.0
classroom_fol/UNDERCONSTRAINED/parsed-file609_inv14.als,classroom_fol,UNDERCONSTRAINED,16.0,0.0,1.0,1.0
classroom_fol/UNDERCONSTRAINED/parsed-file619_inv14.als,classroom_fol,UNDERCONSTRAINED,46.0,0.001,1.0,0.999
classroom_fol/UNDERCONSTRAINED/parsed-file636_inv14.als,classroom_fol,UNDERCONSTRAINED,46.0,0.001,1.0,0.999
classroom_fol/UNDERCONSTRAINED/parsed-file646_inv11.als,classroom_fol,UNDERCONSTRAINED,10.0,0.801,1.0,0.199
classroom_fol/UNDERCONSTRAINED/parsed-file669_inv5.als,classroom_fol,UNDERCONSTRAINED,8.0,0.001,1.0,0.999
classroom_fol/UNDERCONSTRAINED/parsed-file66_inv9.als,classroom_fol,UNDERCONSTRAINED,5.0,0.0,1.0,1.0
classroom_fol/UNDERCONSTRAINED/parsed-file68_inv14.als,classroom_fol,UNDERCONSTRAINED,27.0,0.638,1.0,0.362
classroom_fol/UNDERCONSTRAINED/parsed-file719_inv10.als,classroom_fol,UNDERCONSTRAINED,9.0,0.0,1.0,1.0
classroom_fol/UNDERCONSTRAINED/parsed-file722_inv14.als,classroom_fol,UNDERCONSTRAINED,12.0,0.442,1.0,0.558
classroom_fol/UNDERCONSTRAINED/parsed-file723_inv14.als,classroom_fol,UNDERCONSTRAINED,43.0,0.0,1.0,1.0
classroom_fol/UNDERCONSTRAINED/parsed-file776_inv15.als,classroom_fol,UNDERCONSTRAINED,45.0,0.752,1.0,0.248
classroom_fol/UNDERCONSTRAINED/parsed-file850_inv14.als,classroom_fol,UNDERCONSTRAINED,18.0,0.442,1.0,0.558
classroom_fol/UNDERCONSTRAINED/parsed-file900_inv5.als,classroom_fol,UNDERCONSTRAINED,3.0,0.0,1.0,1.0
classroom_fol/UNDERCONSTRAINED/parsed-file910_inv14.als,classroom_fol,UNDERCONSTRAINED,52.0,0.0,1.0,1.0
classroom_fol/UNDERCONSTRAINED/parsed-file992_inv12.als,classroom_fol,UNDERCONSTRAINED,32.0,0.017,1.0,0.983
classroom_rl/BOTH/parsed-file1003_inv11.als,classroom_rl,BOTH,36.0,0.801,1.0,0.199
classroom_rl/BOTH/parsed-file1007_inv14.als,classroom_rl,BOTH,23.0,0.449,1.0,0.551
classroom_rl/BOTH/parsed-file1008_inv12.als,classroom_rl,BOTH,12.0,0.0,1.0,1.0
classroom_rl/BOTH/parsed-file1012_inv14.als,classroom_rl,BOTH,33.0,0.273,1.0,0.727
classroom_rl/BOTH/parsed-file1013_inv14.als,classroom_rl,BOTH,41.0,0.023,1.0,0.977
classroom_rl/BOTH/parsed-file1014_inv9.als,classroom_rl,BOTH,26.0,0.0,1.0,1.0
classroom_rl/BOTH/parsed-file1015_inv11.als,classroom_rl,BOTH,19.0,0.096,1.0,0.904
classroom_rl/BOTH/parsed-file1024_inv10.als,classroom_rl,BOTH,29.0,0.05,1.0,0.95
classroom_rl/BOTH/parsed-file1027_inv11.als,classroom_rl,BOTH,20.0,0.081,1.0,0.919
classroom_rl/BOTH/parsed-file1034_inv12.als,classroom_rl,BOTH,35.0,0.953,1.0,0.047
classroom_rl/BOTH/parsed-file1035_inv14.als,classroom_rl,BOTH,41.0,0.01,1.0,0.99
classroom_rl/BOTH/parsed-file1043_inv12.als,classroom_rl,BOTH,38.0,0.167,1.0,0.833
classroom_rl/BOTH/parsed-file1044_inv8.als,classroom_rl,BOTH,26.0,0.0,1.0,1.0
classroom_rl/BOTH/parsed-file1053_inv11.als,classroom_rl,BOTH,22.0,0.001,1.0,0.999
classroom_rl/BOTH/parsed-file1053_inv12.als,classroom_rl,BOTH,6.0,0.0,1.0,1.0
classroom_rl/BOTH/parsed-file1058_inv14.als,classroom_rl,BOTH,37.0,0.273,1.0,0.727
classroom_rl/BOTH/parsed-file1062_inv11.als,classroom_rl,BOTH,36.0,0.801,1.0,0.199
classroom_rl/BOTH/parsed-file1065_inv14.als,classroom_rl,BOTH,60.0,0.44,1.0,0.56
classroom_rl/BOTH/parsed-file1067_inv14.als,classroom_rl,BOTH,16.0,0.474,1.0,0.526
classroom_rl/BOTH/parsed-file1069_inv10.als,classroom_rl,BOTH,20.0,0.0,1.0,1.0
classroom_rl/BOTH/parsed-file1072_inv14.als,classroom_rl,BOTH,38.0,0.235,1.0,0.765
classroom_rl/BOTH/parsed-file1073_inv14.als,classroom_rl,BOTH,41.0,0.377,1.0,0.623
classroom_rl/BOTH/parsed-file1079_inv15.als,classroom_rl,BOTH,26.0,0.0,1.0,1.0
classroom_rl/BOTH/parsed-file107_inv12.als,classroom_rl,BOTH,18.0,0.147,1.0,0.853
classroom_rl/BOTH/parsed-file1081_inv13.als,classroom_rl,BOTH,21.0,0.047,1.0,0.953
classroom_rl/BOTH/parsed-file1087_inv14.als,classroom_rl,BOTH,29.0,0.219,1.0,0.781
classroom_rl/BOTH/parsed-file1088_inv14.als,classroom_rl,BOTH,56.0,0.291,1.0,0.709
classroom_rl/BOTH/parsed-file108_inv14.als,classroom_rl,BOTH,41.0,0.261,1.0,0.739
classroom_rl/BOTH/parsed-file1090_inv9.als,classroom_rl,BOTH,26.0,0.0,1.0,1.0
classroom_rl/BOTH/parsed-file1103_inv14.als,classroom_rl,BOTH,37.0,0.008,1.0,0.992
classroom_rl/BOTH/parsed-file1106_inv13.als,classroom_rl,BOTH,19.0,0.47,1.0,0.53
classroom_rl/BOTH/parsed-file1108_inv15.als,classroom_rl,BOTH,26.0,0.0,1.0,1.0
classroom_rl/BOTH/parsed-file1109_inv13.als,classroom_rl,BOTH,25.0,0.001,1.0,0.999
classroom_rl/BOTH/parsed-file1117_inv1.als,classroom_rl,BOTH,10.0,0.0,1.0,1.0
classroom_rl/BOTH/parsed-file1130_inv4.als,classroom_rl,BOTH,3.0,0.999,1.0,0.001
classroom_rl/BOTH/parsed-file1139_inv14.als,classroom_rl,BOTH,28.0,0.216,1.0,0.784
classroom_rl/BOTH/parsed-file1149_inv14.als,classroom_rl,BOTH,41.0,0.273,1.0,0.727
classroom_rl/BOTH/parsed-file1150_inv11.als,classroom_rl,BOTH,20.0,0.081,1.0,0.919
classroom_rl/BOTH/parsed-file1168_inv11.als,classroom_rl,BOTH,34.0,0.181,1.0,0.819
classroom_rl/BOTH/parsed-file1171_inv13.als,classroom_rl,BOTH,32.0,0.001,1.0,0.999
classroom_rl/BOTH/parsed-file1172_inv15.als,classroom_rl,BOTH,20.0,0.0,1.0,1.0
classroom_rl/BOTH/parsed-file1173_inv12.als,classroom_rl,BOTH,10.0,0.0,1.0,1.0
classroom_rl/BOTH/parsed-file1174_inv15.als,classroom_rl,BOTH,26.0,0.0,1.0,1.0
classroom_rl/BOTH/parsed-file1175_inv13.als,classroom_rl,BOTH,14.0,0.47,1.0,0.53
classroom_rl/BOTH/parsed-file1176_inv11.als,classroom_rl,BOTH,10.0,0.08,1.0,0.92
classroom_rl/BOTH/parsed-file1180_inv12.als,classroom_rl,BOTH,22.0,0.024,1.0,0.976
classroom_rl/BOTH/parsed-file1182_inv12.als,classroom_rl,BOTH,13.0,0.001,1.0,0.999
classroom_rl/BOTH/parsed-file1183_inv8.als,classroom_rl,BOTH,26.0,0.0,1.0,1.0
classroom_rl/BOTH/parsed-file1187_inv11.als,classroom_rl,BOTH,22.0,0.001,1.0,0.999
classroom_rl/BOTH/parsed-file1188_inv15.als,classroom_rl,BOTH,15.0,0.0,1.0,1.0
classroom_rl/BOTH/parsed-file1189_inv9.als,classroom_rl,BOTH,13.0,0.228,1.0,0.772
classroom_rl/BOTH/parsed-file118_inv15.als,classroom_rl,BOTH,40.0,0.0,1.0,1.0
classroom_rl/BOTH/parsed-file1190_inv9.als,classroom_rl,BOTH,13.0,0.273,1.0,0.727
classroom_rl/BOTH/parsed-file1198_inv13.als,classroom_rl,BOTH,24.0,0.0,1.0,1.0
classroom_rl/BOTH/parsed-file1204_inv12.als,classroom_rl,BOTH,10.0,0.0,1.0,1.0
classroom_rl/BOTH/parsed-file1206_inv11.als,classroom_rl,BOTH,37.0,0.001,1.0,0.999
classroom_rl/BOTH/parsed-file1207_inv14.als,classroom_rl,BOTH,40.0,0.302,1.0,0.698
classroom_rl/BOTH/parsed-file1209_inv12.als,classroom_rl,BOTH,21.0,0.016,1.0,0.984
classroom_rl/BOTH/parsed-file1209_inv13.als,classroom_rl,BOTH,16.0,0.001,1.0,0.999
classroom_rl/BOTH/parsed-file1211_inv12.als,classroom_rl,BOTH,13.0,1.0,1.0,0.0
classroom_rl/BOTH/parsed-file1212_inv14.als,classroom_rl,BOTH,38.0,0.284,1.0,0.717
classroom_rl/BOTH/parsed-file1214_inv11.als,classroom_rl,BOTH,20.0,0.081,1.0,0.919
classroom_rl/BOTH/parsed-file1216_inv12.als,classroom_rl,BOTH,13.0,0.182,1.0,0.818
classroom_rl/BOTH/parsed-file1217_inv11.als,classroom_rl,BOTH,20.0,0.001,1.0,0.999
classroom_rl/BOTH/parsed-file1219_inv15.als,classroom_rl,BOTH,32.0,0.746,1.0,0.254
classroom_rl/BOTH/parsed-file1224_inv11.als,classroom_rl,BOTH,30.0,0.016,1.0,0.984
classroom_rl/BOTH/parsed-file122_inv13.als,classroom_rl,BOTH,23.0,0.075,1.0,0.925
classroom_rl/BOTH/parsed-file1230_inv8.als,classroom_rl,BOTH,30.0,0.0,1.0,1.0
classroom_rl/BOTH/parsed-file1234_inv11.als,classroom_rl,BOTH,19.0,0.688,1.0,0.312
classroom_rl/BOTH/parsed-file123_inv5.als,classroom_rl,BOTH,19.0,0.298,1.0,0.702
classroom_rl/BOTH/parsed-file1240_inv12.als,classroom_rl,BOTH,24.0,0.017,1.0,0.983
classroom_rl/BOTH/parsed-file1244_inv14.als,classroom_rl,BOTH,44.0,0.388,1.0,0.612
classroom_rl/BOTH/parsed-file124_inv14.als,classroom_rl,BOTH,56.0,0.36,1.0,0.64
classroom_rl/BOTH/parsed-file1251_inv12.als,classroom_rl,BOTH,30.0,0.001,1.0,0.999
classroom_rl/BOTH/parsed-file1252_inv15.als,classroom_rl,BOTH,29.0,0.0,1.0,1.0
classroom_rl/BOTH/parsed-file1254_inv8.als,classroom_rl,BOTH,8.0,0.0,1.0,1.0
classroom_rl/BOTH/parsed-file1257_inv13.als,classroom_rl,BOTH,19.0,0.47,1.0,0.53
classroom_rl/BOTH/parsed-file1258_inv14.als,classroom_rl,BOTH,56.0,0.36,1.0,0.64
classroom_rl/BOTH/parsed-file1259_inv14.als,classroom_rl,BOTH,58.0,0.13,1.0,0.87
classroom_rl/BOTH/parsed-file125_inv12.als,classroom_rl,BOTH,28.0,0.0,1.0,1.0
classroom_rl/BOTH/parsed-file1264_inv12.als,classroom_rl,BOTH,43.0,0.001,1.0,0.999
classroom_rl/BOTH/parsed-file1277_inv3.als,classroom_rl,BOTH,10.0,0.0,1.0,1.0
classroom_rl/BOTH/parsed-file1278_inv11.als,classroom_rl,BOTH,14.0,0.261,1.0,0.739
classroom_rl/BOTH/parsed-file1280_inv4.als,classroom_rl,BOTH,15.0,0.0,1.0,1.0
classroom_rl/BOTH/parsed-file1284_inv14.als,classroom_rl,BOTH,65.0,0.002,1.0,0.998
classroom_rl/BOTH/parsed-file1290_inv6.als,classroom_rl,BOTH,18.0,0.298,1.0,0.702
classroom_rl/BOTH/parsed-file1291_inv13.als,classroom_rl,BOTH,24.0,0.063,1.0,0.937
classroom_rl/BOTH/parsed-file1297_inv15.als,classroom_rl,BOTH,37.0,0.746,1.0,0.254
classroom_rl/BOTH/parsed-file1299_inv11.als,classroom_rl,BOTH,28.0,0.001,1.0,0.999
classroom_rl/BOTH/parsed-file1300_inv14.als,classroom_rl,BOTH,54.0,0.102,1.0,0.898
classroom_rl/BOTH/parsed-file1302_inv12.als,classroom_rl,BOTH,6.0,0.317,1.0,0.683
classroom_rl/BOTH/parsed-file1305_inv13.als,classroom_rl,BOTH,14.0,0.001,1.0,0.999
classroom_rl/BOTH/parsed-file1307_inv11.als,classroom_rl,BOTH,30.0,0.0,1.0,1.0
classroom_rl/BOTH/parsed-file1309_inv4.als,classroom_rl,BOTH,20.0,0.0,1.0,1.0
classroom_rl/BOTH/parsed-file1313_inv10.als,classroom_rl,BOTH,12.0,0.0,1.0,1.0
classroom_rl/BOTH/parsed-file1314_inv14.als,classroom_rl,BOTH,30.0,0.267,1.0,0.733
classroom_rl/BOTH/parsed-file1315_inv14.als,classroom_rl,BOTH,29.0,0.187,1.0,0.813
classroom_rl/BOTH/parsed-file1323_inv14.als,classroom_rl,BOTH,24.0,0.267,1.0,0.733
classroom_rl/BOTH/parsed-file1326_inv11.als,classroom_rl,BOTH,30.0,0.001,1.0,0.999
classroom_rl/BOTH/parsed-file1339_inv14.als,classroom_rl,BOTH,65.0,0.002,1.0,0.998
classroom_rl/BOTH/parsed-file1343_inv11.als,classroom_rl,BOTH,31.0,0.361,1.0,0.639
classroom_rl/BOTH/parsed-file1344_inv8.als,classroom_rl,BOTH,26.0,0.0,1.0,1.0
classroom_rl/BOTH/parsed-file1347_inv11.als,classroom_rl,BOTH,30.0,0.111,1.0,0.889
classroom_rl/BOTH/parsed-file1350_inv10.als,classroom_rl,BOTH,23.0,1.0,1.0,0.0
classroom_rl/BOTH/parsed-file1353_inv14.als,classroom_rl,BOTH,44.0,0.291,1.0,0.709
classroom_rl/BOTH/parsed-file1364_inv11.als,classroom_rl,BOTH,9.0,0.0,1.0,1.0
classroom_rl/BOTH/parsed-file1366_inv11.als,classroom_rl,BOTH,13.0,0.001,1.0,0.999
classroom_rl/BOTH/parsed-file1370_inv5.als,classroom_rl,BOTH,19.0,0.298,1.0,0.702
classroom_rl/BOTH/parsed-file1371_inv5.als,classroom_rl,BOTH,19.0,0.999,1.0,0.001
classroom_rl/BOTH/parsed-file1372_inv11.als,classroom_rl,BOTH,10.0,0.0,1.0,1.0
classroom_rl/BOTH/parsed-file137_inv5.als,classroom_rl,BOTH,8.0,0.017,1.0,0.983
classroom_rl/BOTH/parsed-file1383_inv15.als,classroom_rl,BOTH,17.0,0.0,1.0,1.0
classroom_rl/BOTH/parsed-file1387_inv8.als,classroom_rl,BOTH,11.0,0.0,1.0,1.0
classroom_rl/BOTH/parsed-file1388_inv11.als,classroom_rl,BOTH,37.0,0.081,1.0,0.919
classroom_rl/BOTH/parsed-file1392_inv15.als,classroom_rl,BOTH,32.0,0.0,1.0,1.0
classroom_rl/BOTH/parsed-file1395_inv14.als,classroom_rl,BOTH,31.0,0.084,1.0,0.916
classroom_rl/BOTH/parsed-file1409_inv12.als,classroom_rl,BOTH,16.0,0.032,1.0,0.968
classroom_rl/BOTH/parsed-file1410_inv12.als,classroom_rl,BOTH,16.0,0.217,1.0,0.783
classroom_rl/BOTH/parsed-file1413_inv4.als,classroom_rl,BOTH,12.0,0.999,1.0,0.001
classroom_rl/BOTH/parsed-file1415_inv12.als,classroom_rl,BOTH,23.0,0.017,1.0,0.983
classroom_rl/BOTH/parsed-file1419_inv15.als,classroom_rl,BOTH,21.0,0.249,1.0,0.751
classroom_rl/BOTH/parsed-file141_inv14.als,classroom_rl,BOTH,34.0,0.084,1.0,0.916
classroom_rl/BOTH/parsed-file142_inv14.als,classroom_rl,BOTH,49.0,0.364,1.0,0.636
classroom_rl/BOTH/parsed-file1434_inv13.als,classroom_rl,BOTH,17.0,0.502,1.0,0.498
classroom_rl/BOTH/parsed-file1435_inv15.als,classroom_rl,BOTH,56.0,0.001,1.0,0.999
classroom_rl/BOTH/parsed-file1438_inv14.als,classroom_rl,BOTH,55.0,0.279,1.0,0.721
classroom_rl/BOTH/parsed-file143_inv6.als,classroom_rl,BOTH,18.0,0.298,1.0,0.702
classroom_rl/BOTH/parsed-file1449_inv6.als,classroom_rl,BOTH,18.0,0.0,1.0,1.0
classroom_rl/BOTH/parsed-file1458_inv14.als,classroom_rl,BOTH,41.0,0.0,1.0,1.0
classroom_rl/BOTH/parsed-file1459_inv12.als,classroom_rl,BOTH,22.0,0.024,1.0,0.976
classroom_rl/BOTH/parsed-file1460_inv11.als,classroom_rl,BOTH,10.0,0.0,1.0,1.0
classroom_rl/BOTH/parsed-file1468_inv5.als,classroom_rl,BOTH,19.0,0.701,1.0,0.299
classroom_rl/BOTH/parsed-file1472_inv14.als,classroom_rl,BOTH,41.0,0.0,1.0,1.0
classroom_rl/BOTH/parsed-file1481_inv5.als,classroom_rl,BOTH,5.0,0.0,1.0,1.0
classroom_rl/BOTH/parsed-file1488_inv4.als,classroom_rl,BOTH,12.0,0.999,1.0,0.001
classroom_rl/BOTH/parsed-file1494_inv14.als,classroom_rl,BOTH,28.0,0.492,1.0,0.508
classroom_rl/BOTH/parsed-file1498_inv11.als,classroom_rl,BOTH,30.0,0.898,1.0,0.102
classroom_rl/BOTH/parsed-file1505_inv14.als,classroom_rl,BOTH,50.0,0.115,1.0,0.885
classroom_rl/BOTH/parsed-file150_inv12.als,classroom_rl,BOTH,22.0,0.0,1.0,1.0
classroom_rl/BOTH/parsed-file1510_inv11.als,classroom_rl,BOTH,24.0,0.016,1.0,0.984
classroom_rl/BOTH/parsed-file1512_inv14.als,classroom_rl,BOTH,44.0,0.388,1.0,0.612
classroom_rl/BOTH/parsed-file1513_inv14.als,classroom_rl,BOTH,57.0,0.304,1.0,0.696
classroom_rl/BOTH/parsed-file151_inv13.als,classroom_rl,BOTH,19.0,0.47,1.0,0.53
classroom_rl/BOTH/parsed-file1523_inv4.als,classroom_rl,BOTH,14.0,0.0,1.0,1.0
classroom_rl/BOTH/parsed-file1525_inv9.als,classroom_rl,BOTH,15.0,0.111,1.0,0.889
classroom_rl/BOTH/parsed-file1534_inv11.als,classroom_rl,BOTH,19.0,0.706,1.0,0.294
classroom_rl/BOTH/parsed-file1537_inv12.als,classroom_rl,BOTH,13.0,0.001,1.0,0.999
classroom_rl/BOTH/parsed-file1537_inv13.als,classroom_rl,BOTH,24.0,0.0,1.0,1.0
classroom_rl/BOTH/parsed-file1546_inv12.als,classroom_rl,BOTH,24.0,0.017,1.0,0.983
classroom_rl/BOTH/parsed-file1554_inv11.als,classroom_rl,BOTH,35.0,0.096,1.0,0.904
classroom_rl/BOTH/parsed-file1557_inv15.als,classroom_rl,BOTH,61.0,0.746,1.0,0.254
classroom_rl/BOTH/parsed-file1559_inv14.als,classroom_rl,BOTH,38.0,0.002,1.0,0.998
classroom_rl/BOTH/parsed-file1567_inv6.als,classroom_rl,BOTH,4.0,0.0,1.0,1.0
classroom_rl/BOTH/parsed-file1569_inv13.als,classroom_rl,BOTH,19.0,0.47,1.0,0.53
classroom_rl/BOTH/parsed-file1579_inv12.als,classroom_rl,BOTH,13.0,0.165,1.0,0.835
classroom_rl/BOTH/parsed-file1590_inv14.als,classroom_rl,BOTH,57.0,0.024,1.0,0.976
classroom_rl/BOTH/parsed-file1597_inv11.als,classroom_rl,BOTH,17.0,0.0,1.0,1.0
classroom_rl/BOTH/parsed-file1599_inv14.als,classroom_rl,BOTH,38.0,0.286,1.0,0.714
classroom_rl/BOTH/parsed-file1600_inv11.als,classroom_rl,BOTH,13.0,0.307,1.0,0.693
classroom_rl/BOTH/parsed-file1604_inv11.als,classroom_rl,BOTH,24.0,0.261,1.0,0.739
classroom_rl/BOTH/parsed-file1606_inv14.als,classroom_rl,BOTH,38.0,0.291,1.0,0.709
classroom_rl/BOTH/parsed-file1610_inv12.als,classroom_rl,BOTH,42.0,0.0,1.0,1.0
classroom_rl/BOTH/parsed-file1612_inv12.als,classroom_rl,BOTH,36.0,0.182,1.0,0.818
classroom_rl/BOTH/parsed-file1615_inv15.als,classroom_rl,BOTH,40.0,0.0,1.0,1.0
classroom_rl/BOTH/parsed-file1618_inv12.als,classroom_rl,BOTH,5.0,0.017,1.0,0.983
classroom_rl/BOTH/parsed-file1627_inv11.als,classroom_rl,BOTH,24.0,0.001,1.0,0.999
classroom_rl/BOTH/parsed-file1633_inv5.als,classroom_rl,BOTH,19.0,0.999,1.0,0.001
classroom_rl/BOTH/parsed-file1636_inv12.als,classroom_rl,BOTH,16.0,0.023,1.0,0.977
classroom_rl/BOTH/parsed-file1647_inv14.als,classroom_rl,BOTH,48.0,0.57,1.0,0.43
classroom_rl/BOTH/parsed-file1650_inv11.als,classroom_rl,BOTH,30.0,0.0,1.0,1.0
classroom_rl/BOTH/parsed-file1653_inv11.als,classroom_rl,BOTH,37.0,0.0,1.0,1.0
classroom_rl/BOTH/parsed-file1655_inv12.als,classroom_rl,BOTH,19.0,0.0,1.0,1.0
classroom_rl/BOTH/parsed-file1660_inv14.als,classroom_rl,BOTH,45.0,0.377,1.0,0.623
classroom_rl/BOTH/parsed-file1663_inv8.als,classroom_rl,BOTH,26.0,0.0,1.0,1.0
classroom_rl/BOTH/parsed-file1666_inv13.als,classroom_rl,BOTH,24.0,0.0,1.0,1.0
classroom_rl/BOTH/parsed-file1669_inv5.als,classroom_rl,BOTH,21.0,0.999,1.0,0.001
classroom_rl/BOTH/parsed-file1670_inv11.als,classroom_rl,BOTH,24.0,0.261,1.0,0.739
classroom_rl/BOTH/parsed-file1671_inv11.als,classroom_rl,BOTH,26.0,0.0,1.0,1.0
classroom_rl/BOTH/parsed-file1680_inv13.als,classroom_rl,BOTH,30.0,0.001,1.0,0.999
classroom_rl/BOTH/parsed-file168_inv4.als,classroom_rl,BOTH,14.0,0.0,1.0,1.0
classroom_rl/BOTH/parsed-file1690_inv12.als,classroom_rl,BOTH,23.0,0.217,1.0,0.783
classroom_rl/BOTH/parsed-file1694_inv14.als,classroom_rl,BOTH,33.0,0.273,1.0,0.727
classroom_rl/BOTH/parsed-file1695_inv11.als,classroom_rl,BOTH,37.0,0.646,1.0,0.354
classroom_rl/BOTH/parsed-file1697_inv11.als,classroom_rl,BOTH,29.0,0.016,1.0,0.984
classroom_rl/BOTH/parsed-file1699_inv14.als,classroom_rl,BOTH,29.0,0.182,1.0,0.818
classroom_rl/BOTH/parsed-file169_inv11.als,classroom_rl,BOTH,25.0,0.001,1.0,0.999
classroom_rl/BOTH/parsed-file16_inv12.als,classroom_rl,BOTH,29.0,0.361,1.0,0.639
classroom_rl/BOTH/parsed-file1709_inv11.als,classroom_rl,BOTH,36.0,0.706,1.0,0.294
classroom_rl/BOTH/parsed-file1711_inv15.als,classroom_rl,BOTH,10.0,0.0,1.0,1.0
classroom_rl/BOTH/parsed-file1712_inv13.als,classroom_rl,BOTH,8.0,0.0,1.0,1.0
classroom_rl/BOTH/parsed-file1713_inv14.als,classroom_rl,BOTH,50.0,0.008,1.0,0.992
classroom_rl/BOTH/parsed-file1717_inv11.als,classroom_rl,BOTH,24.0,0.0,1.0,1.0
classroom_rl/BOTH/parsed-file1722_inv14.als,classroom_rl,BOTH,37.0,0.008,1.0,0.992
classroom_rl/BOTH/parsed-file1736_inv4.als,classroom_rl,BOTH,5.0,0.0,1.0,1.0
classroom_rl/BOTH/parsed-file1738_inv14.als,classroom_rl,BOTH,57.0,0.002,1.0,0.998
classroom_rl/BOTH/parsed-file173_inv14.als,classroom_rl,BOTH,51.0,0.304,1.0,0.696
classroom_rl/BOTH/parsed-file1747_inv5.als,classroom_rl,BOTH,19.0,0.298,1.0,0.702
classroom_rl/BOTH/parsed-file1748_inv5.als,classroom_rl,BOTH,11.0,0.0,1.0,1.0
classroom_rl/BOTH/parsed-file1749_inv15.als,classroom_rl,BOTH,25.0,0.752,1.0,0.248
classroom_rl/BOTH/parsed-file1755_inv14.als,classroom_rl,BOTH,32.0,0.236,1.0,0.764
classroom_rl/BOTH/parsed-file1762_inv5.als,classroom_rl,BOTH,19.0,0.999,1.0,0.001
classroom_rl/BOTH/parsed-file1763_inv4.als,classroom_rl,BOTH,7.0,0.0,1.0,1.0
classroom_rl/BOTH/parsed-file1765_inv11.als,classroom_rl,BOTH,29.0,0.001,1.0,0.999
classroom_rl/BOTH/parsed-file1768_inv11.als,classroom_rl,BOTH,36.0,0.801,1.0,0.199
classroom_rl/BOTH/parsed-file1777_inv11.als,classroom_rl,BOTH,32.0,0.24,1.0,0.76
classroom_rl/BOTH/parsed-file1780_inv4.als,classroom_rl,BOTH,13.0,0.0,1.0,1.0
classroom_rl/BOTH/parsed-file1785_inv12.als,classroom_rl,BOTH,36.0,0.182,1.0,0.818
classroom_rl/BOTH/parsed-file1790_inv14.als,classroom_rl,BOTH,70.0,0.775,1.0,0.225
classroom_rl/BOTH/parsed-file1792_inv11.als,classroom_rl,BOTH,9.0,0.0,1.0,1.0
classroom_rl/BOTH/parsed-file1794_inv13.als,classroom_rl,BOTH,25.0,0.001,1.0,0.999
classroom_rl/BOTH/parsed-file1797_inv14.als,classroom_rl,BOTH,45.0,0.386,1.0,0.614
classroom_rl/BOTH/parsed-file1801_inv11.als,classroom_rl,BOTH,31.0,0.801,1.0,0.199
classroom_rl/BOTH/parsed-file1802_inv11.als,classroom_rl,BOTH,31.0,0.065,1.0,0.935
classroom_rl/BOTH/parsed-file1803_inv15.als,classroom_rl,BOTH,22.0,0.0,1.0,1.0
classroom_rl/BOTH/parsed-file1807_inv11.als,classroom_rl,BOTH,30.0,0.0,1.0,1.0
classroom_rl/BOTH/parsed-file1809_inv15.als,classroom_rl,BOTH,24.0,0.031,1.0,0.969
classroom_rl/BOTH/parsed-file1810_inv12.als,classroom_rl,BOTH,35.0,0.317,1.0,0.683
classroom_rl/BOTH/parsed-file181_inv15.als,classroom_rl,BOTH,42.0,0.0,1.0,1.0
classroom_rl/BOTH/parsed-file1826_inv11.als,classroom_rl,BOTH,10.0,0.528,1.0,0.472
classroom_rl/BOTH/parsed-file182_inv14.als,classroom_rl,BOTH,33.0,0.141,1.0,0.859
classroom_rl/BOTH/parsed-file1831_inv6.als,classroom_rl,BOTH,5.0,0.0,1.0,1.0
classroom_rl/BOTH/parsed-file1835_inv11.als,classroom_rl,BOTH,28.0,0.249,1.0,0.751
classroom_rl/BOTH/parsed-file1839_inv4.als,classroom_rl,BOTH,2.0,0.0,1.0,1.0
classroom_rl/BOTH/parsed-file1840_inv12.als,classroom_rl,BOTH,22.0,0.0,1.0,1.0
classroom_rl/BOTH/parsed-file1841_inv11.als,classroom_rl,BOTH,36.0,0.67,1.0,0.33
classroom_rl/BOTH/parsed-file1846_inv4.als,classroom_rl,BOTH,14.0,0.0,1.0,1.0
classroom_rl/BOTH/parsed-file1847_inv11.als,classroom_rl,BOTH,34.0,0.999,1.0,0.001
classroom_rl/BOTH/parsed-file1848_inv5.als,classroom_rl,BOTH,8.0,0.298,1.0,0.702
classroom_rl/BOTH/parsed-file184_inv12.als,classroom_rl,BOTH,6.0,0.001,1.0,0.999
classroom_rl/BOTH/parsed-file1854_inv11.als,classroom_rl,BOTH,13.0,0.169,1.0,0.831
classroom_rl/BOTH/parsed-file1856_inv11.als,classroom_rl,BOTH,31.0,0.0,1.0,1.0
classroom_rl/BOTH/parsed-file1858_inv9.als,classroom_rl,BOTH,13.0,0.0,1.0,1.0
classroom_rl/BOTH/parsed-file1862_inv11.als,classroom_rl,BOTH,9.0,0.0,1.0,1.0
classroom_rl/BOTH/parsed-file1864_inv15.als,classroom_rl,BOTH,29.0,0.0,1.0,1.0
classroom_rl/BOTH/parsed-file186_inv14.als,classroom_rl,BOTH,46.0,0.294,1.0,0.706
classroom_rl/BOTH/parsed-file1870_inv9.als,classroom_rl,BOTH,26.0,0.0,1.0,1.0
classroom_rl/BOTH/parsed-file1872_inv14.als,classroom_rl,BOTH,41.0,0.006,1.0,0.994
classroom_rl/BOTH/parsed-file1876_inv8.als,classroom_rl,BOTH,11.0,0.236,1.0,0.764
classroom_rl/BOTH/parsed-file1880_inv14.als,classroom_rl,BOTH,41.0,0.0,1.0,1.0
classroom_rl/BOTH/parsed-file1886_inv14.als,classroom_rl,BOTH,63.0,0.264,1.0,0.736
classroom_rl/BOTH/parsed-file1886_inv15.als,classroom_rl,BOTH,14.0,0.0,1.0,1.0
classroom_rl/BOTH/parsed-file1889_inv1.als,classroom_rl,BOTH,10.0,0.0,1.0,1.0
classroom_rl/BOTH/parsed-file1891_inv9.als,classroom_rl,BOTH,15.0,0.204,1.0,0.796
classroom_rl/BOTH/parsed-file1892_inv10.als,classroom_rl,BOTH,20.0,0.0,1.0,1.0
classroom_rl/BOTH/parsed-file189_inv11.als,classroom_rl,BOTH,14.0,0.361,1.0,0.639
classroom_rl/BOTH/parsed-file1901_inv12.als,classroom_rl,BOTH,9.0,0.017,1.0,0.983
classroom_rl/BOTH/parsed-file1904_inv11.als,classroom_rl,BOTH,13.0,0.307,1.0,0.693
classroom_rl/BOTH/parsed-file1907_inv14.als,classroom_rl,BOTH,31.0,0.084,1.0,0.916
classroom_rl/BOTH/parsed-file1909_inv12.als,classroom_rl,BOTH,36.0,0.166,1.0,0.834
classroom_rl/BOTH/parsed-file190_inv3.als,classroom_rl,BOTH,12.0,1.0,1.0,0.0
classroom_rl/BOTH/parsed-file1910_inv11.als,classroom_rl,BOTH,28.0,0.001,1.0,0.999
classroom_rl/BOTH/parsed-file1916_inv12.als,classroom_rl,BOTH,6.0,0.001,1.0,0.999
classroom_rl/BOTH/parsed-file1919_inv4.als,classroom_rl,BOTH,2.0,0.0,1.0,1.0
classroom_rl/BOTH/parsed-file191_inv13.als,classroom_rl,BOTH,21.0,0.751,1.0,0.249
classroom_rl/BOTH/parsed-file1920_inv11.als,classroom_rl,BOTH,14.0,0.261,1.0,0.739
classroom_rl/BOTH/parsed-file1925_inv11.als,classroom_rl,BOTH,14.0,0.261,1.0,0.739
classroom_rl/BOTH/parsed-file1926_inv12.als,classroom_rl,BOTH,9.0,0.025,1.0,0.975
classroom_rl/BOTH/parsed-file1935_inv5.als,classroom_rl,BOTH,18.0,0.999,1.0,0.001
classroom_rl/BOTH/parsed-file1939_inv5.als,classroom_rl,BOTH,19.0,0.298,1.0,0.702
classroom_rl/BOTH/parsed-file1945_inv12.als,classroom_rl,BOTH,24.0,0.017,1.0,0.983
classroom_rl/BOTH/parsed-file194_inv3.als,classroom_rl,BOTH,12.0,1.0,1.0,0.0
classroom_rl/BOTH/parsed-file1951_inv11.als,classroom_rl,BOTH,10.0,0.016,1.0,0.984
classroom_rl/BOTH/parsed-file1957_inv14.als,classroom_rl,BOTH,52.0,0.377,1.0,0.623
classroom_rl/BOTH/parsed-file1958_inv5.als,classroom_rl,BOTH,19.0,0.999,1.0,0.001
classroom_rl/BOTH/parsed-file1960_inv5.als,classroom_rl,BOTH,23.0,0.999,1.0,0.001
classroom_rl/BOTH/parsed-file1964_inv15.als,classroom_rl,BOTH,19.0,0.0,1.0,1.0
classroom_rl/BOTH/parsed-file1973_inv8.als,classroom_rl,BOTH,26.0,0.0,1.0,1.0
classroom_rl/BOTH/parsed-file1974_inv11.als,classroom_rl,BOTH,19.0,0.079,1.0,0.921
classroom_rl/BOTH/parsed-file1978_inv11.als,classroom_rl,BOTH,13.0,0.0,1.0,1.0
classroom_rl/BOTH/parsed-file1985_inv15.als,classroom_rl,BOTH,56.0,0.001,1.0,0.999
classroom_rl/BOTH/parsed-file1987_inv14.als,classroom_rl,BOTH,57.0,0.024,1.0,0.976
classroom_rl/BOTH/parsed-file198_inv12.als,classroom_rl,BOTH,28.0,0.008,1.0,0.992
classroom_rl/BOTH/parsed-file1990_inv14.als,classroom_rl,BOTH,49.0,0.028,1.0,0.972
classroom_rl/BOTH/parsed-file1992_inv14.als,classroom_rl,BOTH,54.0,0.381,1.0,0.619
classroom_rl/BOTH/parsed-file2000_inv14.als,classroom_rl,BOTH,57.0,0.024,1.0,0.976
classroom_rl/BOTH/parsed-file2007_inv9.als,classroom_rl,BOTH,4.0,0.5,1.0,0.501
classroom_rl/BOTH/parsed-file2010_inv13.als,classroom_rl,BOTH,11.0,0.001,1.0,0.999
classroom_rl/BOTH/parsed-file2012_inv11.als,classroom_rl,BOTH,14.0,0.081,1.0,0.919
classroom_rl/BOTH/parsed-file2013_inv14.als,classroom_rl,BOTH,20.0,0.305,1.0,0.695
classroom_rl/BOTH/parsed-file2014_inv12.als,classroom_rl,BOTH,6.0,0.796,1.0,0.204
classroom_rl/BOTH/parsed-file2023_inv5.als,classroom_rl,BOTH,19.0,0.999,1.0,0.001
classroom_rl/BOTH/parsed-file2027_inv11.als,classroom_rl,BOTH,10.0,0.528,1.0,0.472
classroom_rl/BOTH/parsed-file2029_inv12.als,classroom_rl,BOTH,37.0,0.0,1.0,1.0
classroom_rl/BOTH/parsed-file202_inv5.als,classroom_rl,BOTH,11.0,0.0,1.0,1.0
classroom_rl/BOTH/parsed-file2033_inv13.als,classroom_rl,BOTH,29.0,0.0,1.0,1.0
classroom_rl/BOTH/parsed-file2034_inv12.als,classroom_rl,BOTH,19.0,0.204,1.0,0.796
classroom_rl/BOTH/parsed-file2035_inv12.als,classroom_rl,BOTH,22.0,0.0,1.0,1.0
classroom_rl/BOTH/parsed-file2036_inv11.als,classroom_rl,BOTH,20.0,0.001,1.0,0.999
classroom_rl/BOTH/parsed-file203_inv11.als,classroom_rl,BOTH,13.0,0.013,1.0,0.987
classroom_rl/BOTH/parsed-file2040_inv12.als,classroom_rl,BOTH,25.0,0.024,1.0,0.976
classroom_rl/BOTH/parsed-file204_inv14.als,classroom_rl,BOTH,58.0,0.002,1.0,0.998
classroom_rl/BOTH/parsed-file2061_inv11.als,classroom_rl,BOTH,43.0,0.261,1.0,0.739
classroom_rl/BOTH/parsed-file2070_inv11.als,classroom_rl,BOTH,36.0,0.096,1.0,0.904
classroom_rl/BOTH/parsed-file2071_inv11.als,classroom_rl,BOTH,19.0,0.096,1.0,0.904
classroom_rl/BOTH/parsed-file2074_inv15.als,classroom_rl,BOTH,31.0,0.746,1.0,0.254
classroom_rl/BOTH/parsed-file2079_inv14.als,classroom_rl,BOTH,57.0,0.002,1.0,0.998
classroom_rl/BOTH/parsed-file2084_inv11.als,classroom_rl,BOTH,40.0,0.454,1.0,0.546
classroom_rl/BOTH/parsed-file2086_inv4.als,classroom_rl,BOTH,2.0,0.0,1.0,1.0
classroom_rl/BOTH/parsed-file2087_inv5.als,classroom_rl,BOTH,3.0,0.0,1.0,1.0
classroom_rl/BOTH/parsed-file2089_inv11.als,classroom_rl,BOTH,28.0,0.016,1.0,0.984
classroom_rl/BOTH/parsed-file208_inv14.als,classroom_rl,BOTH,57.0,0.129,1.0,0.871
classroom_rl/BOTH/parsed-file2094_inv5.als,classroom_rl,BOTH,17.0,0.298,1.0,0.702
classroom_rl/BOTH/parsed-file209_inv11.als,classroom_rl,BOTH,14.0,0.261,1.0,0.739
classroom_rl/BOTH/parsed-file2105_inv12.als,classroom_rl,BOTH,17.0,0.189,1.0,0.811
classroom_rl/BOTH/parsed-file2106_inv14.als,classroom_rl,BOTH,37.0,0.425,1.0,0.575
classroom_rl/BOTH/parsed-file2107_inv11.als,classroom_rl,BOTH,14.0,0.081,1.0,0.919
classroom_rl/BOTH/parsed-file2109_inv11.als,classroom_rl,BOTH,31.0,0.0,1.0,1.0
classroom_rl/BOTH/parsed-file2112_inv14.als,classroom_rl,BOTH,38.0,0.002,1.0,0.998
classroom_rl/BOTH/parsed-file2116_inv12.als,classroom_rl,BOTH,9.0,0.001,1.0,0.999
classroom_rl/BOTH/parsed-file2117_inv5.als,classroom_rl,BOTH,25.0,0.017,1.0,0.983
classroom_rl/BOTH/parsed-file2122_inv11.als,classroom_rl,BOTH,13.0,0.163,1.0,0.837
classroom_rl/BOTH/parsed-file2125_inv11.als,classroom_rl,BOTH,17.0,0.327,1.0,0.673
classroom_rl/BOTH/parsed-file2126_inv12.als,classroom_rl,BOTH,24.0,0.017,1.0,0.983
classroom_rl/BOTH/parsed-file2132_inv4.als,classroom_rl,BOTH,29.0,0.999,1.0,0.001
classroom_rl/BOTH/parsed-file2138_inv13.als,classroom_rl,BOTH,36.0,0.001,1.0,0.999
classroom_rl/BOTH/parsed-file2141_inv11.als,classroom_rl,BOTH,34.0,0.0,1.0,1.0
classroom_rl/BOTH/parsed-file2147_inv5.als,classroom_rl,BOTH,16.0,0.0,1.0,1.0
classroom_rl/BOTH/parsed-file2151_inv12.als,classroom_rl,BOTH,14.0,0.0,1.0,1.0
classroom_rl/BOTH/parsed-file2155_inv8.als,classroom_rl,BOTH,11.0,0.236,1.0,0.764
classroom_rl/BOTH/parsed-file2157_inv13.als,classroom_rl,BOTH,31.0,0.001,1.0,0.999
classroom_rl/BOTH/parsed-file2159_inv6.als,classroom_rl,BOTH,18.0,0.298,1.0,0.702
classroom_rl/BOTH/parsed-file2162_inv14.als,classroom_rl,BOTH,64.0,0.37,1.0,0.63
classroom_rl/BOTH/parsed-file2175_inv11.als,classroom_rl,BOTH,36.0,0.67,1.0,0.33
classroom_rl/BOTH/parsed-file2184_inv5.als,classroom_rl,BOTH,22.0,0.0,1.0,1.0
classroom_rl/BOTH/parsed-file2193_inv13.als,classroom_rl,BOTH,20.0,0.001,1.0,1.0
classroom_rl/BOTH/parsed-file2196_inv12.als,classroom_rl,BOTH,34.0,0.712,1.0,0.288
classroom_rl/BOTH/parsed-file2197_inv12.als,classroom_rl,BOTH,11.0,0.024,1.0,0.976
classroom_rl/BOTH/parsed-file2198_inv4.als,classroom_rl,BOTH,6.0,0.0,1.0,1.0
classroom_rl/BOTH/parsed-file21_inv11.als,classroom_rl,BOTH,36.0,0.096,1.0,0.904
classroom_rl/BOTH/parsed-file2208_inv9.als,classroom_rl,BOTH,29.0,0.228,1.0,0.772
classroom_rl/BOTH/parsed-file2210_inv12.als,classroom_rl,BOTH,6.0,0.001,1.0,0.999
classroom_rl/BOTH/parsed-file2218_inv8.als,classroom_rl,BOTH,4.0,0.408,1.0,0.592
classroom_rl/BOTH/parsed-file2221_inv8.als,classroom_rl,BOTH,11.0,0.0,1.0,1.0
classroom_rl/BOTH/parsed-file2223_inv12.als,classroom_rl,BOTH,29.0,0.217,1.0,0.783
classroom_rl/BOTH/parsed-file2226_inv4.als,classroom_rl,BOTH,22.0,0.0,1.0,1.0
classroom_rl/BOTH/parsed-file2233_inv14.als,classroom_rl,BOTH,63.0,0.373,1.0,0.627
classroom_rl/BOTH/parsed-file2234_inv11.als,classroom_rl,BOTH,25.0,0.008,1.0,0.992
classroom_rl/BOTH/parsed-file2239_inv11.als,classroom_rl,BOTH,13.0,0.001,1.0,0.999
classroom_rl/BOTH/parsed-file2243_inv14.als,classroom_rl,BOTH,41.0,0.005,1.0,0.995
classroom_rl/BOTH/parsed-file2247_inv4.als,classroom_rl,BOTH,14.0,0.0,1.0,1.0
classroom_rl/BOTH/parsed-file2247_inv5.als,classroom_rl,BOTH,10.0,0.0,1.0,1.0
classroom_rl/BOTH/parsed-file224_inv9.als,classroom_rl,BOTH,26.0,0.0,1.0,1.0
classroom_rl/BOTH/parsed-file2254_inv14.als,classroom_rl,BOTH,43.0,0.293,1.0,0.707
classroom_rl/BOTH/parsed-file2274_inv15.als,classroom_rl,BOTH,35.0,0.0,1.0,1.0
classroom_rl/BOTH/parsed-file2275_inv14.als,classroom_rl,BOTH,42.0,0.308,1.0,0.692
classroom_rl/BOTH/parsed-file2283_inv12.als,classroom_rl,BOTH,6.0,0.001,1.0,0.999
classroom_rl/BOTH/parsed-file2290_inv12.als,classroom_rl,BOTH,27.0,0.217,1.0,0.783
classroom_rl/BOTH/parsed-file2291_inv11.als,classroom_rl,BOTH,20.0,0.001,1.0,0.999
classroom_rl/BOTH/parsed-file2293_inv12.als,classroom_rl,BOTH,30.0,0.028,1.0,0.972
classroom_rl/BOTH/parsed-file2299_inv8.als,classroom_rl,BOTH,4.0,0.236,1.0,0.764
classroom_rl/BOTH/parsed-file2301_inv12.als,classroom_rl,BOTH,23.0,0.217,1.0,0.783
classroom_rl/BOTH/parsed-file2301_inv15.als,classroom_rl,BOTH,28.0,0.001,1.0,0.999
classroom_rl/BOTH/parsed-file2303_inv8.als,classroom_rl,BOTH,30.0,0.0,1.0,1.0
classroom_rl/BOTH/parsed-file2306_inv14.als,classroom_rl,BOTH,34.0,0.293,1.0,0.707
classroom_rl/BOTH/parsed-file2311_inv11.als,classroom_rl,BOTH,14.0,0.001,1.0,0.999
classroom_rl/BOTH/parsed-file2311_inv15.als,classroom_rl,BOTH,26.0,0.0,1.0,1.0
classroom_rl/BOTH/parsed-file2312_inv5.als,classroom_rl,BOTH,19.0,0.0,1.0,1.0
classroom_rl/BOTH/parsed-file2312_inv6.als,classroom_rl,BOTH,8.0,0.0,1.0,1.0
classroom_rl/BOTH/parsed-file2314_inv14.als,classroom_rl,BOTH,46.0,0.115,1.0,0.885
classroom_rl/BOTH/parsed-file2316_inv14.als,classroom_rl,BOTH,44.0,0.308,1.0,0.692
classroom_rl/BOTH/parsed-file2320_inv9.als,classroom_rl,BOTH,13.0,0.232,1.0,0.768
classroom_rl/BOTH/parsed-file2324_inv5.als,classroom_rl,BOTH,13.0,0.0,1.0,1.0
classroom_rl/BOTH/parsed-file2329_inv12.als,classroom_rl,BOTH,12.0,0.0,1.0,1.0
classroom_rl/BOTH/parsed-file232_inv5.als,classroom_rl,BOTH,20.0,0.298,1.0,0.702
classroom_rl/BOTH/parsed-file2338_inv14.als,classroom_rl,BOTH,63.0,0.003,1.0,0.997
classroom_rl/BOTH/parsed-file2342_inv14.als,classroom_rl,BOTH,54.0,0.098,1.0,0.902
classroom_rl/BOTH/parsed-file2344_inv14.als,classroom_rl,BOTH,41.0,0.025,1.0,0.975
classroom_rl/BOTH/parsed-file2347_inv14.als,classroom_rl,BOTH,32.0,0.273,1.0,0.727
classroom_rl/BOTH/parsed-file2348_inv9.als,classroom_rl,BOTH,11.0,0.5,1.0,0.501
classroom_rl/BOTH/parsed-file2350_inv15.als,classroom_rl,BOTH,26.0,0.0,1.0,1.0
classroom_rl/BOTH/parsed-file2354_inv12.als,classroom_rl,BOTH,6.0,0.001,1.0,0.999
classroom_rl/BOTH/parsed-file2355_inv11.als,classroom_rl,BOTH,24.0,0.001,1.0,0.999
classroom_rl/BOTH/parsed-file2373_inv11.als,classroom_rl,BOTH,34.0,0.801,1.0,0.199
classroom_rl/BOTH/parsed-file2376_inv3.als,classroom_rl,BOTH,12.0,1.0,1.0,0.0
classroom_rl/BOTH/parsed-file2378_inv14.als,classroom_rl,BOTH,38.0,0.551,1.0,0.449
classroom_rl/BOTH/parsed-file2379_inv13.als,classroom_rl,BOTH,28.0,0.0,1.0,1.0
classroom_rl/BOTH/parsed-file238_inv11.als,classroom_rl,BOTH,30.0,0.898,1.0,0.102
classroom_rl/BOTH/parsed-file2400_inv11.als,classroom_rl,BOTH,23.0,0.999,1.0,0.001
classroom_rl/BOTH/parsed-file2404_inv11.als,classroom_rl,BOTH,37.0,0.081,1.0,0.919
classroom_rl/BOTH/parsed-file240_inv11.als,classroom_rl,BOTH,37.0,0.001,1.0,0.999
classroom_rl/BOTH/parsed-file240_inv12.als,classroom_rl,BOTH,24.0,0.017,1.0,0.983
classroom_rl/BOTH/parsed-file2415_inv15.als,classroom_rl,BOTH,44.0,0.249,1.0,0.751
classroom_rl/BOTH/parsed-file2417_inv14.als,classroom_rl,BOTH,28.0,0.472,1.0,0.528
classroom_rl/BOTH/parsed-file2418_inv14.als,classroom_rl,BOTH,28.0,0.0,1.0,1.0
classroom_rl/BOTH/parsed-file2422_inv8.als,classroom_rl,BOTH,15.0,0.0,1.0,1.0
classroom_rl/BOTH/parsed-file2425_inv12.als,classroom_rl,BOTH,11.0,0.0,1.0,1.0
classroom_rl/BOTH/parsed-file2427_inv12.als,classroom_rl,BOTH,11.0,0.0,1.0,1.0
classroom_rl/BOTH/parsed-file2433_inv12.als,classroom_rl,BOTH,23.0,0.0,1.0,1.0
classroom_rl/BOTH/parsed-file2434_inv11.als,classroom_rl,BOTH,29.0,0.016,1.0,0.984
classroom_rl/BOTH/parsed-file2438_inv14.als,classroom_rl,BOTH,44.0,0.308,1.0,0.692
classroom_rl/BOTH/parsed-file2439_inv4.als,classroom_rl,BOTH,14.0,0.0,1.0,1.0
classroom_rl/BOTH/parsed-file2449_inv11.als,classroom_rl,BOTH,25.0,0.897,1.0,0.103
classroom_rl/BOTH/parsed-file244_inv12.als,classroom_rl,BOTH,12.0,0.0,1.0,1.0
classroom_rl/BOTH/parsed-file2458_inv12.als,classroom_rl,BOTH,28.0,0.177,1.0,0.823
classroom_rl/BOTH/parsed-file2465_inv11.als,classroom_rl,BOTH,25.0,0.897,1.0,0.103
classroom_rl/BOTH/parsed-file2467_inv3.als,classroom_rl,BOTH,15.0,0.0,1.0,1.0
classroom_rl/BOTH/parsed-file2469_inv12.als,classroom_rl,BOTH,35.0,0.121,1.0,0.879
classroom_rl/BOTH/parsed-file2475_inv11.als,classroom_rl,BOTH,20.0,0.081,1.0,0.919
classroom_rl/BOTH/parsed-file2480_inv11.als,classroom_rl,BOTH,31.0,0.999,1.0,0.001
classroom_rl/BOTH/parsed-file2482_inv12.als,classroom_rl,BOTH,24.0,0.017,1.0,0.983
classroom_rl/BOTH/parsed-file2491_inv11.als,classroom_rl,BOTH,17.0,0.099,1.0,0.901
classroom_rl/BOTH/parsed-file2492_inv11.als,classroom_rl,BOTH,36.0,0.801,1.0,0.199
classroom_rl/BOTH/parsed-file2496_inv13.als,classroom_rl,BOTH,31.0,0.075,1.0,0.925
classroom_rl/BOTH/parsed-file2502_inv12.als,classroom_rl,BOTH,9.0,0.953,1.0,0.047
classroom_rl/BOTH/parsed-file2512_inv11.als,classroom_rl,BOTH,29.0,0.164,1.0,0.836
classroom_rl/BOTH/parsed-file2531_inv12.als,classroom_rl,BOTH,30.0,0.001,1.0,0.999
classroom_rl/BOTH/parsed-file2532_inv12.als,classroom_rl,BOTH,13.0,0.017,1.0,0.983
classroom_rl/BOTH/parsed-file2532_inv13.als,classroom_rl,BOTH,12.0,0.502,1.0,0.498
classroom_rl/BOTH/parsed-file2539_inv14.als,classroom_rl,BOTH,37.0,0.005,1.0,0.995
classroom_rl/BOTH/parsed-file2541_inv14.als,classroom_rl,BOTH,33.0,0.176,1.0,0.824
classroom_rl/BOTH/parsed-file2546_inv11.als,classroom_rl,BOTH,23.0,0.001,1.0,0.999
classroom_rl/BOTH/parsed-file2548_inv11.als,classroom_rl,BOTH,36.0,0.0,1.0,1.0
classroom_rl/BOTH/parsed-file2553_inv14.als,classroom_rl,BOTH,30.0,0.115,1.0,0.885
classroom_rl/BOTH/parsed-file2566_inv11.als,classroom_rl,BOTH,17.0,0.001,1.0,0.999
classroom_rl/BOTH/parsed-file2567_inv12.als,classroom_rl,BOTH,23.0,0.217,1.0,0.783
classroom_rl/BOTH/parsed-file2568_inv14.als,classroom_rl,BOTH,39.0,0.135,1.0,0.865
classroom_rl/BOTH/parsed-file2569_inv4.als,classroom_rl,BOTH,7.0,0.0,1.0,1.0
classroom_rl/BOTH/parsed-file2576_inv11.als,classroom_rl,BOTH,39.0,0.284,1.0,0.716
classroom_rl/BOTH/parsed-file2583_inv12.als,classroom_rl,BOTH,35.0,0.385,1.0,0.615
classroom_rl/BOTH/parsed-file2585_inv12.als,classroom_rl,BOTH,6.0,0.024,1.0,0.976
classroom_rl/BOTH/parsed-file2588_inv12.als,classroom_rl,BOTH,24.0,0.017,1.0,0.983
classroom_rl/BOTH/parsed-file2590_inv5.als,classroom_rl,BOTH,8.0,0.017,1.0,0.983
classroom_rl/BOTH/parsed-file2592_inv5.als,classroom_rl,BOTH,19.0,0.999,1.0,0.001
classroom_rl/BOTH/parsed-file2602_inv11.als,classroom_rl,BOTH,30.0,0.261,1.0,0.739
classroom_rl/BOTH/parsed-file2605_inv9.als,classroom_rl,BOTH,11.0,0.0,1.0,1.0
classroom_rl/BOTH/parsed-file2606_inv11.als,classroom_rl,BOTH,17.0,0.307,1.0,0.693
classroom_rl/BOTH/parsed-file2608_inv12.als,classroom_rl,BOTH,11.0,0.024,1.0,0.976
classroom_rl/BOTH/parsed-file2613_inv14.als,classroom_rl,BOTH,23.0,0.455,1.0,0.545
classroom_rl/BOTH/parsed-file2614_inv12.als,classroom_rl,BOTH,24.0,0.017,1.0,0.983
classroom_rl/BOTH/parsed-file2619_inv11.als,classroom_rl,BOTH,28.0,0.001,1.0,0.999
classroom_rl/BOTH/parsed-file2621_inv14.als,classroom_rl,BOTH,51.0,0.295,1.0,0.705
classroom_rl/BOTH/parsed-file2624_inv11.als,classroom_rl,BOTH,10.0,0.999,1.0,0.001
classroom_rl/BOTH/parsed-file2628_inv5.als,classroom_rl,BOTH,25.0,0.017,1.0,0.983
classroom_rl/BOTH/parsed-file262_inv11.als,classroom_rl,BOTH,9.0,0.0,1.0,1.0
classroom_rl/BOTH/parsed-file262_inv13.als,classroom_rl,BOTH,15.0,0.001,1.0,0.999
classroom_rl/BOTH/parsed-file2631_inv6.als,classroom_rl,BOTH,8.0,0.298,1.0,0.702
classroom_rl/BOTH/parsed-file2635_inv12.als,classroom_rl,BOTH,6.0,0.275,1.0,0.725
classroom_rl/BOTH/parsed-file2636_inv11.als,classroom_rl,BOTH,10.0,0.999,1.0,0.001
classroom_rl/BOTH/parsed-file263_inv14.als,classroom_rl,BOTH,34.0,0.293,1.0,0.707
classroom_rl/BOTH/parsed-file2640_inv14.als,classroom_rl,BOTH,57.0,0.036,1.0,0.964
classroom_rl/BOTH/parsed-file2643_inv11.als,classroom_rl,BOTH,14.0,0.099,1.0,0.901
classroom_rl/BOTH/parsed-file2648_inv14.als,classroom_rl,BOTH,39.0,0.102,1.0,0.898
classroom_rl/BOTH/parsed-file2650_inv13.als,classroom_rl,BOTH,36.0,0.001,1.0,0.999
classroom_rl/BOTH/parsed-file2652_inv15.als,classroom_rl,BOTH,54.0,0.001,1.0,0.999
classroom_rl/BOTH/parsed-file2653_inv11.als,classroom_rl,BOTH,25.0,0.897,1.0,0.103
classroom_rl/BOTH/parsed-file2655_inv14.als,classroom_rl,BOTH,28.0,0.305,1.0,0.695
classroom_rl/BOTH/parsed-file265_inv11.als,classroom_rl,BOTH,33.0,0.0,1.0,1.0
classroom_rl/BOTH/parsed-file2670_inv12.als,classroom_rl,BOTH,29.0,0.275,1.0,0.725
classroom_rl/BOTH/parsed-file2683_inv11.als,classroom_rl,BOTH,38.0,0.081,1.0,0.919
classroom_rl/BOTH/parsed-file2687_inv14.als,classroom_rl,BOTH,50.0,0.0,1.0,1.0
classroom_rl/BOTH/parsed-file2693_inv15.als,classroom_rl,BOTH,26.0,0.0,1.0,1.0
classroom_rl/BOTH/parsed-file2697_inv14.als,classroom_rl,BOTH,63.0,0.003,1.0,0.997
classroom_rl/BOTH/parsed-file26_inv9.als,classroom_rl,BOTH,7.0,0.228,1.0,0.772
classroom_rl/BOTH/parsed-file2702_inv14.als,classroom_rl,BOTH,48.0,0.57,1.0,0.43
classroom_rl/BOTH/parsed-file2705_inv11.als,classroom_rl,BOTH,31.0,0.065,1.0,0.935
classroom_rl/BOTH/parsed-file2722_inv4.als,classroom_rl,BOTH,14.0,0.0,1.0,1.0
classroom_rl/BOTH/parsed-file2724_inv5.als,classroom_rl,BOTH,19.0,0.298,1.0,0.702
classroom_rl/BOTH/parsed-file2729_inv5.als,classroom_rl,BOTH,11.0,0.0,1.0,1.0
classroom_rl/BOTH/parsed-file2732_inv4.als,classroom_rl,BOTH,5.0,0.0,1.0,1.0
classroom_rl/BOTH/parsed-file2747_inv12.als,classroom_rl,BOTH,29.0,0.177,1.0,0.823
classroom_rl/BOTH/parsed-file2755_inv14.als,classroom_rl,BOTH,45.0,0.381,1.0,0.619
classroom_rl/BOTH/parsed-file2758_inv12.als,classroom_rl,BOTH,6.0,0.001,1.0,0.999
classroom_rl/BOTH/parsed-file275_inv11.als,classroom_rl,BOTH,20.0,0.081,1.0,0.919
classroom_rl/BOTH/parsed-file2762_inv3.als,classroom_rl,BOTH,12.0,1.0,1.0,0.0
classroom_rl/BOTH/parsed-file2764_inv11.als,classroom_rl,BOTH,14.0,0.999,1.0,0.001
classroom_rl/BOTH/parsed-file2766_inv14.als,classroom_rl,BOTH,46.0,0.291,1.0,0.709
classroom_rl/BOTH/parsed-file2768_inv14.als,classroom_rl,BOTH,28.0,0.416,1.0,0.584
classroom_rl/BOTH/parsed-file2770_inv11.als,classroom_rl,BOTH,37.0,0.016,1.0,0.984
classroom_rl/BOTH/parsed-file2771_inv4.als,classroom_rl,BOTH,12.0,0.0,1.0,1.0
classroom_rl/BOTH/parsed-file2787_inv11.als,classroom_rl,BOTH,38.0,0.001,1.0,0.999
classroom_rl/BOTH/parsed-file2791_inv12.als,classroom_rl,BOTH,13.0,0.0,1.0,1.0
classroom_rl/BOTH/parsed-file2793_inv11.als,classroom_rl,BOTH,30.0,0.016,1.0,0.984
classroom_rl/BOTH/parsed-file2807_inv14.als,classroom_rl,BOTH,60.0,0.177,1.0,0.823
classroom_rl/BOTH/parsed-file2809_inv14.als,classroom_rl,BOTH,36.0,0.328,1.0,0.672
classroom_rl/BOTH/parsed-file280_inv9.als,classroom_rl,BOTH,14.0,0.0,1.0,1.0
classroom_rl/BOTH/parsed-file2814_inv14.als,classroom_rl,BOTH,37.0,0.029,1.0,0.971
classroom_rl/BOTH/parsed-file2818_inv14.als,classroom_rl,BOTH,44.0,0.291,1.0,0.709
classroom_rl/BOTH/parsed-file2826_inv11.als,classroom_rl,BOTH,34.0,0.0,1.0,1.0
classroom_rl/BOTH/parsed-file2827_inv2.als,classroom_rl,BOTH,2.0,0.0,1.0,1.0
classroom_rl/BOTH/parsed-file2829_inv11.als,classroom_rl,BOTH,25.0,0.0,1.0,1.0
classroom_rl/BOTH/parsed-file2830_inv14.als,classroom_rl,BOTH,51.0,0.41,1.0,0.59
classroom_rl/BOTH/parsed-file2835_inv14.als,classroom_rl,BOTH,42.0,0.472,1.0,0.528
classroom_rl/BOTH/parsed-file2837_inv3.als,classroom_rl,BOTH,21.0,0.0,1.0,1.0
classroom_rl/BOTH/parsed-file2839_inv6.als,classroom_rl,BOTH,28.0,0.024,1.0,0.976
classroom_rl/BOTH/parsed-file283_inv14.als,classroom_rl,BOTH,53.0,0.357,1.0,0.643
classroom_rl/BOTH/parsed-file2840_inv12.als,classroom_rl,BOTH,27.0,0.024,1.0,0.976
classroom_rl/BOTH/parsed-file2846_inv13.als,classroom_rl,BOTH,28.0,0.0,1.0,1.0
classroom_rl/BOTH/parsed-file2855_inv4.als,classroom_rl,BOTH,12.0,0.0,1.0,1.0
classroom_rl/BOTH/parsed-file2857_inv13.als,classroom_rl,BOTH,30.0,0.001,1.0,0.999
classroom_rl/BOTH/parsed-file2859_inv14.als,classroom_rl,BOTH,37.0,0.0,1.0,1.0
classroom_rl/BOTH/parsed-file2861_inv14.als,classroom_rl,BOTH,64.0,0.101,1.0,0.899
classroom_rl/BOTH/parsed-file2864_inv12.als,classroom_rl,BOTH,24.0,0.017,1.0,0.983
classroom_rl/BOTH/parsed-file2880_inv14.als,classroom_rl,BOTH,63.0,0.135,1.0,0.865
classroom_rl/BOTH/parsed-file2882_inv14.als,classroom_rl,BOTH,54.0,0.102,1.0,0.898
classroom_rl/BOTH/parsed-file2883_inv13.als,classroom_rl,BOTH,27.0,0.0,1.0,1.0
classroom_rl/BOTH/parsed-file2890_inv14.als,classroom_rl,BOTH,47.0,0.001,1.0,0.999
classroom_rl/BOTH/parsed-file2892_inv14.als,classroom_rl,BOTH,44.0,0.57,1.0,0.43
classroom_rl/BOTH/parsed-file2893_inv13.als,classroom_rl,BOTH,20.0,0.001,1.0,1.0
classroom_rl/BOTH/parsed-file2896_inv11.als,classroom_rl,BOTH,31.0,0.0,1.0,1.0
classroom_rl/BOTH/parsed-file2897_inv11.als,classroom_rl,BOTH,28.0,0.016,1.0,0.984
classroom_rl/BOTH/parsed-file2898_inv14.als,classroom_rl,BOTH,41.0,0.108,1.0,0.892
classroom_rl/BOTH/parsed-file2908_inv9.als,classroom_rl,BOTH,12.0,0.0,1.0,1.0
classroom_rl/BOTH/parsed-file2921_inv14.als,classroom_rl,BOTH,39.0,0.232,1.0,0.768
classroom_rl/BOTH/parsed-file2922_inv11.als,classroom_rl,BOTH,35.0,0.0,1.0,1.0
classroom_rl/BOTH/parsed-file2923_inv11.als,classroom_rl,BOTH,30.0,0.898,1.0,0.102
classroom_rl/BOTH/parsed-file2923_inv14.als,classroom_rl,BOTH,51.0,0.375,1.0,0.625
classroom_rl/BOTH/parsed-file2924_inv12.als,classroom_rl,BOTH,13.0,1.0,1.0,0.0
classroom_rl/BOTH/parsed-file2926_inv11.als,classroom_rl,BOTH,13.0,0.001,1.0,0.999
classroom_rl/BOTH/parsed-file2933_inv11.als,classroom_rl,BOTH,20.0,0.001,1.0,0.999
classroom_rl/BOTH/parsed-file2938_inv3.als,classroom_rl,BOTH,18.0,1.0,1.0,0.0
classroom_rl/BOTH/parsed-file2939_inv14.als,classroom_rl,BOTH,37.0,0.273,1.0,0.727
classroom_rl/BOTH/parsed-file2946_inv5.als,classroom_rl,BOTH,20.0,0.298,1.0,0.702
classroom_rl/BOTH/parsed-file2958_inv4.als,classroom_rl,BOTH,12.0,0.999,1.0,0.001
classroom_rl/BOTH/parsed-file295_inv9.als,classroom_rl,BOTH,6.0,0.5,1.0,0.501
classroom_rl/BOTH/parsed-file2960_inv14.als,classroom_rl,BOTH,50.0,0.247,1.0,0.753
classroom_rl/BOTH/parsed-file2964_inv13.als,classroom_rl,BOTH,12.0,0.531,1.0,0.469
classroom_rl/BOTH/parsed-file2966_inv4.als,classroom_rl,BOTH,5.0,0.0,1.0,1.0
classroom_rl/BOTH/parsed-file2968_inv12.als,classroom_rl,BOTH,18.0,0.017,1.0,0.983
classroom_rl/BOTH/parsed-file2969_inv15.als,classroom_rl,BOTH,26.0,0.0,1.0,1.0
classroom_rl/BOTH/parsed-file2970_inv11.als,classroom_rl,BOTH,43.0,0.0,1.0,1.0
classroom_rl/BOTH/parsed-file297_inv11.als,classroom_rl,BOTH,35.0,0.307,1.0,0.693
classroom_rl/BOTH/parsed-file2980_inv11.als,classroom_rl,BOTH,30.0,0.016,1.0,0.984
classroom_rl/BOTH/parsed-file2986_inv13.als,classroom_rl,BOTH,30.0,0.001,1.0,0.999
classroom_rl/BOTH/parsed-file2987_inv11.als,classroom_rl,BOTH,47.0,0.0,1.0,1.0
classroom_rl/BOTH/parsed-file2988_inv14.als,classroom_rl,BOTH,63.0,0.003,1.0,0.997
classroom_rl/BOTH/parsed-file2991_inv11.als,classroom_rl,BOTH,31.0,0.0,1.0,1.0
classroom_rl/BOTH/parsed-file2994_inv14.als,classroom_rl,BOTH,39.0,0.053,1.0,0.947
classroom_rl/BOTH/parsed-file299_inv14.als,classroom_rl,BOTH,57.0,0.024,1.0,0.976
classroom_rl/BOTH/parsed-file29_inv11.als,classroom_rl,BOTH,10.0,0.096,1.0,0.904
classroom_rl/BOTH/parsed-file3002_inv11.als,classroom_rl,BOTH,31.0,0.0,1.0,1.0
classroom_rl/BOTH/parsed-file3005_inv2.als,classroom_rl,BOTH,10.0,0.0,1.0,1.0
classroom_rl/BOTH/parsed-file3010_inv4.als,classroom_rl,BOTH,2.0,0.0,1.0,1.0
classroom_rl/BOTH/parsed-file3011_inv13.als,classroom_rl,BOTH,24.0,0.531,1.0,0.469
classroom_rl/BOTH/parsed-file3015_inv11.als,classroom_rl,BOTH,20.0,0.081,1.0,0.919
classroom_rl/BOTH/parsed-file3020_inv11.als,classroom_rl,BOTH,23.0,0.001,1.0,0.999
classroom_rl/BOTH/parsed-file3024_inv13.als,classroom_rl,BOTH,19.0,0.485,1.0,0.515
classroom_rl/BOTH/parsed-file302_inv15.als,classroom_rl,BOTH,37.0,0.0,1.0,1.0
classroom_rl/BOTH/parsed-file3035_inv12.als,classroom_rl,BOTH,36.0,0.165,1.0,0.835
classroom_rl/BOTH/parsed-file3044_inv14.als,classroom_rl,BOTH,38.0,0.388,1.0,0.612
classroom_rl/BOTH/parsed-file3045_inv8.als,classroom_rl,BOTH,26.0,0.0,1.0,1.0
classroom_rl/BOTH/parsed-file3049_inv13.als,classroom_rl,BOTH,14.0,0.001,1.0,0.999
classroom_rl/BOTH/parsed-file304_inv14.als,classroom_rl,BOTH,30.0,0.0,1.0,1.0
classroom_rl/BOTH/parsed-file3061_inv11.als,classroom_rl,BOTH,31.0,0.065,1.0,0.935
classroom_rl/BOTH/parsed-file3063_inv12.als,classroom_rl,BOTH,13.0,0.182,1.0,0.818
classroom_rl/BOTH/parsed-file3064_inv6.als,classroom_rl,BOTH,18.0,0.298,1.0,0.702
classroom_rl/BOTH/parsed-file3069_inv11.als,classroom_rl,BOTH,37.0,0.096,1.0,0.904
classroom_rl/BOTH/parsed-file3075_inv12.als,classroom_rl,BOTH,22.0,0.024,1.0,0.976
classroom_rl/BOTH/parsed-file3080_inv14.als,classroom_rl,BOTH,35.0,0.151,1.0,0.849
classroom_rl/BOTH/parsed-file3081_inv11.als,classroom_rl,BOTH,14.0,0.001,1.0,0.999
classroom_rl/BOTH/parsed-file3082_inv9.als,classroom_rl,BOTH,13.0,0.5,1.0,0.501
classroom_rl/BOTH/parsed-file3083_inv9.als,classroom_rl,BOTH,22.0,0.093,1.0,0.907
classroom_rl/BOTH/parsed-file3086_inv11.als,classroom_rl,BOTH,35.0,0.454,1.0,0.546
classroom_rl/BOTH/parsed-file3088_inv11.als,classroom_rl,BOTH,34.0,0.316,1.0,0.684
classroom_rl/BOTH/parsed-file308_inv12.als,classroom_rl,BOTH,6.0,0.0,1.0,1.0
classroom_rl/BOTH/parsed-file309_inv13.als,classroom_rl,BOTH,20.0,0.075,1.0,0.925
classroom_rl/BOTH/parsed-file3100_inv4.als,classroom_rl,BOTH,5.0,0.0,1.0,1.0
classroom_rl/BOTH/parsed-file3101_inv5.als,classroom_rl,BOTH,19.0,0.999,1.0,0.001
classroom_rl/BOTH/parsed-file3103_inv11.als,classroom_rl,BOTH,37.0,0.001,1.0,0.999
classroom_rl/BOTH/parsed-file3106_inv13.als,classroom_rl,BOTH,23.0,0.075,1.0,0.925
classroom_rl/BOTH/parsed-file3117_inv14.als,classroom_rl,BOTH,44.0,0.388,1.0,0.612
classroom_rl/BOTH/parsed-file3125_inv14.als,classroom_rl,BOTH,41.0,0.386,1.0,0.614
classroom_rl/BOTH/parsed-file3126_inv11.als,classroom_rl,BOTH,38.0,0.316,1.0,0.684
classroom_rl/BOTH/parsed-file3131_inv14.als,classroom_rl,BOTH,70.0,0.098,1.0,0.902
classroom_rl/BOTH/parsed-file3135_inv11.als,classroom_rl,BOTH,22.0,0.0,1.0,1.0
classroom_rl/BOTH/parsed-file313_inv12.als,classroom_rl,BOTH,10.0,0.299,1.0,0.701
classroom_rl/BOTH/parsed-file3145_inv12.als,classroom_rl,BOTH,9.0,0.001,1.0,0.999
classroom_rl/BOTH/parsed-file3147_inv12.als,classroom_rl,BOTH,21.0,0.237,1.0,0.763
classroom_rl/BOTH/parsed-file3149_inv15.als,classroom_rl,BOTH,40.0,0.0,1.0,1.0
classroom_rl/BOTH/parsed-file314_inv13.als,classroom_rl,BOTH,13.0,0.001,1.0,0.999
classroom_rl/BOTH/parsed-file3155_inv11.als,classroom_rl,BOTH,23.0,0.016,1.0,0.984
classroom_rl/BOTH/parsed-file3163_inv14.als,classroom_rl,BOTH,32.0,0.57,1.0,0.43
classroom_rl/BOTH/parsed-file3164_inv11.als,classroom_rl,BOTH,36.0,0.119,1.0,0.881
classroom_rl/BOTH/parsed-file3177_inv14.als,classroom_rl,BOTH,38.0,0.265,1.0,0.735
classroom_rl/BOTH/parsed-file317_inv11.als,classroom_rl,BOTH,31.0,0.999,1.0,0.001
classroom_rl/BOTH/parsed-file3188_inv12.als,classroom_rl,BOTH,24.0,0.017,1.0,0.983
classroom_rl/BOTH/parsed-file3191_inv9.als,classroom_rl,BOTH,6.0,0.228,1.0,0.772
classroom_rl/BOTH/parsed-file3192_inv4.als,classroom_rl,BOTH,14.0,0.0,1.0,1.0
classroom_rl/BOTH/parsed-file3195_inv15.als,classroom_rl,BOTH,45.0,0.0,1.0,1.0
classroom_rl/BOTH/parsed-file3198_inv6.als,classroom_rl,BOTH,18.0,0.0,1.0,1.0
classroom_rl/BOTH/parsed-file3202_inv5.als,classroom_rl,BOTH,11.0,0.0,1.0,1.0
classroom_rl/BOTH/parsed-file3203_inv15.als,classroom_rl,BOTH,15.0,0.159,1.0,0.841
classroom_rl/BOTH/parsed-file3204_inv14.als,classroom_rl,BOTH,41.0,0.01,1.0,0.99
classroom_rl/BOTH/parsed-file3215_inv3.als,classroom_rl,BOTH,5.0,1.0,1.0,0.0
classroom_rl/BOTH/parsed-file3226_inv14.als,classroom_rl,BOTH,48.0,0.291,1.0,0.709
classroom_rl/BOTH/parsed-file3229_inv14.als,classroom_rl,BOTH,51.0,0.077,1.0,0.923
classroom_rl/BOTH/parsed-file3230_inv8.als,classroom_rl,BOTH,4.0,0.0,1.0,1.0
classroom_rl/BOTH/parsed-file3232_inv12.als,classroom_rl,BOTH,36.0,0.092,1.0,0.908
classroom_rl/BOTH/parsed-file3234_inv12.als,classroom_rl,BOTH,6.0,0.217,1.0,0.783
classroom_rl/BOTH/parsed-file323_inv14.als,classroom_rl,BOTH,54.0,0.098,1.0,0.902
classroom_rl/BOTH/parsed-file3241_inv7.als,classroom_rl,BOTH,12.0,0.0,1.0,1.0
classroom_rl/BOTH/parsed-file3248_inv13.als,classroom_rl,BOTH,24.0,0.0,1.0,1.0
classroom_rl/BOTH/parsed-file324_inv4.als,classroom_rl,BOTH,9.0,0.0,1.0,1.0
classroom_rl/BOTH/parsed-file3254_inv11.als,classroom_rl,BOTH,20.0,0.081,1.0,0.919
classroom_rl/BOTH/parsed-file3255_inv12.als,classroom_rl,BOTH,22.0,0.299,1.0,0.701
classroom_rl/BOTH/parsed-file3257_inv12.als,classroom_rl,BOTH,13.0,0.001,1.0,0.999
classroom_rl/BOTH/parsed-file3258_inv4.als,classroom_rl,BOTH,2.0,0.0,1.0,1.0
classroom_rl/BOTH/parsed-file3262_inv11.als,classroom_rl,BOTH,12.0,0.0,1.0,1.0
classroom_rl/BOTH/parsed-file3265_inv12.als,classroom_rl,BOTH,12.0,0.017,1.0,0.983
classroom_rl/BOTH/parsed-file3269_inv11.als,classroom_rl,BOTH,19.0,0.096,1.0,0.904
classroom_rl/BOTH/parsed-file3275_inv12.als,classroom_rl,BOTH,6.0,0.0,1.0,1.0
classroom_rl/BOTH/parsed-file3277_inv11.als,classroom_rl,BOTH,14.0,0.099,1.0,0.901
classroom_rl/BOTH/parsed-file3280_inv12.als,classroom_rl,BOTH,24.0,0.217,1.0,0.783
classroom_rl/BOTH/parsed-file3281_inv14.als,classroom_rl,BOTH,39.0,0.098,1.0,0.902
classroom_rl/BOTH/parsed-file3282_inv13.als,classroom_rl,BOTH,29.0,0.001,1.0,0.999
classroom_rl/BOTH/parsed-file3283_inv15.als,classroom_rl,BOTH,29.0,0.498,1.0,0.502
classroom_rl/BOTH/parsed-file3285_inv14.als,classroom_rl,BOTH,39.0,0.098,1.0,0.902
classroom_rl/BOTH/parsed-file328_inv11.als,classroom_rl,BOTH,20.0,0.081,1.0,0.919
classroom_rl/BOTH/parsed-file3296_inv14.als,classroom_rl,BOTH,38.0,0.002,1.0,0.998
classroom_rl/BOTH/parsed-file3300_inv11.als,classroom_rl,BOTH,31.0,0.099,1.0,0.901
classroom_rl/BOTH/parsed-file3301_inv12.als,classroom_rl,BOTH,21.0,0.246,1.0,0.754
classroom_rl/BOTH/parsed-file3305_inv14.als,classroom_rl,BOTH,32.0,0.0,1.0,1.0
classroom_rl/BOTH/parsed-file3307_inv3.als,classroom_rl,BOTH,3.0,1.0,1.0,0.0
classroom_rl/BOTH/parsed-file3318_inv14.als,classroom_rl,BOTH,30.0,0.959,1.0,0.041
classroom_rl/BOTH/parsed-file3319_inv5.als,classroom_rl,BOTH,17.0,0.0,1.0,1.0
classroom_rl/BOTH/parsed-file3320_inv8.als,classroom_rl,BOTH,26.0,0.0,1.0,1.0
classroom_rl/BOTH/parsed-file3322_inv13.als,classroom_rl,BOTH,8.0,0.001,1.0,0.999
classroom_rl/BOTH/parsed-file3330_inv14.als,classroom_rl,BOTH,60.0,0.177,1.0,0.823
classroom_rl/BOTH/parsed-file3333_inv14.als,classroom_rl,BOTH,51.0,0.302,1.0,0.698
classroom_rl/BOTH/parsed-file3342_inv11.als,classroom_rl,BOTH,20.0,0.001,1.0,0.999
classroom_rl/BOTH/parsed-file3343_inv12.als,classroom_rl,BOTH,9.0,1.0,1.0,0.0
classroom_rl/BOTH/parsed-file3348_inv7.als,classroom_rl,BOTH,18.0,0.999,1.0,0.001
classroom_rl/BOTH/parsed-file334_inv15.als,classroom_rl,BOTH,44.0,0.001,1.0,0.999
classroom_rl/BOTH/parsed-file3360_inv9.als,classroom_rl,BOTH,26.0,0.0,1.0,1.0
classroom_rl/BOTH/parsed-file3365_inv14.als,classroom_rl,BOTH,58.0,0.44,1.0,0.56
classroom_rl/BOTH/parsed-file3367_inv12.als,classroom_rl,BOTH,15.0,0.299,1.0,0.701
classroom_rl/BOTH/parsed-file3371_inv9.als,classroom_rl,BOTH,9.0,0.5,1.0,0.501
classroom_rl/BOTH/parsed-file3373_inv13.als,classroom_rl,BOTH,15.0,0.0,1.0,1.0
classroom_rl/BOTH/parsed-file3375_inv12.als,classroom_rl,BOTH,23.0,0.217,1.0,0.783
classroom_rl/BOTH/parsed-file3377_inv11.als,classroom_rl,BOTH,9.0,0.0,1.0,1.0
classroom_rl/BOTH/parsed-file3378_inv12.als,classroom_rl,BOTH,9.0,0.796,1.0,0.204
classroom_rl/BOTH/parsed-file3383_inv12.als,classroom_rl,BOTH,6.0,0.001,1.0,0.999
classroom_rl/BOTH/parsed-file3396_inv11.als,classroom_rl,BOTH,14.0,0.081,1.0,0.919
classroom_rl/BOTH/parsed-file3398_inv8.als,classroom_rl,BOTH,7.0,0.0,1.0,1.0
classroom_rl/BOTH/parsed-file339_inv11.als,classroom_rl,BOTH,31.0,0.999,1.0,0.001
classroom_rl/BOTH/parsed-file339_inv14.als,classroom_rl,BOTH,43.0,0.551,1.0,0.449
classroom_rl/BOTH/parsed-file33_inv12.als,classroom_rl,BOTH,29.0,0.0,1.0,1.0
classroom_rl/BOTH/parsed-file3401_inv11.als,classroom_rl,BOTH,28.0,0.001,1.0,0.999
classroom_rl/BOTH/parsed-file3417_inv8.als,classroom_rl,BOTH,7.0,0.0,1.0,1.0
classroom_rl/BOTH/parsed-file3426_inv4.als,classroom_rl,BOTH,12.0,0.999,1.0,0.001
classroom_rl/BOTH/parsed-file3427_inv14.als,classroom_rl,BOTH,37.0,0.273,1.0,0.727
classroom_rl/BOTH/parsed-file342_inv14.als,classroom_rl,BOTH,22.0,0.315,1.0,0.685
classroom_rl/BOTH/parsed-file3434_inv3.als,classroom_rl,BOTH,3.0,1.0,1.0,0.0
classroom_rl/BOTH/parsed-file3437_inv11.als,classroom_rl,BOTH,31.0,0.897,1.0,0.103
classroom_rl/BOTH/parsed-file3440_inv11.als,classroom_rl,BOTH,14.0,0.001,1.0,0.999
classroom_rl/BOTH/parsed-file3446_inv12.als,classroom_rl,BOTH,29.0,0.115,1.0,0.885
classroom_rl/BOTH/parsed-file3448_inv11.als,classroom_rl,BOTH,33.0,0.999,1.0,0.001
classroom_rl/BOTH/parsed-file3449_inv15.als,classroom_rl,BOTH,53.0,0.0,1.0,1.0
classroom_rl/BOTH/parsed-file3460_inv14.als,classroom_rl,BOTH,41.0,0.362,1.0,0.638
classroom_rl/BOTH/parsed-file3461_inv4.als,classroom_rl,BOTH,3.0,0.999,1.0,0.001
classroom_rl/BOTH/parsed-file3466_inv8.als,classroom_rl,BOTH,26.0,0.0,1.0,1.0
classroom_rl/BOTH/parsed-file3469_inv11.als,classroom_rl,BOTH,23.0,0.016,1.0,0.984
classroom_rl/BOTH/parsed-file3470_inv11.als,classroom_rl,BOTH,37.0,0.001,1.0,0.999
classroom_rl/BOTH/parsed-file3472_inv11.als,classroom_rl,BOTH,25.0,0.0,1.0,1.0
classroom_rl/BOTH/parsed-file3474_inv11.als,classroom_rl,BOTH,38.0,0.001,1.0,0.999
classroom_rl/BOTH/parsed-file3475_inv14.als,classroom_rl,BOTH,41.0,0.001,1.0,0.999
classroom_rl/BOTH/parsed-file3476_inv11.als,classroom_rl,BOTH,36.0,0.169,1.0,0.831
classroom_rl/BOTH/parsed-file3477_inv15.als,classroom_rl,BOTH,37.0,0.746,1.0,0.254
classroom_rl/BOTH/parsed-file3486_inv4.als,classroom_rl,BOTH,12.0,0.999,1.0,0.001
classroom_rl/BOTH/parsed-file3491_inv14.als,classroom_rl,BOTH,32.0,0.48,1.0,0.52
classroom_rl/BOTH/parsed-file3495_inv12.als,classroom_rl,BOTH,29.0,0.115,1.0,0.885
classroom_rl/BOTH/parsed-file3497_inv11.als,classroom_rl,BOTH,45.0,0.0,1.0,1.0
classroom_rl/BOTH/parsed-file3498_inv4.als,classroom_rl,BOTH,14.0,0.0,1.0,1.0
classroom_rl/BOTH/parsed-file3502_inv7.als,classroom_rl,BOTH,8.0,0.999,1.0,0.001
classroom_rl/BOTH/parsed-file3503_inv11.als,classroom_rl,BOTH,31.0,0.102,1.0,0.898
classroom_rl/BOTH/parsed-file3507_inv15.als,classroom_rl,BOTH,20.0,0.0,1.0,1.0
classroom_rl/BOTH/parsed-file3511_inv13.als,classroom_rl,BOTH,24.0,0.249,1.0,0.751
classroom_rl/BOTH/parsed-file3514_inv8.als,classroom_rl,BOTH,7.0,0.0,1.0,1.0
classroom_rl/BOTH/parsed-file3523_inv12.als,classroom_rl,BOTH,29.0,0.275,1.0,0.725
classroom_rl/BOTH/parsed-file3534_inv11.als,classroom_rl,BOTH,30.0,0.898,1.0,0.102
classroom_rl/BOTH/parsed-file3549_inv13.als,classroom_rl,BOTH,24.0,0.0,1.0,1.0
classroom_rl/BOTH/parsed-file354_inv11.als,classroom_rl,BOTH,17.0,0.353,1.0,0.647
classroom_rl/BOTH/parsed-file3555_inv11.als,classroom_rl,BOTH,20.0,0.081,1.0,0.919
classroom_rl/BOTH/parsed-file3560_inv13.als,classroom_rl,BOTH,17.0,0.5,1.0,0.501
classroom_rl/BOTH/parsed-file3562_inv14.als,classroom_rl,BOTH,47.0,0.077,1.0,0.923
classroom_rl/BOTH/parsed-file3563_inv12.als,classroom_rl,BOTH,6.0,0.001,1.0,0.999
classroom_rl/BOTH/parsed-file3564_inv11.als,classroom_rl,BOTH,10.0,0.67,1.0,0.33
classroom_rl/BOTH/parsed-file3574_inv5.als,classroom_rl,BOTH,13.0,0.0,1.0,1.0
classroom_rl/BOTH/parsed-file3577_inv7.als,classroom_rl,BOTH,8.0,0.298,1.0,0.702
classroom_rl/BOTH/parsed-file3578_inv15.als,classroom_rl,BOTH,8.0,0.713,1.0,0.287
classroom_rl/BOTH/parsed-file3584_inv12.als,classroom_rl,BOTH,11.0,0.0,1.0,1.0
classroom_rl/BOTH/parsed-file3585_inv11.als,classroom_rl,BOTH,23.0,0.164,1.0,0.836
classroom_rl/BOTH/parsed-file3598_inv15.als,classroom_rl,BOTH,28.0,0.745,1.0,0.255
classroom_rl/BOTH/parsed-file3602_inv14.als,classroom_rl,BOTH,41.0,0.108,1.0,0.892
classroom_rl/BOTH/parsed-file3610_inv11.als,classroom_rl,BOTH,36.0,0.119,1.0,0.881
classroom_rl/BOTH/parsed-file3614_inv11.als,classroom_rl,BOTH,14.0,0.001,1.0,0.999
classroom_rl/BOTH/parsed-file3620_inv14.als,classroom_rl,BOTH,55.0,0.208,1.0,0.792
classroom_rl/BOTH/parsed-file3624_inv11.als,classroom_rl,BOTH,38.0,0.001,1.0,0.999
classroom_rl/BOTH/parsed-file3625_inv14.als,classroom_rl,BOTH,44.0,0.385,1.0,0.615
classroom_rl/BOTH/parsed-file3637_inv12.als,classroom_rl,BOTH,30.0,0.0,1.0,1.0
classroom_rl/BOTH/parsed-file3641_inv14.als,classroom_rl,BOTH,58.0,0.002,1.0,0.998
classroom_rl/BOTH/parsed-file3648_inv12.als,classroom_rl,BOTH,6.0,0.001,1.0,0.999
classroom_rl/BOTH/parsed-file3652_inv11.als,classroom_rl,BOTH,38.0,0.001,1.0,0.999
classroom_rl/BOTH/parsed-file3654_inv11.als,classroom_rl,BOTH,36.0,0.801,1.0,0.199
classroom_rl/BOTH/parsed-file365_inv11.als,classroom_rl,BOTH,25.0,0.897,1.0,0.103
classroom_rl/BOTH/parsed-file3661_inv11.als,classroom_rl,BOTH,24.0,0.001,1.0,0.999
classroom_rl/BOTH/parsed-file3664_inv11.als,classroom_rl,BOTH,14.0,0.801,1.0,0.199
classroom_rl/BOTH/parsed-file3671_inv9.als,classroom_rl,BOTH,13.0,0.0,1.0,1.0
classroom_rl/BOTH/parsed-file3675_inv12.als,classroom_rl,BOTH,46.0,0.163,1.0,0.837
classroom_rl/BOTH/parsed-file3675_inv14.als,classroom_rl,BOTH,40.0,0.0,1.0,1.0
classroom_rl/BOTH/parsed-file3679_inv14.als,classroom_rl,BOTH,38.0,0.11,1.0,0.89
classroom_rl/BOTH/parsed-file3694_inv12.als,classroom_rl,BOTH,9.0,0.0,1.0,1.0
classroom_rl/BOTH/parsed-file3695_inv11.als,classroom_rl,BOTH,31.0,0.801,1.0,0.199
classroom_rl/BOTH/parsed-file3701_inv14.als,classroom_rl,BOTH,37.0,0.442,1.0,0.558
classroom_rl/BOTH/parsed-file3702_inv14.als,classroom_rl,BOTH,43.0,0.299,1.0,0.701
classroom_rl/BOTH/parsed-file3707_inv2.als,classroom_rl,BOTH,3.0,0.0,1.0,1.0
classroom_rl/BOTH/parsed-file3708_inv14.als,classroom_rl,BOTH,53.0,0.004,1.0,0.996
classroom_rl/BOTH/parsed-file3710_inv14.als,classroom_rl,BOTH,37.0,0.008,1.0,0.992
classroom_rl/BOTH/parsed-file3713_inv11.als,classroom_rl,BOTH,24.0,0.261,1.0,0.739
classroom_rl/BOTH/parsed-file3715_inv11.als,classroom_rl,BOTH,14.0,0.001,1.0,0.999
classroom_rl/BOTH/parsed-file3719_inv11.als,classroom_rl,BOTH,34.0,0.0,1.0,1.0
classroom_rl/BOTH/parsed-file3725_inv12.als,classroom_rl,BOTH,36.0,0.165,1.0,0.835
classroom_rl/BOTH/parsed-file3727_inv12.als,classroom_rl,BOTH,10.0,0.0,1.0,1.0
classroom_rl/BOTH/parsed-file3729_inv12.als,classroom_rl,BOTH,38.0,0.001,1.0,0.999
classroom_rl/BOTH/parsed-file3733_inv2.als,classroom_rl,BOTH,2.0,0.0,1.0,1.0
classroom_rl/BOTH/parsed-file3738_inv6.als,classroom_rl,BOTH,8.0,0.298,1.0,0.702
classroom_rl/BOTH/parsed-file3739_inv4.als,classroom_rl,BOTH,12.0,0.0,1.0,1.0
classroom_rl/BOTH/parsed-file3740_inv14.als,classroom_rl,BOTH,37.0,0.019,1.0,0.981
classroom_rl/BOTH/parsed-file3741_inv12.als,classroom_rl,BOTH,6.0,0.001,1.0,0.999
classroom_rl/BOTH/parsed-file3747_inv12.als,classroom_rl,BOTH,41.0,0.299,1.0,0.701
classroom_rl/BOTH/parsed-file3751_inv4.als,classroom_rl,BOTH,14.0,0.0,1.0,1.0
classroom_rl/BOTH/parsed-file3759_inv15.als,classroom_rl,BOTH,14.0,1.0,1.0,0.0
classroom_rl/BOTH/parsed-file3764_inv7.als,classroom_rl,BOTH,18.0,0.999,1.0,0.001
classroom_rl/BOTH/parsed-file3776_inv11.als,classroom_rl,BOTH,24.0,0.01,1.0,0.99
classroom_rl/BOTH/parsed-file3782_inv11.als,classroom_rl,BOTH,37.0,0.0,1.0,1.0
classroom_rl/BOTH/parsed-file3783_inv12.als,classroom_rl,BOTH,23.0,0.0,1.0,1.0
classroom_rl/BOTH/parsed-file378_inv14.als,classroom_rl,BOTH,37.0,0.544,1.0,0.456
classroom_rl/BOTH/parsed-file3793_inv12.als,classroom_rl,BOTH,9.0,0.001,1.0,0.999
classroom_rl/BOTH/parsed-file3794_inv15.als,classroom_rl,BOTH,10.0,0.0,1.0,1.0
classroom_rl/BOTH/parsed-file3796_inv4.als,classroom_rl,BOTH,12.0,0.0,1.0,1.0
classroom_rl/BOTH/parsed-file3799_inv4.als,classroom_rl,BOTH,3.0,0.999,1.0,0.001
classroom_rl/BOTH/parsed-file379_inv12.als,classroom_rl,BOTH,22.0,0.024,1.0,0.976
classroom_rl/BOTH/parsed-file3804_inv14.als,classroom_rl,BOTH,26.0,0.216,1.0,0.784
classroom_rl/BOTH/parsed-file3805_inv5.als,classroom_rl,BOTH,26.0,0.224,1.0,0.776
classroom_rl/BOTH/parsed-file3809_inv12.als,classroom_rl,BOTH,14.0,0.0,1.0,1.0
classroom_rl/BOTH/parsed-file3810_inv11.als,classroom_rl,BOTH,37.0,0.096,1.0,0.904
classroom_rl/BOTH/parsed-file3811_inv11.als,classroom_rl,BOTH,24.0,0.261,1.0,0.739
classroom_rl/BOTH/parsed-file3813_inv9.als,classroom_rl,BOTH,13.0,0.5,1.0,0.501
classroom_rl/BOTH/parsed-file3815_inv14.als,classroom_rl,BOTH,43.0,0.374,1.0,0.626
classroom_rl/BOTH/parsed-file3816_inv14.als,classroom_rl,BOTH,63.0,0.002,1.0,0.998
classroom_rl/BOTH/parsed-file3820_inv12.als,classroom_rl,BOTH,30.0,0.0,1.0,1.0
classroom_rl/BOTH/parsed-file3830_inv3.als,classroom_rl,BOTH,5.0,1.0,1.0,0.0
classroom_rl/BOTH/parsed-file3840_inv4.als,classroom_rl,BOTH,14.0,0.0,1.0,1.0
classroom_rl/BOTH/parsed-file3841_inv12.als,classroom_rl,BOTH,24.0,0.017,1.0,0.983
classroom_rl/BOTH/parsed-file3841_inv15.als,classroom_rl,BOTH,25.0,0.752,1.0,0.248
classroom_rl/BOTH/parsed-file384_inv11.als,classroom_rl,BOTH,25.0,0.0,1.0,1.0
classroom_rl/BOTH/parsed-file3850_inv14.als,classroom_rl,BOTH,51.0,0.57,1.0,0.43
classroom_rl/BOTH/parsed-file3853_inv8.als,classroom_rl,BOTH,31.0,0.0,1.0,1.0
classroom_rl/BOTH/parsed-file3861_inv13.als,classroom_rl,BOTH,14.0,0.47,1.0,0.53
classroom_rl/BOTH/parsed-file3862_inv14.als,classroom_rl,BOTH,56.0,0.375,1.0,0.625
classroom_rl/BOTH/parsed-file3873_inv4.als,classroom_rl,BOTH,14.0,0.0,1.0,1.0
classroom_rl/BOTH/parsed-file3883_inv2.als,classroom_rl,BOTH,2.0,0.0,1.0,1.0
classroom_rl/BOTH/parsed-file3894_inv14.als,classroom_rl,BOTH,41.0,0.01,1.0,0.99
classroom_rl/BOTH/parsed-file3895_inv15.als,classroom_rl,BOTH,10.0,0.0,1.0,1.0
classroom_rl/BOTH/parsed-file3896_inv11.als,classroom_rl,BOTH,10.0,0.999,1.0,0.001
classroom_rl/BOTH/parsed-file3909_inv13.als,classroom_rl,BOTH,14.0,0.001,1.0,0.999
classroom_rl/BOTH/parsed-file3922_inv6.als,classroom_rl,BOTH,8.0,0.298,1.0,0.702
classroom_rl/BOTH/parsed-file3924_inv12.als,classroom_rl,BOTH,36.0,0.182,1.0,0.818
classroom_rl/BOTH/parsed-file3928_inv11.als,classroom_rl,BOTH,23.0,0.455,1.0,0.545
classroom_rl/BOTH/parsed-file3934_inv14.als,classroom_rl,BOTH,44.0,0.182,1.0,0.818
classroom_rl/BOTH/parsed-file3936_inv15.als,classroom_rl,BOTH,54.0,0.746,1.0,0.254
classroom_rl/BOTH/parsed-file3941_inv14.als,classroom_rl,BOTH,38.0,0.236,1.0,0.764
classroom_rl/BOTH/parsed-file3947_inv11.als,classroom_rl,BOTH,34.0,0.307,1.0,0.693
classroom_rl/BOTH/parsed-file3951_inv11.als,classroom_rl,BOTH,38.0,0.0,1.0,1.0
classroom_rl/BOTH/parsed-file3952_inv12.als,classroom_rl,BOTH,33.0,0.0,1.0,1.0
classroom_rl/BOTH/parsed-file3959_inv11.als,classroom_rl,BOTH,36.0,0.67,1.0,0.33
classroom_rl/BOTH/parsed-file3962_inv11.als,classroom_rl,BOTH,26.0,0.081,1.0,0.919
classroom_rl/BOTH/parsed-file3964_inv5.als,classroom_rl,BOTH,8.0,0.0,1.0,1.0
classroom_rl/BOTH/parsed-file396_inv7.als,classroom_rl,BOTH,18.0,0.999,1.0,0.001
classroom_rl/BOTH/parsed-file3970_inv13.als,classroom_rl,BOTH,25.0,0.001,1.0,0.999
classroom_rl/BOTH/parsed-file3972_inv4.als,classroom_rl,BOTH,2.0,0.0,1.0,1.0
classroom_rl/BOTH/parsed-file3975_inv12.als,classroom_rl,BOTH,27.0,0.024,1.0,0.976
classroom_rl/BOTH/parsed-file397_inv11.als,classroom_rl,BOTH,10.0,0.898,1.0,0.102
classroom_rl/BOTH/parsed-file3982_inv14.als,classroom_rl,BOTH,28.0,0.216,1.0,0.784
classroom_rl/BOTH/parsed-file3988_inv11.als,classroom_rl,BOTH,35.0,0.096,1.0,0.904
classroom_rl/BOTH/parsed-file3989_inv14.als,classroom_rl,BOTH,51.0,0.001,1.0,0.999
classroom_rl/BOTH/parsed-file3991_inv5.als,classroom_rl,BOTH,17.0,0.298,1.0,0.702
classroom_rl/BOTH/parsed-file3999_inv14.als,classroom_rl,BOTH,42.0,0.358,1.0,0.642
classroom_rl/BOTH/parsed-file39_inv11.als,classroom_rl,BOTH,10.0,0.096,1.0,0.904
classroom_rl/BOTH/parsed-file4004_inv14.als,classroom_rl,BOTH,39.0,0.098,1.0,0.902
classroom_rl/BOTH/parsed-file4009_inv3.als,classroom_rl,BOTH,12.0,1.0,1.0,0.0
classroom_rl/BOTH/parsed-file4013_inv11.als,classroom_rl,BOTH,10.0,0.0,1.0,1.0
classroom_rl/BOTH/parsed-file4016_inv11.als,classroom_rl,BOTH,36.0,0.0,1.0,1.0
classroom_rl/BOTH/parsed-file4016_inv4.als,classroom_rl,BOTH,12.0,0.999,1.0,0.001
classroom_rl/BOTH/parsed-file401_inv14.als,classroom_rl,BOTH,25.0,0.293,1.0,0.707
classroom_rl/BOTH/parsed-file4023_inv8.als,classroom_rl,BOTH,40.0,0.0,1.0,1.0
classroom_rl/BOTH/parsed-file4029_inv12.als,classroom_rl,BOTH,35.0,0.0,1.0,1.0
classroom_rl/BOTH/parsed-file4032_inv12.als,classroom_rl,BOTH,13.0,0.017,1.0,0.983
classroom_rl/BOTH/parsed-file4034_inv12.als,classroom_rl,BOTH,34.0,0.712,1.0,0.288
classroom_rl/BOTH/parsed-file4035_inv11.als,classroom_rl,BOTH,19.0,0.261,1.0,0.739
classroom_rl/BOTH/parsed-file4035_inv12.als,classroom_rl,BOTH,3.0,0.017,1.0,0.983
classroom_rl/BOTH/parsed-file4037_inv10.als,classroom_rl,BOTH,10.0,0.0,1.0,1.0
classroom_rl/BOTH/parsed-file4038_inv11.als,classroom_rl,BOTH,23.0,0.016,1.0,0.984
classroom_rl/BOTH/parsed-file4041_inv12.als,classroom_rl,BOTH,23.0,0.217,1.0,0.783
classroom_rl/BOTH/parsed-file4041_inv13.als,classroom_rl,BOTH,19.0,0.47,1.0,0.53
classroom_rl/BOTH/parsed-file4042_inv5.als,classroom_rl,BOTH,13.0,0.0,1.0,1.0
classroom_rl/BOTH/parsed-file4059_inv12.als,classroom_rl,BOTH,1.0,0.017,1.0,0.983
classroom_rl/BOTH/parsed-file4059_inv13.als,classroom_rl,BOTH,10.0,0.47,1.0,0.53
classroom_rl/BOTH/parsed-file4060_inv11.als,classroom_rl,BOTH,31.0,0.001,1.0,0.999
classroom_rl/BOTH/parsed-file4062_inv4.als,classroom_rl,BOTH,29.0,0.999,1.0,0.001
classroom_rl/BOTH/parsed-file4066_inv11.als,classroom_rl,BOTH,36.0,0.801,1.0,0.199
classroom_rl/BOTH/parsed-file4072_inv9.als,classroom_rl,BOTH,14.0,0.001,1.0,0.999
classroom_rl/BOTH/parsed-file4079_inv4.als,classroom_rl,BOTH,14.0,0.0,1.0,1.0
classroom_rl/BOTH/parsed-file4082_inv4.als,classroom_rl,BOTH,5.0,0.0,1.0,1.0
classroom_rl/BOTH/parsed-file408_inv14.als,classroom_rl,BOTH,40.0,0.0,1.0,1.0
classroom_rl/BOTH/parsed-file4096_inv14.als,classroom_rl,BOTH,58.0,0.381,1.0,0.619
classroom_rl/BOTH/parsed-file4100_inv9.als,classroom_rl,BOTH,6.0,0.5,1.0,0.501
classroom_rl/BOTH/parsed-file4109_inv5.als,classroom_rl,BOTH,4.0,0.999,1.0,0.001
classroom_rl/BOTH/parsed-file4116_inv11.als,classroom_rl,BOTH,19.0,0.096,1.0,0.904
classroom_rl/BOTH/parsed-file4119_inv3.als,classroom_rl,BOTH,12.0,1.0,1.0,0.0
classroom_rl/BOTH/parsed-file411_inv11.als,classroom_rl,BOTH,36.0,0.096,1.0,0.904
classroom_rl/BOTH/parsed-file4121_inv12.als,classroom_rl,BOTH,6.0,0.001,1.0,0.999
classroom_rl/BOTH/parsed-file4126_inv12.als,classroom_rl,BOTH,6.0,0.001,1.0,0.999
classroom_rl/BOTH/parsed-file4127_inv11.als,classroom_rl,BOTH,14.0,0.081,1.0,0.919
classroom_rl/BOTH/parsed-file4128_inv15.als,classroom_rl,BOTH,10.0,0.0,1.0,1.0
classroom_rl/BOTH/parsed-file4129_inv7.als,classroom_rl,BOTH,12.0,0.0,1.0,1.0
classroom_rl/BOTH/parsed-file4134_inv13.als,classroom_rl,BOTH,13.0,0.001,1.0,0.999
classroom_rl/BOTH/parsed-file4140_inv11.als,classroom_rl,BOTH,31.0,0.999,1.0,0.001
classroom_rl/BOTH/parsed-file4146_inv14.als,classroom_rl,BOTH,58.0,0.002,1.0,0.998
classroom_rl/BOTH/parsed-file4147_inv14.als,classroom_rl,BOTH,61.0,0.055,1.0,0.945
classroom_rl/BOTH/parsed-file4149_inv11.als,classroom_rl,BOTH,14.0,0.361,1.0,0.639
classroom_rl/BOTH/parsed-file4154_inv11.als,classroom_rl,BOTH,10.0,0.016,1.0,0.984
classroom_rl/BOTH/parsed-file4157_inv14.als,classroom_rl,BOTH,28.0,0.415,1.0,0.585
classroom_rl/BOTH/parsed-file4159_inv14.als,classroom_rl,BOTH,40.0,0.001,1.0,0.999
classroom_rl/BOTH/parsed-file4163_inv14.als,classroom_rl,BOTH,39.0,0.055,1.0,0.945
classroom_rl/BOTH/parsed-file4164_inv14.als,classroom_rl,BOTH,26.0,0.216,1.0,0.784
classroom_rl/BOTH/parsed-file4166_inv14.als,classroom_rl,BOTH,39.0,0.102,1.0,0.898
classroom_rl/BOTH/parsed-file4176_inv14.als,classroom_rl,BOTH,46.0,0.456,1.0,0.544
classroom_rl/BOTH/parsed-file4183_inv12.als,classroom_rl,BOTH,24.0,0.017,1.0,0.983
classroom_rl/BOTH/parsed-file418_inv11.als,classroom_rl,BOTH,14.0,0.0,1.0,1.0
classroom_rl/BOTH/parsed-file4190_inv15.als,classroom_rl,BOTH,34.0,0.001,1.0,0.999
classroom_rl/BOTH/parsed-file4193_inv14.als,classroom_rl,BOTH,28.0,0.429,1.0,0.571
classroom_rl/BOTH/parsed-file4203_inv14.als,classroom_rl,BOTH,37.0,0.008,1.0,0.992
classroom_rl/BOTH/parsed-file4208_inv12.als,classroom_rl,BOTH,18.0,0.239,1.0,0.761
classroom_rl/BOTH/parsed-file4209_inv11.als,classroom_rl,BOTH,37.0,0.001,1.0,0.999
classroom_rl/BOTH/parsed-file4212_inv11.als,classroom_rl,BOTH,37.0,0.001,1.0,0.999
classroom_rl/BOTH/parsed-file4217_inv5.als,classroom_rl,BOTH,8.0,0.298,1.0,0.702
classroom_rl/BOTH/parsed-file4218_inv11.als,classroom_rl,BOTH,30.0,0.0,1.0,1.0
classroom_rl/BOTH/parsed-file4221_inv4.als,classroom_rl,BOTH,10.0,0.0,1.0,1.0
classroom_rl/BOTH/parsed-file4222_inv8.als,classroom_rl,BOTH,41.0,0.0,1.0,1.0
classroom_rl/BOTH/parsed-file4227_inv11.als,classroom_rl,BOTH,19.0,0.0,1.0,1.0
classroom_rl/BOTH/parsed-file4231_inv14.als,classroom_rl,BOTH,46.0,0.294,1.0,0.706
classroom_rl/BOTH/parsed-file4232_inv5.als,classroom_rl,BOTH,11.0,0.999,1.0,0.001
classroom_rl/BOTH/parsed-file4233_inv11.als,classroom_rl,BOTH,36.0,0.169,1.0,0.831
classroom_rl/BOTH/parsed-file4237_inv13.als,classroom_rl,BOTH,19.0,0.47,1.0,0.53
classroom_rl/BOTH/parsed-file4239_inv11.als,classroom_rl,BOTH,31.0,0.361,1.0,0.639
classroom_rl/BOTH/parsed-file4242_inv12.als,classroom_rl,BOTH,24.0,0.017,1.0,0.983
classroom_rl/BOTH/parsed-file4246_inv12.als,classroom_rl,BOTH,9.0,0.017,1.0,0.983
classroom_rl/BOTH/parsed-file4262_inv12.als,classroom_rl,BOTH,9.0,0.953,1.0,0.047
classroom_rl/BOTH/parsed-file4264_inv11.als,classroom_rl,BOTH,37.0,0.001,1.0,0.999
classroom_rl/BOTH/parsed-file4265_inv11.als,classroom_rl,BOTH,33.0,0.099,1.0,0.901
classroom_rl/BOTH/parsed-file4266_inv12.als,classroom_rl,BOTH,24.0,0.017,1.0,0.983
classroom_rl/BOTH/parsed-file4267_inv11.als,classroom_rl,BOTH,37.0,0.016,1.0,0.984
classroom_rl/BOTH/parsed-file4269_inv5.als,classroom_rl,BOTH,19.0,0.999,1.0,0.001
classroom_rl/BOTH/parsed-file427_inv11.als,classroom_rl,BOTH,19.0,0.801,1.0,0.199
classroom_rl/BOTH/parsed-file4283_inv4.als,classroom_rl,BOTH,2.0,0.0,1.0,1.0
classroom_rl/BOTH/parsed-file4284_inv5.als,classroom_rl,BOTH,19.0,0.298,1.0,0.702
classroom_rl/BOTH/parsed-file4286_inv13.als,classroom_rl,BOTH,16.0,0.001,1.0,0.999
classroom_rl/BOTH/parsed-file4292_inv14.als,classroom_rl,BOTH,19.0,0.449,1.0,0.551
classroom_rl/BOTH/parsed-file4298_inv11.als,classroom_rl,BOTH,31.0,0.999,1.0,0.001
classroom_rl/BOTH/parsed-file4300_inv14.als,classroom_rl,BOTH,37.0,0.019,1.0,0.981
classroom_rl/BOTH/parsed-file4301_inv11.als,classroom_rl,BOTH,30.0,0.01,1.0,0.99
classroom_rl/BOTH/parsed-file4307_inv14.als,classroom_rl,BOTH,55.0,0.279,1.0,0.721
classroom_rl/BOTH/parsed-file4308_inv14.als,classroom_rl,BOTH,45.0,0.381,1.0,0.619
classroom_rl/BOTH/parsed-file430_inv11.als,classroom_rl,BOTH,31.0,0.999,1.0,0.001
classroom_rl/BOTH/parsed-file4318_inv11.als,classroom_rl,BOTH,14.0,0.081,1.0,0.919
classroom_rl/BOTH/parsed-file4319_inv15.als,classroom_rl,BOTH,31.0,0.746,1.0,0.254
classroom_rl/BOTH/parsed-file4324_inv11.als,classroom_rl,BOTH,36.0,0.688,1.0,0.312
classroom_rl/BOTH/parsed-file4328_inv14.als,classroom_rl,BOTH,54.0,0.098,1.0,0.902
classroom_rl/BOTH/parsed-file4329_inv11.als,classroom_rl,BOTH,31.0,0.801,1.0,0.199
classroom_rl/BOTH/parsed-file432_inv12.als,classroom_rl,BOTH,24.0,0.017,1.0,0.983
classroom_rl/BOTH/parsed-file4335_inv11.als,classroom_rl,BOTH,14.0,0.001,1.0,0.999
classroom_rl/BOTH/parsed-file4336_inv12.als,classroom_rl,BOTH,29.0,0.275,1.0,0.725
classroom_rl/BOTH/parsed-file4337_inv14.als,classroom_rl,BOTH,57.0,0.13,1.0,0.87
classroom_rl/BOTH/parsed-file4344_inv12.als,classroom_rl,BOTH,30.0,0.0,1.0,1.0
classroom_rl/BOTH/parsed-file434_inv12.als,classroom_rl,BOTH,23.0,0.246,1.0,0.754
classroom_rl/BOTH/parsed-file4363_inv12.als,classroom_rl,BOTH,6.0,0.001,1.0,0.999
classroom_rl/BOTH/parsed-file4364_inv11.als,classroom_rl,BOTH,27.0,0.261,1.0,0.739
classroom_rl/BOTH/parsed-file4365_inv11.als,classroom_rl,BOTH,40.0,0.454,1.0,0.546
classroom_rl/BOTH/parsed-file4370_inv5.als,classroom_rl,BOTH,19.0,0.999,1.0,0.001
classroom_rl/BOTH/parsed-file4376_inv11.als,classroom_rl,BOTH,20.0,0.081,1.0,0.919
classroom_rl/BOTH/parsed-file4381_inv11.als,classroom_rl,BOTH,37.0,0.081,1.0,0.919
classroom_rl/BOTH/parsed-file4383_inv12.als,classroom_rl,BOTH,6.0,0.001,1.0,0.999
classroom_rl/BOTH/parsed-file4388_inv11.als,classroom_rl,BOTH,24.0,0.01,1.0,0.99
classroom_rl/BOTH/parsed-file438_inv15.als,classroom_rl,BOTH,46.0,0.0,1.0,1.0
classroom_rl/BOTH/parsed-file4394_inv12.als,classroom_rl,BOTH,30.0,0.001,1.0,0.999
classroom_rl/BOTH/parsed-file4397_inv9.als,classroom_rl,BOTH,9.0,0.5,1.0,0.501
classroom_rl/BOTH/parsed-file4399_inv8.als,classroom_rl,BOTH,4.0,0.422,1.0,0.578
classroom_rl/BOTH/parsed-file43_inv13.als,classroom_rl,BOTH,20.0,0.001,1.0,1.0
classroom_rl/BOTH/parsed-file4401_inv11.als,classroom_rl,BOTH,34.0,0.0,1.0,1.0
classroom_rl/BOTH/parsed-file4401_inv15.als,classroom_rl,BOTH,29.0,0.498,1.0,0.502
classroom_rl/BOTH/parsed-file4408_inv11.als,classroom_rl,BOTH,31.0,0.001,1.0,0.999
classroom_rl/BOTH/parsed-file4410_inv9.als,classroom_rl,BOTH,13.0,0.5,1.0,0.501
classroom_rl/BOTH/parsed-file4413_inv11.als,classroom_rl,BOTH,30.0,0.119,1.0,0.881
classroom_rl/BOTH/parsed-file4425_inv14.als,classroom_rl,BOTH,27.0,0.455,1.0,0.545
classroom_rl/BOTH/parsed-file4427_inv6.als,classroom_rl,BOTH,18.0,0.298,1.0,0.702
classroom_rl/BOTH/parsed-file4434_inv11.als,classroom_rl,BOTH,32.0,0.24,1.0,0.76
classroom_rl/BOTH/parsed-file4438_inv11.als,classroom_rl,BOTH,36.0,0.316,1.0,0.684
classroom_rl/BOTH/parsed-file4441_inv7.als,classroom_rl,BOTH,19.0,0.298,1.0,0.702
classroom_rl/BOTH/parsed-file4442_inv14.als,classroom_rl,BOTH,54.0,0.381,1.0,0.619
classroom_rl/BOTH/parsed-file4443_inv11.als,classroom_rl,BOTH,14.0,0.361,1.0,0.639
classroom_rl/BOTH/parsed-file4444_inv12.als,classroom_rl,BOTH,6.0,0.712,1.0,0.288
classroom_rl/BOTH/parsed-file4454_inv12.als,classroom_rl,BOTH,6.0,0.0,1.0,1.0
classroom_rl/BOTH/parsed-file4455_inv3.als,classroom_rl,BOTH,12.0,0.0,1.0,1.0
classroom_rl/BOTH/parsed-file4471_inv14.als,classroom_rl,BOTH,30.0,0.115,1.0,0.885
classroom_rl/BOTH/parsed-file4473_inv12.als,classroom_rl,BOTH,13.0,0.017,1.0,0.983
classroom_rl/BOTH/parsed-file4474_inv11.als,classroom_rl,BOTH,14.0,0.001,1.0,0.999
classroom_rl/BOTH/parsed-file4475_inv11.als,classroom_rl,BOTH,24.0,0.261,1.0,0.739
classroom_rl/BOTH/parsed-file4476_inv11.als,classroom_rl,BOTH,22.0,0.001,1.0,0.999
classroom_rl/BOTH/parsed-file4477_inv12.als,classroom_rl,BOTH,35.0,0.121,1.0,0.879
classroom_rl/BOTH/parsed-file4492_inv14.als,classroom_rl,BOTH,38.0,0.489,1.0,0.511
classroom_rl/BOTH/parsed-file4497_inv4.als,classroom_rl,BOTH,2.0,0.0,1.0,1.0
classroom_rl/BOTH/parsed-file449_inv11.als,classroom_rl,BOTH,24.0,0.261,1.0,0.739
classroom_rl/BOTH/parsed-file4502_inv12.als,classroom_rl,BOTH,30.0,0.0,1.0,1.0
classroom_rl/BOTH/parsed-file4515_inv14.als,classroom_rl,BOTH,41.0,0.363,1.0,0.637
classroom_rl/BOTH/parsed-file4518_inv11.als,classroom_rl,BOTH,38.0,0.001,1.0,0.999
classroom_rl/BOTH/parsed-file4519_inv11.als,classroom_rl,BOTH,14.0,0.0,1.0,1.0
classroom_rl/BOTH/parsed-file4526_inv5.als,classroom_rl,BOTH,11.0,0.999,1.0,0.001
classroom_rl/BOTH/parsed-file4530_inv11.als,classroom_rl,BOTH,31.0,0.0,1.0,1.0
classroom_rl/BOTH/parsed-file4544_inv12.als,classroom_rl,BOTH,6.0,0.001,1.0,0.999
classroom_rl/BOTH/parsed-file4551_inv11.als,classroom_rl,BOTH,23.0,0.016,1.0,0.984
classroom_rl/BOTH/parsed-file4554_inv13.als,classroom_rl,BOTH,24.0,0.532,1.0,0.468
classroom_rl/BOTH/parsed-file4555_inv14.als,classroom_rl,BOTH,37.0,0.472,1.0,0.528
classroom_rl/BOTH/parsed-file455_inv14.als,classroom_rl,BOTH,49.0,0.377,1.0,0.623
classroom_rl/BOTH/parsed-file456_inv14.als,classroom_rl,BOTH,37.0,0.003,1.0,0.997
classroom_rl/BOTH/parsed-file4573_inv12.als,classroom_rl,BOTH,37.0,0.001,1.0,0.999
classroom_rl/BOTH/parsed-file4581_inv12.als,classroom_rl,BOTH,35.0,0.0,1.0,1.0
classroom_rl/BOTH/parsed-file4582_inv12.als,classroom_rl,BOTH,30.0,0.001,1.0,0.999
classroom_rl/BOTH/parsed-file4583_inv13.als,classroom_rl,BOTH,26.0,0.0,1.0,1.0
classroom_rl/BOTH/parsed-file4584_inv5.als,classroom_rl,BOTH,19.0,0.701,1.0,0.299
classroom_rl/BOTH/parsed-file4588_inv1.als,classroom_rl,BOTH,10.0,0.0,1.0,1.0
classroom_rl/BOTH/parsed-file4591_inv11.als,classroom_rl,BOTH,37.0,0.0,1.0,1.0
classroom_rl/BOTH/parsed-file4595_inv5.als,classroom_rl,BOTH,19.0,0.999,1.0,0.001
classroom_rl/BOTH/parsed-file4598_inv15.als,classroom_rl,BOTH,40.0,0.0,1.0,1.0
classroom_rl/BOTH/parsed-file4599_inv3.als,classroom_rl,BOTH,12.0,0.0,1.0,1.0
classroom_rl/BOTH/parsed-file4601_inv5.als,classroom_rl,BOTH,5.0,0.0,1.0,1.0
classroom_rl/BOTH/parsed-file4603_inv12.als,classroom_rl,BOTH,13.0,0.001,1.0,0.999
classroom_rl/BOTH/parsed-file4604_inv6.als,classroom_rl,BOTH,21.0,0.298,1.0,0.702
classroom_rl/BOTH/parsed-file4607_inv7.als,classroom_rl,BOTH,1.0,0.0,1.0,1.0
classroom_rl/BOTH/parsed-file4611_inv11.als,classroom_rl,BOTH,39.0,0.316,1.0,0.684
classroom_rl/BOTH/parsed-file4611_inv12.als,classroom_rl,BOTH,29.0,0.0,1.0,1.0
classroom_rl/BOTH/parsed-file4618_inv14.als,classroom_rl,BOTH,29.0,0.197,1.0,0.803
classroom_rl/BOTH/parsed-file4624_inv11.als,classroom_rl,BOTH,24.0,0.01,1.0,0.99
classroom_rl/BOTH/parsed-file4629_inv5.als,classroom_rl,BOTH,11.0,0.999,1.0,0.001
classroom_rl/BOTH/parsed-file4632_inv11.als,classroom_rl,BOTH,35.0,0.169,1.0,0.831
classroom_rl/BOTH/parsed-file4640_inv14.als,classroom_rl,BOTH,35.0,0.151,1.0,0.849
classroom_rl/BOTH/parsed-file4650_inv8.als,classroom_rl,BOTH,8.0,0.422,1.0,0.578
classroom_rl/BOTH/parsed-file4652_inv6.als,classroom_rl,BOTH,18.0,0.298,1.0,0.702
classroom_rl/BOTH/parsed-file4653_inv11.als,classroom_rl,BOTH,10.0,0.0,1.0,1.0
classroom_rl/BOTH/parsed-file4655_inv2.als,classroom_rl,BOTH,3.0,0.0,1.0,1.0
classroom_rl/BOTH/parsed-file4658_inv9.als,classroom_rl,BOTH,9.0,0.5,1.0,0.501
classroom_rl/BOTH/parsed-file465_inv11.als,classroom_rl,BOTH,9.0,0.261,1.0,0.739
classroom_rl/BOTH/parsed-file4664_inv14.als,classroom_rl,BOTH,38.0,0.135,1.0,0.865
classroom_rl/BOTH/parsed-file4667_inv11.als,classroom_rl,BOTH,36.0,0.107,1.0,0.893
classroom_rl/BOTH/parsed-file4668_inv15.als,classroom_rl,BOTH,54.0,0.746,1.0,0.254
classroom_rl/BOTH/parsed-file4676_inv15.als,classroom_rl,BOTH,23.0,0.745,1.0,0.255
classroom_rl/BOTH/parsed-file4677_inv11.als,classroom_rl,BOTH,39.0,0.0,1.0,1.0
classroom_rl/BOTH/parsed-file4680_inv14.als,classroom_rl,BOTH,57.0,0.102,1.0,0.898
classroom_rl/BOTH/parsed-file4687_inv4.als,classroom_rl,BOTH,14.0,0.0,1.0,1.0
classroom_rl/BOTH/parsed-file4688_inv11.als,classroom_rl,BOTH,14.0,0.361,1.0,0.639
classroom_rl/BOTH/parsed-file4691_inv14.als,classroom_rl,BOTH,45.0,0.377,1.0,0.623
classroom_rl/BOTH/parsed-file4696_inv4.als,classroom_rl,BOTH,17.0,0.0,1.0,1.0
classroom_rl/BOTH/parsed-file4697_inv11.als,classroom_rl,BOTH,37.0,0.309,1.0,0.691
classroom_rl/BOTH/parsed-file4699_inv12.als,classroom_rl,BOTH,23.0,0.217,1.0,0.783
classroom_rl/BOTH/parsed-file469_inv11.als,classroom_rl,BOTH,10.0,0.67,1.0,0.33
classroom_rl/BOTH/parsed-file46_inv15.als,classroom_rl,BOTH,26.0,0.0,1.0,1.0
classroom_rl/BOTH/parsed-file4701_inv12.als,classroom_rl,BOTH,13.0,0.017,1.0,0.983
classroom_rl/BOTH/parsed-file4702_inv14.als,classroom_rl,BOTH,57.0,0.373,1.0,0.627
classroom_rl/BOTH/parsed-file4705_inv14.als,classroom_rl,BOTH,38.0,0.176,1.0,0.824
classroom_rl/BOTH/parsed-file4709_inv11.als,classroom_rl,BOTH,24.0,0.261,1.0,0.739
classroom_rl/BOTH/parsed-file4710_inv11.als,classroom_rl,BOTH,36.0,0.801,1.0,0.199
classroom_rl/BOTH/parsed-file4718_inv8.als,classroom_rl,BOTH,26.0,0.0,1.0,1.0
classroom_rl/BOTH/parsed-file4719_inv14.als,classroom_rl,BOTH,37.0,0.032,1.0,0.968
classroom_rl/BOTH/parsed-file4724_inv12.als,classroom_rl,BOTH,24.0,0.017,1.0,0.983
classroom_rl/BOTH/parsed-file472_inv14.als,classroom_rl,BOTH,48.0,0.008,1.0,0.992
classroom_rl/BOTH/parsed-file4732_inv14.als,classroom_rl,BOTH,33.0,0.273,1.0,0.727
classroom_rl/BOTH/parsed-file474_inv11.als,classroom_rl,BOTH,20.0,0.081,1.0,0.919
classroom_rl/BOTH/parsed-file476_inv11.als,classroom_rl,BOTH,19.0,0.096,1.0,0.904
classroom_rl/BOTH/parsed-file483_inv5.als,classroom_rl,BOTH,19.0,0.999,1.0,0.001
classroom_rl/BOTH/parsed-file484_inv14.als,classroom_rl,BOTH,57.0,0.002,1.0,0.998
classroom_rl/BOTH/parsed-file495_inv12.als,classroom_rl,BOTH,38.0,0.001,1.0,0.999
classroom_rl/BOTH/parsed-file496_inv11.als,classroom_rl,BOTH,29.0,0.001,1.0,0.999
classroom_rl/BOTH/parsed-file497_inv12.als,classroom_rl,BOTH,40.0,0.017,1.0,0.983
classroom_rl/BOTH/parsed-file499_inv11.als,classroom_rl,BOTH,36.0,0.107,1.0,0.893
classroom_rl/BOTH/parsed-file504_inv7.als,classroom_rl,BOTH,1.0,0.0,1.0,1.0
classroom_rl/BOTH/parsed-file513_inv11.als,classroom_rl,BOTH,10.0,0.0,1.0,1.0
classroom_rl/BOTH/parsed-file516_inv12.als,classroom_rl,BOTH,36.0,0.166,1.0,0.834
classroom_rl/BOTH/parsed-file520_inv11.als,classroom_rl,BOTH,20.0,0.001,1.0,0.999
classroom_rl/BOTH/parsed-file522_inv6.als,classroom_rl,BOTH,26.0,0.5,1.0,0.5
classroom_rl/BOTH/parsed-file528_inv12.als,classroom_rl,BOTH,36.0,0.182,1.0,0.818
classroom_rl/BOTH/parsed-file539_inv13.als,classroom_rl,BOTH,10.0,0.0,1.0,1.0
classroom_rl/BOTH/parsed-file540_inv12.als,classroom_rl,BOTH,24.0,0.017,1.0,0.983
classroom_rl/BOTH/parsed-file545_inv14.als,classroom_rl,BOTH,37.0,0.718,1.0,0.282
classroom_rl/BOTH/parsed-file546_inv5.als,classroom_rl,BOTH,19.0,0.298,1.0,0.702
classroom_rl/BOTH/parsed-file550_inv12.als,classroom_rl,BOTH,25.0,0.024,1.0,0.976
classroom_rl/BOTH/parsed-file550_inv14.als,classroom_rl,BOTH,33.0,0.235,1.0,0.765
classroom_rl/BOTH/parsed-file551_inv13.als,classroom_rl,BOTH,10.0,0.0,1.0,1.0
classroom_rl/BOTH/parsed-file560_inv5.als,classroom_rl,BOTH,19.0,0.701,1.0,0.299
classroom_rl/BOTH/parsed-file561_inv13.als,classroom_rl,BOTH,30.0,0.001,1.0,0.999
classroom_rl/BOTH/parsed-file563_inv12.als,classroom_rl,BOTH,22.0,0.0,1.0,1.0
classroom_rl/BOTH/parsed-file574_inv11.als,classroom_rl,BOTH,27.0,0.01,1.0,0.99
classroom_rl/BOTH/parsed-file575_inv14.als,classroom_rl,BOTH,45.0,0.377,1.0,0.623
classroom_rl/BOTH/parsed-file577_inv11.als,classroom_rl,BOTH,20.0,0.081,1.0,0.919
classroom_rl/BOTH/parsed-file57_inv5.als,classroom_rl,BOTH,19.0,0.999,1.0,0.001
classroom_rl/BOTH/parsed-file589_inv13.als,classroom_rl,BOTH,7.0,0.47,1.0,0.53
classroom_rl/BOTH/parsed-file592_inv14.als,classroom_rl,BOTH,37.0,0.066,1.0,0.934
classroom_rl/BOTH/parsed-file593_inv14.als,classroom_rl,BOTH,41.0,0.12,1.0,0.88
classroom_rl/BOTH/parsed-file598_inv14.als,classroom_rl,BOTH,38.0,0.381,1.0,0.619
classroom_rl/BOTH/parsed-file602_inv6.als,classroom_rl,BOTH,21.0,0.298,1.0,0.702
classroom_rl/BOTH/parsed-file604_inv13.als,classroom_rl,BOTH,35.0,0.001,1.0,0.999
classroom_rl/BOTH/parsed-file605_inv12.als,classroom_rl,BOTH,35.0,0.0,1.0,1.0
classroom_rl/BOTH/parsed-file614_inv14.als,classroom_rl,BOTH,34.0,0.365,1.0,0.635
classroom_rl/BOTH/parsed-file617_inv12.als,classroom_rl,BOTH,24.0,0.017,1.0,0.983
classroom_rl/BOTH/parsed-file618_inv8.als,classroom_rl,BOTH,26.0,0.0,1.0,1.0
classroom_rl/BOTH/parsed-file61_inv3.als,classroom_rl,BOTH,12.0,1.0,1.0,0.0
classroom_rl/BOTH/parsed-file621_inv11.als,classroom_rl,BOTH,35.0,0.0,1.0,1.0
classroom_rl/BOTH/parsed-file623_inv14.als,classroom_rl,BOTH,41.0,0.209,1.0,0.791
classroom_rl/BOTH/parsed-file635_inv12.als,classroom_rl,BOTH,13.0,0.001,1.0,0.999
classroom_rl/BOTH/parsed-file638_inv11.als,classroom_rl,BOTH,14.0,0.001,1.0,0.999
classroom_rl/BOTH/parsed-file638_inv12.als,classroom_rl,BOTH,29.0,0.275,1.0,0.725
classroom_rl/BOTH/parsed-file641_inv5.als,classroom_rl,BOTH,18.0,0.001,1.0,0.999
classroom_rl/BOTH/parsed-file649_inv8.als,classroom_rl,BOTH,4.0,0.422,1.0,0.578
classroom_rl/BOTH/parsed-file64_inv11.als,classroom_rl,BOTH,20.0,0.081,1.0,0.919
classroom_rl/BOTH/parsed-file650_inv8.als,classroom_rl,BOTH,29.0,1.0,1.0,0.0
classroom_rl/BOTH/parsed-file653_inv15.als,classroom_rl,BOTH,15.0,1.0,1.0,0.0
classroom_rl/BOTH/parsed-file654_inv15.als,classroom_rl,BOTH,34.0,0.746,1.0,0.254
classroom_rl/BOTH/parsed-file658_inv6.als,classroom_rl,BOTH,18.0,0.298,1.0,0.702
classroom_rl/BOTH/parsed-file65_inv4.als,classroom_rl,BOTH,14.0,0.0,1.0,1.0
classroom_rl/BOTH/parsed-file666_inv13.als,classroom_rl,BOTH,24.0,0.0,1.0,1.0
classroom_rl/BOTH/parsed-file668_inv14.als,classroom_rl,BOTH,41.0,0.002,1.0,0.998
classroom_rl/BOTH/parsed-file672_inv14.als,classroom_rl,BOTH,28.0,0.492,1.0,0.508
classroom_rl/BOTH/parsed-file673_inv5.als,classroom_rl,BOTH,19.0,0.999,1.0,0.001
classroom_rl/BOTH/parsed-file677_inv14.als,classroom_rl,BOTH,38.0,0.002,1.0,0.998
classroom_rl/BOTH/parsed-file682_inv14.als,classroom_rl,BOTH,52.0,0.305,1.0,0.695
classroom_rl/BOTH/parsed-file687_inv4.als,classroom_rl,BOTH,14.0,0.0,1.0,1.0
classroom_rl/BOTH/parsed-file689_inv15.als,classroom_rl,BOTH,40.0,0.0,1.0,1.0
classroom_rl/BOTH/parsed-file692_inv12.als,classroom_rl,BOTH,18.0,0.017,1.0,0.983
classroom_rl/BOTH/parsed-file693_inv15.als,classroom_rl,BOTH,21.0,0.0,1.0,1.0
classroom_rl/BOTH/parsed-file694_inv12.als,classroom_rl,BOTH,28.0,0.177,1.0,0.823
classroom_rl/BOTH/parsed-file697_inv13.als,classroom_rl,BOTH,23.0,0.0,1.0,1.0
classroom_rl/BOTH/parsed-file698_inv11.als,classroom_rl,BOTH,29.0,0.001,1.0,0.999
classroom_rl/BOTH/parsed-file6_inv11.als,classroom_rl,BOTH,16.0,0.999,1.0,0.001
classroom_rl/BOTH/parsed-file700_inv12.als,classroom_rl,BOTH,37.0,0.165,1.0,0.835
classroom_rl/BOTH/parsed-file704_inv5.als,classroom_rl,BOTH,8.0,0.017,1.0,0.983
classroom_rl/BOTH/parsed-file708_inv12.als,classroom_rl,BOTH,16.0,0.048,1.0,0.952
classroom_rl/BOTH/parsed-file712_inv3.als,classroom_rl,BOTH,12.0,1.0,1.0,0.0
classroom_rl/BOTH/parsed-file712_inv4.als,classroom_rl,BOTH,14.0,0.0,1.0,1.0
classroom_rl/BOTH/parsed-file717_inv5.als,classroom_rl,BOTH,17.0,0.298,1.0,0.702
classroom_rl/BOTH/parsed-file71_inv9.als,classroom_rl,BOTH,15.0,0.204,1.0,0.797
classroom_rl/BOTH/parsed-file728_inv14.als,classroom_rl,BOTH,54.0,0.098,1.0,0.902
classroom_rl/BOTH/parsed-file730_inv11.als,classroom_rl,BOTH,31.0,0.361,1.0,0.639
classroom_rl/BOTH/parsed-file731_inv12.als,classroom_rl,BOTH,31.0,0.0,1.0,1.0
classroom_rl/BOTH/parsed-file734_inv4.als,classroom_rl,BOTH,12.0,0.999,1.0,0.001
classroom_rl/BOTH/parsed-file738_inv11.als,classroom_rl,BOTH,37.0,0.001,1.0,0.999
classroom_rl/BOTH/parsed-file739_inv5.als,classroom_rl,BOTH,13.0,0.999,1.0,0.001
classroom_rl/BOTH/parsed-file740_inv14.als,classroom_rl,BOTH,35.0,0.377,1.0,0.623
classroom_rl/BOTH/parsed-file74_inv11.als,classroom_rl,BOTH,30.0,0.0,1.0,1.0
classroom_rl/BOTH/parsed-file755_inv9.als,classroom_rl,BOTH,18.0,0.228,1.0,0.772
classroom_rl/BOTH/parsed-file758_inv11.als,classroom_rl,BOTH,43.0,0.0,1.0,1.0
classroom_rl/BOTH/parsed-file764_inv14.als,classroom_rl,BOTH,38.0,0.158,1.0,0.842
classroom_rl/BOTH/parsed-file770_inv12.als,classroom_rl,BOTH,21.0,0.017,1.0,0.983
classroom_rl/BOTH/parsed-file773_inv11.als,classroom_rl,BOTH,23.0,0.001,1.0,0.999
classroom_rl/BOTH/parsed-file775_inv11.als,classroom_rl,BOTH,13.0,0.113,1.0,0.887
classroom_rl/BOTH/parsed-file779_inv12.als,classroom_rl,BOTH,23.0,0.217,1.0,0.783
classroom_rl/BOTH/parsed-file781_inv5.als,classroom_rl,BOTH,19.0,0.318,1.0,0.682
classroom_rl/BOTH/parsed-file790_inv12.als,classroom_rl,BOTH,14.0,0.0,1.0,1.0
classroom_rl/BOTH/parsed-file791_inv11.als,classroom_rl,BOTH,24.0,0.008,1.0,0.992
classroom_rl/BOTH/parsed-file79_inv4.als,classroom_rl,BOTH,22.0,0.0,1.0,1.0
classroom_rl/BOTH/parsed-file800_inv12.als,classroom_rl,BOTH,6.0,0.42,1.0,0.58
classroom_rl/BOTH/parsed-file816_inv15.als,classroom_rl,BOTH,56.0,0.001,1.0,0.999
classroom_rl/BOTH/parsed-file823_inv4.als,classroom_rl,BOTH,14.0,0.0,1.0,1.0
classroom_rl/BOTH/parsed-file82_inv14.als,classroom_rl,BOTH,31.0,0.293,1.0,0.707
classroom_rl/BOTH/parsed-file830_inv5.als,classroom_rl,BOTH,25.0,0.298,1.0,0.702
classroom_rl/BOTH/parsed-file834_inv4.als,classroom_rl,BOTH,12.0,0.999,1.0,0.001
classroom_rl/BOTH/parsed-file841_inv12.als,classroom_rl,BOTH,6.0,0.001,1.0,0.999
classroom_rl/BOTH/parsed-file845_inv8.als,classroom_rl,BOTH,11.0,0.0,1.0,1.0
classroom_rl/BOTH/parsed-file847_inv11.als,classroom_rl,BOTH,36.0,0.316,1.0,0.684
classroom_rl/BOTH/parsed-file851_inv14.als,classroom_rl,BOTH,37.0,0.252,1.0,0.748
classroom_rl/BOTH/parsed-file852_inv14.als,classroom_rl,BOTH,31.0,0.245,1.0,0.755
classroom_rl/BOTH/parsed-file859_inv11.als,classroom_rl,BOTH,36.0,0.107,1.0,0.893
classroom_rl/BOTH/parsed-file85_inv12.als,classroom_rl,BOTH,25.0,0.017,1.0,0.983
classroom_rl/BOTH/parsed-file861_inv11.als,classroom_rl,BOTH,31.0,0.999,1.0,0.001
classroom_rl/BOTH/parsed-file863_inv9.als,classroom_rl,BOTH,16.0,0.163,1.0,0.837
classroom_rl/BOTH/parsed-file878_inv11.als,classroom_rl,BOTH,41.0,0.802,1.0,0.198
classroom_rl/BOTH/parsed-file881_inv4.als,classroom_rl,BOTH,9.0,0.0,1.0,1.0
classroom_rl/BOTH/parsed-file891_inv11.als,classroom_rl,BOTH,14.0,0.081,1.0,0.919
classroom_rl/BOTH/parsed-file891_inv12.als,classroom_rl,BOTH,13.0,0.182,1.0,0.818
classroom_rl/BOTH/parsed-file894_inv14.als,classroom_rl,BOTH,45.0,0.311,1.0,0.689
classroom_rl/BOTH/parsed-file899_inv11.als,classroom_rl,BOTH,23.0,0.26,1.0,0.74
classroom_rl/BOTH/parsed-file8_inv12.als,classroom_rl,BOTH,13.0,0.001,1.0,0.999
classroom_rl/BOTH/parsed-file904_inv11.als,classroom_rl,BOTH,24.0,0.261,1.0,0.739
classroom_rl/BOTH/parsed-file908_inv11.als,classroom_rl,BOTH,28.0,0.001,1.0,0.999
classroom_rl/BOTH/parsed-file911_inv12.als,classroom_rl,BOTH,35.0,0.359,1.0,0.641
classroom_rl/BOTH/parsed-file922_inv14.als,classroom_rl,BOTH,44.0,0.385,1.0,0.615
classroom_rl/BOTH/parsed-file929_inv8.als,classroom_rl,BOTH,21.0,0.0,1.0,1.0
classroom_rl/BOTH/parsed-file931_inv11.als,classroom_rl,BOTH,23.0,0.016,1.0,0.984
classroom_rl/BOTH/parsed-file932_inv11.als,classroom_rl,BOTH,36.0,0.898,1.0,0.102
classroom_rl/BOTH/parsed-file935_inv15.als,classroom_rl,BOTH,45.0,0.001,1.0,0.999
classroom_rl/BOTH/parsed-file951_inv14.als,classroom_rl,BOTH,36.0,0.297,1.0,0.703
classroom_rl/BOTH/parsed-file957_inv11.als,classroom_rl,BOTH,25.0,0.897,1.0,0.103
classroom_rl/BOTH/parsed-file958_inv11.als,classroom_rl,BOTH,38.0,0.001,1.0,0.999
classroom_rl/BOTH/parsed-file959_inv14.als,classroom_rl,BOTH,37.0,0.001,1.0,0.999
classroom_rl/BOTH/parsed-file95_inv14.als,classroom_rl,BOTH,23.0,0.659,1.0,0.341
classroom_rl/BOTH/parsed-file960_inv5.als,classroom_rl,BOTH,11.0,0.999,1.0,0.001
classroom_rl/BOTH/parsed-file962_inv11.als,classroom_rl,BOTH,37.0,0.08,1.0,0.92
classroom_rl/BOTH/parsed-file965_inv5.als,classroom_rl,BOTH,25.0,0.017,1.0,0.983
classroom_rl/BOTH/parsed-file966_inv12.als,classroom_rl,BOTH,24.0,0.017,1.0,0.983
classroom_rl/BOTH/parsed-file968_inv11.als,classroom_rl,BOTH,25.0,0.897,1.0,0.103
classroom_rl/BOTH/parsed-file972_inv11.als,classroom_rl,BOTH,31.0,0.999,1.0,0.001
classroom_rl/BOTH/parsed-file972_inv12.als,classroom_rl,BOTH,10.0,0.0,1.0,1.0
classroom_rl/BOTH/parsed-file978_inv14.als,classroom_rl,BOTH,47.0,0.077,1.0,0.923
classroom_rl/BOTH/parsed-file983_inv13.als,classroom_rl,BOTH,10.0,0.47,1.0,0.53
classroom_rl/BOTH/parsed-file986_inv15.als,classroom_rl,BOTH,30.0,0.0,1.0,1.0
classroom_rl/BOTH/parsed-file991_inv11.als,classroom_rl,BOTH,38.0,0.001,1.0,0.999
classroom_rl/BOTH/parsed-file993_inv11.als,classroom_rl,BOTH,20.0,0.081,1.0,0.919
classroom_rl/BOTH/parsed-file99_inv4.als,classroom_rl,BOTH,14.0,0.0,1.0,1.0
classroom_rl/CORRECT/parsed-file1002_inv9.als,classroom_rl,CORRECT,6.0,1.0,1.0,0.0
classroom_rl/CORRECT/parsed-file1030_inv5.als,classroom_rl,CORRECT,8.0,1.0,1.0,0.0
classroom_rl/CORRECT/parsed-file1042_inv13.als,classroom_rl,CORRECT,24.0,1.0,1.0,0.0
classroom_rl/CORRECT/parsed-file1067_inv10.als,classroom_rl,CORRECT,18.0,1.0,1.0,0.0
classroom_rl/CORRECT/parsed-file1074_inv5.als,classroom_rl,CORRECT,17.0,1.0,1.0,0.0
classroom_rl/CORRECT/parsed-file1078_inv1.als,classroom_rl,CORRECT,0.0,1.0,1.0,0.0
classroom_rl/CORRECT/parsed-file1078_inv9.als,classroom_rl,CORRECT,26.0,1.0,1.0,0.0
classroom_rl/CORRECT/parsed-file107_inv4.als,classroom_rl,CORRECT,13.0,1.0,1.0,0.0
classroom_rl/CORRECT/parsed-file1107_inv3.als,classroom_rl,CORRECT,14.0,1.0,1.0,0.0
classroom_rl/CORRECT/parsed-file1108_inv10.als,classroom_rl,CORRECT,18.0,1.0,1.0,0.0
classroom_rl/CORRECT/parsed-file1124_inv10.als,classroom_rl,CORRECT,18.0,1.0,1.0,0.0
classroom_rl/CORRECT/parsed-file1138_inv3.als,classroom_rl,CORRECT,0.0,1.0,1.0,0.0
classroom_rl/CORRECT/parsed-file1143_inv7.als,classroom_rl,CORRECT,19.0,1.0,1.0,0.0
classroom_rl/CORRECT/parsed-file1159_inv15.als,classroom_rl,CORRECT,21.0,1.0,1.0,0.0
classroom_rl/CORRECT/parsed-file1161_inv12.als,classroom_rl,CORRECT,35.0,1.0,1.0,0.0
classroom_rl/CORRECT/parsed-file1165_inv11.als,classroom_rl,CORRECT,36.0,1.0,1.0,0.0
classroom_rl/CORRECT/parsed-file1167_inv4.als,classroom_rl,CORRECT,12.0,1.0,1.0,0.0
classroom_rl/CORRECT/parsed-file1170_inv11.als,classroom_rl,CORRECT,32.0,1.0,1.0,0.0
classroom_rl/CORRECT/parsed-file1172_inv12.als,classroom_rl,CORRECT,18.0,1.0,1.0,0.0
classroom_rl/CORRECT/parsed-file1180_inv2.als,classroom_rl,CORRECT,10.0,1.0,1.0,0.0
classroom_rl/CORRECT/parsed-file1188_inv14.als,classroom_rl,CORRECT,26.0,1.0,1.0,0.0
classroom_rl/CORRECT/parsed-file1194_inv12.als,classroom_rl,CORRECT,35.0,1.0,1.0,0.0
classroom_rl/CORRECT/parsed-file1198_inv5.als,classroom_rl,CORRECT,17.0,1.0,1.0,0.0
classroom_rl/CORRECT/parsed-file1201_inv8.als,classroom_rl,CORRECT,25.0,1.0,1.0,0.0
classroom_rl/CORRECT/parsed-file1212_inv13.als,classroom_rl,CORRECT,24.0,1.0,1.0,0.0
classroom_rl/CORRECT/parsed-file1215_inv4.als,classroom_rl,CORRECT,12.0,1.0,1.0,0.0
classroom_rl/CORRECT/parsed-file1217_inv5.als,classroom_rl,CORRECT,17.0,1.0,1.0,0.0
classroom_rl/CORRECT/parsed-file1231_inv9.als,classroom_rl,CORRECT,29.0,1.0,1.0,0.0
classroom_rl/CORRECT/parsed-file1242_inv4.als,classroom_rl,CORRECT,12.0,1.0,1.0,0.0
classroom_rl/CORRECT/parsed-file1244_inv13.als,classroom_rl,CORRECT,24.0,1.0,1.0,0.0
classroom_rl/CORRECT/parsed-file1248_inv8.als,classroom_rl,CORRECT,7.0,1.0,1.0,0.0
classroom_rl/CORRECT/parsed-file1270_inv5.als,classroom_rl,CORRECT,8.0,1.0,1.0,0.0
classroom_rl/CORRECT/parsed-file1306_inv8.als,classroom_rl,CORRECT,11.0,1.0,1.0,0.0
classroom_rl/CORRECT/parsed-file130_inv13.als,classroom_rl,CORRECT,24.0,1.0,1.0,0.0
classroom_rl/CORRECT/parsed-file1316_inv9.als,classroom_rl,CORRECT,29.0,1.0,1.0,0.0
classroom_rl/CORRECT/parsed-file1337_inv14.als,classroom_rl,CORRECT,13.0,1.0,1.0,0.0
classroom_rl/CORRECT/parsed-file1343_inv7.als,classroom_rl,CORRECT,19.0,1.0,1.0,0.0
classroom_rl/CORRECT/parsed-file1355_inv13.als,classroom_rl,CORRECT,24.0,1.0,1.0,0.0
classroom_rl/CORRECT/parsed-file1355_inv9.als,classroom_rl,CORRECT,26.0,1.0,1.0,0.0
classroom_rl/CORRECT/parsed-file1358_inv12.als,classroom_rl,CORRECT,0.0,1.0,1.0,0.0
classroom_rl/CORRECT/parsed-file1369_inv6.als,classroom_rl,CORRECT,19.0,1.0,1.0,0.0
classroom_rl/CORRECT/parsed-file1369_inv9.als,classroom_rl,CORRECT,6.0,1.0,1.0,0.0
classroom_rl/CORRECT/parsed-file136_inv1.als,classroom_rl,CORRECT,10.0,1.0,1.0,0.0
classroom_rl/CORRECT/parsed-file1377_inv5.als,classroom_rl,CORRECT,8.0,1.0,1.0,0.0
classroom_rl/CORRECT/parsed-file1383_inv3.als,classroom_rl,CORRECT,18.0,1.0,1.0,0.0
classroom_rl/CORRECT/parsed-file1383_inv8.als,classroom_rl,CORRECT,25.0,1.0,1.0,0.0
classroom_rl/CORRECT/parsed-file1399_inv5.als,classroom_rl,CORRECT,17.0,1.0,1.0,0.0
classroom_rl/CORRECT/parsed-file1402_inv7.als,classroom_rl,CORRECT,19.0,1.0,1.0,0.0
classroom_rl/CORRECT/parsed-file1409_inv13.als,classroom_rl,CORRECT,13.0,1.0,1.0,0.0
classroom_rl/CORRECT/parsed-file1416_inv2.als,classroom_rl,CORRECT,10.0,1.0,1.0,0.0
classroom_rl/CORRECT/parsed-file1427_inv8.als,classroom_rl,CORRECT,25.0,1.0,1.0,0.0
classroom_rl/CORRECT/parsed-file142_inv13.als,classroom_rl,CORRECT,25.0,1.0,1.0,0.0
classroom_rl/CORRECT/parsed-file1434_inv10.als,classroom_rl,CORRECT,18.0,1.0,1.0,0.0
classroom_rl/CORRECT/parsed-file1444_inv15.als,classroom_rl,CORRECT,77.0,1.0,1.0,0.0
classroom_rl/CORRECT/parsed-file1452_inv3.als,classroom_rl,CORRECT,12.0,1.0,1.0,0.0
classroom_rl/CORRECT/parsed-file1455_inv7.als,classroom_rl,CORRECT,1.0,1.0,1.0,0.0
classroom_rl/CORRECT/parsed-file1466_inv9.als,classroom_rl,CORRECT,26.0,1.0,1.0,0.0
classroom_rl/CORRECT/parsed-file146_inv3.als,classroom_rl,CORRECT,27.0,1.0,1.0,0.0
classroom_rl/CORRECT/parsed-file1470_inv10.als,classroom_rl,CORRECT,18.0,1.0,1.0,0.0
classroom_rl/CORRECT/parsed-file1487_inv9.als,classroom_rl,CORRECT,28.0,1.0,1.0,0.0
classroom_rl/CORRECT/parsed-file1500_inv11.als,classroom_rl,CORRECT,18.0,1.0,1.0,0.0
classroom_rl/CORRECT/parsed-file1508_inv11.als,classroom_rl,CORRECT,32.0,1.0,1.0,0.0
classroom_rl/CORRECT/parsed-file1515_inv14.als,classroom_rl,CORRECT,31.0,1.0,1.0,0.0
classroom_rl/CORRECT/parsed-file1536_inv11.als,classroom_rl,CORRECT,36.0,1.0,1.0,0.0
classroom_rl/CORRECT/parsed-file1540_inv14.als,classroom_rl,CORRECT,15.0,1.0,1.0,0.0
classroom_rl/CORRECT/parsed-file1549_inv9.als,classroom_rl,CORRECT,26.0,1.0,1.0,0.0
classroom_rl/CORRECT/parsed-file1553_inv4.als,classroom_rl,CORRECT,12.0,1.0,1.0,0.0
classroom_rl/CORRECT/parsed-file1554_inv13.als,classroom_rl,CORRECT,24.0,1.0,1.0,0.0
classroom_rl/CORRECT/parsed-file1555_inv13.als,classroom_rl,CORRECT,24.0,1.0,1.0,0.0
classroom_rl/CORRECT/parsed-file1558_inv7.als,classroom_rl,CORRECT,15.0,1.0,1.0,0.0
classroom_rl/CORRECT/parsed-file1565_inv4.als,classroom_rl,CORRECT,12.0,1.0,1.0,0.0
classroom_rl/CORRECT/parsed-file1576_inv1.als,classroom_rl,CORRECT,10.0,1.0,1.0,0.0
classroom_rl/CORRECT/parsed-file1594_inv11.als,classroom_rl,CORRECT,24.0,1.0,1.0,0.0
classroom_rl/CORRECT/parsed-file1602_inv8.als,classroom_rl,CORRECT,25.0,1.0,1.0,0.0
classroom_rl/CORRECT/parsed-file160_inv5.als,classroom_rl,CORRECT,8.0,1.0,1.0,0.0
classroom_rl/CORRECT/parsed-file1612_inv11.als,classroom_rl,CORRECT,33.0,1.0,1.0,0.0
classroom_rl/CORRECT/parsed-file1613_inv14.als,classroom_rl,CORRECT,26.0,1.0,1.0,0.0
classroom_rl/CORRECT/parsed-file1614_inv10.als,classroom_rl,CORRECT,11.0,1.0,1.0,0.0
classroom_rl/CORRECT/parsed-file1643_inv12.als,classroom_rl,CORRECT,13.0,1.0,1.0,0.0
classroom_rl/CORRECT/parsed-file1663_inv5.als,classroom_rl,CORRECT,8.0,1.0,1.0,0.0
classroom_rl/CORRECT/parsed-file1667_inv5.als,classroom_rl,CORRECT,18.0,1.0,1.0,0.0
classroom_rl/CORRECT/parsed-file1694_inv11.als,classroom_rl,CORRECT,18.0,1.0,1.0,0.0
classroom_rl/CORRECT/parsed-file1702_inv9.als,classroom_rl,CORRECT,26.0,1.0,1.0,0.0
classroom_rl/CORRECT/parsed-file1703_inv3.als,classroom_rl,CORRECT,12.0,1.0,1.0,0.0
classroom_rl/CORRECT/parsed-file1718_inv7.als,classroom_rl,CORRECT,19.0,1.0,1.0,0.0
classroom_rl/CORRECT/parsed-file1720_inv2.als,classroom_rl,CORRECT,10.0,1.0,1.0,0.0
classroom_rl/CORRECT/parsed-file1724_inv3.als,classroom_rl,CORRECT,10.0,1.0,1.0,0.0
classroom_rl/CORRECT/parsed-file1741_inv6.als,classroom_rl,CORRECT,19.0,1.0,1.0,0.0
classroom_rl/CORRECT/parsed-file1742_inv11.als,classroom_rl,CORRECT,36.0,1.0,1.0,0.0
classroom_rl/CORRECT/parsed-file1750_inv8.als,classroom_rl,CORRECT,28.0,1.0,1.0,0.0
classroom_rl/CORRECT/parsed-file1770_inv11.als,classroom_rl,CORRECT,3.0,1.0,1.0,0.0
classroom_rl/CORRECT/parsed-file177_inv7.als,classroom_rl,CORRECT,19.0,1.0,1.0,0.0
classroom_rl/CORRECT/parsed-file178_inv11.als,classroom_rl,CORRECT,36.0,1.0,1.0,0.0
classroom_rl/CORRECT/parsed-file1801_inv8.als,classroom_rl,CORRECT,28.0,1.0,1.0,0.0
classroom_rl/CORRECT/parsed-file1805_inv8.als,classroom_rl,CORRECT,25.0,1.0,1.0,0.0
classroom_rl/CORRECT/parsed-file180_inv8.als,classroom_rl,CORRECT,27.0,1.0,1.0,0.0
classroom_rl/CORRECT/parsed-file1812_inv2.als,classroom_rl,CORRECT,10.0,1.0,1.0,0.0
classroom_rl/CORRECT/parsed-file1820_inv2.als,classroom_rl,CORRECT,10.0,1.0,1.0,0.0
classroom_rl/CORRECT/parsed-file1827_inv5.als,classroom_rl,CORRECT,17.0,1.0,1.0,0.0
classroom_rl/CORRECT/parsed-file1847_inv4.als,classroom_rl,CORRECT,12.0,1.0,1.0,0.0
classroom_rl/CORRECT/parsed-file186_inv3.als,classroom_rl,CORRECT,12.0,1.0,1.0,0.0
classroom_rl/CORRECT/parsed-file1875_inv12.als,classroom_rl,CORRECT,13.0,1.0,1.0,0.0
classroom_rl/CORRECT/parsed-file189_inv7.als,classroom_rl,CORRECT,19.0,1.0,1.0,0.0
classroom_rl/CORRECT/parsed-file1900_inv7.als,classroom_rl,CORRECT,19.0,1.0,1.0,0.0
classroom_rl/CORRECT/parsed-file1908_inv6.als,classroom_rl,CORRECT,19.0,1.0,1.0,0.0
classroom_rl/CORRECT/parsed-file1910_inv8.als,classroom_rl,CORRECT,4.0,1.0,1.0,0.0
classroom_rl/CORRECT/parsed-file1916_inv10.als,classroom_rl,CORRECT,11.0,1.0,1.0,0.0
classroom_rl/CORRECT/parsed-file1927_inv7.als,classroom_rl,CORRECT,15.0,1.0,1.0,0.0
classroom_rl/CORRECT/parsed-file1929_inv9.als,classroom_rl,CORRECT,29.0,1.0,1.0,0.0
classroom_rl/CORRECT/parsed-file192_inv3.als,classroom_rl,CORRECT,12.0,1.0,1.0,0.0
classroom_rl/CORRECT/parsed-file192_inv4.als,classroom_rl,CORRECT,12.0,1.0,1.0,0.0
classroom_rl/CORRECT/parsed-file1931_inv11.als,classroom_rl,CORRECT,36.0,1.0,1.0,0.0
classroom_rl/CORRECT/parsed-file1937_inv9.als,classroom_rl,CORRECT,26.0,1.0,1.0,0.0
classroom_rl/CORRECT/parsed-file1938_inv5.als,classroom_rl,CORRECT,17.0,1.0,1.0,0.0
classroom_rl/CORRECT/parsed-file1978_inv10.als,classroom_rl,CORRECT,11.0,1.0,1.0,0.0
classroom_rl/CORRECT/parsed-file1989_inv5.als,classroom_rl,CORRECT,20.0,1.0,1.0,0.0
classroom_rl/CORRECT/parsed-file1993_inv6.als,classroom_rl,CORRECT,19.0,1.0,1.0,0.0
classroom_rl/CORRECT/parsed-file1994_inv12.als,classroom_rl,CORRECT,35.0,1.0,1.0,0.0
classroom_rl/CORRECT/parsed-file1996_inv8.als,classroom_rl,CORRECT,4.0,1.0,1.0,0.0
classroom_rl/CORRECT/parsed-file1997_inv1.als,classroom_rl,CORRECT,10.0,1.0,1.0,0.0
classroom_rl/CORRECT/parsed-file199_inv7.als,classroom_rl,CORRECT,19.0,1.0,1.0,0.0
classroom_rl/CORRECT/parsed-file2020_inv13.als,classroom_rl,CORRECT,24.0,1.0,1.0,0.0
classroom_rl/CORRECT/parsed-file2029_inv11.als,classroom_rl,CORRECT,36.0,1.0,1.0,0.0
classroom_rl/CORRECT/parsed-file2031_inv11.als,classroom_rl,CORRECT,36.0,1.0,1.0,0.0
classroom_rl/CORRECT/parsed-file203_inv10.als,classroom_rl,CORRECT,18.0,1.0,1.0,0.0
classroom_rl/CORRECT/parsed-file205_inv13.als,classroom_rl,CORRECT,24.0,1.0,1.0,0.0
classroom_rl/CORRECT/parsed-file2103_inv4.als,classroom_rl,CORRECT,12.0,1.0,1.0,0.0
classroom_rl/CORRECT/parsed-file2107_inv10.als,classroom_rl,CORRECT,18.0,1.0,1.0,0.0
classroom_rl/CORRECT/parsed-file2107_inv5.als,classroom_rl,CORRECT,8.0,1.0,1.0,0.0
classroom_rl/CORRECT/parsed-file2115_inv6.als,classroom_rl,CORRECT,19.0,1.0,1.0,0.0
classroom_rl/CORRECT/parsed-file2134_inv10.als,classroom_rl,CORRECT,19.0,1.0,1.0,0.0
classroom_rl/CORRECT/parsed-file2135_inv9.als,classroom_rl,CORRECT,6.0,1.0,1.0,0.0
classroom_rl/CORRECT/parsed-file2140_inv9.als,classroom_rl,CORRECT,28.0,1.0,1.0,0.0
classroom_rl/CORRECT/parsed-file2142_inv15.als,classroom_rl,CORRECT,21.0,1.0,1.0,0.0
classroom_rl/CORRECT/parsed-file2154_inv7.als,classroom_rl,CORRECT,19.0,1.0,1.0,0.0
classroom_rl/CORRECT/parsed-file2203_inv6.als,classroom_rl,CORRECT,12.0,1.0,1.0,0.0
classroom_rl/CORRECT/parsed-file2207_inv12.als,classroom_rl,CORRECT,35.0,1.0,1.0,0.0
classroom_rl/CORRECT/parsed-file220_inv1.als,classroom_rl,CORRECT,10.0,1.0,1.0,0.0
classroom_rl/CORRECT/parsed-file2235_inv8.als,classroom_rl,CORRECT,0.0,1.0,1.0,0.0
classroom_rl/CORRECT/parsed-file223_inv1.als,classroom_rl,CORRECT,10.0,1.0,1.0,0.0
classroom_rl/CORRECT/parsed-file2241_inv2.als,classroom_rl,CORRECT,0.0,1.0,1.0,0.0
classroom_rl/CORRECT/parsed-file2251_inv8.als,classroom_rl,CORRECT,25.0,1.0,1.0,0.0
classroom_rl/CORRECT/parsed-file2273_inv7.als,classroom_rl,CORRECT,19.0,1.0,1.0,0.0
classroom_rl/CORRECT/parsed-file227_inv13.als,classroom_rl,CORRECT,13.0,1.0,1.0,0.0
classroom_rl/CORRECT/parsed-file227_inv9.als,classroom_rl,CORRECT,12.0,1.0,1.0,0.0
classroom_rl/CORRECT/parsed-file2281_inv7.als,classroom_rl,CORRECT,19.0,1.0,1.0,0.0
classroom_rl/CORRECT/parsed-file2285_inv12.als,classroom_rl,CORRECT,35.0,1.0,1.0,0.0
classroom_rl/CORRECT/parsed-file228_inv1.als,classroom_rl,CORRECT,5.0,1.0,1.0,0.0
classroom_rl/CORRECT/parsed-file2295_inv9.als,classroom_rl,CORRECT,3.0,1.0,1.0,0.0
classroom_rl/CORRECT/parsed-file2304_inv6.als,classroom_rl,CORRECT,23.0,1.0,1.0,0.0
classroom_rl/CORRECT/parsed-file2307_inv9.als,classroom_rl,CORRECT,26.0,1.0,1.0,0.0
classroom_rl/CORRECT/parsed-file2311_inv9.als,classroom_rl,CORRECT,26.0,1.0,1.0,0.0
classroom_rl/CORRECT/parsed-file2313_inv1.als,classroom_rl,CORRECT,10.0,1.0,1.0,0.0
classroom_rl/CORRECT/parsed-file2314_inv12.als,classroom_rl,CORRECT,35.0,1.0,1.0,0.0
classroom_rl/CORRECT/parsed-file2320_inv7.als,classroom_rl,CORRECT,19.0,1.0,1.0,0.0
classroom_rl/CORRECT/parsed-file2325_inv8.als,classroom_rl,CORRECT,25.0,1.0,1.0,0.0
classroom_rl/CORRECT/parsed-file2335_inv10.als,classroom_rl,CORRECT,0.0,1.0,1.0,0.0
classroom_rl/CORRECT/parsed-file2351_inv3.als,classroom_rl,CORRECT,22.0,1.0,1.0,0.0
classroom_rl/CORRECT/parsed-file2357_inv11.als,classroom_rl,CORRECT,10.0,1.0,1.0,0.0
classroom_rl/CORRECT/parsed-file2372_inv8.als,classroom_rl,CORRECT,19.0,1.0,1.0,0.0
classroom_rl/CORRECT/parsed-file2373_inv10.als,classroom_rl,CORRECT,23.0,1.0,1.0,0.0
classroom_rl/CORRECT/parsed-file2373_inv5.als,classroom_rl,CORRECT,17.0,1.0,1.0,0.0
classroom_rl/CORRECT/parsed-file2377_inv11.als,classroom_rl,CORRECT,36.0,1.0,1.0,0.0
classroom_rl/CORRECT/parsed-file23_inv11.als,classroom_rl,CORRECT,40.0,1.0,1.0,0.0
classroom_rl/CORRECT/parsed-file2407_inv5.als,classroom_rl,CORRECT,17.0,1.0,1.0,0.0
classroom_rl/CORRECT/parsed-file240_inv1.als,classroom_rl,CORRECT,10.0,1.0,1.0,0.0
classroom_rl/CORRECT/parsed-file2419_inv12.als,classroom_rl,CORRECT,35.0,1.0,1.0,0.0
classroom_rl/CORRECT/parsed-file2420_inv10.als,classroom_rl,CORRECT,11.0,1.0,1.0,0.0
classroom_rl/CORRECT/parsed-file2422_inv9.als,classroom_rl,CORRECT,29.0,1.0,1.0,0.0
classroom_rl/CORRECT/parsed-file2440_inv3.als,classroom_rl,CORRECT,12.0,1.0,1.0,0.0
classroom_rl/CORRECT/parsed-file2447_inv3.als,classroom_rl,CORRECT,18.0,1.0,1.0,0.0
classroom_rl/CORRECT/parsed-file2459_inv10.als,classroom_rl,CORRECT,18.0,1.0,1.0,0.0
classroom_rl/CORRECT/parsed-file245_inv9.als,classroom_rl,CORRECT,26.0,1.0,1.0,0.0
classroom_rl/CORRECT/parsed-file2465_inv8.als,classroom_rl,CORRECT,25.0,1.0,1.0,0.0
classroom_rl/CORRECT/parsed-file2477_inv14.als,classroom_rl,CORRECT,26.0,1.0,1.0,0.0
classroom_rl/CORRECT/parsed-file2486_inv13.als,classroom_rl,CORRECT,24.0,1.0,1.0,0.0
classroom_rl/CORRECT/parsed-file2490_inv1.als,classroom_rl,CORRECT,0.0,1.0,1.0,0.0
classroom_rl/CORRECT/parsed-file2490_inv3.als,classroom_rl,CORRECT,0.0,1.0,1.0,0.0
classroom_rl/CORRECT/parsed-file2492_inv10.als,classroom_rl,CORRECT,18.0,1.0,1.0,0.0
classroom_rl/CORRECT/parsed-file2494_inv3.als,classroom_rl,CORRECT,12.0,1.0,1.0,0.0
classroom_rl/CORRECT/parsed-file2516_inv13.als,classroom_rl,CORRECT,6.0,1.0,1.0,0.0
classroom_rl/CORRECT/parsed-file2533_inv3.als,classroom_rl,CORRECT,20.0,1.0,1.0,0.0
classroom_rl/CORRECT/parsed-file2552_inv14.als,classroom_rl,CORRECT,28.0,1.0,1.0,0.0
classroom_rl/CORRECT/parsed-file2555_inv14.als,classroom_rl,CORRECT,26.0,1.0,1.0,0.0
classroom_rl/CORRECT/parsed-file2558_inv6.als,classroom_rl,CORRECT,19.0,1.0,1.0,0.0
classroom_rl/CORRECT/parsed-file255_inv14.als,classroom_rl,CORRECT,28.0,1.0,1.0,0.0
classroom_rl/CORRECT/parsed-file2568_inv2.als,classroom_rl,CORRECT,10.0,1.0,1.0,0.0
classroom_rl/CORRECT/parsed-file2569_inv2.als,classroom_rl,CORRECT,0.0,1.0,1.0,0.0
classroom_rl/CORRECT/parsed-file2576_inv4.als,classroom_rl,CORRECT,8.0,1.0,1.0,0.0
classroom_rl/CORRECT/parsed-file257_inv6.als,classroom_rl,CORRECT,19.0,1.0,1.0,0.0
classroom_rl/CORRECT/parsed-file2589_inv9.als,classroom_rl,CORRECT,26.0,1.0,1.0,0.0
classroom_rl/CORRECT/parsed-file2599_inv3.als,classroom_rl,CORRECT,12.0,1.0,1.0,0.0
classroom_rl/CORRECT/parsed-file2600_inv9.als,classroom_rl,CORRECT,9.0,1.0,1.0,0.0
classroom_rl/CORRECT/parsed-file2605_inv6.als,classroom_rl,CORRECT,13.0,1.0,1.0,0.0
classroom_rl/CORRECT/parsed-file2605_inv7.als,classroom_rl,CORRECT,12.0,1.0,1.0,0.0
classroom_rl/CORRECT/parsed-file2605_inv8.als,classroom_rl,CORRECT,7.0,1.0,1.0,0.0
classroom_rl/CORRECT/parsed-file260_inv14.als,classroom_rl,CORRECT,28.0,1.0,1.0,0.0
classroom_rl/CORRECT/parsed-file2610_inv7.als,classroom_rl,CORRECT,19.0,1.0,1.0,0.0
classroom_rl/CORRECT/parsed-file2612_inv8.als,classroom_rl,CORRECT,4.0,1.0,1.0,0.0
classroom_rl/CORRECT/parsed-file2613_inv10.als,classroom_rl,CORRECT,11.0,1.0,1.0,0.0
classroom_rl/CORRECT/parsed-file2613_inv13.als,classroom_rl,CORRECT,24.0,1.0,1.0,0.0
classroom_rl/CORRECT/parsed-file2619_inv10.als,classroom_rl,CORRECT,18.0,1.0,1.0,0.0
classroom_rl/CORRECT/parsed-file2631_inv5.als,classroom_rl,CORRECT,17.0,1.0,1.0,0.0
classroom_rl/CORRECT/parsed-file2644_inv4.als,classroom_rl,CORRECT,1.0,1.0,1.0,0.0
classroom_rl/CORRECT/parsed-file2645_inv1.als,classroom_rl,CORRECT,1.0,1.0,1.0,0.0
classroom_rl/CORRECT/parsed-file2654_inv3.als,classroom_rl,CORRECT,9.0,1.0,1.0,0.0
classroom_rl/CORRECT/parsed-file2666_inv5.als,classroom_rl,CORRECT,17.0,1.0,1.0,0.0
classroom_rl/CORRECT/parsed-file2670_inv14.als,classroom_rl,CORRECT,31.0,1.0,1.0,0.0
classroom_rl/CORRECT/parsed-file2688_inv9.als,classroom_rl,CORRECT,12.0,1.0,1.0,0.0
classroom_rl/CORRECT/parsed-file2699_inv14.als,classroom_rl,CORRECT,15.0,1.0,1.0,0.0
classroom_rl/CORRECT/parsed-file2707_inv9.als,classroom_rl,CORRECT,26.0,1.0,1.0,0.0
classroom_rl/CORRECT/parsed-file2718_inv5.als,classroom_rl,CORRECT,17.0,1.0,1.0,0.0
classroom_rl/CORRECT/parsed-file271_inv5.als,classroom_rl,CORRECT,18.0,1.0,1.0,0.0
classroom_rl/CORRECT/parsed-file2721_inv5.als,classroom_rl,CORRECT,18.0,1.0,1.0,0.0
classroom_rl/CORRECT/parsed-file2727_inv10.als,classroom_rl,CORRECT,18.0,1.0,1.0,0.0
classroom_rl/CORRECT/parsed-file2745_inv4.als,classroom_rl,CORRECT,0.0,1.0,1.0,0.0
classroom_rl/CORRECT/parsed-file274_inv9.als,classroom_rl,CORRECT,0.0,1.0,1.0,0.0
classroom_rl/CORRECT/parsed-file2755_inv4.als,classroom_rl,CORRECT,22.0,1.0,1.0,0.0
classroom_rl/CORRECT/parsed-file2758_inv13.als,classroom_rl,CORRECT,24.0,1.0,1.0,0.0
classroom_rl/CORRECT/parsed-file2763_inv8.als,classroom_rl,CORRECT,0.0,1.0,1.0,0.0
classroom_rl/CORRECT/parsed-file276_inv5.als,classroom_rl,CORRECT,20.0,1.0,1.0,0.0
classroom_rl/CORRECT/parsed-file2774_inv9.als,classroom_rl,CORRECT,29.0,1.0,1.0,0.0
classroom_rl/CORRECT/parsed-file2778_inv2.als,classroom_rl,CORRECT,6.0,1.0,1.0,0.0
classroom_rl/CORRECT/parsed-file2778_inv3.als,classroom_rl,CORRECT,0.0,1.0,1.0,0.0
classroom_rl/CORRECT/parsed-file2779_inv3.als,classroom_rl,CORRECT,24.0,1.0,1.0,0.0
classroom_rl/CORRECT/parsed-file2791_inv9.als,classroom_rl,CORRECT,6.0,1.0,1.0,0.0
classroom_rl/CORRECT/parsed-file279_inv11.als,classroom_rl,CORRECT,33.0,1.0,1.0,0.0
classroom_rl/CORRECT/parsed-file279_inv3.als,classroom_rl,CORRECT,12.0,1.0,1.0,0.0
classroom_rl/CORRECT/parsed-file2810_inv6.als,classroom_rl,CORRECT,0.0,1.0,1.0,0.0
classroom_rl/CORRECT/parsed-file2814_inv11.als,classroom_rl,CORRECT,10.0,1.0,1.0,0.0
classroom_rl/CORRECT/parsed-file2826_inv1.als,classroom_rl,CORRECT,10.0,1.0,1.0,0.0
classroom_rl/CORRECT/parsed-file2842_inv5.als,classroom_rl,CORRECT,17.0,1.0,1.0,0.0
classroom_rl/CORRECT/parsed-file2851_inv2.als,classroom_rl,CORRECT,10.0,1.0,1.0,0.0
classroom_rl/CORRECT/parsed-file2852_inv12.als,classroom_rl,CORRECT,35.0,1.0,1.0,0.0
classroom_rl/CORRECT/parsed-file2853_inv8.als,classroom_rl,CORRECT,11.0,1.0,1.0,0.0
classroom_rl/CORRECT/parsed-file2860_inv13.als,classroom_rl,CORRECT,24.0,1.0,1.0,0.0
classroom_rl/CORRECT/parsed-file2867_inv3.als,classroom_rl,CORRECT,12.0,1.0,1.0,0.0
classroom_rl/CORRECT/parsed-file2868_inv11.als,classroom_rl,CORRECT,36.0,1.0,1.0,0.0
classroom_rl/CORRECT/parsed-file2869_inv14.als,classroom_rl,CORRECT,39.0,1.0,1.0,0.0
classroom_rl/CORRECT/parsed-file2873_inv6.als,classroom_rl,CORRECT,3.0,1.0,1.0,0.0
classroom_rl/CORRECT/parsed-file2877_inv9.als,classroom_rl,CORRECT,26.0,1.0,1.0,0.0
classroom_rl/CORRECT/parsed-file2879_inv4.als,classroom_rl,CORRECT,12.0,1.0,1.0,0.0
classroom_rl/CORRECT/parsed-file2879_inv5.als,classroom_rl,CORRECT,8.0,1.0,1.0,0.0
classroom_rl/CORRECT/parsed-file287_inv15.als,classroom_rl,CORRECT,58.0,1.0,1.0,0.0
classroom_rl/CORRECT/parsed-file2900_inv13.als,classroom_rl,CORRECT,24.0,1.0,1.0,0.0
classroom_rl/CORRECT/parsed-file2920_inv7.als,classroom_rl,CORRECT,26.0,1.0,1.0,0.0
classroom_rl/CORRECT/parsed-file294_inv6.als,classroom_rl,CORRECT,3.0,1.0,1.0,0.0
classroom_rl/CORRECT/parsed-file2950_inv10.als,classroom_rl,CORRECT,18.0,1.0,1.0,0.0
classroom_rl/CORRECT/parsed-file2961_inv4.als,classroom_rl,CORRECT,12.0,1.0,1.0,0.0
classroom_rl/CORRECT/parsed-file2967_inv10.als,classroom_rl,CORRECT,18.0,1.0,1.0,0.0
classroom_rl/CORRECT/parsed-file2973_inv3.als,classroom_rl,CORRECT,12.0,1.0,1.0,0.0
classroom_rl/CORRECT/parsed-file2985_inv11.als,classroom_rl,CORRECT,32.0,1.0,1.0,0.0
classroom_rl/CORRECT/parsed-file2985_inv14.als,classroom_rl,CORRECT,8.0,1.0,1.0,0.0
classroom_rl/CORRECT/parsed-file2998_inv14.als,classroom_rl,CORRECT,26.0,1.0,1.0,0.0
classroom_rl/CORRECT/parsed-file2999_inv3.als,classroom_rl,CORRECT,12.0,1.0,1.0,0.0
classroom_rl/CORRECT/parsed-file29_inv5.als,classroom_rl,CORRECT,8.0,1.0,1.0,0.0
classroom_rl/CORRECT/parsed-file3004_inv9.als,classroom_rl,CORRECT,26.0,1.0,1.0,0.0
classroom_rl/CORRECT/parsed-file3013_inv8.als,classroom_rl,CORRECT,27.0,1.0,1.0,0.0
classroom_rl/CORRECT/parsed-file3019_inv8.als,classroom_rl,CORRECT,25.0,1.0,1.0,0.0
classroom_rl/CORRECT/parsed-file3033_inv3.als,classroom_rl,CORRECT,0.0,1.0,1.0,0.0
classroom_rl/CORRECT/parsed-file3047_inv9.als,classroom_rl,CORRECT,12.0,1.0,1.0,0.0
classroom_rl/CORRECT/parsed-file3051_inv4.als,classroom_rl,CORRECT,12.0,1.0,1.0,0.0
classroom_rl/CORRECT/parsed-file3052_inv10.als,classroom_rl,CORRECT,18.0,1.0,1.0,0.0
classroom_rl/CORRECT/parsed-file3052_inv7.als,classroom_rl,CORRECT,19.0,1.0,1.0,0.0
classroom_rl/CORRECT/parsed-file3052_inv9.als,classroom_rl,CORRECT,26.0,1.0,1.0,0.0
classroom_rl/CORRECT/parsed-file3056_inv10.als,classroom_rl,CORRECT,18.0,1.0,1.0,0.0
classroom_rl/CORRECT/parsed-file3087_inv14.als,classroom_rl,CORRECT,26.0,1.0,1.0,0.0
classroom_rl/CORRECT/parsed-file3102_inv3.als,classroom_rl,CORRECT,12.0,1.0,1.0,0.0
classroom_rl/CORRECT/parsed-file3103_inv10.als,classroom_rl,CORRECT,18.0,1.0,1.0,0.0
classroom_rl/CORRECT/parsed-file3105_inv3.als,classroom_rl,CORRECT,0.0,1.0,1.0,0.0
classroom_rl/CORRECT/parsed-file3119_inv2.als,classroom_rl,CORRECT,10.0,1.0,1.0,0.0
classroom_rl/CORRECT/parsed-file3138_inv6.als,classroom_rl,CORRECT,19.0,1.0,1.0,0.0
classroom_rl/CORRECT/parsed-file3159_inv11.als,classroom_rl,CORRECT,36.0,1.0,1.0,0.0
classroom_rl/CORRECT/parsed-file3160_inv7.als,classroom_rl,CORRECT,19.0,1.0,1.0,0.0
classroom_rl/CORRECT/parsed-file3173_inv13.als,classroom_rl,CORRECT,24.0,1.0,1.0,0.0
classroom_rl/CORRECT/parsed-file3173_inv9.als,classroom_rl,CORRECT,26.0,1.0,1.0,0.0
classroom_rl/CORRECT/parsed-file3177_inv11.als,classroom_rl,CORRECT,36.0,1.0,1.0,0.0
classroom_rl/CORRECT/parsed-file3185_inv9.als,classroom_rl,CORRECT,26.0,1.0,1.0,0.0
classroom_rl/CORRECT/parsed-file3206_inv14.als,classroom_rl,CORRECT,28.0,1.0,1.0,0.0
classroom_rl/CORRECT/parsed-file3207_inv5.als,classroom_rl,CORRECT,17.0,1.0,1.0,0.0
classroom_rl/CORRECT/parsed-file3208_inv7.als,classroom_rl,CORRECT,19.0,1.0,1.0,0.0
classroom_rl/CORRECT/parsed-file3210_inv10.als,classroom_rl,CORRECT,18.0,1.0,1.0,0.0
classroom_rl/CORRECT/parsed-file3235_inv15.als,classroom_rl,CORRECT,21.0,1.0,1.0,0.0
classroom_rl/CORRECT/parsed-file3241_inv5.als,classroom_rl,CORRECT,0.0,1.0,1.0,0.0
classroom_rl/CORRECT/parsed-file3241_inv6.als,classroom_rl,CORRECT,12.0,1.0,1.0,0.0
classroom_rl/CORRECT/parsed-file3257_inv10.als,classroom_rl,CORRECT,18.0,1.0,1.0,0.0
classroom_rl/CORRECT/parsed-file3272_inv6.als,classroom_rl,CORRECT,19.0,1.0,1.0,0.0
classroom_rl/CORRECT/parsed-file3279_inv6.als,classroom_rl,CORRECT,19.0,1.0,1.0,0.0
classroom_rl/CORRECT/parsed-file3284_inv10.als,classroom_rl,CORRECT,11.0,1.0,1.0,0.0
classroom_rl/CORRECT/parsed-file3293_inv11.als,classroom_rl,CORRECT,36.0,1.0,1.0,0.0
classroom_rl/CORRECT/parsed-file3297_inv14.als,classroom_rl,CORRECT,28.0,1.0,1.0,0.0
classroom_rl/CORRECT/parsed-file329_inv4.als,classroom_rl,CORRECT,1.0,1.0,1.0,0.0
classroom_rl/CORRECT/parsed-file32_inv2.als,classroom_rl,CORRECT,0.0,1.0,1.0,0.0
classroom_rl/CORRECT/parsed-file3305_inv13.als,classroom_rl,CORRECT,6.0,1.0,1.0,0.0
classroom_rl/CORRECT/parsed-file3330_inv12.als,classroom_rl,CORRECT,35.0,1.0,1.0,0.0
classroom_rl/CORRECT/parsed-file3347_inv14.als,classroom_rl,CORRECT,28.0,1.0,1.0,0.0
classroom_rl/CORRECT/parsed-file3356_inv2.als,classroom_rl,CORRECT,10.0,1.0,1.0,0.0
classroom_rl/CORRECT/parsed-file3386_inv4.als,classroom_rl,CORRECT,0.0,1.0,1.0,0.0
classroom_rl/CORRECT/parsed-file3401_inv8.als,classroom_rl,CORRECT,14.0,1.0,1.0,0.0
classroom_rl/CORRECT/parsed-file3402_inv8.als,classroom_rl,CORRECT,11.0,1.0,1.0,0.0
classroom_rl/CORRECT/parsed-file3403_inv8.als,classroom_rl,CORRECT,24.0,1.0,1.0,0.0
classroom_rl/CORRECT/parsed-file3420_inv4.als,classroom_rl,CORRECT,12.0,1.0,1.0,0.0
classroom_rl/CORRECT/parsed-file3425_inv10.als,classroom_rl,CORRECT,18.0,1.0,1.0,0.0
classroom_rl/CORRECT/parsed-file3428_inv6.als,classroom_rl,CORRECT,12.0,1.0,1.0,0.0
classroom_rl/CORRECT/parsed-file3456_inv1.als,classroom_rl,CORRECT,10.0,1.0,1.0,0.0
classroom_rl/CORRECT/parsed-file3463_inv10.als,classroom_rl,CORRECT,18.0,1.0,1.0,0.0
classroom_rl/CORRECT/parsed-file3466_inv3.als,classroom_rl,CORRECT,12.0,1.0,1.0,0.0
classroom_rl/CORRECT/parsed-file3467_inv8.als,classroom_rl,CORRECT,11.0,1.0,1.0,0.0
classroom_rl/CORRECT/parsed-file3481_inv9.als,classroom_rl,CORRECT,29.0,1.0,1.0,0.0
classroom_rl/CORRECT/parsed-file3484_inv14.als,classroom_rl,CORRECT,33.0,1.0,1.0,0.0
classroom_rl/CORRECT/parsed-file348_inv12.als,classroom_rl,CORRECT,35.0,1.0,1.0,0.0
classroom_rl/CORRECT/parsed-file348_inv14.als,classroom_rl,CORRECT,15.0,1.0,1.0,0.0
classroom_rl/CORRECT/parsed-file348_inv4.als,classroom_rl,CORRECT,13.0,1.0,1.0,0.0
classroom_rl/CORRECT/parsed-file3495_inv6.als,classroom_rl,CORRECT,19.0,1.0,1.0,0.0
classroom_rl/CORRECT/parsed-file3496_inv10.als,classroom_rl,CORRECT,11.0,1.0,1.0,0.0
classroom_rl/CORRECT/parsed-file349_inv11.als,classroom_rl,CORRECT,19.0,1.0,1.0,0.0
classroom_rl/CORRECT/parsed-file3508_inv14.als,classroom_rl,CORRECT,26.0,1.0,1.0,0.0
classroom_rl/CORRECT/parsed-file3515_inv10.als,classroom_rl,CORRECT,0.0,1.0,1.0,0.0
classroom_rl/CORRECT/parsed-file3515_inv8.als,classroom_rl,CORRECT,0.0,1.0,1.0,0.0
classroom_rl/CORRECT/parsed-file3516_inv8.als,classroom_rl,CORRECT,25.0,1.0,1.0,0.0
classroom_rl/CORRECT/parsed-file3520_inv10.als,classroom_rl,CORRECT,18.0,1.0,1.0,0.0
classroom_rl/CORRECT/parsed-file3521_inv4.als,classroom_rl,CORRECT,0.0,1.0,1.0,0.0
classroom_rl/CORRECT/parsed-file3523_inv9.als,classroom_rl,CORRECT,26.0,1.0,1.0,0.0
classroom_rl/CORRECT/parsed-file353_inv8.als,classroom_rl,CORRECT,0.0,1.0,1.0,0.0
classroom_rl/CORRECT/parsed-file3551_inv6.als,classroom_rl,CORRECT,19.0,1.0,1.0,0.0
classroom_rl/CORRECT/parsed-file3551_inv7.als,classroom_rl,CORRECT,19.0,1.0,1.0,0.0
classroom_rl/CORRECT/parsed-file3567_inv3.als,classroom_rl,CORRECT,12.0,1.0,1.0,0.0
classroom_rl/CORRECT/parsed-file3568_inv7.als,classroom_rl,CORRECT,19.0,1.0,1.0,0.0
classroom_rl/CORRECT/parsed-file3578_inv14.als,classroom_rl,CORRECT,31.0,1.0,1.0,0.0
classroom_rl/CORRECT/parsed-file3580_inv13.als,classroom_rl,CORRECT,24.0,1.0,1.0,0.0
classroom_rl/CORRECT/parsed-file359_inv10.als,classroom_rl,CORRECT,18.0,1.0,1.0,0.0
classroom_rl/CORRECT/parsed-file359_inv9.als,classroom_rl,CORRECT,29.0,1.0,1.0,0.0
classroom_rl/CORRECT/parsed-file3602_inv12.als,classroom_rl,CORRECT,13.0,1.0,1.0,0.0
classroom_rl/CORRECT/parsed-file3604_inv2.als,classroom_rl,CORRECT,10.0,1.0,1.0,0.0
classroom_rl/CORRECT/parsed-file3622_inv9.als,classroom_rl,CORRECT,6.0,1.0,1.0,0.0
classroom_rl/CORRECT/parsed-file3627_inv4.als,classroom_rl,CORRECT,0.0,1.0,1.0,0.0
classroom_rl/CORRECT/parsed-file3630_inv6.als,classroom_rl,CORRECT,3.0,1.0,1.0,0.0
classroom_rl/CORRECT/parsed-file3636_inv5.als,classroom_rl,CORRECT,18.0,1.0,1.0,0.0
classroom_rl/CORRECT/parsed-file3650_inv11.als,classroom_rl,CORRECT,32.0,1.0,1.0,0.0
classroom_rl/CORRECT/parsed-file3655_inv5.als,classroom_rl,CORRECT,17.0,1.0,1.0,0.0
classroom_rl/CORRECT/parsed-file3659_inv8.als,classroom_rl,CORRECT,4.0,1.0,1.0,0.0
classroom_rl/CORRECT/parsed-file3660_inv7.als,classroom_rl,CORRECT,20.0,1.0,1.0,0.0
classroom_rl/CORRECT/parsed-file3670_inv5.als,classroom_rl,CORRECT,0.0,1.0,1.0,0.0
classroom_rl/CORRECT/parsed-file3672_inv4.als,classroom_rl,CORRECT,12.0,1.0,1.0,0.0
classroom_rl/CORRECT/parsed-file3679_inv9.als,classroom_rl,CORRECT,6.0,1.0,1.0,0.0
classroom_rl/CORRECT/parsed-file368_inv11.als,classroom_rl,CORRECT,36.0,1.0,1.0,0.0
classroom_rl/CORRECT/parsed-file368_inv9.als,classroom_rl,CORRECT,26.0,1.0,1.0,0.0
classroom_rl/CORRECT/parsed-file369_inv8.als,classroom_rl,CORRECT,25.0,1.0,1.0,0.0
classroom_rl/CORRECT/parsed-file3700_inv14.als,classroom_rl,CORRECT,21.0,1.0,1.0,0.0
classroom_rl/CORRECT/parsed-file3703_inv8.als,classroom_rl,CORRECT,24.0,1.0,1.0,0.0
classroom_rl/CORRECT/parsed-file3706_inv5.als,classroom_rl,CORRECT,17.0,1.0,1.0,0.0
classroom_rl/CORRECT/parsed-file3727_inv8.als,classroom_rl,CORRECT,11.0,1.0,1.0,0.0
classroom_rl/CORRECT/parsed-file3737_inv10.als,classroom_rl,CORRECT,18.0,1.0,1.0,0.0
classroom_rl/CORRECT/parsed-file3753_inv1.als,classroom_rl,CORRECT,10.0,1.0,1.0,0.0
classroom_rl/CORRECT/parsed-file3753_inv2.als,classroom_rl,CORRECT,10.0,1.0,1.0,0.0
classroom_rl/CORRECT/parsed-file3766_inv13.als,classroom_rl,CORRECT,24.0,1.0,1.0,0.0
classroom_rl/CORRECT/parsed-file3783_inv5.als,classroom_rl,CORRECT,17.0,1.0,1.0,0.0
classroom_rl/CORRECT/parsed-file3786_inv8.als,classroom_rl,CORRECT,14.0,1.0,1.0,0.0
classroom_rl/CORRECT/parsed-file3786_inv9.als,classroom_rl,CORRECT,16.0,1.0,1.0,0.0
classroom_rl/CORRECT/parsed-file378_inv12.als,classroom_rl,CORRECT,35.0,1.0,1.0,0.0
classroom_rl/CORRECT/parsed-file3792_inv9.als,classroom_rl,CORRECT,28.0,1.0,1.0,0.0
classroom_rl/CORRECT/parsed-file379_inv9.als,classroom_rl,CORRECT,29.0,1.0,1.0,0.0
classroom_rl/CORRECT/parsed-file3805_inv6.als,classroom_rl,CORRECT,19.0,1.0,1.0,0.0
classroom_rl/CORRECT/parsed-file3815_inv6.als,classroom_rl,CORRECT,12.0,1.0,1.0,0.0
classroom_rl/CORRECT/parsed-file381_inv9.als,classroom_rl,CORRECT,11.0,1.0,1.0,0.0
classroom_rl/CORRECT/parsed-file3841_inv8.als,classroom_rl,CORRECT,25.0,1.0,1.0,0.0
classroom_rl/CORRECT/parsed-file3844_inv8.als,classroom_rl,CORRECT,0.0,1.0,1.0,0.0
classroom_rl/CORRECT/parsed-file3886_inv11.als,classroom_rl,CORRECT,36.0,1.0,1.0,0.0
classroom_rl/CORRECT/parsed-file3887_inv8.als,classroom_rl,CORRECT,25.0,1.0,1.0,0.0
classroom_rl/CORRECT/parsed-file389_inv4.als,classroom_rl,CORRECT,12.0,1.0,1.0,0.0
classroom_rl/CORRECT/parsed-file389_inv6.als,classroom_rl,CORRECT,19.0,1.0,1.0,0.0
classroom_rl/CORRECT/parsed-file3923_inv10.als,classroom_rl,CORRECT,0.0,1.0,1.0,0.0
classroom_rl/CORRECT/parsed-file3925_inv12.als,classroom_rl,CORRECT,0.0,1.0,1.0,0.0
classroom_rl/CORRECT/parsed-file3927_inv13.als,classroom_rl,CORRECT,24.0,1.0,1.0,0.0
classroom_rl/CORRECT/parsed-file3929_inv9.als,classroom_rl,CORRECT,28.0,1.0,1.0,0.0
classroom_rl/CORRECT/parsed-file3940_inv8.als,classroom_rl,CORRECT,14.0,1.0,1.0,0.0
classroom_rl/CORRECT/parsed-file3948_inv9.als,classroom_rl,CORRECT,6.0,1.0,1.0,0.0
classroom_rl/CORRECT/parsed-file3952_inv9.als,classroom_rl,CORRECT,12.0,1.0,1.0,0.0
classroom_rl/CORRECT/parsed-file3963_inv6.als,classroom_rl,CORRECT,19.0,1.0,1.0,0.0
classroom_rl/CORRECT/parsed-file3968_inv4.als,classroom_rl,CORRECT,1.0,1.0,1.0,0.0
classroom_rl/CORRECT/parsed-file396_inv1.als,classroom_rl,CORRECT,10.0,1.0,1.0,0.0
classroom_rl/CORRECT/parsed-file3993_inv2.als,classroom_rl,CORRECT,10.0,1.0,1.0,0.0
classroom_rl/CORRECT/parsed-file3993_inv7.als,classroom_rl,CORRECT,12.0,1.0,1.0,0.0
classroom_rl/CORRECT/parsed-file4013_inv14.als,classroom_rl,CORRECT,0.0,1.0,1.0,0.0
classroom_rl/CORRECT/parsed-file4021_inv10.als,classroom_rl,CORRECT,19.0,1.0,1.0,0.0
classroom_rl/CORRECT/parsed-file4044_inv9.als,classroom_rl,CORRECT,29.0,1.0,1.0,0.0
classroom_rl/CORRECT/parsed-file4046_inv8.als,classroom_rl,CORRECT,25.0,1.0,1.0,0.0
classroom_rl/CORRECT/parsed-file4057_inv3.als,classroom_rl,CORRECT,8.0,1.0,1.0,0.0
classroom_rl/CORRECT/parsed-file4059_inv1.als,classroom_rl,CORRECT,0.0,1.0,1.0,0.0
classroom_rl/CORRECT/parsed-file4070_inv13.als,classroom_rl,CORRECT,24.0,1.0,1.0,0.0
classroom_rl/CORRECT/parsed-file4077_inv9.als,classroom_rl,CORRECT,26.0,1.0,1.0,0.0
classroom_rl/CORRECT/parsed-file4079_inv13.als,classroom_rl,CORRECT,24.0,1.0,1.0,0.0
classroom_rl/CORRECT/parsed-file4079_inv8.als,classroom_rl,CORRECT,4.0,1.0,1.0,0.0
classroom_rl/CORRECT/parsed-file407_inv5.als,classroom_rl,CORRECT,12.0,1.0,1.0,0.0
classroom_rl/CORRECT/parsed-file4098_inv3.als,classroom_rl,CORRECT,10.0,1.0,1.0,0.0
classroom_rl/CORRECT/parsed-file4101_inv5.als,classroom_rl,CORRECT,17.0,1.0,1.0,0.0
classroom_rl/CORRECT/parsed-file4115_inv13.als,classroom_rl,CORRECT,24.0,1.0,1.0,0.0
classroom_rl/CORRECT/parsed-file4120_inv7.als,classroom_rl,CORRECT,19.0,1.0,1.0,0.0
classroom_rl/CORRECT/parsed-file4134_inv11.als,classroom_rl,CORRECT,32.0,1.0,1.0,0.0
classroom_rl/CORRECT/parsed-file4139_inv3.als,classroom_rl,CORRECT,10.0,1.0,1.0,0.0
classroom_rl/CORRECT/parsed-file413_inv10.als,classroom_rl,CORRECT,11.0,1.0,1.0,0.0
classroom_rl/CORRECT/parsed-file4147_inv12.als,classroom_rl,CORRECT,0.0,1.0,1.0,0.0
classroom_rl/CORRECT/parsed-file4148_inv10.als,classroom_rl,CORRECT,11.0,1.0,1.0,0.0
classroom_rl/CORRECT/parsed-file4148_inv3.als,classroom_rl,CORRECT,8.0,1.0,1.0,0.0
classroom_rl/CORRECT/parsed-file4157_inv13.als,classroom_rl,CORRECT,24.0,1.0,1.0,0.0
classroom_rl/CORRECT/parsed-file4161_inv10.als,classroom_rl,CORRECT,18.0,1.0,1.0,0.0
classroom_rl/CORRECT/parsed-file4161_inv8.als,classroom_rl,CORRECT,25.0,1.0,1.0,0.0
classroom_rl/CORRECT/parsed-file417_inv5.als,classroom_rl,CORRECT,17.0,1.0,1.0,0.0
classroom_rl/CORRECT/parsed-file4186_inv8.als,classroom_rl,CORRECT,4.0,1.0,1.0,0.0
classroom_rl/CORRECT/parsed-file4204_inv4.als,classroom_rl,CORRECT,12.0,1.0,1.0,0.0
classroom_rl/CORRECT/parsed-file420_inv7.als,classroom_rl,CORRECT,19.0,1.0,1.0,0.0
classroom_rl/CORRECT/parsed-file4215_inv10.als,classroom_rl,CORRECT,11.0,1.0,1.0,0.0
classroom_rl/CORRECT/parsed-file4218_inv5.als,classroom_rl,CORRECT,8.0,1.0,1.0,0.0
classroom_rl/CORRECT/parsed-file4235_inv4.als,classroom_rl,CORRECT,6.0,1.0,1.0,0.0
classroom_rl/CORRECT/parsed-file4241_inv6.als,classroom_rl,CORRECT,19.0,1.0,1.0,0.0
classroom_rl/CORRECT/parsed-file4248_inv13.als,classroom_rl,CORRECT,24.0,1.0,1.0,0.0
classroom_rl/CORRECT/parsed-file4250_inv10.als,classroom_rl,CORRECT,8.0,1.0,1.0,0.0
classroom_rl/CORRECT/parsed-file4250_inv6.als,classroom_rl,CORRECT,0.0,1.0,1.0,0.0
classroom_rl/CORRECT/parsed-file426_inv12.als,classroom_rl,CORRECT,0.0,1.0,1.0,0.0
classroom_rl/CORRECT/parsed-file4270_inv10.als,classroom_rl,CORRECT,18.0,1.0,1.0,0.0
classroom_rl/CORRECT/parsed-file4271_inv1.als,classroom_rl,CORRECT,10.0,1.0,1.0,0.0
classroom_rl/CORRECT/parsed-file4282_inv14.als,classroom_rl,CORRECT,28.0,1.0,1.0,0.0
classroom_rl/CORRECT/parsed-file4291_inv13.als,classroom_rl,CORRECT,24.0,1.0,1.0,0.0
classroom_rl/CORRECT/parsed-file4292_inv13.als,classroom_rl,CORRECT,24.0,1.0,1.0,0.0
classroom_rl/CORRECT/parsed-file4296_inv4.als,classroom_rl,CORRECT,12.0,1.0,1.0,0.0
classroom_rl/CORRECT/parsed-file4320_inv3.als,classroom_rl,CORRECT,16.0,1.0,1.0,0.0
classroom_rl/CORRECT/parsed-file4330_inv8.als,classroom_rl,CORRECT,25.0,1.0,1.0,0.0
classroom_rl/CORRECT/parsed-file4333_inv8.als,classroom_rl,CORRECT,4.0,1.0,1.0,0.0
classroom_rl/CORRECT/parsed-file4338_inv3.als,classroom_rl,CORRECT,22.0,1.0,1.0,0.0
classroom_rl/CORRECT/parsed-file4346_inv3.als,classroom_rl,CORRECT,12.0,1.0,1.0,0.0
classroom_rl/CORRECT/parsed-file4351_inv12.als,classroom_rl,CORRECT,35.0,1.0,1.0,0.0
classroom_rl/CORRECT/parsed-file4360_inv9.als,classroom_rl,CORRECT,6.0,1.0,1.0,0.0
classroom_rl/CORRECT/parsed-file4395_inv9.als,classroom_rl,CORRECT,28.0,1.0,1.0,0.0
classroom_rl/CORRECT/parsed-file4398_inv4.als,classroom_rl,CORRECT,0.0,1.0,1.0,0.0
classroom_rl/CORRECT/parsed-file4399_inv6.als,classroom_rl,CORRECT,19.0,1.0,1.0,0.0
classroom_rl/CORRECT/parsed-file4418_inv4.als,classroom_rl,CORRECT,12.0,1.0,1.0,0.0
classroom_rl/CORRECT/parsed-file4424_inv9.als,classroom_rl,CORRECT,16.0,1.0,1.0,0.0
classroom_rl/CORRECT/parsed-file4428_inv1.als,classroom_rl,CORRECT,10.0,1.0,1.0,0.0
classroom_rl/CORRECT/parsed-file4445_inv5.als,classroom_rl,CORRECT,17.0,1.0,1.0,0.0
classroom_rl/CORRECT/parsed-file4446_inv4.als,classroom_rl,CORRECT,19.0,1.0,1.0,0.0
classroom_rl/CORRECT/parsed-file4446_inv8.als,classroom_rl,CORRECT,4.0,1.0,1.0,0.0
classroom_rl/CORRECT/parsed-file4453_inv10.als,classroom_rl,CORRECT,18.0,1.0,1.0,0.0
classroom_rl/CORRECT/parsed-file4461_inv3.als,classroom_rl,CORRECT,9.0,1.0,1.0,0.0
classroom_rl/CORRECT/parsed-file4468_inv9.als,classroom_rl,CORRECT,26.0,1.0,1.0,0.0
classroom_rl/CORRECT/parsed-file4478_inv7.als,classroom_rl,CORRECT,0.0,1.0,1.0,0.0
classroom_rl/CORRECT/parsed-file44_inv9.als,classroom_rl,CORRECT,6.0,1.0,1.0,0.0
classroom_rl/CORRECT/parsed-file4508_inv6.als,classroom_rl,CORRECT,19.0,1.0,1.0,0.0
classroom_rl/CORRECT/parsed-file4512_inv5.als,classroom_rl,CORRECT,8.0,1.0,1.0,0.0
classroom_rl/CORRECT/parsed-file4519_inv3.als,classroom_rl,CORRECT,12.0,1.0,1.0,0.0
classroom_rl/CORRECT/parsed-file4539_inv5.als,classroom_rl,CORRECT,17.0,1.0,1.0,0.0
classroom_rl/CORRECT/parsed-file4543_inv14.als,classroom_rl,CORRECT,28.0,1.0,1.0,0.0
classroom_rl/CORRECT/parsed-file4545_inv8.als,classroom_rl,CORRECT,14.0,1.0,1.0,0.0
classroom_rl/CORRECT/parsed-file4549_inv14.als,classroom_rl,CORRECT,26.0,1.0,1.0,0.0
classroom_rl/CORRECT/parsed-file4571_inv3.als,classroom_rl,CORRECT,0.0,1.0,1.0,0.0
classroom_rl/CORRECT/parsed-file4584_inv3.als,classroom_rl,CORRECT,23.0,1.0,1.0,0.0
classroom_rl/CORRECT/parsed-file4586_inv4.als,classroom_rl,CORRECT,1.0,1.0,1.0,0.0
classroom_rl/CORRECT/parsed-file459_inv3.als,classroom_rl,CORRECT,0.0,1.0,1.0,0.0
classroom_rl/CORRECT/parsed-file4600_inv9.als,classroom_rl,CORRECT,28.0,1.0,1.0,0.0
classroom_rl/CORRECT/parsed-file4620_inv6.als,classroom_rl,CORRECT,19.0,1.0,1.0,0.0
classroom_rl/CORRECT/parsed-file4622_inv10.als,classroom_rl,CORRECT,0.0,1.0,1.0,0.0
classroom_rl/CORRECT/parsed-file4625_inv8.als,classroom_rl,CORRECT,25.0,1.0,1.0,0.0
classroom_rl/CORRECT/parsed-file4625_inv9.als,classroom_rl,CORRECT,26.0,1.0,1.0,0.0
classroom_rl/CORRECT/parsed-file4639_inv7.als,classroom_rl,CORRECT,0.0,1.0,1.0,0.0
classroom_rl/CORRECT/parsed-file4643_inv12.als,classroom_rl,CORRECT,13.0,1.0,1.0,0.0
classroom_rl/CORRECT/parsed-file4649_inv8.als,classroom_rl,CORRECT,25.0,1.0,1.0,0.0
classroom_rl/CORRECT/parsed-file4650_inv7.als,classroom_rl,CORRECT,19.0,1.0,1.0,0.0
classroom_rl/CORRECT/parsed-file4656_inv5.als,classroom_rl,CORRECT,8.0,1.0,1.0,0.0
classroom_rl/CORRECT/parsed-file469_inv4.als,classroom_rl,CORRECT,12.0,1.0,1.0,0.0
classroom_rl/CORRECT/parsed-file46_inv13.als,classroom_rl,CORRECT,24.0,1.0,1.0,0.0
classroom_rl/CORRECT/parsed-file4707_inv7.als,classroom_rl,CORRECT,19.0,1.0,1.0,0.0
classroom_rl/CORRECT/parsed-file4708_inv9.als,classroom_rl,CORRECT,13.0,1.0,1.0,0.0
classroom_rl/CORRECT/parsed-file4724_inv10.als,classroom_rl,CORRECT,18.0,1.0,1.0,0.0
classroom_rl/CORRECT/parsed-file4724_inv4.als,classroom_rl,CORRECT,12.0,1.0,1.0,0.0
classroom_rl/CORRECT/parsed-file493_inv8.als,classroom_rl,CORRECT,0.0,1.0,1.0,0.0
classroom_rl/CORRECT/parsed-file502_inv5.als,classroom_rl,CORRECT,8.0,1.0,1.0,0.0
classroom_rl/CORRECT/parsed-file521_inv10.als,classroom_rl,CORRECT,11.0,1.0,1.0,0.0
classroom_rl/CORRECT/parsed-file521_inv6.als,classroom_rl,CORRECT,19.0,1.0,1.0,0.0
classroom_rl/CORRECT/parsed-file531_inv13.als,classroom_rl,CORRECT,24.0,1.0,1.0,0.0
classroom_rl/CORRECT/parsed-file536_inv8.als,classroom_rl,CORRECT,4.0,1.0,1.0,0.0
classroom_rl/CORRECT/parsed-file540_inv6.als,classroom_rl,CORRECT,19.0,1.0,1.0,0.0
classroom_rl/CORRECT/parsed-file54_inv3.als,classroom_rl,CORRECT,22.0,1.0,1.0,0.0
classroom_rl/CORRECT/parsed-file552_inv4.als,classroom_rl,CORRECT,12.0,1.0,1.0,0.0
classroom_rl/CORRECT/parsed-file587_inv3.als,classroom_rl,CORRECT,12.0,1.0,1.0,0.0
classroom_rl/CORRECT/parsed-file58_inv15.als,classroom_rl,CORRECT,21.0,1.0,1.0,0.0
classroom_rl/CORRECT/parsed-file594_inv13.als,classroom_rl,CORRECT,25.0,1.0,1.0,0.0
classroom_rl/CORRECT/parsed-file598_inv11.als,classroom_rl,CORRECT,33.0,1.0,1.0,0.0
classroom_rl/CORRECT/parsed-file598_inv3.als,classroom_rl,CORRECT,18.0,1.0,1.0,0.0
classroom_rl/CORRECT/parsed-file605_inv9.als,classroom_rl,CORRECT,28.0,1.0,1.0,0.0
classroom_rl/CORRECT/parsed-file606_inv4.als,classroom_rl,CORRECT,12.0,1.0,1.0,0.0
classroom_rl/CORRECT/parsed-file607_inv14.als,classroom_rl,CORRECT,28.0,1.0,1.0,0.0
classroom_rl/CORRECT/parsed-file617_inv3.als,classroom_rl,CORRECT,27.0,1.0,1.0,0.0
classroom_rl/CORRECT/parsed-file626_inv9.als,classroom_rl,CORRECT,26.0,1.0,1.0,0.0
classroom_rl/CORRECT/parsed-file629_inv4.als,classroom_rl,CORRECT,12.0,1.0,1.0,0.0
classroom_rl/CORRECT/parsed-file632_inv9.als,classroom_rl,CORRECT,29.0,1.0,1.0,0.0
classroom_rl/CORRECT/parsed-file63_inv3.als,classroom_rl,CORRECT,12.0,1.0,1.0,0.0
classroom_rl/CORRECT/parsed-file661_inv4.als,classroom_rl,CORRECT,19.0,1.0,1.0,0.0
classroom_rl/CORRECT/parsed-file662_inv4.als,classroom_rl,CORRECT,1.0,1.0,1.0,0.0
classroom_rl/CORRECT/parsed-file664_inv5.als,classroom_rl,CORRECT,17.0,1.0,1.0,0.0
classroom_rl/CORRECT/parsed-file681_inv9.als,classroom_rl,CORRECT,28.0,1.0,1.0,0.0
classroom_rl/CORRECT/parsed-file688_inv8.als,classroom_rl,CORRECT,25.0,1.0,1.0,0.0
classroom_rl/CORRECT/parsed-file698_inv6.als,classroom_rl,CORRECT,3.0,1.0,1.0,0.0
classroom_rl/CORRECT/parsed-file699_inv6.als,classroom_rl,CORRECT,19.0,1.0,1.0,0.0
classroom_rl/CORRECT/parsed-file701_inv9.als,classroom_rl,CORRECT,9.0,1.0,1.0,0.0
classroom_rl/CORRECT/parsed-file703_inv5.als,classroom_rl,CORRECT,8.0,1.0,1.0,0.0
classroom_rl/CORRECT/parsed-file723_inv4.als,classroom_rl,CORRECT,12.0,1.0,1.0,0.0
classroom_rl/CORRECT/parsed-file731_inv7.als,classroom_rl,CORRECT,19.0,1.0,1.0,0.0
classroom_rl/CORRECT/parsed-file739_inv3.als,classroom_rl,CORRECT,0.0,1.0,1.0,0.0
classroom_rl/CORRECT/parsed-file766_inv13.als,classroom_rl,CORRECT,6.0,1.0,1.0,0.0
classroom_rl/CORRECT/parsed-file776_inv11.als,classroom_rl,CORRECT,36.0,1.0,1.0,0.0
classroom_rl/CORRECT/parsed-file777_inv2.als,classroom_rl,CORRECT,10.0,1.0,1.0,0.0
classroom_rl/CORRECT/parsed-file777_inv3.als,classroom_rl,CORRECT,12.0,1.0,1.0,0.0
classroom_rl/CORRECT/parsed-file802_inv6.als,classroom_rl,CORRECT,19.0,1.0,1.0,0.0
classroom_rl/CORRECT/parsed-file822_inv14.als,classroom_rl,CORRECT,21.0,1.0,1.0,0.0
classroom_rl/CORRECT/parsed-file827_inv7.als,classroom_rl,CORRECT,19.0,1.0,1.0,0.0
classroom_rl/CORRECT/parsed-file847_inv10.als,classroom_rl,CORRECT,18.0,1.0,1.0,0.0
classroom_rl/CORRECT/parsed-file847_inv13.als,classroom_rl,CORRECT,25.0,1.0,1.0,0.0
classroom_rl/CORRECT/parsed-file853_inv10.als,classroom_rl,CORRECT,18.0,1.0,1.0,0.0
classroom_rl/CORRECT/parsed-file853_inv3.als,classroom_rl,CORRECT,22.0,1.0,1.0,0.0
classroom_rl/CORRECT/parsed-file898_inv1.als,classroom_rl,CORRECT,10.0,1.0,1.0,0.0
classroom_rl/CORRECT/parsed-file90_inv2.als,classroom_rl,CORRECT,10.0,1.0,1.0,0.0
classroom_rl/CORRECT/parsed-file921_inv11.als,classroom_rl,CORRECT,19.0,1.0,1.0,0.0
classroom_rl/CORRECT/parsed-file922_inv12.als,classroom_rl,CORRECT,35.0,1.0,1.0,0.0
classroom_rl/CORRECT/parsed-file925_inv4.als,classroom_rl,CORRECT,13.0,1.0,1.0,0.0
classroom_rl/CORRECT/parsed-file933_inv14.als,classroom_rl,CORRECT,28.0,1.0,1.0,0.0
classroom_rl/CORRECT/parsed-file935_inv12.als,classroom_rl,CORRECT,13.0,1.0,1.0,0.0
classroom_rl/CORRECT/parsed-file940_inv11.als,classroom_rl,CORRECT,24.0,1.0,1.0,0.0
classroom_rl/CORRECT/parsed-file956_inv7.als,classroom_rl,CORRECT,19.0,1.0,1.0,0.0
classroom_rl/CORRECT/parsed-file963_inv2.als,classroom_rl,CORRECT,0.0,1.0,1.0,0.0
classroom_rl/CORRECT/parsed-file970_inv11.als,classroom_rl,CORRECT,36.0,1.0,1.0,0.0
classroom_rl/CORRECT/parsed-file971_inv5.als,classroom_rl,CORRECT,0.0,1.0,1.0,0.0
classroom_rl/CORRECT/parsed-file974_inv9.als,classroom_rl,CORRECT,26.0,1.0,1.0,0.0
classroom_rl/CORRECT/parsed-file987_inv12.als,classroom_rl,CORRECT,13.0,1.0,1.0,0.0
classroom_rl/CORRECT/parsed-file996_inv13.als,classroom_rl,CORRECT,27.0,1.0,1.0,0.0
classroom_rl/CORRECT/parsed-file997_inv1.als,classroom_rl,CORRECT,10.0,1.0,1.0,0.0
classroom_rl/CORRECT/parsed-file998_inv6.als,classroom_rl,CORRECT,19.0,1.0,1.0,0.0
classroom_rl/CORRECT/parsed-file9_inv3.als,classroom_rl,CORRECT,0.0,1.0,1.0,0.0
classroom_rl/OVERCONSTRAINED/parsed-file1001_inv9.als,classroom_rl,OVERCONSTRAINED,5.0,1.0,1.0,0.0
classroom_rl/OVERCONSTRAINED/parsed-file1006_inv3.als,classroom_rl,OVERCONSTRAINED,22.0,1.0,1.0,0.0
classroom_rl/OVERCONSTRAINED/parsed-file1023_inv9.als,classroom_rl,OVERCONSTRAINED,13.0,0.0,1.0,1.0
classroom_rl/OVERCONSTRAINED/parsed-file1030_inv7.als,classroom_rl,OVERCONSTRAINED,19.0,0.0,1.0,1.0
classroom_rl/OVERCONSTRAINED/parsed-file1051_inv6.als,classroom_rl,OVERCONSTRAINED,13.0,0.0,1.0,1.0
classroom_rl/OVERCONSTRAINED/parsed-file105_inv12.als,classroom_rl,OVERCONSTRAINED,13.0,0.953,1.0,0.047
classroom_rl/OVERCONSTRAINED/parsed-file1091_inv5.als,classroom_rl,OVERCONSTRAINED,10.0,0.0,1.0,1.0
classroom_rl/OVERCONSTRAINED/parsed-file1093_inv12.als,classroom_rl,OVERCONSTRAINED,29.0,0.953,1.0,0.047
classroom_rl/OVERCONSTRAINED/parsed-file1116_inv6.als,classroom_rl,OVERCONSTRAINED,2.0,0.0,1.0,1.0
classroom_rl/OVERCONSTRAINED/parsed-file1121_inv9.als,classroom_rl,OVERCONSTRAINED,12.0,0.228,1.0,0.772
classroom_rl/OVERCONSTRAINED/parsed-file1151_inv11.als,classroom_rl,OVERCONSTRAINED,35.0,1.0,1.0,0.0
classroom_rl/OVERCONSTRAINED/parsed-file1152_inv11.als,classroom_rl,OVERCONSTRAINED,14.0,0.65,1.0,0.35
classroom_rl/OVERCONSTRAINED/parsed-file1155_inv14.als,classroom_rl,OVERCONSTRAINED,52.0,0.0,1.0,1.0
classroom_rl/OVERCONSTRAINED/parsed-file115_inv5.als,classroom_rl,OVERCONSTRAINED,10.0,0.0,1.0,1.0
classroom_rl/OVERCONSTRAINED/parsed-file1186_inv13.als,classroom_rl,OVERCONSTRAINED,11.0,0.0,1.0,1.0
classroom_rl/OVERCONSTRAINED/parsed-file1205_inv12.als,classroom_rl,OVERCONSTRAINED,36.0,0.853,1.0,0.147
classroom_rl/OVERCONSTRAINED/parsed-file1237_inv10.als,classroom_rl,OVERCONSTRAINED,11.0,0.0,1.0,1.0
classroom_rl/OVERCONSTRAINED/parsed-file1238_inv7.als,classroom_rl,OVERCONSTRAINED,3.0,1.0,1.0,0.0
classroom_rl/OVERCONSTRAINED/parsed-file1249_inv7.als,classroom_rl,OVERCONSTRAINED,19.0,0.999,1.0,0.001
classroom_rl/OVERCONSTRAINED/parsed-file1279_inv9.als,classroom_rl,OVERCONSTRAINED,12.0,0.228,1.0,0.772
classroom_rl/OVERCONSTRAINED/parsed-file1282_inv11.als,classroom_rl,OVERCONSTRAINED,23.0,1.0,1.0,0.0
classroom_rl/OVERCONSTRAINED/parsed-file134_inv12.als,classroom_rl,OVERCONSTRAINED,13.0,0.853,1.0,0.147
classroom_rl/OVERCONSTRAINED/parsed-file1376_inv7.als,classroom_rl,OVERCONSTRAINED,19.0,0.0,1.0,1.0
classroom_rl/OVERCONSTRAINED/parsed-file1398_inv11.als,classroom_rl,OVERCONSTRAINED,10.0,0.0,1.0,1.0
classroom_rl/OVERCONSTRAINED/parsed-file1404_inv15.als,classroom_rl,OVERCONSTRAINED,36.0,0.0,1.0,1.0
classroom_rl/OVERCONSTRAINED/parsed-file1439_inv11.als,classroom_rl,OVERCONSTRAINED,7.0,0.0,1.0,1.0
classroom_rl/OVERCONSTRAINED/parsed-file1448_inv3.als,classroom_rl,OVERCONSTRAINED,21.0,1.0,1.0,0.0
classroom_rl/OVERCONSTRAINED/parsed-file1464_inv4.als,classroom_rl,OVERCONSTRAINED,14.0,0.0,1.0,1.0
classroom_rl/OVERCONSTRAINED/parsed-file1519_inv11.als,classroom_rl,OVERCONSTRAINED,14.0,1.0,1.0,0.0
classroom_rl/OVERCONSTRAINED/parsed-file1526_inv2.als,classroom_rl,OVERCONSTRAINED,10.0,0.0,1.0,1.0
classroom_rl/OVERCONSTRAINED/parsed-file1664_inv10.als,classroom_rl,OVERCONSTRAINED,8.0,0.0,1.0,1.0
classroom_rl/OVERCONSTRAINED/parsed-file1700_inv9.als,classroom_rl,OVERCONSTRAINED,5.0,1.0,1.0,0.0
classroom_rl/OVERCONSTRAINED/parsed-file170_inv11.als,classroom_rl,OVERCONSTRAINED,36.0,1.0,1.0,0.0
classroom_rl/OVERCONSTRAINED/parsed-file1745_inv4.als,classroom_rl,OVERCONSTRAINED,12.0,1.0,1.0,0.0
classroom_rl/OVERCONSTRAINED/parsed-file1757_inv7.als,classroom_rl,OVERCONSTRAINED,19.0,0.0,1.0,1.0
classroom_rl/OVERCONSTRAINED/parsed-file175_inv11.als,classroom_rl,OVERCONSTRAINED,36.0,1.0,1.0,0.0
classroom_rl/OVERCONSTRAINED/parsed-file1793_inv3.als,classroom_rl,OVERCONSTRAINED,27.0,1.0,1.0,0.0
classroom_rl/OVERCONSTRAINED/parsed-file1811_inv11.als,classroom_rl,OVERCONSTRAINED,10.0,0.0,1.0,1.0
classroom_rl/OVERCONSTRAINED/parsed-file1818_inv10.als,classroom_rl,OVERCONSTRAINED,8.0,0.0,1.0,1.0
classroom_rl/OVERCONSTRAINED/parsed-file1833_inv11.als,classroom_rl,OVERCONSTRAINED,14.0,1.0,1.0,0.0
classroom_rl/OVERCONSTRAINED/parsed-file1866_inv8.als,classroom_rl,OVERCONSTRAINED,26.0,0.0,1.0,1.0
classroom_rl/OVERCONSTRAINED/parsed-file1875_inv11.als,classroom_rl,OVERCONSTRAINED,20.0,0.65,1.0,0.35
classroom_rl/OVERCONSTRAINED/parsed-file1940_inv5.als,classroom_rl,OVERCONSTRAINED,13.0,0.0,1.0,1.0
classroom_rl/OVERCONSTRAINED/parsed-file1942_inv12.als,classroom_rl,OVERCONSTRAINED,29.0,0.953,1.0,0.047
classroom_rl/OVERCONSTRAINED/parsed-file1946_inv3.als,classroom_rl,OVERCONSTRAINED,14.0,0.0,1.0,1.0
classroom_rl/OVERCONSTRAINED/parsed-file1959_inv11.als,classroom_rl,OVERCONSTRAINED,36.0,0.0,1.0,1.0
classroom_rl/OVERCONSTRAINED/parsed-file1963_inv12.als,classroom_rl,OVERCONSTRAINED,30.0,0.953,1.0,0.047
classroom_rl/OVERCONSTRAINED/parsed-file1986_inv6.als,classroom_rl,OVERCONSTRAINED,12.0,1.0,1.0,0.0
classroom_rl/OVERCONSTRAINED/parsed-file1994_inv15.als,classroom_rl,OVERCONSTRAINED,14.0,0.0,1.0,1.0
classroom_rl/OVERCONSTRAINED/parsed-file2009_inv13.als,classroom_rl,OVERCONSTRAINED,24.0,0.0,1.0,1.0
classroom_rl/OVERCONSTRAINED/parsed-file2051_inv10.als,classroom_rl,OVERCONSTRAINED,29.0,0.0,1.0,1.0
classroom_rl/OVERCONSTRAINED/parsed-file2055_inv13.als,classroom_rl,OVERCONSTRAINED,30.0,0.001,1.0,0.999
classroom_rl/OVERCONSTRAINED/parsed-file2110_inv12.als,classroom_rl,OVERCONSTRAINED,13.0,0.953,1.0,0.047
classroom_rl/OVERCONSTRAINED/parsed-file2149_inv11.als,classroom_rl,OVERCONSTRAINED,18.0,0.0,1.0,1.0
classroom_rl/OVERCONSTRAINED/parsed-file2189_inv12.als,classroom_rl,OVERCONSTRAINED,43.0,0.0,1.0,1.0
classroom_rl/OVERCONSTRAINED/parsed-file2192_inv6.als,classroom_rl,OVERCONSTRAINED,1.0,0.0,1.0,1.0
classroom_rl/OVERCONSTRAINED/parsed-file2204_inv2.als,classroom_rl,OVERCONSTRAINED,2.0,0.0,1.0,1.0
classroom_rl/OVERCONSTRAINED/parsed-file2238_inv3.als,classroom_rl,OVERCONSTRAINED,15.0,1.0,1.0,0.0
classroom_rl/OVERCONSTRAINED/parsed-file2298_inv9.als,classroom_rl,OVERCONSTRAINED,14.0,0.0,1.0,1.0
classroom_rl/OVERCONSTRAINED/parsed-file2317_inv5.als,classroom_rl,OVERCONSTRAINED,16.0,0.0,1.0,1.0
classroom_rl/OVERCONSTRAINED/parsed-file2387_inv11.als,classroom_rl,OVERCONSTRAINED,31.0,0.0,1.0,1.0
classroom_rl/OVERCONSTRAINED/parsed-file2401_inv11.als,classroom_rl,OVERCONSTRAINED,37.0,0.0,1.0,1.0
classroom_rl/OVERCONSTRAINED/parsed-file2457_inv10.als,classroom_rl,OVERCONSTRAINED,18.0,0.0,1.0,1.0
classroom_rl/OVERCONSTRAINED/parsed-file2459_inv13.als,classroom_rl,OVERCONSTRAINED,30.0,0.0,1.0,1.0
classroom_rl/OVERCONSTRAINED/parsed-file246_inv11.als,classroom_rl,OVERCONSTRAINED,46.0,0.0,1.0,1.0
classroom_rl/OVERCONSTRAINED/parsed-file2485_inv12.als,classroom_rl,OVERCONSTRAINED,17.0,0.0,1.0,1.0
classroom_rl/OVERCONSTRAINED/parsed-file2504_inv7.als,classroom_rl,OVERCONSTRAINED,12.0,0.0,1.0,1.0
classroom_rl/OVERCONSTRAINED/parsed-file2523_inv11.als,classroom_rl,OVERCONSTRAINED,36.0,1.0,1.0,0.0
classroom_rl/OVERCONSTRAINED/parsed-file2528_inv10.als,classroom_rl,OVERCONSTRAINED,8.0,0.0,1.0,1.0
classroom_rl/OVERCONSTRAINED/parsed-file2556_inv11.als,classroom_rl,OVERCONSTRAINED,17.0,0.0,1.0,1.0
classroom_rl/OVERCONSTRAINED/parsed-file2620_inv3.als,classroom_rl,OVERCONSTRAINED,1.0,0.0,1.0,1.0
classroom_rl/OVERCONSTRAINED/parsed-file2637_inv5.als,classroom_rl,OVERCONSTRAINED,10.0,0.0,1.0,1.0
classroom_rl/OVERCONSTRAINED/parsed-file2656_inv7.als,classroom_rl,OVERCONSTRAINED,19.0,0.999,1.0,0.001
classroom_rl/OVERCONSTRAINED/parsed-file2701_inv5.als,classroom_rl,OVERCONSTRAINED,10.0,0.0,1.0,1.0
classroom_rl/OVERCONSTRAINED/parsed-file2710_inv7.als,classroom_rl,OVERCONSTRAINED,19.0,0.999,1.0,0.001
classroom_rl/OVERCONSTRAINED/parsed-file2715_inv6.als,classroom_rl,OVERCONSTRAINED,19.0,0.702,1.0,0.298
classroom_rl/OVERCONSTRAINED/parsed-file2723_inv10.als,classroom_rl,OVERCONSTRAINED,22.0,0.736,1.0,0.264
classroom_rl/OVERCONSTRAINED/parsed-file2736_inv8.als,classroom_rl,OVERCONSTRAINED,11.0,0.0,1.0,1.0
classroom_rl/OVERCONSTRAINED/parsed-file274_inv10.als,classroom_rl,OVERCONSTRAINED,13.0,0.0,1.0,1.0
classroom_rl/OVERCONSTRAINED/parsed-file2774_inv6.als,classroom_rl,OVERCONSTRAINED,23.0,1.0,1.0,0.0
classroom_rl/OVERCONSTRAINED/parsed-file2786_inv2.als,classroom_rl,OVERCONSTRAINED,10.0,0.0,1.0,1.0
classroom_rl/OVERCONSTRAINED/parsed-file2796_inv12.als,classroom_rl,OVERCONSTRAINED,29.0,0.953,1.0,0.047
classroom_rl/OVERCONSTRAINED/parsed-file2811_inv11.als,classroom_rl,OVERCONSTRAINED,36.0,1.0,1.0,0.0
classroom_rl/OVERCONSTRAINED/parsed-file2825_inv4.als,classroom_rl,OVERCONSTRAINED,4.0,0.0,1.0,1.0
classroom_rl/OVERCONSTRAINED/parsed-file2836_inv10.als,classroom_rl,OVERCONSTRAINED,11.0,0.0,1.0,1.0
classroom_rl/OVERCONSTRAINED/parsed-file2872_inv9.als,classroom_rl,OVERCONSTRAINED,5.0,1.0,1.0,0.0
classroom_rl/OVERCONSTRAINED/parsed-file2901_inv5.als,classroom_rl,OVERCONSTRAINED,3.0,0.0,1.0,1.0
classroom_rl/OVERCONSTRAINED/parsed-file2910_inv11.als,classroom_rl,OVERCONSTRAINED,18.0,0.0,1.0,1.0
classroom_rl/OVERCONSTRAINED/parsed-file292_inv6.als,classroom_rl,OVERCONSTRAINED,2.0,0.0,1.0,1.0
classroom_rl/OVERCONSTRAINED/parsed-file2937_inv12.als,classroom_rl,OVERCONSTRAINED,16.0,0.701,1.0,0.299
classroom_rl/OVERCONSTRAINED/parsed-file293_inv12.als,classroom_rl,OVERCONSTRAINED,29.0,0.953,1.0,0.047
classroom_rl/OVERCONSTRAINED/parsed-file2990_inv7.als,classroom_rl,OVERCONSTRAINED,1.0,0.0,1.0,1.0
classroom_rl/OVERCONSTRAINED/parsed-file3017_inv6.als,classroom_rl,OVERCONSTRAINED,23.0,1.0,1.0,0.0
classroom_rl/OVERCONSTRAINED/parsed-file3048_inv15.als,classroom_rl,OVERCONSTRAINED,53.0,1.0,1.0,0.0
classroom_rl/OVERCONSTRAINED/parsed-file3053_inv9.als,classroom_rl,OVERCONSTRAINED,5.0,1.0,1.0,0.0
classroom_rl/OVERCONSTRAINED/parsed-file3092_inv3.als,classroom_rl,OVERCONSTRAINED,1.0,0.0,1.0,1.0
classroom_rl/OVERCONSTRAINED/parsed-file3095_inv11.als,classroom_rl,OVERCONSTRAINED,21.0,1.0,1.0,0.0
classroom_rl/OVERCONSTRAINED/parsed-file3107_inv9.als,classroom_rl,OVERCONSTRAINED,4.0,1.0,1.0,0.0
classroom_rl/OVERCONSTRAINED/parsed-file3120_inv11.als,classroom_rl,OVERCONSTRAINED,36.0,1.0,1.0,0.0
classroom_rl/OVERCONSTRAINED/parsed-file3154_inv12.als,classroom_rl,OVERCONSTRAINED,29.0,0.953,1.0,0.047
classroom_rl/OVERCONSTRAINED/parsed-file3156_inv3.als,classroom_rl,OVERCONSTRAINED,14.0,0.0,1.0,1.0
classroom_rl/OVERCONSTRAINED/parsed-file3169_inv8.als,classroom_rl,OVERCONSTRAINED,4.0,0.408,1.0,0.592
classroom_rl/OVERCONSTRAINED/parsed-file3174_inv11.als,classroom_rl,OVERCONSTRAINED,10.0,0.0,1.0,1.0
classroom_rl/OVERCONSTRAINED/parsed-file3208_inv11.als,classroom_rl,OVERCONSTRAINED,36.0,1.0,1.0,0.0
classroom_rl/OVERCONSTRAINED/parsed-file3266_inv3.als,classroom_rl,OVERCONSTRAINED,1.0,0.0,1.0,1.0
classroom_rl/OVERCONSTRAINED/parsed-file3279_inv7.als,classroom_rl,OVERCONSTRAINED,19.0,0.999,1.0,0.001
classroom_rl/OVERCONSTRAINED/parsed-file3328_inv15.als,classroom_rl,OVERCONSTRAINED,56.0,0.0,1.0,1.0
classroom_rl/OVERCONSTRAINED/parsed-file3363_inv12.als,classroom_rl,OVERCONSTRAINED,35.0,0.953,1.0,0.047
classroom_rl/OVERCONSTRAINED/parsed-file3385_inv12.als,classroom_rl,OVERCONSTRAINED,13.0,0.0,1.0,1.0
classroom_rl/OVERCONSTRAINED/parsed-file3436_inv15.als,classroom_rl,OVERCONSTRAINED,37.0,0.0,1.0,1.0
classroom_rl/OVERCONSTRAINED/parsed-file3441_inv9.als,classroom_rl,OVERCONSTRAINED,9.0,1.0,1.0,0.0
classroom_rl/OVERCONSTRAINED/parsed-file3442_inv3.als,classroom_rl,OVERCONSTRAINED,4.0,1.0,1.0,0.0
classroom_rl/OVERCONSTRAINED/parsed-file3452_inv9.als,classroom_rl,OVERCONSTRAINED,13.0,0.455,1.0,0.545
classroom_rl/OVERCONSTRAINED/parsed-file3463_inv11.als,classroom_rl,OVERCONSTRAINED,9.0,0.0,1.0,1.0
classroom_rl/OVERCONSTRAINED/parsed-file3465_inv8.als,classroom_rl,OVERCONSTRAINED,4.0,0.408,1.0,0.592
classroom_rl/OVERCONSTRAINED/parsed-file3478_inv11.als,classroom_rl,OVERCONSTRAINED,14.0,1.0,1.0,0.0
classroom_rl/OVERCONSTRAINED/parsed-file347_inv5.als,classroom_rl,OVERCONSTRAINED,11.0,0.0,1.0,1.0
classroom_rl/OVERCONSTRAINED/parsed-file3483_inv11.als,classroom_rl,OVERCONSTRAINED,36.0,0.016,1.0,0.984
classroom_rl/OVERCONSTRAINED/parsed-file3499_inv15.als,classroom_rl,OVERCONSTRAINED,28.0,0.0,1.0,1.0
classroom_rl/OVERCONSTRAINED/parsed-file34_inv12.als,classroom_rl,OVERCONSTRAINED,29.0,0.953,1.0,0.047
classroom_rl/OVERCONSTRAINED/parsed-file3520_inv11.als,classroom_rl,OVERCONSTRAINED,23.0,1.0,1.0,0.0
classroom_rl/OVERCONSTRAINED/parsed-file3531_inv9.als,classroom_rl,OVERCONSTRAINED,25.0,0.227,1.0,0.773
classroom_rl/OVERCONSTRAINED/parsed-file3568_inv12.als,classroom_rl,OVERCONSTRAINED,16.0,0.701,1.0,0.299
classroom_rl/OVERCONSTRAINED/parsed-file356_inv12.als,classroom_rl,OVERCONSTRAINED,40.0,0.0,1.0,1.0
classroom_rl/OVERCONSTRAINED/parsed-file3572_inv11.als,classroom_rl,OVERCONSTRAINED,43.0,0.016,1.0,0.984
classroom_rl/OVERCONSTRAINED/parsed-file3573_inv7.als,classroom_rl,OVERCONSTRAINED,2.0,0.0,1.0,1.0
classroom_rl/OVERCONSTRAINED/parsed-file3580_inv14.als,classroom_rl,OVERCONSTRAINED,42.0,0.0,1.0,1.0
classroom_rl/OVERCONSTRAINED/parsed-file3587_inv11.als,classroom_rl,OVERCONSTRAINED,36.0,0.0,1.0,1.0
classroom_rl/OVERCONSTRAINED/parsed-file3594_inv11.als,classroom_rl,OVERCONSTRAINED,23.0,0.0,1.0,1.0
classroom_rl/OVERCONSTRAINED/parsed-file3600_inv9.als,classroom_rl,OVERCONSTRAINED,25.0,0.227,1.0,0.773
classroom_rl/OVERCONSTRAINED/parsed-file3613_inv15.als,classroom_rl,OVERCONSTRAINED,18.0,0.0,1.0,1.0
classroom_rl/OVERCONSTRAINED/parsed-file3622_inv11.als,classroom_rl,OVERCONSTRAINED,10.0,0.016,1.0,0.984
classroom_rl/OVERCONSTRAINED/parsed-file3644_inv15.als,classroom_rl,OVERCONSTRAINED,21.0,0.0,1.0,1.0
classroom_rl/OVERCONSTRAINED/parsed-file3692_inv11.als,classroom_rl,OVERCONSTRAINED,24.0,1.0,1.0,0.0
classroom_rl/OVERCONSTRAINED/parsed-file3695_inv8.als,classroom_rl,OVERCONSTRAINED,23.0,0.408,1.0,0.592
classroom_rl/OVERCONSTRAINED/parsed-file36_inv9.als,classroom_rl,OVERCONSTRAINED,12.0,0.228,1.0,0.772
classroom_rl/OVERCONSTRAINED/parsed-file3709_inv5.als,classroom_rl,OVERCONSTRAINED,13.0,0.0,1.0,1.0
classroom_rl/OVERCONSTRAINED/parsed-file3712_inv4.als,classroom_rl,OVERCONSTRAINED,14.0,0.0,1.0,1.0
classroom_rl/OVERCONSTRAINED/parsed-file3756_inv9.als,classroom_rl,OVERCONSTRAINED,14.0,1.0,1.0,0.0
classroom_rl/OVERCONSTRAINED/parsed-file3773_inv11.als,classroom_rl,OVERCONSTRAINED,18.0,1.0,1.0,0.0
classroom_rl/OVERCONSTRAINED/parsed-file3819_inv11.als,classroom_rl,OVERCONSTRAINED,29.0,1.0,1.0,0.0
classroom_rl/OVERCONSTRAINED/parsed-file3825_inv11.als,classroom_rl,OVERCONSTRAINED,23.0,1.0,1.0,0.0
classroom_rl/OVERCONSTRAINED/parsed-file3827_inv6.als,classroom_rl,OVERCONSTRAINED,19.0,0.0,1.0,1.0
classroom_rl/OVERCONSTRAINED/parsed-file391_inv8.als,classroom_rl,OVERCONSTRAINED,11.0,1.0,1.0,0.0
classroom_rl/OVERCONSTRAINED/parsed-file3944_inv13.als,classroom_rl,OVERCONSTRAINED,11.0,0.0,1.0,1.0
classroom_rl/OVERCONSTRAINED/parsed-file394_inv15.als,classroom_rl,OVERCONSTRAINED,28.0,0.0,1.0,1.0
classroom_rl/OVERCONSTRAINED/parsed-file4033_inv15.als,classroom_rl,OVERCONSTRAINED,15.0,1.0,1.0,0.0
classroom_rl/OVERCONSTRAINED/parsed-file4049_inv6.als,classroom_rl,OVERCONSTRAINED,2.0,0.0,1.0,1.0
classroom_rl/OVERCONSTRAINED/parsed-file4052_inv11.als,classroom_rl,OVERCONSTRAINED,24.0,0.0,1.0,1.0
classroom_rl/OVERCONSTRAINED/parsed-file4079_inv12.als,classroom_rl,OVERCONSTRAINED,16.0,0.701,1.0,0.299
classroom_rl/OVERCONSTRAINED/parsed-file4092_inv12.als,classroom_rl,OVERCONSTRAINED,24.0,0.0,1.0,1.0
classroom_rl/OVERCONSTRAINED/parsed-file40_inv10.als,classroom_rl,OVERCONSTRAINED,18.0,0.0,1.0,1.0
classroom_rl/OVERCONSTRAINED/parsed-file4130_inv5.als,classroom_rl,OVERCONSTRAINED,4.0,0.0,1.0,1.0
classroom_rl/OVERCONSTRAINED/parsed-file4152_inv15.als,classroom_rl,OVERCONSTRAINED,15.0,1.0,1.0,0.0
classroom_rl/OVERCONSTRAINED/parsed-file4179_inv4.als,classroom_rl,OVERCONSTRAINED,13.0,1.0,1.0,0.0
classroom_rl/OVERCONSTRAINED/parsed-file4189_inv10.als,classroom_rl,OVERCONSTRAINED,14.0,0.0,1.0,1.0
classroom_rl/OVERCONSTRAINED/parsed-file4191_inv3.als,classroom_rl,OVERCONSTRAINED,21.0,1.0,1.0,0.0
classroom_rl/OVERCONSTRAINED/parsed-file4214_inv11.als,classroom_rl,OVERCONSTRAINED,14.0,1.0,1.0,0.0
classroom_rl/OVERCONSTRAINED/parsed-file4234_inv10.als,classroom_rl,OVERCONSTRAINED,18.0,0.0,1.0,1.0
classroom_rl/OVERCONSTRAINED/parsed-file4253_inv11.als,classroom_rl,OVERCONSTRAINED,10.0,1.0,1.0,0.0
classroom_rl/OVERCONSTRAINED/parsed-file4257_inv12.als,classroom_rl,OVERCONSTRAINED,17.0,0.0,1.0,1.0
classroom_rl/OVERCONSTRAINED/parsed-file4275_inv11.als,classroom_rl,OVERCONSTRAINED,23.0,1.0,1.0,0.0
classroom_rl/OVERCONSTRAINED/parsed-file4299_inv10.als,classroom_rl,OVERCONSTRAINED,23.0,0.0,1.0,1.0
classroom_rl/OVERCONSTRAINED/parsed-file4305_inv13.als,classroom_rl,OVERCONSTRAINED,17.0,0.531,1.0,0.469
classroom_rl/OVERCONSTRAINED/parsed-file4310_inv8.als,classroom_rl,OVERCONSTRAINED,4.0,0.408,1.0,0.592
classroom_rl/OVERCONSTRAINED/parsed-file4314_inv11.als,classroom_rl,OVERCONSTRAINED,17.0,0.0,1.0,1.0
classroom_rl/OVERCONSTRAINED/parsed-file4330_inv10.als,classroom_rl,OVERCONSTRAINED,8.0,0.0,1.0,1.0
classroom_rl/OVERCONSTRAINED/parsed-file4355_inv11.als,classroom_rl,OVERCONSTRAINED,24.0,1.0,1.0,0.0
classroom_rl/OVERCONSTRAINED/parsed-file4374_inv12.als,classroom_rl,OVERCONSTRAINED,36.0,0.853,1.0,0.147
classroom_rl/OVERCONSTRAINED/parsed-file4386_inv6.als,classroom_rl,OVERCONSTRAINED,19.0,1.0,1.0,0.0
classroom_rl/OVERCONSTRAINED/parsed-file4386_inv7.als,classroom_rl,OVERCONSTRAINED,19.0,0.999,1.0,0.001
classroom_rl/OVERCONSTRAINED/parsed-file4407_inv9.als,classroom_rl,OVERCONSTRAINED,16.0,0.5,1.0,0.5
classroom_rl/OVERCONSTRAINED/parsed-file4420_inv10.als,classroom_rl,OVERCONSTRAINED,11.0,0.0,1.0,1.0
classroom_rl/OVERCONSTRAINED/parsed-file4421_inv1.als,classroom_rl,OVERCONSTRAINED,10.0,0.0,1.0,1.0
classroom_rl/OVERCONSTRAINED/parsed-file4422_inv10.als,classroom_rl,OVERCONSTRAINED,14.0,0.448,1.0,0.552
classroom_rl/OVERCONSTRAINED/parsed-file4452_inv15.als,classroom_rl,OVERCONSTRAINED,24.0,0.0,1.0,1.0
classroom_rl/OVERCONSTRAINED/parsed-file4469_inv12.als,classroom_rl,OVERCONSTRAINED,29.0,0.953,1.0,0.047
classroom_rl/OVERCONSTRAINED/parsed-file4480_inv5.als,classroom_rl,OVERCONSTRAINED,17.0,0.0,1.0,1.0
classroom_rl/OVERCONSTRAINED/parsed-file451_inv3.als,classroom_rl,OVERCONSTRAINED,10.0,1.0,1.0,0.0
classroom_rl/OVERCONSTRAINED/parsed-file4541_inv15.als,classroom_rl,OVERCONSTRAINED,36.0,0.0,1.0,1.0
classroom_rl/OVERCONSTRAINED/parsed-file4547_inv11.als,classroom_rl,OVERCONSTRAINED,37.0,1.0,1.0,0.0
classroom_rl/OVERCONSTRAINED/parsed-file4571_inv11.als,classroom_rl,OVERCONSTRAINED,6.0,0.0,1.0,1.0
classroom_rl/OVERCONSTRAINED/parsed-file4575_inv3.als,classroom_rl,OVERCONSTRAINED,27.0,1.0,1.0,0.0
classroom_rl/OVERCONSTRAINED/parsed-file4588_inv11.als,classroom_rl,OVERCONSTRAINED,34.0,0.0,1.0,1.0
classroom_rl/OVERCONSTRAINED/parsed-file4631_inv12.als,classroom_rl,OVERCONSTRAINED,29.0,0.953,1.0,0.047
classroom_rl/OVERCONSTRAINED/parsed-file4659_inv9.als,classroom_rl,OVERCONSTRAINED,10.0,1.0,1.0,0.0
classroom_rl/OVERCONSTRAINED/parsed-file4664_inv12.als,classroom_rl,OVERCONSTRAINED,13.0,0.953,1.0,0.047
classroom_rl/OVERCONSTRAINED/parsed-file4666_inv12.als,classroom_rl,OVERCONSTRAINED,29.0,0.953,1.0,0.047
classroom_rl/OVERCONSTRAINED/parsed-file4669_inv3.als,classroom_rl,OVERCONSTRAINED,1.0,0.0,1.0,1.0
classroom_rl/OVERCONSTRAINED/parsed-file4673_inv5.als,classroom_rl,OVERCONSTRAINED,10.0,0.0,1.0,1.0
classroom_rl/OVERCONSTRAINED/parsed-file4675_inv12.als,classroom_rl,OVERCONSTRAINED,41.0,0.0,1.0,1.0
classroom_rl/OVERCONSTRAINED/parsed-file4692_inv7.als,classroom_rl,OVERCONSTRAINED,2.0,0.0,1.0,1.0
classroom_rl/OVERCONSTRAINED/parsed-file4735_inv5.als,classroom_rl,OVERCONSTRAINED,10.0,0.0,1.0,1.0
classroom_rl/OVERCONSTRAINED/parsed-file47_inv15.als,classroom_rl,OVERCONSTRAINED,42.0,1.0,1.0,0.0
classroom_rl/OVERCONSTRAINED/parsed-file486_inv4.als,classroom_rl,OVERCONSTRAINED,15.0,0.0,1.0,1.0
classroom_rl/OVERCONSTRAINED/parsed-file50_inv10.als,classroom_rl,OVERCONSTRAINED,28.0,0.448,1.0,0.552
classroom_rl/OVERCONSTRAINED/parsed-file511_inv10.als,classroom_rl,OVERCONSTRAINED,13.0,0.0,1.0,1.0
classroom_rl/OVERCONSTRAINED/parsed-file555_inv8.als,classroom_rl,OVERCONSTRAINED,4.0,0.408,1.0,0.592
classroom_rl/OVERCONSTRAINED/parsed-file597_inv11.als,classroom_rl,OVERCONSTRAINED,29.0,0.619,1.0,0.381
classroom_rl/OVERCONSTRAINED/parsed-file59_inv4.als,classroom_rl,OVERCONSTRAINED,14.0,0.0,1.0,1.0
classroom_rl/OVERCONSTRAINED/parsed-file615_inv9.als,classroom_rl,OVERCONSTRAINED,5.0,1.0,1.0,0.0
classroom_rl/OVERCONSTRAINED/parsed-file631_inv11.als,classroom_rl,OVERCONSTRAINED,17.0,0.0,1.0,1.0
classroom_rl/OVERCONSTRAINED/parsed-file642_inv12.als,classroom_rl,OVERCONSTRAINED,24.0,0.0,1.0,1.0
classroom_rl/OVERCONSTRAINED/parsed-file651_inv12.als,classroom_rl,OVERCONSTRAINED,35.0,0.853,1.0,0.147
classroom_rl/OVERCONSTRAINED/parsed-file660_inv11.als,classroom_rl,OVERCONSTRAINED,34.0,0.0,1.0,1.0
classroom_rl/OVERCONSTRAINED/parsed-file671_inv12.als,classroom_rl,OVERCONSTRAINED,17.0,0.0,1.0,1.0
classroom_rl/OVERCONSTRAINED/parsed-file754_inv11.als,classroom_rl,OVERCONSTRAINED,35.0,0.016,1.0,0.984
classroom_rl/OVERCONSTRAINED/parsed-file759_inv11.als,classroom_rl,OVERCONSTRAINED,36.0,0.016,1.0,0.984
classroom_rl/OVERCONSTRAINED/parsed-file761_inv4.als,classroom_rl,OVERCONSTRAINED,6.0,0.0,1.0,1.0
classroom_rl/OVERCONSTRAINED/parsed-file774_inv9.als,classroom_rl,OVERCONSTRAINED,5.0,1.0,1.0,0.0
classroom_rl/OVERCONSTRAINED/parsed-file78_inv10.als,classroom_rl,OVERCONSTRAINED,18.0,0.0,1.0,1.0
classroom_rl/OVERCONSTRAINED/parsed-file793_inv4.als,classroom_rl,OVERCONSTRAINED,14.0,0.0,1.0,1.0
classroom_rl/OVERCONSTRAINED/parsed-file796_inv4.als,classroom_rl,OVERCONSTRAINED,14.0,0.0,1.0,1.0
classroom_rl/OVERCONSTRAINED/parsed-file818_inv11.als,classroom_rl,OVERCONSTRAINED,34.0,0.0,1.0,1.0
classroom_rl/OVERCONSTRAINED/parsed-file819_inv13.als,classroom_rl,OVERCONSTRAINED,13.0,0.0,1.0,1.0
classroom_rl/OVERCONSTRAINED/parsed-file825_inv11.als,classroom_rl,OVERCONSTRAINED,20.0,0.65,1.0,0.35
classroom_rl/OVERCONSTRAINED/parsed-file844_inv6.als,classroom_rl,OVERCONSTRAINED,12.0,0.0,1.0,1.0
classroom_rl/OVERCONSTRAINED/parsed-file869_inv3.als,classroom_rl,OVERCONSTRAINED,14.0,0.0,1.0,1.0
classroom_rl/OVERCONSTRAINED/parsed-file875_inv5.als,classroom_rl,OVERCONSTRAINED,17.0,0.0,1.0,1.0
classroom_rl/OVERCONSTRAINED/parsed-file923_inv12.als,classroom_rl,OVERCONSTRAINED,41.0,0.44,1.0,0.56
classroom_rl/OVERCONSTRAINED/parsed-file941_inv8.als,classroom_rl,OVERCONSTRAINED,11.0,0.592,1.0,0.408
classroom_rl/OVERCONSTRAINED/parsed-file974_inv11.als,classroom_rl,OVERCONSTRAINED,10.0,0.0,1.0,1.0
classroom_rl/OVERCONSTRAINED/parsed-file990_inv12.als,classroom_rl,OVERCONSTRAINED,43.0,0.0,1.0,1.0
classroom_rl/UNDERCONSTRAINED/parsed-file0_inv15.als,classroom_rl,UNDERCONSTRAINED,10.0,0.752,1.0,0.248
classroom_rl/UNDERCONSTRAINED/parsed-file1039_inv14.als,classroom_rl,UNDERCONSTRAINED,26.0,0.442,1.0,0.558
classroom_rl/UNDERCONSTRAINED/parsed-file1105_inv14.als,classroom_rl,UNDERCONSTRAINED,32.0,0.442,1.0,0.558
classroom_rl/UNDERCONSTRAINED/parsed-file1115_inv14.als,classroom_rl,UNDERCONSTRAINED,28.0,0.0,1.0,1.0
classroom_rl/UNDERCONSTRAINED/parsed-file1163_inv14.als,classroom_rl,UNDERCONSTRAINED,14.0,0.442,1.0,0.558
classroom_rl/UNDERCONSTRAINED/parsed-file1165_inv12.als,classroom_rl,UNDERCONSTRAINED,13.0,0.001,1.0,0.999
classroom_rl/UNDERCONSTRAINED/parsed-file1227_inv1.als,classroom_rl,UNDERCONSTRAINED,10.0,0.0,1.0,1.0
classroom_rl/UNDERCONSTRAINED/parsed-file1272_inv15.als,classroom_rl,UNDERCONSTRAINED,10.0,0.752,1.0,0.248
classroom_rl/UNDERCONSTRAINED/parsed-file1288_inv12.als,classroom_rl,UNDERCONSTRAINED,13.0,0.0,1.0,1.0
classroom_rl/UNDERCONSTRAINED/parsed-file131_inv11.als,classroom_rl,UNDERCONSTRAINED,32.0,0.801,1.0,0.199
classroom_rl/UNDERCONSTRAINED/parsed-file1336_inv11.als,classroom_rl,UNDERCONSTRAINED,14.0,0.801,1.0,0.199
classroom_rl/UNDERCONSTRAINED/parsed-file1351_inv5.als,classroom_rl,UNDERCONSTRAINED,12.0,0.001,1.0,0.999
classroom_rl/UNDERCONSTRAINED/parsed-file1355_inv14.als,classroom_rl,UNDERCONSTRAINED,32.0,0.442,1.0,0.558
classroom_rl/UNDERCONSTRAINED/parsed-file1425_inv5.als,classroom_rl,UNDERCONSTRAINED,3.0,0.0,1.0,1.0
classroom_rl/UNDERCONSTRAINED/parsed-file1471_inv11.als,classroom_rl,UNDERCONSTRAINED,36.0,0.0,1.0,1.0
classroom_rl/UNDERCONSTRAINED/parsed-file1500_inv12.als,classroom_rl,UNDERCONSTRAINED,4.0,0.001,1.0,0.999
classroom_rl/UNDERCONSTRAINED/parsed-file1501_inv12.als,classroom_rl,UNDERCONSTRAINED,30.0,0.017,1.0,0.983
classroom_rl/UNDERCONSTRAINED/parsed-file1533_inv14.als,classroom_rl,UNDERCONSTRAINED,30.0,0.442,1.0,0.558
classroom_rl/UNDERCONSTRAINED/parsed-file1558_inv8.als,classroom_rl,UNDERCONSTRAINED,2.0,0.0,1.0,1.0
classroom_rl/UNDERCONSTRAINED/parsed-file1560_inv15.als,classroom_rl,UNDERCONSTRAINED,10.0,0.752,1.0,0.248
classroom_rl/UNDERCONSTRAINED/parsed-file1691_inv15.als,classroom_rl,UNDERCONSTRAINED,42.0,0.001,1.0,0.999
classroom_rl/UNDERCONSTRAINED/parsed-file1696_inv11.als,classroom_rl,UNDERCONSTRAINED,36.0,0.897,1.0,0.103
classroom_rl/UNDERCONSTRAINED/parsed-file1739_inv11.als,classroom_rl,UNDERCONSTRAINED,36.0,0.801,1.0,0.199
classroom_rl/UNDERCONSTRAINED/parsed-file1772_inv15.als,classroom_rl,UNDERCONSTRAINED,10.0,0.752,1.0,0.248
classroom_rl/UNDERCONSTRAINED/parsed-file1823_inv12.als,classroom_rl,UNDERCONSTRAINED,30.0,0.017,1.0,0.983
classroom_rl/UNDERCONSTRAINED/parsed-file1879_inv10.als,classroom_rl,UNDERCONSTRAINED,12.0,0.0,1.0,1.0
classroom_rl/UNDERCONSTRAINED/parsed-file1883_inv5.als,classroom_rl,UNDERCONSTRAINED,2.0,0.001,1.0,0.999
classroom_rl/UNDERCONSTRAINED/parsed-file1893_inv6.als,classroom_rl,UNDERCONSTRAINED,20.0,0.0,1.0,1.0
classroom_rl/UNDERCONSTRAINED/parsed-file1900_inv14.als,classroom_rl,UNDERCONSTRAINED,32.0,0.442,1.0,0.558
classroom_rl/UNDERCONSTRAINED/parsed-file1918_inv14.als,classroom_rl,UNDERCONSTRAINED,38.0,0.442,1.0,0.558
classroom_rl/UNDERCONSTRAINED/parsed-file1923_inv2.als,classroom_rl,UNDERCONSTRAINED,25.0,0.984,1.0,0.016
classroom_rl/UNDERCONSTRAINED/parsed-file1944_inv12.als,classroom_rl,UNDERCONSTRAINED,30.0,0.001,1.0,0.999
classroom_rl/UNDERCONSTRAINED/parsed-file1950_inv5.als,classroom_rl,UNDERCONSTRAINED,17.0,0.0,1.0,1.0
classroom_rl/UNDERCONSTRAINED/parsed-file1961_inv12.als,classroom_rl,UNDERCONSTRAINED,13.0,0.001,1.0,0.999
classroom_rl/UNDERCONSTRAINED/parsed-file1999_inv14.als,classroom_rl,UNDERCONSTRAINED,38.0,0.442,1.0,0.558
classroom_rl/UNDERCONSTRAINED/parsed-file2030_inv12.als,classroom_rl,UNDERCONSTRAINED,17.0,1.0,1.0,0.0
classroom_rl/UNDERCONSTRAINED/parsed-file2042_inv11.als,classroom_rl,UNDERCONSTRAINED,10.0,0.801,1.0,0.199
classroom_rl/UNDERCONSTRAINED/parsed-file2080_inv14.als,classroom_rl,UNDERCONSTRAINED,32.0,0.442,1.0,0.558
classroom_rl/UNDERCONSTRAINED/parsed-file2091_inv11.als,classroom_rl,UNDERCONSTRAINED,32.0,0.801,1.0,0.199
classroom_rl/UNDERCONSTRAINED/parsed-file2131_inv10.als,classroom_rl,UNDERCONSTRAINED,16.0,0.0,1.0,1.0
classroom_rl/UNDERCONSTRAINED/parsed-file221_inv12.als,classroom_rl,UNDERCONSTRAINED,12.0,0.0,1.0,1.0
classroom_rl/UNDERCONSTRAINED/parsed-file2229_inv5.als,classroom_rl,UNDERCONSTRAINED,14.0,0.0,1.0,1.0
classroom_rl/UNDERCONSTRAINED/parsed-file2261_inv12.als,classroom_rl,UNDERCONSTRAINED,15.0,0.0,1.0,1.0
classroom_rl/UNDERCONSTRAINED/parsed-file2271_inv13.als,classroom_rl,UNDERCONSTRAINED,21.0,0.752,1.0,0.248
classroom_rl/UNDERCONSTRAINED/parsed-file2292_inv5.als,classroom_rl,UNDERCONSTRAINED,22.0,0.0,1.0,1.0
classroom_rl/UNDERCONSTRAINED/parsed-file229_inv14.als,classroom_rl,UNDERCONSTRAINED,43.0,0.0,1.0,1.0
classroom_rl/UNDERCONSTRAINED/parsed-file233_inv11.als,classroom_rl,UNDERCONSTRAINED,25.0,0.0,1.0,1.0
classroom_rl/UNDERCONSTRAINED/parsed-file2352_inv1.als,classroom_rl,UNDERCONSTRAINED,10.0,0.0,1.0,1.0
classroom_rl/UNDERCONSTRAINED/parsed-file2421_inv5.als,classroom_rl,UNDERCONSTRAINED,11.0,0.0,1.0,1.0
classroom_rl/UNDERCONSTRAINED/parsed-file2447_inv5.als,classroom_rl,UNDERCONSTRAINED,2.0,0.0,1.0,1.0
classroom_rl/UNDERCONSTRAINED/parsed-file2460_inv3.als,classroom_rl,UNDERCONSTRAINED,18.0,0.0,1.0,1.0
classroom_rl/UNDERCONSTRAINED/parsed-file2479_inv11.als,classroom_rl,UNDERCONSTRAINED,32.0,0.801,1.0,0.199
classroom_rl/UNDERCONSTRAINED/parsed-file2515_inv13.als,classroom_rl,UNDERCONSTRAINED,10.0,0.503,1.0,0.497
classroom_rl/UNDERCONSTRAINED/parsed-file2521_inv15.als,classroom_rl,UNDERCONSTRAINED,60.0,0.001,1.0,0.999
classroom_rl/UNDERCONSTRAINED/parsed-file257_inv12.als,classroom_rl,UNDERCONSTRAINED,36.0,0.001,1.0,0.999
classroom_rl/UNDERCONSTRAINED/parsed-file2584_inv13.als,classroom_rl,UNDERCONSTRAINED,13.0,0.752,1.0,0.248
classroom_rl/UNDERCONSTRAINED/parsed-file2611_inv14.als,classroom_rl,UNDERCONSTRAINED,22.0,0.442,1.0,0.558
classroom_rl/UNDERCONSTRAINED/parsed-file2623_inv14.als,classroom_rl,UNDERCONSTRAINED,32.0,0.442,1.0,0.558
classroom_rl/UNDERCONSTRAINED/parsed-file2642_inv12.als,classroom_rl,UNDERCONSTRAINED,17.0,1.0,1.0,0.0
classroom_rl/UNDERCONSTRAINED/parsed-file2648_inv12.als,classroom_rl,UNDERCONSTRAINED,13.0,0.001,1.0,0.999
classroom_rl/UNDERCONSTRAINED/parsed-file2661_inv8.als,classroom_rl,UNDERCONSTRAINED,15.0,0.0,1.0,1.0
classroom_rl/UNDERCONSTRAINED/parsed-file2676_inv14.als,classroom_rl,UNDERCONSTRAINED,46.0,0.001,1.0,0.999
classroom_rl/UNDERCONSTRAINED/parsed-file2708_inv14.als,classroom_rl,UNDERCONSTRAINED,38.0,0.44,1.0,0.56
classroom_rl/UNDERCONSTRAINED/parsed-file2763_inv14.als,classroom_rl,UNDERCONSTRAINED,31.0,0.442,1.0,0.558
classroom_rl/UNDERCONSTRAINED/parsed-file2792_inv14.als,classroom_rl,UNDERCONSTRAINED,16.0,0.442,1.0,0.558
classroom_rl/UNDERCONSTRAINED/parsed-file2803_inv1.als,classroom_rl,UNDERCONSTRAINED,5.0,0.0,1.0,1.0
classroom_rl/UNDERCONSTRAINED/parsed-file2852_inv14.als,classroom_rl,UNDERCONSTRAINED,12.0,0.442,1.0,0.558
classroom_rl/UNDERCONSTRAINED/parsed-file2864_inv14.als,classroom_rl,UNDERCONSTRAINED,46.0,0.0,1.0,1.0
classroom_rl/UNDERCONSTRAINED/parsed-file2918_inv11.als,classroom_rl,UNDERCONSTRAINED,32.0,0.801,1.0,0.199
classroom_rl/UNDERCONSTRAINED/parsed-file296_inv13.als,classroom_rl,UNDERCONSTRAINED,10.0,0.0,1.0,1.0
classroom_rl/UNDERCONSTRAINED/parsed-file2974_inv11.als,classroom_rl,UNDERCONSTRAINED,32.0,0.801,1.0,0.199
classroom_rl/UNDERCONSTRAINED/parsed-file2993_inv7.als,classroom_rl,UNDERCONSTRAINED,12.0,0.0,1.0,1.0
classroom_rl/UNDERCONSTRAINED/parsed-file299_inv12.als,classroom_rl,UNDERCONSTRAINED,13.0,0.001,1.0,0.999
classroom_rl/UNDERCONSTRAINED/parsed-file3006_inv11.als,classroom_rl,UNDERCONSTRAINED,24.0,0.0,1.0,1.0
classroom_rl/UNDERCONSTRAINED/parsed-file3025_inv11.als,classroom_rl,UNDERCONSTRAINED,10.0,0.801,1.0,0.199
classroom_rl/UNDERCONSTRAINED/parsed-file3029_inv12.als,classroom_rl,UNDERCONSTRAINED,13.0,0.001,1.0,0.999
classroom_rl/UNDERCONSTRAINED/parsed-file3067_inv13.als,classroom_rl,UNDERCONSTRAINED,10.0,0.503,1.0,0.497
classroom_rl/UNDERCONSTRAINED/parsed-file3078_inv15.als,classroom_rl,UNDERCONSTRAINED,10.0,0.752,1.0,0.248
classroom_rl/UNDERCONSTRAINED/parsed-file3128_inv9.als,classroom_rl,UNDERCONSTRAINED,2.0,0.0,1.0,1.0
classroom_rl/UNDERCONSTRAINED/parsed-file3173_inv14.als,classroom_rl,UNDERCONSTRAINED,28.0,0.638,1.0,0.362
classroom_rl/UNDERCONSTRAINED/parsed-file3179_inv12.als,classroom_rl,UNDERCONSTRAINED,30.0,0.017,1.0,0.983
classroom_rl/UNDERCONSTRAINED/parsed-file3201_inv14.als,classroom_rl,UNDERCONSTRAINED,40.0,0.44,1.0,0.56
classroom_rl/UNDERCONSTRAINED/parsed-file3238_inv14.als,classroom_rl,UNDERCONSTRAINED,28.0,0.638,1.0,0.362
classroom_rl/UNDERCONSTRAINED/parsed-file3286_inv14.als,classroom_rl,UNDERCONSTRAINED,27.0,0.638,1.0,0.362
classroom_rl/UNDERCONSTRAINED/parsed-file330_inv14.als,classroom_rl,UNDERCONSTRAINED,34.0,0.442,1.0,0.558
classroom_rl/UNDERCONSTRAINED/parsed-file3336_inv11.als,classroom_rl,UNDERCONSTRAINED,36.0,0.801,1.0,0.199
classroom_rl/UNDERCONSTRAINED/parsed-file3376_inv5.als,classroom_rl,UNDERCONSTRAINED,8.0,0.0,1.0,1.0
classroom_rl/UNDERCONSTRAINED/parsed-file3402_inv12.als,classroom_rl,UNDERCONSTRAINED,32.0,0.0,1.0,1.0
classroom_rl/UNDERCONSTRAINED/parsed-file3421_inv3.als,classroom_rl,UNDERCONSTRAINED,18.0,0.0,1.0,1.0
classroom_rl/UNDERCONSTRAINED/parsed-file3457_inv14.als,classroom_rl,UNDERCONSTRAINED,32.0,0.442,1.0,0.558
classroom_rl/UNDERCONSTRAINED/parsed-file3462_inv14.als,classroom_rl,UNDERCONSTRAINED,34.0,0.442,1.0,0.558
classroom_rl/UNDERCONSTRAINED/parsed-file3492_inv14.als,classroom_rl,UNDERCONSTRAINED,32.0,0.442,1.0,0.558
classroom_rl/UNDERCONSTRAINED/parsed-file352_inv7.als,classroom_rl,UNDERCONSTRAINED,13.0,0.0,1.0,1.0
classroom_rl/UNDERCONSTRAINED/parsed-file3593_inv12.als,classroom_rl,UNDERCONSTRAINED,13.0,0.632,1.0,0.368
classroom_rl/UNDERCONSTRAINED/parsed-file360_inv11.als,classroom_rl,UNDERCONSTRAINED,33.0,0.897,1.0,0.103
classroom_rl/UNDERCONSTRAINED/parsed-file3616_inv14.als,classroom_rl,UNDERCONSTRAINED,16.0,0.442,1.0,0.558
classroom_rl/UNDERCONSTRAINED/parsed-file3629_inv2.als,classroom_rl,UNDERCONSTRAINED,10.0,1.0,1.0,0.0
classroom_rl/UNDERCONSTRAINED/parsed-file3639_inv14.als,classroom_rl,UNDERCONSTRAINED,43.0,0.0,1.0,1.0
classroom_rl/UNDERCONSTRAINED/parsed-file3653_inv5.als,classroom_rl,UNDERCONSTRAINED,1.0,0.0,1.0,1.0
classroom_rl/UNDERCONSTRAINED/parsed-file3726_inv11.als,classroom_rl,UNDERCONSTRAINED,32.0,0.801,1.0,0.199
classroom_rl/UNDERCONSTRAINED/parsed-file3754_inv14.als,classroom_rl,UNDERCONSTRAINED,47.0,0.001,1.0,0.999
classroom_rl/UNDERCONSTRAINED/parsed-file3766_inv14.als,classroom_rl,UNDERCONSTRAINED,10.0,0.638,1.0,0.362
classroom_rl/UNDERCONSTRAINED/parsed-file3784_inv15.als,classroom_rl,UNDERCONSTRAINED,14.0,0.0,1.0,1.0
classroom_rl/UNDERCONSTRAINED/parsed-file3806_inv8.als,classroom_rl,UNDERCONSTRAINED,4.0,0.0,1.0,1.0
classroom_rl/UNDERCONSTRAINED/parsed-file3821_inv5.als,classroom_rl,UNDERCONSTRAINED,22.0,0.0,1.0,1.0
classroom_rl/UNDERCONSTRAINED/parsed-file3824_inv12.als,classroom_rl,UNDERCONSTRAINED,13.0,0.001,1.0,0.999
classroom_rl/UNDERCONSTRAINED/parsed-file3831_inv14.als,classroom_rl,UNDERCONSTRAINED,27.0,0.638,1.0,0.362
classroom_rl/UNDERCONSTRAINED/parsed-file3880_inv6.als,classroom_rl,UNDERCONSTRAINED,4.0,0.0,1.0,1.0
classroom_rl/UNDERCONSTRAINED/parsed-file3950_inv14.als,classroom_rl,UNDERCONSTRAINED,52.0,0.442,1.0,0.558
classroom_rl/UNDERCONSTRAINED/parsed-file4005_inv14.als,classroom_rl,UNDERCONSTRAINED,25.0,0.442,1.0,0.558
classroom_rl/UNDERCONSTRAINED/parsed-file4022_inv12.als,classroom_rl,UNDERCONSTRAINED,36.0,0.001,1.0,0.999
classroom_rl/UNDERCONSTRAINED/parsed-file4028_inv15.als,classroom_rl,UNDERCONSTRAINED,23.0,0.001,1.0,0.999
classroom_rl/UNDERCONSTRAINED/parsed-file4039_inv3.als,classroom_rl,UNDERCONSTRAINED,18.0,0.0,1.0,1.0
classroom_rl/UNDERCONSTRAINED/parsed-file4069_inv14.als,classroom_rl,UNDERCONSTRAINED,16.0,0.442,1.0,0.558
classroom_rl/UNDERCONSTRAINED/parsed-file4074_inv9.als,classroom_rl,UNDERCONSTRAINED,15.0,0.0,1.0,1.0
classroom_rl/UNDERCONSTRAINED/parsed-file4087_inv9.als,classroom_rl,UNDERCONSTRAINED,26.0,0.0,1.0,1.0
classroom_rl/UNDERCONSTRAINED/parsed-file4097_inv1.als,classroom_rl,UNDERCONSTRAINED,2.0,0.0,1.0,1.0
classroom_rl/UNDERCONSTRAINED/parsed-file4131_inv14.als,classroom_rl,UNDERCONSTRAINED,31.0,0.442,1.0,0.558
classroom_rl/UNDERCONSTRAINED/parsed-file4138_inv15.als,classroom_rl,UNDERCONSTRAINED,30.0,0.0,1.0,1.0
classroom_rl/UNDERCONSTRAINED/parsed-file4143_inv12.als,classroom_rl,UNDERCONSTRAINED,13.0,0.001,1.0,0.999
classroom_rl/UNDERCONSTRAINED/parsed-file4178_inv14.als,classroom_rl,UNDERCONSTRAINED,47.0,0.001,1.0,0.999
classroom_rl/UNDERCONSTRAINED/parsed-file4187_inv11.als,classroom_rl,UNDERCONSTRAINED,5.0,0.0,1.0,1.0
classroom_rl/UNDERCONSTRAINED/parsed-file4219_inv14.als,classroom_rl,UNDERCONSTRAINED,16.0,0.442,1.0,0.558
classroom_rl/UNDERCONSTRAINED/parsed-file424_inv14.als,classroom_rl,UNDERCONSTRAINED,16.0,0.442,1.0,0.558
classroom_rl/UNDERCONSTRAINED/parsed-file4262_inv13.als,classroom_rl,UNDERCONSTRAINED,13.0,0.498,1.0,0.502
classroom_rl/UNDERCONSTRAINED/parsed-file4288_inv11.als,classroom_rl,UNDERCONSTRAINED,40.0,0.801,1.0,0.199
classroom_rl/UNDERCONSTRAINED/parsed-file4300_inv12.als,classroom_rl,UNDERCONSTRAINED,13.0,0.001,1.0,0.999
classroom_rl/UNDERCONSTRAINED/parsed-file4304_inv1.als,classroom_rl,UNDERCONSTRAINED,10.0,0.0,1.0,1.0
classroom_rl/UNDERCONSTRAINED/parsed-file4327_inv5.als,classroom_rl,UNDERCONSTRAINED,10.0,0.0,1.0,1.0
classroom_rl/UNDERCONSTRAINED/parsed-file4340_inv14.als,classroom_rl,UNDERCONSTRAINED,13.0,0.638,1.0,0.362
classroom_rl/UNDERCONSTRAINED/parsed-file4372_inv14.als,classroom_rl,UNDERCONSTRAINED,47.0,0.638,1.0,0.362
classroom_rl/UNDERCONSTRAINED/parsed-file4379_inv9.als,classroom_rl,UNDERCONSTRAINED,13.0,0.0,1.0,1.0
classroom_rl/UNDERCONSTRAINED/parsed-file4382_inv8.als,classroom_rl,UNDERCONSTRAINED,4.0,0.0,1.0,1.0
classroom_rl/UNDERCONSTRAINED/parsed-file4406_inv9.als,classroom_rl,UNDERCONSTRAINED,30.0,0.0,1.0,1.0
classroom_rl/UNDERCONSTRAINED/parsed-file4435_inv5.als,classroom_rl,UNDERCONSTRAINED,11.0,0.0,1.0,1.0
classroom_rl/UNDERCONSTRAINED/parsed-file4488_inv13.als,classroom_rl,UNDERCONSTRAINED,14.0,0.503,1.0,0.497
classroom_rl/UNDERCONSTRAINED/parsed-file4501_inv15.als,classroom_rl,UNDERCONSTRAINED,45.0,0.001,1.0,0.999
classroom_rl/UNDERCONSTRAINED/parsed-file4516_inv14.als,classroom_rl,UNDERCONSTRAINED,16.0,0.442,1.0,0.558
classroom_rl/UNDERCONSTRAINED/parsed-file4525_inv14.als,classroom_rl,UNDERCONSTRAINED,16.0,0.442,1.0,0.558
classroom_rl/UNDERCONSTRAINED/parsed-file4527_inv14.als,classroom_rl,UNDERCONSTRAINED,16.0,0.442,1.0,0.558
classroom_rl/UNDERCONSTRAINED/parsed-file4576_inv11.als,classroom_rl,UNDERCONSTRAINED,12.0,0.0,1.0,1.0
classroom_rl/UNDERCONSTRAINED/parsed-file457_inv14.als,classroom_rl,UNDERCONSTRAINED,35.0,0.153,1.0,0.847
classroom_rl/UNDERCONSTRAINED/parsed-file4600_inv14.als,classroom_rl,UNDERCONSTRAINED,11.0,0.638,1.0,0.362
classroom_rl/UNDERCONSTRAINED/parsed-file4615_inv14.als,classroom_rl,UNDERCONSTRAINED,32.0,0.442,1.0,0.558
classroom_rl/UNDERCONSTRAINED/parsed-file4623_inv14.als,classroom_rl,UNDERCONSTRAINED,12.0,0.442,1.0,0.558
classroom_rl/UNDERCONSTRAINED/parsed-file4636_inv12.als,classroom_rl,UNDERCONSTRAINED,30.0,0.017,1.0,0.983
classroom_rl/UNDERCONSTRAINED/parsed-file4656_inv13.als,classroom_rl,UNDERCONSTRAINED,21.0,0.752,1.0,0.248
classroom_rl/UNDERCONSTRAINED/parsed-file4711_inv15.als,classroom_rl,UNDERCONSTRAINED,50.0,0.001,1.0,0.999
classroom_rl/UNDERCONSTRAINED/parsed-file529_inv14.als,classroom_rl,UNDERCONSTRAINED,34.0,0.442,1.0,0.558
classroom_rl/UNDERCONSTRAINED/parsed-file535_inv14.als,classroom_rl,UNDERCONSTRAINED,32.0,0.638,1.0,0.362
classroom_rl/UNDERCONSTRAINED/parsed-file56_inv12.als,classroom_rl,UNDERCONSTRAINED,6.0,0.0,1.0,1.0
classroom_rl/UNDERCONSTRAINED/parsed-file609_inv14.als,classroom_rl,UNDERCONSTRAINED,16.0,0.0,1.0,1.0
classroom_rl/UNDERCONSTRAINED/parsed-file619_inv14.als,classroom_rl,UNDERCONSTRAINED,46.0,0.001,1.0,0.999
classroom_rl/UNDERCONSTRAINED/parsed-file636_inv14.als,classroom_rl,UNDERCONSTRAINED,46.0,0.001,1.0,0.999
classroom_rl/UNDERCONSTRAINED/parsed-file646_inv11.als,classroom_rl,UNDERCONSTRAINED,10.0,0.801,1.0,0.199
classroom_rl/UNDERCONSTRAINED/parsed-file669_inv5.als,classroom_rl,UNDERCONSTRAINED,8.0,0.001,1.0,0.999
classroom_rl/UNDERCONSTRAINED/parsed-file66_inv9.als,classroom_rl,UNDERCONSTRAINED,5.0,0.0,1.0,1.0
classroom_rl/UNDERCONSTRAINED/parsed-file68_inv14.als,classroom_rl,UNDERCONSTRAINED,27.0,0.638,1.0,0.362
classroom_rl/UNDERCONSTRAINED/parsed-file719_inv10.als,classroom_rl,UNDERCONSTRAINED,9.0,0.0,1.0,1.0
classroom_rl/UNDERCONSTRAINED/parsed-file722_inv14.als,classroom_rl,UNDERCONSTRAINED,12.0,0.442,1.0,0.558
classroom_rl/UNDERCONSTRAINED/parsed-file723_inv14.als,classroom_rl,UNDERCONSTRAINED,43.0,0.0,1.0,1.0
classroom_rl/UNDERCONSTRAINED/parsed-file776_inv15.als,classroom_rl,UNDERCONSTRAINED,45.0,0.752,1.0,0.248
classroom_rl/UNDERCONSTRAINED/parsed-file850_inv14.als,classroom_rl,UNDERCONSTRAINED,18.0,0.442,1.0,0.558
classroom_rl/UNDERCONSTRAINED/parsed-file900_inv5.als,classroom_rl,UNDERCONSTRAINED,3.0,0.0,1.0,1.0
classroom_rl/UNDERCONSTRAINED/parsed-file910_inv14.als,classroom_rl,UNDERCONSTRAINED,52.0,0.0,1.0,1.0
classroom_rl/UNDERCONSTRAINED/parsed-file992_inv12.als,classroom_rl,UNDERCONSTRAINED,32.0,0.017,1.0,0.983
cv_v1/BOTH/parsed-file104_Inv3.als,cv_v1,BOTH,33.0,0.054,1.0,0.946
cv_v1/BOTH/parsed-file120_Inv1.als,cv_v1,BOTH,16.0,0.001,1.0,0.999
cv_v1/BOTH/parsed-file130_Inv3.als,cv_v1,BOTH,43.0,0.019,1.0,0.981
cv_v1/BOTH/parsed-file133_Inv1.als,cv_v1,BOTH,14.0,0.0,1.0,1.0
cv_v1/BOTH/parsed-file14_Inv2.als,cv_v1,BOTH,35.0,0.0,1.0,1.0
cv_v1/BOTH/parsed-file181_Inv3.als,cv_v1,BOTH,24.0,0.084,1.0,0.916
cv_v1/BOTH/parsed-file199_Inv1.als,cv_v1,BOTH,12.0,0.023,1.0,0.977
cv_v1/BOTH/parsed-file203_Inv1.als,cv_v1,BOTH,14.0,0.0,1.0,1.0
cv_v1/BOTH/parsed-file213_Inv3.als,cv_v1,BOTH,42.0,0.168,1.0,0.832
cv_v1/BOTH/parsed-file245_Inv1.als,cv_v1,BOTH,21.0,0.001,1.0,0.999
cv_v1/BOTH/parsed-file248_Inv1.als,cv_v1,BOTH,14.0,0.001,1.0,0.999
cv_v1/BOTH/parsed-file250_Inv3.als,cv_v1,BOTH,19.0,0.454,1.0,0.546
cv_v1/BOTH/parsed-file276_Inv1.als,cv_v1,BOTH,8.0,0.127,1.0,0.873
cv_v1/BOTH/parsed-file290_Inv3.als,cv_v1,BOTH,43.0,0.168,1.0,0.832
cv_v1/BOTH/parsed-file304_Inv3.als,cv_v1,BOTH,34.0,0.168,1.0,0.832
cv_v1/BOTH/parsed-file309_Inv2.als,cv_v1,BOTH,19.0,0.0,1.0,1.0
cv_v1/BOTH/parsed-file316_Inv3.als,cv_v1,BOTH,38.0,0.58,1.0,0.42
cv_v1/BOTH/parsed-file327_Inv1.als,cv_v1,BOTH,9.0,0.127,1.0,0.873
cv_v1/BOTH/parsed-file330_Inv3.als,cv_v1,BOTH,43.0,0.019,1.0,0.981
cv_v1/BOTH/parsed-file340_Inv1.als,cv_v1,BOTH,9.0,0.127,1.0,0.873
cv_v1/BOTH/parsed-file363_Inv3.als,cv_v1,BOTH,43.0,0.033,1.0,0.967
cv_v1/BOTH/parsed-file386_Inv3.als,cv_v1,BOTH,39.0,0.218,1.0,0.782
cv_v1/BOTH/parsed-file397_Inv3.als,cv_v1,BOTH,36.0,0.019,1.0,0.981
cv_v1/BOTH/parsed-file399_Inv1.als,cv_v1,BOTH,14.0,0.001,1.0,0.999
cv_v1/BOTH/parsed-file422_Inv1.als,cv_v1,BOTH,8.0,0.127,1.0,0.873
cv_v1/BOTH/parsed-file423_Inv1.als,cv_v1,BOTH,8.0,0.127,1.0,0.873
cv_v1/BOTH/parsed-file424_Inv2.als,cv_v1,BOTH,27.0,0.0,1.0,1.0
cv_v1/BOTH/parsed-file434_Inv3.als,cv_v1,BOTH,40.0,0.334,1.0,0.666
cv_v1/BOTH/parsed-file46_Inv1.als,cv_v1,BOTH,14.0,0.001,1.0,0.999
cv_v1/BOTH/parsed-file482_Inv3.als,cv_v1,BOTH,44.0,0.011,1.0,0.989
cv_v1/BOTH/parsed-file489_Inv2.als,cv_v1,BOTH,35.0,0.0,1.0,1.0
cv_v1/BOTH/parsed-file490_Inv3.als,cv_v1,BOTH,43.0,0.155,1.0,0.845
cv_v1/BOTH/parsed-file495_Inv2.als,cv_v1,BOTH,38.0,0.0,1.0,1.0
cv_v1/BOTH/parsed-file500_Inv3.als,cv_v1,BOTH,33.0,0.073,1.0,0.927
cv_v1/BOTH/parsed-file513_Inv2.als,cv_v1,BOTH,21.0,0.0,1.0,1.0
cv_v1/BOTH/parsed-file540_Inv2.als,cv_v1,BOTH,26.0,0.0,1.0,1.0
cv_v1/BOTH/parsed-file547_Inv2.als,cv_v1,BOTH,26.0,0.0,1.0,1.0
cv_v1/BOTH/parsed-file554_Inv3.als,cv_v1,BOTH,38.0,0.58,1.0,0.42
cv_v1/BOTH/parsed-file569_Inv3.als,cv_v1,BOTH,46.0,0.033,1.0,0.967
cv_v1/BOTH/parsed-file574_Inv3.als,cv_v1,BOTH,43.0,0.0,1.0,1.0
cv_v1/BOTH/parsed-file57_Inv3.als,cv_v1,BOTH,58.0,0.595,1.0,0.405
cv_v1/BOTH/parsed-file581_Inv2.als,cv_v1,BOTH,28.0,0.0,1.0,1.0
cv_v1/BOTH/parsed-file602_Inv1.als,cv_v1,BOTH,13.0,0.0,1.0,1.0
cv_v1/BOTH/parsed-file612_Inv2.als,cv_v1,BOTH,16.0,0.0,1.0,1.0
cv_v1/BOTH/parsed-file614_Inv2.als,cv_v1,BOTH,35.0,0.0,1.0,1.0
cv_v1/BOTH/parsed-file617_Inv3.als,cv_v1,BOTH,45.0,0.57,1.0,0.43
cv_v1/BOTH/parsed-file61_Inv1.als,cv_v1,BOTH,27.0,0.252,1.0,0.748
cv_v1/BOTH/parsed-file628_Inv3.als,cv_v1,BOTH,52.0,0.595,1.0,0.405
cv_v1/BOTH/parsed-file635_Inv3.als,cv_v1,BOTH,23.0,0.334,1.0,0.666
cv_v1/BOTH/parsed-file63_Inv2.als,cv_v1,BOTH,25.0,0.0,1.0,1.0
cv_v1/BOTH/parsed-file649_Inv3.als,cv_v1,BOTH,20.0,0.454,1.0,0.546
cv_v1/BOTH/parsed-file650_Inv3.als,cv_v1,BOTH,44.0,0.011,1.0,0.989
cv_v1/BOTH/parsed-file673_Inv2.als,cv_v1,BOTH,30.0,0.903,1.0,0.097
cv_v1/BOTH/parsed-file698_Inv3.als,cv_v1,BOTH,41.0,0.126,1.0,0.874
cv_v1/BOTH/parsed-file703_Inv1.als,cv_v1,BOTH,13.0,0.001,1.0,0.999
cv_v1/BOTH/parsed-file752_Inv3.als,cv_v1,BOTH,37.0,0.168,1.0,0.832
cv_v1/BOTH/parsed-file754_Inv3.als,cv_v1,BOTH,43.0,0.168,1.0,0.832
cv_v1/BOTH/parsed-file75_Inv3.als,cv_v1,BOTH,44.0,0.155,1.0,0.845
cv_v1/BOTH/parsed-file772_Inv3.als,cv_v1,BOTH,33.0,0.054,1.0,0.946
cv_v1/BOTH/parsed-file787_Inv2.als,cv_v1,BOTH,16.0,0.0,1.0,1.0
cv_v1/BOTH/parsed-file820_Inv3.als,cv_v1,BOTH,18.0,0.454,1.0,0.546
cv_v1/BOTH/parsed-file84_Inv2.als,cv_v1,BOTH,25.0,0.864,1.0,0.136
cv_v1/BOTH/parsed-file894_Inv1.als,cv_v1,BOTH,9.0,0.127,1.0,0.873
cv_v1/BOTH/parsed-file899_Inv3.als,cv_v1,BOTH,42.0,0.168,1.0,0.832
cv_v1/BOTH/parsed-file930_Inv3.als,cv_v1,BOTH,46.0,0.033,1.0,0.967
cv_v1/BOTH/parsed-file935_Inv2.als,cv_v1,BOTH,16.0,0.0,1.0,1.0
cv_v1/BOTH/parsed-file937_Inv2.als,cv_v1,BOTH,18.0,0.291,1.0,0.709
cv_v1/BOTH/parsed-file93_Inv3.als,cv_v1,BOTH,37.0,0.12,1.0,0.88
cv_v1/CORRECT/parsed-file111_Inv3.als,cv_v1,CORRECT,38.0,1.0,1.0,0.0
cv_v1/CORRECT/parsed-file12_Inv2.als,cv_v1,CORRECT,29.0,1.0,1.0,0.0
cv_v1/CORRECT/parsed-file137_Inv1.als,cv_v1,CORRECT,0.0,1.0,1.0,0.0
cv_v1/CORRECT/parsed-file194_Inv3.als,cv_v1,CORRECT,0.0,1.0,1.0,0.0
cv_v1/CORRECT/parsed-file195_Inv2.als,cv_v1,CORRECT,20.0,1.0,1.0,0.0
cv_v1/CORRECT/parsed-file198_Inv3.als,cv_v1,CORRECT,35.0,1.0,1.0,0.0
cv_v1/CORRECT/parsed-file201_Inv2.als,cv_v1,CORRECT,29.0,1.0,1.0,0.0
cv_v1/CORRECT/parsed-file222_Inv2.als,cv_v1,CORRECT,29.0,1.0,1.0,0.0
cv_v1/CORRECT/parsed-file230_Inv1.als,cv_v1,CORRECT,8.0,1.0,1.0,0.0
cv_v1/CORRECT/parsed-file257_Inv2.als,cv_v1,CORRECT,28.0,1.0,1.0,0.0
cv_v1/CORRECT/parsed-file301_Inv1.als,cv_v1,CORRECT,16.0,1.0,1.0,0.0
cv_v1/CORRECT/parsed-file303_Inv2.als,cv_v1,CORRECT,29.0,1.0,1.0,0.0
cv_v1/CORRECT/parsed-file305_Inv1.als,cv_v1,CORRECT,8.0,1.0,1.0,0.0
cv_v1/CORRECT/parsed-file323_Inv1.als,cv_v1,CORRECT,26.0,1.0,1.0,0.0
cv_v1/CORRECT/parsed-file328_Inv3.als,cv_v1,CORRECT,0.0,1.0,1.0,0.0
cv_v1/CORRECT/parsed-file346_Inv1.als,cv_v1,CORRECT,14.0,1.0,1.0,0.0
cv_v1/CORRECT/parsed-file397_Inv1.als,cv_v1,CORRECT,14.0,1.0,1.0,0.0
cv_v1/CORRECT/parsed-file397_Inv2.als,cv_v1,CORRECT,29.0,1.0,1.0,0.0
cv_v1/CORRECT/parsed-file415_Inv1.als,cv_v1,CORRECT,8.0,1.0,1.0,0.0
cv_v1/CORRECT/parsed-file425_Inv1.als,cv_v1,CORRECT,0.0,1.0,1.0,0.0
cv_v1/CORRECT/parsed-file428_Inv1.als,cv_v1,CORRECT,0.0,1.0,1.0,0.0
cv_v1/CORRECT/parsed-file42_Inv2.als,cv_v1,CORRECT,29.0,1.0,1.0,0.0
cv_v1/CORRECT/parsed-file439_Inv2.als,cv_v1,CORRECT,28.0,1.0,1.0,0.0
cv_v1/CORRECT/parsed-file491_Inv2.als,cv_v1,CORRECT,12.0,1.0,1.0,0.0
cv_v1/CORRECT/parsed-file505_Inv1.als,cv_v1,CORRECT,0.0,1.0,1.0,0.0
cv_v1/CORRECT/parsed-file505_Inv2.als,cv_v1,CORRECT,28.0,1.0,1.0,0.0
cv_v1/CORRECT/parsed-file509_Inv2.als,cv_v1,CORRECT,29.0,1.0,1.0,0.0
cv_v1/CORRECT/parsed-file518_Inv3.als,cv_v1,CORRECT,0.0,1.0,1.0,0.0
cv_v1/CORRECT/parsed-file522_Inv1.als,cv_v1,CORRECT,0.0,1.0,1.0,0.0
cv_v1/CORRECT/parsed-file53_Inv3.als,cv_v1,CORRECT,33.0,1.0,1.0,0.0
cv_v1/CORRECT/parsed-file542_Inv1.als,cv_v1,CORRECT,0.0,1.0,1.0,0.0
cv_v1/CORRECT/parsed-file561_Inv2.als,cv_v1,CORRECT,29.0,1.0,1.0,0.0
cv_v1/CORRECT/parsed-file578_Inv3.als,cv_v1,CORRECT,33.0,1.0,1.0,0.0
cv_v1/CORRECT/parsed-file581_Inv1.als,cv_v1,CORRECT,7.0,1.0,1.0,0.0
cv_v1/CORRECT/parsed-file584_Inv2.als,cv_v1,CORRECT,29.0,1.0,1.0,0.0
cv_v1/CORRECT/parsed-file588_Inv2.als,cv_v1,CORRECT,29.0,1.0,1.0,0.0
cv_v1/CORRECT/parsed-file58_Inv2.als,cv_v1,CORRECT,0.0,1.0,1.0,0.0
cv_v1/CORRECT/parsed-file596_Inv1.als,cv_v1,CORRECT,0.0,1.0,1.0,0.0
cv_v1/CORRECT/parsed-file607_Inv2.als,cv_v1,CORRECT,29.0,1.0,1.0,0.0
cv_v1/CORRECT/parsed-file60_Inv3.als,cv_v1,CORRECT,31.0,1.0,1.0,0.0
cv_v1/CORRECT/parsed-file620_Inv2.als,cv_v1,CORRECT,29.0,1.0,1.0,0.0
cv_v1/CORRECT/parsed-file629_Inv2.als,cv_v1,CORRECT,29.0,1.0,1.0,0.0
cv_v1/CORRECT/parsed-file635_Inv1.als,cv_v1,CORRECT,16.0,1.0,1.0,0.0
cv_v1/CORRECT/parsed-file639_Inv2.als,cv_v1,CORRECT,29.0,1.0,1.0,0.0
cv_v1/CORRECT/parsed-file642_Inv2.als,cv_v1,CORRECT,20.0,1.0,1.0,0.0
cv_v1/CORRECT/parsed-file676_Inv1.als,cv_v1,CORRECT,0.0,1.0,1.0,0.0
cv_v1/CORRECT/parsed-file697_Inv1.als,cv_v1,CORRECT,16.0,1.0,1.0,0.0
cv_v1/CORRECT/parsed-file728_Inv2.als,cv_v1,CORRECT,22.0,1.0,1.0,0.0
cv_v1/CORRECT/parsed-file72_Inv1.als,cv_v1,CORRECT,8.0,1.0,1.0,0.0
cv_v1/CORRECT/parsed-file731_Inv3.als,cv_v1,CORRECT,33.0,1.0,1.0,0.0
cv_v1/CORRECT/parsed-file742_Inv1.als,cv_v1,CORRECT,0.0,1.0,1.0,0.0
cv_v1/CORRECT/parsed-file745_Inv2.als,cv_v1,CORRECT,29.0,1.0,1.0,0.0
cv_v1/CORRECT/parsed-file756_Inv2.als,cv_v1,CORRECT,29.0,1.0,1.0,0.0
cv_v1/CORRECT/parsed-file770_Inv2.als,cv_v1,CORRECT,29.0,1.0,1.0,0.0
cv_v1/CORRECT/parsed-file778_Inv2.als,cv_v1,CORRECT,28.0,1.0,1.0,0.0
cv_v1/CORRECT/parsed-file833_Inv3.als,cv_v1,CORRECT,40.0,1.0,1.0,0.0
cv_v1/CORRECT/parsed-file850_Inv2.als,cv_v1,CORRECT,38.0,1.0,1.0,0.0
cv_v1/CORRECT/parsed-file854_Inv2.als,cv_v1,CORRECT,0.0,1.0,1.0,0.0
cv_v1/CORRECT/parsed-file857_Inv1.als,cv_v1,CORRECT,0.0,1.0,1.0,0.0
cv_v1/CORRECT/parsed-file883_Inv3.als,cv_v1,CORRECT,34.0,1.0,1.0,0.0
cv_v1/CORRECT/parsed-file891_Inv1.als,cv_v1,CORRECT,14.0,1.0,1.0,0.0
cv_v1/CORRECT/parsed-file895_Inv1.als,cv_v1,CORRECT,14.0,1.0,1.0,0.0
cv_v1/CORRECT/parsed-file896_Inv2.als,cv_v1,CORRECT,0.0,1.0,1.0,0.0
cv_v1/CORRECT/parsed-file909_Inv2.als,cv_v1,CORRECT,29.0,1.0,1.0,0.0
cv_v1/CORRECT/parsed-file929_Inv3.als,cv_v1,CORRECT,40.0,1.0,1.0,0.0
cv_v1/CORRECT/parsed-file931_Inv1.als,cv_v1,CORRECT,0.0,1.0,1.0,0.0
cv_v1/CORRECT/parsed-file934_Inv1.als,cv_v1,CORRECT,14.0,1.0,1.0,0.0
cv_v1/CORRECT/parsed-file95_Inv3.als,cv_v1,CORRECT,33.0,1.0,1.0,0.0
cv_v1/CORRECT/parsed-file9_Inv2.als,cv_v1,CORRECT,22.0,1.0,1.0,0.0
cv_v1/OVERCONSTRAINED/parsed-file114_Inv2.als,cv_v1,OVERCONSTRAINED,31.0,0.0,1.0,1.0
cv_v1/OVERCONSTRAINED/parsed-file126_Inv1.als,cv_v1,OVERCONSTRAINED,17.0,0.291,1.0,0.709
cv_v1/OVERCONSTRAINED/parsed-file131_Inv1.als,cv_v1,OVERCONSTRAINED,3.0,1.0,1.0,0.0
cv_v1/OVERCONSTRAINED/parsed-file131_Inv2.als,cv_v1,OVERCONSTRAINED,29.0,1.0,1.0,0.0
cv_v1/OVERCONSTRAINED/parsed-file132_Inv3.als,cv_v1,OVERCONSTRAINED,38.0,0.0,1.0,1.0
cv_v1/OVERCONSTRAINED/parsed-file137_Inv3.als,cv_v1,OVERCONSTRAINED,38.0,0.538,1.0,0.462
cv_v1/OVERCONSTRAINED/parsed-file141_Inv3.als,cv_v1,OVERCONSTRAINED,43.0,0.0,1.0,1.0
cv_v1/OVERCONSTRAINED/parsed-file142_Inv2.als,cv_v1,OVERCONSTRAINED,31.0,0.0,1.0,1.0
cv_v1/OVERCONSTRAINED/parsed-file150_Inv3.als,cv_v1,OVERCONSTRAINED,18.0,0.0,1.0,1.0
cv_v1/OVERCONSTRAINED/parsed-file155_Inv2.als,cv_v1,OVERCONSTRAINED,31.0,0.0,1.0,1.0
cv_v1/OVERCONSTRAINED/parsed-file163_Inv3.als,cv_v1,OVERCONSTRAINED,39.0,0.396,1.0,0.604
cv_v1/OVERCONSTRAINED/parsed-file165_Inv3.als,cv_v1,OVERCONSTRAINED,24.0,0.0,1.0,1.0
cv_v1/OVERCONSTRAINED/parsed-file166_Inv2.als,cv_v1,OVERCONSTRAINED,20.0,0.787,1.0,0.213
cv_v1/OVERCONSTRAINED/parsed-file175_Inv3.als,cv_v1,OVERCONSTRAINED,33.0,0.0,1.0,1.0
cv_v1/OVERCONSTRAINED/parsed-file191_Inv2.als,cv_v1,OVERCONSTRAINED,23.0,0.078,1.0,0.922
cv_v1/OVERCONSTRAINED/parsed-file206_Inv3.als,cv_v1,OVERCONSTRAINED,21.0,0.0,1.0,1.0
cv_v1/OVERCONSTRAINED/parsed-file208_Inv3.als,cv_v1,OVERCONSTRAINED,41.0,0.0,1.0,1.0
cv_v1/OVERCONSTRAINED/parsed-file211_Inv2.als,cv_v1,OVERCONSTRAINED,28.0,0.0,1.0,1.0
cv_v1/OVERCONSTRAINED/parsed-file215_Inv3.als,cv_v1,OVERCONSTRAINED,39.0,0.538,1.0,0.462
cv_v1/OVERCONSTRAINED/parsed-file228_Inv1.als,cv_v1,OVERCONSTRAINED,15.0,0.0,1.0,1.0
cv_v1/OVERCONSTRAINED/parsed-file234_Inv3.als,cv_v1,OVERCONSTRAINED,31.0,0.0,1.0,1.0
cv_v1/OVERCONSTRAINED/parsed-file255_Inv3.als,cv_v1,OVERCONSTRAINED,36.0,0.0,1.0,1.0
cv_v1/OVERCONSTRAINED/parsed-file265_Inv2.als,cv_v1,OVERCONSTRAINED,30.0,0.0,1.0,1.0
cv_v1/OVERCONSTRAINED/parsed-file275_Inv3.als,cv_v1,OVERCONSTRAINED,22.0,0.0,1.0,1.0
cv_v1/OVERCONSTRAINED/parsed-file284_Inv3.als,cv_v1,OVERCONSTRAINED,38.0,0.0,1.0,1.0
cv_v1/OVERCONSTRAINED/parsed-file288_Inv3.als,cv_v1,OVERCONSTRAINED,39.0,0.396,1.0,0.604
cv_v1/OVERCONSTRAINED/parsed-file28_Inv1.als,cv_v1,OVERCONSTRAINED,20.0,0.0,1.0,1.0
cv_v1/OVERCONSTRAINED/parsed-file291_Inv2.als,cv_v1,OVERCONSTRAINED,15.0,1.0,1.0,0.0
cv_v1/OVERCONSTRAINED/parsed-file306_Inv3.als,cv_v1,OVERCONSTRAINED,32.0,0.0,1.0,1.0
cv_v1/OVERCONSTRAINED/parsed-file310_Inv2.als,cv_v1,OVERCONSTRAINED,32.0,0.404,1.0,0.596
cv_v1/OVERCONSTRAINED/parsed-file318_Inv1.als,cv_v1,OVERCONSTRAINED,3.0,1.0,1.0,0.0
cv_v1/OVERCONSTRAINED/parsed-file324_Inv2.als,cv_v1,OVERCONSTRAINED,16.0,0.252,1.0,0.748
cv_v1/OVERCONSTRAINED/parsed-file336_Inv3.als,cv_v1,OVERCONSTRAINED,21.0,0.0,1.0,1.0
cv_v1/OVERCONSTRAINED/parsed-file348_Inv3.als,cv_v1,OVERCONSTRAINED,46.0,0.0,1.0,1.0
cv_v1/OVERCONSTRAINED/parsed-file360_Inv2.als,cv_v1,OVERCONSTRAINED,29.0,0.0,1.0,1.0
cv_v1/OVERCONSTRAINED/parsed-file361_Inv3.als,cv_v1,OVERCONSTRAINED,20.0,0.0,1.0,1.0
cv_v1/OVERCONSTRAINED/parsed-file365_Inv2.als,cv_v1,OVERCONSTRAINED,28.0,0.039,1.0,0.961
cv_v1/OVERCONSTRAINED/parsed-file36_Inv2.als,cv_v1,OVERCONSTRAINED,33.0,0.0,1.0,1.0
cv_v1/OVERCONSTRAINED/parsed-file374_Inv2.als,cv_v1,OVERCONSTRAINED,25.0,0.252,1.0,0.748
cv_v1/OVERCONSTRAINED/parsed-file381_Inv1.als,cv_v1,OVERCONSTRAINED,14.0,0.0,1.0,1.0
cv_v1/OVERCONSTRAINED/parsed-file394_Inv2.als,cv_v1,OVERCONSTRAINED,29.0,0.0,1.0,1.0
cv_v1/OVERCONSTRAINED/parsed-file395_Inv3.als,cv_v1,OVERCONSTRAINED,10.0,0.538,1.0,0.462
cv_v1/OVERCONSTRAINED/parsed-file39_Inv3.als,cv_v1,OVERCONSTRAINED,22.0,0.0,1.0,1.0
cv_v1/OVERCONSTRAINED/parsed-file40_Inv3.als,cv_v1,OVERCONSTRAINED,40.0,0.0,1.0,1.0
cv_v1/OVERCONSTRAINED/parsed-file428_Inv2.als,cv_v1,OVERCONSTRAINED,28.0,0.0,1.0,1.0
cv_v1/OVERCONSTRAINED/parsed-file441_Inv3.als,cv_v1,OVERCONSTRAINED,27.0,0.0,1.0,1.0
cv_v1/OVERCONSTRAINED/parsed-file445_Inv3.als,cv_v1,OVERCONSTRAINED,21.0,0.05,1.0,0.95
cv_v1/OVERCONSTRAINED/parsed-file449_Inv2.als,cv_v1,OVERCONSTRAINED,12.0,0.787,1.0,0.213
cv_v1/OVERCONSTRAINED/parsed-file456_Inv2.als,cv_v1,OVERCONSTRAINED,29.0,0.0,1.0,1.0
cv_v1/OVERCONSTRAINED/parsed-file460_Inv3.als,cv_v1,OVERCONSTRAINED,31.0,0.0,1.0,1.0
cv_v1/OVERCONSTRAINED/parsed-file462_Inv3.als,cv_v1,OVERCONSTRAINED,43.0,0.0,1.0,1.0
cv_v1/OVERCONSTRAINED/parsed-file465_Inv3.als,cv_v1,OVERCONSTRAINED,33.0,0.0,1.0,1.0
cv_v1/OVERCONSTRAINED/parsed-file468_Inv1.als,cv_v1,OVERCONSTRAINED,9.0,0.0,1.0,1.0
cv_v1/OVERCONSTRAINED/parsed-file472_Inv2.als,cv_v1,OVERCONSTRAINED,29.0,0.0,1.0,1.0
cv_v1/OVERCONSTRAINED/parsed-file476_Inv3.als,cv_v1,OVERCONSTRAINED,24.0,0.0,1.0,1.0
cv_v1/OVERCONSTRAINED/parsed-file480_Inv1.als,cv_v1,OVERCONSTRAINED,14.0,0.0,1.0,1.0
cv_v1/OVERCONSTRAINED/parsed-file487_Inv2.als,cv_v1,OVERCONSTRAINED,30.0,0.0,1.0,1.0
cv_v1/OVERCONSTRAINED/parsed-file48_Inv3.als,cv_v1,OVERCONSTRAINED,22.0,0.0,1.0,1.0
cv_v1/OVERCONSTRAINED/parsed-file492_Inv2.als,cv_v1,OVERCONSTRAINED,28.0,0.291,1.0,0.709
cv_v1/OVERCONSTRAINED/parsed-file498_Inv3.als,cv_v1,OVERCONSTRAINED,11.0,0.0,1.0,1.0
cv_v1/OVERCONSTRAINED/parsed-file502_Inv3.als,cv_v1,OVERCONSTRAINED,43.0,0.0,1.0,1.0
cv_v1/OVERCONSTRAINED/parsed-file506_Inv3.als,cv_v1,OVERCONSTRAINED,21.0,0.0,1.0,1.0
cv_v1/OVERCONSTRAINED/parsed-file507_Inv1.als,cv_v1,OVERCONSTRAINED,9.0,1.0,1.0,0.0
cv_v1/OVERCONSTRAINED/parsed-file516_Inv3.als,cv_v1,OVERCONSTRAINED,18.0,0.0,1.0,1.0
cv_v1/OVERCONSTRAINED/parsed-file530_Inv3.als,cv_v1,OVERCONSTRAINED,22.0,0.0,1.0,1.0
cv_v1/OVERCONSTRAINED/parsed-file543_Inv3.als,cv_v1,OVERCONSTRAINED,37.0,0.0,1.0,1.0
cv_v1/OVERCONSTRAINED/parsed-file551_Inv2.als,cv_v1,OVERCONSTRAINED,23.0,0.078,1.0,0.922
cv_v1/OVERCONSTRAINED/parsed-file558_Inv3.als,cv_v1,OVERCONSTRAINED,11.0,0.0,1.0,1.0
cv_v1/OVERCONSTRAINED/parsed-file562_Inv3.als,cv_v1,OVERCONSTRAINED,26.0,0.0,1.0,1.0
cv_v1/OVERCONSTRAINED/parsed-file563_Inv3.als,cv_v1,OVERCONSTRAINED,31.0,0.522,1.0,0.478
cv_v1/OVERCONSTRAINED/parsed-file576_Inv3.als,cv_v1,OVERCONSTRAINED,36.0,0.0,1.0,1.0
cv_v1/OVERCONSTRAINED/parsed-file586_Inv1.als,cv_v1,OVERCONSTRAINED,14.0,0.0,1.0,1.0
cv_v1/OVERCONSTRAINED/parsed-file587_Inv3.als,cv_v1,OVERCONSTRAINED,43.0,0.0,1.0,1.0
cv_v1/OVERCONSTRAINED/parsed-file590_Inv1.als,cv_v1,OVERCONSTRAINED,9.0,0.0,1.0,1.0
cv_v1/OVERCONSTRAINED/parsed-file593_Inv3.als,cv_v1,OVERCONSTRAINED,32.0,0.0,1.0,1.0
cv_v1/OVERCONSTRAINED/parsed-file596_Inv3.als,cv_v1,OVERCONSTRAINED,22.0,0.0,1.0,1.0
cv_v1/OVERCONSTRAINED/parsed-file605_Inv2.als,cv_v1,OVERCONSTRAINED,15.0,0.787,1.0,0.213
cv_v1/OVERCONSTRAINED/parsed-file608_Inv3.als,cv_v1,OVERCONSTRAINED,33.0,0.0,1.0,1.0
cv_v1/OVERCONSTRAINED/parsed-file624_Inv2.als,cv_v1,OVERCONSTRAINED,25.0,0.252,1.0,0.748
cv_v1/OVERCONSTRAINED/parsed-file636_Inv3.als,cv_v1,OVERCONSTRAINED,39.0,0.0,1.0,1.0
cv_v1/OVERCONSTRAINED/parsed-file640_Inv2.als,cv_v1,OVERCONSTRAINED,30.0,0.0,1.0,1.0
cv_v1/OVERCONSTRAINED/parsed-file642_Inv3.als,cv_v1,OVERCONSTRAINED,32.0,0.0,1.0,1.0
cv_v1/OVERCONSTRAINED/parsed-file64_Inv3.als,cv_v1,OVERCONSTRAINED,36.0,0.0,1.0,1.0
cv_v1/OVERCONSTRAINED/parsed-file654_Inv2.als,cv_v1,OVERCONSTRAINED,14.0,0.039,1.0,0.961
cv_v1/OVERCONSTRAINED/parsed-file666_Inv2.als,cv_v1,OVERCONSTRAINED,28.0,0.787,1.0,0.213
cv_v1/OVERCONSTRAINED/parsed-file679_Inv1.als,cv_v1,OVERCONSTRAINED,14.0,0.0,1.0,1.0
cv_v1/OVERCONSTRAINED/parsed-file697_Inv3.als,cv_v1,OVERCONSTRAINED,42.0,0.0,1.0,1.0
cv_v1/OVERCONSTRAINED/parsed-file704_Inv2.als,cv_v1,OVERCONSTRAINED,21.0,0.0,1.0,1.0
cv_v1/OVERCONSTRAINED/parsed-file706_Inv1.als,cv_v1,OVERCONSTRAINED,11.0,0.291,1.0,0.709
cv_v1/OVERCONSTRAINED/parsed-file710_Inv2.als,cv_v1,OVERCONSTRAINED,25.0,0.252,1.0,0.748
cv_v1/OVERCONSTRAINED/parsed-file711_Inv1.als,cv_v1,OVERCONSTRAINED,14.0,0.0,1.0,1.0
cv_v1/OVERCONSTRAINED/parsed-file721_Inv3.als,cv_v1,OVERCONSTRAINED,10.0,0.0,1.0,1.0
cv_v1/OVERCONSTRAINED/parsed-file728_Inv3.als,cv_v1,OVERCONSTRAINED,38.0,0.0,1.0,1.0
cv_v1/OVERCONSTRAINED/parsed-file738_Inv3.als,cv_v1,OVERCONSTRAINED,28.0,0.0,1.0,1.0
cv_v1/OVERCONSTRAINED/parsed-file742_Inv3.als,cv_v1,OVERCONSTRAINED,30.0,0.0,1.0,1.0
cv_v1/OVERCONSTRAINED/parsed-file744_Inv3.als,cv_v1,OVERCONSTRAINED,43.0,0.0,1.0,1.0
cv_v1/OVERCONSTRAINED/parsed-file750_Inv3.als,cv_v1,OVERCONSTRAINED,43.0,0.05,1.0,0.95
cv_v1/OVERCONSTRAINED/parsed-file764_Inv2.als,cv_v1,OVERCONSTRAINED,30.0,0.0,1.0,1.0
cv_v1/OVERCONSTRAINED/parsed-file779_Inv3.als,cv_v1,OVERCONSTRAINED,39.0,0.0,1.0,1.0
cv_v1/OVERCONSTRAINED/parsed-file789_Inv2.als,cv_v1,OVERCONSTRAINED,28.0,0.826,1.0,0.174
cv_v1/OVERCONSTRAINED/parsed-file797_Inv2.als,cv_v1,OVERCONSTRAINED,33.0,0.0,1.0,1.0
cv_v1/OVERCONSTRAINED/parsed-file801_Inv3.als,cv_v1,OVERCONSTRAINED,38.0,0.0,1.0,1.0
cv_v1/OVERCONSTRAINED/parsed-file810_Inv2.als,cv_v1,OVERCONSTRAINED,33.0,0.404,1.0,0.596
cv_v1/OVERCONSTRAINED/parsed-file825_Inv3.als,cv_v1,OVERCONSTRAINED,23.0,0.0,1.0,1.0
cv_v1/OVERCONSTRAINED/parsed-file846_Inv1.als,cv_v1,OVERCONSTRAINED,3.0,1.0,1.0,0.0
cv_v1/OVERCONSTRAINED/parsed-file857_Inv3.als,cv_v1,OVERCONSTRAINED,40.0,0.0,1.0,1.0
cv_v1/OVERCONSTRAINED/parsed-file861_Inv2.als,cv_v1,OVERCONSTRAINED,15.0,1.0,1.0,0.0
cv_v1/OVERCONSTRAINED/parsed-file868_Inv2.als,cv_v1,OVERCONSTRAINED,25.0,0.252,1.0,0.748
cv_v1/OVERCONSTRAINED/parsed-file869_Inv1.als,cv_v1,OVERCONSTRAINED,7.0,0.0,1.0,1.0
cv_v1/OVERCONSTRAINED/parsed-file877_Inv1.als,cv_v1,OVERCONSTRAINED,11.0,0.0,1.0,1.0
cv_v1/OVERCONSTRAINED/parsed-file88_Inv2.als,cv_v1,OVERCONSTRAINED,29.0,0.0,1.0,1.0
cv_v1/OVERCONSTRAINED/parsed-file914_Inv1.als,cv_v1,OVERCONSTRAINED,14.0,0.0,1.0,1.0
cv_v1/OVERCONSTRAINED/parsed-file918_Inv2.als,cv_v1,OVERCONSTRAINED,28.0,0.078,1.0,0.922
cv_v1/OVERCONSTRAINED/parsed-file919_Inv2.als,cv_v1,OVERCONSTRAINED,25.0,0.252,1.0,0.748
cv_v1/OVERCONSTRAINED/parsed-file920_Inv3.als,cv_v1,OVERCONSTRAINED,30.0,0.0,1.0,1.0
cv_v1/OVERCONSTRAINED/parsed-file92_Inv3.als,cv_v1,OVERCONSTRAINED,24.0,0.0,1.0,1.0
cv_v1/OVERCONSTRAINED/parsed-file933_Inv3.als,cv_v1,OVERCONSTRAINED,46.0,0.0,1.0,1.0
cv_v1/OVERCONSTRAINED/parsed-file94_Inv2.als,cv_v1,OVERCONSTRAINED,27.0,0.787,1.0,0.213
cv_v1/UNDERCONSTRAINED/parsed-file109_Inv2.als,cv_v1,UNDERCONSTRAINED,33.0,1.0,1.0,0.0
cv_v1/UNDERCONSTRAINED/parsed-file112_Inv1.als,cv_v1,UNDERCONSTRAINED,13.0,0.0,1.0,1.0
cv_v1/UNDERCONSTRAINED/parsed-file126_Inv2.als,cv_v1,UNDERCONSTRAINED,27.0,0.0,1.0,1.0
cv_v1/UNDERCONSTRAINED/parsed-file153_Inv2.als,cv_v1,UNDERCONSTRAINED,30.0,0.0,1.0,1.0
cv_v1/UNDERCONSTRAINED/parsed-file164_Inv2.als,cv_v1,UNDERCONSTRAINED,18.0,0.0,1.0,1.0
cv_v1/UNDERCONSTRAINED/parsed-file182_Inv3.als,cv_v1,UNDERCONSTRAINED,42.0,0.0,1.0,1.0
cv_v1/UNDERCONSTRAINED/parsed-file185_Inv1.als,cv_v1,UNDERCONSTRAINED,14.0,0.001,1.0,0.999
cv_v1/UNDERCONSTRAINED/parsed-file20_Inv1.als,cv_v1,UNDERCONSTRAINED,9.0,0.0,1.0,1.0
cv_v1/UNDERCONSTRAINED/parsed-file224_Inv1.als,cv_v1,UNDERCONSTRAINED,14.0,0.001,1.0,0.999
cv_v1/UNDERCONSTRAINED/parsed-file232_Inv3.als,cv_v1,UNDERCONSTRAINED,18.0,0.0,1.0,1.0
cv_v1/UNDERCONSTRAINED/parsed-file235_Inv3.als,cv_v1,UNDERCONSTRAINED,43.0,0.0,1.0,1.0
cv_v1/UNDERCONSTRAINED/parsed-file239_Inv1.als,cv_v1,UNDERCONSTRAINED,7.0,0.0,1.0,1.0
cv_v1/UNDERCONSTRAINED/parsed-file257_Inv3.als,cv_v1,UNDERCONSTRAINED,37.0,0.0,1.0,1.0
cv_v1/UNDERCONSTRAINED/parsed-file261_Inv3.als,cv_v1,UNDERCONSTRAINED,34.0,0.0,1.0,1.0
cv_v1/UNDERCONSTRAINED/parsed-file26_Inv2.als,cv_v1,UNDERCONSTRAINED,19.0,0.0,1.0,1.0
cv_v1/UNDERCONSTRAINED/parsed-file305_Inv2.als,cv_v1,UNDERCONSTRAINED,31.0,1.0,1.0,0.0
cv_v1/UNDERCONSTRAINED/parsed-file313_Inv1.als,cv_v1,UNDERCONSTRAINED,13.0,0.001,1.0,0.999
cv_v1/UNDERCONSTRAINED/parsed-file317_Inv2.als,cv_v1,UNDERCONSTRAINED,33.0,0.782,1.0,0.218
cv_v1/UNDERCONSTRAINED/parsed-file329_Inv1.als,cv_v1,UNDERCONSTRAINED,7.0,0.0,1.0,1.0
cv_v1/UNDERCONSTRAINED/parsed-file353_Inv1.als,cv_v1,UNDERCONSTRAINED,14.0,0.001,1.0,0.999
cv_v1/UNDERCONSTRAINED/parsed-file367_Inv3.als,cv_v1,UNDERCONSTRAINED,19.0,0.437,1.0,0.563
cv_v1/UNDERCONSTRAINED/parsed-file389_Inv1.als,cv_v1,UNDERCONSTRAINED,14.0,0.0,1.0,1.0
cv_v1/UNDERCONSTRAINED/parsed-file393_Inv1.als,cv_v1,UNDERCONSTRAINED,4.0,0.0,1.0,1.0
cv_v1/UNDERCONSTRAINED/parsed-file467_Inv3.als,cv_v1,UNDERCONSTRAINED,38.0,0.943,1.0,0.057
cv_v1/UNDERCONSTRAINED/parsed-file470_Inv1.als,cv_v1,UNDERCONSTRAINED,16.0,0.0,1.0,1.0
cv_v1/UNDERCONSTRAINED/parsed-file512_Inv1.als,cv_v1,UNDERCONSTRAINED,14.0,0.0,1.0,1.0
cv_v1/UNDERCONSTRAINED/parsed-file528_Inv2.als,cv_v1,UNDERCONSTRAINED,35.0,0.0,1.0,1.0
cv_v1/UNDERCONSTRAINED/parsed-file548_Inv3.als,cv_v1,UNDERCONSTRAINED,38.0,0.0,1.0,1.0
cv_v1/UNDERCONSTRAINED/parsed-file557_Inv1.als,cv_v1,UNDERCONSTRAINED,14.0,0.001,1.0,0.999
cv_v1/UNDERCONSTRAINED/parsed-file589_Inv1.als,cv_v1,UNDERCONSTRAINED,14.0,0.252,1.0,0.748
cv_v1/UNDERCONSTRAINED/parsed-file611_Inv1.als,cv_v1,UNDERCONSTRAINED,14.0,0.001,1.0,0.999
cv_v1/UNDERCONSTRAINED/parsed-file658_Inv3.als,cv_v1,UNDERCONSTRAINED,44.0,0.0,1.0,1.0
cv_v1/UNDERCONSTRAINED/parsed-file676_Inv2.als,cv_v1,UNDERCONSTRAINED,15.0,0.0,1.0,1.0
cv_v1/UNDERCONSTRAINED/parsed-file693_Inv2.als,cv_v1,UNDERCONSTRAINED,34.0,0.0,1.0,1.0
cv_v1/UNDERCONSTRAINED/parsed-file695_Inv2.als,cv_v1,UNDERCONSTRAINED,28.0,0.0,1.0,1.0
cv_v1/UNDERCONSTRAINED/parsed-file713_Inv1.als,cv_v1,UNDERCONSTRAINED,14.0,0.0,1.0,1.0
cv_v1/UNDERCONSTRAINED/parsed-file724_Inv2.als,cv_v1,UNDERCONSTRAINED,30.0,0.0,1.0,1.0
cv_v1/UNDERCONSTRAINED/parsed-file727_Inv2.als,cv_v1,UNDERCONSTRAINED,29.0,0.0,1.0,1.0
cv_v1/UNDERCONSTRAINED/parsed-file730_Inv1.als,cv_v1,UNDERCONSTRAINED,13.0,0.001,1.0,0.999
cv_v1/UNDERCONSTRAINED/parsed-file740_Inv2.als,cv_v1,UNDERCONSTRAINED,37.0,0.0,1.0,1.0
cv_v1/UNDERCONSTRAINED/parsed-file767_Inv3.als,cv_v1,UNDERCONSTRAINED,23.0,0.0,1.0,1.0
cv_v1/UNDERCONSTRAINED/parsed-file774_Inv2.als,cv_v1,UNDERCONSTRAINED,29.0,0.0,1.0,1.0
cv_v1/UNDERCONSTRAINED/parsed-file798_Inv2.als,cv_v1,UNDERCONSTRAINED,36.0,0.0,1.0,1.0
cv_v1/UNDERCONSTRAINED/parsed-file807_Inv1.als,cv_v1,UNDERCONSTRAINED,13.0,0.001,1.0,0.999
cv_v1/UNDERCONSTRAINED/parsed-file80_Inv1.als,cv_v1,UNDERCONSTRAINED,19.0,0.001,1.0,0.999
cv_v1/UNDERCONSTRAINED/parsed-file821_Inv3.als,cv_v1,UNDERCONSTRAINED,43.0,0.0,1.0,1.0
cv_v1/UNDERCONSTRAINED/parsed-file828_Inv3.als,cv_v1,UNDERCONSTRAINED,34.0,0.0,1.0,1.0
cv_v1/UNDERCONSTRAINED/parsed-file839_Inv2.als,cv_v1,UNDERCONSTRAINED,36.0,0.0,1.0,1.0
cv_v1/UNDERCONSTRAINED/parsed-file851_Inv3.als,cv_v1,UNDERCONSTRAINED,48.0,0.0,1.0,1.0
cv_v1/UNDERCONSTRAINED/parsed-file86_Inv2.als,cv_v1,UNDERCONSTRAINED,30.0,0.0,1.0,1.0
cv_v1/UNDERCONSTRAINED/parsed-file881_Inv2.als,cv_v1,UNDERCONSTRAINED,31.0,0.0,1.0,1.0
cv_v1/UNDERCONSTRAINED/parsed-file888_Inv2.als,cv_v1,UNDERCONSTRAINED,30.0,0.0,1.0,1.0
cv_v1/UNDERCONSTRAINED/parsed-file909_Inv1.als,cv_v1,UNDERCONSTRAINED,14.0,0.001,1.0,0.999
cv_v1/UNDERCONSTRAINED/parsed-file923_Inv1.als,cv_v1,UNDERCONSTRAINED,9.0,0.0,1.0,1.0
cv_v1/UNDERCONSTRAINED/parsed-file925_Inv3.als,cv_v1,UNDERCONSTRAINED,35.0,0.0,1.0,1.0
cv_v2/BOTH/parsed-file104_Inv2.als,cv_v2,BOTH,37.0,0.0,1.0,1.0
cv_v2/BOTH/parsed-file126_Inv3.als,cv_v2,BOTH,62.0,0.054,1.0,0.946
cv_v2/BOTH/parsed-file145_Inv3.als,cv_v2,BOTH,39.0,0.073,1.0,0.927
cv_v2/BOTH/parsed-file151_Inv2.als,cv_v2,BOTH,31.0,0.729,1.0,0.271
cv_v2/BOTH/parsed-file154_Inv2.als,cv_v2,BOTH,51.0,0.291,1.0,0.709
cv_v2/BOTH/parsed-file168_Inv3.als,cv_v2,BOTH,36.0,0.019,1.0,0.981
cv_v2/BOTH/parsed-file173_Inv1.als,cv_v2,BOTH,12.0,0.001,1.0,0.999
cv_v2/BOTH/parsed-file174_Inv2.als,cv_v2,BOTH,36.0,0.0,1.0,1.0
cv_v2/BOTH/parsed-file177_Inv2.als,cv_v2,BOTH,40.0,0.0,1.0,1.0
cv_v2/BOTH/parsed-file180_Inv3.als,cv_v2,BOTH,31.0,0.334,1.0,0.666
cv_v2/BOTH/parsed-file206_Inv3.als,cv_v2,BOTH,40.0,0.397,1.0,0.603
cv_v2/BOTH/parsed-file208_Inv3.als,cv_v2,BOTH,38.0,0.454,1.0,0.546
cv_v2/BOTH/parsed-file228_Inv3.als,cv_v2,BOTH,31.0,0.334,1.0,0.666
cv_v2/BOTH/parsed-file249_Inv3.als,cv_v2,BOTH,38.0,0.019,1.0,0.981
cv_v2/BOTH/parsed-file267_Inv2.als,cv_v2,BOTH,40.0,0.0,1.0,1.0
cv_v2/BOTH/parsed-file283_Inv2.als,cv_v2,BOTH,18.0,0.0,1.0,1.0
cv_v2/BOTH/parsed-file29_Inv3.als,cv_v2,BOTH,31.0,0.334,1.0,0.666
cv_v2/BOTH/parsed-file365_Inv3.als,cv_v2,BOTH,34.0,0.334,1.0,0.666
cv_v2/BOTH/parsed-file39_Inv3.als,cv_v2,BOTH,36.0,0.454,1.0,0.546
cv_v2/BOTH/parsed-file45_Inv2.als,cv_v2,BOTH,38.0,0.208,1.0,0.792
cv_v2/BOTH/parsed-file82_Inv3.als,cv_v2,BOTH,26.0,0.334,1.0,0.666
cv_v2/CORRECT/parsed-file127_Inv1.als,cv_v2,CORRECT,0.0,1.0,1.0,0.0
cv_v2/CORRECT/parsed-file12_Inv2.als,cv_v2,CORRECT,32.0,1.0,1.0,0.0
cv_v2/CORRECT/parsed-file144_Inv2.als,cv_v2,CORRECT,28.0,1.0,1.0,0.0
cv_v2/CORRECT/parsed-file14_Inv1.als,cv_v2,CORRECT,11.0,1.0,1.0,0.0
cv_v2/CORRECT/parsed-file16_Inv2.als,cv_v2,CORRECT,24.0,1.0,1.0,0.0
cv_v2/CORRECT/parsed-file190_Inv2.als,cv_v2,CORRECT,22.0,1.0,1.0,0.0
cv_v2/CORRECT/parsed-file231_Inv3.als,cv_v2,CORRECT,36.0,1.0,1.0,0.0
cv_v2/CORRECT/parsed-file236_Inv3.als,cv_v2,CORRECT,36.0,1.0,1.0,0.0
cv_v2/CORRECT/parsed-file241_Inv3.als,cv_v2,CORRECT,39.0,1.0,1.0,0.0
cv_v2/CORRECT/parsed-file253_Inv3.als,cv_v2,CORRECT,33.0,1.0,1.0,0.0
cv_v2/CORRECT/parsed-file254_Inv2.als,cv_v2,CORRECT,29.0,1.0,1.0,0.0
cv_v2/CORRECT/parsed-file288_Inv2.als,cv_v2,CORRECT,29.0,1.0,1.0,0.0
cv_v2/CORRECT/parsed-file296_Inv3.als,cv_v2,CORRECT,34.0,1.0,1.0,0.0
cv_v2/CORRECT/parsed-file2_Inv2.als,cv_v2,CORRECT,29.0,1.0,1.0,0.0
cv_v2/CORRECT/parsed-file301_Inv1.als,cv_v2,CORRECT,0.0,1.0,1.0,0.0
cv_v2/CORRECT/parsed-file303_Inv2.als,cv_v2,CORRECT,29.0,1.0,1.0,0.0
cv_v2/CORRECT/parsed-file304_Inv3.als,cv_v2,CORRECT,26.0,1.0,1.0,0.0
cv_v2/CORRECT/parsed-file305_Inv1.als,cv_v2,CORRECT,14.0,1.0,1.0,0.0
cv_v2/CORRECT/parsed-file321_Inv3.als,cv_v2,CORRECT,34.0,1.0,1.0,0.0
cv_v2/CORRECT/parsed-file332_Inv2.als,cv_v2,CORRECT,29.0,1.0,1.0,0.0
cv_v2/CORRECT/parsed-file341_Inv1.als,cv_v2,CORRECT,0.0,1.0,1.0,0.0
cv_v2/CORRECT/parsed-file341_Inv2.als,cv_v2,CORRECT,29.0,1.0,1.0,0.0
cv_v2/CORRECT/parsed-file346_Inv1.als,cv_v2,CORRECT,36.0,1.0,1.0,0.0
cv_v2/CORRECT/parsed-file347_Inv2.als,cv_v2,CORRECT,59.0,1.0,1.0,0.0
cv_v2/CORRECT/parsed-file349_Inv2.als,cv_v2,CORRECT,32.0,1.0,1.0,0.0
cv_v2/CORRECT/parsed-file353_Inv3.als,cv_v2,CORRECT,34.0,1.0,1.0,0.0
cv_v2/CORRECT/parsed-file380_Inv2.als,cv_v2,CORRECT,36.0,1.0,1.0,0.0
cv_v2/CORRECT/parsed-file39_Inv2.als,cv_v2,CORRECT,25.0,1.0,1.0,0.0
cv_v2/CORRECT/parsed-file41_Inv1.als,cv_v2,CORRECT,16.0,1.0,1.0,0.0
cv_v2/CORRECT/parsed-file44_Inv1.als,cv_v2,CORRECT,11.0,1.0,1.0,0.0
cv_v2/CORRECT/parsed-file5_Inv1.als,cv_v2,CORRECT,14.0,1.0,1.0,0.0
cv_v2/CORRECT/parsed-file5_Inv2.als,cv_v2,CORRECT,29.0,1.0,1.0,0.0
cv_v2/CORRECT/parsed-file65_Inv2.als,cv_v2,CORRECT,24.0,1.0,1.0,0.0
cv_v2/CORRECT/parsed-file72_Inv1.als,cv_v2,CORRECT,14.0,1.0,1.0,0.0
cv_v2/OVERCONSTRAINED/parsed-file109_Inv3.als,cv_v2,OVERCONSTRAINED,34.0,0.0,1.0,1.0
cv_v2/OVERCONSTRAINED/parsed-file112_Inv3.als,cv_v2,OVERCONSTRAINED,38.0,0.0,1.0,1.0
cv_v2/OVERCONSTRAINED/parsed-file132_Inv2.als,cv_v2,OVERCONSTRAINED,28.0,0.826,1.0,0.174
cv_v2/OVERCONSTRAINED/parsed-file155_Inv3.als,cv_v2,OVERCONSTRAINED,37.0,0.538,1.0,0.462
cv_v2/OVERCONSTRAINED/parsed-file164_Inv2.als,cv_v2,OVERCONSTRAINED,28.0,0.826,1.0,0.174
cv_v2/OVERCONSTRAINED/parsed-file179_Inv2.als,cv_v2,OVERCONSTRAINED,35.0,0.787,1.0,0.213
cv_v2/OVERCONSTRAINED/parsed-file183_Inv3.als,cv_v2,OVERCONSTRAINED,24.0,0.0,1.0,1.0
cv_v2/OVERCONSTRAINED/parsed-file197_Inv3.als,cv_v2,OVERCONSTRAINED,38.0,0.0,1.0,1.0
cv_v2/OVERCONSTRAINED/parsed-file199_Inv3.als,cv_v2,OVERCONSTRAINED,23.0,0.0,1.0,1.0
cv_v2/OVERCONSTRAINED/parsed-file19_Inv3.als,cv_v2,OVERCONSTRAINED,38.0,0.0,1.0,1.0
cv_v2/OVERCONSTRAINED/parsed-file218_Inv2.als,cv_v2,OVERCONSTRAINED,23.0,1.0,1.0,0.0
cv_v2/OVERCONSTRAINED/parsed-file254_Inv3.als,cv_v2,OVERCONSTRAINED,40.0,0.0,1.0,1.0
cv_v2/OVERCONSTRAINED/parsed-file25_Inv3.als,cv_v2,OVERCONSTRAINED,40.0,0.0,1.0,1.0
cv_v2/OVERCONSTRAINED/parsed-file261_Inv2.als,cv_v2,OVERCONSTRAINED,15.0,1.0,1.0,0.0
cv_v2/OVERCONSTRAINED/parsed-file264_Inv2.als,cv_v2,OVERCONSTRAINED,22.0,0.787,1.0,0.213
cv_v2/OVERCONSTRAINED/parsed-file26_Inv3.als,cv_v2,OVERCONSTRAINED,26.0,0.0,1.0,1.0
cv_v2/OVERCONSTRAINED/parsed-file272_Inv2.als,cv_v2,OVERCONSTRAINED,27.0,0.117,1.0,0.883
cv_v2/OVERCONSTRAINED/parsed-file27_Inv3.als,cv_v2,OVERCONSTRAINED,39.0,0.0,1.0,1.0
cv_v2/OVERCONSTRAINED/parsed-file289_Inv2.als,cv_v2,OVERCONSTRAINED,28.0,0.826,1.0,0.174
cv_v2/OVERCONSTRAINED/parsed-file290_Inv2.als,cv_v2,OVERCONSTRAINED,27.0,0.291,1.0,0.709
cv_v2/OVERCONSTRAINED/parsed-file301_Inv3.als,cv_v2,OVERCONSTRAINED,55.0,0.0,1.0,1.0
cv_v2/OVERCONSTRAINED/parsed-file306_Inv2.als,cv_v2,OVERCONSTRAINED,29.0,0.825,1.0,0.175
cv_v2/OVERCONSTRAINED/parsed-file311_Inv3.als,cv_v2,OVERCONSTRAINED,39.0,0.0,1.0,1.0
cv_v2/OVERCONSTRAINED/parsed-file329_Inv3.als,cv_v2,OVERCONSTRAINED,34.0,0.522,1.0,0.478
cv_v2/OVERCONSTRAINED/parsed-file351_Inv3.als,cv_v2,OVERCONSTRAINED,43.0,0.05,1.0,0.95
cv_v2/OVERCONSTRAINED/parsed-file35_Inv2.als,cv_v2,OVERCONSTRAINED,35.0,0.0,1.0,1.0
cv_v2/OVERCONSTRAINED/parsed-file360_Inv3.als,cv_v2,OVERCONSTRAINED,34.0,0.0,1.0,1.0
cv_v2/OVERCONSTRAINED/parsed-file361_Inv2.als,cv_v2,OVERCONSTRAINED,32.0,0.404,1.0,0.596
cv_v2/OVERCONSTRAINED/parsed-file363_Inv3.als,cv_v2,OVERCONSTRAINED,37.0,0.0,1.0,1.0
cv_v2/OVERCONSTRAINED/parsed-file386_Inv3.als,cv_v2,OVERCONSTRAINED,38.0,0.0,1.0,1.0
cv_v2/OVERCONSTRAINED/parsed-file43_Inv2.als,cv_v2,OVERCONSTRAINED,37.0,1.0,1.0,0.0
cv_v2/OVERCONSTRAINED/parsed-file46_Inv3.als,cv_v2,OVERCONSTRAINED,34.0,0.0,1.0,1.0
cv_v2/OVERCONSTRAINED/parsed-file52_Inv3.als,cv_v2,OVERCONSTRAINED,40.0,0.396,1.0,0.604
cv_v2/OVERCONSTRAINED/parsed-file59_Inv3.als,cv_v2,OVERCONSTRAINED,39.0,0.0,1.0,1.0
cv_v2/OVERCONSTRAINED/parsed-file66_Inv3.als,cv_v2,OVERCONSTRAINED,34.0,0.0,1.0,1.0
cv_v2/OVERCONSTRAINED/parsed-file74_Inv2.als,cv_v2,OVERCONSTRAINED,37.0,1.0,1.0,0.0
cv_v2/OVERCONSTRAINED/parsed-file7_Inv3.als,cv_v2,OVERCONSTRAINED,25.0,0.0,1.0,1.0
cv_v2/OVERCONSTRAINED/parsed-file86_Inv3.als,cv_v2,OVERCONSTRAINED,66.0,0.0,1.0,1.0
cv_v2/OVERCONSTRAINED/parsed-file8_Inv2.als,cv_v2,OVERCONSTRAINED,27.0,0.174,1.0,0.826
cv_v2/OVERCONSTRAINED/parsed-file9_Inv3.als,cv_v2,OVERCONSTRAINED,52.0,0.538,1.0,0.462
cv_v2/UNDERCONSTRAINED/parsed-file103_Inv1.als,cv_v2,UNDERCONSTRAINED,14.0,0.252,1.0,0.748
cv_v2/UNDERCONSTRAINED/parsed-file166_Inv1.als,cv_v2,UNDERCONSTRAINED,13.0,0.001,1.0,0.999
cv_v2/UNDERCONSTRAINED/parsed-file170_Inv1.als,cv_v2,UNDERCONSTRAINED,14.0,0.001,1.0,0.999
cv_v2/UNDERCONSTRAINED/parsed-file184_Inv2.als,cv_v2,UNDERCONSTRAINED,35.0,0.0,1.0,1.0
cv_v2/UNDERCONSTRAINED/parsed-file18_Inv3.als,cv_v2,UNDERCONSTRAINED,64.0,0.0,1.0,1.0
cv_v2/UNDERCONSTRAINED/parsed-file210_Inv1.als,cv_v2,UNDERCONSTRAINED,6.0,0.0,1.0,1.0
cv_v2/UNDERCONSTRAINED/parsed-file317_Inv1.als,cv_v2,UNDERCONSTRAINED,14.0,0.001,1.0,0.999
cv_v2/UNDERCONSTRAINED/parsed-file336_Inv3.als,cv_v2,UNDERCONSTRAINED,40.0,0.0,1.0,1.0
cv_v2/UNDERCONSTRAINED/parsed-file355_Inv2.als,cv_v2,UNDERCONSTRAINED,36.0,0.0,1.0,1.0
cv_v2/UNDERCONSTRAINED/parsed-file44_Inv3.als,cv_v2,UNDERCONSTRAINED,36.0,0.0,1.0,1.0
cv_v2/UNDERCONSTRAINED/parsed-file60_Inv2.als,cv_v2,UNDERCONSTRAINED,30.0,0.0,1.0,1.0
cv_v2/UNDERCONSTRAINED/parsed-file81_Inv1.als,cv_v2,UNDERCONSTRAINED,2.0,0.001,1.0,0.999
lts/BOTH/parsed-file1018_inv4.als,lts,BOTH,19.0,0.161,1.0,0.839
lts/BOTH/parsed-file1022_inv4.als,lts,BOTH,21.0,0.161,1.0,0.839
lts/BOTH/parsed-file1066_inv4.als,lts,BOTH,15.0,0.923,1.0,0.077
lts/BOTH/parsed-file1068_inv4.als,lts,BOTH,29.0,0.0,1.0,1.0
lts/BOTH/parsed-file106_inv4.als,lts,BOTH,21.0,0.0,1.0,1.0
lts/BOTH/parsed-file1096_inv4.als,lts,BOTH,14.0,0.412,1.0,0.588
lts/BOTH/parsed-file1104_inv1.als,lts,BOTH,12.0,0.025,1.0,0.975
lts/BOTH/parsed-file1118_inv1.als,lts,BOTH,11.0,0.006,1.0,0.994
lts/BOTH/parsed-file1142_inv3.als,lts,BOTH,8.0,0.106,1.0,0.894
lts/BOTH/parsed-file1147_inv3.als,lts,BOTH,17.0,0.297,1.0,0.703
lts/BOTH/parsed-file1206_inv5.als,lts,BOTH,24.0,0.097,1.0,0.903
lts/BOTH/parsed-file1244_inv1.als,lts,BOTH,11.0,0.025,1.0,0.975
lts/BOTH/parsed-file1268_inv3.als,lts,BOTH,32.0,0.106,1.0,0.894
lts/BOTH/parsed-file1294_inv4.als,lts,BOTH,11.0,0.001,1.0,0.999
lts/BOTH/parsed-file1297_inv1.als,lts,BOTH,2.0,0.068,1.0,0.932
lts/BOTH/parsed-file1320_inv3.als,lts,BOTH,5.0,0.093,1.0,0.907
lts/BOTH/parsed-file1343_inv3.als,lts,BOTH,8.0,0.106,1.0,0.894
lts/BOTH/parsed-file1367_inv4.als,lts,BOTH,17.0,0.008,1.0,0.992
lts/BOTH/parsed-file1376_inv4.als,lts,BOTH,25.0,0.008,1.0,0.992
lts/BOTH/parsed-file1417_inv4.als,lts,BOTH,19.0,0.236,1.0,0.764
lts/BOTH/parsed-file1422_inv4.als,lts,BOTH,19.0,0.008,1.0,0.992
lts/BOTH/parsed-file1508_inv3.als,lts,BOTH,8.0,0.106,1.0,0.894
lts/BOTH/parsed-file1516_inv4.als,lts,BOTH,17.0,0.0,1.0,1.0
lts/BOTH/parsed-file1525_inv5.als,lts,BOTH,24.0,0.042,1.0,0.958
lts/BOTH/parsed-file154_inv2.als,lts,BOTH,1.0,0.01,1.0,0.99
lts/BOTH/parsed-file1559_inv4.als,lts,BOTH,21.0,0.256,1.0,0.744
lts/BOTH/parsed-file1562_inv3.als,lts,BOTH,24.0,0.106,1.0,0.894
lts/BOTH/parsed-file1585_inv4.als,lts,BOTH,25.0,0.0,1.0,1.0
lts/BOTH/parsed-file1602_inv3.als,lts,BOTH,14.0,0.029,1.0,0.971
lts/BOTH/parsed-file1604_inv7.als,lts,BOTH,20.0,0.239,1.0,0.761
lts/BOTH/parsed-file1606_inv7.als,lts,BOTH,24.0,0.0,1.0,1.0
lts/BOTH/parsed-file1618_inv7.als,lts,BOTH,22.0,0.0,1.0,1.0
lts/BOTH/parsed-file1627_inv3.als,lts,BOTH,18.0,0.106,1.0,0.894
lts/BOTH/parsed-file163_inv4.als,lts,BOTH,21.0,0.161,1.0,0.839
lts/BOTH/parsed-file1644_inv4.als,lts,BOTH,5.0,0.923,1.0,0.077
lts/BOTH/parsed-file1666_inv3.als,lts,BOTH,8.0,0.093,1.0,0.907
lts/BOTH/parsed-file1691_inv7.als,lts,BOTH,24.0,0.0,1.0,1.0
lts/BOTH/parsed-file1708_inv1.als,lts,BOTH,12.0,0.025,1.0,0.975
lts/BOTH/parsed-file1729_inv4.als,lts,BOTH,16.0,0.254,1.0,0.746
lts/BOTH/parsed-file1741_inv4.als,lts,BOTH,11.0,0.108,1.0,0.892
lts/BOTH/parsed-file1744_inv5.als,lts,BOTH,22.0,0.0,1.0,1.0
lts/BOTH/parsed-file1759_inv5.als,lts,BOTH,11.0,0.13,1.0,0.87
lts/BOTH/parsed-file1769_inv4.als,lts,BOTH,14.0,0.657,1.0,0.343
lts/BOTH/parsed-file1791_inv3.als,lts,BOTH,19.0,0.106,1.0,0.894
lts/BOTH/parsed-file1795_inv3.als,lts,BOTH,16.0,0.248,1.0,0.752
lts/BOTH/parsed-file1832_inv7.als,lts,BOTH,22.0,0.0,1.0,1.0
lts/BOTH/parsed-file1853_inv1.als,lts,BOTH,11.0,0.012,1.0,0.988
lts/BOTH/parsed-file1854_inv5.als,lts,BOTH,22.0,0.411,1.0,0.589
lts/BOTH/parsed-file1889_inv4.als,lts,BOTH,5.0,0.711,1.0,0.289
lts/BOTH/parsed-file1892_inv5.als,lts,BOTH,16.0,0.0,1.0,1.0
lts/BOTH/parsed-file1893_inv4.als,lts,BOTH,17.0,0.004,1.0,0.996
lts/BOTH/parsed-file1967_inv4.als,lts,BOTH,11.0,0.356,1.0,0.644
lts/BOTH/parsed-file1969_inv4.als,lts,BOTH,15.0,0.419,1.0,0.581
lts/BOTH/parsed-file1971_inv1.als,lts,BOTH,2.0,0.068,1.0,0.932
lts/BOTH/parsed-file1972_inv7.als,lts,BOTH,22.0,0.0,1.0,1.0
lts/BOTH/parsed-file1986_inv1.als,lts,BOTH,12.0,0.025,1.0,0.975
lts/BOTH/parsed-file1989_inv5.als,lts,BOTH,29.0,0.087,1.0,0.913
lts/BOTH/parsed-file2011_inv4.als,lts,BOTH,20.0,0.052,1.0,0.948
lts/BOTH/parsed-file2035_inv4.als,lts,BOTH,14.0,0.412,1.0,0.588
lts/BOTH/parsed-file2074_inv1.als,lts,BOTH,11.0,0.025,1.0,0.975
lts/BOTH/parsed-file2092_inv5.als,lts,BOTH,22.0,0.073,1.0,0.927
lts/BOTH/parsed-file211_inv4.als,lts,BOTH,4.0,0.711,1.0,0.289
lts/BOTH/parsed-file2128_inv4.als,lts,BOTH,11.0,0.417,1.0,0.583
lts/BOTH/parsed-file2164_inv4.als,lts,BOTH,17.0,0.008,1.0,0.992
lts/BOTH/parsed-file2165_inv4.als,lts,BOTH,14.0,0.108,1.0,0.892
lts/BOTH/parsed-file2178_inv4.als,lts,BOTH,25.0,0.0,1.0,1.0
lts/BOTH/parsed-file221_inv5.als,lts,BOTH,23.0,0.086,1.0,0.914
lts/BOTH/parsed-file222_inv5.als,lts,BOTH,16.0,0.0,1.0,1.0
lts/BOTH/parsed-file2250_inv7.als,lts,BOTH,23.0,0.0,1.0,1.0
lts/BOTH/parsed-file2271_inv4.als,lts,BOTH,17.0,0.008,1.0,0.992
lts/BOTH/parsed-file2282_inv4.als,lts,BOTH,19.0,0.0,1.0,1.0
lts/BOTH/parsed-file2364_inv4.als,lts,BOTH,26.0,0.004,1.0,0.996
lts/BOTH/parsed-file2379_inv5.als,lts,BOTH,12.0,0.173,1.0,0.827
lts/BOTH/parsed-file2380_inv7.als,lts,BOTH,20.0,0.232,1.0,0.768
lts/BOTH/parsed-file2381_inv4.als,lts,BOTH,19.0,0.0,1.0,1.0
lts/BOTH/parsed-file2386_inv5.als,lts,BOTH,16.0,0.36,1.0,0.64
lts/BOTH/parsed-file2403_inv7.als,lts,BOTH,20.0,0.561,1.0,0.439
lts/BOTH/parsed-file2410_inv1.als,lts,BOTH,2.0,0.068,1.0,0.932
lts/BOTH/parsed-file2421_inv1.als,lts,BOTH,12.0,0.025,1.0,0.975
lts/BOTH/parsed-file2434_inv4.als,lts,BOTH,18.0,0.161,1.0,0.839
lts/BOTH/parsed-file2439_inv1.als,lts,BOTH,11.0,0.264,1.0,0.736
lts/BOTH/parsed-file2454_inv4.als,lts,BOTH,21.0,0.161,1.0,0.839
lts/BOTH/parsed-file2459_inv3.als,lts,BOTH,7.0,0.186,1.0,0.814
lts/BOTH/parsed-file250_inv3.als,lts,BOTH,19.0,0.085,1.0,0.915
lts/BOTH/parsed-file2515_inv3.als,lts,BOTH,8.0,0.106,1.0,0.894
lts/BOTH/parsed-file2522_inv2.als,lts,BOTH,11.0,0.009,1.0,0.991
lts/BOTH/parsed-file2528_inv5.als,lts,BOTH,17.0,0.0,1.0,1.0
lts/BOTH/parsed-file2536_inv3.als,lts,BOTH,15.0,0.029,1.0,0.971
lts/BOTH/parsed-file2542_inv3.als,lts,BOTH,10.0,0.016,1.0,0.984
lts/BOTH/parsed-file2551_inv3.als,lts,BOTH,17.0,0.297,1.0,0.703
lts/BOTH/parsed-file2557_inv5.als,lts,BOTH,16.0,0.091,1.0,0.909
lts/BOTH/parsed-file2576_inv2.als,lts,BOTH,1.0,0.01,1.0,0.99
lts/BOTH/parsed-file2583_inv1.als,lts,BOTH,11.0,0.025,1.0,0.975
lts/BOTH/parsed-file277_inv3.als,lts,BOTH,19.0,0.085,1.0,0.915
lts/BOTH/parsed-file296_inv4.als,lts,BOTH,5.0,0.923,1.0,0.077
lts/BOTH/parsed-file306_inv1.als,lts,BOTH,8.0,0.024,1.0,0.976
lts/BOTH/parsed-file31_inv3.als,lts,BOTH,19.0,0.046,1.0,0.954
lts/BOTH/parsed-file344_inv3.als,lts,BOTH,8.0,0.106,1.0,0.894
lts/BOTH/parsed-file34_inv2.als,lts,BOTH,13.0,0.039,1.0,0.961
lts/BOTH/parsed-file350_inv4.als,lts,BOTH,18.0,0.161,1.0,0.839
lts/BOTH/parsed-file357_inv4.als,lts,BOTH,20.0,0.45,1.0,0.55
lts/BOTH/parsed-file362_inv3.als,lts,BOTH,8.0,0.106,1.0,0.894
lts/BOTH/parsed-file367_inv4.als,lts,BOTH,19.0,0.008,1.0,0.992
lts/BOTH/parsed-file375_inv5.als,lts,BOTH,22.0,0.411,1.0,0.589
lts/BOTH/parsed-file376_inv5.als,lts,BOTH,22.0,0.086,1.0,0.914
lts/BOTH/parsed-file378_inv4.als,lts,BOTH,13.0,0.008,1.0,0.992
lts/BOTH/parsed-file3_inv4.als,lts,BOTH,10.0,0.0,1.0,1.0
lts/BOTH/parsed-file411_inv5.als,lts,BOTH,23.0,0.064,1.0,0.936
lts/BOTH/parsed-file461_inv5.als,lts,BOTH,17.0,0.091,1.0,0.909
lts/BOTH/parsed-file463_inv3.als,lts,BOTH,24.0,0.106,1.0,0.894
lts/BOTH/parsed-file464_inv5.als,lts,BOTH,23.0,0.034,1.0,0.966
lts/BOTH/parsed-file469_inv4.als,lts,BOTH,11.0,0.417,1.0,0.583
lts/BOTH/parsed-file476_inv4.als,lts,BOTH,16.0,0.412,1.0,0.588
lts/BOTH/parsed-file47_inv3.als,lts,BOTH,14.0,0.0,1.0,1.0
lts/BOTH/parsed-file488_inv1.als,lts,BOTH,8.0,0.024,1.0,0.976
lts/BOTH/parsed-file492_inv7.als,lts,BOTH,20.0,0.91,1.0,0.09
lts/BOTH/parsed-file503_inv1.als,lts,BOTH,11.0,0.025,1.0,0.975
lts/BOTH/parsed-file544_inv4.als,lts,BOTH,15.0,0.0,1.0,1.0
lts/BOTH/parsed-file546_inv5.als,lts,BOTH,23.0,0.0,1.0,1.0
lts/BOTH/parsed-file548_inv7.als,lts,BOTH,48.0,0.048,1.0,0.952
lts/BOTH/parsed-file554_inv1.als,lts,BOTH,11.0,0.025,1.0,0.975
lts/BOTH/parsed-file587_inv4.als,lts,BOTH,19.0,0.04,1.0,0.96
lts/BOTH/parsed-file590_inv4.als,lts,BOTH,13.0,0.236,1.0,0.764
lts/BOTH/parsed-file592_inv3.als,lts,BOTH,8.0,0.106,1.0,0.894
lts/BOTH/parsed-file592_inv4.als,lts,BOTH,13.0,0.108,1.0,0.892
lts/BOTH/parsed-file606_inv4.als,lts,BOTH,17.0,0.004,1.0,0.996
lts/BOTH/parsed-file616_inv4.als,lts,BOTH,13.0,0.236,1.0,0.764
lts/BOTH/parsed-file630_inv5.als,lts,BOTH,20.0,0.285,1.0,0.715
lts/BOTH/parsed-file640_inv1.als,lts,BOTH,11.0,0.025,1.0,0.975
lts/BOTH/parsed-file647_inv4.als,lts,BOTH,11.0,0.236,1.0,0.764
lts/BOTH/parsed-file670_inv7.als,lts,BOTH,24.0,0.0,1.0,1.0
lts/BOTH/parsed-file686_inv3.als,lts,BOTH,10.0,0.248,1.0,0.752
lts/BOTH/parsed-file715_inv4.als,lts,BOTH,19.0,0.002,1.0,0.998
lts/BOTH/parsed-file721_inv3.als,lts,BOTH,14.0,0.046,1.0,0.954
lts/BOTH/parsed-file734_inv3.als,lts,BOTH,14.0,0.029,1.0,0.971
lts/BOTH/parsed-file778_inv3.als,lts,BOTH,10.0,0.248,1.0,0.752
lts/BOTH/parsed-file805_inv4.als,lts,BOTH,15.0,0.648,1.0,0.352
lts/BOTH/parsed-file818_inv3.als,lts,BOTH,7.0,0.186,1.0,0.814
lts/CORRECT/parsed-file1007_inv5.als,lts,CORRECT,7.0,1.0,1.0,0.0
lts/CORRECT/parsed-file104_inv3.als,lts,CORRECT,0.0,1.0,1.0,0.0
lts/CORRECT/parsed-file1052_inv1.als,lts,CORRECT,0.0,1.0,1.0,0.0
lts/CORRECT/parsed-file1066_inv3.als,lts,CORRECT,11.0,1.0,1.0,0.0
lts/CORRECT/parsed-file1078_inv1.als,lts,CORRECT,0.0,1.0,1.0,0.0
lts/CORRECT/parsed-file110_inv1.als,lts,CORRECT,0.0,1.0,1.0,0.0
lts/CORRECT/parsed-file1110_inv1.als,lts,CORRECT,0.0,1.0,1.0,0.0
lts/CORRECT/parsed-file1139_inv3.als,lts,CORRECT,8.0,1.0,1.0,0.0
lts/CORRECT/parsed-file1150_inv5.als,lts,CORRECT,3.0,1.0,1.0,0.0
lts/CORRECT/parsed-file1153_inv1.als,lts,CORRECT,0.0,1.0,1.0,0.0
lts/CORRECT/parsed-file1161_inv2.als,lts,CORRECT,6.0,1.0,1.0,0.0
lts/CORRECT/parsed-file1181_inv5.als,lts,CORRECT,19.0,1.0,1.0,0.0
lts/CORRECT/parsed-file1195_inv5.als,lts,CORRECT,3.0,1.0,1.0,0.0
lts/CORRECT/parsed-file1264_inv5.als,lts,CORRECT,3.0,1.0,1.0,0.0
lts/CORRECT/parsed-file1270_inv3.als,lts,CORRECT,3.0,1.0,1.0,0.0
lts/CORRECT/parsed-file1295_inv5.als,lts,CORRECT,3.0,1.0,1.0,0.0
lts/CORRECT/parsed-file1312_inv3.als,lts,CORRECT,11.0,1.0,1.0,0.0
lts/CORRECT/parsed-file1331_inv3.als,lts,CORRECT,13.0,1.0,1.0,0.0
lts/CORRECT/parsed-file1370_inv3.als,lts,CORRECT,11.0,1.0,1.0,0.0
lts/CORRECT/parsed-file1377_inv3.als,lts,CORRECT,5.0,1.0,1.0,0.0
lts/CORRECT/parsed-file139_inv3.als,lts,CORRECT,11.0,1.0,1.0,0.0
lts/CORRECT/parsed-file1411_inv3.als,lts,CORRECT,11.0,1.0,1.0,0.0
lts/CORRECT/parsed-file1440_inv1.als,lts,CORRECT,13.0,1.0,1.0,0.0
lts/CORRECT/parsed-file1460_inv1.als,lts,CORRECT,0.0,1.0,1.0,0.0
lts/CORRECT/parsed-file156_inv1.als,lts,CORRECT,13.0,1.0,1.0,0.0
lts/CORRECT/parsed-file15_inv1.als,lts,CORRECT,4.0,1.0,1.0,0.0
lts/CORRECT/parsed-file15_inv2.als,lts,CORRECT,0.0,1.0,1.0,0.0
lts/CORRECT/parsed-file1612_inv1.als,lts,CORRECT,13.0,1.0,1.0,0.0
lts/CORRECT/parsed-file1617_inv2.als,lts,CORRECT,0.0,1.0,1.0,0.0
lts/CORRECT/parsed-file1619_inv3.als,lts,CORRECT,27.0,1.0,1.0,0.0
lts/CORRECT/parsed-file1663_inv5.als,lts,CORRECT,3.0,1.0,1.0,0.0
lts/CORRECT/parsed-file1675_inv5.als,lts,CORRECT,3.0,1.0,1.0,0.0
lts/CORRECT/parsed-file1682_inv3.als,lts,CORRECT,5.0,1.0,1.0,0.0
lts/CORRECT/parsed-file1750_inv5.als,lts,CORRECT,3.0,1.0,1.0,0.0
lts/CORRECT/parsed-file1758_inv5.als,lts,CORRECT,3.0,1.0,1.0,0.0
lts/CORRECT/parsed-file1770_inv3.als,lts,CORRECT,0.0,1.0,1.0,0.0
lts/CORRECT/parsed-file1793_inv3.als,lts,CORRECT,0.0,1.0,1.0,0.0
lts/CORRECT/parsed-file1798_inv3.als,lts,CORRECT,0.0,1.0,1.0,0.0
lts/CORRECT/parsed-file1845_inv1.als,lts,CORRECT,5.0,1.0,1.0,0.0
lts/CORRECT/parsed-file1848_inv1.als,lts,CORRECT,13.0,1.0,1.0,0.0
lts/CORRECT/parsed-file1850_inv5.als,lts,CORRECT,3.0,1.0,1.0,0.0
lts/CORRECT/parsed-file1868_inv1.als,lts,CORRECT,0.0,1.0,1.0,0.0
lts/CORRECT/parsed-file1924_inv1.als,lts,CORRECT,0.0,1.0,1.0,0.0
lts/CORRECT/parsed-file1924_inv2.als,lts,CORRECT,0.0,1.0,1.0,0.0
lts/CORRECT/parsed-file1924_inv5.als,lts,CORRECT,3.0,1.0,1.0,0.0
lts/CORRECT/parsed-file1935_inv3.als,lts,CORRECT,8.0,1.0,1.0,0.0
lts/CORRECT/parsed-file1938_inv1.als,lts,CORRECT,0.0,1.0,1.0,0.0
lts/CORRECT/parsed-file1940_inv3.als,lts,CORRECT,8.0,1.0,1.0,0.0
lts/CORRECT/parsed-file1965_inv2.als,lts,CORRECT,0.0,1.0,1.0,0.0
lts/CORRECT/parsed-file2033_inv5.als,lts,CORRECT,3.0,1.0,1.0,0.0
lts/CORRECT/parsed-file2037_inv5.als,lts,CORRECT,0.0,1.0,1.0,0.0
lts/CORRECT/parsed-file2080_inv3.als,lts,CORRECT,0.0,1.0,1.0,0.0
lts/CORRECT/parsed-file2101_inv3.als,lts,CORRECT,0.0,1.0,1.0,0.0
lts/CORRECT/parsed-file2112_inv3.als,lts,CORRECT,13.0,1.0,1.0,0.0
lts/CORRECT/parsed-file2121_inv5.als,lts,CORRECT,7.0,1.0,1.0,0.0
lts/CORRECT/parsed-file2144_inv3.als,lts,CORRECT,27.0,1.0,1.0,0.0
lts/CORRECT/parsed-file2150_inv5.als,lts,CORRECT,3.0,1.0,1.0,0.0
lts/CORRECT/parsed-file2196_inv2.als,lts,CORRECT,10.0,1.0,1.0,0.0
lts/CORRECT/parsed-file2221_inv5.als,lts,CORRECT,28.0,1.0,1.0,0.0
lts/CORRECT/parsed-file223_inv1.als,lts,CORRECT,0.0,1.0,1.0,0.0
lts/CORRECT/parsed-file2241_inv2.als,lts,CORRECT,0.0,1.0,1.0,0.0
lts/CORRECT/parsed-file2245_inv5.als,lts,CORRECT,3.0,1.0,1.0,0.0
lts/CORRECT/parsed-file2263_inv1.als,lts,CORRECT,24.0,1.0,1.0,0.0
lts/CORRECT/parsed-file2288_inv1.als,lts,CORRECT,0.0,1.0,1.0,0.0
lts/CORRECT/parsed-file2301_inv1.als,lts,CORRECT,0.0,1.0,1.0,0.0
lts/CORRECT/parsed-file2309_inv3.als,lts,CORRECT,0.0,1.0,1.0,0.0
lts/CORRECT/parsed-file2314_inv1.als,lts,CORRECT,0.0,1.0,1.0,0.0
lts/CORRECT/parsed-file2328_inv5.als,lts,CORRECT,3.0,1.0,1.0,0.0
lts/CORRECT/parsed-file2345_inv3.als,lts,CORRECT,0.0,1.0,1.0,0.0
lts/CORRECT/parsed-file2346_inv5.als,lts,CORRECT,3.0,1.0,1.0,0.0
lts/CORRECT/parsed-file2400_inv1.als,lts,CORRECT,1.0,1.0,1.0,0.0
lts/CORRECT/parsed-file2408_inv1.als,lts,CORRECT,0.0,1.0,1.0,0.0
lts/CORRECT/parsed-file243_inv1.als,lts,CORRECT,0.0,1.0,1.0,0.0
lts/CORRECT/parsed-file2461_inv1.als,lts,CORRECT,13.0,1.0,1.0,0.0
lts/CORRECT/parsed-file2468_inv5.als,lts,CORRECT,3.0,1.0,1.0,0.0
lts/CORRECT/parsed-file2494_inv1.als,lts,CORRECT,13.0,1.0,1.0,0.0
lts/CORRECT/parsed-file2565_inv3.als,lts,CORRECT,0.0,1.0,1.0,0.0
lts/CORRECT/parsed-file2599_inv3.als,lts,CORRECT,0.0,1.0,1.0,0.0
lts/CORRECT/parsed-file264_inv2.als,lts,CORRECT,0.0,1.0,1.0,0.0
lts/CORRECT/parsed-file264_inv3.als,lts,CORRECT,27.0,1.0,1.0,0.0
lts/CORRECT/parsed-file267_inv1.als,lts,CORRECT,0.0,1.0,1.0,0.0
lts/CORRECT/parsed-file298_inv1.als,lts,CORRECT,0.0,1.0,1.0,0.0
lts/CORRECT/parsed-file29_inv5.als,lts,CORRECT,3.0,1.0,1.0,0.0
lts/CORRECT/parsed-file308_inv1.als,lts,CORRECT,0.0,1.0,1.0,0.0
lts/CORRECT/parsed-file318_inv3.als,lts,CORRECT,0.0,1.0,1.0,0.0
lts/CORRECT/parsed-file32_inv2.als,lts,CORRECT,0.0,1.0,1.0,0.0
lts/CORRECT/parsed-file370_inv5.als,lts,CORRECT,18.0,1.0,1.0,0.0
lts/CORRECT/parsed-file382_inv3.als,lts,CORRECT,0.0,1.0,1.0,0.0
lts/CORRECT/parsed-file398_inv5.als,lts,CORRECT,3.0,1.0,1.0,0.0
lts/CORRECT/parsed-file401_inv2.als,lts,CORRECT,0.0,1.0,1.0,0.0
lts/CORRECT/parsed-file401_inv3.als,lts,CORRECT,18.0,1.0,1.0,0.0
lts/CORRECT/parsed-file403_inv2.als,lts,CORRECT,0.0,1.0,1.0,0.0
lts/CORRECT/parsed-file406_inv1.als,lts,CORRECT,13.0,1.0,1.0,0.0
lts/CORRECT/parsed-file420_inv5.als,lts,CORRECT,9.0,1.0,1.0,0.0
lts/CORRECT/parsed-file445_inv5.als,lts,CORRECT,3.0,1.0,1.0,0.0
lts/CORRECT/parsed-file536_inv1.als,lts,CORRECT,0.0,1.0,1.0,0.0
lts/CORRECT/parsed-file575_inv3.als,lts,CORRECT,27.0,1.0,1.0,0.0
lts/CORRECT/parsed-file589_inv3.als,lts,CORRECT,0.0,1.0,1.0,0.0
lts/CORRECT/parsed-file631_inv3.als,lts,CORRECT,0.0,1.0,1.0,0.0
lts/CORRECT/parsed-file637_inv1.als,lts,CORRECT,5.0,1.0,1.0,0.0
lts/CORRECT/parsed-file64_inv3.als,lts,CORRECT,0.0,1.0,1.0,0.0
lts/CORRECT/parsed-file695_inv1.als,lts,CORRECT,0.0,1.0,1.0,0.0
lts/CORRECT/parsed-file708_inv1.als,lts,CORRECT,13.0,1.0,1.0,0.0
lts/CORRECT/parsed-file711_inv5.als,lts,CORRECT,9.0,1.0,1.0,0.0
lts/CORRECT/parsed-file724_inv3.als,lts,CORRECT,8.0,1.0,1.0,0.0
lts/CORRECT/parsed-file763_inv3.als,lts,CORRECT,0.0,1.0,1.0,0.0
lts/CORRECT/parsed-file792_inv5.als,lts,CORRECT,7.0,1.0,1.0,0.0
lts/CORRECT/parsed-file806_inv1.als,lts,CORRECT,0.0,1.0,1.0,0.0
lts/CORRECT/parsed-file827_inv1.als,lts,CORRECT,0.0,1.0,1.0,0.0
lts/CORRECT/parsed-file831_inv3.als,lts,CORRECT,0.0,1.0,1.0,0.0
lts/CORRECT/parsed-file853_inv3.als,lts,CORRECT,0.0,1.0,1.0,0.0
lts/CORRECT/parsed-file860_inv2.als,lts,CORRECT,0.0,1.0,1.0,0.0
lts/OVERCONSTRAINED/parsed-file1033_inv4.als,lts,OVERCONSTRAINED,3.0,0.908,1.0,0.092
lts/OVERCONSTRAINED/parsed-file1052_inv3.als,lts,OVERCONSTRAINED,7.0,0.109,1.0,0.891
lts/OVERCONSTRAINED/parsed-file1058_inv4.als,lts,OVERCONSTRAINED,3.0,0.001,1.0,0.999
lts/OVERCONSTRAINED/parsed-file1071_inv7.als,lts,OVERCONSTRAINED,24.0,0.572,1.0,0.428
lts/OVERCONSTRAINED/parsed-file1108_inv4.als,lts,OVERCONSTRAINED,14.0,0.001,1.0,0.999
lts/OVERCONSTRAINED/parsed-file113_inv1.als,lts,OVERCONSTRAINED,12.0,0.0,1.0,1.0
lts/OVERCONSTRAINED/parsed-file1196_inv3.als,lts,OVERCONSTRAINED,18.0,0.0,1.0,1.0
lts/OVERCONSTRAINED/parsed-file1198_inv5.als,lts,OVERCONSTRAINED,23.0,0.007,1.0,0.993
lts/OVERCONSTRAINED/parsed-file119_inv4.als,lts,OVERCONSTRAINED,11.0,0.001,1.0,0.999
lts/OVERCONSTRAINED/parsed-file1203_inv7.als,lts,OVERCONSTRAINED,42.0,0.027,1.0,0.973
lts/OVERCONSTRAINED/parsed-file1223_inv4.als,lts,OVERCONSTRAINED,13.0,0.125,1.0,0.875
lts/OVERCONSTRAINED/parsed-file1238_inv3.als,lts,OVERCONSTRAINED,11.0,0.311,1.0,0.689
lts/OVERCONSTRAINED/parsed-file1247_inv4.als,lts,OVERCONSTRAINED,13.0,0.908,1.0,0.092
lts/OVERCONSTRAINED/parsed-file1257_inv3.als,lts,OVERCONSTRAINED,7.0,0.109,1.0,0.891
lts/OVERCONSTRAINED/parsed-file1292_inv3.als,lts,OVERCONSTRAINED,15.0,0.01,1.0,0.99
lts/OVERCONSTRAINED/parsed-file1331_inv4.als,lts,OVERCONSTRAINED,3.0,0.908,1.0,0.092
lts/OVERCONSTRAINED/parsed-file133_inv5.als,lts,OVERCONSTRAINED,9.0,0.11,1.0,0.89
lts/OVERCONSTRAINED/parsed-file1386_inv3.als,lts,OVERCONSTRAINED,10.0,0.297,1.0,0.703
lts/OVERCONSTRAINED/parsed-file1393_inv4.als,lts,OVERCONSTRAINED,3.0,0.001,1.0,0.999
lts/OVERCONSTRAINED/parsed-file140_inv3.als,lts,OVERCONSTRAINED,18.0,0.067,1.0,0.933
lts/OVERCONSTRAINED/parsed-file1424_inv5.als,lts,OVERCONSTRAINED,11.0,0.025,1.0,0.975
lts/OVERCONSTRAINED/parsed-file1426_inv3.als,lts,OVERCONSTRAINED,9.0,0.311,1.0,0.689
lts/OVERCONSTRAINED/parsed-file1437_inv5.als,lts,OVERCONSTRAINED,13.0,0.834,1.0,0.166
lts/OVERCONSTRAINED/parsed-file1439_inv3.als,lts,OVERCONSTRAINED,19.0,0.171,1.0,0.829
lts/OVERCONSTRAINED/parsed-file144_inv7.als,lts,OVERCONSTRAINED,29.0,0.304,1.0,0.696
lts/OVERCONSTRAINED/parsed-file1452_inv7.als,lts,OVERCONSTRAINED,19.0,0.671,1.0,0.329
lts/OVERCONSTRAINED/parsed-file1496_inv3.als,lts,OVERCONSTRAINED,7.0,0.109,1.0,0.891
lts/OVERCONSTRAINED/parsed-file1503_inv3.als,lts,OVERCONSTRAINED,10.0,0.01,1.0,0.99
lts/OVERCONSTRAINED/parsed-file1510_inv5.als,lts,OVERCONSTRAINED,21.0,0.684,1.0,0.316
lts/OVERCONSTRAINED/parsed-file1544_inv3.als,lts,OVERCONSTRAINED,7.0,0.109,1.0,0.891
lts/OVERCONSTRAINED/parsed-file1545_inv3.als,lts,OVERCONSTRAINED,18.0,0.311,1.0,0.689
lts/OVERCONSTRAINED/parsed-file1577_inv7.als,lts,OVERCONSTRAINED,37.0,0.17,1.0,0.83
lts/OVERCONSTRAINED/parsed-file1582_inv3.als,lts,OVERCONSTRAINED,7.0,0.109,1.0,0.891
lts/OVERCONSTRAINED/parsed-file1600_inv4.als,lts,OVERCONSTRAINED,14.0,0.908,1.0,0.092
lts/OVERCONSTRAINED/parsed-file160_inv3.als,lts,OVERCONSTRAINED,7.0,0.109,1.0,0.891
lts/OVERCONSTRAINED/parsed-file1643_inv5.als,lts,OVERCONSTRAINED,15.0,0.834,1.0,0.166
lts/OVERCONSTRAINED/parsed-file1655_inv5.als,lts,OVERCONSTRAINED,11.0,0.834,1.0,0.166
lts/OVERCONSTRAINED/parsed-file1693_inv4.als,lts,OVERCONSTRAINED,4.0,0.001,1.0,0.999
lts/OVERCONSTRAINED/parsed-file1719_inv4.als,lts,OVERCONSTRAINED,11.0,0.001,1.0,0.999
lts/OVERCONSTRAINED/parsed-file1753_inv3.als,lts,OVERCONSTRAINED,7.0,0.269,1.0,0.731
lts/OVERCONSTRAINED/parsed-file1773_inv4.als,lts,OVERCONSTRAINED,3.0,0.908,1.0,0.092
lts/OVERCONSTRAINED/parsed-file1788_inv7.als,lts,OVERCONSTRAINED,28.0,0.305,1.0,0.695
lts/OVERCONSTRAINED/parsed-file1822_inv3.als,lts,OVERCONSTRAINED,7.0,0.109,1.0,0.891
lts/OVERCONSTRAINED/parsed-file1866_inv1.als,lts,OVERCONSTRAINED,12.0,0.0,1.0,1.0
lts/OVERCONSTRAINED/parsed-file1906_inv4.als,lts,OVERCONSTRAINED,11.0,0.743,1.0,0.257
lts/OVERCONSTRAINED/parsed-file1913_inv4.als,lts,OVERCONSTRAINED,13.0,0.908,1.0,0.092
lts/OVERCONSTRAINED/parsed-file1917_inv3.als,lts,OVERCONSTRAINED,14.0,0.064,1.0,0.936
lts/OVERCONSTRAINED/parsed-file1954_inv5.als,lts,OVERCONSTRAINED,13.0,0.025,1.0,0.975
lts/OVERCONSTRAINED/parsed-file1977_inv3.als,lts,OVERCONSTRAINED,7.0,0.109,1.0,0.891
lts/OVERCONSTRAINED/parsed-file1991_inv5.als,lts,OVERCONSTRAINED,15.0,0.025,1.0,0.975
lts/OVERCONSTRAINED/parsed-file2001_inv5.als,lts,OVERCONSTRAINED,16.0,0.11,1.0,0.89
lts/OVERCONSTRAINED/parsed-file2062_inv5.als,lts,OVERCONSTRAINED,13.0,0.025,1.0,0.975
lts/OVERCONSTRAINED/parsed-file2064_inv5.als,lts,OVERCONSTRAINED,17.0,0.01,1.0,0.99
lts/OVERCONSTRAINED/parsed-file2072_inv5.als,lts,OVERCONSTRAINED,16.0,0.019,1.0,0.981
lts/OVERCONSTRAINED/parsed-file2077_inv1.als,lts,OVERCONSTRAINED,18.0,0.0,1.0,1.0
lts/OVERCONSTRAINED/parsed-file2084_inv5.als,lts,OVERCONSTRAINED,14.0,0.004,1.0,0.996
lts/OVERCONSTRAINED/parsed-file2091_inv5.als,lts,OVERCONSTRAINED,17.0,0.098,1.0,0.902
lts/OVERCONSTRAINED/parsed-file2094_inv4.als,lts,OVERCONSTRAINED,13.0,0.001,1.0,0.999
lts/OVERCONSTRAINED/parsed-file2143_inv3.als,lts,OVERCONSTRAINED,7.0,0.109,1.0,0.891
lts/OVERCONSTRAINED/parsed-file2148_inv3.als,lts,OVERCONSTRAINED,19.0,0.0,1.0,1.0
lts/OVERCONSTRAINED/parsed-file2153_inv5.als,lts,OVERCONSTRAINED,20.0,0.11,1.0,0.89
lts/OVERCONSTRAINED/parsed-file2163_inv7.als,lts,OVERCONSTRAINED,20.0,0.005,1.0,0.995
lts/OVERCONSTRAINED/parsed-file221_inv3.als,lts,OVERCONSTRAINED,11.0,0.311,1.0,0.689
lts/OVERCONSTRAINED/parsed-file2228_inv3.als,lts,OVERCONSTRAINED,7.0,0.269,1.0,0.731
lts/OVERCONSTRAINED/parsed-file2235_inv5.als,lts,OVERCONSTRAINED,22.0,0.025,1.0,0.975
lts/OVERCONSTRAINED/parsed-file2242_inv4.als,lts,OVERCONSTRAINED,13.0,0.908,1.0,0.092
lts/OVERCONSTRAINED/parsed-file2244_inv4.als,lts,OVERCONSTRAINED,3.0,0.001,1.0,0.999
lts/OVERCONSTRAINED/parsed-file2276_inv3.als,lts,OVERCONSTRAINED,7.0,0.109,1.0,0.891
lts/OVERCONSTRAINED/parsed-file2289_inv4.als,lts,OVERCONSTRAINED,11.0,0.001,1.0,0.999
lts/OVERCONSTRAINED/parsed-file2309_inv4.als,lts,OVERCONSTRAINED,2.0,0.001,1.0,0.999
lts/OVERCONSTRAINED/parsed-file2310_inv4.als,lts,OVERCONSTRAINED,13.0,0.001,1.0,0.999
lts/OVERCONSTRAINED/parsed-file2372_inv1.als,lts,OVERCONSTRAINED,12.0,0.0,1.0,1.0
lts/OVERCONSTRAINED/parsed-file2393_inv4.als,lts,OVERCONSTRAINED,4.0,0.908,1.0,0.092
lts/OVERCONSTRAINED/parsed-file2411_inv4.als,lts,OVERCONSTRAINED,13.0,0.908,1.0,0.092
lts/OVERCONSTRAINED/parsed-file2413_inv4.als,lts,OVERCONSTRAINED,4.0,0.001,1.0,0.999
lts/OVERCONSTRAINED/parsed-file2416_inv5.als,lts,OVERCONSTRAINED,22.0,0.007,1.0,0.993
lts/OVERCONSTRAINED/parsed-file245_inv5.als,lts,OVERCONSTRAINED,6.0,0.11,1.0,0.89
lts/OVERCONSTRAINED/parsed-file2487_inv5.als,lts,OVERCONSTRAINED,10.0,0.11,1.0,0.89
lts/OVERCONSTRAINED/parsed-file2493_inv5.als,lts,OVERCONSTRAINED,22.0,0.007,1.0,0.993
lts/OVERCONSTRAINED/parsed-file2500_inv4.als,lts,OVERCONSTRAINED,11.0,0.908,1.0,0.092
lts/OVERCONSTRAINED/parsed-file2511_inv5.als,lts,OVERCONSTRAINED,11.0,0.11,1.0,0.89
lts/OVERCONSTRAINED/parsed-file2524_inv1.als,lts,OVERCONSTRAINED,19.0,0.494,1.0,0.506
lts/OVERCONSTRAINED/parsed-file2525_inv4.als,lts,OVERCONSTRAINED,10.0,0.001,1.0,0.999
lts/OVERCONSTRAINED/parsed-file2579_inv4.als,lts,OVERCONSTRAINED,21.0,0.908,1.0,0.092
lts/OVERCONSTRAINED/parsed-file257_inv4.als,lts,OVERCONSTRAINED,3.0,0.001,1.0,0.999
lts/OVERCONSTRAINED/parsed-file2582_inv4.als,lts,OVERCONSTRAINED,11.0,0.001,1.0,0.999
lts/OVERCONSTRAINED/parsed-file325_inv5.als,lts,OVERCONSTRAINED,20.0,0.025,1.0,0.975
lts/OVERCONSTRAINED/parsed-file361_inv5.als,lts,OVERCONSTRAINED,23.0,0.004,1.0,0.996
lts/OVERCONSTRAINED/parsed-file373_inv3.als,lts,OVERCONSTRAINED,7.0,0.269,1.0,0.731
lts/OVERCONSTRAINED/parsed-file374_inv5.als,lts,OVERCONSTRAINED,22.0,0.004,1.0,0.996
lts/OVERCONSTRAINED/parsed-file383_inv5.als,lts,OVERCONSTRAINED,11.0,0.025,1.0,0.975
lts/OVERCONSTRAINED/parsed-file400_inv4.als,lts,OVERCONSTRAINED,13.0,0.001,1.0,0.999
lts/OVERCONSTRAINED/parsed-file419_inv4.als,lts,OVERCONSTRAINED,3.0,0.908,1.0,0.092
lts/OVERCONSTRAINED/parsed-file453_inv5.als,lts,OVERCONSTRAINED,9.0,0.11,1.0,0.89
lts/OVERCONSTRAINED/parsed-file475_inv4.als,lts,OVERCONSTRAINED,3.0,0.908,1.0,0.092
lts/OVERCONSTRAINED/parsed-file509_inv5.als,lts,OVERCONSTRAINED,23.0,0.004,1.0,0.996
lts/OVERCONSTRAINED/parsed-file520_inv3.als,lts,OVERCONSTRAINED,19.0,0.0,1.0,1.0
lts/OVERCONSTRAINED/parsed-file570_inv4.als,lts,OVERCONSTRAINED,13.0,0.908,1.0,0.092
lts/OVERCONSTRAINED/parsed-file573_inv5.als,lts,OVERCONSTRAINED,13.0,0.834,1.0,0.166
lts/OVERCONSTRAINED/parsed-file584_inv3.als,lts,OVERCONSTRAINED,7.0,0.109,1.0,0.891
lts/OVERCONSTRAINED/parsed-file58_inv4.als,lts,OVERCONSTRAINED,18.0,0.908,1.0,0.092
lts/OVERCONSTRAINED/parsed-file598_inv1.als,lts,OVERCONSTRAINED,12.0,0.0,1.0,1.0
lts/OVERCONSTRAINED/parsed-file59_inv7.als,lts,OVERCONSTRAINED,29.0,0.304,1.0,0.696
lts/OVERCONSTRAINED/parsed-file607_inv7.als,lts,OVERCONSTRAINED,42.0,0.027,1.0,0.973
lts/OVERCONSTRAINED/parsed-file609_inv5.als,lts,OVERCONSTRAINED,17.0,0.834,1.0,0.166
lts/OVERCONSTRAINED/parsed-file610_inv3.als,lts,OVERCONSTRAINED,18.0,0.311,1.0,0.689
lts/OVERCONSTRAINED/parsed-file650_inv4.als,lts,OVERCONSTRAINED,3.0,0.908,1.0,0.092
lts/OVERCONSTRAINED/parsed-file683_inv3.als,lts,OVERCONSTRAINED,18.0,0.055,1.0,0.945
lts/OVERCONSTRAINED/parsed-file699_inv4.als,lts,OVERCONSTRAINED,11.0,0.001,1.0,0.999
lts/OVERCONSTRAINED/parsed-file708_inv3.als,lts,OVERCONSTRAINED,19.0,0.311,1.0,0.689
lts/OVERCONSTRAINED/parsed-file751_inv7.als,lts,OVERCONSTRAINED,23.0,0.304,1.0,0.696
lts/OVERCONSTRAINED/parsed-file769_inv7.als,lts,OVERCONSTRAINED,28.0,0.305,1.0,0.695
lts/OVERCONSTRAINED/parsed-file808_inv1.als,lts,OVERCONSTRAINED,15.0,0.0,1.0,1.0
lts/UNDERCONSTRAINED/parsed-file1020_inv3.als,lts,UNDERCONSTRAINED,18.0,0.0,1.0,1.0
lts/UNDERCONSTRAINED/parsed-file1047_inv5.als,lts,UNDERCONSTRAINED,12.0,0.575,1.0,0.425
lts/UNDERCONSTRAINED/parsed-file107_inv5.als,lts,UNDERCONSTRAINED,31.0,0.575,1.0,0.425
lts/UNDERCONSTRAINED/parsed-file1132_inv3.als,lts,UNDERCONSTRAINED,19.0,0.0,1.0,1.0
lts/UNDERCONSTRAINED/parsed-file1204_inv3.als,lts,UNDERCONSTRAINED,2.0,0.0,1.0,1.0
lts/UNDERCONSTRAINED/parsed-file1227_inv3.als,lts,UNDERCONSTRAINED,14.0,0.0,1.0,1.0
lts/UNDERCONSTRAINED/parsed-file1243_inv4.als,lts,UNDERCONSTRAINED,6.0,0.669,1.0,0.331
lts/UNDERCONSTRAINED/parsed-file1345_inv5.als,lts,UNDERCONSTRAINED,11.0,0.0,1.0,1.0
lts/UNDERCONSTRAINED/parsed-file1374_inv5.als,lts,UNDERCONSTRAINED,13.0,0.0,1.0,1.0
lts/UNDERCONSTRAINED/parsed-file1392_inv2.als,lts,UNDERCONSTRAINED,1.0,0.496,1.0,0.504
lts/UNDERCONSTRAINED/parsed-file1413_inv3.als,lts,UNDERCONSTRAINED,5.0,0.0,1.0,1.0
lts/UNDERCONSTRAINED/parsed-file1427_inv3.als,lts,UNDERCONSTRAINED,16.0,0.0,1.0,1.0
lts/UNDERCONSTRAINED/parsed-file1448_inv2.als,lts,UNDERCONSTRAINED,11.0,0.0,1.0,1.0
lts/UNDERCONSTRAINED/parsed-file1527_inv5.als,lts,UNDERCONSTRAINED,13.0,0.0,1.0,1.0
lts/UNDERCONSTRAINED/parsed-file1564_inv3.als,lts,UNDERCONSTRAINED,18.0,0.0,1.0,1.0
lts/UNDERCONSTRAINED/parsed-file1598_inv2.als,lts,UNDERCONSTRAINED,1.0,0.504,1.0,0.496
lts/UNDERCONSTRAINED/parsed-file1628_inv5.als,lts,UNDERCONSTRAINED,24.0,0.0,1.0,1.0
lts/UNDERCONSTRAINED/parsed-file1664_inv3.als,lts,UNDERCONSTRAINED,13.0,0.0,1.0,1.0
lts/UNDERCONSTRAINED/parsed-file1717_inv5.als,lts,UNDERCONSTRAINED,22.0,0.0,1.0,1.0
lts/UNDERCONSTRAINED/parsed-file1725_inv3.als,lts,UNDERCONSTRAINED,18.0,0.0,1.0,1.0
lts/UNDERCONSTRAINED/parsed-file1749_inv4.als,lts,UNDERCONSTRAINED,20.0,0.006,1.0,0.994
lts/UNDERCONSTRAINED/parsed-file1801_inv5.als,lts,UNDERCONSTRAINED,5.0,0.0,1.0,1.0
lts/UNDERCONSTRAINED/parsed-file1840_inv3.als,lts,UNDERCONSTRAINED,2.0,0.0,1.0,1.0
lts/UNDERCONSTRAINED/parsed-file1868_inv3.als,lts,UNDERCONSTRAINED,2.0,0.0,1.0,1.0
lts/UNDERCONSTRAINED/parsed-file186_inv5.als,lts,UNDERCONSTRAINED,16.0,0.0,1.0,1.0
lts/UNDERCONSTRAINED/parsed-file1871_inv3.als,lts,UNDERCONSTRAINED,2.0,0.0,1.0,1.0
lts/UNDERCONSTRAINED/parsed-file1937_inv5.als,lts,UNDERCONSTRAINED,11.0,0.0,1.0,1.0
lts/UNDERCONSTRAINED/parsed-file1976_inv3.als,lts,UNDERCONSTRAINED,11.0,0.0,1.0,1.0
lts/UNDERCONSTRAINED/parsed-file19_inv3.als,lts,UNDERCONSTRAINED,8.0,0.0,1.0,1.0
lts/UNDERCONSTRAINED/parsed-file2023_inv1.als,lts,UNDERCONSTRAINED,11.0,0.0,1.0,1.0
lts/UNDERCONSTRAINED/parsed-file2040_inv3.als,lts,UNDERCONSTRAINED,2.0,0.0,1.0,1.0
lts/UNDERCONSTRAINED/parsed-file2049_inv5.als,lts,UNDERCONSTRAINED,12.0,0.0,1.0,1.0
lts/UNDERCONSTRAINED/parsed-file2055_inv3.als,lts,UNDERCONSTRAINED,38.0,0.0,1.0,1.0
lts/UNDERCONSTRAINED/parsed-file2073_inv2.als,lts,UNDERCONSTRAINED,1.0,0.496,1.0,0.504
lts/UNDERCONSTRAINED/parsed-file2139_inv5.als,lts,UNDERCONSTRAINED,14.0,0.0,1.0,1.0
lts/UNDERCONSTRAINED/parsed-file2265_inv3.als,lts,UNDERCONSTRAINED,8.0,0.0,1.0,1.0
lts/UNDERCONSTRAINED/parsed-file2292_inv3.als,lts,UNDERCONSTRAINED,15.0,0.0,1.0,1.0
lts/UNDERCONSTRAINED/parsed-file2319_inv4.als,lts,UNDERCONSTRAINED,18.0,0.004,1.0,0.996
lts/UNDERCONSTRAINED/parsed-file2337_inv3.als,lts,UNDERCONSTRAINED,18.0,0.0,1.0,1.0
lts/UNDERCONSTRAINED/parsed-file2350_inv3.als,lts,UNDERCONSTRAINED,19.0,0.0,1.0,1.0
lts/UNDERCONSTRAINED/parsed-file2384_inv5.als,lts,UNDERCONSTRAINED,15.0,0.0,1.0,1.0
lts/UNDERCONSTRAINED/parsed-file2389_inv4.als,lts,UNDERCONSTRAINED,6.0,0.0,1.0,1.0
lts/UNDERCONSTRAINED/parsed-file23_inv4.als,lts,UNDERCONSTRAINED,20.0,0.006,1.0,0.994
lts/UNDERCONSTRAINED/parsed-file2460_inv2.als,lts,UNDERCONSTRAINED,21.0,0.496,1.0,0.504
lts/UNDERCONSTRAINED/parsed-file2474_inv3.als,lts,UNDERCONSTRAINED,8.0,0.0,1.0,1.0
lts/UNDERCONSTRAINED/parsed-file2486_inv1.als,lts,UNDERCONSTRAINED,11.0,0.0,1.0,1.0
lts/UNDERCONSTRAINED/parsed-file2490_inv5.als,lts,UNDERCONSTRAINED,7.0,0.0,1.0,1.0
lts/UNDERCONSTRAINED/parsed-file2498_inv3.als,lts,UNDERCONSTRAINED,9.0,0.0,1.0,1.0
lts/UNDERCONSTRAINED/parsed-file2520_inv3.als,lts,UNDERCONSTRAINED,19.0,0.0,1.0,1.0
lts/UNDERCONSTRAINED/parsed-file2548_inv3.als,lts,UNDERCONSTRAINED,2.0,0.0,1.0,1.0
lts/UNDERCONSTRAINED/parsed-file2593_inv2.als,lts,UNDERCONSTRAINED,15.0,0.496,1.0,0.504
lts/UNDERCONSTRAINED/parsed-file311_inv3.als,lts,UNDERCONSTRAINED,8.0,0.0,1.0,1.0
lts/UNDERCONSTRAINED/parsed-file365_inv3.als,lts,UNDERCONSTRAINED,10.0,0.0,1.0,1.0
lts/UNDERCONSTRAINED/parsed-file412_inv1.als,lts,UNDERCONSTRAINED,3.0,0.025,1.0,0.975
lts/UNDERCONSTRAINED/parsed-file416_inv5.als,lts,UNDERCONSTRAINED,19.0,0.0,1.0,1.0
lts/UNDERCONSTRAINED/parsed-file451_inv4.als,lts,UNDERCONSTRAINED,19.0,0.669,1.0,0.331
lts/UNDERCONSTRAINED/parsed-file496_inv4.als,lts,UNDERCONSTRAINED,5.0,0.0,1.0,1.0
lts/UNDERCONSTRAINED/parsed-file500_inv2.als,lts,UNDERCONSTRAINED,15.0,0.496,1.0,0.504
lts/UNDERCONSTRAINED/parsed-file543_inv4.als,lts,UNDERCONSTRAINED,4.0,0.0,1.0,1.0
lts/UNDERCONSTRAINED/parsed-file612_inv5.als,lts,UNDERCONSTRAINED,14.0,0.0,1.0,1.0
lts/UNDERCONSTRAINED/parsed-file638_inv5.als,lts,UNDERCONSTRAINED,13.0,0.0,1.0,1.0
lts/UNDERCONSTRAINED/parsed-file706_inv3.als,lts,UNDERCONSTRAINED,18.0,0.0,1.0,1.0
lts/UNDERCONSTRAINED/parsed-file729_inv3.als,lts,UNDERCONSTRAINED,2.0,0.0,1.0,1.0
lts/UNDERCONSTRAINED/parsed-file753_inv3.als,lts,UNDERCONSTRAINED,8.0,0.0,1.0,1.0
lts/UNDERCONSTRAINED/parsed-file815_inv3.als,lts,UNDERCONSTRAINED,10.0,0.0,1.0,1.0
lts/UNDERCONSTRAINED/parsed-file850_inv3.als,lts,UNDERCONSTRAINED,11.0,0.0,1.0,1.0
production/BOTH/parsed-file185_Inv1.als,production,BOTH,11.0,0.0,1.0,1.0
production/BOTH/parsed-file187_Inv2.als,production,BOTH,33.0,0.0,1.0,1.0
production/BOTH/parsed-file213_Inv1.als,production,BOTH,11.0,0.0,1.0,1.0
production/BOTH/parsed-file235_Inv1.als,production,BOTH,8.0,0.0,1.0,1.0
production/BOTH/parsed-file243_Inv2.als,production,BOTH,13.0,0.0,1.0,1.0
production/BOTH/parsed-file259_Inv2.als,production,BOTH,13.0,0.125,1.0,0.875
production/BOTH/parsed-file33_Inv2.als,production,BOTH,10.0,0.0,1.0,1.0
production/BOTH/parsed-file435_Inv2.als,production,BOTH,23.0,0.0,1.0,1.0
production/BOTH/parsed-file457_Inv1.als,production,BOTH,8.0,0.0,1.0,1.0
production/BOTH/parsed-file465_Inv1.als,production,BOTH,8.0,0.0,1.0,1.0
production/BOTH/parsed-file467_Inv2.als,production,BOTH,13.0,0.498,1.0,0.502
production/BOTH/parsed-file486_Inv1.als,production,BOTH,4.0,0.0,1.0,1.0
production/BOTH/parsed-file519_Inv1.als,production,BOTH,17.0,0.0,1.0,1.0
production/BOTH/parsed-file524_Inv1.als,production,BOTH,13.0,0.144,1.0,0.856
production/BOTH/parsed-file549_Inv1.als,production,BOTH,11.0,0.0,1.0,1.0
production/BOTH/parsed-file568_Inv2.als,production,BOTH,13.0,0.0,1.0,1.0
production/BOTH/parsed-file579_Inv2.als,production,BOTH,13.0,0.365,1.0,0.635
production/BOTH/parsed-file595_Inv1.als,production,BOTH,12.0,0.0,1.0,1.0
production/BOTH/parsed-file598_Inv2.als,production,BOTH,10.0,0.0,1.0,1.0
production/BOTH/parsed-file603_Inv1.als,production,BOTH,11.0,0.0,1.0,1.0
production/BOTH/parsed-file645_Inv2.als,production,BOTH,35.0,1.0,1.0,0.0
production/BOTH/parsed-file83_Inv1.als,production,BOTH,11.0,0.0,1.0,1.0
production/CORRECT/parsed-file103_Inv2.als,production,CORRECT,12.0,1.0,1.0,0.0
production/CORRECT/parsed-file110_Inv2.als,production,CORRECT,0.0,1.0,1.0,0.0
production/CORRECT/parsed-file115_Inv1.als,production,CORRECT,10.0,1.0,1.0,0.0
production/CORRECT/parsed-file152_Inv2.als,production,CORRECT,14.0,1.0,1.0,0.0
production/CORRECT/parsed-file162_Inv1.als,production,CORRECT,12.0,1.0,1.0,0.0
production/CORRECT/parsed-file164_Inv2.als,production,CORRECT,12.0,1.0,1.0,0.0
production/CORRECT/parsed-file179_Inv2.als,production,CORRECT,0.0,1.0,1.0,0.0
production/CORRECT/parsed-file189_Inv1.als,production,CORRECT,12.0,1.0,1.0,0.0
production/CORRECT/parsed-file1_Inv2.als,production,CORRECT,14.0,1.0,1.0,0.0
production/CORRECT/parsed-file201_Inv2.als,production,CORRECT,0.0,1.0,1.0,0.0
production/CORRECT/parsed-file239_Inv1.als,production,CORRECT,0.0,1.0,1.0,0.0
production/CORRECT/parsed-file244_Inv1.als,production,CORRECT,0.0,1.0,1.0,0.0
production/CORRECT/parsed-file263_Inv1.als,production,CORRECT,0.0,1.0,1.0,0.0
production/CORRECT/parsed-file265_Inv1.als,production,CORRECT,0.0,1.0,1.0,0.0
production/CORRECT/parsed-file291_Inv2.als,production,CORRECT,4.0,1.0,1.0,0.0
production/CORRECT/parsed-file2_Inv2.als,production,CORRECT,2.0,1.0,1.0,0.0
production/CORRECT/parsed-file301_Inv1.als,production,CORRECT,0.0,1.0,1.0,0.0
production/CORRECT/parsed-file303_Inv1.als,production,CORRECT,12.0,1.0,1.0,0.0
production/CORRECT/parsed-file310_Inv2.als,production,CORRECT,0.0,1.0,1.0,0.0
production/CORRECT/parsed-file346_Inv1.als,production,CORRECT,0.0,1.0,1.0,0.0
production/CORRECT/parsed-file347_Inv2.als,production,CORRECT,12.0,1.0,1.0,0.0
production/CORRECT/parsed-file358_Inv1.als,production,CORRECT,12.0,1.0,1.0,0.0
production/CORRECT/parsed-file377_Inv2.als,production,CORRECT,0.0,1.0,1.0,0.0
production/CORRECT/parsed-file387_Inv1.als,production,CORRECT,0.0,1.0,1.0,0.0
production/CORRECT/parsed-file397_Inv1.als,production,CORRECT,0.0,1.0,1.0,0.0
production/CORRECT/parsed-file424_Inv2.als,production,CORRECT,0.0,1.0,1.0,0.0
production/CORRECT/parsed-file428_Inv2.als,production,CORRECT,14.0,1.0,1.0,0.0
production/CORRECT/parsed-file452_Inv1.als,production,CORRECT,12.0,1.0,1.0,0.0
production/CORRECT/parsed-file467_Inv1.als,production,CORRECT,0.0,1.0,1.0,0.0
production/CORRECT/parsed-file480_Inv2.als,production,CORRECT,2.0,1.0,1.0,0.0
production/CORRECT/parsed-file492_Inv2.als,production,CORRECT,6.0,1.0,1.0,0.0
production/CORRECT/parsed-file496_Inv1.als,production,CORRECT,12.0,1.0,1.0,0.0
production/CORRECT/parsed-file509_Inv2.als,production,CORRECT,0.0,1.0,1.0,0.0
production/CORRECT/parsed-file545_Inv2.als,production,CORRECT,12.0,1.0,1.0,0.0
production/CORRECT/parsed-file54_Inv1.als,production,CORRECT,0.0,1.0,1.0,0.0
production/CORRECT/parsed-file568_Inv1.als,production,CORRECT,12.0,1.0,1.0,0.0
production/CORRECT/parsed-file571_Inv1.als,production,CORRECT,0.0,1.0,1.0,0.0
production/CORRECT/parsed-file575_Inv2.als,production,CORRECT,1.0,1.0,1.0,0.0
production/CORRECT/parsed-file577_Inv1.als,production,CORRECT,12.0,1.0,1.0,0.0
production/CORRECT/parsed-file584_Inv2.als,production,CORRECT,14.0,1.0,1.0,0.0
production/CORRECT/parsed-file587_Inv2.als,production,CORRECT,12.0,1.0,1.0,0.0
production/CORRECT/parsed-file635_Inv1.als,production,CORRECT,0.0,1.0,1.0,0.0
production/CORRECT/parsed-file636_Inv1.als,production,CORRECT,12.0,1.0,1.0,0.0
production/CORRECT/parsed-file6_Inv2.als,production,CORRECT,14.0,1.0,1.0,0.0
production/CORRECT/parsed-file86_Inv1.als,production,CORRECT,0.0,1.0,1.0,0.0
production/OVERCONSTRAINED/parsed-file106_Inv2.als,production,OVERCONSTRAINED,13.0,0.0,1.0,1.0
production/OVERCONSTRAINED/parsed-file192_Inv1.als,production,OVERCONSTRAINED,13.0,0.0,1.0,1.0
production/OVERCONSTRAINED/parsed-file242_Inv1.als,production,OVERCONSTRAINED,11.0,0.0,1.0,1.0
production/OVERCONSTRAINED/parsed-file320_Inv1.als,production,OVERCONSTRAINED,11.0,0.0,1.0,1.0
production/OVERCONSTRAINED/parsed-file326_Inv1.als,production,OVERCONSTRAINED,11.0,0.0,1.0,1.0
production/OVERCONSTRAINED/parsed-file372_Inv2.als,production,OVERCONSTRAINED,10.0,0.0,1.0,1.0
production/OVERCONSTRAINED/parsed-file378_Inv1.als,production,OVERCONSTRAINED,11.0,0.0,1.0,1.0
production/OVERCONSTRAINED/parsed-file37_Inv2.als,production,OVERCONSTRAINED,16.0,0.0,1.0,1.0
production/OVERCONSTRAINED/parsed-file43_Inv2.als,production,OVERCONSTRAINED,13.0,0.0,1.0,1.0
production/OVERCONSTRAINED/parsed-file466_Inv1.als,production,OVERCONSTRAINED,13.0,0.0,1.0,1.0
production/OVERCONSTRAINED/parsed-file470_Inv2.als,production,OVERCONSTRAINED,11.0,0.0,1.0,1.0
production/OVERCONSTRAINED/parsed-file483_Inv2.als,production,OVERCONSTRAINED,11.0,0.0,1.0,1.0
production/OVERCONSTRAINED/parsed-file495_Inv1.als,production,OVERCONSTRAINED,15.0,0.0,1.0,1.0
production/OVERCONSTRAINED/parsed-file510_Inv2.als,production,OVERCONSTRAINED,1.0,0.0,1.0,1.0
production/OVERCONSTRAINED/parsed-file516_Inv1.als,production,OVERCONSTRAINED,11.0,0.0,1.0,1.0
production/OVERCONSTRAINED/parsed-file522_Inv1.als,production,OVERCONSTRAINED,5.0,0.0,1.0,1.0
production/OVERCONSTRAINED/parsed-file532_Inv2.als,production,OVERCONSTRAINED,9.0,0.0,1.0,1.0
production/OVERCONSTRAINED/parsed-file551_Inv2.als,production,OVERCONSTRAINED,11.0,0.0,1.0,1.0
production/OVERCONSTRAINED/parsed-file552_Inv2.als,production,OVERCONSTRAINED,13.0,0.0,1.0,1.0
production/OVERCONSTRAINED/parsed-file566_Inv2.als,production,OVERCONSTRAINED,10.0,0.0,1.0,1.0
production/OVERCONSTRAINED/parsed-file592_Inv2.als,production,OVERCONSTRAINED,10.0,0.0,1.0,1.0
production/OVERCONSTRAINED/parsed-file615_Inv2.als,production,OVERCONSTRAINED,10.0,0.0,1.0,1.0
production/OVERCONSTRAINED/parsed-file61_Inv1.als,production,OVERCONSTRAINED,12.0,0.0,1.0,1.0
production/OVERCONSTRAINED/parsed-file651_Inv1.als,production,OVERCONSTRAINED,13.0,0.0,1.0,1.0
production/OVERCONSTRAINED/parsed-file94_Inv1.als,production,OVERCONSTRAINED,4.0,0.0,1.0,1.0
production/UNDERCONSTRAINED/parsed-file118_Inv2.als,production,UNDERCONSTRAINED,2.0,1.0,1.0,0.0
production/UNDERCONSTRAINED/parsed-file132_Inv2.als,production,UNDERCONSTRAINED,5.0,1.0,1.0,0.0
production/UNDERCONSTRAINED/parsed-file15_Inv2.als,production,UNDERCONSTRAINED,15.0,1.0,1.0,0.0
production/UNDERCONSTRAINED/parsed-file160_Inv2.als,production,UNDERCONSTRAINED,8.0,1.0,1.0,0.0
production/UNDERCONSTRAINED/parsed-file166_Inv2.als,production,UNDERCONSTRAINED,5.0,1.0,1.0,0.0
production/UNDERCONSTRAINED/parsed-file172_Inv2.als,production,UNDERCONSTRAINED,11.0,1.0,1.0,0.0
production/UNDERCONSTRAINED/parsed-file195_Inv2.als,production,UNDERCONSTRAINED,13.0,1.0,1.0,0.0
production/UNDERCONSTRAINED/parsed-file218_Inv1.als,production,UNDERCONSTRAINED,3.0,0.0,1.0,1.0
production/UNDERCONSTRAINED/parsed-file230_Inv2.als,production,UNDERCONSTRAINED,13.0,0.0,1.0,1.0
production/UNDERCONSTRAINED/parsed-file255_Inv2.als,production,UNDERCONSTRAINED,11.0,1.0,1.0,0.0
production/UNDERCONSTRAINED/parsed-file281_Inv2.als,production,UNDERCONSTRAINED,14.0,1.0,1.0,0.0
production/UNDERCONSTRAINED/parsed-file302_Inv2.als,production,UNDERCONSTRAINED,11.0,1.0,1.0,0.0
production/UNDERCONSTRAINED/parsed-file327_Inv2.als,production,UNDERCONSTRAINED,11.0,1.0,1.0,0.0
production/UNDERCONSTRAINED/parsed-file32_Inv2.als,production,UNDERCONSTRAINED,14.0,1.0,1.0,0.0
production/UNDERCONSTRAINED/parsed-file341_Inv2.als,production,UNDERCONSTRAINED,2.0,1.0,1.0,0.0
production/UNDERCONSTRAINED/parsed-file34_Inv2.als,production,UNDERCONSTRAINED,2.0,1.0,1.0,0.0
production/UNDERCONSTRAINED/parsed-file371_Inv2.als,production,UNDERCONSTRAINED,12.0,0.0,1.0,1.0
production/UNDERCONSTRAINED/parsed-file373_Inv2.als,production,UNDERCONSTRAINED,19.0,1.0,1.0,0.0
production/UNDERCONSTRAINED/parsed-file400_Inv2.als,production,UNDERCONSTRAINED,11.0,1.0,1.0,0.0
production/UNDERCONSTRAINED/parsed-file406_Inv2.als,production,UNDERCONSTRAINED,2.0,1.0,1.0,0.0
production/UNDERCONSTRAINED/parsed-file408_Inv2.als,production,UNDERCONSTRAINED,11.0,1.0,1.0,0.0
production/UNDERCONSTRAINED/parsed-file438_Inv2.als,production,UNDERCONSTRAINED,2.0,1.0,1.0,0.0
production/UNDERCONSTRAINED/parsed-file469_Inv1.als,production,UNDERCONSTRAINED,3.0,0.0,1.0,1.0
production/UNDERCONSTRAINED/parsed-file4_Inv2.als,production,UNDERCONSTRAINED,34.0,1.0,1.0,0.0
production/UNDERCONSTRAINED/parsed-file50_Inv2.als,production,UNDERCONSTRAINED,15.0,1.0,1.0,0.0
production/UNDERCONSTRAINED/parsed-file527_Inv2.als,production,UNDERCONSTRAINED,28.0,1.0,1.0,0.0
production/UNDERCONSTRAINED/parsed-file547_Inv2.als,production,UNDERCONSTRAINED,2.0,1.0,1.0,0.0
production/UNDERCONSTRAINED/parsed-file563_Inv2.als,production,UNDERCONSTRAINED,2.0,1.0,1.0,0.0
production/UNDERCONSTRAINED/parsed-file569_Inv2.als,production,UNDERCONSTRAINED,11.0,1.0,1.0,0.0
production/UNDERCONSTRAINED/parsed-file602_Inv2.als,production,UNDERCONSTRAINED,13.0,1.0,1.0,0.0
production/UNDERCONSTRAINED/parsed-file612_Inv2.als,production,UNDERCONSTRAINED,11.0,1.0,1.0,0.0
production/UNDERCONSTRAINED/parsed-file61_Inv2.als,production,UNDERCONSTRAINED,13.0,1.0,1.0,0.0
production/UNDERCONSTRAINED/parsed-file627_Inv2.als,production,UNDERCONSTRAINED,11.0,1.0,1.0,0.0
production/UNDERCONSTRAINED/parsed-file639_Inv2.als,production,UNDERCONSTRAINED,2.0,1.0,1.0,0.0
production/UNDERCONSTRAINED/parsed-file648_Inv2.als,production,UNDERCONSTRAINED,11.0,1.0,1.0,0.0
production/UNDERCONSTRAINED/parsed-file9_Inv2.als,production,UNDERCONSTRAINED,3.0,1.0,1.0,0.0
train/BOTH/parsed-file1006_prop8.als,train,BOTH,50.0,0.0,1.0,1.0
train/BOTH/parsed-file1007_prop15.als,train,BOTH,17.0,0.608,1.0,0.392
train/BOTH/parsed-file1013_prop8.als,train,BOTH,37.0,0.65,1.0,0.35
train/BOTH/parsed-file1018_prop9.als,train,BOTH,42.0,1.0,1.0,0.0
train/BOTH/parsed-file1023_prop3.als,train,BOTH,26.0,0.0,1.0,1.0
train/BOTH/parsed-file1032_prop5.als,train,BOTH,75.0,0.94,1.0,0.06
train/BOTH/parsed-file1036_prop15.als,train,BOTH,21.0,1.0,1.0,0.0
train/BOTH/parsed-file1037_prop1.als,train,BOTH,2.0,1.0,1.0,0.0
train/BOTH/parsed-file1038_prop14.als,train,BOTH,43.0,0.379,1.0,0.621
train/BOTH/parsed-file1040_prop6.als,train,BOTH,26.0,0.0,1.0,1.0
train/BOTH/parsed-file1043_prop1.als,train,BOTH,16.0,1.0,1.0,0.0
train/BOTH/parsed-file1044_prop6.als,train,BOTH,31.0,0.0,1.0,1.0
train/BOTH/parsed-file104_prop9.als,train,BOTH,15.0,0.068,1.0,0.932
train/BOTH/parsed-file1054_prop7.als,train,BOTH,25.0,0.0,1.0,1.0
train/BOTH/parsed-file1055_prop5.als,train,BOTH,50.0,0.954,1.0,0.046
train/BOTH/parsed-file1058_prop2.als,train,BOTH,13.0,0.0,1.0,1.0
train/BOTH/parsed-file106_prop8.als,train,BOTH,67.0,0.0,1.0,1.0
train/BOTH/parsed-file1080_prop15.als,train,BOTH,23.0,0.0,1.0,1.0
train/BOTH/parsed-file1082_prop3.als,train,BOTH,5.0,1.0,1.0,0.0
train/BOTH/parsed-file1083_prop6.als,train,BOTH,48.0,1.0,1.0,0.0
train/BOTH/parsed-file1084_prop8.als,train,BOTH,50.0,0.0,1.0,1.0
train/BOTH/parsed-file1097_prop8.als,train,BOTH,47.0,0.712,1.0,0.288
train/BOTH/parsed-file10_prop4.als,train,BOTH,35.0,0.0,1.0,1.0
train/BOTH/parsed-file1101_prop6.als,train,BOTH,37.0,0.927,1.0,0.073
train/BOTH/parsed-file1105_prop1.als,train,BOTH,7.0,0.0,1.0,1.0
train/BOTH/parsed-file1114_prop8.als,train,BOTH,62.0,0.0,1.0,1.0
train/BOTH/parsed-file1117_prop7.als,train,BOTH,20.0,1.0,1.0,0.0
train/BOTH/parsed-file1118_prop8.als,train,BOTH,49.0,0.082,1.0,0.918
train/BOTH/parsed-file112_prop9.als,train,BOTH,17.0,0.0,1.0,1.0
train/BOTH/parsed-file1131_prop5.als,train,BOTH,53.0,0.952,1.0,0.048
train/BOTH/parsed-file1138_prop7.als,train,BOTH,24.0,0.0,1.0,1.0
train/BOTH/parsed-file1142_prop15.als,train,BOTH,29.0,0.0,1.0,1.0
train/BOTH/parsed-file1149_prop9.als,train,BOTH,20.0,0.848,1.0,0.152
train/BOTH/parsed-file1150_prop9.als,train,BOTH,35.0,0.0,1.0,1.0
train/BOTH/parsed-file1151_prop4.als,train,BOTH,17.0,0.176,1.0,0.824
train/BOTH/parsed-file1153_prop7.als,train,BOTH,10.0,1.0,1.0,0.0
train/BOTH/parsed-file1155_prop4.als,train,BOTH,12.0,1.0,1.0,0.0
train/BOTH/parsed-file1157_prop5.als,train,BOTH,56.0,0.934,1.0,0.066
train/BOTH/parsed-file1172_prop15.als,train,BOTH,22.0,0.0,1.0,1.0
train/BOTH/parsed-file1173_prop7.als,train,BOTH,8.0,1.0,1.0,0.0
train/BOTH/parsed-file1175_prop13.als,train,BOTH,13.0,0.547,1.0,0.453
train/BOTH/parsed-file1176_prop15.als,train,BOTH,22.0,0.0,1.0,1.0
train/BOTH/parsed-file1181_prop1.als,train,BOTH,15.0,1.0,1.0,0.0
train/BOTH/parsed-file1184_prop5.als,train,BOTH,52.0,0.988,1.0,0.012
train/BOTH/parsed-file1191_prop9.als,train,BOTH,32.0,0.0,1.0,1.0
train/BOTH/parsed-file1195_prop3.als,train,BOTH,9.0,1.0,1.0,0.0
train/BOTH/parsed-file1198_prop9.als,train,BOTH,29.0,0.052,1.0,0.948
train/BOTH/parsed-file119_prop3.als,train,BOTH,10.0,1.0,1.0,0.0
train/BOTH/parsed-file1200_prop6.als,train,BOTH,21.0,0.701,1.0,0.299
train/BOTH/parsed-file1201_prop5.als,train,BOTH,51.0,0.776,1.0,0.224
train/BOTH/parsed-file1214_prop3.als,train,BOTH,8.0,1.0,1.0,0.0
train/BOTH/parsed-file1216_prop3.als,train,BOTH,8.0,1.0,1.0,0.0
train/BOTH/parsed-file1220_prop3.als,train,BOTH,18.0,0.529,1.0,0.471
train/BOTH/parsed-file1222_prop9.als,train,BOTH,24.0,0.0,1.0,1.0
train/BOTH/parsed-file1223_prop4.als,train,BOTH,12.0,1.0,1.0,0.0
train/BOTH/parsed-file1226_prop3.als,train,BOTH,25.0,0.743,1.0,0.257
train/BOTH/parsed-file1231_prop4.als,train,BOTH,13.0,1.0,1.0,0.0
train/BOTH/parsed-file1232_prop15.als,train,BOTH,37.0,0.0,1.0,1.0
train/BOTH/parsed-file123_prop1.als,train,BOTH,24.0,1.0,1.0,0.0
train/BOTH/parsed-file127_prop3.als,train,BOTH,6.0,1.0,1.0,0.0
train/BOTH/parsed-file136_prop4.als,train,BOTH,30.0,0.0,1.0,1.0
train/BOTH/parsed-file137_prop1.als,train,BOTH,4.0,0.0,1.0,1.0
train/BOTH/parsed-file138_prop5.als,train,BOTH,82.0,0.952,1.0,0.048
train/BOTH/parsed-file145_prop9.als,train,BOTH,29.0,0.0,1.0,1.0
train/BOTH/parsed-file146_prop7.als,train,BOTH,24.0,1.0,1.0,0.0
train/BOTH/parsed-file148_prop1.als,train,BOTH,24.0,1.0,1.0,0.0
train/BOTH/parsed-file151_prop5.als,train,BOTH,54.0,0.468,1.0,0.532
train/BOTH/parsed-file154_prop4.als,train,BOTH,32.0,1.0,1.0,0.0
train/BOTH/parsed-file162_prop6.als,train,BOTH,28.0,0.844,1.0,0.156
train/BOTH/parsed-file165_prop2.als,train,BOTH,13.0,0.0,1.0,1.0
train/BOTH/parsed-file175_prop17.als,train,BOTH,37.0,0.0,1.0,1.0
train/BOTH/parsed-file180_prop6.als,train,BOTH,35.0,0.249,1.0,0.751
train/BOTH/parsed-file186_prop4.als,train,BOTH,33.0,1.0,1.0,0.0
train/BOTH/parsed-file187_prop1.als,train,BOTH,19.0,1.0,1.0,0.0
train/BOTH/parsed-file189_prop9.als,train,BOTH,21.0,0.0,1.0,1.0
train/BOTH/parsed-file190_prop1.als,train,BOTH,21.0,1.0,1.0,0.0
train/BOTH/parsed-file19_prop8.als,train,BOTH,48.0,1.0,1.0,0.0
train/BOTH/parsed-file210_prop5.als,train,BOTH,61.0,0.572,1.0,0.428
train/BOTH/parsed-file212_prop3.als,train,BOTH,11.0,0.0,1.0,1.0
train/BOTH/parsed-file21_prop9.als,train,BOTH,33.0,0.848,1.0,0.152
train/BOTH/parsed-file223_prop1.als,train,BOTH,18.0,1.0,1.0,0.0
train/BOTH/parsed-file228_prop5.als,train,BOTH,51.0,0.976,1.0,0.024
train/BOTH/parsed-file238_prop3.als,train,BOTH,8.0,0.999,1.0,0.001
train/BOTH/parsed-file240_prop1.als,train,BOTH,16.0,1.0,1.0,0.0
train/BOTH/parsed-file241_prop4.als,train,BOTH,11.0,0.416,1.0,0.584
train/BOTH/parsed-file242_prop5.als,train,BOTH,59.0,0.716,1.0,0.284
train/BOTH/parsed-file246_prop5.als,train,BOTH,69.0,0.36,1.0,0.64
train/BOTH/parsed-file248_prop1.als,train,BOTH,25.0,0.0,1.0,1.0
train/BOTH/parsed-file24_prop5.als,train,BOTH,53.0,0.468,1.0,0.532
train/BOTH/parsed-file252_prop1.als,train,BOTH,16.0,0.928,1.0,0.072
train/BOTH/parsed-file255_prop13.als,train,BOTH,8.0,0.066,1.0,0.934
train/BOTH/parsed-file260_prop4.als,train,BOTH,20.0,1.0,1.0,0.0
train/BOTH/parsed-file264_prop4.als,train,BOTH,13.0,0.336,1.0,0.664
train/BOTH/parsed-file265_prop3.als,train,BOTH,19.0,1.0,1.0,0.0
train/BOTH/parsed-file266_prop5.als,train,BOTH,52.0,0.976,1.0,0.024
train/BOTH/parsed-file268_prop3.als,train,BOTH,6.0,0.0,1.0,1.0
train/BOTH/parsed-file270_prop6.als,train,BOTH,22.0,0.0,1.0,1.0
train/BOTH/parsed-file273_prop4.als,train,BOTH,11.0,0.0,1.0,1.0
train/BOTH/parsed-file274_prop5.als,train,BOTH,63.0,0.704,1.0,0.296
train/BOTH/parsed-file279_prop15.als,train,BOTH,31.0,0.0,1.0,1.0
train/BOTH/parsed-file282_prop7.als,train,BOTH,22.0,0.0,1.0,1.0
train/BOTH/parsed-file286_prop15.als,train,BOTH,28.0,0.0,1.0,1.0
train/BOTH/parsed-file287_prop9.als,train,BOTH,21.0,0.848,1.0,0.152
train/BOTH/parsed-file295_prop15.als,train,BOTH,34.0,0.0,1.0,1.0
train/BOTH/parsed-file298_prop6.als,train,BOTH,26.0,0.0,1.0,1.0
train/BOTH/parsed-file30_prop5.als,train,BOTH,53.0,0.468,1.0,0.532
train/BOTH/parsed-file310_prop15.als,train,BOTH,24.0,0.0,1.0,1.0
train/BOTH/parsed-file311_prop5.als,train,BOTH,52.0,0.976,1.0,0.024
train/BOTH/parsed-file336_prop1.als,train,BOTH,24.0,0.0,1.0,1.0
train/BOTH/parsed-file33_prop14.als,train,BOTH,45.0,0.399,1.0,0.601
train/BOTH/parsed-file34_prop9.als,train,BOTH,29.0,0.552,1.0,0.448
train/BOTH/parsed-file356_prop5.als,train,BOTH,56.0,0.952,1.0,0.048
train/BOTH/parsed-file359_prop9.als,train,BOTH,19.0,0.068,1.0,0.932
train/BOTH/parsed-file361_prop5.als,train,BOTH,55.0,0.928,1.0,0.072
train/BOTH/parsed-file364_prop15.als,train,BOTH,22.0,0.0,1.0,1.0
train/BOTH/parsed-file365_prop17.als,train,BOTH,44.0,0.323,1.0,0.677
train/BOTH/parsed-file367_prop5.als,train,BOTH,54.0,0.836,1.0,0.164
train/BOTH/parsed-file36_prop7.als,train,BOTH,18.0,0.0,1.0,1.0
train/BOTH/parsed-file375_prop3.als,train,BOTH,11.0,0.933,1.0,0.067
train/BOTH/parsed-file381_prop6.als,train,BOTH,28.0,0.701,1.0,0.299
train/BOTH/parsed-file382_prop5.als,train,BOTH,53.0,0.468,1.0,0.532
train/BOTH/parsed-file383_prop5.als,train,BOTH,53.0,0.952,1.0,0.048
train/BOTH/parsed-file387_prop6.als,train,BOTH,29.0,0.128,1.0,0.872
train/BOTH/parsed-file39_prop5.als,train,BOTH,52.0,0.569,1.0,0.431
train/BOTH/parsed-file403_prop1.als,train,BOTH,24.0,0.0,1.0,1.0
train/BOTH/parsed-file404_prop3.als,train,BOTH,4.0,0.371,1.0,0.629
train/BOTH/parsed-file405_prop3.als,train,BOTH,28.0,0.0,1.0,1.0
train/BOTH/parsed-file417_prop8.als,train,BOTH,49.0,0.212,1.0,0.788
train/BOTH/parsed-file419_prop4.als,train,BOTH,11.0,0.929,1.0,0.071
train/BOTH/parsed-file420_prop1.als,train,BOTH,2.0,0.0,1.0,1.0
train/BOTH/parsed-file426_prop3.als,train,BOTH,4.0,0.45,1.0,0.55
train/BOTH/parsed-file430_prop2.als,train,BOTH,18.0,0.0,1.0,1.0
train/BOTH/parsed-file436_prop14.als,train,BOTH,48.0,0.293,1.0,0.707
train/BOTH/parsed-file437_prop14.als,train,BOTH,61.0,0.872,1.0,0.128
train/BOTH/parsed-file443_prop1.als,train,BOTH,23.0,0.0,1.0,1.0
train/BOTH/parsed-file444_prop8.als,train,BOTH,59.0,0.0,1.0,1.0
train/BOTH/parsed-file450_prop15.als,train,BOTH,19.0,0.0,1.0,1.0
train/BOTH/parsed-file453_prop16.als,train,BOTH,31.0,0.0,1.0,1.0
train/BOTH/parsed-file456_prop3.als,train,BOTH,5.0,0.998,1.0,0.002
train/BOTH/parsed-file465_prop5.als,train,BOTH,56.0,0.934,1.0,0.066
train/BOTH/parsed-file467_prop6.als,train,BOTH,26.0,0.758,1.0,0.242
train/BOTH/parsed-file471_prop3.als,train,BOTH,3.0,0.998,1.0,0.002
train/BOTH/parsed-file475_prop9.als,train,BOTH,23.0,0.068,1.0,0.932
train/BOTH/parsed-file483_prop15.als,train,BOTH,21.0,0.0,1.0,1.0
train/BOTH/parsed-file485_prop4.als,train,BOTH,11.0,0.416,1.0,0.584
train/BOTH/parsed-file487_prop3.als,train,BOTH,13.0,0.998,1.0,0.002
train/BOTH/parsed-file489_prop1.als,train,BOTH,20.0,0.0,1.0,1.0
train/BOTH/parsed-file495_prop15.als,train,BOTH,20.0,0.0,1.0,1.0
train/BOTH/parsed-file501_prop1.als,train,BOTH,25.0,1.0,1.0,0.0
train/BOTH/parsed-file502_prop7.als,train,BOTH,18.0,0.0,1.0,1.0
train/BOTH/parsed-file507_prop3.als,train,BOTH,11.0,1.0,1.0,0.0
train/BOTH/parsed-file510_prop5.als,train,BOTH,51.0,0.976,1.0,0.024
train/BOTH/parsed-file511_prop16.als,train,BOTH,31.0,0.984,1.0,0.016
train/BOTH/parsed-file513_prop9.als,train,BOTH,27.0,0.052,1.0,0.948
train/BOTH/parsed-file525_prop5.als,train,BOTH,52.0,0.952,1.0,0.048
train/BOTH/parsed-file52_prop14.als,train,BOTH,44.0,0.379,1.0,0.621
train/BOTH/parsed-file530_prop13.als,train,BOTH,16.0,0.066,1.0,0.934
train/BOTH/parsed-file539_prop5.als,train,BOTH,52.0,0.988,1.0,0.012
train/BOTH/parsed-file551_prop4.als,train,BOTH,13.0,0.416,1.0,0.584
train/BOTH/parsed-file552_prop5.als,train,BOTH,54.0,0.0,1.0,1.0
train/BOTH/parsed-file553_prop9.als,train,BOTH,37.0,0.0,1.0,1.0
train/BOTH/parsed-file555_prop6.als,train,BOTH,45.0,0.0,1.0,1.0
train/BOTH/parsed-file557_prop8.als,train,BOTH,39.0,0.407,1.0,0.593
train/BOTH/parsed-file559_prop1.als,train,BOTH,21.0,1.0,1.0,0.0
train/BOTH/parsed-file560_prop4.als,train,BOTH,12.0,1.0,1.0,0.0
train/BOTH/parsed-file570_prop4.als,train,BOTH,33.0,0.369,1.0,0.631
train/BOTH/parsed-file575_prop9.als,train,BOTH,23.0,0.848,1.0,0.152
train/BOTH/parsed-file592_prop1.als,train,BOTH,25.0,0.0,1.0,1.0
train/BOTH/parsed-file593_prop7.als,train,BOTH,25.0,0.0,1.0,1.0
train/BOTH/parsed-file595_prop7.als,train,BOTH,28.0,0.165,1.0,0.835
train/BOTH/parsed-file596_prop1.als,train,BOTH,7.0,0.0,1.0,1.0
train/BOTH/parsed-file600_prop8.als,train,BOTH,50.0,0.0,1.0,1.0
train/BOTH/parsed-file602_prop3.als,train,BOTH,4.0,1.0,1.0,0.0
train/BOTH/parsed-file603_prop1.als,train,BOTH,15.0,1.0,1.0,0.0
train/BOTH/parsed-file604_prop8.als,train,BOTH,37.0,0.741,1.0,0.259
train/BOTH/parsed-file609_prop3.als,train,BOTH,10.0,0.0,1.0,1.0
train/BOTH/parsed-file610_prop6.als,train,BOTH,29.0,0.418,1.0,0.582
train/BOTH/parsed-file611_prop4.als,train,BOTH,12.0,1.0,1.0,0.0
train/BOTH/parsed-file614_prop6.als,train,BOTH,45.0,0.0,1.0,1.0
train/BOTH/parsed-file615_prop2.als,train,BOTH,13.0,0.0,1.0,1.0
train/BOTH/parsed-file616_prop5.als,train,BOTH,52.0,0.988,1.0,0.012
train/BOTH/parsed-file618_prop2.als,train,BOTH,16.0,0.0,1.0,1.0
train/BOTH/parsed-file619_prop5.als,train,BOTH,58.0,0.716,1.0,0.284
train/BOTH/parsed-file61_prop9.als,train,BOTH,29.0,0.052,1.0,0.948
train/BOTH/parsed-file620_prop15.als,train,BOTH,29.0,0.0,1.0,1.0
train/BOTH/parsed-file623_prop4.als,train,BOTH,29.0,1.0,1.0,0.0
train/BOTH/parsed-file627_prop3.als,train,BOTH,6.0,0.0,1.0,1.0
train/BOTH/parsed-file635_prop8.als,train,BOTH,46.0,0.0,1.0,1.0
train/BOTH/parsed-file640_prop8.als,train,BOTH,49.0,0.501,1.0,0.499
train/BOTH/parsed-file642_prop9.als,train,BOTH,30.0,0.816,1.0,0.184
train/BOTH/parsed-file647_prop14.als,train,BOTH,50.0,0.399,1.0,0.601
train/BOTH/parsed-file650_prop3.als,train,BOTH,6.0,1.0,1.0,0.0
train/BOTH/parsed-file659_prop9.als,train,BOTH,17.0,0.816,1.0,0.184
train/BOTH/parsed-file661_prop6.als,train,BOTH,36.0,0.249,1.0,0.751
train/BOTH/parsed-file665_prop14.als,train,BOTH,44.0,0.399,1.0,0.601
train/BOTH/parsed-file66_prop9.als,train,BOTH,29.0,1.0,1.0,0.0
train/BOTH/parsed-file672_prop3.als,train,BOTH,5.0,0.983,1.0,0.017
train/BOTH/parsed-file673_prop7.als,train,BOTH,22.0,0.165,1.0,0.835
train/BOTH/parsed-file679_prop5.als,train,BOTH,66.0,0.0,1.0,1.0
train/BOTH/parsed-file67_prop3.als,train,BOTH,6.0,0.692,1.0,0.308
train/BOTH/parsed-file68_prop2.als,train,BOTH,13.0,0.0,1.0,1.0
train/BOTH/parsed-file691_prop3.als,train,BOTH,6.0,0.0,1.0,1.0
train/BOTH/parsed-file700_prop15.als,train,BOTH,24.0,0.0,1.0,1.0
train/BOTH/parsed-file703_prop15.als,train,BOTH,22.0,0.0,1.0,1.0
train/BOTH/parsed-file71_prop14.als,train,BOTH,45.0,0.143,1.0,0.857
train/BOTH/parsed-file726_prop6.als,train,BOTH,37.0,0.927,1.0,0.073
train/BOTH/parsed-file729_prop7.als,train,BOTH,18.0,1.0,1.0,0.0
train/BOTH/parsed-file731_prop15.als,train,BOTH,29.0,0.0,1.0,1.0
train/BOTH/parsed-file73_prop14.als,train,BOTH,44.0,0.268,1.0,0.732
train/BOTH/parsed-file741_prop7.als,train,BOTH,16.0,0.608,1.0,0.392
train/BOTH/parsed-file742_prop2.als,train,BOTH,10.0,0.0,1.0,1.0
train/BOTH/parsed-file743_prop3.als,train,BOTH,26.0,0.0,1.0,1.0
train/BOTH/parsed-file749_prop14.als,train,BOTH,46.0,0.379,1.0,0.621
train/BOTH/parsed-file750_prop17.als,train,BOTH,37.0,0.0,1.0,1.0
train/BOTH/parsed-file755_prop1.als,train,BOTH,25.0,0.0,1.0,1.0
train/BOTH/parsed-file758_prop13.als,train,BOTH,10.0,0.453,1.0,0.547
train/BOTH/parsed-file762_prop3.als,train,BOTH,10.0,0.999,1.0,0.001
train/BOTH/parsed-file767_prop15.als,train,BOTH,21.0,0.0,1.0,1.0
train/BOTH/parsed-file772_prop14.als,train,BOTH,50.0,0.208,1.0,0.792
train/BOTH/parsed-file773_prop17.als,train,BOTH,33.0,0.0,1.0,1.0
train/BOTH/parsed-file776_prop1.als,train,BOTH,29.0,0.0,1.0,1.0
train/BOTH/parsed-file791_prop5.als,train,BOTH,54.0,0.904,1.0,0.096
train/BOTH/parsed-file796_prop4.als,train,BOTH,33.0,0.951,1.0,0.049
train/BOTH/parsed-file79_prop5.als,train,BOTH,52.0,0.952,1.0,0.048
train/BOTH/parsed-file802_prop9.als,train,BOTH,22.0,0.0,1.0,1.0
train/BOTH/parsed-file803_prop2.als,train,BOTH,20.0,0.0,1.0,1.0
train/BOTH/parsed-file804_prop8.als,train,BOTH,58.0,0.0,1.0,1.0
train/BOTH/parsed-file806_prop9.als,train,BOTH,37.0,0.0,1.0,1.0
train/BOTH/parsed-file814_prop9.als,train,BOTH,26.0,0.0,1.0,1.0
train/BOTH/parsed-file823_prop6.als,train,BOTH,26.0,0.927,1.0,0.073
train/BOTH/parsed-file828_prop6.als,train,BOTH,26.0,0.844,1.0,0.156
train/BOTH/parsed-file82_prop3.als,train,BOTH,6.0,0.0,1.0,1.0
train/BOTH/parsed-file833_prop9.als,train,BOTH,15.0,0.068,1.0,0.932
train/BOTH/parsed-file835_prop3.als,train,BOTH,21.0,0.89,1.0,0.11
train/BOTH/parsed-file838_prop9.als,train,BOTH,29.0,0.0,1.0,1.0
train/BOTH/parsed-file846_prop1.als,train,BOTH,2.0,0.0,1.0,1.0
train/BOTH/parsed-file84_prop3.als,train,BOTH,5.0,1.0,1.0,0.0
train/BOTH/parsed-file858_prop5.als,train,BOTH,53.0,0.468,1.0,0.532
train/BOTH/parsed-file85_prop4.als,train,BOTH,25.0,1.0,1.0,0.0
train/BOTH/parsed-file865_prop3.als,train,BOTH,11.0,0.743,1.0,0.257
train/BOTH/parsed-file868_prop1.als,train,BOTH,31.0,0.0,1.0,1.0
train/BOTH/parsed-file871_prop9.als,train,BOTH,29.0,0.848,1.0,0.152
train/BOTH/parsed-file876_prop3.als,train,BOTH,4.0,0.936,1.0,0.064
train/BOTH/parsed-file880_prop9.als,train,BOTH,12.0,0.0,1.0,1.0
train/BOTH/parsed-file887_prop15.als,train,BOTH,46.0,0.0,1.0,1.0
train/BOTH/parsed-file888_prop3.als,train,BOTH,22.0,0.0,1.0,1.0
train/BOTH/parsed-file890_prop3.als,train,BOTH,4.0,1.0,1.0,0.0
train/BOTH/parsed-file892_prop9.als,train,BOTH,29.0,0.552,1.0,0.448
train/BOTH/parsed-file895_prop3.als,train,BOTH,16.0,0.87,1.0,0.13
train/BOTH/parsed-file901_prop5.als,train,BOTH,52.0,0.988,1.0,0.012
train/BOTH/parsed-file90_prop14.als,train,BOTH,61.0,0.872,1.0,0.128
train/BOTH/parsed-file921_prop5.als,train,BOTH,51.0,0.964,1.0,0.036
train/BOTH/parsed-file926_prop6.als,train,BOTH,28.0,0.701,1.0,0.299
train/BOTH/parsed-file92_prop9.als,train,BOTH,24.0,0.0,1.0,1.0
train/BOTH/parsed-file930_prop6.als,train,BOTH,26.0,0.267,1.0,0.733
train/BOTH/parsed-file931_prop3.als,train,BOTH,6.0,0.0,1.0,1.0
train/BOTH/parsed-file935_prop3.als,train,BOTH,6.0,0.933,1.0,0.067
train/BOTH/parsed-file93_prop17.als,train,BOTH,37.0,0.0,1.0,1.0
train/BOTH/parsed-file941_prop3.als,train,BOTH,28.0,0.0,1.0,1.0
train/BOTH/parsed-file942_prop14.als,train,BOTH,45.0,0.379,1.0,0.621
train/BOTH/parsed-file945_prop15.als,train,BOTH,42.0,0.0,1.0,1.0
train/BOTH/parsed-file949_prop3.als,train,BOTH,6.0,1.0,1.0,0.0
train/BOTH/parsed-file958_prop17.als,train,BOTH,39.0,0.675,1.0,0.325
train/BOTH/parsed-file960_prop14.als,train,BOTH,45.0,0.399,1.0,0.601
train/BOTH/parsed-file961_prop4.als,train,BOTH,13.0,0.0,1.0,1.0
train/BOTH/parsed-file965_prop9.als,train,BOTH,27.0,0.848,1.0,0.152
train/BOTH/parsed-file966_prop17.als,train,BOTH,35.0,0.0,1.0,1.0
train/BOTH/parsed-file967_prop9.als,train,BOTH,38.0,0.0,1.0,1.0
train/BOTH/parsed-file969_prop8.als,train,BOTH,52.0,1.0,1.0,0.0
train/BOTH/parsed-file970_prop5.als,train,BOTH,53.0,0.976,1.0,0.024
train/BOTH/parsed-file974_prop15.als,train,BOTH,39.0,0.0,1.0,1.0
train/BOTH/parsed-file975_prop1.als,train,BOTH,18.0,1.0,1.0,0.0
train/BOTH/parsed-file985_prop4.als,train,BOTH,24.0,0.0,1.0,1.0
train/BOTH/parsed-file986_prop9.als,train,BOTH,24.0,0.0,1.0,1.0
train/BOTH/parsed-file988_prop9.als,train,BOTH,15.0,0.068,1.0,0.932
train/BOTH/parsed-file994_prop9.als,train,BOTH,29.0,0.848,1.0,0.152
train/BOTH/parsed-file9_prop5.als,train,BOTH,75.0,0.94,1.0,0.06
train/CORRECT/parsed-file1004_prop3.als,train,CORRECT,15.0,1.0,1.0,0.0
train/CORRECT/parsed-file1008_prop1.als,train,CORRECT,0.0,1.0,1.0,0.0
train/CORRECT/parsed-file1022_prop1.als,train,CORRECT,28.0,1.0,1.0,0.0
train/CORRECT/parsed-file1055_prop3.als,train,CORRECT,0.0,1.0,1.0,0.0
train/CORRECT/parsed-file1059_prop11.als,train,CORRECT,17.0,1.0,1.0,0.0
train/CORRECT/parsed-file1064_prop3.als,train,CORRECT,0.0,1.0,1.0,0.0
train/CORRECT/parsed-file1072_prop3.als,train,CORRECT,0.0,1.0,1.0,0.0
train/CORRECT/parsed-file1079_prop2.als,train,CORRECT,0.0,1.0,1.0,0.0
train/CORRECT/parsed-file1080_prop10.als,train,CORRECT,32.0,1.0,1.0,0.0
train/CORRECT/parsed-file1082_prop1.als,train,CORRECT,0.0,1.0,1.0,0.0
train/CORRECT/parsed-file1083_prop4.als,train,CORRECT,17.0,1.0,1.0,0.0
train/CORRECT/parsed-file1096_prop3.als,train,CORRECT,15.0,1.0,1.0,0.0
train/CORRECT/parsed-file1102_prop2.als,train,CORRECT,0.0,1.0,1.0,0.0
train/CORRECT/parsed-file1102_prop3.als,train,CORRECT,15.0,1.0,1.0,0.0
train/CORRECT/parsed-file110_prop13.als,train,CORRECT,8.0,1.0,1.0,0.0
train/CORRECT/parsed-file1118_prop6.als,train,CORRECT,39.0,1.0,1.0,0.0
train/CORRECT/parsed-file1144_prop4.als,train,CORRECT,11.0,1.0,1.0,0.0
train/CORRECT/parsed-file1146_prop2.als,train,CORRECT,0.0,1.0,1.0,0.0
train/CORRECT/parsed-file1152_prop13.als,train,CORRECT,8.0,1.0,1.0,0.0
train/CORRECT/parsed-file1167_prop11.als,train,CORRECT,22.0,1.0,1.0,0.0
train/CORRECT/parsed-file1174_prop1.als,train,CORRECT,0.0,1.0,1.0,0.0
train/CORRECT/parsed-file1178_prop7.als,train,CORRECT,18.0,1.0,1.0,0.0
train/CORRECT/parsed-file1189_prop4.als,train,CORRECT,26.0,1.0,1.0,0.0
train/CORRECT/parsed-file1201_prop4.als,train,CORRECT,17.0,1.0,1.0,0.0
train/CORRECT/parsed-file1209_prop1.als,train,CORRECT,0.0,1.0,1.0,0.0
train/CORRECT/parsed-file1209_prop3.als,train,CORRECT,6.0,1.0,1.0,0.0
train/CORRECT/parsed-file1238_prop7.als,train,CORRECT,14.0,1.0,1.0,0.0
train/CORRECT/parsed-file1240_prop1.als,train,CORRECT,10.0,1.0,1.0,0.0
train/CORRECT/parsed-file164_prop2.als,train,CORRECT,0.0,1.0,1.0,0.0
train/CORRECT/parsed-file166_prop3.als,train,CORRECT,15.0,1.0,1.0,0.0
train/CORRECT/parsed-file167_prop13.als,train,CORRECT,8.0,1.0,1.0,0.0
train/CORRECT/parsed-file176_prop11.als,train,CORRECT,17.0,1.0,1.0,0.0
train/CORRECT/parsed-file1_prop3.als,train,CORRECT,15.0,1.0,1.0,0.0
train/CORRECT/parsed-file208_prop4.als,train,CORRECT,23.0,1.0,1.0,0.0
train/CORRECT/parsed-file236_prop4.als,train,CORRECT,11.0,1.0,1.0,0.0
train/CORRECT/parsed-file243_prop2.als,train,CORRECT,0.0,1.0,1.0,0.0
train/CORRECT/parsed-file248_prop2.als,train,CORRECT,0.0,1.0,1.0,0.0
train/CORRECT/parsed-file250_prop2.als,train,CORRECT,13.0,1.0,1.0,0.0
train/CORRECT/parsed-file259_prop1.als,train,CORRECT,0.0,1.0,1.0,0.0
train/CORRECT/parsed-file260_prop3.als,train,CORRECT,41.0,1.0,1.0,0.0
train/CORRECT/parsed-file274_prop2.als,train,CORRECT,3.0,1.0,1.0,0.0
train/CORRECT/parsed-file278_prop4.als,train,CORRECT,0.0,1.0,1.0,0.0
train/CORRECT/parsed-file279_prop6.als,train,CORRECT,39.0,1.0,1.0,0.0
train/CORRECT/parsed-file29_prop3.als,train,CORRECT,15.0,1.0,1.0,0.0
train/CORRECT/parsed-file315_prop2.als,train,CORRECT,0.0,1.0,1.0,0.0
train/CORRECT/parsed-file322_prop4.als,train,CORRECT,17.0,1.0,1.0,0.0
train/CORRECT/parsed-file351_prop10.als,train,CORRECT,9.0,1.0,1.0,0.0
train/CORRECT/parsed-file365_prop15.als,train,CORRECT,23.0,1.0,1.0,0.0
train/CORRECT/parsed-file367_prop1.als,train,CORRECT,0.0,1.0,1.0,0.0
train/CORRECT/parsed-file377_prop4.als,train,CORRECT,11.0,1.0,1.0,0.0
train/CORRECT/parsed-file447_prop3.als,train,CORRECT,15.0,1.0,1.0,0.0
train/CORRECT/parsed-file462_prop3.als,train,CORRECT,15.0,1.0,1.0,0.0
train/CORRECT/parsed-file480_prop1.als,train,CORRECT,28.0,1.0,1.0,0.0
train/CORRECT/parsed-file520_prop3.als,train,CORRECT,41.0,1.0,1.0,0.0
train/CORRECT/parsed-file526_prop15.als,train,CORRECT,23.0,1.0,1.0,0.0
train/CORRECT/parsed-file543_prop3.als,train,CORRECT,15.0,1.0,1.0,0.0
train/CORRECT/parsed-file554_prop1.als,train,CORRECT,10.0,1.0,1.0,0.0
train/CORRECT/parsed-file573_prop4.als,train,CORRECT,19.0,1.0,1.0,0.0
train/CORRECT/parsed-file57_prop4.als,train,CORRECT,3.0,1.0,1.0,0.0
train/CORRECT/parsed-file619_prop3.als,train,CORRECT,6.0,1.0,1.0,0.0
train/CORRECT/parsed-file649_prop3.als,train,CORRECT,15.0,1.0,1.0,0.0
train/CORRECT/parsed-file657_prop4.als,train,CORRECT,0.0,1.0,1.0,0.0
train/CORRECT/parsed-file661_prop4.als,train,CORRECT,11.0,1.0,1.0,0.0
train/CORRECT/parsed-file66_prop8.als,train,CORRECT,51.0,1.0,1.0,0.0
train/CORRECT/parsed-file683_prop1.als,train,CORRECT,6.0,1.0,1.0,0.0
train/CORRECT/parsed-file688_prop1.als,train,CORRECT,3.0,1.0,1.0,0.0
train/CORRECT/parsed-file688_prop2.als,train,CORRECT,0.0,1.0,1.0,0.0
train/CORRECT/parsed-file688_prop3.als,train,CORRECT,15.0,1.0,1.0,0.0
train/CORRECT/parsed-file713_prop7.als,train,CORRECT,24.0,1.0,1.0,0.0
train/CORRECT/parsed-file717_prop2.als,train,CORRECT,7.0,1.0,1.0,0.0
train/CORRECT/parsed-file719_prop15.als,train,CORRECT,32.0,1.0,1.0,0.0
train/CORRECT/parsed-file719_prop3.als,train,CORRECT,15.0,1.0,1.0,0.0
train/CORRECT/parsed-file725_prop1.als,train,CORRECT,0.0,1.0,1.0,0.0
train/CORRECT/parsed-file731_prop1.als,train,CORRECT,0.0,1.0,1.0,0.0
train/CORRECT/parsed-file735_prop4.als,train,CORRECT,18.0,1.0,1.0,0.0
train/CORRECT/parsed-file737_prop10.als,train,CORRECT,24.0,1.0,1.0,0.0
train/CORRECT/parsed-file73_prop7.als,train,CORRECT,14.0,1.0,1.0,0.0
train/CORRECT/parsed-file754_prop15.als,train,CORRECT,33.0,1.0,1.0,0.0
train/CORRECT/parsed-file758_prop10.als,train,CORRECT,24.0,1.0,1.0,0.0
train/CORRECT/parsed-file771_prop7.als,train,CORRECT,14.0,1.0,1.0,0.0
train/CORRECT/parsed-file786_prop16.als,train,CORRECT,26.0,1.0,1.0,0.0
train/CORRECT/parsed-file79_prop10.als,train,CORRECT,24.0,1.0,1.0,0.0
train/CORRECT/parsed-file811_prop10.als,train,CORRECT,24.0,1.0,1.0,0.0
train/CORRECT/parsed-file816_prop2.als,train,CORRECT,0.0,1.0,1.0,0.0
train/CORRECT/parsed-file826_prop3.als,train,CORRECT,0.0,1.0,1.0,0.0
train/CORRECT/parsed-file835_prop1.als,train,CORRECT,0.0,1.0,1.0,0.0
train/CORRECT/parsed-file836_prop13.als,train,CORRECT,8.0,1.0,1.0,0.0
train/CORRECT/parsed-file853_prop2.als,train,CORRECT,0.0,1.0,1.0,0.0
train/CORRECT/parsed-file855_prop1.als,train,CORRECT,10.0,1.0,1.0,0.0
train/CORRECT/parsed-file873_prop2.als,train,CORRECT,0.0,1.0,1.0,0.0
train/CORRECT/parsed-file893_prop2.als,train,CORRECT,0.0,1.0,1.0,0.0
train/CORRECT/parsed-file915_prop4.als,train,CORRECT,11.0,1.0,1.0,0.0
train/CORRECT/parsed-file923_prop1.als,train,CORRECT,3.0,1.0,1.0,0.0
train/CORRECT/parsed-file92_prop8.als,train,CORRECT,46.0,1.0,1.0,0.0
train/CORRECT/parsed-file934_prop1.als,train,CORRECT,9.0,1.0,1.0,0.0
train/CORRECT/parsed-file954_prop1.als,train,CORRECT,6.0,1.0,1.0,0.0
train/CORRECT/parsed-file961_prop3.als,train,CORRECT,0.0,1.0,1.0,0.0
train/CORRECT/parsed-file965_prop11.als,train,CORRECT,17.0,1.0,1.0,0.0
train/CORRECT/parsed-file974_prop3.als,train,CORRECT,15.0,1.0,1.0,0.0
train/CORRECT/parsed-file985_prop3.als,train,CORRECT,15.0,1.0,1.0,0.0
train/CORRECT/parsed-file986_prop6.als,train,CORRECT,33.0,1.0,1.0,0.0
train/CORRECT/parsed-file987_prop10.als,train,CORRECT,24.0,1.0,1.0,0.0
train/OVERCONSTRAINED/parsed-file0_prop6.als,train,OVERCONSTRAINED,20.0,1.0,1.0,0.0
train/OVERCONSTRAINED/parsed-file1001_prop2.als,train,OVERCONSTRAINED,41.0,1.0,1.0,0.0
train/OVERCONSTRAINED/parsed-file1003_prop2.als,train,OVERCONSTRAINED,22.0,1.0,1.0,0.0
train/OVERCONSTRAINED/parsed-file1004_prop4.als,train,OVERCONSTRAINED,25.0,0.0,1.0,1.0
train/OVERCONSTRAINED/parsed-file1008_prop2.als,train,OVERCONSTRAINED,18.0,1.0,1.0,0.0
train/OVERCONSTRAINED/parsed-file1011_prop4.als,train,OVERCONSTRAINED,26.0,1.0,1.0,0.0
train/OVERCONSTRAINED/parsed-file1014_prop13.als,train,OVERCONSTRAINED,8.0,1.0,1.0,0.0
train/OVERCONSTRAINED/parsed-file1024_prop6.als,train,OVERCONSTRAINED,30.0,1.0,1.0,0.0
train/OVERCONSTRAINED/parsed-file1030_prop4.als,train,OVERCONSTRAINED,25.0,1.0,1.0,0.0
train/OVERCONSTRAINED/parsed-file1034_prop9.als,train,OVERCONSTRAINED,26.0,0.0,1.0,1.0
train/OVERCONSTRAINED/parsed-file1035_prop3.als,train,OVERCONSTRAINED,3.0,1.0,1.0,0.0
train/OVERCONSTRAINED/parsed-file1046_prop11.als,train,OVERCONSTRAINED,29.0,0.848,1.0,0.152
train/OVERCONSTRAINED/parsed-file1050_prop3.als,train,OVERCONSTRAINED,3.0,1.0,1.0,0.0
train/OVERCONSTRAINED/parsed-file1061_prop2.als,train,OVERCONSTRAINED,17.0,1.0,1.0,0.0
train/OVERCONSTRAINED/parsed-file1062_prop4.als,train,OVERCONSTRAINED,15.0,1.0,1.0,0.0
train/OVERCONSTRAINED/parsed-file1070_prop6.als,train,OVERCONSTRAINED,28.0,1.0,1.0,0.0
train/OVERCONSTRAINED/parsed-file1086_prop2.als,train,OVERCONSTRAINED,41.0,1.0,1.0,0.0
train/OVERCONSTRAINED/parsed-file1088_prop2.als,train,OVERCONSTRAINED,13.0,1.0,1.0,0.0
train/OVERCONSTRAINED/parsed-file1098_prop2.als,train,OVERCONSTRAINED,22.0,1.0,1.0,0.0
train/OVERCONSTRAINED/parsed-file1103_prop4.als,train,OVERCONSTRAINED,13.0,1.0,1.0,0.0
train/OVERCONSTRAINED/parsed-file1129_prop3.als,train,OVERCONSTRAINED,4.0,1.0,1.0,0.0
train/OVERCONSTRAINED/parsed-file1133_prop14.als,train,OVERCONSTRAINED,45.0,1.0,1.0,0.0
train/OVERCONSTRAINED/parsed-file1135_prop8.als,train,OVERCONSTRAINED,49.0,1.0,1.0,0.0
train/OVERCONSTRAINED/parsed-file1148_prop11.als,train,OVERCONSTRAINED,29.0,0.848,1.0,0.152
train/OVERCONSTRAINED/parsed-file1190_prop16.als,train,OVERCONSTRAINED,33.0,1.0,1.0,0.0
train/OVERCONSTRAINED/parsed-file1196_prop9.als,train,OVERCONSTRAINED,10.0,0.032,1.0,0.968
train/OVERCONSTRAINED/parsed-file11_prop6.als,train,OVERCONSTRAINED,30.0,0.0,1.0,1.0
train/OVERCONSTRAINED/parsed-file1206_prop7.als,train,OVERCONSTRAINED,9.0,1.0,1.0,0.0
train/OVERCONSTRAINED/parsed-file120_prop3.als,train,OVERCONSTRAINED,12.0,1.0,1.0,0.0
train/OVERCONSTRAINED/parsed-file1215_prop2.als,train,OVERCONSTRAINED,24.0,1.0,1.0,0.0
train/OVERCONSTRAINED/parsed-file1224_prop11.als,train,OVERCONSTRAINED,28.0,0.848,1.0,0.152
train/OVERCONSTRAINED/parsed-file1234_prop3.als,train,OVERCONSTRAINED,4.0,1.0,1.0,0.0
train/OVERCONSTRAINED/parsed-file1235_prop4.als,train,OVERCONSTRAINED,15.0,1.0,1.0,0.0
train/OVERCONSTRAINED/parsed-file130_prop14.als,train,OVERCONSTRAINED,56.0,1.0,1.0,0.0
train/OVERCONSTRAINED/parsed-file135_prop3.als,train,OVERCONSTRAINED,9.0,0.0,1.0,1.0
train/OVERCONSTRAINED/parsed-file140_prop7.als,train,OVERCONSTRAINED,11.0,1.0,1.0,0.0
train/OVERCONSTRAINED/parsed-file150_prop4.als,train,OVERCONSTRAINED,11.0,1.0,1.0,0.0
train/OVERCONSTRAINED/parsed-file153_prop2.als,train,OVERCONSTRAINED,12.0,1.0,1.0,0.0
train/OVERCONSTRAINED/parsed-file160_prop9.als,train,OVERCONSTRAINED,29.0,0.032,1.0,0.968
train/OVERCONSTRAINED/parsed-file163_prop2.als,train,OVERCONSTRAINED,11.0,1.0,1.0,0.0
train/OVERCONSTRAINED/parsed-file164_prop4.als,train,OVERCONSTRAINED,25.0,1.0,1.0,0.0
train/OVERCONSTRAINED/parsed-file168_prop2.als,train,OVERCONSTRAINED,12.0,1.0,1.0,0.0
train/OVERCONSTRAINED/parsed-file172_prop9.als,train,OVERCONSTRAINED,32.0,0.0,1.0,1.0
train/OVERCONSTRAINED/parsed-file178_prop2.als,train,OVERCONSTRAINED,18.0,1.0,1.0,0.0
train/OVERCONSTRAINED/parsed-file18_prop1.als,train,OVERCONSTRAINED,6.0,0.0,1.0,1.0
train/OVERCONSTRAINED/parsed-file194_prop4.als,train,OVERCONSTRAINED,25.0,0.0,1.0,1.0
train/OVERCONSTRAINED/parsed-file198_prop11.als,train,OVERCONSTRAINED,30.0,1.0,1.0,0.0
train/OVERCONSTRAINED/parsed-file216_prop2.als,train,OVERCONSTRAINED,16.0,1.0,1.0,0.0
train/OVERCONSTRAINED/parsed-file222_prop2.als,train,OVERCONSTRAINED,13.0,1.0,1.0,0.0
train/OVERCONSTRAINED/parsed-file229_prop7.als,train,OVERCONSTRAINED,9.0,1.0,1.0,0.0
train/OVERCONSTRAINED/parsed-file232_prop2.als,train,OVERCONSTRAINED,18.0,1.0,1.0,0.0
train/OVERCONSTRAINED/parsed-file233_prop1.als,train,OVERCONSTRAINED,8.0,0.0,1.0,1.0
train/OVERCONSTRAINED/parsed-file244_prop2.als,train,OVERCONSTRAINED,9.0,1.0,1.0,0.0
train/OVERCONSTRAINED/parsed-file247_prop4.als,train,OVERCONSTRAINED,17.0,1.0,1.0,0.0
train/OVERCONSTRAINED/parsed-file256_prop4.als,train,OVERCONSTRAINED,26.0,1.0,1.0,0.0
train/OVERCONSTRAINED/parsed-file267_prop2.als,train,OVERCONSTRAINED,18.0,1.0,1.0,0.0
train/OVERCONSTRAINED/parsed-file271_prop9.als,train,OVERCONSTRAINED,11.0,0.0,1.0,1.0
train/OVERCONSTRAINED/parsed-file284_prop2.als,train,OVERCONSTRAINED,3.0,1.0,1.0,0.0
train/OVERCONSTRAINED/parsed-file28_prop2.als,train,OVERCONSTRAINED,24.0,1.0,1.0,0.0
train/OVERCONSTRAINED/parsed-file297_prop8.als,train,OVERCONSTRAINED,49.0,0.0,1.0,1.0
train/OVERCONSTRAINED/parsed-file305_prop9.als,train,OVERCONSTRAINED,19.0,0.816,1.0,0.184
train/OVERCONSTRAINED/parsed-file316_prop6.als,train,OVERCONSTRAINED,33.0,1.0,1.0,0.0
train/OVERCONSTRAINED/parsed-file320_prop4.als,train,OVERCONSTRAINED,25.0,0.0,1.0,1.0
train/OVERCONSTRAINED/parsed-file324_prop6.als,train,OVERCONSTRAINED,39.0,1.0,1.0,0.0
train/OVERCONSTRAINED/parsed-file332_prop11.als,train,OVERCONSTRAINED,26.0,1.0,1.0,0.0
train/OVERCONSTRAINED/parsed-file335_prop6.als,train,OVERCONSTRAINED,47.0,1.0,1.0,0.0
train/OVERCONSTRAINED/parsed-file343_prop6.als,train,OVERCONSTRAINED,48.0,1.0,1.0,0.0
train/OVERCONSTRAINED/parsed-file346_prop2.als,train,OVERCONSTRAINED,16.0,1.0,1.0,0.0
train/OVERCONSTRAINED/parsed-file353_prop8.als,train,OVERCONSTRAINED,54.0,0.0,1.0,1.0
train/OVERCONSTRAINED/parsed-file357_prop2.als,train,OVERCONSTRAINED,22.0,1.0,1.0,0.0
train/OVERCONSTRAINED/parsed-file373_prop6.als,train,OVERCONSTRAINED,39.0,1.0,1.0,0.0
train/OVERCONSTRAINED/parsed-file37_prop10.als,train,OVERCONSTRAINED,29.0,1.0,1.0,0.0
train/OVERCONSTRAINED/parsed-file385_prop11.als,train,OVERCONSTRAINED,29.0,0.848,1.0,0.152
train/OVERCONSTRAINED/parsed-file386_prop9.als,train,OVERCONSTRAINED,6.0,0.0,1.0,1.0
train/OVERCONSTRAINED/parsed-file390_prop2.als,train,OVERCONSTRAINED,11.0,1.0,1.0,0.0
train/OVERCONSTRAINED/parsed-file395_prop3.als,train,OVERCONSTRAINED,4.0,1.0,1.0,0.0
train/OVERCONSTRAINED/parsed-file397_prop2.als,train,OVERCONSTRAINED,10.0,1.0,1.0,0.0
train/OVERCONSTRAINED/parsed-file398_prop8.als,train,OVERCONSTRAINED,54.0,0.0,1.0,1.0
train/OVERCONSTRAINED/parsed-file399_prop9.als,train,OVERCONSTRAINED,20.0,0.0,1.0,1.0
train/OVERCONSTRAINED/parsed-file408_prop6.als,train,OVERCONSTRAINED,28.0,1.0,1.0,0.0
train/OVERCONSTRAINED/parsed-file409_prop9.als,train,OVERCONSTRAINED,23.0,0.032,1.0,0.968
train/OVERCONSTRAINED/parsed-file413_prop3.als,train,OVERCONSTRAINED,6.0,0.0,1.0,1.0
train/OVERCONSTRAINED/parsed-file423_prop2.als,train,OVERCONSTRAINED,22.0,1.0,1.0,0.0
train/OVERCONSTRAINED/parsed-file427_prop2.als,train,OVERCONSTRAINED,11.0,1.0,1.0,0.0
train/OVERCONSTRAINED/parsed-file42_prop8.als,train,OVERCONSTRAINED,43.0,1.0,1.0,0.0
train/OVERCONSTRAINED/parsed-file432_prop15.als,train,OVERCONSTRAINED,29.0,0.0,1.0,1.0
train/OVERCONSTRAINED/parsed-file438_prop5.als,train,OVERCONSTRAINED,51.0,1.0,1.0,0.0
train/OVERCONSTRAINED/parsed-file439_prop2.als,train,OVERCONSTRAINED,16.0,1.0,1.0,0.0
train/OVERCONSTRAINED/parsed-file454_prop2.als,train,OVERCONSTRAINED,13.0,1.0,1.0,0.0
train/OVERCONSTRAINED/parsed-file464_prop13.als,train,OVERCONSTRAINED,8.0,1.0,1.0,0.0
train/OVERCONSTRAINED/parsed-file468_prop13.als,train,OVERCONSTRAINED,29.0,1.0,1.0,0.0
train/OVERCONSTRAINED/parsed-file469_prop2.als,train,OVERCONSTRAINED,18.0,1.0,1.0,0.0
train/OVERCONSTRAINED/parsed-file484_prop6.als,train,OVERCONSTRAINED,20.0,1.0,1.0,0.0
train/OVERCONSTRAINED/parsed-file498_prop6.als,train,OVERCONSTRAINED,26.0,0.0,1.0,1.0
train/OVERCONSTRAINED/parsed-file504_prop2.als,train,OVERCONSTRAINED,22.0,1.0,1.0,0.0
train/OVERCONSTRAINED/parsed-file50_prop2.als,train,OVERCONSTRAINED,22.0,1.0,1.0,0.0
train/OVERCONSTRAINED/parsed-file514_prop9.als,train,OVERCONSTRAINED,18.0,0.0,1.0,1.0
train/OVERCONSTRAINED/parsed-file515_prop3.als,train,OVERCONSTRAINED,8.0,1.0,1.0,0.0
train/OVERCONSTRAINED/parsed-file516_prop3.als,train,OVERCONSTRAINED,8.0,0.0,1.0,1.0
train/OVERCONSTRAINED/parsed-file519_prop1.als,train,OVERCONSTRAINED,12.0,1.0,1.0,0.0
train/OVERCONSTRAINED/parsed-file523_prop6.als,train,OVERCONSTRAINED,20.0,1.0,1.0,0.0
train/OVERCONSTRAINED/parsed-file524_prop2.als,train,OVERCONSTRAINED,10.0,1.0,1.0,0.0
train/OVERCONSTRAINED/parsed-file529_prop2.als,train,OVERCONSTRAINED,17.0,1.0,1.0,0.0
train/OVERCONSTRAINED/parsed-file533_prop3.als,train,OVERCONSTRAINED,6.0,0.0,1.0,1.0
train/OVERCONSTRAINED/parsed-file538_prop6.als,train,OVERCONSTRAINED,48.0,1.0,1.0,0.0
train/OVERCONSTRAINED/parsed-file561_prop6.als,train,OVERCONSTRAINED,27.0,0.0,1.0,1.0
train/OVERCONSTRAINED/parsed-file56_prop3.als,train,OVERCONSTRAINED,6.0,1.0,1.0,0.0
train/OVERCONSTRAINED/parsed-file574_prop14.als,train,OVERCONSTRAINED,45.0,1.0,1.0,0.0
train/OVERCONSTRAINED/parsed-file577_prop4.als,train,OVERCONSTRAINED,15.0,0.0,1.0,1.0
train/OVERCONSTRAINED/parsed-file578_prop14.als,train,OVERCONSTRAINED,46.0,1.0,1.0,0.0
train/OVERCONSTRAINED/parsed-file580_prop17.als,train,OVERCONSTRAINED,41.0,1.0,1.0,0.0
train/OVERCONSTRAINED/parsed-file5_prop17.als,train,OVERCONSTRAINED,39.0,1.0,1.0,0.0
train/OVERCONSTRAINED/parsed-file624_prop6.als,train,OVERCONSTRAINED,38.0,1.0,1.0,0.0
train/OVERCONSTRAINED/parsed-file625_prop6.als,train,OVERCONSTRAINED,29.0,1.0,1.0,0.0
train/OVERCONSTRAINED/parsed-file626_prop8.als,train,OVERCONSTRAINED,51.0,0.0,1.0,1.0
train/OVERCONSTRAINED/parsed-file633_prop7.als,train,OVERCONSTRAINED,18.0,1.0,1.0,0.0
train/OVERCONSTRAINED/parsed-file636_prop2.als,train,OVERCONSTRAINED,9.0,1.0,1.0,0.0
train/OVERCONSTRAINED/parsed-file638_prop2.als,train,OVERCONSTRAINED,18.0,1.0,1.0,0.0
train/OVERCONSTRAINED/parsed-file645_prop7.als,train,OVERCONSTRAINED,9.0,1.0,1.0,0.0
train/OVERCONSTRAINED/parsed-file662_prop2.als,train,OVERCONSTRAINED,22.0,1.0,1.0,0.0
train/OVERCONSTRAINED/parsed-file664_prop9.als,train,OVERCONSTRAINED,30.0,0.848,1.0,0.152
train/OVERCONSTRAINED/parsed-file667_prop1.als,train,OVERCONSTRAINED,12.0,1.0,1.0,0.0
train/OVERCONSTRAINED/parsed-file676_prop6.als,train,OVERCONSTRAINED,28.0,1.0,1.0,0.0
train/OVERCONSTRAINED/parsed-file680_prop2.als,train,OVERCONSTRAINED,24.0,1.0,1.0,0.0
train/OVERCONSTRAINED/parsed-file688_prop4.als,train,OVERCONSTRAINED,15.0,1.0,1.0,0.0
train/OVERCONSTRAINED/parsed-file694_prop9.als,train,OVERCONSTRAINED,36.0,0.0,1.0,1.0
train/OVERCONSTRAINED/parsed-file699_prop2.als,train,OVERCONSTRAINED,17.0,1.0,1.0,0.0
train/OVERCONSTRAINED/parsed-file704_prop6.als,train,OVERCONSTRAINED,35.0,1.0,1.0,0.0
train/OVERCONSTRAINED/parsed-file70_prop4.als,train,OVERCONSTRAINED,15.0,0.0,1.0,1.0
train/OVERCONSTRAINED/parsed-file719_prop17.als,train,OVERCONSTRAINED,40.0,0.0,1.0,1.0
train/OVERCONSTRAINED/parsed-file723_prop3.als,train,OVERCONSTRAINED,13.0,1.0,1.0,0.0
train/OVERCONSTRAINED/parsed-file725_prop2.als,train,OVERCONSTRAINED,9.0,1.0,1.0,0.0
train/OVERCONSTRAINED/parsed-file733_prop4.als,train,OVERCONSTRAINED,30.0,0.0,1.0,1.0
train/OVERCONSTRAINED/parsed-file734_prop2.als,train,OVERCONSTRAINED,6.0,1.0,1.0,0.0
train/OVERCONSTRAINED/parsed-file736_prop9.als,train,OVERCONSTRAINED,14.0,0.032,1.0,0.968
train/OVERCONSTRAINED/parsed-file737_prop11.als,train,OVERCONSTRAINED,28.0,1.0,1.0,0.0
train/OVERCONSTRAINED/parsed-file745_prop8.als,train,OVERCONSTRAINED,46.0,1.0,1.0,0.0
train/OVERCONSTRAINED/parsed-file763_prop6.als,train,OVERCONSTRAINED,33.0,1.0,1.0,0.0
train/OVERCONSTRAINED/parsed-file784_prop3.als,train,OVERCONSTRAINED,6.0,1.0,1.0,0.0
train/OVERCONSTRAINED/parsed-file789_prop11.als,train,OVERCONSTRAINED,19.0,1.0,1.0,0.0
train/OVERCONSTRAINED/parsed-file799_prop6.als,train,OVERCONSTRAINED,26.0,1.0,1.0,0.0
train/OVERCONSTRAINED/parsed-file801_prop4.als,train,OVERCONSTRAINED,11.0,0.0,1.0,1.0
train/OVERCONSTRAINED/parsed-file805_prop6.als,train,OVERCONSTRAINED,26.0,1.0,1.0,0.0
train/OVERCONSTRAINED/parsed-file819_prop6.als,train,OVERCONSTRAINED,26.0,0.0,1.0,1.0
train/OVERCONSTRAINED/parsed-file831_prop2.als,train,OVERCONSTRAINED,3.0,1.0,1.0,0.0
train/OVERCONSTRAINED/parsed-file856_prop3.als,train,OVERCONSTRAINED,4.0,0.0,1.0,1.0
train/OVERCONSTRAINED/parsed-file859_prop17.als,train,OVERCONSTRAINED,41.0,1.0,1.0,0.0
train/OVERCONSTRAINED/parsed-file864_prop4.als,train,OVERCONSTRAINED,24.0,0.0,1.0,1.0
train/OVERCONSTRAINED/parsed-file87_prop2.als,train,OVERCONSTRAINED,13.0,1.0,1.0,0.0
train/OVERCONSTRAINED/parsed-file882_prop13.als,train,OVERCONSTRAINED,8.0,1.0,1.0,0.0
train/OVERCONSTRAINED/parsed-file886_prop4.als,train,OVERCONSTRAINED,15.0,1.0,1.0,0.0
train/OVERCONSTRAINED/parsed-file893_prop14.als,train,OVERCONSTRAINED,54.0,1.0,1.0,0.0
train/OVERCONSTRAINED/parsed-file897_prop4.als,train,OVERCONSTRAINED,26.0,1.0,1.0,0.0
train/OVERCONSTRAINED/parsed-file907_prop6.als,train,OVERCONSTRAINED,37.0,1.0,1.0,0.0
train/OVERCONSTRAINED/parsed-file909_prop2.als,train,OVERCONSTRAINED,20.0,1.0,1.0,0.0
train/OVERCONSTRAINED/parsed-file914_prop6.als,train,OVERCONSTRAINED,26.0,1.0,1.0,0.0
train/OVERCONSTRAINED/parsed-file919_prop1.als,train,OVERCONSTRAINED,1.0,1.0,1.0,0.0
train/OVERCONSTRAINED/parsed-file929_prop2.als,train,OVERCONSTRAINED,22.0,1.0,1.0,0.0
train/OVERCONSTRAINED/parsed-file948_prop17.als,train,OVERCONSTRAINED,37.0,1.0,1.0,0.0
train/OVERCONSTRAINED/parsed-file952_prop3.als,train,OVERCONSTRAINED,4.0,0.0,1.0,1.0
train/OVERCONSTRAINED/parsed-file953_prop6.als,train,OVERCONSTRAINED,36.0,1.0,1.0,0.0
train/OVERCONSTRAINED/parsed-file956_prop2.als,train,OVERCONSTRAINED,18.0,1.0,1.0,0.0
train/OVERCONSTRAINED/parsed-file959_prop6.als,train,OVERCONSTRAINED,29.0,1.0,1.0,0.0
train/OVERCONSTRAINED/parsed-file963_prop2.als,train,OVERCONSTRAINED,11.0,1.0,1.0,0.0
train/OVERCONSTRAINED/parsed-file971_prop6.als,train,OVERCONSTRAINED,39.0,1.0,1.0,0.0
train/OVERCONSTRAINED/parsed-file976_prop3.als,train,OVERCONSTRAINED,11.0,1.0,1.0,0.0
train/OVERCONSTRAINED/parsed-file979_prop5.als,train,OVERCONSTRAINED,52.0,1.0,1.0,0.0
train/OVERCONSTRAINED/parsed-file981_prop14.als,train,OVERCONSTRAINED,53.0,1.0,1.0,0.0
train/OVERCONSTRAINED/parsed-file984_prop9.als,train,OVERCONSTRAINED,27.0,0.0,1.0,1.0
train/OVERCONSTRAINED/parsed-file997_prop3.als,train,OVERCONSTRAINED,6.0,0.0,1.0,1.0
train/UNDERCONSTRAINED/parsed-file1005_prop10.als,train,UNDERCONSTRAINED,16.0,0.543,1.0,0.457
train/UNDERCONSTRAINED/parsed-file1014_prop8.als,train,UNDERCONSTRAINED,50.0,0.197,1.0,0.803
train/UNDERCONSTRAINED/parsed-file1025_prop4.als,train,UNDERCONSTRAINED,19.0,0.0,1.0,1.0
train/UNDERCONSTRAINED/parsed-file1026_prop3.als,train,UNDERCONSTRAINED,6.0,0.929,1.0,0.071
train/UNDERCONSTRAINED/parsed-file1027_prop9.als,train,UNDERCONSTRAINED,32.0,0.0,1.0,1.0
train/UNDERCONSTRAINED/parsed-file103_prop3.als,train,UNDERCONSTRAINED,20.0,0.929,1.0,0.071
train/UNDERCONSTRAINED/parsed-file1045_prop7.als,train,UNDERCONSTRAINED,28.0,1.0,1.0,0.0
train/UNDERCONSTRAINED/parsed-file1056_prop3.als,train,UNDERCONSTRAINED,28.0,0.0,1.0,1.0
train/UNDERCONSTRAINED/parsed-file1077_prop7.als,train,UNDERCONSTRAINED,22.0,0.0,1.0,1.0
train/UNDERCONSTRAINED/parsed-file107_prop3.als,train,UNDERCONSTRAINED,6.0,0.0,1.0,1.0
train/UNDERCONSTRAINED/parsed-file1087_prop3.als,train,UNDERCONSTRAINED,5.0,0.0,1.0,1.0
train/UNDERCONSTRAINED/parsed-file108_prop6.als,train,UNDERCONSTRAINED,26.0,0.501,1.0,0.499
train/UNDERCONSTRAINED/parsed-file1095_prop15.als,train,UNDERCONSTRAINED,24.0,1.0,1.0,0.0
train/UNDERCONSTRAINED/parsed-file1099_prop3.als,train,UNDERCONSTRAINED,6.0,0.0,1.0,1.0
train/UNDERCONSTRAINED/parsed-file1104_prop6.als,train,UNDERCONSTRAINED,36.0,0.0,1.0,1.0
train/UNDERCONSTRAINED/parsed-file1109_prop8.als,train,UNDERCONSTRAINED,50.0,0.0,1.0,1.0
train/UNDERCONSTRAINED/parsed-file110_prop12.als,train,UNDERCONSTRAINED,8.0,0.0,1.0,1.0
train/UNDERCONSTRAINED/parsed-file1111_prop15.als,train,UNDERCONSTRAINED,23.0,0.165,1.0,0.835
train/UNDERCONSTRAINED/parsed-file111_prop4.als,train,UNDERCONSTRAINED,33.0,0.631,1.0,0.369
train/UNDERCONSTRAINED/parsed-file1128_prop9.als,train,UNDERCONSTRAINED,23.0,1.0,1.0,0.0
train/UNDERCONSTRAINED/parsed-file1132_prop3.als,train,UNDERCONSTRAINED,18.0,0.0,1.0,1.0
train/UNDERCONSTRAINED/parsed-file1134_prop4.als,train,UNDERCONSTRAINED,33.0,0.631,1.0,0.369
train/UNDERCONSTRAINED/parsed-file1140_prop3.als,train,UNDERCONSTRAINED,26.0,0.0,1.0,1.0
train/UNDERCONSTRAINED/parsed-file115_prop6.als,train,UNDERCONSTRAINED,44.0,0.0,1.0,1.0
train/UNDERCONSTRAINED/parsed-file1166_prop3.als,train,UNDERCONSTRAINED,14.0,0.754,1.0,0.246
train/UNDERCONSTRAINED/parsed-file1183_prop6.als,train,UNDERCONSTRAINED,26.0,0.0,1.0,1.0
train/UNDERCONSTRAINED/parsed-file1186_prop3.als,train,UNDERCONSTRAINED,10.0,0.0,1.0,1.0
train/UNDERCONSTRAINED/parsed-file1197_prop9.als,train,UNDERCONSTRAINED,28.0,0.0,1.0,1.0
train/UNDERCONSTRAINED/parsed-file1205_prop7.als,train,UNDERCONSTRAINED,16.0,0.0,1.0,1.0
train/UNDERCONSTRAINED/parsed-file1207_prop3.als,train,UNDERCONSTRAINED,17.0,0.0,1.0,1.0
train/UNDERCONSTRAINED/parsed-file1211_prop3.als,train,UNDERCONSTRAINED,7.0,0.754,1.0,0.246
train/UNDERCONSTRAINED/parsed-file1212_prop11.als,train,UNDERCONSTRAINED,24.0,0.754,1.0,0.246
train/UNDERCONSTRAINED/parsed-file1228_prop3.als,train,UNDERCONSTRAINED,9.0,0.0,1.0,1.0
train/UNDERCONSTRAINED/parsed-file1243_prop4.als,train,UNDERCONSTRAINED,19.0,0.0,1.0,1.0
train/UNDERCONSTRAINED/parsed-file1245_prop4.als,train,UNDERCONSTRAINED,24.0,0.631,1.0,0.369
train/UNDERCONSTRAINED/parsed-file129_prop1.als,train,UNDERCONSTRAINED,21.0,0.0,1.0,1.0
train/UNDERCONSTRAINED/parsed-file132_prop9.als,train,UNDERCONSTRAINED,23.0,1.0,1.0,0.0
train/UNDERCONSTRAINED/parsed-file149_prop7.als,train,UNDERCONSTRAINED,18.0,0.0,1.0,1.0
train/UNDERCONSTRAINED/parsed-file155_prop6.als,train,UNDERCONSTRAINED,44.0,0.0,1.0,1.0
train/UNDERCONSTRAINED/parsed-file159_prop3.als,train,UNDERCONSTRAINED,21.0,1.0,1.0,0.0
train/UNDERCONSTRAINED/parsed-file166_prop4.als,train,UNDERCONSTRAINED,33.0,0.631,1.0,0.369
train/UNDERCONSTRAINED/parsed-file174_prop2.als,train,UNDERCONSTRAINED,10.0,0.0,1.0,1.0
train/UNDERCONSTRAINED/parsed-file17_prop3.als,train,UNDERCONSTRAINED,11.0,0.0,1.0,1.0
train/UNDERCONSTRAINED/parsed-file182_prop6.als,train,UNDERCONSTRAINED,36.0,0.0,1.0,1.0
train/UNDERCONSTRAINED/parsed-file185_prop3.als,train,UNDERCONSTRAINED,17.0,0.0,1.0,1.0
train/UNDERCONSTRAINED/parsed-file1_prop9.als,train,UNDERCONSTRAINED,16.0,0.0,1.0,1.0
train/UNDERCONSTRAINED/parsed-file202_prop9.als,train,UNDERCONSTRAINED,20.0,1.0,1.0,0.0
train/UNDERCONSTRAINED/parsed-file203_prop3.als,train,UNDERCONSTRAINED,2.0,0.0,1.0,1.0
train/UNDERCONSTRAINED/parsed-file205_prop3.als,train,UNDERCONSTRAINED,2.0,0.0,1.0,1.0
train/UNDERCONSTRAINED/parsed-file211_prop3.als,train,UNDERCONSTRAINED,30.0,0.001,1.0,0.999
train/UNDERCONSTRAINED/parsed-file219_prop3.als,train,UNDERCONSTRAINED,6.0,0.0,1.0,1.0
train/UNDERCONSTRAINED/parsed-file221_prop3.als,train,UNDERCONSTRAINED,7.0,0.0,1.0,1.0
train/UNDERCONSTRAINED/parsed-file231_prop6.als,train,UNDERCONSTRAINED,46.0,0.0,1.0,1.0
train/UNDERCONSTRAINED/parsed-file234_prop9.als,train,UNDERCONSTRAINED,19.0,0.0,1.0,1.0
train/UNDERCONSTRAINED/parsed-file237_prop3.als,train,UNDERCONSTRAINED,13.0,0.0,1.0,1.0
train/UNDERCONSTRAINED/parsed-file258_prop3.als,train,UNDERCONSTRAINED,25.0,0.929,1.0,0.071
train/UNDERCONSTRAINED/parsed-file259_prop3.als,train,UNDERCONSTRAINED,6.0,0.0,1.0,1.0
train/UNDERCONSTRAINED/parsed-file288_prop6.als,train,UNDERCONSTRAINED,36.0,0.0,1.0,1.0
train/UNDERCONSTRAINED/parsed-file291_prop6.als,train,UNDERCONSTRAINED,44.0,0.0,1.0,1.0
train/UNDERCONSTRAINED/parsed-file307_prop3.als,train,UNDERCONSTRAINED,28.0,0.0,1.0,1.0
train/UNDERCONSTRAINED/parsed-file312_prop3.als,train,UNDERCONSTRAINED,6.0,0.929,1.0,0.071
train/UNDERCONSTRAINED/parsed-file315_prop3.als,train,UNDERCONSTRAINED,18.0,0.0,1.0,1.0
train/UNDERCONSTRAINED/parsed-file327_prop9.als,train,UNDERCONSTRAINED,22.0,1.0,1.0,0.0
train/UNDERCONSTRAINED/parsed-file329_prop16.als,train,UNDERCONSTRAINED,24.0,0.967,1.0,0.033
train/UNDERCONSTRAINED/parsed-file330_prop3.als,train,UNDERCONSTRAINED,12.0,0.0,1.0,1.0
train/UNDERCONSTRAINED/parsed-file339_prop11.als,train,UNDERCONSTRAINED,27.0,0.754,1.0,0.246
train/UNDERCONSTRAINED/parsed-file340_prop9.als,train,UNDERCONSTRAINED,27.0,0.0,1.0,1.0
train/UNDERCONSTRAINED/parsed-file345_prop6.als,train,UNDERCONSTRAINED,44.0,0.0,1.0,1.0
train/UNDERCONSTRAINED/parsed-file349_prop4.als,train,UNDERCONSTRAINED,35.0,0.0,1.0,1.0
train/UNDERCONSTRAINED/parsed-file355_prop1.als,train,UNDERCONSTRAINED,21.0,0.0,1.0,1.0
train/UNDERCONSTRAINED/parsed-file358_prop4.als,train,UNDERCONSTRAINED,11.0,0.0,1.0,1.0
train/UNDERCONSTRAINED/parsed-file35_prop3.als,train,UNDERCONSTRAINED,6.0,0.0,1.0,1.0
train/UNDERCONSTRAINED/parsed-file361_prop4.als,train,UNDERCONSTRAINED,14.0,0.0,1.0,1.0
train/UNDERCONSTRAINED/parsed-file366_prop3.als,train,UNDERCONSTRAINED,11.0,0.0,1.0,1.0
train/UNDERCONSTRAINED/parsed-file369_prop3.als,train,UNDERCONSTRAINED,6.0,0.929,1.0,0.071
train/UNDERCONSTRAINED/parsed-file371_prop3.als,train,UNDERCONSTRAINED,2.0,0.0,1.0,1.0
train/UNDERCONSTRAINED/parsed-file378_prop6.als,train,UNDERCONSTRAINED,44.0,0.0,1.0,1.0
train/UNDERCONSTRAINED/parsed-file391_prop3.als,train,UNDERCONSTRAINED,22.0,0.001,1.0,0.999
train/UNDERCONSTRAINED/parsed-file406_prop9.als,train,UNDERCONSTRAINED,15.0,1.0,1.0,0.0
train/UNDERCONSTRAINED/parsed-file407_prop9.als,train,UNDERCONSTRAINED,29.0,1.0,1.0,0.0
train/UNDERCONSTRAINED/parsed-file421_prop3.als,train,UNDERCONSTRAINED,12.0,0.0,1.0,1.0
train/UNDERCONSTRAINED/parsed-file424_prop9.als,train,UNDERCONSTRAINED,12.0,0.0,1.0,1.0
train/UNDERCONSTRAINED/parsed-file428_prop3.als,train,UNDERCONSTRAINED,6.0,0.0,1.0,1.0
train/UNDERCONSTRAINED/parsed-file433_prop11.als,train,UNDERCONSTRAINED,21.0,0.754,1.0,0.246
train/UNDERCONSTRAINED/parsed-file440_prop3.als,train,UNDERCONSTRAINED,11.0,0.0,1.0,1.0
train/UNDERCONSTRAINED/parsed-file449_prop3.als,train,UNDERCONSTRAINED,21.0,1.0,1.0,0.0
train/UNDERCONSTRAINED/parsed-file44_prop1.als,train,UNDERCONSTRAINED,10.0,0.0,1.0,1.0
train/UNDERCONSTRAINED/parsed-file451_prop3.als,train,UNDERCONSTRAINED,10.0,0.0,1.0,1.0
train/UNDERCONSTRAINED/parsed-file460_prop5.als,train,UNDERCONSTRAINED,68.0,0.0,1.0,1.0
train/UNDERCONSTRAINED/parsed-file466_prop3.als,train,UNDERCONSTRAINED,6.0,0.0,1.0,1.0
train/UNDERCONSTRAINED/parsed-file46_prop9.als,train,UNDERCONSTRAINED,16.0,1.0,1.0,0.0
train/UNDERCONSTRAINED/parsed-file473_prop6.als,train,UNDERCONSTRAINED,44.0,0.0,1.0,1.0
train/UNDERCONSTRAINED/parsed-file478_prop7.als,train,UNDERCONSTRAINED,15.0,0.165,1.0,0.835
train/UNDERCONSTRAINED/parsed-file482_prop3.als,train,UNDERCONSTRAINED,6.0,0.0,1.0,1.0
train/UNDERCONSTRAINED/parsed-file490_prop6.als,train,UNDERCONSTRAINED,40.0,0.0,1.0,1.0
train/UNDERCONSTRAINED/parsed-file494_prop5.als,train,UNDERCONSTRAINED,51.0,0.0,1.0,1.0
train/UNDERCONSTRAINED/parsed-file503_prop5.als,train,UNDERCONSTRAINED,56.0,0.0,1.0,1.0
train/UNDERCONSTRAINED/parsed-file509_prop9.als,train,UNDERCONSTRAINED,31.0,0.0,1.0,1.0
train/UNDERCONSTRAINED/parsed-file512_prop3.als,train,UNDERCONSTRAINED,14.0,0.754,1.0,0.246
train/UNDERCONSTRAINED/parsed-file518_prop3.als,train,UNDERCONSTRAINED,6.0,0.0,1.0,1.0
train/UNDERCONSTRAINED/parsed-file531_prop11.als,train,UNDERCONSTRAINED,21.0,0.754,1.0,0.246
train/UNDERCONSTRAINED/parsed-file532_prop4.als,train,UNDERCONSTRAINED,53.0,0.0,1.0,1.0
train/UNDERCONSTRAINED/parsed-file535_prop3.als,train,UNDERCONSTRAINED,1.0,0.929,1.0,0.071
train/UNDERCONSTRAINED/parsed-file53_prop9.als,train,UNDERCONSTRAINED,17.0,1.0,1.0,0.0
train/UNDERCONSTRAINED/parsed-file540_prop9.als,train,UNDERCONSTRAINED,27.0,0.0,1.0,1.0
train/UNDERCONSTRAINED/parsed-file542_prop6.als,train,UNDERCONSTRAINED,24.0,0.0,1.0,1.0
train/UNDERCONSTRAINED/parsed-file543_prop7.als,train,UNDERCONSTRAINED,22.0,0.165,1.0,0.835
train/UNDERCONSTRAINED/parsed-file546_prop5.als,train,UNDERCONSTRAINED,52.0,0.0,1.0,1.0
train/UNDERCONSTRAINED/parsed-file549_prop15.als,train,UNDERCONSTRAINED,24.0,1.0,1.0,0.0
train/UNDERCONSTRAINED/parsed-file54_prop3.als,train,UNDERCONSTRAINED,25.0,0.929,1.0,0.071
train/UNDERCONSTRAINED/parsed-file556_prop3.als,train,UNDERCONSTRAINED,26.0,0.929,1.0,0.071
train/UNDERCONSTRAINED/parsed-file558_prop9.als,train,UNDERCONSTRAINED,16.0,1.0,1.0,0.0
train/UNDERCONSTRAINED/parsed-file570_prop6.als,train,UNDERCONSTRAINED,30.0,0.0,1.0,1.0
train/UNDERCONSTRAINED/parsed-file571_prop6.als,train,UNDERCONSTRAINED,44.0,0.0,1.0,1.0
train/UNDERCONSTRAINED/parsed-file579_prop8.als,train,UNDERCONSTRAINED,34.0,0.0,1.0,1.0
train/UNDERCONSTRAINED/parsed-file580_prop5.als,train,UNDERCONSTRAINED,50.0,0.89,1.0,0.11
train/UNDERCONSTRAINED/parsed-file588_prop3.als,train,UNDERCONSTRAINED,5.0,0.0,1.0,1.0
train/UNDERCONSTRAINED/parsed-file59_prop9.als,train,UNDERCONSTRAINED,28.0,0.0,1.0,1.0
train/UNDERCONSTRAINED/parsed-file607_prop3.als,train,UNDERCONSTRAINED,7.0,0.754,1.0,0.246
train/UNDERCONSTRAINED/parsed-file608_prop15.als,train,UNDERCONSTRAINED,18.0,0.165,1.0,0.835
train/UNDERCONSTRAINED/parsed-file612_prop3.als,train,UNDERCONSTRAINED,6.0,0.0,1.0,1.0
train/UNDERCONSTRAINED/parsed-file613_prop3.als,train,UNDERCONSTRAINED,22.0,0.0,1.0,1.0
train/UNDERCONSTRAINED/parsed-file617_prop9.als,train,UNDERCONSTRAINED,29.0,1.0,1.0,0.0
train/UNDERCONSTRAINED/parsed-file629_prop7.als,train,UNDERCONSTRAINED,16.0,0.0,1.0,1.0
train/UNDERCONSTRAINED/parsed-file641_prop3.als,train,UNDERCONSTRAINED,25.0,0.929,1.0,0.071
train/UNDERCONSTRAINED/parsed-file646_prop11.als,train,UNDERCONSTRAINED,24.0,0.754,1.0,0.246
train/UNDERCONSTRAINED/parsed-file651_prop3.als,train,UNDERCONSTRAINED,6.0,0.0,1.0,1.0
train/UNDERCONSTRAINED/parsed-file652_prop3.als,train,UNDERCONSTRAINED,10.0,0.0,1.0,1.0
train/UNDERCONSTRAINED/parsed-file65_prop2.als,train,UNDERCONSTRAINED,10.0,0.0,1.0,1.0
train/UNDERCONSTRAINED/parsed-file669_prop4.als,train,UNDERCONSTRAINED,26.0,0.631,1.0,0.369
train/UNDERCONSTRAINED/parsed-file675_prop5.als,train,UNDERCONSTRAINED,53.0,0.0,1.0,1.0
train/UNDERCONSTRAINED/parsed-file681_prop3.als,train,UNDERCONSTRAINED,24.0,0.0,1.0,1.0
train/UNDERCONSTRAINED/parsed-file682_prop9.als,train,UNDERCONSTRAINED,11.0,0.0,1.0,1.0
train/UNDERCONSTRAINED/parsed-file683_prop4.als,train,UNDERCONSTRAINED,26.0,0.631,1.0,0.369
train/UNDERCONSTRAINED/parsed-file689_prop3.als,train,UNDERCONSTRAINED,21.0,1.0,1.0,0.0
train/UNDERCONSTRAINED/parsed-file696_prop3.als,train,UNDERCONSTRAINED,13.0,0.0,1.0,1.0
train/UNDERCONSTRAINED/parsed-file698_prop9.als,train,UNDERCONSTRAINED,27.0,0.0,1.0,1.0
train/UNDERCONSTRAINED/parsed-file709_prop7.als,train,UNDERCONSTRAINED,22.0,0.0,1.0,1.0
train/UNDERCONSTRAINED/parsed-file710_prop6.als,train,UNDERCONSTRAINED,26.0,0.0,1.0,1.0
train/UNDERCONSTRAINED/parsed-file713_prop8.als,train,UNDERCONSTRAINED,34.0,0.0,1.0,1.0
train/UNDERCONSTRAINED/parsed-file748_prop6.als,train,UNDERCONSTRAINED,46.0,0.0,1.0,1.0
train/UNDERCONSTRAINED/parsed-file757_prop3.als,train,UNDERCONSTRAINED,6.0,0.0,1.0,1.0
train/UNDERCONSTRAINED/parsed-file759_prop8.als,train,UNDERCONSTRAINED,50.0,0.0,1.0,1.0
train/UNDERCONSTRAINED/parsed-file75_prop4.als,train,UNDERCONSTRAINED,19.0,0.631,1.0,0.369
train/UNDERCONSTRAINED/parsed-file761_prop3.als,train,UNDERCONSTRAINED,6.0,0.0,1.0,1.0
train/UNDERCONSTRAINED/parsed-file766_prop15.als,train,UNDERCONSTRAINED,23.0,0.165,1.0,0.835
train/UNDERCONSTRAINED/parsed-file768_prop11.als,train,UNDERCONSTRAINED,24.0,0.754,1.0,0.246
train/UNDERCONSTRAINED/parsed-file774_prop7.als,train,UNDERCONSTRAINED,18.0,0.165,1.0,0.835
train/UNDERCONSTRAINED/parsed-file775_prop4.als,train,UNDERCONSTRAINED,19.0,0.0,1.0,1.0
train/UNDERCONSTRAINED/parsed-file777_prop5.als,train,UNDERCONSTRAINED,50.0,0.0,1.0,1.0
train/UNDERCONSTRAINED/parsed-file77_prop11.als,train,UNDERCONSTRAINED,18.0,0.279,1.0,0.721
train/UNDERCONSTRAINED/parsed-file785_prop7.als,train,UNDERCONSTRAINED,17.0,0.0,1.0,1.0
train/UNDERCONSTRAINED/parsed-file788_prop3.als,train,UNDERCONSTRAINED,6.0,0.754,1.0,0.246
train/UNDERCONSTRAINED/parsed-file797_prop3.als,train,UNDERCONSTRAINED,14.0,0.754,1.0,0.246
train/UNDERCONSTRAINED/parsed-file7_prop11.als,train,UNDERCONSTRAINED,21.0,0.754,1.0,0.246
train/UNDERCONSTRAINED/parsed-file808_prop9.als,train,UNDERCONSTRAINED,20.0,1.0,1.0,0.0
train/UNDERCONSTRAINED/parsed-file812_prop3.als,train,UNDERCONSTRAINED,7.0,0.754,1.0,0.246
train/UNDERCONSTRAINED/parsed-file817_prop3.als,train,UNDERCONSTRAINED,6.0,0.929,1.0,0.071
train/UNDERCONSTRAINED/parsed-file841_prop14.als,train,UNDERCONSTRAINED,50.0,0.0,1.0,1.0
train/UNDERCONSTRAINED/parsed-file848_prop8.als,train,UNDERCONSTRAINED,43.0,0.0,1.0,1.0
train/UNDERCONSTRAINED/parsed-file850_prop4.als,train,UNDERCONSTRAINED,11.0,0.0,1.0,1.0
train/UNDERCONSTRAINED/parsed-file875_prop3.als,train,UNDERCONSTRAINED,6.0,0.0,1.0,1.0
train/UNDERCONSTRAINED/parsed-file878_prop3.als,train,UNDERCONSTRAINED,19.0,0.929,1.0,0.071
train/UNDERCONSTRAINED/parsed-file88_prop9.als,train,UNDERCONSTRAINED,13.0,0.0,1.0,1.0
train/UNDERCONSTRAINED/parsed-file891_prop6.als,train,UNDERCONSTRAINED,39.0,0.0,1.0,1.0
train/UNDERCONSTRAINED/parsed-file899_prop3.als,train,UNDERCONSTRAINED,6.0,0.0,1.0,1.0
train/UNDERCONSTRAINED/parsed-file900_prop5.als,train,UNDERCONSTRAINED,42.0,0.0,1.0,1.0
train/UNDERCONSTRAINED/parsed-file905_prop7.als,train,UNDERCONSTRAINED,20.0,0.0,1.0,1.0
train/UNDERCONSTRAINED/parsed-file916_prop9.als,train,UNDERCONSTRAINED,27.0,1.0,1.0,0.0
train/UNDERCONSTRAINED/parsed-file924_prop3.als,train,UNDERCONSTRAINED,12.0,0.0,1.0,1.0
train/UNDERCONSTRAINED/parsed-file932_prop3.als,train,UNDERCONSTRAINED,12.0,0.0,1.0,1.0
train/UNDERCONSTRAINED/parsed-file936_prop6.als,train,UNDERCONSTRAINED,26.0,0.0,1.0,1.0
train/UNDERCONSTRAINED/parsed-file944_prop3.als,train,UNDERCONSTRAINED,20.0,0.0,1.0,1.0
train/UNDERCONSTRAINED/parsed-file950_prop3.als,train,UNDERCONSTRAINED,15.0,0.0,1.0,1.0
train/UNDERCONSTRAINED/parsed-file951_prop3.als,train,UNDERCONSTRAINED,7.0,0.754,1.0,0.246
train/UNDERCONSTRAINED/parsed-file955_prop3.als,train,UNDERCONSTRAINED,3.0,0.0,1.0,1.0
train/UNDERCONSTRAINED/parsed-file972_prop3.als,train,UNDERCONSTRAINED,24.0,0.0,1.0,1.0
train/UNDERCONSTRAINED/parsed-file980_prop7.als,train,UNDERCONSTRAINED,15.0,0.165,1.0,0.835
trash_rl/BOTH/parsed-file1009_inv7.als,trash_rl,BOTH,17.0,0.745,1.0,0.255
trash_rl/BOTH/parsed-file1017_inv10.als,trash_rl,BOTH,3.0,0.447,1.0,0.553
trash_rl/BOTH/parsed-file1023_inv5.als,trash_rl,BOTH,4.0,0.152,1.0,0.848
trash_rl/BOTH/parsed-file1028_inv10.als,trash_rl,BOTH,9.0,0.0,1.0,1.0
trash_rl/BOTH/parsed-file1038_inv10.als,trash_rl,BOTH,17.0,0.207,1.0,0.793
trash_rl/BOTH/parsed-file1047_inv5.als,trash_rl,BOTH,3.0,0.35,1.0,0.65
trash_rl/BOTH/parsed-file1052_inv7.als,trash_rl,BOTH,13.0,0.406,1.0,0.594
trash_rl/BOTH/parsed-file1056_inv10.als,trash_rl,BOTH,21.0,0.547,1.0,0.453
trash_rl/BOTH/parsed-file1074_inv6.als,trash_rl,BOTH,2.0,0.534,1.0,0.466
trash_rl/BOTH/parsed-file1082_inv9.als,trash_rl,BOTH,3.0,0.394,1.0,0.606
trash_rl/BOTH/parsed-file108_inv10.als,trash_rl,BOTH,15.0,0.367,1.0,0.633
trash_rl/BOTH/parsed-file1090_inv10.als,trash_rl,BOTH,6.0,0.322,1.0,0.678
trash_rl/BOTH/parsed-file1092_inv7.als,trash_rl,BOTH,17.0,0.006,1.0,0.994
trash_rl/BOTH/parsed-file1101_inv5.als,trash_rl,BOTH,3.0,0.158,1.0,0.842
trash_rl/BOTH/parsed-file1108_inv5.als,trash_rl,BOTH,5.0,0.152,1.0,0.848
trash_rl/BOTH/parsed-file1116_inv3.als,trash_rl,BOTH,4.0,0.543,1.0,0.457
trash_rl/BOTH/parsed-file1117_inv9.als,trash_rl,BOTH,4.0,0.671,1.0,0.329
trash_rl/BOTH/parsed-file1118_inv6.als,trash_rl,BOTH,2.0,0.534,1.0,0.466
trash_rl/BOTH/parsed-file1133_inv6.als,trash_rl,BOTH,4.0,0.228,1.0,0.772
trash_rl/BOTH/parsed-file1136_inv4.als,trash_rl,BOTH,2.0,0.183,1.0,0.817
trash_rl/BOTH/parsed-file1150_inv6.als,trash_rl,BOTH,5.0,0.196,1.0,0.804
trash_rl/BOTH/parsed-file1160_inv6.als,trash_rl,BOTH,37.0,0.0,1.0,1.0
trash_rl/BOTH/parsed-file1168_inv4.als,trash_rl,BOTH,2.0,0.708,1.0,0.292
trash_rl/BOTH/parsed-file1172_inv10.als,trash_rl,BOTH,23.0,0.315,1.0,0.685
trash_rl/BOTH/parsed-file1181_inv10.als,trash_rl,BOTH,5.0,0.547,1.0,0.453
trash_rl/BOTH/parsed-file1187_inv4.als,trash_rl,BOTH,5.0,0.337,1.0,0.663
trash_rl/BOTH/parsed-file1205_inv5.als,trash_rl,BOTH,5.0,0.152,1.0,0.848
trash_rl/BOTH/parsed-file120_inv5.als,trash_rl,BOTH,13.0,0.152,1.0,0.848
trash_rl/BOTH/parsed-file1217_inv5.als,trash_rl,BOTH,5.0,0.078,1.0,0.922
trash_rl/BOTH/parsed-file1231_inv7.als,trash_rl,BOTH,14.0,0.533,1.0,0.467
trash_rl/BOTH/parsed-file1238_inv9.als,trash_rl,BOTH,11.0,0.698,1.0,0.302
trash_rl/BOTH/parsed-file1241_inv7.als,trash_rl,BOTH,11.0,0.745,1.0,0.255
trash_rl/BOTH/parsed-file1253_inv7.als,trash_rl,BOTH,11.0,0.373,1.0,0.627
trash_rl/BOTH/parsed-file1268_inv6.als,trash_rl,BOTH,12.0,0.141,1.0,0.859
trash_rl/BOTH/parsed-file1273_inv10.als,trash_rl,BOTH,23.0,0.1,1.0,0.9
trash_rl/BOTH/parsed-file1303_inv2.als,trash_rl,BOTH,10.0,0.001,1.0,0.999
trash_rl/BOTH/parsed-file1305_inv7.als,trash_rl,BOTH,5.0,0.745,1.0,0.255
trash_rl/BOTH/parsed-file1315_inv7.als,trash_rl,BOTH,11.0,0.201,1.0,0.799
trash_rl/BOTH/parsed-file1320_inv5.als,trash_rl,BOTH,2.0,0.346,1.0,0.654
trash_rl/BOTH/parsed-file1325_inv10.als,trash_rl,BOTH,6.0,0.324,1.0,0.676
trash_rl/BOTH/parsed-file1328_inv4.als,trash_rl,BOTH,5.0,0.048,1.0,0.952
trash_rl/BOTH/parsed-file1331_inv4.als,trash_rl,BOTH,5.0,0.049,1.0,0.951
trash_rl/BOTH/parsed-file1352_inv10.als,trash_rl,BOTH,15.0,0.547,1.0,0.453
trash_rl/BOTH/parsed-file1353_inv5.als,trash_rl,BOTH,4.0,0.346,1.0,0.654
trash_rl/BOTH/parsed-file1365_inv7.als,trash_rl,BOTH,11.0,0.496,1.0,0.504
trash_rl/BOTH/parsed-file1366_inv3.als,trash_rl,BOTH,4.0,0.402,1.0,0.598
trash_rl/BOTH/parsed-file1373_inv7.als,trash_rl,BOTH,11.0,0.015,1.0,0.985
trash_rl/BOTH/parsed-file1420_inv5.als,trash_rl,BOTH,3.0,0.158,1.0,0.842
trash_rl/BOTH/parsed-file1426_inv10.als,trash_rl,BOTH,21.0,0.028,1.0,0.972
trash_rl/BOTH/parsed-file1427_inv7.als,trash_rl,BOTH,11.0,0.03,1.0,0.97
trash_rl/BOTH/parsed-file1431_inv7.als,trash_rl,BOTH,5.0,0.141,1.0,0.859
trash_rl/BOTH/parsed-file1442_inv7.als,trash_rl,BOTH,11.0,0.496,1.0,0.504
trash_rl/BOTH/parsed-file1448_inv5.als,trash_rl,BOTH,4.0,0.152,1.0,0.848
trash_rl/BOTH/parsed-file1453_inv10.als,trash_rl,BOTH,15.0,0.367,1.0,0.633
trash_rl/BOTH/parsed-file1472_inv10.als,trash_rl,BOTH,18.0,0.0,1.0,1.0
trash_rl/BOTH/parsed-file1485_inv6.als,trash_rl,BOTH,18.0,0.299,1.0,0.701
trash_rl/BOTH/parsed-file1495_inv4.als,trash_rl,BOTH,5.0,0.337,1.0,0.663
trash_rl/BOTH/parsed-file1507_inv5.als,trash_rl,BOTH,8.0,0.152,1.0,0.848
trash_rl/BOTH/parsed-file151_inv7.als,trash_rl,BOTH,11.0,0.03,1.0,0.97
trash_rl/BOTH/parsed-file1527_inv7.als,trash_rl,BOTH,14.0,0.557,1.0,0.443
trash_rl/BOTH/parsed-file1531_inv2.als,trash_rl,BOTH,3.0,0.152,1.0,0.848
trash_rl/BOTH/parsed-file1543_inv3.als,trash_rl,BOTH,4.0,0.142,1.0,0.858
trash_rl/BOTH/parsed-file1543_inv7.als,trash_rl,BOTH,2.0,0.745,1.0,0.255
trash_rl/BOTH/parsed-file1559_inv6.als,trash_rl,BOTH,20.0,0.003,1.0,0.997
trash_rl/BOTH/parsed-file155_inv6.als,trash_rl,BOTH,4.0,0.157,1.0,0.843
trash_rl/BOTH/parsed-file1568_inv5.als,trash_rl,BOTH,4.0,0.152,1.0,0.848
trash_rl/BOTH/parsed-file1584_inv5.als,trash_rl,BOTH,4.0,0.346,1.0,0.654
trash_rl/BOTH/parsed-file1612_inv6.als,trash_rl,BOTH,4.0,0.0,1.0,1.0
trash_rl/BOTH/parsed-file1620_inv1.als,trash_rl,BOTH,2.0,0.142,1.0,0.858
trash_rl/BOTH/parsed-file1630_inv7.als,trash_rl,BOTH,4.0,0.165,1.0,0.835
trash_rl/BOTH/parsed-file1651_inv10.als,trash_rl,BOTH,18.0,0.221,1.0,0.78
trash_rl/BOTH/parsed-file1656_inv7.als,trash_rl,BOTH,2.0,0.745,1.0,0.255
trash_rl/BOTH/parsed-file165_inv7.als,trash_rl,BOTH,2.0,0.745,1.0,0.255
trash_rl/BOTH/parsed-file1662_inv10.als,trash_rl,BOTH,17.0,0.34,1.0,0.66
trash_rl/BOTH/parsed-file1668_inv7.als,trash_rl,BOTH,5.0,0.745,1.0,0.255
trash_rl/BOTH/parsed-file1712_inv7.als,trash_rl,BOTH,13.0,0.143,1.0,0.857
trash_rl/BOTH/parsed-file1720_inv3.als,trash_rl,BOTH,3.0,0.001,1.0,0.999
trash_rl/BOTH/parsed-file1726_inv7.als,trash_rl,BOTH,19.0,0.745,1.0,0.255
trash_rl/BOTH/parsed-file1727_inv5.als,trash_rl,BOTH,1.0,0.158,1.0,0.842
trash_rl/BOTH/parsed-file1729_inv5.als,trash_rl,BOTH,3.0,0.24,1.0,0.76
trash_rl/BOTH/parsed-file1730_inv1.als,trash_rl,BOTH,10.0,0.001,1.0,0.999
trash_rl/BOTH/parsed-file1731_inv7.als,trash_rl,BOTH,13.0,0.015,1.0,0.985
trash_rl/BOTH/parsed-file1739_inv6.als,trash_rl,BOTH,12.0,0.082,1.0,0.918
trash_rl/BOTH/parsed-file1758_inv9.als,trash_rl,BOTH,20.0,0.171,1.0,0.829
trash_rl/BOTH/parsed-file1761_inv6.als,trash_rl,BOTH,4.0,0.413,1.0,0.587
trash_rl/BOTH/parsed-file1779_inv10.als,trash_rl,BOTH,12.0,0.34,1.0,0.66
trash_rl/BOTH/parsed-file177_inv7.als,trash_rl,BOTH,11.0,0.496,1.0,0.504
trash_rl/BOTH/parsed-file1784_inv5.als,trash_rl,BOTH,5.0,0.049,1.0,0.951
trash_rl/BOTH/parsed-file1789_inv9.als,trash_rl,BOTH,11.0,0.698,1.0,0.302
trash_rl/BOTH/parsed-file1791_inv5.als,trash_rl,BOTH,12.0,0.126,1.0,0.874
trash_rl/BOTH/parsed-file179_inv9.als,trash_rl,BOTH,11.0,0.671,1.0,0.329
trash_rl/BOTH/parsed-file17_inv2.als,trash_rl,BOTH,2.0,0.144,1.0,0.856
trash_rl/BOTH/parsed-file1826_inv6.als,trash_rl,BOTH,6.0,0.0,1.0,1.0
trash_rl/BOTH/parsed-file1837_inv6.als,trash_rl,BOTH,2.0,0.534,1.0,0.466
trash_rl/BOTH/parsed-file1844_inv5.als,trash_rl,BOTH,3.0,0.24,1.0,0.76
trash_rl/BOTH/parsed-file1860_inv6.als,trash_rl,BOTH,2.0,0.534,1.0,0.466
trash_rl/BOTH/parsed-file1865_inv7.als,trash_rl,BOTH,11.0,0.496,1.0,0.504
trash_rl/BOTH/parsed-file1867_inv5.als,trash_rl,BOTH,10.0,0.152,1.0,0.848
trash_rl/BOTH/parsed-file1873_inv6.als,trash_rl,BOTH,12.0,0.064,1.0,0.936
trash_rl/BOTH/parsed-file1894_inv10.als,trash_rl,BOTH,16.0,0.547,1.0,0.453
trash_rl/BOTH/parsed-file1917_inv6.als,trash_rl,BOTH,12.0,0.119,1.0,0.881
trash_rl/BOTH/parsed-file1921_inv10.als,trash_rl,BOTH,15.0,0.367,1.0,0.633
trash_rl/BOTH/parsed-file1928_inv5.als,trash_rl,BOTH,4.0,0.078,1.0,0.922
trash_rl/BOTH/parsed-file1985_inv7.als,trash_rl,BOTH,5.0,0.745,1.0,0.255
trash_rl/BOTH/parsed-file198_inv6.als,trash_rl,BOTH,22.0,0.453,1.0,0.547
trash_rl/BOTH/parsed-file198_inv7.als,trash_rl,BOTH,37.0,0.002,1.0,0.998
trash_rl/BOTH/parsed-file2001_inv4.als,trash_rl,BOTH,1.0,0.164,1.0,0.836
trash_rl/BOTH/parsed-file2014_inv5.als,trash_rl,BOTH,5.0,0.012,1.0,0.988
trash_rl/BOTH/parsed-file2034_inv7.als,trash_rl,BOTH,13.0,0.745,1.0,0.255
trash_rl/BOTH/parsed-file203_inv7.als,trash_rl,BOTH,11.0,0.373,1.0,0.627
trash_rl/BOTH/parsed-file2069_inv5.als,trash_rl,BOTH,10.0,0.152,1.0,0.848
trash_rl/BOTH/parsed-file2078_inv9.als,trash_rl,BOTH,23.0,0.725,1.0,0.275
trash_rl/BOTH/parsed-file2080_inv10.als,trash_rl,BOTH,22.0,0.444,1.0,0.556
trash_rl/BOTH/parsed-file2090_inv9.als,trash_rl,BOTH,4.0,0.154,1.0,0.846
trash_rl/BOTH/parsed-file2106_inv5.als,trash_rl,BOTH,5.0,0.152,1.0,0.848
trash_rl/BOTH/parsed-file2118_inv5.als,trash_rl,BOTH,5.0,0.001,1.0,0.999
trash_rl/BOTH/parsed-file2129_inv10.als,trash_rl,BOTH,4.0,0.177,1.0,0.823
trash_rl/BOTH/parsed-file2130_inv10.als,trash_rl,BOTH,19.0,0.159,1.0,0.841
trash_rl/BOTH/parsed-file2156_inv9.als,trash_rl,BOTH,11.0,0.698,1.0,0.302
trash_rl/BOTH/parsed-file2190_inv7.als,trash_rl,BOTH,11.0,0.496,1.0,0.504
trash_rl/BOTH/parsed-file2205_inv10.als,trash_rl,BOTH,22.0,0.547,1.0,0.453
trash_rl/BOTH/parsed-file2214_inv9.als,trash_rl,BOTH,4.0,0.769,1.0,0.231
trash_rl/BOTH/parsed-file221_inv4.als,trash_rl,BOTH,5.0,0.214,1.0,0.786
trash_rl/BOTH/parsed-file2243_inv2.als,trash_rl,BOTH,5.0,0.153,1.0,0.847
trash_rl/BOTH/parsed-file2244_inv7.als,trash_rl,BOTH,13.0,0.07,1.0,0.93
trash_rl/BOTH/parsed-file2250_inv4.als,trash_rl,BOTH,5.0,0.337,1.0,0.663
trash_rl/BOTH/parsed-file2258_inv5.als,trash_rl,BOTH,3.0,0.047,1.0,0.953
trash_rl/BOTH/parsed-file2261_inv7.als,trash_rl,BOTH,13.0,0.745,1.0,0.255
trash_rl/BOTH/parsed-file2262_inv5.als,trash_rl,BOTH,4.0,0.346,1.0,0.654
trash_rl/BOTH/parsed-file2270_inv5.als,trash_rl,BOTH,6.0,0.152,1.0,0.848
trash_rl/BOTH/parsed-file228_inv1.als,trash_rl,BOTH,10.0,0.001,1.0,0.999
trash_rl/BOTH/parsed-file2298_inv3.als,trash_rl,BOTH,9.0,0.521,1.0,0.479
trash_rl/BOTH/parsed-file2301_inv6.als,trash_rl,BOTH,12.0,0.141,1.0,0.859
trash_rl/BOTH/parsed-file2305_inv7.als,trash_rl,BOTH,13.0,0.677,1.0,0.323
trash_rl/BOTH/parsed-file2328_inv6.als,trash_rl,BOTH,7.0,0.311,1.0,0.689
trash_rl/BOTH/parsed-file2331_inv5.als,trash_rl,BOTH,4.0,0.158,1.0,0.842
trash_rl/BOTH/parsed-file2334_inv10.als,trash_rl,BOTH,17.0,0.34,1.0,0.66
trash_rl/BOTH/parsed-file2337_inv5.als,trash_rl,BOTH,4.0,0.047,1.0,0.953
trash_rl/BOTH/parsed-file2341_inv5.als,trash_rl,BOTH,5.0,0.309,1.0,0.691
trash_rl/BOTH/parsed-file2343_inv10.als,trash_rl,BOTH,2.0,0.547,1.0,0.453
trash_rl/BOTH/parsed-file234_inv6.als,trash_rl,BOTH,2.0,0.534,1.0,0.466
trash_rl/BOTH/parsed-file2358_inv5.als,trash_rl,BOTH,5.0,0.152,1.0,0.848
trash_rl/BOTH/parsed-file2359_inv7.als,trash_rl,BOTH,4.0,0.015,1.0,0.985
trash_rl/BOTH/parsed-file2371_inv6.als,trash_rl,BOTH,5.0,0.196,1.0,0.804
trash_rl/BOTH/parsed-file237_inv5.als,trash_rl,BOTH,2.0,0.152,1.0,0.848
trash_rl/BOTH/parsed-file2404_inv5.als,trash_rl,BOTH,5.0,0.049,1.0,0.951
trash_rl/BOTH/parsed-file2420_inv10.als,trash_rl,BOTH,5.0,0.315,1.0,0.685
trash_rl/BOTH/parsed-file2440_inv10.als,trash_rl,BOTH,3.0,0.339,1.0,0.661
trash_rl/BOTH/parsed-file2448_inv2.als,trash_rl,BOTH,5.0,0.001,1.0,0.999
trash_rl/BOTH/parsed-file2465_inv7.als,trash_rl,BOTH,11.0,0.496,1.0,0.504
trash_rl/BOTH/parsed-file2467_inv3.als,trash_rl,BOTH,2.0,0.142,1.0,0.858
trash_rl/BOTH/parsed-file2471_inv9.als,trash_rl,BOTH,2.0,0.0,1.0,1.0
trash_rl/BOTH/parsed-file2472_inv10.als,trash_rl,BOTH,5.0,0.512,1.0,0.488
trash_rl/BOTH/parsed-file2480_inv9.als,trash_rl,BOTH,18.0,0.302,1.0,0.698
trash_rl/BOTH/parsed-file2494_inv3.als,trash_rl,BOTH,4.0,0.0,1.0,1.0
trash_rl/BOTH/parsed-file2495_inv5.als,trash_rl,BOTH,3.0,0.157,1.0,0.843
trash_rl/BOTH/parsed-file249_inv9.als,trash_rl,BOTH,11.0,0.005,1.0,0.995
trash_rl/BOTH/parsed-file2502_inv10.als,trash_rl,BOTH,1.0,0.679,1.0,0.321
trash_rl/BOTH/parsed-file250_inv5.als,trash_rl,BOTH,5.0,0.078,1.0,0.922
trash_rl/BOTH/parsed-file2514_inv6.als,trash_rl,BOTH,37.0,0.0,1.0,1.0
trash_rl/BOTH/parsed-file2540_inv6.als,trash_rl,BOTH,5.0,0.0,1.0,1.0
trash_rl/BOTH/parsed-file2557_inv1.als,trash_rl,BOTH,1.0,0.0,1.0,1.0
trash_rl/BOTH/parsed-file2560_inv3.als,trash_rl,BOTH,2.0,0.142,1.0,0.858
trash_rl/BOTH/parsed-file2564_inv10.als,trash_rl,BOTH,17.0,0.423,1.0,0.577
trash_rl/BOTH/parsed-file2585_inv9.als,trash_rl,BOTH,16.0,0.002,1.0,0.998
trash_rl/BOTH/parsed-file258_inv10.als,trash_rl,BOTH,22.0,0.547,1.0,0.453
trash_rl/BOTH/parsed-file2595_inv6.als,trash_rl,BOTH,11.0,0.534,1.0,0.466
trash_rl/BOTH/parsed-file2600_inv6.als,trash_rl,BOTH,11.0,0.534,1.0,0.466
trash_rl/BOTH/parsed-file260_inv4.als,trash_rl,BOTH,2.0,0.0,1.0,1.0
trash_rl/BOTH/parsed-file261_inv7.als,trash_rl,BOTH,3.0,0.192,1.0,0.808
trash_rl/BOTH/parsed-file2628_inv6.als,trash_rl,BOTH,11.0,0.534,1.0,0.466
trash_rl/BOTH/parsed-file2630_inv10.als,trash_rl,BOTH,15.0,0.38,1.0,0.62
trash_rl/BOTH/parsed-file2638_inv10.als,trash_rl,BOTH,3.0,0.47,1.0,0.53
trash_rl/BOTH/parsed-file2640_inv7.als,trash_rl,BOTH,12.0,0.22,1.0,0.78
trash_rl/BOTH/parsed-file2650_inv7.als,trash_rl,BOTH,11.0,0.745,1.0,0.255
trash_rl/BOTH/parsed-file2657_inv5.als,trash_rl,BOTH,4.0,0.243,1.0,0.757
trash_rl/BOTH/parsed-file2683_inv6.als,trash_rl,BOTH,12.0,0.025,1.0,0.975
trash_rl/BOTH/parsed-file268_inv10.als,trash_rl,BOTH,16.0,0.0,1.0,1.0
trash_rl/BOTH/parsed-file2702_inv5.als,trash_rl,BOTH,5.0,0.261,1.0,0.739
trash_rl/BOTH/parsed-file2705_inv7.als,trash_rl,BOTH,11.0,0.373,1.0,0.627
trash_rl/BOTH/parsed-file2707_inv2.als,trash_rl,BOTH,10.0,0.153,1.0,0.847
trash_rl/BOTH/parsed-file2709_inv5.als,trash_rl,BOTH,1.0,0.158,1.0,0.842
trash_rl/BOTH/parsed-file2737_inv5.als,trash_rl,BOTH,5.0,0.001,1.0,0.999
trash_rl/BOTH/parsed-file2739_inv9.als,trash_rl,BOTH,12.0,0.458,1.0,0.542
trash_rl/BOTH/parsed-file2744_inv7.als,trash_rl,BOTH,11.0,0.496,1.0,0.504
trash_rl/BOTH/parsed-file2769_inv10.als,trash_rl,BOTH,17.0,0.207,1.0,0.793
trash_rl/BOTH/parsed-file2777_inv9.als,trash_rl,BOTH,34.0,0.771,1.0,0.229
trash_rl/BOTH/parsed-file2782_inv5.als,trash_rl,BOTH,4.0,0.309,1.0,0.691
trash_rl/BOTH/parsed-file2788_inv5.als,trash_rl,BOTH,5.0,0.152,1.0,0.848
trash_rl/BOTH/parsed-file278_inv4.als,trash_rl,BOTH,5.0,0.337,1.0,0.663
trash_rl/BOTH/parsed-file2810_inv10.als,trash_rl,BOTH,2.0,0.547,1.0,0.453
trash_rl/BOTH/parsed-file282_inv9.als,trash_rl,BOTH,23.0,0.725,1.0,0.275
trash_rl/BOTH/parsed-file2834_inv9.als,trash_rl,BOTH,3.0,0.566,1.0,0.434
trash_rl/BOTH/parsed-file2845_inv9.als,trash_rl,BOTH,12.0,0.754,1.0,0.246
trash_rl/BOTH/parsed-file291_inv3.als,trash_rl,BOTH,3.0,0.001,1.0,0.999
trash_rl/BOTH/parsed-file294_inv9.als,trash_rl,BOTH,23.0,0.17,1.0,0.83
trash_rl/BOTH/parsed-file304_inv7.als,trash_rl,BOTH,11.0,0.597,1.0,0.403
trash_rl/BOTH/parsed-file323_inv10.als,trash_rl,BOTH,16.0,0.149,1.0,0.851
trash_rl/BOTH/parsed-file32_inv7.als,trash_rl,BOTH,4.0,0.22,1.0,0.78
trash_rl/BOTH/parsed-file331_inv1.als,trash_rl,BOTH,14.0,0.001,1.0,0.999
trash_rl/BOTH/parsed-file339_inv4.als,trash_rl,BOTH,9.0,0.164,1.0,0.836
trash_rl/BOTH/parsed-file340_inv9.als,trash_rl,BOTH,19.0,0.671,1.0,0.329
trash_rl/BOTH/parsed-file342_inv4.als,trash_rl,BOTH,12.0,0.001,1.0,0.999
trash_rl/BOTH/parsed-file350_inv5.als,trash_rl,BOTH,4.0,0.158,1.0,0.842
trash_rl/BOTH/parsed-file378_inv5.als,trash_rl,BOTH,10.0,0.152,1.0,0.848
trash_rl/BOTH/parsed-file387_inv6.als,trash_rl,BOTH,4.0,0.0,1.0,1.0
trash_rl/BOTH/parsed-file407_inv7.als,trash_rl,BOTH,13.0,0.745,1.0,0.255
trash_rl/BOTH/parsed-file416_inv9.als,trash_rl,BOTH,21.0,0.103,1.0,0.897
trash_rl/BOTH/parsed-file421_inv7.als,trash_rl,BOTH,11.0,0.496,1.0,0.504
trash_rl/BOTH/parsed-file435_inv7.als,trash_rl,BOTH,11.0,0.201,1.0,0.799
trash_rl/BOTH/parsed-file436_inv10.als,trash_rl,BOTH,15.0,0.367,1.0,0.633
trash_rl/BOTH/parsed-file43_inv5.als,trash_rl,BOTH,12.0,0.152,1.0,0.848
trash_rl/BOTH/parsed-file471_inv4.als,trash_rl,BOTH,5.0,0.337,1.0,0.663
trash_rl/BOTH/parsed-file477_inv10.als,trash_rl,BOTH,15.0,0.38,1.0,0.62
trash_rl/BOTH/parsed-file485_inv9.als,trash_rl,BOTH,4.0,0.101,1.0,0.899
trash_rl/BOTH/parsed-file491_inv5.als,trash_rl,BOTH,4.0,0.012,1.0,0.988
trash_rl/BOTH/parsed-file497_inv4.als,trash_rl,BOTH,3.0,0.156,1.0,0.844
trash_rl/BOTH/parsed-file4_inv5.als,trash_rl,BOTH,2.0,0.152,1.0,0.848
trash_rl/BOTH/parsed-file502_inv5.als,trash_rl,BOTH,10.0,0.152,1.0,0.848
trash_rl/BOTH/parsed-file504_inv9.als,trash_rl,BOTH,2.0,0.0,1.0,1.0
trash_rl/BOTH/parsed-file513_inv4.als,trash_rl,BOTH,5.0,0.337,1.0,0.663
trash_rl/BOTH/parsed-file514_inv9.als,trash_rl,BOTH,4.0,0.082,1.0,0.918
trash_rl/BOTH/parsed-file535_inv5.als,trash_rl,BOTH,12.0,0.152,1.0,0.848
trash_rl/BOTH/parsed-file54_inv9.als,trash_rl,BOTH,4.0,0.158,1.0,0.842
trash_rl/BOTH/parsed-file553_inv5.als,trash_rl,BOTH,5.0,0.152,1.0,0.848
trash_rl/BOTH/parsed-file571_inv5.als,trash_rl,BOTH,10.0,0.078,1.0,0.922
trash_rl/BOTH/parsed-file575_inv5.als,trash_rl,BOTH,5.0,0.047,1.0,0.953
trash_rl/BOTH/parsed-file579_inv6.als,trash_rl,BOTH,11.0,0.534,1.0,0.466
trash_rl/BOTH/parsed-file601_inv4.als,trash_rl,BOTH,5.0,0.164,1.0,0.836
trash_rl/BOTH/parsed-file608_inv5.als,trash_rl,BOTH,4.0,0.152,1.0,0.848
trash_rl/BOTH/parsed-file612_inv7.als,trash_rl,BOTH,11.0,0.015,1.0,0.985
trash_rl/BOTH/parsed-file675_inv3.als,trash_rl,BOTH,6.0,0.004,1.0,0.996
trash_rl/BOTH/parsed-file699_inv4.als,trash_rl,BOTH,12.0,0.001,1.0,0.999
trash_rl/BOTH/parsed-file69_inv10.als,trash_rl,BOTH,11.0,0.0,1.0,1.0
trash_rl/BOTH/parsed-file707_inv9.als,trash_rl,BOTH,4.0,0.671,1.0,0.329
trash_rl/BOTH/parsed-file715_inv5.als,trash_rl,BOTH,5.0,0.152,1.0,0.848
trash_rl/BOTH/parsed-file717_inv6.als,trash_rl,BOTH,5.0,0.311,1.0,0.689
trash_rl/BOTH/parsed-file71_inv7.als,trash_rl,BOTH,5.0,0.218,1.0,0.782
trash_rl/BOTH/parsed-file766_inv6.als,trash_rl,BOTH,37.0,0.0,1.0,1.0
trash_rl/BOTH/parsed-file77_inv10.als,trash_rl,BOTH,20.0,0.125,1.0,0.875
trash_rl/BOTH/parsed-file785_inv9.als,trash_rl,BOTH,11.0,0.004,1.0,0.996
trash_rl/BOTH/parsed-file800_inv4.als,trash_rl,BOTH,5.0,0.337,1.0,0.663
trash_rl/BOTH/parsed-file811_inv7.als,trash_rl,BOTH,11.0,0.745,1.0,0.255
trash_rl/BOTH/parsed-file814_inv6.als,trash_rl,BOTH,6.0,0.534,1.0,0.466
trash_rl/BOTH/parsed-file824_inv6.als,trash_rl,BOTH,12.0,0.141,1.0,0.859
trash_rl/BOTH/parsed-file832_inv5.als,trash_rl,BOTH,5.0,0.152,1.0,0.848
trash_rl/BOTH/parsed-file843_inv10.als,trash_rl,BOTH,18.0,0.221,1.0,0.78
trash_rl/BOTH/parsed-file84_inv3.als,trash_rl,BOTH,4.0,0.0,1.0,1.0
trash_rl/BOTH/parsed-file853_inv10.als,trash_rl,BOTH,17.0,0.207,1.0,0.793
trash_rl/BOTH/parsed-file866_inv10.als,trash_rl,BOTH,15.0,0.367,1.0,0.633
trash_rl/BOTH/parsed-file86_inv7.als,trash_rl,BOTH,11.0,0.0,1.0,1.0
trash_rl/BOTH/parsed-file876_inv5.als,trash_rl,BOTH,4.0,0.158,1.0,0.842
trash_rl/BOTH/parsed-file877_inv5.als,trash_rl,BOTH,5.0,0.001,1.0,0.999
trash_rl/BOTH/parsed-file88_inv7.als,trash_rl,BOTH,3.0,0.0,1.0,1.0
trash_rl/BOTH/parsed-file890_inv5.als,trash_rl,BOTH,5.0,0.152,1.0,0.848
trash_rl/BOTH/parsed-file910_inv3.als,trash_rl,BOTH,11.0,0.22,1.0,0.78
trash_rl/BOTH/parsed-file922_inv4.als,trash_rl,BOTH,5.0,0.164,1.0,0.836
trash_rl/BOTH/parsed-file925_inv7.als,trash_rl,BOTH,19.0,0.496,1.0,0.504
trash_rl/BOTH/parsed-file948_inv2.als,trash_rl,BOTH,5.0,0.001,1.0,0.999
trash_rl/BOTH/parsed-file949_inv10.als,trash_rl,BOTH,16.0,0.0,1.0,1.0
trash_rl/BOTH/parsed-file960_inv9.als,trash_rl,BOTH,3.0,0.566,1.0,0.434
trash_rl/BOTH/parsed-file961_inv10.als,trash_rl,BOTH,11.0,0.151,1.0,0.849
trash_rl/BOTH/parsed-file976_inv9.als,trash_rl,BOTH,21.0,0.671,1.0,0.329
trash_rl/BOTH/parsed-file977_inv7.als,trash_rl,BOTH,4.0,0.186,1.0,0.814
trash_rl/BOTH/parsed-file982_inv5.als,trash_rl,BOTH,5.0,0.152,1.0,0.848
trash_rl/BOTH/parsed-file992_inv3.als,trash_rl,BOTH,10.0,0.12,1.0,0.88
trash_rl/BOTH/parsed-file998_inv6.als,trash_rl,BOTH,5.0,0.141,1.0,0.859
trash_rl/CORRECT/parsed-file1003_inv2.als,trash_rl,CORRECT,10.0,1.0,1.0,0.0
trash_rl/CORRECT/parsed-file1014_inv6.als,trash_rl,CORRECT,11.0,1.0,1.0,0.0
trash_rl/CORRECT/parsed-file101_inv10.als,trash_rl,CORRECT,22.0,1.0,1.0,0.0
trash_rl/CORRECT/parsed-file1024_inv8.als,trash_rl,CORRECT,13.0,1.0,1.0,0.0
trash_rl/CORRECT/parsed-file1030_inv5.als,trash_rl,CORRECT,6.0,1.0,1.0,0.0
trash_rl/CORRECT/parsed-file103_inv6.als,trash_rl,CORRECT,11.0,1.0,1.0,0.0
trash_rl/CORRECT/parsed-file1043_inv4.als,trash_rl,CORRECT,4.0,1.0,1.0,0.0
trash_rl/CORRECT/parsed-file1056_inv4.als,trash_rl,CORRECT,12.0,1.0,1.0,0.0
trash_rl/CORRECT/parsed-file1060_inv7.als,trash_rl,CORRECT,13.0,1.0,1.0,0.0
trash_rl/CORRECT/parsed-file1070_inv7.als,trash_rl,CORRECT,14.0,1.0,1.0,0.0
trash_rl/CORRECT/parsed-file1070_inv8.als,trash_rl,CORRECT,12.0,1.0,1.0,0.0
trash_rl/CORRECT/parsed-file1079_inv5.als,trash_rl,CORRECT,12.0,1.0,1.0,0.0
trash_rl/CORRECT/parsed-file107_inv4.als,trash_rl,CORRECT,9.0,1.0,1.0,0.0
trash_rl/CORRECT/parsed-file1085_inv4.als,trash_rl,CORRECT,12.0,1.0,1.0,0.0
trash_rl/CORRECT/parsed-file1093_inv2.als,trash_rl,CORRECT,0.0,1.0,1.0,0.0
trash_rl/CORRECT/parsed-file1094_inv4.als,trash_rl,CORRECT,0.0,1.0,1.0,0.0
trash_rl/CORRECT/parsed-file1094_inv5.als,trash_rl,CORRECT,0.0,1.0,1.0,0.0
trash_rl/CORRECT/parsed-file111_inv1.als,trash_rl,CORRECT,0.0,1.0,1.0,0.0
trash_rl/CORRECT/parsed-file1126_inv8.als,trash_rl,CORRECT,0.0,1.0,1.0,0.0
trash_rl/CORRECT/parsed-file112_inv7.als,trash_rl,CORRECT,11.0,1.0,1.0,0.0
trash_rl/CORRECT/parsed-file1137_inv2.als,trash_rl,CORRECT,0.0,1.0,1.0,0.0
trash_rl/CORRECT/parsed-file1137_inv6.als,trash_rl,CORRECT,11.0,1.0,1.0,0.0
trash_rl/CORRECT/parsed-file1137_inv9.als,trash_rl,CORRECT,0.0,1.0,1.0,0.0
trash_rl/CORRECT/parsed-file1147_inv9.als,trash_rl,CORRECT,26.0,1.0,1.0,0.0
trash_rl/CORRECT/parsed-file1149_inv3.als,trash_rl,CORRECT,3.0,1.0,1.0,0.0
trash_rl/CORRECT/parsed-file1153_inv9.als,trash_rl,CORRECT,8.0,1.0,1.0,0.0
trash_rl/CORRECT/parsed-file1198_inv5.als,trash_rl,CORRECT,0.0,1.0,1.0,0.0
trash_rl/CORRECT/parsed-file1199_inv6.als,trash_rl,CORRECT,0.0,1.0,1.0,0.0
trash_rl/CORRECT/parsed-file1206_inv6.als,trash_rl,CORRECT,29.0,1.0,1.0,0.0
trash_rl/CORRECT/parsed-file1210_inv3.als,trash_rl,CORRECT,0.0,1.0,1.0,0.0
trash_rl/CORRECT/parsed-file1227_inv6.als,trash_rl,CORRECT,11.0,1.0,1.0,0.0
trash_rl/CORRECT/parsed-file1235_inv6.als,trash_rl,CORRECT,13.0,1.0,1.0,0.0
trash_rl/CORRECT/parsed-file1242_inv4.als,trash_rl,CORRECT,9.0,1.0,1.0,0.0
trash_rl/CORRECT/parsed-file1258_inv5.als,trash_rl,CORRECT,12.0,1.0,1.0,0.0
trash_rl/CORRECT/parsed-file1258_inv7.als,trash_rl,CORRECT,11.0,1.0,1.0,0.0
trash_rl/CORRECT/parsed-file1267_inv10.als,trash_rl,CORRECT,15.0,1.0,1.0,0.0
trash_rl/CORRECT/parsed-file126_inv6.als,trash_rl,CORRECT,11.0,1.0,1.0,0.0
trash_rl/CORRECT/parsed-file1281_inv1.als,trash_rl,CORRECT,10.0,1.0,1.0,0.0
trash_rl/CORRECT/parsed-file1283_inv8.als,trash_rl,CORRECT,0.0,1.0,1.0,0.0
trash_rl/CORRECT/parsed-file1290_inv10.als,trash_rl,CORRECT,15.0,1.0,1.0,0.0
trash_rl/CORRECT/parsed-file1297_inv7.als,trash_rl,CORRECT,5.0,1.0,1.0,0.0
trash_rl/CORRECT/parsed-file1303_inv1.als,trash_rl,CORRECT,10.0,1.0,1.0,0.0
trash_rl/CORRECT/parsed-file1309_inv8.als,trash_rl,CORRECT,11.0,1.0,1.0,0.0
trash_rl/CORRECT/parsed-file1310_inv5.als,trash_rl,CORRECT,0.0,1.0,1.0,0.0
trash_rl/CORRECT/parsed-file1321_inv10.als,trash_rl,CORRECT,15.0,1.0,1.0,0.0
trash_rl/CORRECT/parsed-file1322_inv6.als,trash_rl,CORRECT,11.0,1.0,1.0,0.0
trash_rl/CORRECT/parsed-file1332_inv4.als,trash_rl,CORRECT,0.0,1.0,1.0,0.0
trash_rl/CORRECT/parsed-file1337_inv2.als,trash_rl,CORRECT,10.0,1.0,1.0,0.0
trash_rl/CORRECT/parsed-file133_inv4.als,trash_rl,CORRECT,0.0,1.0,1.0,0.0
trash_rl/CORRECT/parsed-file1343_inv7.als,trash_rl,CORRECT,11.0,1.0,1.0,0.0
trash_rl/CORRECT/parsed-file1345_inv6.als,trash_rl,CORRECT,11.0,1.0,1.0,0.0
trash_rl/CORRECT/parsed-file1352_inv9.als,trash_rl,CORRECT,15.0,1.0,1.0,0.0
trash_rl/CORRECT/parsed-file1369_inv6.als,trash_rl,CORRECT,11.0,1.0,1.0,0.0
trash_rl/CORRECT/parsed-file1380_inv10.als,trash_rl,CORRECT,0.0,1.0,1.0,0.0
trash_rl/CORRECT/parsed-file1394_inv2.als,trash_rl,CORRECT,1.0,1.0,1.0,0.0
trash_rl/CORRECT/parsed-file13_inv2.als,trash_rl,CORRECT,10.0,1.0,1.0,0.0
trash_rl/CORRECT/parsed-file1416_inv2.als,trash_rl,CORRECT,1.0,1.0,1.0,0.0
trash_rl/CORRECT/parsed-file1421_inv7.als,trash_rl,CORRECT,14.0,1.0,1.0,0.0
trash_rl/CORRECT/parsed-file142_inv8.als,trash_rl,CORRECT,3.0,1.0,1.0,0.0
trash_rl/CORRECT/parsed-file1439_inv2.als,trash_rl,CORRECT,10.0,1.0,1.0,0.0
trash_rl/CORRECT/parsed-file1459_inv1.als,trash_rl,CORRECT,2.0,1.0,1.0,0.0
trash_rl/CORRECT/parsed-file1481_inv9.als,trash_rl,CORRECT,0.0,1.0,1.0,0.0
trash_rl/CORRECT/parsed-file1489_inv3.als,trash_rl,CORRECT,10.0,1.0,1.0,0.0
trash_rl/CORRECT/parsed-file148_inv1.als,trash_rl,CORRECT,0.0,1.0,1.0,0.0
trash_rl/CORRECT/parsed-file1492_inv10.als,trash_rl,CORRECT,15.0,1.0,1.0,0.0
trash_rl/CORRECT/parsed-file1492_inv7.als,trash_rl,CORRECT,5.0,1.0,1.0,0.0
trash_rl/CORRECT/parsed-file1494_inv7.als,trash_rl,CORRECT,11.0,1.0,1.0,0.0
trash_rl/CORRECT/parsed-file1503_inv8.als,trash_rl,CORRECT,17.0,1.0,1.0,0.0
trash_rl/CORRECT/parsed-file1518_inv10.als,trash_rl,CORRECT,22.0,1.0,1.0,0.0
trash_rl/CORRECT/parsed-file1518_inv6.als,trash_rl,CORRECT,29.0,1.0,1.0,0.0
trash_rl/CORRECT/parsed-file1518_inv7.als,trash_rl,CORRECT,19.0,1.0,1.0,0.0
trash_rl/CORRECT/parsed-file1518_inv8.als,trash_rl,CORRECT,17.0,1.0,1.0,0.0
trash_rl/CORRECT/parsed-file1518_inv9.als,trash_rl,CORRECT,26.0,1.0,1.0,0.0
trash_rl/CORRECT/parsed-file1550_inv3.als,trash_rl,CORRECT,10.0,1.0,1.0,0.0
trash_rl/CORRECT/parsed-file1553_inv4.als,trash_rl,CORRECT,0.0,1.0,1.0,0.0
trash_rl/CORRECT/parsed-file1567_inv9.als,trash_rl,CORRECT,0.0,1.0,1.0,0.0
trash_rl/CORRECT/parsed-file1573_inv10.als,trash_rl,CORRECT,9.0,1.0,1.0,0.0
trash_rl/CORRECT/parsed-file1582_inv7.als,trash_rl,CORRECT,0.0,1.0,1.0,0.0
trash_rl/CORRECT/parsed-file1600_inv4.als,trash_rl,CORRECT,0.0,1.0,1.0,0.0
trash_rl/CORRECT/parsed-file1610_inv4.als,trash_rl,CORRECT,9.0,1.0,1.0,0.0
trash_rl/CORRECT/parsed-file1622_inv3.als,trash_rl,CORRECT,10.0,1.0,1.0,0.0
trash_rl/CORRECT/parsed-file1627_inv3.als,trash_rl,CORRECT,3.0,1.0,1.0,0.0
trash_rl/CORRECT/parsed-file1631_inv8.als,trash_rl,CORRECT,11.0,1.0,1.0,0.0
trash_rl/CORRECT/parsed-file163_inv1.als,trash_rl,CORRECT,10.0,1.0,1.0,0.0
trash_rl/CORRECT/parsed-file1661_inv7.als,trash_rl,CORRECT,11.0,1.0,1.0,0.0
trash_rl/CORRECT/parsed-file1684_inv6.als,trash_rl,CORRECT,29.0,1.0,1.0,0.0
trash_rl/CORRECT/parsed-file171_inv7.als,trash_rl,CORRECT,19.0,1.0,1.0,0.0
trash_rl/CORRECT/parsed-file1732_inv1.als,trash_rl,CORRECT,10.0,1.0,1.0,0.0
trash_rl/CORRECT/parsed-file1734_inv4.als,trash_rl,CORRECT,0.0,1.0,1.0,0.0
trash_rl/CORRECT/parsed-file1734_inv8.als,trash_rl,CORRECT,3.0,1.0,1.0,0.0
trash_rl/CORRECT/parsed-file1734_inv9.als,trash_rl,CORRECT,1.0,1.0,1.0,0.0
trash_rl/CORRECT/parsed-file1754_inv10.als,trash_rl,CORRECT,15.0,1.0,1.0,0.0
trash_rl/CORRECT/parsed-file1767_inv8.als,trash_rl,CORRECT,11.0,1.0,1.0,0.0
trash_rl/CORRECT/parsed-file1770_inv3.als,trash_rl,CORRECT,3.0,1.0,1.0,0.0
trash_rl/CORRECT/parsed-file1777_inv10.als,trash_rl,CORRECT,0.0,1.0,1.0,0.0
trash_rl/CORRECT/parsed-file1782_inv7.als,trash_rl,CORRECT,1.0,1.0,1.0,0.0
trash_rl/CORRECT/parsed-file1822_inv10.als,trash_rl,CORRECT,0.0,1.0,1.0,0.0
trash_rl/CORRECT/parsed-file1822_inv3.als,trash_rl,CORRECT,0.0,1.0,1.0,0.0
trash_rl/CORRECT/parsed-file1822_inv8.als,trash_rl,CORRECT,0.0,1.0,1.0,0.0
trash_rl/CORRECT/parsed-file1831_inv5.als,trash_rl,CORRECT,6.0,1.0,1.0,0.0
trash_rl/CORRECT/parsed-file1847_inv4.als,trash_rl,CORRECT,0.0,1.0,1.0,0.0
trash_rl/CORRECT/parsed-file1854_inv1.als,trash_rl,CORRECT,2.0,1.0,1.0,0.0
trash_rl/CORRECT/parsed-file1859_inv10.als,trash_rl,CORRECT,0.0,1.0,1.0,0.0
trash_rl/CORRECT/parsed-file185_inv1.als,trash_rl,CORRECT,9.0,1.0,1.0,0.0
trash_rl/CORRECT/parsed-file1860_inv10.als,trash_rl,CORRECT,12.0,1.0,1.0,0.0
trash_rl/CORRECT/parsed-file1861_inv10.als,trash_rl,CORRECT,0.0,1.0,1.0,0.0
trash_rl/CORRECT/parsed-file1861_inv9.als,trash_rl,CORRECT,26.0,1.0,1.0,0.0
trash_rl/CORRECT/parsed-file186_inv3.als,trash_rl,CORRECT,0.0,1.0,1.0,0.0
trash_rl/CORRECT/parsed-file1887_inv5.als,trash_rl,CORRECT,0.0,1.0,1.0,0.0
trash_rl/CORRECT/parsed-file1887_inv6.als,trash_rl,CORRECT,29.0,1.0,1.0,0.0
trash_rl/CORRECT/parsed-file1890_inv6.als,trash_rl,CORRECT,11.0,1.0,1.0,0.0
trash_rl/CORRECT/parsed-file1893_inv7.als,trash_rl,CORRECT,11.0,1.0,1.0,0.0
trash_rl/CORRECT/parsed-file189_inv7.als,trash_rl,CORRECT,0.0,1.0,1.0,0.0
trash_rl/CORRECT/parsed-file1906_inv5.als,trash_rl,CORRECT,0.0,1.0,1.0,0.0
trash_rl/CORRECT/parsed-file1915_inv9.als,trash_rl,CORRECT,0.0,1.0,1.0,0.0
trash_rl/CORRECT/parsed-file1918_inv8.als,trash_rl,CORRECT,4.0,1.0,1.0,0.0
trash_rl/CORRECT/parsed-file1921_inv2.als,trash_rl,CORRECT,10.0,1.0,1.0,0.0
trash_rl/CORRECT/parsed-file1921_inv4.als,trash_rl,CORRECT,9.0,1.0,1.0,0.0
trash_rl/CORRECT/parsed-file1921_inv8.als,trash_rl,CORRECT,11.0,1.0,1.0,0.0
trash_rl/CORRECT/parsed-file1921_inv9.als,trash_rl,CORRECT,13.0,1.0,1.0,0.0
trash_rl/CORRECT/parsed-file1924_inv7.als,trash_rl,CORRECT,8.0,1.0,1.0,0.0
trash_rl/CORRECT/parsed-file1925_inv10.als,trash_rl,CORRECT,16.0,1.0,1.0,0.0
trash_rl/CORRECT/parsed-file192_inv3.als,trash_rl,CORRECT,3.0,1.0,1.0,0.0
trash_rl/CORRECT/parsed-file1932_inv10.als,trash_rl,CORRECT,12.0,1.0,1.0,0.0
trash_rl/CORRECT/parsed-file1932_inv7.als,trash_rl,CORRECT,14.0,1.0,1.0,0.0
trash_rl/CORRECT/parsed-file1933_inv2.als,trash_rl,CORRECT,0.0,1.0,1.0,0.0
trash_rl/CORRECT/parsed-file194_inv3.als,trash_rl,CORRECT,3.0,1.0,1.0,0.0
trash_rl/CORRECT/parsed-file1956_inv7.als,trash_rl,CORRECT,13.0,1.0,1.0,0.0
trash_rl/CORRECT/parsed-file199_inv7.als,trash_rl,CORRECT,17.0,1.0,1.0,0.0
trash_rl/CORRECT/parsed-file1_inv7.als,trash_rl,CORRECT,5.0,1.0,1.0,0.0
trash_rl/CORRECT/parsed-file2000_inv5.als,trash_rl,CORRECT,12.0,1.0,1.0,0.0
trash_rl/CORRECT/parsed-file2010_inv1.als,trash_rl,CORRECT,0.0,1.0,1.0,0.0
trash_rl/CORRECT/parsed-file202_inv6.als,trash_rl,CORRECT,11.0,1.0,1.0,0.0
trash_rl/CORRECT/parsed-file2032_inv7.als,trash_rl,CORRECT,7.0,1.0,1.0,0.0
trash_rl/CORRECT/parsed-file2040_inv5.als,trash_rl,CORRECT,6.0,1.0,1.0,0.0
trash_rl/CORRECT/parsed-file2042_inv10.als,trash_rl,CORRECT,15.0,1.0,1.0,0.0
trash_rl/CORRECT/parsed-file2045_inv7.als,trash_rl,CORRECT,8.0,1.0,1.0,0.0
trash_rl/CORRECT/parsed-file2046_inv8.als,trash_rl,CORRECT,0.0,1.0,1.0,0.0
trash_rl/CORRECT/parsed-file2061_inv5.als,trash_rl,CORRECT,12.0,1.0,1.0,0.0
trash_rl/CORRECT/parsed-file2061_inv7.als,trash_rl,CORRECT,19.0,1.0,1.0,0.0
trash_rl/CORRECT/parsed-file2082_inv2.als,trash_rl,CORRECT,1.0,1.0,1.0,0.0
trash_rl/CORRECT/parsed-file2083_inv10.als,trash_rl,CORRECT,0.0,1.0,1.0,0.0
trash_rl/CORRECT/parsed-file2092_inv10.als,trash_rl,CORRECT,1.0,1.0,1.0,0.0
trash_rl/CORRECT/parsed-file2111_inv5.als,trash_rl,CORRECT,12.0,1.0,1.0,0.0
trash_rl/CORRECT/parsed-file2112_inv3.als,trash_rl,CORRECT,10.0,1.0,1.0,0.0
trash_rl/CORRECT/parsed-file2134_inv10.als,trash_rl,CORRECT,9.0,1.0,1.0,0.0
trash_rl/CORRECT/parsed-file2138_inv6.als,trash_rl,CORRECT,29.0,1.0,1.0,0.0
trash_rl/CORRECT/parsed-file2141_inv2.als,trash_rl,CORRECT,0.0,1.0,1.0,0.0
trash_rl/CORRECT/parsed-file2150_inv5.als,trash_rl,CORRECT,0.0,1.0,1.0,0.0
trash_rl/CORRECT/parsed-file2155_inv9.als,trash_rl,CORRECT,14.0,1.0,1.0,0.0
trash_rl/CORRECT/parsed-file2173_inv9.als,trash_rl,CORRECT,12.0,1.0,1.0,0.0
trash_rl/CORRECT/parsed-file2180_inv3.als,trash_rl,CORRECT,3.0,1.0,1.0,0.0
trash_rl/CORRECT/parsed-file2184_inv7.als,trash_rl,CORRECT,7.0,1.0,1.0,0.0
trash_rl/CORRECT/parsed-file2187_inv8.als,trash_rl,CORRECT,11.0,1.0,1.0,0.0
trash_rl/CORRECT/parsed-file2194_inv6.als,trash_rl,CORRECT,11.0,1.0,1.0,0.0
trash_rl/CORRECT/parsed-file2196_inv7.als,trash_rl,CORRECT,1.0,1.0,1.0,0.0
trash_rl/CORRECT/parsed-file2199_inv10.als,trash_rl,CORRECT,16.0,1.0,1.0,0.0
trash_rl/CORRECT/parsed-file2199_inv8.als,trash_rl,CORRECT,11.0,1.0,1.0,0.0
trash_rl/CORRECT/parsed-file2205_inv9.als,trash_rl,CORRECT,26.0,1.0,1.0,0.0
trash_rl/CORRECT/parsed-file2215_inv7.als,trash_rl,CORRECT,11.0,1.0,1.0,0.0
trash_rl/CORRECT/parsed-file2216_inv1.als,trash_rl,CORRECT,2.0,1.0,1.0,0.0
trash_rl/CORRECT/parsed-file221_inv8.als,trash_rl,CORRECT,18.0,1.0,1.0,0.0
trash_rl/CORRECT/parsed-file2222_inv10.als,trash_rl,CORRECT,12.0,1.0,1.0,0.0
trash_rl/CORRECT/parsed-file2235_inv10.als,trash_rl,CORRECT,21.0,1.0,1.0,0.0
trash_rl/CORRECT/parsed-file2235_inv8.als,trash_rl,CORRECT,3.0,1.0,1.0,0.0
trash_rl/CORRECT/parsed-file2238_inv5.als,trash_rl,CORRECT,6.0,1.0,1.0,0.0
trash_rl/CORRECT/parsed-file223_inv1.als,trash_rl,CORRECT,2.0,1.0,1.0,0.0
trash_rl/CORRECT/parsed-file2241_inv2.als,trash_rl,CORRECT,5.0,1.0,1.0,0.0
trash_rl/CORRECT/parsed-file224_inv9.als,trash_rl,CORRECT,12.0,1.0,1.0,0.0
trash_rl/CORRECT/parsed-file2289_inv5.als,trash_rl,CORRECT,0.0,1.0,1.0,0.0
trash_rl/CORRECT/parsed-file229_inv9.als,trash_rl,CORRECT,0.0,1.0,1.0,0.0
trash_rl/CORRECT/parsed-file2301_inv3.als,trash_rl,CORRECT,10.0,1.0,1.0,0.0
trash_rl/CORRECT/parsed-file2304_inv8.als,trash_rl,CORRECT,11.0,1.0,1.0,0.0
trash_rl/CORRECT/parsed-file2307_inv9.als,trash_rl,CORRECT,0.0,1.0,1.0,0.0
trash_rl/CORRECT/parsed-file2320_inv7.als,trash_rl,CORRECT,11.0,1.0,1.0,0.0
trash_rl/CORRECT/parsed-file2327_inv10.als,trash_rl,CORRECT,16.0,1.0,1.0,0.0
trash_rl/CORRECT/parsed-file233_inv7.als,trash_rl,CORRECT,14.0,1.0,1.0,0.0
trash_rl/CORRECT/parsed-file2343_inv3.als,trash_rl,CORRECT,3.0,1.0,1.0,0.0
trash_rl/CORRECT/parsed-file2343_inv7.als,trash_rl,CORRECT,5.0,1.0,1.0,0.0
trash_rl/CORRECT/parsed-file2343_inv9.als,trash_rl,CORRECT,0.0,1.0,1.0,0.0
trash_rl/CORRECT/parsed-file2345_inv3.als,trash_rl,CORRECT,10.0,1.0,1.0,0.0
trash_rl/CORRECT/parsed-file2346_inv5.als,trash_rl,CORRECT,12.0,1.0,1.0,0.0
trash_rl/CORRECT/parsed-file235_inv4.als,trash_rl,CORRECT,12.0,1.0,1.0,0.0
trash_rl/CORRECT/parsed-file2383_inv10.als,trash_rl,CORRECT,21.0,1.0,1.0,0.0
trash_rl/CORRECT/parsed-file23_inv9.als,trash_rl,CORRECT,15.0,1.0,1.0,0.0
trash_rl/CORRECT/parsed-file2408_inv1.als,trash_rl,CORRECT,10.0,1.0,1.0,0.0
trash_rl/CORRECT/parsed-file2413_inv7.als,trash_rl,CORRECT,19.0,1.0,1.0,0.0
trash_rl/CORRECT/parsed-file2415_inv8.als,trash_rl,CORRECT,7.0,1.0,1.0,0.0
trash_rl/CORRECT/parsed-file2416_inv4.als,trash_rl,CORRECT,0.0,1.0,1.0,0.0
trash_rl/CORRECT/parsed-file2421_inv5.als,trash_rl,CORRECT,0.0,1.0,1.0,0.0
trash_rl/CORRECT/parsed-file2421_inv6.als,trash_rl,CORRECT,0.0,1.0,1.0,0.0
trash_rl/CORRECT/parsed-file2422_inv9.als,trash_rl,CORRECT,1.0,1.0,1.0,0.0
trash_rl/CORRECT/parsed-file2432_inv6.als,trash_rl,CORRECT,11.0,1.0,1.0,0.0
trash_rl/CORRECT/parsed-file2435_inv10.als,trash_rl,CORRECT,22.0,1.0,1.0,0.0
trash_rl/CORRECT/parsed-file2435_inv2.als,trash_rl,CORRECT,10.0,1.0,1.0,0.0
trash_rl/CORRECT/parsed-file2435_inv4.als,trash_rl,CORRECT,9.0,1.0,1.0,0.0
trash_rl/CORRECT/parsed-file2435_inv7.als,trash_rl,CORRECT,20.0,1.0,1.0,0.0
trash_rl/CORRECT/parsed-file2439_inv8.als,trash_rl,CORRECT,11.0,1.0,1.0,0.0
trash_rl/CORRECT/parsed-file243_inv6.als,trash_rl,CORRECT,11.0,1.0,1.0,0.0
trash_rl/CORRECT/parsed-file2441_inv9.als,trash_rl,CORRECT,12.0,1.0,1.0,0.0
trash_rl/CORRECT/parsed-file2443_inv7.als,trash_rl,CORRECT,11.0,1.0,1.0,0.0
trash_rl/CORRECT/parsed-file2454_inv1.als,trash_rl,CORRECT,10.0,1.0,1.0,0.0
trash_rl/CORRECT/parsed-file2472_inv9.als,trash_rl,CORRECT,0.0,1.0,1.0,0.0
trash_rl/CORRECT/parsed-file2477_inv2.als,trash_rl,CORRECT,10.0,1.0,1.0,0.0
trash_rl/CORRECT/parsed-file2486_inv4.als,trash_rl,CORRECT,0.0,1.0,1.0,0.0
trash_rl/CORRECT/parsed-file2492_inv6.als,trash_rl,CORRECT,0.0,1.0,1.0,0.0
trash_rl/CORRECT/parsed-file2507_inv6.als,trash_rl,CORRECT,11.0,1.0,1.0,0.0
trash_rl/CORRECT/parsed-file2511_inv5.als,trash_rl,CORRECT,12.0,1.0,1.0,0.0
trash_rl/CORRECT/parsed-file2522_inv1.als,trash_rl,CORRECT,10.0,1.0,1.0,0.0
trash_rl/CORRECT/parsed-file2525_inv2.als,trash_rl,CORRECT,5.0,1.0,1.0,0.0
trash_rl/CORRECT/parsed-file2527_inv7.als,trash_rl,CORRECT,5.0,1.0,1.0,0.0
trash_rl/CORRECT/parsed-file2529_inv5.als,trash_rl,CORRECT,0.0,1.0,1.0,0.0
trash_rl/CORRECT/parsed-file2544_inv9.als,trash_rl,CORRECT,21.0,1.0,1.0,0.0
trash_rl/CORRECT/parsed-file256_inv1.als,trash_rl,CORRECT,0.0,1.0,1.0,0.0
trash_rl/CORRECT/parsed-file257_inv6.als,trash_rl,CORRECT,11.0,1.0,1.0,0.0
trash_rl/CORRECT/parsed-file2584_inv6.als,trash_rl,CORRECT,30.0,1.0,1.0,0.0
trash_rl/CORRECT/parsed-file2586_inv6.als,trash_rl,CORRECT,0.0,1.0,1.0,0.0
trash_rl/CORRECT/parsed-file2596_inv6.als,trash_rl,CORRECT,0.0,1.0,1.0,0.0
trash_rl/CORRECT/parsed-file2599_inv1.als,trash_rl,CORRECT,6.0,1.0,1.0,0.0
trash_rl/CORRECT/parsed-file2637_inv6.als,trash_rl,CORRECT,0.0,1.0,1.0,0.0
trash_rl/CORRECT/parsed-file2642_inv6.als,trash_rl,CORRECT,11.0,1.0,1.0,0.0
trash_rl/CORRECT/parsed-file2656_inv10.als,trash_rl,CORRECT,15.0,1.0,1.0,0.0
trash_rl/CORRECT/parsed-file266_inv10.als,trash_rl,CORRECT,9.0,1.0,1.0,0.0
trash_rl/CORRECT/parsed-file2670_inv7.als,trash_rl,CORRECT,0.0,1.0,1.0,0.0
trash_rl/CORRECT/parsed-file2679_inv4.als,trash_rl,CORRECT,0.0,1.0,1.0,0.0
trash_rl/CORRECT/parsed-file267_inv1.als,trash_rl,CORRECT,0.0,1.0,1.0,0.0
trash_rl/CORRECT/parsed-file268_inv6.als,trash_rl,CORRECT,11.0,1.0,1.0,0.0
trash_rl/CORRECT/parsed-file2699_inv10.als,trash_rl,CORRECT,15.0,1.0,1.0,0.0
trash_rl/CORRECT/parsed-file26_inv7.als,trash_rl,CORRECT,19.0,1.0,1.0,0.0
trash_rl/CORRECT/parsed-file2713_inv7.als,trash_rl,CORRECT,5.0,1.0,1.0,0.0
trash_rl/CORRECT/parsed-file2718_inv5.als,trash_rl,CORRECT,0.0,1.0,1.0,0.0
trash_rl/CORRECT/parsed-file2718_inv6.als,trash_rl,CORRECT,11.0,1.0,1.0,0.0
trash_rl/CORRECT/parsed-file2727_inv5.als,trash_rl,CORRECT,12.0,1.0,1.0,0.0
trash_rl/CORRECT/parsed-file2761_inv10.als,trash_rl,CORRECT,21.0,1.0,1.0,0.0
trash_rl/CORRECT/parsed-file2774_inv9.als,trash_rl,CORRECT,3.0,1.0,1.0,0.0
trash_rl/CORRECT/parsed-file2787_inv9.als,trash_rl,CORRECT,7.0,1.0,1.0,0.0
trash_rl/CORRECT/parsed-file278_inv3.als,trash_rl,CORRECT,3.0,1.0,1.0,0.0
trash_rl/CORRECT/parsed-file2798_inv9.als,trash_rl,CORRECT,16.0,1.0,1.0,0.0
trash_rl/CORRECT/parsed-file281_inv10.als,trash_rl,CORRECT,12.0,1.0,1.0,0.0
trash_rl/CORRECT/parsed-file2820_inv10.als,trash_rl,CORRECT,19.0,1.0,1.0,0.0
trash_rl/CORRECT/parsed-file2824_inv4.als,trash_rl,CORRECT,0.0,1.0,1.0,0.0
trash_rl/CORRECT/parsed-file2825_inv2.als,trash_rl,CORRECT,10.0,1.0,1.0,0.0
trash_rl/CORRECT/parsed-file2826_inv1.als,trash_rl,CORRECT,0.0,1.0,1.0,0.0
trash_rl/CORRECT/parsed-file2831_inv7.als,trash_rl,CORRECT,13.0,1.0,1.0,0.0
trash_rl/CORRECT/parsed-file2832_inv9.als,trash_rl,CORRECT,12.0,1.0,1.0,0.0
trash_rl/CORRECT/parsed-file2844_inv6.als,trash_rl,CORRECT,0.0,1.0,1.0,0.0
trash_rl/CORRECT/parsed-file2858_inv2.als,trash_rl,CORRECT,1.0,1.0,1.0,0.0
trash_rl/CORRECT/parsed-file285_inv10.als,trash_rl,CORRECT,12.0,1.0,1.0,0.0
trash_rl/CORRECT/parsed-file28_inv6.als,trash_rl,CORRECT,0.0,1.0,1.0,0.0
trash_rl/CORRECT/parsed-file292_inv10.als,trash_rl,CORRECT,12.0,1.0,1.0,0.0
trash_rl/CORRECT/parsed-file293_inv7.als,trash_rl,CORRECT,13.0,1.0,1.0,0.0
trash_rl/CORRECT/parsed-file294_inv6.als,trash_rl,CORRECT,11.0,1.0,1.0,0.0
trash_rl/CORRECT/parsed-file298_inv1.als,trash_rl,CORRECT,0.0,1.0,1.0,0.0
trash_rl/CORRECT/parsed-file300_inv8.als,trash_rl,CORRECT,0.0,1.0,1.0,0.0
trash_rl/CORRECT/parsed-file319_inv8.als,trash_rl,CORRECT,3.0,1.0,1.0,0.0
trash_rl/CORRECT/parsed-file32_inv2.als,trash_rl,CORRECT,0.0,1.0,1.0,0.0
trash_rl/CORRECT/parsed-file32_inv9.als,trash_rl,CORRECT,12.0,1.0,1.0,0.0
trash_rl/CORRECT/parsed-file344_inv6.als,trash_rl,CORRECT,11.0,1.0,1.0,0.0
trash_rl/CORRECT/parsed-file352_inv2.als,trash_rl,CORRECT,10.0,1.0,1.0,0.0
trash_rl/CORRECT/parsed-file354_inv4.als,trash_rl,CORRECT,9.0,1.0,1.0,0.0
trash_rl/CORRECT/parsed-file354_inv6.als,trash_rl,CORRECT,15.0,1.0,1.0,0.0
trash_rl/CORRECT/parsed-file364_inv10.als,trash_rl,CORRECT,15.0,1.0,1.0,0.0
trash_rl/CORRECT/parsed-file365_inv1.als,trash_rl,CORRECT,0.0,1.0,1.0,0.0
trash_rl/CORRECT/parsed-file369_inv8.als,trash_rl,CORRECT,0.0,1.0,1.0,0.0
trash_rl/CORRECT/parsed-file369_inv9.als,trash_rl,CORRECT,12.0,1.0,1.0,0.0
trash_rl/CORRECT/parsed-file373_inv10.als,trash_rl,CORRECT,3.0,1.0,1.0,0.0
trash_rl/CORRECT/parsed-file373_inv7.als,trash_rl,CORRECT,5.0,1.0,1.0,0.0
trash_rl/CORRECT/parsed-file383_inv10.als,trash_rl,CORRECT,15.0,1.0,1.0,0.0
trash_rl/CORRECT/parsed-file388_inv7.als,trash_rl,CORRECT,11.0,1.0,1.0,0.0
trash_rl/CORRECT/parsed-file417_inv7.als,trash_rl,CORRECT,14.0,1.0,1.0,0.0
trash_rl/CORRECT/parsed-file41_inv3.als,trash_rl,CORRECT,0.0,1.0,1.0,0.0
trash_rl/CORRECT/parsed-file436_inv7.als,trash_rl,CORRECT,13.0,1.0,1.0,0.0
trash_rl/CORRECT/parsed-file438_inv7.als,trash_rl,CORRECT,5.0,1.0,1.0,0.0
trash_rl/CORRECT/parsed-file443_inv10.als,trash_rl,CORRECT,21.0,1.0,1.0,0.0
trash_rl/CORRECT/parsed-file443_inv9.als,trash_rl,CORRECT,13.0,1.0,1.0,0.0
trash_rl/CORRECT/parsed-file463_inv10.als,trash_rl,CORRECT,22.0,1.0,1.0,0.0
trash_rl/CORRECT/parsed-file463_inv4.als,trash_rl,CORRECT,0.0,1.0,1.0,0.0
trash_rl/CORRECT/parsed-file463_inv9.als,trash_rl,CORRECT,26.0,1.0,1.0,0.0
trash_rl/CORRECT/parsed-file469_inv7.als,trash_rl,CORRECT,13.0,1.0,1.0,0.0
trash_rl/CORRECT/parsed-file489_inv4.als,trash_rl,CORRECT,0.0,1.0,1.0,0.0
trash_rl/CORRECT/parsed-file493_inv6.als,trash_rl,CORRECT,11.0,1.0,1.0,0.0
trash_rl/CORRECT/parsed-file493_inv8.als,trash_rl,CORRECT,0.0,1.0,1.0,0.0
trash_rl/CORRECT/parsed-file502_inv7.als,trash_rl,CORRECT,11.0,1.0,1.0,0.0
trash_rl/CORRECT/parsed-file521_inv6.als,trash_rl,CORRECT,11.0,1.0,1.0,0.0
trash_rl/CORRECT/parsed-file52_inv10.als,trash_rl,CORRECT,15.0,1.0,1.0,0.0
trash_rl/CORRECT/parsed-file531_inv2.als,trash_rl,CORRECT,10.0,1.0,1.0,0.0
trash_rl/CORRECT/parsed-file532_inv10.als,trash_rl,CORRECT,22.0,1.0,1.0,0.0
trash_rl/CORRECT/parsed-file537_inv4.als,trash_rl,CORRECT,12.0,1.0,1.0,0.0
trash_rl/CORRECT/parsed-file539_inv9.als,trash_rl,CORRECT,0.0,1.0,1.0,0.0
trash_rl/CORRECT/parsed-file552_inv2.als,trash_rl,CORRECT,1.0,1.0,1.0,0.0
trash_rl/CORRECT/parsed-file557_inv10.als,trash_rl,CORRECT,0.0,1.0,1.0,0.0
trash_rl/CORRECT/parsed-file558_inv10.als,trash_rl,CORRECT,0.0,1.0,1.0,0.0
trash_rl/CORRECT/parsed-file559_inv6.als,trash_rl,CORRECT,0.0,1.0,1.0,0.0
trash_rl/CORRECT/parsed-file568_inv6.als,trash_rl,CORRECT,11.0,1.0,1.0,0.0
trash_rl/CORRECT/parsed-file587_inv5.als,trash_rl,CORRECT,0.0,1.0,1.0,0.0
trash_rl/CORRECT/parsed-file588_inv9.als,trash_rl,CORRECT,13.0,1.0,1.0,0.0
trash_rl/CORRECT/parsed-file606_inv4.als,trash_rl,CORRECT,12.0,1.0,1.0,0.0
trash_rl/CORRECT/parsed-file616_inv9.als,trash_rl,CORRECT,1.0,1.0,1.0,0.0
trash_rl/CORRECT/parsed-file627_inv10.als,trash_rl,CORRECT,0.0,1.0,1.0,0.0
trash_rl/CORRECT/parsed-file628_inv1.als,trash_rl,CORRECT,0.0,1.0,1.0,0.0
trash_rl/CORRECT/parsed-file629_inv6.als,trash_rl,CORRECT,11.0,1.0,1.0,0.0
trash_rl/CORRECT/parsed-file62_inv10.als,trash_rl,CORRECT,15.0,1.0,1.0,0.0
trash_rl/CORRECT/parsed-file631_inv3.als,trash_rl,CORRECT,10.0,1.0,1.0,0.0
trash_rl/CORRECT/parsed-file634_inv7.als,trash_rl,CORRECT,5.0,1.0,1.0,0.0
trash_rl/CORRECT/parsed-file652_inv5.als,trash_rl,CORRECT,12.0,1.0,1.0,0.0
trash_rl/CORRECT/parsed-file662_inv10.als,trash_rl,CORRECT,15.0,1.0,1.0,0.0
trash_rl/CORRECT/parsed-file662_inv4.als,trash_rl,CORRECT,0.0,1.0,1.0,0.0
trash_rl/CORRECT/parsed-file687_inv5.als,trash_rl,CORRECT,12.0,1.0,1.0,0.0
trash_rl/CORRECT/parsed-file697_inv1.als,trash_rl,CORRECT,10.0,1.0,1.0,0.0
trash_rl/CORRECT/parsed-file701_inv3.als,trash_rl,CORRECT,10.0,1.0,1.0,0.0
trash_rl/CORRECT/parsed-file702_inv9.als,trash_rl,CORRECT,16.0,1.0,1.0,0.0
trash_rl/CORRECT/parsed-file709_inv6.als,trash_rl,CORRECT,29.0,1.0,1.0,0.0
trash_rl/CORRECT/parsed-file711_inv10.als,trash_rl,CORRECT,21.0,1.0,1.0,0.0
trash_rl/CORRECT/parsed-file725_inv8.als,trash_rl,CORRECT,3.0,1.0,1.0,0.0
trash_rl/CORRECT/parsed-file733_inv6.als,trash_rl,CORRECT,0.0,1.0,1.0,0.0
trash_rl/CORRECT/parsed-file739_inv3.als,trash_rl,CORRECT,0.0,1.0,1.0,0.0
trash_rl/CORRECT/parsed-file746_inv1.als,trash_rl,CORRECT,2.0,1.0,1.0,0.0
trash_rl/CORRECT/parsed-file778_inv9.als,trash_rl,CORRECT,20.0,1.0,1.0,0.0
trash_rl/CORRECT/parsed-file779_inv2.als,trash_rl,CORRECT,0.0,1.0,1.0,0.0
trash_rl/CORRECT/parsed-file781_inv4.als,trash_rl,CORRECT,9.0,1.0,1.0,0.0
trash_rl/CORRECT/parsed-file793_inv5.als,trash_rl,CORRECT,12.0,1.0,1.0,0.0
trash_rl/CORRECT/parsed-file821_inv9.als,trash_rl,CORRECT,26.0,1.0,1.0,0.0
trash_rl/CORRECT/parsed-file826_inv2.als,trash_rl,CORRECT,5.0,1.0,1.0,0.0
trash_rl/CORRECT/parsed-file827_inv7.als,trash_rl,CORRECT,13.0,1.0,1.0,0.0
trash_rl/CORRECT/parsed-file862_inv5.als,trash_rl,CORRECT,12.0,1.0,1.0,0.0
trash_rl/CORRECT/parsed-file870_inv7.als,trash_rl,CORRECT,5.0,1.0,1.0,0.0
trash_rl/CORRECT/parsed-file894_inv4.als,trash_rl,CORRECT,2.0,1.0,1.0,0.0
trash_rl/CORRECT/parsed-file912_inv3.als,trash_rl,CORRECT,10.0,1.0,1.0,0.0
trash_rl/CORRECT/parsed-file914_inv6.als,trash_rl,CORRECT,11.0,1.0,1.0,0.0
trash_rl/CORRECT/parsed-file915_inv10.als,trash_rl,CORRECT,0.0,1.0,1.0,0.0
trash_rl/CORRECT/parsed-file916_inv8.als,trash_rl,CORRECT,0.0,1.0,1.0,0.0
trash_rl/CORRECT/parsed-file926_inv4.als,trash_rl,CORRECT,0.0,1.0,1.0,0.0
trash_rl/CORRECT/parsed-file942_inv7.als,trash_rl,CORRECT,0.0,1.0,1.0,0.0
trash_rl/CORRECT/parsed-file950_inv5.als,trash_rl,CORRECT,12.0,1.0,1.0,0.0
trash_rl/CORRECT/parsed-file951_inv7.als,trash_rl,CORRECT,19.0,1.0,1.0,0.0
trash_rl/CORRECT/parsed-file956_inv3.als,trash_rl,CORRECT,0.0,1.0,1.0,0.0
trash_rl/CORRECT/parsed-file966_inv4.als,trash_rl,CORRECT,9.0,1.0,1.0,0.0
trash_rl/CORRECT/parsed-file980_inv10.als,trash_rl,CORRECT,22.0,1.0,1.0,0.0
trash_rl/CORRECT/parsed-file988_inv2.als,trash_rl,CORRECT,1.0,1.0,1.0,0.0
trash_rl/CORRECT/parsed-file9_inv3.als,trash_rl,CORRECT,0.0,1.0,1.0,0.0
trash_rl/OVERCONSTRAINED/parsed-file1011_inv7.als,trash_rl,OVERCONSTRAINED,11.0,0.018,1.0,0.982
trash_rl/OVERCONSTRAINED/parsed-file1043_inv9.als,trash_rl,OVERCONSTRAINED,4.0,0.0,1.0,1.0
trash_rl/OVERCONSTRAINED/parsed-file104_inv3.als,trash_rl,OVERCONSTRAINED,10.0,0.522,1.0,0.478
trash_rl/OVERCONSTRAINED/parsed-file1058_inv4.als,trash_rl,OVERCONSTRAINED,1.0,0.598,1.0,0.402
trash_rl/OVERCONSTRAINED/parsed-file1068_inv3.als,trash_rl,OVERCONSTRAINED,10.0,0.522,1.0,0.478
trash_rl/OVERCONSTRAINED/parsed-file106_inv9.als,trash_rl,OVERCONSTRAINED,16.0,0.176,1.0,0.824
trash_rl/OVERCONSTRAINED/parsed-file1076_inv6.als,trash_rl,OVERCONSTRAINED,4.0,0.395,1.0,0.605
trash_rl/OVERCONSTRAINED/parsed-file1084_inv7.als,trash_rl,OVERCONSTRAINED,21.0,0.006,1.0,0.994
trash_rl/OVERCONSTRAINED/parsed-file1086_inv5.als,trash_rl,OVERCONSTRAINED,14.0,0.061,1.0,0.939
trash_rl/OVERCONSTRAINED/parsed-file1093_inv6.als,trash_rl,OVERCONSTRAINED,6.0,0.204,1.0,0.796
trash_rl/OVERCONSTRAINED/parsed-file1106_inv10.als,trash_rl,OVERCONSTRAINED,5.0,0.319,1.0,0.681
trash_rl/OVERCONSTRAINED/parsed-file1123_inv6.als,trash_rl,OVERCONSTRAINED,12.0,0.425,1.0,0.575
trash_rl/OVERCONSTRAINED/parsed-file1141_inv10.als,trash_rl,OVERCONSTRAINED,5.0,0.418,1.0,0.582
trash_rl/OVERCONSTRAINED/parsed-file1173_inv5.als,trash_rl,OVERCONSTRAINED,22.0,0.333,1.0,0.667
trash_rl/OVERCONSTRAINED/parsed-file1174_inv4.als,trash_rl,OVERCONSTRAINED,9.0,0.33,1.0,0.67
trash_rl/OVERCONSTRAINED/parsed-file1189_inv6.als,trash_rl,OVERCONSTRAINED,10.0,0.204,1.0,0.796
trash_rl/OVERCONSTRAINED/parsed-file1203_inv4.als,trash_rl,OVERCONSTRAINED,10.0,0.327,1.0,0.673
trash_rl/OVERCONSTRAINED/parsed-file1266_inv5.als,trash_rl,OVERCONSTRAINED,3.0,0.333,1.0,0.667
trash_rl/OVERCONSTRAINED/parsed-file1276_inv9.als,trash_rl,OVERCONSTRAINED,2.0,0.176,1.0,0.824
trash_rl/OVERCONSTRAINED/parsed-file1295_inv10.als,trash_rl,OVERCONSTRAINED,20.0,0.466,1.0,0.534
trash_rl/OVERCONSTRAINED/parsed-file132_inv7.als,trash_rl,OVERCONSTRAINED,11.0,0.018,1.0,0.982
trash_rl/OVERCONSTRAINED/parsed-file133_inv6.als,trash_rl,OVERCONSTRAINED,4.0,0.354,1.0,0.646
trash_rl/OVERCONSTRAINED/parsed-file1342_inv5.als,trash_rl,OVERCONSTRAINED,3.0,0.333,1.0,0.667
trash_rl/OVERCONSTRAINED/parsed-file1361_inv4.als,trash_rl,OVERCONSTRAINED,9.0,0.598,1.0,0.402
trash_rl/OVERCONSTRAINED/parsed-file1375_inv10.als,trash_rl,OVERCONSTRAINED,12.0,0.418,1.0,0.582
trash_rl/OVERCONSTRAINED/parsed-file1377_inv5.als,trash_rl,OVERCONSTRAINED,4.0,0.061,1.0,0.939
trash_rl/OVERCONSTRAINED/parsed-file1389_inv3.als,trash_rl,OVERCONSTRAINED,6.0,0.142,1.0,0.858
trash_rl/OVERCONSTRAINED/parsed-file1438_inv6.als,trash_rl,OVERCONSTRAINED,13.0,0.63,1.0,0.37
trash_rl/OVERCONSTRAINED/parsed-file1474_inv6.als,trash_rl,OVERCONSTRAINED,4.0,0.395,1.0,0.605
trash_rl/OVERCONSTRAINED/parsed-file1477_inv4.als,trash_rl,OVERCONSTRAINED,5.0,0.059,1.0,0.941
trash_rl/OVERCONSTRAINED/parsed-file1478_inv4.als,trash_rl,OVERCONSTRAINED,6.0,0.059,1.0,0.941
trash_rl/OVERCONSTRAINED/parsed-file1498_inv4.als,trash_rl,OVERCONSTRAINED,12.0,0.003,1.0,0.997
trash_rl/OVERCONSTRAINED/parsed-file1521_inv7.als,trash_rl,OVERCONSTRAINED,2.0,0.018,1.0,0.982
trash_rl/OVERCONSTRAINED/parsed-file1529_inv6.als,trash_rl,OVERCONSTRAINED,4.0,0.395,1.0,0.605
trash_rl/OVERCONSTRAINED/parsed-file1541_inv3.als,trash_rl,OVERCONSTRAINED,10.0,0.522,1.0,0.478
trash_rl/OVERCONSTRAINED/parsed-file1558_inv6.als,trash_rl,OVERCONSTRAINED,12.0,0.425,1.0,0.575
trash_rl/OVERCONSTRAINED/parsed-file1583_inv10.als,trash_rl,OVERCONSTRAINED,3.0,0.319,1.0,0.681
trash_rl/OVERCONSTRAINED/parsed-file1631_inv6.als,trash_rl,OVERCONSTRAINED,11.0,0.204,1.0,0.796
trash_rl/OVERCONSTRAINED/parsed-file1632_inv9.als,trash_rl,OVERCONSTRAINED,20.0,0.176,1.0,0.824
trash_rl/OVERCONSTRAINED/parsed-file1663_inv4.als,trash_rl,OVERCONSTRAINED,3.0,0.33,1.0,0.67
trash_rl/OVERCONSTRAINED/parsed-file1694_inv2.als,trash_rl,OVERCONSTRAINED,10.0,0.176,1.0,0.824
trash_rl/OVERCONSTRAINED/parsed-file1708_inv6.als,trash_rl,OVERCONSTRAINED,10.0,0.204,1.0,0.796
trash_rl/OVERCONSTRAINED/parsed-file1717_inv6.als,trash_rl,OVERCONSTRAINED,4.0,0.395,1.0,0.605
trash_rl/OVERCONSTRAINED/parsed-file1733_inv4.als,trash_rl,OVERCONSTRAINED,3.0,0.598,1.0,0.402
trash_rl/OVERCONSTRAINED/parsed-file1745_inv2.als,trash_rl,OVERCONSTRAINED,8.0,0.176,1.0,0.824
trash_rl/OVERCONSTRAINED/parsed-file1756_inv6.als,trash_rl,OVERCONSTRAINED,12.0,0.425,1.0,0.575
trash_rl/OVERCONSTRAINED/parsed-file1778_inv9.als,trash_rl,OVERCONSTRAINED,13.0,0.176,1.0,0.824
trash_rl/OVERCONSTRAINED/parsed-file1780_inv7.als,trash_rl,OVERCONSTRAINED,9.0,0.736,1.0,0.264
trash_rl/OVERCONSTRAINED/parsed-file1796_inv10.als,trash_rl,OVERCONSTRAINED,5.0,0.319,1.0,0.681
trash_rl/OVERCONSTRAINED/parsed-file1803_inv10.als,trash_rl,OVERCONSTRAINED,23.0,0.418,1.0,0.582
trash_rl/OVERCONSTRAINED/parsed-file1806_inv4.als,trash_rl,OVERCONSTRAINED,1.0,0.598,1.0,0.402
trash_rl/OVERCONSTRAINED/parsed-file1814_inv5.als,trash_rl,OVERCONSTRAINED,14.0,0.061,1.0,0.939
trash_rl/OVERCONSTRAINED/parsed-file182_inv5.als,trash_rl,OVERCONSTRAINED,6.0,0.596,1.0,0.404
trash_rl/OVERCONSTRAINED/parsed-file1848_inv7.als,trash_rl,OVERCONSTRAINED,2.0,0.018,1.0,0.982
trash_rl/OVERCONSTRAINED/parsed-file1849_inv3.als,trash_rl,OVERCONSTRAINED,8.0,0.03,1.0,0.97
trash_rl/OVERCONSTRAINED/parsed-file1857_inv3.als,trash_rl,OVERCONSTRAINED,1.0,0.522,1.0,0.478
trash_rl/OVERCONSTRAINED/parsed-file1901_inv5.als,trash_rl,OVERCONSTRAINED,3.0,0.333,1.0,0.667
trash_rl/OVERCONSTRAINED/parsed-file1914_inv5.als,trash_rl,OVERCONSTRAINED,3.0,0.333,1.0,0.667
trash_rl/OVERCONSTRAINED/parsed-file192_inv9.als,trash_rl,OVERCONSTRAINED,20.0,0.176,1.0,0.824
trash_rl/OVERCONSTRAINED/parsed-file1939_inv4.als,trash_rl,OVERCONSTRAINED,12.0,0.003,1.0,0.997
trash_rl/OVERCONSTRAINED/parsed-file1940_inv5.als,trash_rl,OVERCONSTRAINED,9.0,0.333,1.0,0.667
trash_rl/OVERCONSTRAINED/parsed-file1969_inv4.als,trash_rl,OVERCONSTRAINED,9.0,0.598,1.0,0.402
trash_rl/OVERCONSTRAINED/parsed-file1993_inv9.als,trash_rl,OVERCONSTRAINED,30.0,0.005,1.0,0.995
trash_rl/OVERCONSTRAINED/parsed-file2007_inv5.als,trash_rl,OVERCONSTRAINED,3.0,0.326,1.0,0.674
trash_rl/OVERCONSTRAINED/parsed-file2024_inv2.als,trash_rl,OVERCONSTRAINED,2.0,0.001,1.0,0.999
trash_rl/OVERCONSTRAINED/parsed-file2032_inv6.als,trash_rl,OVERCONSTRAINED,4.0,0.395,1.0,0.605
trash_rl/OVERCONSTRAINED/parsed-file2063_inv6.als,trash_rl,OVERCONSTRAINED,4.0,0.395,1.0,0.605
trash_rl/OVERCONSTRAINED/parsed-file2093_inv4.als,trash_rl,OVERCONSTRAINED,3.0,0.059,1.0,0.941
trash_rl/OVERCONSTRAINED/parsed-file2104_inv7.als,trash_rl,OVERCONSTRAINED,17.0,0.2,1.0,0.8
trash_rl/OVERCONSTRAINED/parsed-file2133_inv5.als,trash_rl,OVERCONSTRAINED,5.0,0.061,1.0,0.939
trash_rl/OVERCONSTRAINED/parsed-file2139_inv4.als,trash_rl,OVERCONSTRAINED,1.0,0.063,1.0,0.937
trash_rl/OVERCONSTRAINED/parsed-file2147_inv7.als,trash_rl,OVERCONSTRAINED,24.0,0.801,1.0,0.199
trash_rl/OVERCONSTRAINED/parsed-file2172_inv10.als,trash_rl,OVERCONSTRAINED,13.0,0.319,1.0,0.681
trash_rl/OVERCONSTRAINED/parsed-file217_inv4.als,trash_rl,OVERCONSTRAINED,5.0,0.059,1.0,0.941
trash_rl/OVERCONSTRAINED/parsed-file2186_inv1.als,trash_rl,OVERCONSTRAINED,1.0,0.001,1.0,0.999
trash_rl/OVERCONSTRAINED/parsed-file2188_inv6.als,trash_rl,OVERCONSTRAINED,6.0,0.204,1.0,0.796
trash_rl/OVERCONSTRAINED/parsed-file2193_inv7.als,trash_rl,OVERCONSTRAINED,14.0,0.726,1.0,0.274
trash_rl/OVERCONSTRAINED/parsed-file222_inv5.als,trash_rl,OVERCONSTRAINED,22.0,0.333,1.0,0.667
trash_rl/OVERCONSTRAINED/parsed-file2254_inv5.als,trash_rl,OVERCONSTRAINED,7.0,0.061,1.0,0.939
trash_rl/OVERCONSTRAINED/parsed-file2255_inv6.als,trash_rl,OVERCONSTRAINED,4.0,0.395,1.0,0.605
trash_rl/OVERCONSTRAINED/parsed-file2287_inv2.als,trash_rl,OVERCONSTRAINED,2.0,0.001,1.0,0.999
trash_rl/OVERCONSTRAINED/parsed-file2325_inv6.als,trash_rl,OVERCONSTRAINED,12.0,0.425,1.0,0.575
trash_rl/OVERCONSTRAINED/parsed-file2344_inv5.als,trash_rl,OVERCONSTRAINED,5.0,0.329,1.0,0.671
trash_rl/OVERCONSTRAINED/parsed-file2345_inv4.als,trash_rl,OVERCONSTRAINED,12.0,0.003,1.0,0.997
trash_rl/OVERCONSTRAINED/parsed-file2360_inv7.als,trash_rl,OVERCONSTRAINED,1.0,0.018,1.0,0.982
trash_rl/OVERCONSTRAINED/parsed-file2362_inv10.als,trash_rl,OVERCONSTRAINED,17.0,0.335,1.0,0.665
trash_rl/OVERCONSTRAINED/parsed-file2364_inv5.als,trash_rl,OVERCONSTRAINED,9.0,0.333,1.0,0.667
trash_rl/OVERCONSTRAINED/parsed-file2368_inv7.als,trash_rl,OVERCONSTRAINED,13.0,0.089,1.0,0.911
trash_rl/OVERCONSTRAINED/parsed-file2380_inv5.als,trash_rl,OVERCONSTRAINED,12.0,0.003,1.0,0.997
trash_rl/OVERCONSTRAINED/parsed-file238_inv9.als,trash_rl,OVERCONSTRAINED,20.0,0.176,1.0,0.824
trash_rl/OVERCONSTRAINED/parsed-file2422_inv10.als,trash_rl,OVERCONSTRAINED,9.0,0.319,1.0,0.681
trash_rl/OVERCONSTRAINED/parsed-file2431_inv7.als,trash_rl,OVERCONSTRAINED,3.0,0.018,1.0,0.982
trash_rl/OVERCONSTRAINED/parsed-file2434_inv7.als,trash_rl,OVERCONSTRAINED,11.0,0.018,1.0,0.982
trash_rl/OVERCONSTRAINED/parsed-file2442_inv9.als,trash_rl,OVERCONSTRAINED,21.0,0.176,1.0,0.824
trash_rl/OVERCONSTRAINED/parsed-file2447_inv5.als,trash_rl,OVERCONSTRAINED,6.0,0.596,1.0,0.404
trash_rl/OVERCONSTRAINED/parsed-file2456_inv7.als,trash_rl,OVERCONSTRAINED,14.0,0.006,1.0,0.994
trash_rl/OVERCONSTRAINED/parsed-file2481_inv5.als,trash_rl,OVERCONSTRAINED,4.0,0.061,1.0,0.939
trash_rl/OVERCONSTRAINED/parsed-file2513_inv5.als,trash_rl,OVERCONSTRAINED,2.0,0.329,1.0,0.671
trash_rl/OVERCONSTRAINED/parsed-file2573_inv7.als,trash_rl,OVERCONSTRAINED,15.0,0.008,1.0,0.992
trash_rl/OVERCONSTRAINED/parsed-file2608_inv5.als,trash_rl,OVERCONSTRAINED,3.0,0.333,1.0,0.667
trash_rl/OVERCONSTRAINED/parsed-file2622_inv5.als,trash_rl,OVERCONSTRAINED,5.0,0.061,1.0,0.939
trash_rl/OVERCONSTRAINED/parsed-file2633_inv6.als,trash_rl,OVERCONSTRAINED,4.0,0.041,1.0,0.959
trash_rl/OVERCONSTRAINED/parsed-file2649_inv10.als,trash_rl,OVERCONSTRAINED,1.0,0.418,1.0,0.582
trash_rl/OVERCONSTRAINED/parsed-file2671_inv5.als,trash_rl,OVERCONSTRAINED,8.0,0.061,1.0,0.939
trash_rl/OVERCONSTRAINED/parsed-file2672_inv9.als,trash_rl,OVERCONSTRAINED,21.0,0.176,1.0,0.824
trash_rl/OVERCONSTRAINED/parsed-file2676_inv7.als,trash_rl,OVERCONSTRAINED,11.0,0.018,1.0,0.982
trash_rl/OVERCONSTRAINED/parsed-file269_inv9.als,trash_rl,OVERCONSTRAINED,19.0,0.176,1.0,0.824
trash_rl/OVERCONSTRAINED/parsed-file2708_inv6.als,trash_rl,OVERCONSTRAINED,4.0,0.354,1.0,0.646
trash_rl/OVERCONSTRAINED/parsed-file2745_inv10.als,trash_rl,OVERCONSTRAINED,4.0,0.344,1.0,0.656
trash_rl/OVERCONSTRAINED/parsed-file2748_inv4.als,trash_rl,OVERCONSTRAINED,5.0,0.063,1.0,0.937
trash_rl/OVERCONSTRAINED/parsed-file2774_inv10.als,trash_rl,OVERCONSTRAINED,12.0,0.418,1.0,0.582
trash_rl/OVERCONSTRAINED/parsed-file2792_inv9.als,trash_rl,OVERCONSTRAINED,34.0,0.005,1.0,0.995
trash_rl/OVERCONSTRAINED/parsed-file2857_inv7.als,trash_rl,OVERCONSTRAINED,3.0,0.736,1.0,0.264
trash_rl/OVERCONSTRAINED/parsed-file29_inv6.als,trash_rl,OVERCONSTRAINED,13.0,0.63,1.0,0.37
trash_rl/OVERCONSTRAINED/parsed-file2_inv9.als,trash_rl,OVERCONSTRAINED,1.0,0.176,1.0,0.824
trash_rl/OVERCONSTRAINED/parsed-file302_inv5.als,trash_rl,OVERCONSTRAINED,3.0,0.333,1.0,0.667
trash_rl/OVERCONSTRAINED/parsed-file316_inv3.als,trash_rl,OVERCONSTRAINED,8.0,0.472,1.0,0.528
trash_rl/OVERCONSTRAINED/parsed-file327_inv9.als,trash_rl,OVERCONSTRAINED,10.0,0.176,1.0,0.824
trash_rl/OVERCONSTRAINED/parsed-file359_inv9.als,trash_rl,OVERCONSTRAINED,8.0,0.005,1.0,0.995
trash_rl/OVERCONSTRAINED/parsed-file377_inv7.als,trash_rl,OVERCONSTRAINED,1.0,0.736,1.0,0.264
trash_rl/OVERCONSTRAINED/parsed-file389_inv6.als,trash_rl,OVERCONSTRAINED,4.0,0.395,1.0,0.605
trash_rl/OVERCONSTRAINED/parsed-file38_inv4.als,trash_rl,OVERCONSTRAINED,5.0,0.059,1.0,0.941
trash_rl/OVERCONSTRAINED/parsed-file393_inv9.als,trash_rl,OVERCONSTRAINED,20.0,0.176,1.0,0.824
trash_rl/OVERCONSTRAINED/parsed-file3_inv3.als,trash_rl,OVERCONSTRAINED,10.0,0.522,1.0,0.478
trash_rl/OVERCONSTRAINED/parsed-file424_inv2.als,trash_rl,OVERCONSTRAINED,14.0,0.176,1.0,0.824
trash_rl/OVERCONSTRAINED/parsed-file426_inv10.als,trash_rl,OVERCONSTRAINED,4.0,0.344,1.0,0.656
trash_rl/OVERCONSTRAINED/parsed-file448_inv5.als,trash_rl,OVERCONSTRAINED,5.0,0.061,1.0,0.939
trash_rl/OVERCONSTRAINED/parsed-file462_inv5.als,trash_rl,OVERCONSTRAINED,8.0,0.061,1.0,0.939
trash_rl/OVERCONSTRAINED/parsed-file499_inv5.als,trash_rl,OVERCONSTRAINED,5.0,0.333,1.0,0.667
trash_rl/OVERCONSTRAINED/parsed-file518_inv6.als,trash_rl,OVERCONSTRAINED,4.0,0.395,1.0,0.605
trash_rl/OVERCONSTRAINED/parsed-file60_inv2.als,trash_rl,OVERCONSTRAINED,14.0,0.176,1.0,0.824
trash_rl/OVERCONSTRAINED/parsed-file610_inv9.als,trash_rl,OVERCONSTRAINED,8.0,0.176,1.0,0.824
trash_rl/OVERCONSTRAINED/parsed-file620_inv9.als,trash_rl,OVERCONSTRAINED,20.0,0.005,1.0,0.995
trash_rl/OVERCONSTRAINED/parsed-file635_inv7.als,trash_rl,OVERCONSTRAINED,11.0,0.018,1.0,0.982
trash_rl/OVERCONSTRAINED/parsed-file648_inv6.als,trash_rl,OVERCONSTRAINED,4.0,0.395,1.0,0.605
trash_rl/OVERCONSTRAINED/parsed-file666_inv2.als,trash_rl,OVERCONSTRAINED,2.0,0.001,1.0,0.999
trash_rl/OVERCONSTRAINED/parsed-file68_inv9.als,trash_rl,OVERCONSTRAINED,12.0,0.176,1.0,0.824
trash_rl/OVERCONSTRAINED/parsed-file691_inv7.als,trash_rl,OVERCONSTRAINED,15.0,0.801,1.0,0.199
trash_rl/OVERCONSTRAINED/parsed-file6_inv4.als,trash_rl,OVERCONSTRAINED,12.0,0.003,1.0,0.997
trash_rl/OVERCONSTRAINED/parsed-file713_inv5.als,trash_rl,OVERCONSTRAINED,3.0,0.333,1.0,0.667
trash_rl/OVERCONSTRAINED/parsed-file754_inv9.als,trash_rl,OVERCONSTRAINED,19.0,0.176,1.0,0.824
trash_rl/OVERCONSTRAINED/parsed-file771_inv6.als,trash_rl,OVERCONSTRAINED,11.0,0.01,1.0,0.99
trash_rl/OVERCONSTRAINED/parsed-file789_inv9.als,trash_rl,OVERCONSTRAINED,21.0,0.176,1.0,0.824
trash_rl/OVERCONSTRAINED/parsed-file797_inv6.als,trash_rl,OVERCONSTRAINED,4.0,0.354,1.0,0.646
trash_rl/OVERCONSTRAINED/parsed-file826_inv7.als,trash_rl,OVERCONSTRAINED,1.0,0.736,1.0,0.264
trash_rl/OVERCONSTRAINED/parsed-file869_inv5.als,trash_rl,OVERCONSTRAINED,5.0,0.061,1.0,0.939
trash_rl/OVERCONSTRAINED/parsed-file893_inv2.als,trash_rl,OVERCONSTRAINED,2.0,0.001,1.0,0.999
trash_rl/OVERCONSTRAINED/parsed-file896_inv5.als,trash_rl,OVERCONSTRAINED,8.0,0.061,1.0,0.939
trash_rl/OVERCONSTRAINED/parsed-file936_inv9.als,trash_rl,OVERCONSTRAINED,1.0,0.176,1.0,0.824
trash_rl/OVERCONSTRAINED/parsed-file959_inv9.als,trash_rl,OVERCONSTRAINED,20.0,0.176,1.0,0.824
trash_rl/UNDERCONSTRAINED/parsed-file1050_inv1.als,trash_rl,UNDERCONSTRAINED,2.0,0.0,1.0,1.0
trash_rl/UNDERCONSTRAINED/parsed-file1128_inv5.als,trash_rl,UNDERCONSTRAINED,5.0,0.0,1.0,1.0
trash_rl/UNDERCONSTRAINED/parsed-file1147_inv6.als,trash_rl,UNDERCONSTRAINED,33.0,0.0,1.0,1.0
trash_rl/UNDERCONSTRAINED/parsed-file122_inv9.als,trash_rl,UNDERCONSTRAINED,15.0,1.0,1.0,0.0
trash_rl/UNDERCONSTRAINED/parsed-file1263_inv6.als,trash_rl,UNDERCONSTRAINED,12.0,0.0,1.0,1.0
trash_rl/UNDERCONSTRAINED/parsed-file1277_inv6.als,trash_rl,UNDERCONSTRAINED,39.0,0.0,1.0,1.0
trash_rl/UNDERCONSTRAINED/parsed-file1277_inv7.als,trash_rl,UNDERCONSTRAINED,22.0,0.723,1.0,0.277
trash_rl/UNDERCONSTRAINED/parsed-file1308_inv9.als,trash_rl,UNDERCONSTRAINED,12.0,0.99,1.0,0.01
trash_rl/UNDERCONSTRAINED/parsed-file1381_inv6.als,trash_rl,UNDERCONSTRAINED,39.0,0.0,1.0,1.0
trash_rl/UNDERCONSTRAINED/parsed-file1416_inv8.als,trash_rl,UNDERCONSTRAINED,3.0,0.8,1.0,0.2
trash_rl/UNDERCONSTRAINED/parsed-file1451_inv10.als,trash_rl,UNDERCONSTRAINED,9.0,0.0,1.0,1.0
trash_rl/UNDERCONSTRAINED/parsed-file1468_inv10.als,trash_rl,UNDERCONSTRAINED,17.0,0.0,1.0,1.0
trash_rl/UNDERCONSTRAINED/parsed-file1470_inv9.als,trash_rl,UNDERCONSTRAINED,12.0,0.99,1.0,0.01
trash_rl/UNDERCONSTRAINED/parsed-file1505_inv7.als,trash_rl,UNDERCONSTRAINED,7.0,0.147,1.0,0.853
trash_rl/UNDERCONSTRAINED/parsed-file1515_inv2.als,trash_rl,UNDERCONSTRAINED,12.0,0.639,1.0,0.361
trash_rl/UNDERCONSTRAINED/parsed-file1569_inv9.als,trash_rl,UNDERCONSTRAINED,2.0,0.922,1.0,0.078
trash_rl/UNDERCONSTRAINED/parsed-file1608_inv6.als,trash_rl,UNDERCONSTRAINED,36.0,0.0,1.0,1.0
trash_rl/UNDERCONSTRAINED/parsed-file1710_inv6.als,trash_rl,UNDERCONSTRAINED,6.0,0.0,1.0,1.0
trash_rl/UNDERCONSTRAINED/parsed-file1718_inv4.als,trash_rl,UNDERCONSTRAINED,5.0,0.0,1.0,1.0
trash_rl/UNDERCONSTRAINED/parsed-file1751_inv9.als,trash_rl,UNDERCONSTRAINED,20.0,1.0,1.0,0.0
trash_rl/UNDERCONSTRAINED/parsed-file1907_inv1.als,trash_rl,UNDERCONSTRAINED,2.0,0.0,1.0,1.0
trash_rl/UNDERCONSTRAINED/parsed-file1927_inv6.als,trash_rl,UNDERCONSTRAINED,39.0,0.0,1.0,1.0
trash_rl/UNDERCONSTRAINED/parsed-file1961_inv3.als,trash_rl,UNDERCONSTRAINED,9.0,0.999,1.0,0.001
trash_rl/UNDERCONSTRAINED/parsed-file2035_inv7.als,trash_rl,UNDERCONSTRAINED,25.0,0.0,1.0,1.0
trash_rl/UNDERCONSTRAINED/parsed-file2060_inv10.als,trash_rl,UNDERCONSTRAINED,5.0,0.0,1.0,1.0
trash_rl/UNDERCONSTRAINED/parsed-file2075_inv10.als,trash_rl,UNDERCONSTRAINED,18.0,0.45,1.0,0.55
trash_rl/UNDERCONSTRAINED/parsed-file2101_inv2.als,trash_rl,UNDERCONSTRAINED,12.0,0.639,1.0,0.361
trash_rl/UNDERCONSTRAINED/parsed-file2137_inv10.als,trash_rl,UNDERCONSTRAINED,11.0,0.879,1.0,0.121
trash_rl/UNDERCONSTRAINED/parsed-file213_inv6.als,trash_rl,UNDERCONSTRAINED,7.0,0.0,1.0,1.0
trash_rl/UNDERCONSTRAINED/parsed-file218_inv9.als,trash_rl,UNDERCONSTRAINED,13.0,0.99,1.0,0.01
trash_rl/UNDERCONSTRAINED/parsed-file2237_inv7.als,trash_rl,UNDERCONSTRAINED,15.0,0.64,1.0,0.36
trash_rl/UNDERCONSTRAINED/parsed-file2330_inv6.als,trash_rl,UNDERCONSTRAINED,13.0,0.951,1.0,0.049
trash_rl/UNDERCONSTRAINED/parsed-file2408_inv9.als,trash_rl,UNDERCONSTRAINED,2.0,0.748,1.0,0.252
trash_rl/UNDERCONSTRAINED/parsed-file2410_inv6.als,trash_rl,UNDERCONSTRAINED,7.0,0.0,1.0,1.0
trash_rl/UNDERCONSTRAINED/parsed-file2438_inv10.als,trash_rl,UNDERCONSTRAINED,22.0,0.0,1.0,1.0
trash_rl/UNDERCONSTRAINED/parsed-file2451_inv7.als,trash_rl,UNDERCONSTRAINED,23.0,0.175,1.0,0.825
trash_rl/UNDERCONSTRAINED/parsed-file2468_inv9.als,trash_rl,UNDERCONSTRAINED,23.0,0.986,1.0,0.014
trash_rl/UNDERCONSTRAINED/parsed-file2477_inv6.als,trash_rl,UNDERCONSTRAINED,36.0,0.0,1.0,1.0
trash_rl/UNDERCONSTRAINED/parsed-file2514_inv7.als,trash_rl,UNDERCONSTRAINED,22.0,0.723,1.0,0.277
trash_rl/UNDERCONSTRAINED/parsed-file2538_inv6.als,trash_rl,UNDERCONSTRAINED,16.0,0.0,1.0,1.0
trash_rl/UNDERCONSTRAINED/parsed-file2609_inv9.als,trash_rl,UNDERCONSTRAINED,13.0,0.811,1.0,0.189
trash_rl/UNDERCONSTRAINED/parsed-file2643_inv10.als,trash_rl,UNDERCONSTRAINED,17.0,0.0,1.0,1.0
trash_rl/UNDERCONSTRAINED/parsed-file2678_inv10.als,trash_rl,UNDERCONSTRAINED,28.0,0.0,1.0,1.0
trash_rl/UNDERCONSTRAINED/parsed-file2775_inv6.als,trash_rl,UNDERCONSTRAINED,7.0,0.0,1.0,1.0
trash_rl/UNDERCONSTRAINED/parsed-file2787_inv10.als,trash_rl,UNDERCONSTRAINED,11.0,0.084,1.0,0.916
trash_rl/UNDERCONSTRAINED/parsed-file2838_inv9.als,trash_rl,UNDERCONSTRAINED,20.0,1.0,1.0,0.0
trash_rl/UNDERCONSTRAINED/parsed-file28_inv4.als,trash_rl,UNDERCONSTRAINED,4.0,0.0,1.0,1.0
trash_rl/UNDERCONSTRAINED/parsed-file444_inv3.als,trash_rl,UNDERCONSTRAINED,1.0,0.001,1.0,0.999
trash_rl/UNDERCONSTRAINED/parsed-file45_inv10.als,trash_rl,UNDERCONSTRAINED,18.0,0.45,1.0,0.55
trash_rl/UNDERCONSTRAINED/parsed-file46_inv10.als,trash_rl,UNDERCONSTRAINED,11.0,0.084,1.0,0.916
trash_rl/UNDERCONSTRAINED/parsed-file547_inv5.als,trash_rl,UNDERCONSTRAINED,8.0,0.0,1.0,1.0
trash_rl/UNDERCONSTRAINED/parsed-file588_inv10.als,trash_rl,UNDERCONSTRAINED,17.0,0.879,1.0,0.121
trash_rl/UNDERCONSTRAINED/parsed-file593_inv10.als,trash_rl,UNDERCONSTRAINED,9.0,0.0,1.0,1.0
trash_rl/UNDERCONSTRAINED/parsed-file59_inv9.als,trash_rl,UNDERCONSTRAINED,23.0,0.99,1.0,0.01
trash_rl/UNDERCONSTRAINED/parsed-file606_inv7.als,trash_rl,UNDERCONSTRAINED,21.0,0.747,1.0,0.253
trash_rl/UNDERCONSTRAINED/parsed-file647_inv10.als,trash_rl,UNDERCONSTRAINED,1.0,0.879,1.0,0.121
trash_rl/UNDERCONSTRAINED/parsed-file687_inv6.als,trash_rl,UNDERCONSTRAINED,33.0,0.0,1.0,1.0
trash_rl/UNDERCONSTRAINED/parsed-file709_inv9.als,trash_rl,UNDERCONSTRAINED,26.0,0.756,1.0,0.244
trash_rl/UNDERCONSTRAINED/parsed-file772_inv7.als,trash_rl,UNDERCONSTRAINED,12.0,0.702,1.0,0.298
trash_rl/UNDERCONSTRAINED/parsed-file776_inv10.als,trash_rl,UNDERCONSTRAINED,19.0,0.879,1.0,0.121
trash_rl/UNDERCONSTRAINED/parsed-file951_inv6.als,trash_rl,UNDERCONSTRAINED,39.0,0.0,1.0,1.0
trash_rl/UNDERCONSTRAINED/parsed-file95_inv7.als,trash_rl,UNDERCONSTRAINED,23.0,0.198,1.0,0.802
trash_rl/UNDERCONSTRAINED/parsed-file995_inv9.als,trash_rl,UNDERCONSTRAINED,1.0,1.0,1.0,0.0
